{
  "family": "baselines",
  "experiment": "within_cv",
  "scenario": "B_within",
  "dataset": "B",
  "fold": 2,
  "n_splits": 5,
  "model_name": "efficientnet_b4",
  "seed": 43,
  "device": "cuda",
  "pretrained": true,
  "num_classes": 6,
  "label_order": [
    "bacterial_spot",
    "cercospora_leaf_spot",
    "curl_virus",
    "healthy",
    "nutrient_deficiency",
    "powdery_mildew"
  ],
  "n_train": 5714,
  "n_val": 635,
  "n_test": 1587,
  "parameters": 17559374,
  "trainable_parameters": 17559374,
  "best_epoch": 4,
  "best_val_monitor": 0.9814546145678221,
  "elapsed_seconds": 549.9329856580007,
  "peak_gpu_memory_mb": 3824.65185546875,
  "test_accuracy": 0.9861373660995589,
  "test_balanced_accuracy": 0.9875113046934278,
  "test_macro_precision": 0.9875370528962547,
  "test_macro_recall": 0.9875113046934278,
  "test_macro_f1": 0.9875015229169796,
  "test_macro_specificity": 0.9971565535565738,
  "test_mcc": 0.9832008154531211,
  "test_auc_ovr_macro": NaN,
  "test_loss": 0.49637269020080566
}