class_index,class_name,support,precision,recall_sensitivity,specificity,f1,auc_ovr,tp,fp,fn,tn
0,cercospora_leaf_spot,899,0.5616835994194485,0.43047830923248054,0.6015831134564644,0.48740554156171284,0.5394083428963874,387,302,512,456
1,healthy,329,0.1726457399103139,0.23404255319148937,0.7221385542168675,0.19870967741935483,0.42802440766103933,77,369,252,959
2,nutrient_deficiency,267,0.22258064516129034,0.25842696629213485,0.8266187050359712,0.2391681109185442,0.5993048258022795,69,241,198,1149
3,powdery_mildew,162,0.6132075471698113,0.8024691358024691,0.9451505016722408,0.6951871657754011,0.9527024237169166,130,82,32,1413
