{
  "family": "baselines",
  "experiment": "within_cv",
  "scenario": "B_within",
  "dataset": "B",
  "fold": 2,
  "n_splits": 5,
  "model_name": "shufflenet_v2_x1_0",
  "seed": 43,
  "device": "cuda",
  "pretrained": true,
  "num_classes": 6,
  "label_order": [
    "bacterial_spot",
    "cercospora_leaf_spot",
    "curl_virus",
    "healthy",
    "nutrient_deficiency",
    "powdery_mildew"
  ],
  "n_train": 5714,
  "n_val": 635,
  "n_test": 1587,
  "parameters": 1259754,
  "trainable_parameters": 1259754,
  "best_epoch": 12,
  "best_val_monitor": 0.9815994825023663,
  "elapsed_seconds": 815.7857279009986,
  "peak_gpu_memory_mb": 394.41162109375,
  "test_accuracy": 0.9810964083175804,
  "test_balanced_accuracy": 0.9820204820057342,
  "test_macro_precision": 0.9831012485019879,
  "test_macro_recall": 0.9820204820057342,
  "test_macro_f1": 0.9824795783969935,
  "test_macro_specificity": 0.9961176283149188,
  "test_mcc": 0.9771069641238723,
  "test_auc_ovr_macro": NaN,
  "test_loss": 0.5060886526107788
}