class_index,class_name,support,precision,recall_sensitivity,specificity,f1,auc_ovr,tp,fp,fn,tn
0,bacterial_spot,278,0.9888475836431226,0.9568345323741008,0.9977081741787625,0.9725776965265083,0.998472116119175,266,3,12,1306
1,cercospora_leaf_spot,360,0.9807162534435262,0.9888888888888889,0.9942950285248574,0.9847856154910097,0.9984062301910713,356,7,4,1220
2,curl_virus,283,0.9578947368421052,0.9646643109540636,0.99079754601227,0.9612676056338029,0.9962740358559691,273,12,10,1292
3,healthy,282,0.9757785467128027,1.0,0.9946360153256705,0.9877408056042032,0.9998940246188962,282,7,0,1298
4,nutrient_deficiency,219,0.9953703703703703,0.9817351598173516,0.9992690058479532,0.9885057471264368,0.9999399182888729,215,1,4,1367
5,powdery_mildew,165,1.0,1.0,1.0,1.0,1.0,165,0,0,1422
