{
  "family": "proposed",
  "experiment": "within_cv",
  "scenario": "C_within",
  "dataset": "C",
  "fold": 5,
  "n_splits": 5,
  "model_name": "chilli_lite_gfnet",
  "seed": 46,
  "device": "cuda",
  "pretrained": true,
  "num_classes": 4,
  "label_order": [
    "cercospora_leaf_spot",
    "healthy",
    "nutrient_deficiency",
    "powdery_mildew"
  ],
  "n_train": 1193,
  "n_val": 133,
  "n_test": 331,
  "parameters": 1154598,
  "trainable_parameters": 1154598,
  "best_epoch": 11,
  "best_val_monitor": 0.7769869675278273,
  "elapsed_seconds": 31.425993748009205,
  "peak_gpu_memory_mb": 427.458984375,
  "test_accuracy": 0.7522658610271903,
  "test_balanced_accuracy": 0.789780310029771,
  "test_macro_precision": 0.7129717576555212,
  "test_macro_recall": 0.789780310029771,
  "test_macro_f1": 0.7428961566603316,
  "test_macro_specificity": 0.9102207090385581,
  "test_mcc": 0.6235300695236863,
  "test_auc_ovr_macro": 0.9009439957605136,
  "test_loss": 1.0945504768328234
}