{
  "family": "proposed",
  "experiment": "within_cv",
  "scenario": "C_within",
  "dataset": "C",
  "fold": 1,
  "n_splits": 5,
  "model_name": "chilli_lite_gfnet",
  "seed": 42,
  "device": "cuda",
  "pretrained": true,
  "num_classes": 4,
  "label_order": [
    "cercospora_leaf_spot",
    "healthy",
    "nutrient_deficiency",
    "powdery_mildew"
  ],
  "n_train": 1192,
  "n_val": 133,
  "n_test": 332,
  "parameters": 1154598,
  "trainable_parameters": 1154598,
  "best_epoch": 13,
  "best_val_monitor": 0.7950009345426644,
  "elapsed_seconds": 34.83328988100402,
  "peak_gpu_memory_mb": 431.9775390625,
  "test_accuracy": 0.7439759036144579,
  "test_balanced_accuracy": 0.7364547494390425,
  "test_macro_precision": 0.7167295123177476,
  "test_macro_recall": 0.7364547494390425,
  "test_macro_f1": 0.7255276785482663,
  "test_macro_specificity": 0.8967385464263355,
  "test_mcc": 0.5883934501263731,
  "test_auc_ovr_macro": NaN,
  "test_loss": 1.0798023627562956
}