{
  "family": "proposed",
  "experiment": "within_cv",
  "scenario": "C_within",
  "dataset": "C",
  "fold": 1,
  "n_splits": 5,
  "model_name": "chilli_lite_gfnet",
  "seed": 42,
  "device": "cuda",
  "pretrained": true,
  "num_classes": 4,
  "label_order": [
    "cercospora_leaf_spot",
    "healthy",
    "nutrient_deficiency",
    "powdery_mildew"
  ],
  "n_train": 1192,
  "n_val": 133,
  "n_test": 332,
  "parameters": 1025875,
  "trainable_parameters": 1025875,
  "best_epoch": 30,
  "best_val_monitor": 0.8326008327580059,
  "elapsed_seconds": 62.77271694799856,
  "peak_gpu_memory_mb": 335.486328125,
  "test_accuracy": 0.7981927710843374,
  "test_balanced_accuracy": 0.7726364996260284,
  "test_macro_precision": 0.7793030753968255,
  "test_macro_recall": 0.7726364996260284,
  "test_macro_f1": 0.774183941938678,
  "test_macro_specificity": 0.9145399025718175,
  "test_mcc": 0.6670761424401006,
  "test_auc_ovr_macro": NaN,
  "test_loss": 1.0022729432040995
}