{
  "family": "baselines",
  "experiment": "within_cv",
  "scenario": "B_within",
  "dataset": "B",
  "fold": 4,
  "n_splits": 5,
  "model_name": "resnet50",
  "seed": 45,
  "device": "cuda",
  "pretrained": true,
  "num_classes": 6,
  "label_order": [
    "bacterial_spot",
    "cercospora_leaf_spot",
    "curl_virus",
    "healthy",
    "nutrient_deficiency",
    "powdery_mildew"
  ],
  "n_train": 5714,
  "n_val": 635,
  "n_test": 1587,
  "parameters": 23520326,
  "trainable_parameters": 23520326,
  "best_epoch": 31,
  "best_val_monitor": 0.9899498623682704,
  "elapsed_seconds": 1281.0748952040012,
  "peak_gpu_memory_mb": 1825.49267578125,
  "test_accuracy": 0.9848771266540642,
  "test_balanced_accuracy": 0.9866308512452924,
  "test_macro_precision": 0.98699895750965,
  "test_macro_recall": 0.9866308512452924,
  "test_macro_f1": 0.9867681661136326,
  "test_macro_specificity": 0.9968625692444993,
  "test_mcc": 0.9816066189192773,
  "test_auc_ovr_macro": NaN,
  "test_loss": 0.49432895839214325
}