{
  "family": "baselines",
  "experiment": "within_cv",
  "scenario": "C_within",
  "dataset": "C",
  "fold": 3,
  "n_splits": 5,
  "model_name": "densenet121",
  "seed": 44,
  "device": "cuda",
  "pretrained": true,
  "num_classes": 4,
  "label_order": [
    "cercospora_leaf_spot",
    "healthy",
    "nutrient_deficiency",
    "powdery_mildew"
  ],
  "n_train": 1192,
  "n_val": 133,
  "n_test": 332,
  "parameters": 6957956,
  "trainable_parameters": 6957956,
  "best_epoch": 8,
  "best_val_monitor": 0.8480149716055756,
  "elapsed_seconds": 48.29143131300225,
  "peak_gpu_memory_mb": 2229.712890625,
  "test_accuracy": 0.822289156626506,
  "test_balanced_accuracy": 0.8261412115490763,
  "test_macro_precision": 0.8352976568392834,
  "test_macro_recall": 0.8261412115490763,
  "test_macro_f1": 0.8261601135947114,
  "test_macro_specificity": 0.9262717700433117,
  "test_mcc": 0.7153381379972292,
  "test_auc_ovr_macro": NaN,
  "test_loss": 0.9635712775317106
}