{
  "family": "baselines",
  "experiment": "within_cv",
  "scenario": "C_within",
  "dataset": "C",
  "fold": 2,
  "n_splits": 5,
  "model_name": "efficientnet_b4",
  "seed": 43,
  "device": "cuda",
  "pretrained": true,
  "num_classes": 4,
  "label_order": [
    "cercospora_leaf_spot",
    "healthy",
    "nutrient_deficiency",
    "powdery_mildew"
  ],
  "n_train": 1193,
  "n_val": 133,
  "n_test": 331,
  "parameters": 17555788,
  "trainable_parameters": 17555788,
  "best_epoch": 13,
  "best_val_monitor": 0.8268990020493628,
  "elapsed_seconds": 120.2031094490012,
  "peak_gpu_memory_mb": 3902.57763671875,
  "test_accuracy": 0.7643504531722054,
  "test_balanced_accuracy": 0.7942019131103638,
  "test_macro_precision": 0.7399896069538926,
  "test_macro_recall": 0.7942019131103638,
  "test_macro_f1": 0.7610806714945522,
  "test_macro_specificity": 0.9156782279806743,
  "test_mcc": 0.6536227000666631,
  "test_auc_ovr_macro": NaN,
  "test_loss": 1.0065812414342707
}