{
  "family": "baselines",
  "experiment": "pooled_cv",
  "scenario": "A+B+C_pooled",
  "datasets": [
    "A",
    "B",
    "C"
  ],
  "fold": 1,
  "n_splits": 5,
  "model_name": "swin_t",
  "seed": 42,
  "device": "cuda",
  "pretrained": true,
  "num_classes": 6,
  "label_order": [
    "bacterial_spot",
    "cercospora_leaf_spot",
    "curl_virus",
    "healthy",
    "nutrient_deficiency",
    "powdery_mildew"
  ],
  "n_train": 8092,
  "n_val": 900,
  "n_test": 2248,
  "parameters": 27523968,
  "trainable_parameters": 27523968,
  "best_epoch": 1,
  "best_val_monitor": 0.9577012299270918,
  "elapsed_seconds": 420.16001594700356,
  "peak_gpu_memory_mb": 2695.08740234375,
  "test_accuracy": 0.9399466192170819,
  "test_balanced_accuracy": 0.9446913482554237,
  "test_macro_precision": 0.9506408696432708,
  "test_macro_recall": 0.9446913482554237,
  "test_macro_f1": 0.9470777136535475,
  "test_macro_specificity": 0.9872432410271594,
  "test_mcc": 0.926754873267635,
  "test_auc_ovr_macro": NaN,
  "test_loss": 0.613845213618077
}