{
  "family": "baselines",
  "experiment": "within_cv",
  "scenario": "B_within",
  "dataset": "B",
  "fold": 5,
  "n_splits": 5,
  "model_name": "mobilenet_v2",
  "seed": 46,
  "device": "cuda",
  "pretrained": true,
  "num_classes": 6,
  "label_order": [
    "bacterial_spot",
    "cercospora_leaf_spot",
    "curl_virus",
    "healthy",
    "nutrient_deficiency",
    "powdery_mildew"
  ],
  "n_train": 5714,
  "n_val": 635,
  "n_test": 1587,
  "parameters": 2231558,
  "trainable_parameters": 2231558,
  "best_epoch": 11,
  "best_val_monitor": 0.9871438019002005,
  "elapsed_seconds": 748.7406919669993,
  "peak_gpu_memory_mb": 1290.1484375,
  "test_accuracy": 0.982356647763075,
  "test_balanced_accuracy": 0.9846653536965061,
  "test_macro_precision": 0.9834891428460472,
  "test_macro_recall": 0.9846653536965061,
  "test_macro_f1": 0.9839664964298257,
  "test_macro_specificity": 0.9964201610279418,
  "test_mcc": 0.9787122786430025,
  "test_auc_ovr_macro": NaN,
  "test_loss": 0.5045181268453598
}