{
  "family": "baselines",
  "experiment": "within_cv",
  "scenario": "C_within",
  "dataset": "C",
  "fold": 5,
  "n_splits": 5,
  "model_name": "shufflenet_v2_x1_0",
  "seed": 46,
  "device": "cuda",
  "pretrained": true,
  "num_classes": 4,
  "label_order": [
    "cercospora_leaf_spot",
    "healthy",
    "nutrient_deficiency",
    "powdery_mildew"
  ],
  "n_train": 1193,
  "n_val": 133,
  "n_test": 331,
  "parameters": 1257704,
  "trainable_parameters": 1257704,
  "best_epoch": 18,
  "best_val_monitor": 0.8482565011820331,
  "elapsed_seconds": 49.67851503899874,
  "peak_gpu_memory_mb": 392.85302734375,
  "test_accuracy": 0.7885196374622356,
  "test_balanced_accuracy": 0.7824530335694487,
  "test_macro_precision": 0.7425699426111908,
  "test_macro_recall": 0.7824530335694487,
  "test_macro_f1": 0.7594729608156737,
  "test_macro_specificity": 0.9180269258072794,
  "test_mcc": 0.6611026927405036,
  "test_auc_ovr_macro": NaN,
  "test_loss": 1.044361641461199
}