{
  "family": "baselines",
  "experiment": "pooled_cv",
  "scenario": "A+B+C_pooled",
  "datasets": [
    "A",
    "B",
    "C"
  ],
  "fold": 5,
  "n_splits": 5,
  "model_name": "swin_t",
  "seed": 46,
  "device": "cuda",
  "pretrained": true,
  "num_classes": 6,
  "label_order": [
    "bacterial_spot",
    "cercospora_leaf_spot",
    "curl_virus",
    "healthy",
    "nutrient_deficiency",
    "powdery_mildew"
  ],
  "n_train": 8093,
  "n_val": 899,
  "n_test": 2248,
  "parameters": 27523968,
  "trainable_parameters": 27523968,
  "best_epoch": 37,
  "best_val_monitor": 0.9677850493075953,
  "elapsed_seconds": 1854.1897051429987,
  "peak_gpu_memory_mb": 2694.79736328125,
  "test_accuracy": 0.9684163701067615,
  "test_balanced_accuracy": 0.9719973453313112,
  "test_macro_precision": 0.9739659913614225,
  "test_macro_recall": 0.9719973453313112,
  "test_macro_f1": 0.9727592483833719,
  "test_macro_specificity": 0.9933082689692396,
  "test_mcc": 0.9614754296187579,
  "test_auc_ovr_macro": NaN,
  "test_loss": 0.5780748070125848
}