model,fold,absolute_path,true_id,pred_id,true_class,pred_class,prob_Dry Chili,prob_Flower,prob_Green Chili,prob_Red Chili,prob_Rotten Chili
ChiliLiteV2_MNV3S_MultiLevel_ColorGate,1,/home/bt/Documents/Po/chili_fruit/dataset/Chili Growth Stage Original Dataset (1)/Chili Growth Stage Original Dataset/Dry chili/Dry chili00006.JPG,0,0,Dry Chili,Dry Chili,0.9272461,0.02557373,0.018234253,0.015151978,0.014022827
ChiliLiteV2_MNV3S_MultiLevel_ColorGate,1,/home/bt/Documents/Po/chili_fruit/dataset/Chili Growth Stage Original Dataset (1)/Chili Growth Stage Original Dataset/Dry chili/Dry chili00019.JPG,0,0,Dry Chili,Dry Chili,0.9277344,0.018295288,0.016342163,0.020217896,0.017578125
ChiliLiteV2_MNV3S_MultiLevel_ColorGate,1,/home/bt/Documents/Po/chili_fruit/dataset/Chili Growth Stage Original Dataset (1)/Chili Growth Stage Original Dataset/Dry chili/Dry chili00023.JPG,0,0,Dry Chili,Dry Chili,0.93603516,0.018432617,0.013679504,0.016220093,0.015701294
ChiliLiteV2_MNV3S_MultiLevel_ColorGate,1,/home/bt/Documents/Po/chili_fruit/dataset/Chili Growth Stage Original Dataset (1)/Chili Growth Stage Original Dataset/Dry chili/Dry chili00034.JPG,0,0,Dry Chili,Dry Chili,0.9316406,0.021530151,0.0135269165,0.017562866,0.015731812
ChiliLiteV2_MNV3S_MultiLevel_ColorGate,1,/home/bt/Documents/Po/chili_fruit/dataset/Chili Growth Stage Original Dataset (1)/Chili Growth Stage Original Dataset/Dry chili/Dry chili00036.JPG,0,0,Dry Chili,Dry Chili,0.9326172,0.021194458,0.012580872,0.017089844,0.01637268
ChiliLiteV2_MNV3S_MultiLevel_ColorGate,1,/home/bt/Documents/Po/chili_fruit/dataset/Chili Growth Stage Original Dataset (1)/Chili Growth Stage Original Dataset/Dry chili/Dry chili00052.JPG,0,0,Dry Chili,Dry Chili,0.92626953,0.030578613,0.014892578,0.012832642,0.015319824
ChiliLiteV2_MNV3S_MultiLevel_ColorGate,1,/home/bt/Documents/Po/chili_fruit/dataset/Chili Growth Stage Original Dataset (1)/Chili Growth Stage Original Dataset/Dry chili/Dry chili00054.JPG,0,0,Dry Chili,Dry Chili,0.93359375,0.022888184,0.01525116,0.01259613,0.015563965
ChiliLiteV2_MNV3S_MultiLevel_ColorGate,1,/home/bt/Documents/Po/chili_fruit/dataset/Chili Growth Stage Original Dataset (1)/Chili Growth Stage Original Dataset/Dry chili/Dry chili00059.JPG,0,0,Dry Chili,Dry Chili,0.9165039,0.03768921,0.013839722,0.016342163,0.015510559
ChiliLiteV2_MNV3S_MultiLevel_ColorGate,1,/home/bt/Documents/Po/chili_fruit/dataset/Chili Growth Stage Original Dataset (1)/Chili Growth Stage Original Dataset/Dry chili/Dry chili00068.JPG,0,0,Dry Chili,Dry Chili,0.93408203,0.02192688,0.013076782,0.017425537,0.013687134
ChiliLiteV2_MNV3S_MultiLevel_ColorGate,1,/home/bt/Documents/Po/chili_fruit/dataset/Chili Growth Stage Original Dataset (1)/Chili Growth Stage Original Dataset/Dry chili/Dry chili00069.JPG,0,0,Dry Chili,Dry Chili,0.9277344,0.024612427,0.013534546,0.019454956,0.014511108
ChiliLiteV2_MNV3S_MultiLevel_ColorGate,1,/home/bt/Documents/Po/chili_fruit/dataset/Chili Growth Stage Original Dataset (1)/Chili Growth Stage Original Dataset/Dry chili/Dry chili00072.JPG,0,0,Dry Chili,Dry Chili,0.91552734,0.03778076,0.013404846,0.018951416,0.014411926
ChiliLiteV2_MNV3S_MultiLevel_ColorGate,1,/home/bt/Documents/Po/chili_fruit/dataset/Chili Growth Stage Original Dataset (1)/Chili Growth Stage Original Dataset/Dry chili/Dry chili00079.JPG,0,0,Dry Chili,Dry Chili,0.93652344,0.018920898,0.012496948,0.015792847,0.016464233
ChiliLiteV2_MNV3S_MultiLevel_ColorGate,1,/home/bt/Documents/Po/chili_fruit/dataset/Chili Growth Stage Original Dataset (1)/Chili Growth Stage Original Dataset/Dry chili/Dry chili00087.JPG,0,0,Dry Chili,Dry Chili,0.93408203,0.019256592,0.0131073,0.017059326,0.016326904
ChiliLiteV2_MNV3S_MultiLevel_ColorGate,1,/home/bt/Documents/Po/chili_fruit/dataset/Chili Growth Stage Original Dataset (1)/Chili Growth Stage Original Dataset/Dry chili/Dry chili00088.JPG,0,0,Dry Chili,Dry Chili,0.93652344,0.018814087,0.013427734,0.015007019,0.016433716
ChiliLiteV2_MNV3S_MultiLevel_ColorGate,1,/home/bt/Documents/Po/chili_fruit/dataset/Chili Growth Stage Original Dataset (1)/Chili Growth Stage Original Dataset/Dry chili/Dry chili00109.JPG,0,0,Dry Chili,Dry Chili,0.92333984,0.027801514,0.01158905,0.020965576,0.016418457
ChiliLiteV2_MNV3S_MultiLevel_ColorGate,1,/home/bt/Documents/Po/chili_fruit/dataset/Chili Growth Stage Original Dataset (1)/Chili Growth Stage Original Dataset/Dry chili/Dry chili00112.JPG,0,0,Dry Chili,Dry Chili,0.92822266,0.028518677,0.012832642,0.014831543,0.015464783
ChiliLiteV2_MNV3S_MultiLevel_ColorGate,1,/home/bt/Documents/Po/chili_fruit/dataset/Chili Growth Stage Original Dataset (1)/Chili Growth Stage Original Dataset/Dry chili/Dry chili00113.JPG,0,0,Dry Chili,Dry Chili,0.9243164,0.030532837,0.012237549,0.017944336,0.015083313
ChiliLiteV2_MNV3S_MultiLevel_ColorGate,1,/home/bt/Documents/Po/chili_fruit/dataset/Chili Growth Stage Original Dataset (1)/Chili Growth Stage Original Dataset/Dry chili/Dry chili00144.JPG,0,0,Dry Chili,Dry Chili,0.92822266,0.024978638,0.014945984,0.0134887695,0.018325806
ChiliLiteV2_MNV3S_MultiLevel_ColorGate,1,/home/bt/Documents/Po/chili_fruit/dataset/Chili Growth Stage Original Dataset (1)/Chili Growth Stage Original Dataset/Dry chili/Dry chili00154.JPG,0,0,Dry Chili,Dry Chili,0.9301758,0.02067566,0.01411438,0.016937256,0.018035889
ChiliLiteV2_MNV3S_MultiLevel_ColorGate,1,/home/bt/Documents/Po/chili_fruit/dataset/Chili Growth Stage Original Dataset (1)/Chili Growth Stage Original Dataset/Dry chili/Dry chili00158.JPG,0,0,Dry Chili,Dry Chili,0.93310547,0.0211792,0.013664246,0.016723633,0.015388489
ChiliLiteV2_MNV3S_MultiLevel_ColorGate,1,/home/bt/Documents/Po/chili_fruit/dataset/Chili Growth Stage Original Dataset (1)/Chili Growth Stage Original Dataset/Dry chili/Dry chili00183.JPG,0,0,Dry Chili,Dry Chili,0.9350586,0.02293396,0.013282776,0.012519836,0.016189575
ChiliLiteV2_MNV3S_MultiLevel_ColorGate,1,/home/bt/Documents/Po/chili_fruit/dataset/Chili Growth Stage Original Dataset (1)/Chili Growth Stage Original Dataset/Dry chili/Dry chili00184.JPG,0,0,Dry Chili,Dry Chili,0.93408203,0.023483276,0.01184082,0.013824463,0.016830444
ChiliLiteV2_MNV3S_MultiLevel_ColorGate,1,/home/bt/Documents/Po/chili_fruit/dataset/Chili Growth Stage Original Dataset (1)/Chili Growth Stage Original Dataset/Dry chili/Dry chili00211.JPG,0,0,Dry Chili,Dry Chili,0.92578125,0.026611328,0.016616821,0.014266968,0.01651001
ChiliLiteV2_MNV3S_MultiLevel_ColorGate,1,/home/bt/Documents/Po/chili_fruit/dataset/Chili Growth Stage Original Dataset (1)/Chili Growth Stage Original Dataset/Dry chili/Dry chili00212.JPG,0,0,Dry Chili,Dry Chili,0.9345703,0.02293396,0.014976501,0.011657715,0.015899658
ChiliLiteV2_MNV3S_MultiLevel_ColorGate,1,/home/bt/Documents/Po/chili_fruit/dataset/Chili Growth Stage Original Dataset (1)/Chili Growth Stage Original Dataset/Dry chili/Dry chili00235.JPG,0,0,Dry Chili,Dry Chili,0.9355469,0.020721436,0.013328552,0.013420105,0.017105103
ChiliLiteV2_MNV3S_MultiLevel_ColorGate,1,/home/bt/Documents/Po/chili_fruit/dataset/Chili Growth Stage Original Dataset (1)/Chili Growth Stage Original Dataset/Dry chili/Dry chili00241.JPG,0,0,Dry Chili,Dry Chili,0.93066406,0.024139404,0.01777649,0.013870239,0.013679504
ChiliLiteV2_MNV3S_MultiLevel_ColorGate,1,/home/bt/Documents/Po/chili_fruit/dataset/Chili Growth Stage Original Dataset (1)/Chili Growth Stage Original Dataset/Dry chili/Dry chili00254.JPG,0,0,Dry Chili,Dry Chili,0.9321289,0.022018433,0.01348114,0.017120361,0.015007019
ChiliLiteV2_MNV3S_MultiLevel_ColorGate,1,/home/bt/Documents/Po/chili_fruit/dataset/Chili Growth Stage Original Dataset (1)/Chili Growth Stage Original Dataset/Dry chili/Dry chili00268.JPG,0,0,Dry Chili,Dry Chili,0.9345703,0.022399902,0.013206482,0.011009216,0.018676758
ChiliLiteV2_MNV3S_MultiLevel_ColorGate,1,/home/bt/Documents/Po/chili_fruit/dataset/Chili Growth Stage Original Dataset (1)/Chili Growth Stage Original Dataset/Dry chili/Dry chili00269.JPG,0,0,Dry Chili,Dry Chili,0.9238281,0.025863647,0.016983032,0.019317627,0.014160156
ChiliLiteV2_MNV3S_MultiLevel_ColorGate,1,/home/bt/Documents/Po/chili_fruit/dataset/Chili Growth Stage Original Dataset (1)/Chili Growth Stage Original Dataset/Dry chili/Dry chili00270.JPG,0,0,Dry Chili,Dry Chili,0.9316406,0.020828247,0.012817383,0.012664795,0.022277832
ChiliLiteV2_MNV3S_MultiLevel_ColorGate,1,/home/bt/Documents/Po/chili_fruit/dataset/Chili Growth Stage Original Dataset (1)/Chili Growth Stage Original Dataset/Dry chili/Dry chili00288.JPG,0,0,Dry Chili,Dry Chili,0.9135742,0.040161133,0.015136719,0.016616821,0.014442444
ChiliLiteV2_MNV3S_MultiLevel_ColorGate,1,/home/bt/Documents/Po/chili_fruit/dataset/Chili Growth Stage Original Dataset (1)/Chili Growth Stage Original Dataset/Dry chili/Dry chili00301.JPG,0,0,Dry Chili,Dry Chili,0.9291992,0.029129028,0.012931824,0.015159607,0.013755798
ChiliLiteV2_MNV3S_MultiLevel_ColorGate,1,/home/bt/Documents/Po/chili_fruit/dataset/Chili Growth Stage Original Dataset (1)/Chili Growth Stage Original Dataset/Dry chili/Dry chili00305.JPG,0,0,Dry Chili,Dry Chili,0.92871094,0.024765015,0.015274048,0.015914917,0.015205383
ChiliLiteV2_MNV3S_MultiLevel_ColorGate,1,/home/bt/Documents/Po/chili_fruit/dataset/Chili Growth Stage Original Dataset (1)/Chili Growth Stage Original Dataset/Dry chili/Dry chili00316.JPG,0,0,Dry Chili,Dry Chili,0.9345703,0.020523071,0.013023376,0.0135650635,0.01828003
ChiliLiteV2_MNV3S_MultiLevel_ColorGate,1,/home/bt/Documents/Po/chili_fruit/dataset/Chili Growth Stage Original Dataset (1)/Chili Growth Stage Original Dataset/Dry chili/Dry chili00319.JPG,0,0,Dry Chili,Dry Chili,0.9321289,0.02432251,0.013137817,0.0146484375,0.015960693
ChiliLiteV2_MNV3S_MultiLevel_ColorGate,1,/home/bt/Documents/Po/chili_fruit/dataset/Chili Growth Stage Original Dataset (1)/Chili Growth Stage Original Dataset/Dry chili/Dry chili00321.JPG,0,0,Dry Chili,Dry Chili,0.88623047,0.062561035,0.020187378,0.015396118,0.015655518
ChiliLiteV2_MNV3S_MultiLevel_ColorGate,1,/home/bt/Documents/Po/chili_fruit/dataset/Chili Growth Stage Original Dataset (1)/Chili Growth Stage Original Dataset/Dry chili/Dry chili00346.JPG,0,0,Dry Chili,Dry Chili,0.92041016,0.028564453,0.011642456,0.013427734,0.026046753
ChiliLiteV2_MNV3S_MultiLevel_ColorGate,1,/home/bt/Documents/Po/chili_fruit/dataset/Chili Growth Stage Original Dataset (1)/Chili Growth Stage Original Dataset/Dry chili/Dry chili00350.JPG,0,0,Dry Chili,Dry Chili,0.9370117,0.018188477,0.013252258,0.01512146,0.016311646
ChiliLiteV2_MNV3S_MultiLevel_ColorGate,1,/home/bt/Documents/Po/chili_fruit/dataset/Chili Growth Stage Original Dataset (1)/Chili Growth Stage Original Dataset/Dry chili/Dry chili00358.JPG,0,0,Dry Chili,Dry Chili,0.9379883,0.01739502,0.012519836,0.015403748,0.016571045
ChiliLiteV2_MNV3S_MultiLevel_ColorGate,1,/home/bt/Documents/Po/chili_fruit/dataset/Chili Growth Stage Original Dataset (1)/Chili Growth Stage Original Dataset/Dry chili/Dry chili00383.JPG,0,0,Dry Chili,Dry Chili,0.8847656,0.062072754,0.018493652,0.01826477,0.016174316
ChiliLiteV2_MNV3S_MultiLevel_ColorGate,1,/home/bt/Documents/Po/chili_fruit/dataset/Chili Growth Stage Original Dataset (1)/Chili Growth Stage Original Dataset/Dry chili/Dry chili00404.JPG,0,0,Dry Chili,Dry Chili,0.92822266,0.026138306,0.013000488,0.017288208,0.015342712
ChiliLiteV2_MNV3S_MultiLevel_ColorGate,1,/home/bt/Documents/Po/chili_fruit/dataset/Chili Growth Stage Original Dataset (1)/Chili Growth Stage Original Dataset/Flower/Flower00020.JPG,1,1,Flower,Flower,0.017730713,0.9379883,0.011558533,0.018676758,0.014015198
ChiliLiteV2_MNV3S_MultiLevel_ColorGate,1,/home/bt/Documents/Po/chili_fruit/dataset/Chili Growth Stage Original Dataset (1)/Chili Growth Stage Original Dataset/Flower/Flower00026.JPG,1,1,Flower,Flower,0.01928711,0.93408203,0.015060425,0.018432617,0.013374329
ChiliLiteV2_MNV3S_MultiLevel_ColorGate,1,/home/bt/Documents/Po/chili_fruit/dataset/Chili Growth Stage Original Dataset (1)/Chili Growth Stage Original Dataset/Flower/Flower00035.JPG,1,1,Flower,Flower,0.015563965,0.9355469,0.015449524,0.018005371,0.015472412
ChiliLiteV2_MNV3S_MultiLevel_ColorGate,1,/home/bt/Documents/Po/chili_fruit/dataset/Chili Growth Stage Original Dataset (1)/Chili Growth Stage Original Dataset/Flower/Flower00036.JPG,1,1,Flower,Flower,0.020553589,0.9321289,0.011421204,0.01763916,0.018112183
ChiliLiteV2_MNV3S_MultiLevel_ColorGate,1,/home/bt/Documents/Po/chili_fruit/dataset/Chili Growth Stage Original Dataset (1)/Chili Growth Stage Original Dataset/Flower/Flower00046.JPG,1,1,Flower,Flower,0.018157959,0.9350586,0.0126571655,0.019088745,0.014907837
ChiliLiteV2_MNV3S_MultiLevel_ColorGate,1,/home/bt/Documents/Po/chili_fruit/dataset/Chili Growth Stage Original Dataset (1)/Chili Growth Stage Original Dataset/Flower/Flower00049.JPG,1,1,Flower,Flower,0.018585205,0.9350586,0.013061523,0.018341064,0.015007019
ChiliLiteV2_MNV3S_MultiLevel_ColorGate,1,/home/bt/Documents/Po/chili_fruit/dataset/Chili Growth Stage Original Dataset (1)/Chili Growth Stage Original Dataset/Flower/Flower00053.JPG,1,1,Flower,Flower,0.017593384,0.9379883,0.012802124,0.016952515,0.014640808
ChiliLiteV2_MNV3S_MultiLevel_ColorGate,1,/home/bt/Documents/Po/chili_fruit/dataset/Chili Growth Stage Original Dataset (1)/Chili Growth Stage Original Dataset/Flower/Flower00074.JPG,1,1,Flower,Flower,0.017868042,0.9355469,0.011199951,0.017944336,0.01763916
ChiliLiteV2_MNV3S_MultiLevel_ColorGate,1,/home/bt/Documents/Po/chili_fruit/dataset/Chili Growth Stage Original Dataset (1)/Chili Growth Stage Original Dataset/Flower/Flower00075.JPG,1,1,Flower,Flower,0.020812988,0.93310547,0.01134491,0.017608643,0.017349243
ChiliLiteV2_MNV3S_MultiLevel_ColorGate,1,/home/bt/Documents/Po/chili_fruit/dataset/Chili Growth Stage Original Dataset (1)/Chili Growth Stage Original Dataset/Flower/Flower00085.JPG,1,1,Flower,Flower,0.018447876,0.9091797,0.04260254,0.016983032,0.012619019
ChiliLiteV2_MNV3S_MultiLevel_ColorGate,1,/home/bt/Documents/Po/chili_fruit/dataset/Chili Growth Stage Original Dataset (1)/Chili Growth Stage Original Dataset/Flower/Flower00098.JPG,1,1,Flower,Flower,0.01991272,0.9291992,0.011711121,0.0231781,0.01600647
ChiliLiteV2_MNV3S_MultiLevel_ColorGate,1,/home/bt/Documents/Po/chili_fruit/dataset/Chili Growth Stage Original Dataset (1)/Chili Growth Stage Original Dataset/Flower/Flower00100.JPG,1,1,Flower,Flower,0.02079773,0.92578125,0.010864258,0.026168823,0.016525269
ChiliLiteV2_MNV3S_MultiLevel_ColorGate,1,/home/bt/Documents/Po/chili_fruit/dataset/Chili Growth Stage Original Dataset (1)/Chili Growth Stage Original Dataset/Flower/Flower00112.JPG,1,1,Flower,Flower,0.016235352,0.93847656,0.012687683,0.017059326,0.015396118
ChiliLiteV2_MNV3S_MultiLevel_ColorGate,1,/home/bt/Documents/Po/chili_fruit/dataset/Chili Growth Stage Original Dataset (1)/Chili Growth Stage Original Dataset/Flower/Flower00114.JPG,1,1,Flower,Flower,0.017837524,0.9375,0.0115737915,0.017105103,0.015808105
ChiliLiteV2_MNV3S_MultiLevel_ColorGate,1,/home/bt/Documents/Po/chili_fruit/dataset/Chili Growth Stage Original Dataset (1)/Chili Growth Stage Original Dataset/Flower/Flower00118.JPG,1,1,Flower,Flower,0.0181427,0.9375,0.01222229,0.016937256,0.015068054
ChiliLiteV2_MNV3S_MultiLevel_ColorGate,1,/home/bt/Documents/Po/chili_fruit/dataset/Chili Growth Stage Original Dataset (1)/Chili Growth Stage Original Dataset/Flower/Flower00128.JPG,1,1,Flower,Flower,0.017562866,0.9350586,0.01335907,0.016906738,0.016967773
ChiliLiteV2_MNV3S_MultiLevel_ColorGate,1,/home/bt/Documents/Po/chili_fruit/dataset/Chili Growth Stage Original Dataset (1)/Chili Growth Stage Original Dataset/Flower/Flower00139.JPG,1,1,Flower,Flower,0.017623901,0.93896484,0.015274048,0.016113281,0.012176514
ChiliLiteV2_MNV3S_MultiLevel_ColorGate,1,/home/bt/Documents/Po/chili_fruit/dataset/Chili Growth Stage Original Dataset (1)/Chili Growth Stage Original Dataset/Flower/Flower00145.JPG,1,1,Flower,Flower,0.019989014,0.9355469,0.011558533,0.017654419,0.0151901245
ChiliLiteV2_MNV3S_MultiLevel_ColorGate,1,/home/bt/Documents/Po/chili_fruit/dataset/Chili Growth Stage Original Dataset (1)/Chili Growth Stage Original Dataset/Flower/Flower00152.JPG,1,1,Flower,Flower,0.015838623,0.93603516,0.012039185,0.018798828,0.017059326
ChiliLiteV2_MNV3S_MultiLevel_ColorGate,1,/home/bt/Documents/Po/chili_fruit/dataset/Chili Growth Stage Original Dataset (1)/Chili Growth Stage Original Dataset/Flower/Flower00158.JPG,1,1,Flower,Flower,0.01838684,0.9272461,0.015357971,0.015541077,0.023483276
ChiliLiteV2_MNV3S_MultiLevel_ColorGate,1,/home/bt/Documents/Po/chili_fruit/dataset/Chili Growth Stage Original Dataset (1)/Chili Growth Stage Original Dataset/Flower/Flower00162.JPG,1,1,Flower,Flower,0.019088745,0.93408203,0.011817932,0.018920898,0.015853882
ChiliLiteV2_MNV3S_MultiLevel_ColorGate,1,/home/bt/Documents/Po/chili_fruit/dataset/Chili Growth Stage Original Dataset (1)/Chili Growth Stage Original Dataset/Flower/Flower00215.JPG,1,1,Flower,Flower,0.019134521,0.93652344,0.013015747,0.017822266,0.013633728
ChiliLiteV2_MNV3S_MultiLevel_ColorGate,1,/home/bt/Documents/Po/chili_fruit/dataset/Chili Growth Stage Original Dataset (1)/Chili Growth Stage Original Dataset/Flower/Flower00216.JPG,1,1,Flower,Flower,0.019485474,0.93652344,0.012794495,0.017654419,0.01373291
ChiliLiteV2_MNV3S_MultiLevel_ColorGate,1,/home/bt/Documents/Po/chili_fruit/dataset/Chili Growth Stage Original Dataset (1)/Chili Growth Stage Original Dataset/Flower/Flower00219.JPG,1,1,Flower,Flower,0.018325806,0.9355469,0.011413574,0.019577026,0.015022278
ChiliLiteV2_MNV3S_MultiLevel_ColorGate,1,/home/bt/Documents/Po/chili_fruit/dataset/Chili Growth Stage Original Dataset (1)/Chili Growth Stage Original Dataset/Flower/Flower00226.JPG,1,1,Flower,Flower,0.018447876,0.9355469,0.014846802,0.016677856,0.014282227
ChiliLiteV2_MNV3S_MultiLevel_ColorGate,1,/home/bt/Documents/Po/chili_fruit/dataset/Chili Growth Stage Original Dataset (1)/Chili Growth Stage Original Dataset/Flower/Flower00230.JPG,1,1,Flower,Flower,0.022125244,0.9321289,0.011039734,0.017410278,0.017410278
ChiliLiteV2_MNV3S_MultiLevel_ColorGate,1,/home/bt/Documents/Po/chili_fruit/dataset/Chili Growth Stage Original Dataset (1)/Chili Growth Stage Original Dataset/Flower/Flower00255.JPG,1,1,Flower,Flower,0.019439697,0.9345703,0.012207031,0.016967773,0.016693115
ChiliLiteV2_MNV3S_MultiLevel_ColorGate,1,/home/bt/Documents/Po/chili_fruit/dataset/Chili Growth Stage Original Dataset (1)/Chili Growth Stage Original Dataset/Flower/Flower00267.JPG,1,1,Flower,Flower,0.014831543,0.9355469,0.017623901,0.01713562,0.014785767
ChiliLiteV2_MNV3S_MultiLevel_ColorGate,1,/home/bt/Documents/Po/chili_fruit/dataset/Chili Growth Stage Original Dataset (1)/Chili Growth Stage Original Dataset/Flower/Flower00273.JPG,1,1,Flower,Flower,0.014678955,0.9350586,0.017059326,0.017532349,0.015533447
ChiliLiteV2_MNV3S_MultiLevel_ColorGate,1,/home/bt/Documents/Po/chili_fruit/dataset/Chili Growth Stage Original Dataset (1)/Chili Growth Stage Original Dataset/Flower/Flower00276.JPG,1,1,Flower,Flower,0.015625,0.93603516,0.015380859,0.017074585,0.015899658
ChiliLiteV2_MNV3S_MultiLevel_ColorGate,1,/home/bt/Documents/Po/chili_fruit/dataset/Chili Growth Stage Original Dataset (1)/Chili Growth Stage Original Dataset/Flower/Flower00282.JPG,1,1,Flower,Flower,0.016311646,0.9345703,0.012779236,0.01651001,0.01965332
ChiliLiteV2_MNV3S_MultiLevel_ColorGate,1,/home/bt/Documents/Po/chili_fruit/dataset/Chili Growth Stage Original Dataset (1)/Chili Growth Stage Original Dataset/Flower/Flower00301.JPG,1,1,Flower,Flower,0.019744873,0.9355469,0.012702942,0.015930176,0.016143799
ChiliLiteV2_MNV3S_MultiLevel_ColorGate,1,/home/bt/Documents/Po/chili_fruit/dataset/Chili Growth Stage Original Dataset (1)/Chili Growth Stage Original Dataset/Flower/Flower00306.JPG,1,1,Flower,Flower,0.01939392,0.9350586,0.015510559,0.014877319,0.015335083
ChiliLiteV2_MNV3S_MultiLevel_ColorGate,1,/home/bt/Documents/Po/chili_fruit/dataset/Chili Growth Stage Original Dataset (1)/Chili Growth Stage Original Dataset/Flower/Flower00315.JPG,1,1,Flower,Flower,0.020599365,0.9355469,0.0126953125,0.016799927,0.014465332
ChiliLiteV2_MNV3S_MultiLevel_ColorGate,1,/home/bt/Documents/Po/chili_fruit/dataset/Chili Growth Stage Original Dataset (1)/Chili Growth Stage Original Dataset/Flower/Flower00323.JPG,1,1,Flower,Flower,0.020843506,0.88183594,0.0473938,0.015159607,0.034729004
ChiliLiteV2_MNV3S_MultiLevel_ColorGate,1,/home/bt/Documents/Po/chili_fruit/dataset/Chili Growth Stage Original Dataset (1)/Chili Growth Stage Original Dataset/Flower/Flower00324.JPG,1,1,Flower,Flower,0.017044067,0.93408203,0.013496399,0.018920898,0.016662598
ChiliLiteV2_MNV3S_MultiLevel_ColorGate,1,/home/bt/Documents/Po/chili_fruit/dataset/Chili Growth Stage Original Dataset (1)/Chili Growth Stage Original Dataset/Flower/Flower00335.JPG,1,1,Flower,Flower,0.01725769,0.9355469,0.014762878,0.017547607,0.014968872
ChiliLiteV2_MNV3S_MultiLevel_ColorGate,1,/home/bt/Documents/Po/chili_fruit/dataset/Chili Growth Stage Original Dataset (1)/Chili Growth Stage Original Dataset/Flower/Flower00337.JPG,1,1,Flower,Flower,0.020095825,0.9345703,0.016433716,0.014854431,0.014160156
ChiliLiteV2_MNV3S_MultiLevel_ColorGate,1,/home/bt/Documents/Po/chili_fruit/dataset/Chili Growth Stage Original Dataset (1)/Chili Growth Stage Original Dataset/Flower/Flower00342.JPG,1,1,Flower,Flower,0.021759033,0.9326172,0.014984131,0.016479492,0.014205933
ChiliLiteV2_MNV3S_MultiLevel_ColorGate,1,/home/bt/Documents/Po/chili_fruit/dataset/Chili Growth Stage Original Dataset (1)/Chili Growth Stage Original Dataset/Flower/Flower00372.JPG,1,1,Flower,Flower,0.018341064,0.93652344,0.01399231,0.015594482,0.015357971
ChiliLiteV2_MNV3S_MultiLevel_ColorGate,1,/home/bt/Documents/Po/chili_fruit/dataset/Chili Growth Stage Original Dataset (1)/Chili Growth Stage Original Dataset/Green Chili/Green Chili00020.JPG,2,2,Green Chili,Green Chili,0.014228821,0.021347046,0.93603516,0.013313293,0.015281677
ChiliLiteV2_MNV3S_MultiLevel_ColorGate,1,/home/bt/Documents/Po/chili_fruit/dataset/Chili Growth Stage Original Dataset (1)/Chili Growth Stage Original Dataset/Green Chili/Green Chili00048.JPG,2,1,Green Chili,Flower,0.023956299,0.8183594,0.121398926,0.020065308,0.01625061
ChiliLiteV2_MNV3S_MultiLevel_ColorGate,1,/home/bt/Documents/Po/chili_fruit/dataset/Chili Growth Stage Original Dataset (1)/Chili Growth Stage Original Dataset/Green Chili/Green Chili00060.JPG,2,2,Green Chili,Green Chili,0.016281128,0.022079468,0.92822266,0.01121521,0.022003174
ChiliLiteV2_MNV3S_MultiLevel_ColorGate,1,/home/bt/Documents/Po/chili_fruit/dataset/Chili Growth Stage Original Dataset (1)/Chili Growth Stage Original Dataset/Green Chili/Green Chili00078.JPG,2,2,Green Chili,Green Chili,0.014411926,0.015625,0.9296875,0.013252258,0.027008057
ChiliLiteV2_MNV3S_MultiLevel_ColorGate,1,/home/bt/Documents/Po/chili_fruit/dataset/Chili Growth Stage Original Dataset (1)/Chili Growth Stage Original Dataset/Green Chili/Green Chili00080.JPG,2,2,Green Chili,Green Chili,0.032714844,0.020629883,0.9086914,0.011566162,0.026290894
ChiliLiteV2_MNV3S_MultiLevel_ColorGate,1,/home/bt/Documents/Po/chili_fruit/dataset/Chili Growth Stage Original Dataset (1)/Chili Growth Stage Original Dataset/Green Chili/Green Chili00101.JPG,2,2,Green Chili,Green Chili,0.015403748,0.019943237,0.93603516,0.013000488,0.015777588
ChiliLiteV2_MNV3S_MultiLevel_ColorGate,1,/home/bt/Documents/Po/chili_fruit/dataset/Chili Growth Stage Original Dataset (1)/Chili Growth Stage Original Dataset/Green Chili/Green Chili00105.JPG,2,2,Green Chili,Green Chili,0.012992859,0.020645142,0.9326172,0.019363403,0.014274597
ChiliLiteV2_MNV3S_MultiLevel_ColorGate,1,/home/bt/Documents/Po/chili_fruit/dataset/Chili Growth Stage Original Dataset (1)/Chili Growth Stage Original Dataset/Green Chili/Green Chili00111.JPG,2,2,Green Chili,Green Chili,0.015289307,0.018096924,0.93603516,0.014183044,0.016342163
ChiliLiteV2_MNV3S_MultiLevel_ColorGate,1,/home/bt/Documents/Po/chili_fruit/dataset/Chili Growth Stage Original Dataset (1)/Chili Growth Stage Original Dataset/Green Chili/Green Chili00125.JPG,2,2,Green Chili,Green Chili,0.022262573,0.021835327,0.92529297,0.011146545,0.01928711
ChiliLiteV2_MNV3S_MultiLevel_ColorGate,1,/home/bt/Documents/Po/chili_fruit/dataset/Chili Growth Stage Original Dataset (1)/Chili Growth Stage Original Dataset/Green Chili/Green Chili00130.JPG,2,2,Green Chili,Green Chili,0.018005371,0.021621704,0.93359375,0.010681152,0.01612854
ChiliLiteV2_MNV3S_MultiLevel_ColorGate,1,/home/bt/Documents/Po/chili_fruit/dataset/Chili Growth Stage Original Dataset (1)/Chili Growth Stage Original Dataset/Green Chili/Green Chili00151.JPG,2,2,Green Chili,Green Chili,0.018218994,0.019241333,0.9291992,0.016464233,0.016906738
ChiliLiteV2_MNV3S_MultiLevel_ColorGate,1,/home/bt/Documents/Po/chili_fruit/dataset/Chili Growth Stage Original Dataset (1)/Chili Growth Stage Original Dataset/Green Chili/Green Chili00152.JPG,2,1,Green Chili,Flower,0.031311035,0.47875977,0.4440918,0.016708374,0.029067993
ChiliLiteV2_MNV3S_MultiLevel_ColorGate,1,/home/bt/Documents/Po/chili_fruit/dataset/Chili Growth Stage Original Dataset (1)/Chili Growth Stage Original Dataset/Green Chili/Green Chili00164.JPG,2,2,Green Chili,Green Chili,0.023513794,0.04055786,0.90478516,0.016204834,0.014884949
ChiliLiteV2_MNV3S_MultiLevel_ColorGate,1,/home/bt/Documents/Po/chili_fruit/dataset/Chili Growth Stage Original Dataset (1)/Chili Growth Stage Original Dataset/Green Chili/Green Chili00181.JPG,2,2,Green Chili,Green Chili,0.015319824,0.021530151,0.9355469,0.013504028,0.014289856
ChiliLiteV2_MNV3S_MultiLevel_ColorGate,1,/home/bt/Documents/Po/chili_fruit/dataset/Chili Growth Stage Original Dataset (1)/Chili Growth Stage Original Dataset/Green Chili/Green Chili00182.JPG,2,2,Green Chili,Green Chili,0.015052795,0.026733398,0.9321289,0.0134887695,0.012550354
ChiliLiteV2_MNV3S_MultiLevel_ColorGate,1,/home/bt/Documents/Po/chili_fruit/dataset/Chili Growth Stage Original Dataset (1)/Chili Growth Stage Original Dataset/Green Chili/Green Chili00209.JPG,2,2,Green Chili,Green Chili,0.0154800415,0.017456055,0.9316406,0.013595581,0.021850586
ChiliLiteV2_MNV3S_MultiLevel_ColorGate,1,/home/bt/Documents/Po/chili_fruit/dataset/Chili Growth Stage Original Dataset (1)/Chili Growth Stage Original Dataset/Green Chili/Green Chili00220.JPG,2,2,Green Chili,Green Chili,0.016189575,0.023208618,0.9321289,0.010810852,0.017547607
ChiliLiteV2_MNV3S_MultiLevel_ColorGate,1,/home/bt/Documents/Po/chili_fruit/dataset/Chili Growth Stage Original Dataset (1)/Chili Growth Stage Original Dataset/Green Chili/Green Chili00224.JPG,2,2,Green Chili,Green Chili,0.018676758,0.02192688,0.9321289,0.011177063,0.016052246
ChiliLiteV2_MNV3S_MultiLevel_ColorGate,1,/home/bt/Documents/Po/chili_fruit/dataset/Chili Growth Stage Original Dataset (1)/Chili Growth Stage Original Dataset/Green Chili/Green Chili00227.JPG,2,2,Green Chili,Green Chili,0.01461792,0.023040771,0.9316406,0.01663208,0.014221191
ChiliLiteV2_MNV3S_MultiLevel_ColorGate,1,/home/bt/Documents/Po/chili_fruit/dataset/Chili Growth Stage Original Dataset (1)/Chili Growth Stage Original Dataset/Green Chili/Green Chili00239.JPG,2,2,Green Chili,Green Chili,0.014457703,0.020339966,0.93359375,0.015144348,0.016540527
ChiliLiteV2_MNV3S_MultiLevel_ColorGate,1,/home/bt/Documents/Po/chili_fruit/dataset/Chili Growth Stage Original Dataset (1)/Chili Growth Stage Original Dataset/Green Chili/Green Chili00261.JPG,2,2,Green Chili,Green Chili,0.014793396,0.018798828,0.93115234,0.017349243,0.017913818
ChiliLiteV2_MNV3S_MultiLevel_ColorGate,1,/home/bt/Documents/Po/chili_fruit/dataset/Chili Growth Stage Original Dataset (1)/Chili Growth Stage Original Dataset/Green Chili/Green Chili00263.JPG,2,2,Green Chili,Green Chili,0.021560669,0.08319092,0.85546875,0.011795044,0.027816772
ChiliLiteV2_MNV3S_MultiLevel_ColorGate,1,/home/bt/Documents/Po/chili_fruit/dataset/Chili Growth Stage Original Dataset (1)/Chili Growth Stage Original Dataset/Green Chili/Green Chili00272.JPG,2,2,Green Chili,Green Chili,0.026763916,0.018188477,0.8208008,0.011894226,0.12231445
ChiliLiteV2_MNV3S_MultiLevel_ColorGate,1,/home/bt/Documents/Po/chili_fruit/dataset/Chili Growth Stage Original Dataset (1)/Chili Growth Stage Original Dataset/Green Chili/Green Chili00278.JPG,2,2,Green Chili,Green Chili,0.01977539,0.026062012,0.91064453,0.010025024,0.033447266
ChiliLiteV2_MNV3S_MultiLevel_ColorGate,1,/home/bt/Documents/Po/chili_fruit/dataset/Chili Growth Stage Original Dataset (1)/Chili Growth Stage Original Dataset/Green Chili/Green Chili00279.JPG,2,2,Green Chili,Green Chili,0.01864624,0.018585205,0.8496094,0.05999756,0.05328369
ChiliLiteV2_MNV3S_MultiLevel_ColorGate,1,/home/bt/Documents/Po/chili_fruit/dataset/Chili Growth Stage Original Dataset (1)/Chili Growth Stage Original Dataset/Green Chili/Green Chili00285.JPG,2,2,Green Chili,Green Chili,0.02281189,0.016357422,0.89501953,0.012794495,0.05307007
ChiliLiteV2_MNV3S_MultiLevel_ColorGate,1,/home/bt/Documents/Po/chili_fruit/dataset/Chili Growth Stage Original Dataset (1)/Chili Growth Stage Original Dataset/Green Chili/Green Chili00286.JPG,2,2,Green Chili,Green Chili,0.022445679,0.017913818,0.92333984,0.011138916,0.024963379
ChiliLiteV2_MNV3S_MultiLevel_ColorGate,1,/home/bt/Documents/Po/chili_fruit/dataset/Chili Growth Stage Original Dataset (1)/Chili Growth Stage Original Dataset/Green Chili/Green Chili00294.JPG,2,2,Green Chili,Green Chili,0.013000488,0.026550293,0.9316406,0.011833191,0.01689148
ChiliLiteV2_MNV3S_MultiLevel_ColorGate,1,/home/bt/Documents/Po/chili_fruit/dataset/Chili Growth Stage Original Dataset (1)/Chili Growth Stage Original Dataset/Green Chili/Green Chili00297.JPG,2,2,Green Chili,Green Chili,0.01651001,0.019332886,0.92871094,0.012702942,0.022918701
ChiliLiteV2_MNV3S_MultiLevel_ColorGate,1,/home/bt/Documents/Po/chili_fruit/dataset/Chili Growth Stage Original Dataset (1)/Chili Growth Stage Original Dataset/Green Chili/Green Chili00314.JPG,2,2,Green Chili,Green Chili,0.01751709,0.022537231,0.93066406,0.010185242,0.019317627
ChiliLiteV2_MNV3S_MultiLevel_ColorGate,1,/home/bt/Documents/Po/chili_fruit/dataset/Chili Growth Stage Original Dataset (1)/Chili Growth Stage Original Dataset/Green Chili/Green Chili00317.JPG,2,2,Green Chili,Green Chili,0.016571045,0.018753052,0.9345703,0.014816284,0.015174866
ChiliLiteV2_MNV3S_MultiLevel_ColorGate,1,/home/bt/Documents/Po/chili_fruit/dataset/Chili Growth Stage Original Dataset (1)/Chili Growth Stage Original Dataset/Green Chili/Green Chili00318.JPG,2,2,Green Chili,Green Chili,0.017318726,0.02645874,0.9301758,0.012466431,0.013671875
ChiliLiteV2_MNV3S_MultiLevel_ColorGate,1,/home/bt/Documents/Po/chili_fruit/dataset/Chili Growth Stage Original Dataset (1)/Chili Growth Stage Original Dataset/Green Chili/Green Chili00322.JPG,2,2,Green Chili,Green Chili,0.01890564,0.02217102,0.93115234,0.012130737,0.015472412
ChiliLiteV2_MNV3S_MultiLevel_ColorGate,1,/home/bt/Documents/Po/chili_fruit/dataset/Chili Growth Stage Original Dataset (1)/Chili Growth Stage Original Dataset/Red Chili/Red Chili00010.JPG,3,3,Red Chili,Red Chili,0.022323608,0.01713562,0.025268555,0.92041016,0.014732361
ChiliLiteV2_MNV3S_MultiLevel_ColorGate,1,/home/bt/Documents/Po/chili_fruit/dataset/Chili Growth Stage Original Dataset (1)/Chili Growth Stage Original Dataset/Red Chili/Red Chili00020.JPG,3,3,Red Chili,Red Chili,0.01940918,0.019546509,0.0126571655,0.9316406,0.016738892
ChiliLiteV2_MNV3S_MultiLevel_ColorGate,1,/home/bt/Documents/Po/chili_fruit/dataset/Chili Growth Stage Original Dataset (1)/Chili Growth Stage Original Dataset/Red Chili/Red Chili00025.JPG,3,3,Red Chili,Red Chili,0.017105103,0.019470215,0.022888184,0.92871094,0.011871338
ChiliLiteV2_MNV3S_MultiLevel_ColorGate,1,/home/bt/Documents/Po/chili_fruit/dataset/Chili Growth Stage Original Dataset (1)/Chili Growth Stage Original Dataset/Red Chili/Red Chili00050.JPG,3,3,Red Chili,Red Chili,0.017333984,0.019042969,0.0134887695,0.93359375,0.016418457
ChiliLiteV2_MNV3S_MultiLevel_ColorGate,1,/home/bt/Documents/Po/chili_fruit/dataset/Chili Growth Stage Original Dataset (1)/Chili Growth Stage Original Dataset/Red Chili/Red Chili00056.JPG,3,3,Red Chili,Red Chili,0.024032593,0.01701355,0.021362305,0.90771484,0.029876709
ChiliLiteV2_MNV3S_MultiLevel_ColorGate,1,/home/bt/Documents/Po/chili_fruit/dataset/Chili Growth Stage Original Dataset (1)/Chili Growth Stage Original Dataset/Red Chili/Red Chili00062.JPG,3,3,Red Chili,Red Chili,0.0149002075,0.016204834,0.013549805,0.93066406,0.024459839
ChiliLiteV2_MNV3S_MultiLevel_ColorGate,1,/home/bt/Documents/Po/chili_fruit/dataset/Chili Growth Stage Original Dataset (1)/Chili Growth Stage Original Dataset/Red Chili/Red Chili00063.JPG,3,3,Red Chili,Red Chili,0.016036987,0.01889038,0.012451172,0.9213867,0.031341553
ChiliLiteV2_MNV3S_MultiLevel_ColorGate,1,/home/bt/Documents/Po/chili_fruit/dataset/Chili Growth Stage Original Dataset (1)/Chili Growth Stage Original Dataset/Red Chili/Red Chili00064.JPG,3,3,Red Chili,Red Chili,0.016525269,0.01914978,0.013580322,0.9091797,0.04135132
ChiliLiteV2_MNV3S_MultiLevel_ColorGate,1,/home/bt/Documents/Po/chili_fruit/dataset/Chili Growth Stage Original Dataset (1)/Chili Growth Stage Original Dataset/Red Chili/Red Chili00067.JPG,3,3,Red Chili,Red Chili,0.024032593,0.02029419,0.022262573,0.921875,0.011581421
ChiliLiteV2_MNV3S_MultiLevel_ColorGate,1,/home/bt/Documents/Po/chili_fruit/dataset/Chili Growth Stage Original Dataset (1)/Chili Growth Stage Original Dataset/Red Chili/Red Chili00080.JPG,3,3,Red Chili,Red Chili,0.023971558,0.018920898,0.016708374,0.92822266,0.012138367
ChiliLiteV2_MNV3S_MultiLevel_ColorGate,1,/home/bt/Documents/Po/chili_fruit/dataset/Chili Growth Stage Original Dataset (1)/Chili Growth Stage Original Dataset/Red Chili/Red Chili00084.JPG,3,3,Red Chili,Red Chili,0.01701355,0.016906738,0.016952515,0.93652344,0.012748718
ChiliLiteV2_MNV3S_MultiLevel_ColorGate,1,/home/bt/Documents/Po/chili_fruit/dataset/Chili Growth Stage Original Dataset (1)/Chili Growth Stage Original Dataset/Red Chili/Red Chili00105.JPG,3,3,Red Chili,Red Chili,0.025665283,0.02319336,0.014930725,0.86279297,0.07354736
ChiliLiteV2_MNV3S_MultiLevel_ColorGate,1,/home/bt/Documents/Po/chili_fruit/dataset/Chili Growth Stage Original Dataset (1)/Chili Growth Stage Original Dataset/Red Chili/Red Chili00116.JPG,3,3,Red Chili,Red Chili,0.014923096,0.01612854,0.01473999,0.9375,0.016555786
ChiliLiteV2_MNV3S_MultiLevel_ColorGate,1,/home/bt/Documents/Po/chili_fruit/dataset/Chili Growth Stage Original Dataset (1)/Chili Growth Stage Original Dataset/Red Chili/Red Chili00118.JPG,3,3,Red Chili,Red Chili,0.015686035,0.014762878,0.014549255,0.9370117,0.017868042
ChiliLiteV2_MNV3S_MultiLevel_ColorGate,1,/home/bt/Documents/Po/chili_fruit/dataset/Chili Growth Stage Original Dataset (1)/Chili Growth Stage Original Dataset/Red Chili/Red Chili00122.JPG,3,3,Red Chili,Red Chili,0.016799927,0.016235352,0.016189575,0.9370117,0.013679504
ChiliLiteV2_MNV3S_MultiLevel_ColorGate,1,/home/bt/Documents/Po/chili_fruit/dataset/Chili Growth Stage Original Dataset (1)/Chili Growth Stage Original Dataset/Red Chili/Red Chili00124.JPG,3,3,Red Chili,Red Chili,0.01612854,0.017913818,0.015655518,0.9370117,0.013404846
ChiliLiteV2_MNV3S_MultiLevel_ColorGate,1,/home/bt/Documents/Po/chili_fruit/dataset/Chili Growth Stage Original Dataset (1)/Chili Growth Stage Original Dataset/Red Chili/Red Chili00134.JPG,3,3,Red Chili,Red Chili,0.013046265,0.017028809,0.022750854,0.92285156,0.024505615
ChiliLiteV2_MNV3S_MultiLevel_ColorGate,1,/home/bt/Documents/Po/chili_fruit/dataset/Chili Growth Stage Original Dataset (1)/Chili Growth Stage Original Dataset/Red Chili/Red Chili00135.JPG,3,3,Red Chili,Red Chili,0.014205933,0.01687622,0.01889038,0.9277344,0.022277832
ChiliLiteV2_MNV3S_MultiLevel_ColorGate,1,/home/bt/Documents/Po/chili_fruit/dataset/Chili Growth Stage Original Dataset (1)/Chili Growth Stage Original Dataset/Red Chili/Red Chili00165.JPG,3,3,Red Chili,Red Chili,0.019729614,0.02305603,0.01259613,0.93115234,0.01348114
ChiliLiteV2_MNV3S_MultiLevel_ColorGate,1,/home/bt/Documents/Po/chili_fruit/dataset/Chili Growth Stage Original Dataset (1)/Chili Growth Stage Original Dataset/Red Chili/Red Chili00200.JPG,3,3,Red Chili,Red Chili,0.04449463,0.027420044,0.011634827,0.89453125,0.021713257
ChiliLiteV2_MNV3S_MultiLevel_ColorGate,1,/home/bt/Documents/Po/chili_fruit/dataset/Chili Growth Stage Original Dataset (1)/Chili Growth Stage Original Dataset/Rotten Chili/Rotten Chili00005.JPG,4,4,Rotten Chili,Rotten Chili,0.018478394,0.021102905,0.014663696,0.015029907,0.93066406
ChiliLiteV2_MNV3S_MultiLevel_ColorGate,1,/home/bt/Documents/Po/chili_fruit/dataset/Chili Growth Stage Original Dataset (1)/Chili Growth Stage Original Dataset/Rotten Chili/Rotten Chili00011.JPG,4,4,Rotten Chili,Rotten Chili,0.025253296,0.019882202,0.045043945,0.010520935,0.89941406
ChiliLiteV2_MNV3S_MultiLevel_ColorGate,1,/home/bt/Documents/Po/chili_fruit/dataset/Chili Growth Stage Original Dataset (1)/Chili Growth Stage Original Dataset/Rotten Chili/Rotten Chili00022.JPG,4,4,Rotten Chili,Rotten Chili,0.027114868,0.023452759,0.01625061,0.016052246,0.9169922
ChiliLiteV2_MNV3S_MultiLevel_ColorGate,1,/home/bt/Documents/Po/chili_fruit/dataset/Chili Growth Stage Original Dataset (1)/Chili Growth Stage Original Dataset/Rotten Chili/Rotten Chili00045.JPG,4,4,Rotten Chili,Rotten Chili,0.01675415,0.013114929,0.032562256,0.012580872,0.9248047
ChiliLiteV2_MNV3S_MultiLevel_ColorGate,1,/home/bt/Documents/Po/chili_fruit/dataset/Chili Growth Stage Original Dataset (1)/Chili Growth Stage Original Dataset/Rotten Chili/Rotten Chili00058.JPG,4,4,Rotten Chili,Rotten Chili,0.026504517,0.019485474,0.032409668,0.011436462,0.91015625
ChiliLiteV2_MNV3S_MultiLevel_ColorGate,1,/home/bt/Documents/Po/chili_fruit/dataset/Chili Growth Stage Original Dataset (1)/Chili Growth Stage Original Dataset/Rotten Chili/Rotten Chili00067.JPG,4,4,Rotten Chili,Rotten Chili,0.021026611,0.017501831,0.015808105,0.04748535,0.8984375
ChiliLiteV2_MNV3S_MultiLevel_ColorGate,1,/home/bt/Documents/Po/chili_fruit/dataset/Chili Growth Stage Original Dataset (1)/Chili Growth Stage Original Dataset/Rotten Chili/Rotten Chili00078.JPG,4,4,Rotten Chili,Rotten Chili,0.026824951,0.025421143,0.014083862,0.12792969,0.80566406
ChiliLiteV2_MNV3S_MultiLevel_ColorGate,1,/home/bt/Documents/Po/chili_fruit/dataset/Chili Growth Stage Original Dataset (1)/Chili Growth Stage Original Dataset/Rotten Chili/Rotten Chili00081.JPG,4,4,Rotten Chili,Rotten Chili,0.019012451,0.01637268,0.04006958,0.011131287,0.9135742
ChiliLiteV2_MNV3S_MultiLevel_ColorGate,1,/home/bt/Documents/Po/chili_fruit/dataset/Chili Growth Stage Original Dataset (1)/Chili Growth Stage Original Dataset/Rotten Chili/Rotten Chili00083.JPG,4,4,Rotten Chili,Rotten Chili,0.020233154,0.019882202,0.028427124,0.010871887,0.92041016
ChiliLiteV2_MNV3S_MultiLevel_ColorGate,1,/home/bt/Documents/Po/chili_fruit/dataset/Chili Growth Stage Original Dataset (1)/Chili Growth Stage Original Dataset/Rotten Chili/Rotten Chili00086.JPG,4,4,Rotten Chili,Rotten Chili,0.019088745,0.018432617,0.029403687,0.0113220215,0.921875
ChiliLiteV2_MNV3S_MultiLevel_ColorGate,1,/home/bt/Documents/Po/chili_fruit/dataset/Chili Growth Stage Original Dataset (1)/Chili Growth Stage Original Dataset/Rotten Chili/Rotten Chili00087.JPG,4,4,Rotten Chili,Rotten Chili,0.019210815,0.019454956,0.02659607,0.011146545,0.9238281
ChiliLiteV2_MNV3S_MultiLevel_ColorGate,1,/home/bt/Documents/Po/chili_fruit/dataset/Chili Growth Stage Original Dataset (1)/Chili Growth Stage Original Dataset/Rotten Chili/Rotten Chili00094.JPG,4,4,Rotten Chili,Rotten Chili,0.015075684,0.012161255,0.051574707,0.013870239,0.90722656
ChiliLiteV2_MNV3S_MultiLevel_ColorGate,1,/home/bt/Documents/Po/chili_fruit/dataset/Chili Growth Stage Original Dataset (1)/Chili Growth Stage Original Dataset/Rotten Chili/Rotten Chili00109.JPG,4,4,Rotten Chili,Rotten Chili,0.023162842,0.018173218,0.013298035,0.023040771,0.9223633
ChiliLiteV2_MNV3S_MultiLevel_ColorGate,1,/home/bt/Documents/Po/chili_fruit/dataset/Chili Growth Stage Original Dataset (1)/Chili Growth Stage Original Dataset/Rotten Chili/Rotten Chili00112.JPG,4,4,Rotten Chili,Rotten Chili,0.025054932,0.018615723,0.013519287,0.019485474,0.92333984
ChiliLiteV2_MNV3S_MultiLevel_ColorGate,1,/home/bt/Documents/Po/chili_fruit/dataset/Chili Growth Stage Original Dataset (1)/Chili Growth Stage Original Dataset/Rotten Chili/Rotten Chili00130.JPG,4,4,Rotten Chili,Rotten Chili,0.019805908,0.018249512,0.018661499,0.014053345,0.9291992
ChiliLiteV2_MNV3S_MultiLevel_ColorGate,1,/home/bt/Documents/Po/chili_fruit/dataset/Chili Growth Stage Original Dataset (1)/Chili Growth Stage Original Dataset/Rotten Chili/Rotten Chili00136.JPG,4,4,Rotten Chili,Rotten Chili,0.019470215,0.018295288,0.01663208,0.015403748,0.9301758
ChiliLiteV2_MNV3S_MultiLevel_ColorGate,1,/home/bt/Documents/Po/chili_fruit/dataset/Chili Growth Stage Original Dataset (1)/Chili Growth Stage Original Dataset/Rotten Chili/Rotten Chili00165.JPG,4,4,Rotten Chili,Rotten Chili,0.017822266,0.013832092,0.022018433,0.013648987,0.9326172
ChiliLiteV2_MNV3S_MultiLevel_ColorGate,1,/home/bt/Documents/Po/chili_fruit/dataset/Chili Growth Stage Original Dataset (1)/Chili Growth Stage Original Dataset/Rotten Chili/Rotten Chili00167.JPG,4,4,Rotten Chili,Rotten Chili,0.01777649,0.015686035,0.012893677,0.02444458,0.9291992
ChiliLiteV2_MNV3S_MultiLevel_ColorGate,1,/home/bt/Documents/Po/chili_fruit/dataset/Chili Growth Stage Original Dataset (1)/Chili Growth Stage Original Dataset/Rotten Chili/Rotten Chili00171.JPG,4,4,Rotten Chili,Rotten Chili,0.018173218,0.015174866,0.0135650635,0.023162842,0.9301758
ChiliLiteV2_MNV3S_MultiLevel_ColorGate,1,/home/bt/Documents/Po/chili_fruit/dataset/Chili Growth Stage Original Dataset (1)/Chili Growth Stage Original Dataset/Rotten Chili/Rotten Chili00172.JPG,4,4,Rotten Chili,Rotten Chili,0.017211914,0.015075684,0.013793945,0.020248413,0.93359375
ChiliLiteV2_MNV3S_MultiLevel_ColorGate,1,/home/bt/Documents/Po/chili_fruit/dataset/Chili Growth Stage Original Dataset (1)/Chili Growth Stage Original Dataset/Rotten Chili/Rotten Chili00216.JPG,4,4,Rotten Chili,Rotten Chili,0.022857666,0.021835327,0.016143799,0.014144897,0.9248047
ChiliLiteV2_MNV3S_MultiLevel_ColorGate,1,/home/bt/Documents/Po/chili_fruit/dataset/Chili Growth Stage Original Dataset (1)/Chili Growth Stage Original Dataset/Rotten Chili/Rotten Chili00224.JPG,4,4,Rotten Chili,Rotten Chili,0.019729614,0.018234253,0.019180298,0.013008118,0.9296875
ChiliLiteV2_MNV3S_MultiLevel_ColorGate,1,/home/bt/Documents/Po/chili_fruit/dataset/Chili Growth Stage Original Dataset (1)/Chili Growth Stage Original Dataset/Rotten Chili/Rotten Chili00233.JPG,4,4,Rotten Chili,Rotten Chili,0.024032593,0.020446777,0.020385742,0.012138367,0.92285156
ChiliLiteV2_MNV3S_MultiLevel_ColorGate,1,/home/bt/Documents/Po/chili_fruit/dataset/Chili Growth Stage Original Dataset (1)/Chili Growth Stage Original Dataset/Rotten Chili/Rotten Chili00249.JPG,4,4,Rotten Chili,Rotten Chili,0.017669678,0.013374329,0.018234253,0.016662598,0.93408203
ChiliLiteV2_MNV3S_MultiLevel_ColorGate,1,/home/bt/Documents/Po/chili_fruit/dataset/Chili Growth Stage Original Dataset (1)/Chili Growth Stage Original Dataset/Rotten Chili/Rotten Chili00251.JPG,4,4,Rotten Chili,Rotten Chili,0.01928711,0.013648987,0.016845703,0.019256592,0.93115234
ChiliLiteV2_MNV3S_MultiLevel_ColorGate,1,/home/bt/Documents/Po/chili_fruit/dataset/Chili Growth Stage Original Dataset (1)/Chili Growth Stage Original Dataset/Rotten Chili/Rotten Chili00255.JPG,4,4,Rotten Chili,Rotten Chili,0.019042969,0.014556885,0.036346436,0.0124435425,0.91748047
ChiliLiteV2_MNV3S_MultiLevel_ColorGate,1,/home/bt/Documents/Po/chili_fruit/dataset/Chili Growth Stage Original Dataset (1)/Chili Growth Stage Original Dataset/Rotten Chili/Rotten Chili00262.JPG,4,4,Rotten Chili,Rotten Chili,0.019744873,0.028808594,0.023071289,0.011352539,0.9169922
ChiliLiteV2_MNV3S_MultiLevel_ColorGate,1,/home/bt/Documents/Po/chili_fruit/dataset/Chili Growth Stage Original Dataset (1)/Chili Growth Stage Original Dataset/Rotten Chili/Rotten Chili00263.JPG,4,4,Rotten Chili,Rotten Chili,0.022720337,0.03302002,0.021652222,0.01235199,0.91015625
ChiliLiteV2_MNV3S_MultiLevel_ColorGate,1,/home/bt/Documents/Po/chili_fruit/dataset/Chili Growth Stage Original Dataset (1)/Chili Growth Stage Original Dataset/Rotten Chili/Rotten Chili00273.JPG,4,4,Rotten Chili,Rotten Chili,0.019866943,0.01499939,0.01876831,0.014671326,0.9316406
ChiliLiteV2_MNV3S_MultiLevel_ColorGate,1,/home/bt/Documents/Po/chili_fruit/dataset/Chili Growth Stage Original Dataset (1)/Chili Growth Stage Original Dataset/Rotten Chili/Rotten Chili00281.JPG,4,4,Rotten Chili,Rotten Chili,0.022613525,0.014984131,0.01737976,0.015426636,0.9296875
ChiliLiteV2_MNV3S_MultiLevel_ColorGate,1,/home/bt/Documents/Po/chili_fruit/dataset/Chili Growth Stage Original Dataset (1)/Chili Growth Stage Original Dataset/Rotten Chili/Rotten Chili00288.JPG,4,4,Rotten Chili,Rotten Chili,0.017196655,0.017333984,0.014930725,0.024276733,0.92626953
ChiliLiteV2_MNV3S_MultiLevel_ColorGate,1,/home/bt/Documents/Po/chili_fruit/dataset/Chili Growth Stage Original Dataset (1)/Chili Growth Stage Original Dataset/Rotten Chili/Rotten Chili00292.JPG,4,4,Rotten Chili,Rotten Chili,0.017456055,0.019638062,0.014503479,0.022537231,0.92578125
ChiliLiteV2_MNV3S_MultiLevel_ColorGate,1,/home/bt/Documents/Po/chili_fruit/dataset/Chili Growth Stage Original Dataset (1)/Chili Growth Stage Original Dataset/Rotten Chili/Rotten Chili00314.JPG,4,4,Rotten Chili,Rotten Chili,0.01876831,0.019119263,0.016082764,0.013839722,0.9321289
ChiliLiteV2_MNV3S_MultiLevel_ColorGate,1,/home/bt/Documents/Po/chili_fruit/dataset/Chili Growth Stage Original Dataset (1)/Chili Growth Stage Original Dataset/Rotten Chili/Rotten Chili00322.JPG,4,4,Rotten Chili,Rotten Chili,0.028213501,0.020141602,0.017028809,0.015052795,0.9194336
ChiliLiteV2_MNV3S_MultiLevel_ColorGate,1,/home/bt/Documents/Po/chili_fruit/dataset/Chili Growth Stage Original Dataset (1)/Chili Growth Stage Original Dataset/Rotten Chili/Rotten Chili00328.JPG,4,4,Rotten Chili,Rotten Chili,0.023132324,0.016998291,0.016433716,0.015914917,0.9277344
ChiliLiteV2_MNV3S_MultiLevel_ColorGate,1,/home/bt/Documents/Po/chili_fruit/dataset/Chili Growth Stage Original Dataset (1)/Chili Growth Stage Original Dataset/Rotten Chili/Rotten Chili00338.JPG,4,4,Rotten Chili,Rotten Chili,0.017028809,0.015853882,0.014518738,0.017730713,0.9350586
ChiliLiteV2_MNV3S_MultiLevel_ColorGate,1,/home/bt/Documents/Po/chili_fruit/dataset/Chili Growth Stage Original Dataset (1)/Chili Growth Stage Original Dataset/Rotten Chili/Rotten Chili00355.JPG,4,4,Rotten Chili,Rotten Chili,0.025253296,0.022613525,0.019851685,0.012664795,0.9194336
ChiliLiteV2_MNV3S_MultiLevel_ColorGate,1,/home/bt/Documents/Po/chili_fruit/dataset/Chili Growth Stage Original Dataset (1)/Chili Growth Stage Original Dataset/Rotten Chili/Rotten Chili00359.JPG,4,4,Rotten Chili,Rotten Chili,0.04144287,0.03253174,0.043884277,0.011138916,0.87109375
ChiliLiteV2_MNV3S_MultiLevel_ColorGate,2,/home/bt/Documents/Po/chili_fruit/dataset/Chili Growth Stage Original Dataset (1)/Chili Growth Stage Original Dataset/Dry chili/Dry chili00005.JPG,0,0,Dry Chili,Dry Chili,0.93603516,0.018722534,0.015975952,0.017501831,0.011688232
ChiliLiteV2_MNV3S_MultiLevel_ColorGate,2,/home/bt/Documents/Po/chili_fruit/dataset/Chili Growth Stage Original Dataset (1)/Chili Growth Stage Original Dataset/Dry chili/Dry chili00018.JPG,0,0,Dry Chili,Dry Chili,0.9326172,0.016983032,0.016616821,0.021591187,0.011985779
ChiliLiteV2_MNV3S_MultiLevel_ColorGate,2,/home/bt/Documents/Po/chili_fruit/dataset/Chili Growth Stage Original Dataset (1)/Chili Growth Stage Original Dataset/Dry chili/Dry chili00020.JPG,0,0,Dry Chili,Dry Chili,0.9370117,0.01878357,0.014831543,0.017349243,0.012107849
ChiliLiteV2_MNV3S_MultiLevel_ColorGate,2,/home/bt/Documents/Po/chili_fruit/dataset/Chili Growth Stage Original Dataset (1)/Chili Growth Stage Original Dataset/Dry chili/Dry chili00024.JPG,0,0,Dry Chili,Dry Chili,0.93408203,0.017974854,0.01663208,0.02027893,0.010803223
ChiliLiteV2_MNV3S_MultiLevel_ColorGate,2,/home/bt/Documents/Po/chili_fruit/dataset/Chili Growth Stage Original Dataset (1)/Chili Growth Stage Original Dataset/Dry chili/Dry chili00026.JPG,0,0,Dry Chili,Dry Chili,0.93359375,0.019454956,0.016983032,0.018432617,0.011703491
ChiliLiteV2_MNV3S_MultiLevel_ColorGate,2,/home/bt/Documents/Po/chili_fruit/dataset/Chili Growth Stage Original Dataset (1)/Chili Growth Stage Original Dataset/Dry chili/Dry chili00045.JPG,0,0,Dry Chili,Dry Chili,0.9355469,0.021774292,0.015457153,0.016326904,0.0107040405
ChiliLiteV2_MNV3S_MultiLevel_ColorGate,2,/home/bt/Documents/Po/chili_fruit/dataset/Chili Growth Stage Original Dataset (1)/Chili Growth Stage Original Dataset/Dry chili/Dry chili00049.JPG,0,0,Dry Chili,Dry Chili,0.9350586,0.019515991,0.016906738,0.017807007,0.010688782
ChiliLiteV2_MNV3S_MultiLevel_ColorGate,2,/home/bt/Documents/Po/chili_fruit/dataset/Chili Growth Stage Original Dataset (1)/Chili Growth Stage Original Dataset/Dry chili/Dry chili00051.JPG,0,0,Dry Chili,Dry Chili,0.93408203,0.020309448,0.016235352,0.01739502,0.011795044
ChiliLiteV2_MNV3S_MultiLevel_ColorGate,2,/home/bt/Documents/Po/chili_fruit/dataset/Chili Growth Stage Original Dataset (1)/Chili Growth Stage Original Dataset/Dry chili/Dry chili00061.JPG,0,0,Dry Chili,Dry Chili,0.93847656,0.01612854,0.015159607,0.017959595,0.012321472
ChiliLiteV2_MNV3S_MultiLevel_ColorGate,2,/home/bt/Documents/Po/chili_fruit/dataset/Chili Growth Stage Original Dataset (1)/Chili Growth Stage Original Dataset/Dry chili/Dry chili00064.JPG,0,0,Dry Chili,Dry Chili,0.9243164,0.024932861,0.018615723,0.020599365,0.011734009
ChiliLiteV2_MNV3S_MultiLevel_ColorGate,2,/home/bt/Documents/Po/chili_fruit/dataset/Chili Growth Stage Original Dataset (1)/Chili Growth Stage Original Dataset/Dry chili/Dry chili00066.JPG,0,0,Dry Chili,Dry Chili,0.92333984,0.02583313,0.017318726,0.021881104,0.011543274
ChiliLiteV2_MNV3S_MultiLevel_ColorGate,2,/home/bt/Documents/Po/chili_fruit/dataset/Chili Growth Stage Original Dataset (1)/Chili Growth Stage Original Dataset/Dry chili/Dry chili00080.JPG,0,0,Dry Chili,Dry Chili,0.93310547,0.020950317,0.016708374,0.018432617,0.010749817
ChiliLiteV2_MNV3S_MultiLevel_ColorGate,2,/home/bt/Documents/Po/chili_fruit/dataset/Chili Growth Stage Original Dataset (1)/Chili Growth Stage Original Dataset/Dry chili/Dry chili00092.JPG,0,0,Dry Chili,Dry Chili,0.92578125,0.018295288,0.020523071,0.024261475,0.01108551
ChiliLiteV2_MNV3S_MultiLevel_ColorGate,2,/home/bt/Documents/Po/chili_fruit/dataset/Chili Growth Stage Original Dataset (1)/Chili Growth Stage Original Dataset/Dry chili/Dry chili00106.JPG,0,0,Dry Chili,Dry Chili,0.93115234,0.02142334,0.017059326,0.017456055,0.013084412
ChiliLiteV2_MNV3S_MultiLevel_ColorGate,2,/home/bt/Documents/Po/chili_fruit/dataset/Chili Growth Stage Original Dataset (1)/Chili Growth Stage Original Dataset/Dry chili/Dry chili00110.JPG,0,0,Dry Chili,Dry Chili,0.9213867,0.02659607,0.020004272,0.021011353,0.011177063
ChiliLiteV2_MNV3S_MultiLevel_ColorGate,2,/home/bt/Documents/Po/chili_fruit/dataset/Chili Growth Stage Original Dataset (1)/Chili Growth Stage Original Dataset/Dry chili/Dry chili00122.JPG,0,0,Dry Chili,Dry Chili,0.9370117,0.018157959,0.017333984,0.017044067,0.010253906
ChiliLiteV2_MNV3S_MultiLevel_ColorGate,2,/home/bt/Documents/Po/chili_fruit/dataset/Chili Growth Stage Original Dataset (1)/Chili Growth Stage Original Dataset/Dry chili/Dry chili00123.JPG,0,0,Dry Chili,Dry Chili,0.9316406,0.018814087,0.017440796,0.020828247,0.011512756
ChiliLiteV2_MNV3S_MultiLevel_ColorGate,2,/home/bt/Documents/Po/chili_fruit/dataset/Chili Growth Stage Original Dataset (1)/Chili Growth Stage Original Dataset/Dry chili/Dry chili00150.JPG,0,0,Dry Chili,Dry Chili,0.93652344,0.016326904,0.016586304,0.018844604,0.011497498
ChiliLiteV2_MNV3S_MultiLevel_ColorGate,2,/home/bt/Documents/Po/chili_fruit/dataset/Chili Growth Stage Original Dataset (1)/Chili Growth Stage Original Dataset/Dry chili/Dry chili00161.JPG,0,0,Dry Chili,Dry Chili,0.92871094,0.023910522,0.017974854,0.018630981,0.010894775
ChiliLiteV2_MNV3S_MultiLevel_ColorGate,2,/home/bt/Documents/Po/chili_fruit/dataset/Chili Growth Stage Original Dataset (1)/Chili Growth Stage Original Dataset/Dry chili/Dry chili00175.JPG,0,0,Dry Chili,Dry Chili,0.93310547,0.019851685,0.019042969,0.01751709,0.010429382
ChiliLiteV2_MNV3S_MultiLevel_ColorGate,2,/home/bt/Documents/Po/chili_fruit/dataset/Chili Growth Stage Original Dataset (1)/Chili Growth Stage Original Dataset/Dry chili/Dry chili00182.JPG,0,0,Dry Chili,Dry Chili,0.93310547,0.020187378,0.01663208,0.017562866,0.012504578
ChiliLiteV2_MNV3S_MultiLevel_ColorGate,2,/home/bt/Documents/Po/chili_fruit/dataset/Chili Growth Stage Original Dataset (1)/Chili Growth Stage Original Dataset/Dry chili/Dry chili00189.JPG,0,0,Dry Chili,Dry Chili,0.94091797,0.017181396,0.015151978,0.015731812,0.011016846
ChiliLiteV2_MNV3S_MultiLevel_ColorGate,2,/home/bt/Documents/Po/chili_fruit/dataset/Chili Growth Stage Original Dataset (1)/Chili Growth Stage Original Dataset/Dry chili/Dry chili00252.JPG,0,0,Dry Chili,Dry Chili,0.9321289,0.018920898,0.016906738,0.020736694,0.011505127
ChiliLiteV2_MNV3S_MultiLevel_ColorGate,2,/home/bt/Documents/Po/chili_fruit/dataset/Chili Growth Stage Original Dataset (1)/Chili Growth Stage Original Dataset/Dry chili/Dry chili00261.JPG,0,0,Dry Chili,Dry Chili,0.9321289,0.018753052,0.017288208,0.020446777,0.011375427
ChiliLiteV2_MNV3S_MultiLevel_ColorGate,2,/home/bt/Documents/Po/chili_fruit/dataset/Chili Growth Stage Original Dataset (1)/Chili Growth Stage Original Dataset/Dry chili/Dry chili00263.JPG,0,0,Dry Chili,Dry Chili,0.9326172,0.019012451,0.017486572,0.019424438,0.011367798
ChiliLiteV2_MNV3S_MultiLevel_ColorGate,2,/home/bt/Documents/Po/chili_fruit/dataset/Chili Growth Stage Original Dataset (1)/Chili Growth Stage Original Dataset/Dry chili/Dry chili00277.JPG,0,0,Dry Chili,Dry Chili,0.9355469,0.019424438,0.017654419,0.016708374,0.010612488
ChiliLiteV2_MNV3S_MultiLevel_ColorGate,2,/home/bt/Documents/Po/chili_fruit/dataset/Chili Growth Stage Original Dataset (1)/Chili Growth Stage Original Dataset/Dry chili/Dry chili00282.JPG,0,0,Dry Chili,Dry Chili,0.93652344,0.018829346,0.015350342,0.017791748,0.011329651
ChiliLiteV2_MNV3S_MultiLevel_ColorGate,2,/home/bt/Documents/Po/chili_fruit/dataset/Chili Growth Stage Original Dataset (1)/Chili Growth Stage Original Dataset/Dry chili/Dry chili00299.JPG,0,0,Dry Chili,Dry Chili,0.9321289,0.020477295,0.017227173,0.01826477,0.0118637085
ChiliLiteV2_MNV3S_MultiLevel_ColorGate,2,/home/bt/Documents/Po/chili_fruit/dataset/Chili Growth Stage Original Dataset (1)/Chili Growth Stage Original Dataset/Dry chili/Dry chili00300.JPG,0,0,Dry Chili,Dry Chili,0.9375,0.021514893,0.014587402,0.0154800415,0.01109314
ChiliLiteV2_MNV3S_MultiLevel_ColorGate,2,/home/bt/Documents/Po/chili_fruit/dataset/Chili Growth Stage Original Dataset (1)/Chili Growth Stage Original Dataset/Dry chili/Dry chili00313.JPG,0,0,Dry Chili,Dry Chili,0.93408203,0.022415161,0.015258789,0.018463135,0.00982666
ChiliLiteV2_MNV3S_MultiLevel_ColorGate,2,/home/bt/Documents/Po/chili_fruit/dataset/Chili Growth Stage Original Dataset (1)/Chili Growth Stage Original Dataset/Dry chili/Dry chili00317.JPG,0,0,Dry Chili,Dry Chili,0.93603516,0.019088745,0.016403198,0.017440796,0.010902405
ChiliLiteV2_MNV3S_MultiLevel_ColorGate,2,/home/bt/Documents/Po/chili_fruit/dataset/Chili Growth Stage Original Dataset (1)/Chili Growth Stage Original Dataset/Dry chili/Dry chili00339.JPG,0,0,Dry Chili,Dry Chili,0.9399414,0.016830444,0.015731812,0.01625061,0.01109314
ChiliLiteV2_MNV3S_MultiLevel_ColorGate,2,/home/bt/Documents/Po/chili_fruit/dataset/Chili Growth Stage Original Dataset (1)/Chili Growth Stage Original Dataset/Dry chili/Dry chili00345.JPG,0,0,Dry Chili,Dry Chili,0.9350586,0.019378662,0.015792847,0.01727295,0.012374878
ChiliLiteV2_MNV3S_MultiLevel_ColorGate,2,/home/bt/Documents/Po/chili_fruit/dataset/Chili Growth Stage Original Dataset (1)/Chili Growth Stage Original Dataset/Dry chili/Dry chili00347.JPG,0,0,Dry Chili,Dry Chili,0.9277344,0.01878357,0.020339966,0.02154541,0.011810303
ChiliLiteV2_MNV3S_MultiLevel_ColorGate,2,/home/bt/Documents/Po/chili_fruit/dataset/Chili Growth Stage Original Dataset (1)/Chili Growth Stage Original Dataset/Dry chili/Dry chili00348.JPG,0,0,Dry Chili,Dry Chili,0.9301758,0.018295288,0.017486572,0.021911621,0.012199402
ChiliLiteV2_MNV3S_MultiLevel_ColorGate,2,/home/bt/Documents/Po/chili_fruit/dataset/Chili Growth Stage Original Dataset (1)/Chili Growth Stage Original Dataset/Dry chili/Dry chili00354.JPG,0,0,Dry Chili,Dry Chili,0.9355469,0.019500732,0.016433716,0.016326904,0.012046814
ChiliLiteV2_MNV3S_MultiLevel_ColorGate,2,/home/bt/Documents/Po/chili_fruit/dataset/Chili Growth Stage Original Dataset (1)/Chili Growth Stage Original Dataset/Dry chili/Dry chili00370.JPG,0,0,Dry Chili,Dry Chili,0.92822266,0.020904541,0.019454956,0.02017212,0.011238098
ChiliLiteV2_MNV3S_MultiLevel_ColorGate,2,/home/bt/Documents/Po/chili_fruit/dataset/Chili Growth Stage Original Dataset (1)/Chili Growth Stage Original Dataset/Dry chili/Dry chili00372.JPG,0,0,Dry Chili,Dry Chili,0.93359375,0.019378662,0.016708374,0.018249512,0.012275696
ChiliLiteV2_MNV3S_MultiLevel_ColorGate,2,/home/bt/Documents/Po/chili_fruit/dataset/Chili Growth Stage Original Dataset (1)/Chili Growth Stage Original Dataset/Dry chili/Dry chili00378.JPG,0,0,Dry Chili,Dry Chili,0.93066406,0.0184021,0.016952515,0.02168274,0.012504578
ChiliLiteV2_MNV3S_MultiLevel_ColorGate,2,/home/bt/Documents/Po/chili_fruit/dataset/Chili Growth Stage Original Dataset (1)/Chili Growth Stage Original Dataset/Dry chili/Dry chili00379.JPG,0,0,Dry Chili,Dry Chili,0.93115234,0.021194458,0.017852783,0.018753052,0.011054993
ChiliLiteV2_MNV3S_MultiLevel_ColorGate,2,/home/bt/Documents/Po/chili_fruit/dataset/Chili Growth Stage Original Dataset (1)/Chili Growth Stage Original Dataset/Dry chili/Dry chili00406.JPG,0,0,Dry Chili,Dry Chili,0.9272461,0.021514893,0.01789856,0.021331787,0.01184845
ChiliLiteV2_MNV3S_MultiLevel_ColorGate,2,/home/bt/Documents/Po/chili_fruit/dataset/Chili Growth Stage Original Dataset (1)/Chili Growth Stage Original Dataset/Flower/Flower00003.JPG,1,1,Flower,Flower,0.01374054,0.9238281,0.028060913,0.020553589,0.013839722
ChiliLiteV2_MNV3S_MultiLevel_ColorGate,2,/home/bt/Documents/Po/chili_fruit/dataset/Chili Growth Stage Original Dataset (1)/Chili Growth Stage Original Dataset/Flower/Flower00005.JPG,1,1,Flower,Flower,0.01838684,0.9091797,0.030380249,0.029067993,0.013122559
ChiliLiteV2_MNV3S_MultiLevel_ColorGate,2,/home/bt/Documents/Po/chili_fruit/dataset/Chili Growth Stage Original Dataset (1)/Chili Growth Stage Original Dataset/Flower/Flower00011.JPG,1,1,Flower,Flower,0.012535095,0.9326172,0.02128601,0.017501831,0.015899658
ChiliLiteV2_MNV3S_MultiLevel_ColorGate,2,/home/bt/Documents/Po/chili_fruit/dataset/Chili Growth Stage Original Dataset (1)/Chili Growth Stage Original Dataset/Flower/Flower00014.JPG,1,1,Flower,Flower,0.016311646,0.9267578,0.019241333,0.021820068,0.015701294
ChiliLiteV2_MNV3S_MultiLevel_ColorGate,2,/home/bt/Documents/Po/chili_fruit/dataset/Chili Growth Stage Original Dataset (1)/Chili Growth Stage Original Dataset/Flower/Flower00032.JPG,1,1,Flower,Flower,0.014381409,0.92626953,0.027893066,0.019088745,0.012313843
ChiliLiteV2_MNV3S_MultiLevel_ColorGate,2,/home/bt/Documents/Po/chili_fruit/dataset/Chili Growth Stage Original Dataset (1)/Chili Growth Stage Original Dataset/Flower/Flower00067.JPG,1,1,Flower,Flower,0.018692017,0.9194336,0.017562866,0.026321411,0.017852783
ChiliLiteV2_MNV3S_MultiLevel_ColorGate,2,/home/bt/Documents/Po/chili_fruit/dataset/Chili Growth Stage Original Dataset (1)/Chili Growth Stage Original Dataset/Flower/Flower00073.JPG,1,1,Flower,Flower,0.013595581,0.92578125,0.017929077,0.023605347,0.019134521
ChiliLiteV2_MNV3S_MultiLevel_ColorGate,2,/home/bt/Documents/Po/chili_fruit/dataset/Chili Growth Stage Original Dataset (1)/Chili Growth Stage Original Dataset/Flower/Flower00081.JPG,1,1,Flower,Flower,0.013717651,0.9272461,0.017196655,0.021987915,0.019699097
ChiliLiteV2_MNV3S_MultiLevel_ColorGate,2,/home/bt/Documents/Po/chili_fruit/dataset/Chili Growth Stage Original Dataset (1)/Chili Growth Stage Original Dataset/Flower/Flower00083.JPG,1,1,Flower,Flower,0.013771057,0.92529297,0.02015686,0.020263672,0.02029419
ChiliLiteV2_MNV3S_MultiLevel_ColorGate,2,/home/bt/Documents/Po/chili_fruit/dataset/Chili Growth Stage Original Dataset (1)/Chili Growth Stage Original Dataset/Flower/Flower00084.JPG,1,1,Flower,Flower,0.012458801,0.9199219,0.019073486,0.021240234,0.027267456
ChiliLiteV2_MNV3S_MultiLevel_ColorGate,2,/home/bt/Documents/Po/chili_fruit/dataset/Chili Growth Stage Original Dataset (1)/Chili Growth Stage Original Dataset/Flower/Flower00099.JPG,1,1,Flower,Flower,0.014198303,0.9082031,0.017654419,0.033813477,0.02619934
ChiliLiteV2_MNV3S_MultiLevel_ColorGate,2,/home/bt/Documents/Po/chili_fruit/dataset/Chili Growth Stage Original Dataset (1)/Chili Growth Stage Original Dataset/Flower/Flower00105.JPG,1,1,Flower,Flower,0.01739502,0.92041016,0.018539429,0.027252197,0.016342163
ChiliLiteV2_MNV3S_MultiLevel_ColorGate,2,/home/bt/Documents/Po/chili_fruit/dataset/Chili Growth Stage Original Dataset (1)/Chili Growth Stage Original Dataset/Flower/Flower00108.JPG,1,1,Flower,Flower,0.01386261,0.9194336,0.021759033,0.027618408,0.017547607
ChiliLiteV2_MNV3S_MultiLevel_ColorGate,2,/home/bt/Documents/Po/chili_fruit/dataset/Chili Growth Stage Original Dataset (1)/Chili Growth Stage Original Dataset/Flower/Flower00111.JPG,1,1,Flower,Flower,0.016098022,0.92822266,0.017959595,0.02178955,0.015930176
ChiliLiteV2_MNV3S_MultiLevel_ColorGate,2,/home/bt/Documents/Po/chili_fruit/dataset/Chili Growth Stage Original Dataset (1)/Chili Growth Stage Original Dataset/Flower/Flower00136.JPG,1,1,Flower,Flower,0.013771057,0.92578125,0.026626587,0.02041626,0.013374329
ChiliLiteV2_MNV3S_MultiLevel_ColorGate,2,/home/bt/Documents/Po/chili_fruit/dataset/Chili Growth Stage Original Dataset (1)/Chili Growth Stage Original Dataset/Flower/Flower00137.JPG,1,1,Flower,Flower,0.012802124,0.92333984,0.03125,0.019546509,0.013244629
ChiliLiteV2_MNV3S_MultiLevel_ColorGate,2,/home/bt/Documents/Po/chili_fruit/dataset/Chili Growth Stage Original Dataset (1)/Chili Growth Stage Original Dataset/Flower/Flower00140.JPG,1,1,Flower,Flower,0.014289856,0.9189453,0.028137207,0.024887085,0.013549805
ChiliLiteV2_MNV3S_MultiLevel_ColorGate,2,/home/bt/Documents/Po/chili_fruit/dataset/Chili Growth Stage Original Dataset (1)/Chili Growth Stage Original Dataset/Flower/Flower00154.JPG,1,1,Flower,Flower,0.013442993,0.92871094,0.019577026,0.021713257,0.01676941
ChiliLiteV2_MNV3S_MultiLevel_ColorGate,2,/home/bt/Documents/Po/chili_fruit/dataset/Chili Growth Stage Original Dataset (1)/Chili Growth Stage Original Dataset/Flower/Flower00159.JPG,1,1,Flower,Flower,0.0143585205,0.9243164,0.021713257,0.022491455,0.017028809
ChiliLiteV2_MNV3S_MultiLevel_ColorGate,2,/home/bt/Documents/Po/chili_fruit/dataset/Chili Growth Stage Original Dataset (1)/Chili Growth Stage Original Dataset/Flower/Flower00165.JPG,1,1,Flower,Flower,0.013679504,0.9267578,0.019973755,0.021469116,0.0178833
ChiliLiteV2_MNV3S_MultiLevel_ColorGate,2,/home/bt/Documents/Po/chili_fruit/dataset/Chili Growth Stage Original Dataset (1)/Chili Growth Stage Original Dataset/Flower/Flower00176.JPG,1,1,Flower,Flower,0.0146484375,0.9277344,0.022964478,0.0181427,0.016296387
ChiliLiteV2_MNV3S_MultiLevel_ColorGate,2,/home/bt/Documents/Po/chili_fruit/dataset/Chili Growth Stage Original Dataset (1)/Chili Growth Stage Original Dataset/Flower/Flower00185.JPG,1,1,Flower,Flower,0.015640259,0.92871094,0.018936157,0.022369385,0.0143966675
ChiliLiteV2_MNV3S_MultiLevel_ColorGate,2,/home/bt/Documents/Po/chili_fruit/dataset/Chili Growth Stage Original Dataset (1)/Chili Growth Stage Original Dataset/Flower/Flower00202.JPG,1,1,Flower,Flower,0.017822266,0.921875,0.020706177,0.024490356,0.01499176
ChiliLiteV2_MNV3S_MultiLevel_ColorGate,2,/home/bt/Documents/Po/chili_fruit/dataset/Chili Growth Stage Original Dataset (1)/Chili Growth Stage Original Dataset/Flower/Flower00205.JPG,1,1,Flower,Flower,0.018600464,0.9238281,0.020889282,0.022598267,0.014228821
ChiliLiteV2_MNV3S_MultiLevel_ColorGate,2,/home/bt/Documents/Po/chili_fruit/dataset/Chili Growth Stage Original Dataset (1)/Chili Growth Stage Original Dataset/Flower/Flower00206.JPG,1,1,Flower,Flower,0.016021729,0.92333984,0.019683838,0.023513794,0.017593384
ChiliLiteV2_MNV3S_MultiLevel_ColorGate,2,/home/bt/Documents/Po/chili_fruit/dataset/Chili Growth Stage Original Dataset (1)/Chili Growth Stage Original Dataset/Flower/Flower00229.JPG,1,1,Flower,Flower,0.019302368,0.9243164,0.022979736,0.019866943,0.013328552
ChiliLiteV2_MNV3S_MultiLevel_ColorGate,2,/home/bt/Documents/Po/chili_fruit/dataset/Chili Growth Stage Original Dataset (1)/Chili Growth Stage Original Dataset/Flower/Flower00243.JPG,1,1,Flower,Flower,0.018035889,0.9223633,0.020843506,0.021850586,0.016815186
ChiliLiteV2_MNV3S_MultiLevel_ColorGate,2,/home/bt/Documents/Po/chili_fruit/dataset/Chili Growth Stage Original Dataset (1)/Chili Growth Stage Original Dataset/Flower/Flower00247.JPG,1,1,Flower,Flower,0.019088745,0.9238281,0.024536133,0.016799927,0.015731812
ChiliLiteV2_MNV3S_MultiLevel_ColorGate,2,/home/bt/Documents/Po/chili_fruit/dataset/Chili Growth Stage Original Dataset (1)/Chili Growth Stage Original Dataset/Flower/Flower00250.JPG,1,1,Flower,Flower,0.020843506,0.92041016,0.024719238,0.019134521,0.014907837
ChiliLiteV2_MNV3S_MultiLevel_ColorGate,2,/home/bt/Documents/Po/chili_fruit/dataset/Chili Growth Stage Original Dataset (1)/Chili Growth Stage Original Dataset/Flower/Flower00260.JPG,1,1,Flower,Flower,0.015220642,0.92089844,0.0335083,0.018615723,0.012001038
ChiliLiteV2_MNV3S_MultiLevel_ColorGate,2,/home/bt/Documents/Po/chili_fruit/dataset/Chili Growth Stage Original Dataset (1)/Chili Growth Stage Original Dataset/Flower/Flower00271.JPG,1,1,Flower,Flower,0.013511658,0.92626953,0.025894165,0.020401001,0.013725281
ChiliLiteV2_MNV3S_MultiLevel_ColorGate,2,/home/bt/Documents/Po/chili_fruit/dataset/Chili Growth Stage Original Dataset (1)/Chili Growth Stage Original Dataset/Flower/Flower00291.JPG,1,1,Flower,Flower,0.01651001,0.92578125,0.022140503,0.02180481,0.013572693
ChiliLiteV2_MNV3S_MultiLevel_ColorGate,2,/home/bt/Documents/Po/chili_fruit/dataset/Chili Growth Stage Original Dataset (1)/Chili Growth Stage Original Dataset/Flower/Flower00308.JPG,1,1,Flower,Flower,0.018585205,0.91503906,0.020599365,0.017456055,0.02835083
ChiliLiteV2_MNV3S_MultiLevel_ColorGate,2,/home/bt/Documents/Po/chili_fruit/dataset/Chili Growth Stage Original Dataset (1)/Chili Growth Stage Original Dataset/Flower/Flower00309.JPG,1,1,Flower,Flower,0.02067566,0.91064453,0.020431519,0.016525269,0.031921387
ChiliLiteV2_MNV3S_MultiLevel_ColorGate,2,/home/bt/Documents/Po/chili_fruit/dataset/Chili Growth Stage Original Dataset (1)/Chili Growth Stage Original Dataset/Flower/Flower00311.JPG,1,1,Flower,Flower,0.020996094,0.9277344,0.022994995,0.014465332,0.013877869
ChiliLiteV2_MNV3S_MultiLevel_ColorGate,2,/home/bt/Documents/Po/chili_fruit/dataset/Chili Growth Stage Original Dataset (1)/Chili Growth Stage Original Dataset/Flower/Flower00348.JPG,1,1,Flower,Flower,0.013389587,0.9116211,0.040802002,0.020385742,0.013587952
ChiliLiteV2_MNV3S_MultiLevel_ColorGate,2,/home/bt/Documents/Po/chili_fruit/dataset/Chili Growth Stage Original Dataset (1)/Chili Growth Stage Original Dataset/Flower/Flower00356.JPG,1,1,Flower,Flower,0.016159058,0.92871094,0.021957397,0.016586304,0.016601562
ChiliLiteV2_MNV3S_MultiLevel_ColorGate,2,/home/bt/Documents/Po/chili_fruit/dataset/Chili Growth Stage Original Dataset (1)/Chili Growth Stage Original Dataset/Flower/Flower00360.JPG,1,1,Flower,Flower,0.020446777,0.92041016,0.02885437,0.017608643,0.01272583
ChiliLiteV2_MNV3S_MultiLevel_ColorGate,2,/home/bt/Documents/Po/chili_fruit/dataset/Chili Growth Stage Original Dataset (1)/Chili Growth Stage Original Dataset/Flower/Flower00366.JPG,1,1,Flower,Flower,0.016647339,0.91552734,0.031463623,0.023025513,0.013404846
ChiliLiteV2_MNV3S_MultiLevel_ColorGate,2,/home/bt/Documents/Po/chili_fruit/dataset/Chili Growth Stage Original Dataset (1)/Chili Growth Stage Original Dataset/Flower/Flower00382.JPG,1,1,Flower,Flower,0.017044067,0.9238281,0.019607544,0.016601562,0.02281189
ChiliLiteV2_MNV3S_MultiLevel_ColorGate,2,/home/bt/Documents/Po/chili_fruit/dataset/Chili Growth Stage Original Dataset (1)/Chili Growth Stage Original Dataset/Green Chili/Green Chili00018.JPG,2,2,Green Chili,Green Chili,0.015312195,0.019546509,0.93359375,0.014884949,0.016540527
ChiliLiteV2_MNV3S_MultiLevel_ColorGate,2,/home/bt/Documents/Po/chili_fruit/dataset/Chili Growth Stage Original Dataset (1)/Chili Growth Stage Original Dataset/Green Chili/Green Chili00033.JPG,2,2,Green Chili,Green Chili,0.021316528,0.026229858,0.7636719,0.018356323,0.17028809
ChiliLiteV2_MNV3S_MultiLevel_ColorGate,2,/home/bt/Documents/Po/chili_fruit/dataset/Chili Growth Stage Original Dataset (1)/Chili Growth Stage Original Dataset/Green Chili/Green Chili00034.JPG,2,2,Green Chili,Green Chili,0.021255493,0.013587952,0.91259766,0.015068054,0.037719727
ChiliLiteV2_MNV3S_MultiLevel_ColorGate,2,/home/bt/Documents/Po/chili_fruit/dataset/Chili Growth Stage Original Dataset (1)/Chili Growth Stage Original Dataset/Green Chili/Green Chili00041.JPG,2,2,Green Chili,Green Chili,0.016860962,0.01763916,0.9326172,0.018096924,0.014793396
ChiliLiteV2_MNV3S_MultiLevel_ColorGate,2,/home/bt/Documents/Po/chili_fruit/dataset/Chili Growth Stage Original Dataset (1)/Chili Growth Stage Original Dataset/Green Chili/Green Chili00053.JPG,2,2,Green Chili,Green Chili,0.012756348,0.015777588,0.93652344,0.018203735,0.016952515
ChiliLiteV2_MNV3S_MultiLevel_ColorGate,2,/home/bt/Documents/Po/chili_fruit/dataset/Chili Growth Stage Original Dataset (1)/Chili Growth Stage Original Dataset/Green Chili/Green Chili00059.JPG,2,2,Green Chili,Green Chili,0.0126953125,0.013824463,0.9350586,0.020950317,0.017715454
ChiliLiteV2_MNV3S_MultiLevel_ColorGate,2,/home/bt/Documents/Po/chili_fruit/dataset/Chili Growth Stage Original Dataset (1)/Chili Growth Stage Original Dataset/Green Chili/Green Chili00061.JPG,2,2,Green Chili,Green Chili,0.00969696,0.015296936,0.9199219,0.021057129,0.033966064
ChiliLiteV2_MNV3S_MultiLevel_ColorGate,2,/home/bt/Documents/Po/chili_fruit/dataset/Chili Growth Stage Original Dataset (1)/Chili Growth Stage Original Dataset/Green Chili/Green Chili00074.JPG,2,2,Green Chili,Green Chili,0.015098572,0.017669678,0.9238281,0.027908325,0.015335083
ChiliLiteV2_MNV3S_MultiLevel_ColorGate,2,/home/bt/Documents/Po/chili_fruit/dataset/Chili Growth Stage Original Dataset (1)/Chili Growth Stage Original Dataset/Green Chili/Green Chili00093.JPG,2,2,Green Chili,Green Chili,0.013496399,0.013298035,0.93066406,0.01625061,0.026260376
ChiliLiteV2_MNV3S_MultiLevel_ColorGate,2,/home/bt/Documents/Po/chili_fruit/dataset/Chili Growth Stage Original Dataset (1)/Chili Growth Stage Original Dataset/Green Chili/Green Chili00134.JPG,2,2,Green Chili,Green Chili,0.011108398,0.016647339,0.9350586,0.019042969,0.018295288
ChiliLiteV2_MNV3S_MultiLevel_ColorGate,2,/home/bt/Documents/Po/chili_fruit/dataset/Chili Growth Stage Original Dataset (1)/Chili Growth Stage Original Dataset/Green Chili/Green Chili00138.JPG,2,2,Green Chili,Green Chili,0.011245728,0.014984131,0.9379883,0.020095825,0.015586853
ChiliLiteV2_MNV3S_MultiLevel_ColorGate,2,/home/bt/Documents/Po/chili_fruit/dataset/Chili Growth Stage Original Dataset (1)/Chili Growth Stage Original Dataset/Green Chili/Green Chili00146.JPG,2,2,Green Chili,Green Chili,0.011291504,0.013931274,0.9355469,0.020309448,0.019073486
ChiliLiteV2_MNV3S_MultiLevel_ColorGate,2,/home/bt/Documents/Po/chili_fruit/dataset/Chili Growth Stage Original Dataset (1)/Chili Growth Stage Original Dataset/Green Chili/Green Chili00155.JPG,2,2,Green Chili,Green Chili,0.011474609,0.013450623,0.9272461,0.019241333,0.028396606
ChiliLiteV2_MNV3S_MultiLevel_ColorGate,2,/home/bt/Documents/Po/chili_fruit/dataset/Chili Growth Stage Original Dataset (1)/Chili Growth Stage Original Dataset/Green Chili/Green Chili00156.JPG,2,2,Green Chili,Green Chili,0.010688782,0.013214111,0.93066406,0.023376465,0.021865845
ChiliLiteV2_MNV3S_MultiLevel_ColorGate,2,/home/bt/Documents/Po/chili_fruit/dataset/Chili Growth Stage Original Dataset (1)/Chili Growth Stage Original Dataset/Green Chili/Green Chili00172.JPG,2,2,Green Chili,Green Chili,0.0146865845,0.021316528,0.89746094,0.05331421,0.01335907
ChiliLiteV2_MNV3S_MultiLevel_ColorGate,2,/home/bt/Documents/Po/chili_fruit/dataset/Chili Growth Stage Original Dataset (1)/Chili Growth Stage Original Dataset/Green Chili/Green Chili00173.JPG,2,2,Green Chili,Green Chili,0.016403198,0.022766113,0.8901367,0.05718994,0.013282776
ChiliLiteV2_MNV3S_MultiLevel_ColorGate,2,/home/bt/Documents/Po/chili_fruit/dataset/Chili Growth Stage Original Dataset (1)/Chili Growth Stage Original Dataset/Green Chili/Green Chili00188.JPG,2,2,Green Chili,Green Chili,0.013298035,0.013557434,0.9345703,0.016281128,0.022079468
ChiliLiteV2_MNV3S_MultiLevel_ColorGate,2,/home/bt/Documents/Po/chili_fruit/dataset/Chili Growth Stage Original Dataset (1)/Chili Growth Stage Original Dataset/Green Chili/Green Chili00204.JPG,2,2,Green Chili,Green Chili,0.012191772,0.013504028,0.9321289,0.023788452,0.01826477
ChiliLiteV2_MNV3S_MultiLevel_ColorGate,2,/home/bt/Documents/Po/chili_fruit/dataset/Chili Growth Stage Original Dataset (1)/Chili Growth Stage Original Dataset/Green Chili/Green Chili00207.JPG,2,2,Green Chili,Green Chili,0.011108398,0.013717651,0.93310547,0.023071289,0.018997192
ChiliLiteV2_MNV3S_MultiLevel_ColorGate,2,/home/bt/Documents/Po/chili_fruit/dataset/Chili Growth Stage Original Dataset (1)/Chili Growth Stage Original Dataset/Green Chili/Green Chili00208.JPG,2,2,Green Chili,Green Chili,0.010040283,0.012664795,0.9277344,0.022460938,0.02696228
ChiliLiteV2_MNV3S_MultiLevel_ColorGate,2,/home/bt/Documents/Po/chili_fruit/dataset/Chili Growth Stage Original Dataset (1)/Chili Growth Stage Original Dataset/Green Chili/Green Chili00212.JPG,2,2,Green Chili,Green Chili,0.01084137,0.011932373,0.9301758,0.020584106,0.0262146
ChiliLiteV2_MNV3S_MultiLevel_ColorGate,2,/home/bt/Documents/Po/chili_fruit/dataset/Chili Growth Stage Original Dataset (1)/Chili Growth Stage Original Dataset/Green Chili/Green Chili00216.JPG,2,2,Green Chili,Green Chili,0.012001038,0.014755249,0.93359375,0.022064209,0.01737976
ChiliLiteV2_MNV3S_MultiLevel_ColorGate,2,/home/bt/Documents/Po/chili_fruit/dataset/Chili Growth Stage Original Dataset (1)/Chili Growth Stage Original Dataset/Green Chili/Green Chili00232.JPG,2,2,Green Chili,Green Chili,0.010726929,0.013206482,0.93115234,0.023376465,0.021453857
ChiliLiteV2_MNV3S_MultiLevel_ColorGate,2,/home/bt/Documents/Po/chili_fruit/dataset/Chili Growth Stage Original Dataset (1)/Chili Growth Stage Original Dataset/Green Chili/Green Chili00236.JPG,2,2,Green Chili,Green Chili,0.012481689,0.01424408,0.9350586,0.01713562,0.020965576
ChiliLiteV2_MNV3S_MultiLevel_ColorGate,2,/home/bt/Documents/Po/chili_fruit/dataset/Chili Growth Stage Original Dataset (1)/Chili Growth Stage Original Dataset/Green Chili/Green Chili00242.JPG,2,2,Green Chili,Green Chili,0.013137817,0.0132369995,0.9316406,0.016540527,0.025436401
ChiliLiteV2_MNV3S_MultiLevel_ColorGate,2,/home/bt/Documents/Po/chili_fruit/dataset/Chili Growth Stage Original Dataset (1)/Chili Growth Stage Original Dataset/Green Chili/Green Chili00267.JPG,2,2,Green Chili,Green Chili,0.01158905,0.013641357,0.93310547,0.018508911,0.023101807
ChiliLiteV2_MNV3S_MultiLevel_ColorGate,2,/home/bt/Documents/Po/chili_fruit/dataset/Chili Growth Stage Original Dataset (1)/Chili Growth Stage Original Dataset/Green Chili/Green Chili00299.JPG,2,2,Green Chili,Green Chili,0.015266418,0.018630981,0.9316406,0.022354126,0.012252808
ChiliLiteV2_MNV3S_MultiLevel_ColorGate,2,/home/bt/Documents/Po/chili_fruit/dataset/Chili Growth Stage Original Dataset (1)/Chili Growth Stage Original Dataset/Green Chili/Green Chili00301.JPG,2,2,Green Chili,Green Chili,0.01663208,0.012199402,0.92822266,0.024353027,0.01838684
ChiliLiteV2_MNV3S_MultiLevel_ColorGate,2,/home/bt/Documents/Po/chili_fruit/dataset/Chili Growth Stage Original Dataset (1)/Chili Growth Stage Original Dataset/Green Chili/Green Chili00305.JPG,2,2,Green Chili,Green Chili,0.026138306,0.013824463,0.92285156,0.020736694,0.016342163
ChiliLiteV2_MNV3S_MultiLevel_ColorGate,2,/home/bt/Documents/Po/chili_fruit/dataset/Chili Growth Stage Original Dataset (1)/Chili Growth Stage Original Dataset/Green Chili/Green Chili00312.JPG,2,2,Green Chili,Green Chili,0.01687622,0.014823914,0.92822266,0.022018433,0.018295288
ChiliLiteV2_MNV3S_MultiLevel_ColorGate,2,/home/bt/Documents/Po/chili_fruit/dataset/Chili Growth Stage Original Dataset (1)/Chili Growth Stage Original Dataset/Green Chili/Green Chili00313.JPG,2,2,Green Chili,Green Chili,0.013542175,0.0211792,0.9321289,0.019683838,0.01348114
ChiliLiteV2_MNV3S_MultiLevel_ColorGate,2,/home/bt/Documents/Po/chili_fruit/dataset/Chili Growth Stage Original Dataset (1)/Chili Growth Stage Original Dataset/Green Chili/Green Chili00324.JPG,2,2,Green Chili,Green Chili,0.023208618,0.020858765,0.8930664,0.04699707,0.015655518
ChiliLiteV2_MNV3S_MultiLevel_ColorGate,2,/home/bt/Documents/Po/chili_fruit/dataset/Chili Growth Stage Original Dataset (1)/Chili Growth Stage Original Dataset/Green Chili/Green Chili00326.JPG,2,2,Green Chili,Green Chili,0.029586792,0.042877197,0.8198242,0.09460449,0.012931824
ChiliLiteV2_MNV3S_MultiLevel_ColorGate,2,/home/bt/Documents/Po/chili_fruit/dataset/Chili Growth Stage Original Dataset (1)/Chili Growth Stage Original Dataset/Red Chili/Red Chili00001.JPG,3,3,Red Chili,Red Chili,0.015716553,0.017089844,0.012809753,0.9345703,0.020019531
ChiliLiteV2_MNV3S_MultiLevel_ColorGate,2,/home/bt/Documents/Po/chili_fruit/dataset/Chili Growth Stage Original Dataset (1)/Chili Growth Stage Original Dataset/Red Chili/Red Chili00007.JPG,3,3,Red Chili,Red Chili,0.015388489,0.018722534,0.01499176,0.9326172,0.018310547
ChiliLiteV2_MNV3S_MultiLevel_ColorGate,2,/home/bt/Documents/Po/chili_fruit/dataset/Chili Growth Stage Original Dataset (1)/Chili Growth Stage Original Dataset/Red Chili/Red Chili00009.JPG,3,3,Red Chili,Red Chili,0.018432617,0.016082764,0.018920898,0.9321289,0.014656067
ChiliLiteV2_MNV3S_MultiLevel_ColorGate,2,/home/bt/Documents/Po/chili_fruit/dataset/Chili Growth Stage Original Dataset (1)/Chili Growth Stage Original Dataset/Red Chili/Red Chili00016.JPG,3,3,Red Chili,Red Chili,0.024917603,0.015174866,0.0146484375,0.9301758,0.015090942
ChiliLiteV2_MNV3S_MultiLevel_ColorGate,2,/home/bt/Documents/Po/chili_fruit/dataset/Chili Growth Stage Original Dataset (1)/Chili Growth Stage Original Dataset/Red Chili/Red Chili00017.JPG,3,3,Red Chili,Red Chili,0.01789856,0.013801575,0.014762878,0.93359375,0.020095825
ChiliLiteV2_MNV3S_MultiLevel_ColorGate,2,/home/bt/Documents/Po/chili_fruit/dataset/Chili Growth Stage Original Dataset (1)/Chili Growth Stage Original Dataset/Red Chili/Red Chili00021.JPG,3,3,Red Chili,Red Chili,0.02017212,0.015541077,0.01373291,0.93359375,0.017181396
ChiliLiteV2_MNV3S_MultiLevel_ColorGate,2,/home/bt/Documents/Po/chili_fruit/dataset/Chili Growth Stage Original Dataset (1)/Chili Growth Stage Original Dataset/Red Chili/Red Chili00023.JPG,3,3,Red Chili,Red Chili,0.019866943,0.014022827,0.015075684,0.9326172,0.01864624
ChiliLiteV2_MNV3S_MultiLevel_ColorGate,2,/home/bt/Documents/Po/chili_fruit/dataset/Chili Growth Stage Original Dataset (1)/Chili Growth Stage Original Dataset/Red Chili/Red Chili00044.JPG,3,3,Red Chili,Red Chili,0.018066406,0.016067505,0.015716553,0.9355469,0.014762878
ChiliLiteV2_MNV3S_MultiLevel_ColorGate,2,/home/bt/Documents/Po/chili_fruit/dataset/Chili Growth Stage Original Dataset (1)/Chili Growth Stage Original Dataset/Red Chili/Red Chili00046.JPG,3,3,Red Chili,Red Chili,0.022369385,0.014373779,0.013931274,0.8120117,0.13720703
ChiliLiteV2_MNV3S_MultiLevel_ColorGate,2,/home/bt/Documents/Po/chili_fruit/dataset/Chili Growth Stage Original Dataset (1)/Chili Growth Stage Original Dataset/Red Chili/Red Chili00070.JPG,3,3,Red Chili,Red Chili,0.02178955,0.014984131,0.014984131,0.93310547,0.01512146
ChiliLiteV2_MNV3S_MultiLevel_ColorGate,2,/home/bt/Documents/Po/chili_fruit/dataset/Chili Growth Stage Original Dataset (1)/Chili Growth Stage Original Dataset/Red Chili/Red Chili00073.JPG,3,3,Red Chili,Red Chili,0.021102905,0.016952515,0.01625061,0.9326172,0.013153076
ChiliLiteV2_MNV3S_MultiLevel_ColorGate,2,/home/bt/Documents/Po/chili_fruit/dataset/Chili Growth Stage Original Dataset (1)/Chili Growth Stage Original Dataset/Red Chili/Red Chili00074.JPG,3,3,Red Chili,Red Chili,0.023284912,0.014625549,0.012290955,0.92626953,0.02355957
ChiliLiteV2_MNV3S_MultiLevel_ColorGate,2,/home/bt/Documents/Po/chili_fruit/dataset/Chili Growth Stage Original Dataset (1)/Chili Growth Stage Original Dataset/Red Chili/Red Chili00082.JPG,3,3,Red Chili,Red Chili,0.016983032,0.016494751,0.013969421,0.9350586,0.017562866
ChiliLiteV2_MNV3S_MultiLevel_ColorGate,2,/home/bt/Documents/Po/chili_fruit/dataset/Chili Growth Stage Original Dataset (1)/Chili Growth Stage Original Dataset/Red Chili/Red Chili00112.JPG,3,3,Red Chili,Red Chili,0.02381897,0.022506714,0.020370483,0.92089844,0.012329102
ChiliLiteV2_MNV3S_MultiLevel_ColorGate,2,/home/bt/Documents/Po/chili_fruit/dataset/Chili Growth Stage Original Dataset (1)/Chili Growth Stage Original Dataset/Red Chili/Red Chili00136.JPG,3,3,Red Chili,Red Chili,0.015235901,0.0236969,0.014152527,0.92089844,0.025863647
ChiliLiteV2_MNV3S_MultiLevel_ColorGate,2,/home/bt/Documents/Po/chili_fruit/dataset/Chili Growth Stage Original Dataset (1)/Chili Growth Stage Original Dataset/Red Chili/Red Chili00139.JPG,3,3,Red Chili,Red Chili,0.022384644,0.016082764,0.027145386,0.92285156,0.011726379
ChiliLiteV2_MNV3S_MultiLevel_ColorGate,2,/home/bt/Documents/Po/chili_fruit/dataset/Chili Growth Stage Original Dataset (1)/Chili Growth Stage Original Dataset/Red Chili/Red Chili00159.JPG,3,3,Red Chili,Red Chili,0.01676941,0.0209198,0.015312195,0.9326172,0.014190674
ChiliLiteV2_MNV3S_MultiLevel_ColorGate,2,/home/bt/Documents/Po/chili_fruit/dataset/Chili Growth Stage Original Dataset (1)/Chili Growth Stage Original Dataset/Red Chili/Red Chili00170.JPG,3,3,Red Chili,Red Chili,0.017028809,0.018753052,0.014732361,0.93408203,0.015312195
ChiliLiteV2_MNV3S_MultiLevel_ColorGate,2,/home/bt/Documents/Po/chili_fruit/dataset/Chili Growth Stage Original Dataset (1)/Chili Growth Stage Original Dataset/Red Chili/Red Chili00173.JPG,3,3,Red Chili,Red Chili,0.022491455,0.013641357,0.014282227,0.92333984,0.026245117
ChiliLiteV2_MNV3S_MultiLevel_ColorGate,2,/home/bt/Documents/Po/chili_fruit/dataset/Chili Growth Stage Original Dataset (1)/Chili Growth Stage Original Dataset/Red Chili/Red Chili00175.JPG,3,3,Red Chili,Red Chili,0.021377563,0.0129852295,0.01574707,0.9301758,0.01966858
ChiliLiteV2_MNV3S_MultiLevel_ColorGate,2,/home/bt/Documents/Po/chili_fruit/dataset/Chili Growth Stage Original Dataset (1)/Chili Growth Stage Original Dataset/Rotten Chili/Rotten Chili00012.JPG,4,4,Rotten Chili,Rotten Chili,0.033081055,0.020614624,0.026687622,0.012870789,0.9067383
ChiliLiteV2_MNV3S_MultiLevel_ColorGate,2,/home/bt/Documents/Po/chili_fruit/dataset/Chili Growth Stage Original Dataset (1)/Chili Growth Stage Original Dataset/Rotten Chili/Rotten Chili00026.JPG,4,4,Rotten Chili,Rotten Chili,0.020477295,0.0146102905,0.01902771,0.01398468,0.9321289
ChiliLiteV2_MNV3S_MultiLevel_ColorGate,2,/home/bt/Documents/Po/chili_fruit/dataset/Chili Growth Stage Original Dataset (1)/Chili Growth Stage Original Dataset/Rotten Chili/Rotten Chili00036.JPG,4,4,Rotten Chili,Rotten Chili,0.019805908,0.015029907,0.019180298,0.016113281,0.9296875
ChiliLiteV2_MNV3S_MultiLevel_ColorGate,2,/home/bt/Documents/Po/chili_fruit/dataset/Chili Growth Stage Original Dataset (1)/Chili Growth Stage Original Dataset/Rotten Chili/Rotten Chili00050.JPG,4,4,Rotten Chili,Rotten Chili,0.016494751,0.009559631,0.018844604,0.014884949,0.9404297
ChiliLiteV2_MNV3S_MultiLevel_ColorGate,2,/home/bt/Documents/Po/chili_fruit/dataset/Chili Growth Stage Original Dataset (1)/Chili Growth Stage Original Dataset/Rotten Chili/Rotten Chili00051.JPG,4,4,Rotten Chili,Rotten Chili,0.014884949,0.010169983,0.017364502,0.015731812,0.94189453
ChiliLiteV2_MNV3S_MultiLevel_ColorGate,2,/home/bt/Documents/Po/chili_fruit/dataset/Chili Growth Stage Original Dataset (1)/Chili Growth Stage Original Dataset/Rotten Chili/Rotten Chili00053.JPG,4,4,Rotten Chili,Rotten Chili,0.014373779,0.009666443,0.019577026,0.016174316,0.9404297
ChiliLiteV2_MNV3S_MultiLevel_ColorGate,2,/home/bt/Documents/Po/chili_fruit/dataset/Chili Growth Stage Original Dataset (1)/Chili Growth Stage Original Dataset/Rotten Chili/Rotten Chili00074.JPG,4,4,Rotten Chili,Rotten Chili,0.02293396,0.012702942,0.011665344,0.01966858,0.93310547
ChiliLiteV2_MNV3S_MultiLevel_ColorGate,2,/home/bt/Documents/Po/chili_fruit/dataset/Chili Growth Stage Original Dataset (1)/Chili Growth Stage Original Dataset/Rotten Chili/Rotten Chili00097.JPG,4,4,Rotten Chili,Rotten Chili,0.028808594,0.014015198,0.017852783,0.014701843,0.9248047
ChiliLiteV2_MNV3S_MultiLevel_ColorGate,2,/home/bt/Documents/Po/chili_fruit/dataset/Chili Growth Stage Original Dataset (1)/Chili Growth Stage Original Dataset/Rotten Chili/Rotten Chili00101.JPG,4,4,Rotten Chili,Rotten Chili,0.0284729,0.013175964,0.017456055,0.014221191,0.9267578
ChiliLiteV2_MNV3S_MultiLevel_ColorGate,2,/home/bt/Documents/Po/chili_fruit/dataset/Chili Growth Stage Original Dataset (1)/Chili Growth Stage Original Dataset/Rotten Chili/Rotten Chili00102.JPG,4,4,Rotten Chili,Rotten Chili,0.024658203,0.012832642,0.016921997,0.014755249,0.93066406
ChiliLiteV2_MNV3S_MultiLevel_ColorGate,2,/home/bt/Documents/Po/chili_fruit/dataset/Chili Growth Stage Original Dataset (1)/Chili Growth Stage Original Dataset/Rotten Chili/Rotten Chili00119.JPG,4,4,Rotten Chili,Rotten Chili,0.018478394,0.01008606,0.012489319,0.020721436,0.9379883
ChiliLiteV2_MNV3S_MultiLevel_ColorGate,2,/home/bt/Documents/Po/chili_fruit/dataset/Chili Growth Stage Original Dataset (1)/Chili Growth Stage Original Dataset/Rotten Chili/Rotten Chili00121.JPG,4,4,Rotten Chili,Rotten Chili,0.01878357,0.009864807,0.012039185,0.021270752,0.9379883
ChiliLiteV2_MNV3S_MultiLevel_ColorGate,2,/home/bt/Documents/Po/chili_fruit/dataset/Chili Growth Stage Original Dataset (1)/Chili Growth Stage Original Dataset/Rotten Chili/Rotten Chili00126.JPG,4,4,Rotten Chili,Rotten Chili,0.02583313,0.011543274,0.015640259,0.01637268,0.93066406
ChiliLiteV2_MNV3S_MultiLevel_ColorGate,2,/home/bt/Documents/Po/chili_fruit/dataset/Chili Growth Stage Original Dataset (1)/Chili Growth Stage Original Dataset/Rotten Chili/Rotten Chili00131.JPG,4,4,Rotten Chili,Rotten Chili,0.029052734,0.015068054,0.015792847,0.016021729,0.9238281
ChiliLiteV2_MNV3S_MultiLevel_ColorGate,2,/home/bt/Documents/Po/chili_fruit/dataset/Chili Growth Stage Original Dataset (1)/Chili Growth Stage Original Dataset/Rotten Chili/Rotten Chili00140.JPG,4,4,Rotten Chili,Rotten Chili,0.025466919,0.013442993,0.014381409,0.017120361,0.9296875
ChiliLiteV2_MNV3S_MultiLevel_ColorGate,2,/home/bt/Documents/Po/chili_fruit/dataset/Chili Growth Stage Original Dataset (1)/Chili Growth Stage Original Dataset/Rotten Chili/Rotten Chili00142.JPG,4,4,Rotten Chili,Rotten Chili,0.01977539,0.015487671,0.013656616,0.08520508,0.86572266
ChiliLiteV2_MNV3S_MultiLevel_ColorGate,2,/home/bt/Documents/Po/chili_fruit/dataset/Chili Growth Stage Original Dataset (1)/Chili Growth Stage Original Dataset/Rotten Chili/Rotten Chili00146.JPG,4,4,Rotten Chili,Rotten Chili,0.020629883,0.014953613,0.016281128,0.016738892,0.9316406
ChiliLiteV2_MNV3S_MultiLevel_ColorGate,2,/home/bt/Documents/Po/chili_fruit/dataset/Chili Growth Stage Original Dataset (1)/Chili Growth Stage Original Dataset/Rotten Chili/Rotten Chili00178.JPG,4,4,Rotten Chili,Rotten Chili,0.020355225,0.008369446,0.018295288,0.019058228,0.93408203
ChiliLiteV2_MNV3S_MultiLevel_ColorGate,2,/home/bt/Documents/Po/chili_fruit/dataset/Chili Growth Stage Original Dataset (1)/Chili Growth Stage Original Dataset/Rotten Chili/Rotten Chili00181.JPG,4,4,Rotten Chili,Rotten Chili,0.031707764,0.015365601,0.018005371,0.01374054,0.9213867
ChiliLiteV2_MNV3S_MultiLevel_ColorGate,2,/home/bt/Documents/Po/chili_fruit/dataset/Chili Growth Stage Original Dataset (1)/Chili Growth Stage Original Dataset/Rotten Chili/Rotten Chili00185.JPG,4,4,Rotten Chili,Rotten Chili,0.027709961,0.016098022,0.019256592,0.013496399,0.92333984
ChiliLiteV2_MNV3S_MultiLevel_ColorGate,2,/home/bt/Documents/Po/chili_fruit/dataset/Chili Growth Stage Original Dataset (1)/Chili Growth Stage Original Dataset/Rotten Chili/Rotten Chili00188.JPG,4,4,Rotten Chili,Rotten Chili,0.029144287,0.014320374,0.017791748,0.013801575,0.9248047
ChiliLiteV2_MNV3S_MultiLevel_ColorGate,2,/home/bt/Documents/Po/chili_fruit/dataset/Chili Growth Stage Original Dataset (1)/Chili Growth Stage Original Dataset/Rotten Chili/Rotten Chili00195.JPG,4,4,Rotten Chili,Rotten Chili,0.028152466,0.021697998,0.021697998,0.01499939,0.9135742
ChiliLiteV2_MNV3S_MultiLevel_ColorGate,2,/home/bt/Documents/Po/chili_fruit/dataset/Chili Growth Stage Original Dataset (1)/Chili Growth Stage Original Dataset/Rotten Chili/Rotten Chili00208.JPG,4,4,Rotten Chili,Rotten Chili,0.022735596,0.018615723,0.016296387,0.019592285,0.92285156
ChiliLiteV2_MNV3S_MultiLevel_ColorGate,2,/home/bt/Documents/Po/chili_fruit/dataset/Chili Growth Stage Original Dataset (1)/Chili Growth Stage Original Dataset/Rotten Chili/Rotten Chili00219.JPG,4,4,Rotten Chili,Rotten Chili,0.02104187,0.014335632,0.014167786,0.017562866,0.93310547
ChiliLiteV2_MNV3S_MultiLevel_ColorGate,2,/home/bt/Documents/Po/chili_fruit/dataset/Chili Growth Stage Original Dataset (1)/Chili Growth Stage Original Dataset/Rotten Chili/Rotten Chili00227.JPG,4,4,Rotten Chili,Rotten Chili,0.019546509,0.014732361,0.01637268,0.015426636,0.93408203
ChiliLiteV2_MNV3S_MultiLevel_ColorGate,2,/home/bt/Documents/Po/chili_fruit/dataset/Chili Growth Stage Original Dataset (1)/Chili Growth Stage Original Dataset/Rotten Chili/Rotten Chili00239.JPG,4,4,Rotten Chili,Rotten Chili,0.025054932,0.01474762,0.018493652,0.013259888,0.92822266
ChiliLiteV2_MNV3S_MultiLevel_ColorGate,2,/home/bt/Documents/Po/chili_fruit/dataset/Chili Growth Stage Original Dataset (1)/Chili Growth Stage Original Dataset/Rotten Chili/Rotten Chili00291.JPG,4,4,Rotten Chili,Rotten Chili,0.018814087,0.01285553,0.017807007,0.0158844,0.9345703
ChiliLiteV2_MNV3S_MultiLevel_ColorGate,2,/home/bt/Documents/Po/chili_fruit/dataset/Chili Growth Stage Original Dataset (1)/Chili Growth Stage Original Dataset/Rotten Chili/Rotten Chili00293.JPG,4,4,Rotten Chili,Rotten Chili,0.01737976,0.018188477,0.015548706,0.018188477,0.93066406
ChiliLiteV2_MNV3S_MultiLevel_ColorGate,2,/home/bt/Documents/Po/chili_fruit/dataset/Chili Growth Stage Original Dataset (1)/Chili Growth Stage Original Dataset/Rotten Chili/Rotten Chili00308.JPG,4,4,Rotten Chili,Rotten Chili,0.023880005,0.014457703,0.016586304,0.014930725,0.9301758
ChiliLiteV2_MNV3S_MultiLevel_ColorGate,2,/home/bt/Documents/Po/chili_fruit/dataset/Chili Growth Stage Original Dataset (1)/Chili Growth Stage Original Dataset/Rotten Chili/Rotten Chili00311.JPG,4,4,Rotten Chili,Rotten Chili,0.024536133,0.012893677,0.015777588,0.01512146,0.9316406
ChiliLiteV2_MNV3S_MultiLevel_ColorGate,2,/home/bt/Documents/Po/chili_fruit/dataset/Chili Growth Stage Original Dataset (1)/Chili Growth Stage Original Dataset/Rotten Chili/Rotten Chili00321.JPG,4,4,Rotten Chili,Rotten Chili,0.031463623,0.016662598,0.016952515,0.015319824,0.9194336
ChiliLiteV2_MNV3S_MultiLevel_ColorGate,2,/home/bt/Documents/Po/chili_fruit/dataset/Chili Growth Stage Original Dataset (1)/Chili Growth Stage Original Dataset/Rotten Chili/Rotten Chili00323.JPG,4,4,Rotten Chili,Rotten Chili,0.03845215,0.014389038,0.018066406,0.014251709,0.91503906
ChiliLiteV2_MNV3S_MultiLevel_ColorGate,2,/home/bt/Documents/Po/chili_fruit/dataset/Chili Growth Stage Original Dataset (1)/Chili Growth Stage Original Dataset/Rotten Chili/Rotten Chili00325.JPG,4,4,Rotten Chili,Rotten Chili,0.02204895,0.0099487305,0.01373291,0.019256592,0.9350586
ChiliLiteV2_MNV3S_MultiLevel_ColorGate,2,/home/bt/Documents/Po/chili_fruit/dataset/Chili Growth Stage Original Dataset (1)/Chili Growth Stage Original Dataset/Rotten Chili/Rotten Chili00331.JPG,4,4,Rotten Chili,Rotten Chili,0.026046753,0.01222229,0.014633179,0.019485474,0.9277344
ChiliLiteV2_MNV3S_MultiLevel_ColorGate,2,/home/bt/Documents/Po/chili_fruit/dataset/Chili Growth Stage Original Dataset (1)/Chili Growth Stage Original Dataset/Rotten Chili/Rotten Chili00342.JPG,4,4,Rotten Chili,Rotten Chili,0.018096924,0.01398468,0.014770508,0.016616821,0.93652344
ChiliLiteV2_MNV3S_MultiLevel_ColorGate,2,/home/bt/Documents/Po/chili_fruit/dataset/Chili Growth Stage Original Dataset (1)/Chili Growth Stage Original Dataset/Rotten Chili/Rotten Chili00346.JPG,4,4,Rotten Chili,Rotten Chili,0.029571533,0.024749756,0.025772095,0.013511658,0.90625
ChiliLiteV2_MNV3S_MultiLevel_ColorGate,2,/home/bt/Documents/Po/chili_fruit/dataset/Chili Growth Stage Original Dataset (1)/Chili Growth Stage Original Dataset/Rotten Chili/Rotten Chili00368.JPG,4,4,Rotten Chili,Rotten Chili,0.024841309,0.015609741,0.023483276,0.012802124,0.92333984
ChiliLiteV2_MNV3S_MultiLevel_ColorGate,2,/home/bt/Documents/Po/chili_fruit/dataset/Chili Growth Stage Original Dataset (1)/Chili Growth Stage Original Dataset/Rotten Chili/Rotten Chili00369.JPG,4,4,Rotten Chili,Rotten Chili,0.033111572,0.013168335,0.026870728,0.011917114,0.91503906
ChiliLiteV2_MNV3S_MultiLevel_ColorGate,3,/home/bt/Documents/Po/chili_fruit/dataset/Chili Growth Stage Original Dataset (1)/Chili Growth Stage Original Dataset/Dry chili/Dry chili00004.JPG,0,0,Dry Chili,Dry Chili,0.91796875,0.023254395,0.013710022,0.028396606,0.016860962
ChiliLiteV2_MNV3S_MultiLevel_ColorGate,3,/home/bt/Documents/Po/chili_fruit/dataset/Chili Growth Stage Original Dataset (1)/Chili Growth Stage Original Dataset/Dry chili/Dry chili00016.JPG,0,0,Dry Chili,Dry Chili,0.8642578,0.043518066,0.01789856,0.0579834,0.016464233
ChiliLiteV2_MNV3S_MultiLevel_ColorGate,3,/home/bt/Documents/Po/chili_fruit/dataset/Chili Growth Stage Original Dataset (1)/Chili Growth Stage Original Dataset/Dry chili/Dry chili00030.JPG,0,0,Dry Chili,Dry Chili,0.9199219,0.020523071,0.014984131,0.030776978,0.013725281
ChiliLiteV2_MNV3S_MultiLevel_ColorGate,3,/home/bt/Documents/Po/chili_fruit/dataset/Chili Growth Stage Original Dataset (1)/Chili Growth Stage Original Dataset/Dry chili/Dry chili00039.JPG,0,0,Dry Chili,Dry Chili,0.92529297,0.025436401,0.012046814,0.02178955,0.01525116
ChiliLiteV2_MNV3S_MultiLevel_ColorGate,3,/home/bt/Documents/Po/chili_fruit/dataset/Chili Growth Stage Original Dataset (1)/Chili Growth Stage Original Dataset/Dry chili/Dry chili00041.JPG,0,0,Dry Chili,Dry Chili,0.92578125,0.02357483,0.014564514,0.02279663,0.013168335
ChiliLiteV2_MNV3S_MultiLevel_ColorGate,3,/home/bt/Documents/Po/chili_fruit/dataset/Chili Growth Stage Original Dataset (1)/Chili Growth Stage Original Dataset/Dry chili/Dry chili00053.JPG,0,0,Dry Chili,Dry Chili,0.92089844,0.019119263,0.015136719,0.030181885,0.014587402
ChiliLiteV2_MNV3S_MultiLevel_ColorGate,3,/home/bt/Documents/Po/chili_fruit/dataset/Chili Growth Stage Original Dataset (1)/Chili Growth Stage Original Dataset/Dry chili/Dry chili00081.JPG,0,0,Dry Chili,Dry Chili,0.91064453,0.026428223,0.018356323,0.033447266,0.011077881
ChiliLiteV2_MNV3S_MultiLevel_ColorGate,3,/home/bt/Documents/Po/chili_fruit/dataset/Chili Growth Stage Original Dataset (1)/Chili Growth Stage Original Dataset/Dry chili/Dry chili00083.JPG,0,0,Dry Chili,Dry Chili,0.9223633,0.018096924,0.017929077,0.030197144,0.01158905
ChiliLiteV2_MNV3S_MultiLevel_ColorGate,3,/home/bt/Documents/Po/chili_fruit/dataset/Chili Growth Stage Original Dataset (1)/Chili Growth Stage Original Dataset/Dry chili/Dry chili00094.JPG,0,0,Dry Chili,Dry Chili,0.9135742,0.0236969,0.01612854,0.032684326,0.01399231
ChiliLiteV2_MNV3S_MultiLevel_ColorGate,3,/home/bt/Documents/Po/chili_fruit/dataset/Chili Growth Stage Original Dataset (1)/Chili Growth Stage Original Dataset/Dry chili/Dry chili00095.JPG,0,0,Dry Chili,Dry Chili,0.91796875,0.018478394,0.01626587,0.033569336,0.013748169
ChiliLiteV2_MNV3S_MultiLevel_ColorGate,3,/home/bt/Documents/Po/chili_fruit/dataset/Chili Growth Stage Original Dataset (1)/Chili Growth Stage Original Dataset/Dry chili/Dry chili00107.JPG,0,0,Dry Chili,Dry Chili,0.93310547,0.016738892,0.012023926,0.01902771,0.01928711
ChiliLiteV2_MNV3S_MultiLevel_ColorGate,3,/home/bt/Documents/Po/chili_fruit/dataset/Chili Growth Stage Original Dataset (1)/Chili Growth Stage Original Dataset/Dry chili/Dry chili00108.JPG,0,0,Dry Chili,Dry Chili,0.90771484,0.0259552,0.016571045,0.036071777,0.01361084
ChiliLiteV2_MNV3S_MultiLevel_ColorGate,3,/home/bt/Documents/Po/chili_fruit/dataset/Chili Growth Stage Original Dataset (1)/Chili Growth Stage Original Dataset/Dry chili/Dry chili00117.JPG,0,0,Dry Chili,Dry Chili,0.9238281,0.021011353,0.015434265,0.02696228,0.012908936
ChiliLiteV2_MNV3S_MultiLevel_ColorGate,3,/home/bt/Documents/Po/chili_fruit/dataset/Chili Growth Stage Original Dataset (1)/Chili Growth Stage Original Dataset/Dry chili/Dry chili00128.JPG,0,0,Dry Chili,Dry Chili,0.92871094,0.01637268,0.019058228,0.026000977,0.010063171
ChiliLiteV2_MNV3S_MultiLevel_ColorGate,3,/home/bt/Documents/Po/chili_fruit/dataset/Chili Growth Stage Original Dataset (1)/Chili Growth Stage Original Dataset/Dry chili/Dry chili00138.JPG,0,0,Dry Chili,Dry Chili,0.92333984,0.01890564,0.018844604,0.028640747,0.01020813
ChiliLiteV2_MNV3S_MultiLevel_ColorGate,3,/home/bt/Documents/Po/chili_fruit/dataset/Chili Growth Stage Original Dataset (1)/Chili Growth Stage Original Dataset/Dry chili/Dry chili00151.JPG,0,0,Dry Chili,Dry Chili,0.90625,0.029968262,0.016815186,0.03427124,0.012458801
ChiliLiteV2_MNV3S_MultiLevel_ColorGate,3,/home/bt/Documents/Po/chili_fruit/dataset/Chili Growth Stage Original Dataset (1)/Chili Growth Stage Original Dataset/Dry chili/Dry chili00160.JPG,0,0,Dry Chili,Dry Chili,0.9140625,0.023757935,0.016723633,0.033111572,0.012130737
ChiliLiteV2_MNV3S_MultiLevel_ColorGate,3,/home/bt/Documents/Po/chili_fruit/dataset/Chili Growth Stage Original Dataset (1)/Chili Growth Stage Original Dataset/Dry chili/Dry chili00169.JPG,0,0,Dry Chili,Dry Chili,0.91064453,0.025787354,0.019302368,0.03363037,0.010696411
ChiliLiteV2_MNV3S_MultiLevel_ColorGate,3,/home/bt/Documents/Po/chili_fruit/dataset/Chili Growth Stage Original Dataset (1)/Chili Growth Stage Original Dataset/Dry chili/Dry chili00174.JPG,0,0,Dry Chili,Dry Chili,0.8881836,0.04257202,0.01737976,0.039398193,0.012580872
ChiliLiteV2_MNV3S_MultiLevel_ColorGate,3,/home/bt/Documents/Po/chili_fruit/dataset/Chili Growth Stage Original Dataset (1)/Chili Growth Stage Original Dataset/Dry chili/Dry chili00177.JPG,0,0,Dry Chili,Dry Chili,0.92578125,0.018859863,0.014953613,0.02696228,0.013282776
ChiliLiteV2_MNV3S_MultiLevel_ColorGate,3,/home/bt/Documents/Po/chili_fruit/dataset/Chili Growth Stage Original Dataset (1)/Chili Growth Stage Original Dataset/Dry chili/Dry chili00180.JPG,0,0,Dry Chili,Dry Chili,0.9213867,0.019821167,0.018661499,0.02961731,0.0105896
ChiliLiteV2_MNV3S_MultiLevel_ColorGate,3,/home/bt/Documents/Po/chili_fruit/dataset/Chili Growth Stage Original Dataset (1)/Chili Growth Stage Original Dataset/Dry chili/Dry chili00186.JPG,0,0,Dry Chili,Dry Chili,0.91503906,0.01838684,0.02331543,0.033111572,0.010246277
ChiliLiteV2_MNV3S_MultiLevel_ColorGate,3,/home/bt/Documents/Po/chili_fruit/dataset/Chili Growth Stage Original Dataset (1)/Chili Growth Stage Original Dataset/Dry chili/Dry chili00198.JPG,0,0,Dry Chili,Dry Chili,0.91503906,0.027160645,0.015548706,0.029968262,0.012039185
ChiliLiteV2_MNV3S_MultiLevel_ColorGate,3,/home/bt/Documents/Po/chili_fruit/dataset/Chili Growth Stage Original Dataset (1)/Chili Growth Stage Original Dataset/Dry chili/Dry chili00216.JPG,0,0,Dry Chili,Dry Chili,0.91748047,0.025970459,0.016494751,0.028152466,0.012016296
ChiliLiteV2_MNV3S_MultiLevel_ColorGate,3,/home/bt/Documents/Po/chili_fruit/dataset/Chili Growth Stage Original Dataset (1)/Chili Growth Stage Original Dataset/Dry chili/Dry chili00221.JPG,0,0,Dry Chili,Dry Chili,0.9277344,0.016448975,0.012107849,0.02381897,0.019882202
ChiliLiteV2_MNV3S_MultiLevel_ColorGate,3,/home/bt/Documents/Po/chili_fruit/dataset/Chili Growth Stage Original Dataset (1)/Chili Growth Stage Original Dataset/Dry chili/Dry chili00238.JPG,0,0,Dry Chili,Dry Chili,0.9243164,0.020751953,0.016921997,0.027679443,0.010574341
ChiliLiteV2_MNV3S_MultiLevel_ColorGate,3,/home/bt/Documents/Po/chili_fruit/dataset/Chili Growth Stage Original Dataset (1)/Chili Growth Stage Original Dataset/Dry chili/Dry chili00242.JPG,0,0,Dry Chili,Dry Chili,0.92333984,0.020233154,0.0158844,0.027893066,0.01272583
ChiliLiteV2_MNV3S_MultiLevel_ColorGate,3,/home/bt/Documents/Po/chili_fruit/dataset/Chili Growth Stage Original Dataset (1)/Chili Growth Stage Original Dataset/Dry chili/Dry chili00255.JPG,0,0,Dry Chili,Dry Chili,0.92529297,0.022232056,0.015365601,0.025222778,0.012062073
ChiliLiteV2_MNV3S_MultiLevel_ColorGate,3,/home/bt/Documents/Po/chili_fruit/dataset/Chili Growth Stage Original Dataset (1)/Chili Growth Stage Original Dataset/Dry chili/Dry chili00257.JPG,0,0,Dry Chili,Dry Chili,0.92285156,0.019607544,0.017440796,0.028686523,0.01158905
ChiliLiteV2_MNV3S_MultiLevel_ColorGate,3,/home/bt/Documents/Po/chili_fruit/dataset/Chili Growth Stage Original Dataset (1)/Chili Growth Stage Original Dataset/Dry chili/Dry chili00264.JPG,0,0,Dry Chili,Dry Chili,0.9199219,0.019729614,0.0181427,0.030899048,0.011398315
ChiliLiteV2_MNV3S_MultiLevel_ColorGate,3,/home/bt/Documents/Po/chili_fruit/dataset/Chili Growth Stage Original Dataset (1)/Chili Growth Stage Original Dataset/Dry chili/Dry chili00276.JPG,0,0,Dry Chili,Dry Chili,0.91503906,0.027557373,0.016174316,0.029754639,0.011444092
ChiliLiteV2_MNV3S_MultiLevel_ColorGate,3,/home/bt/Documents/Po/chili_fruit/dataset/Chili Growth Stage Original Dataset (1)/Chili Growth Stage Original Dataset/Dry chili/Dry chili00291.JPG,0,0,Dry Chili,Dry Chili,0.9082031,0.024093628,0.014968872,0.03753662,0.015159607
ChiliLiteV2_MNV3S_MultiLevel_ColorGate,3,/home/bt/Documents/Po/chili_fruit/dataset/Chili Growth Stage Original Dataset (1)/Chili Growth Stage Original Dataset/Dry chili/Dry chili00296.JPG,0,0,Dry Chili,Dry Chili,0.9086914,0.026550293,0.014663696,0.035186768,0.014678955
ChiliLiteV2_MNV3S_MultiLevel_ColorGate,3,/home/bt/Documents/Po/chili_fruit/dataset/Chili Growth Stage Original Dataset (1)/Chili Growth Stage Original Dataset/Dry chili/Dry chili00344.JPG,0,0,Dry Chili,Dry Chili,0.9223633,0.022750854,0.015472412,0.02658081,0.012641907
ChiliLiteV2_MNV3S_MultiLevel_ColorGate,3,/home/bt/Documents/Po/chili_fruit/dataset/Chili Growth Stage Original Dataset (1)/Chili Growth Stage Original Dataset/Dry chili/Dry chili00352.JPG,0,0,Dry Chili,Dry Chili,0.9238281,0.020095825,0.014152527,0.028320312,0.013557434
ChiliLiteV2_MNV3S_MultiLevel_ColorGate,3,/home/bt/Documents/Po/chili_fruit/dataset/Chili Growth Stage Original Dataset (1)/Chili Growth Stage Original Dataset/Dry chili/Dry chili00360.JPG,0,0,Dry Chili,Dry Chili,0.9223633,0.021942139,0.016815186,0.027679443,0.011016846
ChiliLiteV2_MNV3S_MultiLevel_ColorGate,3,/home/bt/Documents/Po/chili_fruit/dataset/Chili Growth Stage Original Dataset (1)/Chili Growth Stage Original Dataset/Dry chili/Dry chili00397.JPG,0,0,Dry Chili,Dry Chili,0.92871094,0.016571045,0.01550293,0.0256958,0.013648987
ChiliLiteV2_MNV3S_MultiLevel_ColorGate,3,/home/bt/Documents/Po/chili_fruit/dataset/Chili Growth Stage Original Dataset (1)/Chili Growth Stage Original Dataset/Dry chili/Dry chili00399.JPG,0,0,Dry Chili,Dry Chili,0.92529297,0.02255249,0.012779236,0.025100708,0.014190674
ChiliLiteV2_MNV3S_MultiLevel_ColorGate,3,/home/bt/Documents/Po/chili_fruit/dataset/Chili Growth Stage Original Dataset (1)/Chili Growth Stage Original Dataset/Dry chili/Dry chili00402.JPG,0,0,Dry Chili,Dry Chili,0.9238281,0.017333984,0.011627197,0.025405884,0.021713257
ChiliLiteV2_MNV3S_MultiLevel_ColorGate,3,/home/bt/Documents/Po/chili_fruit/dataset/Chili Growth Stage Original Dataset (1)/Chili Growth Stage Original Dataset/Dry chili/Dry chili00407.JPG,0,0,Dry Chili,Dry Chili,0.9033203,0.025054932,0.020431519,0.03970337,0.011497498
ChiliLiteV2_MNV3S_MultiLevel_ColorGate,3,/home/bt/Documents/Po/chili_fruit/dataset/Chili Growth Stage Original Dataset (1)/Chili Growth Stage Original Dataset/Dry chili/Dry chili00410.JPG,0,0,Dry Chili,Dry Chili,0.92871094,0.016342163,0.015914917,0.026123047,0.012825012
ChiliLiteV2_MNV3S_MultiLevel_ColorGate,3,/home/bt/Documents/Po/chili_fruit/dataset/Chili Growth Stage Original Dataset (1)/Chili Growth Stage Original Dataset/Flower/Flower00008.JPG,1,1,Flower,Flower,0.016708374,0.9267578,0.016159058,0.033447266,0.0067710876
ChiliLiteV2_MNV3S_MultiLevel_ColorGate,3,/home/bt/Documents/Po/chili_fruit/dataset/Chili Growth Stage Original Dataset (1)/Chili Growth Stage Original Dataset/Flower/Flower00021.JPG,1,1,Flower,Flower,0.01474762,0.9296875,0.014961243,0.031585693,0.00894928
ChiliLiteV2_MNV3S_MultiLevel_ColorGate,3,/home/bt/Documents/Po/chili_fruit/dataset/Chili Growth Stage Original Dataset (1)/Chili Growth Stage Original Dataset/Flower/Flower00037.JPG,1,1,Flower,Flower,0.01448822,0.9379883,0.011688232,0.025238037,0.010696411
ChiliLiteV2_MNV3S_MultiLevel_ColorGate,3,/home/bt/Documents/Po/chili_fruit/dataset/Chili Growth Stage Original Dataset (1)/Chili Growth Stage Original Dataset/Flower/Flower00039.JPG,1,1,Flower,Flower,0.01461792,0.9375,0.012390137,0.025238037,0.0103302
ChiliLiteV2_MNV3S_MultiLevel_ColorGate,3,/home/bt/Documents/Po/chili_fruit/dataset/Chili Growth Stage Original Dataset (1)/Chili Growth Stage Original Dataset/Flower/Flower00052.JPG,1,1,Flower,Flower,0.013641357,0.9399414,0.01348114,0.024505615,0.00856781
ChiliLiteV2_MNV3S_MultiLevel_ColorGate,3,/home/bt/Documents/Po/chili_fruit/dataset/Chili Growth Stage Original Dataset (1)/Chili Growth Stage Original Dataset/Flower/Flower00070.JPG,1,1,Flower,Flower,0.015090942,0.9326172,0.01449585,0.029403687,0.008544922
ChiliLiteV2_MNV3S_MultiLevel_ColorGate,3,/home/bt/Documents/Po/chili_fruit/dataset/Chili Growth Stage Original Dataset (1)/Chili Growth Stage Original Dataset/Flower/Flower00071.JPG,1,1,Flower,Flower,0.0146102905,0.9394531,0.013710022,0.023742676,0.008720398
ChiliLiteV2_MNV3S_MultiLevel_ColorGate,3,/home/bt/Documents/Po/chili_fruit/dataset/Chili Growth Stage Original Dataset (1)/Chili Growth Stage Original Dataset/Flower/Flower00087.JPG,1,1,Flower,Flower,0.010948181,0.9399414,0.018875122,0.02041626,0.009971619
ChiliLiteV2_MNV3S_MultiLevel_ColorGate,3,/home/bt/Documents/Po/chili_fruit/dataset/Chili Growth Stage Original Dataset (1)/Chili Growth Stage Original Dataset/Flower/Flower00090.JPG,1,1,Flower,Flower,0.018508911,0.9277344,0.013282776,0.03173828,0.008972168
ChiliLiteV2_MNV3S_MultiLevel_ColorGate,3,/home/bt/Documents/Po/chili_fruit/dataset/Chili Growth Stage Original Dataset (1)/Chili Growth Stage Original Dataset/Flower/Flower00096.JPG,1,1,Flower,Flower,0.018875122,0.91259766,0.012390137,0.044403076,0.011962891
ChiliLiteV2_MNV3S_MultiLevel_ColorGate,3,/home/bt/Documents/Po/chili_fruit/dataset/Chili Growth Stage Original Dataset (1)/Chili Growth Stage Original Dataset/Flower/Flower00103.JPG,1,1,Flower,Flower,0.0149383545,0.9145508,0.013313293,0.045166016,0.012191772
ChiliLiteV2_MNV3S_MultiLevel_ColorGate,3,/home/bt/Documents/Po/chili_fruit/dataset/Chili Growth Stage Original Dataset (1)/Chili Growth Stage Original Dataset/Flower/Flower00113.JPG,1,1,Flower,Flower,0.016662598,0.92871094,0.015266418,0.032073975,0.0073280334
ChiliLiteV2_MNV3S_MultiLevel_ColorGate,3,/home/bt/Documents/Po/chili_fruit/dataset/Chili Growth Stage Original Dataset (1)/Chili Growth Stage Original Dataset/Flower/Flower00116.JPG,1,1,Flower,Flower,0.013069153,0.9370117,0.013572693,0.026809692,0.0093307495
ChiliLiteV2_MNV3S_MultiLevel_ColorGate,3,/home/bt/Documents/Po/chili_fruit/dataset/Chili Growth Stage Original Dataset (1)/Chili Growth Stage Original Dataset/Flower/Flower00123.JPG,1,1,Flower,Flower,0.011657715,0.94091797,0.013206482,0.02015686,0.014205933
ChiliLiteV2_MNV3S_MultiLevel_ColorGate,3,/home/bt/Documents/Po/chili_fruit/dataset/Chili Growth Stage Original Dataset (1)/Chili Growth Stage Original Dataset/Flower/Flower00133.JPG,1,1,Flower,Flower,0.0118255615,0.93896484,0.013465881,0.020553589,0.015350342
ChiliLiteV2_MNV3S_MultiLevel_ColorGate,3,/home/bt/Documents/Po/chili_fruit/dataset/Chili Growth Stage Original Dataset (1)/Chili Growth Stage Original Dataset/Flower/Flower00147.JPG,1,1,Flower,Flower,0.0121154785,0.93115234,0.019119263,0.030349731,0.0071258545
ChiliLiteV2_MNV3S_MultiLevel_ColorGate,3,/home/bt/Documents/Po/chili_fruit/dataset/Chili Growth Stage Original Dataset (1)/Chili Growth Stage Original Dataset/Flower/Flower00178.JPG,1,1,Flower,Flower,0.014221191,0.9370117,0.012420654,0.02519226,0.011375427
ChiliLiteV2_MNV3S_MultiLevel_ColorGate,3,/home/bt/Documents/Po/chili_fruit/dataset/Chili Growth Stage Original Dataset (1)/Chili Growth Stage Original Dataset/Flower/Flower00195.JPG,1,1,Flower,Flower,0.016021729,0.93066406,0.015808105,0.029937744,0.0076065063
ChiliLiteV2_MNV3S_MultiLevel_ColorGate,3,/home/bt/Documents/Po/chili_fruit/dataset/Chili Growth Stage Original Dataset (1)/Chili Growth Stage Original Dataset/Flower/Flower00198.JPG,1,1,Flower,Flower,0.014389038,0.9350586,0.012916565,0.02760315,0.010261536
ChiliLiteV2_MNV3S_MultiLevel_ColorGate,3,/home/bt/Documents/Po/chili_fruit/dataset/Chili Growth Stage Original Dataset (1)/Chili Growth Stage Original Dataset/Flower/Flower00212.JPG,1,1,Flower,Flower,0.0146484375,0.9345703,0.014930725,0.02748108,0.008407593
ChiliLiteV2_MNV3S_MultiLevel_ColorGate,3,/home/bt/Documents/Po/chili_fruit/dataset/Chili Growth Stage Original Dataset (1)/Chili Growth Stage Original Dataset/Flower/Flower00245.JPG,1,1,Flower,Flower,0.014755249,0.9375,0.014717102,0.02407837,0.009033203
ChiliLiteV2_MNV3S_MultiLevel_ColorGate,3,/home/bt/Documents/Po/chili_fruit/dataset/Chili Growth Stage Original Dataset (1)/Chili Growth Stage Original Dataset/Flower/Flower00270.JPG,1,1,Flower,Flower,0.012954712,0.9379883,0.014762878,0.023910522,0.010421753
ChiliLiteV2_MNV3S_MultiLevel_ColorGate,3,/home/bt/Documents/Po/chili_fruit/dataset/Chili Growth Stage Original Dataset (1)/Chili Growth Stage Original Dataset/Flower/Flower00283.JPG,1,1,Flower,Flower,0.015594482,0.93847656,0.012687683,0.020599365,0.012870789
ChiliLiteV2_MNV3S_MultiLevel_ColorGate,3,/home/bt/Documents/Po/chili_fruit/dataset/Chili Growth Stage Original Dataset (1)/Chili Growth Stage Original Dataset/Flower/Flower00292.JPG,1,1,Flower,Flower,0.0146484375,0.93115234,0.013000488,0.031204224,0.009796143
ChiliLiteV2_MNV3S_MultiLevel_ColorGate,3,/home/bt/Documents/Po/chili_fruit/dataset/Chili Growth Stage Original Dataset (1)/Chili Growth Stage Original Dataset/Flower/Flower00294.JPG,1,1,Flower,Flower,0.011024475,0.9326172,0.01979065,0.026123047,0.010536194
ChiliLiteV2_MNV3S_MultiLevel_ColorGate,3,/home/bt/Documents/Po/chili_fruit/dataset/Chili Growth Stage Original Dataset (1)/Chili Growth Stage Original Dataset/Flower/Flower00295.JPG,1,1,Flower,Flower,0.012298584,0.93359375,0.016220093,0.026168823,0.011932373
ChiliLiteV2_MNV3S_MultiLevel_ColorGate,3,/home/bt/Documents/Po/chili_fruit/dataset/Chili Growth Stage Original Dataset (1)/Chili Growth Stage Original Dataset/Flower/Flower00297.JPG,1,1,Flower,Flower,0.014091492,0.92871094,0.014312744,0.032226562,0.010482788
ChiliLiteV2_MNV3S_MultiLevel_ColorGate,3,/home/bt/Documents/Po/chili_fruit/dataset/Chili Growth Stage Original Dataset (1)/Chili Growth Stage Original Dataset/Flower/Flower00299.JPG,1,1,Flower,Flower,0.019195557,0.93652344,0.012550354,0.019241333,0.012321472
ChiliLiteV2_MNV3S_MultiLevel_ColorGate,3,/home/bt/Documents/Po/chili_fruit/dataset/Chili Growth Stage Original Dataset (1)/Chili Growth Stage Original Dataset/Flower/Flower00305.JPG,1,1,Flower,Flower,0.018325806,0.9379883,0.012741089,0.020217896,0.010940552
ChiliLiteV2_MNV3S_MultiLevel_ColorGate,3,/home/bt/Documents/Po/chili_fruit/dataset/Chili Growth Stage Original Dataset (1)/Chili Growth Stage Original Dataset/Flower/Flower00313.JPG,1,1,Flower,Flower,0.01751709,0.94091797,0.012916565,0.016967773,0.011672974
ChiliLiteV2_MNV3S_MultiLevel_ColorGate,3,/home/bt/Documents/Po/chili_fruit/dataset/Chili Growth Stage Original Dataset (1)/Chili Growth Stage Original Dataset/Flower/Flower00341.JPG,1,1,Flower,Flower,0.019226074,0.9355469,0.016647339,0.01902771,0.009399414
ChiliLiteV2_MNV3S_MultiLevel_ColorGate,3,/home/bt/Documents/Po/chili_fruit/dataset/Chili Growth Stage Original Dataset (1)/Chili Growth Stage Original Dataset/Flower/Flower00347.JPG,1,1,Flower,Flower,0.011138916,0.93896484,0.018692017,0.022537231,0.008613586
ChiliLiteV2_MNV3S_MultiLevel_ColorGate,3,/home/bt/Documents/Po/chili_fruit/dataset/Chili Growth Stage Original Dataset (1)/Chili Growth Stage Original Dataset/Flower/Flower00353.JPG,1,1,Flower,Flower,0.013298035,0.9404297,0.012916565,0.023391724,0.009788513
ChiliLiteV2_MNV3S_MultiLevel_ColorGate,3,/home/bt/Documents/Po/chili_fruit/dataset/Chili Growth Stage Original Dataset (1)/Chili Growth Stage Original Dataset/Flower/Flower00365.JPG,1,1,Flower,Flower,0.01864624,0.93847656,0.012176514,0.017150879,0.013450623
ChiliLiteV2_MNV3S_MultiLevel_ColorGate,3,/home/bt/Documents/Po/chili_fruit/dataset/Chili Growth Stage Original Dataset (1)/Chili Growth Stage Original Dataset/Flower/Flower00367.JPG,1,1,Flower,Flower,0.01852417,0.9379883,0.013542175,0.018295288,0.011512756
ChiliLiteV2_MNV3S_MultiLevel_ColorGate,3,/home/bt/Documents/Po/chili_fruit/dataset/Chili Growth Stage Original Dataset (1)/Chili Growth Stage Original Dataset/Flower/Flower00369.JPG,1,1,Flower,Flower,0.0118637085,0.94140625,0.017196655,0.021499634,0.008033752
ChiliLiteV2_MNV3S_MultiLevel_ColorGate,3,/home/bt/Documents/Po/chili_fruit/dataset/Chili Growth Stage Original Dataset (1)/Chili Growth Stage Original Dataset/Flower/Flower00379.JPG,1,1,Flower,Flower,0.014343262,0.9355469,0.024032593,0.01727295,0.008621216
ChiliLiteV2_MNV3S_MultiLevel_ColorGate,3,/home/bt/Documents/Po/chili_fruit/dataset/Chili Growth Stage Original Dataset (1)/Chili Growth Stage Original Dataset/Flower/Flower00383.JPG,1,1,Flower,Flower,0.011001587,0.94140625,0.015930176,0.02104187,0.010482788
ChiliLiteV2_MNV3S_MultiLevel_ColorGate,3,/home/bt/Documents/Po/chili_fruit/dataset/Chili Growth Stage Original Dataset (1)/Chili Growth Stage Original Dataset/Flower/Flower00386.JPG,1,1,Flower,Flower,0.018417358,0.9399414,0.012298584,0.015991211,0.013534546
ChiliLiteV2_MNV3S_MultiLevel_ColorGate,3,/home/bt/Documents/Po/chili_fruit/dataset/Chili Growth Stage Original Dataset (1)/Chili Growth Stage Original Dataset/Flower/Flower00390.JPG,1,1,Flower,Flower,0.015167236,0.9399414,0.017654419,0.017913818,0.009269714
ChiliLiteV2_MNV3S_MultiLevel_ColorGate,3,/home/bt/Documents/Po/chili_fruit/dataset/Chili Growth Stage Original Dataset (1)/Chili Growth Stage Original Dataset/Green Chili/Green Chili00007.JPG,2,2,Green Chili,Green Chili,0.010528564,0.021026611,0.92578125,0.019943237,0.022750854
ChiliLiteV2_MNV3S_MultiLevel_ColorGate,3,/home/bt/Documents/Po/chili_fruit/dataset/Chili Growth Stage Original Dataset (1)/Chili Growth Stage Original Dataset/Green Chili/Green Chili00023.JPG,2,2,Green Chili,Green Chili,0.02305603,0.19812012,0.71875,0.037750244,0.022277832
ChiliLiteV2_MNV3S_MultiLevel_ColorGate,3,/home/bt/Documents/Po/chili_fruit/dataset/Chili Growth Stage Original Dataset (1)/Chili Growth Stage Original Dataset/Green Chili/Green Chili00024.JPG,2,2,Green Chili,Green Chili,0.02204895,0.1829834,0.73291016,0.03994751,0.022094727
ChiliLiteV2_MNV3S_MultiLevel_ColorGate,3,/home/bt/Documents/Po/chili_fruit/dataset/Chili Growth Stage Original Dataset (1)/Chili Growth Stage Original Dataset/Green Chili/Green Chili00026.JPG,2,2,Green Chili,Green Chili,0.018035889,0.083862305,0.84472656,0.038085938,0.015411377
ChiliLiteV2_MNV3S_MultiLevel_ColorGate,3,/home/bt/Documents/Po/chili_fruit/dataset/Chili Growth Stage Original Dataset (1)/Chili Growth Stage Original Dataset/Green Chili/Green Chili00028.JPG,2,2,Green Chili,Green Chili,0.022384644,0.022613525,0.921875,0.018630981,0.014373779
ChiliLiteV2_MNV3S_MultiLevel_ColorGate,3,/home/bt/Documents/Po/chili_fruit/dataset/Chili Growth Stage Original Dataset (1)/Chili Growth Stage Original Dataset/Green Chili/Green Chili00037.JPG,2,2,Green Chili,Green Chili,0.010421753,0.01576233,0.91503906,0.034820557,0.02407837
ChiliLiteV2_MNV3S_MultiLevel_ColorGate,3,/home/bt/Documents/Po/chili_fruit/dataset/Chili Growth Stage Original Dataset (1)/Chili Growth Stage Original Dataset/Green Chili/Green Chili00046.JPG,2,2,Green Chili,Green Chili,0.0181427,0.021957397,0.90625,0.030761719,0.02305603
ChiliLiteV2_MNV3S_MultiLevel_ColorGate,3,/home/bt/Documents/Po/chili_fruit/dataset/Chili Growth Stage Original Dataset (1)/Chili Growth Stage Original Dataset/Green Chili/Green Chili00054.JPG,2,2,Green Chili,Green Chili,0.012145996,0.032989502,0.9067383,0.037139893,0.01108551
ChiliLiteV2_MNV3S_MultiLevel_ColorGate,3,/home/bt/Documents/Po/chili_fruit/dataset/Chili Growth Stage Original Dataset (1)/Chili Growth Stage Original Dataset/Green Chili/Green Chili00057.JPG,2,2,Green Chili,Green Chili,0.016784668,0.05545044,0.89501953,0.018844604,0.013870239
ChiliLiteV2_MNV3S_MultiLevel_ColorGate,3,/home/bt/Documents/Po/chili_fruit/dataset/Chili Growth Stage Original Dataset (1)/Chili Growth Stage Original Dataset/Green Chili/Green Chili00076.JPG,2,2,Green Chili,Green Chili,0.012641907,0.027038574,0.9116211,0.03805542,0.010498047
ChiliLiteV2_MNV3S_MultiLevel_ColorGate,3,/home/bt/Documents/Po/chili_fruit/dataset/Chili Growth Stage Original Dataset (1)/Chili Growth Stage Original Dataset/Green Chili/Green Chili00081.JPG,2,2,Green Chili,Green Chili,0.020233154,0.026977539,0.90185547,0.039245605,0.011749268
ChiliLiteV2_MNV3S_MultiLevel_ColorGate,3,/home/bt/Documents/Po/chili_fruit/dataset/Chili Growth Stage Original Dataset (1)/Chili Growth Stage Original Dataset/Green Chili/Green Chili00102.JPG,2,2,Green Chili,Green Chili,0.01687622,0.021072388,0.92578125,0.024871826,0.011482239
ChiliLiteV2_MNV3S_MultiLevel_ColorGate,3,/home/bt/Documents/Po/chili_fruit/dataset/Chili Growth Stage Original Dataset (1)/Chili Growth Stage Original Dataset/Green Chili/Green Chili00115.JPG,2,2,Green Chili,Green Chili,0.013496399,0.0181427,0.92822266,0.027374268,0.013008118
ChiliLiteV2_MNV3S_MultiLevel_ColorGate,3,/home/bt/Documents/Po/chili_fruit/dataset/Chili Growth Stage Original Dataset (1)/Chili Growth Stage Original Dataset/Green Chili/Green Chili00123.JPG,2,2,Green Chili,Green Chili,0.01322937,0.023101807,0.92529297,0.025100708,0.013046265
ChiliLiteV2_MNV3S_MultiLevel_ColorGate,3,/home/bt/Documents/Po/chili_fruit/dataset/Chili Growth Stage Original Dataset (1)/Chili Growth Stage Original Dataset/Green Chili/Green Chili00131.JPG,2,2,Green Chili,Green Chili,0.016052246,0.038146973,0.9135742,0.015655518,0.016723633
ChiliLiteV2_MNV3S_MultiLevel_ColorGate,3,/home/bt/Documents/Po/chili_fruit/dataset/Chili Growth Stage Original Dataset (1)/Chili Growth Stage Original Dataset/Green Chili/Green Chili00139.JPG,2,2,Green Chili,Green Chili,0.012252808,0.016418457,0.9082031,0.048309326,0.014671326
ChiliLiteV2_MNV3S_MultiLevel_ColorGate,3,/home/bt/Documents/Po/chili_fruit/dataset/Chili Growth Stage Original Dataset (1)/Chili Growth Stage Original Dataset/Green Chili/Green Chili00145.JPG,2,2,Green Chili,Green Chili,0.017868042,0.02470398,0.9042969,0.041412354,0.0116119385
ChiliLiteV2_MNV3S_MultiLevel_ColorGate,3,/home/bt/Documents/Po/chili_fruit/dataset/Chili Growth Stage Original Dataset (1)/Chili Growth Stage Original Dataset/Green Chili/Green Chili00157.JPG,2,2,Green Chili,Green Chili,0.015457153,0.030899048,0.91503906,0.02696228,0.01159668
ChiliLiteV2_MNV3S_MultiLevel_ColorGate,3,/home/bt/Documents/Po/chili_fruit/dataset/Chili Growth Stage Original Dataset (1)/Chili Growth Stage Original Dataset/Green Chili/Green Chili00168.JPG,2,2,Green Chili,Green Chili,0.0206604,0.060394287,0.82373047,0.08306885,0.01210022
ChiliLiteV2_MNV3S_MultiLevel_ColorGate,3,/home/bt/Documents/Po/chili_fruit/dataset/Chili Growth Stage Original Dataset (1)/Chili Growth Stage Original Dataset/Green Chili/Green Chili00176.JPG,2,2,Green Chili,Green Chili,0.018814087,0.022460938,0.91503906,0.018585205,0.02494812
ChiliLiteV2_MNV3S_MultiLevel_ColorGate,3,/home/bt/Documents/Po/chili_fruit/dataset/Chili Growth Stage Original Dataset (1)/Chili Growth Stage Original Dataset/Green Chili/Green Chili00201.JPG,2,2,Green Chili,Green Chili,0.029647827,0.04522705,0.87402344,0.022583008,0.02848816
ChiliLiteV2_MNV3S_MultiLevel_ColorGate,3,/home/bt/Documents/Po/chili_fruit/dataset/Chili Growth Stage Original Dataset (1)/Chili Growth Stage Original Dataset/Green Chili/Green Chili00214.JPG,2,2,Green Chili,Green Chili,0.020141602,0.0579834,0.8466797,0.06335449,0.011978149
ChiliLiteV2_MNV3S_MultiLevel_ColorGate,3,/home/bt/Documents/Po/chili_fruit/dataset/Chili Growth Stage Original Dataset (1)/Chili Growth Stage Original Dataset/Green Chili/Green Chili00218.JPG,2,2,Green Chili,Green Chili,0.012741089,0.021774292,0.9199219,0.033172607,0.012535095
ChiliLiteV2_MNV3S_MultiLevel_ColorGate,3,/home/bt/Documents/Po/chili_fruit/dataset/Chili Growth Stage Original Dataset (1)/Chili Growth Stage Original Dataset/Green Chili/Green Chili00219.JPG,2,2,Green Chili,Green Chili,0.013282776,0.018325806,0.9277344,0.02633667,0.014389038
ChiliLiteV2_MNV3S_MultiLevel_ColorGate,3,/home/bt/Documents/Po/chili_fruit/dataset/Chili Growth Stage Original Dataset (1)/Chili Growth Stage Original Dataset/Green Chili/Green Chili00222.JPG,2,2,Green Chili,Green Chili,0.015991211,0.020446777,0.9277344,0.024002075,0.011871338
ChiliLiteV2_MNV3S_MultiLevel_ColorGate,3,/home/bt/Documents/Po/chili_fruit/dataset/Chili Growth Stage Original Dataset (1)/Chili Growth Stage Original Dataset/Green Chili/Green Chili00243.JPG,2,2,Green Chili,Green Chili,0.01499176,0.093688965,0.8432617,0.027435303,0.020858765
ChiliLiteV2_MNV3S_MultiLevel_ColorGate,3,/home/bt/Documents/Po/chili_fruit/dataset/Chili Growth Stage Original Dataset (1)/Chili Growth Stage Original Dataset/Green Chili/Green Chili00257.JPG,2,2,Green Chili,Green Chili,0.011627197,0.101623535,0.828125,0.0385437,0.020111084
ChiliLiteV2_MNV3S_MultiLevel_ColorGate,3,/home/bt/Documents/Po/chili_fruit/dataset/Chili Growth Stage Original Dataset (1)/Chili Growth Stage Original Dataset/Green Chili/Green Chili00258.JPG,2,2,Green Chili,Green Chili,0.015052795,0.027908325,0.91796875,0.025894165,0.01335144
ChiliLiteV2_MNV3S_MultiLevel_ColorGate,3,/home/bt/Documents/Po/chili_fruit/dataset/Chili Growth Stage Original Dataset (1)/Chili Growth Stage Original Dataset/Green Chili/Green Chili00265.JPG,2,2,Green Chili,Green Chili,0.011802673,0.022125244,0.9223633,0.028961182,0.014808655
ChiliLiteV2_MNV3S_MultiLevel_ColorGate,3,/home/bt/Documents/Po/chili_fruit/dataset/Chili Growth Stage Original Dataset (1)/Chili Growth Stage Original Dataset/Green Chili/Green Chili00308.JPG,2,2,Green Chili,Green Chili,0.01158905,0.024597168,0.92822266,0.019104004,0.016647339
ChiliLiteV2_MNV3S_MultiLevel_ColorGate,3,/home/bt/Documents/Po/chili_fruit/dataset/Chili Growth Stage Original Dataset (1)/Chili Growth Stage Original Dataset/Green Chili/Green Chili00311.JPG,2,2,Green Chili,Green Chili,0.027297974,0.01499939,0.9135742,0.030914307,0.01335144
ChiliLiteV2_MNV3S_MultiLevel_ColorGate,3,/home/bt/Documents/Po/chili_fruit/dataset/Chili Growth Stage Original Dataset (1)/Chili Growth Stage Original Dataset/Green Chili/Green Chili00321.JPG,2,2,Green Chili,Green Chili,0.021591187,0.022644043,0.9199219,0.024978638,0.010955811
ChiliLiteV2_MNV3S_MultiLevel_ColorGate,3,/home/bt/Documents/Po/chili_fruit/dataset/Chili Growth Stage Original Dataset (1)/Chili Growth Stage Original Dataset/Green Chili/Green Chili00328.JPG,2,2,Green Chili,Green Chili,0.023986816,0.01965332,0.9169922,0.02684021,0.012275696
ChiliLiteV2_MNV3S_MultiLevel_ColorGate,3,/home/bt/Documents/Po/chili_fruit/dataset/Chili Growth Stage Original Dataset (1)/Chili Growth Stage Original Dataset/Red Chili/Red Chili00008.JPG,3,3,Red Chili,Red Chili,0.02079773,0.029708862,0.017150879,0.92089844,0.011306763
ChiliLiteV2_MNV3S_MultiLevel_ColorGate,3,/home/bt/Documents/Po/chili_fruit/dataset/Chili Growth Stage Original Dataset (1)/Chili Growth Stage Original Dataset/Red Chili/Red Chili00014.JPG,3,3,Red Chili,Red Chili,0.02319336,0.020996094,0.015327454,0.9243164,0.015991211
ChiliLiteV2_MNV3S_MultiLevel_ColorGate,3,/home/bt/Documents/Po/chili_fruit/dataset/Chili Growth Stage Original Dataset (1)/Chili Growth Stage Original Dataset/Red Chili/Red Chili00029.JPG,3,3,Red Chili,Red Chili,0.023223877,0.030227661,0.017730713,0.91796875,0.010856628
ChiliLiteV2_MNV3S_MultiLevel_ColorGate,3,/home/bt/Documents/Po/chili_fruit/dataset/Chili Growth Stage Original Dataset (1)/Chili Growth Stage Original Dataset/Red Chili/Red Chili00037.JPG,3,3,Red Chili,Red Chili,0.025009155,0.02331543,0.018295288,0.9199219,0.013343811
ChiliLiteV2_MNV3S_MultiLevel_ColorGate,3,/home/bt/Documents/Po/chili_fruit/dataset/Chili Growth Stage Original Dataset (1)/Chili Growth Stage Original Dataset/Red Chili/Red Chili00038.JPG,3,3,Red Chili,Red Chili,0.026168823,0.023208618,0.018081665,0.91845703,0.014312744
ChiliLiteV2_MNV3S_MultiLevel_ColorGate,3,/home/bt/Documents/Po/chili_fruit/dataset/Chili Growth Stage Original Dataset (1)/Chili Growth Stage Original Dataset/Red Chili/Red Chili00040.JPG,3,3,Red Chili,Red Chili,0.02545166,0.032165527,0.018814087,0.9116211,0.011878967
ChiliLiteV2_MNV3S_MultiLevel_ColorGate,3,/home/bt/Documents/Po/chili_fruit/dataset/Chili Growth Stage Original Dataset (1)/Chili Growth Stage Original Dataset/Red Chili/Red Chili00048.JPG,3,3,Red Chili,Red Chili,0.022735596,0.030960083,0.018203735,0.91796875,0.010322571
ChiliLiteV2_MNV3S_MultiLevel_ColorGate,3,/home/bt/Documents/Po/chili_fruit/dataset/Chili Growth Stage Original Dataset (1)/Chili Growth Stage Original Dataset/Red Chili/Red Chili00061.JPG,3,3,Red Chili,Red Chili,0.021057129,0.026870728,0.015525818,0.92529297,0.011054993
ChiliLiteV2_MNV3S_MultiLevel_ColorGate,3,/home/bt/Documents/Po/chili_fruit/dataset/Chili Growth Stage Original Dataset (1)/Chili Growth Stage Original Dataset/Red Chili/Red Chili00065.JPG,3,3,Red Chili,Red Chili,0.02142334,0.024398804,0.01676941,0.9213867,0.015838623
ChiliLiteV2_MNV3S_MultiLevel_ColorGate,3,/home/bt/Documents/Po/chili_fruit/dataset/Chili Growth Stage Original Dataset (1)/Chili Growth Stage Original Dataset/Red Chili/Red Chili00068.JPG,3,3,Red Chili,Red Chili,0.023727417,0.033477783,0.02067566,0.91064453,0.011505127
ChiliLiteV2_MNV3S_MultiLevel_ColorGate,3,/home/bt/Documents/Po/chili_fruit/dataset/Chili Growth Stage Original Dataset (1)/Chili Growth Stage Original Dataset/Red Chili/Red Chili00078.JPG,3,3,Red Chili,Red Chili,0.02180481,0.033050537,0.017974854,0.91308594,0.014312744
ChiliLiteV2_MNV3S_MultiLevel_ColorGate,3,/home/bt/Documents/Po/chili_fruit/dataset/Chili Growth Stage Original Dataset (1)/Chili Growth Stage Original Dataset/Red Chili/Red Chili00095.JPG,3,3,Red Chili,Red Chili,0.029281616,0.038391113,0.021636963,0.8989258,0.011947632
ChiliLiteV2_MNV3S_MultiLevel_ColorGate,3,/home/bt/Documents/Po/chili_fruit/dataset/Chili Growth Stage Original Dataset (1)/Chili Growth Stage Original Dataset/Red Chili/Red Chili00097.JPG,3,3,Red Chili,Red Chili,0.026443481,0.032043457,0.019638062,0.91015625,0.011619568
ChiliLiteV2_MNV3S_MultiLevel_ColorGate,3,/home/bt/Documents/Po/chili_fruit/dataset/Chili Growth Stage Original Dataset (1)/Chili Growth Stage Original Dataset/Red Chili/Red Chili00106.JPG,3,3,Red Chili,Red Chili,0.022109985,0.029006958,0.016937256,0.9199219,0.012054443
ChiliLiteV2_MNV3S_MultiLevel_ColorGate,3,/home/bt/Documents/Po/chili_fruit/dataset/Chili Growth Stage Original Dataset (1)/Chili Growth Stage Original Dataset/Red Chili/Red Chili00126.JPG,3,3,Red Chili,Red Chili,0.02709961,0.032348633,0.016021729,0.91259766,0.012069702
ChiliLiteV2_MNV3S_MultiLevel_ColorGate,3,/home/bt/Documents/Po/chili_fruit/dataset/Chili Growth Stage Original Dataset (1)/Chili Growth Stage Original Dataset/Red Chili/Red Chili00154.JPG,3,3,Red Chili,Red Chili,0.02746582,0.034118652,0.016693115,0.9116211,0.010215759
ChiliLiteV2_MNV3S_MultiLevel_ColorGate,3,/home/bt/Documents/Po/chili_fruit/dataset/Chili Growth Stage Original Dataset (1)/Chili Growth Stage Original Dataset/Red Chili/Red Chili00182.JPG,3,3,Red Chili,Red Chili,0.023849487,0.032470703,0.018173218,0.9160156,0.009521484
ChiliLiteV2_MNV3S_MultiLevel_ColorGate,3,/home/bt/Documents/Po/chili_fruit/dataset/Chili Growth Stage Original Dataset (1)/Chili Growth Stage Original Dataset/Red Chili/Red Chili00188.JPG,3,3,Red Chili,Red Chili,0.02508545,0.030456543,0.015823364,0.9169922,0.011688232
ChiliLiteV2_MNV3S_MultiLevel_ColorGate,3,/home/bt/Documents/Po/chili_fruit/dataset/Chili Growth Stage Original Dataset (1)/Chili Growth Stage Original Dataset/Red Chili/Red Chili00192.JPG,3,3,Red Chili,Red Chili,0.027542114,0.028625488,0.016662598,0.9165039,0.010627747
ChiliLiteV2_MNV3S_MultiLevel_ColorGate,3,/home/bt/Documents/Po/chili_fruit/dataset/Chili Growth Stage Original Dataset (1)/Chili Growth Stage Original Dataset/Red Chili/Red Chili00199.JPG,3,3,Red Chili,Red Chili,0.03427124,0.045715332,0.024124146,0.88378906,0.011878967
ChiliLiteV2_MNV3S_MultiLevel_ColorGate,3,/home/bt/Documents/Po/chili_fruit/dataset/Chili Growth Stage Original Dataset (1)/Chili Growth Stage Original Dataset/Rotten Chili/Rotten Chili00008.JPG,4,4,Rotten Chili,Rotten Chili,0.019577026,0.021270752,0.013702393,0.046325684,0.8989258
ChiliLiteV2_MNV3S_MultiLevel_ColorGate,3,/home/bt/Documents/Po/chili_fruit/dataset/Chili Growth Stage Original Dataset (1)/Chili Growth Stage Original Dataset/Rotten Chili/Rotten Chili00013.JPG,4,4,Rotten Chili,Rotten Chili,0.015464783,0.016586304,0.019882202,0.016708374,0.93115234
ChiliLiteV2_MNV3S_MultiLevel_ColorGate,3,/home/bt/Documents/Po/chili_fruit/dataset/Chili Growth Stage Original Dataset (1)/Chili Growth Stage Original Dataset/Rotten Chili/Rotten Chili00024.JPG,4,4,Rotten Chili,Rotten Chili,0.01737976,0.015029907,0.015594482,0.02520752,0.9267578
ChiliLiteV2_MNV3S_MultiLevel_ColorGate,3,/home/bt/Documents/Po/chili_fruit/dataset/Chili Growth Stage Original Dataset (1)/Chili Growth Stage Original Dataset/Rotten Chili/Rotten Chili00027.JPG,4,4,Rotten Chili,Rotten Chili,0.020767212,0.01864624,0.014343262,0.028930664,0.91748047
ChiliLiteV2_MNV3S_MultiLevel_ColorGate,3,/home/bt/Documents/Po/chili_fruit/dataset/Chili Growth Stage Original Dataset (1)/Chili Growth Stage Original Dataset/Rotten Chili/Rotten Chili00055.JPG,4,4,Rotten Chili,Rotten Chili,0.015556335,0.0154953,0.01625061,0.034362793,0.91845703
ChiliLiteV2_MNV3S_MultiLevel_ColorGate,3,/home/bt/Documents/Po/chili_fruit/dataset/Chili Growth Stage Original Dataset (1)/Chili Growth Stage Original Dataset/Rotten Chili/Rotten Chili00065.JPG,4,3,Rotten Chili,Red Chili,0.029830933,0.046844482,0.026382446,0.50878906,0.38842773
ChiliLiteV2_MNV3S_MultiLevel_ColorGate,3,/home/bt/Documents/Po/chili_fruit/dataset/Chili Growth Stage Original Dataset (1)/Chili Growth Stage Original Dataset/Rotten Chili/Rotten Chili00069.JPG,4,4,Rotten Chili,Rotten Chili,0.018554688,0.013923645,0.020935059,0.0960083,0.85058594
ChiliLiteV2_MNV3S_MultiLevel_ColorGate,3,/home/bt/Documents/Po/chili_fruit/dataset/Chili Growth Stage Original Dataset (1)/Chili Growth Stage Original Dataset/Rotten Chili/Rotten Chili00071.JPG,4,3,Rotten Chili,Red Chili,0.032104492,0.022735596,0.02104187,0.7919922,0.13208008
ChiliLiteV2_MNV3S_MultiLevel_ColorGate,3,/home/bt/Documents/Po/chili_fruit/dataset/Chili Growth Stage Original Dataset (1)/Chili Growth Stage Original Dataset/Rotten Chili/Rotten Chili00073.JPG,4,4,Rotten Chili,Rotten Chili,0.025985718,0.017425537,0.012840271,0.03463745,0.9091797
ChiliLiteV2_MNV3S_MultiLevel_ColorGate,3,/home/bt/Documents/Po/chili_fruit/dataset/Chili Growth Stage Original Dataset (1)/Chili Growth Stage Original Dataset/Rotten Chili/Rotten Chili00079.JPG,4,4,Rotten Chili,Rotten Chili,0.014846802,0.01537323,0.013923645,0.031021118,0.9248047
ChiliLiteV2_MNV3S_MultiLevel_ColorGate,3,/home/bt/Documents/Po/chili_fruit/dataset/Chili Growth Stage Original Dataset (1)/Chili Growth Stage Original Dataset/Rotten Chili/Rotten Chili00105.JPG,4,4,Rotten Chili,Rotten Chili,0.016418457,0.025161743,0.014633179,0.024353027,0.9194336
ChiliLiteV2_MNV3S_MultiLevel_ColorGate,3,/home/bt/Documents/Po/chili_fruit/dataset/Chili Growth Stage Original Dataset (1)/Chili Growth Stage Original Dataset/Rotten Chili/Rotten Chili00106.JPG,4,4,Rotten Chili,Rotten Chili,0.016021729,0.020065308,0.013618469,0.022201538,0.92822266
ChiliLiteV2_MNV3S_MultiLevel_ColorGate,3,/home/bt/Documents/Po/chili_fruit/dataset/Chili Growth Stage Original Dataset (1)/Chili Growth Stage Original Dataset/Rotten Chili/Rotten Chili00113.JPG,4,3,Rotten Chili,Red Chili,0.042633057,0.022888184,0.024124146,0.578125,0.33203125
ChiliLiteV2_MNV3S_MultiLevel_ColorGate,3,/home/bt/Documents/Po/chili_fruit/dataset/Chili Growth Stage Original Dataset (1)/Chili Growth Stage Original Dataset/Rotten Chili/Rotten Chili00115.JPG,4,3,Rotten Chili,Red Chili,0.04626465,0.026428223,0.024459839,0.50634766,0.39648438
ChiliLiteV2_MNV3S_MultiLevel_ColorGate,3,/home/bt/Documents/Po/chili_fruit/dataset/Chili Growth Stage Original Dataset (1)/Chili Growth Stage Original Dataset/Rotten Chili/Rotten Chili00128.JPG,4,4,Rotten Chili,Rotten Chili,0.020614624,0.013633728,0.015625,0.03564453,0.9145508
ChiliLiteV2_MNV3S_MultiLevel_ColorGate,3,/home/bt/Documents/Po/chili_fruit/dataset/Chili Growth Stage Original Dataset (1)/Chili Growth Stage Original Dataset/Rotten Chili/Rotten Chili00133.JPG,4,4,Rotten Chili,Rotten Chili,0.021408081,0.013626099,0.015426636,0.03704834,0.91259766
ChiliLiteV2_MNV3S_MultiLevel_ColorGate,3,/home/bt/Documents/Po/chili_fruit/dataset/Chili Growth Stage Original Dataset (1)/Chili Growth Stage Original Dataset/Rotten Chili/Rotten Chili00147.JPG,4,4,Rotten Chili,Rotten Chili,0.02178955,0.017028809,0.023452759,0.08557129,0.8520508
ChiliLiteV2_MNV3S_MultiLevel_ColorGate,3,/home/bt/Documents/Po/chili_fruit/dataset/Chili Growth Stage Original Dataset (1)/Chili Growth Stage Original Dataset/Rotten Chili/Rotten Chili00166.JPG,4,4,Rotten Chili,Rotten Chili,0.014511108,0.011924744,0.01977539,0.030151367,0.9238281
ChiliLiteV2_MNV3S_MultiLevel_ColorGate,3,/home/bt/Documents/Po/chili_fruit/dataset/Chili Growth Stage Original Dataset (1)/Chili Growth Stage Original Dataset/Rotten Chili/Rotten Chili00177.JPG,4,4,Rotten Chili,Rotten Chili,0.05267334,0.020019531,0.01852417,0.039978027,0.86865234
ChiliLiteV2_MNV3S_MultiLevel_ColorGate,3,/home/bt/Documents/Po/chili_fruit/dataset/Chili Growth Stage Original Dataset (1)/Chili Growth Stage Original Dataset/Rotten Chili/Rotten Chili00179.JPG,4,4,Rotten Chili,Rotten Chili,0.018066406,0.009674072,0.019226074,0.045959473,0.90722656
ChiliLiteV2_MNV3S_MultiLevel_ColorGate,3,/home/bt/Documents/Po/chili_fruit/dataset/Chili Growth Stage Original Dataset (1)/Chili Growth Stage Original Dataset/Rotten Chili/Rotten Chili00183.JPG,4,4,Rotten Chili,Rotten Chili,0.016937256,0.011642456,0.016235352,0.0385437,0.9165039
ChiliLiteV2_MNV3S_MultiLevel_ColorGate,3,/home/bt/Documents/Po/chili_fruit/dataset/Chili Growth Stage Original Dataset (1)/Chili Growth Stage Original Dataset/Rotten Chili/Rotten Chili00190.JPG,4,4,Rotten Chili,Rotten Chili,0.025360107,0.011878967,0.022506714,0.12646484,0.81396484
ChiliLiteV2_MNV3S_MultiLevel_ColorGate,3,/home/bt/Documents/Po/chili_fruit/dataset/Chili Growth Stage Original Dataset (1)/Chili Growth Stage Original Dataset/Rotten Chili/Rotten Chili00206.JPG,4,4,Rotten Chili,Rotten Chili,0.017990112,0.012428284,0.01890564,0.050872803,0.89990234
ChiliLiteV2_MNV3S_MultiLevel_ColorGate,3,/home/bt/Documents/Po/chili_fruit/dataset/Chili Growth Stage Original Dataset (1)/Chili Growth Stage Original Dataset/Rotten Chili/Rotten Chili00229.JPG,4,4,Rotten Chili,Rotten Chili,0.02619934,0.016113281,0.012825012,0.030593872,0.9140625
ChiliLiteV2_MNV3S_MultiLevel_ColorGate,3,/home/bt/Documents/Po/chili_fruit/dataset/Chili Growth Stage Original Dataset (1)/Chili Growth Stage Original Dataset/Rotten Chili/Rotten Chili00247.JPG,4,4,Rotten Chili,Rotten Chili,0.02456665,0.014198303,0.021072388,0.07775879,0.8623047
ChiliLiteV2_MNV3S_MultiLevel_ColorGate,3,/home/bt/Documents/Po/chili_fruit/dataset/Chili Growth Stage Original Dataset (1)/Chili Growth Stage Original Dataset/Rotten Chili/Rotten Chili00275.JPG,4,4,Rotten Chili,Rotten Chili,0.03451538,0.023956299,0.022659302,0.23205566,0.6870117
ChiliLiteV2_MNV3S_MultiLevel_ColorGate,3,/home/bt/Documents/Po/chili_fruit/dataset/Chili Growth Stage Original Dataset (1)/Chili Growth Stage Original Dataset/Rotten Chili/Rotten Chili00277.JPG,4,4,Rotten Chili,Rotten Chili,0.033325195,0.022232056,0.020324707,0.16369629,0.7602539
ChiliLiteV2_MNV3S_MultiLevel_ColorGate,3,/home/bt/Documents/Po/chili_fruit/dataset/Chili Growth Stage Original Dataset (1)/Chili Growth Stage Original Dataset/Rotten Chili/Rotten Chili00285.JPG,4,4,Rotten Chili,Rotten Chili,0.024276733,0.023010254,0.017120361,0.06768799,0.8676758
ChiliLiteV2_MNV3S_MultiLevel_ColorGate,3,/home/bt/Documents/Po/chili_fruit/dataset/Chili Growth Stage Original Dataset (1)/Chili Growth Stage Original Dataset/Rotten Chili/Rotten Chili00296.JPG,4,4,Rotten Chili,Rotten Chili,0.025497437,0.026733398,0.017089844,0.0793457,0.8515625
ChiliLiteV2_MNV3S_MultiLevel_ColorGate,3,/home/bt/Documents/Po/chili_fruit/dataset/Chili Growth Stage Original Dataset (1)/Chili Growth Stage Original Dataset/Rotten Chili/Rotten Chili00301.JPG,4,4,Rotten Chili,Rotten Chili,0.02911377,0.026916504,0.016174316,0.082092285,0.8457031
ChiliLiteV2_MNV3S_MultiLevel_ColorGate,3,/home/bt/Documents/Po/chili_fruit/dataset/Chili Growth Stage Original Dataset (1)/Chili Growth Stage Original Dataset/Rotten Chili/Rotten Chili00305.JPG,4,4,Rotten Chili,Rotten Chili,0.0262146,0.013069153,0.016845703,0.052368164,0.89160156
ChiliLiteV2_MNV3S_MultiLevel_ColorGate,3,/home/bt/Documents/Po/chili_fruit/dataset/Chili Growth Stage Original Dataset (1)/Chili Growth Stage Original Dataset/Rotten Chili/Rotten Chili00312.JPG,4,4,Rotten Chili,Rotten Chili,0.028442383,0.016555786,0.01739502,0.046020508,0.89160156
ChiliLiteV2_MNV3S_MultiLevel_ColorGate,3,/home/bt/Documents/Po/chili_fruit/dataset/Chili Growth Stage Original Dataset (1)/Chili Growth Stage Original Dataset/Rotten Chili/Rotten Chili00315.JPG,4,4,Rotten Chili,Rotten Chili,0.02583313,0.015777588,0.019866943,0.062469482,0.87597656
ChiliLiteV2_MNV3S_MultiLevel_ColorGate,3,/home/bt/Documents/Po/chili_fruit/dataset/Chili Growth Stage Original Dataset (1)/Chili Growth Stage Original Dataset/Rotten Chili/Rotten Chili00317.JPG,4,4,Rotten Chili,Rotten Chili,0.025375366,0.016693115,0.01701355,0.05130005,0.88964844
ChiliLiteV2_MNV3S_MultiLevel_ColorGate,3,/home/bt/Documents/Po/chili_fruit/dataset/Chili Growth Stage Original Dataset (1)/Chili Growth Stage Original Dataset/Rotten Chili/Rotten Chili00324.JPG,4,4,Rotten Chili,Rotten Chili,0.029403687,0.027908325,0.013435364,0.025177002,0.9042969
ChiliLiteV2_MNV3S_MultiLevel_ColorGate,3,/home/bt/Documents/Po/chili_fruit/dataset/Chili Growth Stage Original Dataset (1)/Chili Growth Stage Original Dataset/Rotten Chili/Rotten Chili00345.JPG,4,4,Rotten Chili,Rotten Chili,0.016189575,0.0418396,0.017105103,0.014457703,0.91015625
ChiliLiteV2_MNV3S_MultiLevel_ColorGate,3,/home/bt/Documents/Po/chili_fruit/dataset/Chili Growth Stage Original Dataset (1)/Chili Growth Stage Original Dataset/Rotten Chili/Rotten Chili00353.JPG,4,4,Rotten Chili,Rotten Chili,0.015808105,0.02658081,0.018692017,0.015579224,0.92333984
ChiliLiteV2_MNV3S_MultiLevel_ColorGate,3,/home/bt/Documents/Po/chili_fruit/dataset/Chili Growth Stage Original Dataset (1)/Chili Growth Stage Original Dataset/Rotten Chili/Rotten Chili00376.JPG,4,4,Rotten Chili,Rotten Chili,0.010910034,0.01637268,0.019180298,0.051330566,0.90234375
ChiliLiteV2_MNV3S_MultiLevel_ColorGate,4,/home/bt/Documents/Po/chili_fruit/dataset/Chili Growth Stage Original Dataset (1)/Chili Growth Stage Original Dataset/Dry chili/Dry chili00002.JPG,0,0,Dry Chili,Dry Chili,0.92089844,0.023330688,0.015792847,0.02394104,0.015945435
ChiliLiteV2_MNV3S_MultiLevel_ColorGate,4,/home/bt/Documents/Po/chili_fruit/dataset/Chili Growth Stage Original Dataset (1)/Chili Growth Stage Original Dataset/Dry chili/Dry chili00003.JPG,0,0,Dry Chili,Dry Chili,0.9277344,0.020233154,0.016174316,0.018920898,0.017120361
ChiliLiteV2_MNV3S_MultiLevel_ColorGate,4,/home/bt/Documents/Po/chili_fruit/dataset/Chili Growth Stage Original Dataset (1)/Chili Growth Stage Original Dataset/Dry chili/Dry chili00011.JPG,0,0,Dry Chili,Dry Chili,0.9301758,0.017593384,0.015945435,0.01713562,0.01927185
ChiliLiteV2_MNV3S_MultiLevel_ColorGate,4,/home/bt/Documents/Po/chili_fruit/dataset/Chili Growth Stage Original Dataset (1)/Chili Growth Stage Original Dataset/Dry chili/Dry chili00015.JPG,0,0,Dry Chili,Dry Chili,0.9277344,0.018600464,0.01612854,0.021148682,0.01651001
ChiliLiteV2_MNV3S_MultiLevel_ColorGate,4,/home/bt/Documents/Po/chili_fruit/dataset/Chili Growth Stage Original Dataset (1)/Chili Growth Stage Original Dataset/Dry chili/Dry chili00056.JPG,0,0,Dry Chili,Dry Chili,0.92871094,0.01902771,0.016235352,0.019973755,0.01586914
ChiliLiteV2_MNV3S_MultiLevel_ColorGate,4,/home/bt/Documents/Po/chili_fruit/dataset/Chili Growth Stage Original Dataset (1)/Chili Growth Stage Original Dataset/Dry chili/Dry chili00078.JPG,0,0,Dry Chili,Dry Chili,0.9272461,0.020004272,0.01675415,0.020904541,0.01486969
ChiliLiteV2_MNV3S_MultiLevel_ColorGate,4,/home/bt/Documents/Po/chili_fruit/dataset/Chili Growth Stage Original Dataset (1)/Chili Growth Stage Original Dataset/Dry chili/Dry chili00098.JPG,0,0,Dry Chili,Dry Chili,0.9291992,0.017456055,0.014045715,0.020736694,0.018722534
ChiliLiteV2_MNV3S_MultiLevel_ColorGate,4,/home/bt/Documents/Po/chili_fruit/dataset/Chili Growth Stage Original Dataset (1)/Chili Growth Stage Original Dataset/Dry chili/Dry chili00099.JPG,0,0,Dry Chili,Dry Chili,0.9316406,0.019012451,0.01525116,0.018035889,0.016021729
ChiliLiteV2_MNV3S_MultiLevel_ColorGate,4,/home/bt/Documents/Po/chili_fruit/dataset/Chili Growth Stage Original Dataset (1)/Chili Growth Stage Original Dataset/Dry chili/Dry chili00111.JPG,0,0,Dry Chili,Dry Chili,0.9165039,0.02279663,0.014099121,0.029571533,0.01689148
ChiliLiteV2_MNV3S_MultiLevel_ColorGate,4,/home/bt/Documents/Po/chili_fruit/dataset/Chili Growth Stage Original Dataset (1)/Chili Growth Stage Original Dataset/Dry chili/Dry chili00114.JPG,0,0,Dry Chili,Dry Chili,0.92871094,0.01864624,0.016082764,0.020095825,0.01651001
ChiliLiteV2_MNV3S_MultiLevel_ColorGate,4,/home/bt/Documents/Po/chili_fruit/dataset/Chili Growth Stage Original Dataset (1)/Chili Growth Stage Original Dataset/Dry chili/Dry chili00131.JPG,0,0,Dry Chili,Dry Chili,0.9301758,0.015701294,0.017410278,0.016662598,0.019973755
ChiliLiteV2_MNV3S_MultiLevel_ColorGate,4,/home/bt/Documents/Po/chili_fruit/dataset/Chili Growth Stage Original Dataset (1)/Chili Growth Stage Original Dataset/Dry chili/Dry chili00135.JPG,0,0,Dry Chili,Dry Chili,0.9321289,0.016967773,0.015975952,0.017700195,0.017150879
ChiliLiteV2_MNV3S_MultiLevel_ColorGate,4,/home/bt/Documents/Po/chili_fruit/dataset/Chili Growth Stage Original Dataset (1)/Chili Growth Stage Original Dataset/Dry chili/Dry chili00141.JPG,0,0,Dry Chili,Dry Chili,0.9272461,0.019622803,0.017990112,0.01789856,0.01713562
ChiliLiteV2_MNV3S_MultiLevel_ColorGate,4,/home/bt/Documents/Po/chili_fruit/dataset/Chili Growth Stage Original Dataset (1)/Chili Growth Stage Original Dataset/Dry chili/Dry chili00145.JPG,0,0,Dry Chili,Dry Chili,0.9213867,0.026992798,0.017028809,0.019592285,0.015129089
ChiliLiteV2_MNV3S_MultiLevel_ColorGate,4,/home/bt/Documents/Po/chili_fruit/dataset/Chili Growth Stage Original Dataset (1)/Chili Growth Stage Original Dataset/Dry chili/Dry chili00147.JPG,0,0,Dry Chili,Dry Chili,0.9291992,0.020141602,0.014671326,0.019073486,0.016708374
ChiliLiteV2_MNV3S_MultiLevel_ColorGate,4,/home/bt/Documents/Po/chili_fruit/dataset/Chili Growth Stage Original Dataset (1)/Chili Growth Stage Original Dataset/Dry chili/Dry chili00157.JPG,0,0,Dry Chili,Dry Chili,0.92626953,0.021133423,0.016021729,0.020385742,0.016311646
ChiliLiteV2_MNV3S_MultiLevel_ColorGate,4,/home/bt/Documents/Po/chili_fruit/dataset/Chili Growth Stage Original Dataset (1)/Chili Growth Stage Original Dataset/Dry chili/Dry chili00171.JPG,0,0,Dry Chili,Dry Chili,0.92578125,0.018356323,0.01600647,0.023010254,0.016952515
ChiliLiteV2_MNV3S_MultiLevel_ColorGate,4,/home/bt/Documents/Po/chili_fruit/dataset/Chili Growth Stage Original Dataset (1)/Chili Growth Stage Original Dataset/Dry chili/Dry chili00172.JPG,0,0,Dry Chili,Dry Chili,0.9243164,0.024337769,0.017242432,0.01802063,0.0158844
ChiliLiteV2_MNV3S_MultiLevel_ColorGate,4,/home/bt/Documents/Po/chili_fruit/dataset/Chili Growth Stage Original Dataset (1)/Chili Growth Stage Original Dataset/Dry chili/Dry chili00176.JPG,0,0,Dry Chili,Dry Chili,0.9326172,0.014526367,0.015686035,0.01902771,0.018371582
ChiliLiteV2_MNV3S_MultiLevel_ColorGate,4,/home/bt/Documents/Po/chili_fruit/dataset/Chili Growth Stage Original Dataset (1)/Chili Growth Stage Original Dataset/Dry chili/Dry chili00178.JPG,0,0,Dry Chili,Dry Chili,0.9213867,0.028259277,0.016540527,0.018005371,0.01600647
ChiliLiteV2_MNV3S_MultiLevel_ColorGate,4,/home/bt/Documents/Po/chili_fruit/dataset/Chili Growth Stage Original Dataset (1)/Chili Growth Stage Original Dataset/Dry chili/Dry chili00185.JPG,0,0,Dry Chili,Dry Chili,0.92285156,0.022583008,0.018600464,0.019119263,0.016845703
ChiliLiteV2_MNV3S_MultiLevel_ColorGate,4,/home/bt/Documents/Po/chili_fruit/dataset/Chili Growth Stage Original Dataset (1)/Chili Growth Stage Original Dataset/Dry chili/Dry chili00195.JPG,0,0,Dry Chili,Dry Chili,0.92529297,0.021881104,0.019989014,0.01687622,0.016113281
ChiliLiteV2_MNV3S_MultiLevel_ColorGate,4,/home/bt/Documents/Po/chili_fruit/dataset/Chili Growth Stage Original Dataset (1)/Chili Growth Stage Original Dataset/Dry chili/Dry chili00196.JPG,0,0,Dry Chili,Dry Chili,0.9238281,0.02456665,0.016204834,0.017822266,0.017700195
ChiliLiteV2_MNV3S_MultiLevel_ColorGate,4,/home/bt/Documents/Po/chili_fruit/dataset/Chili Growth Stage Original Dataset (1)/Chili Growth Stage Original Dataset/Dry chili/Dry chili00210.JPG,0,0,Dry Chili,Dry Chili,0.92578125,0.02330017,0.015007019,0.019561768,0.016220093
ChiliLiteV2_MNV3S_MultiLevel_ColorGate,4,/home/bt/Documents/Po/chili_fruit/dataset/Chili Growth Stage Original Dataset (1)/Chili Growth Stage Original Dataset/Dry chili/Dry chili00230.JPG,0,0,Dry Chili,Dry Chili,0.9296875,0.01852417,0.015197754,0.017852783,0.01878357
ChiliLiteV2_MNV3S_MultiLevel_ColorGate,4,/home/bt/Documents/Po/chili_fruit/dataset/Chili Growth Stage Original Dataset (1)/Chili Growth Stage Original Dataset/Dry chili/Dry chili00231.JPG,0,0,Dry Chili,Dry Chili,0.92871094,0.01979065,0.017440796,0.01776123,0.016235352
ChiliLiteV2_MNV3S_MultiLevel_ColorGate,4,/home/bt/Documents/Po/chili_fruit/dataset/Chili Growth Stage Original Dataset (1)/Chili Growth Stage Original Dataset/Dry chili/Dry chili00251.JPG,0,0,Dry Chili,Dry Chili,0.92626953,0.022323608,0.016082764,0.017654419,0.017791748
ChiliLiteV2_MNV3S_MultiLevel_ColorGate,4,/home/bt/Documents/Po/chili_fruit/dataset/Chili Growth Stage Original Dataset (1)/Chili Growth Stage Original Dataset/Dry chili/Dry chili00259.JPG,0,0,Dry Chili,Dry Chili,0.9272461,0.021697998,0.017181396,0.018310547,0.015403748
ChiliLiteV2_MNV3S_MultiLevel_ColorGate,4,/home/bt/Documents/Po/chili_fruit/dataset/Chili Growth Stage Original Dataset (1)/Chili Growth Stage Original Dataset/Dry chili/Dry chili00267.JPG,0,0,Dry Chili,Dry Chili,0.92871094,0.020812988,0.015319824,0.018096924,0.017105103
ChiliLiteV2_MNV3S_MultiLevel_ColorGate,4,/home/bt/Documents/Po/chili_fruit/dataset/Chili Growth Stage Original Dataset (1)/Chili Growth Stage Original Dataset/Dry chili/Dry chili00272.JPG,0,0,Dry Chili,Dry Chili,0.92578125,0.020645142,0.013145447,0.020904541,0.019439697
ChiliLiteV2_MNV3S_MultiLevel_ColorGate,4,/home/bt/Documents/Po/chili_fruit/dataset/Chili Growth Stage Original Dataset (1)/Chili Growth Stage Original Dataset/Dry chili/Dry chili00310.JPG,0,0,Dry Chili,Dry Chili,0.9296875,0.016052246,0.015853882,0.018341064,0.019973755
ChiliLiteV2_MNV3S_MultiLevel_ColorGate,4,/home/bt/Documents/Po/chili_fruit/dataset/Chili Growth Stage Original Dataset (1)/Chili Growth Stage Original Dataset/Dry chili/Dry chili00312.JPG,0,0,Dry Chili,Dry Chili,0.92578125,0.020965576,0.0158844,0.021331787,0.015914917
ChiliLiteV2_MNV3S_MultiLevel_ColorGate,4,/home/bt/Documents/Po/chili_fruit/dataset/Chili Growth Stage Original Dataset (1)/Chili Growth Stage Original Dataset/Dry chili/Dry chili00314.JPG,0,0,Dry Chili,Dry Chili,0.92333984,0.023986816,0.016098022,0.019470215,0.016967773
ChiliLiteV2_MNV3S_MultiLevel_ColorGate,4,/home/bt/Documents/Po/chili_fruit/dataset/Chili Growth Stage Original Dataset (1)/Chili Growth Stage Original Dataset/Dry chili/Dry chili00315.JPG,0,0,Dry Chili,Dry Chili,0.92578125,0.019638062,0.013427734,0.021377563,0.019760132
ChiliLiteV2_MNV3S_MultiLevel_ColorGate,4,/home/bt/Documents/Po/chili_fruit/dataset/Chili Growth Stage Original Dataset (1)/Chili Growth Stage Original Dataset/Dry chili/Dry chili00320.JPG,0,0,Dry Chili,Dry Chili,0.9213867,0.02507019,0.01739502,0.02041626,0.015853882
ChiliLiteV2_MNV3S_MultiLevel_ColorGate,4,/home/bt/Documents/Po/chili_fruit/dataset/Chili Growth Stage Original Dataset (1)/Chili Growth Stage Original Dataset/Dry chili/Dry chili00338.JPG,0,0,Dry Chili,Dry Chili,0.92871094,0.021697998,0.015548706,0.01763916,0.01626587
ChiliLiteV2_MNV3S_MultiLevel_ColorGate,4,/home/bt/Documents/Po/chili_fruit/dataset/Chili Growth Stage Original Dataset (1)/Chili Growth Stage Original Dataset/Dry chili/Dry chili00365.JPG,0,0,Dry Chili,Dry Chili,0.9291992,0.016220093,0.015853882,0.019943237,0.018814087
ChiliLiteV2_MNV3S_MultiLevel_ColorGate,4,/home/bt/Documents/Po/chili_fruit/dataset/Chili Growth Stage Original Dataset (1)/Chili Growth Stage Original Dataset/Dry chili/Dry chili00385.JPG,0,0,Dry Chili,Dry Chili,0.92822266,0.018463135,0.01474762,0.020843506,0.017868042
ChiliLiteV2_MNV3S_MultiLevel_ColorGate,4,/home/bt/Documents/Po/chili_fruit/dataset/Chili Growth Stage Original Dataset (1)/Chili Growth Stage Original Dataset/Dry chili/Dry chili00393.JPG,0,0,Dry Chili,Dry Chili,0.9316406,0.015899658,0.016540527,0.01763916,0.018371582
ChiliLiteV2_MNV3S_MultiLevel_ColorGate,4,/home/bt/Documents/Po/chili_fruit/dataset/Chili Growth Stage Original Dataset (1)/Chili Growth Stage Original Dataset/Dry chili/Dry chili00394.JPG,0,0,Dry Chili,Dry Chili,0.93359375,0.015563965,0.016845703,0.015960693,0.018112183
ChiliLiteV2_MNV3S_MultiLevel_ColorGate,4,/home/bt/Documents/Po/chili_fruit/dataset/Chili Growth Stage Original Dataset (1)/Chili Growth Stage Original Dataset/Dry chili/Dry chili00395.JPG,0,0,Dry Chili,Dry Chili,0.9316406,0.018829346,0.0154953,0.01713562,0.016998291
ChiliLiteV2_MNV3S_MultiLevel_ColorGate,4,/home/bt/Documents/Po/chili_fruit/dataset/Chili Growth Stage Original Dataset (1)/Chili Growth Stage Original Dataset/Flower/Flower00001.JPG,1,1,Flower,Flower,0.016693115,0.9291992,0.012214661,0.02067566,0.021133423
ChiliLiteV2_MNV3S_MultiLevel_ColorGate,4,/home/bt/Documents/Po/chili_fruit/dataset/Chili Growth Stage Original Dataset (1)/Chili Growth Stage Original Dataset/Flower/Flower00004.JPG,1,1,Flower,Flower,0.012542725,0.93603516,0.014923096,0.017578125,0.018997192
ChiliLiteV2_MNV3S_MultiLevel_ColorGate,4,/home/bt/Documents/Po/chili_fruit/dataset/Chili Growth Stage Original Dataset (1)/Chili Growth Stage Original Dataset/Flower/Flower00029.JPG,1,1,Flower,Flower,0.015899658,0.9316406,0.01663208,0.017852783,0.018035889
ChiliLiteV2_MNV3S_MultiLevel_ColorGate,4,/home/bt/Documents/Po/chili_fruit/dataset/Chili Growth Stage Original Dataset (1)/Chili Growth Stage Original Dataset/Flower/Flower00047.JPG,1,1,Flower,Flower,0.0129852295,0.9326172,0.0129470825,0.020233154,0.021240234
ChiliLiteV2_MNV3S_MultiLevel_ColorGate,4,/home/bt/Documents/Po/chili_fruit/dataset/Chili Growth Stage Original Dataset (1)/Chili Growth Stage Original Dataset/Flower/Flower00061.JPG,1,1,Flower,Flower,0.014945984,0.9277344,0.011230469,0.022872925,0.023345947
ChiliLiteV2_MNV3S_MultiLevel_ColorGate,4,/home/bt/Documents/Po/chili_fruit/dataset/Chili Growth Stage Original Dataset (1)/Chili Growth Stage Original Dataset/Flower/Flower00066.JPG,1,1,Flower,Flower,0.017852783,0.921875,0.013061523,0.025115967,0.022247314
ChiliLiteV2_MNV3S_MultiLevel_ColorGate,4,/home/bt/Documents/Po/chili_fruit/dataset/Chili Growth Stage Original Dataset (1)/Chili Growth Stage Original Dataset/Flower/Flower00082.JPG,1,1,Flower,Flower,0.015991211,0.92089844,0.011459351,0.018310547,0.033111572
ChiliLiteV2_MNV3S_MultiLevel_ColorGate,4,/home/bt/Documents/Po/chili_fruit/dataset/Chili Growth Stage Original Dataset (1)/Chili Growth Stage Original Dataset/Flower/Flower00097.JPG,1,1,Flower,Flower,0.017959595,0.9165039,0.010253906,0.029754639,0.025299072
ChiliLiteV2_MNV3S_MultiLevel_ColorGate,4,/home/bt/Documents/Po/chili_fruit/dataset/Chili Growth Stage Original Dataset (1)/Chili Growth Stage Original Dataset/Flower/Flower00101.JPG,1,1,Flower,Flower,0.014564514,0.9135742,0.011054993,0.036071777,0.02494812
ChiliLiteV2_MNV3S_MultiLevel_ColorGate,4,/home/bt/Documents/Po/chili_fruit/dataset/Chili Growth Stage Original Dataset (1)/Chili Growth Stage Original Dataset/Flower/Flower00104.JPG,1,1,Flower,Flower,0.015464783,0.9238281,0.011726379,0.023071289,0.025680542
ChiliLiteV2_MNV3S_MultiLevel_ColorGate,4,/home/bt/Documents/Po/chili_fruit/dataset/Chili Growth Stage Original Dataset (1)/Chili Growth Stage Original Dataset/Flower/Flower00146.JPG,1,1,Flower,Flower,0.013786316,0.92578125,0.0104599,0.021438599,0.028457642
ChiliLiteV2_MNV3S_MultiLevel_ColorGate,4,/home/bt/Documents/Po/chili_fruit/dataset/Chili Growth Stage Original Dataset (1)/Chili Growth Stage Original Dataset/Flower/Flower00157.JPG,1,1,Flower,Flower,0.014556885,0.93115234,0.01171875,0.019134521,0.023666382
ChiliLiteV2_MNV3S_MultiLevel_ColorGate,4,/home/bt/Documents/Po/chili_fruit/dataset/Chili Growth Stage Original Dataset (1)/Chili Growth Stage Original Dataset/Flower/Flower00166.JPG,1,1,Flower,Flower,0.01423645,0.9296875,0.013038635,0.02281189,0.020324707
ChiliLiteV2_MNV3S_MultiLevel_ColorGate,4,/home/bt/Documents/Po/chili_fruit/dataset/Chili Growth Stage Original Dataset (1)/Chili Growth Stage Original Dataset/Flower/Flower00172.JPG,1,1,Flower,Flower,0.017150879,0.9243164,0.010864258,0.025634766,0.02192688
ChiliLiteV2_MNV3S_MultiLevel_ColorGate,4,/home/bt/Documents/Po/chili_fruit/dataset/Chili Growth Stage Original Dataset (1)/Chili Growth Stage Original Dataset/Flower/Flower00177.JPG,1,1,Flower,Flower,0.013916016,0.93652344,0.015289307,0.014884949,0.019470215
ChiliLiteV2_MNV3S_MultiLevel_ColorGate,4,/home/bt/Documents/Po/chili_fruit/dataset/Chili Growth Stage Original Dataset (1)/Chili Growth Stage Original Dataset/Flower/Flower00180.JPG,1,1,Flower,Flower,0.015975952,0.93408203,0.011253357,0.018325806,0.020507812
ChiliLiteV2_MNV3S_MultiLevel_ColorGate,4,/home/bt/Documents/Po/chili_fruit/dataset/Chili Growth Stage Original Dataset (1)/Chili Growth Stage Original Dataset/Flower/Flower00186.JPG,1,1,Flower,Flower,0.016204834,0.9291992,0.012413025,0.022155762,0.019958496
ChiliLiteV2_MNV3S_MultiLevel_ColorGate,4,/home/bt/Documents/Po/chili_fruit/dataset/Chili Growth Stage Original Dataset (1)/Chili Growth Stage Original Dataset/Flower/Flower00201.JPG,1,1,Flower,Flower,0.015510559,0.9277344,0.011184692,0.019073486,0.026550293
ChiliLiteV2_MNV3S_MultiLevel_ColorGate,4,/home/bt/Documents/Po/chili_fruit/dataset/Chili Growth Stage Original Dataset (1)/Chili Growth Stage Original Dataset/Flower/Flower00204.JPG,1,1,Flower,Flower,0.013595581,0.93066406,0.013473511,0.018478394,0.02355957
ChiliLiteV2_MNV3S_MultiLevel_ColorGate,4,/home/bt/Documents/Po/chili_fruit/dataset/Chili Growth Stage Original Dataset (1)/Chili Growth Stage Original Dataset/Flower/Flower00211.JPG,1,1,Flower,Flower,0.014953613,0.93115234,0.011550903,0.021331787,0.020828247
ChiliLiteV2_MNV3S_MultiLevel_ColorGate,4,/home/bt/Documents/Po/chili_fruit/dataset/Chili Growth Stage Original Dataset (1)/Chili Growth Stage Original Dataset/Flower/Flower00221.JPG,1,1,Flower,Flower,0.016326904,0.9316406,0.012588501,0.0181427,0.021499634
ChiliLiteV2_MNV3S_MultiLevel_ColorGate,4,/home/bt/Documents/Po/chili_fruit/dataset/Chili Growth Stage Original Dataset (1)/Chili Growth Stage Original Dataset/Flower/Flower00224.JPG,1,1,Flower,Flower,0.014572144,0.9355469,0.01512146,0.016784668,0.018157959
ChiliLiteV2_MNV3S_MultiLevel_ColorGate,4,/home/bt/Documents/Po/chili_fruit/dataset/Chili Growth Stage Original Dataset (1)/Chili Growth Stage Original Dataset/Flower/Flower00232.JPG,1,1,Flower,Flower,0.015792847,0.93115234,0.012298584,0.020950317,0.019592285
ChiliLiteV2_MNV3S_MultiLevel_ColorGate,4,/home/bt/Documents/Po/chili_fruit/dataset/Chili Growth Stage Original Dataset (1)/Chili Growth Stage Original Dataset/Flower/Flower00237.JPG,1,1,Flower,Flower,0.01625061,0.9321289,0.013824463,0.017929077,0.019744873
ChiliLiteV2_MNV3S_MultiLevel_ColorGate,4,/home/bt/Documents/Po/chili_fruit/dataset/Chili Growth Stage Original Dataset (1)/Chili Growth Stage Original Dataset/Flower/Flower00240.JPG,1,1,Flower,Flower,0.017242432,0.9316406,0.012756348,0.019378662,0.019073486
ChiliLiteV2_MNV3S_MultiLevel_ColorGate,4,/home/bt/Documents/Po/chili_fruit/dataset/Chili Growth Stage Original Dataset (1)/Chili Growth Stage Original Dataset/Flower/Flower00253.JPG,1,1,Flower,Flower,0.015914917,0.93359375,0.012260437,0.015960693,0.022384644
ChiliLiteV2_MNV3S_MultiLevel_ColorGate,4,/home/bt/Documents/Po/chili_fruit/dataset/Chili Growth Stage Original Dataset (1)/Chili Growth Stage Original Dataset/Flower/Flower00256.JPG,1,1,Flower,Flower,0.017944336,0.9321289,0.012245178,0.017364502,0.020523071
ChiliLiteV2_MNV3S_MultiLevel_ColorGate,4,/home/bt/Documents/Po/chili_fruit/dataset/Chili Growth Stage Original Dataset (1)/Chili Growth Stage Original Dataset/Flower/Flower00279.JPG,1,1,Flower,Flower,0.014511108,0.9301758,0.013130188,0.020553589,0.021636963
ChiliLiteV2_MNV3S_MultiLevel_ColorGate,4,/home/bt/Documents/Po/chili_fruit/dataset/Chili Growth Stage Original Dataset (1)/Chili Growth Stage Original Dataset/Flower/Flower00318.JPG,1,1,Flower,Flower,0.020217896,0.9326172,0.016311646,0.013824463,0.017074585
ChiliLiteV2_MNV3S_MultiLevel_ColorGate,4,/home/bt/Documents/Po/chili_fruit/dataset/Chili Growth Stage Original Dataset (1)/Chili Growth Stage Original Dataset/Flower/Flower00319.JPG,1,1,Flower,Flower,0.013870239,0.9355469,0.01449585,0.015914917,0.020187378
ChiliLiteV2_MNV3S_MultiLevel_ColorGate,4,/home/bt/Documents/Po/chili_fruit/dataset/Chili Growth Stage Original Dataset (1)/Chili Growth Stage Original Dataset/Flower/Flower00355.JPG,1,1,Flower,Flower,0.017929077,0.9316406,0.016204834,0.015533447,0.018844604
ChiliLiteV2_MNV3S_MultiLevel_ColorGate,4,/home/bt/Documents/Po/chili_fruit/dataset/Chili Growth Stage Original Dataset (1)/Chili Growth Stage Original Dataset/Flower/Flower00368.JPG,1,1,Flower,Flower,0.014343262,0.9345703,0.012382507,0.015457153,0.023208618
ChiliLiteV2_MNV3S_MultiLevel_ColorGate,4,/home/bt/Documents/Po/chili_fruit/dataset/Chili Growth Stage Original Dataset (1)/Chili Growth Stage Original Dataset/Flower/Flower00373.JPG,1,1,Flower,Flower,0.01737976,0.9326172,0.012748718,0.01739502,0.019958496
ChiliLiteV2_MNV3S_MultiLevel_ColorGate,4,/home/bt/Documents/Po/chili_fruit/dataset/Chili Growth Stage Original Dataset (1)/Chili Growth Stage Original Dataset/Flower/Flower00375.JPG,1,1,Flower,Flower,0.014892578,0.93310547,0.017974854,0.017501831,0.016708374
ChiliLiteV2_MNV3S_MultiLevel_ColorGate,4,/home/bt/Documents/Po/chili_fruit/dataset/Chili Growth Stage Original Dataset (1)/Chili Growth Stage Original Dataset/Flower/Flower00376.JPG,1,1,Flower,Flower,0.016311646,0.93603516,0.012359619,0.016418457,0.018981934
ChiliLiteV2_MNV3S_MultiLevel_ColorGate,4,/home/bt/Documents/Po/chili_fruit/dataset/Chili Growth Stage Original Dataset (1)/Chili Growth Stage Original Dataset/Flower/Flower00387.JPG,1,1,Flower,Flower,0.016311646,0.93408203,0.013145447,0.01663208,0.019973755
ChiliLiteV2_MNV3S_MultiLevel_ColorGate,4,/home/bt/Documents/Po/chili_fruit/dataset/Chili Growth Stage Original Dataset (1)/Chili Growth Stage Original Dataset/Flower/Flower00388.JPG,1,1,Flower,Flower,0.017608643,0.9321289,0.013580322,0.016952515,0.019515991
ChiliLiteV2_MNV3S_MultiLevel_ColorGate,4,/home/bt/Documents/Po/chili_fruit/dataset/Chili Growth Stage Original Dataset (1)/Chili Growth Stage Original Dataset/Flower/Flower00389.JPG,1,1,Flower,Flower,0.018707275,0.9326172,0.013786316,0.016784668,0.018173218
ChiliLiteV2_MNV3S_MultiLevel_ColorGate,4,/home/bt/Documents/Po/chili_fruit/dataset/Chili Growth Stage Original Dataset (1)/Chili Growth Stage Original Dataset/Flower/Flower00391.JPG,1,1,Flower,Flower,0.012077332,0.9355469,0.012992859,0.016525269,0.022827148
ChiliLiteV2_MNV3S_MultiLevel_ColorGate,4,/home/bt/Documents/Po/chili_fruit/dataset/Chili Growth Stage Original Dataset (1)/Chili Growth Stage Original Dataset/Flower/Flower00394.JPG,1,1,Flower,Flower,0.011550903,0.93652344,0.01322937,0.018005371,0.0209198
ChiliLiteV2_MNV3S_MultiLevel_ColorGate,4,/home/bt/Documents/Po/chili_fruit/dataset/Chili Growth Stage Original Dataset (1)/Chili Growth Stage Original Dataset/Green Chili/Green Chili00003.JPG,2,2,Green Chili,Green Chili,0.016433716,0.012687683,0.92529297,0.023361206,0.022354126
ChiliLiteV2_MNV3S_MultiLevel_ColorGate,4,/home/bt/Documents/Po/chili_fruit/dataset/Chili Growth Stage Original Dataset (1)/Chili Growth Stage Original Dataset/Green Chili/Green Chili00011.JPG,2,2,Green Chili,Green Chili,0.014389038,0.014030457,0.9379883,0.014930725,0.018753052
ChiliLiteV2_MNV3S_MultiLevel_ColorGate,4,/home/bt/Documents/Po/chili_fruit/dataset/Chili Growth Stage Original Dataset (1)/Chili Growth Stage Original Dataset/Green Chili/Green Chili00015.JPG,2,2,Green Chili,Green Chili,0.014045715,0.05999756,0.8901367,0.014350891,0.021347046
ChiliLiteV2_MNV3S_MultiLevel_ColorGate,4,/home/bt/Documents/Po/chili_fruit/dataset/Chili Growth Stage Original Dataset (1)/Chili Growth Stage Original Dataset/Green Chili/Green Chili00017.JPG,2,2,Green Chili,Green Chili,0.011787415,0.022827148,0.9370117,0.0128479,0.0154800415
ChiliLiteV2_MNV3S_MultiLevel_ColorGate,4,/home/bt/Documents/Po/chili_fruit/dataset/Chili Growth Stage Original Dataset (1)/Chili Growth Stage Original Dataset/Green Chili/Green Chili00021.JPG,2,2,Green Chili,Green Chili,0.01146698,0.02053833,0.9379883,0.013442993,0.016494751
ChiliLiteV2_MNV3S_MultiLevel_ColorGate,4,/home/bt/Documents/Po/chili_fruit/dataset/Chili Growth Stage Original Dataset (1)/Chili Growth Stage Original Dataset/Green Chili/Green Chili00022.JPG,2,2,Green Chili,Green Chili,0.013183594,0.016067505,0.94140625,0.01473999,0.014755249
ChiliLiteV2_MNV3S_MultiLevel_ColorGate,4,/home/bt/Documents/Po/chili_fruit/dataset/Chili Growth Stage Original Dataset (1)/Chili Growth Stage Original Dataset/Green Chili/Green Chili00025.JPG,2,2,Green Chili,Green Chili,0.013031006,0.018081665,0.9350586,0.019577026,0.014099121
ChiliLiteV2_MNV3S_MultiLevel_ColorGate,4,/home/bt/Documents/Po/chili_fruit/dataset/Chili Growth Stage Original Dataset (1)/Chili Growth Stage Original Dataset/Green Chili/Green Chili00035.JPG,2,2,Green Chili,Green Chili,0.014060974,0.015167236,0.9379883,0.017227173,0.015670776
ChiliLiteV2_MNV3S_MultiLevel_ColorGate,4,/home/bt/Documents/Po/chili_fruit/dataset/Chili Growth Stage Original Dataset (1)/Chili Growth Stage Original Dataset/Green Chili/Green Chili00051.JPG,2,1,Green Chili,Flower,0.023590088,0.4741211,0.09710693,0.015930176,0.38916016
ChiliLiteV2_MNV3S_MultiLevel_ColorGate,4,/home/bt/Documents/Po/chili_fruit/dataset/Chili Growth Stage Original Dataset (1)/Chili Growth Stage Original Dataset/Green Chili/Green Chili00075.JPG,2,2,Green Chili,Green Chili,0.016555786,0.14111328,0.7783203,0.04534912,0.018463135
ChiliLiteV2_MNV3S_MultiLevel_ColorGate,4,/home/bt/Documents/Po/chili_fruit/dataset/Chili Growth Stage Original Dataset (1)/Chili Growth Stage Original Dataset/Green Chili/Green Chili00084.JPG,2,2,Green Chili,Green Chili,0.013381958,0.013038635,0.92822266,0.02798462,0.017211914
ChiliLiteV2_MNV3S_MultiLevel_ColorGate,4,/home/bt/Documents/Po/chili_fruit/dataset/Chili Growth Stage Original Dataset (1)/Chili Growth Stage Original Dataset/Green Chili/Green Chili00091.JPG,2,2,Green Chili,Green Chili,0.01512146,0.013061523,0.9296875,0.019165039,0.022735596
ChiliLiteV2_MNV3S_MultiLevel_ColorGate,4,/home/bt/Documents/Po/chili_fruit/dataset/Chili Growth Stage Original Dataset (1)/Chili Growth Stage Original Dataset/Green Chili/Green Chili00098.JPG,2,2,Green Chili,Green Chili,0.010314941,0.01966858,0.9291992,0.015098572,0.025802612
ChiliLiteV2_MNV3S_MultiLevel_ColorGate,4,/home/bt/Documents/Po/chili_fruit/dataset/Chili Growth Stage Original Dataset (1)/Chili Growth Stage Original Dataset/Green Chili/Green Chili00107.JPG,2,2,Green Chili,Green Chili,0.013343811,0.013885498,0.92285156,0.031799316,0.018203735
ChiliLiteV2_MNV3S_MultiLevel_ColorGate,4,/home/bt/Documents/Po/chili_fruit/dataset/Chili Growth Stage Original Dataset (1)/Chili Growth Stage Original Dataset/Green Chili/Green Chili00112.JPG,2,2,Green Chili,Green Chili,0.0131073,0.015808105,0.93408203,0.017562866,0.019454956
ChiliLiteV2_MNV3S_MultiLevel_ColorGate,4,/home/bt/Documents/Po/chili_fruit/dataset/Chili Growth Stage Original Dataset (1)/Chili Growth Stage Original Dataset/Green Chili/Green Chili00129.JPG,2,2,Green Chili,Green Chili,0.014839172,0.013305664,0.94091797,0.014694214,0.016220093
ChiliLiteV2_MNV3S_MultiLevel_ColorGate,4,/home/bt/Documents/Po/chili_fruit/dataset/Chili Growth Stage Original Dataset (1)/Chili Growth Stage Original Dataset/Green Chili/Green Chili00141.JPG,2,2,Green Chili,Green Chili,0.010894775,0.020584106,0.9272461,0.024810791,0.016281128
ChiliLiteV2_MNV3S_MultiLevel_ColorGate,4,/home/bt/Documents/Po/chili_fruit/dataset/Chili Growth Stage Original Dataset (1)/Chili Growth Stage Original Dataset/Green Chili/Green Chili00142.JPG,2,2,Green Chili,Green Chili,0.012275696,0.015449524,0.92626953,0.030426025,0.015670776
ChiliLiteV2_MNV3S_MultiLevel_ColorGate,4,/home/bt/Documents/Po/chili_fruit/dataset/Chili Growth Stage Original Dataset (1)/Chili Growth Stage Original Dataset/Green Chili/Green Chili00160.JPG,2,2,Green Chili,Green Chili,0.014022827,0.015975952,0.92529297,0.030029297,0.014694214
ChiliLiteV2_MNV3S_MultiLevel_ColorGate,4,/home/bt/Documents/Po/chili_fruit/dataset/Chili Growth Stage Original Dataset (1)/Chili Growth Stage Original Dataset/Green Chili/Green Chili00169.JPG,2,2,Green Chili,Green Chili,0.017822266,0.013404846,0.9350586,0.020614624,0.013153076
ChiliLiteV2_MNV3S_MultiLevel_ColorGate,4,/home/bt/Documents/Po/chili_fruit/dataset/Chili Growth Stage Original Dataset (1)/Chili Growth Stage Original Dataset/Green Chili/Green Chili00199.JPG,2,2,Green Chili,Green Chili,0.015151978,0.012916565,0.8901367,0.03881836,0.042785645
ChiliLiteV2_MNV3S_MultiLevel_ColorGate,4,/home/bt/Documents/Po/chili_fruit/dataset/Chili Growth Stage Original Dataset (1)/Chili Growth Stage Original Dataset/Green Chili/Green Chili00210.JPG,2,2,Green Chili,Green Chili,0.014877319,0.013298035,0.93603516,0.01675415,0.019134521
ChiliLiteV2_MNV3S_MultiLevel_ColorGate,4,/home/bt/Documents/Po/chili_fruit/dataset/Chili Growth Stage Original Dataset (1)/Chili Growth Stage Original Dataset/Green Chili/Green Chili00221.JPG,2,2,Green Chili,Green Chili,0.011299133,0.018096924,0.9370117,0.015899658,0.017471313
ChiliLiteV2_MNV3S_MultiLevel_ColorGate,4,/home/bt/Documents/Po/chili_fruit/dataset/Chili Growth Stage Original Dataset (1)/Chili Growth Stage Original Dataset/Green Chili/Green Chili00240.JPG,2,2,Green Chili,Green Chili,0.01348114,0.015075684,0.93066406,0.01626587,0.024475098
ChiliLiteV2_MNV3S_MultiLevel_ColorGate,4,/home/bt/Documents/Po/chili_fruit/dataset/Chili Growth Stage Original Dataset (1)/Chili Growth Stage Original Dataset/Green Chili/Green Chili00255.JPG,2,2,Green Chili,Green Chili,0.01374054,0.012809753,0.8720703,0.07348633,0.028060913
ChiliLiteV2_MNV3S_MultiLevel_ColorGate,4,/home/bt/Documents/Po/chili_fruit/dataset/Chili Growth Stage Original Dataset (1)/Chili Growth Stage Original Dataset/Green Chili/Green Chili00264.JPG,2,2,Green Chili,Green Chili,0.01411438,0.013298035,0.9321289,0.01550293,0.024887085
ChiliLiteV2_MNV3S_MultiLevel_ColorGate,4,/home/bt/Documents/Po/chili_fruit/dataset/Chili Growth Stage Original Dataset (1)/Chili Growth Stage Original Dataset/Green Chili/Green Chili00270.JPG,2,2,Green Chili,Green Chili,0.009185791,0.017181396,0.8959961,0.04058838,0.037017822
ChiliLiteV2_MNV3S_MultiLevel_ColorGate,4,/home/bt/Documents/Po/chili_fruit/dataset/Chili Growth Stage Original Dataset (1)/Chili Growth Stage Original Dataset/Green Chili/Green Chili00277.JPG,2,2,Green Chili,Green Chili,0.011192322,0.018218994,0.93066406,0.014579773,0.025360107
ChiliLiteV2_MNV3S_MultiLevel_ColorGate,4,/home/bt/Documents/Po/chili_fruit/dataset/Chili Growth Stage Original Dataset (1)/Chili Growth Stage Original Dataset/Green Chili/Green Chili00289.JPG,2,2,Green Chili,Green Chili,0.015701294,0.014076233,0.9316406,0.018035889,0.020446777
ChiliLiteV2_MNV3S_MultiLevel_ColorGate,4,/home/bt/Documents/Po/chili_fruit/dataset/Chili Growth Stage Original Dataset (1)/Chili Growth Stage Original Dataset/Green Chili/Green Chili00293.JPG,2,2,Green Chili,Green Chili,0.020614624,0.018569946,0.66748047,0.1763916,0.116760254
ChiliLiteV2_MNV3S_MultiLevel_ColorGate,4,/home/bt/Documents/Po/chili_fruit/dataset/Chili Growth Stage Original Dataset (1)/Chili Growth Stage Original Dataset/Green Chili/Green Chili00300.JPG,2,2,Green Chili,Green Chili,0.012268066,0.013404846,0.9423828,0.015205383,0.01651001
ChiliLiteV2_MNV3S_MultiLevel_ColorGate,4,/home/bt/Documents/Po/chili_fruit/dataset/Chili Growth Stage Original Dataset (1)/Chili Growth Stage Original Dataset/Green Chili/Green Chili00304.JPG,2,2,Green Chili,Green Chili,0.016647339,0.015548706,0.92333984,0.024963379,0.019470215
ChiliLiteV2_MNV3S_MultiLevel_ColorGate,4,/home/bt/Documents/Po/chili_fruit/dataset/Chili Growth Stage Original Dataset (1)/Chili Growth Stage Original Dataset/Green Chili/Green Chili00325.JPG,2,2,Green Chili,Green Chili,0.01638794,0.022064209,0.9189453,0.028305054,0.014343262
ChiliLiteV2_MNV3S_MultiLevel_ColorGate,4,/home/bt/Documents/Po/chili_fruit/dataset/Chili Growth Stage Original Dataset (1)/Chili Growth Stage Original Dataset/Red Chili/Red Chili00003.JPG,3,3,Red Chili,Red Chili,0.020126343,0.020874023,0.010887146,0.93066406,0.017532349
ChiliLiteV2_MNV3S_MultiLevel_ColorGate,4,/home/bt/Documents/Po/chili_fruit/dataset/Chili Growth Stage Original Dataset (1)/Chili Growth Stage Original Dataset/Red Chili/Red Chili00012.JPG,3,3,Red Chili,Red Chili,0.023361206,0.023162842,0.01020813,0.91552734,0.027908325
ChiliLiteV2_MNV3S_MultiLevel_ColorGate,4,/home/bt/Documents/Po/chili_fruit/dataset/Chili Growth Stage Original Dataset (1)/Chili Growth Stage Original Dataset/Red Chili/Red Chili00013.JPG,3,3,Red Chili,Red Chili,0.022994995,0.021255493,0.010734558,0.9189453,0.026260376
ChiliLiteV2_MNV3S_MultiLevel_ColorGate,4,/home/bt/Documents/Po/chili_fruit/dataset/Chili Growth Stage Original Dataset (1)/Chili Growth Stage Original Dataset/Red Chili/Red Chili00018.JPG,3,3,Red Chili,Red Chili,0.021484375,0.023956299,0.011161804,0.92041016,0.02293396
ChiliLiteV2_MNV3S_MultiLevel_ColorGate,4,/home/bt/Documents/Po/chili_fruit/dataset/Chili Growth Stage Original Dataset (1)/Chili Growth Stage Original Dataset/Red Chili/Red Chili00027.JPG,3,3,Red Chili,Red Chili,0.016067505,0.016677856,0.013015747,0.9399414,0.014541626
ChiliLiteV2_MNV3S_MultiLevel_ColorGate,4,/home/bt/Documents/Po/chili_fruit/dataset/Chili Growth Stage Original Dataset (1)/Chili Growth Stage Original Dataset/Red Chili/Red Chili00036.JPG,3,3,Red Chili,Red Chili,0.018325806,0.015731812,0.015670776,0.93066406,0.019638062
ChiliLiteV2_MNV3S_MultiLevel_ColorGate,4,/home/bt/Documents/Po/chili_fruit/dataset/Chili Growth Stage Original Dataset (1)/Chili Growth Stage Original Dataset/Red Chili/Red Chili00054.JPG,3,3,Red Chili,Red Chili,0.018295288,0.020248413,0.012191772,0.9301758,0.018875122
ChiliLiteV2_MNV3S_MultiLevel_ColorGate,4,/home/bt/Documents/Po/chili_fruit/dataset/Chili Growth Stage Original Dataset (1)/Chili Growth Stage Original Dataset/Red Chili/Red Chili00057.JPG,3,3,Red Chili,Red Chili,0.019882202,0.02078247,0.011650085,0.92285156,0.024932861
ChiliLiteV2_MNV3S_MultiLevel_ColorGate,4,/home/bt/Documents/Po/chili_fruit/dataset/Chili Growth Stage Original Dataset (1)/Chili Growth Stage Original Dataset/Red Chili/Red Chili00058.JPG,3,3,Red Chili,Red Chili,0.0140686035,0.01914978,0.013847351,0.93066406,0.022079468
ChiliLiteV2_MNV3S_MultiLevel_ColorGate,4,/home/bt/Documents/Po/chili_fruit/dataset/Chili Growth Stage Original Dataset (1)/Chili Growth Stage Original Dataset/Red Chili/Red Chili00075.JPG,3,3,Red Chili,Red Chili,0.021636963,0.02243042,0.012084961,0.91503906,0.02859497
ChiliLiteV2_MNV3S_MultiLevel_ColorGate,4,/home/bt/Documents/Po/chili_fruit/dataset/Chili Growth Stage Original Dataset (1)/Chili Growth Stage Original Dataset/Red Chili/Red Chili00083.JPG,3,3,Red Chili,Red Chili,0.024520874,0.026062012,0.01083374,0.8833008,0.055145264
ChiliLiteV2_MNV3S_MultiLevel_ColorGate,4,/home/bt/Documents/Po/chili_fruit/dataset/Chili Growth Stage Original Dataset (1)/Chili Growth Stage Original Dataset/Red Chili/Red Chili00096.JPG,3,3,Red Chili,Red Chili,0.022415161,0.01927185,0.012329102,0.92822266,0.017562866
ChiliLiteV2_MNV3S_MultiLevel_ColorGate,4,/home/bt/Documents/Po/chili_fruit/dataset/Chili Growth Stage Original Dataset (1)/Chili Growth Stage Original Dataset/Red Chili/Red Chili00100.JPG,3,3,Red Chili,Red Chili,0.0231781,0.019622803,0.011817932,0.9267578,0.018417358
ChiliLiteV2_MNV3S_MultiLevel_ColorGate,4,/home/bt/Documents/Po/chili_fruit/dataset/Chili Growth Stage Original Dataset (1)/Chili Growth Stage Original Dataset/Red Chili/Red Chili00102.JPG,3,3,Red Chili,Red Chili,0.020202637,0.015701294,0.014450073,0.9316406,0.017837524
ChiliLiteV2_MNV3S_MultiLevel_ColorGate,4,/home/bt/Documents/Po/chili_fruit/dataset/Chili Growth Stage Original Dataset (1)/Chili Growth Stage Original Dataset/Red Chili/Red Chili00115.JPG,3,3,Red Chili,Red Chili,0.017562866,0.016220093,0.012214661,0.9375,0.016540527
ChiliLiteV2_MNV3S_MultiLevel_ColorGate,4,/home/bt/Documents/Po/chili_fruit/dataset/Chili Growth Stage Original Dataset (1)/Chili Growth Stage Original Dataset/Red Chili/Red Chili00132.JPG,3,3,Red Chili,Red Chili,0.015838623,0.016662598,0.015342712,0.93652344,0.015716553
ChiliLiteV2_MNV3S_MultiLevel_ColorGate,4,/home/bt/Documents/Po/chili_fruit/dataset/Chili Growth Stage Original Dataset (1)/Chili Growth Stage Original Dataset/Red Chili/Red Chili00140.JPG,3,3,Red Chili,Red Chili,0.023223877,0.020996094,0.011985779,0.92529297,0.01838684
ChiliLiteV2_MNV3S_MultiLevel_ColorGate,4,/home/bt/Documents/Po/chili_fruit/dataset/Chili Growth Stage Original Dataset (1)/Chili Growth Stage Original Dataset/Red Chili/Red Chili00144.JPG,3,3,Red Chili,Red Chili,0.018096924,0.019241333,0.011856079,0.93359375,0.01725769
ChiliLiteV2_MNV3S_MultiLevel_ColorGate,4,/home/bt/Documents/Po/chili_fruit/dataset/Chili Growth Stage Original Dataset (1)/Chili Growth Stage Original Dataset/Red Chili/Red Chili00171.JPG,3,3,Red Chili,Red Chili,0.017562866,0.02017212,0.012077332,0.9355469,0.014884949
ChiliLiteV2_MNV3S_MultiLevel_ColorGate,4,/home/bt/Documents/Po/chili_fruit/dataset/Chili Growth Stage Original Dataset (1)/Chili Growth Stage Original Dataset/Red Chili/Red Chili00190.JPG,3,3,Red Chili,Red Chili,0.016220093,0.021392822,0.01146698,0.9326172,0.018234253
ChiliLiteV2_MNV3S_MultiLevel_ColorGate,4,/home/bt/Documents/Po/chili_fruit/dataset/Chili Growth Stage Original Dataset (1)/Chili Growth Stage Original Dataset/Rotten Chili/Rotten Chili00001.JPG,4,4,Rotten Chili,Rotten Chili,0.016601562,0.017440796,0.010665894,0.0135269165,0.94189453
ChiliLiteV2_MNV3S_MultiLevel_ColorGate,4,/home/bt/Documents/Po/chili_fruit/dataset/Chili Growth Stage Original Dataset (1)/Chili Growth Stage Original Dataset/Rotten Chili/Rotten Chili00003.JPG,4,4,Rotten Chili,Rotten Chili,0.01360321,0.021255493,0.009033203,0.01826477,0.9379883
ChiliLiteV2_MNV3S_MultiLevel_ColorGate,4,/home/bt/Documents/Po/chili_fruit/dataset/Chili Growth Stage Original Dataset (1)/Chili Growth Stage Original Dataset/Rotten Chili/Rotten Chili00006.JPG,4,4,Rotten Chili,Rotten Chili,0.013038635,0.02041626,0.009124756,0.019561768,0.9379883
ChiliLiteV2_MNV3S_MultiLevel_ColorGate,4,/home/bt/Documents/Po/chili_fruit/dataset/Chili Growth Stage Original Dataset (1)/Chili Growth Stage Original Dataset/Rotten Chili/Rotten Chili00023.JPG,4,4,Rotten Chili,Rotten Chili,0.02027893,0.017364502,0.008148193,0.0211792,0.93310547
ChiliLiteV2_MNV3S_MultiLevel_ColorGate,4,/home/bt/Documents/Po/chili_fruit/dataset/Chili Growth Stage Original Dataset (1)/Chili Growth Stage Original Dataset/Rotten Chili/Rotten Chili00049.JPG,4,4,Rotten Chili,Rotten Chili,0.016525269,0.013000488,0.010147095,0.020065308,0.9404297
ChiliLiteV2_MNV3S_MultiLevel_ColorGate,4,/home/bt/Documents/Po/chili_fruit/dataset/Chili Growth Stage Original Dataset (1)/Chili Growth Stage Original Dataset/Rotten Chili/Rotten Chili00059.JPG,4,4,Rotten Chili,Rotten Chili,0.015205383,0.014808655,0.010658264,0.012954712,0.94628906
ChiliLiteV2_MNV3S_MultiLevel_ColorGate,4,/home/bt/Documents/Po/chili_fruit/dataset/Chili Growth Stage Original Dataset (1)/Chili Growth Stage Original Dataset/Rotten Chili/Rotten Chili00060.JPG,4,4,Rotten Chili,Rotten Chili,0.014183044,0.017120361,0.009292603,0.013374329,0.9458008
ChiliLiteV2_MNV3S_MultiLevel_ColorGate,4,/home/bt/Documents/Po/chili_fruit/dataset/Chili Growth Stage Original Dataset (1)/Chili Growth Stage Original Dataset/Rotten Chili/Rotten Chili00077.JPG,4,4,Rotten Chili,Rotten Chili,0.024032593,0.02027893,0.010673523,0.057373047,0.8876953
ChiliLiteV2_MNV3S_MultiLevel_ColorGate,4,/home/bt/Documents/Po/chili_fruit/dataset/Chili Growth Stage Original Dataset (1)/Chili Growth Stage Original Dataset/Rotten Chili/Rotten Chili00082.JPG,4,4,Rotten Chili,Rotten Chili,0.017227173,0.01890564,0.0104904175,0.012634277,0.94091797
ChiliLiteV2_MNV3S_MultiLevel_ColorGate,4,/home/bt/Documents/Po/chili_fruit/dataset/Chili Growth Stage Original Dataset (1)/Chili Growth Stage Original Dataset/Rotten Chili/Rotten Chili00090.JPG,4,4,Rotten Chili,Rotten Chili,0.016815186,0.0178833,0.009513855,0.014389038,0.94140625
ChiliLiteV2_MNV3S_MultiLevel_ColorGate,4,/home/bt/Documents/Po/chili_fruit/dataset/Chili Growth Stage Original Dataset (1)/Chili Growth Stage Original Dataset/Rotten Chili/Rotten Chili00093.JPG,4,4,Rotten Chili,Rotten Chili,0.016494751,0.015808105,0.009590149,0.014030457,0.94384766
ChiliLiteV2_MNV3S_MultiLevel_ColorGate,4,/home/bt/Documents/Po/chili_fruit/dataset/Chili Growth Stage Original Dataset (1)/Chili Growth Stage Original Dataset/Rotten Chili/Rotten Chili00099.JPG,4,4,Rotten Chili,Rotten Chili,0.016113281,0.016555786,0.009269714,0.014907837,0.9433594
ChiliLiteV2_MNV3S_MultiLevel_ColorGate,4,/home/bt/Documents/Po/chili_fruit/dataset/Chili Growth Stage Original Dataset (1)/Chili Growth Stage Original Dataset/Rotten Chili/Rotten Chili00107.JPG,4,4,Rotten Chili,Rotten Chili,0.0154418945,0.018493652,0.008552551,0.016052246,0.94140625
ChiliLiteV2_MNV3S_MultiLevel_ColorGate,4,/home/bt/Documents/Po/chili_fruit/dataset/Chili Growth Stage Original Dataset (1)/Chili Growth Stage Original Dataset/Rotten Chili/Rotten Chili00116.JPG,4,4,Rotten Chili,Rotten Chili,0.018066406,0.018508911,0.009162903,0.027694702,0.9267578
ChiliLiteV2_MNV3S_MultiLevel_ColorGate,4,/home/bt/Documents/Po/chili_fruit/dataset/Chili Growth Stage Original Dataset (1)/Chili Growth Stage Original Dataset/Rotten Chili/Rotten Chili00118.JPG,4,4,Rotten Chili,Rotten Chili,0.018218994,0.018829346,0.009239197,0.031188965,0.9223633
ChiliLiteV2_MNV3S_MultiLevel_ColorGate,4,/home/bt/Documents/Po/chili_fruit/dataset/Chili Growth Stage Original Dataset (1)/Chili Growth Stage Original Dataset/Rotten Chili/Rotten Chili00122.JPG,4,4,Rotten Chili,Rotten Chili,0.019256592,0.016220093,0.009254456,0.02494812,0.9301758
ChiliLiteV2_MNV3S_MultiLevel_ColorGate,4,/home/bt/Documents/Po/chili_fruit/dataset/Chili Growth Stage Original Dataset (1)/Chili Growth Stage Original Dataset/Rotten Chili/Rotten Chili00155.JPG,4,4,Rotten Chili,Rotten Chili,0.013809204,0.015701294,0.010795593,0.023376465,0.93652344
ChiliLiteV2_MNV3S_MultiLevel_ColorGate,4,/home/bt/Documents/Po/chili_fruit/dataset/Chili Growth Stage Original Dataset (1)/Chili Growth Stage Original Dataset/Rotten Chili/Rotten Chili00159.JPG,4,4,Rotten Chili,Rotten Chili,0.016586304,0.022338867,0.009712219,0.017425537,0.93408203
ChiliLiteV2_MNV3S_MultiLevel_ColorGate,4,/home/bt/Documents/Po/chili_fruit/dataset/Chili Growth Stage Original Dataset (1)/Chili Growth Stage Original Dataset/Rotten Chili/Rotten Chili00199.JPG,4,4,Rotten Chili,Rotten Chili,0.013763428,0.02078247,0.008880615,0.01979065,0.9370117
ChiliLiteV2_MNV3S_MultiLevel_ColorGate,4,/home/bt/Documents/Po/chili_fruit/dataset/Chili Growth Stage Original Dataset (1)/Chili Growth Stage Original Dataset/Rotten Chili/Rotten Chili00204.JPG,4,4,Rotten Chili,Rotten Chili,0.014595032,0.019744873,0.008895874,0.015991211,0.94091797
ChiliLiteV2_MNV3S_MultiLevel_ColorGate,4,/home/bt/Documents/Po/chili_fruit/dataset/Chili Growth Stage Original Dataset (1)/Chili Growth Stage Original Dataset/Rotten Chili/Rotten Chili00218.JPG,4,4,Rotten Chili,Rotten Chili,0.018951416,0.019210815,0.009460449,0.02154541,0.93066406
ChiliLiteV2_MNV3S_MultiLevel_ColorGate,4,/home/bt/Documents/Po/chili_fruit/dataset/Chili Growth Stage Original Dataset (1)/Chili Growth Stage Original Dataset/Rotten Chili/Rotten Chili00221.JPG,4,4,Rotten Chili,Rotten Chili,0.017684937,0.022949219,0.009033203,0.020202637,0.9301758
ChiliLiteV2_MNV3S_MultiLevel_ColorGate,4,/home/bt/Documents/Po/chili_fruit/dataset/Chili Growth Stage Original Dataset (1)/Chili Growth Stage Original Dataset/Rotten Chili/Rotten Chili00222.JPG,4,4,Rotten Chili,Rotten Chili,0.018753052,0.021743774,0.008964539,0.018661499,0.9321289
ChiliLiteV2_MNV3S_MultiLevel_ColorGate,4,/home/bt/Documents/Po/chili_fruit/dataset/Chili Growth Stage Original Dataset (1)/Chili Growth Stage Original Dataset/Rotten Chili/Rotten Chili00228.JPG,4,4,Rotten Chili,Rotten Chili,0.017410278,0.021560669,0.0103302,0.01651001,0.93408203
ChiliLiteV2_MNV3S_MultiLevel_ColorGate,4,/home/bt/Documents/Po/chili_fruit/dataset/Chili Growth Stage Original Dataset (1)/Chili Growth Stage Original Dataset/Rotten Chili/Rotten Chili00234.JPG,4,4,Rotten Chili,Rotten Chili,0.017593384,0.017822266,0.009712219,0.019485474,0.9355469
ChiliLiteV2_MNV3S_MultiLevel_ColorGate,4,/home/bt/Documents/Po/chili_fruit/dataset/Chili Growth Stage Original Dataset (1)/Chili Growth Stage Original Dataset/Rotten Chili/Rotten Chili00245.JPG,4,4,Rotten Chili,Rotten Chili,0.016799927,0.015411377,0.011726379,0.014564514,0.94140625
ChiliLiteV2_MNV3S_MultiLevel_ColorGate,4,/home/bt/Documents/Po/chili_fruit/dataset/Chili Growth Stage Original Dataset (1)/Chili Growth Stage Original Dataset/Rotten Chili/Rotten Chili00250.JPG,4,4,Rotten Chili,Rotten Chili,0.015823364,0.014892578,0.011428833,0.014831543,0.9428711
ChiliLiteV2_MNV3S_MultiLevel_ColorGate,4,/home/bt/Documents/Po/chili_fruit/dataset/Chili Growth Stage Original Dataset (1)/Chili Growth Stage Original Dataset/Rotten Chili/Rotten Chili00280.JPG,4,4,Rotten Chili,Rotten Chili,0.021087646,0.012741089,0.010238647,0.01991272,0.93603516
ChiliLiteV2_MNV3S_MultiLevel_ColorGate,4,/home/bt/Documents/Po/chili_fruit/dataset/Chili Growth Stage Original Dataset (1)/Chili Growth Stage Original Dataset/Rotten Chili/Rotten Chili00282.JPG,4,4,Rotten Chili,Rotten Chili,0.017181396,0.0124053955,0.010543823,0.019348145,0.9404297
ChiliLiteV2_MNV3S_MultiLevel_ColorGate,4,/home/bt/Documents/Po/chili_fruit/dataset/Chili Growth Stage Original Dataset (1)/Chili Growth Stage Original Dataset/Rotten Chili/Rotten Chili00294.JPG,4,4,Rotten Chili,Rotten Chili,0.019592285,0.029556274,0.011482239,0.03161621,0.90771484
ChiliLiteV2_MNV3S_MultiLevel_ColorGate,4,/home/bt/Documents/Po/chili_fruit/dataset/Chili Growth Stage Original Dataset (1)/Chili Growth Stage Original Dataset/Rotten Chili/Rotten Chili00319.JPG,4,4,Rotten Chili,Rotten Chili,0.022628784,0.018753052,0.010063171,0.012359619,0.93603516
ChiliLiteV2_MNV3S_MultiLevel_ColorGate,4,/home/bt/Documents/Po/chili_fruit/dataset/Chili Growth Stage Original Dataset (1)/Chili Growth Stage Original Dataset/Rotten Chili/Rotten Chili00327.JPG,4,4,Rotten Chili,Rotten Chili,0.018051147,0.01612854,0.009498596,0.025268555,0.93115234
ChiliLiteV2_MNV3S_MultiLevel_ColorGate,4,/home/bt/Documents/Po/chili_fruit/dataset/Chili Growth Stage Original Dataset (1)/Chili Growth Stage Original Dataset/Rotten Chili/Rotten Chili00336.JPG,4,4,Rotten Chili,Rotten Chili,0.013710022,0.019348145,0.009689331,0.01574707,0.94140625
ChiliLiteV2_MNV3S_MultiLevel_ColorGate,4,/home/bt/Documents/Po/chili_fruit/dataset/Chili Growth Stage Original Dataset (1)/Chili Growth Stage Original Dataset/Rotten Chili/Rotten Chili00344.JPG,4,4,Rotten Chili,Rotten Chili,0.0155181885,0.017410278,0.011375427,0.010673523,0.9448242
ChiliLiteV2_MNV3S_MultiLevel_ColorGate,4,/home/bt/Documents/Po/chili_fruit/dataset/Chili Growth Stage Original Dataset (1)/Chili Growth Stage Original Dataset/Rotten Chili/Rotten Chili00358.JPG,4,4,Rotten Chili,Rotten Chili,0.02545166,0.017913818,0.012229919,0.011680603,0.9326172
ChiliLiteV2_MNV3S_MultiLevel_ColorGate,4,/home/bt/Documents/Po/chili_fruit/dataset/Chili Growth Stage Original Dataset (1)/Chili Growth Stage Original Dataset/Rotten Chili/Rotten Chili00367.JPG,4,4,Rotten Chili,Rotten Chili,0.020446777,0.013839722,0.011474609,0.010353088,0.94384766
ChiliLiteV2_MNV3S_MultiLevel_ColorGate,4,/home/bt/Documents/Po/chili_fruit/dataset/Chili Growth Stage Original Dataset (1)/Chili Growth Stage Original Dataset/Rotten Chili/Rotten Chili00370.JPG,4,4,Rotten Chili,Rotten Chili,0.022918701,0.015029907,0.010627747,0.011360168,0.9399414
ChiliLiteV2_MNV3S_MultiLevel_ColorGate,4,/home/bt/Documents/Po/chili_fruit/dataset/Chili Growth Stage Original Dataset (1)/Chili Growth Stage Original Dataset/Rotten Chili/Rotten Chili00379.JPG,4,4,Rotten Chili,Rotten Chili,0.01084137,0.017654419,0.02758789,0.012565613,0.93115234
ChiliLiteV2_MNV3S_MultiLevel_ColorGate,5,/home/bt/Documents/Po/chili_fruit/dataset/Chili Growth Stage Original Dataset (1)/Chili Growth Stage Original Dataset/Dry chili/Dry chili00001.JPG,0,0,Dry Chili,Dry Chili,0.93066406,0.019210815,0.015914917,0.016906738,0.017074585
ChiliLiteV2_MNV3S_MultiLevel_ColorGate,5,/home/bt/Documents/Po/chili_fruit/dataset/Chili Growth Stage Original Dataset (1)/Chili Growth Stage Original Dataset/Dry chili/Dry chili00025.JPG,0,0,Dry Chili,Dry Chili,0.9296875,0.016998291,0.015853882,0.019470215,0.018066406
ChiliLiteV2_MNV3S_MultiLevel_ColorGate,5,/home/bt/Documents/Po/chili_fruit/dataset/Chili Growth Stage Original Dataset (1)/Chili Growth Stage Original Dataset/Dry chili/Dry chili00028.JPG,0,0,Dry Chili,Dry Chili,0.9296875,0.014915466,0.018234253,0.01966858,0.01727295
ChiliLiteV2_MNV3S_MultiLevel_ColorGate,5,/home/bt/Documents/Po/chili_fruit/dataset/Chili Growth Stage Original Dataset (1)/Chili Growth Stage Original Dataset/Dry chili/Dry chili00055.JPG,0,0,Dry Chili,Dry Chili,0.92822266,0.018005371,0.015853882,0.018722534,0.019165039
ChiliLiteV2_MNV3S_MultiLevel_ColorGate,5,/home/bt/Documents/Po/chili_fruit/dataset/Chili Growth Stage Original Dataset (1)/Chili Growth Stage Original Dataset/Dry chili/Dry chili00057.JPG,0,0,Dry Chili,Dry Chili,0.92333984,0.02279663,0.01360321,0.018920898,0.02116394
ChiliLiteV2_MNV3S_MultiLevel_ColorGate,5,/home/bt/Documents/Po/chili_fruit/dataset/Chili Growth Stage Original Dataset (1)/Chili Growth Stage Original Dataset/Dry chili/Dry chili00067.JPG,0,0,Dry Chili,Dry Chili,0.9301758,0.017196655,0.016448975,0.01965332,0.016525269
ChiliLiteV2_MNV3S_MultiLevel_ColorGate,5,/home/bt/Documents/Po/chili_fruit/dataset/Chili Growth Stage Original Dataset (1)/Chili Growth Stage Original Dataset/Dry chili/Dry chili00070.JPG,0,0,Dry Chili,Dry Chili,0.92578125,0.021194458,0.015716553,0.021728516,0.015808105
ChiliLiteV2_MNV3S_MultiLevel_ColorGate,5,/home/bt/Documents/Po/chili_fruit/dataset/Chili Growth Stage Original Dataset (1)/Chili Growth Stage Original Dataset/Dry chili/Dry chili00075.JPG,0,0,Dry Chili,Dry Chili,0.92529297,0.017974854,0.015655518,0.017333984,0.023788452
ChiliLiteV2_MNV3S_MultiLevel_ColorGate,5,/home/bt/Documents/Po/chili_fruit/dataset/Chili Growth Stage Original Dataset (1)/Chili Growth Stage Original Dataset/Dry chili/Dry chili00086.JPG,0,0,Dry Chili,Dry Chili,0.92578125,0.017089844,0.016433716,0.018798828,0.02192688
ChiliLiteV2_MNV3S_MultiLevel_ColorGate,5,/home/bt/Documents/Po/chili_fruit/dataset/Chili Growth Stage Original Dataset (1)/Chili Growth Stage Original Dataset/Dry chili/Dry chili00091.JPG,0,0,Dry Chili,Dry Chili,0.92333984,0.018203735,0.015792847,0.019500732,0.022994995
ChiliLiteV2_MNV3S_MultiLevel_ColorGate,5,/home/bt/Documents/Po/chili_fruit/dataset/Chili Growth Stage Original Dataset (1)/Chili Growth Stage Original Dataset/Dry chili/Dry chili00096.JPG,0,0,Dry Chili,Dry Chili,0.92871094,0.01713562,0.01727295,0.017715454,0.019302368
ChiliLiteV2_MNV3S_MultiLevel_ColorGate,5,/home/bt/Documents/Po/chili_fruit/dataset/Chili Growth Stage Original Dataset (1)/Chili Growth Stage Original Dataset/Dry chili/Dry chili00101.JPG,0,0,Dry Chili,Dry Chili,0.9277344,0.018371582,0.015899658,0.016235352,0.021881104
ChiliLiteV2_MNV3S_MultiLevel_ColorGate,5,/home/bt/Documents/Po/chili_fruit/dataset/Chili Growth Stage Original Dataset (1)/Chili Growth Stage Original Dataset/Dry chili/Dry chili00130.JPG,0,0,Dry Chili,Dry Chili,0.9277344,0.018173218,0.015686035,0.018463135,0.019760132
ChiliLiteV2_MNV3S_MultiLevel_ColorGate,5,/home/bt/Documents/Po/chili_fruit/dataset/Chili Growth Stage Original Dataset (1)/Chili Growth Stage Original Dataset/Dry chili/Dry chili00137.JPG,0,0,Dry Chili,Dry Chili,0.92529297,0.01927185,0.01586914,0.017623901,0.022140503
ChiliLiteV2_MNV3S_MultiLevel_ColorGate,5,/home/bt/Documents/Po/chili_fruit/dataset/Chili Growth Stage Original Dataset (1)/Chili Growth Stage Original Dataset/Dry chili/Dry chili00139.JPG,0,0,Dry Chili,Dry Chili,0.92871094,0.017791748,0.01637268,0.017166138,0.019714355
ChiliLiteV2_MNV3S_MultiLevel_ColorGate,5,/home/bt/Documents/Po/chili_fruit/dataset/Chili Growth Stage Original Dataset (1)/Chili Growth Stage Original Dataset/Dry chili/Dry chili00152.JPG,0,0,Dry Chili,Dry Chili,0.9272461,0.017623901,0.014579773,0.020065308,0.020385742
ChiliLiteV2_MNV3S_MultiLevel_ColorGate,5,/home/bt/Documents/Po/chili_fruit/dataset/Chili Growth Stage Original Dataset (1)/Chili Growth Stage Original Dataset/Dry chili/Dry chili00153.JPG,0,0,Dry Chili,Dry Chili,0.9272461,0.015991211,0.017791748,0.021224976,0.0178833
ChiliLiteV2_MNV3S_MultiLevel_ColorGate,5,/home/bt/Documents/Po/chili_fruit/dataset/Chili Growth Stage Original Dataset (1)/Chili Growth Stage Original Dataset/Dry chili/Dry chili00159.JPG,0,0,Dry Chili,Dry Chili,0.92626953,0.016967773,0.017822266,0.022109985,0.016906738
ChiliLiteV2_MNV3S_MultiLevel_ColorGate,5,/home/bt/Documents/Po/chili_fruit/dataset/Chili Growth Stage Original Dataset (1)/Chili Growth Stage Original Dataset/Dry chili/Dry chili00170.JPG,0,0,Dry Chili,Dry Chili,0.9291992,0.015281677,0.016845703,0.017105103,0.021438599
ChiliLiteV2_MNV3S_MultiLevel_ColorGate,5,/home/bt/Documents/Po/chili_fruit/dataset/Chili Growth Stage Original Dataset (1)/Chili Growth Stage Original Dataset/Dry chili/Dry chili00188.JPG,0,0,Dry Chili,Dry Chili,0.9243164,0.017227173,0.018173218,0.02104187,0.019134521
ChiliLiteV2_MNV3S_MultiLevel_ColorGate,5,/home/bt/Documents/Po/chili_fruit/dataset/Chili Growth Stage Original Dataset (1)/Chili Growth Stage Original Dataset/Dry chili/Dry chili00205.JPG,0,0,Dry Chili,Dry Chili,0.9248047,0.01927185,0.016967773,0.019424438,0.019546509
ChiliLiteV2_MNV3S_MultiLevel_ColorGate,5,/home/bt/Documents/Po/chili_fruit/dataset/Chili Growth Stage Original Dataset (1)/Chili Growth Stage Original Dataset/Dry chili/Dry chili00214.JPG,0,0,Dry Chili,Dry Chili,0.92333984,0.019836426,0.017456055,0.020599365,0.018661499
ChiliLiteV2_MNV3S_MultiLevel_ColorGate,5,/home/bt/Documents/Po/chili_fruit/dataset/Chili Growth Stage Original Dataset (1)/Chili Growth Stage Original Dataset/Dry chili/Dry chili00217.JPG,0,0,Dry Chili,Dry Chili,0.9267578,0.021102905,0.014984131,0.019851685,0.017181396
ChiliLiteV2_MNV3S_MultiLevel_ColorGate,5,/home/bt/Documents/Po/chili_fruit/dataset/Chili Growth Stage Original Dataset (1)/Chili Growth Stage Original Dataset/Dry chili/Dry chili00228.JPG,0,0,Dry Chili,Dry Chili,0.92578125,0.021514893,0.015487671,0.022201538,0.014976501
ChiliLiteV2_MNV3S_MultiLevel_ColorGate,5,/home/bt/Documents/Po/chili_fruit/dataset/Chili Growth Stage Original Dataset (1)/Chili Growth Stage Original Dataset/Dry chili/Dry chili00232.JPG,0,0,Dry Chili,Dry Chili,0.92529297,0.02279663,0.017059326,0.017974854,0.01687622
ChiliLiteV2_MNV3S_MultiLevel_ColorGate,5,/home/bt/Documents/Po/chili_fruit/dataset/Chili Growth Stage Original Dataset (1)/Chili Growth Stage Original Dataset/Dry chili/Dry chili00233.JPG,0,0,Dry Chili,Dry Chili,0.92578125,0.016662598,0.021102905,0.018508911,0.018127441
ChiliLiteV2_MNV3S_MultiLevel_ColorGate,5,/home/bt/Documents/Po/chili_fruit/dataset/Chili Growth Stage Original Dataset (1)/Chili Growth Stage Original Dataset/Dry chili/Dry chili00237.JPG,0,0,Dry Chili,Dry Chili,0.92822266,0.017959595,0.016281128,0.017028809,0.020599365
ChiliLiteV2_MNV3S_MultiLevel_ColorGate,5,/home/bt/Documents/Po/chili_fruit/dataset/Chili Growth Stage Original Dataset (1)/Chili Growth Stage Original Dataset/Dry chili/Dry chili00266.JPG,0,0,Dry Chili,Dry Chili,0.92626953,0.019989014,0.013824463,0.01852417,0.021316528
ChiliLiteV2_MNV3S_MultiLevel_ColorGate,5,/home/bt/Documents/Po/chili_fruit/dataset/Chili Growth Stage Original Dataset (1)/Chili Growth Stage Original Dataset/Dry chili/Dry chili00271.JPG,0,0,Dry Chili,Dry Chili,0.92529297,0.020507812,0.016403198,0.020950317,0.016784668
ChiliLiteV2_MNV3S_MultiLevel_ColorGate,5,/home/bt/Documents/Po/chili_fruit/dataset/Chili Growth Stage Original Dataset (1)/Chili Growth Stage Original Dataset/Dry chili/Dry chili00281.JPG,0,0,Dry Chili,Dry Chili,0.9272461,0.017501831,0.016845703,0.017440796,0.020996094
ChiliLiteV2_MNV3S_MultiLevel_ColorGate,5,/home/bt/Documents/Po/chili_fruit/dataset/Chili Growth Stage Original Dataset (1)/Chili Growth Stage Original Dataset/Dry chili/Dry chili00295.JPG,0,0,Dry Chili,Dry Chili,0.92333984,0.01914978,0.014877319,0.022994995,0.019638062
ChiliLiteV2_MNV3S_MultiLevel_ColorGate,5,/home/bt/Documents/Po/chili_fruit/dataset/Chili Growth Stage Original Dataset (1)/Chili Growth Stage Original Dataset/Dry chili/Dry chili00303.JPG,0,0,Dry Chili,Dry Chili,0.92578125,0.01928711,0.018951416,0.0209198,0.014839172
ChiliLiteV2_MNV3S_MultiLevel_ColorGate,5,/home/bt/Documents/Po/chili_fruit/dataset/Chili Growth Stage Original Dataset (1)/Chili Growth Stage Original Dataset/Dry chili/Dry chili00337.JPG,0,0,Dry Chili,Dry Chili,0.92529297,0.020584106,0.014671326,0.016235352,0.022964478
ChiliLiteV2_MNV3S_MultiLevel_ColorGate,5,/home/bt/Documents/Po/chili_fruit/dataset/Chili Growth Stage Original Dataset (1)/Chili Growth Stage Original Dataset/Dry chili/Dry chili00341.JPG,0,0,Dry Chili,Dry Chili,0.9301758,0.01739502,0.013824463,0.020645142,0.017990112
ChiliLiteV2_MNV3S_MultiLevel_ColorGate,5,/home/bt/Documents/Po/chili_fruit/dataset/Chili Growth Stage Original Dataset (1)/Chili Growth Stage Original Dataset/Dry chili/Dry chili00362.JPG,0,0,Dry Chili,Dry Chili,0.92529297,0.019302368,0.014968872,0.018112183,0.022567749
ChiliLiteV2_MNV3S_MultiLevel_ColorGate,5,/home/bt/Documents/Po/chili_fruit/dataset/Chili Growth Stage Original Dataset (1)/Chili Growth Stage Original Dataset/Dry chili/Dry chili00373.JPG,0,0,Dry Chili,Dry Chili,0.9277344,0.018157959,0.01461792,0.01838684,0.021224976
ChiliLiteV2_MNV3S_MultiLevel_ColorGate,5,/home/bt/Documents/Po/chili_fruit/dataset/Chili Growth Stage Original Dataset (1)/Chili Growth Stage Original Dataset/Dry chili/Dry chili00374.JPG,0,0,Dry Chili,Dry Chili,0.92578125,0.018722534,0.015960693,0.018814087,0.020507812
ChiliLiteV2_MNV3S_MultiLevel_ColorGate,5,/home/bt/Documents/Po/chili_fruit/dataset/Chili Growth Stage Original Dataset (1)/Chili Growth Stage Original Dataset/Dry chili/Dry chili00376.JPG,0,0,Dry Chili,Dry Chili,0.92871094,0.018615723,0.014335632,0.018218994,0.020050049
ChiliLiteV2_MNV3S_MultiLevel_ColorGate,5,/home/bt/Documents/Po/chili_fruit/dataset/Chili Growth Stage Original Dataset (1)/Chili Growth Stage Original Dataset/Dry chili/Dry chili00377.JPG,0,0,Dry Chili,Dry Chili,0.9267578,0.018829346,0.015136719,0.020401001,0.018859863
ChiliLiteV2_MNV3S_MultiLevel_ColorGate,5,/home/bt/Documents/Po/chili_fruit/dataset/Chili Growth Stage Original Dataset (1)/Chili Growth Stage Original Dataset/Dry chili/Dry chili00387.JPG,0,0,Dry Chili,Dry Chili,0.92333984,0.022247314,0.015853882,0.01687622,0.021713257
ChiliLiteV2_MNV3S_MultiLevel_ColorGate,5,/home/bt/Documents/Po/chili_fruit/dataset/Chili Growth Stage Original Dataset (1)/Chili Growth Stage Original Dataset/Dry chili/Dry chili00405.JPG,0,0,Dry Chili,Dry Chili,0.92626953,0.020019531,0.015808105,0.018234253,0.019470215
ChiliLiteV2_MNV3S_MultiLevel_ColorGate,5,/home/bt/Documents/Po/chili_fruit/dataset/Chili Growth Stage Original Dataset (1)/Chili Growth Stage Original Dataset/Flower/Flower00007.JPG,1,1,Flower,Flower,0.015991211,0.94091797,0.017303467,0.015579224,0.010299683
ChiliLiteV2_MNV3S_MultiLevel_ColorGate,5,/home/bt/Documents/Po/chili_fruit/dataset/Chili Growth Stage Original Dataset (1)/Chili Growth Stage Original Dataset/Flower/Flower00010.JPG,1,1,Flower,Flower,0.014442444,0.9423828,0.015396118,0.01675415,0.010894775
ChiliLiteV2_MNV3S_MultiLevel_ColorGate,5,/home/bt/Documents/Po/chili_fruit/dataset/Chili Growth Stage Original Dataset (1)/Chili Growth Stage Original Dataset/Flower/Flower00024.JPG,1,1,Flower,Flower,0.015975952,0.94091797,0.017181396,0.015625,0.010131836
ChiliLiteV2_MNV3S_MultiLevel_ColorGate,5,/home/bt/Documents/Po/chili_fruit/dataset/Chili Growth Stage Original Dataset (1)/Chili Growth Stage Original Dataset/Flower/Flower00033.JPG,1,1,Flower,Flower,0.014465332,0.9404297,0.016921997,0.017501831,0.010696411
ChiliLiteV2_MNV3S_MultiLevel_ColorGate,5,/home/bt/Documents/Po/chili_fruit/dataset/Chili Growth Stage Original Dataset (1)/Chili Growth Stage Original Dataset/Flower/Flower00044.JPG,1,1,Flower,Flower,0.015914917,0.9399414,0.017333984,0.016052246,0.010536194
ChiliLiteV2_MNV3S_MultiLevel_ColorGate,5,/home/bt/Documents/Po/chili_fruit/dataset/Chili Growth Stage Original Dataset (1)/Chili Growth Stage Original Dataset/Flower/Flower00048.JPG,1,1,Flower,Flower,0.014656067,0.94091797,0.019104004,0.016036987,0.00944519
ChiliLiteV2_MNV3S_MultiLevel_ColorGate,5,/home/bt/Documents/Po/chili_fruit/dataset/Chili Growth Stage Original Dataset (1)/Chili Growth Stage Original Dataset/Flower/Flower00054.JPG,1,1,Flower,Flower,0.015396118,0.9394531,0.018188477,0.016937256,0.010131836
ChiliLiteV2_MNV3S_MultiLevel_ColorGate,5,/home/bt/Documents/Po/chili_fruit/dataset/Chili Growth Stage Original Dataset (1)/Chili Growth Stage Original Dataset/Flower/Flower00059.JPG,1,1,Flower,Flower,0.015457153,0.94140625,0.015022278,0.018539429,0.009414673
ChiliLiteV2_MNV3S_MultiLevel_ColorGate,5,/home/bt/Documents/Po/chili_fruit/dataset/Chili Growth Stage Original Dataset (1)/Chili Growth Stage Original Dataset/Flower/Flower00076.JPG,1,1,Flower,Flower,0.014854431,0.9423828,0.016067505,0.016555786,0.010185242
ChiliLiteV2_MNV3S_MultiLevel_ColorGate,5,/home/bt/Documents/Po/chili_fruit/dataset/Chili Growth Stage Original Dataset (1)/Chili Growth Stage Original Dataset/Flower/Flower00129.JPG,1,1,Flower,Flower,0.013244629,0.94091797,0.0158844,0.017089844,0.012680054
ChiliLiteV2_MNV3S_MultiLevel_ColorGate,5,/home/bt/Documents/Po/chili_fruit/dataset/Chili Growth Stage Original Dataset (1)/Chili Growth Stage Original Dataset/Flower/Flower00131.JPG,1,1,Flower,Flower,0.013626099,0.9399414,0.016220093,0.017486572,0.012741089
ChiliLiteV2_MNV3S_MultiLevel_ColorGate,5,/home/bt/Documents/Po/chili_fruit/dataset/Chili Growth Stage Original Dataset (1)/Chili Growth Stage Original Dataset/Flower/Flower00134.JPG,1,1,Flower,Flower,0.015579224,0.93847656,0.019439697,0.017166138,0.009407043
ChiliLiteV2_MNV3S_MultiLevel_ColorGate,5,/home/bt/Documents/Po/chili_fruit/dataset/Chili Growth Stage Original Dataset (1)/Chili Growth Stage Original Dataset/Flower/Flower00160.JPG,1,1,Flower,Flower,0.015144348,0.9404297,0.018157959,0.017105103,0.00932312
ChiliLiteV2_MNV3S_MultiLevel_ColorGate,5,/home/bt/Documents/Po/chili_fruit/dataset/Chili Growth Stage Original Dataset (1)/Chili Growth Stage Original Dataset/Flower/Flower00175.JPG,1,1,Flower,Flower,0.014053345,0.9404297,0.018173218,0.015792847,0.01134491
ChiliLiteV2_MNV3S_MultiLevel_ColorGate,5,/home/bt/Documents/Po/chili_fruit/dataset/Chili Growth Stage Original Dataset (1)/Chili Growth Stage Original Dataset/Flower/Flower00188.JPG,1,1,Flower,Flower,0.01663208,0.9404297,0.01713562,0.016601562,0.009086609
ChiliLiteV2_MNV3S_MultiLevel_ColorGate,5,/home/bt/Documents/Po/chili_fruit/dataset/Chili Growth Stage Original Dataset (1)/Chili Growth Stage Original Dataset/Flower/Flower00190.JPG,1,1,Flower,Flower,0.016464233,0.94189453,0.014793396,0.016647339,0.009979248
ChiliLiteV2_MNV3S_MultiLevel_ColorGate,5,/home/bt/Documents/Po/chili_fruit/dataset/Chili Growth Stage Original Dataset (1)/Chili Growth Stage Original Dataset/Flower/Flower00193.JPG,1,1,Flower,Flower,0.014266968,0.94189453,0.015419006,0.017623901,0.010612488
ChiliLiteV2_MNV3S_MultiLevel_ColorGate,5,/home/bt/Documents/Po/chili_fruit/dataset/Chili Growth Stage Original Dataset (1)/Chili Growth Stage Original Dataset/Flower/Flower00197.JPG,1,1,Flower,Flower,0.014915466,0.9428711,0.014457703,0.015380859,0.012229919
ChiliLiteV2_MNV3S_MultiLevel_ColorGate,5,/home/bt/Documents/Po/chili_fruit/dataset/Chili Growth Stage Original Dataset (1)/Chili Growth Stage Original Dataset/Flower/Flower00213.JPG,1,1,Flower,Flower,0.017196655,0.9404297,0.014167786,0.018371582,0.009651184
ChiliLiteV2_MNV3S_MultiLevel_ColorGate,5,/home/bt/Documents/Po/chili_fruit/dataset/Chili Growth Stage Original Dataset (1)/Chili Growth Stage Original Dataset/Flower/Flower00214.JPG,1,1,Flower,Flower,0.017059326,0.94189453,0.014404297,0.017074585,0.009552002
ChiliLiteV2_MNV3S_MultiLevel_ColorGate,5,/home/bt/Documents/Po/chili_fruit/dataset/Chili Growth Stage Original Dataset (1)/Chili Growth Stage Original Dataset/Flower/Flower00217.JPG,1,1,Flower,Flower,0.01676941,0.94140625,0.015487671,0.01675415,0.009437561
ChiliLiteV2_MNV3S_MultiLevel_ColorGate,5,/home/bt/Documents/Po/chili_fruit/dataset/Chili Growth Stage Original Dataset (1)/Chili Growth Stage Original Dataset/Flower/Flower00222.JPG,1,1,Flower,Flower,0.016311646,0.94140625,0.016448975,0.0155181885,0.010505676
ChiliLiteV2_MNV3S_MultiLevel_ColorGate,5,/home/bt/Documents/Po/chili_fruit/dataset/Chili Growth Stage Original Dataset (1)/Chili Growth Stage Original Dataset/Flower/Flower00225.JPG,1,1,Flower,Flower,0.013153076,0.9394531,0.019546509,0.01701355,0.010871887
ChiliLiteV2_MNV3S_MultiLevel_ColorGate,5,/home/bt/Documents/Po/chili_fruit/dataset/Chili Growth Stage Original Dataset (1)/Chili Growth Stage Original Dataset/Flower/Flower00241.JPG,1,1,Flower,Flower,0.0143585205,0.94140625,0.013839722,0.018936157,0.011413574
ChiliLiteV2_MNV3S_MultiLevel_ColorGate,5,/home/bt/Documents/Po/chili_fruit/dataset/Chili Growth Stage Original Dataset (1)/Chili Growth Stage Original Dataset/Flower/Flower00242.JPG,1,1,Flower,Flower,0.014823914,0.94091797,0.016784668,0.016220093,0.01109314
ChiliLiteV2_MNV3S_MultiLevel_ColorGate,5,/home/bt/Documents/Po/chili_fruit/dataset/Chili Growth Stage Original Dataset (1)/Chili Growth Stage Original Dataset/Flower/Flower00244.JPG,1,1,Flower,Flower,0.0149002075,0.9399414,0.01725769,0.016540527,0.011138916
ChiliLiteV2_MNV3S_MultiLevel_ColorGate,5,/home/bt/Documents/Po/chili_fruit/dataset/Chili Growth Stage Original Dataset (1)/Chili Growth Stage Original Dataset/Flower/Flower00268.JPG,1,1,Flower,Flower,0.01322937,0.94091797,0.018325806,0.016921997,0.010574341
ChiliLiteV2_MNV3S_MultiLevel_ColorGate,5,/home/bt/Documents/Po/chili_fruit/dataset/Chili Growth Stage Original Dataset (1)/Chili Growth Stage Original Dataset/Flower/Flower00274.JPG,1,1,Flower,Flower,0.013519287,0.94140625,0.017547607,0.017089844,0.010414124
ChiliLiteV2_MNV3S_MultiLevel_ColorGate,5,/home/bt/Documents/Po/chili_fruit/dataset/Chili Growth Stage Original Dataset (1)/Chili Growth Stage Original Dataset/Flower/Flower00278.JPG,1,1,Flower,Flower,0.013191223,0.94189453,0.01586914,0.01625061,0.0126953125
ChiliLiteV2_MNV3S_MultiLevel_ColorGate,5,/home/bt/Documents/Po/chili_fruit/dataset/Chili Growth Stage Original Dataset (1)/Chili Growth Stage Original Dataset/Flower/Flower00284.JPG,1,1,Flower,Flower,0.013999939,0.9433594,0.014968872,0.016098022,0.011795044
ChiliLiteV2_MNV3S_MultiLevel_ColorGate,5,/home/bt/Documents/Po/chili_fruit/dataset/Chili Growth Stage Original Dataset (1)/Chili Growth Stage Original Dataset/Flower/Flower00287.JPG,1,1,Flower,Flower,0.0143585205,0.94189453,0.015655518,0.015975952,0.011932373
ChiliLiteV2_MNV3S_MultiLevel_ColorGate,5,/home/bt/Documents/Po/chili_fruit/dataset/Chili Growth Stage Original Dataset (1)/Chili Growth Stage Original Dataset/Flower/Flower00293.JPG,1,1,Flower,Flower,0.015151978,0.9399414,0.017456055,0.017822266,0.00982666
ChiliLiteV2_MNV3S_MultiLevel_ColorGate,5,/home/bt/Documents/Po/chili_fruit/dataset/Chili Growth Stage Original Dataset (1)/Chili Growth Stage Original Dataset/Flower/Flower00310.JPG,1,1,Flower,Flower,0.017700195,0.9394531,0.016296387,0.014579773,0.011871338
ChiliLiteV2_MNV3S_MultiLevel_ColorGate,5,/home/bt/Documents/Po/chili_fruit/dataset/Chili Growth Stage Original Dataset (1)/Chili Growth Stage Original Dataset/Flower/Flower00314.JPG,1,1,Flower,Flower,0.017440796,0.9399414,0.016967773,0.014289856,0.011260986
ChiliLiteV2_MNV3S_MultiLevel_ColorGate,5,/home/bt/Documents/Po/chili_fruit/dataset/Chili Growth Stage Original Dataset (1)/Chili Growth Stage Original Dataset/Flower/Flower00316.JPG,1,1,Flower,Flower,0.016906738,0.9399414,0.017486572,0.013847351,0.011726379
ChiliLiteV2_MNV3S_MultiLevel_ColorGate,5,/home/bt/Documents/Po/chili_fruit/dataset/Chili Growth Stage Original Dataset (1)/Chili Growth Stage Original Dataset/Flower/Flower00317.JPG,1,1,Flower,Flower,0.017089844,0.9404297,0.017501831,0.014411926,0.010818481
ChiliLiteV2_MNV3S_MultiLevel_ColorGate,5,/home/bt/Documents/Po/chili_fruit/dataset/Chili Growth Stage Original Dataset (1)/Chili Growth Stage Original Dataset/Flower/Flower00330.JPG,1,1,Flower,Flower,0.013648987,0.94189453,0.017929077,0.015151978,0.011604309
ChiliLiteV2_MNV3S_MultiLevel_ColorGate,5,/home/bt/Documents/Po/chili_fruit/dataset/Chili Growth Stage Original Dataset (1)/Chili Growth Stage Original Dataset/Flower/Flower00352.JPG,1,1,Flower,Flower,0.015289307,0.9399414,0.015960693,0.018066406,0.0107040405
ChiliLiteV2_MNV3S_MultiLevel_ColorGate,5,/home/bt/Documents/Po/chili_fruit/dataset/Chili Growth Stage Original Dataset (1)/Chili Growth Stage Original Dataset/Flower/Flower00361.JPG,1,1,Flower,Flower,0.020736694,0.93652344,0.018920898,0.014274597,0.009788513
ChiliLiteV2_MNV3S_MultiLevel_ColorGate,5,/home/bt/Documents/Po/chili_fruit/dataset/Chili Growth Stage Original Dataset (1)/Chili Growth Stage Original Dataset/Flower/Flower00362.JPG,1,1,Flower,Flower,0.025360107,0.93408203,0.016296387,0.01322937,0.011077881
ChiliLiteV2_MNV3S_MultiLevel_ColorGate,5,/home/bt/Documents/Po/chili_fruit/dataset/Chili Growth Stage Original Dataset (1)/Chili Growth Stage Original Dataset/Green Chili/Green Chili00010.JPG,2,2,Green Chili,Green Chili,0.015274048,0.016815186,0.93652344,0.015731812,0.015701294
ChiliLiteV2_MNV3S_MultiLevel_ColorGate,5,/home/bt/Documents/Po/chili_fruit/dataset/Chili Growth Stage Original Dataset (1)/Chili Growth Stage Original Dataset/Green Chili/Green Chili00013.JPG,2,2,Green Chili,Green Chili,0.013847351,0.017196655,0.9394531,0.016983032,0.012550354
ChiliLiteV2_MNV3S_MultiLevel_ColorGate,5,/home/bt/Documents/Po/chili_fruit/dataset/Chili Growth Stage Original Dataset (1)/Chili Growth Stage Original Dataset/Green Chili/Green Chili00031.JPG,2,2,Green Chili,Green Chili,0.015151978,0.023773193,0.9355469,0.014389038,0.011077881
ChiliLiteV2_MNV3S_MultiLevel_ColorGate,5,/home/bt/Documents/Po/chili_fruit/dataset/Chili Growth Stage Original Dataset (1)/Chili Growth Stage Original Dataset/Green Chili/Green Chili00036.JPG,2,2,Green Chili,Green Chili,0.013954163,0.021560669,0.93408203,0.018173218,0.012031555
ChiliLiteV2_MNV3S_MultiLevel_ColorGate,5,/home/bt/Documents/Po/chili_fruit/dataset/Chili Growth Stage Original Dataset (1)/Chili Growth Stage Original Dataset/Green Chili/Green Chili00039.JPG,2,2,Green Chili,Green Chili,0.013420105,0.01876831,0.94189453,0.0137786865,0.012039185
ChiliLiteV2_MNV3S_MultiLevel_ColorGate,5,/home/bt/Documents/Po/chili_fruit/dataset/Chili Growth Stage Original Dataset (1)/Chili Growth Stage Original Dataset/Green Chili/Green Chili00047.JPG,2,2,Green Chili,Green Chili,0.01449585,0.02784729,0.93066406,0.015991211,0.011199951
ChiliLiteV2_MNV3S_MultiLevel_ColorGate,5,/home/bt/Documents/Po/chili_fruit/dataset/Chili Growth Stage Original Dataset (1)/Chili Growth Stage Original Dataset/Green Chili/Green Chili00065.JPG,2,2,Green Chili,Green Chili,0.013771057,0.01651001,0.9404297,0.011909485,0.01725769
ChiliLiteV2_MNV3S_MultiLevel_ColorGate,5,/home/bt/Documents/Po/chili_fruit/dataset/Chili Growth Stage Original Dataset (1)/Chili Growth Stage Original Dataset/Green Chili/Green Chili00068.JPG,2,2,Green Chili,Green Chili,0.015487671,0.023040771,0.9316406,0.01889038,0.010910034
ChiliLiteV2_MNV3S_MultiLevel_ColorGate,5,/home/bt/Documents/Po/chili_fruit/dataset/Chili Growth Stage Original Dataset (1)/Chili Growth Stage Original Dataset/Green Chili/Green Chili00069.JPG,2,2,Green Chili,Green Chili,0.013412476,0.01928711,0.94091797,0.013969421,0.012237549
ChiliLiteV2_MNV3S_MultiLevel_ColorGate,5,/home/bt/Documents/Po/chili_fruit/dataset/Chili Growth Stage Original Dataset (1)/Chili Growth Stage Original Dataset/Green Chili/Green Chili00073.JPG,2,2,Green Chili,Green Chili,0.032470703,0.1282959,0.7631836,0.05899048,0.016952515
ChiliLiteV2_MNV3S_MultiLevel_ColorGate,5,/home/bt/Documents/Po/chili_fruit/dataset/Chili Growth Stage Original Dataset (1)/Chili Growth Stage Original Dataset/Green Chili/Green Chili00100.JPG,2,2,Green Chili,Green Chili,0.015220642,0.01713562,0.9394531,0.015716553,0.012535095
ChiliLiteV2_MNV3S_MultiLevel_ColorGate,5,/home/bt/Documents/Po/chili_fruit/dataset/Chili Growth Stage Original Dataset (1)/Chili Growth Stage Original Dataset/Green Chili/Green Chili00103.JPG,2,2,Green Chili,Green Chili,0.0146484375,0.0155181885,0.9399414,0.016616821,0.013069153
ChiliLiteV2_MNV3S_MultiLevel_ColorGate,5,/home/bt/Documents/Po/chili_fruit/dataset/Chili Growth Stage Original Dataset (1)/Chili Growth Stage Original Dataset/Green Chili/Green Chili00117.JPG,2,2,Green Chili,Green Chili,0.017440796,0.018829346,0.9243164,0.026031494,0.013343811
ChiliLiteV2_MNV3S_MultiLevel_ColorGate,5,/home/bt/Documents/Po/chili_fruit/dataset/Chili Growth Stage Original Dataset (1)/Chili Growth Stage Original Dataset/Green Chili/Green Chili00121.JPG,2,2,Green Chili,Green Chili,0.014152527,0.01902771,0.9394531,0.014465332,0.012794495
ChiliLiteV2_MNV3S_MultiLevel_ColorGate,5,/home/bt/Documents/Po/chili_fruit/dataset/Chili Growth Stage Original Dataset (1)/Chili Growth Stage Original Dataset/Green Chili/Green Chili00126.JPG,2,2,Green Chili,Green Chili,0.01449585,0.026428223,0.9267578,0.020736694,0.011474609
ChiliLiteV2_MNV3S_MultiLevel_ColorGate,5,/home/bt/Documents/Po/chili_fruit/dataset/Chili Growth Stage Original Dataset (1)/Chili Growth Stage Original Dataset/Green Chili/Green Chili00133.JPG,2,2,Green Chili,Green Chili,0.01411438,0.015930176,0.94140625,0.015777588,0.012718201
ChiliLiteV2_MNV3S_MultiLevel_ColorGate,5,/home/bt/Documents/Po/chili_fruit/dataset/Chili Growth Stage Original Dataset (1)/Chili Growth Stage Original Dataset/Green Chili/Green Chili00150.JPG,2,2,Green Chili,Green Chili,0.015792847,0.017623901,0.9375,0.016952515,0.012161255
ChiliLiteV2_MNV3S_MultiLevel_ColorGate,5,/home/bt/Documents/Po/chili_fruit/dataset/Chili Growth Stage Original Dataset (1)/Chili Growth Stage Original Dataset/Green Chili/Green Chili00161.JPG,2,2,Green Chili,Green Chili,0.015457153,0.019378662,0.9379883,0.014541626,0.01260376
ChiliLiteV2_MNV3S_MultiLevel_ColorGate,5,/home/bt/Documents/Po/chili_fruit/dataset/Chili Growth Stage Original Dataset (1)/Chili Growth Stage Original Dataset/Green Chili/Green Chili00162.JPG,2,2,Green Chili,Green Chili,0.01676941,0.039489746,0.9169922,0.012817383,0.0138549805
ChiliLiteV2_MNV3S_MultiLevel_ColorGate,5,/home/bt/Documents/Po/chili_fruit/dataset/Chili Growth Stage Original Dataset (1)/Chili Growth Stage Original Dataset/Green Chili/Green Chili00166.JPG,2,2,Green Chili,Green Chili,0.02116394,0.01966858,0.92529297,0.01374054,0.020080566
ChiliLiteV2_MNV3S_MultiLevel_ColorGate,5,/home/bt/Documents/Po/chili_fruit/dataset/Chili Growth Stage Original Dataset (1)/Chili Growth Stage Original Dataset/Green Chili/Green Chili00170.JPG,2,2,Green Chili,Green Chili,0.013748169,0.02017212,0.9355469,0.018692017,0.01171875
ChiliLiteV2_MNV3S_MultiLevel_ColorGate,5,/home/bt/Documents/Po/chili_fruit/dataset/Chili Growth Stage Original Dataset (1)/Chili Growth Stage Original Dataset/Green Chili/Green Chili00175.JPG,2,2,Green Chili,Green Chili,0.014137268,0.019683838,0.9375,0.016693115,0.01184845
ChiliLiteV2_MNV3S_MultiLevel_ColorGate,5,/home/bt/Documents/Po/chili_fruit/dataset/Chili Growth Stage Original Dataset (1)/Chili Growth Stage Original Dataset/Green Chili/Green Chili00179.JPG,2,2,Green Chili,Green Chili,0.01576233,0.01663208,0.93847656,0.0155181885,0.0137786865
ChiliLiteV2_MNV3S_MultiLevel_ColorGate,5,/home/bt/Documents/Po/chili_fruit/dataset/Chili Growth Stage Original Dataset (1)/Chili Growth Stage Original Dataset/Green Chili/Green Chili00192.JPG,2,2,Green Chili,Green Chili,0.016326904,0.019378662,0.93603516,0.016235352,0.011978149
ChiliLiteV2_MNV3S_MultiLevel_ColorGate,5,/home/bt/Documents/Po/chili_fruit/dataset/Chili Growth Stage Original Dataset (1)/Chili Growth Stage Original Dataset/Green Chili/Green Chili00200.JPG,2,2,Green Chili,Green Chili,0.014190674,0.022705078,0.93115234,0.018722534,0.013290405
ChiliLiteV2_MNV3S_MultiLevel_ColorGate,5,/home/bt/Documents/Po/chili_fruit/dataset/Chili Growth Stage Original Dataset (1)/Chili Growth Stage Original Dataset/Green Chili/Green Chili00211.JPG,2,2,Green Chili,Green Chili,0.0143585205,0.015289307,0.93847656,0.018951416,0.012962341
ChiliLiteV2_MNV3S_MultiLevel_ColorGate,5,/home/bt/Documents/Po/chili_fruit/dataset/Chili Growth Stage Original Dataset (1)/Chili Growth Stage Original Dataset/Green Chili/Green Chili00213.JPG,2,2,Green Chili,Green Chili,0.016036987,0.016693115,0.9345703,0.01852417,0.014251709
ChiliLiteV2_MNV3S_MultiLevel_ColorGate,5,/home/bt/Documents/Po/chili_fruit/dataset/Chili Growth Stage Original Dataset (1)/Chili Growth Stage Original Dataset/Green Chili/Green Chili00225.JPG,2,2,Green Chili,Green Chili,0.013214111,0.016082764,0.94140625,0.014602661,0.014533997
ChiliLiteV2_MNV3S_MultiLevel_ColorGate,5,/home/bt/Documents/Po/chili_fruit/dataset/Chili Growth Stage Original Dataset (1)/Chili Growth Stage Original Dataset/Green Chili/Green Chili00254.JPG,2,2,Green Chili,Green Chili,0.0119018555,0.022583008,0.9165039,0.034454346,0.014389038
ChiliLiteV2_MNV3S_MultiLevel_ColorGate,5,/home/bt/Documents/Po/chili_fruit/dataset/Chili Growth Stage Original Dataset (1)/Chili Growth Stage Original Dataset/Green Chili/Green Chili00262.JPG,2,4,Green Chili,Rotten Chili,0.020904541,0.04559326,0.38452148,0.03186035,0.51708984
ChiliLiteV2_MNV3S_MultiLevel_ColorGate,5,/home/bt/Documents/Po/chili_fruit/dataset/Chili Growth Stage Original Dataset (1)/Chili Growth Stage Original Dataset/Green Chili/Green Chili00282.JPG,2,2,Green Chili,Green Chili,0.017120361,0.020233154,0.89746094,0.015792847,0.04928589
ChiliLiteV2_MNV3S_MultiLevel_ColorGate,5,/home/bt/Documents/Po/chili_fruit/dataset/Chili Growth Stage Original Dataset (1)/Chili Growth Stage Original Dataset/Green Chili/Green Chili00316.JPG,2,2,Green Chili,Green Chili,0.014823914,0.017349243,0.93896484,0.016647339,0.012290955
ChiliLiteV2_MNV3S_MultiLevel_ColorGate,5,/home/bt/Documents/Po/chili_fruit/dataset/Chili Growth Stage Original Dataset (1)/Chili Growth Stage Original Dataset/Green Chili/Green Chili00327.JPG,2,4,Green Chili,Rotten Chili,0.03692627,0.15063477,0.09625244,0.017242432,0.69873047
ChiliLiteV2_MNV3S_MultiLevel_ColorGate,5,/home/bt/Documents/Po/chili_fruit/dataset/Chili Growth Stage Original Dataset (1)/Chili Growth Stage Original Dataset/Red Chili/Red Chili00030.JPG,3,3,Red Chili,Red Chili,0.014968872,0.013893127,0.018310547,0.93847656,0.014137268
ChiliLiteV2_MNV3S_MultiLevel_ColorGate,5,/home/bt/Documents/Po/chili_fruit/dataset/Chili Growth Stage Original Dataset (1)/Chili Growth Stage Original Dataset/Red Chili/Red Chili00045.JPG,3,3,Red Chili,Red Chili,0.015541077,0.015434265,0.015457153,0.93896484,0.014564514
ChiliLiteV2_MNV3S_MultiLevel_ColorGate,5,/home/bt/Documents/Po/chili_fruit/dataset/Chili Growth Stage Original Dataset (1)/Chili Growth Stage Original Dataset/Red Chili/Red Chili00047.JPG,3,3,Red Chili,Red Chili,0.016906738,0.015686035,0.021896362,0.9321289,0.013198853
ChiliLiteV2_MNV3S_MultiLevel_ColorGate,5,/home/bt/Documents/Po/chili_fruit/dataset/Chili Growth Stage Original Dataset (1)/Chili Growth Stage Original Dataset/Red Chili/Red Chili00053.JPG,3,3,Red Chili,Red Chili,0.01676941,0.01474762,0.020111084,0.93408203,0.014419556
ChiliLiteV2_MNV3S_MultiLevel_ColorGate,5,/home/bt/Documents/Po/chili_fruit/dataset/Chili Growth Stage Original Dataset (1)/Chili Growth Stage Original Dataset/Red Chili/Red Chili00071.JPG,3,3,Red Chili,Red Chili,0.016616821,0.014816284,0.018981934,0.93652344,0.013053894
ChiliLiteV2_MNV3S_MultiLevel_ColorGate,5,/home/bt/Documents/Po/chili_fruit/dataset/Chili Growth Stage Original Dataset (1)/Chili Growth Stage Original Dataset/Red Chili/Red Chili00081.JPG,3,3,Red Chili,Red Chili,0.015594482,0.014770508,0.016784668,0.9394531,0.013313293
ChiliLiteV2_MNV3S_MultiLevel_ColorGate,5,/home/bt/Documents/Po/chili_fruit/dataset/Chili Growth Stage Original Dataset (1)/Chili Growth Stage Original Dataset/Red Chili/Red Chili00088.JPG,3,3,Red Chili,Red Chili,0.01663208,0.018371582,0.020309448,0.9316406,0.013214111
ChiliLiteV2_MNV3S_MultiLevel_ColorGate,5,/home/bt/Documents/Po/chili_fruit/dataset/Chili Growth Stage Original Dataset (1)/Chili Growth Stage Original Dataset/Red Chili/Red Chili00094.JPG,3,3,Red Chili,Red Chili,0.015258789,0.016113281,0.015556335,0.93847656,0.014442444
ChiliLiteV2_MNV3S_MultiLevel_ColorGate,5,/home/bt/Documents/Po/chili_fruit/dataset/Chili Growth Stage Original Dataset (1)/Chili Growth Stage Original Dataset/Red Chili/Red Chili00104.JPG,3,3,Red Chili,Red Chili,0.01701355,0.014076233,0.022018433,0.93115234,0.015899658
ChiliLiteV2_MNV3S_MultiLevel_ColorGate,5,/home/bt/Documents/Po/chili_fruit/dataset/Chili Growth Stage Original Dataset (1)/Chili Growth Stage Original Dataset/Red Chili/Red Chili00108.JPG,3,3,Red Chili,Red Chili,0.018936157,0.018463135,0.02178955,0.92822266,0.012794495
ChiliLiteV2_MNV3S_MultiLevel_ColorGate,5,/home/bt/Documents/Po/chili_fruit/dataset/Chili Growth Stage Original Dataset (1)/Chili Growth Stage Original Dataset/Red Chili/Red Chili00110.JPG,3,3,Red Chili,Red Chili,0.018569946,0.017211914,0.018920898,0.9321289,0.013000488
ChiliLiteV2_MNV3S_MultiLevel_ColorGate,5,/home/bt/Documents/Po/chili_fruit/dataset/Chili Growth Stage Original Dataset (1)/Chili Growth Stage Original Dataset/Red Chili/Red Chili00111.JPG,3,3,Red Chili,Red Chili,0.018066406,0.01789856,0.01890564,0.9326172,0.012741089
ChiliLiteV2_MNV3S_MultiLevel_ColorGate,5,/home/bt/Documents/Po/chili_fruit/dataset/Chili Growth Stage Original Dataset (1)/Chili Growth Stage Original Dataset/Red Chili/Red Chili00114.JPG,3,3,Red Chili,Red Chili,0.01689148,0.014022827,0.020874023,0.93408203,0.0143585205
ChiliLiteV2_MNV3S_MultiLevel_ColorGate,5,/home/bt/Documents/Po/chili_fruit/dataset/Chili Growth Stage Original Dataset (1)/Chili Growth Stage Original Dataset/Red Chili/Red Chili00128.JPG,3,3,Red Chili,Red Chili,0.016311646,0.015464783,0.017440796,0.9379883,0.012794495
ChiliLiteV2_MNV3S_MultiLevel_ColorGate,5,/home/bt/Documents/Po/chili_fruit/dataset/Chili Growth Stage Original Dataset (1)/Chili Growth Stage Original Dataset/Red Chili/Red Chili00148.JPG,3,3,Red Chili,Red Chili,0.016952515,0.014213562,0.01676941,0.93896484,0.012969971
ChiliLiteV2_MNV3S_MultiLevel_ColorGate,5,/home/bt/Documents/Po/chili_fruit/dataset/Chili Growth Stage Original Dataset (1)/Chili Growth Stage Original Dataset/Red Chili/Red Chili00152.JPG,3,3,Red Chili,Red Chili,0.017547607,0.01399231,0.018417358,0.9375,0.012374878
ChiliLiteV2_MNV3S_MultiLevel_ColorGate,5,/home/bt/Documents/Po/chili_fruit/dataset/Chili Growth Stage Original Dataset (1)/Chili Growth Stage Original Dataset/Red Chili/Red Chili00153.JPG,3,3,Red Chili,Red Chili,0.01838684,0.0143585205,0.019760132,0.9350586,0.012588501
ChiliLiteV2_MNV3S_MultiLevel_ColorGate,5,/home/bt/Documents/Po/chili_fruit/dataset/Chili Growth Stage Original Dataset (1)/Chili Growth Stage Original Dataset/Red Chili/Red Chili00160.JPG,3,3,Red Chili,Red Chili,0.015914917,0.016098022,0.017608643,0.9375,0.012702942
ChiliLiteV2_MNV3S_MultiLevel_ColorGate,5,/home/bt/Documents/Po/chili_fruit/dataset/Chili Growth Stage Original Dataset (1)/Chili Growth Stage Original Dataset/Red Chili/Red Chili00166.JPG,3,3,Red Chili,Red Chili,0.016067505,0.01675415,0.015335083,0.9394531,0.012313843
ChiliLiteV2_MNV3S_MultiLevel_ColorGate,5,/home/bt/Documents/Po/chili_fruit/dataset/Chili Growth Stage Original Dataset (1)/Chili Growth Stage Original Dataset/Red Chili/Red Chili00196.JPG,3,3,Red Chili,Red Chili,0.01423645,0.013725281,0.014511108,0.9423828,0.015075684
ChiliLiteV2_MNV3S_MultiLevel_ColorGate,5,/home/bt/Documents/Po/chili_fruit/dataset/Chili Growth Stage Original Dataset (1)/Chili Growth Stage Original Dataset/Rotten Chili/Rotten Chili00018.JPG,4,4,Rotten Chili,Rotten Chili,0.01689148,0.01725769,0.016098022,0.01576233,0.93408203
ChiliLiteV2_MNV3S_MultiLevel_ColorGate,5,/home/bt/Documents/Po/chili_fruit/dataset/Chili Growth Stage Original Dataset (1)/Chili Growth Stage Original Dataset/Rotten Chili/Rotten Chili00029.JPG,4,4,Rotten Chili,Rotten Chili,0.016281128,0.018844604,0.019088745,0.014839172,0.93115234
ChiliLiteV2_MNV3S_MultiLevel_ColorGate,5,/home/bt/Documents/Po/chili_fruit/dataset/Chili Growth Stage Original Dataset (1)/Chili Growth Stage Original Dataset/Rotten Chili/Rotten Chili00032.JPG,4,4,Rotten Chili,Rotten Chili,0.0158844,0.021591187,0.018096924,0.015258789,0.9291992
ChiliLiteV2_MNV3S_MultiLevel_ColorGate,5,/home/bt/Documents/Po/chili_fruit/dataset/Chili Growth Stage Original Dataset (1)/Chili Growth Stage Original Dataset/Rotten Chili/Rotten Chili00037.JPG,4,4,Rotten Chili,Rotten Chili,0.014846802,0.021514893,0.01687622,0.015731812,0.93115234
ChiliLiteV2_MNV3S_MultiLevel_ColorGate,5,/home/bt/Documents/Po/chili_fruit/dataset/Chili Growth Stage Original Dataset (1)/Chili Growth Stage Original Dataset/Rotten Chili/Rotten Chili00038.JPG,4,4,Rotten Chili,Rotten Chili,0.01436615,0.019622803,0.017440796,0.017242432,0.93115234
ChiliLiteV2_MNV3S_MultiLevel_ColorGate,5,/home/bt/Documents/Po/chili_fruit/dataset/Chili Growth Stage Original Dataset (1)/Chili Growth Stage Original Dataset/Rotten Chili/Rotten Chili00048.JPG,4,4,Rotten Chili,Rotten Chili,0.016342163,0.016143799,0.01651001,0.019058228,0.9321289
ChiliLiteV2_MNV3S_MultiLevel_ColorGate,5,/home/bt/Documents/Po/chili_fruit/dataset/Chili Growth Stage Original Dataset (1)/Chili Growth Stage Original Dataset/Rotten Chili/Rotten Chili00056.JPG,4,4,Rotten Chili,Rotten Chili,0.018066406,0.017059326,0.023162842,0.015167236,0.9267578
ChiliLiteV2_MNV3S_MultiLevel_ColorGate,5,/home/bt/Documents/Po/chili_fruit/dataset/Chili Growth Stage Original Dataset (1)/Chili Growth Stage Original Dataset/Rotten Chili/Rotten Chili00061.JPG,4,3,Rotten Chili,Red Chili,0.030197144,0.025466919,0.03692627,0.48486328,0.42260742
ChiliLiteV2_MNV3S_MultiLevel_ColorGate,5,/home/bt/Documents/Po/chili_fruit/dataset/Chili Growth Stage Original Dataset (1)/Chili Growth Stage Original Dataset/Rotten Chili/Rotten Chili00085.JPG,4,4,Rotten Chili,Rotten Chili,0.016189575,0.022521973,0.019363403,0.014213562,0.9277344
ChiliLiteV2_MNV3S_MultiLevel_ColorGate,5,/home/bt/Documents/Po/chili_fruit/dataset/Chili Growth Stage Original Dataset (1)/Chili Growth Stage Original Dataset/Rotten Chili/Rotten Chili00089.JPG,4,4,Rotten Chili,Rotten Chili,0.01637268,0.019561768,0.016860962,0.015083313,0.9321289
ChiliLiteV2_MNV3S_MultiLevel_ColorGate,5,/home/bt/Documents/Po/chili_fruit/dataset/Chili Growth Stage Original Dataset (1)/Chili Growth Stage Original Dataset/Rotten Chili/Rotten Chili00095.JPG,4,4,Rotten Chili,Rotten Chili,0.017242432,0.017593384,0.0211792,0.015602112,0.92822266
ChiliLiteV2_MNV3S_MultiLevel_ColorGate,5,/home/bt/Documents/Po/chili_fruit/dataset/Chili Growth Stage Original Dataset (1)/Chili Growth Stage Original Dataset/Rotten Chili/Rotten Chili00100.JPG,4,4,Rotten Chili,Rotten Chili,0.016540527,0.018234253,0.020980835,0.015945435,0.92822266
ChiliLiteV2_MNV3S_MultiLevel_ColorGate,5,/home/bt/Documents/Po/chili_fruit/dataset/Chili Growth Stage Original Dataset (1)/Chili Growth Stage Original Dataset/Rotten Chili/Rotten Chili00104.JPG,4,4,Rotten Chili,Rotten Chili,0.015914917,0.015991211,0.018981934,0.019042969,0.9301758
ChiliLiteV2_MNV3S_MultiLevel_ColorGate,5,/home/bt/Documents/Po/chili_fruit/dataset/Chili Growth Stage Original Dataset (1)/Chili Growth Stage Original Dataset/Rotten Chili/Rotten Chili00141.JPG,4,4,Rotten Chili,Rotten Chili,0.015930176,0.018005371,0.018157959,0.04751587,0.9003906
ChiliLiteV2_MNV3S_MultiLevel_ColorGate,5,/home/bt/Documents/Po/chili_fruit/dataset/Chili Growth Stage Original Dataset (1)/Chili Growth Stage Original Dataset/Rotten Chili/Rotten Chili00145.JPG,4,4,Rotten Chili,Rotten Chili,0.017242432,0.018753052,0.01663208,0.014091492,0.93310547
ChiliLiteV2_MNV3S_MultiLevel_ColorGate,5,/home/bt/Documents/Po/chili_fruit/dataset/Chili Growth Stage Original Dataset (1)/Chili Growth Stage Original Dataset/Rotten Chili/Rotten Chili00158.JPG,4,4,Rotten Chili,Rotten Chili,0.015258789,0.015007019,0.016220093,0.021377563,0.9321289
ChiliLiteV2_MNV3S_MultiLevel_ColorGate,5,/home/bt/Documents/Po/chili_fruit/dataset/Chili Growth Stage Original Dataset (1)/Chili Growth Stage Original Dataset/Rotten Chili/Rotten Chili00175.JPG,4,4,Rotten Chili,Rotten Chili,0.014434814,0.016281128,0.018035889,0.020111084,0.93115234
ChiliLiteV2_MNV3S_MultiLevel_ColorGate,5,/home/bt/Documents/Po/chili_fruit/dataset/Chili Growth Stage Original Dataset (1)/Chili Growth Stage Original Dataset/Rotten Chili/Rotten Chili00225.JPG,4,4,Rotten Chili,Rotten Chili,0.017471313,0.017929077,0.024261475,0.016830444,0.92333984
ChiliLiteV2_MNV3S_MultiLevel_ColorGate,5,/home/bt/Documents/Po/chili_fruit/dataset/Chili Growth Stage Original Dataset (1)/Chili Growth Stage Original Dataset/Rotten Chili/Rotten Chili00231.JPG,4,4,Rotten Chili,Rotten Chili,0.01638794,0.01777649,0.017959595,0.015075684,0.9326172
ChiliLiteV2_MNV3S_MultiLevel_ColorGate,5,/home/bt/Documents/Po/chili_fruit/dataset/Chili Growth Stage Original Dataset (1)/Chili Growth Stage Original Dataset/Rotten Chili/Rotten Chili00235.JPG,4,4,Rotten Chili,Rotten Chili,0.01600647,0.0149002075,0.020706177,0.018630981,0.9296875
ChiliLiteV2_MNV3S_MultiLevel_ColorGate,5,/home/bt/Documents/Po/chili_fruit/dataset/Chili Growth Stage Original Dataset (1)/Chili Growth Stage Original Dataset/Rotten Chili/Rotten Chili00237.JPG,4,4,Rotten Chili,Rotten Chili,0.01701355,0.01499176,0.017715454,0.016571045,0.93359375
ChiliLiteV2_MNV3S_MultiLevel_ColorGate,5,/home/bt/Documents/Po/chili_fruit/dataset/Chili Growth Stage Original Dataset (1)/Chili Growth Stage Original Dataset/Rotten Chili/Rotten Chili00248.JPG,4,4,Rotten Chili,Rotten Chili,0.017333984,0.016845703,0.02015686,0.02281189,0.92285156
ChiliLiteV2_MNV3S_MultiLevel_ColorGate,5,/home/bt/Documents/Po/chili_fruit/dataset/Chili Growth Stage Original Dataset (1)/Chili Growth Stage Original Dataset/Rotten Chili/Rotten Chili00254.JPG,4,4,Rotten Chili,Rotten Chili,0.018417358,0.018554688,0.031982422,0.017547607,0.9135742
ChiliLiteV2_MNV3S_MultiLevel_ColorGate,5,/home/bt/Documents/Po/chili_fruit/dataset/Chili Growth Stage Original Dataset (1)/Chili Growth Stage Original Dataset/Rotten Chili/Rotten Chili00256.JPG,4,4,Rotten Chili,Rotten Chili,0.015579224,0.018661499,0.021957397,0.016983032,0.9267578
ChiliLiteV2_MNV3S_MultiLevel_ColorGate,5,/home/bt/Documents/Po/chili_fruit/dataset/Chili Growth Stage Original Dataset (1)/Chili Growth Stage Original Dataset/Rotten Chili/Rotten Chili00260.JPG,4,4,Rotten Chili,Rotten Chili,0.019927979,0.019424438,0.020874023,0.014373779,0.92529297
ChiliLiteV2_MNV3S_MultiLevel_ColorGate,5,/home/bt/Documents/Po/chili_fruit/dataset/Chili Growth Stage Original Dataset (1)/Chili Growth Stage Original Dataset/Rotten Chili/Rotten Chili00265.JPG,4,4,Rotten Chili,Rotten Chili,0.020187378,0.017333984,0.022827148,0.013748169,0.92578125
ChiliLiteV2_MNV3S_MultiLevel_ColorGate,5,/home/bt/Documents/Po/chili_fruit/dataset/Chili Growth Stage Original Dataset (1)/Chili Growth Stage Original Dataset/Rotten Chili/Rotten Chili00266.JPG,4,4,Rotten Chili,Rotten Chili,0.020004272,0.019378662,0.018188477,0.012901306,0.9296875
ChiliLiteV2_MNV3S_MultiLevel_ColorGate,5,/home/bt/Documents/Po/chili_fruit/dataset/Chili Growth Stage Original Dataset (1)/Chili Growth Stage Original Dataset/Rotten Chili/Rotten Chili00269.JPG,4,4,Rotten Chili,Rotten Chili,0.018310547,0.01600647,0.023406982,0.017074585,0.92529297
ChiliLiteV2_MNV3S_MultiLevel_ColorGate,5,/home/bt/Documents/Po/chili_fruit/dataset/Chili Growth Stage Original Dataset (1)/Chili Growth Stage Original Dataset/Rotten Chili/Rotten Chili00272.JPG,4,4,Rotten Chili,Rotten Chili,0.017059326,0.016448975,0.020339966,0.01725769,0.92871094
ChiliLiteV2_MNV3S_MultiLevel_ColorGate,5,/home/bt/Documents/Po/chili_fruit/dataset/Chili Growth Stage Original Dataset (1)/Chili Growth Stage Original Dataset/Rotten Chili/Rotten Chili00279.JPG,4,4,Rotten Chili,Rotten Chili,0.019424438,0.016342163,0.022583008,0.017532349,0.9243164
ChiliLiteV2_MNV3S_MultiLevel_ColorGate,5,/home/bt/Documents/Po/chili_fruit/dataset/Chili Growth Stage Original Dataset (1)/Chili Growth Stage Original Dataset/Rotten Chili/Rotten Chili00316.JPG,4,4,Rotten Chili,Rotten Chili,0.017120361,0.01638794,0.016662598,0.016693115,0.93310547
ChiliLiteV2_MNV3S_MultiLevel_ColorGate,5,/home/bt/Documents/Po/chili_fruit/dataset/Chili Growth Stage Original Dataset (1)/Chili Growth Stage Original Dataset/Rotten Chili/Rotten Chili00332.JPG,4,4,Rotten Chili,Rotten Chili,0.016220093,0.020996094,0.016174316,0.038970947,0.90771484
ChiliLiteV2_MNV3S_MultiLevel_ColorGate,5,/home/bt/Documents/Po/chili_fruit/dataset/Chili Growth Stage Original Dataset (1)/Chili Growth Stage Original Dataset/Rotten Chili/Rotten Chili00352.JPG,4,4,Rotten Chili,Rotten Chili,0.017745972,0.021484375,0.01902771,0.014480591,0.9272461
ChiliLiteV2_MNV3S_MultiLevel_ColorGate,5,/home/bt/Documents/Po/chili_fruit/dataset/Chili Growth Stage Original Dataset (1)/Chili Growth Stage Original Dataset/Rotten Chili/Rotten Chili00354.JPG,4,4,Rotten Chili,Rotten Chili,0.016708374,0.019699097,0.017852783,0.014419556,0.93115234
ChiliLiteV2_MNV3S_MultiLevel_ColorGate,5,/home/bt/Documents/Po/chili_fruit/dataset/Chili Growth Stage Original Dataset (1)/Chili Growth Stage Original Dataset/Rotten Chili/Rotten Chili00362.JPG,4,4,Rotten Chili,Rotten Chili,0.024383545,0.021514893,0.025985718,0.013015747,0.91503906
ChiliLiteV2_MNV3S_MultiLevel_ColorGate,5,/home/bt/Documents/Po/chili_fruit/dataset/Chili Growth Stage Original Dataset (1)/Chili Growth Stage Original Dataset/Rotten Chili/Rotten Chili00372.JPG,4,4,Rotten Chili,Rotten Chili,0.017547607,0.017196655,0.016342163,0.014778137,0.93408203
ChiliLiteV2_MNV3S_MultiLevel_ColorGate,5,/home/bt/Documents/Po/chili_fruit/dataset/Chili Growth Stage Original Dataset (1)/Chili Growth Stage Original Dataset/Rotten Chili/Rotten Chili00377.JPG,4,4,Rotten Chili,Rotten Chili,0.019424438,0.017532349,0.017730713,0.016677856,0.92871094
ChiliLiteV2_MNV3S_MultiLevel_ColorGate,6,/home/bt/Documents/Po/chili_fruit/dataset/Chili Growth Stage Original Dataset (1)/Chili Growth Stage Original Dataset/Dry chili/Dry chili00008.JPG,0,0,Dry Chili,Dry Chili,0.92529297,0.016403198,0.022277832,0.019180298,0.016738892
ChiliLiteV2_MNV3S_MultiLevel_ColorGate,6,/home/bt/Documents/Po/chili_fruit/dataset/Chili Growth Stage Original Dataset (1)/Chili Growth Stage Original Dataset/Dry chili/Dry chili00010.JPG,0,0,Dry Chili,Dry Chili,0.9277344,0.018295288,0.020339966,0.015167236,0.018417358
ChiliLiteV2_MNV3S_MultiLevel_ColorGate,6,/home/bt/Documents/Po/chili_fruit/dataset/Chili Growth Stage Original Dataset (1)/Chili Growth Stage Original Dataset/Dry chili/Dry chili00012.JPG,0,0,Dry Chili,Dry Chili,0.9213867,0.01776123,0.020217896,0.02368164,0.016998291
ChiliLiteV2_MNV3S_MultiLevel_ColorGate,6,/home/bt/Documents/Po/chili_fruit/dataset/Chili Growth Stage Original Dataset (1)/Chili Growth Stage Original Dataset/Dry chili/Dry chili00022.JPG,0,0,Dry Chili,Dry Chili,0.92041016,0.017990112,0.020080566,0.026275635,0.01525116
ChiliLiteV2_MNV3S_MultiLevel_ColorGate,6,/home/bt/Documents/Po/chili_fruit/dataset/Chili Growth Stage Original Dataset (1)/Chili Growth Stage Original Dataset/Dry chili/Dry chili00032.JPG,0,0,Dry Chili,Dry Chili,0.92285156,0.016036987,0.019195557,0.023773193,0.018218994
ChiliLiteV2_MNV3S_MultiLevel_ColorGate,6,/home/bt/Documents/Po/chili_fruit/dataset/Chili Growth Stage Original Dataset (1)/Chili Growth Stage Original Dataset/Dry chili/Dry chili00033.JPG,0,0,Dry Chili,Dry Chili,0.92626953,0.017837524,0.019744873,0.022598267,0.013320923
ChiliLiteV2_MNV3S_MultiLevel_ColorGate,6,/home/bt/Documents/Po/chili_fruit/dataset/Chili Growth Stage Original Dataset (1)/Chili Growth Stage Original Dataset/Dry chili/Dry chili00042.JPG,0,0,Dry Chili,Dry Chili,0.92578125,0.018035889,0.018310547,0.020050049,0.01776123
ChiliLiteV2_MNV3S_MultiLevel_ColorGate,6,/home/bt/Documents/Po/chili_fruit/dataset/Chili Growth Stage Original Dataset (1)/Chili Growth Stage Original Dataset/Dry chili/Dry chili00060.JPG,0,0,Dry Chili,Dry Chili,0.92626953,0.016952515,0.01902771,0.02281189,0.014862061
ChiliLiteV2_MNV3S_MultiLevel_ColorGate,6,/home/bt/Documents/Po/chili_fruit/dataset/Chili Growth Stage Original Dataset (1)/Chili Growth Stage Original Dataset/Dry chili/Dry chili00100.JPG,0,0,Dry Chili,Dry Chili,0.9267578,0.017044067,0.019363403,0.021408081,0.015426636
ChiliLiteV2_MNV3S_MultiLevel_ColorGate,6,/home/bt/Documents/Po/chili_fruit/dataset/Chili Growth Stage Original Dataset (1)/Chili Growth Stage Original Dataset/Dry chili/Dry chili00134.JPG,0,0,Dry Chili,Dry Chili,0.9243164,0.016296387,0.021240234,0.023040771,0.015083313
ChiliLiteV2_MNV3S_MultiLevel_ColorGate,6,/home/bt/Documents/Po/chili_fruit/dataset/Chili Growth Stage Original Dataset (1)/Chili Growth Stage Original Dataset/Dry chili/Dry chili00140.JPG,0,0,Dry Chili,Dry Chili,0.9272461,0.016036987,0.022262573,0.019973755,0.014579773
ChiliLiteV2_MNV3S_MultiLevel_ColorGate,6,/home/bt/Documents/Po/chili_fruit/dataset/Chili Growth Stage Original Dataset (1)/Chili Growth Stage Original Dataset/Dry chili/Dry chili00142.JPG,0,0,Dry Chili,Dry Chili,0.9189453,0.015586853,0.025390625,0.018203735,0.02168274
ChiliLiteV2_MNV3S_MultiLevel_ColorGate,6,/home/bt/Documents/Po/chili_fruit/dataset/Chili Growth Stage Original Dataset (1)/Chili Growth Stage Original Dataset/Dry chili/Dry chili00162.JPG,0,0,Dry Chili,Dry Chili,0.92626953,0.016159058,0.023025513,0.019760132,0.014732361
ChiliLiteV2_MNV3S_MultiLevel_ColorGate,6,/home/bt/Documents/Po/chili_fruit/dataset/Chili Growth Stage Original Dataset (1)/Chili Growth Stage Original Dataset/Dry chili/Dry chili00166.JPG,0,0,Dry Chili,Dry Chili,0.9272461,0.016357422,0.02331543,0.017044067,0.016174316
ChiliLiteV2_MNV3S_MultiLevel_ColorGate,6,/home/bt/Documents/Po/chili_fruit/dataset/Chili Growth Stage Original Dataset (1)/Chili Growth Stage Original Dataset/Dry chili/Dry chili00173.JPG,0,0,Dry Chili,Dry Chili,0.9213867,0.018432617,0.019348145,0.026031494,0.014579773
ChiliLiteV2_MNV3S_MultiLevel_ColorGate,6,/home/bt/Documents/Po/chili_fruit/dataset/Chili Growth Stage Original Dataset (1)/Chili Growth Stage Original Dataset/Dry chili/Dry chili00181.JPG,0,0,Dry Chili,Dry Chili,0.92041016,0.017913818,0.02394104,0.022827148,0.014793396
ChiliLiteV2_MNV3S_MultiLevel_ColorGate,6,/home/bt/Documents/Po/chili_fruit/dataset/Chili Growth Stage Original Dataset (1)/Chili Growth Stage Original Dataset/Dry chili/Dry chili00191.JPG,0,0,Dry Chili,Dry Chili,0.9189453,0.018753052,0.018569946,0.024658203,0.019042969
ChiliLiteV2_MNV3S_MultiLevel_ColorGate,6,/home/bt/Documents/Po/chili_fruit/dataset/Chili Growth Stage Original Dataset (1)/Chili Growth Stage Original Dataset/Dry chili/Dry chili00194.JPG,0,0,Dry Chili,Dry Chili,0.92529297,0.019821167,0.020889282,0.01928711,0.014923096
ChiliLiteV2_MNV3S_MultiLevel_ColorGate,6,/home/bt/Documents/Po/chili_fruit/dataset/Chili Growth Stage Original Dataset (1)/Chili Growth Stage Original Dataset/Dry chili/Dry chili00200.JPG,0,0,Dry Chili,Dry Chili,0.92285156,0.016616821,0.019073486,0.023239136,0.01802063
ChiliLiteV2_MNV3S_MultiLevel_ColorGate,6,/home/bt/Documents/Po/chili_fruit/dataset/Chili Growth Stage Original Dataset (1)/Chili Growth Stage Original Dataset/Dry chili/Dry chili00215.JPG,0,0,Dry Chili,Dry Chili,0.92578125,0.017974854,0.025375366,0.018005371,0.012809753
ChiliLiteV2_MNV3S_MultiLevel_ColorGate,6,/home/bt/Documents/Po/chili_fruit/dataset/Chili Growth Stage Original Dataset (1)/Chili Growth Stage Original Dataset/Dry chili/Dry chili00236.JPG,0,0,Dry Chili,Dry Chili,0.921875,0.018005371,0.02243042,0.01902771,0.018615723
ChiliLiteV2_MNV3S_MultiLevel_ColorGate,6,/home/bt/Documents/Po/chili_fruit/dataset/Chili Growth Stage Original Dataset (1)/Chili Growth Stage Original Dataset/Dry chili/Dry chili00240.JPG,0,0,Dry Chili,Dry Chili,0.92871094,0.017974854,0.018661499,0.020477295,0.014335632
ChiliLiteV2_MNV3S_MultiLevel_ColorGate,6,/home/bt/Documents/Po/chili_fruit/dataset/Chili Growth Stage Original Dataset (1)/Chili Growth Stage Original Dataset/Dry chili/Dry chili00244.JPG,0,0,Dry Chili,Dry Chili,0.9238281,0.016326904,0.023239136,0.017730713,0.018661499
ChiliLiteV2_MNV3S_MultiLevel_ColorGate,6,/home/bt/Documents/Po/chili_fruit/dataset/Chili Growth Stage Original Dataset (1)/Chili Growth Stage Original Dataset/Dry chili/Dry chili00265.JPG,0,0,Dry Chili,Dry Chili,0.9277344,0.01966858,0.019515991,0.017791748,0.015090942
ChiliLiteV2_MNV3S_MultiLevel_ColorGate,6,/home/bt/Documents/Po/chili_fruit/dataset/Chili Growth Stage Original Dataset (1)/Chili Growth Stage Original Dataset/Dry chili/Dry chili00275.JPG,0,0,Dry Chili,Dry Chili,0.9272461,0.017150879,0.021408081,0.018005371,0.016235352
ChiliLiteV2_MNV3S_MultiLevel_ColorGate,6,/home/bt/Documents/Po/chili_fruit/dataset/Chili Growth Stage Original Dataset (1)/Chili Growth Stage Original Dataset/Dry chili/Dry chili00278.JPG,0,0,Dry Chili,Dry Chili,0.9199219,0.019729614,0.018051147,0.025421143,0.017028809
ChiliLiteV2_MNV3S_MultiLevel_ColorGate,6,/home/bt/Documents/Po/chili_fruit/dataset/Chili Growth Stage Original Dataset (1)/Chili Growth Stage Original Dataset/Dry chili/Dry chili00284.JPG,0,0,Dry Chili,Dry Chili,0.9272461,0.017425537,0.022781372,0.01828003,0.01449585
ChiliLiteV2_MNV3S_MultiLevel_ColorGate,6,/home/bt/Documents/Po/chili_fruit/dataset/Chili Growth Stage Original Dataset (1)/Chili Growth Stage Original Dataset/Dry chili/Dry chili00292.JPG,0,0,Dry Chili,Dry Chili,0.92626953,0.019073486,0.018508911,0.020812988,0.015571594
ChiliLiteV2_MNV3S_MultiLevel_ColorGate,6,/home/bt/Documents/Po/chili_fruit/dataset/Chili Growth Stage Original Dataset (1)/Chili Growth Stage Original Dataset/Dry chili/Dry chili00294.JPG,0,0,Dry Chili,Dry Chili,0.9243164,0.019088745,0.019424438,0.020645142,0.016479492
ChiliLiteV2_MNV3S_MultiLevel_ColorGate,6,/home/bt/Documents/Po/chili_fruit/dataset/Chili Growth Stage Original Dataset (1)/Chili Growth Stage Original Dataset/Dry chili/Dry chili00298.JPG,0,0,Dry Chili,Dry Chili,0.92578125,0.018188477,0.018997192,0.021133423,0.015914917
ChiliLiteV2_MNV3S_MultiLevel_ColorGate,6,/home/bt/Documents/Po/chili_fruit/dataset/Chili Growth Stage Original Dataset (1)/Chili Growth Stage Original Dataset/Dry chili/Dry chili00307.JPG,0,0,Dry Chili,Dry Chili,0.91845703,0.014755249,0.023422241,0.019332886,0.02407837
ChiliLiteV2_MNV3S_MultiLevel_ColorGate,6,/home/bt/Documents/Po/chili_fruit/dataset/Chili Growth Stage Original Dataset (1)/Chili Growth Stage Original Dataset/Dry chili/Dry chili00324.JPG,0,0,Dry Chili,Dry Chili,0.9243164,0.01725769,0.021316528,0.020736694,0.016479492
ChiliLiteV2_MNV3S_MultiLevel_ColorGate,6,/home/bt/Documents/Po/chili_fruit/dataset/Chili Growth Stage Original Dataset (1)/Chili Growth Stage Original Dataset/Dry chili/Dry chili00327.JPG,0,0,Dry Chili,Dry Chili,0.92871094,0.017578125,0.019500732,0.01928711,0.014709473
ChiliLiteV2_MNV3S_MultiLevel_ColorGate,6,/home/bt/Documents/Po/chili_fruit/dataset/Chili Growth Stage Original Dataset (1)/Chili Growth Stage Original Dataset/Dry chili/Dry chili00328.JPG,0,0,Dry Chili,Dry Chili,0.92285156,0.018218994,0.019332886,0.020233154,0.019561768
ChiliLiteV2_MNV3S_MultiLevel_ColorGate,6,/home/bt/Documents/Po/chili_fruit/dataset/Chili Growth Stage Original Dataset (1)/Chili Growth Stage Original Dataset/Dry chili/Dry chili00329.JPG,0,0,Dry Chili,Dry Chili,0.92578125,0.018859863,0.017196655,0.021362305,0.01663208
ChiliLiteV2_MNV3S_MultiLevel_ColorGate,6,/home/bt/Documents/Po/chili_fruit/dataset/Chili Growth Stage Original Dataset (1)/Chili Growth Stage Original Dataset/Dry chili/Dry chili00340.JPG,0,0,Dry Chili,Dry Chili,0.92333984,0.018310547,0.019470215,0.023788452,0.0149002075
ChiliLiteV2_MNV3S_MultiLevel_ColorGate,6,/home/bt/Documents/Po/chili_fruit/dataset/Chili Growth Stage Original Dataset (1)/Chili Growth Stage Original Dataset/Dry chili/Dry chili00349.JPG,0,0,Dry Chili,Dry Chili,0.92333984,0.017547607,0.022521973,0.018753052,0.017745972
ChiliLiteV2_MNV3S_MultiLevel_ColorGate,6,/home/bt/Documents/Po/chili_fruit/dataset/Chili Growth Stage Original Dataset (1)/Chili Growth Stage Original Dataset/Dry chili/Dry chili00357.JPG,0,0,Dry Chili,Dry Chili,0.9243164,0.017089844,0.021743774,0.02053833,0.016525269
ChiliLiteV2_MNV3S_MultiLevel_ColorGate,6,/home/bt/Documents/Po/chili_fruit/dataset/Chili Growth Stage Original Dataset (1)/Chili Growth Stage Original Dataset/Dry chili/Dry chili00369.JPG,0,0,Dry Chili,Dry Chili,0.92578125,0.017120361,0.02178955,0.018005371,0.01725769
ChiliLiteV2_MNV3S_MultiLevel_ColorGate,6,/home/bt/Documents/Po/chili_fruit/dataset/Chili Growth Stage Original Dataset (1)/Chili Growth Stage Original Dataset/Dry chili/Dry chili00381.JPG,0,0,Dry Chili,Dry Chili,0.9238281,0.014289856,0.024932861,0.01966858,0.017181396
ChiliLiteV2_MNV3S_MultiLevel_ColorGate,6,/home/bt/Documents/Po/chili_fruit/dataset/Chili Growth Stage Original Dataset (1)/Chili Growth Stage Original Dataset/Dry chili/Dry chili00401.JPG,0,0,Dry Chili,Dry Chili,0.9223633,0.014762878,0.024780273,0.017944336,0.020095825
ChiliLiteV2_MNV3S_MultiLevel_ColorGate,6,/home/bt/Documents/Po/chili_fruit/dataset/Chili Growth Stage Original Dataset (1)/Chili Growth Stage Original Dataset/Flower/Flower00009.JPG,1,1,Flower,Flower,0.01096344,0.9375,0.01940918,0.016159058,0.016174316
ChiliLiteV2_MNV3S_MultiLevel_ColorGate,6,/home/bt/Documents/Po/chili_fruit/dataset/Chili Growth Stage Original Dataset (1)/Chili Growth Stage Original Dataset/Flower/Flower00012.JPG,1,1,Flower,Flower,0.010574341,0.9375,0.019851685,0.016693115,0.015541077
ChiliLiteV2_MNV3S_MultiLevel_ColorGate,6,/home/bt/Documents/Po/chili_fruit/dataset/Chili Growth Stage Original Dataset (1)/Chili Growth Stage Original Dataset/Flower/Flower00013.JPG,1,1,Flower,Flower,0.011940002,0.93652344,0.019454956,0.015563965,0.016296387
ChiliLiteV2_MNV3S_MultiLevel_ColorGate,6,/home/bt/Documents/Po/chili_fruit/dataset/Chili Growth Stage Original Dataset (1)/Chili Growth Stage Original Dataset/Flower/Flower00025.JPG,1,1,Flower,Flower,0.0112838745,0.9394531,0.016494751,0.016906738,0.016098022
ChiliLiteV2_MNV3S_MultiLevel_ColorGate,6,/home/bt/Documents/Po/chili_fruit/dataset/Chili Growth Stage Original Dataset (1)/Chili Growth Stage Original Dataset/Flower/Flower00028.JPG,1,1,Flower,Flower,0.013793945,0.94384766,0.01486969,0.015556335,0.012077332
ChiliLiteV2_MNV3S_MultiLevel_ColorGate,6,/home/bt/Documents/Po/chili_fruit/dataset/Chili Growth Stage Original Dataset (1)/Chili Growth Stage Original Dataset/Flower/Flower00031.JPG,1,1,Flower,Flower,0.0113220215,0.9428711,0.017669678,0.01436615,0.013954163
ChiliLiteV2_MNV3S_MultiLevel_ColorGate,6,/home/bt/Documents/Po/chili_fruit/dataset/Chili Growth Stage Original Dataset (1)/Chili Growth Stage Original Dataset/Flower/Flower00034.JPG,1,1,Flower,Flower,0.010597229,0.9345703,0.019546509,0.019195557,0.015960693
ChiliLiteV2_MNV3S_MultiLevel_ColorGate,6,/home/bt/Documents/Po/chili_fruit/dataset/Chili Growth Stage Original Dataset (1)/Chili Growth Stage Original Dataset/Flower/Flower00040.JPG,1,1,Flower,Flower,0.012374878,0.9404297,0.015007019,0.018081665,0.01399231
ChiliLiteV2_MNV3S_MultiLevel_ColorGate,6,/home/bt/Documents/Po/chili_fruit/dataset/Chili Growth Stage Original Dataset (1)/Chili Growth Stage Original Dataset/Flower/Flower00043.JPG,1,1,Flower,Flower,0.01360321,0.94140625,0.0143966675,0.017486572,0.012992859
ChiliLiteV2_MNV3S_MultiLevel_ColorGate,6,/home/bt/Documents/Po/chili_fruit/dataset/Chili Growth Stage Original Dataset (1)/Chili Growth Stage Original Dataset/Flower/Flower00045.JPG,1,1,Flower,Flower,0.012313843,0.9399414,0.015571594,0.018463135,0.013687134
ChiliLiteV2_MNV3S_MultiLevel_ColorGate,6,/home/bt/Documents/Po/chili_fruit/dataset/Chili Growth Stage Original Dataset (1)/Chili Growth Stage Original Dataset/Flower/Flower00065.JPG,1,1,Flower,Flower,0.012702942,0.94091797,0.01600647,0.016998291,0.0135269165
ChiliLiteV2_MNV3S_MultiLevel_ColorGate,6,/home/bt/Documents/Po/chili_fruit/dataset/Chili Growth Stage Original Dataset (1)/Chili Growth Stage Original Dataset/Flower/Flower00080.JPG,1,1,Flower,Flower,0.010116577,0.9350586,0.021621704,0.017089844,0.01625061
ChiliLiteV2_MNV3S_MultiLevel_ColorGate,6,/home/bt/Documents/Po/chili_fruit/dataset/Chili Growth Stage Original Dataset (1)/Chili Growth Stage Original Dataset/Flower/Flower00086.JPG,1,1,Flower,Flower,0.011566162,0.9296875,0.029266357,0.014381409,0.015083313
ChiliLiteV2_MNV3S_MultiLevel_ColorGate,6,/home/bt/Documents/Po/chili_fruit/dataset/Chili Growth Stage Original Dataset (1)/Chili Growth Stage Original Dataset/Flower/Flower00088.JPG,1,1,Flower,Flower,0.013549805,0.9433594,0.01474762,0.014694214,0.013618469
ChiliLiteV2_MNV3S_MultiLevel_ColorGate,6,/home/bt/Documents/Po/chili_fruit/dataset/Chili Growth Stage Original Dataset (1)/Chili Growth Stage Original Dataset/Flower/Flower00107.JPG,1,1,Flower,Flower,0.011528015,0.9296875,0.02748108,0.019088745,0.012428284
ChiliLiteV2_MNV3S_MultiLevel_ColorGate,6,/home/bt/Documents/Po/chili_fruit/dataset/Chili Growth Stage Original Dataset (1)/Chili Growth Stage Original Dataset/Flower/Flower00109.JPG,1,1,Flower,Flower,0.012481689,0.93310547,0.021835327,0.019424438,0.013221741
ChiliLiteV2_MNV3S_MultiLevel_ColorGate,6,/home/bt/Documents/Po/chili_fruit/dataset/Chili Growth Stage Original Dataset (1)/Chili Growth Stage Original Dataset/Flower/Flower00115.JPG,1,1,Flower,Flower,0.011276245,0.9399414,0.020721436,0.015419006,0.012702942
ChiliLiteV2_MNV3S_MultiLevel_ColorGate,6,/home/bt/Documents/Po/chili_fruit/dataset/Chili Growth Stage Original Dataset (1)/Chili Growth Stage Original Dataset/Flower/Flower00119.JPG,1,1,Flower,Flower,0.010894775,0.9394531,0.014602661,0.01914978,0.016143799
ChiliLiteV2_MNV3S_MultiLevel_ColorGate,6,/home/bt/Documents/Po/chili_fruit/dataset/Chili Growth Stage Original Dataset (1)/Chili Growth Stage Original Dataset/Flower/Flower00124.JPG,1,1,Flower,Flower,0.009567261,0.93652344,0.018112183,0.017852783,0.01777649
ChiliLiteV2_MNV3S_MultiLevel_ColorGate,6,/home/bt/Documents/Po/chili_fruit/dataset/Chili Growth Stage Original Dataset (1)/Chili Growth Stage Original Dataset/Flower/Flower00125.JPG,1,1,Flower,Flower,0.0090789795,0.93408203,0.019165039,0.020324707,0.017333984
ChiliLiteV2_MNV3S_MultiLevel_ColorGate,6,/home/bt/Documents/Po/chili_fruit/dataset/Chili Growth Stage Original Dataset (1)/Chili Growth Stage Original Dataset/Flower/Flower00141.JPG,1,1,Flower,Flower,0.013702393,0.93652344,0.014671326,0.021896362,0.013420105
ChiliLiteV2_MNV3S_MultiLevel_ColorGate,6,/home/bt/Documents/Po/chili_fruit/dataset/Chili Growth Stage Original Dataset (1)/Chili Growth Stage Original Dataset/Flower/Flower00161.JPG,1,1,Flower,Flower,0.012763977,0.9423828,0.0151901245,0.017501831,0.012145996
ChiliLiteV2_MNV3S_MultiLevel_ColorGate,6,/home/bt/Documents/Po/chili_fruit/dataset/Chili Growth Stage Original Dataset (1)/Chili Growth Stage Original Dataset/Flower/Flower00234.JPG,1,1,Flower,Flower,0.010108948,0.9326172,0.02268982,0.01574707,0.01902771
ChiliLiteV2_MNV3S_MultiLevel_ColorGate,6,/home/bt/Documents/Po/chili_fruit/dataset/Chili Growth Stage Original Dataset (1)/Chili Growth Stage Original Dataset/Flower/Flower00251.JPG,1,1,Flower,Flower,0.009994507,0.9169922,0.034606934,0.014923096,0.023406982
ChiliLiteV2_MNV3S_MultiLevel_ColorGate,6,/home/bt/Documents/Po/chili_fruit/dataset/Chili Growth Stage Original Dataset (1)/Chili Growth Stage Original Dataset/Flower/Flower00252.JPG,1,1,Flower,Flower,0.009300232,0.9003906,0.045166016,0.016159058,0.029190063
ChiliLiteV2_MNV3S_MultiLevel_ColorGate,6,/home/bt/Documents/Po/chili_fruit/dataset/Chili Growth Stage Original Dataset (1)/Chili Growth Stage Original Dataset/Flower/Flower00262.JPG,1,1,Flower,Flower,0.011688232,0.9379883,0.018692017,0.016525269,0.0151901245
ChiliLiteV2_MNV3S_MultiLevel_ColorGate,6,/home/bt/Documents/Po/chili_fruit/dataset/Chili Growth Stage Original Dataset (1)/Chili Growth Stage Original Dataset/Flower/Flower00264.JPG,1,1,Flower,Flower,0.012504578,0.9394531,0.016616821,0.017410278,0.014122009
ChiliLiteV2_MNV3S_MultiLevel_ColorGate,6,/home/bt/Documents/Po/chili_fruit/dataset/Chili Growth Stage Original Dataset (1)/Chili Growth Stage Original Dataset/Flower/Flower00277.JPG,1,1,Flower,Flower,0.01209259,0.90478516,0.049346924,0.018920898,0.014709473
ChiliLiteV2_MNV3S_MultiLevel_ColorGate,6,/home/bt/Documents/Po/chili_fruit/dataset/Chili Growth Stage Original Dataset (1)/Chili Growth Stage Original Dataset/Flower/Flower00285.JPG,1,1,Flower,Flower,0.0116119385,0.94189453,0.017028809,0.014228821,0.015403748
ChiliLiteV2_MNV3S_MultiLevel_ColorGate,6,/home/bt/Documents/Po/chili_fruit/dataset/Chili Growth Stage Original Dataset (1)/Chili Growth Stage Original Dataset/Flower/Flower00290.JPG,1,1,Flower,Flower,0.01701355,0.86865234,0.07861328,0.019241333,0.016525269
ChiliLiteV2_MNV3S_MultiLevel_ColorGate,6,/home/bt/Documents/Po/chili_fruit/dataset/Chili Growth Stage Original Dataset (1)/Chili Growth Stage Original Dataset/Flower/Flower00300.JPG,1,1,Flower,Flower,0.013198853,0.94189453,0.012794495,0.016326904,0.015930176
ChiliLiteV2_MNV3S_MultiLevel_ColorGate,6,/home/bt/Documents/Po/chili_fruit/dataset/Chili Growth Stage Original Dataset (1)/Chili Growth Stage Original Dataset/Flower/Flower00329.JPG,1,1,Flower,Flower,0.010681152,0.9399414,0.017181396,0.017181396,0.015014648
ChiliLiteV2_MNV3S_MultiLevel_ColorGate,6,/home/bt/Documents/Po/chili_fruit/dataset/Chili Growth Stage Original Dataset (1)/Chili Growth Stage Original Dataset/Flower/Flower00338.JPG,1,1,Flower,Flower,0.014457703,0.9355469,0.020645142,0.015686035,0.013557434
ChiliLiteV2_MNV3S_MultiLevel_ColorGate,6,/home/bt/Documents/Po/chili_fruit/dataset/Chili Growth Stage Original Dataset (1)/Chili Growth Stage Original Dataset/Flower/Flower00344.JPG,1,1,Flower,Flower,0.012123108,0.9399414,0.017028809,0.013847351,0.017074585
ChiliLiteV2_MNV3S_MultiLevel_ColorGate,6,/home/bt/Documents/Po/chili_fruit/dataset/Chili Growth Stage Original Dataset (1)/Chili Growth Stage Original Dataset/Flower/Flower00345.JPG,1,1,Flower,Flower,0.0124053955,0.9394531,0.017929077,0.0143585205,0.0158844
ChiliLiteV2_MNV3S_MultiLevel_ColorGate,6,/home/bt/Documents/Po/chili_fruit/dataset/Chili Growth Stage Original Dataset (1)/Chili Growth Stage Original Dataset/Flower/Flower00346.JPG,1,1,Flower,Flower,0.011138916,0.93652344,0.022735596,0.014129639,0.0152282715
ChiliLiteV2_MNV3S_MultiLevel_ColorGate,6,/home/bt/Documents/Po/chili_fruit/dataset/Chili Growth Stage Original Dataset (1)/Chili Growth Stage Original Dataset/Flower/Flower00350.JPG,1,1,Flower,Flower,0.012619019,0.93847656,0.01687622,0.017349243,0.014480591
ChiliLiteV2_MNV3S_MultiLevel_ColorGate,6,/home/bt/Documents/Po/chili_fruit/dataset/Chili Growth Stage Original Dataset (1)/Chili Growth Stage Original Dataset/Flower/Flower00364.JPG,1,1,Flower,Flower,0.014198303,0.93603516,0.016921997,0.018295288,0.014595032
ChiliLiteV2_MNV3S_MultiLevel_ColorGate,6,/home/bt/Documents/Po/chili_fruit/dataset/Chili Growth Stage Original Dataset (1)/Chili Growth Stage Original Dataset/Flower/Flower00371.JPG,1,1,Flower,Flower,0.010528564,0.92626953,0.028137207,0.017333984,0.017929077
ChiliLiteV2_MNV3S_MultiLevel_ColorGate,6,/home/bt/Documents/Po/chili_fruit/dataset/Chili Growth Stage Original Dataset (1)/Chili Growth Stage Original Dataset/Flower/Flower00380.JPG,1,1,Flower,Flower,0.011116028,0.93896484,0.016586304,0.017089844,0.016220093
ChiliLiteV2_MNV3S_MultiLevel_ColorGate,6,/home/bt/Documents/Po/chili_fruit/dataset/Chili Growth Stage Original Dataset (1)/Chili Growth Stage Original Dataset/Green Chili/Green Chili00001.JPG,2,2,Green Chili,Green Chili,0.012214661,0.016525269,0.9267578,0.013847351,0.030792236
ChiliLiteV2_MNV3S_MultiLevel_ColorGate,6,/home/bt/Documents/Po/chili_fruit/dataset/Chili Growth Stage Original Dataset (1)/Chili Growth Stage Original Dataset/Green Chili/Green Chili00006.JPG,2,2,Green Chili,Green Chili,0.014732361,0.01423645,0.94091797,0.015701294,0.014503479
ChiliLiteV2_MNV3S_MultiLevel_ColorGate,6,/home/bt/Documents/Po/chili_fruit/dataset/Chili Growth Stage Original Dataset (1)/Chili Growth Stage Original Dataset/Green Chili/Green Chili00008.JPG,2,2,Green Chili,Green Chili,0.008995056,0.024673462,0.9350586,0.013153076,0.018112183
ChiliLiteV2_MNV3S_MultiLevel_ColorGate,6,/home/bt/Documents/Po/chili_fruit/dataset/Chili Growth Stage Original Dataset (1)/Chili Growth Stage Original Dataset/Green Chili/Green Chili00030.JPG,2,2,Green Chili,Green Chili,0.013412476,0.014907837,0.93847656,0.011207581,0.022109985
ChiliLiteV2_MNV3S_MultiLevel_ColorGate,6,/home/bt/Documents/Po/chili_fruit/dataset/Chili Growth Stage Original Dataset (1)/Chili Growth Stage Original Dataset/Green Chili/Green Chili00045.JPG,2,2,Green Chili,Green Chili,0.01159668,0.016342163,0.9057617,0.01576233,0.05050659
ChiliLiteV2_MNV3S_MultiLevel_ColorGate,6,/home/bt/Documents/Po/chili_fruit/dataset/Chili Growth Stage Original Dataset (1)/Chili Growth Stage Original Dataset/Green Chili/Green Chili00063.JPG,2,2,Green Chili,Green Chili,0.011489868,0.017486572,0.93603516,0.012825012,0.022232056
ChiliLiteV2_MNV3S_MultiLevel_ColorGate,6,/home/bt/Documents/Po/chili_fruit/dataset/Chili Growth Stage Original Dataset (1)/Chili Growth Stage Original Dataset/Green Chili/Green Chili00070.JPG,2,2,Green Chili,Green Chili,0.014533997,0.014160156,0.9379883,0.016418457,0.016983032
ChiliLiteV2_MNV3S_MultiLevel_ColorGate,6,/home/bt/Documents/Po/chili_fruit/dataset/Chili Growth Stage Original Dataset (1)/Chili Growth Stage Original Dataset/Green Chili/Green Chili00071.JPG,2,2,Green Chili,Green Chili,0.030975342,0.023483276,0.91064453,0.018707275,0.016143799
ChiliLiteV2_MNV3S_MultiLevel_ColorGate,6,/home/bt/Documents/Po/chili_fruit/dataset/Chili Growth Stage Original Dataset (1)/Chili Growth Stage Original Dataset/Green Chili/Green Chili00085.JPG,2,2,Green Chili,Green Chili,0.013084412,0.020095825,0.93603516,0.016204834,0.014602661
ChiliLiteV2_MNV3S_MultiLevel_ColorGate,6,/home/bt/Documents/Po/chili_fruit/dataset/Chili Growth Stage Original Dataset (1)/Chili Growth Stage Original Dataset/Green Chili/Green Chili00089.JPG,2,2,Green Chili,Green Chili,0.010871887,0.016845703,0.9350586,0.016616821,0.02079773
ChiliLiteV2_MNV3S_MultiLevel_ColorGate,6,/home/bt/Documents/Po/chili_fruit/dataset/Chili Growth Stage Original Dataset (1)/Chili Growth Stage Original Dataset/Green Chili/Green Chili00118.JPG,2,2,Green Chili,Green Chili,0.014251709,0.013793945,0.9399414,0.013748169,0.0181427
ChiliLiteV2_MNV3S_MultiLevel_ColorGate,6,/home/bt/Documents/Po/chili_fruit/dataset/Chili Growth Stage Original Dataset (1)/Chili Growth Stage Original Dataset/Green Chili/Green Chili00122.JPG,2,2,Green Chili,Green Chili,0.010955811,0.017120361,0.93652344,0.012237549,0.02330017
ChiliLiteV2_MNV3S_MultiLevel_ColorGate,6,/home/bt/Documents/Po/chili_fruit/dataset/Chili Growth Stage Original Dataset (1)/Chili Growth Stage Original Dataset/Green Chili/Green Chili00124.JPG,2,2,Green Chili,Green Chili,0.010665894,0.021194458,0.9379883,0.015975952,0.014076233
ChiliLiteV2_MNV3S_MultiLevel_ColorGate,6,/home/bt/Documents/Po/chili_fruit/dataset/Chili Growth Stage Original Dataset (1)/Chili Growth Stage Original Dataset/Green Chili/Green Chili00128.JPG,2,2,Green Chili,Green Chili,0.009597778,0.016952515,0.9423828,0.015403748,0.01574707
ChiliLiteV2_MNV3S_MultiLevel_ColorGate,6,/home/bt/Documents/Po/chili_fruit/dataset/Chili Growth Stage Original Dataset (1)/Chili Growth Stage Original Dataset/Green Chili/Green Chili00135.JPG,2,2,Green Chili,Green Chili,0.009674072,0.014640808,0.9394531,0.017501831,0.018753052
ChiliLiteV2_MNV3S_MultiLevel_ColorGate,6,/home/bt/Documents/Po/chili_fruit/dataset/Chili Growth Stage Original Dataset (1)/Chili Growth Stage Original Dataset/Green Chili/Green Chili00137.JPG,2,2,Green Chili,Green Chili,0.009849548,0.014198303,0.93896484,0.018875122,0.017959595
ChiliLiteV2_MNV3S_MultiLevel_ColorGate,6,/home/bt/Documents/Po/chili_fruit/dataset/Chili Growth Stage Original Dataset (1)/Chili Growth Stage Original Dataset/Green Chili/Green Chili00144.JPG,2,2,Green Chili,Green Chili,0.011985779,0.015945435,0.9379883,0.016601562,0.017364502
ChiliLiteV2_MNV3S_MultiLevel_ColorGate,6,/home/bt/Documents/Po/chili_fruit/dataset/Chili Growth Stage Original Dataset (1)/Chili Growth Stage Original Dataset/Green Chili/Green Chili00148.JPG,2,2,Green Chili,Green Chili,0.01285553,0.016784668,0.93847656,0.017349243,0.014312744
ChiliLiteV2_MNV3S_MultiLevel_ColorGate,6,/home/bt/Documents/Po/chili_fruit/dataset/Chili Growth Stage Original Dataset (1)/Chili Growth Stage Original Dataset/Green Chili/Green Chili00149.JPG,2,2,Green Chili,Green Chili,0.011688232,0.017913818,0.9355469,0.019348145,0.015335083
ChiliLiteV2_MNV3S_MultiLevel_ColorGate,6,/home/bt/Documents/Po/chili_fruit/dataset/Chili Growth Stage Original Dataset (1)/Chili Growth Stage Original Dataset/Green Chili/Green Chili00189.JPG,2,2,Green Chili,Green Chili,0.009811401,0.020629883,0.9355469,0.01411438,0.020111084
ChiliLiteV2_MNV3S_MultiLevel_ColorGate,6,/home/bt/Documents/Po/chili_fruit/dataset/Chili Growth Stage Original Dataset (1)/Chili Growth Stage Original Dataset/Green Chili/Green Chili00190.JPG,2,2,Green Chili,Green Chili,0.010421753,0.019165039,0.9399414,0.01335907,0.016906738
ChiliLiteV2_MNV3S_MultiLevel_ColorGate,6,/home/bt/Documents/Po/chili_fruit/dataset/Chili Growth Stage Original Dataset (1)/Chili Growth Stage Original Dataset/Green Chili/Green Chili00194.JPG,2,2,Green Chili,Green Chili,0.010498047,0.015411377,0.93847656,0.013961792,0.021514893
ChiliLiteV2_MNV3S_MultiLevel_ColorGate,6,/home/bt/Documents/Po/chili_fruit/dataset/Chili Growth Stage Original Dataset (1)/Chili Growth Stage Original Dataset/Green Chili/Green Chili00196.JPG,2,2,Green Chili,Green Chili,0.011604309,0.03515625,0.91748047,0.01576233,0.019989014
ChiliLiteV2_MNV3S_MultiLevel_ColorGate,6,/home/bt/Documents/Po/chili_fruit/dataset/Chili Growth Stage Original Dataset (1)/Chili Growth Stage Original Dataset/Green Chili/Green Chili00217.JPG,2,2,Green Chili,Green Chili,0.010887146,0.015464783,0.93896484,0.017700195,0.017028809
ChiliLiteV2_MNV3S_MultiLevel_ColorGate,6,/home/bt/Documents/Po/chili_fruit/dataset/Chili Growth Stage Original Dataset (1)/Chili Growth Stage Original Dataset/Green Chili/Green Chili00226.JPG,2,2,Green Chili,Green Chili,0.010307312,0.017837524,0.94140625,0.013145447,0.017074585
ChiliLiteV2_MNV3S_MultiLevel_ColorGate,6,/home/bt/Documents/Po/chili_fruit/dataset/Chili Growth Stage Original Dataset (1)/Chili Growth Stage Original Dataset/Green Chili/Green Chili00233.JPG,2,2,Green Chili,Green Chili,0.013923645,0.013168335,0.93896484,0.020446777,0.013626099
ChiliLiteV2_MNV3S_MultiLevel_ColorGate,6,/home/bt/Documents/Po/chili_fruit/dataset/Chili Growth Stage Original Dataset (1)/Chili Growth Stage Original Dataset/Green Chili/Green Chili00241.JPG,2,2,Green Chili,Green Chili,0.013259888,0.015136719,0.9267578,0.01108551,0.033843994
ChiliLiteV2_MNV3S_MultiLevel_ColorGate,6,/home/bt/Documents/Po/chili_fruit/dataset/Chili Growth Stage Original Dataset (1)/Chili Growth Stage Original Dataset/Green Chili/Green Chili00246.JPG,2,2,Green Chili,Green Chili,0.011550903,0.015281677,0.94433594,0.013389587,0.015571594
ChiliLiteV2_MNV3S_MultiLevel_ColorGate,6,/home/bt/Documents/Po/chili_fruit/dataset/Chili Growth Stage Original Dataset (1)/Chili Growth Stage Original Dataset/Green Chili/Green Chili00271.JPG,2,2,Green Chili,Green Chili,0.010986328,0.02243042,0.8496094,0.024520874,0.09222412
ChiliLiteV2_MNV3S_MultiLevel_ColorGate,6,/home/bt/Documents/Po/chili_fruit/dataset/Chili Growth Stage Original Dataset (1)/Chili Growth Stage Original Dataset/Green Chili/Green Chili00280.JPG,2,2,Green Chili,Green Chili,0.011177063,0.050964355,0.89697266,0.016921997,0.024169922
ChiliLiteV2_MNV3S_MultiLevel_ColorGate,6,/home/bt/Documents/Po/chili_fruit/dataset/Chili Growth Stage Original Dataset (1)/Chili Growth Stage Original Dataset/Green Chili/Green Chili00291.JPG,2,4,Green Chili,Rotten Chili,0.013145447,0.021606445,0.107055664,0.028869629,0.82910156
ChiliLiteV2_MNV3S_MultiLevel_ColorGate,6,/home/bt/Documents/Po/chili_fruit/dataset/Chili Growth Stage Original Dataset (1)/Chili Growth Stage Original Dataset/Green Chili/Green Chili00320.JPG,2,2,Green Chili,Green Chili,0.0143966675,0.014793396,0.9272461,0.024414062,0.019302368
ChiliLiteV2_MNV3S_MultiLevel_ColorGate,6,/home/bt/Documents/Po/chili_fruit/dataset/Chili Growth Stage Original Dataset (1)/Chili Growth Stage Original Dataset/Red Chili/Red Chili00004.JPG,3,3,Red Chili,Red Chili,0.015426636,0.021392822,0.013191223,0.9277344,0.02229309
ChiliLiteV2_MNV3S_MultiLevel_ColorGate,6,/home/bt/Documents/Po/chili_fruit/dataset/Chili Growth Stage Original Dataset (1)/Chili Growth Stage Original Dataset/Red Chili/Red Chili00031.JPG,3,3,Red Chili,Red Chili,0.01651001,0.022460938,0.012107849,0.92333984,0.025787354
ChiliLiteV2_MNV3S_MultiLevel_ColorGate,6,/home/bt/Documents/Po/chili_fruit/dataset/Chili Growth Stage Original Dataset (1)/Chili Growth Stage Original Dataset/Red Chili/Red Chili00035.JPG,3,3,Red Chili,Red Chili,0.013656616,0.021453857,0.013175964,0.9291992,0.022659302
ChiliLiteV2_MNV3S_MultiLevel_ColorGate,6,/home/bt/Documents/Po/chili_fruit/dataset/Chili Growth Stage Original Dataset (1)/Chili Growth Stage Original Dataset/Red Chili/Red Chili00042.JPG,3,3,Red Chili,Red Chili,0.01977539,0.018829346,0.008682251,0.86035156,0.092163086
ChiliLiteV2_MNV3S_MultiLevel_ColorGate,6,/home/bt/Documents/Po/chili_fruit/dataset/Chili Growth Stage Original Dataset (1)/Chili Growth Stage Original Dataset/Red Chili/Red Chili00079.JPG,3,3,Red Chili,Red Chili,0.016952515,0.021911621,0.01272583,0.9243164,0.02418518
ChiliLiteV2_MNV3S_MultiLevel_ColorGate,6,/home/bt/Documents/Po/chili_fruit/dataset/Chili Growth Stage Original Dataset (1)/Chili Growth Stage Original Dataset/Red Chili/Red Chili00086.JPG,3,3,Red Chili,Red Chili,0.013130188,0.017684937,0.013412476,0.9350586,0.020721436
ChiliLiteV2_MNV3S_MultiLevel_ColorGate,6,/home/bt/Documents/Po/chili_fruit/dataset/Chili Growth Stage Original Dataset (1)/Chili Growth Stage Original Dataset/Red Chili/Red Chili00090.JPG,3,3,Red Chili,Red Chili,0.015220642,0.022399902,0.013122559,0.9277344,0.021316528
ChiliLiteV2_MNV3S_MultiLevel_ColorGate,6,/home/bt/Documents/Po/chili_fruit/dataset/Chili Growth Stage Original Dataset (1)/Chili Growth Stage Original Dataset/Red Chili/Red Chili00091.JPG,3,3,Red Chili,Red Chili,0.015525818,0.018844604,0.010681152,0.9291992,0.025741577
ChiliLiteV2_MNV3S_MultiLevel_ColorGate,6,/home/bt/Documents/Po/chili_fruit/dataset/Chili Growth Stage Original Dataset (1)/Chili Growth Stage Original Dataset/Red Chili/Red Chili00109.JPG,3,3,Red Chili,Red Chili,0.019210815,0.020645142,0.010116577,0.92529297,0.024780273
ChiliLiteV2_MNV3S_MultiLevel_ColorGate,6,/home/bt/Documents/Po/chili_fruit/dataset/Chili Growth Stage Original Dataset (1)/Chili Growth Stage Original Dataset/Red Chili/Red Chili00119.JPG,3,3,Red Chili,Red Chili,0.014160156,0.015113831,0.011688232,0.92626953,0.032958984
ChiliLiteV2_MNV3S_MultiLevel_ColorGate,6,/home/bt/Documents/Po/chili_fruit/dataset/Chili Growth Stage Original Dataset (1)/Chili Growth Stage Original Dataset/Red Chili/Red Chili00130.JPG,3,3,Red Chili,Red Chili,0.016525269,0.018203735,0.013870239,0.9267578,0.024490356
ChiliLiteV2_MNV3S_MultiLevel_ColorGate,6,/home/bt/Documents/Po/chili_fruit/dataset/Chili Growth Stage Original Dataset (1)/Chili Growth Stage Original Dataset/Red Chili/Red Chili00146.JPG,3,3,Red Chili,Red Chili,0.01512146,0.018707275,0.010879517,0.9272461,0.027801514
ChiliLiteV2_MNV3S_MultiLevel_ColorGate,6,/home/bt/Documents/Po/chili_fruit/dataset/Chili Growth Stage Original Dataset (1)/Chili Growth Stage Original Dataset/Red Chili/Red Chili00149.JPG,3,3,Red Chili,Red Chili,0.017196655,0.022827148,0.011383057,0.92089844,0.027496338
ChiliLiteV2_MNV3S_MultiLevel_ColorGate,6,/home/bt/Documents/Po/chili_fruit/dataset/Chili Growth Stage Original Dataset (1)/Chili Growth Stage Original Dataset/Red Chili/Red Chili00151.JPG,3,3,Red Chili,Red Chili,0.015945435,0.02130127,0.011695862,0.92578125,0.025360107
ChiliLiteV2_MNV3S_MultiLevel_ColorGate,6,/home/bt/Documents/Po/chili_fruit/dataset/Chili Growth Stage Original Dataset (1)/Chili Growth Stage Original Dataset/Red Chili/Red Chili00155.JPG,3,3,Red Chili,Red Chili,0.015014648,0.020309448,0.01247406,0.9296875,0.022338867
ChiliLiteV2_MNV3S_MultiLevel_ColorGate,6,/home/bt/Documents/Po/chili_fruit/dataset/Chili Growth Stage Original Dataset (1)/Chili Growth Stage Original Dataset/Red Chili/Red Chili00163.JPG,3,3,Red Chili,Red Chili,0.015419006,0.022384644,0.011833191,0.9238281,0.02645874
ChiliLiteV2_MNV3S_MultiLevel_ColorGate,6,/home/bt/Documents/Po/chili_fruit/dataset/Chili Growth Stage Original Dataset (1)/Chili Growth Stage Original Dataset/Red Chili/Red Chili00178.JPG,3,3,Red Chili,Red Chili,0.016738892,0.01687622,0.009590149,0.84033203,0.11669922
ChiliLiteV2_MNV3S_MultiLevel_ColorGate,6,/home/bt/Documents/Po/chili_fruit/dataset/Chili Growth Stage Original Dataset (1)/Chili Growth Stage Original Dataset/Red Chili/Red Chili00187.JPG,3,3,Red Chili,Red Chili,0.0155181885,0.023239136,0.0116119385,0.9243164,0.02520752
ChiliLiteV2_MNV3S_MultiLevel_ColorGate,6,/home/bt/Documents/Po/chili_fruit/dataset/Chili Growth Stage Original Dataset (1)/Chili Growth Stage Original Dataset/Red Chili/Red Chili00195.JPG,3,3,Red Chili,Red Chili,0.014060974,0.019104004,0.0096588135,0.9277344,0.029510498
ChiliLiteV2_MNV3S_MultiLevel_ColorGate,6,/home/bt/Documents/Po/chili_fruit/dataset/Chili Growth Stage Original Dataset (1)/Chili Growth Stage Original Dataset/Red Chili/Red Chili00198.JPG,3,3,Red Chili,Red Chili,0.019180298,0.02456665,0.0104599,0.9169922,0.028793335
ChiliLiteV2_MNV3S_MultiLevel_ColorGate,6,/home/bt/Documents/Po/chili_fruit/dataset/Chili Growth Stage Original Dataset (1)/Chili Growth Stage Original Dataset/Rotten Chili/Rotten Chili00019.JPG,4,4,Rotten Chili,Rotten Chili,0.018005371,0.0146865845,0.027069092,0.02168274,0.91845703
ChiliLiteV2_MNV3S_MultiLevel_ColorGate,6,/home/bt/Documents/Po/chili_fruit/dataset/Chili Growth Stage Original Dataset (1)/Chili Growth Stage Original Dataset/Rotten Chili/Rotten Chili00030.JPG,4,4,Rotten Chili,Rotten Chili,0.016693115,0.031143188,0.20825195,0.020812988,0.72314453
ChiliLiteV2_MNV3S_MultiLevel_ColorGate,6,/home/bt/Documents/Po/chili_fruit/dataset/Chili Growth Stage Original Dataset (1)/Chili Growth Stage Original Dataset/Rotten Chili/Rotten Chili00033.JPG,4,4,Rotten Chili,Rotten Chili,0.013031006,0.016555786,0.05496216,0.024047852,0.89160156
ChiliLiteV2_MNV3S_MultiLevel_ColorGate,6,/home/bt/Documents/Po/chili_fruit/dataset/Chili Growth Stage Original Dataset (1)/Chili Growth Stage Original Dataset/Rotten Chili/Rotten Chili00034.JPG,4,4,Rotten Chili,Rotten Chili,0.014450073,0.021820068,0.06359863,0.017578125,0.8823242
ChiliLiteV2_MNV3S_MultiLevel_ColorGate,6,/home/bt/Documents/Po/chili_fruit/dataset/Chili Growth Stage Original Dataset (1)/Chili Growth Stage Original Dataset/Rotten Chili/Rotten Chili00039.JPG,4,4,Rotten Chili,Rotten Chili,0.0141067505,0.016448975,0.03704834,0.020568848,0.9116211
ChiliLiteV2_MNV3S_MultiLevel_ColorGate,6,/home/bt/Documents/Po/chili_fruit/dataset/Chili Growth Stage Original Dataset (1)/Chili Growth Stage Original Dataset/Rotten Chili/Rotten Chili00052.JPG,4,4,Rotten Chili,Rotten Chili,0.015472412,0.017807007,0.051330566,0.016525269,0.8989258
ChiliLiteV2_MNV3S_MultiLevel_ColorGate,6,/home/bt/Documents/Po/chili_fruit/dataset/Chili Growth Stage Original Dataset (1)/Chili Growth Stage Original Dataset/Rotten Chili/Rotten Chili00057.JPG,4,4,Rotten Chili,Rotten Chili,0.019073486,0.024429321,0.07171631,0.015052795,0.8696289
ChiliLiteV2_MNV3S_MultiLevel_ColorGate,6,/home/bt/Documents/Po/chili_fruit/dataset/Chili Growth Stage Original Dataset (1)/Chili Growth Stage Original Dataset/Rotten Chili/Rotten Chili00072.JPG,4,4,Rotten Chili,Rotten Chili,0.024627686,0.0152282715,0.035491943,0.015037537,0.90966797
ChiliLiteV2_MNV3S_MultiLevel_ColorGate,6,/home/bt/Documents/Po/chili_fruit/dataset/Chili Growth Stage Original Dataset (1)/Chili Growth Stage Original Dataset/Rotten Chili/Rotten Chili00080.JPG,4,4,Rotten Chili,Rotten Chili,0.019592285,0.020904541,0.06829834,0.015350342,0.87597656
ChiliLiteV2_MNV3S_MultiLevel_ColorGate,6,/home/bt/Documents/Po/chili_fruit/dataset/Chili Growth Stage Original Dataset (1)/Chili Growth Stage Original Dataset/Rotten Chili/Rotten Chili00088.JPG,4,4,Rotten Chili,Rotten Chili,0.018615723,0.019241333,0.06124878,0.01576233,0.8852539
ChiliLiteV2_MNV3S_MultiLevel_ColorGate,6,/home/bt/Documents/Po/chili_fruit/dataset/Chili Growth Stage Original Dataset (1)/Chili Growth Stage Original Dataset/Rotten Chili/Rotten Chili00110.JPG,4,4,Rotten Chili,Rotten Chili,0.018981934,0.011894226,0.018234253,0.02168274,0.9291992
ChiliLiteV2_MNV3S_MultiLevel_ColorGate,6,/home/bt/Documents/Po/chili_fruit/dataset/Chili Growth Stage Original Dataset (1)/Chili Growth Stage Original Dataset/Rotten Chili/Rotten Chili00120.JPG,4,4,Rotten Chili,Rotten Chili,0.018249512,0.012123108,0.020141602,0.02130127,0.92822266
ChiliLiteV2_MNV3S_MultiLevel_ColorGate,6,/home/bt/Documents/Po/chili_fruit/dataset/Chili Growth Stage Original Dataset (1)/Chili Growth Stage Original Dataset/Rotten Chili/Rotten Chili00127.JPG,4,4,Rotten Chili,Rotten Chili,0.016601562,0.015365601,0.02583313,0.016281128,0.92578125
ChiliLiteV2_MNV3S_MultiLevel_ColorGate,6,/home/bt/Documents/Po/chili_fruit/dataset/Chili Growth Stage Original Dataset (1)/Chili Growth Stage Original Dataset/Rotten Chili/Rotten Chili00132.JPG,4,4,Rotten Chili,Rotten Chili,0.018096924,0.017593384,0.035858154,0.015357971,0.91308594
ChiliLiteV2_MNV3S_MultiLevel_ColorGate,6,/home/bt/Documents/Po/chili_fruit/dataset/Chili Growth Stage Original Dataset (1)/Chili Growth Stage Original Dataset/Rotten Chili/Rotten Chili00148.JPG,4,4,Rotten Chili,Rotten Chili,0.012428284,0.016296387,0.10040283,0.024856567,0.8461914
ChiliLiteV2_MNV3S_MultiLevel_ColorGate,6,/home/bt/Documents/Po/chili_fruit/dataset/Chili Growth Stage Original Dataset (1)/Chili Growth Stage Original Dataset/Rotten Chili/Rotten Chili00151.JPG,4,4,Rotten Chili,Rotten Chili,0.018005371,0.0158844,0.053619385,0.016220093,0.8964844
ChiliLiteV2_MNV3S_MultiLevel_ColorGate,6,/home/bt/Documents/Po/chili_fruit/dataset/Chili Growth Stage Original Dataset (1)/Chili Growth Stage Original Dataset/Rotten Chili/Rotten Chili00160.JPG,4,4,Rotten Chili,Rotten Chili,0.011886597,0.018096924,0.05343628,0.01979065,0.89697266
ChiliLiteV2_MNV3S_MultiLevel_ColorGate,6,/home/bt/Documents/Po/chili_fruit/dataset/Chili Growth Stage Original Dataset (1)/Chili Growth Stage Original Dataset/Rotten Chili/Rotten Chili00169.JPG,4,4,Rotten Chili,Rotten Chili,0.01512146,0.016281128,0.016342163,0.103637695,0.8486328
ChiliLiteV2_MNV3S_MultiLevel_ColorGate,6,/home/bt/Documents/Po/chili_fruit/dataset/Chili Growth Stage Original Dataset (1)/Chili Growth Stage Original Dataset/Rotten Chili/Rotten Chili00174.JPG,4,4,Rotten Chili,Rotten Chili,0.017868042,0.011245728,0.012268066,0.031188965,0.9272461
ChiliLiteV2_MNV3S_MultiLevel_ColorGate,6,/home/bt/Documents/Po/chili_fruit/dataset/Chili Growth Stage Original Dataset (1)/Chili Growth Stage Original Dataset/Rotten Chili/Rotten Chili00182.JPG,4,4,Rotten Chili,Rotten Chili,0.018936157,0.01651001,0.047454834,0.014785767,0.90234375
ChiliLiteV2_MNV3S_MultiLevel_ColorGate,6,/home/bt/Documents/Po/chili_fruit/dataset/Chili Growth Stage Original Dataset (1)/Chili Growth Stage Original Dataset/Rotten Chili/Rotten Chili00193.JPG,4,4,Rotten Chili,Rotten Chili,0.013977051,0.016082764,0.036132812,0.01713562,0.9165039
ChiliLiteV2_MNV3S_MultiLevel_ColorGate,6,/home/bt/Documents/Po/chili_fruit/dataset/Chili Growth Stage Original Dataset (1)/Chili Growth Stage Original Dataset/Rotten Chili/Rotten Chili00205.JPG,4,4,Rotten Chili,Rotten Chili,0.017807007,0.016326904,0.10040283,0.019119263,0.8461914
ChiliLiteV2_MNV3S_MultiLevel_ColorGate,6,/home/bt/Documents/Po/chili_fruit/dataset/Chili Growth Stage Original Dataset (1)/Chili Growth Stage Original Dataset/Rotten Chili/Rotten Chili00211.JPG,4,4,Rotten Chili,Rotten Chili,0.01689148,0.016296387,0.116760254,0.02017212,0.8300781
ChiliLiteV2_MNV3S_MultiLevel_ColorGate,6,/home/bt/Documents/Po/chili_fruit/dataset/Chili Growth Stage Original Dataset (1)/Chili Growth Stage Original Dataset/Rotten Chili/Rotten Chili00226.JPG,4,4,Rotten Chili,Rotten Chili,0.013893127,0.009841919,0.023391724,0.028121948,0.9248047
ChiliLiteV2_MNV3S_MultiLevel_ColorGate,6,/home/bt/Documents/Po/chili_fruit/dataset/Chili Growth Stage Original Dataset (1)/Chili Growth Stage Original Dataset/Rotten Chili/Rotten Chili00240.JPG,4,4,Rotten Chili,Rotten Chili,0.015945435,0.015655518,0.031143188,0.016479492,0.92089844
ChiliLiteV2_MNV3S_MultiLevel_ColorGate,6,/home/bt/Documents/Po/chili_fruit/dataset/Chili Growth Stage Original Dataset (1)/Chili Growth Stage Original Dataset/Rotten Chili/Rotten Chili00261.JPG,4,4,Rotten Chili,Rotten Chili,0.016967773,0.03274536,0.064453125,0.01473999,0.87109375
ChiliLiteV2_MNV3S_MultiLevel_ColorGate,6,/home/bt/Documents/Po/chili_fruit/dataset/Chili Growth Stage Original Dataset (1)/Chili Growth Stage Original Dataset/Rotten Chili/Rotten Chili00276.JPG,4,4,Rotten Chili,Rotten Chili,0.019256592,0.013397217,0.024215698,0.017593384,0.92529297
ChiliLiteV2_MNV3S_MultiLevel_ColorGate,6,/home/bt/Documents/Po/chili_fruit/dataset/Chili Growth Stage Original Dataset (1)/Chili Growth Stage Original Dataset/Rotten Chili/Rotten Chili00287.JPG,4,4,Rotten Chili,Rotten Chili,0.02029419,0.013038635,0.011230469,0.057281494,0.8979492
ChiliLiteV2_MNV3S_MultiLevel_ColorGate,6,/home/bt/Documents/Po/chili_fruit/dataset/Chili Growth Stage Original Dataset (1)/Chili Growth Stage Original Dataset/Rotten Chili/Rotten Chili00298.JPG,4,4,Rotten Chili,Rotten Chili,0.016937256,0.011734009,0.014282227,0.030471802,0.9267578
ChiliLiteV2_MNV3S_MultiLevel_ColorGate,6,/home/bt/Documents/Po/chili_fruit/dataset/Chili Growth Stage Original Dataset (1)/Chili Growth Stage Original Dataset/Rotten Chili/Rotten Chili00299.JPG,4,4,Rotten Chili,Rotten Chili,0.016067505,0.011520386,0.019180298,0.022491455,0.93066406
ChiliLiteV2_MNV3S_MultiLevel_ColorGate,6,/home/bt/Documents/Po/chili_fruit/dataset/Chili Growth Stage Original Dataset (1)/Chili Growth Stage Original Dataset/Rotten Chili/Rotten Chili00300.JPG,4,4,Rotten Chili,Rotten Chili,0.017486572,0.011108398,0.01473999,0.028915405,0.9277344
ChiliLiteV2_MNV3S_MultiLevel_ColorGate,6,/home/bt/Documents/Po/chili_fruit/dataset/Chili Growth Stage Original Dataset (1)/Chili Growth Stage Original Dataset/Rotten Chili/Rotten Chili00304.JPG,4,4,Rotten Chili,Rotten Chili,0.017562866,0.015022278,0.026489258,0.015975952,0.9248047
ChiliLiteV2_MNV3S_MultiLevel_ColorGate,6,/home/bt/Documents/Po/chili_fruit/dataset/Chili Growth Stage Original Dataset (1)/Chili Growth Stage Original Dataset/Rotten Chili/Rotten Chili00326.JPG,4,4,Rotten Chili,Rotten Chili,0.019088745,0.012313843,0.017929077,0.021087646,0.9296875
ChiliLiteV2_MNV3S_MultiLevel_ColorGate,6,/home/bt/Documents/Po/chili_fruit/dataset/Chili Growth Stage Original Dataset (1)/Chili Growth Stage Original Dataset/Rotten Chili/Rotten Chili00333.JPG,4,4,Rotten Chili,Rotten Chili,0.013786316,0.015586853,0.025970459,0.022598267,0.921875
ChiliLiteV2_MNV3S_MultiLevel_ColorGate,6,/home/bt/Documents/Po/chili_fruit/dataset/Chili Growth Stage Original Dataset (1)/Chili Growth Stage Original Dataset/Rotten Chili/Rotten Chili00349.JPG,4,4,Rotten Chili,Rotten Chili,0.01965332,0.027008057,0.047668457,0.014656067,0.8911133
ChiliLiteV2_MNV3S_MultiLevel_ColorGate,6,/home/bt/Documents/Po/chili_fruit/dataset/Chili Growth Stage Original Dataset (1)/Chili Growth Stage Original Dataset/Rotten Chili/Rotten Chili00364.JPG,4,4,Rotten Chili,Rotten Chili,0.024169922,0.025360107,0.06463623,0.013198853,0.8725586
ChiliLiteV2_MNV3S_MultiLevel_ColorGate,6,/home/bt/Documents/Po/chili_fruit/dataset/Chili Growth Stage Original Dataset (1)/Chili Growth Stage Original Dataset/Rotten Chili/Rotten Chili00371.JPG,4,4,Rotten Chili,Rotten Chili,0.015266418,0.017868042,0.051849365,0.015808105,0.89941406
ChiliLiteV2_MNV3S_MultiLevel_ColorGate,6,/home/bt/Documents/Po/chili_fruit/dataset/Chili Growth Stage Original Dataset (1)/Chili Growth Stage Original Dataset/Rotten Chili/Rotten Chili00378.JPG,4,4,Rotten Chili,Rotten Chili,0.014259338,0.019744873,0.20935059,0.03375244,0.72265625
ChiliLiteV2_MNV3S_MultiLevel_ColorGate,7,/home/bt/Documents/Po/chili_fruit/dataset/Chili Growth Stage Original Dataset (1)/Chili Growth Stage Original Dataset/Dry chili/Dry chili00029.JPG,0,0,Dry Chili,Dry Chili,0.9272461,0.023544312,0.017593384,0.015853882,0.01574707
ChiliLiteV2_MNV3S_MultiLevel_ColorGate,7,/home/bt/Documents/Po/chili_fruit/dataset/Chili Growth Stage Original Dataset (1)/Chili Growth Stage Original Dataset/Dry chili/Dry chili00035.JPG,0,0,Dry Chili,Dry Chili,0.9296875,0.019317627,0.017349243,0.014549255,0.019210815
ChiliLiteV2_MNV3S_MultiLevel_ColorGate,7,/home/bt/Documents/Po/chili_fruit/dataset/Chili Growth Stage Original Dataset (1)/Chili Growth Stage Original Dataset/Dry chili/Dry chili00038.JPG,0,0,Dry Chili,Dry Chili,0.9038086,0.042419434,0.018981934,0.016067505,0.018844604
ChiliLiteV2_MNV3S_MultiLevel_ColorGate,7,/home/bt/Documents/Po/chili_fruit/dataset/Chili Growth Stage Original Dataset (1)/Chili Growth Stage Original Dataset/Dry chili/Dry chili00043.JPG,0,0,Dry Chili,Dry Chili,0.9135742,0.034484863,0.018615723,0.0116119385,0.021636963
ChiliLiteV2_MNV3S_MultiLevel_ColorGate,7,/home/bt/Documents/Po/chili_fruit/dataset/Chili Growth Stage Original Dataset (1)/Chili Growth Stage Original Dataset/Dry chili/Dry chili00050.JPG,0,0,Dry Chili,Dry Chili,0.921875,0.026382446,0.0211792,0.010765076,0.020019531
ChiliLiteV2_MNV3S_MultiLevel_ColorGate,7,/home/bt/Documents/Po/chili_fruit/dataset/Chili Growth Stage Original Dataset (1)/Chili Growth Stage Original Dataset/Dry chili/Dry chili00082.JPG,0,0,Dry Chili,Dry Chili,0.92529297,0.023254395,0.017044067,0.018096924,0.016555786
ChiliLiteV2_MNV3S_MultiLevel_ColorGate,7,/home/bt/Documents/Po/chili_fruit/dataset/Chili Growth Stage Original Dataset (1)/Chili Growth Stage Original Dataset/Dry chili/Dry chili00085.JPG,0,0,Dry Chili,Dry Chili,0.91064453,0.035827637,0.016906738,0.014404297,0.022125244
ChiliLiteV2_MNV3S_MultiLevel_ColorGate,7,/home/bt/Documents/Po/chili_fruit/dataset/Chili Growth Stage Original Dataset (1)/Chili Growth Stage Original Dataset/Dry chili/Dry chili00097.JPG,0,0,Dry Chili,Dry Chili,0.91064453,0.0368042,0.016983032,0.015197754,0.020599365
ChiliLiteV2_MNV3S_MultiLevel_ColorGate,7,/home/bt/Documents/Po/chili_fruit/dataset/Chili Growth Stage Original Dataset (1)/Chili Growth Stage Original Dataset/Dry chili/Dry chili00102.JPG,0,0,Dry Chili,Dry Chili,0.90722656,0.03829956,0.016235352,0.01689148,0.021118164
ChiliLiteV2_MNV3S_MultiLevel_ColorGate,7,/home/bt/Documents/Po/chili_fruit/dataset/Chili Growth Stage Original Dataset (1)/Chili Growth Stage Original Dataset/Dry chili/Dry chili00105.JPG,0,0,Dry Chili,Dry Chili,0.91552734,0.028076172,0.016067505,0.015853882,0.024307251
ChiliLiteV2_MNV3S_MultiLevel_ColorGate,7,/home/bt/Documents/Po/chili_fruit/dataset/Chili Growth Stage Original Dataset (1)/Chili Growth Stage Original Dataset/Dry chili/Dry chili00125.JPG,0,0,Dry Chili,Dry Chili,0.9135742,0.027053833,0.015655518,0.016693115,0.027008057
ChiliLiteV2_MNV3S_MultiLevel_ColorGate,7,/home/bt/Documents/Po/chili_fruit/dataset/Chili Growth Stage Original Dataset (1)/Chili Growth Stage Original Dataset/Dry chili/Dry chili00126.JPG,0,0,Dry Chili,Dry Chili,0.91552734,0.033172607,0.017318726,0.013977051,0.019805908
ChiliLiteV2_MNV3S_MultiLevel_ColorGate,7,/home/bt/Documents/Po/chili_fruit/dataset/Chili Growth Stage Original Dataset (1)/Chili Growth Stage Original Dataset/Dry chili/Dry chili00133.JPG,0,0,Dry Chili,Dry Chili,0.9160156,0.03564453,0.018371582,0.012817383,0.017364502
ChiliLiteV2_MNV3S_MultiLevel_ColorGate,7,/home/bt/Documents/Po/chili_fruit/dataset/Chili Growth Stage Original Dataset (1)/Chili Growth Stage Original Dataset/Dry chili/Dry chili00156.JPG,0,0,Dry Chili,Dry Chili,0.9291992,0.024124146,0.018493652,0.012466431,0.01574707
ChiliLiteV2_MNV3S_MultiLevel_ColorGate,7,/home/bt/Documents/Po/chili_fruit/dataset/Chili Growth Stage Original Dataset (1)/Chili Growth Stage Original Dataset/Dry chili/Dry chili00163.JPG,0,0,Dry Chili,Dry Chili,0.921875,0.024642944,0.01574707,0.016067505,0.021591187
ChiliLiteV2_MNV3S_MultiLevel_ColorGate,7,/home/bt/Documents/Po/chili_fruit/dataset/Chili Growth Stage Original Dataset (1)/Chili Growth Stage Original Dataset/Dry chili/Dry chili00168.JPG,0,0,Dry Chili,Dry Chili,0.9248047,0.025115967,0.020568848,0.013908386,0.015388489
ChiliLiteV2_MNV3S_MultiLevel_ColorGate,7,/home/bt/Documents/Po/chili_fruit/dataset/Chili Growth Stage Original Dataset (1)/Chili Growth Stage Original Dataset/Dry chili/Dry chili00187.JPG,0,0,Dry Chili,Dry Chili,0.9277344,0.022964478,0.017074585,0.013671875,0.018417358
ChiliLiteV2_MNV3S_MultiLevel_ColorGate,7,/home/bt/Documents/Po/chili_fruit/dataset/Chili Growth Stage Original Dataset (1)/Chili Growth Stage Original Dataset/Dry chili/Dry chili00203.JPG,0,0,Dry Chili,Dry Chili,0.9301758,0.022262573,0.015510559,0.016189575,0.0158844
ChiliLiteV2_MNV3S_MultiLevel_ColorGate,7,/home/bt/Documents/Po/chili_fruit/dataset/Chili Growth Stage Original Dataset (1)/Chili Growth Stage Original Dataset/Dry chili/Dry chili00208.JPG,0,0,Dry Chili,Dry Chili,0.9277344,0.022659302,0.017944336,0.013748169,0.017684937
ChiliLiteV2_MNV3S_MultiLevel_ColorGate,7,/home/bt/Documents/Po/chili_fruit/dataset/Chili Growth Stage Original Dataset (1)/Chili Growth Stage Original Dataset/Dry chili/Dry chili00219.JPG,0,0,Dry Chili,Dry Chili,0.91796875,0.032806396,0.019012451,0.01171875,0.018447876
ChiliLiteV2_MNV3S_MultiLevel_ColorGate,7,/home/bt/Documents/Po/chili_fruit/dataset/Chili Growth Stage Original Dataset (1)/Chili Growth Stage Original Dataset/Dry chili/Dry chili00220.JPG,0,0,Dry Chili,Dry Chili,0.9194336,0.031280518,0.018249512,0.013092041,0.018051147
ChiliLiteV2_MNV3S_MultiLevel_ColorGate,7,/home/bt/Documents/Po/chili_fruit/dataset/Chili Growth Stage Original Dataset (1)/Chili Growth Stage Original Dataset/Dry chili/Dry chili00223.JPG,0,0,Dry Chili,Dry Chili,0.90478516,0.038970947,0.020141602,0.011833191,0.024154663
ChiliLiteV2_MNV3S_MultiLevel_ColorGate,7,/home/bt/Documents/Po/chili_fruit/dataset/Chili Growth Stage Original Dataset (1)/Chili Growth Stage Original Dataset/Dry chili/Dry chili00249.JPG,0,0,Dry Chili,Dry Chili,0.93066406,0.022567749,0.01574707,0.015640259,0.015579224
ChiliLiteV2_MNV3S_MultiLevel_ColorGate,7,/home/bt/Documents/Po/chili_fruit/dataset/Chili Growth Stage Original Dataset (1)/Chili Growth Stage Original Dataset/Dry chili/Dry chili00250.JPG,0,0,Dry Chili,Dry Chili,0.9169922,0.032196045,0.017211914,0.014564514,0.01878357
ChiliLiteV2_MNV3S_MultiLevel_ColorGate,7,/home/bt/Documents/Po/chili_fruit/dataset/Chili Growth Stage Original Dataset (1)/Chili Growth Stage Original Dataset/Dry chili/Dry chili00274.JPG,0,0,Dry Chili,Dry Chili,0.9296875,0.019348145,0.016189575,0.014213562,0.020507812
ChiliLiteV2_MNV3S_MultiLevel_ColorGate,7,/home/bt/Documents/Po/chili_fruit/dataset/Chili Growth Stage Original Dataset (1)/Chili Growth Stage Original Dataset/Dry chili/Dry chili00285.JPG,0,0,Dry Chili,Dry Chili,0.92041016,0.029663086,0.018447876,0.013954163,0.017547607
ChiliLiteV2_MNV3S_MultiLevel_ColorGate,7,/home/bt/Documents/Po/chili_fruit/dataset/Chili Growth Stage Original Dataset (1)/Chili Growth Stage Original Dataset/Dry chili/Dry chili00286.JPG,0,0,Dry Chili,Dry Chili,0.9213867,0.028152466,0.01637268,0.013153076,0.0209198
ChiliLiteV2_MNV3S_MultiLevel_ColorGate,7,/home/bt/Documents/Po/chili_fruit/dataset/Chili Growth Stage Original Dataset (1)/Chili Growth Stage Original Dataset/Dry chili/Dry chili00289.JPG,0,0,Dry Chili,Dry Chili,0.9316406,0.018463135,0.017318726,0.014099121,0.018692017
ChiliLiteV2_MNV3S_MultiLevel_ColorGate,7,/home/bt/Documents/Po/chili_fruit/dataset/Chili Growth Stage Original Dataset (1)/Chili Growth Stage Original Dataset/Dry chili/Dry chili00302.JPG,0,0,Dry Chili,Dry Chili,0.91845703,0.026168823,0.016540527,0.014404297,0.02444458
ChiliLiteV2_MNV3S_MultiLevel_ColorGate,7,/home/bt/Documents/Po/chili_fruit/dataset/Chili Growth Stage Original Dataset (1)/Chili Growth Stage Original Dataset/Dry chili/Dry chili00308.JPG,0,0,Dry Chili,Dry Chili,0.9145508,0.02217102,0.0151901245,0.01725769,0.03100586
ChiliLiteV2_MNV3S_MultiLevel_ColorGate,7,/home/bt/Documents/Po/chili_fruit/dataset/Chili Growth Stage Original Dataset (1)/Chili Growth Stage Original Dataset/Dry chili/Dry chili00325.JPG,0,0,Dry Chili,Dry Chili,0.9296875,0.020584106,0.017730713,0.01309967,0.01890564
ChiliLiteV2_MNV3S_MultiLevel_ColorGate,7,/home/bt/Documents/Po/chili_fruit/dataset/Chili Growth Stage Original Dataset (1)/Chili Growth Stage Original Dataset/Dry chili/Dry chili00332.JPG,0,0,Dry Chili,Dry Chili,0.9116211,0.031951904,0.01474762,0.017166138,0.02444458
ChiliLiteV2_MNV3S_MultiLevel_ColorGate,7,/home/bt/Documents/Po/chili_fruit/dataset/Chili Growth Stage Original Dataset (1)/Chili Growth Stage Original Dataset/Dry chili/Dry chili00336.JPG,0,0,Dry Chili,Dry Chili,0.921875,0.029083252,0.017211914,0.013504028,0.0184021
ChiliLiteV2_MNV3S_MultiLevel_ColorGate,7,/home/bt/Documents/Po/chili_fruit/dataset/Chili Growth Stage Original Dataset (1)/Chili Growth Stage Original Dataset/Dry chili/Dry chili00343.JPG,0,0,Dry Chili,Dry Chili,0.9267578,0.023223877,0.017532349,0.014839172,0.017852783
ChiliLiteV2_MNV3S_MultiLevel_ColorGate,7,/home/bt/Documents/Po/chili_fruit/dataset/Chili Growth Stage Original Dataset (1)/Chili Growth Stage Original Dataset/Dry chili/Dry chili00351.JPG,0,0,Dry Chili,Dry Chili,0.9199219,0.029632568,0.015037537,0.017333984,0.017959595
ChiliLiteV2_MNV3S_MultiLevel_ColorGate,7,/home/bt/Documents/Po/chili_fruit/dataset/Chili Growth Stage Original Dataset (1)/Chili Growth Stage Original Dataset/Dry chili/Dry chili00356.JPG,0,0,Dry Chili,Dry Chili,0.9199219,0.020248413,0.016113281,0.016906738,0.026855469
ChiliLiteV2_MNV3S_MultiLevel_ColorGate,7,/home/bt/Documents/Po/chili_fruit/dataset/Chili Growth Stage Original Dataset (1)/Chili Growth Stage Original Dataset/Dry chili/Dry chili00361.JPG,0,0,Dry Chili,Dry Chili,0.9238281,0.026519775,0.016418457,0.013595581,0.019882202
ChiliLiteV2_MNV3S_MultiLevel_ColorGate,7,/home/bt/Documents/Po/chili_fruit/dataset/Chili Growth Stage Original Dataset (1)/Chili Growth Stage Original Dataset/Dry chili/Dry chili00382.JPG,0,0,Dry Chili,Dry Chili,0.9272461,0.023788452,0.01701355,0.0132751465,0.018798828
ChiliLiteV2_MNV3S_MultiLevel_ColorGate,7,/home/bt/Documents/Po/chili_fruit/dataset/Chili Growth Stage Original Dataset (1)/Chili Growth Stage Original Dataset/Dry chili/Dry chili00386.JPG,0,0,Dry Chili,Dry Chili,0.9213867,0.025772095,0.01663208,0.015472412,0.020736694
ChiliLiteV2_MNV3S_MultiLevel_ColorGate,7,/home/bt/Documents/Po/chili_fruit/dataset/Chili Growth Stage Original Dataset (1)/Chili Growth Stage Original Dataset/Dry chili/Dry chili00391.JPG,0,0,Dry Chili,Dry Chili,0.9277344,0.020904541,0.017211914,0.013710022,0.020523071
ChiliLiteV2_MNV3S_MultiLevel_ColorGate,7,/home/bt/Documents/Po/chili_fruit/dataset/Chili Growth Stage Original Dataset (1)/Chili Growth Stage Original Dataset/Dry chili/Dry chili00408.JPG,0,0,Dry Chili,Dry Chili,0.9213867,0.027999878,0.017410278,0.012519836,0.020767212
ChiliLiteV2_MNV3S_MultiLevel_ColorGate,7,/home/bt/Documents/Po/chili_fruit/dataset/Chili Growth Stage Original Dataset (1)/Chili Growth Stage Original Dataset/Flower/Flower00002.JPG,1,1,Flower,Flower,0.01876831,0.92871094,0.013015747,0.019256592,0.020217896
ChiliLiteV2_MNV3S_MultiLevel_ColorGate,7,/home/bt/Documents/Po/chili_fruit/dataset/Chili Growth Stage Original Dataset (1)/Chili Growth Stage Original Dataset/Flower/Flower00015.JPG,1,1,Flower,Flower,0.020141602,0.92626953,0.012329102,0.022109985,0.019104004
ChiliLiteV2_MNV3S_MultiLevel_ColorGate,7,/home/bt/Documents/Po/chili_fruit/dataset/Chili Growth Stage Original Dataset (1)/Chili Growth Stage Original Dataset/Flower/Flower00016.JPG,1,1,Flower,Flower,0.019485474,0.9301758,0.013412476,0.020050049,0.01676941
ChiliLiteV2_MNV3S_MultiLevel_ColorGate,7,/home/bt/Documents/Po/chili_fruit/dataset/Chili Growth Stage Original Dataset (1)/Chili Growth Stage Original Dataset/Flower/Flower00017.JPG,1,1,Flower,Flower,0.016418457,0.9238281,0.022277832,0.011802673,0.02571106
ChiliLiteV2_MNV3S_MultiLevel_ColorGate,7,/home/bt/Documents/Po/chili_fruit/dataset/Chili Growth Stage Original Dataset (1)/Chili Growth Stage Original Dataset/Flower/Flower00019.JPG,1,1,Flower,Flower,0.017822266,0.93066406,0.013900757,0.018920898,0.018875122
ChiliLiteV2_MNV3S_MultiLevel_ColorGate,7,/home/bt/Documents/Po/chili_fruit/dataset/Chili Growth Stage Original Dataset (1)/Chili Growth Stage Original Dataset/Flower/Flower00027.JPG,1,1,Flower,Flower,0.020355225,0.9291992,0.014122009,0.021636963,0.014930725
ChiliLiteV2_MNV3S_MultiLevel_ColorGate,7,/home/bt/Documents/Po/chili_fruit/dataset/Chili Growth Stage Original Dataset (1)/Chili Growth Stage Original Dataset/Flower/Flower00030.JPG,1,1,Flower,Flower,0.020904541,0.9350586,0.016021729,0.0154800415,0.012580872
ChiliLiteV2_MNV3S_MultiLevel_ColorGate,7,/home/bt/Documents/Po/chili_fruit/dataset/Chili Growth Stage Original Dataset (1)/Chili Growth Stage Original Dataset/Flower/Flower00041.JPG,1,1,Flower,Flower,0.020233154,0.9296875,0.013908386,0.020812988,0.01550293
ChiliLiteV2_MNV3S_MultiLevel_ColorGate,7,/home/bt/Documents/Po/chili_fruit/dataset/Chili Growth Stage Original Dataset (1)/Chili Growth Stage Original Dataset/Flower/Flower00051.JPG,1,1,Flower,Flower,0.016967773,0.9350586,0.014854431,0.016708374,0.016647339
ChiliLiteV2_MNV3S_MultiLevel_ColorGate,7,/home/bt/Documents/Po/chili_fruit/dataset/Chili Growth Stage Original Dataset (1)/Chili Growth Stage Original Dataset/Flower/Flower00077.JPG,1,1,Flower,Flower,0.017166138,0.9272461,0.013023376,0.019882202,0.022781372
ChiliLiteV2_MNV3S_MultiLevel_ColorGate,7,/home/bt/Documents/Po/chili_fruit/dataset/Chili Growth Stage Original Dataset (1)/Chili Growth Stage Original Dataset/Flower/Flower00079.JPG,1,1,Flower,Flower,0.018661499,0.9223633,0.012191772,0.020401001,0.02633667
ChiliLiteV2_MNV3S_MultiLevel_ColorGate,7,/home/bt/Documents/Po/chili_fruit/dataset/Chili Growth Stage Original Dataset (1)/Chili Growth Stage Original Dataset/Flower/Flower00089.JPG,1,1,Flower,Flower,0.019607544,0.93066406,0.013671875,0.021118164,0.014801025
ChiliLiteV2_MNV3S_MultiLevel_ColorGate,7,/home/bt/Documents/Po/chili_fruit/dataset/Chili Growth Stage Original Dataset (1)/Chili Growth Stage Original Dataset/Flower/Flower00120.JPG,1,1,Flower,Flower,0.018096924,0.9316406,0.012802124,0.020355225,0.017120361
ChiliLiteV2_MNV3S_MultiLevel_ColorGate,7,/home/bt/Documents/Po/chili_fruit/dataset/Chili Growth Stage Original Dataset (1)/Chili Growth Stage Original Dataset/Flower/Flower00151.JPG,1,1,Flower,Flower,0.016906738,0.92822266,0.0119018555,0.020568848,0.022628784
ChiliLiteV2_MNV3S_MultiLevel_ColorGate,7,/home/bt/Documents/Po/chili_fruit/dataset/Chili Growth Stage Original Dataset (1)/Chili Growth Stage Original Dataset/Flower/Flower00156.JPG,1,1,Flower,Flower,0.017608643,0.9272461,0.013198853,0.020904541,0.020889282
ChiliLiteV2_MNV3S_MultiLevel_ColorGate,7,/home/bt/Documents/Po/chili_fruit/dataset/Chili Growth Stage Original Dataset (1)/Chili Growth Stage Original Dataset/Flower/Flower00174.JPG,1,1,Flower,Flower,0.018676758,0.9316406,0.013076782,0.017333984,0.019439697
ChiliLiteV2_MNV3S_MultiLevel_ColorGate,7,/home/bt/Documents/Po/chili_fruit/dataset/Chili Growth Stage Original Dataset (1)/Chili Growth Stage Original Dataset/Flower/Flower00196.JPG,1,1,Flower,Flower,0.021087646,0.92626953,0.013671875,0.022476196,0.016433716
ChiliLiteV2_MNV3S_MultiLevel_ColorGate,7,/home/bt/Documents/Po/chili_fruit/dataset/Chili Growth Stage Original Dataset (1)/Chili Growth Stage Original Dataset/Flower/Flower00200.JPG,1,1,Flower,Flower,0.019577026,0.92822266,0.012573242,0.019546509,0.019943237
ChiliLiteV2_MNV3S_MultiLevel_ColorGate,7,/home/bt/Documents/Po/chili_fruit/dataset/Chili Growth Stage Original Dataset (1)/Chili Growth Stage Original Dataset/Flower/Flower00210.JPG,1,1,Flower,Flower,0.01864624,0.9301758,0.0126571655,0.021133423,0.017242432
ChiliLiteV2_MNV3S_MultiLevel_ColorGate,7,/home/bt/Documents/Po/chili_fruit/dataset/Chili Growth Stage Original Dataset (1)/Chili Growth Stage Original Dataset/Flower/Flower00231.JPG,1,1,Flower,Flower,0.021469116,0.9326172,0.015136719,0.015731812,0.014823914
ChiliLiteV2_MNV3S_MultiLevel_ColorGate,7,/home/bt/Documents/Po/chili_fruit/dataset/Chili Growth Stage Original Dataset (1)/Chili Growth Stage Original Dataset/Flower/Flower00239.JPG,1,1,Flower,Flower,0.017532349,0.9301758,0.013160706,0.015777588,0.023422241
ChiliLiteV2_MNV3S_MultiLevel_ColorGate,7,/home/bt/Documents/Po/chili_fruit/dataset/Chili Growth Stage Original Dataset (1)/Chili Growth Stage Original Dataset/Flower/Flower00248.JPG,1,1,Flower,Flower,0.022720337,0.93359375,0.017623901,0.012962341,0.013328552
ChiliLiteV2_MNV3S_MultiLevel_ColorGate,7,/home/bt/Documents/Po/chili_fruit/dataset/Chili Growth Stage Original Dataset (1)/Chili Growth Stage Original Dataset/Flower/Flower00288.JPG,1,1,Flower,Flower,0.015655518,0.9086914,0.019180298,0.013687134,0.042785645
ChiliLiteV2_MNV3S_MultiLevel_ColorGate,7,/home/bt/Documents/Po/chili_fruit/dataset/Chili Growth Stage Original Dataset (1)/Chili Growth Stage Original Dataset/Flower/Flower00289.JPG,1,1,Flower,Flower,0.016067505,0.9326172,0.01486969,0.018753052,0.017684937
ChiliLiteV2_MNV3S_MultiLevel_ColorGate,7,/home/bt/Documents/Po/chili_fruit/dataset/Chili Growth Stage Original Dataset (1)/Chili Growth Stage Original Dataset/Flower/Flower00298.JPG,1,1,Flower,Flower,0.02230835,0.9301758,0.014045715,0.014167786,0.01940918
ChiliLiteV2_MNV3S_MultiLevel_ColorGate,7,/home/bt/Documents/Po/chili_fruit/dataset/Chili Growth Stage Original Dataset (1)/Chili Growth Stage Original Dataset/Flower/Flower00302.JPG,1,1,Flower,Flower,0.023254395,0.9277344,0.013061523,0.014694214,0.02128601
ChiliLiteV2_MNV3S_MultiLevel_ColorGate,7,/home/bt/Documents/Po/chili_fruit/dataset/Chili Growth Stage Original Dataset (1)/Chili Growth Stage Original Dataset/Flower/Flower00303.JPG,1,1,Flower,Flower,0.021759033,0.9291992,0.013298035,0.015274048,0.020339966
ChiliLiteV2_MNV3S_MultiLevel_ColorGate,7,/home/bt/Documents/Po/chili_fruit/dataset/Chili Growth Stage Original Dataset (1)/Chili Growth Stage Original Dataset/Flower/Flower00312.JPG,1,1,Flower,Flower,0.021621704,0.93115234,0.015075684,0.013206482,0.018981934
ChiliLiteV2_MNV3S_MultiLevel_ColorGate,7,/home/bt/Documents/Po/chili_fruit/dataset/Chili Growth Stage Original Dataset (1)/Chili Growth Stage Original Dataset/Flower/Flower00320.JPG,1,1,Flower,Flower,0.014816284,0.9003906,0.018554688,0.017745972,0.048309326
ChiliLiteV2_MNV3S_MultiLevel_ColorGate,7,/home/bt/Documents/Po/chili_fruit/dataset/Chili Growth Stage Original Dataset (1)/Chili Growth Stage Original Dataset/Flower/Flower00322.JPG,1,1,Flower,Flower,0.016464233,0.90625,0.016662598,0.018157959,0.04257202
ChiliLiteV2_MNV3S_MultiLevel_ColorGate,7,/home/bt/Documents/Po/chili_fruit/dataset/Chili Growth Stage Original Dataset (1)/Chili Growth Stage Original Dataset/Flower/Flower00325.JPG,1,1,Flower,Flower,0.018630981,0.9326172,0.0129470825,0.016098022,0.01977539
ChiliLiteV2_MNV3S_MultiLevel_ColorGate,7,/home/bt/Documents/Po/chili_fruit/dataset/Chili Growth Stage Original Dataset (1)/Chili Growth Stage Original Dataset/Flower/Flower00334.JPG,1,1,Flower,Flower,0.016616821,0.9223633,0.01335144,0.016693115,0.030761719
ChiliLiteV2_MNV3S_MultiLevel_ColorGate,7,/home/bt/Documents/Po/chili_fruit/dataset/Chili Growth Stage Original Dataset (1)/Chili Growth Stage Original Dataset/Flower/Flower00336.JPG,1,1,Flower,Flower,0.017044067,0.9291992,0.012626648,0.016906738,0.024108887
ChiliLiteV2_MNV3S_MultiLevel_ColorGate,7,/home/bt/Documents/Po/chili_fruit/dataset/Chili Growth Stage Original Dataset (1)/Chili Growth Stage Original Dataset/Flower/Flower00339.JPG,1,1,Flower,Flower,0.021759033,0.9326172,0.015357971,0.014793396,0.015380859
ChiliLiteV2_MNV3S_MultiLevel_ColorGate,7,/home/bt/Documents/Po/chili_fruit/dataset/Chili Growth Stage Original Dataset (1)/Chili Growth Stage Original Dataset/Flower/Flower00357.JPG,1,1,Flower,Flower,0.01763916,0.9291992,0.014953613,0.0158844,0.022247314
ChiliLiteV2_MNV3S_MultiLevel_ColorGate,7,/home/bt/Documents/Po/chili_fruit/dataset/Chili Growth Stage Original Dataset (1)/Chili Growth Stage Original Dataset/Flower/Flower00359.JPG,1,1,Flower,Flower,0.02381897,0.9291992,0.019424438,0.014198303,0.013328552
ChiliLiteV2_MNV3S_MultiLevel_ColorGate,7,/home/bt/Documents/Po/chili_fruit/dataset/Chili Growth Stage Original Dataset (1)/Chili Growth Stage Original Dataset/Flower/Flower00363.JPG,1,1,Flower,Flower,0.020706177,0.9316406,0.016860962,0.013374329,0.017181396
ChiliLiteV2_MNV3S_MultiLevel_ColorGate,7,/home/bt/Documents/Po/chili_fruit/dataset/Chili Growth Stage Original Dataset (1)/Chili Growth Stage Original Dataset/Flower/Flower00377.JPG,1,1,Flower,Flower,0.020187378,0.93359375,0.017700195,0.014091492,0.0146484375
ChiliLiteV2_MNV3S_MultiLevel_ColorGate,7,/home/bt/Documents/Po/chili_fruit/dataset/Chili Growth Stage Original Dataset (1)/Chili Growth Stage Original Dataset/Flower/Flower00384.JPG,1,1,Flower,Flower,0.016845703,0.9160156,0.021438599,0.0127334595,0.03314209
ChiliLiteV2_MNV3S_MultiLevel_ColorGate,7,/home/bt/Documents/Po/chili_fruit/dataset/Chili Growth Stage Original Dataset (1)/Chili Growth Stage Original Dataset/Flower/Flower00393.JPG,1,1,Flower,Flower,0.018585205,0.93359375,0.0143585205,0.016296387,0.017196655
ChiliLiteV2_MNV3S_MultiLevel_ColorGate,7,/home/bt/Documents/Po/chili_fruit/dataset/Chili Growth Stage Original Dataset (1)/Chili Growth Stage Original Dataset/Green Chili/Green Chili00019.JPG,2,2,Green Chili,Green Chili,0.012748718,0.040985107,0.9140625,0.020126343,0.01222229
ChiliLiteV2_MNV3S_MultiLevel_ColorGate,7,/home/bt/Documents/Po/chili_fruit/dataset/Chili Growth Stage Original Dataset (1)/Chili Growth Stage Original Dataset/Green Chili/Green Chili00027.JPG,2,2,Green Chili,Green Chili,0.013381958,0.025009155,0.93115234,0.014564514,0.015960693
ChiliLiteV2_MNV3S_MultiLevel_ColorGate,7,/home/bt/Documents/Po/chili_fruit/dataset/Chili Growth Stage Original Dataset (1)/Chili Growth Stage Original Dataset/Green Chili/Green Chili00038.JPG,2,2,Green Chili,Green Chili,0.016220093,0.034698486,0.9082031,0.014808655,0.026138306
ChiliLiteV2_MNV3S_MultiLevel_ColorGate,7,/home/bt/Documents/Po/chili_fruit/dataset/Chili Growth Stage Original Dataset (1)/Chili Growth Stage Original Dataset/Green Chili/Green Chili00064.JPG,2,2,Green Chili,Green Chili,0.016708374,0.016342163,0.9296875,0.01751709,0.019561768
ChiliLiteV2_MNV3S_MultiLevel_ColorGate,7,/home/bt/Documents/Po/chili_fruit/dataset/Chili Growth Stage Original Dataset (1)/Chili Growth Stage Original Dataset/Green Chili/Green Chili00066.JPG,2,2,Green Chili,Green Chili,0.016830444,0.016342163,0.9267578,0.018539429,0.021652222
ChiliLiteV2_MNV3S_MultiLevel_ColorGate,7,/home/bt/Documents/Po/chili_fruit/dataset/Chili Growth Stage Original Dataset (1)/Chili Growth Stage Original Dataset/Green Chili/Green Chili00088.JPG,2,2,Green Chili,Green Chili,0.013580322,0.017089844,0.92578125,0.029632568,0.0141067505
ChiliLiteV2_MNV3S_MultiLevel_ColorGate,7,/home/bt/Documents/Po/chili_fruit/dataset/Chili Growth Stage Original Dataset (1)/Chili Growth Stage Original Dataset/Green Chili/Green Chili00095.JPG,2,2,Green Chili,Green Chili,0.011764526,0.024505615,0.9301758,0.019195557,0.014221191
ChiliLiteV2_MNV3S_MultiLevel_ColorGate,7,/home/bt/Documents/Po/chili_fruit/dataset/Chili Growth Stage Original Dataset (1)/Chili Growth Stage Original Dataset/Green Chili/Green Chili00096.JPG,2,2,Green Chili,Green Chili,0.013183594,0.01876831,0.9316406,0.019546509,0.016830444
ChiliLiteV2_MNV3S_MultiLevel_ColorGate,7,/home/bt/Documents/Po/chili_fruit/dataset/Chili Growth Stage Original Dataset (1)/Chili Growth Stage Original Dataset/Green Chili/Green Chili00109.JPG,2,2,Green Chili,Green Chili,0.015472412,0.019866943,0.93896484,0.014480591,0.011299133
ChiliLiteV2_MNV3S_MultiLevel_ColorGate,7,/home/bt/Documents/Po/chili_fruit/dataset/Chili Growth Stage Original Dataset (1)/Chili Growth Stage Original Dataset/Green Chili/Green Chili00119.JPG,2,2,Green Chili,Green Chili,0.028213501,0.035888672,0.7158203,0.027740479,0.19250488
ChiliLiteV2_MNV3S_MultiLevel_ColorGate,7,/home/bt/Documents/Po/chili_fruit/dataset/Chili Growth Stage Original Dataset (1)/Chili Growth Stage Original Dataset/Green Chili/Green Chili00136.JPG,2,2,Green Chili,Green Chili,0.013496399,0.02331543,0.92626953,0.014945984,0.022201538
ChiliLiteV2_MNV3S_MultiLevel_ColorGate,7,/home/bt/Documents/Po/chili_fruit/dataset/Chili Growth Stage Original Dataset (1)/Chili Growth Stage Original Dataset/Green Chili/Green Chili00140.JPG,2,2,Green Chili,Green Chili,0.011993408,0.025436401,0.91308594,0.028518677,0.021209717
ChiliLiteV2_MNV3S_MultiLevel_ColorGate,7,/home/bt/Documents/Po/chili_fruit/dataset/Chili Growth Stage Original Dataset (1)/Chili Growth Stage Original Dataset/Green Chili/Green Chili00165.JPG,2,2,Green Chili,Green Chili,0.014854431,0.04034424,0.9003906,0.033172607,0.011238098
ChiliLiteV2_MNV3S_MultiLevel_ColorGate,7,/home/bt/Documents/Po/chili_fruit/dataset/Chili Growth Stage Original Dataset (1)/Chili Growth Stage Original Dataset/Green Chili/Green Chili00180.JPG,2,2,Green Chili,Green Chili,0.013038635,0.024475098,0.92822266,0.017822266,0.01626587
ChiliLiteV2_MNV3S_MultiLevel_ColorGate,7,/home/bt/Documents/Po/chili_fruit/dataset/Chili Growth Stage Original Dataset (1)/Chili Growth Stage Original Dataset/Green Chili/Green Chili00184.JPG,2,2,Green Chili,Green Chili,0.014770508,0.021133423,0.9355469,0.01474762,0.013694763
ChiliLiteV2_MNV3S_MultiLevel_ColorGate,7,/home/bt/Documents/Po/chili_fruit/dataset/Chili Growth Stage Original Dataset (1)/Chili Growth Stage Original Dataset/Green Chili/Green Chili00186.JPG,2,2,Green Chili,Green Chili,0.014350891,0.027404785,0.93066406,0.0152282715,0.0121154785
ChiliLiteV2_MNV3S_MultiLevel_ColorGate,7,/home/bt/Documents/Po/chili_fruit/dataset/Chili Growth Stage Original Dataset (1)/Chili Growth Stage Original Dataset/Green Chili/Green Chili00193.JPG,2,2,Green Chili,Green Chili,0.013259888,0.032318115,0.9243164,0.02078247,0.009521484
ChiliLiteV2_MNV3S_MultiLevel_ColorGate,7,/home/bt/Documents/Po/chili_fruit/dataset/Chili Growth Stage Original Dataset (1)/Chili Growth Stage Original Dataset/Green Chili/Green Chili00197.JPG,2,4,Green Chili,Rotten Chili,0.026565552,0.01713562,0.09777832,0.020721436,0.8378906
ChiliLiteV2_MNV3S_MultiLevel_ColorGate,7,/home/bt/Documents/Po/chili_fruit/dataset/Chili Growth Stage Original Dataset (1)/Chili Growth Stage Original Dataset/Green Chili/Green Chili00202.JPG,2,2,Green Chili,Green Chili,0.015098572,0.05670166,0.89501953,0.016311646,0.016937256
ChiliLiteV2_MNV3S_MultiLevel_ColorGate,7,/home/bt/Documents/Po/chili_fruit/dataset/Chili Growth Stage Original Dataset (1)/Chili Growth Stage Original Dataset/Green Chili/Green Chili00206.JPG,2,2,Green Chili,Green Chili,0.013374329,0.022247314,0.90283203,0.05041504,0.011329651
ChiliLiteV2_MNV3S_MultiLevel_ColorGate,7,/home/bt/Documents/Po/chili_fruit/dataset/Chili Growth Stage Original Dataset (1)/Chili Growth Stage Original Dataset/Green Chili/Green Chili00215.JPG,2,2,Green Chili,Green Chili,0.016967773,0.018722534,0.9355469,0.015716553,0.013153076
ChiliLiteV2_MNV3S_MultiLevel_ColorGate,7,/home/bt/Documents/Po/chili_fruit/dataset/Chili Growth Stage Original Dataset (1)/Chili Growth Stage Original Dataset/Green Chili/Green Chili00229.JPG,2,2,Green Chili,Green Chili,0.011299133,0.026992798,0.92041016,0.02999878,0.011222839
ChiliLiteV2_MNV3S_MultiLevel_ColorGate,7,/home/bt/Documents/Po/chili_fruit/dataset/Chili Growth Stage Original Dataset (1)/Chili Growth Stage Original Dataset/Green Chili/Green Chili00230.JPG,2,2,Green Chili,Green Chili,0.01096344,0.04244995,0.9038086,0.031951904,0.01096344
ChiliLiteV2_MNV3S_MultiLevel_ColorGate,7,/home/bt/Documents/Po/chili_fruit/dataset/Chili Growth Stage Original Dataset (1)/Chili Growth Stage Original Dataset/Green Chili/Green Chili00235.JPG,2,2,Green Chili,Green Chili,0.029800415,0.02734375,0.7602539,0.024230957,0.15808105
ChiliLiteV2_MNV3S_MultiLevel_ColorGate,7,/home/bt/Documents/Po/chili_fruit/dataset/Chili Growth Stage Original Dataset (1)/Chili Growth Stage Original Dataset/Green Chili/Green Chili00252.JPG,2,2,Green Chili,Green Chili,0.02407837,0.023849487,0.62646484,0.27929688,0.046173096
ChiliLiteV2_MNV3S_MultiLevel_ColorGate,7,/home/bt/Documents/Po/chili_fruit/dataset/Chili Growth Stage Original Dataset (1)/Chili Growth Stage Original Dataset/Green Chili/Green Chili00260.JPG,2,2,Green Chili,Green Chili,0.015075684,0.030883789,0.92089844,0.016021729,0.017333984
ChiliLiteV2_MNV3S_MultiLevel_ColorGate,7,/home/bt/Documents/Po/chili_fruit/dataset/Chili Growth Stage Original Dataset (1)/Chili Growth Stage Original Dataset/Green Chili/Green Chili00268.JPG,2,2,Green Chili,Green Chili,0.0317688,0.018417358,0.875,0.018463135,0.056121826
ChiliLiteV2_MNV3S_MultiLevel_ColorGate,7,/home/bt/Documents/Po/chili_fruit/dataset/Chili Growth Stage Original Dataset (1)/Chili Growth Stage Original Dataset/Green Chili/Green Chili00273.JPG,2,2,Green Chili,Green Chili,0.013793945,0.020568848,0.93652344,0.015945435,0.012992859
ChiliLiteV2_MNV3S_MultiLevel_ColorGate,7,/home/bt/Documents/Po/chili_fruit/dataset/Chili Growth Stage Original Dataset (1)/Chili Growth Stage Original Dataset/Green Chili/Green Chili00283.JPG,2,2,Green Chili,Green Chili,0.024887085,0.0178833,0.89697266,0.022354126,0.03781128
ChiliLiteV2_MNV3S_MultiLevel_ColorGate,7,/home/bt/Documents/Po/chili_fruit/dataset/Chili Growth Stage Original Dataset (1)/Chili Growth Stage Original Dataset/Green Chili/Green Chili00290.JPG,2,2,Green Chili,Green Chili,0.026947021,0.032592773,0.80126953,0.04522705,0.09399414
ChiliLiteV2_MNV3S_MultiLevel_ColorGate,7,/home/bt/Documents/Po/chili_fruit/dataset/Chili Growth Stage Original Dataset (1)/Chili Growth Stage Original Dataset/Green Chili/Green Chili00303.JPG,2,2,Green Chili,Green Chili,0.025436401,0.0206604,0.91845703,0.023895264,0.011726379
ChiliLiteV2_MNV3S_MultiLevel_ColorGate,7,/home/bt/Documents/Po/chili_fruit/dataset/Chili Growth Stage Original Dataset (1)/Chili Growth Stage Original Dataset/Green Chili/Green Chili00310.JPG,2,2,Green Chili,Green Chili,0.014465332,0.022903442,0.92626953,0.015686035,0.020889282
ChiliLiteV2_MNV3S_MultiLevel_ColorGate,7,/home/bt/Documents/Po/chili_fruit/dataset/Chili Growth Stage Original Dataset (1)/Chili Growth Stage Original Dataset/Red Chili/Red Chili00019.JPG,3,3,Red Chili,Red Chili,0.024505615,0.020568848,0.0110321045,0.9194336,0.02444458
ChiliLiteV2_MNV3S_MultiLevel_ColorGate,7,/home/bt/Documents/Po/chili_fruit/dataset/Chili Growth Stage Original Dataset (1)/Chili Growth Stage Original Dataset/Red Chili/Red Chili00026.JPG,3,3,Red Chili,Red Chili,0.020965576,0.024551392,0.011581421,0.9042969,0.03881836
ChiliLiteV2_MNV3S_MultiLevel_ColorGate,7,/home/bt/Documents/Po/chili_fruit/dataset/Chili Growth Stage Original Dataset (1)/Chili Growth Stage Original Dataset/Red Chili/Red Chili00028.JPG,3,3,Red Chili,Red Chili,0.019836426,0.02470398,0.011894226,0.9140625,0.02949524
ChiliLiteV2_MNV3S_MultiLevel_ColorGate,7,/home/bt/Documents/Po/chili_fruit/dataset/Chili Growth Stage Original Dataset (1)/Chili Growth Stage Original Dataset/Red Chili/Red Chili00034.JPG,3,3,Red Chili,Red Chili,0.020385742,0.025680542,0.016586304,0.91259766,0.024993896
ChiliLiteV2_MNV3S_MultiLevel_ColorGate,7,/home/bt/Documents/Po/chili_fruit/dataset/Chili Growth Stage Original Dataset (1)/Chili Growth Stage Original Dataset/Red Chili/Red Chili00051.JPG,3,3,Red Chili,Red Chili,0.020858765,0.019119263,0.011276245,0.92333984,0.025466919
ChiliLiteV2_MNV3S_MultiLevel_ColorGate,7,/home/bt/Documents/Po/chili_fruit/dataset/Chili Growth Stage Original Dataset (1)/Chili Growth Stage Original Dataset/Red Chili/Red Chili00052.JPG,3,3,Red Chili,Red Chili,0.020584106,0.020263672,0.010482788,0.9213867,0.027114868
ChiliLiteV2_MNV3S_MultiLevel_ColorGate,7,/home/bt/Documents/Po/chili_fruit/dataset/Chili Growth Stage Original Dataset (1)/Chili Growth Stage Original Dataset/Red Chili/Red Chili00055.JPG,3,3,Red Chili,Red Chili,0.020568848,0.019058228,0.012542725,0.9238281,0.023864746
ChiliLiteV2_MNV3S_MultiLevel_ColorGate,7,/home/bt/Documents/Po/chili_fruit/dataset/Chili Growth Stage Original Dataset (1)/Chili Growth Stage Original Dataset/Red Chili/Red Chili00069.JPG,3,3,Red Chili,Red Chili,0.023391724,0.020980835,0.01626587,0.9189453,0.020614624
ChiliLiteV2_MNV3S_MultiLevel_ColorGate,7,/home/bt/Documents/Po/chili_fruit/dataset/Chili Growth Stage Original Dataset (1)/Chili Growth Stage Original Dataset/Red Chili/Red Chili00076.JPG,3,3,Red Chili,Red Chili,0.03277588,0.024887085,0.011184692,0.8911133,0.040008545
ChiliLiteV2_MNV3S_MultiLevel_ColorGate,7,/home/bt/Documents/Po/chili_fruit/dataset/Chili Growth Stage Original Dataset (1)/Chili Growth Stage Original Dataset/Red Chili/Red Chili00087.JPG,3,3,Red Chili,Red Chili,0.023925781,0.026000977,0.011520386,0.91503906,0.02357483
ChiliLiteV2_MNV3S_MultiLevel_ColorGate,7,/home/bt/Documents/Po/chili_fruit/dataset/Chili Growth Stage Original Dataset (1)/Chili Growth Stage Original Dataset/Red Chili/Red Chili00093.JPG,3,3,Red Chili,Red Chili,0.020904541,0.02571106,0.010848999,0.9145508,0.027893066
ChiliLiteV2_MNV3S_MultiLevel_ColorGate,7,/home/bt/Documents/Po/chili_fruit/dataset/Chili Growth Stage Original Dataset (1)/Chili Growth Stage Original Dataset/Red Chili/Red Chili00103.JPG,3,3,Red Chili,Red Chili,0.029388428,0.02116394,0.009269714,0.9091797,0.030960083
ChiliLiteV2_MNV3S_MultiLevel_ColorGate,7,/home/bt/Documents/Po/chili_fruit/dataset/Chili Growth Stage Original Dataset (1)/Chili Growth Stage Original Dataset/Red Chili/Red Chili00117.JPG,3,3,Red Chili,Red Chili,0.01838684,0.018447876,0.01386261,0.92822266,0.021057129
ChiliLiteV2_MNV3S_MultiLevel_ColorGate,7,/home/bt/Documents/Po/chili_fruit/dataset/Chili Growth Stage Original Dataset (1)/Chili Growth Stage Original Dataset/Red Chili/Red Chili00121.JPG,3,3,Red Chili,Red Chili,0.01965332,0.023910522,0.015113831,0.92089844,0.020553589
ChiliLiteV2_MNV3S_MultiLevel_ColorGate,7,/home/bt/Documents/Po/chili_fruit/dataset/Chili Growth Stage Original Dataset (1)/Chili Growth Stage Original Dataset/Red Chili/Red Chili00123.JPG,3,3,Red Chili,Red Chili,0.020568848,0.02053833,0.010505676,0.9223633,0.026229858
ChiliLiteV2_MNV3S_MultiLevel_ColorGate,7,/home/bt/Documents/Po/chili_fruit/dataset/Chili Growth Stage Original Dataset (1)/Chili Growth Stage Original Dataset/Red Chili/Red Chili00141.JPG,3,3,Red Chili,Red Chili,0.021896362,0.021972656,0.011642456,0.9199219,0.024810791
ChiliLiteV2_MNV3S_MultiLevel_ColorGate,7,/home/bt/Documents/Po/chili_fruit/dataset/Chili Growth Stage Original Dataset (1)/Chili Growth Stage Original Dataset/Red Chili/Red Chili00164.JPG,3,3,Red Chili,Red Chili,0.022064209,0.026885986,0.010383606,0.9160156,0.024734497
ChiliLiteV2_MNV3S_MultiLevel_ColorGate,7,/home/bt/Documents/Po/chili_fruit/dataset/Chili Growth Stage Original Dataset (1)/Chili Growth Stage Original Dataset/Red Chili/Red Chili00168.JPG,3,3,Red Chili,Red Chili,0.019927979,0.021835327,0.012939453,0.92333984,0.021820068
ChiliLiteV2_MNV3S_MultiLevel_ColorGate,7,/home/bt/Documents/Po/chili_fruit/dataset/Chili Growth Stage Original Dataset (1)/Chili Growth Stage Original Dataset/Red Chili/Red Chili00169.JPG,3,3,Red Chili,Red Chili,0.020126343,0.023117065,0.013519287,0.9223633,0.0209198
ChiliLiteV2_MNV3S_MultiLevel_ColorGate,7,/home/bt/Documents/Po/chili_fruit/dataset/Chili Growth Stage Original Dataset (1)/Chili Growth Stage Original Dataset/Red Chili/Red Chili00181.JPG,3,3,Red Chili,Red Chili,0.021514893,0.020187378,0.011108398,0.9238281,0.02331543
ChiliLiteV2_MNV3S_MultiLevel_ColorGate,7,/home/bt/Documents/Po/chili_fruit/dataset/Chili Growth Stage Original Dataset (1)/Chili Growth Stage Original Dataset/Rotten Chili/Rotten Chili00014.JPG,4,4,Rotten Chili,Rotten Chili,0.016159058,0.017486572,0.024642944,0.012054443,0.9296875
ChiliLiteV2_MNV3S_MultiLevel_ColorGate,7,/home/bt/Documents/Po/chili_fruit/dataset/Chili Growth Stage Original Dataset (1)/Chili Growth Stage Original Dataset/Rotten Chili/Rotten Chili00015.JPG,4,4,Rotten Chili,Rotten Chili,0.018188477,0.017944336,0.030044556,0.012489319,0.9213867
ChiliLiteV2_MNV3S_MultiLevel_ColorGate,7,/home/bt/Documents/Po/chili_fruit/dataset/Chili Growth Stage Original Dataset (1)/Chili Growth Stage Original Dataset/Rotten Chili/Rotten Chili00040.JPG,4,4,Rotten Chili,Rotten Chili,0.01473999,0.023590088,0.014282227,0.0149002075,0.9326172
ChiliLiteV2_MNV3S_MultiLevel_ColorGate,7,/home/bt/Documents/Po/chili_fruit/dataset/Chili Growth Stage Original Dataset (1)/Chili Growth Stage Original Dataset/Rotten Chili/Rotten Chili00042.JPG,4,4,Rotten Chili,Rotten Chili,0.015182495,0.027999878,0.014854431,0.014602661,0.9272461
ChiliLiteV2_MNV3S_MultiLevel_ColorGate,7,/home/bt/Documents/Po/chili_fruit/dataset/Chili Growth Stage Original Dataset (1)/Chili Growth Stage Original Dataset/Rotten Chili/Rotten Chili00047.JPG,4,4,Rotten Chili,Rotten Chili,0.0127334595,0.013076782,0.014785767,0.014556885,0.9448242
ChiliLiteV2_MNV3S_MultiLevel_ColorGate,7,/home/bt/Documents/Po/chili_fruit/dataset/Chili Growth Stage Original Dataset (1)/Chili Growth Stage Original Dataset/Rotten Chili/Rotten Chili00062.JPG,4,4,Rotten Chili,Rotten Chili,0.018218994,0.02583313,0.0126953125,0.09509277,0.84814453
ChiliLiteV2_MNV3S_MultiLevel_ColorGate,7,/home/bt/Documents/Po/chili_fruit/dataset/Chili Growth Stage Original Dataset (1)/Chili Growth Stage Original Dataset/Rotten Chili/Rotten Chili00075.JPG,4,4,Rotten Chili,Rotten Chili,0.03930664,0.04232788,0.013427734,0.33007812,0.57470703
ChiliLiteV2_MNV3S_MultiLevel_ColorGate,7,/home/bt/Documents/Po/chili_fruit/dataset/Chili Growth Stage Original Dataset (1)/Chili Growth Stage Original Dataset/Rotten Chili/Rotten Chili00084.JPG,4,4,Rotten Chili,Rotten Chili,0.014984131,0.0132369995,0.016235352,0.014587402,0.94091797
ChiliLiteV2_MNV3S_MultiLevel_ColorGate,7,/home/bt/Documents/Po/chili_fruit/dataset/Chili Growth Stage Original Dataset (1)/Chili Growth Stage Original Dataset/Rotten Chili/Rotten Chili00123.JPG,4,4,Rotten Chili,Rotten Chili,0.019195557,0.022720337,0.010070801,0.050048828,0.8979492
ChiliLiteV2_MNV3S_MultiLevel_ColorGate,7,/home/bt/Documents/Po/chili_fruit/dataset/Chili Growth Stage Original Dataset (1)/Chili Growth Stage Original Dataset/Rotten Chili/Rotten Chili00124.JPG,4,4,Rotten Chili,Rotten Chili,0.023895264,0.024887085,0.010513306,0.07989502,0.86083984
ChiliLiteV2_MNV3S_MultiLevel_ColorGate,7,/home/bt/Documents/Po/chili_fruit/dataset/Chili Growth Stage Original Dataset (1)/Chili Growth Stage Original Dataset/Rotten Chili/Rotten Chili00125.JPG,4,4,Rotten Chili,Rotten Chili,0.016311646,0.01663208,0.011497498,0.02218628,0.93359375
ChiliLiteV2_MNV3S_MultiLevel_ColorGate,7,/home/bt/Documents/Po/chili_fruit/dataset/Chili Growth Stage Original Dataset (1)/Chili Growth Stage Original Dataset/Rotten Chili/Rotten Chili00134.JPG,4,4,Rotten Chili,Rotten Chili,0.016662598,0.020141602,0.012542725,0.016601562,0.93408203
ChiliLiteV2_MNV3S_MultiLevel_ColorGate,7,/home/bt/Documents/Po/chili_fruit/dataset/Chili Growth Stage Original Dataset (1)/Chili Growth Stage Original Dataset/Rotten Chili/Rotten Chili00138.JPG,4,4,Rotten Chili,Rotten Chili,0.01499176,0.019073486,0.01235199,0.016281128,0.9375
ChiliLiteV2_MNV3S_MultiLevel_ColorGate,7,/home/bt/Documents/Po/chili_fruit/dataset/Chili Growth Stage Original Dataset (1)/Chili Growth Stage Original Dataset/Rotten Chili/Rotten Chili00144.JPG,4,4,Rotten Chili,Rotten Chili,0.016418457,0.024047852,0.013671875,0.01864624,0.9272461
ChiliLiteV2_MNV3S_MultiLevel_ColorGate,7,/home/bt/Documents/Po/chili_fruit/dataset/Chili Growth Stage Original Dataset (1)/Chili Growth Stage Original Dataset/Rotten Chili/Rotten Chili00153.JPG,4,4,Rotten Chili,Rotten Chili,0.012878418,0.015617371,0.011352539,0.019378662,0.94091797
ChiliLiteV2_MNV3S_MultiLevel_ColorGate,7,/home/bt/Documents/Po/chili_fruit/dataset/Chili Growth Stage Original Dataset (1)/Chili Growth Stage Original Dataset/Rotten Chili/Rotten Chili00157.JPG,4,4,Rotten Chili,Rotten Chili,0.012878418,0.017440796,0.011817932,0.017456055,0.9404297
ChiliLiteV2_MNV3S_MultiLevel_ColorGate,7,/home/bt/Documents/Po/chili_fruit/dataset/Chili Growth Stage Original Dataset (1)/Chili Growth Stage Original Dataset/Rotten Chili/Rotten Chili00162.JPG,4,4,Rotten Chili,Rotten Chili,0.0131073,0.014007568,0.012557983,0.016815186,0.9433594
ChiliLiteV2_MNV3S_MultiLevel_ColorGate,7,/home/bt/Documents/Po/chili_fruit/dataset/Chili Growth Stage Original Dataset (1)/Chili Growth Stage Original Dataset/Rotten Chili/Rotten Chili00173.JPG,4,4,Rotten Chili,Rotten Chili,0.012390137,0.014198303,0.011962891,0.018295288,0.9433594
ChiliLiteV2_MNV3S_MultiLevel_ColorGate,7,/home/bt/Documents/Po/chili_fruit/dataset/Chili Growth Stage Original Dataset (1)/Chili Growth Stage Original Dataset/Rotten Chili/Rotten Chili00187.JPG,4,4,Rotten Chili,Rotten Chili,0.015403748,0.016998291,0.012168884,0.0146102905,0.94091797
ChiliLiteV2_MNV3S_MultiLevel_ColorGate,7,/home/bt/Documents/Po/chili_fruit/dataset/Chili Growth Stage Original Dataset (1)/Chili Growth Stage Original Dataset/Rotten Chili/Rotten Chili00194.JPG,4,4,Rotten Chili,Rotten Chili,0.016464233,0.019805908,0.016540527,0.014343262,0.9326172
ChiliLiteV2_MNV3S_MultiLevel_ColorGate,7,/home/bt/Documents/Po/chili_fruit/dataset/Chili Growth Stage Original Dataset (1)/Chili Growth Stage Original Dataset/Rotten Chili/Rotten Chili00196.JPG,4,4,Rotten Chili,Rotten Chili,0.013542175,0.013908386,0.0140686035,0.016418457,0.94189453
ChiliLiteV2_MNV3S_MultiLevel_ColorGate,7,/home/bt/Documents/Po/chili_fruit/dataset/Chili Growth Stage Original Dataset (1)/Chili Growth Stage Original Dataset/Rotten Chili/Rotten Chili00207.JPG,4,4,Rotten Chili,Rotten Chili,0.014137268,0.014587402,0.015403748,0.015823364,0.9399414
ChiliLiteV2_MNV3S_MultiLevel_ColorGate,7,/home/bt/Documents/Po/chili_fruit/dataset/Chili Growth Stage Original Dataset (1)/Chili Growth Stage Original Dataset/Rotten Chili/Rotten Chili00215.JPG,4,4,Rotten Chili,Rotten Chili,0.015945435,0.019592285,0.013198853,0.015174866,0.93603516
ChiliLiteV2_MNV3S_MultiLevel_ColorGate,7,/home/bt/Documents/Po/chili_fruit/dataset/Chili Growth Stage Original Dataset (1)/Chili Growth Stage Original Dataset/Rotten Chili/Rotten Chili00217.JPG,4,4,Rotten Chili,Rotten Chili,0.015838623,0.027236938,0.015655518,0.015380859,0.92578125
ChiliLiteV2_MNV3S_MultiLevel_ColorGate,7,/home/bt/Documents/Po/chili_fruit/dataset/Chili Growth Stage Original Dataset (1)/Chili Growth Stage Original Dataset/Rotten Chili/Rotten Chili00232.JPG,4,4,Rotten Chili,Rotten Chili,0.015319824,0.023498535,0.015144348,0.012840271,0.93310547
ChiliLiteV2_MNV3S_MultiLevel_ColorGate,7,/home/bt/Documents/Po/chili_fruit/dataset/Chili Growth Stage Original Dataset (1)/Chili Growth Stage Original Dataset/Rotten Chili/Rotten Chili00236.JPG,4,4,Rotten Chili,Rotten Chili,0.014884949,0.011238098,0.011146545,0.02999878,0.9326172
ChiliLiteV2_MNV3S_MultiLevel_ColorGate,7,/home/bt/Documents/Po/chili_fruit/dataset/Chili Growth Stage Original Dataset (1)/Chili Growth Stage Original Dataset/Rotten Chili/Rotten Chili00238.JPG,4,4,Rotten Chili,Rotten Chili,0.014457703,0.010444641,0.011436462,0.018737793,0.9448242
ChiliLiteV2_MNV3S_MultiLevel_ColorGate,7,/home/bt/Documents/Po/chili_fruit/dataset/Chili Growth Stage Original Dataset (1)/Chili Growth Stage Original Dataset/Rotten Chili/Rotten Chili00246.JPG,4,4,Rotten Chili,Rotten Chili,0.012435913,0.012397766,0.013053894,0.017684937,0.94433594
ChiliLiteV2_MNV3S_MultiLevel_ColorGate,7,/home/bt/Documents/Po/chili_fruit/dataset/Chili Growth Stage Original Dataset (1)/Chili Growth Stage Original Dataset/Rotten Chili/Rotten Chili00252.JPG,4,4,Rotten Chili,Rotten Chili,0.0137786865,0.01096344,0.014572144,0.016830444,0.94384766
ChiliLiteV2_MNV3S_MultiLevel_ColorGate,7,/home/bt/Documents/Po/chili_fruit/dataset/Chili Growth Stage Original Dataset (1)/Chili Growth Stage Original Dataset/Rotten Chili/Rotten Chili00253.JPG,4,4,Rotten Chili,Rotten Chili,0.012748718,0.012245178,0.013259888,0.01776123,0.94384766
ChiliLiteV2_MNV3S_MultiLevel_ColorGate,7,/home/bt/Documents/Po/chili_fruit/dataset/Chili Growth Stage Original Dataset (1)/Chili Growth Stage Original Dataset/Rotten Chili/Rotten Chili00303.JPG,4,4,Rotten Chili,Rotten Chili,0.0155181885,0.019744873,0.011100769,0.022003174,0.9316406
ChiliLiteV2_MNV3S_MultiLevel_ColorGate,7,/home/bt/Documents/Po/chili_fruit/dataset/Chili Growth Stage Original Dataset (1)/Chili Growth Stage Original Dataset/Rotten Chili/Rotten Chili00318.JPG,4,4,Rotten Chili,Rotten Chili,0.014282227,0.011802673,0.012641907,0.015289307,0.9458008
ChiliLiteV2_MNV3S_MultiLevel_ColorGate,7,/home/bt/Documents/Po/chili_fruit/dataset/Chili Growth Stage Original Dataset (1)/Chili Growth Stage Original Dataset/Rotten Chili/Rotten Chili00334.JPG,4,4,Rotten Chili,Rotten Chili,0.012214661,0.013008118,0.011138916,0.02708435,0.93652344
ChiliLiteV2_MNV3S_MultiLevel_ColorGate,7,/home/bt/Documents/Po/chili_fruit/dataset/Chili Growth Stage Original Dataset (1)/Chili Growth Stage Original Dataset/Rotten Chili/Rotten Chili00337.JPG,4,4,Rotten Chili,Rotten Chili,0.01109314,0.013328552,0.011695862,0.020095825,0.94384766
ChiliLiteV2_MNV3S_MultiLevel_ColorGate,7,/home/bt/Documents/Po/chili_fruit/dataset/Chili Growth Stage Original Dataset (1)/Chili Growth Stage Original Dataset/Rotten Chili/Rotten Chili00339.JPG,4,4,Rotten Chili,Rotten Chili,0.012382507,0.014755249,0.012054443,0.017822266,0.9428711
ChiliLiteV2_MNV3S_MultiLevel_ColorGate,7,/home/bt/Documents/Po/chili_fruit/dataset/Chili Growth Stage Original Dataset (1)/Chili Growth Stage Original Dataset/Rotten Chili/Rotten Chili00343.JPG,4,4,Rotten Chili,Rotten Chili,0.011558533,0.014312744,0.01146698,0.022842407,0.9399414
ChiliLiteV2_MNV3S_MultiLevel_ColorGate,7,/home/bt/Documents/Po/chili_fruit/dataset/Chili Growth Stage Original Dataset (1)/Chili Growth Stage Original Dataset/Rotten Chili/Rotten Chili00350.JPG,4,4,Rotten Chili,Rotten Chili,0.014854431,0.016448975,0.015090942,0.012779236,0.94091797
ChiliLiteV2_MNV3S_MultiLevel_ColorGate,7,/home/bt/Documents/Po/chili_fruit/dataset/Chili Growth Stage Original Dataset (1)/Chili Growth Stage Original Dataset/Rotten Chili/Rotten Chili00374.JPG,4,4,Rotten Chili,Rotten Chili,0.011734009,0.011886597,0.022720337,0.016693115,0.9370117
ChiliLiteV2_MNV3S_MultiLevel_ColorGate,8,/home/bt/Documents/Po/chili_fruit/dataset/Chili Growth Stage Original Dataset (1)/Chili Growth Stage Original Dataset/Dry chili/Dry chili00009.JPG,0,0,Dry Chili,Dry Chili,0.9291992,0.018920898,0.016647339,0.014511108,0.020767212
ChiliLiteV2_MNV3S_MultiLevel_ColorGate,8,/home/bt/Documents/Po/chili_fruit/dataset/Chili Growth Stage Original Dataset (1)/Chili Growth Stage Original Dataset/Dry chili/Dry chili00013.JPG,0,0,Dry Chili,Dry Chili,0.9277344,0.01689148,0.016464233,0.016967773,0.022033691
ChiliLiteV2_MNV3S_MultiLevel_ColorGate,8,/home/bt/Documents/Po/chili_fruit/dataset/Chili Growth Stage Original Dataset (1)/Chili Growth Stage Original Dataset/Dry chili/Dry chili00017.JPG,0,0,Dry Chili,Dry Chili,0.92578125,0.02178955,0.014305115,0.018325806,0.019882202
ChiliLiteV2_MNV3S_MultiLevel_ColorGate,8,/home/bt/Documents/Po/chili_fruit/dataset/Chili Growth Stage Original Dataset (1)/Chili Growth Stage Original Dataset/Dry chili/Dry chili00040.JPG,0,0,Dry Chili,Dry Chili,0.9277344,0.018585205,0.016921997,0.01625061,0.020401001
ChiliLiteV2_MNV3S_MultiLevel_ColorGate,8,/home/bt/Documents/Po/chili_fruit/dataset/Chili Growth Stage Original Dataset (1)/Chili Growth Stage Original Dataset/Dry chili/Dry chili00073.JPG,0,0,Dry Chili,Dry Chili,0.9267578,0.019958496,0.017684937,0.0138549805,0.02166748
ChiliLiteV2_MNV3S_MultiLevel_ColorGate,8,/home/bt/Documents/Po/chili_fruit/dataset/Chili Growth Stage Original Dataset (1)/Chili Growth Stage Original Dataset/Dry chili/Dry chili00077.JPG,0,0,Dry Chili,Dry Chili,0.921875,0.02142334,0.015457153,0.018188477,0.023254395
ChiliLiteV2_MNV3S_MultiLevel_ColorGate,8,/home/bt/Documents/Po/chili_fruit/dataset/Chili Growth Stage Original Dataset (1)/Chili Growth Stage Original Dataset/Dry chili/Dry chili00119.JPG,0,0,Dry Chili,Dry Chili,0.92578125,0.017440796,0.015304565,0.02154541,0.019973755
ChiliLiteV2_MNV3S_MultiLevel_ColorGate,8,/home/bt/Documents/Po/chili_fruit/dataset/Chili Growth Stage Original Dataset (1)/Chili Growth Stage Original Dataset/Dry chili/Dry chili00121.JPG,0,0,Dry Chili,Dry Chili,0.9213867,0.019332886,0.015602112,0.021957397,0.021881104
ChiliLiteV2_MNV3S_MultiLevel_ColorGate,8,/home/bt/Documents/Po/chili_fruit/dataset/Chili Growth Stage Original Dataset (1)/Chili Growth Stage Original Dataset/Dry chili/Dry chili00124.JPG,0,0,Dry Chili,Dry Chili,0.92871094,0.021728516,0.014076233,0.018722534,0.016693115
ChiliLiteV2_MNV3S_MultiLevel_ColorGate,8,/home/bt/Documents/Po/chili_fruit/dataset/Chili Growth Stage Original Dataset (1)/Chili Growth Stage Original Dataset/Dry chili/Dry chili00136.JPG,0,0,Dry Chili,Dry Chili,0.92626953,0.01776123,0.017654419,0.017623901,0.020904541
ChiliLiteV2_MNV3S_MultiLevel_ColorGate,8,/home/bt/Documents/Po/chili_fruit/dataset/Chili Growth Stage Original Dataset (1)/Chili Growth Stage Original Dataset/Dry chili/Dry chili00146.JPG,0,0,Dry Chili,Dry Chili,0.9238281,0.01789856,0.016738892,0.020706177,0.0206604
ChiliLiteV2_MNV3S_MultiLevel_ColorGate,8,/home/bt/Documents/Po/chili_fruit/dataset/Chili Growth Stage Original Dataset (1)/Chili Growth Stage Original Dataset/Dry chili/Dry chili00148.JPG,0,0,Dry Chili,Dry Chili,0.9223633,0.01826477,0.01675415,0.024932861,0.01751709
ChiliLiteV2_MNV3S_MultiLevel_ColorGate,8,/home/bt/Documents/Po/chili_fruit/dataset/Chili Growth Stage Original Dataset (1)/Chili Growth Stage Original Dataset/Dry chili/Dry chili00179.JPG,0,0,Dry Chili,Dry Chili,0.9267578,0.01902771,0.018173218,0.017990112,0.017913818
ChiliLiteV2_MNV3S_MultiLevel_ColorGate,8,/home/bt/Documents/Po/chili_fruit/dataset/Chili Growth Stage Original Dataset (1)/Chili Growth Stage Original Dataset/Dry chili/Dry chili00192.JPG,0,0,Dry Chili,Dry Chili,0.9272461,0.018936157,0.015838623,0.01914978,0.018661499
ChiliLiteV2_MNV3S_MultiLevel_ColorGate,8,/home/bt/Documents/Po/chili_fruit/dataset/Chili Growth Stage Original Dataset (1)/Chili Growth Stage Original Dataset/Dry chili/Dry chili00193.JPG,0,0,Dry Chili,Dry Chili,0.9296875,0.01966858,0.015327454,0.01600647,0.019165039
ChiliLiteV2_MNV3S_MultiLevel_ColorGate,8,/home/bt/Documents/Po/chili_fruit/dataset/Chili Growth Stage Original Dataset (1)/Chili Growth Stage Original Dataset/Dry chili/Dry chili00204.JPG,0,0,Dry Chili,Dry Chili,0.92822266,0.016540527,0.014472961,0.017974854,0.022903442
ChiliLiteV2_MNV3S_MultiLevel_ColorGate,8,/home/bt/Documents/Po/chili_fruit/dataset/Chili Growth Stage Original Dataset (1)/Chili Growth Stage Original Dataset/Dry chili/Dry chili00206.JPG,0,0,Dry Chili,Dry Chili,0.92871094,0.016204834,0.016738892,0.018127441,0.020019531
ChiliLiteV2_MNV3S_MultiLevel_ColorGate,8,/home/bt/Documents/Po/chili_fruit/dataset/Chili Growth Stage Original Dataset (1)/Chili Growth Stage Original Dataset/Dry chili/Dry chili00207.JPG,0,0,Dry Chili,Dry Chili,0.9267578,0.019592285,0.015510559,0.017578125,0.020751953
ChiliLiteV2_MNV3S_MultiLevel_ColorGate,8,/home/bt/Documents/Po/chili_fruit/dataset/Chili Growth Stage Original Dataset (1)/Chili Growth Stage Original Dataset/Dry chili/Dry chili00209.JPG,0,0,Dry Chili,Dry Chili,0.92578125,0.019485474,0.015609741,0.019973755,0.019058228
ChiliLiteV2_MNV3S_MultiLevel_ColorGate,8,/home/bt/Documents/Po/chili_fruit/dataset/Chili Growth Stage Original Dataset (1)/Chili Growth Stage Original Dataset/Dry chili/Dry chili00218.JPG,0,0,Dry Chili,Dry Chili,0.9243164,0.018493652,0.016357422,0.020904541,0.019683838
ChiliLiteV2_MNV3S_MultiLevel_ColorGate,8,/home/bt/Documents/Po/chili_fruit/dataset/Chili Growth Stage Original Dataset (1)/Chili Growth Stage Original Dataset/Dry chili/Dry chili00225.JPG,0,0,Dry Chili,Dry Chili,0.9267578,0.017959595,0.015914917,0.01940918,0.019897461
ChiliLiteV2_MNV3S_MultiLevel_ColorGate,8,/home/bt/Documents/Po/chili_fruit/dataset/Chili Growth Stage Original Dataset (1)/Chili Growth Stage Original Dataset/Dry chili/Dry chili00243.JPG,0,0,Dry Chili,Dry Chili,0.92871094,0.018615723,0.016052246,0.016784668,0.019699097
ChiliLiteV2_MNV3S_MultiLevel_ColorGate,8,/home/bt/Documents/Po/chili_fruit/dataset/Chili Growth Stage Original Dataset (1)/Chili Growth Stage Original Dataset/Dry chili/Dry chili00247.JPG,0,0,Dry Chili,Dry Chili,0.9267578,0.020858765,0.017410278,0.015731812,0.01927185
ChiliLiteV2_MNV3S_MultiLevel_ColorGate,8,/home/bt/Documents/Po/chili_fruit/dataset/Chili Growth Stage Original Dataset (1)/Chili Growth Stage Original Dataset/Dry chili/Dry chili00258.JPG,0,0,Dry Chili,Dry Chili,0.9267578,0.017913818,0.01625061,0.021240234,0.01789856
ChiliLiteV2_MNV3S_MultiLevel_ColorGate,8,/home/bt/Documents/Po/chili_fruit/dataset/Chili Growth Stage Original Dataset (1)/Chili Growth Stage Original Dataset/Dry chili/Dry chili00260.JPG,0,0,Dry Chili,Dry Chili,0.92822266,0.017486572,0.016433716,0.018035889,0.02003479
ChiliLiteV2_MNV3S_MultiLevel_ColorGate,8,/home/bt/Documents/Po/chili_fruit/dataset/Chili Growth Stage Original Dataset (1)/Chili Growth Stage Original Dataset/Dry chili/Dry chili00273.JPG,0,0,Dry Chili,Dry Chili,0.9267578,0.023269653,0.013893127,0.018722534,0.017211914
ChiliLiteV2_MNV3S_MultiLevel_ColorGate,8,/home/bt/Documents/Po/chili_fruit/dataset/Chili Growth Stage Original Dataset (1)/Chili Growth Stage Original Dataset/Dry chili/Dry chili00280.JPG,0,0,Dry Chili,Dry Chili,0.93115234,0.017440796,0.015640259,0.016479492,0.019424438
ChiliLiteV2_MNV3S_MultiLevel_ColorGate,8,/home/bt/Documents/Po/chili_fruit/dataset/Chili Growth Stage Original Dataset (1)/Chili Growth Stage Original Dataset/Dry chili/Dry chili00283.JPG,0,0,Dry Chili,Dry Chili,0.9296875,0.021057129,0.014831543,0.016433716,0.018112183
ChiliLiteV2_MNV3S_MultiLevel_ColorGate,8,/home/bt/Documents/Po/chili_fruit/dataset/Chili Growth Stage Original Dataset (1)/Chili Growth Stage Original Dataset/Dry chili/Dry chili00297.JPG,0,0,Dry Chili,Dry Chili,0.92529297,0.02217102,0.015174866,0.019241333,0.018051147
ChiliLiteV2_MNV3S_MultiLevel_ColorGate,8,/home/bt/Documents/Po/chili_fruit/dataset/Chili Growth Stage Original Dataset (1)/Chili Growth Stage Original Dataset/Dry chili/Dry chili00306.JPG,0,0,Dry Chili,Dry Chili,0.921875,0.021118164,0.015144348,0.021743774,0.020309448
ChiliLiteV2_MNV3S_MultiLevel_ColorGate,8,/home/bt/Documents/Po/chili_fruit/dataset/Chili Growth Stage Original Dataset (1)/Chili Growth Stage Original Dataset/Dry chili/Dry chili00309.JPG,0,0,Dry Chili,Dry Chili,0.92333984,0.018325806,0.017349243,0.018554688,0.022537231
ChiliLiteV2_MNV3S_MultiLevel_ColorGate,8,/home/bt/Documents/Po/chili_fruit/dataset/Chili Growth Stage Original Dataset (1)/Chili Growth Stage Original Dataset/Dry chili/Dry chili00318.JPG,0,0,Dry Chili,Dry Chili,0.92285156,0.017089844,0.01889038,0.022491455,0.018630981
ChiliLiteV2_MNV3S_MultiLevel_ColorGate,8,/home/bt/Documents/Po/chili_fruit/dataset/Chili Growth Stage Original Dataset (1)/Chili Growth Stage Original Dataset/Dry chili/Dry chili00330.JPG,0,0,Dry Chili,Dry Chili,0.92871094,0.017578125,0.01701355,0.016799927,0.019714355
ChiliLiteV2_MNV3S_MultiLevel_ColorGate,8,/home/bt/Documents/Po/chili_fruit/dataset/Chili Growth Stage Original Dataset (1)/Chili Growth Stage Original Dataset/Dry chili/Dry chili00335.JPG,0,0,Dry Chili,Dry Chili,0.9267578,0.020095825,0.014976501,0.019485474,0.018676758
ChiliLiteV2_MNV3S_MultiLevel_ColorGate,8,/home/bt/Documents/Po/chili_fruit/dataset/Chili Growth Stage Original Dataset (1)/Chili Growth Stage Original Dataset/Dry chili/Dry chili00342.JPG,0,0,Dry Chili,Dry Chili,0.9321289,0.017105103,0.015960693,0.016448975,0.0184021
ChiliLiteV2_MNV3S_MultiLevel_ColorGate,8,/home/bt/Documents/Po/chili_fruit/dataset/Chili Growth Stage Original Dataset (1)/Chili Growth Stage Original Dataset/Dry chili/Dry chili00359.JPG,0,0,Dry Chili,Dry Chili,0.9243164,0.020980835,0.0149002075,0.016311646,0.023254395
ChiliLiteV2_MNV3S_MultiLevel_ColorGate,8,/home/bt/Documents/Po/chili_fruit/dataset/Chili Growth Stage Original Dataset (1)/Chili Growth Stage Original Dataset/Dry chili/Dry chili00366.JPG,0,0,Dry Chili,Dry Chili,0.921875,0.01739502,0.016448975,0.02293396,0.021133423
ChiliLiteV2_MNV3S_MultiLevel_ColorGate,8,/home/bt/Documents/Po/chili_fruit/dataset/Chili Growth Stage Original Dataset (1)/Chili Growth Stage Original Dataset/Dry chili/Dry chili00368.JPG,0,0,Dry Chili,Dry Chili,0.9277344,0.017700195,0.018676758,0.017745972,0.018112183
ChiliLiteV2_MNV3S_MultiLevel_ColorGate,8,/home/bt/Documents/Po/chili_fruit/dataset/Chili Growth Stage Original Dataset (1)/Chili Growth Stage Original Dataset/Dry chili/Dry chili00384.JPG,0,0,Dry Chili,Dry Chili,0.9213867,0.021072388,0.01689148,0.016525269,0.023925781
ChiliLiteV2_MNV3S_MultiLevel_ColorGate,8,/home/bt/Documents/Po/chili_fruit/dataset/Chili Growth Stage Original Dataset (1)/Chili Growth Stage Original Dataset/Dry chili/Dry chili00389.JPG,0,0,Dry Chili,Dry Chili,0.9301758,0.018203735,0.01637268,0.017745972,0.017547607
ChiliLiteV2_MNV3S_MultiLevel_ColorGate,8,/home/bt/Documents/Po/chili_fruit/dataset/Chili Growth Stage Original Dataset (1)/Chili Growth Stage Original Dataset/Dry chili/Dry chili00392.JPG,0,0,Dry Chili,Dry Chili,0.9296875,0.02116394,0.016067505,0.016601562,0.016647339
ChiliLiteV2_MNV3S_MultiLevel_ColorGate,8,/home/bt/Documents/Po/chili_fruit/dataset/Chili Growth Stage Original Dataset (1)/Chili Growth Stage Original Dataset/Flower/Flower00023.JPG,1,1,Flower,Flower,0.017074585,0.9243164,0.01739502,0.021377563,0.019882202
ChiliLiteV2_MNV3S_MultiLevel_ColorGate,8,/home/bt/Documents/Po/chili_fruit/dataset/Chili Growth Stage Original Dataset (1)/Chili Growth Stage Original Dataset/Flower/Flower00038.JPG,1,1,Flower,Flower,0.018600464,0.921875,0.01574707,0.021148682,0.022415161
ChiliLiteV2_MNV3S_MultiLevel_ColorGate,8,/home/bt/Documents/Po/chili_fruit/dataset/Chili Growth Stage Original Dataset (1)/Chili Growth Stage Original Dataset/Flower/Flower00042.JPG,1,1,Flower,Flower,0.018753052,0.92285156,0.015563965,0.022094727,0.020751953
ChiliLiteV2_MNV3S_MultiLevel_ColorGate,8,/home/bt/Documents/Po/chili_fruit/dataset/Chili Growth Stage Original Dataset (1)/Chili Growth Stage Original Dataset/Flower/Flower00064.JPG,1,1,Flower,Flower,0.017120361,0.92089844,0.016113281,0.02229309,0.0236969
ChiliLiteV2_MNV3S_MultiLevel_ColorGate,8,/home/bt/Documents/Po/chili_fruit/dataset/Chili Growth Stage Original Dataset (1)/Chili Growth Stage Original Dataset/Flower/Flower00068.JPG,1,1,Flower,Flower,0.01914978,0.92041016,0.017456055,0.023040771,0.019805908
ChiliLiteV2_MNV3S_MultiLevel_ColorGate,8,/home/bt/Documents/Po/chili_fruit/dataset/Chili Growth Stage Original Dataset (1)/Chili Growth Stage Original Dataset/Flower/Flower00072.JPG,1,1,Flower,Flower,0.018310547,0.9189453,0.016235352,0.021636963,0.02470398
ChiliLiteV2_MNV3S_MultiLevel_ColorGate,8,/home/bt/Documents/Po/chili_fruit/dataset/Chili Growth Stage Original Dataset (1)/Chili Growth Stage Original Dataset/Flower/Flower00117.JPG,1,1,Flower,Flower,0.01914978,0.9223633,0.015403748,0.02142334,0.02154541
ChiliLiteV2_MNV3S_MultiLevel_ColorGate,8,/home/bt/Documents/Po/chili_fruit/dataset/Chili Growth Stage Original Dataset (1)/Chili Growth Stage Original Dataset/Flower/Flower00121.JPG,1,1,Flower,Flower,0.016601562,0.921875,0.015434265,0.020904541,0.025390625
ChiliLiteV2_MNV3S_MultiLevel_ColorGate,8,/home/bt/Documents/Po/chili_fruit/dataset/Chili Growth Stage Original Dataset (1)/Chili Growth Stage Original Dataset/Flower/Flower00126.JPG,1,1,Flower,Flower,0.016342163,0.92333984,0.018432617,0.019042969,0.022918701
ChiliLiteV2_MNV3S_MultiLevel_ColorGate,8,/home/bt/Documents/Po/chili_fruit/dataset/Chili Growth Stage Original Dataset (1)/Chili Growth Stage Original Dataset/Flower/Flower00127.JPG,1,1,Flower,Flower,0.017120361,0.9213867,0.016983032,0.020126343,0.024307251
ChiliLiteV2_MNV3S_MultiLevel_ColorGate,8,/home/bt/Documents/Po/chili_fruit/dataset/Chili Growth Stage Original Dataset (1)/Chili Growth Stage Original Dataset/Flower/Flower00132.JPG,1,1,Flower,Flower,0.018035889,0.9213867,0.01701355,0.021621704,0.022033691
ChiliLiteV2_MNV3S_MultiLevel_ColorGate,8,/home/bt/Documents/Po/chili_fruit/dataset/Chili Growth Stage Original Dataset (1)/Chili Growth Stage Original Dataset/Flower/Flower00135.JPG,1,1,Flower,Flower,0.017105103,0.9223633,0.017471313,0.021621704,0.021606445
ChiliLiteV2_MNV3S_MultiLevel_ColorGate,8,/home/bt/Documents/Po/chili_fruit/dataset/Chili Growth Stage Original Dataset (1)/Chili Growth Stage Original Dataset/Flower/Flower00138.JPG,1,1,Flower,Flower,0.017181396,0.92285156,0.01739502,0.021636963,0.021087646
ChiliLiteV2_MNV3S_MultiLevel_ColorGate,8,/home/bt/Documents/Po/chili_fruit/dataset/Chili Growth Stage Original Dataset (1)/Chili Growth Stage Original Dataset/Flower/Flower00143.JPG,1,1,Flower,Flower,0.01776123,0.92089844,0.014259338,0.021697998,0.025131226
ChiliLiteV2_MNV3S_MultiLevel_ColorGate,8,/home/bt/Documents/Po/chili_fruit/dataset/Chili Growth Stage Original Dataset (1)/Chili Growth Stage Original Dataset/Flower/Flower00150.JPG,1,1,Flower,Flower,0.016937256,0.92529297,0.018112183,0.021408081,0.018051147
ChiliLiteV2_MNV3S_MultiLevel_ColorGate,8,/home/bt/Documents/Po/chili_fruit/dataset/Chili Growth Stage Original Dataset (1)/Chili Growth Stage Original Dataset/Flower/Flower00153.JPG,1,1,Flower,Flower,0.016403198,0.9213867,0.018081665,0.02217102,0.021850586
ChiliLiteV2_MNV3S_MultiLevel_ColorGate,8,/home/bt/Documents/Po/chili_fruit/dataset/Chili Growth Stage Original Dataset (1)/Chili Growth Stage Original Dataset/Flower/Flower00182.JPG,1,1,Flower,Flower,0.018508911,0.92333984,0.01651001,0.021560669,0.02027893
ChiliLiteV2_MNV3S_MultiLevel_ColorGate,8,/home/bt/Documents/Po/chili_fruit/dataset/Chili Growth Stage Original Dataset (1)/Chili Growth Stage Original Dataset/Flower/Flower00183.JPG,1,1,Flower,Flower,0.018981934,0.92529297,0.016311646,0.020523071,0.019042969
ChiliLiteV2_MNV3S_MultiLevel_ColorGate,8,/home/bt/Documents/Po/chili_fruit/dataset/Chili Growth Stage Original Dataset (1)/Chili Growth Stage Original Dataset/Flower/Flower00194.JPG,1,1,Flower,Flower,0.016464233,0.92578125,0.01626587,0.020523071,0.021072388
ChiliLiteV2_MNV3S_MultiLevel_ColorGate,8,/home/bt/Documents/Po/chili_fruit/dataset/Chili Growth Stage Original Dataset (1)/Chili Growth Stage Original Dataset/Flower/Flower00203.JPG,1,1,Flower,Flower,0.018356323,0.92041016,0.014877319,0.022018433,0.024536133
ChiliLiteV2_MNV3S_MultiLevel_ColorGate,8,/home/bt/Documents/Po/chili_fruit/dataset/Chili Growth Stage Original Dataset (1)/Chili Growth Stage Original Dataset/Flower/Flower00207.JPG,1,1,Flower,Flower,0.017745972,0.921875,0.016555786,0.020980835,0.022781372
ChiliLiteV2_MNV3S_MultiLevel_ColorGate,8,/home/bt/Documents/Po/chili_fruit/dataset/Chili Growth Stage Original Dataset (1)/Chili Growth Stage Original Dataset/Flower/Flower00220.JPG,1,1,Flower,Flower,0.0184021,0.92285156,0.014587402,0.021347046,0.023025513
ChiliLiteV2_MNV3S_MultiLevel_ColorGate,8,/home/bt/Documents/Po/chili_fruit/dataset/Chili Growth Stage Original Dataset (1)/Chili Growth Stage Original Dataset/Flower/Flower00223.JPG,1,1,Flower,Flower,0.019134521,0.9213867,0.018234253,0.018692017,0.02230835
ChiliLiteV2_MNV3S_MultiLevel_ColorGate,8,/home/bt/Documents/Po/chili_fruit/dataset/Chili Growth Stage Original Dataset (1)/Chili Growth Stage Original Dataset/Flower/Flower00228.JPG,1,1,Flower,Flower,0.017822266,0.92089844,0.020507812,0.020095825,0.020889282
ChiliLiteV2_MNV3S_MultiLevel_ColorGate,8,/home/bt/Documents/Po/chili_fruit/dataset/Chili Growth Stage Original Dataset (1)/Chili Growth Stage Original Dataset/Flower/Flower00233.JPG,1,1,Flower,Flower,0.017044067,0.921875,0.01651001,0.019424438,0.025222778
ChiliLiteV2_MNV3S_MultiLevel_ColorGate,8,/home/bt/Documents/Po/chili_fruit/dataset/Chili Growth Stage Original Dataset (1)/Chili Growth Stage Original Dataset/Flower/Flower00235.JPG,1,1,Flower,Flower,0.018112183,0.92041016,0.018585205,0.019989014,0.022750854
ChiliLiteV2_MNV3S_MultiLevel_ColorGate,8,/home/bt/Documents/Po/chili_fruit/dataset/Chili Growth Stage Original Dataset (1)/Chili Growth Stage Original Dataset/Flower/Flower00236.JPG,1,1,Flower,Flower,0.018310547,0.9213867,0.018249512,0.019302368,0.02281189
ChiliLiteV2_MNV3S_MultiLevel_ColorGate,8,/home/bt/Documents/Po/chili_fruit/dataset/Chili Growth Stage Original Dataset (1)/Chili Growth Stage Original Dataset/Flower/Flower00257.JPG,1,1,Flower,Flower,0.018447876,0.9199219,0.017669678,0.021362305,0.022766113
ChiliLiteV2_MNV3S_MultiLevel_ColorGate,8,/home/bt/Documents/Po/chili_fruit/dataset/Chili Growth Stage Original Dataset (1)/Chili Growth Stage Original Dataset/Flower/Flower00266.JPG,1,1,Flower,Flower,0.017654419,0.91796875,0.018920898,0.02267456,0.022644043
ChiliLiteV2_MNV3S_MultiLevel_ColorGate,8,/home/bt/Documents/Po/chili_fruit/dataset/Chili Growth Stage Original Dataset (1)/Chili Growth Stage Original Dataset/Flower/Flower00275.JPG,1,1,Flower,Flower,0.015327454,0.92089844,0.02116394,0.020996094,0.021499634
ChiliLiteV2_MNV3S_MultiLevel_ColorGate,8,/home/bt/Documents/Po/chili_fruit/dataset/Chili Growth Stage Original Dataset (1)/Chili Growth Stage Original Dataset/Flower/Flower00296.JPG,1,1,Flower,Flower,0.01663208,0.91845703,0.022735596,0.021270752,0.020980835
ChiliLiteV2_MNV3S_MultiLevel_ColorGate,8,/home/bt/Documents/Po/chili_fruit/dataset/Chili Growth Stage Original Dataset (1)/Chili Growth Stage Original Dataset/Flower/Flower00304.JPG,1,1,Flower,Flower,0.023345947,0.91503906,0.019165039,0.020126343,0.022216797
ChiliLiteV2_MNV3S_MultiLevel_ColorGate,8,/home/bt/Documents/Po/chili_fruit/dataset/Chili Growth Stage Original Dataset (1)/Chili Growth Stage Original Dataset/Flower/Flower00340.JPG,1,1,Flower,Flower,0.02418518,0.91845703,0.023712158,0.018295288,0.015357971
ChiliLiteV2_MNV3S_MultiLevel_ColorGate,8,/home/bt/Documents/Po/chili_fruit/dataset/Chili Growth Stage Original Dataset (1)/Chili Growth Stage Original Dataset/Flower/Flower00351.JPG,1,1,Flower,Flower,0.01776123,0.9194336,0.016067505,0.020050049,0.026748657
ChiliLiteV2_MNV3S_MultiLevel_ColorGate,8,/home/bt/Documents/Po/chili_fruit/dataset/Chili Growth Stage Original Dataset (1)/Chili Growth Stage Original Dataset/Flower/Flower00370.JPG,1,1,Flower,Flower,0.017349243,0.92333984,0.014823914,0.020248413,0.024383545
ChiliLiteV2_MNV3S_MultiLevel_ColorGate,8,/home/bt/Documents/Po/chili_fruit/dataset/Chili Growth Stage Original Dataset (1)/Chili Growth Stage Original Dataset/Flower/Flower00378.JPG,1,1,Flower,Flower,0.020431519,0.91845703,0.018310547,0.019577026,0.02305603
ChiliLiteV2_MNV3S_MultiLevel_ColorGate,8,/home/bt/Documents/Po/chili_fruit/dataset/Chili Growth Stage Original Dataset (1)/Chili Growth Stage Original Dataset/Flower/Flower00385.JPG,1,1,Flower,Flower,0.02720642,0.9082031,0.019546509,0.017745972,0.027252197
ChiliLiteV2_MNV3S_MultiLevel_ColorGate,8,/home/bt/Documents/Po/chili_fruit/dataset/Chili Growth Stage Original Dataset (1)/Chili Growth Stage Original Dataset/Flower/Flower00395.JPG,1,1,Flower,Flower,0.015716553,0.921875,0.018218994,0.021606445,0.022476196
ChiliLiteV2_MNV3S_MultiLevel_ColorGate,8,/home/bt/Documents/Po/chili_fruit/dataset/Chili Growth Stage Original Dataset (1)/Chili Growth Stage Original Dataset/Flower/Flower00396.JPG,1,1,Flower,Flower,0.019073486,0.9199219,0.017837524,0.018936157,0.024246216
ChiliLiteV2_MNV3S_MultiLevel_ColorGate,8,/home/bt/Documents/Po/chili_fruit/dataset/Chili Growth Stage Original Dataset (1)/Chili Growth Stage Original Dataset/Green Chili/Green Chili00014.JPG,2,2,Green Chili,Green Chili,0.016784668,0.01600647,0.9316406,0.015701294,0.020080566
ChiliLiteV2_MNV3S_MultiLevel_ColorGate,8,/home/bt/Documents/Po/chili_fruit/dataset/Chili Growth Stage Original Dataset (1)/Chili Growth Stage Original Dataset/Green Chili/Green Chili00029.JPG,2,2,Green Chili,Green Chili,0.017059326,0.019012451,0.9345703,0.013198853,0.01637268
ChiliLiteV2_MNV3S_MultiLevel_ColorGate,8,/home/bt/Documents/Po/chili_fruit/dataset/Chili Growth Stage Original Dataset (1)/Chili Growth Stage Original Dataset/Green Chili/Green Chili00040.JPG,2,2,Green Chili,Green Chili,0.014671326,0.01739502,0.9355469,0.016418457,0.016098022
ChiliLiteV2_MNV3S_MultiLevel_ColorGate,8,/home/bt/Documents/Po/chili_fruit/dataset/Chili Growth Stage Original Dataset (1)/Chili Growth Stage Original Dataset/Green Chili/Green Chili00042.JPG,2,2,Green Chili,Green Chili,0.02458191,0.017242432,0.92626953,0.014213562,0.017944336
ChiliLiteV2_MNV3S_MultiLevel_ColorGate,8,/home/bt/Documents/Po/chili_fruit/dataset/Chili Growth Stage Original Dataset (1)/Chili Growth Stage Original Dataset/Green Chili/Green Chili00043.JPG,2,2,Green Chili,Green Chili,0.024978638,0.017364502,0.9267578,0.014343262,0.016723633
ChiliLiteV2_MNV3S_MultiLevel_ColorGate,8,/home/bt/Documents/Po/chili_fruit/dataset/Chili Growth Stage Original Dataset (1)/Chili Growth Stage Original Dataset/Green Chili/Green Chili00044.JPG,2,2,Green Chili,Green Chili,0.02583313,0.018203735,0.9238281,0.015403748,0.016677856
ChiliLiteV2_MNV3S_MultiLevel_ColorGate,8,/home/bt/Documents/Po/chili_fruit/dataset/Chili Growth Stage Original Dataset (1)/Chili Growth Stage Original Dataset/Green Chili/Green Chili00052.JPG,2,2,Green Chili,Green Chili,0.017166138,0.016662598,0.9301758,0.015434265,0.020629883
ChiliLiteV2_MNV3S_MultiLevel_ColorGate,8,/home/bt/Documents/Po/chili_fruit/dataset/Chili Growth Stage Original Dataset (1)/Chili Growth Stage Original Dataset/Green Chili/Green Chili00055.JPG,2,2,Green Chili,Green Chili,0.017623901,0.015541077,0.93310547,0.015823364,0.017868042
ChiliLiteV2_MNV3S_MultiLevel_ColorGate,8,/home/bt/Documents/Po/chili_fruit/dataset/Chili Growth Stage Original Dataset (1)/Chili Growth Stage Original Dataset/Green Chili/Green Chili00062.JPG,2,2,Green Chili,Green Chili,0.012878418,0.01876831,0.93359375,0.015609741,0.019378662
ChiliLiteV2_MNV3S_MultiLevel_ColorGate,8,/home/bt/Documents/Po/chili_fruit/dataset/Chili Growth Stage Original Dataset (1)/Chili Growth Stage Original Dataset/Green Chili/Green Chili00067.JPG,2,2,Green Chili,Green Chili,0.014762878,0.017044067,0.9355469,0.017303467,0.015434265
ChiliLiteV2_MNV3S_MultiLevel_ColorGate,8,/home/bt/Documents/Po/chili_fruit/dataset/Chili Growth Stage Original Dataset (1)/Chili Growth Stage Original Dataset/Green Chili/Green Chili00072.JPG,2,2,Green Chili,Green Chili,0.019317627,0.015312195,0.9301758,0.013824463,0.021392822
ChiliLiteV2_MNV3S_MultiLevel_ColorGate,8,/home/bt/Documents/Po/chili_fruit/dataset/Chili Growth Stage Original Dataset (1)/Chili Growth Stage Original Dataset/Green Chili/Green Chili00082.JPG,2,2,Green Chili,Green Chili,0.015594482,0.01651001,0.9326172,0.01802063,0.017440796
ChiliLiteV2_MNV3S_MultiLevel_ColorGate,8,/home/bt/Documents/Po/chili_fruit/dataset/Chili Growth Stage Original Dataset (1)/Chili Growth Stage Original Dataset/Green Chili/Green Chili00097.JPG,2,2,Green Chili,Green Chili,0.014060974,0.01651001,0.9345703,0.016708374,0.01826477
ChiliLiteV2_MNV3S_MultiLevel_ColorGate,8,/home/bt/Documents/Po/chili_fruit/dataset/Chili Growth Stage Original Dataset (1)/Chili Growth Stage Original Dataset/Green Chili/Green Chili00113.JPG,2,2,Green Chili,Green Chili,0.015327454,0.015945435,0.93408203,0.016616821,0.018081665
ChiliLiteV2_MNV3S_MultiLevel_ColorGate,8,/home/bt/Documents/Po/chili_fruit/dataset/Chili Growth Stage Original Dataset (1)/Chili Growth Stage Original Dataset/Green Chili/Green Chili00120.JPG,2,2,Green Chili,Green Chili,0.016723633,0.019104004,0.9277344,0.01576233,0.020446777
ChiliLiteV2_MNV3S_MultiLevel_ColorGate,8,/home/bt/Documents/Po/chili_fruit/dataset/Chili Growth Stage Original Dataset (1)/Chili Growth Stage Original Dataset/Green Chili/Green Chili00147.JPG,2,2,Green Chili,Green Chili,0.01612854,0.01789856,0.93408203,0.017562866,0.014312744
ChiliLiteV2_MNV3S_MultiLevel_ColorGate,8,/home/bt/Documents/Po/chili_fruit/dataset/Chili Growth Stage Original Dataset (1)/Chili Growth Stage Original Dataset/Green Chili/Green Chili00154.JPG,2,2,Green Chili,Green Chili,0.01651001,0.016220093,0.93115234,0.016586304,0.01966858
ChiliLiteV2_MNV3S_MultiLevel_ColorGate,8,/home/bt/Documents/Po/chili_fruit/dataset/Chili Growth Stage Original Dataset (1)/Chili Growth Stage Original Dataset/Green Chili/Green Chili00159.JPG,2,2,Green Chili,Green Chili,0.015808105,0.017074585,0.93310547,0.015388489,0.01864624
ChiliLiteV2_MNV3S_MultiLevel_ColorGate,8,/home/bt/Documents/Po/chili_fruit/dataset/Chili Growth Stage Original Dataset (1)/Chili Growth Stage Original Dataset/Green Chili/Green Chili00174.JPG,2,2,Green Chili,Green Chili,0.016937256,0.02166748,0.92529297,0.02279663,0.01335144
ChiliLiteV2_MNV3S_MultiLevel_ColorGate,8,/home/bt/Documents/Po/chili_fruit/dataset/Chili Growth Stage Original Dataset (1)/Chili Growth Stage Original Dataset/Green Chili/Green Chili00183.JPG,2,2,Green Chili,Green Chili,0.014823914,0.017288208,0.93603516,0.016342163,0.015487671
ChiliLiteV2_MNV3S_MultiLevel_ColorGate,8,/home/bt/Documents/Po/chili_fruit/dataset/Chili Growth Stage Original Dataset (1)/Chili Growth Stage Original Dataset/Green Chili/Green Chili00191.JPG,2,2,Green Chili,Green Chili,0.015731812,0.02079773,0.93359375,0.015472412,0.0143585205
ChiliLiteV2_MNV3S_MultiLevel_ColorGate,8,/home/bt/Documents/Po/chili_fruit/dataset/Chili Growth Stage Original Dataset (1)/Chili Growth Stage Original Dataset/Green Chili/Green Chili00198.JPG,2,2,Green Chili,Green Chili,0.016067505,0.01701355,0.92626953,0.016845703,0.023605347
ChiliLiteV2_MNV3S_MultiLevel_ColorGate,8,/home/bt/Documents/Po/chili_fruit/dataset/Chili Growth Stage Original Dataset (1)/Chili Growth Stage Original Dataset/Green Chili/Green Chili00223.JPG,2,2,Green Chili,Green Chili,0.019470215,0.018753052,0.92041016,0.014717102,0.026779175
ChiliLiteV2_MNV3S_MultiLevel_ColorGate,8,/home/bt/Documents/Po/chili_fruit/dataset/Chili Growth Stage Original Dataset (1)/Chili Growth Stage Original Dataset/Green Chili/Green Chili00231.JPG,2,2,Green Chili,Green Chili,0.017074585,0.01574707,0.9321289,0.01586914,0.01928711
ChiliLiteV2_MNV3S_MultiLevel_ColorGate,8,/home/bt/Documents/Po/chili_fruit/dataset/Chili Growth Stage Original Dataset (1)/Chili Growth Stage Original Dataset/Green Chili/Green Chili00244.JPG,2,2,Green Chili,Green Chili,0.016159058,0.016906738,0.9316406,0.019378662,0.015777588
ChiliLiteV2_MNV3S_MultiLevel_ColorGate,8,/home/bt/Documents/Po/chili_fruit/dataset/Chili Growth Stage Original Dataset (1)/Chili Growth Stage Original Dataset/Green Chili/Green Chili00248.JPG,2,2,Green Chili,Green Chili,0.01574707,0.016983032,0.93359375,0.01499939,0.018920898
ChiliLiteV2_MNV3S_MultiLevel_ColorGate,8,/home/bt/Documents/Po/chili_fruit/dataset/Chili Growth Stage Original Dataset (1)/Chili Growth Stage Original Dataset/Green Chili/Green Chili00266.JPG,2,2,Green Chili,Green Chili,0.016525269,0.016174316,0.9277344,0.01876831,0.020950317
ChiliLiteV2_MNV3S_MultiLevel_ColorGate,8,/home/bt/Documents/Po/chili_fruit/dataset/Chili Growth Stage Original Dataset (1)/Chili Growth Stage Original Dataset/Green Chili/Green Chili00276.JPG,2,2,Green Chili,Green Chili,0.01876831,0.015975952,0.9321289,0.012832642,0.020492554
ChiliLiteV2_MNV3S_MultiLevel_ColorGate,8,/home/bt/Documents/Po/chili_fruit/dataset/Chili Growth Stage Original Dataset (1)/Chili Growth Stage Original Dataset/Green Chili/Green Chili00292.JPG,2,2,Green Chili,Green Chili,0.018539429,0.018157959,0.90625,0.023666382,0.033294678
ChiliLiteV2_MNV3S_MultiLevel_ColorGate,8,/home/bt/Documents/Po/chili_fruit/dataset/Chili Growth Stage Original Dataset (1)/Chili Growth Stage Original Dataset/Green Chili/Green Chili00295.JPG,2,2,Green Chili,Green Chili,0.014678955,0.018295288,0.9355469,0.015182495,0.016448975
ChiliLiteV2_MNV3S_MultiLevel_ColorGate,8,/home/bt/Documents/Po/chili_fruit/dataset/Chili Growth Stage Original Dataset (1)/Chili Growth Stage Original Dataset/Green Chili/Green Chili00302.JPG,2,2,Green Chili,Green Chili,0.025939941,0.015701294,0.9267578,0.015411377,0.016296387
ChiliLiteV2_MNV3S_MultiLevel_ColorGate,8,/home/bt/Documents/Po/chili_fruit/dataset/Chili Growth Stage Original Dataset (1)/Chili Growth Stage Original Dataset/Green Chili/Green Chili00306.JPG,2,2,Green Chili,Green Chili,0.018035889,0.017944336,0.9350586,0.015327454,0.013442993
ChiliLiteV2_MNV3S_MultiLevel_ColorGate,8,/home/bt/Documents/Po/chili_fruit/dataset/Chili Growth Stage Original Dataset (1)/Chili Growth Stage Original Dataset/Green Chili/Green Chili00315.JPG,2,2,Green Chili,Green Chili,0.01953125,0.021362305,0.9301758,0.012763977,0.016113281
ChiliLiteV2_MNV3S_MultiLevel_ColorGate,8,/home/bt/Documents/Po/chili_fruit/dataset/Chili Growth Stage Original Dataset (1)/Chili Growth Stage Original Dataset/Red Chili/Red Chili00006.JPG,3,3,Red Chili,Red Chili,0.016159058,0.018707275,0.013328552,0.92626953,0.025726318
ChiliLiteV2_MNV3S_MultiLevel_ColorGate,8,/home/bt/Documents/Po/chili_fruit/dataset/Chili Growth Stage Original Dataset (1)/Chili Growth Stage Original Dataset/Red Chili/Red Chili00022.JPG,3,3,Red Chili,Red Chili,0.017807007,0.021820068,0.0154800415,0.9238281,0.020950317
ChiliLiteV2_MNV3S_MultiLevel_ColorGate,8,/home/bt/Documents/Po/chili_fruit/dataset/Chili Growth Stage Original Dataset (1)/Chili Growth Stage Original Dataset/Red Chili/Red Chili00039.JPG,3,3,Red Chili,Red Chili,0.017562866,0.018600464,0.01512146,0.92822266,0.020401001
ChiliLiteV2_MNV3S_MultiLevel_ColorGate,8,/home/bt/Documents/Po/chili_fruit/dataset/Chili Growth Stage Original Dataset (1)/Chili Growth Stage Original Dataset/Red Chili/Red Chili00041.JPG,3,3,Red Chili,Red Chili,0.01864624,0.017501831,0.01399231,0.9277344,0.022247314
ChiliLiteV2_MNV3S_MultiLevel_ColorGate,8,/home/bt/Documents/Po/chili_fruit/dataset/Chili Growth Stage Original Dataset (1)/Chili Growth Stage Original Dataset/Red Chili/Red Chili00066.JPG,3,3,Red Chili,Red Chili,0.017852783,0.01776123,0.014724731,0.9243164,0.025131226
ChiliLiteV2_MNV3S_MultiLevel_ColorGate,8,/home/bt/Documents/Po/chili_fruit/dataset/Chili Growth Stage Original Dataset (1)/Chili Growth Stage Original Dataset/Red Chili/Red Chili00077.JPG,3,3,Red Chili,Red Chili,0.017410278,0.016479492,0.016448975,0.90966797,0.040039062
ChiliLiteV2_MNV3S_MultiLevel_ColorGate,8,/home/bt/Documents/Po/chili_fruit/dataset/Chili Growth Stage Original Dataset (1)/Chili Growth Stage Original Dataset/Red Chili/Red Chili00099.JPG,3,3,Red Chili,Red Chili,0.020187378,0.02154541,0.01398468,0.9199219,0.024414062
ChiliLiteV2_MNV3S_MultiLevel_ColorGate,8,/home/bt/Documents/Po/chili_fruit/dataset/Chili Growth Stage Original Dataset (1)/Chili Growth Stage Original Dataset/Red Chili/Red Chili00125.JPG,3,3,Red Chili,Red Chili,0.017547607,0.02067566,0.013130188,0.9248047,0.023788452
ChiliLiteV2_MNV3S_MultiLevel_ColorGate,8,/home/bt/Documents/Po/chili_fruit/dataset/Chili Growth Stage Original Dataset (1)/Chili Growth Stage Original Dataset/Red Chili/Red Chili00129.JPG,3,3,Red Chili,Red Chili,0.0178833,0.02041626,0.013710022,0.92529297,0.022827148
ChiliLiteV2_MNV3S_MultiLevel_ColorGate,8,/home/bt/Documents/Po/chili_fruit/dataset/Chili Growth Stage Original Dataset (1)/Chili Growth Stage Original Dataset/Red Chili/Red Chili00137.JPG,3,3,Red Chili,Red Chili,0.016220093,0.01991272,0.012527466,0.9272461,0.023895264
ChiliLiteV2_MNV3S_MultiLevel_ColorGate,8,/home/bt/Documents/Po/chili_fruit/dataset/Chili Growth Stage Original Dataset (1)/Chili Growth Stage Original Dataset/Red Chili/Red Chili00138.JPG,3,3,Red Chili,Red Chili,0.019561768,0.019058228,0.01259613,0.9223633,0.02633667
ChiliLiteV2_MNV3S_MultiLevel_ColorGate,8,/home/bt/Documents/Po/chili_fruit/dataset/Chili Growth Stage Original Dataset (1)/Chili Growth Stage Original Dataset/Red Chili/Red Chili00142.JPG,3,3,Red Chili,Red Chili,0.018051147,0.018173218,0.015037537,0.9267578,0.02178955
ChiliLiteV2_MNV3S_MultiLevel_ColorGate,8,/home/bt/Documents/Po/chili_fruit/dataset/Chili Growth Stage Original Dataset (1)/Chili Growth Stage Original Dataset/Red Chili/Red Chili00145.JPG,3,3,Red Chili,Red Chili,0.015197754,0.01739502,0.015617371,0.9248047,0.027160645
ChiliLiteV2_MNV3S_MultiLevel_ColorGate,8,/home/bt/Documents/Po/chili_fruit/dataset/Chili Growth Stage Original Dataset (1)/Chili Growth Stage Original Dataset/Red Chili/Red Chili00147.JPG,3,3,Red Chili,Red Chili,0.01499939,0.016464233,0.015991211,0.91552734,0.03717041
ChiliLiteV2_MNV3S_MultiLevel_ColorGate,8,/home/bt/Documents/Po/chili_fruit/dataset/Chili Growth Stage Original Dataset (1)/Chili Growth Stage Original Dataset/Red Chili/Red Chili00150.JPG,3,3,Red Chili,Red Chili,0.015487671,0.01966858,0.013893127,0.9272461,0.02357483
ChiliLiteV2_MNV3S_MultiLevel_ColorGate,8,/home/bt/Documents/Po/chili_fruit/dataset/Chili Growth Stage Original Dataset (1)/Chili Growth Stage Original Dataset/Red Chili/Red Chili00157.JPG,3,3,Red Chili,Red Chili,0.015853882,0.020492554,0.013946533,0.92529297,0.02418518
ChiliLiteV2_MNV3S_MultiLevel_ColorGate,8,/home/bt/Documents/Po/chili_fruit/dataset/Chili Growth Stage Original Dataset (1)/Chili Growth Stage Original Dataset/Red Chili/Red Chili00162.JPG,3,3,Red Chili,Red Chili,0.015808105,0.017684937,0.017547607,0.9291992,0.019699097
ChiliLiteV2_MNV3S_MultiLevel_ColorGate,8,/home/bt/Documents/Po/chili_fruit/dataset/Chili Growth Stage Original Dataset (1)/Chili Growth Stage Original Dataset/Red Chili/Red Chili00177.JPG,3,3,Red Chili,Red Chili,0.017974854,0.017623901,0.013793945,0.9223633,0.028015137
ChiliLiteV2_MNV3S_MultiLevel_ColorGate,8,/home/bt/Documents/Po/chili_fruit/dataset/Chili Growth Stage Original Dataset (1)/Chili Growth Stage Original Dataset/Red Chili/Red Chili00185.JPG,3,3,Red Chili,Red Chili,0.029632568,0.038848877,0.018615723,0.6455078,0.26733398
ChiliLiteV2_MNV3S_MultiLevel_ColorGate,8,/home/bt/Documents/Po/chili_fruit/dataset/Chili Growth Stage Original Dataset (1)/Chili Growth Stage Original Dataset/Red Chili/Red Chili00197.JPG,3,3,Red Chili,Red Chili,0.017105103,0.018814087,0.014183044,0.92871094,0.02116394
ChiliLiteV2_MNV3S_MultiLevel_ColorGate,8,/home/bt/Documents/Po/chili_fruit/dataset/Chili Growth Stage Original Dataset (1)/Chili Growth Stage Original Dataset/Rotten Chili/Rotten Chili00007.JPG,4,4,Rotten Chili,Rotten Chili,0.01625061,0.02508545,0.019622803,0.015701294,0.92333984
ChiliLiteV2_MNV3S_MultiLevel_ColorGate,8,/home/bt/Documents/Po/chili_fruit/dataset/Chili Growth Stage Original Dataset (1)/Chili Growth Stage Original Dataset/Rotten Chili/Rotten Chili00009.JPG,4,4,Rotten Chili,Rotten Chili,0.017105103,0.025787354,0.018966675,0.0154800415,0.92285156
ChiliLiteV2_MNV3S_MultiLevel_ColorGate,8,/home/bt/Documents/Po/chili_fruit/dataset/Chili Growth Stage Original Dataset (1)/Chili Growth Stage Original Dataset/Rotten Chili/Rotten Chili00017.JPG,4,4,Rotten Chili,Rotten Chili,0.02029419,0.024780273,0.015899658,0.016296387,0.92285156
ChiliLiteV2_MNV3S_MultiLevel_ColorGate,8,/home/bt/Documents/Po/chili_fruit/dataset/Chili Growth Stage Original Dataset (1)/Chili Growth Stage Original Dataset/Rotten Chili/Rotten Chili00021.JPG,4,4,Rotten Chili,Rotten Chili,0.018630981,0.025787354,0.016036987,0.016830444,0.92285156
ChiliLiteV2_MNV3S_MultiLevel_ColorGate,8,/home/bt/Documents/Po/chili_fruit/dataset/Chili Growth Stage Original Dataset (1)/Chili Growth Stage Original Dataset/Rotten Chili/Rotten Chili00025.JPG,4,4,Rotten Chili,Rotten Chili,0.017913818,0.022109985,0.014503479,0.015991211,0.9296875
ChiliLiteV2_MNV3S_MultiLevel_ColorGate,8,/home/bt/Documents/Po/chili_fruit/dataset/Chili Growth Stage Original Dataset (1)/Chili Growth Stage Original Dataset/Rotten Chili/Rotten Chili00041.JPG,4,4,Rotten Chili,Rotten Chili,0.018325806,0.021514893,0.01776123,0.01651001,0.92578125
ChiliLiteV2_MNV3S_MultiLevel_ColorGate,8,/home/bt/Documents/Po/chili_fruit/dataset/Chili Growth Stage Original Dataset (1)/Chili Growth Stage Original Dataset/Rotten Chili/Rotten Chili00091.JPG,4,4,Rotten Chili,Rotten Chili,0.018417358,0.022125244,0.021255493,0.014221191,0.9238281
ChiliLiteV2_MNV3S_MultiLevel_ColorGate,8,/home/bt/Documents/Po/chili_fruit/dataset/Chili Growth Stage Original Dataset (1)/Chili Growth Stage Original Dataset/Rotten Chili/Rotten Chili00117.JPG,4,4,Rotten Chili,Rotten Chili,0.0184021,0.022521973,0.014961243,0.018310547,0.92578125
ChiliLiteV2_MNV3S_MultiLevel_ColorGate,8,/home/bt/Documents/Po/chili_fruit/dataset/Chili Growth Stage Original Dataset (1)/Chili Growth Stage Original Dataset/Rotten Chili/Rotten Chili00129.JPG,4,4,Rotten Chili,Rotten Chili,0.019958496,0.024307251,0.018539429,0.015625,0.9213867
ChiliLiteV2_MNV3S_MultiLevel_ColorGate,8,/home/bt/Documents/Po/chili_fruit/dataset/Chili Growth Stage Original Dataset (1)/Chili Growth Stage Original Dataset/Rotten Chili/Rotten Chili00137.JPG,4,4,Rotten Chili,Rotten Chili,0.019073486,0.022827148,0.020690918,0.016098022,0.9213867
ChiliLiteV2_MNV3S_MultiLevel_ColorGate,8,/home/bt/Documents/Po/chili_fruit/dataset/Chili Growth Stage Original Dataset (1)/Chili Growth Stage Original Dataset/Rotten Chili/Rotten Chili00139.JPG,4,4,Rotten Chili,Rotten Chili,0.01789856,0.022888184,0.018035889,0.015808105,0.92529297
ChiliLiteV2_MNV3S_MultiLevel_ColorGate,8,/home/bt/Documents/Po/chili_fruit/dataset/Chili Growth Stage Original Dataset (1)/Chili Growth Stage Original Dataset/Rotten Chili/Rotten Chili00143.JPG,4,4,Rotten Chili,Rotten Chili,0.023117065,0.017654419,0.01890564,0.018859863,0.9213867
ChiliLiteV2_MNV3S_MultiLevel_ColorGate,8,/home/bt/Documents/Po/chili_fruit/dataset/Chili Growth Stage Original Dataset (1)/Chili Growth Stage Original Dataset/Rotten Chili/Rotten Chili00156.JPG,4,4,Rotten Chili,Rotten Chili,0.017562866,0.019622803,0.022964478,0.016830444,0.92285156
ChiliLiteV2_MNV3S_MultiLevel_ColorGate,8,/home/bt/Documents/Po/chili_fruit/dataset/Chili Growth Stage Original Dataset (1)/Chili Growth Stage Original Dataset/Rotten Chili/Rotten Chili00161.JPG,4,4,Rotten Chili,Rotten Chili,0.016448975,0.023162842,0.017730713,0.016281128,0.92626953
ChiliLiteV2_MNV3S_MultiLevel_ColorGate,8,/home/bt/Documents/Po/chili_fruit/dataset/Chili Growth Stage Original Dataset (1)/Chili Growth Stage Original Dataset/Rotten Chili/Rotten Chili00170.JPG,4,4,Rotten Chili,Rotten Chili,0.016433716,0.020324707,0.016708374,0.015365601,0.93115234
ChiliLiteV2_MNV3S_MultiLevel_ColorGate,8,/home/bt/Documents/Po/chili_fruit/dataset/Chili Growth Stage Original Dataset (1)/Chili Growth Stage Original Dataset/Rotten Chili/Rotten Chili00180.JPG,4,4,Rotten Chili,Rotten Chili,0.018173218,0.022628784,0.018463135,0.014328003,0.92626953
ChiliLiteV2_MNV3S_MultiLevel_ColorGate,8,/home/bt/Documents/Po/chili_fruit/dataset/Chili Growth Stage Original Dataset (1)/Chili Growth Stage Original Dataset/Rotten Chili/Rotten Chili00186.JPG,4,4,Rotten Chili,Rotten Chili,0.017684937,0.02368164,0.01838684,0.014160156,0.92626953
ChiliLiteV2_MNV3S_MultiLevel_ColorGate,8,/home/bt/Documents/Po/chili_fruit/dataset/Chili Growth Stage Original Dataset (1)/Chili Growth Stage Original Dataset/Rotten Chili/Rotten Chili00189.JPG,4,4,Rotten Chili,Rotten Chili,0.017791748,0.022109985,0.017822266,0.015235901,0.9272461
ChiliLiteV2_MNV3S_MultiLevel_ColorGate,8,/home/bt/Documents/Po/chili_fruit/dataset/Chili Growth Stage Original Dataset (1)/Chili Growth Stage Original Dataset/Rotten Chili/Rotten Chili00198.JPG,4,4,Rotten Chili,Rotten Chili,0.015335083,0.020401001,0.018432617,0.015266418,0.93066406
ChiliLiteV2_MNV3S_MultiLevel_ColorGate,8,/home/bt/Documents/Po/chili_fruit/dataset/Chili Growth Stage Original Dataset (1)/Chili Growth Stage Original Dataset/Rotten Chili/Rotten Chili00209.JPG,4,4,Rotten Chili,Rotten Chili,0.018188477,0.021316528,0.018249512,0.01550293,0.9267578
ChiliLiteV2_MNV3S_MultiLevel_ColorGate,8,/home/bt/Documents/Po/chili_fruit/dataset/Chili Growth Stage Original Dataset (1)/Chili Growth Stage Original Dataset/Rotten Chili/Rotten Chili00214.JPG,4,4,Rotten Chili,Rotten Chili,0.01763916,0.020950317,0.019714355,0.016571045,0.92529297
ChiliLiteV2_MNV3S_MultiLevel_ColorGate,8,/home/bt/Documents/Po/chili_fruit/dataset/Chili Growth Stage Original Dataset (1)/Chili Growth Stage Original Dataset/Rotten Chili/Rotten Chili00258.JPG,4,4,Rotten Chili,Rotten Chili,0.019577026,0.019226074,0.033966064,0.014961243,0.9121094
ChiliLiteV2_MNV3S_MultiLevel_ColorGate,8,/home/bt/Documents/Po/chili_fruit/dataset/Chili Growth Stage Original Dataset (1)/Chili Growth Stage Original Dataset/Rotten Chili/Rotten Chili00259.JPG,4,4,Rotten Chili,Rotten Chili,0.025741577,0.019638062,0.022781372,0.014839172,0.9169922
ChiliLiteV2_MNV3S_MultiLevel_ColorGate,8,/home/bt/Documents/Po/chili_fruit/dataset/Chili Growth Stage Original Dataset (1)/Chili Growth Stage Original Dataset/Rotten Chili/Rotten Chili00274.JPG,4,4,Rotten Chili,Rotten Chili,0.019760132,0.020751953,0.017089844,0.015701294,0.9267578
ChiliLiteV2_MNV3S_MultiLevel_ColorGate,8,/home/bt/Documents/Po/chili_fruit/dataset/Chili Growth Stage Original Dataset (1)/Chili Growth Stage Original Dataset/Rotten Chili/Rotten Chili00278.JPG,4,4,Rotten Chili,Rotten Chili,0.019897461,0.019622803,0.01777649,0.015022278,0.9277344
ChiliLiteV2_MNV3S_MultiLevel_ColorGate,8,/home/bt/Documents/Po/chili_fruit/dataset/Chili Growth Stage Original Dataset (1)/Chili Growth Stage Original Dataset/Rotten Chili/Rotten Chili00283.JPG,4,4,Rotten Chili,Rotten Chili,0.018600464,0.026168823,0.014251709,0.01713562,0.9238281
ChiliLiteV2_MNV3S_MultiLevel_ColorGate,8,/home/bt/Documents/Po/chili_fruit/dataset/Chili Growth Stage Original Dataset (1)/Chili Growth Stage Original Dataset/Rotten Chili/Rotten Chili00289.JPG,4,4,Rotten Chili,Rotten Chili,0.01953125,0.025115967,0.015388489,0.01727295,0.92285156
ChiliLiteV2_MNV3S_MultiLevel_ColorGate,8,/home/bt/Documents/Po/chili_fruit/dataset/Chili Growth Stage Original Dataset (1)/Chili Growth Stage Original Dataset/Rotten Chili/Rotten Chili00290.JPG,4,4,Rotten Chili,Rotten Chili,0.019012451,0.025344849,0.016616821,0.016494751,0.9223633
ChiliLiteV2_MNV3S_MultiLevel_ColorGate,8,/home/bt/Documents/Po/chili_fruit/dataset/Chili Growth Stage Original Dataset (1)/Chili Growth Stage Original Dataset/Rotten Chili/Rotten Chili00307.JPG,4,4,Rotten Chili,Rotten Chili,0.020248413,0.027618408,0.014839172,0.017318726,0.9199219
ChiliLiteV2_MNV3S_MultiLevel_ColorGate,8,/home/bt/Documents/Po/chili_fruit/dataset/Chili Growth Stage Original Dataset (1)/Chili Growth Stage Original Dataset/Rotten Chili/Rotten Chili00313.JPG,4,4,Rotten Chili,Rotten Chili,0.018936157,0.026382446,0.015617371,0.01625061,0.92285156
ChiliLiteV2_MNV3S_MultiLevel_ColorGate,8,/home/bt/Documents/Po/chili_fruit/dataset/Chili Growth Stage Original Dataset (1)/Chili Growth Stage Original Dataset/Rotten Chili/Rotten Chili00320.JPG,4,4,Rotten Chili,Rotten Chili,0.02368164,0.02784729,0.016418457,0.015510559,0.9165039
ChiliLiteV2_MNV3S_MultiLevel_ColorGate,8,/home/bt/Documents/Po/chili_fruit/dataset/Chili Growth Stage Original Dataset (1)/Chili Growth Stage Original Dataset/Rotten Chili/Rotten Chili00340.JPG,4,4,Rotten Chili,Rotten Chili,0.017913818,0.02305603,0.016342163,0.015594482,0.9272461
ChiliLiteV2_MNV3S_MultiLevel_ColorGate,8,/home/bt/Documents/Po/chili_fruit/dataset/Chili Growth Stage Original Dataset (1)/Chili Growth Stage Original Dataset/Rotten Chili/Rotten Chili00351.JPG,4,4,Rotten Chili,Rotten Chili,0.020706177,0.02809143,0.017059326,0.014518738,0.9194336
ChiliLiteV2_MNV3S_MultiLevel_ColorGate,8,/home/bt/Documents/Po/chili_fruit/dataset/Chili Growth Stage Original Dataset (1)/Chili Growth Stage Original Dataset/Rotten Chili/Rotten Chili00356.JPG,4,4,Rotten Chili,Rotten Chili,0.021118164,0.02709961,0.01751709,0.014450073,0.9199219
ChiliLiteV2_MNV3S_MultiLevel_ColorGate,8,/home/bt/Documents/Po/chili_fruit/dataset/Chili Growth Stage Original Dataset (1)/Chili Growth Stage Original Dataset/Rotten Chili/Rotten Chili00357.JPG,4,4,Rotten Chili,Rotten Chili,0.022155762,0.02557373,0.01966858,0.015792847,0.9169922
ChiliLiteV2_MNV3S_MultiLevel_ColorGate,8,/home/bt/Documents/Po/chili_fruit/dataset/Chili Growth Stage Original Dataset (1)/Chili Growth Stage Original Dataset/Rotten Chili/Rotten Chili00360.JPG,4,4,Rotten Chili,Rotten Chili,0.023895264,0.025985718,0.025344849,0.015777588,0.9091797
ChiliLiteV2_MNV3S_MultiLevel_ColorGate,8,/home/bt/Documents/Po/chili_fruit/dataset/Chili Growth Stage Original Dataset (1)/Chili Growth Stage Original Dataset/Rotten Chili/Rotten Chili00361.JPG,4,4,Rotten Chili,Rotten Chili,0.026031494,0.026977539,0.02571106,0.015701294,0.9057617
ChiliLiteV2_MNV3S_MultiLevel_ColorGate,8,/home/bt/Documents/Po/chili_fruit/dataset/Chili Growth Stage Original Dataset (1)/Chili Growth Stage Original Dataset/Rotten Chili/Rotten Chili00375.JPG,4,4,Rotten Chili,Rotten Chili,0.027404785,0.026565552,0.14282227,0.030593872,0.77246094
ChiliLiteV2_MNV3S_MultiLevel_ColorGate,9,/home/bt/Documents/Po/chili_fruit/dataset/Chili Growth Stage Original Dataset (1)/Chili Growth Stage Original Dataset/Dry chili/Dry chili00014.JPG,0,0,Dry Chili,Dry Chili,0.92871094,0.02130127,0.015602112,0.01626587,0.018005371
ChiliLiteV2_MNV3S_MultiLevel_ColorGate,9,/home/bt/Documents/Po/chili_fruit/dataset/Chili Growth Stage Original Dataset (1)/Chili Growth Stage Original Dataset/Dry chili/Dry chili00037.JPG,0,0,Dry Chili,Dry Chili,0.9277344,0.022384644,0.015541077,0.016174316,0.018051147
ChiliLiteV2_MNV3S_MultiLevel_ColorGate,9,/home/bt/Documents/Po/chili_fruit/dataset/Chili Growth Stage Original Dataset (1)/Chili Growth Stage Original Dataset/Dry chili/Dry chili00046.JPG,0,0,Dry Chili,Dry Chili,0.9272461,0.021759033,0.015792847,0.017486572,0.017654419
ChiliLiteV2_MNV3S_MultiLevel_ColorGate,9,/home/bt/Documents/Po/chili_fruit/dataset/Chili Growth Stage Original Dataset (1)/Chili Growth Stage Original Dataset/Dry chili/Dry chili00047.JPG,0,0,Dry Chili,Dry Chili,0.93115234,0.020736694,0.014533997,0.016586304,0.017089844
ChiliLiteV2_MNV3S_MultiLevel_ColorGate,9,/home/bt/Documents/Po/chili_fruit/dataset/Chili Growth Stage Original Dataset (1)/Chili Growth Stage Original Dataset/Dry chili/Dry chili00058.JPG,0,0,Dry Chili,Dry Chili,0.9277344,0.022888184,0.015335083,0.016540527,0.017684937
ChiliLiteV2_MNV3S_MultiLevel_ColorGate,9,/home/bt/Documents/Po/chili_fruit/dataset/Chili Growth Stage Original Dataset (1)/Chili Growth Stage Original Dataset/Dry chili/Dry chili00063.JPG,0,0,Dry Chili,Dry Chili,0.9272461,0.02017212,0.014175415,0.020965576,0.017440796
ChiliLiteV2_MNV3S_MultiLevel_ColorGate,9,/home/bt/Documents/Po/chili_fruit/dataset/Chili Growth Stage Original Dataset (1)/Chili Growth Stage Original Dataset/Dry chili/Dry chili00104.JPG,0,0,Dry Chili,Dry Chili,0.93066406,0.020507812,0.014945984,0.015701294,0.018203735
ChiliLiteV2_MNV3S_MultiLevel_ColorGate,9,/home/bt/Documents/Po/chili_fruit/dataset/Chili Growth Stage Original Dataset (1)/Chili Growth Stage Original Dataset/Dry chili/Dry chili00116.JPG,0,0,Dry Chili,Dry Chili,0.93115234,0.0178833,0.014526367,0.018112183,0.018539429
ChiliLiteV2_MNV3S_MultiLevel_ColorGate,9,/home/bt/Documents/Po/chili_fruit/dataset/Chili Growth Stage Original Dataset (1)/Chili Growth Stage Original Dataset/Dry chili/Dry chili00127.JPG,0,0,Dry Chili,Dry Chili,0.93066406,0.019424438,0.01474762,0.016983032,0.018173218
ChiliLiteV2_MNV3S_MultiLevel_ColorGate,9,/home/bt/Documents/Po/chili_fruit/dataset/Chili Growth Stage Original Dataset (1)/Chili Growth Stage Original Dataset/Dry chili/Dry chili00129.JPG,0,0,Dry Chili,Dry Chili,0.9301758,0.017807007,0.014556885,0.020690918,0.016998291
ChiliLiteV2_MNV3S_MultiLevel_ColorGate,9,/home/bt/Documents/Po/chili_fruit/dataset/Chili Growth Stage Original Dataset (1)/Chili Growth Stage Original Dataset/Dry chili/Dry chili00132.JPG,0,0,Dry Chili,Dry Chili,0.9326172,0.01737976,0.015289307,0.01689148,0.018051147
ChiliLiteV2_MNV3S_MultiLevel_ColorGate,9,/home/bt/Documents/Po/chili_fruit/dataset/Chili Growth Stage Original Dataset (1)/Chili Growth Stage Original Dataset/Dry chili/Dry chili00143.JPG,0,0,Dry Chili,Dry Chili,0.9321289,0.018127441,0.016296387,0.015975952,0.017364502
ChiliLiteV2_MNV3S_MultiLevel_ColorGate,9,/home/bt/Documents/Po/chili_fruit/dataset/Chili Growth Stage Original Dataset (1)/Chili Growth Stage Original Dataset/Dry chili/Dry chili00149.JPG,0,0,Dry Chili,Dry Chili,0.9316406,0.01928711,0.015258789,0.015991211,0.017974854
ChiliLiteV2_MNV3S_MultiLevel_ColorGate,9,/home/bt/Documents/Po/chili_fruit/dataset/Chili Growth Stage Original Dataset (1)/Chili Growth Stage Original Dataset/Dry chili/Dry chili00155.JPG,0,0,Dry Chili,Dry Chili,0.93066406,0.019851685,0.016357422,0.015449524,0.017730713
ChiliLiteV2_MNV3S_MultiLevel_ColorGate,9,/home/bt/Documents/Po/chili_fruit/dataset/Chili Growth Stage Original Dataset (1)/Chili Growth Stage Original Dataset/Dry chili/Dry chili00165.JPG,0,0,Dry Chili,Dry Chili,0.92333984,0.021881104,0.013885498,0.024246216,0.016448975
ChiliLiteV2_MNV3S_MultiLevel_ColorGate,9,/home/bt/Documents/Po/chili_fruit/dataset/Chili Growth Stage Original Dataset (1)/Chili Growth Stage Original Dataset/Dry chili/Dry chili00190.JPG,0,0,Dry Chili,Dry Chili,0.9296875,0.019500732,0.015640259,0.0184021,0.016647339
ChiliLiteV2_MNV3S_MultiLevel_ColorGate,9,/home/bt/Documents/Po/chili_fruit/dataset/Chili Growth Stage Original Dataset (1)/Chili Growth Stage Original Dataset/Dry chili/Dry chili00197.JPG,0,0,Dry Chili,Dry Chili,0.9272461,0.0231781,0.014793396,0.017929077,0.016616821
ChiliLiteV2_MNV3S_MultiLevel_ColorGate,9,/home/bt/Documents/Po/chili_fruit/dataset/Chili Growth Stage Original Dataset (1)/Chili Growth Stage Original Dataset/Dry chili/Dry chili00201.JPG,0,0,Dry Chili,Dry Chili,0.9296875,0.020950317,0.014671326,0.017578125,0.017196655
ChiliLiteV2_MNV3S_MultiLevel_ColorGate,9,/home/bt/Documents/Po/chili_fruit/dataset/Chili Growth Stage Original Dataset (1)/Chili Growth Stage Original Dataset/Dry chili/Dry chili00227.JPG,0,0,Dry Chili,Dry Chili,0.9301758,0.020401001,0.015556335,0.016693115,0.01713562
ChiliLiteV2_MNV3S_MultiLevel_ColorGate,9,/home/bt/Documents/Po/chili_fruit/dataset/Chili Growth Stage Original Dataset (1)/Chili Growth Stage Original Dataset/Dry chili/Dry chili00229.JPG,0,0,Dry Chili,Dry Chili,0.93115234,0.018585205,0.014137268,0.01675415,0.019592285
ChiliLiteV2_MNV3S_MultiLevel_ColorGate,9,/home/bt/Documents/Po/chili_fruit/dataset/Chili Growth Stage Original Dataset (1)/Chili Growth Stage Original Dataset/Dry chili/Dry chili00239.JPG,0,0,Dry Chili,Dry Chili,0.9316406,0.019805908,0.014038086,0.017669678,0.016967773
ChiliLiteV2_MNV3S_MultiLevel_ColorGate,9,/home/bt/Documents/Po/chili_fruit/dataset/Chili Growth Stage Original Dataset (1)/Chili Growth Stage Original Dataset/Dry chili/Dry chili00246.JPG,0,0,Dry Chili,Dry Chili,0.93066406,0.018997192,0.014602661,0.015037537,0.020568848
ChiliLiteV2_MNV3S_MultiLevel_ColorGate,9,/home/bt/Documents/Po/chili_fruit/dataset/Chili Growth Stage Original Dataset (1)/Chili Growth Stage Original Dataset/Dry chili/Dry chili00248.JPG,0,0,Dry Chili,Dry Chili,0.93359375,0.01776123,0.014732361,0.015167236,0.018676758
ChiliLiteV2_MNV3S_MultiLevel_ColorGate,9,/home/bt/Documents/Po/chili_fruit/dataset/Chili Growth Stage Original Dataset (1)/Chili Growth Stage Original Dataset/Dry chili/Dry chili00256.JPG,0,0,Dry Chili,Dry Chili,0.9301758,0.02029419,0.016342163,0.0158844,0.017349243
ChiliLiteV2_MNV3S_MultiLevel_ColorGate,9,/home/bt/Documents/Po/chili_fruit/dataset/Chili Growth Stage Original Dataset (1)/Chili Growth Stage Original Dataset/Dry chili/Dry chili00279.JPG,0,0,Dry Chili,Dry Chili,0.93115234,0.018432617,0.015945435,0.015380859,0.018966675
ChiliLiteV2_MNV3S_MultiLevel_ColorGate,9,/home/bt/Documents/Po/chili_fruit/dataset/Chili Growth Stage Original Dataset (1)/Chili Growth Stage Original Dataset/Dry chili/Dry chili00287.JPG,0,0,Dry Chili,Dry Chili,0.93066406,0.019683838,0.015571594,0.016220093,0.01777649
ChiliLiteV2_MNV3S_MultiLevel_ColorGate,9,/home/bt/Documents/Po/chili_fruit/dataset/Chili Growth Stage Original Dataset (1)/Chili Growth Stage Original Dataset/Dry chili/Dry chili00290.JPG,0,0,Dry Chili,Dry Chili,0.92529297,0.021621704,0.015319824,0.019897461,0.017791748
ChiliLiteV2_MNV3S_MultiLevel_ColorGate,9,/home/bt/Documents/Po/chili_fruit/dataset/Chili Growth Stage Original Dataset (1)/Chili Growth Stage Original Dataset/Dry chili/Dry chili00293.JPG,0,0,Dry Chili,Dry Chili,0.9243164,0.024627686,0.015655518,0.016860962,0.018341064
ChiliLiteV2_MNV3S_MultiLevel_ColorGate,9,/home/bt/Documents/Po/chili_fruit/dataset/Chili Growth Stage Original Dataset (1)/Chili Growth Stage Original Dataset/Dry chili/Dry chili00304.JPG,0,0,Dry Chili,Dry Chili,0.93115234,0.019134521,0.017059326,0.0151901245,0.017623901
ChiliLiteV2_MNV3S_MultiLevel_ColorGate,9,/home/bt/Documents/Po/chili_fruit/dataset/Chili Growth Stage Original Dataset (1)/Chili Growth Stage Original Dataset/Dry chili/Dry chili00311.JPG,0,0,Dry Chili,Dry Chili,0.9301758,0.01776123,0.016571045,0.018707275,0.016921997
ChiliLiteV2_MNV3S_MultiLevel_ColorGate,9,/home/bt/Documents/Po/chili_fruit/dataset/Chili Growth Stage Original Dataset (1)/Chili Growth Stage Original Dataset/Dry chili/Dry chili00323.JPG,0,0,Dry Chili,Dry Chili,0.9321289,0.017425537,0.015930176,0.016799927,0.017578125
ChiliLiteV2_MNV3S_MultiLevel_ColorGate,9,/home/bt/Documents/Po/chili_fruit/dataset/Chili Growth Stage Original Dataset (1)/Chili Growth Stage Original Dataset/Dry chili/Dry chili00326.JPG,0,0,Dry Chili,Dry Chili,0.9277344,0.017227173,0.01473999,0.02293396,0.017227173
ChiliLiteV2_MNV3S_MultiLevel_ColorGate,9,/home/bt/Documents/Po/chili_fruit/dataset/Chili Growth Stage Original Dataset (1)/Chili Growth Stage Original Dataset/Dry chili/Dry chili00353.JPG,0,0,Dry Chili,Dry Chili,0.92626953,0.0209198,0.014717102,0.02130127,0.016983032
ChiliLiteV2_MNV3S_MultiLevel_ColorGate,9,/home/bt/Documents/Po/chili_fruit/dataset/Chili Growth Stage Original Dataset (1)/Chili Growth Stage Original Dataset/Dry chili/Dry chili00355.JPG,0,0,Dry Chili,Dry Chili,0.93310547,0.01739502,0.015731812,0.014343262,0.019607544
ChiliLiteV2_MNV3S_MultiLevel_ColorGate,9,/home/bt/Documents/Po/chili_fruit/dataset/Chili Growth Stage Original Dataset (1)/Chili Growth Stage Original Dataset/Dry chili/Dry chili00363.JPG,0,0,Dry Chili,Dry Chili,0.9301758,0.018371582,0.016983032,0.017105103,0.017547607
ChiliLiteV2_MNV3S_MultiLevel_ColorGate,9,/home/bt/Documents/Po/chili_fruit/dataset/Chili Growth Stage Original Dataset (1)/Chili Growth Stage Original Dataset/Dry chili/Dry chili00371.JPG,0,0,Dry Chili,Dry Chili,0.93066406,0.019256592,0.016204834,0.01651001,0.017578125
ChiliLiteV2_MNV3S_MultiLevel_ColorGate,9,/home/bt/Documents/Po/chili_fruit/dataset/Chili Growth Stage Original Dataset (1)/Chili Growth Stage Original Dataset/Dry chili/Dry chili00380.JPG,0,0,Dry Chili,Dry Chili,0.92871094,0.021118164,0.015655518,0.017822266,0.016540527
ChiliLiteV2_MNV3S_MultiLevel_ColorGate,9,/home/bt/Documents/Po/chili_fruit/dataset/Chili Growth Stage Original Dataset (1)/Chili Growth Stage Original Dataset/Dry chili/Dry chili00390.JPG,0,0,Dry Chili,Dry Chili,0.93310547,0.01953125,0.014884949,0.0146484375,0.017944336
ChiliLiteV2_MNV3S_MultiLevel_ColorGate,9,/home/bt/Documents/Po/chili_fruit/dataset/Chili Growth Stage Original Dataset (1)/Chili Growth Stage Original Dataset/Dry chili/Dry chili00396.JPG,0,0,Dry Chili,Dry Chili,0.9326172,0.01676941,0.016448975,0.015281677,0.01902771
ChiliLiteV2_MNV3S_MultiLevel_ColorGate,9,/home/bt/Documents/Po/chili_fruit/dataset/Chili Growth Stage Original Dataset (1)/Chili Growth Stage Original Dataset/Dry chili/Dry chili00400.JPG,0,0,Dry Chili,Dry Chili,0.93115234,0.018737793,0.014785767,0.01776123,0.017669678
ChiliLiteV2_MNV3S_MultiLevel_ColorGate,9,/home/bt/Documents/Po/chili_fruit/dataset/Chili Growth Stage Original Dataset (1)/Chili Growth Stage Original Dataset/Dry chili/Dry chili00409.JPG,0,0,Dry Chili,Dry Chili,0.9301758,0.01739502,0.016601562,0.01586914,0.019821167
ChiliLiteV2_MNV3S_MultiLevel_ColorGate,9,/home/bt/Documents/Po/chili_fruit/dataset/Chili Growth Stage Original Dataset (1)/Chili Growth Stage Original Dataset/Flower/Flower00055.JPG,1,1,Flower,Flower,0.025726318,0.90234375,0.033935547,0.023864746,0.014053345
ChiliLiteV2_MNV3S_MultiLevel_ColorGate,9,/home/bt/Documents/Po/chili_fruit/dataset/Chili Growth Stage Original Dataset (1)/Chili Growth Stage Original Dataset/Flower/Flower00057.JPG,1,1,Flower,Flower,0.028244019,0.90966797,0.021987915,0.024139404,0.01574707
ChiliLiteV2_MNV3S_MultiLevel_ColorGate,9,/home/bt/Documents/Po/chili_fruit/dataset/Chili Growth Stage Original Dataset (1)/Chili Growth Stage Original Dataset/Flower/Flower00058.JPG,1,1,Flower,Flower,0.027938843,0.91015625,0.022460938,0.0234375,0.015914917
ChiliLiteV2_MNV3S_MultiLevel_ColorGate,9,/home/bt/Documents/Po/chili_fruit/dataset/Chili Growth Stage Original Dataset (1)/Chili Growth Stage Original Dataset/Flower/Flower00062.JPG,1,1,Flower,Flower,0.021240234,0.9057617,0.032470703,0.025634766,0.01499176
ChiliLiteV2_MNV3S_MultiLevel_ColorGate,9,/home/bt/Documents/Po/chili_fruit/dataset/Chili Growth Stage Original Dataset (1)/Chili Growth Stage Original Dataset/Flower/Flower00063.JPG,1,1,Flower,Flower,0.026916504,0.9135742,0.018585205,0.02432251,0.01675415
ChiliLiteV2_MNV3S_MultiLevel_ColorGate,9,/home/bt/Documents/Po/chili_fruit/dataset/Chili Growth Stage Original Dataset (1)/Chili Growth Stage Original Dataset/Flower/Flower00078.JPG,1,1,Flower,Flower,0.024536133,0.9169922,0.019226074,0.021652222,0.01763916
ChiliLiteV2_MNV3S_MultiLevel_ColorGate,9,/home/bt/Documents/Po/chili_fruit/dataset/Chili Growth Stage Original Dataset (1)/Chili Growth Stage Original Dataset/Flower/Flower00091.JPG,1,1,Flower,Flower,0.024261475,0.91796875,0.018997192,0.021118164,0.017440796
ChiliLiteV2_MNV3S_MultiLevel_ColorGate,9,/home/bt/Documents/Po/chili_fruit/dataset/Chili Growth Stage Original Dataset (1)/Chili Growth Stage Original Dataset/Flower/Flower00092.JPG,1,1,Flower,Flower,0.023849487,0.9199219,0.018447876,0.020950317,0.016906738
ChiliLiteV2_MNV3S_MultiLevel_ColorGate,9,/home/bt/Documents/Po/chili_fruit/dataset/Chili Growth Stage Original Dataset (1)/Chili Growth Stage Original Dataset/Flower/Flower00093.JPG,1,1,Flower,Flower,0.023117065,0.9189453,0.019699097,0.021148682,0.016967773
ChiliLiteV2_MNV3S_MultiLevel_ColorGate,9,/home/bt/Documents/Po/chili_fruit/dataset/Chili Growth Stage Original Dataset (1)/Chili Growth Stage Original Dataset/Flower/Flower00095.JPG,1,1,Flower,Flower,0.02784729,0.9038086,0.018707275,0.032287598,0.017532349
ChiliLiteV2_MNV3S_MultiLevel_ColorGate,9,/home/bt/Documents/Po/chili_fruit/dataset/Chili Growth Stage Original Dataset (1)/Chili Growth Stage Original Dataset/Flower/Flower00102.JPG,1,1,Flower,Flower,0.025650024,0.90771484,0.01777649,0.03149414,0.01727295
ChiliLiteV2_MNV3S_MultiLevel_ColorGate,9,/home/bt/Documents/Po/chili_fruit/dataset/Chili Growth Stage Original Dataset (1)/Chili Growth Stage Original Dataset/Flower/Flower00106.JPG,1,1,Flower,Flower,0.02557373,0.9160156,0.019012451,0.022598267,0.016586304
ChiliLiteV2_MNV3S_MultiLevel_ColorGate,9,/home/bt/Documents/Po/chili_fruit/dataset/Chili Growth Stage Original Dataset (1)/Chili Growth Stage Original Dataset/Flower/Flower00130.JPG,1,1,Flower,Flower,0.0231781,0.921875,0.020706177,0.017868042,0.016571045
ChiliLiteV2_MNV3S_MultiLevel_ColorGate,9,/home/bt/Documents/Po/chili_fruit/dataset/Chili Growth Stage Original Dataset (1)/Chili Growth Stage Original Dataset/Flower/Flower00144.JPG,1,1,Flower,Flower,0.02507019,0.9140625,0.024658203,0.02104187,0.014984131
ChiliLiteV2_MNV3S_MultiLevel_ColorGate,9,/home/bt/Documents/Po/chili_fruit/dataset/Chili Growth Stage Original Dataset (1)/Chili Growth Stage Original Dataset/Flower/Flower00148.JPG,1,1,Flower,Flower,0.029678345,0.8833008,0.043640137,0.029937744,0.013504028
ChiliLiteV2_MNV3S_MultiLevel_ColorGate,9,/home/bt/Documents/Po/chili_fruit/dataset/Chili Growth Stage Original Dataset (1)/Chili Growth Stage Original Dataset/Flower/Flower00163.JPG,1,1,Flower,Flower,0.027740479,0.9086914,0.023040771,0.025253296,0.015258789
ChiliLiteV2_MNV3S_MultiLevel_ColorGate,9,/home/bt/Documents/Po/chili_fruit/dataset/Chili Growth Stage Original Dataset (1)/Chili Growth Stage Original Dataset/Flower/Flower00167.JPG,1,1,Flower,Flower,0.022888184,0.84716797,0.0848999,0.02848816,0.016647339
ChiliLiteV2_MNV3S_MultiLevel_ColorGate,9,/home/bt/Documents/Po/chili_fruit/dataset/Chili Growth Stage Original Dataset (1)/Chili Growth Stage Original Dataset/Flower/Flower00168.JPG,1,1,Flower,Flower,0.02218628,0.8774414,0.058258057,0.02619934,0.015716553
ChiliLiteV2_MNV3S_MultiLevel_ColorGate,9,/home/bt/Documents/Po/chili_fruit/dataset/Chili Growth Stage Original Dataset (1)/Chili Growth Stage Original Dataset/Flower/Flower00189.JPG,1,1,Flower,Flower,0.025650024,0.9121094,0.026885986,0.020111084,0.015083313
ChiliLiteV2_MNV3S_MultiLevel_ColorGate,9,/home/bt/Documents/Po/chili_fruit/dataset/Chili Growth Stage Original Dataset (1)/Chili Growth Stage Original Dataset/Flower/Flower00192.JPG,1,1,Flower,Flower,0.023132324,0.9169922,0.021362305,0.022155762,0.016342163
ChiliLiteV2_MNV3S_MultiLevel_ColorGate,9,/home/bt/Documents/Po/chili_fruit/dataset/Chili Growth Stage Original Dataset (1)/Chili Growth Stage Original Dataset/Flower/Flower00208.JPG,1,1,Flower,Flower,0.024765015,0.91552734,0.021102905,0.022583008,0.015853882
ChiliLiteV2_MNV3S_MultiLevel_ColorGate,9,/home/bt/Documents/Po/chili_fruit/dataset/Chili Growth Stage Original Dataset (1)/Chili Growth Stage Original Dataset/Flower/Flower00246.JPG,1,1,Flower,Flower,0.026016235,0.90283203,0.02999878,0.025909424,0.01524353
ChiliLiteV2_MNV3S_MultiLevel_ColorGate,9,/home/bt/Documents/Po/chili_fruit/dataset/Chili Growth Stage Original Dataset (1)/Chili Growth Stage Original Dataset/Flower/Flower00254.JPG,1,1,Flower,Flower,0.022399902,0.9082031,0.034973145,0.019378662,0.015174866
ChiliLiteV2_MNV3S_MultiLevel_ColorGate,9,/home/bt/Documents/Po/chili_fruit/dataset/Chili Growth Stage Original Dataset (1)/Chili Growth Stage Original Dataset/Flower/Flower00258.JPG,1,1,Flower,Flower,0.025466919,0.91503906,0.023971558,0.01953125,0.016036987
ChiliLiteV2_MNV3S_MultiLevel_ColorGate,9,/home/bt/Documents/Po/chili_fruit/dataset/Chili Growth Stage Original Dataset (1)/Chili Growth Stage Original Dataset/Flower/Flower00259.JPG,1,1,Flower,Flower,0.02494812,0.91796875,0.02293396,0.017303467,0.016662598
ChiliLiteV2_MNV3S_MultiLevel_ColorGate,9,/home/bt/Documents/Po/chili_fruit/dataset/Chili Growth Stage Original Dataset (1)/Chili Growth Stage Original Dataset/Flower/Flower00261.JPG,1,1,Flower,Flower,0.024780273,0.9121094,0.028137207,0.020019531,0.014816284
ChiliLiteV2_MNV3S_MultiLevel_ColorGate,9,/home/bt/Documents/Po/chili_fruit/dataset/Chili Growth Stage Original Dataset (1)/Chili Growth Stage Original Dataset/Flower/Flower00263.JPG,1,1,Flower,Flower,0.024749756,0.9111328,0.027648926,0.021057129,0.015258789
ChiliLiteV2_MNV3S_MultiLevel_ColorGate,9,/home/bt/Documents/Po/chili_fruit/dataset/Chili Growth Stage Original Dataset (1)/Chili Growth Stage Original Dataset/Flower/Flower00265.JPG,1,1,Flower,Flower,0.025238037,0.91308594,0.022567749,0.022537231,0.016403198
ChiliLiteV2_MNV3S_MultiLevel_ColorGate,9,/home/bt/Documents/Po/chili_fruit/dataset/Chili Growth Stage Original Dataset (1)/Chili Growth Stage Original Dataset/Flower/Flower00272.JPG,1,1,Flower,Flower,0.02268982,0.9082031,0.03086853,0.023986816,0.014213562
ChiliLiteV2_MNV3S_MultiLevel_ColorGate,9,/home/bt/Documents/Po/chili_fruit/dataset/Chili Growth Stage Original Dataset (1)/Chili Growth Stage Original Dataset/Flower/Flower00281.JPG,1,1,Flower,Flower,0.022949219,0.91064453,0.03173828,0.018692017,0.01574707
ChiliLiteV2_MNV3S_MultiLevel_ColorGate,9,/home/bt/Documents/Po/chili_fruit/dataset/Chili Growth Stage Original Dataset (1)/Chili Growth Stage Original Dataset/Flower/Flower00307.JPG,1,1,Flower,Flower,0.033721924,0.9091797,0.021835327,0.01763916,0.017822266
ChiliLiteV2_MNV3S_MultiLevel_ColorGate,9,/home/bt/Documents/Po/chili_fruit/dataset/Chili Growth Stage Original Dataset (1)/Chili Growth Stage Original Dataset/Flower/Flower00321.JPG,1,1,Flower,Flower,0.020095825,0.90771484,0.036468506,0.018920898,0.016784668
ChiliLiteV2_MNV3S_MultiLevel_ColorGate,9,/home/bt/Documents/Po/chili_fruit/dataset/Chili Growth Stage Original Dataset (1)/Chili Growth Stage Original Dataset/Flower/Flower00328.JPG,1,1,Flower,Flower,0.023208618,0.9160156,0.022979736,0.020721436,0.017120361
ChiliLiteV2_MNV3S_MultiLevel_ColorGate,9,/home/bt/Documents/Po/chili_fruit/dataset/Chili Growth Stage Original Dataset (1)/Chili Growth Stage Original Dataset/Flower/Flower00332.JPG,1,1,Flower,Flower,0.025390625,0.91015625,0.027374268,0.020614624,0.016403198
ChiliLiteV2_MNV3S_MultiLevel_ColorGate,9,/home/bt/Documents/Po/chili_fruit/dataset/Chili Growth Stage Original Dataset (1)/Chili Growth Stage Original Dataset/Flower/Flower00333.JPG,1,1,Flower,Flower,0.026428223,0.9086914,0.026550293,0.021072388,0.01725769
ChiliLiteV2_MNV3S_MultiLevel_ColorGate,9,/home/bt/Documents/Po/chili_fruit/dataset/Chili Growth Stage Original Dataset (1)/Chili Growth Stage Original Dataset/Flower/Flower00343.JPG,1,1,Flower,Flower,0.025726318,0.9067383,0.033172607,0.020339966,0.014228821
ChiliLiteV2_MNV3S_MultiLevel_ColorGate,9,/home/bt/Documents/Po/chili_fruit/dataset/Chili Growth Stage Original Dataset (1)/Chili Growth Stage Original Dataset/Flower/Flower00358.JPG,1,1,Flower,Flower,0.02885437,0.9042969,0.030090332,0.022506714,0.014251709
ChiliLiteV2_MNV3S_MultiLevel_ColorGate,9,/home/bt/Documents/Po/chili_fruit/dataset/Chili Growth Stage Original Dataset (1)/Chili Growth Stage Original Dataset/Flower/Flower00381.JPG,1,1,Flower,Flower,0.026824951,0.91796875,0.018600464,0.019195557,0.017547607
ChiliLiteV2_MNV3S_MultiLevel_ColorGate,9,/home/bt/Documents/Po/chili_fruit/dataset/Chili Growth Stage Original Dataset (1)/Chili Growth Stage Original Dataset/Flower/Flower00397.JPG,1,1,Flower,Flower,0.02708435,0.9194336,0.020233154,0.01586914,0.017211914
ChiliLiteV2_MNV3S_MultiLevel_ColorGate,9,/home/bt/Documents/Po/chili_fruit/dataset/Chili Growth Stage Original Dataset (1)/Chili Growth Stage Original Dataset/Green Chili/Green Chili00002.JPG,2,2,Green Chili,Green Chili,0.02192688,0.013687134,0.9321289,0.0158844,0.016586304
ChiliLiteV2_MNV3S_MultiLevel_ColorGate,9,/home/bt/Documents/Po/chili_fruit/dataset/Chili Growth Stage Original Dataset (1)/Chili Growth Stage Original Dataset/Green Chili/Green Chili00016.JPG,2,2,Green Chili,Green Chili,0.021118164,0.019638062,0.9296875,0.013961792,0.01576233
ChiliLiteV2_MNV3S_MultiLevel_ColorGate,9,/home/bt/Documents/Po/chili_fruit/dataset/Chili Growth Stage Original Dataset (1)/Chili Growth Stage Original Dataset/Green Chili/Green Chili00058.JPG,2,2,Green Chili,Green Chili,0.023773193,0.018127441,0.92871094,0.012489319,0.017074585
ChiliLiteV2_MNV3S_MultiLevel_ColorGate,9,/home/bt/Documents/Po/chili_fruit/dataset/Chili Growth Stage Original Dataset (1)/Chili Growth Stage Original Dataset/Green Chili/Green Chili00077.JPG,2,2,Green Chili,Green Chili,0.021224976,0.014335632,0.93115234,0.015701294,0.017364502
ChiliLiteV2_MNV3S_MultiLevel_ColorGate,9,/home/bt/Documents/Po/chili_fruit/dataset/Chili Growth Stage Original Dataset (1)/Chili Growth Stage Original Dataset/Green Chili/Green Chili00079.JPG,2,2,Green Chili,Green Chili,0.020721436,0.016052246,0.93652344,0.01171875,0.015197754
ChiliLiteV2_MNV3S_MultiLevel_ColorGate,9,/home/bt/Documents/Po/chili_fruit/dataset/Chili Growth Stage Original Dataset (1)/Chili Growth Stage Original Dataset/Green Chili/Green Chili00083.JPG,2,2,Green Chili,Green Chili,0.020401001,0.016555786,0.9326172,0.016067505,0.014328003
ChiliLiteV2_MNV3S_MultiLevel_ColorGate,9,/home/bt/Documents/Po/chili_fruit/dataset/Chili Growth Stage Original Dataset (1)/Chili Growth Stage Original Dataset/Green Chili/Green Chili00086.JPG,2,2,Green Chili,Green Chili,0.020492554,0.014373779,0.93408203,0.015106201,0.015701294
ChiliLiteV2_MNV3S_MultiLevel_ColorGate,9,/home/bt/Documents/Po/chili_fruit/dataset/Chili Growth Stage Original Dataset (1)/Chili Growth Stage Original Dataset/Green Chili/Green Chili00087.JPG,2,2,Green Chili,Green Chili,0.01687622,0.014274597,0.93359375,0.016220093,0.018859863
ChiliLiteV2_MNV3S_MultiLevel_ColorGate,9,/home/bt/Documents/Po/chili_fruit/dataset/Chili Growth Stage Original Dataset (1)/Chili Growth Stage Original Dataset/Green Chili/Green Chili00094.JPG,2,2,Green Chili,Green Chili,0.018630981,0.015083313,0.9316406,0.019073486,0.01537323
ChiliLiteV2_MNV3S_MultiLevel_ColorGate,9,/home/bt/Documents/Po/chili_fruit/dataset/Chili Growth Stage Original Dataset (1)/Chili Growth Stage Original Dataset/Green Chili/Green Chili00099.JPG,2,2,Green Chili,Green Chili,0.020492554,0.016464233,0.9316406,0.016143799,0.015426636
ChiliLiteV2_MNV3S_MultiLevel_ColorGate,9,/home/bt/Documents/Po/chili_fruit/dataset/Chili Growth Stage Original Dataset (1)/Chili Growth Stage Original Dataset/Green Chili/Green Chili00106.JPG,2,2,Green Chili,Green Chili,0.01828003,0.01398468,0.93115234,0.020828247,0.015975952
ChiliLiteV2_MNV3S_MultiLevel_ColorGate,9,/home/bt/Documents/Po/chili_fruit/dataset/Chili Growth Stage Original Dataset (1)/Chili Growth Stage Original Dataset/Green Chili/Green Chili00108.JPG,2,2,Green Chili,Green Chili,0.019943237,0.014099121,0.9296875,0.019058228,0.017211914
ChiliLiteV2_MNV3S_MultiLevel_ColorGate,9,/home/bt/Documents/Po/chili_fruit/dataset/Chili Growth Stage Original Dataset (1)/Chili Growth Stage Original Dataset/Green Chili/Green Chili00110.JPG,2,2,Green Chili,Green Chili,0.020996094,0.014976501,0.9326172,0.016220093,0.015144348
ChiliLiteV2_MNV3S_MultiLevel_ColorGate,9,/home/bt/Documents/Po/chili_fruit/dataset/Chili Growth Stage Original Dataset (1)/Chili Growth Stage Original Dataset/Green Chili/Green Chili00114.JPG,2,2,Green Chili,Green Chili,0.018341064,0.016860962,0.93066406,0.019104004,0.015068054
ChiliLiteV2_MNV3S_MultiLevel_ColorGate,9,/home/bt/Documents/Po/chili_fruit/dataset/Chili Growth Stage Original Dataset (1)/Chili Growth Stage Original Dataset/Green Chili/Green Chili00116.JPG,2,2,Green Chili,Green Chili,0.017715454,0.014450073,0.93408203,0.017944336,0.01586914
ChiliLiteV2_MNV3S_MultiLevel_ColorGate,9,/home/bt/Documents/Po/chili_fruit/dataset/Chili Growth Stage Original Dataset (1)/Chili Growth Stage Original Dataset/Green Chili/Green Chili00127.JPG,2,2,Green Chili,Green Chili,0.019729614,0.013702393,0.93310547,0.017974854,0.015716553
ChiliLiteV2_MNV3S_MultiLevel_ColorGate,9,/home/bt/Documents/Po/chili_fruit/dataset/Chili Growth Stage Original Dataset (1)/Chili Growth Stage Original Dataset/Green Chili/Green Chili00143.JPG,2,2,Green Chili,Green Chili,0.020523071,0.015144348,0.92529297,0.02507019,0.014038086
ChiliLiteV2_MNV3S_MultiLevel_ColorGate,9,/home/bt/Documents/Po/chili_fruit/dataset/Chili Growth Stage Original Dataset (1)/Chili Growth Stage Original Dataset/Green Chili/Green Chili00167.JPG,2,2,Green Chili,Green Chili,0.019607544,0.017730713,0.92529297,0.023956299,0.013420105
ChiliLiteV2_MNV3S_MultiLevel_ColorGate,9,/home/bt/Documents/Po/chili_fruit/dataset/Chili Growth Stage Original Dataset (1)/Chili Growth Stage Original Dataset/Green Chili/Green Chili00171.JPG,2,2,Green Chili,Green Chili,0.02029419,0.016235352,0.92041016,0.028625488,0.014266968
ChiliLiteV2_MNV3S_MultiLevel_ColorGate,9,/home/bt/Documents/Po/chili_fruit/dataset/Chili Growth Stage Original Dataset (1)/Chili Growth Stage Original Dataset/Green Chili/Green Chili00195.JPG,2,2,Green Chili,Green Chili,0.021224976,0.014343262,0.9301758,0.01979065,0.014572144
ChiliLiteV2_MNV3S_MultiLevel_ColorGate,9,/home/bt/Documents/Po/chili_fruit/dataset/Chili Growth Stage Original Dataset (1)/Chili Growth Stage Original Dataset/Green Chili/Green Chili00205.JPG,2,2,Green Chili,Green Chili,0.01776123,0.014923096,0.9316406,0.018493652,0.016937256
ChiliLiteV2_MNV3S_MultiLevel_ColorGate,9,/home/bt/Documents/Po/chili_fruit/dataset/Chili Growth Stage Original Dataset (1)/Chili Growth Stage Original Dataset/Green Chili/Green Chili00234.JPG,2,2,Green Chili,Green Chili,0.017791748,0.014205933,0.93359375,0.018447876,0.015960693
ChiliLiteV2_MNV3S_MultiLevel_ColorGate,9,/home/bt/Documents/Po/chili_fruit/dataset/Chili Growth Stage Original Dataset (1)/Chili Growth Stage Original Dataset/Green Chili/Green Chili00238.JPG,2,2,Green Chili,Green Chili,0.017486572,0.015716553,0.9321289,0.016494751,0.018035889
ChiliLiteV2_MNV3S_MultiLevel_ColorGate,9,/home/bt/Documents/Po/chili_fruit/dataset/Chili Growth Stage Original Dataset (1)/Chili Growth Stage Original Dataset/Green Chili/Green Chili00245.JPG,2,2,Green Chili,Green Chili,0.020126343,0.019729614,0.9116211,0.012550354,0.03604126
ChiliLiteV2_MNV3S_MultiLevel_ColorGate,9,/home/bt/Documents/Po/chili_fruit/dataset/Chili Growth Stage Original Dataset (1)/Chili Growth Stage Original Dataset/Green Chili/Green Chili00247.JPG,2,2,Green Chili,Green Chili,0.019363403,0.013969421,0.93359375,0.014083862,0.018936157
ChiliLiteV2_MNV3S_MultiLevel_ColorGate,9,/home/bt/Documents/Po/chili_fruit/dataset/Chili Growth Stage Original Dataset (1)/Chili Growth Stage Original Dataset/Green Chili/Green Chili00250.JPG,2,2,Green Chili,Green Chili,0.019897461,0.014289856,0.93310547,0.014884949,0.017852783
ChiliLiteV2_MNV3S_MultiLevel_ColorGate,9,/home/bt/Documents/Po/chili_fruit/dataset/Chili Growth Stage Original Dataset (1)/Chili Growth Stage Original Dataset/Green Chili/Green Chili00259.JPG,2,2,Green Chili,Green Chili,0.02267456,0.044647217,0.9008789,0.017745972,0.013938904
ChiliLiteV2_MNV3S_MultiLevel_ColorGate,9,/home/bt/Documents/Po/chili_fruit/dataset/Chili Growth Stage Original Dataset (1)/Chili Growth Stage Original Dataset/Green Chili/Green Chili00269.JPG,2,2,Green Chili,Green Chili,0.016983032,0.015586853,0.93408203,0.016799927,0.016555786
ChiliLiteV2_MNV3S_MultiLevel_ColorGate,9,/home/bt/Documents/Po/chili_fruit/dataset/Chili Growth Stage Original Dataset (1)/Chili Growth Stage Original Dataset/Green Chili/Green Chili00274.JPG,2,2,Green Chili,Green Chili,0.02166748,0.016616821,0.9321289,0.012565613,0.016799927
ChiliLiteV2_MNV3S_MultiLevel_ColorGate,9,/home/bt/Documents/Po/chili_fruit/dataset/Chili Growth Stage Original Dataset (1)/Chili Growth Stage Original Dataset/Green Chili/Green Chili00281.JPG,2,2,Green Chili,Green Chili,0.01864624,0.018081665,0.93066406,0.014343262,0.01802063
ChiliLiteV2_MNV3S_MultiLevel_ColorGate,9,/home/bt/Documents/Po/chili_fruit/dataset/Chili Growth Stage Original Dataset (1)/Chili Growth Stage Original Dataset/Green Chili/Green Chili00296.JPG,2,2,Green Chili,Green Chili,0.03488159,0.045288086,0.84375,0.012077332,0.06384277
ChiliLiteV2_MNV3S_MultiLevel_ColorGate,9,/home/bt/Documents/Po/chili_fruit/dataset/Chili Growth Stage Original Dataset (1)/Chili Growth Stage Original Dataset/Green Chili/Green Chili00307.JPG,2,2,Green Chili,Green Chili,0.019744873,0.017623901,0.93115234,0.017120361,0.014144897
ChiliLiteV2_MNV3S_MultiLevel_ColorGate,9,/home/bt/Documents/Po/chili_fruit/dataset/Chili Growth Stage Original Dataset (1)/Chili Growth Stage Original Dataset/Green Chili/Green Chili00323.JPG,2,2,Green Chili,Green Chili,0.020584106,0.0158844,0.9316406,0.015136719,0.016571045
ChiliLiteV2_MNV3S_MultiLevel_ColorGate,9,/home/bt/Documents/Po/chili_fruit/dataset/Chili Growth Stage Original Dataset (1)/Chili Growth Stage Original Dataset/Red Chili/Red Chili00005.JPG,3,3,Red Chili,Red Chili,0.024536133,0.018051147,0.01436615,0.92626953,0.016921997
ChiliLiteV2_MNV3S_MultiLevel_ColorGate,9,/home/bt/Documents/Po/chili_fruit/dataset/Chili Growth Stage Original Dataset (1)/Chili Growth Stage Original Dataset/Red Chili/Red Chili00011.JPG,3,3,Red Chili,Red Chili,0.03353882,0.023101807,0.017288208,0.9116211,0.014633179
ChiliLiteV2_MNV3S_MultiLevel_ColorGate,9,/home/bt/Documents/Po/chili_fruit/dataset/Chili Growth Stage Original Dataset (1)/Chili Growth Stage Original Dataset/Red Chili/Red Chili00032.JPG,3,3,Red Chili,Red Chili,0.028686523,0.019195557,0.014572144,0.92041016,0.016906738
ChiliLiteV2_MNV3S_MultiLevel_ColorGate,9,/home/bt/Documents/Po/chili_fruit/dataset/Chili Growth Stage Original Dataset (1)/Chili Growth Stage Original Dataset/Red Chili/Red Chili00033.JPG,3,3,Red Chili,Red Chili,0.025115967,0.01914978,0.013534546,0.9248047,0.017349243
ChiliLiteV2_MNV3S_MultiLevel_ColorGate,9,/home/bt/Documents/Po/chili_fruit/dataset/Chili Growth Stage Original Dataset (1)/Chili Growth Stage Original Dataset/Red Chili/Red Chili00043.JPG,3,3,Red Chili,Red Chili,0.027618408,0.020507812,0.015487671,0.921875,0.0146102905
ChiliLiteV2_MNV3S_MultiLevel_ColorGate,9,/home/bt/Documents/Po/chili_fruit/dataset/Chili Growth Stage Original Dataset (1)/Chili Growth Stage Original Dataset/Red Chili/Red Chili00049.JPG,3,3,Red Chili,Red Chili,0.029556274,0.02130127,0.015792847,0.91845703,0.014831543
ChiliLiteV2_MNV3S_MultiLevel_ColorGate,9,/home/bt/Documents/Po/chili_fruit/dataset/Chili Growth Stage Original Dataset (1)/Chili Growth Stage Original Dataset/Red Chili/Red Chili00092.JPG,3,3,Red Chili,Red Chili,0.030227661,0.022094727,0.014762878,0.91845703,0.01461792
ChiliLiteV2_MNV3S_MultiLevel_ColorGate,9,/home/bt/Documents/Po/chili_fruit/dataset/Chili Growth Stage Original Dataset (1)/Chili Growth Stage Original Dataset/Red Chili/Red Chili00098.JPG,3,3,Red Chili,Red Chili,0.033233643,0.020263672,0.016693115,0.9135742,0.01600647
ChiliLiteV2_MNV3S_MultiLevel_ColorGate,9,/home/bt/Documents/Po/chili_fruit/dataset/Chili Growth Stage Original Dataset (1)/Chili Growth Stage Original Dataset/Red Chili/Red Chili00101.JPG,3,3,Red Chili,Red Chili,0.033294678,0.020248413,0.015625,0.91503906,0.015808105
ChiliLiteV2_MNV3S_MultiLevel_ColorGate,9,/home/bt/Documents/Po/chili_fruit/dataset/Chili Growth Stage Original Dataset (1)/Chili Growth Stage Original Dataset/Red Chili/Red Chili00107.JPG,3,3,Red Chili,Red Chili,0.026382446,0.020324707,0.015205383,0.92285156,0.015289307
ChiliLiteV2_MNV3S_MultiLevel_ColorGate,9,/home/bt/Documents/Po/chili_fruit/dataset/Chili Growth Stage Original Dataset (1)/Chili Growth Stage Original Dataset/Red Chili/Red Chili00127.JPG,3,3,Red Chili,Red Chili,0.026062012,0.02130127,0.016494751,0.921875,0.014213562
ChiliLiteV2_MNV3S_MultiLevel_ColorGate,9,/home/bt/Documents/Po/chili_fruit/dataset/Chili Growth Stage Original Dataset (1)/Chili Growth Stage Original Dataset/Red Chili/Red Chili00156.JPG,3,3,Red Chili,Red Chili,0.030853271,0.022583008,0.014457703,0.9165039,0.015625
ChiliLiteV2_MNV3S_MultiLevel_ColorGate,9,/home/bt/Documents/Po/chili_fruit/dataset/Chili Growth Stage Original Dataset (1)/Chili Growth Stage Original Dataset/Red Chili/Red Chili00158.JPG,3,3,Red Chili,Red Chili,0.026809692,0.019592285,0.015655518,0.92285156,0.015220642
ChiliLiteV2_MNV3S_MultiLevel_ColorGate,9,/home/bt/Documents/Po/chili_fruit/dataset/Chili Growth Stage Original Dataset (1)/Chili Growth Stage Original Dataset/Red Chili/Red Chili00161.JPG,3,3,Red Chili,Red Chili,0.028244019,0.019134521,0.014564514,0.9223633,0.0158844
ChiliLiteV2_MNV3S_MultiLevel_ColorGate,9,/home/bt/Documents/Po/chili_fruit/dataset/Chili Growth Stage Original Dataset (1)/Chili Growth Stage Original Dataset/Red Chili/Red Chili00167.JPG,3,3,Red Chili,Red Chili,0.027816772,0.023239136,0.015853882,0.9199219,0.013389587
ChiliLiteV2_MNV3S_MultiLevel_ColorGate,9,/home/bt/Documents/Po/chili_fruit/dataset/Chili Growth Stage Original Dataset (1)/Chili Growth Stage Original Dataset/Red Chili/Red Chili00176.JPG,3,3,Red Chili,Red Chili,0.028121948,0.01789856,0.015312195,0.921875,0.01687622
ChiliLiteV2_MNV3S_MultiLevel_ColorGate,9,/home/bt/Documents/Po/chili_fruit/dataset/Chili Growth Stage Original Dataset (1)/Chili Growth Stage Original Dataset/Red Chili/Red Chili00180.JPG,3,3,Red Chili,Red Chili,0.023788452,0.02029419,0.017120361,0.92529297,0.013656616
ChiliLiteV2_MNV3S_MultiLevel_ColorGate,9,/home/bt/Documents/Po/chili_fruit/dataset/Chili Growth Stage Original Dataset (1)/Chili Growth Stage Original Dataset/Red Chili/Red Chili00183.JPG,3,3,Red Chili,Red Chili,0.030548096,0.021347046,0.017791748,0.9165039,0.013877869
ChiliLiteV2_MNV3S_MultiLevel_ColorGate,9,/home/bt/Documents/Po/chili_fruit/dataset/Chili Growth Stage Original Dataset (1)/Chili Growth Stage Original Dataset/Red Chili/Red Chili00186.JPG,3,3,Red Chili,Red Chili,0.025360107,0.018737793,0.013755798,0.9248047,0.017318726
ChiliLiteV2_MNV3S_MultiLevel_ColorGate,9,/home/bt/Documents/Po/chili_fruit/dataset/Chili Growth Stage Original Dataset (1)/Chili Growth Stage Original Dataset/Red Chili/Red Chili00194.JPG,3,3,Red Chili,Red Chili,0.028289795,0.023422241,0.015380859,0.91845703,0.014541626
ChiliLiteV2_MNV3S_MultiLevel_ColorGate,9,/home/bt/Documents/Po/chili_fruit/dataset/Chili Growth Stage Original Dataset (1)/Chili Growth Stage Original Dataset/Rotten Chili/Rotten Chili00010.JPG,4,4,Rotten Chili,Rotten Chili,0.021240234,0.019088745,0.021743774,0.017486572,0.92041016
ChiliLiteV2_MNV3S_MultiLevel_ColorGate,9,/home/bt/Documents/Po/chili_fruit/dataset/Chili Growth Stage Original Dataset (1)/Chili Growth Stage Original Dataset/Rotten Chili/Rotten Chili00044.JPG,4,4,Rotten Chili,Rotten Chili,0.028823853,0.024017334,0.20678711,0.022369385,0.7182617
ChiliLiteV2_MNV3S_MultiLevel_ColorGate,9,/home/bt/Documents/Po/chili_fruit/dataset/Chili Growth Stage Original Dataset (1)/Chili Growth Stage Original Dataset/Rotten Chili/Rotten Chili00046.JPG,4,4,Rotten Chili,Rotten Chili,0.020996094,0.01713562,0.027786255,0.017730713,0.9165039
ChiliLiteV2_MNV3S_MultiLevel_ColorGate,9,/home/bt/Documents/Po/chili_fruit/dataset/Chili Growth Stage Original Dataset (1)/Chili Growth Stage Original Dataset/Rotten Chili/Rotten Chili00054.JPG,4,4,Rotten Chili,Rotten Chili,0.020950317,0.017181396,0.02130127,0.017608643,0.92285156
ChiliLiteV2_MNV3S_MultiLevel_ColorGate,9,/home/bt/Documents/Po/chili_fruit/dataset/Chili Growth Stage Original Dataset (1)/Chili Growth Stage Original Dataset/Rotten Chili/Rotten Chili00066.JPG,4,4,Rotten Chili,Rotten Chili,0.02494812,0.018356323,0.016860962,0.018173218,0.921875
ChiliLiteV2_MNV3S_MultiLevel_ColorGate,9,/home/bt/Documents/Po/chili_fruit/dataset/Chili Growth Stage Original Dataset (1)/Chili Growth Stage Original Dataset/Rotten Chili/Rotten Chili00076.JPG,4,4,Rotten Chili,Rotten Chili,0.025314331,0.01876831,0.015808105,0.017837524,0.9223633
ChiliLiteV2_MNV3S_MultiLevel_ColorGate,9,/home/bt/Documents/Po/chili_fruit/dataset/Chili Growth Stage Original Dataset (1)/Chili Growth Stage Original Dataset/Rotten Chili/Rotten Chili00096.JPG,4,4,Rotten Chili,Rotten Chili,0.021835327,0.019897461,0.01751709,0.016540527,0.9243164
ChiliLiteV2_MNV3S_MultiLevel_ColorGate,9,/home/bt/Documents/Po/chili_fruit/dataset/Chili Growth Stage Original Dataset (1)/Chili Growth Stage Original Dataset/Rotten Chili/Rotten Chili00098.JPG,4,4,Rotten Chili,Rotten Chili,0.02255249,0.019821167,0.018096924,0.016662598,0.92285156
ChiliLiteV2_MNV3S_MultiLevel_ColorGate,9,/home/bt/Documents/Po/chili_fruit/dataset/Chili Growth Stage Original Dataset (1)/Chili Growth Stage Original Dataset/Rotten Chili/Rotten Chili00103.JPG,4,4,Rotten Chili,Rotten Chili,0.020843506,0.02027893,0.017318726,0.016784668,0.9248047
ChiliLiteV2_MNV3S_MultiLevel_ColorGate,9,/home/bt/Documents/Po/chili_fruit/dataset/Chili Growth Stage Original Dataset (1)/Chili Growth Stage Original Dataset/Rotten Chili/Rotten Chili00111.JPG,4,4,Rotten Chili,Rotten Chili,0.028259277,0.017608643,0.01739502,0.018859863,0.91796875
ChiliLiteV2_MNV3S_MultiLevel_ColorGate,9,/home/bt/Documents/Po/chili_fruit/dataset/Chili Growth Stage Original Dataset (1)/Chili Growth Stage Original Dataset/Rotten Chili/Rotten Chili00114.JPG,4,4,Rotten Chili,Rotten Chili,0.027114868,0.019012451,0.01687622,0.01878357,0.91796875
ChiliLiteV2_MNV3S_MultiLevel_ColorGate,9,/home/bt/Documents/Po/chili_fruit/dataset/Chili Growth Stage Original Dataset (1)/Chili Growth Stage Original Dataset/Rotten Chili/Rotten Chili00150.JPG,4,4,Rotten Chili,Rotten Chili,0.03314209,0.022094727,0.014976501,0.023025513,0.9067383
ChiliLiteV2_MNV3S_MultiLevel_ColorGate,9,/home/bt/Documents/Po/chili_fruit/dataset/Chili Growth Stage Original Dataset (1)/Chili Growth Stage Original Dataset/Rotten Chili/Rotten Chili00154.JPG,4,4,Rotten Chili,Rotten Chili,0.024642944,0.017730713,0.017959595,0.01979065,0.9199219
ChiliLiteV2_MNV3S_MultiLevel_ColorGate,9,/home/bt/Documents/Po/chili_fruit/dataset/Chili Growth Stage Original Dataset (1)/Chili Growth Stage Original Dataset/Rotten Chili/Rotten Chili00163.JPG,4,4,Rotten Chili,Rotten Chili,0.023117065,0.018692017,0.019317627,0.017440796,0.9213867
ChiliLiteV2_MNV3S_MultiLevel_ColorGate,9,/home/bt/Documents/Po/chili_fruit/dataset/Chili Growth Stage Original Dataset (1)/Chili Growth Stage Original Dataset/Rotten Chili/Rotten Chili00168.JPG,4,4,Rotten Chili,Rotten Chili,0.023635864,0.018127441,0.017562866,0.019638062,0.92089844
ChiliLiteV2_MNV3S_MultiLevel_ColorGate,9,/home/bt/Documents/Po/chili_fruit/dataset/Chili Growth Stage Original Dataset (1)/Chili Growth Stage Original Dataset/Rotten Chili/Rotten Chili00176.JPG,4,4,Rotten Chili,Rotten Chili,0.025039673,0.019515991,0.019958496,0.015426636,0.9199219
ChiliLiteV2_MNV3S_MultiLevel_ColorGate,9,/home/bt/Documents/Po/chili_fruit/dataset/Chili Growth Stage Original Dataset (1)/Chili Growth Stage Original Dataset/Rotten Chili/Rotten Chili00184.JPG,4,4,Rotten Chili,Rotten Chili,0.025924683,0.019882202,0.017562866,0.016983032,0.9194336
ChiliLiteV2_MNV3S_MultiLevel_ColorGate,9,/home/bt/Documents/Po/chili_fruit/dataset/Chili Growth Stage Original Dataset (1)/Chili Growth Stage Original Dataset/Rotten Chili/Rotten Chili00191.JPG,4,4,Rotten Chili,Rotten Chili,0.024673462,0.01713562,0.01828003,0.0178833,0.921875
ChiliLiteV2_MNV3S_MultiLevel_ColorGate,9,/home/bt/Documents/Po/chili_fruit/dataset/Chili Growth Stage Original Dataset (1)/Chili Growth Stage Original Dataset/Rotten Chili/Rotten Chili00197.JPG,4,4,Rotten Chili,Rotten Chili,0.021743774,0.016937256,0.017303467,0.019226074,0.9248047
ChiliLiteV2_MNV3S_MultiLevel_ColorGate,9,/home/bt/Documents/Po/chili_fruit/dataset/Chili Growth Stage Original Dataset (1)/Chili Growth Stage Original Dataset/Rotten Chili/Rotten Chili00200.JPG,4,4,Rotten Chili,Rotten Chili,0.02255249,0.018722534,0.019104004,0.018005371,0.9213867
ChiliLiteV2_MNV3S_MultiLevel_ColorGate,9,/home/bt/Documents/Po/chili_fruit/dataset/Chili Growth Stage Original Dataset (1)/Chili Growth Stage Original Dataset/Rotten Chili/Rotten Chili00201.JPG,4,4,Rotten Chili,Rotten Chili,0.022033691,0.017562866,0.01939392,0.01802063,0.92285156
ChiliLiteV2_MNV3S_MultiLevel_ColorGate,9,/home/bt/Documents/Po/chili_fruit/dataset/Chili Growth Stage Original Dataset (1)/Chili Growth Stage Original Dataset/Rotten Chili/Rotten Chili00202.JPG,4,4,Rotten Chili,Rotten Chili,0.022628784,0.01876831,0.019622803,0.017974854,0.92089844
ChiliLiteV2_MNV3S_MultiLevel_ColorGate,9,/home/bt/Documents/Po/chili_fruit/dataset/Chili Growth Stage Original Dataset (1)/Chili Growth Stage Original Dataset/Rotten Chili/Rotten Chili00210.JPG,4,4,Rotten Chili,Rotten Chili,0.022506714,0.018539429,0.019058228,0.018341064,0.9213867
ChiliLiteV2_MNV3S_MultiLevel_ColorGate,9,/home/bt/Documents/Po/chili_fruit/dataset/Chili Growth Stage Original Dataset (1)/Chili Growth Stage Original Dataset/Rotten Chili/Rotten Chili00230.JPG,4,4,Rotten Chili,Rotten Chili,0.027786255,0.023406982,0.017166138,0.017303467,0.9145508
ChiliLiteV2_MNV3S_MultiLevel_ColorGate,9,/home/bt/Documents/Po/chili_fruit/dataset/Chili Growth Stage Original Dataset (1)/Chili Growth Stage Original Dataset/Rotten Chili/Rotten Chili00257.JPG,4,4,Rotten Chili,Rotten Chili,0.020507812,0.02027893,0.026321411,0.015975952,0.9169922
ChiliLiteV2_MNV3S_MultiLevel_ColorGate,9,/home/bt/Documents/Po/chili_fruit/dataset/Chili Growth Stage Original Dataset (1)/Chili Growth Stage Original Dataset/Rotten Chili/Rotten Chili00264.JPG,4,4,Rotten Chili,Rotten Chili,0.029754639,0.021759033,0.022705078,0.014602661,0.9111328
ChiliLiteV2_MNV3S_MultiLevel_ColorGate,9,/home/bt/Documents/Po/chili_fruit/dataset/Chili Growth Stage Original Dataset (1)/Chili Growth Stage Original Dataset/Rotten Chili/Rotten Chili00267.JPG,4,4,Rotten Chili,Rotten Chili,0.029846191,0.022857666,0.020812988,0.014823914,0.9116211
ChiliLiteV2_MNV3S_MultiLevel_ColorGate,9,/home/bt/Documents/Po/chili_fruit/dataset/Chili Growth Stage Original Dataset (1)/Chili Growth Stage Original Dataset/Rotten Chili/Rotten Chili00270.JPG,4,4,Rotten Chili,Rotten Chili,0.02420044,0.018417358,0.018188477,0.018005371,0.9213867
ChiliLiteV2_MNV3S_MultiLevel_ColorGate,9,/home/bt/Documents/Po/chili_fruit/dataset/Chili Growth Stage Original Dataset (1)/Chili Growth Stage Original Dataset/Rotten Chili/Rotten Chili00284.JPG,4,4,Rotten Chili,Rotten Chili,0.026611328,0.019714355,0.01675415,0.018051147,0.9189453
ChiliLiteV2_MNV3S_MultiLevel_ColorGate,9,/home/bt/Documents/Po/chili_fruit/dataset/Chili Growth Stage Original Dataset (1)/Chili Growth Stage Original Dataset/Rotten Chili/Rotten Chili00297.JPG,4,4,Rotten Chili,Rotten Chili,0.028671265,0.02116394,0.015296936,0.019210815,0.91552734
ChiliLiteV2_MNV3S_MultiLevel_ColorGate,9,/home/bt/Documents/Po/chili_fruit/dataset/Chili Growth Stage Original Dataset (1)/Chili Growth Stage Original Dataset/Rotten Chili/Rotten Chili00306.JPG,4,4,Rotten Chili,Rotten Chili,0.023330688,0.01927185,0.01701355,0.016937256,0.92333984
ChiliLiteV2_MNV3S_MultiLevel_ColorGate,9,/home/bt/Documents/Po/chili_fruit/dataset/Chili Growth Stage Original Dataset (1)/Chili Growth Stage Original Dataset/Rotten Chili/Rotten Chili00309.JPG,4,4,Rotten Chili,Rotten Chili,0.023223877,0.019683838,0.017105103,0.017700195,0.9223633
ChiliLiteV2_MNV3S_MultiLevel_ColorGate,9,/home/bt/Documents/Po/chili_fruit/dataset/Chili Growth Stage Original Dataset (1)/Chili Growth Stage Original Dataset/Rotten Chili/Rotten Chili00310.JPG,4,4,Rotten Chili,Rotten Chili,0.023117065,0.019363403,0.017196655,0.017471313,0.92285156
ChiliLiteV2_MNV3S_MultiLevel_ColorGate,9,/home/bt/Documents/Po/chili_fruit/dataset/Chili Growth Stage Original Dataset (1)/Chili Growth Stage Original Dataset/Rotten Chili/Rotten Chili00330.JPG,4,4,Rotten Chili,Rotten Chili,0.025466919,0.017974854,0.016601562,0.019256592,0.92089844
ChiliLiteV2_MNV3S_MultiLevel_ColorGate,9,/home/bt/Documents/Po/chili_fruit/dataset/Chili Growth Stage Original Dataset (1)/Chili Growth Stage Original Dataset/Rotten Chili/Rotten Chili00341.JPG,4,4,Rotten Chili,Rotten Chili,0.02204895,0.018554688,0.018096924,0.01763916,0.9238281
ChiliLiteV2_MNV3S_MultiLevel_ColorGate,9,/home/bt/Documents/Po/chili_fruit/dataset/Chili Growth Stage Original Dataset (1)/Chili Growth Stage Original Dataset/Rotten Chili/Rotten Chili00363.JPG,4,4,Rotten Chili,Rotten Chili,0.027664185,0.022354126,0.022644043,0.015007019,0.9121094
ChiliLiteV2_MNV3S_MultiLevel_ColorGate,9,/home/bt/Documents/Po/chili_fruit/dataset/Chili Growth Stage Original Dataset (1)/Chili Growth Stage Original Dataset/Rotten Chili/Rotten Chili00366.JPG,4,4,Rotten Chili,Rotten Chili,0.034576416,0.031951904,0.018356323,0.01524353,0.89990234
ChiliLiteV2_MNV3S_MultiLevel_ColorGate,9,/home/bt/Documents/Po/chili_fruit/dataset/Chili Growth Stage Original Dataset (1)/Chili Growth Stage Original Dataset/Rotten Chili/Rotten Chili00373.JPG,4,4,Rotten Chili,Rotten Chili,0.026870728,0.020339966,0.018966675,0.0154800415,0.91845703
ChiliLiteV2_MNV3S_MultiLevel_ColorGate,10,/home/bt/Documents/Po/chili_fruit/dataset/Chili Growth Stage Original Dataset (1)/Chili Growth Stage Original Dataset/Dry chili/Dry chili00007.JPG,0,0,Dry Chili,Dry Chili,0.92529297,0.019836426,0.016647339,0.021591187,0.016845703
ChiliLiteV2_MNV3S_MultiLevel_ColorGate,10,/home/bt/Documents/Po/chili_fruit/dataset/Chili Growth Stage Original Dataset (1)/Chili Growth Stage Original Dataset/Dry chili/Dry chili00021.JPG,0,0,Dry Chili,Dry Chili,0.9277344,0.017623901,0.015823364,0.019439697,0.01939392
ChiliLiteV2_MNV3S_MultiLevel_ColorGate,10,/home/bt/Documents/Po/chili_fruit/dataset/Chili Growth Stage Original Dataset (1)/Chili Growth Stage Original Dataset/Dry chili/Dry chili00027.JPG,0,0,Dry Chili,Dry Chili,0.92822266,0.018051147,0.015716553,0.018661499,0.019317627
ChiliLiteV2_MNV3S_MultiLevel_ColorGate,10,/home/bt/Documents/Po/chili_fruit/dataset/Chili Growth Stage Original Dataset (1)/Chili Growth Stage Original Dataset/Dry chili/Dry chili00031.JPG,0,0,Dry Chili,Dry Chili,0.9267578,0.02017212,0.016494751,0.01928711,0.017486572
ChiliLiteV2_MNV3S_MultiLevel_ColorGate,10,/home/bt/Documents/Po/chili_fruit/dataset/Chili Growth Stage Original Dataset (1)/Chili Growth Stage Original Dataset/Dry chili/Dry chili00044.JPG,0,0,Dry Chili,Dry Chili,0.92626953,0.019515991,0.016021729,0.018829346,0.019592285
ChiliLiteV2_MNV3S_MultiLevel_ColorGate,10,/home/bt/Documents/Po/chili_fruit/dataset/Chili Growth Stage Original Dataset (1)/Chili Growth Stage Original Dataset/Dry chili/Dry chili00048.JPG,0,0,Dry Chili,Dry Chili,0.9267578,0.018814087,0.016540527,0.017456055,0.020324707
ChiliLiteV2_MNV3S_MultiLevel_ColorGate,10,/home/bt/Documents/Po/chili_fruit/dataset/Chili Growth Stage Original Dataset (1)/Chili Growth Stage Original Dataset/Dry chili/Dry chili00062.JPG,0,0,Dry Chili,Dry Chili,0.9267578,0.019424438,0.016464233,0.019317627,0.018035889
ChiliLiteV2_MNV3S_MultiLevel_ColorGate,10,/home/bt/Documents/Po/chili_fruit/dataset/Chili Growth Stage Original Dataset (1)/Chili Growth Stage Original Dataset/Dry chili/Dry chili00065.JPG,0,0,Dry Chili,Dry Chili,0.9267578,0.019851685,0.015594482,0.018585205,0.018997192
ChiliLiteV2_MNV3S_MultiLevel_ColorGate,10,/home/bt/Documents/Po/chili_fruit/dataset/Chili Growth Stage Original Dataset (1)/Chili Growth Stage Original Dataset/Dry chili/Dry chili00071.JPG,0,0,Dry Chili,Dry Chili,0.9248047,0.020584106,0.016036987,0.020141602,0.018218994
ChiliLiteV2_MNV3S_MultiLevel_ColorGate,10,/home/bt/Documents/Po/chili_fruit/dataset/Chili Growth Stage Original Dataset (1)/Chili Growth Stage Original Dataset/Dry chili/Dry chili00074.JPG,0,0,Dry Chili,Dry Chili,0.9243164,0.02003479,0.016555786,0.021133423,0.017852783
ChiliLiteV2_MNV3S_MultiLevel_ColorGate,10,/home/bt/Documents/Po/chili_fruit/dataset/Chili Growth Stage Original Dataset (1)/Chili Growth Stage Original Dataset/Dry chili/Dry chili00076.JPG,0,0,Dry Chili,Dry Chili,0.9267578,0.020202637,0.016738892,0.017532349,0.018737793
ChiliLiteV2_MNV3S_MultiLevel_ColorGate,10,/home/bt/Documents/Po/chili_fruit/dataset/Chili Growth Stage Original Dataset (1)/Chili Growth Stage Original Dataset/Dry chili/Dry chili00084.JPG,0,0,Dry Chili,Dry Chili,0.92529297,0.01889038,0.015792847,0.019470215,0.020324707
ChiliLiteV2_MNV3S_MultiLevel_ColorGate,10,/home/bt/Documents/Po/chili_fruit/dataset/Chili Growth Stage Original Dataset (1)/Chili Growth Stage Original Dataset/Dry chili/Dry chili00089.JPG,0,0,Dry Chili,Dry Chili,0.9296875,0.017456055,0.015617371,0.020462036,0.01689148
ChiliLiteV2_MNV3S_MultiLevel_ColorGate,10,/home/bt/Documents/Po/chili_fruit/dataset/Chili Growth Stage Original Dataset (1)/Chili Growth Stage Original Dataset/Dry chili/Dry chili00090.JPG,0,0,Dry Chili,Dry Chili,0.9267578,0.018463135,0.016937256,0.017837524,0.02017212
ChiliLiteV2_MNV3S_MultiLevel_ColorGate,10,/home/bt/Documents/Po/chili_fruit/dataset/Chili Growth Stage Original Dataset (1)/Chili Growth Stage Original Dataset/Dry chili/Dry chili00093.JPG,0,0,Dry Chili,Dry Chili,0.9243164,0.018569946,0.015945435,0.020950317,0.020248413
ChiliLiteV2_MNV3S_MultiLevel_ColorGate,10,/home/bt/Documents/Po/chili_fruit/dataset/Chili Growth Stage Original Dataset (1)/Chili Growth Stage Original Dataset/Dry chili/Dry chili00103.JPG,0,0,Dry Chili,Dry Chili,0.9243164,0.019073486,0.015777588,0.020462036,0.02027893
ChiliLiteV2_MNV3S_MultiLevel_ColorGate,10,/home/bt/Documents/Po/chili_fruit/dataset/Chili Growth Stage Original Dataset (1)/Chili Growth Stage Original Dataset/Dry chili/Dry chili00115.JPG,0,0,Dry Chili,Dry Chili,0.9243164,0.020568848,0.016296387,0.01953125,0.019134521
ChiliLiteV2_MNV3S_MultiLevel_ColorGate,10,/home/bt/Documents/Po/chili_fruit/dataset/Chili Growth Stage Original Dataset (1)/Chili Growth Stage Original Dataset/Dry chili/Dry chili00118.JPG,0,0,Dry Chili,Dry Chili,0.9277344,0.018814087,0.016311646,0.020477295,0.016906738
ChiliLiteV2_MNV3S_MultiLevel_ColorGate,10,/home/bt/Documents/Po/chili_fruit/dataset/Chili Growth Stage Original Dataset (1)/Chili Growth Stage Original Dataset/Dry chili/Dry chili00120.JPG,0,0,Dry Chili,Dry Chili,0.9248047,0.019515991,0.015960693,0.021881104,0.017974854
ChiliLiteV2_MNV3S_MultiLevel_ColorGate,10,/home/bt/Documents/Po/chili_fruit/dataset/Chili Growth Stage Original Dataset (1)/Chili Growth Stage Original Dataset/Dry chili/Dry chili00164.JPG,0,0,Dry Chili,Dry Chili,0.92822266,0.017852783,0.017425537,0.019012451,0.017623901
ChiliLiteV2_MNV3S_MultiLevel_ColorGate,10,/home/bt/Documents/Po/chili_fruit/dataset/Chili Growth Stage Original Dataset (1)/Chili Growth Stage Original Dataset/Dry chili/Dry chili00167.JPG,0,0,Dry Chili,Dry Chili,0.9291992,0.018432617,0.015899658,0.01725769,0.019210815
ChiliLiteV2_MNV3S_MultiLevel_ColorGate,10,/home/bt/Documents/Po/chili_fruit/dataset/Chili Growth Stage Original Dataset (1)/Chili Growth Stage Original Dataset/Dry chili/Dry chili00199.JPG,0,0,Dry Chili,Dry Chili,0.9272461,0.018920898,0.016189575,0.018569946,0.018859863
ChiliLiteV2_MNV3S_MultiLevel_ColorGate,10,/home/bt/Documents/Po/chili_fruit/dataset/Chili Growth Stage Original Dataset (1)/Chili Growth Stage Original Dataset/Dry chili/Dry chili00202.JPG,0,0,Dry Chili,Dry Chili,0.92578125,0.019180298,0.017532349,0.019042969,0.018630981
ChiliLiteV2_MNV3S_MultiLevel_ColorGate,10,/home/bt/Documents/Po/chili_fruit/dataset/Chili Growth Stage Original Dataset (1)/Chili Growth Stage Original Dataset/Dry chili/Dry chili00213.JPG,0,0,Dry Chili,Dry Chili,0.9272461,0.019439697,0.01663208,0.017837524,0.01876831
ChiliLiteV2_MNV3S_MultiLevel_ColorGate,10,/home/bt/Documents/Po/chili_fruit/dataset/Chili Growth Stage Original Dataset (1)/Chili Growth Stage Original Dataset/Dry chili/Dry chili00222.JPG,0,0,Dry Chili,Dry Chili,0.92529297,0.02078247,0.017364502,0.018630981,0.017791748
ChiliLiteV2_MNV3S_MultiLevel_ColorGate,10,/home/bt/Documents/Po/chili_fruit/dataset/Chili Growth Stage Original Dataset (1)/Chili Growth Stage Original Dataset/Dry chili/Dry chili00224.JPG,0,0,Dry Chili,Dry Chili,0.9243164,0.01965332,0.01626587,0.02029419,0.01928711
ChiliLiteV2_MNV3S_MultiLevel_ColorGate,10,/home/bt/Documents/Po/chili_fruit/dataset/Chili Growth Stage Original Dataset (1)/Chili Growth Stage Original Dataset/Dry chili/Dry chili00226.JPG,0,0,Dry Chili,Dry Chili,0.9277344,0.01826477,0.016677856,0.017303467,0.019851685
ChiliLiteV2_MNV3S_MultiLevel_ColorGate,10,/home/bt/Documents/Po/chili_fruit/dataset/Chili Growth Stage Original Dataset (1)/Chili Growth Stage Original Dataset/Dry chili/Dry chili00234.JPG,0,0,Dry Chili,Dry Chili,0.92822266,0.01789856,0.016052246,0.017807007,0.020248413
ChiliLiteV2_MNV3S_MultiLevel_ColorGate,10,/home/bt/Documents/Po/chili_fruit/dataset/Chili Growth Stage Original Dataset (1)/Chili Growth Stage Original Dataset/Dry chili/Dry chili00245.JPG,0,0,Dry Chili,Dry Chili,0.9277344,0.018066406,0.017227173,0.020751953,0.016357422
ChiliLiteV2_MNV3S_MultiLevel_ColorGate,10,/home/bt/Documents/Po/chili_fruit/dataset/Chili Growth Stage Original Dataset (1)/Chili Growth Stage Original Dataset/Dry chili/Dry chili00253.JPG,0,0,Dry Chili,Dry Chili,0.9321289,0.015792847,0.015960693,0.016784668,0.019302368
ChiliLiteV2_MNV3S_MultiLevel_ColorGate,10,/home/bt/Documents/Po/chili_fruit/dataset/Chili Growth Stage Original Dataset (1)/Chili Growth Stage Original Dataset/Dry chili/Dry chili00262.JPG,0,0,Dry Chili,Dry Chili,0.9277344,0.018569946,0.016784668,0.019195557,0.017929077
ChiliLiteV2_MNV3S_MultiLevel_ColorGate,10,/home/bt/Documents/Po/chili_fruit/dataset/Chili Growth Stage Original Dataset (1)/Chili Growth Stage Original Dataset/Dry chili/Dry chili00322.JPG,0,0,Dry Chili,Dry Chili,0.93115234,0.016540527,0.016479492,0.01751709,0.018127441
ChiliLiteV2_MNV3S_MultiLevel_ColorGate,10,/home/bt/Documents/Po/chili_fruit/dataset/Chili Growth Stage Original Dataset (1)/Chili Growth Stage Original Dataset/Dry chili/Dry chili00331.JPG,0,0,Dry Chili,Dry Chili,0.92626953,0.01876831,0.016799927,0.020324707,0.017791748
ChiliLiteV2_MNV3S_MultiLevel_ColorGate,10,/home/bt/Documents/Po/chili_fruit/dataset/Chili Growth Stage Original Dataset (1)/Chili Growth Stage Original Dataset/Dry chili/Dry chili00333.JPG,0,0,Dry Chili,Dry Chili,0.9321289,0.016555786,0.01625061,0.016220093,0.018875122
ChiliLiteV2_MNV3S_MultiLevel_ColorGate,10,/home/bt/Documents/Po/chili_fruit/dataset/Chili Growth Stage Original Dataset (1)/Chili Growth Stage Original Dataset/Dry chili/Dry chili00334.JPG,0,0,Dry Chili,Dry Chili,0.9272461,0.019119263,0.016174316,0.019607544,0.017837524
ChiliLiteV2_MNV3S_MultiLevel_ColorGate,10,/home/bt/Documents/Po/chili_fruit/dataset/Chili Growth Stage Original Dataset (1)/Chili Growth Stage Original Dataset/Dry chili/Dry chili00364.JPG,0,0,Dry Chili,Dry Chili,0.9272461,0.018569946,0.015945435,0.017486572,0.02078247
ChiliLiteV2_MNV3S_MultiLevel_ColorGate,10,/home/bt/Documents/Po/chili_fruit/dataset/Chili Growth Stage Original Dataset (1)/Chili Growth Stage Original Dataset/Dry chili/Dry chili00367.JPG,0,0,Dry Chili,Dry Chili,0.92626953,0.01789856,0.016525269,0.018600464,0.020584106
ChiliLiteV2_MNV3S_MultiLevel_ColorGate,10,/home/bt/Documents/Po/chili_fruit/dataset/Chili Growth Stage Original Dataset (1)/Chili Growth Stage Original Dataset/Dry chili/Dry chili00375.JPG,0,0,Dry Chili,Dry Chili,0.92822266,0.018432617,0.01612854,0.017745972,0.019485474
ChiliLiteV2_MNV3S_MultiLevel_ColorGate,10,/home/bt/Documents/Po/chili_fruit/dataset/Chili Growth Stage Original Dataset (1)/Chili Growth Stage Original Dataset/Dry chili/Dry chili00388.JPG,0,0,Dry Chili,Dry Chili,0.92871094,0.016571045,0.017990112,0.015266418,0.021362305
ChiliLiteV2_MNV3S_MultiLevel_ColorGate,10,/home/bt/Documents/Po/chili_fruit/dataset/Chili Growth Stage Original Dataset (1)/Chili Growth Stage Original Dataset/Dry chili/Dry chili00398.JPG,0,0,Dry Chili,Dry Chili,0.9291992,0.017593384,0.016143799,0.018478394,0.018371582
ChiliLiteV2_MNV3S_MultiLevel_ColorGate,10,/home/bt/Documents/Po/chili_fruit/dataset/Chili Growth Stage Original Dataset (1)/Chili Growth Stage Original Dataset/Dry chili/Dry chili00403.JPG,0,0,Dry Chili,Dry Chili,0.93066406,0.017196655,0.016555786,0.017242432,0.018356323
ChiliLiteV2_MNV3S_MultiLevel_ColorGate,10,/home/bt/Documents/Po/chili_fruit/dataset/Chili Growth Stage Original Dataset (1)/Chili Growth Stage Original Dataset/Flower/Flower00006.JPG,1,1,Flower,Flower,0.015197754,0.9375,0.016418457,0.017089844,0.013725281
ChiliLiteV2_MNV3S_MultiLevel_ColorGate,10,/home/bt/Documents/Po/chili_fruit/dataset/Chili Growth Stage Original Dataset (1)/Chili Growth Stage Original Dataset/Flower/Flower00018.JPG,1,1,Flower,Flower,0.016555786,0.9355469,0.014503479,0.016967773,0.016403198
ChiliLiteV2_MNV3S_MultiLevel_ColorGate,10,/home/bt/Documents/Po/chili_fruit/dataset/Chili Growth Stage Original Dataset (1)/Chili Growth Stage Original Dataset/Flower/Flower00022.JPG,1,1,Flower,Flower,0.015686035,0.93408203,0.017730713,0.017745972,0.014892578
ChiliLiteV2_MNV3S_MultiLevel_ColorGate,10,/home/bt/Documents/Po/chili_fruit/dataset/Chili Growth Stage Original Dataset (1)/Chili Growth Stage Original Dataset/Flower/Flower00050.JPG,1,1,Flower,Flower,0.015716553,0.9350586,0.015037537,0.018417358,0.01574707
ChiliLiteV2_MNV3S_MultiLevel_ColorGate,10,/home/bt/Documents/Po/chili_fruit/dataset/Chili Growth Stage Original Dataset (1)/Chili Growth Stage Original Dataset/Flower/Flower00056.JPG,1,1,Flower,Flower,0.017700195,0.9345703,0.016647339,0.017700195,0.013267517
ChiliLiteV2_MNV3S_MultiLevel_ColorGate,10,/home/bt/Documents/Po/chili_fruit/dataset/Chili Growth Stage Original Dataset (1)/Chili Growth Stage Original Dataset/Flower/Flower00060.JPG,1,1,Flower,Flower,0.018157959,0.93115234,0.014282227,0.019851685,0.016311646
ChiliLiteV2_MNV3S_MultiLevel_ColorGate,10,/home/bt/Documents/Po/chili_fruit/dataset/Chili Growth Stage Original Dataset (1)/Chili Growth Stage Original Dataset/Flower/Flower00069.JPG,1,1,Flower,Flower,0.015487671,0.9326172,0.022338867,0.016448975,0.013160706
ChiliLiteV2_MNV3S_MultiLevel_ColorGate,10,/home/bt/Documents/Po/chili_fruit/dataset/Chili Growth Stage Original Dataset (1)/Chili Growth Stage Original Dataset/Flower/Flower00094.JPG,1,1,Flower,Flower,0.01914978,0.92871094,0.013969421,0.021255493,0.01676941
ChiliLiteV2_MNV3S_MultiLevel_ColorGate,10,/home/bt/Documents/Po/chili_fruit/dataset/Chili Growth Stage Original Dataset (1)/Chili Growth Stage Original Dataset/Flower/Flower00110.JPG,1,1,Flower,Flower,0.015899658,0.9350586,0.01449585,0.01852417,0.016082764
ChiliLiteV2_MNV3S_MultiLevel_ColorGate,10,/home/bt/Documents/Po/chili_fruit/dataset/Chili Growth Stage Original Dataset (1)/Chili Growth Stage Original Dataset/Flower/Flower00122.JPG,1,1,Flower,Flower,0.014503479,0.93652344,0.01499176,0.017974854,0.016082764
ChiliLiteV2_MNV3S_MultiLevel_ColorGate,10,/home/bt/Documents/Po/chili_fruit/dataset/Chili Growth Stage Original Dataset (1)/Chili Growth Stage Original Dataset/Flower/Flower00142.JPG,1,1,Flower,Flower,0.016784668,0.93408203,0.014953613,0.0181427,0.01600647
ChiliLiteV2_MNV3S_MultiLevel_ColorGate,10,/home/bt/Documents/Po/chili_fruit/dataset/Chili Growth Stage Original Dataset (1)/Chili Growth Stage Original Dataset/Flower/Flower00149.JPG,1,1,Flower,Flower,0.014297485,0.9350586,0.019470215,0.019317627,0.011779785
ChiliLiteV2_MNV3S_MultiLevel_ColorGate,10,/home/bt/Documents/Po/chili_fruit/dataset/Chili Growth Stage Original Dataset (1)/Chili Growth Stage Original Dataset/Flower/Flower00155.JPG,1,1,Flower,Flower,0.01689148,0.9345703,0.015220642,0.017745972,0.015792847
ChiliLiteV2_MNV3S_MultiLevel_ColorGate,10,/home/bt/Documents/Po/chili_fruit/dataset/Chili Growth Stage Original Dataset (1)/Chili Growth Stage Original Dataset/Flower/Flower00164.JPG,1,1,Flower,Flower,0.018096924,0.93359375,0.014549255,0.018814087,0.014968872
ChiliLiteV2_MNV3S_MultiLevel_ColorGate,10,/home/bt/Documents/Po/chili_fruit/dataset/Chili Growth Stage Original Dataset (1)/Chili Growth Stage Original Dataset/Flower/Flower00169.JPG,1,1,Flower,Flower,0.016448975,0.93359375,0.014816284,0.018341064,0.016937256
ChiliLiteV2_MNV3S_MultiLevel_ColorGate,10,/home/bt/Documents/Po/chili_fruit/dataset/Chili Growth Stage Original Dataset (1)/Chili Growth Stage Original Dataset/Flower/Flower00170.JPG,1,1,Flower,Flower,0.01838684,0.93115234,0.014846802,0.017700195,0.018066406
ChiliLiteV2_MNV3S_MultiLevel_ColorGate,10,/home/bt/Documents/Po/chili_fruit/dataset/Chili Growth Stage Original Dataset (1)/Chili Growth Stage Original Dataset/Flower/Flower00171.JPG,1,1,Flower,Flower,0.017807007,0.9326172,0.014213562,0.018417358,0.016921997
ChiliLiteV2_MNV3S_MultiLevel_ColorGate,10,/home/bt/Documents/Po/chili_fruit/dataset/Chili Growth Stage Original Dataset (1)/Chili Growth Stage Original Dataset/Flower/Flower00173.JPG,1,1,Flower,Flower,0.01725769,0.93310547,0.014678955,0.01826477,0.016845703
ChiliLiteV2_MNV3S_MultiLevel_ColorGate,10,/home/bt/Documents/Po/chili_fruit/dataset/Chili Growth Stage Original Dataset (1)/Chili Growth Stage Original Dataset/Flower/Flower00179.JPG,1,1,Flower,Flower,0.0146102905,0.9321289,0.015625,0.017074585,0.020385742
ChiliLiteV2_MNV3S_MultiLevel_ColorGate,10,/home/bt/Documents/Po/chili_fruit/dataset/Chili Growth Stage Original Dataset (1)/Chili Growth Stage Original Dataset/Flower/Flower00181.JPG,1,1,Flower,Flower,0.014984131,0.9272461,0.016418457,0.015777588,0.025375366
ChiliLiteV2_MNV3S_MultiLevel_ColorGate,10,/home/bt/Documents/Po/chili_fruit/dataset/Chili Growth Stage Original Dataset (1)/Chili Growth Stage Original Dataset/Flower/Flower00184.JPG,1,1,Flower,Flower,0.016525269,0.9345703,0.0146484375,0.018508911,0.015533447
ChiliLiteV2_MNV3S_MultiLevel_ColorGate,10,/home/bt/Documents/Po/chili_fruit/dataset/Chili Growth Stage Original Dataset (1)/Chili Growth Stage Original Dataset/Flower/Flower00187.JPG,1,1,Flower,Flower,0.01739502,0.93359375,0.014526367,0.018310547,0.01637268
ChiliLiteV2_MNV3S_MultiLevel_ColorGate,10,/home/bt/Documents/Po/chili_fruit/dataset/Chili Growth Stage Original Dataset (1)/Chili Growth Stage Original Dataset/Flower/Flower00191.JPG,1,1,Flower,Flower,0.015045166,0.9345703,0.016036987,0.017486572,0.016693115
ChiliLiteV2_MNV3S_MultiLevel_ColorGate,10,/home/bt/Documents/Po/chili_fruit/dataset/Chili Growth Stage Original Dataset (1)/Chili Growth Stage Original Dataset/Flower/Flower00199.JPG,1,1,Flower,Flower,0.016571045,0.93310547,0.016983032,0.017364502,0.01576233
ChiliLiteV2_MNV3S_MultiLevel_ColorGate,10,/home/bt/Documents/Po/chili_fruit/dataset/Chili Growth Stage Original Dataset (1)/Chili Growth Stage Original Dataset/Flower/Flower00209.JPG,1,1,Flower,Flower,0.016235352,0.9350586,0.014175415,0.018081665,0.016433716
ChiliLiteV2_MNV3S_MultiLevel_ColorGate,10,/home/bt/Documents/Po/chili_fruit/dataset/Chili Growth Stage Original Dataset (1)/Chili Growth Stage Original Dataset/Flower/Flower00218.JPG,1,1,Flower,Flower,0.017791748,0.93310547,0.01461792,0.017486572,0.017044067
ChiliLiteV2_MNV3S_MultiLevel_ColorGate,10,/home/bt/Documents/Po/chili_fruit/dataset/Chili Growth Stage Original Dataset (1)/Chili Growth Stage Original Dataset/Flower/Flower00227.JPG,1,1,Flower,Flower,0.015808105,0.9355469,0.016693115,0.016921997,0.015090942
ChiliLiteV2_MNV3S_MultiLevel_ColorGate,10,/home/bt/Documents/Po/chili_fruit/dataset/Chili Growth Stage Original Dataset (1)/Chili Growth Stage Original Dataset/Flower/Flower00238.JPG,1,1,Flower,Flower,0.014373779,0.9375,0.01663208,0.015106201,0.016174316
ChiliLiteV2_MNV3S_MultiLevel_ColorGate,10,/home/bt/Documents/Po/chili_fruit/dataset/Chili Growth Stage Original Dataset (1)/Chili Growth Stage Original Dataset/Flower/Flower00249.JPG,1,1,Flower,Flower,0.017929077,0.93310547,0.016723633,0.015472412,0.016998291
ChiliLiteV2_MNV3S_MultiLevel_ColorGate,10,/home/bt/Documents/Po/chili_fruit/dataset/Chili Growth Stage Original Dataset (1)/Chili Growth Stage Original Dataset/Flower/Flower00269.JPG,1,1,Flower,Flower,0.0138168335,0.9375,0.01550293,0.018249512,0.014854431
ChiliLiteV2_MNV3S_MultiLevel_ColorGate,10,/home/bt/Documents/Po/chili_fruit/dataset/Chili Growth Stage Original Dataset (1)/Chili Growth Stage Original Dataset/Flower/Flower00280.JPG,1,1,Flower,Flower,0.016296387,0.9326172,0.016220093,0.016616821,0.01802063
ChiliLiteV2_MNV3S_MultiLevel_ColorGate,10,/home/bt/Documents/Po/chili_fruit/dataset/Chili Growth Stage Original Dataset (1)/Chili Growth Stage Original Dataset/Flower/Flower00286.JPG,1,1,Flower,Flower,0.014572144,0.93408203,0.017486572,0.015701294,0.017929077
ChiliLiteV2_MNV3S_MultiLevel_ColorGate,10,/home/bt/Documents/Po/chili_fruit/dataset/Chili Growth Stage Original Dataset (1)/Chili Growth Stage Original Dataset/Flower/Flower00326.JPG,1,1,Flower,Flower,0.016952515,0.9321289,0.015655518,0.018676758,0.016662598
ChiliLiteV2_MNV3S_MultiLevel_ColorGate,10,/home/bt/Documents/Po/chili_fruit/dataset/Chili Growth Stage Original Dataset (1)/Chili Growth Stage Original Dataset/Flower/Flower00327.JPG,1,1,Flower,Flower,0.016967773,0.9316406,0.01525116,0.019058228,0.01727295
ChiliLiteV2_MNV3S_MultiLevel_ColorGate,10,/home/bt/Documents/Po/chili_fruit/dataset/Chili Growth Stage Original Dataset (1)/Chili Growth Stage Original Dataset/Flower/Flower00331.JPG,1,1,Flower,Flower,0.015380859,0.92626953,0.01838684,0.016540527,0.02355957
ChiliLiteV2_MNV3S_MultiLevel_ColorGate,10,/home/bt/Documents/Po/chili_fruit/dataset/Chili Growth Stage Original Dataset (1)/Chili Growth Stage Original Dataset/Flower/Flower00349.JPG,1,1,Flower,Flower,0.0154418945,0.9379883,0.016952515,0.016586304,0.0132369995
ChiliLiteV2_MNV3S_MultiLevel_ColorGate,10,/home/bt/Documents/Po/chili_fruit/dataset/Chili Growth Stage Original Dataset (1)/Chili Growth Stage Original Dataset/Flower/Flower00354.JPG,1,1,Flower,Flower,0.016021729,0.9355469,0.020065308,0.013900757,0.014572144
ChiliLiteV2_MNV3S_MultiLevel_ColorGate,10,/home/bt/Documents/Po/chili_fruit/dataset/Chili Growth Stage Original Dataset (1)/Chili Growth Stage Original Dataset/Flower/Flower00374.JPG,1,1,Flower,Flower,0.015350342,0.93652344,0.018112183,0.01537323,0.014656067
ChiliLiteV2_MNV3S_MultiLevel_ColorGate,10,/home/bt/Documents/Po/chili_fruit/dataset/Chili Growth Stage Original Dataset (1)/Chili Growth Stage Original Dataset/Flower/Flower00392.JPG,1,1,Flower,Flower,0.016235352,0.9326172,0.0154418945,0.01739502,0.018157959
ChiliLiteV2_MNV3S_MultiLevel_ColorGate,10,/home/bt/Documents/Po/chili_fruit/dataset/Chili Growth Stage Original Dataset (1)/Chili Growth Stage Original Dataset/Green Chili/Green Chili00004.JPG,2,2,Green Chili,Green Chili,0.018814087,0.01637268,0.9326172,0.016052246,0.016067505
ChiliLiteV2_MNV3S_MultiLevel_ColorGate,10,/home/bt/Documents/Po/chili_fruit/dataset/Chili Growth Stage Original Dataset (1)/Chili Growth Stage Original Dataset/Green Chili/Green Chili00005.JPG,2,2,Green Chili,Green Chili,0.019927979,0.015533447,0.93408203,0.014305115,0.016281128
ChiliLiteV2_MNV3S_MultiLevel_ColorGate,10,/home/bt/Documents/Po/chili_fruit/dataset/Chili Growth Stage Original Dataset (1)/Chili Growth Stage Original Dataset/Green Chili/Green Chili00009.JPG,2,2,Green Chili,Green Chili,0.016204834,0.016784668,0.93408203,0.0146484375,0.018463135
ChiliLiteV2_MNV3S_MultiLevel_ColorGate,10,/home/bt/Documents/Po/chili_fruit/dataset/Chili Growth Stage Original Dataset (1)/Chili Growth Stage Original Dataset/Green Chili/Green Chili00012.JPG,2,2,Green Chili,Green Chili,0.016860962,0.0154953,0.93310547,0.016296387,0.018310547
ChiliLiteV2_MNV3S_MultiLevel_ColorGate,10,/home/bt/Documents/Po/chili_fruit/dataset/Chili Growth Stage Original Dataset (1)/Chili Growth Stage Original Dataset/Green Chili/Green Chili00032.JPG,2,2,Green Chili,Green Chili,0.016845703,0.018539429,0.9355469,0.013267517,0.015716553
ChiliLiteV2_MNV3S_MultiLevel_ColorGate,10,/home/bt/Documents/Po/chili_fruit/dataset/Chili Growth Stage Original Dataset (1)/Chili Growth Stage Original Dataset/Green Chili/Green Chili00049.JPG,2,2,Green Chili,Green Chili,0.016021729,0.015380859,0.93310547,0.016937256,0.018447876
ChiliLiteV2_MNV3S_MultiLevel_ColorGate,10,/home/bt/Documents/Po/chili_fruit/dataset/Chili Growth Stage Original Dataset (1)/Chili Growth Stage Original Dataset/Green Chili/Green Chili00050.JPG,2,2,Green Chili,Green Chili,0.016937256,0.014984131,0.93359375,0.016571045,0.017974854
ChiliLiteV2_MNV3S_MultiLevel_ColorGate,10,/home/bt/Documents/Po/chili_fruit/dataset/Chili Growth Stage Original Dataset (1)/Chili Growth Stage Original Dataset/Green Chili/Green Chili00056.JPG,2,2,Green Chili,Green Chili,0.015449524,0.01902771,0.9345703,0.012771606,0.017944336
ChiliLiteV2_MNV3S_MultiLevel_ColorGate,10,/home/bt/Documents/Po/chili_fruit/dataset/Chili Growth Stage Original Dataset (1)/Chili Growth Stage Original Dataset/Green Chili/Green Chili00090.JPG,2,2,Green Chili,Green Chili,0.016921997,0.016601562,0.9316406,0.019439697,0.015541077
ChiliLiteV2_MNV3S_MultiLevel_ColorGate,10,/home/bt/Documents/Po/chili_fruit/dataset/Chili Growth Stage Original Dataset (1)/Chili Growth Stage Original Dataset/Green Chili/Green Chili00092.JPG,2,2,Green Chili,Green Chili,0.016082764,0.0154953,0.9355469,0.013832092,0.019119263
ChiliLiteV2_MNV3S_MultiLevel_ColorGate,10,/home/bt/Documents/Po/chili_fruit/dataset/Chili Growth Stage Original Dataset (1)/Chili Growth Stage Original Dataset/Green Chili/Green Chili00104.JPG,2,2,Green Chili,Green Chili,0.018005371,0.01586914,0.9316406,0.016281128,0.018127441
ChiliLiteV2_MNV3S_MultiLevel_ColorGate,10,/home/bt/Documents/Po/chili_fruit/dataset/Chili Growth Stage Original Dataset (1)/Chili Growth Stage Original Dataset/Green Chili/Green Chili00132.JPG,2,2,Green Chili,Green Chili,0.016204834,0.016220093,0.9345703,0.016021729,0.01713562
ChiliLiteV2_MNV3S_MultiLevel_ColorGate,10,/home/bt/Documents/Po/chili_fruit/dataset/Chili Growth Stage Original Dataset (1)/Chili Growth Stage Original Dataset/Green Chili/Green Chili00153.JPG,2,2,Green Chili,Green Chili,0.01638794,0.015136719,0.93359375,0.016845703,0.017868042
ChiliLiteV2_MNV3S_MultiLevel_ColorGate,10,/home/bt/Documents/Po/chili_fruit/dataset/Chili Growth Stage Original Dataset (1)/Chili Growth Stage Original Dataset/Green Chili/Green Chili00158.JPG,2,2,Green Chili,Green Chili,0.017105103,0.016586304,0.93310547,0.016525269,0.016906738
ChiliLiteV2_MNV3S_MultiLevel_ColorGate,10,/home/bt/Documents/Po/chili_fruit/dataset/Chili Growth Stage Original Dataset (1)/Chili Growth Stage Original Dataset/Green Chili/Green Chili00163.JPG,2,2,Green Chili,Green Chili,0.017547607,0.014457703,0.93603516,0.014884949,0.01725769
ChiliLiteV2_MNV3S_MultiLevel_ColorGate,10,/home/bt/Documents/Po/chili_fruit/dataset/Chili Growth Stage Original Dataset (1)/Chili Growth Stage Original Dataset/Green Chili/Green Chili00177.JPG,2,2,Green Chili,Green Chili,0.016860962,0.016555786,0.93408203,0.015411377,0.01713562
ChiliLiteV2_MNV3S_MultiLevel_ColorGate,10,/home/bt/Documents/Po/chili_fruit/dataset/Chili Growth Stage Original Dataset (1)/Chili Growth Stage Original Dataset/Green Chili/Green Chili00178.JPG,2,2,Green Chili,Green Chili,0.017333984,0.016189575,0.93359375,0.014831543,0.01802063
ChiliLiteV2_MNV3S_MultiLevel_ColorGate,10,/home/bt/Documents/Po/chili_fruit/dataset/Chili Growth Stage Original Dataset (1)/Chili Growth Stage Original Dataset/Green Chili/Green Chili00185.JPG,2,2,Green Chili,Green Chili,0.016906738,0.016403198,0.93652344,0.015205383,0.0151901245
ChiliLiteV2_MNV3S_MultiLevel_ColorGate,10,/home/bt/Documents/Po/chili_fruit/dataset/Chili Growth Stage Original Dataset (1)/Chili Growth Stage Original Dataset/Green Chili/Green Chili00187.JPG,2,2,Green Chili,Green Chili,0.015602112,0.016998291,0.93603516,0.013870239,0.017456055
ChiliLiteV2_MNV3S_MultiLevel_ColorGate,10,/home/bt/Documents/Po/chili_fruit/dataset/Chili Growth Stage Original Dataset (1)/Chili Growth Stage Original Dataset/Green Chili/Green Chili00203.JPG,2,2,Green Chili,Green Chili,0.016052246,0.016204834,0.93603516,0.01399231,0.01763916
ChiliLiteV2_MNV3S_MultiLevel_ColorGate,10,/home/bt/Documents/Po/chili_fruit/dataset/Chili Growth Stage Original Dataset (1)/Chili Growth Stage Original Dataset/Green Chili/Green Chili00228.JPG,2,2,Green Chili,Green Chili,0.017410278,0.016342163,0.93310547,0.016342163,0.016906738
ChiliLiteV2_MNV3S_MultiLevel_ColorGate,10,/home/bt/Documents/Po/chili_fruit/dataset/Chili Growth Stage Original Dataset (1)/Chili Growth Stage Original Dataset/Green Chili/Green Chili00237.JPG,2,2,Green Chili,Green Chili,0.017547607,0.015731812,0.93359375,0.016860962,0.016143799
ChiliLiteV2_MNV3S_MultiLevel_ColorGate,10,/home/bt/Documents/Po/chili_fruit/dataset/Chili Growth Stage Original Dataset (1)/Chili Growth Stage Original Dataset/Green Chili/Green Chili00249.JPG,2,2,Green Chili,Green Chili,0.016082764,0.016220093,0.9345703,0.014953613,0.018157959
ChiliLiteV2_MNV3S_MultiLevel_ColorGate,10,/home/bt/Documents/Po/chili_fruit/dataset/Chili Growth Stage Original Dataset (1)/Chili Growth Stage Original Dataset/Green Chili/Green Chili00251.JPG,2,2,Green Chili,Green Chili,0.016494751,0.013679504,0.9326172,0.017730713,0.01965332
ChiliLiteV2_MNV3S_MultiLevel_ColorGate,10,/home/bt/Documents/Po/chili_fruit/dataset/Chili Growth Stage Original Dataset (1)/Chili Growth Stage Original Dataset/Green Chili/Green Chili00253.JPG,2,2,Green Chili,Green Chili,0.01626587,0.014312744,0.9291992,0.021560669,0.018737793
ChiliLiteV2_MNV3S_MultiLevel_ColorGate,10,/home/bt/Documents/Po/chili_fruit/dataset/Chili Growth Stage Original Dataset (1)/Chili Growth Stage Original Dataset/Green Chili/Green Chili00256.JPG,2,2,Green Chili,Green Chili,0.013572693,0.018051147,0.9213867,0.019165039,0.027679443
ChiliLiteV2_MNV3S_MultiLevel_ColorGate,10,/home/bt/Documents/Po/chili_fruit/dataset/Chili Growth Stage Original Dataset (1)/Chili Growth Stage Original Dataset/Green Chili/Green Chili00275.JPG,2,2,Green Chili,Green Chili,0.01802063,0.01777649,0.9321289,0.012077332,0.020187378
ChiliLiteV2_MNV3S_MultiLevel_ColorGate,10,/home/bt/Documents/Po/chili_fruit/dataset/Chili Growth Stage Original Dataset (1)/Chili Growth Stage Original Dataset/Green Chili/Green Chili00284.JPG,2,2,Green Chili,Green Chili,0.019454956,0.014053345,0.9345703,0.014915466,0.016845703
ChiliLiteV2_MNV3S_MultiLevel_ColorGate,10,/home/bt/Documents/Po/chili_fruit/dataset/Chili Growth Stage Original Dataset (1)/Chili Growth Stage Original Dataset/Green Chili/Green Chili00287.JPG,2,2,Green Chili,Green Chili,0.019134521,0.014007568,0.9345703,0.01612854,0.016235352
ChiliLiteV2_MNV3S_MultiLevel_ColorGate,10,/home/bt/Documents/Po/chili_fruit/dataset/Chili Growth Stage Original Dataset (1)/Chili Growth Stage Original Dataset/Green Chili/Green Chili00288.JPG,2,2,Green Chili,Green Chili,0.018508911,0.016281128,0.93310547,0.013893127,0.018188477
ChiliLiteV2_MNV3S_MultiLevel_ColorGate,10,/home/bt/Documents/Po/chili_fruit/dataset/Chili Growth Stage Original Dataset (1)/Chili Growth Stage Original Dataset/Green Chili/Green Chili00298.JPG,2,2,Green Chili,Green Chili,0.017211914,0.016159058,0.9316406,0.015510559,0.019714355
ChiliLiteV2_MNV3S_MultiLevel_ColorGate,10,/home/bt/Documents/Po/chili_fruit/dataset/Chili Growth Stage Original Dataset (1)/Chili Growth Stage Original Dataset/Green Chili/Green Chili00309.JPG,2,2,Green Chili,Green Chili,0.015319824,0.017486572,0.93310547,0.019454956,0.014762878
ChiliLiteV2_MNV3S_MultiLevel_ColorGate,10,/home/bt/Documents/Po/chili_fruit/dataset/Chili Growth Stage Original Dataset (1)/Chili Growth Stage Original Dataset/Green Chili/Green Chili00319.JPG,2,2,Green Chili,Green Chili,0.016067505,0.018600464,0.93310547,0.017333984,0.014778137
ChiliLiteV2_MNV3S_MultiLevel_ColorGate,10,/home/bt/Documents/Po/chili_fruit/dataset/Chili Growth Stage Original Dataset (1)/Chili Growth Stage Original Dataset/Red Chili/Red Chili00002.JPG,3,3,Red Chili,Red Chili,0.017700195,0.019042969,0.015899658,0.92626953,0.020965576
ChiliLiteV2_MNV3S_MultiLevel_ColorGate,10,/home/bt/Documents/Po/chili_fruit/dataset/Chili Growth Stage Original Dataset (1)/Chili Growth Stage Original Dataset/Red Chili/Red Chili00015.JPG,3,3,Red Chili,Red Chili,0.018661499,0.016921997,0.017074585,0.9238281,0.023376465
ChiliLiteV2_MNV3S_MultiLevel_ColorGate,10,/home/bt/Documents/Po/chili_fruit/dataset/Chili Growth Stage Original Dataset (1)/Chili Growth Stage Original Dataset/Red Chili/Red Chili00024.JPG,3,3,Red Chili,Red Chili,0.018600464,0.018127441,0.016983032,0.92822266,0.0181427
ChiliLiteV2_MNV3S_MultiLevel_ColorGate,10,/home/bt/Documents/Po/chili_fruit/dataset/Chili Growth Stage Original Dataset (1)/Chili Growth Stage Original Dataset/Red Chili/Red Chili00059.JPG,3,3,Red Chili,Red Chili,0.017288208,0.01789856,0.01676941,0.9277344,0.020507812
ChiliLiteV2_MNV3S_MultiLevel_ColorGate,10,/home/bt/Documents/Po/chili_fruit/dataset/Chili Growth Stage Original Dataset (1)/Chili Growth Stage Original Dataset/Red Chili/Red Chili00060.JPG,3,3,Red Chili,Red Chili,0.016815186,0.016448975,0.017181396,0.92822266,0.0211792
ChiliLiteV2_MNV3S_MultiLevel_ColorGate,10,/home/bt/Documents/Po/chili_fruit/dataset/Chili Growth Stage Original Dataset (1)/Chili Growth Stage Original Dataset/Red Chili/Red Chili00072.JPG,3,3,Red Chili,Red Chili,0.017059326,0.017654419,0.018569946,0.9301758,0.016723633
ChiliLiteV2_MNV3S_MultiLevel_ColorGate,10,/home/bt/Documents/Po/chili_fruit/dataset/Chili Growth Stage Original Dataset (1)/Chili Growth Stage Original Dataset/Red Chili/Red Chili00085.JPG,3,3,Red Chili,Red Chili,0.019378662,0.01701355,0.017318726,0.92871094,0.017745972
ChiliLiteV2_MNV3S_MultiLevel_ColorGate,10,/home/bt/Documents/Po/chili_fruit/dataset/Chili Growth Stage Original Dataset (1)/Chili Growth Stage Original Dataset/Red Chili/Red Chili00089.JPG,3,3,Red Chili,Red Chili,0.017120361,0.018478394,0.017532349,0.93066406,0.016311646
ChiliLiteV2_MNV3S_MultiLevel_ColorGate,10,/home/bt/Documents/Po/chili_fruit/dataset/Chili Growth Stage Original Dataset (1)/Chili Growth Stage Original Dataset/Red Chili/Red Chili00113.JPG,3,3,Red Chili,Red Chili,0.020935059,0.020629883,0.017303467,0.9248047,0.016159058
ChiliLiteV2_MNV3S_MultiLevel_ColorGate,10,/home/bt/Documents/Po/chili_fruit/dataset/Chili Growth Stage Original Dataset (1)/Chili Growth Stage Original Dataset/Red Chili/Red Chili00120.JPG,3,3,Red Chili,Red Chili,0.019897461,0.01828003,0.017486572,0.92822266,0.01600647
ChiliLiteV2_MNV3S_MultiLevel_ColorGate,10,/home/bt/Documents/Po/chili_fruit/dataset/Chili Growth Stage Original Dataset (1)/Chili Growth Stage Original Dataset/Red Chili/Red Chili00131.JPG,3,3,Red Chili,Red Chili,0.017990112,0.016342163,0.017913818,0.93066406,0.01727295
ChiliLiteV2_MNV3S_MultiLevel_ColorGate,10,/home/bt/Documents/Po/chili_fruit/dataset/Chili Growth Stage Original Dataset (1)/Chili Growth Stage Original Dataset/Red Chili/Red Chili00133.JPG,3,3,Red Chili,Red Chili,0.018859863,0.018508911,0.017059326,0.9277344,0.0178833
ChiliLiteV2_MNV3S_MultiLevel_ColorGate,10,/home/bt/Documents/Po/chili_fruit/dataset/Chili Growth Stage Original Dataset (1)/Chili Growth Stage Original Dataset/Red Chili/Red Chili00143.JPG,3,3,Red Chili,Red Chili,0.01739502,0.017349243,0.016738892,0.92871094,0.019607544
ChiliLiteV2_MNV3S_MultiLevel_ColorGate,10,/home/bt/Documents/Po/chili_fruit/dataset/Chili Growth Stage Original Dataset (1)/Chili Growth Stage Original Dataset/Red Chili/Red Chili00172.JPG,3,3,Red Chili,Red Chili,0.01902771,0.016677856,0.016098022,0.92333984,0.024902344
ChiliLiteV2_MNV3S_MultiLevel_ColorGate,10,/home/bt/Documents/Po/chili_fruit/dataset/Chili Growth Stage Original Dataset (1)/Chili Growth Stage Original Dataset/Red Chili/Red Chili00174.JPG,3,3,Red Chili,Red Chili,0.01876831,0.016921997,0.016448975,0.92871094,0.019058228
ChiliLiteV2_MNV3S_MultiLevel_ColorGate,10,/home/bt/Documents/Po/chili_fruit/dataset/Chili Growth Stage Original Dataset (1)/Chili Growth Stage Original Dataset/Red Chili/Red Chili00179.JPG,3,3,Red Chili,Red Chili,0.0152282715,0.01499176,0.018432617,0.93359375,0.017578125
ChiliLiteV2_MNV3S_MultiLevel_ColorGate,10,/home/bt/Documents/Po/chili_fruit/dataset/Chili Growth Stage Original Dataset (1)/Chili Growth Stage Original Dataset/Red Chili/Red Chili00184.JPG,3,3,Red Chili,Red Chili,0.018966675,0.01626587,0.0184021,0.93066406,0.015640259
ChiliLiteV2_MNV3S_MultiLevel_ColorGate,10,/home/bt/Documents/Po/chili_fruit/dataset/Chili Growth Stage Original Dataset (1)/Chili Growth Stage Original Dataset/Red Chili/Red Chili00189.JPG,3,3,Red Chili,Red Chili,0.018463135,0.018814087,0.016052246,0.9243164,0.022247314
ChiliLiteV2_MNV3S_MultiLevel_ColorGate,10,/home/bt/Documents/Po/chili_fruit/dataset/Chili Growth Stage Original Dataset (1)/Chili Growth Stage Original Dataset/Red Chili/Red Chili00191.JPG,3,3,Red Chili,Red Chili,0.017745972,0.021057129,0.01576233,0.92626953,0.019180298
ChiliLiteV2_MNV3S_MultiLevel_ColorGate,10,/home/bt/Documents/Po/chili_fruit/dataset/Chili Growth Stage Original Dataset (1)/Chili Growth Stage Original Dataset/Red Chili/Red Chili00193.JPG,3,3,Red Chili,Red Chili,0.017822266,0.019760132,0.016433716,0.92333984,0.022857666
ChiliLiteV2_MNV3S_MultiLevel_ColorGate,10,/home/bt/Documents/Po/chili_fruit/dataset/Chili Growth Stage Original Dataset (1)/Chili Growth Stage Original Dataset/Rotten Chili/Rotten Chili00002.JPG,4,4,Rotten Chili,Rotten Chili,0.014770508,0.022705078,0.02230835,0.013702393,0.9267578
ChiliLiteV2_MNV3S_MultiLevel_ColorGate,10,/home/bt/Documents/Po/chili_fruit/dataset/Chili Growth Stage Original Dataset (1)/Chili Growth Stage Original Dataset/Rotten Chili/Rotten Chili00004.JPG,4,4,Rotten Chili,Rotten Chili,0.016662598,0.020309448,0.017959595,0.015113831,0.9301758
ChiliLiteV2_MNV3S_MultiLevel_ColorGate,10,/home/bt/Documents/Po/chili_fruit/dataset/Chili Growth Stage Original Dataset (1)/Chili Growth Stage Original Dataset/Rotten Chili/Rotten Chili00016.JPG,4,4,Rotten Chili,Rotten Chili,0.0181427,0.02230835,0.023330688,0.013336182,0.92285156
ChiliLiteV2_MNV3S_MultiLevel_ColorGate,10,/home/bt/Documents/Po/chili_fruit/dataset/Chili Growth Stage Original Dataset (1)/Chili Growth Stage Original Dataset/Rotten Chili/Rotten Chili00020.JPG,4,4,Rotten Chili,Rotten Chili,0.018554688,0.017349243,0.018035889,0.015853882,0.9301758
ChiliLiteV2_MNV3S_MultiLevel_ColorGate,10,/home/bt/Documents/Po/chili_fruit/dataset/Chili Growth Stage Original Dataset (1)/Chili Growth Stage Original Dataset/Rotten Chili/Rotten Chili00028.JPG,4,4,Rotten Chili,Rotten Chili,0.023040771,0.020263672,0.06274414,0.013397217,0.8803711
ChiliLiteV2_MNV3S_MultiLevel_ColorGate,10,/home/bt/Documents/Po/chili_fruit/dataset/Chili Growth Stage Original Dataset (1)/Chili Growth Stage Original Dataset/Rotten Chili/Rotten Chili00031.JPG,4,4,Rotten Chili,Rotten Chili,0.015945435,0.024475098,0.020339966,0.015625,0.9238281
ChiliLiteV2_MNV3S_MultiLevel_ColorGate,10,/home/bt/Documents/Po/chili_fruit/dataset/Chili Growth Stage Original Dataset (1)/Chili Growth Stage Original Dataset/Rotten Chili/Rotten Chili00035.JPG,4,4,Rotten Chili,Rotten Chili,0.015419006,0.023254395,0.03390503,0.013839722,0.9135742
ChiliLiteV2_MNV3S_MultiLevel_ColorGate,10,/home/bt/Documents/Po/chili_fruit/dataset/Chili Growth Stage Original Dataset (1)/Chili Growth Stage Original Dataset/Rotten Chili/Rotten Chili00043.JPG,4,4,Rotten Chili,Rotten Chili,0.018798828,0.019546509,0.018371582,0.015350342,0.9277344
ChiliLiteV2_MNV3S_MultiLevel_ColorGate,10,/home/bt/Documents/Po/chili_fruit/dataset/Chili Growth Stage Original Dataset (1)/Chili Growth Stage Original Dataset/Rotten Chili/Rotten Chili00063.JPG,4,4,Rotten Chili,Rotten Chili,0.016052246,0.01878357,0.016998291,0.017440796,0.93066406
ChiliLiteV2_MNV3S_MultiLevel_ColorGate,10,/home/bt/Documents/Po/chili_fruit/dataset/Chili Growth Stage Original Dataset (1)/Chili Growth Stage Original Dataset/Rotten Chili/Rotten Chili00064.JPG,4,4,Rotten Chili,Rotten Chili,0.01576233,0.019592285,0.01663208,0.017745972,0.9301758
ChiliLiteV2_MNV3S_MultiLevel_ColorGate,10,/home/bt/Documents/Po/chili_fruit/dataset/Chili Growth Stage Original Dataset (1)/Chili Growth Stage Original Dataset/Rotten Chili/Rotten Chili00068.JPG,4,2,Rotten Chili,Green Chili,0.025054932,0.024917603,0.46777344,0.037994385,0.4440918
ChiliLiteV2_MNV3S_MultiLevel_ColorGate,10,/home/bt/Documents/Po/chili_fruit/dataset/Chili Growth Stage Original Dataset (1)/Chili Growth Stage Original Dataset/Rotten Chili/Rotten Chili00070.JPG,4,4,Rotten Chili,Rotten Chili,0.018295288,0.015945435,0.02027893,0.016311646,0.9291992
ChiliLiteV2_MNV3S_MultiLevel_ColorGate,10,/home/bt/Documents/Po/chili_fruit/dataset/Chili Growth Stage Original Dataset (1)/Chili Growth Stage Original Dataset/Rotten Chili/Rotten Chili00092.JPG,4,4,Rotten Chili,Rotten Chili,0.016921997,0.018539429,0.021057129,0.014373779,0.9291992
ChiliLiteV2_MNV3S_MultiLevel_ColorGate,10,/home/bt/Documents/Po/chili_fruit/dataset/Chili Growth Stage Original Dataset (1)/Chili Growth Stage Original Dataset/Rotten Chili/Rotten Chili00108.JPG,4,4,Rotten Chili,Rotten Chili,0.017623901,0.017959595,0.01966858,0.013999939,0.93066406
ChiliLiteV2_MNV3S_MultiLevel_ColorGate,10,/home/bt/Documents/Po/chili_fruit/dataset/Chili Growth Stage Original Dataset (1)/Chili Growth Stage Original Dataset/Rotten Chili/Rotten Chili00135.JPG,4,4,Rotten Chili,Rotten Chili,0.018081665,0.018569946,0.018173218,0.015007019,0.9301758
ChiliLiteV2_MNV3S_MultiLevel_ColorGate,10,/home/bt/Documents/Po/chili_fruit/dataset/Chili Growth Stage Original Dataset (1)/Chili Growth Stage Original Dataset/Rotten Chili/Rotten Chili00149.JPG,4,4,Rotten Chili,Rotten Chili,0.017456055,0.015357971,0.019821167,0.017242432,0.9301758
ChiliLiteV2_MNV3S_MultiLevel_ColorGate,10,/home/bt/Documents/Po/chili_fruit/dataset/Chili Growth Stage Original Dataset (1)/Chili Growth Stage Original Dataset/Rotten Chili/Rotten Chili00152.JPG,4,4,Rotten Chili,Rotten Chili,0.015945435,0.016937256,0.018829346,0.016189575,0.9321289
ChiliLiteV2_MNV3S_MultiLevel_ColorGate,10,/home/bt/Documents/Po/chili_fruit/dataset/Chili Growth Stage Original Dataset (1)/Chili Growth Stage Original Dataset/Rotten Chili/Rotten Chili00164.JPG,4,4,Rotten Chili,Rotten Chili,0.018417358,0.016342163,0.022842407,0.014083862,0.92822266
ChiliLiteV2_MNV3S_MultiLevel_ColorGate,10,/home/bt/Documents/Po/chili_fruit/dataset/Chili Growth Stage Original Dataset (1)/Chili Growth Stage Original Dataset/Rotten Chili/Rotten Chili00192.JPG,4,4,Rotten Chili,Rotten Chili,0.021057129,0.019805908,0.032287598,0.012504578,0.9145508
ChiliLiteV2_MNV3S_MultiLevel_ColorGate,10,/home/bt/Documents/Po/chili_fruit/dataset/Chili Growth Stage Original Dataset (1)/Chili Growth Stage Original Dataset/Rotten Chili/Rotten Chili00203.JPG,4,4,Rotten Chili,Rotten Chili,0.016525269,0.019165039,0.021911621,0.014633179,0.9277344
ChiliLiteV2_MNV3S_MultiLevel_ColorGate,10,/home/bt/Documents/Po/chili_fruit/dataset/Chili Growth Stage Original Dataset (1)/Chili Growth Stage Original Dataset/Rotten Chili/Rotten Chili00212.JPG,4,4,Rotten Chili,Rotten Chili,0.015808105,0.01890564,0.02128601,0.014755249,0.9291992
ChiliLiteV2_MNV3S_MultiLevel_ColorGate,10,/home/bt/Documents/Po/chili_fruit/dataset/Chili Growth Stage Original Dataset (1)/Chili Growth Stage Original Dataset/Rotten Chili/Rotten Chili00213.JPG,4,4,Rotten Chili,Rotten Chili,0.016204834,0.019104004,0.020507812,0.014770508,0.9291992
ChiliLiteV2_MNV3S_MultiLevel_ColorGate,10,/home/bt/Documents/Po/chili_fruit/dataset/Chili Growth Stage Original Dataset (1)/Chili Growth Stage Original Dataset/Rotten Chili/Rotten Chili00220.JPG,4,4,Rotten Chili,Rotten Chili,0.019226074,0.018371582,0.018341064,0.013893127,0.9301758
ChiliLiteV2_MNV3S_MultiLevel_ColorGate,10,/home/bt/Documents/Po/chili_fruit/dataset/Chili Growth Stage Original Dataset (1)/Chili Growth Stage Original Dataset/Rotten Chili/Rotten Chili00223.JPG,4,4,Rotten Chili,Rotten Chili,0.019104004,0.019592285,0.019088745,0.0135650635,0.92871094
ChiliLiteV2_MNV3S_MultiLevel_ColorGate,10,/home/bt/Documents/Po/chili_fruit/dataset/Chili Growth Stage Original Dataset (1)/Chili Growth Stage Original Dataset/Rotten Chili/Rotten Chili00241.JPG,4,4,Rotten Chili,Rotten Chili,0.01727295,0.01751709,0.01876831,0.015014648,0.9316406
ChiliLiteV2_MNV3S_MultiLevel_ColorGate,10,/home/bt/Documents/Po/chili_fruit/dataset/Chili Growth Stage Original Dataset (1)/Chili Growth Stage Original Dataset/Rotten Chili/Rotten Chili00242.JPG,4,4,Rotten Chili,Rotten Chili,0.017944336,0.017501831,0.019210815,0.015296936,0.9301758
ChiliLiteV2_MNV3S_MultiLevel_ColorGate,10,/home/bt/Documents/Po/chili_fruit/dataset/Chili Growth Stage Original Dataset (1)/Chili Growth Stage Original Dataset/Rotten Chili/Rotten Chili00243.JPG,4,4,Rotten Chili,Rotten Chili,0.01739502,0.017715454,0.019180298,0.015434265,0.9301758
ChiliLiteV2_MNV3S_MultiLevel_ColorGate,10,/home/bt/Documents/Po/chili_fruit/dataset/Chili Growth Stage Original Dataset (1)/Chili Growth Stage Original Dataset/Rotten Chili/Rotten Chili00244.JPG,4,4,Rotten Chili,Rotten Chili,0.017669678,0.020492554,0.019332886,0.01586914,0.9267578
ChiliLiteV2_MNV3S_MultiLevel_ColorGate,10,/home/bt/Documents/Po/chili_fruit/dataset/Chili Growth Stage Original Dataset (1)/Chili Growth Stage Original Dataset/Rotten Chili/Rotten Chili00268.JPG,4,4,Rotten Chili,Rotten Chili,0.018112183,0.022537231,0.021392822,0.013496399,0.9243164
ChiliLiteV2_MNV3S_MultiLevel_ColorGate,10,/home/bt/Documents/Po/chili_fruit/dataset/Chili Growth Stage Original Dataset (1)/Chili Growth Stage Original Dataset/Rotten Chili/Rotten Chili00271.JPG,4,4,Rotten Chili,Rotten Chili,0.018661499,0.017349243,0.018707275,0.015090942,0.9301758
ChiliLiteV2_MNV3S_MultiLevel_ColorGate,10,/home/bt/Documents/Po/chili_fruit/dataset/Chili Growth Stage Original Dataset (1)/Chili Growth Stage Original Dataset/Rotten Chili/Rotten Chili00286.JPG,4,4,Rotten Chili,Rotten Chili,0.017471313,0.021408081,0.016616821,0.018051147,0.92626953
ChiliLiteV2_MNV3S_MultiLevel_ColorGate,10,/home/bt/Documents/Po/chili_fruit/dataset/Chili Growth Stage Original Dataset (1)/Chili Growth Stage Original Dataset/Rotten Chili/Rotten Chili00295.JPG,4,4,Rotten Chili,Rotten Chili,0.017669678,0.019729614,0.017868042,0.017318726,0.9272461
ChiliLiteV2_MNV3S_MultiLevel_ColorGate,10,/home/bt/Documents/Po/chili_fruit/dataset/Chili Growth Stage Original Dataset (1)/Chili Growth Stage Original Dataset/Rotten Chili/Rotten Chili00302.JPG,4,4,Rotten Chili,Rotten Chili,0.018798828,0.02017212,0.017364502,0.017242432,0.92626953
ChiliLiteV2_MNV3S_MultiLevel_ColorGate,10,/home/bt/Documents/Po/chili_fruit/dataset/Chili Growth Stage Original Dataset (1)/Chili Growth Stage Original Dataset/Rotten Chili/Rotten Chili00329.JPG,4,4,Rotten Chili,Rotten Chili,0.016235352,0.017364502,0.018066406,0.018218994,0.9301758
ChiliLiteV2_MNV3S_MultiLevel_ColorGate,10,/home/bt/Documents/Po/chili_fruit/dataset/Chili Growth Stage Original Dataset (1)/Chili Growth Stage Original Dataset/Rotten Chili/Rotten Chili00335.JPG,4,4,Rotten Chili,Rotten Chili,0.017333984,0.019714355,0.019302368,0.015930176,0.9277344
ChiliLiteV2_MNV3S_MultiLevel_ColorGate,10,/home/bt/Documents/Po/chili_fruit/dataset/Chili Growth Stage Original Dataset (1)/Chili Growth Stage Original Dataset/Rotten Chili/Rotten Chili00347.JPG,4,4,Rotten Chili,Rotten Chili,0.019836426,0.02017212,0.019744873,0.014503479,0.92578125
ChiliLiteV2_MNV3S_MultiLevel_ColorGate,10,/home/bt/Documents/Po/chili_fruit/dataset/Chili Growth Stage Original Dataset (1)/Chili Growth Stage Original Dataset/Rotten Chili/Rotten Chili00348.JPG,4,4,Rotten Chili,Rotten Chili,0.020065308,0.020843506,0.019439697,0.014129639,0.92529297
ChiliLiteV2_MNV3S_MultiLevel_ColorGate,10,/home/bt/Documents/Po/chili_fruit/dataset/Chili Growth Stage Original Dataset (1)/Chili Growth Stage Original Dataset/Rotten Chili/Rotten Chili00365.JPG,4,4,Rotten Chili,Rotten Chili,0.022003174,0.020828247,0.024154663,0.013847351,0.9189453
