{
  "family": "proposed",
  "experiment": "within_cv",
  "scenario": "B_within",
  "dataset": "B",
  "fold": 3,
  "n_splits": 5,
  "model_name": "chilli_lite_gfnet",
  "seed": 44,
  "device": "cuda",
  "pretrained": true,
  "num_classes": 6,
  "label_order": [
    "bacterial_spot",
    "cercospora_leaf_spot",
    "curl_virus",
    "healthy",
    "nutrient_deficiency",
    "powdery_mildew"
  ],
  "n_train": 5714,
  "n_val": 635,
  "n_test": 1587,
  "parameters": 1154760,
  "trainable_parameters": 1154760,
  "best_epoch": 11,
  "best_val_monitor": 0.9773494190390527,
  "elapsed_seconds": 584.2550396160223,
  "peak_gpu_memory_mb": 427.46142578125,
  "test_accuracy": 0.9747952110901071,
  "test_balanced_accuracy": 0.9769744948433621,
  "test_macro_precision": 0.9753629437589253,
  "test_macro_recall": 0.9769744948433621,
  "test_macro_f1": 0.9759145320817969,
  "test_macro_specificity": 0.9949172205830193,
  "test_mcc": 0.9696105331985048,
  "test_auc_ovr_macro": NaN,
  "test_loss": 0.5261490470170975
}