{
  "family": "proposed",
  "experiment": "within_cv",
  "scenario": "C_within",
  "dataset": "C",
  "fold": 2,
  "n_splits": 5,
  "model_name": "chilli_lite_gfnet",
  "seed": 43,
  "device": "cuda",
  "pretrained": true,
  "num_classes": 4,
  "label_order": [
    "cercospora_leaf_spot",
    "healthy",
    "nutrient_deficiency",
    "powdery_mildew"
  ],
  "n_train": 1193,
  "n_val": 133,
  "n_test": 331,
  "parameters": 1025875,
  "trainable_parameters": 1025875,
  "best_epoch": 14,
  "best_val_monitor": 0.8520990764734939,
  "elapsed_seconds": 35.6892146579994,
  "peak_gpu_memory_mb": 340.22216796875,
  "test_accuracy": 0.8398791540785498,
  "test_balanced_accuracy": 0.8577551556424796,
  "test_macro_precision": 0.8239773610783517,
  "test_macro_recall": 0.8577551556424796,
  "test_macro_f1": 0.8393523006520772,
  "test_macro_specificity": 0.9401154049698106,
  "test_mcc": 0.7570569693883336,
  "test_auc_ovr_macro": NaN,
  "test_loss": 0.8954858508977023
}