class_index,class_name,support,precision,recall_sensitivity,specificity,f1,auc_ovr,tp,fp,fn,tn
0,bacterial_spot,278,0.9819494584837545,0.9784172661870504,0.9961802902979373,0.9801801801801802,0.9996180290297938,272,5,6,1304
1,cercospora_leaf_spot,360,0.9860335195530726,0.9805555555555555,0.9959250203748982,0.9832869080779945,0.99904690754324,353,5,7,1222
2,curl_virus,283,0.9653979238754326,0.9858657243816255,0.9923312883435583,0.9755244755244755,0.9989811181686141,279,10,4,1294
3,healthy,282,0.9964285714285714,0.9893617021276596,0.9992337164750957,0.9928825622775801,0.9999510882856444,279,1,3,1304
4,nutrient_deficiency,219,0.9954128440366973,0.9908675799086758,0.9992690058479532,0.9931350114416476,0.9999566076530748,217,1,2,1367
5,powdery_mildew,165,1.0,1.0,1.0,1.0,1.0,165,0,0,1422
