{
  "family": "baselines",
  "experiment": "within_cv",
  "scenario": "C_within",
  "dataset": "C",
  "fold": 2,
  "n_splits": 5,
  "model_name": "resnet50",
  "seed": 43,
  "device": "cuda",
  "pretrained": true,
  "num_classes": 4,
  "label_order": [
    "cercospora_leaf_spot",
    "healthy",
    "nutrient_deficiency",
    "powdery_mildew"
  ],
  "n_train": 1193,
  "n_val": 133,
  "n_test": 331,
  "parameters": 23516228,
  "trainable_parameters": 23516228,
  "best_epoch": 15,
  "best_val_monitor": 0.877809809921879,
  "elapsed_seconds": 58.836001283998485,
  "peak_gpu_memory_mb": 2009.69189453125,
  "test_accuracy": 0.8429003021148036,
  "test_balanced_accuracy": 0.8370774061619133,
  "test_macro_precision": 0.8516122766122767,
  "test_macro_recall": 0.8370774061619133,
  "test_macro_f1": 0.8395971103217919,
  "test_macro_specificity": 0.9403245698277091,
  "test_mcc": 0.7602302898148023,
  "test_auc_ovr_macro": NaN,
  "test_loss": 0.9622186557813124
}