{
  "family": "baselines",
  "experiment": "pooled_cv",
  "scenario": "A+B+C_pooled",
  "datasets": [
    "A",
    "B",
    "C"
  ],
  "fold": 3,
  "n_splits": 5,
  "model_name": "resnet50",
  "seed": 44,
  "device": "cuda",
  "pretrained": true,
  "num_classes": 6,
  "label_order": [
    "bacterial_spot",
    "cercospora_leaf_spot",
    "curl_virus",
    "healthy",
    "nutrient_deficiency",
    "powdery_mildew"
  ],
  "n_train": 8092,
  "n_val": 900,
  "n_test": 2248,
  "parameters": 23520326,
  "trainable_parameters": 23520326,
  "best_epoch": 27,
  "best_val_monitor": 0.9702214198675776,
  "elapsed_seconds": 1594.1012557440008,
  "peak_gpu_memory_mb": 1815.71142578125,
  "test_accuracy": 0.9679715302491103,
  "test_balanced_accuracy": 0.9686227933058787,
  "test_macro_precision": 0.9725029846894343,
  "test_macro_recall": 0.9686227933058787,
  "test_macro_f1": 0.9704989779331376,
  "test_macro_specificity": 0.9933115857254627,
  "test_mcc": 0.9609711317221166,
  "test_auc_ovr_macro": NaN,
  "test_loss": 0.5611844858233358
}