{
  "family": "baselines",
  "experiment": "within_cv",
  "scenario": "A_within",
  "dataset": "A",
  "fold": 2,
  "n_splits": 5,
  "model_name": "resnet50",
  "seed": 43,
  "device": "cuda",
  "pretrained": true,
  "num_classes": 5,
  "label_order": [
    "bacterial_spot",
    "cercospora_leaf_spot",
    "curl_virus",
    "healthy",
    "nutrient_deficiency"
  ],
  "n_train": 1185,
  "n_val": 132,
  "n_test": 330,
  "parameters": 23518277,
  "trainable_parameters": 23518277,
  "best_epoch": 5,
  "best_val_monitor": 0.9873992673992674,
  "elapsed_seconds": 66.03755184700276,
  "peak_gpu_memory_mb": 1911.84228515625,
  "test_accuracy": 0.9939393939393939,
  "test_balanced_accuracy": 0.9900605012964563,
  "test_macro_precision": 0.9923167848699764,
  "test_macro_recall": 0.9900605012964563,
  "test_macro_f1": 0.9910620677446961,
  "test_macro_specificity": 0.998478152041765,
  "test_mcc": 0.9920574729575959,
  "test_auc_ovr_macro": NaN,
  "test_loss": 0.5915832384066149
}