class_index,class_name,support,precision,recall_sensitivity,specificity,f1,auc_ovr,tp,fp,fn,tn
0,bacterial_spot,231,0.9868995633187773,0.9783549783549783,0.997789240972734,0.9826086956521739,0.9998085922920116,226,3,5,1354
1,cercospora_leaf_spot,333,0.9819819819819819,0.9819819819819819,0.9952191235059761,0.9819819819819819,0.9982699831305408,327,6,6,1249
2,curl_virus,328,0.9643916913946587,0.9908536585365854,0.9904761904761905,0.9774436090225563,0.9994495257452574,325,12,3,1248
3,healthy,307,0.9901960784313726,0.9869706840390879,0.9976580796252927,0.9885807504078303,0.9987476701579334,303,3,4,1278
4,nutrient_deficiency,201,0.9897435897435898,0.9601990049751243,0.9985580389329488,0.9747474747474747,0.9914845383751753,193,2,8,1385
5,powdery_mildew,188,1.0,1.0,1.0,1.0,1.0,188,0,0,1400
