{
  "family": "baselines",
  "experiment": "within_cv",
  "scenario": "C_within",
  "dataset": "C",
  "fold": 5,
  "n_splits": 5,
  "model_name": "efficientnet_b0",
  "seed": 46,
  "device": "cuda",
  "pretrained": true,
  "num_classes": 4,
  "label_order": [
    "cercospora_leaf_spot",
    "healthy",
    "nutrient_deficiency",
    "powdery_mildew"
  ],
  "n_train": 1193,
  "n_val": 133,
  "n_test": 331,
  "parameters": 4012672,
  "trainable_parameters": 4012672,
  "best_epoch": 26,
  "best_val_monitor": 0.8532141299519851,
  "elapsed_seconds": 67.15698854600487,
  "peak_gpu_memory_mb": 1508.2607421875,
  "test_accuracy": 0.8670694864048338,
  "test_balanced_accuracy": 0.8351366462815493,
  "test_macro_precision": 0.8382690084809374,
  "test_macro_recall": 0.8351366462815493,
  "test_macro_f1": 0.835001345906936,
  "test_macro_specificity": 0.9435223710816634,
  "test_mcc": 0.7778507099887185,
  "test_auc_ovr_macro": NaN,
  "test_loss": 0.918592557311058
}