{
  "family": "baselines",
  "experiment": "within_cv",
  "scenario": "A_within",
  "dataset": "A",
  "fold": 4,
  "n_splits": 5,
  "model_name": "shufflenet_v2_x1_0",
  "seed": 45,
  "device": "cuda",
  "pretrained": true,
  "num_classes": 5,
  "label_order": [
    "bacterial_spot",
    "cercospora_leaf_spot",
    "curl_virus",
    "healthy",
    "nutrient_deficiency"
  ],
  "n_train": 1186,
  "n_val": 132,
  "n_test": 329,
  "parameters": 1258729,
  "trainable_parameters": 1258729,
  "best_epoch": 15,
  "best_val_monitor": 1.0,
  "elapsed_seconds": 118.3462400699973,
  "peak_gpu_memory_mb": 395.45361328125,
  "test_accuracy": 0.9969604863221885,
  "test_balanced_accuracy": 0.9925925925925926,
  "test_macro_precision": 0.9978947368421054,
  "test_macro_recall": 0.9925925925925926,
  "test_macro_f1": 0.9951682140361384,
  "test_macro_specificity": 0.9991489361702127,
  "test_mcc": 0.9960091993430922,
  "test_auc_ovr_macro": 0.9998528329654157,
  "test_loss": 0.5682944763790477
}