{
  "family": "baselines",
  "experiment": "within_cv",
  "scenario": "A_within",
  "dataset": "A",
  "fold": 4,
  "n_splits": 5,
  "model_name": "efficientnet_b4",
  "seed": 45,
  "device": "cuda",
  "pretrained": true,
  "num_classes": 5,
  "label_order": [
    "bacterial_spot",
    "cercospora_leaf_spot",
    "curl_virus",
    "healthy",
    "nutrient_deficiency"
  ],
  "n_train": 1186,
  "n_val": 132,
  "n_test": 329,
  "parameters": 17557581,
  "trainable_parameters": 17557581,
  "best_epoch": 9,
  "best_val_monitor": 0.9908086610693768,
  "elapsed_seconds": 84.63978767899971,
  "peak_gpu_memory_mb": 3879.71337890625,
  "test_accuracy": 0.993920972644377,
  "test_balanced_accuracy": 0.9905723905723904,
  "test_macro_precision": 0.9904873294346977,
  "test_macro_recall": 0.9905723905723904,
  "test_macro_f1": 0.9905191631079955,
  "test_macro_specificity": 0.9984866845145837,
  "test_mcc": 0.9920125476752845,
  "test_auc_ovr_macro": NaN,
  "test_loss": 0.5752466266805475
}