{
  "family": "baselines",
  "experiment": "within_cv",
  "scenario": "A_within",
  "dataset": "A",
  "fold": 4,
  "n_splits": 5,
  "model_name": "mobilenet_v3_small",
  "seed": 45,
  "device": "cuda",
  "pretrained": true,
  "num_classes": 5,
  "label_order": [
    "bacterial_spot",
    "cercospora_leaf_spot",
    "curl_virus",
    "healthy",
    "nutrient_deficiency"
  ],
  "n_train": 1186,
  "n_val": 132,
  "n_test": 329,
  "parameters": 1522981,
  "trainable_parameters": 1522981,
  "best_epoch": 3,
  "best_val_monitor": 1.0,
  "elapsed_seconds": 55.12359502500112,
  "peak_gpu_memory_mb": 320.32568359375,
  "test_accuracy": 0.993920972644377,
  "test_balanced_accuracy": 0.987037037037037,
  "test_macro_precision": 0.9905925925925926,
  "test_macro_recall": 0.987037037037037,
  "test_macro_f1": 0.9887706660585136,
  "test_macro_specificity": 0.9984681831269796,
  "test_mcc": 0.992006238530802,
  "test_auc_ovr_macro": 0.9999264164827079,
  "test_loss": 0.599649965763092
}