{
  "family": "baselines",
  "experiment": "within_cv",
  "scenario": "C_within",
  "dataset": "C",
  "fold": 2,
  "n_splits": 5,
  "model_name": "efficientnet_b0",
  "seed": 43,
  "device": "cuda",
  "pretrained": true,
  "num_classes": 4,
  "label_order": [
    "cercospora_leaf_spot",
    "healthy",
    "nutrient_deficiency",
    "powdery_mildew"
  ],
  "n_train": 1193,
  "n_val": 133,
  "n_test": 331,
  "parameters": 4012672,
  "trainable_parameters": 4012672,
  "best_epoch": 13,
  "best_val_monitor": 0.9084719504240053,
  "elapsed_seconds": 86.62007937399903,
  "peak_gpu_memory_mb": 1478.7265625,
  "test_accuracy": 0.8610271903323263,
  "test_balanced_accuracy": 0.8695620693860131,
  "test_macro_precision": 0.8578499328515011,
  "test_macro_recall": 0.8695620693860131,
  "test_macro_f1": 0.8613641628900364,
  "test_macro_specificity": 0.9456979995299978,
  "test_mcc": 0.7866457760867415,
  "test_auc_ovr_macro": NaN,
  "test_loss": 0.8855347985571081
}