{
  "family": "baselines",
  "experiment": "pooled_cv",
  "scenario": "A+B+C_pooled",
  "datasets": [
    "A",
    "B",
    "C"
  ],
  "fold": 3,
  "n_splits": 5,
  "model_name": "swin_t",
  "seed": 44,
  "device": "cuda",
  "pretrained": true,
  "num_classes": 6,
  "label_order": [
    "bacterial_spot",
    "cercospora_leaf_spot",
    "curl_virus",
    "healthy",
    "nutrient_deficiency",
    "powdery_mildew"
  ],
  "n_train": 8092,
  "n_val": 900,
  "n_test": 2248,
  "parameters": 27523968,
  "trainable_parameters": 27523968,
  "best_epoch": 29,
  "best_val_monitor": 0.9731327261727184,
  "elapsed_seconds": 1721.2536418759992,
  "peak_gpu_memory_mb": 2691.69384765625,
  "test_accuracy": 0.9701957295373665,
  "test_balanced_accuracy": 0.9706924113664623,
  "test_macro_precision": 0.9750032448188061,
  "test_macro_recall": 0.9706924113664623,
  "test_macro_f1": 0.9726652087931399,
  "test_macro_specificity": 0.9937378866040502,
  "test_mcc": 0.9637606236753977,
  "test_auc_ovr_macro": NaN,
  "test_loss": 0.567815534665551
}