{
  "family": "baselines",
  "experiment": "within_cv",
  "scenario": "B_within",
  "dataset": "B",
  "fold": 5,
  "n_splits": 5,
  "model_name": "swin_t",
  "seed": 46,
  "device": "cuda",
  "pretrained": true,
  "num_classes": 6,
  "label_order": [
    "bacterial_spot",
    "cercospora_leaf_spot",
    "curl_virus",
    "healthy",
    "nutrient_deficiency",
    "powdery_mildew"
  ],
  "n_train": 5714,
  "n_val": 635,
  "n_test": 1587,
  "parameters": 27523968,
  "trainable_parameters": 27523968,
  "best_epoch": 23,
  "best_val_monitor": 0.987656997101099,
  "elapsed_seconds": 1244.1405924500068,
  "peak_gpu_memory_mb": 2694.873046875,
  "test_accuracy": 0.9855072463768116,
  "test_balanced_accuracy": 0.9864929464210447,
  "test_macro_precision": 0.9869249098324197,
  "test_macro_recall": 0.9864929464210447,
  "test_macro_f1": 0.9866954742483333,
  "test_macro_specificity": 0.9970269605756575,
  "test_mcc": 0.982472122193224,
  "test_auc_ovr_macro": NaN,
  "test_loss": 0.49659851789474485
}