repeat,seed,regime,job_tag,method,epoch,loss,denoise_loss,decode_loss,val_log10_BER
4,260820,mixed,MIXED,PNND,1,0.2499864250421524,0.0,0.2499864250421524,-0.3286219048173564
4,260820,mixed,MIXED,PNND,2,0.24974308535456657,0.0,0.24974308535456657,
4,260820,mixed,MIXED,PNND,3,0.2492704577744007,0.0,0.2492704577744007,
4,260820,mixed,MIXED,PNND,4,0.24895063787698746,0.0,0.24895063787698746,
4,260820,mixed,MIXED,PNND,5,0.2481420338153839,0.0,0.2481420338153839,
4,260820,mixed,MIXED,PNND,6,0.24725211411714554,0.0,0.24725211411714554,
4,260820,mixed,MIXED,PNND,7,0.24683751538395882,0.0,0.24683751538395882,
4,260820,mixed,MIXED,PNND,8,0.2448824644088745,0.0,0.2448824644088745,
4,260820,mixed,MIXED,PNND,9,0.24267134070396423,0.0,0.24267134070396423,
4,260820,mixed,MIXED,PNND,10,0.2406618967652321,0.0,0.2406618967652321,
4,260820,mixed,MIXED,PNND,11,0.23788956552743912,0.0,0.23788956552743912,
4,260820,mixed,MIXED,PNND,12,0.23345401883125305,0.0,0.23345401883125305,
4,260820,mixed,MIXED,PNND,13,0.23051562905311584,0.0,0.23051562905311584,
4,260820,mixed,MIXED,PNND,14,0.2315673902630806,0.0,0.2315673902630806,
4,260820,mixed,MIXED,PNND,15,0.22475780174136162,0.0,0.22475780174136162,
4,260820,mixed,MIXED,PNND,16,0.22197796031832695,0.0,0.22197796031832695,
4,260820,mixed,MIXED,PNND,17,0.22172018885612488,0.0,0.22172018885612488,
4,260820,mixed,MIXED,PNND,18,0.2134692780673504,0.0,0.2134692780673504,
4,260820,mixed,MIXED,PNND,19,0.21046744287014008,0.0,0.21046744287014008,
4,260820,mixed,MIXED,PNND,20,0.21253059804439545,0.0,0.21253059804439545,
4,260820,mixed,MIXED,PNND,21,0.20564204826951027,0.0,0.20564204826951027,
4,260820,mixed,MIXED,PNND,22,0.20488152652978897,0.0,0.20488152652978897,
4,260820,mixed,MIXED,PNND,23,0.19761984422802925,0.0,0.19761984422802925,
4,260820,mixed,MIXED,PNND,24,0.20365046337246895,0.0,0.20365046337246895,
4,260820,mixed,MIXED,PNND,25,0.1992141790688038,0.0,0.1992141790688038,
4,260820,mixed,MIXED,PNND,26,0.21506359800696373,0.0,0.21506359800696373,
4,260820,mixed,MIXED,PNND,27,0.19683081656694412,0.0,0.19683081656694412,
4,260820,mixed,MIXED,PNND,28,0.19848724827170372,0.0,0.19848724827170372,
4,260820,mixed,MIXED,PNND,29,0.19506309181451797,0.0,0.19506309181451797,
4,260820,mixed,MIXED,PNND,30,0.2019067518413067,0.0,0.2019067518413067,
4,260820,mixed,MIXED,PNND,31,0.1943250596523285,0.0,0.1943250596523285,
4,260820,mixed,MIXED,PNND,32,0.21346158161759377,0.0,0.21346158161759377,
4,260820,mixed,MIXED,PNND,33,0.1835925206542015,0.0,0.1835925206542015,
4,260820,mixed,MIXED,PNND,34,0.19120707362890244,0.0,0.19120707362890244,
4,260820,mixed,MIXED,PNND,35,0.18392401188611984,0.0,0.18392401188611984,
4,260820,mixed,MIXED,PNND,36,0.17901482433080673,0.0,0.17901482433080673,
4,260820,mixed,MIXED,PNND,37,0.18838299065828323,0.0,0.18838299065828323,
4,260820,mixed,MIXED,PNND,38,0.1754387803375721,0.0,0.1754387803375721,
4,260820,mixed,MIXED,PNND,39,0.17863842844963074,0.0,0.17863842844963074,
4,260820,mixed,MIXED,PNND,40,0.1930646300315857,0.0,0.1930646300315857,
4,260820,mixed,MIXED,PNND,41,0.19585901498794556,0.0,0.19585901498794556,
4,260820,mixed,MIXED,PNND,42,0.1914510801434517,0.0,0.1914510801434517,
4,260820,mixed,MIXED,PNND,43,0.16618488729000092,0.0,0.16618488729000092,
4,260820,mixed,MIXED,PNND,44,0.16976146772503853,0.0,0.16976146772503853,
4,260820,mixed,MIXED,PNND,45,0.1811487190425396,0.0,0.1811487190425396,
4,260820,mixed,MIXED,PNND,46,0.1659681275486946,0.0,0.1659681275486946,
4,260820,mixed,MIXED,PNND,47,0.18216129764914513,0.0,0.18216129764914513,
4,260820,mixed,MIXED,PNND,48,0.1557759828865528,0.0,0.1557759828865528,
4,260820,mixed,MIXED,PNND,49,0.15564719587564468,0.0,0.15564719587564468,
4,260820,mixed,MIXED,PNND,50,0.1610596552491188,0.0,0.1610596552491188,
4,260820,mixed,MIXED,PNND,51,0.17496147751808167,0.0,0.17496147751808167,
4,260820,mixed,MIXED,PNND,52,0.1883562132716179,0.0,0.1883562132716179,
4,260820,mixed,MIXED,PNND,53,0.15845856629312038,0.0,0.15845856629312038,
4,260820,mixed,MIXED,PNND,54,0.17963335663080215,0.0,0.17963335663080215,
4,260820,mixed,MIXED,PNND,55,0.1506938450038433,0.0,0.1506938450038433,
4,260820,mixed,MIXED,PNND,56,0.1693071722984314,0.0,0.1693071722984314,
4,260820,mixed,MIXED,PNND,57,0.15429957769811153,0.0,0.15429957769811153,
4,260820,mixed,MIXED,PNND,58,0.14506125077605247,0.0,0.14506125077605247,
4,260820,mixed,MIXED,PNND,59,0.16282260417938232,0.0,0.16282260417938232,
4,260820,mixed,MIXED,PNND,60,0.16418057307600975,0.0,0.16418057307600975,
4,260820,mixed,MIXED,PNND,61,0.14866412058472633,0.0,0.14866412058472633,
4,260820,mixed,MIXED,PNND,62,0.17413955554366112,0.0,0.17413955554366112,
4,260820,mixed,MIXED,PNND,63,0.16141629964113235,0.0,0.16141629964113235,
4,260820,mixed,MIXED,PNND,64,0.15692297741770744,0.0,0.15692297741770744,
4,260820,mixed,MIXED,PNND,65,0.1765642985701561,0.0,0.1765642985701561,
4,260820,mixed,MIXED,PNND,66,0.1571686863899231,0.0,0.1571686863899231,
4,260820,mixed,MIXED,PNND,67,0.18038072809576988,0.0,0.18038072809576988,
4,260820,mixed,MIXED,PNND,68,0.1637730896472931,0.0,0.1637730896472931,
4,260820,mixed,MIXED,PNND,69,0.15416786074638367,0.0,0.15416786074638367,
4,260820,mixed,MIXED,PNND,70,0.1478335987776518,0.0,0.1478335987776518,
4,260820,mixed,MIXED,PNND,71,0.15190359577536583,0.0,0.15190359577536583,
4,260820,mixed,MIXED,PNND,72,0.1656908169388771,0.0,0.1656908169388771,
4,260820,mixed,MIXED,PNND,73,0.15756774321198463,0.0,0.15756774321198463,
4,260820,mixed,MIXED,PNND,74,0.15720536559820175,0.0,0.15720536559820175,
4,260820,mixed,MIXED,PNND,75,0.1566278077661991,0.0,0.1566278077661991,
4,260820,mixed,MIXED,PNND,76,0.17654934339225292,0.0,0.17654934339225292,
4,260820,mixed,MIXED,PNND,77,0.1690727435052395,0.0,0.1690727435052395,
4,260820,mixed,MIXED,PNND,78,0.1448018103837967,0.0,0.1448018103837967,
4,260820,mixed,MIXED,PNND,79,0.16807226464152336,0.0,0.16807226464152336,
4,260820,mixed,MIXED,PNND,80,0.1536906398832798,0.0,0.1536906398832798,
4,260820,mixed,MIXED,PNND,81,0.1624505091458559,0.0,0.1624505091458559,
4,260820,mixed,MIXED,PNND,82,0.1483175940811634,0.0,0.1483175940811634,
4,260820,mixed,MIXED,PNND,83,0.14318681880831718,0.0,0.14318681880831718,
4,260820,mixed,MIXED,PNND,84,0.16810398176312447,0.0,0.16810398176312447,
4,260820,mixed,MIXED,PNND,85,0.15791359543800354,0.0,0.15791359543800354,
4,260820,mixed,MIXED,PNND,86,0.1359602902084589,0.0,0.1359602902084589,
4,260820,mixed,MIXED,PNND,87,0.1641736701130867,0.0,0.1641736701130867,
4,260820,mixed,MIXED,PNND,88,0.14356691390275955,0.0,0.14356691390275955,
4,260820,mixed,MIXED,PNND,89,0.14687553606927395,0.0,0.14687553606927395,
4,260820,mixed,MIXED,PNND,90,0.14875001832842827,0.0,0.14875001832842827,
4,260820,mixed,MIXED,PNND,91,0.1788467839360237,0.0,0.1788467839360237,
4,260820,mixed,MIXED,PNND,92,0.149543147534132,0.0,0.149543147534132,
4,260820,mixed,MIXED,PNND,93,0.16413909941911697,0.0,0.16413909941911697,
4,260820,mixed,MIXED,PNND,94,0.12389309704303741,0.0,0.12389309704303741,
4,260820,mixed,MIXED,PNND,95,0.17421783693134785,0.0,0.17421783693134785,
4,260820,mixed,MIXED,PNND,96,0.1691044718027115,0.0,0.1691044718027115,
4,260820,mixed,MIXED,PNND,97,0.16189970821142197,0.0,0.16189970821142197,
4,260820,mixed,MIXED,PNND,98,0.11706196144223213,0.0,0.11706196144223213,
4,260820,mixed,MIXED,PNND,99,0.13522295653820038,0.0,0.13522295653820038,
4,260820,mixed,MIXED,PNND,100,0.14067304506897926,0.0,0.14067304506897926,
4,260820,mixed,MIXED,PNND,101,0.16140009462833405,0.0,0.16140009462833405,
4,260820,mixed,MIXED,PNND,102,0.16244098916649818,0.0,0.16244098916649818,
4,260820,mixed,MIXED,PNND,103,0.13320145569741726,0.0,0.13320145569741726,
4,260820,mixed,MIXED,PNND,104,0.17951465398073196,0.0,0.17951465398073196,
4,260820,mixed,MIXED,PNND,105,0.14032339677214622,0.0,0.14032339677214622,
4,260820,mixed,MIXED,PNND,106,0.14544624648988247,0.0,0.14544624648988247,
4,260820,mixed,MIXED,PNND,107,0.13533543795347214,0.0,0.13533543795347214,
4,260820,mixed,MIXED,PNND,108,0.1428555604070425,0.0,0.1428555604070425,
4,260820,mixed,MIXED,PNND,109,0.1575314626097679,0.0,0.1575314626097679,
4,260820,mixed,MIXED,PNND,110,0.13903945498168468,0.0,0.13903945498168468,
4,260820,mixed,MIXED,PNND,111,0.13946636766195297,0.0,0.13946636766195297,
4,260820,mixed,MIXED,PNND,112,0.15078281983733177,0.0,0.15078281983733177,
4,260820,mixed,MIXED,PNND,113,0.1319193970412016,0.0,0.1319193970412016,
4,260820,mixed,MIXED,PNND,114,0.10836816765367985,0.0,0.10836816765367985,
4,260820,mixed,MIXED,PNND,115,0.1371438056230545,0.0,0.1371438056230545,
4,260820,mixed,MIXED,PNND,116,0.15047728084027767,0.0,0.15047728084027767,
4,260820,mixed,MIXED,PNND,117,0.1604808196425438,0.0,0.1604808196425438,
4,260820,mixed,MIXED,PNND,118,0.16231182217597961,0.0,0.16231182217597961,
4,260820,mixed,MIXED,PNND,119,0.1652206890285015,0.0,0.1652206890285015,
4,260820,mixed,MIXED,PNND,120,0.18559081107378006,0.0,0.18559081107378006,
4,260820,mixed,MIXED,PNND,121,0.13201302103698254,0.0,0.13201302103698254,
4,260820,mixed,MIXED,PNND,122,0.14038753882050514,0.0,0.14038753882050514,
4,260820,mixed,MIXED,PNND,123,0.13937415368855,0.0,0.13937415368855,
4,260820,mixed,MIXED,PNND,124,0.14911526069045067,0.0,0.14911526069045067,
4,260820,mixed,MIXED,PNND,125,0.17081351578235626,0.0,0.17081351578235626,
4,260820,mixed,MIXED,PNND,126,0.14914372004568577,0.0,0.14914372004568577,
4,260820,mixed,MIXED,PNND,127,0.14370497688651085,0.0,0.14370497688651085,
4,260820,mixed,MIXED,PNND,128,0.16626614332199097,0.0,0.16626614332199097,
4,260820,mixed,MIXED,PNND,129,0.15574105456471443,0.0,0.15574105456471443,
4,260820,mixed,MIXED,PNND,130,0.16085004806518555,0.0,0.16085004806518555,
4,260820,mixed,MIXED,PNND,131,0.1858680136501789,0.0,0.1858680136501789,
4,260820,mixed,MIXED,PNND,132,0.15354515239596367,0.0,0.15354515239596367,
4,260820,mixed,MIXED,PNND,133,0.14564216881990433,0.0,0.14564216881990433,
4,260820,mixed,MIXED,PNND,134,0.12770266644656658,0.0,0.12770266644656658,
4,260820,mixed,MIXED,PNND,135,0.14124428294599056,0.0,0.14124428294599056,
4,260820,mixed,MIXED,PNND,136,0.16367377154529095,0.0,0.16367377154529095,
4,260820,mixed,MIXED,PNND,137,0.13303527235984802,0.0,0.13303527235984802,
4,260820,mixed,MIXED,PNND,138,0.1378138866275549,0.0,0.1378138866275549,
4,260820,mixed,MIXED,PNND,139,0.12181774713099003,0.0,0.12181774713099003,
4,260820,mixed,MIXED,PNND,140,0.16593074053525925,0.0,0.16593074053525925,
4,260820,mixed,MIXED,PNND,141,0.1277835201472044,0.0,0.1277835201472044,
4,260820,mixed,MIXED,PNND,142,0.14195939525961876,0.0,0.14195939525961876,
4,260820,mixed,MIXED,PNND,143,0.18208371847867966,0.0,0.18208371847867966,
4,260820,mixed,MIXED,PNND,144,0.13131026178598404,0.0,0.13131026178598404,
4,260820,mixed,MIXED,PNND,145,0.16800088994204998,0.0,0.16800088994204998,
4,260820,mixed,MIXED,PNND,146,0.17413966730237007,0.0,0.17413966730237007,
4,260820,mixed,MIXED,PNND,147,0.15448313020169735,0.0,0.15448313020169735,
4,260820,mixed,MIXED,PNND,148,0.16064659133553505,0.0,0.16064659133553505,
4,260820,mixed,MIXED,PNND,149,0.12495709024369717,0.0,0.12495709024369717,
4,260820,mixed,MIXED,PNND,150,0.13221418857574463,0.0,0.13221418857574463,
4,260820,mixed,MIXED,PNND,151,0.1378958821296692,0.0,0.1378958821296692,
4,260820,mixed,MIXED,PNND,152,0.13499893061816692,0.0,0.13499893061816692,
4,260820,mixed,MIXED,PNND,153,0.1335099283605814,0.0,0.1335099283605814,
4,260820,mixed,MIXED,PNND,154,0.14255604520440102,0.0,0.14255604520440102,
4,260820,mixed,MIXED,PNND,155,0.1343056857585907,0.0,0.1343056857585907,
4,260820,mixed,MIXED,PNND,156,0.15917687118053436,0.0,0.15917687118053436,
4,260820,mixed,MIXED,PNND,157,0.15022286027669907,0.0,0.15022286027669907,
4,260820,mixed,MIXED,PNND,158,0.13402763195335865,0.0,0.13402763195335865,
4,260820,mixed,MIXED,PNND,159,0.1420244351029396,0.0,0.1420244351029396,
4,260820,mixed,MIXED,PNND,160,0.1433497667312622,0.0,0.1433497667312622,
4,260820,mixed,MIXED,PNND,161,0.16627616807818413,0.0,0.16627616807818413,
4,260820,mixed,MIXED,PNND,162,0.11909818090498447,0.0,0.11909818090498447,
4,260820,mixed,MIXED,PNND,163,0.14862307906150818,0.0,0.14862307906150818,
4,260820,mixed,MIXED,PNND,164,0.148091409355402,0.0,0.148091409355402,
4,260820,mixed,MIXED,PNND,165,0.14087442867457867,0.0,0.14087442867457867,
4,260820,mixed,MIXED,PNND,166,0.11889058351516724,0.0,0.11889058351516724,
4,260820,mixed,MIXED,PNND,167,0.14340314269065857,0.0,0.14340314269065857,
4,260820,mixed,MIXED,PNND,168,0.1481396947056055,0.0,0.1481396947056055,
4,260820,mixed,MIXED,PNND,169,0.13076582551002502,0.0,0.13076582551002502,
4,260820,mixed,MIXED,PNND,170,0.14454678818583488,0.0,0.14454678818583488,
4,260820,mixed,MIXED,PNND,171,0.14697891846299171,0.0,0.14697891846299171,
4,260820,mixed,MIXED,PNND,172,0.16071663796901703,0.0,0.16071663796901703,
4,260820,mixed,MIXED,PNND,173,0.13688337989151478,0.0,0.13688337989151478,
4,260820,mixed,MIXED,PNND,174,0.13245987333357334,0.0,0.13245987333357334,
4,260820,mixed,MIXED,PNND,175,0.16299466416239738,0.0,0.16299466416239738,
4,260820,mixed,MIXED,PNND,176,0.1362019218504429,0.0,0.1362019218504429,
4,260820,mixed,MIXED,PNND,177,0.16257886216044426,0.0,0.16257886216044426,
4,260820,mixed,MIXED,PNND,178,0.162051510065794,0.0,0.162051510065794,
4,260820,mixed,MIXED,PNND,179,0.16172477044165134,0.0,0.16172477044165134,
4,260820,mixed,MIXED,PNND,180,0.14045976288616657,0.0,0.14045976288616657,
4,260820,mixed,MIXED,PNND,181,0.12560052052140236,0.0,0.12560052052140236,
4,260820,mixed,MIXED,PNND,182,0.1525010820478201,0.0,0.1525010820478201,
4,260820,mixed,MIXED,PNND,183,0.14414988830685616,0.0,0.14414988830685616,
4,260820,mixed,MIXED,PNND,184,0.1732068434357643,0.0,0.1732068434357643,
4,260820,mixed,MIXED,PNND,185,0.1276515293866396,0.0,0.1276515293866396,
4,260820,mixed,MIXED,PNND,186,0.17038869112730026,0.0,0.17038869112730026,
4,260820,mixed,MIXED,PNND,187,0.154732845723629,0.0,0.154732845723629,
4,260820,mixed,MIXED,PNND,188,0.16163549944758415,0.0,0.16163549944758415,
4,260820,mixed,MIXED,PNND,189,0.1268948782235384,0.0,0.1268948782235384,
4,260820,mixed,MIXED,PNND,190,0.14528508856892586,0.0,0.14528508856892586,
4,260820,mixed,MIXED,PNND,191,0.14752281829714775,0.0,0.14752281829714775,
4,260820,mixed,MIXED,PNND,192,0.13634344190359116,0.0,0.13634344190359116,
4,260820,mixed,MIXED,PNND,193,0.1394970752298832,0.0,0.1394970752298832,
4,260820,mixed,MIXED,PNND,194,0.1453021876513958,0.0,0.1453021876513958,
4,260820,mixed,MIXED,PNND,195,0.1281071063131094,0.0,0.1281071063131094,
4,260820,mixed,MIXED,PNND,196,0.1272704154253006,0.0,0.1272704154253006,
4,260820,mixed,MIXED,PNND,197,0.154264435172081,0.0,0.154264435172081,
4,260820,mixed,MIXED,PNND,198,0.11545597203075886,0.0,0.11545597203075886,
4,260820,mixed,MIXED,PNND,199,0.1310083195567131,0.0,0.1310083195567131,
4,260820,mixed,MIXED,PNND,200,0.12957977876067162,0.0,0.12957977876067162,-0.5898409841830374
4,260820,mixed,MIXED,PNND,201,0.15374507009983063,0.0,0.15374507009983063,
4,260820,mixed,MIXED,PNND,202,0.16714336350560188,0.0,0.16714336350560188,
4,260820,mixed,MIXED,PNND,203,0.15319018438458443,0.0,0.15319018438458443,
4,260820,mixed,MIXED,PNND,204,0.1317652016878128,0.0,0.1317652016878128,
4,260820,mixed,MIXED,PNND,205,0.13636213913559914,0.0,0.13636213913559914,
4,260820,mixed,MIXED,PNND,206,0.13246528059244156,0.0,0.13246528059244156,
4,260820,mixed,MIXED,PNND,207,0.16169472597539425,0.0,0.16169472597539425,
4,260820,mixed,MIXED,PNND,208,0.1621338166296482,0.0,0.1621338166296482,
4,260820,mixed,MIXED,PNND,209,0.1288225743919611,0.0,0.1288225743919611,
4,260820,mixed,MIXED,PNND,210,0.1592131070792675,0.0,0.1592131070792675,
4,260820,mixed,MIXED,PNND,211,0.13515162281692028,0.0,0.13515162281692028,
4,260820,mixed,MIXED,PNND,212,0.13416425697505474,0.0,0.13416425697505474,
4,260820,mixed,MIXED,PNND,213,0.12391772121191025,0.0,0.12391772121191025,
4,260820,mixed,MIXED,PNND,214,0.128363199532032,0.0,0.128363199532032,
4,260820,mixed,MIXED,PNND,215,0.16163379326462746,0.0,0.16163379326462746,
4,260820,mixed,MIXED,PNND,216,0.14795240573585033,0.0,0.14795240573585033,
4,260820,mixed,MIXED,PNND,217,0.17528032511472702,0.0,0.17528032511472702,
4,260820,mixed,MIXED,PNND,218,0.13490009866654873,0.0,0.13490009866654873,
4,260820,mixed,MIXED,PNND,219,0.1342204362154007,0.0,0.1342204362154007,
4,260820,mixed,MIXED,PNND,220,0.1655695140361786,0.0,0.1655695140361786,
4,260820,mixed,MIXED,PNND,221,0.1472487710416317,0.0,0.1472487710416317,
4,260820,mixed,MIXED,PNND,222,0.13834774121642113,0.0,0.13834774121642113,
4,260820,mixed,MIXED,PNND,223,0.15422454103827477,0.0,0.15422454103827477,
4,260820,mixed,MIXED,PNND,224,0.15390237420797348,0.0,0.15390237420797348,
4,260820,mixed,MIXED,PNND,225,0.14183704927563667,0.0,0.14183704927563667,
4,260820,mixed,MIXED,PNND,226,0.12755358032882214,0.0,0.12755358032882214,
4,260820,mixed,MIXED,PNND,227,0.15051214396953583,0.0,0.15051214396953583,
4,260820,mixed,MIXED,PNND,228,0.1693175733089447,0.0,0.1693175733089447,
4,260820,mixed,MIXED,PNND,229,0.1484679952263832,0.0,0.1484679952263832,
4,260820,mixed,MIXED,PNND,230,0.15264731273055077,0.0,0.15264731273055077,
4,260820,mixed,MIXED,PNND,231,0.12632745690643787,0.0,0.12632745690643787,
4,260820,mixed,MIXED,PNND,232,0.13642152771353722,0.0,0.13642152771353722,
4,260820,mixed,MIXED,PNND,233,0.16849137470126152,0.0,0.16849137470126152,
4,260820,mixed,MIXED,PNND,234,0.14964398927986622,0.0,0.14964398927986622,
4,260820,mixed,MIXED,PNND,235,0.1573854759335518,0.0,0.1573854759335518,
4,260820,mixed,MIXED,PNND,236,0.1706455610692501,0.0,0.1706455610692501,
4,260820,mixed,MIXED,PNND,237,0.1355710905045271,0.0,0.1355710905045271,
4,260820,mixed,MIXED,PNND,238,0.18075430020689964,0.0,0.18075430020689964,
4,260820,mixed,MIXED,PNND,239,0.12655217945575714,0.0,0.12655217945575714,
4,260820,mixed,MIXED,PNND,240,0.12147674709558487,0.0,0.12147674709558487,
4,260820,mixed,MIXED,PNND,241,0.15567097067832947,0.0,0.15567097067832947,
4,260820,mixed,MIXED,PNND,242,0.1538232620805502,0.0,0.1538232620805502,
4,260820,mixed,MIXED,PNND,243,0.14400450699031353,0.0,0.14400450699031353,
4,260820,mixed,MIXED,PNND,244,0.14412717521190643,0.0,0.14412717521190643,
4,260820,mixed,MIXED,PNND,245,0.1619269773364067,0.0,0.1619269773364067,
4,260820,mixed,MIXED,PNND,246,0.1371838953346014,0.0,0.1371838953346014,
4,260820,mixed,MIXED,PNND,247,0.1544136181473732,0.0,0.1544136181473732,
4,260820,mixed,MIXED,PNND,248,0.13268493302166462,0.0,0.13268493302166462,
4,260820,mixed,MIXED,PNND,249,0.12609098479151726,0.0,0.12609098479151726,
4,260820,mixed,MIXED,PNND,250,0.16501272469758987,0.0,0.16501272469758987,
4,260820,mixed,MIXED,PNND,251,0.14800351113080978,0.0,0.14800351113080978,
4,260820,mixed,MIXED,PNND,252,0.15077577345073223,0.0,0.15077577345073223,
4,260820,mixed,MIXED,PNND,253,0.1365906186401844,0.0,0.1365906186401844,
4,260820,mixed,MIXED,PNND,254,0.14533350616693497,0.0,0.14533350616693497,
4,260820,mixed,MIXED,PNND,255,0.13068204373121262,0.0,0.13068204373121262,
4,260820,mixed,MIXED,PNND,256,0.12918781861662865,0.0,0.12918781861662865,
4,260820,mixed,MIXED,PNND,257,0.1422797068953514,0.0,0.1422797068953514,
4,260820,mixed,MIXED,PNND,258,0.15186800062656403,0.0,0.15186800062656403,
4,260820,mixed,MIXED,PNND,259,0.1587352193892002,0.0,0.1587352193892002,
4,260820,mixed,MIXED,PNND,260,0.16576732136309147,0.0,0.16576732136309147,
4,260820,mixed,MIXED,PNND,261,0.14033501408994198,0.0,0.14033501408994198,
4,260820,mixed,MIXED,PNND,262,0.1405731663107872,0.0,0.1405731663107872,
4,260820,mixed,MIXED,PNND,263,0.11616755090653896,0.0,0.11616755090653896,
4,260820,mixed,MIXED,PNND,264,0.14772449806332588,0.0,0.14772449806332588,
4,260820,mixed,MIXED,PNND,265,0.18482540547847748,0.0,0.18482540547847748,
4,260820,mixed,MIXED,PNND,266,0.13855235651135445,0.0,0.13855235651135445,
4,260820,mixed,MIXED,PNND,267,0.1279833037406206,0.0,0.1279833037406206,
4,260820,mixed,MIXED,PNND,268,0.1462114080786705,0.0,0.1462114080786705,
4,260820,mixed,MIXED,PNND,269,0.13221943750977516,0.0,0.13221943750977516,
4,260820,mixed,MIXED,PNND,270,0.18243706598877907,0.0,0.18243706598877907,
4,260820,mixed,MIXED,PNND,271,0.15675823763012886,0.0,0.15675823763012886,
4,260820,mixed,MIXED,PNND,272,0.12648861855268478,0.0,0.12648861855268478,
4,260820,mixed,MIXED,PNND,273,0.1147012710571289,0.0,0.1147012710571289,
4,260820,mixed,MIXED,PNND,274,0.12259000539779663,0.0,0.12259000539779663,
4,260820,mixed,MIXED,PNND,275,0.1344415470957756,0.0,0.1344415470957756,
4,260820,mixed,MIXED,PNND,276,0.1356172263622284,0.0,0.1356172263622284,
4,260820,mixed,MIXED,PNND,277,0.1362295225262642,0.0,0.1362295225262642,
4,260820,mixed,MIXED,PNND,278,0.15944426879286766,0.0,0.15944426879286766,
4,260820,mixed,MIXED,PNND,279,0.15600019320845604,0.0,0.15600019320845604,
4,260820,mixed,MIXED,PNND,280,0.1593720968812704,0.0,0.1593720968812704,
4,260820,mixed,MIXED,PNND,281,0.14200832322239876,0.0,0.14200832322239876,
4,260820,mixed,MIXED,PNND,282,0.1378191076219082,0.0,0.1378191076219082,
4,260820,mixed,MIXED,PNND,283,0.1427844576537609,0.0,0.1427844576537609,
4,260820,mixed,MIXED,PNND,284,0.16524269618093967,0.0,0.16524269618093967,
4,260820,mixed,MIXED,PNND,285,0.13707498088479042,0.0,0.13707498088479042,
4,260820,mixed,MIXED,PNND,286,0.14274273812770844,0.0,0.14274273812770844,
4,260820,mixed,MIXED,PNND,287,0.15428321808576584,0.0,0.15428321808576584,
4,260820,mixed,MIXED,PNND,288,0.15220874175429344,0.0,0.15220874175429344,
4,260820,mixed,MIXED,PNND,289,0.14749986305832863,0.0,0.14749986305832863,
4,260820,mixed,MIXED,PNND,290,0.14816511422395706,0.0,0.14816511422395706,
4,260820,mixed,MIXED,PNND,291,0.14029514603316784,0.0,0.14029514603316784,
4,260820,mixed,MIXED,PNND,292,0.11928199045360088,0.0,0.11928199045360088,
4,260820,mixed,MIXED,PNND,293,0.15084419026970863,0.0,0.15084419026970863,
4,260820,mixed,MIXED,PNND,294,0.12061118520796299,0.0,0.12061118520796299,
4,260820,mixed,MIXED,PNND,295,0.15246478095650673,0.0,0.15246478095650673,
4,260820,mixed,MIXED,PNND,296,0.13315044343471527,0.0,0.13315044343471527,
4,260820,mixed,MIXED,PNND,297,0.1511225476861,0.0,0.1511225476861,
4,260820,mixed,MIXED,PNND,298,0.15996375121176243,0.0,0.15996375121176243,
4,260820,mixed,MIXED,PNND,299,0.1281436923891306,0.0,0.1281436923891306,
4,260820,mixed,MIXED,PNND,300,0.1436641402542591,0.0,0.1436641402542591,
4,260820,mixed,MIXED,PNND,301,0.14301836676895618,0.0,0.14301836676895618,
4,260820,mixed,MIXED,PNND,302,0.12290089018642902,0.0,0.12290089018642902,
4,260820,mixed,MIXED,PNND,303,0.12940151989459991,0.0,0.12940151989459991,
4,260820,mixed,MIXED,PNND,304,0.14077536016702652,0.0,0.14077536016702652,
4,260820,mixed,MIXED,PNND,305,0.13641617074608803,0.0,0.13641617074608803,
4,260820,mixed,MIXED,PNND,306,0.14640852808952332,0.0,0.14640852808952332,
4,260820,mixed,MIXED,PNND,307,0.18360846489667892,0.0,0.18360846489667892,
4,260820,mixed,MIXED,PNND,308,0.1446840912103653,0.0,0.1446840912103653,
4,260820,mixed,MIXED,PNND,309,0.1364765167236328,0.0,0.1364765167236328,
4,260820,mixed,MIXED,PNND,310,0.19505318999290466,0.0,0.19505318999290466,
4,260820,mixed,MIXED,PNND,311,0.14010019600391388,0.0,0.14010019600391388,
4,260820,mixed,MIXED,PNND,312,0.1380685232579708,0.0,0.1380685232579708,
4,260820,mixed,MIXED,PNND,313,0.16273534297943115,0.0,0.16273534297943115,
4,260820,mixed,MIXED,PNND,314,0.1430592630058527,0.0,0.1430592630058527,
4,260820,mixed,MIXED,PNND,315,0.13111709989607334,0.0,0.13111709989607334,
4,260820,mixed,MIXED,PNND,316,0.1411350779235363,0.0,0.1411350779235363,
4,260820,mixed,MIXED,PNND,317,0.144334202632308,0.0,0.144334202632308,
4,260820,mixed,MIXED,PNND,318,0.151540607213974,0.0,0.151540607213974,
4,260820,mixed,MIXED,PNND,319,0.14451596699655056,0.0,0.14451596699655056,
4,260820,mixed,MIXED,PNND,320,0.17869681492447853,0.0,0.17869681492447853,
4,260820,mixed,MIXED,PNND,321,0.12800986878573895,0.0,0.12800986878573895,
4,260820,mixed,MIXED,PNND,322,0.1280071008950472,0.0,0.1280071008950472,
4,260820,mixed,MIXED,PNND,323,0.1450614109635353,0.0,0.1450614109635353,
4,260820,mixed,MIXED,PNND,324,0.1347932033240795,0.0,0.1347932033240795,
4,260820,mixed,MIXED,PNND,325,0.13578919135034084,0.0,0.13578919135034084,
4,260820,mixed,MIXED,PNND,326,0.1360209509730339,0.0,0.1360209509730339,
4,260820,mixed,MIXED,PNND,327,0.13287077844142914,0.0,0.13287077844142914,
4,260820,mixed,MIXED,PNND,328,0.1744057796895504,0.0,0.1744057796895504,
4,260820,mixed,MIXED,PNND,329,0.1383894979953766,0.0,0.1383894979953766,
4,260820,mixed,MIXED,PNND,330,0.14865482226014137,0.0,0.14865482226014137,
4,260820,mixed,MIXED,PNND,331,0.1323664728552103,0.0,0.1323664728552103,
4,260820,mixed,MIXED,PNND,332,0.15661533921957016,0.0,0.15661533921957016,
4,260820,mixed,MIXED,PNND,333,0.1592603512108326,0.0,0.1592603512108326,
4,260820,mixed,MIXED,PNND,334,0.14289038628339767,0.0,0.14289038628339767,
4,260820,mixed,MIXED,PNND,335,0.13011211343109608,0.0,0.13011211343109608,
4,260820,mixed,MIXED,PNND,336,0.1307426579296589,0.0,0.1307426579296589,
4,260820,mixed,MIXED,PNND,337,0.15531293116509914,0.0,0.15531293116509914,
4,260820,mixed,MIXED,PNND,338,0.15248961374163628,0.0,0.15248961374163628,
4,260820,mixed,MIXED,PNND,339,0.14119870774447918,0.0,0.14119870774447918,
4,260820,mixed,MIXED,PNND,340,0.13556985557079315,0.0,0.13556985557079315,
4,260820,mixed,MIXED,PNND,341,0.133981516584754,0.0,0.133981516584754,
4,260820,mixed,MIXED,PNND,342,0.14572087675333023,0.0,0.14572087675333023,
4,260820,mixed,MIXED,PNND,343,0.1294905673712492,0.0,0.1294905673712492,
4,260820,mixed,MIXED,PNND,344,0.14056229405105114,0.0,0.14056229405105114,
4,260820,mixed,MIXED,PNND,345,0.1348241474479437,0.0,0.1348241474479437,
4,260820,mixed,MIXED,PNND,346,0.14038049802184105,0.0,0.14038049802184105,
4,260820,mixed,MIXED,PNND,347,0.14843582175672054,0.0,0.14843582175672054,
4,260820,mixed,MIXED,PNND,348,0.16001032292842865,0.0,0.16001032292842865,
4,260820,mixed,MIXED,PNND,349,0.13733342289924622,0.0,0.13733342289924622,
4,260820,mixed,MIXED,PNND,350,0.11127337254583836,0.0,0.11127337254583836,
4,260820,mixed,MIXED,PNND,351,0.15064475126564503,0.0,0.15064475126564503,
4,260820,mixed,MIXED,PNND,352,0.1545901745557785,0.0,0.1545901745557785,
4,260820,mixed,MIXED,PNND,353,0.14710019156336784,0.0,0.14710019156336784,
4,260820,mixed,MIXED,PNND,354,0.11970759369432926,0.0,0.11970759369432926,
4,260820,mixed,MIXED,PNND,355,0.1594866644591093,0.0,0.1594866644591093,
4,260820,mixed,MIXED,PNND,356,0.130126491189003,0.0,0.130126491189003,
4,260820,mixed,MIXED,PNND,357,0.12403302825987339,0.0,0.12403302825987339,
4,260820,mixed,MIXED,PNND,358,0.15547147765755653,0.0,0.15547147765755653,
4,260820,mixed,MIXED,PNND,359,0.1528504341840744,0.0,0.1528504341840744,
4,260820,mixed,MIXED,PNND,360,0.12417741306126118,0.0,0.12417741306126118,
4,260820,mixed,MIXED,PNND,361,0.14194609969854355,0.0,0.14194609969854355,
4,260820,mixed,MIXED,PNND,362,0.11892914213240147,0.0,0.11892914213240147,
4,260820,mixed,MIXED,PNND,363,0.15614495985209942,0.0,0.15614495985209942,
4,260820,mixed,MIXED,PNND,364,0.16089960932731628,0.0,0.16089960932731628,
4,260820,mixed,MIXED,PNND,365,0.15178068727254868,0.0,0.15178068727254868,
4,260820,mixed,MIXED,PNND,366,0.12874765694141388,0.0,0.12874765694141388,
4,260820,mixed,MIXED,PNND,367,0.12401221506297588,0.0,0.12401221506297588,
4,260820,mixed,MIXED,PNND,368,0.1390580628067255,0.0,0.1390580628067255,
4,260820,mixed,MIXED,PNND,369,0.13014953956007957,0.0,0.13014953956007957,
4,260820,mixed,MIXED,PNND,370,0.13166437298059464,0.0,0.13166437298059464,
4,260820,mixed,MIXED,PNND,371,0.1637641340494156,0.0,0.1637641340494156,
4,260820,mixed,MIXED,PNND,372,0.13250705413520336,0.0,0.13250705413520336,
4,260820,mixed,MIXED,PNND,373,0.15734687447547913,0.0,0.15734687447547913,
4,260820,mixed,MIXED,PNND,374,0.13143917173147202,0.0,0.13143917173147202,
4,260820,mixed,MIXED,PNND,375,0.12752876803278923,0.0,0.12752876803278923,
4,260820,mixed,MIXED,PNND,376,0.15225844830274582,0.0,0.15225844830274582,
4,260820,mixed,MIXED,PNND,377,0.19097349606454372,0.0,0.19097349606454372,
4,260820,mixed,MIXED,PNND,378,0.14325712993741035,0.0,0.14325712993741035,
4,260820,mixed,MIXED,PNND,379,0.13919128105044365,0.0,0.13919128105044365,
4,260820,mixed,MIXED,PNND,380,0.15242711827158928,0.0,0.15242711827158928,
4,260820,mixed,MIXED,PNND,381,0.13874198123812675,0.0,0.13874198123812675,
4,260820,mixed,MIXED,PNND,382,0.15759363397955894,0.0,0.15759363397955894,
4,260820,mixed,MIXED,PNND,383,0.15990476310253143,0.0,0.15990476310253143,
4,260820,mixed,MIXED,PNND,384,0.14230871945619583,0.0,0.14230871945619583,
4,260820,mixed,MIXED,PNND,385,0.16080738604068756,0.0,0.16080738604068756,
4,260820,mixed,MIXED,PNND,386,0.1561060082167387,0.0,0.1561060082167387,
4,260820,mixed,MIXED,PNND,387,0.14579515159130096,0.0,0.14579515159130096,
4,260820,mixed,MIXED,PNND,388,0.15317342430353165,0.0,0.15317342430353165,
4,260820,mixed,MIXED,PNND,389,0.12226252816617489,0.0,0.12226252816617489,
4,260820,mixed,MIXED,PNND,390,0.13773045875132084,0.0,0.13773045875132084,
4,260820,mixed,MIXED,PNND,391,0.14814700186252594,0.0,0.14814700186252594,
4,260820,mixed,MIXED,PNND,392,0.13837329111993313,0.0,0.13837329111993313,
4,260820,mixed,MIXED,PNND,393,0.14821559190750122,0.0,0.14821559190750122,
4,260820,mixed,MIXED,PNND,394,0.14347263425588608,0.0,0.14347263425588608,
4,260820,mixed,MIXED,PNND,395,0.1532711200416088,0.0,0.1532711200416088,
4,260820,mixed,MIXED,PNND,396,0.16323797404766083,0.0,0.16323797404766083,
4,260820,mixed,MIXED,PNND,397,0.14566038362681866,0.0,0.14566038362681866,
4,260820,mixed,MIXED,PNND,398,0.14874016121029854,0.0,0.14874016121029854,
4,260820,mixed,MIXED,PNND,399,0.16182450950145721,0.0,0.16182450950145721,
4,260820,mixed,MIXED,PNND,400,0.15871459618210793,0.0,0.15871459618210793,-0.5996842622413321
4,260820,mixed,MIXED,PNND,401,0.12252015992999077,0.0,0.12252015992999077,
4,260820,mixed,MIXED,PNND,402,0.1291629932820797,0.0,0.1291629932820797,
4,260820,mixed,MIXED,PNND,403,0.1553668174892664,0.0,0.1553668174892664,
4,260820,mixed,MIXED,PNND,404,0.1533310618251562,0.0,0.1533310618251562,
4,260820,mixed,MIXED,PNND,405,0.1273294035345316,0.0,0.1273294035345316,
4,260820,mixed,MIXED,PNND,406,0.14953676983714104,0.0,0.14953676983714104,
4,260820,mixed,MIXED,PNND,407,0.15565980970859528,0.0,0.15565980970859528,
4,260820,mixed,MIXED,PNND,408,0.16572990268468857,0.0,0.16572990268468857,
4,260820,mixed,MIXED,PNND,409,0.13589973375201225,0.0,0.13589973375201225,
4,260820,mixed,MIXED,PNND,410,0.14510728046298027,0.0,0.14510728046298027,
4,260820,mixed,MIXED,PNND,411,0.11761374026536942,0.0,0.11761374026536942,
4,260820,mixed,MIXED,PNND,412,0.12174485996365547,0.0,0.12174485996365547,
4,260820,mixed,MIXED,PNND,413,0.16984326392412186,0.0,0.16984326392412186,
4,260820,mixed,MIXED,PNND,414,0.14481434226036072,0.0,0.14481434226036072,
4,260820,mixed,MIXED,PNND,415,0.16543682664632797,0.0,0.16543682664632797,
4,260820,mixed,MIXED,PNND,416,0.12683776393532753,0.0,0.12683776393532753,
4,260820,mixed,MIXED,PNND,417,0.1456650961190462,0.0,0.1456650961190462,
4,260820,mixed,MIXED,PNND,418,0.13647587411105633,0.0,0.13647587411105633,
4,260820,mixed,MIXED,PNND,419,0.13701901584863663,0.0,0.13701901584863663,
4,260820,mixed,MIXED,PNND,420,0.12265297211706638,0.0,0.12265297211706638,
4,260820,mixed,MIXED,PNND,421,0.1659095175564289,0.0,0.1659095175564289,
4,260820,mixed,MIXED,PNND,422,0.13466136157512665,0.0,0.13466136157512665,
4,260820,mixed,MIXED,PNND,423,0.1413859687745571,0.0,0.1413859687745571,
4,260820,mixed,MIXED,PNND,424,0.15291012078523636,0.0,0.15291012078523636,
4,260820,mixed,MIXED,PNND,425,0.11769949458539486,0.0,0.11769949458539486,
4,260820,mixed,MIXED,PNND,426,0.1327611394226551,0.0,0.1327611394226551,
4,260820,mixed,MIXED,PNND,427,0.16331541538238525,0.0,0.16331541538238525,
4,260820,mixed,MIXED,PNND,428,0.1257435828447342,0.0,0.1257435828447342,
4,260820,mixed,MIXED,PNND,429,0.14770571514964104,0.0,0.14770571514964104,
4,260820,mixed,MIXED,PNND,430,0.15828590281307697,0.0,0.15828590281307697,
4,260820,mixed,MIXED,PNND,431,0.13599053397774696,0.0,0.13599053397774696,
4,260820,mixed,MIXED,PNND,432,0.14225227385759354,0.0,0.14225227385759354,
4,260820,mixed,MIXED,PNND,433,0.12317204102873802,0.0,0.12317204102873802,
4,260820,mixed,MIXED,PNND,434,0.11019250936806202,0.0,0.11019250936806202,
4,260820,mixed,MIXED,PNND,435,0.13090470246970654,0.0,0.13090470246970654,
4,260820,mixed,MIXED,PNND,436,0.1300776619464159,0.0,0.1300776619464159,
4,260820,mixed,MIXED,PNND,437,0.13434744626283646,0.0,0.13434744626283646,
4,260820,mixed,MIXED,PNND,438,0.13594051077961922,0.0,0.13594051077961922,
4,260820,mixed,MIXED,PNND,439,0.13379420340061188,0.0,0.13379420340061188,
4,260820,mixed,MIXED,PNND,440,0.13730339892208576,0.0,0.13730339892208576,
4,260820,mixed,MIXED,PNND,441,0.14140842109918594,0.0,0.14140842109918594,
4,260820,mixed,MIXED,PNND,442,0.16244340687990189,0.0,0.16244340687990189,
4,260820,mixed,MIXED,PNND,443,0.1348506100475788,0.0,0.1348506100475788,
4,260820,mixed,MIXED,PNND,444,0.16512701660394669,0.0,0.16512701660394669,
4,260820,mixed,MIXED,PNND,445,0.13147993199527264,0.0,0.13147993199527264,
4,260820,mixed,MIXED,PNND,446,0.1305583044886589,0.0,0.1305583044886589,
4,260820,mixed,MIXED,PNND,447,0.12195342592895031,0.0,0.12195342592895031,
4,260820,mixed,MIXED,PNND,448,0.15073290839791298,0.0,0.15073290839791298,
4,260820,mixed,MIXED,PNND,449,0.13721522688865662,0.0,0.13721522688865662,
4,260820,mixed,MIXED,PNND,450,0.13205606676638126,0.0,0.13205606676638126,
4,260820,mixed,MIXED,PNND,451,0.14273464679718018,0.0,0.14273464679718018,
4,260820,mixed,MIXED,PNND,452,0.12775637209415436,0.0,0.12775637209415436,
4,260820,mixed,MIXED,PNND,453,0.15569947473704815,0.0,0.15569947473704815,
4,260820,mixed,MIXED,PNND,454,0.14766745828092098,0.0,0.14766745828092098,
4,260820,mixed,MIXED,PNND,455,0.14706303551793098,0.0,0.14706303551793098,
4,260820,mixed,MIXED,PNND,456,0.14680491760373116,0.0,0.14680491760373116,
4,260820,mixed,MIXED,PNND,457,0.12276090309023857,0.0,0.12276090309023857,
4,260820,mixed,MIXED,PNND,458,0.1444692723453045,0.0,0.1444692723453045,
4,260820,mixed,MIXED,PNND,459,0.15684616938233376,0.0,0.15684616938233376,
4,260820,mixed,MIXED,PNND,460,0.15524452552199364,0.0,0.15524452552199364,
4,260820,mixed,MIXED,PNND,461,0.15656097047030926,0.0,0.15656097047030926,
4,260820,mixed,MIXED,PNND,462,0.13968112133443356,0.0,0.13968112133443356,
4,260820,mixed,MIXED,PNND,463,0.14297934249043465,0.0,0.14297934249043465,
4,260820,mixed,MIXED,PNND,464,0.11458911001682281,0.0,0.11458911001682281,
4,260820,mixed,MIXED,PNND,465,0.14818190410733223,0.0,0.14818190410733223,
4,260820,mixed,MIXED,PNND,466,0.1599755808711052,0.0,0.1599755808711052,
4,260820,mixed,MIXED,PNND,467,0.14738327264785767,0.0,0.14738327264785767,
4,260820,mixed,MIXED,PNND,468,0.15786758065223694,0.0,0.15786758065223694,
4,260820,mixed,MIXED,PNND,469,0.1379472352564335,0.0,0.1379472352564335,
4,260820,mixed,MIXED,PNND,470,0.15412335097789764,0.0,0.15412335097789764,
4,260820,mixed,MIXED,PNND,471,0.12083500251173973,0.0,0.12083500251173973,
4,260820,mixed,MIXED,PNND,472,0.15273471176624298,0.0,0.15273471176624298,
4,260820,mixed,MIXED,PNND,473,0.13542447052896023,0.0,0.13542447052896023,
4,260820,mixed,MIXED,PNND,474,0.12503372132778168,0.0,0.12503372132778168,
4,260820,mixed,MIXED,PNND,475,0.14906084164977074,0.0,0.14906084164977074,
4,260820,mixed,MIXED,PNND,476,0.15671347081661224,0.0,0.15671347081661224,
4,260820,mixed,MIXED,PNND,477,0.13876852579414845,0.0,0.13876852579414845,
4,260820,mixed,MIXED,PNND,478,0.14944517984986305,0.0,0.14944517984986305,
4,260820,mixed,MIXED,PNND,479,0.14863356202840805,0.0,0.14863356202840805,
4,260820,mixed,MIXED,PNND,480,0.12264266423881054,0.0,0.12264266423881054,
4,260820,mixed,MIXED,PNND,481,0.14548768661916256,0.0,0.14548768661916256,
4,260820,mixed,MIXED,PNND,482,0.13829476945102215,0.0,0.13829476945102215,
4,260820,mixed,MIXED,PNND,483,0.12756598740816116,0.0,0.12756598740816116,
4,260820,mixed,MIXED,PNND,484,0.14027534425258636,0.0,0.14027534425258636,
4,260820,mixed,MIXED,PNND,485,0.14766987971961498,0.0,0.14766987971961498,
4,260820,mixed,MIXED,PNND,486,0.13861814141273499,0.0,0.13861814141273499,
4,260820,mixed,MIXED,PNND,487,0.14032664708793163,0.0,0.14032664708793163,
4,260820,mixed,MIXED,PNND,488,0.12491544522345066,0.0,0.12491544522345066,
4,260820,mixed,MIXED,PNND,489,0.17764635384082794,0.0,0.17764635384082794,
4,260820,mixed,MIXED,PNND,490,0.13679790869355202,0.0,0.13679790869355202,
4,260820,mixed,MIXED,PNND,491,0.13081124611198902,0.0,0.13081124611198902,
4,260820,mixed,MIXED,PNND,492,0.12956833466887474,0.0,0.12956833466887474,
4,260820,mixed,MIXED,PNND,493,0.12879079207777977,0.0,0.12879079207777977,
4,260820,mixed,MIXED,PNND,494,0.1649017259478569,0.0,0.1649017259478569,
4,260820,mixed,MIXED,PNND,495,0.13613251969218254,0.0,0.13613251969218254,
4,260820,mixed,MIXED,PNND,496,0.1544346623122692,0.0,0.1544346623122692,
4,260820,mixed,MIXED,PNND,497,0.12015069276094437,0.0,0.12015069276094437,
4,260820,mixed,MIXED,PNND,498,0.1425836719572544,0.0,0.1425836719572544,
4,260820,mixed,MIXED,PNND,499,0.15564628690481186,0.0,0.15564628690481186,
4,260820,mixed,MIXED,PNND,500,0.11306065320968628,0.0,0.11306065320968628,
4,260820,mixed,MIXED,PNND,501,0.14295662939548492,0.0,0.14295662939548492,
4,260820,mixed,MIXED,PNND,502,0.14901811815798283,0.0,0.14901811815798283,
4,260820,mixed,MIXED,PNND,503,0.1428527943789959,0.0,0.1428527943789959,
4,260820,mixed,MIXED,PNND,504,0.10653219744563103,0.0,0.10653219744563103,
4,260820,mixed,MIXED,PNND,505,0.1429070346057415,0.0,0.1429070346057415,
4,260820,mixed,MIXED,PNND,506,0.14798949100077152,0.0,0.14798949100077152,
4,260820,mixed,MIXED,PNND,507,0.12417449057102203,0.0,0.12417449057102203,
4,260820,mixed,MIXED,PNND,508,0.12484832666814327,0.0,0.12484832666814327,
4,260820,mixed,MIXED,PNND,509,0.12338872626423836,0.0,0.12338872626423836,
4,260820,mixed,MIXED,PNND,510,0.1518347915261984,0.0,0.1518347915261984,
4,260820,mixed,MIXED,PNND,511,0.16873536258935928,0.0,0.16873536258935928,
4,260820,mixed,MIXED,PNND,512,0.14153782092034817,0.0,0.14153782092034817,
4,260820,mixed,MIXED,PNND,513,0.11370841413736343,0.0,0.11370841413736343,
4,260820,mixed,MIXED,PNND,514,0.13008703291416168,0.0,0.13008703291416168,
4,260820,mixed,MIXED,PNND,515,0.14620531722903252,0.0,0.14620531722903252,
4,260820,mixed,MIXED,PNND,516,0.1824006512761116,0.0,0.1824006512761116,
4,260820,mixed,MIXED,PNND,517,0.11061498895287514,0.0,0.11061498895287514,
4,260820,mixed,MIXED,PNND,518,0.12615436874330044,0.0,0.12615436874330044,
4,260820,mixed,MIXED,PNND,519,0.13080775924026966,0.0,0.13080775924026966,
4,260820,mixed,MIXED,PNND,520,0.14309584721922874,0.0,0.14309584721922874,
4,260820,mixed,MIXED,PNND,521,0.1403514463454485,0.0,0.1403514463454485,
4,260820,mixed,MIXED,PNND,522,0.13198541849851608,0.0,0.13198541849851608,
4,260820,mixed,MIXED,PNND,523,0.14281343668699265,0.0,0.14281343668699265,
4,260820,mixed,MIXED,PNND,524,0.1654188185930252,0.0,0.1654188185930252,
4,260820,mixed,MIXED,PNND,525,0.11198096536099911,0.0,0.11198096536099911,
4,260820,mixed,MIXED,PNND,526,0.13912193290889263,0.0,0.13912193290889263,
4,260820,mixed,MIXED,PNND,527,0.1195522639900446,0.0,0.1195522639900446,
4,260820,mixed,MIXED,PNND,528,0.13667380064725876,0.0,0.13667380064725876,
4,260820,mixed,MIXED,PNND,529,0.1278094109147787,0.0,0.1278094109147787,
4,260820,mixed,MIXED,PNND,530,0.15797172859311104,0.0,0.15797172859311104,
4,260820,mixed,MIXED,PNND,531,0.14663195423781872,0.0,0.14663195423781872,
4,260820,mixed,MIXED,PNND,532,0.16453459486365318,0.0,0.16453459486365318,
4,260820,mixed,MIXED,PNND,533,0.15751613676548004,0.0,0.15751613676548004,
4,260820,mixed,MIXED,PNND,534,0.13264651224017143,0.0,0.13264651224017143,
4,260820,mixed,MIXED,PNND,535,0.14219434559345245,0.0,0.14219434559345245,
4,260820,mixed,MIXED,PNND,536,0.15205099061131477,0.0,0.15205099061131477,
4,260820,mixed,MIXED,PNND,537,0.11313535273075104,0.0,0.11313535273075104,
4,260820,mixed,MIXED,PNND,538,0.11268239840865135,0.0,0.11268239840865135,
4,260820,mixed,MIXED,PNND,539,0.1705820895731449,0.0,0.1705820895731449,
4,260820,mixed,MIXED,PNND,540,0.16074662283062935,0.0,0.16074662283062935,
4,260820,mixed,MIXED,PNND,541,0.131162378937006,0.0,0.131162378937006,
4,260820,mixed,MIXED,PNND,542,0.131548959761858,0.0,0.131548959761858,
4,260820,mixed,MIXED,PNND,543,0.14673501253128052,0.0,0.14673501253128052,
4,260820,mixed,MIXED,PNND,544,0.12230980023741722,0.0,0.12230980023741722,
4,260820,mixed,MIXED,PNND,545,0.12163776904344559,0.0,0.12163776904344559,
4,260820,mixed,MIXED,PNND,546,0.14171114936470985,0.0,0.14171114936470985,
4,260820,mixed,MIXED,PNND,547,0.14372313395142555,0.0,0.14372313395142555,
4,260820,mixed,MIXED,PNND,548,0.15785948559641838,0.0,0.15785948559641838,
4,260820,mixed,MIXED,PNND,549,0.15510419756174088,0.0,0.15510419756174088,
4,260820,mixed,MIXED,PNND,550,0.13627987541258335,0.0,0.13627987541258335,
4,260820,mixed,MIXED,PNND,551,0.11563606187701225,0.0,0.11563606187701225,
4,260820,mixed,MIXED,PNND,552,0.14411577209830284,0.0,0.14411577209830284,
4,260820,mixed,MIXED,PNND,553,0.16634005680680275,0.0,0.16634005680680275,
4,260820,mixed,MIXED,PNND,554,0.14174560084939003,0.0,0.14174560084939003,
4,260820,mixed,MIXED,PNND,555,0.13775668665766716,0.0,0.13775668665766716,
4,260820,mixed,MIXED,PNND,556,0.12692314013838768,0.0,0.12692314013838768,
4,260820,mixed,MIXED,PNND,557,0.1352523434907198,0.0,0.1352523434907198,
4,260820,mixed,MIXED,PNND,558,0.12397485598921776,0.0,0.12397485598921776,
4,260820,mixed,MIXED,PNND,559,0.1575142741203308,0.0,0.1575142741203308,
4,260820,mixed,MIXED,PNND,560,0.1365447547286749,0.0,0.1365447547286749,
4,260820,mixed,MIXED,PNND,561,0.1253835204988718,0.0,0.1253835204988718,
4,260820,mixed,MIXED,PNND,562,0.13681052066385746,0.0,0.13681052066385746,
4,260820,mixed,MIXED,PNND,563,0.1609060987830162,0.0,0.1609060987830162,
4,260820,mixed,MIXED,PNND,564,0.13459163531661034,0.0,0.13459163531661034,
4,260820,mixed,MIXED,PNND,565,0.14892229810357094,0.0,0.14892229810357094,
4,260820,mixed,MIXED,PNND,566,0.13042992912232876,0.0,0.13042992912232876,
4,260820,mixed,MIXED,PNND,567,0.1268293783068657,0.0,0.1268293783068657,
4,260820,mixed,MIXED,PNND,568,0.14062746241688728,0.0,0.14062746241688728,
4,260820,mixed,MIXED,PNND,569,0.14559322968125343,0.0,0.14559322968125343,
4,260820,mixed,MIXED,PNND,570,0.156852625310421,0.0,0.156852625310421,
4,260820,mixed,MIXED,PNND,571,0.15372715145349503,0.0,0.15372715145349503,
4,260820,mixed,MIXED,PNND,572,0.13927635177969933,0.0,0.13927635177969933,
4,260820,mixed,MIXED,PNND,573,0.10557939112186432,0.0,0.10557939112186432,
4,260820,mixed,MIXED,PNND,574,0.1275780349969864,0.0,0.1275780349969864,
4,260820,mixed,MIXED,PNND,575,0.16104510240256786,0.0,0.16104510240256786,
4,260820,mixed,MIXED,PNND,576,0.1409415900707245,0.0,0.1409415900707245,
4,260820,mixed,MIXED,PNND,577,0.13225029781460762,0.0,0.13225029781460762,
4,260820,mixed,MIXED,PNND,578,0.14338453486561775,0.0,0.14338453486561775,
4,260820,mixed,MIXED,PNND,579,0.12649843841791153,0.0,0.12649843841791153,
4,260820,mixed,MIXED,PNND,580,0.14124133810400963,0.0,0.14124133810400963,
4,260820,mixed,MIXED,PNND,581,0.1313975602388382,0.0,0.1313975602388382,
4,260820,mixed,MIXED,PNND,582,0.14385453797876835,0.0,0.14385453797876835,
4,260820,mixed,MIXED,PNND,583,0.1413082741200924,0.0,0.1413082741200924,
4,260820,mixed,MIXED,PNND,584,0.12453869171440601,0.0,0.12453869171440601,
4,260820,mixed,MIXED,PNND,585,0.1426427662372589,0.0,0.1426427662372589,
4,260820,mixed,MIXED,PNND,586,0.16483952477574348,0.0,0.16483952477574348,
4,260820,mixed,MIXED,PNND,587,0.16436146199703217,0.0,0.16436146199703217,
4,260820,mixed,MIXED,PNND,588,0.15823690593242645,0.0,0.15823690593242645,
4,260820,mixed,MIXED,PNND,589,0.11144641414284706,0.0,0.11144641414284706,
4,260820,mixed,MIXED,PNND,590,0.14200406335294247,0.0,0.14200406335294247,
4,260820,mixed,MIXED,PNND,591,0.12130915001034737,0.0,0.12130915001034737,
4,260820,mixed,MIXED,PNND,592,0.1445741169154644,0.0,0.1445741169154644,
4,260820,mixed,MIXED,PNND,593,0.13433078490197659,0.0,0.13433078490197659,
4,260820,mixed,MIXED,PNND,594,0.1463908925652504,0.0,0.1463908925652504,
4,260820,mixed,MIXED,PNND,595,0.1532725766301155,0.0,0.1532725766301155,
4,260820,mixed,MIXED,PNND,596,0.12621748074889183,0.0,0.12621748074889183,
4,260820,mixed,MIXED,PNND,597,0.14239289984107018,0.0,0.14239289984107018,
4,260820,mixed,MIXED,PNND,598,0.16143298521637917,0.0,0.16143298521637917,
4,260820,mixed,MIXED,PNND,599,0.1307118982076645,0.0,0.1307118982076645,
4,260820,mixed,MIXED,PNND,600,0.12281506508588791,0.0,0.12281506508588791,-0.6108577045196136
4,260820,mixed,MIXED,PNND,601,0.13558193109929562,0.0,0.13558193109929562,
4,260820,mixed,MIXED,PNND,602,0.1412214543670416,0.0,0.1412214543670416,
4,260820,mixed,MIXED,PNND,603,0.1567908152937889,0.0,0.1567908152937889,
4,260820,mixed,MIXED,PNND,604,0.15047814324498177,0.0,0.15047814324498177,
4,260820,mixed,MIXED,PNND,605,0.1346415914595127,0.0,0.1346415914595127,
4,260820,mixed,MIXED,PNND,606,0.11018173769116402,0.0,0.11018173769116402,
4,260820,mixed,MIXED,PNND,607,0.11908119358122349,0.0,0.11908119358122349,
4,260820,mixed,MIXED,PNND,608,0.14784484542906284,0.0,0.14784484542906284,
4,260820,mixed,MIXED,PNND,609,0.12895851582288742,0.0,0.12895851582288742,
4,260820,mixed,MIXED,PNND,610,0.1504465527832508,0.0,0.1504465527832508,
4,260820,mixed,MIXED,PNND,611,0.14119956269860268,0.0,0.14119956269860268,
4,260820,mixed,MIXED,PNND,612,0.13634050264954567,0.0,0.13634050264954567,
4,260820,mixed,MIXED,PNND,613,0.16296174004673958,0.0,0.16296174004673958,
4,260820,mixed,MIXED,PNND,614,0.1486491896212101,0.0,0.1486491896212101,
4,260820,mixed,MIXED,PNND,615,0.13934549503028393,0.0,0.13934549503028393,
4,260820,mixed,MIXED,PNND,616,0.14452294260263443,0.0,0.14452294260263443,
4,260820,mixed,MIXED,PNND,617,0.1315935142338276,0.0,0.1315935142338276,
4,260820,mixed,MIXED,PNND,618,0.11957135796546936,0.0,0.11957135796546936,
4,260820,mixed,MIXED,PNND,619,0.1506050005555153,0.0,0.1506050005555153,
4,260820,mixed,MIXED,PNND,620,0.11272333189845085,0.0,0.11272333189845085,
4,260820,mixed,MIXED,PNND,621,0.13781499490141869,0.0,0.13781499490141869,
4,260820,mixed,MIXED,PNND,622,0.14935102127492428,0.0,0.14935102127492428,
4,260820,mixed,MIXED,PNND,623,0.12101140059530735,0.0,0.12101140059530735,
4,260820,mixed,MIXED,PNND,624,0.12796280719339848,0.0,0.12796280719339848,
4,260820,mixed,MIXED,PNND,625,0.1439412273466587,0.0,0.1439412273466587,
4,260820,mixed,MIXED,PNND,626,0.12701364792883396,0.0,0.12701364792883396,
4,260820,mixed,MIXED,PNND,627,0.13021652400493622,0.0,0.13021652400493622,
4,260820,mixed,MIXED,PNND,628,0.14553036354482174,0.0,0.14553036354482174,
4,260820,mixed,MIXED,PNND,629,0.15773633308708668,0.0,0.15773633308708668,
4,260820,mixed,MIXED,PNND,630,0.11420142464339733,0.0,0.11420142464339733,
4,260820,mixed,MIXED,PNND,631,0.13474519178271294,0.0,0.13474519178271294,
4,260820,mixed,MIXED,PNND,632,0.1628805696964264,0.0,0.1628805696964264,
4,260820,mixed,MIXED,PNND,633,0.13433417305350304,0.0,0.13433417305350304,
4,260820,mixed,MIXED,PNND,634,0.13991804420948029,0.0,0.13991804420948029,
4,260820,mixed,MIXED,PNND,635,0.12215263582766056,0.0,0.12215263582766056,
4,260820,mixed,MIXED,PNND,636,0.15695973113179207,0.0,0.15695973113179207,
4,260820,mixed,MIXED,PNND,637,0.16423931904137135,0.0,0.16423931904137135,
4,260820,mixed,MIXED,PNND,638,0.14930396154522896,0.0,0.14930396154522896,
4,260820,mixed,MIXED,PNND,639,0.14590570703148842,0.0,0.14590570703148842,
4,260820,mixed,MIXED,PNND,640,0.1298013161867857,0.0,0.1298013161867857,
4,260820,mixed,MIXED,PNND,641,0.1509133279323578,0.0,0.1509133279323578,
4,260820,mixed,MIXED,PNND,642,0.15411599352955818,0.0,0.15411599352955818,
4,260820,mixed,MIXED,PNND,643,0.1567047331482172,0.0,0.1567047331482172,
4,260820,mixed,MIXED,PNND,644,0.141518946737051,0.0,0.141518946737051,
4,260820,mixed,MIXED,PNND,645,0.1386791691184044,0.0,0.1386791691184044,
4,260820,mixed,MIXED,PNND,646,0.1384723000228405,0.0,0.1384723000228405,
4,260820,mixed,MIXED,PNND,647,0.13092643022537231,0.0,0.13092643022537231,
4,260820,mixed,MIXED,PNND,648,0.15742947906255722,0.0,0.15742947906255722,
4,260820,mixed,MIXED,PNND,649,0.14303799718618393,0.0,0.14303799718618393,
4,260820,mixed,MIXED,PNND,650,0.11772147007286549,0.0,0.11772147007286549,
4,260820,mixed,MIXED,PNND,651,0.15255536139011383,0.0,0.15255536139011383,
4,260820,mixed,MIXED,PNND,652,0.13567128591239452,0.0,0.13567128591239452,
4,260820,mixed,MIXED,PNND,653,0.15936756134033203,0.0,0.15936756134033203,
4,260820,mixed,MIXED,PNND,654,0.13905959576368332,0.0,0.13905959576368332,
4,260820,mixed,MIXED,PNND,655,0.1371365822851658,0.0,0.1371365822851658,
4,260820,mixed,MIXED,PNND,656,0.12407682277262211,0.0,0.12407682277262211,
4,260820,mixed,MIXED,PNND,657,0.12897693179547787,0.0,0.12897693179547787,
4,260820,mixed,MIXED,PNND,658,0.13012335635721684,0.0,0.13012335635721684,
4,260820,mixed,MIXED,PNND,659,0.1474509835243225,0.0,0.1474509835243225,
4,260820,mixed,MIXED,PNND,660,0.1358293928205967,0.0,0.1358293928205967,
4,260820,mixed,MIXED,PNND,661,0.11984027363359928,0.0,0.11984027363359928,
4,260820,mixed,MIXED,PNND,662,0.14406606927514076,0.0,0.14406606927514076,
4,260820,mixed,MIXED,PNND,663,0.13527296483516693,0.0,0.13527296483516693,
4,260820,mixed,MIXED,PNND,664,0.12726553156971931,0.0,0.12726553156971931,
4,260820,mixed,MIXED,PNND,665,0.13038869388401508,0.0,0.13038869388401508,
4,260820,mixed,MIXED,PNND,666,0.13289668411016464,0.0,0.13289668411016464,
4,260820,mixed,MIXED,PNND,667,0.13864394277334213,0.0,0.13864394277334213,
4,260820,mixed,MIXED,PNND,668,0.14376865699887276,0.0,0.14376865699887276,
4,260820,mixed,MIXED,PNND,669,0.12534234300255775,0.0,0.12534234300255775,
4,260820,mixed,MIXED,PNND,670,0.1595475822687149,0.0,0.1595475822687149,
4,260820,mixed,MIXED,PNND,671,0.15535340830683708,0.0,0.15535340830683708,
4,260820,mixed,MIXED,PNND,672,0.1224049162119627,0.0,0.1224049162119627,
4,260820,mixed,MIXED,PNND,673,0.11874575167894363,0.0,0.11874575167894363,
4,260820,mixed,MIXED,PNND,674,0.1351146474480629,0.0,0.1351146474480629,
4,260820,mixed,MIXED,PNND,675,0.12377461791038513,0.0,0.12377461791038513,
4,260820,mixed,MIXED,PNND,676,0.16425859183073044,0.0,0.16425859183073044,
4,260820,mixed,MIXED,PNND,677,0.1576443873345852,0.0,0.1576443873345852,
4,260820,mixed,MIXED,PNND,678,0.12430434674024582,0.0,0.12430434674024582,
4,260820,mixed,MIXED,PNND,679,0.16757074743509293,0.0,0.16757074743509293,
4,260820,mixed,MIXED,PNND,680,0.13187179528176785,0.0,0.13187179528176785,
4,260820,mixed,MIXED,PNND,681,0.1481697577983141,0.0,0.1481697577983141,
4,260820,mixed,MIXED,PNND,682,0.16805275529623032,0.0,0.16805275529623032,
4,260820,mixed,MIXED,PNND,683,0.16559387743473053,0.0,0.16559387743473053,
4,260820,mixed,MIXED,PNND,684,0.12117102183401585,0.0,0.12117102183401585,
4,260820,mixed,MIXED,PNND,685,0.12069352716207504,0.0,0.12069352716207504,
4,260820,mixed,MIXED,PNND,686,0.13828988000750542,0.0,0.13828988000750542,
4,260820,mixed,MIXED,PNND,687,0.10817234218120575,0.0,0.10817234218120575,
4,260820,mixed,MIXED,PNND,688,0.11992619186639786,0.0,0.11992619186639786,
4,260820,mixed,MIXED,PNND,689,0.13682641834020615,0.0,0.13682641834020615,
4,260820,mixed,MIXED,PNND,690,0.12581372261047363,0.0,0.12581372261047363,
4,260820,mixed,MIXED,PNND,691,0.15006046369671822,0.0,0.15006046369671822,
4,260820,mixed,MIXED,PNND,692,0.14534931629896164,0.0,0.14534931629896164,
4,260820,mixed,MIXED,PNND,693,0.11506849527359009,0.0,0.11506849527359009,
4,260820,mixed,MIXED,PNND,694,0.1764155887067318,0.0,0.1764155887067318,
4,260820,mixed,MIXED,PNND,695,0.12511375546455383,0.0,0.12511375546455383,
4,260820,mixed,MIXED,PNND,696,0.14751912094652653,0.0,0.14751912094652653,
4,260820,mixed,MIXED,PNND,697,0.14811952784657478,0.0,0.14811952784657478,
4,260820,mixed,MIXED,PNND,698,0.14499074593186378,0.0,0.14499074593186378,
4,260820,mixed,MIXED,PNND,699,0.14907178282737732,0.0,0.14907178282737732,
4,260820,mixed,MIXED,PNND,700,0.1784372180700302,0.0,0.1784372180700302,
4,260820,mixed,MIXED,PNND,701,0.14943194761872292,0.0,0.14943194761872292,
4,260820,mixed,MIXED,PNND,702,0.11082576029002666,0.0,0.11082576029002666,
4,260820,mixed,MIXED,PNND,703,0.1503302864730358,0.0,0.1503302864730358,
4,260820,mixed,MIXED,PNND,704,0.15409846976399422,0.0,0.15409846976399422,
4,260820,mixed,MIXED,PNND,705,0.15689103305339813,0.0,0.15689103305339813,
4,260820,mixed,MIXED,PNND,706,0.131576269865036,0.0,0.131576269865036,
4,260820,mixed,MIXED,PNND,707,0.1466538906097412,0.0,0.1466538906097412,
4,260820,mixed,MIXED,PNND,708,0.12121405079960823,0.0,0.12121405079960823,
4,260820,mixed,MIXED,PNND,709,0.10647699050605297,0.0,0.10647699050605297,
4,260820,mixed,MIXED,PNND,710,0.13348371349275112,0.0,0.13348371349275112,
4,260820,mixed,MIXED,PNND,711,0.17007702589035034,0.0,0.17007702589035034,
4,260820,mixed,MIXED,PNND,712,0.12202069163322449,0.0,0.12202069163322449,
4,260820,mixed,MIXED,PNND,713,0.14754685014486313,0.0,0.14754685014486313,
4,260820,mixed,MIXED,PNND,714,0.12947744503617287,0.0,0.12947744503617287,
4,260820,mixed,MIXED,PNND,715,0.14305071718990803,0.0,0.14305071718990803,
4,260820,mixed,MIXED,PNND,716,0.11753434129059315,0.0,0.11753434129059315,
4,260820,mixed,MIXED,PNND,717,0.16317801177501678,0.0,0.16317801177501678,
4,260820,mixed,MIXED,PNND,718,0.12895363196730614,0.0,0.12895363196730614,
4,260820,mixed,MIXED,PNND,719,0.15441834181547165,0.0,0.15441834181547165,
4,260820,mixed,MIXED,PNND,720,0.13147256337106228,0.0,0.13147256337106228,
4,260820,mixed,MIXED,PNND,721,0.14656352624297142,0.0,0.14656352624297142,
4,260820,mixed,MIXED,PNND,722,0.12054397910833359,0.0,0.12054397910833359,
4,260820,mixed,MIXED,PNND,723,0.11811136826872826,0.0,0.11811136826872826,
4,260820,mixed,MIXED,PNND,724,0.12958259135484695,0.0,0.12958259135484695,
4,260820,mixed,MIXED,PNND,725,0.1482600998133421,0.0,0.1482600998133421,
4,260820,mixed,MIXED,PNND,726,0.1669846661388874,0.0,0.1669846661388874,
4,260820,mixed,MIXED,PNND,727,0.13078606501221657,0.0,0.13078606501221657,
4,260820,mixed,MIXED,PNND,728,0.13963482528924942,0.0,0.13963482528924942,
4,260820,mixed,MIXED,PNND,729,0.14559216052293777,0.0,0.14559216052293777,
4,260820,mixed,MIXED,PNND,730,0.13031998462975025,0.0,0.13031998462975025,
4,260820,mixed,MIXED,PNND,731,0.1254441700875759,0.0,0.1254441700875759,
4,260820,mixed,MIXED,PNND,732,0.11133520491421223,0.0,0.11133520491421223,
4,260820,mixed,MIXED,PNND,733,0.16297296062111855,0.0,0.16297296062111855,
4,260820,mixed,MIXED,PNND,734,0.14965582266449928,0.0,0.14965582266449928,
4,260820,mixed,MIXED,PNND,735,0.12632599100470543,0.0,0.12632599100470543,
4,260820,mixed,MIXED,PNND,736,0.16788964718580246,0.0,0.16788964718580246,
4,260820,mixed,MIXED,PNND,737,0.13026401959359646,0.0,0.13026401959359646,
4,260820,mixed,MIXED,PNND,738,0.16046486981213093,0.0,0.16046486981213093,
4,260820,mixed,MIXED,PNND,739,0.14630084671080112,0.0,0.14630084671080112,
4,260820,mixed,MIXED,PNND,740,0.14115600287914276,0.0,0.14115600287914276,
4,260820,mixed,MIXED,PNND,741,0.1417664960026741,0.0,0.1417664960026741,
4,260820,mixed,MIXED,PNND,742,0.1583095546811819,0.0,0.1583095546811819,
4,260820,mixed,MIXED,PNND,743,0.11880914308130741,0.0,0.11880914308130741,
4,260820,mixed,MIXED,PNND,744,0.14261130057275295,0.0,0.14261130057275295,
4,260820,mixed,MIXED,PNND,745,0.15759442746639252,0.0,0.15759442746639252,
4,260820,mixed,MIXED,PNND,746,0.13854151219129562,0.0,0.13854151219129562,
4,260820,mixed,MIXED,PNND,747,0.14336470514535904,0.0,0.14336470514535904,
4,260820,mixed,MIXED,PNND,748,0.14408345893025398,0.0,0.14408345893025398,
4,260820,mixed,MIXED,PNND,749,0.13583511114120483,0.0,0.13583511114120483,
4,260820,mixed,MIXED,PNND,750,0.14298065192997456,0.0,0.14298065192997456,
4,260820,mixed,MIXED,PNND,751,0.1342637501657009,0.0,0.1342637501657009,
4,260820,mixed,MIXED,PNND,752,0.13283934071660042,0.0,0.13283934071660042,
4,260820,mixed,MIXED,PNND,753,0.1406115274876356,0.0,0.1406115274876356,
4,260820,mixed,MIXED,PNND,754,0.14042384177446365,0.0,0.14042384177446365,
4,260820,mixed,MIXED,PNND,755,0.13885333761572838,0.0,0.13885333761572838,
4,260820,mixed,MIXED,PNND,756,0.1278839111328125,0.0,0.1278839111328125,
4,260820,mixed,MIXED,PNND,757,0.13210229761898518,0.0,0.13210229761898518,
4,260820,mixed,MIXED,PNND,758,0.13019916787743568,0.0,0.13019916787743568,
4,260820,mixed,MIXED,PNND,759,0.11171446740627289,0.0,0.11171446740627289,
4,260820,mixed,MIXED,PNND,760,0.1483440101146698,0.0,0.1483440101146698,
4,260820,mixed,MIXED,PNND,761,0.11384368501603603,0.0,0.11384368501603603,
4,260820,mixed,MIXED,PNND,762,0.13255297392606735,0.0,0.13255297392606735,
4,260820,mixed,MIXED,PNND,763,0.17403414472937584,0.0,0.17403414472937584,
4,260820,mixed,MIXED,PNND,764,0.12779786065220833,0.0,0.12779786065220833,
4,260820,mixed,MIXED,PNND,765,0.11146675981581211,0.0,0.11146675981581211,
4,260820,mixed,MIXED,PNND,766,0.11621469631791115,0.0,0.11621469631791115,
4,260820,mixed,MIXED,PNND,767,0.10425754263997078,0.0,0.10425754263997078,
4,260820,mixed,MIXED,PNND,768,0.1370148714631796,0.0,0.1370148714631796,
4,260820,mixed,MIXED,PNND,769,0.15617145597934723,0.0,0.15617145597934723,
4,260820,mixed,MIXED,PNND,770,0.13444283604621887,0.0,0.13444283604621887,
4,260820,mixed,MIXED,PNND,771,0.1541223507374525,0.0,0.1541223507374525,
4,260820,mixed,MIXED,PNND,772,0.11189522966742516,0.0,0.11189522966742516,
4,260820,mixed,MIXED,PNND,773,0.11644572392106056,0.0,0.11644572392106056,
4,260820,mixed,MIXED,PNND,774,0.13076987862586975,0.0,0.13076987862586975,
4,260820,mixed,MIXED,PNND,775,0.1419761572033167,0.0,0.1419761572033167,
4,260820,mixed,MIXED,PNND,776,0.1251731812953949,0.0,0.1251731812953949,
4,260820,mixed,MIXED,PNND,777,0.1558615192770958,0.0,0.1558615192770958,
4,260820,mixed,MIXED,PNND,778,0.15183088183403015,0.0,0.15183088183403015,
4,260820,mixed,MIXED,PNND,779,0.13463721610605717,0.0,0.13463721610605717,
4,260820,mixed,MIXED,PNND,780,0.12938462384045124,0.0,0.12938462384045124,
4,260820,mixed,MIXED,PNND,781,0.1143816988915205,0.0,0.1143816988915205,
4,260820,mixed,MIXED,PNND,782,0.12262901291251183,0.0,0.12262901291251183,
4,260820,mixed,MIXED,PNND,783,0.1188939493149519,0.0,0.1188939493149519,
4,260820,mixed,MIXED,PNND,784,0.16326818242669106,0.0,0.16326818242669106,
4,260820,mixed,MIXED,PNND,785,0.12456827610731125,0.0,0.12456827610731125,
4,260820,mixed,MIXED,PNND,786,0.12771616503596306,0.0,0.12771616503596306,
4,260820,mixed,MIXED,PNND,787,0.16731961071491241,0.0,0.16731961071491241,
4,260820,mixed,MIXED,PNND,788,0.11834285967051983,0.0,0.11834285967051983,
4,260820,mixed,MIXED,PNND,789,0.1282486990094185,0.0,0.1282486990094185,
4,260820,mixed,MIXED,PNND,790,0.11954025365412235,0.0,0.11954025365412235,
4,260820,mixed,MIXED,PNND,791,0.13186314702033997,0.0,0.13186314702033997,
4,260820,mixed,MIXED,PNND,792,0.126332251355052,0.0,0.126332251355052,
4,260820,mixed,MIXED,PNND,793,0.13793168030679226,0.0,0.13793168030679226,
4,260820,mixed,MIXED,PNND,794,0.14351308718323708,0.0,0.14351308718323708,
4,260820,mixed,MIXED,PNND,795,0.13984574750065804,0.0,0.13984574750065804,
4,260820,mixed,MIXED,PNND,796,0.1365583799779415,0.0,0.1365583799779415,
4,260820,mixed,MIXED,PNND,797,0.1370897050946951,0.0,0.1370897050946951,
4,260820,mixed,MIXED,PNND,798,0.13623226433992386,0.0,0.13623226433992386,
4,260820,mixed,MIXED,PNND,799,0.12588858418166637,0.0,0.12588858418166637,
4,260820,mixed,MIXED,PNND,800,0.1292516365647316,0.0,0.1292516365647316,-0.6320045274994854
4,260820,mixed,MIXED,PNND,801,0.15703129023313522,0.0,0.15703129023313522,
4,260820,mixed,MIXED,PNND,802,0.11967417597770691,0.0,0.11967417597770691,
4,260820,mixed,MIXED,PNND,803,0.1165917944163084,0.0,0.1165917944163084,
4,260820,mixed,MIXED,PNND,804,0.1600160226225853,0.0,0.1600160226225853,
4,260820,mixed,MIXED,PNND,805,0.11080536432564259,0.0,0.11080536432564259,
4,260820,mixed,MIXED,PNND,806,0.14850353822112083,0.0,0.14850353822112083,
4,260820,mixed,MIXED,PNND,807,0.1395072229206562,0.0,0.1395072229206562,
4,260820,mixed,MIXED,PNND,808,0.13285439275205135,0.0,0.13285439275205135,
4,260820,mixed,MIXED,PNND,809,0.15054604411125183,0.0,0.15054604411125183,
4,260820,mixed,MIXED,PNND,810,0.14892511628568172,0.0,0.14892511628568172,
4,260820,mixed,MIXED,PNND,811,0.1504683569073677,0.0,0.1504683569073677,
4,260820,mixed,MIXED,PNND,812,0.13939125277101994,0.0,0.13939125277101994,
4,260820,mixed,MIXED,PNND,813,0.14320509880781174,0.0,0.14320509880781174,
4,260820,mixed,MIXED,PNND,814,0.13995578326284885,0.0,0.13995578326284885,
4,260820,mixed,MIXED,PNND,815,0.13152188807725906,0.0,0.13152188807725906,
4,260820,mixed,MIXED,PNND,816,0.13325304351747036,0.0,0.13325304351747036,
4,260820,mixed,MIXED,PNND,817,0.1523415893316269,0.0,0.1523415893316269,
4,260820,mixed,MIXED,PNND,818,0.13934997282922268,0.0,0.13934997282922268,
4,260820,mixed,MIXED,PNND,819,0.14937708899378777,0.0,0.14937708899378777,
4,260820,mixed,MIXED,PNND,820,0.161941260099411,0.0,0.161941260099411,
4,260820,mixed,MIXED,PNND,821,0.16748524829745293,0.0,0.16748524829745293,
4,260820,mixed,MIXED,PNND,822,0.1645249892026186,0.0,0.1645249892026186,
4,260820,mixed,MIXED,PNND,823,0.14310704171657562,0.0,0.14310704171657562,
4,260820,mixed,MIXED,PNND,824,0.16962984204292297,0.0,0.16962984204292297,
4,260820,mixed,MIXED,PNND,825,0.14645865373313427,0.0,0.14645865373313427,
4,260820,mixed,MIXED,PNND,826,0.12448940239846706,0.0,0.12448940239846706,
4,260820,mixed,MIXED,PNND,827,0.15062211640179157,0.0,0.15062211640179157,
4,260820,mixed,MIXED,PNND,828,0.1395101211965084,0.0,0.1395101211965084,
4,260820,mixed,MIXED,PNND,829,0.12939532846212387,0.0,0.12939532846212387,
4,260820,mixed,MIXED,PNND,830,0.12318808771669865,0.0,0.12318808771669865,
4,260820,mixed,MIXED,PNND,831,0.151438657194376,0.0,0.151438657194376,
4,260820,mixed,MIXED,PNND,832,0.14623790606856346,0.0,0.14623790606856346,
4,260820,mixed,MIXED,PNND,833,0.10971111431717873,0.0,0.10971111431717873,
4,260820,mixed,MIXED,PNND,834,0.11008364707231522,0.0,0.11008364707231522,
4,260820,mixed,MIXED,PNND,835,0.15803366899490356,0.0,0.15803366899490356,
4,260820,mixed,MIXED,PNND,836,0.14081799238920212,0.0,0.14081799238920212,
4,260820,mixed,MIXED,PNND,837,0.12353501841425896,0.0,0.12353501841425896,
4,260820,mixed,MIXED,PNND,838,0.1482737846672535,0.0,0.1482737846672535,
4,260820,mixed,MIXED,PNND,839,0.13324801623821259,0.0,0.13324801623821259,
4,260820,mixed,MIXED,PNND,840,0.11226122826337814,0.0,0.11226122826337814,
4,260820,mixed,MIXED,PNND,841,0.13419926911592484,0.0,0.13419926911592484,
4,260820,mixed,MIXED,PNND,842,0.1341750118881464,0.0,0.1341750118881464,
4,260820,mixed,MIXED,PNND,843,0.1270689256489277,0.0,0.1270689256489277,
4,260820,mixed,MIXED,PNND,844,0.1307721585035324,0.0,0.1307721585035324,
4,260820,mixed,MIXED,PNND,845,0.13241724483668804,0.0,0.13241724483668804,
4,260820,mixed,MIXED,PNND,846,0.14703659899532795,0.0,0.14703659899532795,
4,260820,mixed,MIXED,PNND,847,0.1240859404206276,0.0,0.1240859404206276,
4,260820,mixed,MIXED,PNND,848,0.1355008129030466,0.0,0.1355008129030466,
4,260820,mixed,MIXED,PNND,849,0.13834788836538792,0.0,0.13834788836538792,
4,260820,mixed,MIXED,PNND,850,0.12599480524659157,0.0,0.12599480524659157,
4,260820,mixed,MIXED,PNND,851,0.11875233985483646,0.0,0.11875233985483646,
4,260820,mixed,MIXED,PNND,852,0.1575620472431183,0.0,0.1575620472431183,
4,260820,mixed,MIXED,PNND,853,0.14975151605904102,0.0,0.14975151605904102,
4,260820,mixed,MIXED,PNND,854,0.14809180609881878,0.0,0.14809180609881878,
4,260820,mixed,MIXED,PNND,855,0.1309551801532507,0.0,0.1309551801532507,
4,260820,mixed,MIXED,PNND,856,0.15287430956959724,0.0,0.15287430956959724,
4,260820,mixed,MIXED,PNND,857,0.13020504638552666,0.0,0.13020504638552666,
4,260820,mixed,MIXED,PNND,858,0.1422178540378809,0.0,0.1422178540378809,
4,260820,mixed,MIXED,PNND,859,0.17176172137260437,0.0,0.17176172137260437,
4,260820,mixed,MIXED,PNND,860,0.13676896877586842,0.0,0.13676896877586842,
4,260820,mixed,MIXED,PNND,861,0.13316022418439388,0.0,0.13316022418439388,
4,260820,mixed,MIXED,PNND,862,0.1454179771244526,0.0,0.1454179771244526,
4,260820,mixed,MIXED,PNND,863,0.15799442678689957,0.0,0.15799442678689957,
4,260820,mixed,MIXED,PNND,864,0.15338101983070374,0.0,0.15338101983070374,
4,260820,mixed,MIXED,PNND,865,0.15292860940098763,0.0,0.15292860940098763,
4,260820,mixed,MIXED,PNND,866,0.1271143201738596,0.0,0.1271143201738596,
4,260820,mixed,MIXED,PNND,867,0.14519701525568962,0.0,0.14519701525568962,
4,260820,mixed,MIXED,PNND,868,0.1548100057989359,0.0,0.1548100057989359,
4,260820,mixed,MIXED,PNND,869,0.15068691782653332,0.0,0.15068691782653332,
4,260820,mixed,MIXED,PNND,870,0.13295571133494377,0.0,0.13295571133494377,
4,260820,mixed,MIXED,PNND,871,0.15136350505053997,0.0,0.15136350505053997,
4,260820,mixed,MIXED,PNND,872,0.12722185626626015,0.0,0.12722185626626015,
4,260820,mixed,MIXED,PNND,873,0.15908755734562874,0.0,0.15908755734562874,
4,260820,mixed,MIXED,PNND,874,0.15485752560198307,0.0,0.15485752560198307,
4,260820,mixed,MIXED,PNND,875,0.1566414274275303,0.0,0.1566414274275303,
4,260820,mixed,MIXED,PNND,876,0.13651311583817005,0.0,0.13651311583817005,
4,260820,mixed,MIXED,PNND,877,0.13626513443887234,0.0,0.13626513443887234,
4,260820,mixed,MIXED,PNND,878,0.1850244514644146,0.0,0.1850244514644146,
4,260820,mixed,MIXED,PNND,879,0.13556635566055775,0.0,0.13556635566055775,
4,260820,mixed,MIXED,PNND,880,0.12696404568850994,0.0,0.12696404568850994,
4,260820,mixed,MIXED,PNND,881,0.14501128531992435,0.0,0.14501128531992435,
4,260820,mixed,MIXED,PNND,882,0.1331277024000883,0.0,0.1331277024000883,
4,260820,mixed,MIXED,PNND,883,0.14275838248431683,0.0,0.14275838248431683,
4,260820,mixed,MIXED,PNND,884,0.1441672518849373,0.0,0.1441672518849373,
4,260820,mixed,MIXED,PNND,885,0.169202983379364,0.0,0.169202983379364,
4,260820,mixed,MIXED,PNND,886,0.12601347267627716,0.0,0.12601347267627716,
4,260820,mixed,MIXED,PNND,887,0.15623969584703445,0.0,0.15623969584703445,
4,260820,mixed,MIXED,PNND,888,0.14609968475997448,0.0,0.14609968475997448,
4,260820,mixed,MIXED,PNND,889,0.13460409455001354,0.0,0.13460409455001354,
4,260820,mixed,MIXED,PNND,890,0.1394114475697279,0.0,0.1394114475697279,
4,260820,mixed,MIXED,PNND,891,0.15331443026661873,0.0,0.15331443026661873,
4,260820,mixed,MIXED,PNND,892,0.1411789059638977,0.0,0.1411789059638977,
4,260820,mixed,MIXED,PNND,893,0.14145921543240547,0.0,0.14145921543240547,
4,260820,mixed,MIXED,PNND,894,0.11933358199894428,0.0,0.11933358199894428,
4,260820,mixed,MIXED,PNND,895,0.13265039771795273,0.0,0.13265039771795273,
4,260820,mixed,MIXED,PNND,896,0.15140364691615105,0.0,0.15140364691615105,
4,260820,mixed,MIXED,PNND,897,0.132688133046031,0.0,0.132688133046031,
4,260820,mixed,MIXED,PNND,898,0.1286483146250248,0.0,0.1286483146250248,
4,260820,mixed,MIXED,PNND,899,0.15056027472019196,0.0,0.15056027472019196,
4,260820,mixed,MIXED,PNND,900,0.1511177383363247,0.0,0.1511177383363247,
4,260820,mixed,MIXED,PNND,901,0.14424189552664757,0.0,0.14424189552664757,
4,260820,mixed,MIXED,PNND,902,0.12693650647997856,0.0,0.12693650647997856,
4,260820,mixed,MIXED,PNND,903,0.10955289751291275,0.0,0.10955289751291275,
4,260820,mixed,MIXED,PNND,904,0.13410846143960953,0.0,0.13410846143960953,
4,260820,mixed,MIXED,PNND,905,0.1034423504024744,0.0,0.1034423504024744,
4,260820,mixed,MIXED,PNND,906,0.13574654422700405,0.0,0.13574654422700405,
4,260820,mixed,MIXED,PNND,907,0.1626853384077549,0.0,0.1626853384077549,
4,260820,mixed,MIXED,PNND,908,0.15120854414999485,0.0,0.15120854414999485,
4,260820,mixed,MIXED,PNND,909,0.10872428119182587,0.0,0.10872428119182587,
4,260820,mixed,MIXED,PNND,910,0.13919160515069962,0.0,0.13919160515069962,
4,260820,mixed,MIXED,PNND,911,0.14097184501588345,0.0,0.14097184501588345,
4,260820,mixed,MIXED,PNND,912,0.11340190283954144,0.0,0.11340190283954144,
4,260820,mixed,MIXED,PNND,913,0.11354588903486729,0.0,0.11354588903486729,
4,260820,mixed,MIXED,PNND,914,0.11182715557515621,0.0,0.11182715557515621,
4,260820,mixed,MIXED,PNND,915,0.12032699584960938,0.0,0.12032699584960938,
4,260820,mixed,MIXED,PNND,916,0.1212205458432436,0.0,0.1212205458432436,
4,260820,mixed,MIXED,PNND,917,0.12234327755868435,0.0,0.12234327755868435,
4,260820,mixed,MIXED,PNND,918,0.17385670728981495,0.0,0.17385670728981495,
4,260820,mixed,MIXED,PNND,919,0.18131015077233315,0.0,0.18131015077233315,
4,260820,mixed,MIXED,PNND,920,0.1410345397889614,0.0,0.1410345397889614,
4,260820,mixed,MIXED,PNND,921,0.13891777396202087,0.0,0.13891777396202087,
4,260820,mixed,MIXED,PNND,922,0.11706339940428734,0.0,0.11706339940428734,
4,260820,mixed,MIXED,PNND,923,0.13365141488611698,0.0,0.13365141488611698,
4,260820,mixed,MIXED,PNND,924,0.11417626217007637,0.0,0.11417626217007637,
4,260820,mixed,MIXED,PNND,925,0.12855619564652443,0.0,0.12855619564652443,
4,260820,mixed,MIXED,PNND,926,0.1316794417798519,0.0,0.1316794417798519,
4,260820,mixed,MIXED,PNND,927,0.14774473942816257,0.0,0.14774473942816257,
4,260820,mixed,MIXED,PNND,928,0.12623655423521996,0.0,0.12623655423521996,
4,260820,mixed,MIXED,PNND,929,0.12406692281365395,0.0,0.12406692281365395,
4,260820,mixed,MIXED,PNND,930,0.13515692204236984,0.0,0.13515692204236984,
4,260820,mixed,MIXED,PNND,931,0.1367527712136507,0.0,0.1367527712136507,
4,260820,mixed,MIXED,PNND,932,0.16295851953327656,0.0,0.16295851953327656,
4,260820,mixed,MIXED,PNND,933,0.131316926330328,0.0,0.131316926330328,
4,260820,mixed,MIXED,PNND,934,0.1534214597195387,0.0,0.1534214597195387,
4,260820,mixed,MIXED,PNND,935,0.10000860318541527,0.0,0.10000860318541527,
4,260820,mixed,MIXED,PNND,936,0.14202642440795898,0.0,0.14202642440795898,
4,260820,mixed,MIXED,PNND,937,0.1460228618234396,0.0,0.1460228618234396,
4,260820,mixed,MIXED,PNND,938,0.10795312933623791,0.0,0.10795312933623791,
4,260820,mixed,MIXED,PNND,939,0.1377057544887066,0.0,0.1377057544887066,
4,260820,mixed,MIXED,PNND,940,0.17288630083203316,0.0,0.17288630083203316,
4,260820,mixed,MIXED,PNND,941,0.14163649827241898,0.0,0.14163649827241898,
4,260820,mixed,MIXED,PNND,942,0.12625052966177464,0.0,0.12625052966177464,
4,260820,mixed,MIXED,PNND,943,0.1378457359969616,0.0,0.1378457359969616,
4,260820,mixed,MIXED,PNND,944,0.1253138016909361,0.0,0.1253138016909361,
4,260820,mixed,MIXED,PNND,945,0.13248533010482788,0.0,0.13248533010482788,
4,260820,mixed,MIXED,PNND,946,0.1348691936582327,0.0,0.1348691936582327,
4,260820,mixed,MIXED,PNND,947,0.14261670038104057,0.0,0.14261670038104057,
4,260820,mixed,MIXED,PNND,948,0.13999082893133163,0.0,0.13999082893133163,
4,260820,mixed,MIXED,PNND,949,0.15188380144536495,0.0,0.15188380144536495,
4,260820,mixed,MIXED,PNND,950,0.15001517161726952,0.0,0.15001517161726952,
4,260820,mixed,MIXED,PNND,951,0.11052757129073143,0.0,0.11052757129073143,
4,260820,mixed,MIXED,PNND,952,0.11555743589997292,0.0,0.11555743589997292,
4,260820,mixed,MIXED,PNND,953,0.11959848180413246,0.0,0.11959848180413246,
4,260820,mixed,MIXED,PNND,954,0.14533819258213043,0.0,0.14533819258213043,
4,260820,mixed,MIXED,PNND,955,0.15891626849770546,0.0,0.15891626849770546,
4,260820,mixed,MIXED,PNND,956,0.14330574870109558,0.0,0.14330574870109558,
4,260820,mixed,MIXED,PNND,957,0.12807727977633476,0.0,0.12807727977633476,
4,260820,mixed,MIXED,PNND,958,0.15012897923588753,0.0,0.15012897923588753,
4,260820,mixed,MIXED,PNND,959,0.14063092693686485,0.0,0.14063092693686485,
4,260820,mixed,MIXED,PNND,960,0.1384449303150177,0.0,0.1384449303150177,
4,260820,mixed,MIXED,PNND,961,0.1592572219669819,0.0,0.1592572219669819,
4,260820,mixed,MIXED,PNND,962,0.14665019512176514,0.0,0.14665019512176514,
4,260820,mixed,MIXED,PNND,963,0.1351864505559206,0.0,0.1351864505559206,
4,260820,mixed,MIXED,PNND,964,0.1527622751891613,0.0,0.1527622751891613,
4,260820,mixed,MIXED,PNND,965,0.1348498947918415,0.0,0.1348498947918415,
4,260820,mixed,MIXED,PNND,966,0.15260577388107777,0.0,0.15260577388107777,
4,260820,mixed,MIXED,PNND,967,0.1314300149679184,0.0,0.1314300149679184,
4,260820,mixed,MIXED,PNND,968,0.1350061371922493,0.0,0.1350061371922493,
4,260820,mixed,MIXED,PNND,969,0.14458101242780685,0.0,0.14458101242780685,
4,260820,mixed,MIXED,PNND,970,0.09038931131362915,0.0,0.09038931131362915,
4,260820,mixed,MIXED,PNND,971,0.14338153414428234,0.0,0.14338153414428234,
4,260820,mixed,MIXED,PNND,972,0.14329764619469643,0.0,0.14329764619469643,
4,260820,mixed,MIXED,PNND,973,0.1292919274419546,0.0,0.1292919274419546,
4,260820,mixed,MIXED,PNND,974,0.15126892179250717,0.0,0.15126892179250717,
4,260820,mixed,MIXED,PNND,975,0.11741744540631771,0.0,0.11741744540631771,
4,260820,mixed,MIXED,PNND,976,0.11958730779588223,0.0,0.11958730779588223,
4,260820,mixed,MIXED,PNND,977,0.1315002366900444,0.0,0.1315002366900444,
4,260820,mixed,MIXED,PNND,978,0.1578935608267784,0.0,0.1578935608267784,
4,260820,mixed,MIXED,PNND,979,0.15615438669919968,0.0,0.15615438669919968,
4,260820,mixed,MIXED,PNND,980,0.11922149732708931,0.0,0.11922149732708931,
4,260820,mixed,MIXED,PNND,981,0.17647746205329895,0.0,0.17647746205329895,
4,260820,mixed,MIXED,PNND,982,0.14844820834696293,0.0,0.14844820834696293,
4,260820,mixed,MIXED,PNND,983,0.1332266964018345,0.0,0.1332266964018345,
4,260820,mixed,MIXED,PNND,984,0.1533199157565832,0.0,0.1533199157565832,
4,260820,mixed,MIXED,PNND,985,0.13187300600111485,0.0,0.13187300600111485,
4,260820,mixed,MIXED,PNND,986,0.11478809639811516,0.0,0.11478809639811516,
4,260820,mixed,MIXED,PNND,987,0.12628178671002388,0.0,0.12628178671002388,
4,260820,mixed,MIXED,PNND,988,0.11837492696940899,0.0,0.11837492696940899,
4,260820,mixed,MIXED,PNND,989,0.09698501974344254,0.0,0.09698501974344254,
4,260820,mixed,MIXED,PNND,990,0.1307840794324875,0.0,0.1307840794324875,
4,260820,mixed,MIXED,PNND,991,0.12280258163809776,0.0,0.12280258163809776,
4,260820,mixed,MIXED,PNND,992,0.1304009836167097,0.0,0.1304009836167097,
4,260820,mixed,MIXED,PNND,993,0.12826036848127842,0.0,0.12826036848127842,
4,260820,mixed,MIXED,PNND,994,0.14680200442671776,0.0,0.14680200442671776,
4,260820,mixed,MIXED,PNND,995,0.11274277418851852,0.0,0.11274277418851852,
4,260820,mixed,MIXED,PNND,996,0.10403409041464329,0.0,0.10403409041464329,
4,260820,mixed,MIXED,PNND,997,0.14426013082265854,0.0,0.14426013082265854,
4,260820,mixed,MIXED,PNND,998,0.14993657171726227,0.0,0.14993657171726227,
4,260820,mixed,MIXED,PNND,999,0.10616240464150906,0.0,0.10616240464150906,
4,260820,mixed,MIXED,PNND,1000,0.1694801039993763,0.0,0.1694801039993763,-0.6572523127341349
4,260820,mixed,MIXED,PNND,1001,0.12225978821516037,0.0,0.12225978821516037,
4,260820,mixed,MIXED,PNND,1002,0.13427288085222244,0.0,0.13427288085222244,
4,260820,mixed,MIXED,PNND,1003,0.11837272718548775,0.0,0.11837272718548775,
4,260820,mixed,MIXED,PNND,1004,0.12716602720320225,0.0,0.12716602720320225,
4,260820,mixed,MIXED,PNND,1005,0.1211351752281189,0.0,0.1211351752281189,
4,260820,mixed,MIXED,PNND,1006,0.13944858126342297,0.0,0.13944858126342297,
4,260820,mixed,MIXED,PNND,1007,0.1144795473664999,0.0,0.1144795473664999,
4,260820,mixed,MIXED,PNND,1008,0.1304897964000702,0.0,0.1304897964000702,
4,260820,mixed,MIXED,PNND,1009,0.11917934939265251,0.0,0.11917934939265251,
4,260820,mixed,MIXED,PNND,1010,0.14024349115788937,0.0,0.14024349115788937,
4,260820,mixed,MIXED,PNND,1011,0.15885807387530804,0.0,0.15885807387530804,
4,260820,mixed,MIXED,PNND,1012,0.1158243864774704,0.0,0.1158243864774704,
4,260820,mixed,MIXED,PNND,1013,0.12029060907661915,0.0,0.12029060907661915,
4,260820,mixed,MIXED,PNND,1014,0.11807720735669136,0.0,0.11807720735669136,
4,260820,mixed,MIXED,PNND,1015,0.12370177358388901,0.0,0.12370177358388901,
4,260820,mixed,MIXED,PNND,1016,0.0987477358430624,0.0,0.0987477358430624,
4,260820,mixed,MIXED,PNND,1017,0.141360342502594,0.0,0.141360342502594,
4,260820,mixed,MIXED,PNND,1018,0.1337825283408165,0.0,0.1337825283408165,
4,260820,mixed,MIXED,PNND,1019,0.1475200243294239,0.0,0.1475200243294239,
4,260820,mixed,MIXED,PNND,1020,0.13933148235082626,0.0,0.13933148235082626,
4,260820,mixed,MIXED,PNND,1021,0.1410837583243847,0.0,0.1410837583243847,
4,260820,mixed,MIXED,PNND,1022,0.15729498118162155,0.0,0.15729498118162155,
4,260820,mixed,MIXED,PNND,1023,0.12480856664478779,0.0,0.12480856664478779,
4,260820,mixed,MIXED,PNND,1024,0.15228567272424698,0.0,0.15228567272424698,
4,260820,mixed,MIXED,PNND,1025,0.14316270500421524,0.0,0.14316270500421524,
4,260820,mixed,MIXED,PNND,1026,0.12085862457752228,0.0,0.12085862457752228,
4,260820,mixed,MIXED,PNND,1027,0.13926615193486214,0.0,0.13926615193486214,
4,260820,mixed,MIXED,PNND,1028,0.14526412449777126,0.0,0.14526412449777126,
4,260820,mixed,MIXED,PNND,1029,0.14884355664253235,0.0,0.14884355664253235,
4,260820,mixed,MIXED,PNND,1030,0.12187349423766136,0.0,0.12187349423766136,
4,260820,mixed,MIXED,PNND,1031,0.1061320062726736,0.0,0.1061320062726736,
4,260820,mixed,MIXED,PNND,1032,0.1305908039212227,0.0,0.1305908039212227,
4,260820,mixed,MIXED,PNND,1033,0.11139267310500145,0.0,0.11139267310500145,
4,260820,mixed,MIXED,PNND,1034,0.09424282610416412,0.0,0.09424282610416412,
4,260820,mixed,MIXED,PNND,1035,0.12198310531675816,0.0,0.12198310531675816,
4,260820,mixed,MIXED,PNND,1036,0.1528315320611,0.0,0.1528315320611,
4,260820,mixed,MIXED,PNND,1037,0.09260222874581814,0.0,0.09260222874581814,
4,260820,mixed,MIXED,PNND,1038,0.10583090595901012,0.0,0.10583090595901012,
4,260820,mixed,MIXED,PNND,1039,0.13280869647860527,0.0,0.13280869647860527,
4,260820,mixed,MIXED,PNND,1040,0.12935125268995762,0.0,0.12935125268995762,
4,260820,mixed,MIXED,PNND,1041,0.11373292468488216,0.0,0.11373292468488216,
4,260820,mixed,MIXED,PNND,1042,0.12098626978695393,0.0,0.12098626978695393,
4,260820,mixed,MIXED,PNND,1043,0.13856501132249832,0.0,0.13856501132249832,
4,260820,mixed,MIXED,PNND,1044,0.12774885073304176,0.0,0.12774885073304176,
4,260820,mixed,MIXED,PNND,1045,0.11266237124800682,0.0,0.11266237124800682,
4,260820,mixed,MIXED,PNND,1046,0.12363889813423157,0.0,0.12363889813423157,
4,260820,mixed,MIXED,PNND,1047,0.1620338372886181,0.0,0.1620338372886181,
4,260820,mixed,MIXED,PNND,1048,0.15533029474318027,0.0,0.15533029474318027,
4,260820,mixed,MIXED,PNND,1049,0.09771140664815903,0.0,0.09771140664815903,
4,260820,mixed,MIXED,PNND,1050,0.10607293620705605,0.0,0.10607293620705605,
4,260820,mixed,MIXED,PNND,1051,0.15069834515452385,0.0,0.15069834515452385,
4,260820,mixed,MIXED,PNND,1052,0.13412431813776493,0.0,0.13412431813776493,
4,260820,mixed,MIXED,PNND,1053,0.12452693283557892,0.0,0.12452693283557892,
4,260820,mixed,MIXED,PNND,1054,0.14325059205293655,0.0,0.14325059205293655,
4,260820,mixed,MIXED,PNND,1055,0.12303883768618107,0.0,0.12303883768618107,
4,260820,mixed,MIXED,PNND,1056,0.12960494309663773,0.0,0.12960494309663773,
4,260820,mixed,MIXED,PNND,1057,0.134897505864501,0.0,0.134897505864501,
4,260820,mixed,MIXED,PNND,1058,0.1318681724369526,0.0,0.1318681724369526,
4,260820,mixed,MIXED,PNND,1059,0.14582688733935356,0.0,0.14582688733935356,
4,260820,mixed,MIXED,PNND,1060,0.12170051224529743,0.0,0.12170051224529743,
4,260820,mixed,MIXED,PNND,1061,0.12863369658589363,0.0,0.12863369658589363,
4,260820,mixed,MIXED,PNND,1062,0.12415753863751888,0.0,0.12415753863751888,
4,260820,mixed,MIXED,PNND,1063,0.1134470421820879,0.0,0.1134470421820879,
4,260820,mixed,MIXED,PNND,1064,0.09814940765500069,0.0,0.09814940765500069,
4,260820,mixed,MIXED,PNND,1065,0.11576629802584648,0.0,0.11576629802584648,
4,260820,mixed,MIXED,PNND,1066,0.12565538845956326,0.0,0.12565538845956326,
4,260820,mixed,MIXED,PNND,1067,0.13267051056027412,0.0,0.13267051056027412,
4,260820,mixed,MIXED,PNND,1068,0.14556989260017872,0.0,0.14556989260017872,
4,260820,mixed,MIXED,PNND,1069,0.12513954937458038,0.0,0.12513954937458038,
4,260820,mixed,MIXED,PNND,1070,0.08861388266086578,0.0,0.08861388266086578,
4,260820,mixed,MIXED,PNND,1071,0.10895680077373981,0.0,0.10895680077373981,
4,260820,mixed,MIXED,PNND,1072,0.14310075342655182,0.0,0.14310075342655182,
4,260820,mixed,MIXED,PNND,1073,0.10427196696400642,0.0,0.10427196696400642,
4,260820,mixed,MIXED,PNND,1074,0.13366907089948654,0.0,0.13366907089948654,
4,260820,mixed,MIXED,PNND,1075,0.1741063967347145,0.0,0.1741063967347145,
4,260820,mixed,MIXED,PNND,1076,0.1365223340690136,0.0,0.1365223340690136,
4,260820,mixed,MIXED,PNND,1077,0.1220150776207447,0.0,0.1220150776207447,
4,260820,mixed,MIXED,PNND,1078,0.13728338479995728,0.0,0.13728338479995728,
4,260820,mixed,MIXED,PNND,1079,0.12040500715374947,0.0,0.12040500715374947,
4,260820,mixed,MIXED,PNND,1080,0.144084008410573,0.0,0.144084008410573,
4,260820,mixed,MIXED,PNND,1081,0.09122260101139545,0.0,0.09122260101139545,
4,260820,mixed,MIXED,PNND,1082,0.09697221033275127,0.0,0.09697221033275127,
4,260820,mixed,MIXED,PNND,1083,0.1118787843734026,0.0,0.1118787843734026,
4,260820,mixed,MIXED,PNND,1084,0.10330946743488312,0.0,0.10330946743488312,
4,260820,mixed,MIXED,PNND,1085,0.14915050938725471,0.0,0.14915050938725471,
4,260820,mixed,MIXED,PNND,1086,0.11457868292927742,0.0,0.11457868292927742,
4,260820,mixed,MIXED,PNND,1087,0.12913811206817627,0.0,0.12913811206817627,
4,260820,mixed,MIXED,PNND,1088,0.137040913105011,0.0,0.137040913105011,
4,260820,mixed,MIXED,PNND,1089,0.12364702671766281,0.0,0.12364702671766281,
4,260820,mixed,MIXED,PNND,1090,0.1221533827483654,0.0,0.1221533827483654,
4,260820,mixed,MIXED,PNND,1091,0.11956849880516529,0.0,0.11956849880516529,
4,260820,mixed,MIXED,PNND,1092,0.13611179031431675,0.0,0.13611179031431675,
4,260820,mixed,MIXED,PNND,1093,0.13598929345607758,0.0,0.13598929345607758,
4,260820,mixed,MIXED,PNND,1094,0.15274611115455627,0.0,0.15274611115455627,
4,260820,mixed,MIXED,PNND,1095,0.12208456173539162,0.0,0.12208456173539162,
4,260820,mixed,MIXED,PNND,1096,0.13263199850916862,0.0,0.13263199850916862,
4,260820,mixed,MIXED,PNND,1097,0.12145542167127132,0.0,0.12145542167127132,
4,260820,mixed,MIXED,PNND,1098,0.15314780734479427,0.0,0.15314780734479427,
4,260820,mixed,MIXED,PNND,1099,0.12293055653572083,0.0,0.12293055653572083,
4,260820,mixed,MIXED,PNND,1100,0.16515972465276718,0.0,0.16515972465276718,
4,260820,mixed,MIXED,PNND,1101,0.1247096098959446,0.0,0.1247096098959446,
4,260820,mixed,MIXED,PNND,1102,0.14155752398073673,0.0,0.14155752398073673,
4,260820,mixed,MIXED,PNND,1103,0.13018109276890755,0.0,0.13018109276890755,
4,260820,mixed,MIXED,PNND,1104,0.12000895477831364,0.0,0.12000895477831364,
4,260820,mixed,MIXED,PNND,1105,0.1278965100646019,0.0,0.1278965100646019,
4,260820,mixed,MIXED,PNND,1106,0.0906465258449316,0.0,0.0906465258449316,
4,260820,mixed,MIXED,PNND,1107,0.1412662398070097,0.0,0.1412662398070097,
4,260820,mixed,MIXED,PNND,1108,0.12214683927595615,0.0,0.12214683927595615,
4,260820,mixed,MIXED,PNND,1109,0.09484594687819481,0.0,0.09484594687819481,
4,260820,mixed,MIXED,PNND,1110,0.13178738579154015,0.0,0.13178738579154015,
4,260820,mixed,MIXED,PNND,1111,0.1204617265611887,0.0,0.1204617265611887,
4,260820,mixed,MIXED,PNND,1112,0.10422484204173088,0.0,0.10422484204173088,
4,260820,mixed,MIXED,PNND,1113,0.10809442214667797,0.0,0.10809442214667797,
4,260820,mixed,MIXED,PNND,1114,0.1357666403055191,0.0,0.1357666403055191,
4,260820,mixed,MIXED,PNND,1115,0.12828882038593292,0.0,0.12828882038593292,
4,260820,mixed,MIXED,PNND,1116,0.1528613269329071,0.0,0.1528613269329071,
4,260820,mixed,MIXED,PNND,1117,0.1317361183464527,0.0,0.1317361183464527,
4,260820,mixed,MIXED,PNND,1118,0.11952926032245159,0.0,0.11952926032245159,
4,260820,mixed,MIXED,PNND,1119,0.13339221104979515,0.0,0.13339221104979515,
4,260820,mixed,MIXED,PNND,1120,0.12276237457990646,0.0,0.12276237457990646,
4,260820,mixed,MIXED,PNND,1121,0.13102799095213413,0.0,0.13102799095213413,
4,260820,mixed,MIXED,PNND,1122,0.11208928376436234,0.0,0.11208928376436234,
4,260820,mixed,MIXED,PNND,1123,0.09650362841784954,0.0,0.09650362841784954,
4,260820,mixed,MIXED,PNND,1124,0.10600181668996811,0.0,0.10600181668996811,
4,260820,mixed,MIXED,PNND,1125,0.10759268328547478,0.0,0.10759268328547478,
4,260820,mixed,MIXED,PNND,1126,0.1133581604808569,0.0,0.1133581604808569,
4,260820,mixed,MIXED,PNND,1127,0.1274412740021944,0.0,0.1274412740021944,
4,260820,mixed,MIXED,PNND,1128,0.15729335509240627,0.0,0.15729335509240627,
4,260820,mixed,MIXED,PNND,1129,0.11031700670719147,0.0,0.11031700670719147,
4,260820,mixed,MIXED,PNND,1130,0.11604513600468636,0.0,0.11604513600468636,
4,260820,mixed,MIXED,PNND,1131,0.11358075588941574,0.0,0.11358075588941574,
4,260820,mixed,MIXED,PNND,1132,0.16763541661202908,0.0,0.16763541661202908,
4,260820,mixed,MIXED,PNND,1133,0.11880304105579853,0.0,0.11880304105579853,
4,260820,mixed,MIXED,PNND,1134,0.13209031149744987,0.0,0.13209031149744987,
4,260820,mixed,MIXED,PNND,1135,0.09919142723083496,0.0,0.09919142723083496,
4,260820,mixed,MIXED,PNND,1136,0.13161583244800568,0.0,0.13161583244800568,
4,260820,mixed,MIXED,PNND,1137,0.14364915154874325,0.0,0.14364915154874325,
4,260820,mixed,MIXED,PNND,1138,0.14060455560684204,0.0,0.14060455560684204,
4,260820,mixed,MIXED,PNND,1139,0.12230758741497993,0.0,0.12230758741497993,
4,260820,mixed,MIXED,PNND,1140,0.08685930632054806,0.0,0.08685930632054806,
4,260820,mixed,MIXED,PNND,1141,0.1534687653183937,0.0,0.1534687653183937,
4,260820,mixed,MIXED,PNND,1142,0.12938321754336357,0.0,0.12938321754336357,
4,260820,mixed,MIXED,PNND,1143,0.13551032356917858,0.0,0.13551032356917858,
4,260820,mixed,MIXED,PNND,1144,0.12674813903868198,0.0,0.12674813903868198,
4,260820,mixed,MIXED,PNND,1145,0.13414549827575684,0.0,0.13414549827575684,
4,260820,mixed,MIXED,PNND,1146,0.11409601755440235,0.0,0.11409601755440235,
4,260820,mixed,MIXED,PNND,1147,0.1260268222540617,0.0,0.1260268222540617,
4,260820,mixed,MIXED,PNND,1148,0.16076787188649178,0.0,0.16076787188649178,
4,260820,mixed,MIXED,PNND,1149,0.11853551492094994,0.0,0.11853551492094994,
4,260820,mixed,MIXED,PNND,1150,0.10039447247982025,0.0,0.10039447247982025,
4,260820,mixed,MIXED,PNND,1151,0.14906964264810085,0.0,0.14906964264810085,
4,260820,mixed,MIXED,PNND,1152,0.13076574727892876,0.0,0.13076574727892876,
4,260820,mixed,MIXED,PNND,1153,0.16729867085814476,0.0,0.16729867085814476,
4,260820,mixed,MIXED,PNND,1154,0.10123256780207157,0.0,0.10123256780207157,
4,260820,mixed,MIXED,PNND,1155,0.14435437694191933,0.0,0.14435437694191933,
4,260820,mixed,MIXED,PNND,1156,0.10151298716664314,0.0,0.10151298716664314,
4,260820,mixed,MIXED,PNND,1157,0.1250784508883953,0.0,0.1250784508883953,
4,260820,mixed,MIXED,PNND,1158,0.10078709200024605,0.0,0.10078709200024605,
4,260820,mixed,MIXED,PNND,1159,0.15291300788521767,0.0,0.15291300788521767,
4,260820,mixed,MIXED,PNND,1160,0.10944832488894463,0.0,0.10944832488894463,
4,260820,mixed,MIXED,PNND,1161,0.11023153364658356,0.0,0.11023153364658356,
4,260820,mixed,MIXED,PNND,1162,0.11709733679890633,0.0,0.11709733679890633,
4,260820,mixed,MIXED,PNND,1163,0.11235138773918152,0.0,0.11235138773918152,
4,260820,mixed,MIXED,PNND,1164,0.1363317258656025,0.0,0.1363317258656025,
4,260820,mixed,MIXED,PNND,1165,0.13746333867311478,0.0,0.13746333867311478,
4,260820,mixed,MIXED,PNND,1166,0.12827759236097336,0.0,0.12827759236097336,
4,260820,mixed,MIXED,PNND,1167,0.15966388583183289,0.0,0.15966388583183289,
4,260820,mixed,MIXED,PNND,1168,0.13026808016002178,0.0,0.13026808016002178,
4,260820,mixed,MIXED,PNND,1169,0.12994282320141792,0.0,0.12994282320141792,
4,260820,mixed,MIXED,PNND,1170,0.12662623263895512,0.0,0.12662623263895512,
4,260820,mixed,MIXED,PNND,1171,0.12536120973527431,0.0,0.12536120973527431,
4,260820,mixed,MIXED,PNND,1172,0.13715698570013046,0.0,0.13715698570013046,
4,260820,mixed,MIXED,PNND,1173,0.12882991321384907,0.0,0.12882991321384907,
4,260820,mixed,MIXED,PNND,1174,0.15633694641292095,0.0,0.15633694641292095,
4,260820,mixed,MIXED,PNND,1175,0.15051299333572388,0.0,0.15051299333572388,
4,260820,mixed,MIXED,PNND,1176,0.16470558382570744,0.0,0.16470558382570744,
4,260820,mixed,MIXED,PNND,1177,0.12856822833418846,0.0,0.12856822833418846,
4,260820,mixed,MIXED,PNND,1178,0.1488769594579935,0.0,0.1488769594579935,
4,260820,mixed,MIXED,PNND,1179,0.134134691208601,0.0,0.134134691208601,
4,260820,mixed,MIXED,PNND,1180,0.10752812400460243,0.0,0.10752812400460243,
4,260820,mixed,MIXED,PNND,1181,0.14035537838935852,0.0,0.14035537838935852,
4,260820,mixed,MIXED,PNND,1182,0.12022669613361359,0.0,0.12022669613361359,
4,260820,mixed,MIXED,PNND,1183,0.13265826553106308,0.0,0.13265826553106308,
4,260820,mixed,MIXED,PNND,1184,0.08585541695356369,0.0,0.08585541695356369,
4,260820,mixed,MIXED,PNND,1185,0.13558168709278107,0.0,0.13558168709278107,
4,260820,mixed,MIXED,PNND,1186,0.0994020588696003,0.0,0.0994020588696003,
4,260820,mixed,MIXED,PNND,1187,0.1500219777226448,0.0,0.1500219777226448,
4,260820,mixed,MIXED,PNND,1188,0.12177258729934692,0.0,0.12177258729934692,
4,260820,mixed,MIXED,PNND,1189,0.09984743781387806,0.0,0.09984743781387806,
4,260820,mixed,MIXED,PNND,1190,0.12274887040257454,0.0,0.12274887040257454,
4,260820,mixed,MIXED,PNND,1191,0.11862799152731895,0.0,0.11862799152731895,
4,260820,mixed,MIXED,PNND,1192,0.1292863879352808,0.0,0.1292863879352808,
4,260820,mixed,MIXED,PNND,1193,0.09021753259003162,0.0,0.09021753259003162,
4,260820,mixed,MIXED,PNND,1194,0.13929682783782482,0.0,0.13929682783782482,
4,260820,mixed,MIXED,PNND,1195,0.1425299160182476,0.0,0.1425299160182476,
4,260820,mixed,MIXED,PNND,1196,0.13925385102629662,0.0,0.13925385102629662,
4,260820,mixed,MIXED,PNND,1197,0.10292144864797592,0.0,0.10292144864797592,
4,260820,mixed,MIXED,PNND,1198,0.12290020659565926,0.0,0.12290020659565926,
4,260820,mixed,MIXED,PNND,1199,0.15429904125630856,0.0,0.15429904125630856,
4,260820,mixed,MIXED,PNND,1200,0.10015343502163887,0.0,0.10015343502163887,-0.6699725230065663
4,260820,mixed,MIXED,PNND,1201,0.08775484189391136,0.0,0.08775484189391136,
4,260820,mixed,MIXED,PNND,1202,0.14800311997532845,0.0,0.14800311997532845,
4,260820,mixed,MIXED,PNND,1203,0.1184392012655735,0.0,0.1184392012655735,
4,260820,mixed,MIXED,PNND,1204,0.15090595744550228,0.0,0.15090595744550228,
4,260820,mixed,MIXED,PNND,1205,0.18252264708280563,0.0,0.18252264708280563,
4,260820,mixed,MIXED,PNND,1206,0.1269382331520319,0.0,0.1269382331520319,
4,260820,mixed,MIXED,PNND,1207,0.10577566176652908,0.0,0.10577566176652908,
4,260820,mixed,MIXED,PNND,1208,0.12451913207769394,0.0,0.12451913207769394,
4,260820,mixed,MIXED,PNND,1209,0.13116391748189926,0.0,0.13116391748189926,
4,260820,mixed,MIXED,PNND,1210,0.08831778541207314,0.0,0.08831778541207314,
4,260820,mixed,MIXED,PNND,1211,0.1271554585546255,0.0,0.1271554585546255,
4,260820,mixed,MIXED,PNND,1212,0.15603791549801826,0.0,0.15603791549801826,
4,260820,mixed,MIXED,PNND,1213,0.10421703942120075,0.0,0.10421703942120075,
4,260820,mixed,MIXED,PNND,1214,0.16484737396240234,0.0,0.16484737396240234,
4,260820,mixed,MIXED,PNND,1215,0.1065019965171814,0.0,0.1065019965171814,
4,260820,mixed,MIXED,PNND,1216,0.1120633240789175,0.0,0.1120633240789175,
4,260820,mixed,MIXED,PNND,1217,0.15593033097684383,0.0,0.15593033097684383,
4,260820,mixed,MIXED,PNND,1218,0.1000312939286232,0.0,0.1000312939286232,
4,260820,mixed,MIXED,PNND,1219,0.15376625582575798,0.0,0.15376625582575798,
4,260820,mixed,MIXED,PNND,1220,0.1388411521911621,0.0,0.1388411521911621,
4,260820,mixed,MIXED,PNND,1221,0.10828465223312378,0.0,0.10828465223312378,
4,260820,mixed,MIXED,PNND,1222,0.11113696172833443,0.0,0.11113696172833443,
4,260820,mixed,MIXED,PNND,1223,0.1343504637479782,0.0,0.1343504637479782,
4,260820,mixed,MIXED,PNND,1224,0.13517408445477486,0.0,0.13517408445477486,
4,260820,mixed,MIXED,PNND,1225,0.11188318580389023,0.0,0.11188318580389023,
4,260820,mixed,MIXED,PNND,1226,0.14441749826073647,0.0,0.14441749826073647,
4,260820,mixed,MIXED,PNND,1227,0.09716432355344296,0.0,0.09716432355344296,
4,260820,mixed,MIXED,PNND,1228,0.1410076543688774,0.0,0.1410076543688774,
4,260820,mixed,MIXED,PNND,1229,0.1374439261853695,0.0,0.1374439261853695,
4,260820,mixed,MIXED,PNND,1230,0.1094987541437149,0.0,0.1094987541437149,
4,260820,mixed,MIXED,PNND,1231,0.10012495890259743,0.0,0.10012495890259743,
4,260820,mixed,MIXED,PNND,1232,0.12726427428424358,0.0,0.12726427428424358,
4,260820,mixed,MIXED,PNND,1233,0.13391362503170967,0.0,0.13391362503170967,
4,260820,mixed,MIXED,PNND,1234,0.14159308932721615,0.0,0.14159308932721615,
4,260820,mixed,MIXED,PNND,1235,0.11380533501505852,0.0,0.11380533501505852,
4,260820,mixed,MIXED,PNND,1236,0.15046989358961582,0.0,0.15046989358961582,
4,260820,mixed,MIXED,PNND,1237,0.1306663192808628,0.0,0.1306663192808628,
4,260820,mixed,MIXED,PNND,1238,0.13671128451824188,0.0,0.13671128451824188,
4,260820,mixed,MIXED,PNND,1239,0.09945495799183846,0.0,0.09945495799183846,
4,260820,mixed,MIXED,PNND,1240,0.13424782268702984,0.0,0.13424782268702984,
4,260820,mixed,MIXED,PNND,1241,0.14793505147099495,0.0,0.14793505147099495,
4,260820,mixed,MIXED,PNND,1242,0.1221239548176527,0.0,0.1221239548176527,
4,260820,mixed,MIXED,PNND,1243,0.11148328147828579,0.0,0.11148328147828579,
4,260820,mixed,MIXED,PNND,1244,0.1432281695306301,0.0,0.1432281695306301,
4,260820,mixed,MIXED,PNND,1245,0.1234829779714346,0.0,0.1234829779714346,
4,260820,mixed,MIXED,PNND,1246,0.14187106490135193,0.0,0.14187106490135193,
4,260820,mixed,MIXED,PNND,1247,0.08898988738656044,0.0,0.08898988738656044,
4,260820,mixed,MIXED,PNND,1248,0.10025118663907051,0.0,0.10025118663907051,
4,260820,mixed,MIXED,PNND,1249,0.11807248182594776,0.0,0.11807248182594776,
4,260820,mixed,MIXED,PNND,1250,0.10558599606156349,0.0,0.10558599606156349,
4,260820,mixed,MIXED,PNND,1251,0.12130743451416492,0.0,0.12130743451416492,
4,260820,mixed,MIXED,PNND,1252,0.10351919569075108,0.0,0.10351919569075108,
4,260820,mixed,MIXED,PNND,1253,0.12069282494485378,0.0,0.12069282494485378,
4,260820,mixed,MIXED,PNND,1254,0.11052031628787518,0.0,0.11052031628787518,
4,260820,mixed,MIXED,PNND,1255,0.14271213114261627,0.0,0.14271213114261627,
4,260820,mixed,MIXED,PNND,1256,0.11518681235611439,0.0,0.11518681235611439,
4,260820,mixed,MIXED,PNND,1257,0.1182282492518425,0.0,0.1182282492518425,
4,260820,mixed,MIXED,PNND,1258,0.10048301704227924,0.0,0.10048301704227924,
4,260820,mixed,MIXED,PNND,1259,0.10615601763129234,0.0,0.10615601763129234,
4,260820,mixed,MIXED,PNND,1260,0.11999639682471752,0.0,0.11999639682471752,
4,260820,mixed,MIXED,PNND,1261,0.11800037510693073,0.0,0.11800037510693073,
4,260820,mixed,MIXED,PNND,1262,0.1656811125576496,0.0,0.1656811125576496,
4,260820,mixed,MIXED,PNND,1263,0.13429899141192436,0.0,0.13429899141192436,
4,260820,mixed,MIXED,PNND,1264,0.1213363166898489,0.0,0.1213363166898489,
4,260820,mixed,MIXED,PNND,1265,0.11838122457265854,0.0,0.11838122457265854,
4,260820,mixed,MIXED,PNND,1266,0.10215946100652218,0.0,0.10215946100652218,
4,260820,mixed,MIXED,PNND,1267,0.13598545640707016,0.0,0.13598545640707016,
4,260820,mixed,MIXED,PNND,1268,0.14050493761897087,0.0,0.14050493761897087,
4,260820,mixed,MIXED,PNND,1269,0.1100590992718935,0.0,0.1100590992718935,
4,260820,mixed,MIXED,PNND,1270,0.13406996056437492,0.0,0.13406996056437492,
4,260820,mixed,MIXED,PNND,1271,0.09279624372720718,0.0,0.09279624372720718,
4,260820,mixed,MIXED,PNND,1272,0.09432380273938179,0.0,0.09432380273938179,
4,260820,mixed,MIXED,PNND,1273,0.1289020087569952,0.0,0.1289020087569952,
4,260820,mixed,MIXED,PNND,1274,0.12768866680562496,0.0,0.12768866680562496,
4,260820,mixed,MIXED,PNND,1275,0.08924887515604496,0.0,0.08924887515604496,
4,260820,mixed,MIXED,PNND,1276,0.11828599497675896,0.0,0.11828599497675896,
4,260820,mixed,MIXED,PNND,1277,0.10822800919413567,0.0,0.10822800919413567,
4,260820,mixed,MIXED,PNND,1278,0.1284721177071333,0.0,0.1284721177071333,
4,260820,mixed,MIXED,PNND,1279,0.10773489810526371,0.0,0.10773489810526371,
4,260820,mixed,MIXED,PNND,1280,0.13322036527097225,0.0,0.13322036527097225,
4,260820,mixed,MIXED,PNND,1281,0.13591443561017513,0.0,0.13591443561017513,
4,260820,mixed,MIXED,PNND,1282,0.11325681395828724,0.0,0.11325681395828724,
4,260820,mixed,MIXED,PNND,1283,0.12833063676953316,0.0,0.12833063676953316,
4,260820,mixed,MIXED,PNND,1284,0.10265102982521057,0.0,0.10265102982521057,
4,260820,mixed,MIXED,PNND,1285,0.11771175637841225,0.0,0.11771175637841225,
4,260820,mixed,MIXED,PNND,1286,0.15828219801187515,0.0,0.15828219801187515,
4,260820,mixed,MIXED,PNND,1287,0.12318835593760014,0.0,0.12318835593760014,
4,260820,mixed,MIXED,PNND,1288,0.12169669754803181,0.0,0.12169669754803181,
4,260820,mixed,MIXED,PNND,1289,0.12385580502450466,0.0,0.12385580502450466,
4,260820,mixed,MIXED,PNND,1290,0.13844094797968864,0.0,0.13844094797968864,
4,260820,mixed,MIXED,PNND,1291,0.13233734294772148,0.0,0.13233734294772148,
4,260820,mixed,MIXED,PNND,1292,0.11944309435784817,0.0,0.11944309435784817,
4,260820,mixed,MIXED,PNND,1293,0.14944027364253998,0.0,0.14944027364253998,
4,260820,mixed,MIXED,PNND,1294,0.1379784345626831,0.0,0.1379784345626831,
4,260820,mixed,MIXED,PNND,1295,0.11976130120456219,0.0,0.11976130120456219,
4,260820,mixed,MIXED,PNND,1296,0.0859652254730463,0.0,0.0859652254730463,
4,260820,mixed,MIXED,PNND,1297,0.15910232439637184,0.0,0.15910232439637184,
4,260820,mixed,MIXED,PNND,1298,0.11276173777878284,0.0,0.11276173777878284,
4,260820,mixed,MIXED,PNND,1299,0.1334323976188898,0.0,0.1334323976188898,
4,260820,mixed,MIXED,PNND,1300,0.11544963158667088,0.0,0.11544963158667088,
4,260820,mixed,MIXED,PNND,1301,0.1113839577883482,0.0,0.1113839577883482,
4,260820,mixed,MIXED,PNND,1302,0.11253256164491177,0.0,0.11253256164491177,
4,260820,mixed,MIXED,PNND,1303,0.11994178779423237,0.0,0.11994178779423237,
4,260820,mixed,MIXED,PNND,1304,0.10906707867980003,0.0,0.10906707867980003,
4,260820,mixed,MIXED,PNND,1305,0.09130548126995564,0.0,0.09130548126995564,
4,260820,mixed,MIXED,PNND,1306,0.13483123667538166,0.0,0.13483123667538166,
4,260820,mixed,MIXED,PNND,1307,0.10437809489667416,0.0,0.10437809489667416,
4,260820,mixed,MIXED,PNND,1308,0.1076275035738945,0.0,0.1076275035738945,
4,260820,mixed,MIXED,PNND,1309,0.11906206794083118,0.0,0.11906206794083118,
4,260820,mixed,MIXED,PNND,1310,0.13780452683568,0.0,0.13780452683568,
4,260820,mixed,MIXED,PNND,1311,0.12902383506298065,0.0,0.12902383506298065,
4,260820,mixed,MIXED,PNND,1312,0.13468849286437035,0.0,0.13468849286437035,
4,260820,mixed,MIXED,PNND,1313,0.07706215046346188,0.0,0.07706215046346188,
4,260820,mixed,MIXED,PNND,1314,0.1201653927564621,0.0,0.1201653927564621,
4,260820,mixed,MIXED,PNND,1315,0.11575381457805634,0.0,0.11575381457805634,
4,260820,mixed,MIXED,PNND,1316,0.13913809321820736,0.0,0.13913809321820736,
4,260820,mixed,MIXED,PNND,1317,0.10979377292096615,0.0,0.10979377292096615,
4,260820,mixed,MIXED,PNND,1318,0.1122797466814518,0.0,0.1122797466814518,
4,260820,mixed,MIXED,PNND,1319,0.1026751920580864,0.0,0.1026751920580864,
4,260820,mixed,MIXED,PNND,1320,0.14766556024551392,0.0,0.14766556024551392,
4,260820,mixed,MIXED,PNND,1321,0.1274940576404333,0.0,0.1274940576404333,
4,260820,mixed,MIXED,PNND,1322,0.14396236278116703,0.0,0.14396236278116703,
4,260820,mixed,MIXED,PNND,1323,0.1498175412416458,0.0,0.1498175412416458,
4,260820,mixed,MIXED,PNND,1324,0.14901771768927574,0.0,0.14901771768927574,
4,260820,mixed,MIXED,PNND,1325,0.11405500955879688,0.0,0.11405500955879688,
4,260820,mixed,MIXED,PNND,1326,0.13962192460894585,0.0,0.13962192460894585,
4,260820,mixed,MIXED,PNND,1327,0.16783449426293373,0.0,0.16783449426293373,
4,260820,mixed,MIXED,PNND,1328,0.14637788012623787,0.0,0.14637788012623787,
4,260820,mixed,MIXED,PNND,1329,0.09356311708688736,0.0,0.09356311708688736,
4,260820,mixed,MIXED,PNND,1330,0.10388930700719357,0.0,0.10388930700719357,
4,260820,mixed,MIXED,PNND,1331,0.12948153167963028,0.0,0.12948153167963028,
4,260820,mixed,MIXED,PNND,1332,0.11906124092638493,0.0,0.11906124092638493,
4,260820,mixed,MIXED,PNND,1333,0.1208840124309063,0.0,0.1208840124309063,
4,260820,mixed,MIXED,PNND,1334,0.154951523989439,0.0,0.154951523989439,
4,260820,mixed,MIXED,PNND,1335,0.14699435606598854,0.0,0.14699435606598854,
4,260820,mixed,MIXED,PNND,1336,0.10828246176242828,0.0,0.10828246176242828,
4,260820,mixed,MIXED,PNND,1337,0.14774104580283165,0.0,0.14774104580283165,
4,260820,mixed,MIXED,PNND,1338,0.13491159304976463,0.0,0.13491159304976463,
4,260820,mixed,MIXED,PNND,1339,0.10090041719377041,0.0,0.10090041719377041,
4,260820,mixed,MIXED,PNND,1340,0.12779073417186737,0.0,0.12779073417186737,
4,260820,mixed,MIXED,PNND,1341,0.12584904208779335,0.0,0.12584904208779335,
4,260820,mixed,MIXED,PNND,1342,0.12142140232026577,0.0,0.12142140232026577,
4,260820,mixed,MIXED,PNND,1343,0.14595336839556694,0.0,0.14595336839556694,
4,260820,mixed,MIXED,PNND,1344,0.10618805885314941,0.0,0.10618805885314941,
4,260820,mixed,MIXED,PNND,1345,0.11928571201860905,0.0,0.11928571201860905,
4,260820,mixed,MIXED,PNND,1346,0.1562192551791668,0.0,0.1562192551791668,
4,260820,mixed,MIXED,PNND,1347,0.116916473954916,0.0,0.116916473954916,
4,260820,mixed,MIXED,PNND,1348,0.14042633026838303,0.0,0.14042633026838303,
4,260820,mixed,MIXED,PNND,1349,0.14698315784335136,0.0,0.14698315784335136,
4,260820,mixed,MIXED,PNND,1350,0.10547805391252041,0.0,0.10547805391252041,
4,260820,mixed,MIXED,PNND,1351,0.1151461973786354,0.0,0.1151461973786354,
4,260820,mixed,MIXED,PNND,1352,0.12601754814386368,0.0,0.12601754814386368,
4,260820,mixed,MIXED,PNND,1353,0.10491554625332355,0.0,0.10491554625332355,
4,260820,mixed,MIXED,PNND,1354,0.12700447998940945,0.0,0.12700447998940945,
4,260820,mixed,MIXED,PNND,1355,0.12324404716491699,0.0,0.12324404716491699,
4,260820,mixed,MIXED,PNND,1356,0.14292745664715767,0.0,0.14292745664715767,
4,260820,mixed,MIXED,PNND,1357,0.1362752504646778,0.0,0.1362752504646778,
4,260820,mixed,MIXED,PNND,1358,0.15120884217321873,0.0,0.15120884217321873,
4,260820,mixed,MIXED,PNND,1359,0.14208912663161755,0.0,0.14208912663161755,
4,260820,mixed,MIXED,PNND,1360,0.10394512675702572,0.0,0.10394512675702572,
4,260820,mixed,MIXED,PNND,1361,0.12284353747963905,0.0,0.12284353747963905,
4,260820,mixed,MIXED,PNND,1362,0.10758429393172264,0.0,0.10758429393172264,
4,260820,mixed,MIXED,PNND,1363,0.10501056909561157,0.0,0.10501056909561157,
4,260820,mixed,MIXED,PNND,1364,0.13461553119122982,0.0,0.13461553119122982,
4,260820,mixed,MIXED,PNND,1365,0.13129177130758762,0.0,0.13129177130758762,
4,260820,mixed,MIXED,PNND,1366,0.0984329879283905,0.0,0.0984329879283905,
4,260820,mixed,MIXED,PNND,1367,0.13973096385598183,0.0,0.13973096385598183,
4,260820,mixed,MIXED,PNND,1368,0.14162282645702362,0.0,0.14162282645702362,
4,260820,mixed,MIXED,PNND,1369,0.11903003044426441,0.0,0.11903003044426441,
4,260820,mixed,MIXED,PNND,1370,0.13682455755770206,0.0,0.13682455755770206,
4,260820,mixed,MIXED,PNND,1371,0.09301735460758209,0.0,0.09301735460758209,
4,260820,mixed,MIXED,PNND,1372,0.14282299019396305,0.0,0.14282299019396305,
4,260820,mixed,MIXED,PNND,1373,0.08985662274062634,0.0,0.08985662274062634,
4,260820,mixed,MIXED,PNND,1374,0.1223304383456707,0.0,0.1223304383456707,
4,260820,mixed,MIXED,PNND,1375,0.16267658211290836,0.0,0.16267658211290836,
4,260820,mixed,MIXED,PNND,1376,0.1304232645779848,0.0,0.1304232645779848,
4,260820,mixed,MIXED,PNND,1377,0.137660289183259,0.0,0.137660289183259,
4,260820,mixed,MIXED,PNND,1378,0.14695199951529503,0.0,0.14695199951529503,
4,260820,mixed,MIXED,PNND,1379,0.11823968961834908,0.0,0.11823968961834908,
4,260820,mixed,MIXED,PNND,1380,0.13780766911804676,0.0,0.13780766911804676,
4,260820,mixed,MIXED,PNND,1381,0.1019707191735506,0.0,0.1019707191735506,
4,260820,mixed,MIXED,PNND,1382,0.1086519118398428,0.0,0.1086519118398428,
4,260820,mixed,MIXED,PNND,1383,0.1326116807758808,0.0,0.1326116807758808,
4,260820,mixed,MIXED,PNND,1384,0.14525974169373512,0.0,0.14525974169373512,
4,260820,mixed,MIXED,PNND,1385,0.11739016324281693,0.0,0.11739016324281693,
4,260820,mixed,MIXED,PNND,1386,0.11874987930059433,0.0,0.11874987930059433,
4,260820,mixed,MIXED,PNND,1387,0.12133132293820381,0.0,0.12133132293820381,
4,260820,mixed,MIXED,PNND,1388,0.09367263503372669,0.0,0.09367263503372669,
4,260820,mixed,MIXED,PNND,1389,0.1402837671339512,0.0,0.1402837671339512,
4,260820,mixed,MIXED,PNND,1390,0.1157203447073698,0.0,0.1157203447073698,
4,260820,mixed,MIXED,PNND,1391,0.12514739856123924,0.0,0.12514739856123924,
4,260820,mixed,MIXED,PNND,1392,0.1372672338038683,0.0,0.1372672338038683,
4,260820,mixed,MIXED,PNND,1393,0.10301247239112854,0.0,0.10301247239112854,
4,260820,mixed,MIXED,PNND,1394,0.12424846552312374,0.0,0.12424846552312374,
4,260820,mixed,MIXED,PNND,1395,0.16544396802783012,0.0,0.16544396802783012,
4,260820,mixed,MIXED,PNND,1396,0.11185096576809883,0.0,0.11185096576809883,
4,260820,mixed,MIXED,PNND,1397,0.0928758904337883,0.0,0.0928758904337883,
4,260820,mixed,MIXED,PNND,1398,0.12081209011375904,0.0,0.12081209011375904,
4,260820,mixed,MIXED,PNND,1399,0.14437336660921574,0.0,0.14437336660921574,
4,260820,mixed,MIXED,PNND,1400,0.15225954726338387,0.0,0.15225954726338387,-0.6764954980807897
4,260820,mixed,MIXED,PNND,1401,0.12435462884604931,0.0,0.12435462884604931,
4,260820,mixed,MIXED,PNND,1402,0.1508052833378315,0.0,0.1508052833378315,
4,260820,mixed,MIXED,PNND,1403,0.16027210839092731,0.0,0.16027210839092731,
4,260820,mixed,MIXED,PNND,1404,0.1219356469810009,0.0,0.1219356469810009,
4,260820,mixed,MIXED,PNND,1405,0.12526719458401203,0.0,0.12526719458401203,
4,260820,mixed,MIXED,PNND,1406,0.11474831402301788,0.0,0.11474831402301788,
4,260820,mixed,MIXED,PNND,1407,0.10333291441202164,0.0,0.10333291441202164,
4,260820,mixed,MIXED,PNND,1408,0.10224029421806335,0.0,0.10224029421806335,
4,260820,mixed,MIXED,PNND,1409,0.14555378630757332,0.0,0.14555378630757332,
4,260820,mixed,MIXED,PNND,1410,0.12890058755874634,0.0,0.12890058755874634,
4,260820,mixed,MIXED,PNND,1411,0.13095835596323013,0.0,0.13095835596323013,
4,260820,mixed,MIXED,PNND,1412,0.168581984937191,0.0,0.168581984937191,
4,260820,mixed,MIXED,PNND,1413,0.1071836818009615,0.0,0.1071836818009615,
4,260820,mixed,MIXED,PNND,1414,0.14964984357357025,0.0,0.14964984357357025,
4,260820,mixed,MIXED,PNND,1415,0.14100943505764008,0.0,0.14100943505764008,
4,260820,mixed,MIXED,PNND,1416,0.13791103661060333,0.0,0.13791103661060333,
4,260820,mixed,MIXED,PNND,1417,0.10731703042984009,0.0,0.10731703042984009,
4,260820,mixed,MIXED,PNND,1418,0.1347458939999342,0.0,0.1347458939999342,
4,260820,mixed,MIXED,PNND,1419,0.1194947361946106,0.0,0.1194947361946106,
4,260820,mixed,MIXED,PNND,1420,0.14419090002775192,0.0,0.14419090002775192,
4,260820,mixed,MIXED,PNND,1421,0.09555221535265446,0.0,0.09555221535265446,
4,260820,mixed,MIXED,PNND,1422,0.14208624698221684,0.0,0.14208624698221684,
4,260820,mixed,MIXED,PNND,1423,0.13857126235961914,0.0,0.13857126235961914,
4,260820,mixed,MIXED,PNND,1424,0.1132086031138897,0.0,0.1132086031138897,
4,260820,mixed,MIXED,PNND,1425,0.12602019123733044,0.0,0.12602019123733044,
4,260820,mixed,MIXED,PNND,1426,0.131060179322958,0.0,0.131060179322958,
4,260820,mixed,MIXED,PNND,1427,0.0874120444059372,0.0,0.0874120444059372,
4,260820,mixed,MIXED,PNND,1428,0.13883249834179878,0.0,0.13883249834179878,
4,260820,mixed,MIXED,PNND,1429,0.1309758871793747,0.0,0.1309758871793747,
4,260820,mixed,MIXED,PNND,1430,0.11497175693511963,0.0,0.11497175693511963,
4,260820,mixed,MIXED,PNND,1431,0.1214681901037693,0.0,0.1214681901037693,
4,260820,mixed,MIXED,PNND,1432,0.12669682316482067,0.0,0.12669682316482067,
4,260820,mixed,MIXED,PNND,1433,0.1319998074322939,0.0,0.1319998074322939,
4,260820,mixed,MIXED,PNND,1434,0.1124965026974678,0.0,0.1124965026974678,
4,260820,mixed,MIXED,PNND,1435,0.10768882185220718,0.0,0.10768882185220718,
4,260820,mixed,MIXED,PNND,1436,0.12007098086178303,0.0,0.12007098086178303,
4,260820,mixed,MIXED,PNND,1437,0.10415480099618435,0.0,0.10415480099618435,
4,260820,mixed,MIXED,PNND,1438,0.1142596397548914,0.0,0.1142596397548914,
4,260820,mixed,MIXED,PNND,1439,0.13921263255178928,0.0,0.13921263255178928,
4,260820,mixed,MIXED,PNND,1440,0.09815584495663643,0.0,0.09815584495663643,
4,260820,mixed,MIXED,PNND,1441,0.12382316403090954,0.0,0.12382316403090954,
4,260820,mixed,MIXED,PNND,1442,0.1480406206101179,0.0,0.1480406206101179,
4,260820,mixed,MIXED,PNND,1443,0.11958775110542774,0.0,0.11958775110542774,
4,260820,mixed,MIXED,PNND,1444,0.1467058639973402,0.0,0.1467058639973402,
4,260820,mixed,MIXED,PNND,1445,0.10943502746522427,0.0,0.10943502746522427,
4,260820,mixed,MIXED,PNND,1446,0.10962183400988579,0.0,0.10962183400988579,
4,260820,mixed,MIXED,PNND,1447,0.09608088433742523,0.0,0.09608088433742523,
4,260820,mixed,MIXED,PNND,1448,0.15712975710630417,0.0,0.15712975710630417,
4,260820,mixed,MIXED,PNND,1449,0.12372977659106255,0.0,0.12372977659106255,
4,260820,mixed,MIXED,PNND,1450,0.12966193072497845,0.0,0.12966193072497845,
4,260820,mixed,MIXED,PNND,1451,0.09088591858744621,0.0,0.09088591858744621,
4,260820,mixed,MIXED,PNND,1452,0.16211606189608574,0.0,0.16211606189608574,
4,260820,mixed,MIXED,PNND,1453,0.11408489011228085,0.0,0.11408489011228085,
4,260820,mixed,MIXED,PNND,1454,0.11045502498745918,0.0,0.11045502498745918,
4,260820,mixed,MIXED,PNND,1455,0.09913297556340694,0.0,0.09913297556340694,
4,260820,mixed,MIXED,PNND,1456,0.1081966683268547,0.0,0.1081966683268547,
4,260820,mixed,MIXED,PNND,1457,0.1135417241603136,0.0,0.1135417241603136,
4,260820,mixed,MIXED,PNND,1458,0.14671620354056358,0.0,0.14671620354056358,
4,260820,mixed,MIXED,PNND,1459,0.11485544219613075,0.0,0.11485544219613075,
4,260820,mixed,MIXED,PNND,1460,0.13437016680836678,0.0,0.13437016680836678,
4,260820,mixed,MIXED,PNND,1461,0.1215080264955759,0.0,0.1215080264955759,
4,260820,mixed,MIXED,PNND,1462,0.15273788385093212,0.0,0.15273788385093212,
4,260820,mixed,MIXED,PNND,1463,0.1376727819442749,0.0,0.1376727819442749,
4,260820,mixed,MIXED,PNND,1464,0.15184681117534637,0.0,0.15184681117534637,
4,260820,mixed,MIXED,PNND,1465,0.13630282878875732,0.0,0.13630282878875732,
4,260820,mixed,MIXED,PNND,1466,0.13716791197657585,0.0,0.13716791197657585,
4,260820,mixed,MIXED,PNND,1467,0.13778855837881565,0.0,0.13778855837881565,
4,260820,mixed,MIXED,PNND,1468,0.15714660845696926,0.0,0.15714660845696926,
4,260820,mixed,MIXED,PNND,1469,0.1328265331685543,0.0,0.1328265331685543,
4,260820,mixed,MIXED,PNND,1470,0.14597524143755436,0.0,0.14597524143755436,
4,260820,mixed,MIXED,PNND,1471,0.10698056221008301,0.0,0.10698056221008301,
4,260820,mixed,MIXED,PNND,1472,0.10714454017579556,0.0,0.10714454017579556,
4,260820,mixed,MIXED,PNND,1473,0.11633891984820366,0.0,0.11633891984820366,
4,260820,mixed,MIXED,PNND,1474,0.12165260128676891,0.0,0.12165260128676891,
4,260820,mixed,MIXED,PNND,1475,0.16376584768295288,0.0,0.16376584768295288,
4,260820,mixed,MIXED,PNND,1476,0.11971466057002544,0.0,0.11971466057002544,
4,260820,mixed,MIXED,PNND,1477,0.11427113972604275,0.0,0.11427113972604275,
4,260820,mixed,MIXED,PNND,1478,0.13753463700413704,0.0,0.13753463700413704,
4,260820,mixed,MIXED,PNND,1479,0.1487988419830799,0.0,0.1487988419830799,
4,260820,mixed,MIXED,PNND,1480,0.14693513698875904,0.0,0.14693513698875904,
4,260820,mixed,MIXED,PNND,1481,0.128748444840312,0.0,0.128748444840312,
4,260820,mixed,MIXED,PNND,1482,0.12866504676640034,0.0,0.12866504676640034,
4,260820,mixed,MIXED,PNND,1483,0.09106975048780441,0.0,0.09106975048780441,
4,260820,mixed,MIXED,PNND,1484,0.12878249026834965,0.0,0.12878249026834965,
4,260820,mixed,MIXED,PNND,1485,0.13189082592725754,0.0,0.13189082592725754,
4,260820,mixed,MIXED,PNND,1486,0.12997560389339924,0.0,0.12997560389339924,
4,260820,mixed,MIXED,PNND,1487,0.14163398556411266,0.0,0.14163398556411266,
4,260820,mixed,MIXED,PNND,1488,0.10967708379030228,0.0,0.10967708379030228,
4,260820,mixed,MIXED,PNND,1489,0.1553535833954811,0.0,0.1553535833954811,
4,260820,mixed,MIXED,PNND,1490,0.0926421694457531,0.0,0.0926421694457531,
4,260820,mixed,MIXED,PNND,1491,0.1464998871088028,0.0,0.1464998871088028,
4,260820,mixed,MIXED,PNND,1492,0.09226893819868565,0.0,0.09226893819868565,
4,260820,mixed,MIXED,PNND,1493,0.13932863995432854,0.0,0.13932863995432854,
4,260820,mixed,MIXED,PNND,1494,0.1561299841850996,0.0,0.1561299841850996,
4,260820,mixed,MIXED,PNND,1495,0.08904437907040119,0.0,0.08904437907040119,
4,260820,mixed,MIXED,PNND,1496,0.1381152793765068,0.0,0.1381152793765068,
4,260820,mixed,MIXED,PNND,1497,0.12602677755057812,0.0,0.12602677755057812,
4,260820,mixed,MIXED,PNND,1498,0.11320916563272476,0.0,0.11320916563272476,
4,260820,mixed,MIXED,PNND,1499,0.10230020433664322,0.0,0.10230020433664322,
4,260820,mixed,MIXED,PNND,1500,0.13908614590764046,0.0,0.13908614590764046,
4,260820,mixed,MIXED,PNND,1501,0.1169015672057867,0.0,0.1169015672057867,
4,260820,mixed,MIXED,PNND,1502,0.12095601111650467,0.0,0.12095601111650467,
4,260820,mixed,MIXED,PNND,1503,0.11579005420207977,0.0,0.11579005420207977,
4,260820,mixed,MIXED,PNND,1504,0.13435002602636814,0.0,0.13435002602636814,
4,260820,mixed,MIXED,PNND,1505,0.10521913878619671,0.0,0.10521913878619671,
4,260820,mixed,MIXED,PNND,1506,0.11139445193111897,0.0,0.11139445193111897,
4,260820,mixed,MIXED,PNND,1507,0.1309073567390442,0.0,0.1309073567390442,
4,260820,mixed,MIXED,PNND,1508,0.11484545469284058,0.0,0.11484545469284058,
4,260820,mixed,MIXED,PNND,1509,0.1439493540674448,0.0,0.1439493540674448,
4,260820,mixed,MIXED,PNND,1510,0.14163746312260628,0.0,0.14163746312260628,
4,260820,mixed,MIXED,PNND,1511,0.1365049723535776,0.0,0.1365049723535776,
4,260820,mixed,MIXED,PNND,1512,0.14541921392083168,0.0,0.14541921392083168,
4,260820,mixed,MIXED,PNND,1513,0.11981355771422386,0.0,0.11981355771422386,
4,260820,mixed,MIXED,PNND,1514,0.12221882306039333,0.0,0.12221882306039333,
4,260820,mixed,MIXED,PNND,1515,0.11553272604942322,0.0,0.11553272604942322,
4,260820,mixed,MIXED,PNND,1516,0.1207771860063076,0.0,0.1207771860063076,
4,260820,mixed,MIXED,PNND,1517,0.1391028743237257,0.0,0.1391028743237257,
4,260820,mixed,MIXED,PNND,1518,0.15563474595546722,0.0,0.15563474595546722,
4,260820,mixed,MIXED,PNND,1519,0.1043084803968668,0.0,0.1043084803968668,
4,260820,mixed,MIXED,PNND,1520,0.12737884186208248,0.0,0.12737884186208248,
4,260820,mixed,MIXED,PNND,1521,0.12192594073712826,0.0,0.12192594073712826,
4,260820,mixed,MIXED,PNND,1522,0.10814443044364452,0.0,0.10814443044364452,
4,260820,mixed,MIXED,PNND,1523,0.13783093728125095,0.0,0.13783093728125095,
4,260820,mixed,MIXED,PNND,1524,0.13476267270743847,0.0,0.13476267270743847,
4,260820,mixed,MIXED,PNND,1525,0.11952224560081959,0.0,0.11952224560081959,
4,260820,mixed,MIXED,PNND,1526,0.13807658851146698,0.0,0.13807658851146698,
4,260820,mixed,MIXED,PNND,1527,0.13427085801959038,0.0,0.13427085801959038,
4,260820,mixed,MIXED,PNND,1528,0.1360300350934267,0.0,0.1360300350934267,
4,260820,mixed,MIXED,PNND,1529,0.13601777143776417,0.0,0.13601777143776417,
4,260820,mixed,MIXED,PNND,1530,0.13558332063257694,0.0,0.13558332063257694,
4,260820,mixed,MIXED,PNND,1531,0.15017042681574821,0.0,0.15017042681574821,
4,260820,mixed,MIXED,PNND,1532,0.14467716962099075,0.0,0.14467716962099075,
4,260820,mixed,MIXED,PNND,1533,0.10292083024978638,0.0,0.10292083024978638,
4,260820,mixed,MIXED,PNND,1534,0.12077980861067772,0.0,0.12077980861067772,
4,260820,mixed,MIXED,PNND,1535,0.10594653338193893,0.0,0.10594653338193893,
4,260820,mixed,MIXED,PNND,1536,0.13219252601265907,0.0,0.13219252601265907,
4,260820,mixed,MIXED,PNND,1537,0.12170654162764549,0.0,0.12170654162764549,
4,260820,mixed,MIXED,PNND,1538,0.1680849976837635,0.0,0.1680849976837635,
4,260820,mixed,MIXED,PNND,1539,0.1275704763829708,0.0,0.1275704763829708,
4,260820,mixed,MIXED,PNND,1540,0.12089941278100014,0.0,0.12089941278100014,
4,260820,mixed,MIXED,PNND,1541,0.10971885174512863,0.0,0.10971885174512863,
4,260820,mixed,MIXED,PNND,1542,0.10649626702070236,0.0,0.10649626702070236,
4,260820,mixed,MIXED,PNND,1543,0.14465788193047047,0.0,0.14465788193047047,
4,260820,mixed,MIXED,PNND,1544,0.13159278221428394,0.0,0.13159278221428394,
4,260820,mixed,MIXED,PNND,1545,0.1263094451278448,0.0,0.1263094451278448,
4,260820,mixed,MIXED,PNND,1546,0.15133095160126686,0.0,0.15133095160126686,
4,260820,mixed,MIXED,PNND,1547,0.0758765209466219,0.0,0.0758765209466219,
4,260820,mixed,MIXED,PNND,1548,0.1321430765092373,0.0,0.1321430765092373,
4,260820,mixed,MIXED,PNND,1549,0.11112310737371445,0.0,0.11112310737371445,
4,260820,mixed,MIXED,PNND,1550,0.15985390171408653,0.0,0.15985390171408653,
4,260820,mixed,MIXED,PNND,1551,0.13797819055616856,0.0,0.13797819055616856,
4,260820,mixed,MIXED,PNND,1552,0.11176060512661934,0.0,0.11176060512661934,
4,260820,mixed,MIXED,PNND,1553,0.1045989878475666,0.0,0.1045989878475666,
4,260820,mixed,MIXED,PNND,1554,0.1143469475209713,0.0,0.1143469475209713,
4,260820,mixed,MIXED,PNND,1555,0.10822527296841145,0.0,0.10822527296841145,
4,260820,mixed,MIXED,PNND,1556,0.10738628916442394,0.0,0.10738628916442394,
4,260820,mixed,MIXED,PNND,1557,0.1364771444350481,0.0,0.1364771444350481,
4,260820,mixed,MIXED,PNND,1558,0.1445445418357849,0.0,0.1445445418357849,
4,260820,mixed,MIXED,PNND,1559,0.12983739376068115,0.0,0.12983739376068115,
4,260820,mixed,MIXED,PNND,1560,0.14284314960241318,0.0,0.14284314960241318,
4,260820,mixed,MIXED,PNND,1561,0.11164374276995659,0.0,0.11164374276995659,
4,260820,mixed,MIXED,PNND,1562,0.12935063615441322,0.0,0.12935063615441322,
4,260820,mixed,MIXED,PNND,1563,0.14941887743771076,0.0,0.14941887743771076,
4,260820,mixed,MIXED,PNND,1564,0.11335464380681515,0.0,0.11335464380681515,
4,260820,mixed,MIXED,PNND,1565,0.11447282135486603,0.0,0.11447282135486603,
4,260820,mixed,MIXED,PNND,1566,0.1341771986335516,0.0,0.1341771986335516,
4,260820,mixed,MIXED,PNND,1567,0.13235677406191826,0.0,0.13235677406191826,
4,260820,mixed,MIXED,PNND,1568,0.14366419054567814,0.0,0.14366419054567814,
4,260820,mixed,MIXED,PNND,1569,0.15062313713133335,0.0,0.15062313713133335,
4,260820,mixed,MIXED,PNND,1570,0.1251100990921259,0.0,0.1251100990921259,
4,260820,mixed,MIXED,PNND,1571,0.10652766562998295,0.0,0.10652766562998295,
4,260820,mixed,MIXED,PNND,1572,0.09392712637782097,0.0,0.09392712637782097,
4,260820,mixed,MIXED,PNND,1573,0.12781653180718422,0.0,0.12781653180718422,
4,260820,mixed,MIXED,PNND,1574,0.13639781810343266,0.0,0.13639781810343266,
4,260820,mixed,MIXED,PNND,1575,0.12495509907603264,0.0,0.12495509907603264,
4,260820,mixed,MIXED,PNND,1576,0.14269953221082687,0.0,0.14269953221082687,
4,260820,mixed,MIXED,PNND,1577,0.1424341667443514,0.0,0.1424341667443514,
4,260820,mixed,MIXED,PNND,1578,0.11473963037133217,0.0,0.11473963037133217,
4,260820,mixed,MIXED,PNND,1579,0.11451446451246738,0.0,0.11451446451246738,
4,260820,mixed,MIXED,PNND,1580,0.10958942770957947,0.0,0.10958942770957947,
4,260820,mixed,MIXED,PNND,1581,0.11240625195205212,0.0,0.11240625195205212,
4,260820,mixed,MIXED,PNND,1582,0.1165701150894165,0.0,0.1165701150894165,
4,260820,mixed,MIXED,PNND,1583,0.14688777178525925,0.0,0.14688777178525925,
4,260820,mixed,MIXED,PNND,1584,0.12501871585845947,0.0,0.12501871585845947,
4,260820,mixed,MIXED,PNND,1585,0.10444588400423527,0.0,0.10444588400423527,
4,260820,mixed,MIXED,PNND,1586,0.1070830188691616,0.0,0.1070830188691616,
4,260820,mixed,MIXED,PNND,1587,0.10833941027522087,0.0,0.10833941027522087,
4,260820,mixed,MIXED,PNND,1588,0.1204072218388319,0.0,0.1204072218388319,
4,260820,mixed,MIXED,PNND,1589,0.1177606675773859,0.0,0.1177606675773859,
4,260820,mixed,MIXED,PNND,1590,0.1524791307747364,0.0,0.1524791307747364,
4,260820,mixed,MIXED,PNND,1591,0.08883343823254108,0.0,0.08883343823254108,
4,260820,mixed,MIXED,PNND,1592,0.13910409808158875,0.0,0.13910409808158875,
4,260820,mixed,MIXED,PNND,1593,0.13176362961530685,0.0,0.13176362961530685,
4,260820,mixed,MIXED,PNND,1594,0.09672227501869202,0.0,0.09672227501869202,
4,260820,mixed,MIXED,PNND,1595,0.1532898023724556,0.0,0.1532898023724556,
4,260820,mixed,MIXED,PNND,1596,0.11468665301799774,0.0,0.11468665301799774,
4,260820,mixed,MIXED,PNND,1597,0.11770469695329666,0.0,0.11770469695329666,
4,260820,mixed,MIXED,PNND,1598,0.11391150951385498,0.0,0.11391150951385498,
4,260820,mixed,MIXED,PNND,1599,0.12765759974718094,0.0,0.12765759974718094,
4,260820,mixed,MIXED,PNND,1600,0.15038003958761692,0.0,0.15038003958761692,-0.6974955580038182
4,260820,mixed,MIXED,PNND,1601,0.09890894405543804,0.0,0.09890894405543804,
4,260820,mixed,MIXED,PNND,1602,0.13527827709913254,0.0,0.13527827709913254,
4,260820,mixed,MIXED,PNND,1603,0.10584341175854206,0.0,0.10584341175854206,
4,260820,mixed,MIXED,PNND,1604,0.14460443519055843,0.0,0.14460443519055843,
4,260820,mixed,MIXED,PNND,1605,0.11247369274497032,0.0,0.11247369274497032,
4,260820,mixed,MIXED,PNND,1606,0.10440712235867977,0.0,0.10440712235867977,
4,260820,mixed,MIXED,PNND,1607,0.11898494139313698,0.0,0.11898494139313698,
4,260820,mixed,MIXED,PNND,1608,0.1425984725356102,0.0,0.1425984725356102,
4,260820,mixed,MIXED,PNND,1609,0.13882797211408615,0.0,0.13882797211408615,
4,260820,mixed,MIXED,PNND,1610,0.11523371376097202,0.0,0.11523371376097202,
4,260820,mixed,MIXED,PNND,1611,0.12069457583129406,0.0,0.12069457583129406,
4,260820,mixed,MIXED,PNND,1612,0.11301691271364689,0.0,0.11301691271364689,
4,260820,mixed,MIXED,PNND,1613,0.13521413505077362,0.0,0.13521413505077362,
4,260820,mixed,MIXED,PNND,1614,0.1221143789589405,0.0,0.1221143789589405,
4,260820,mixed,MIXED,PNND,1615,0.1006563026458025,0.0,0.1006563026458025,
4,260820,mixed,MIXED,PNND,1616,0.12211925908923149,0.0,0.12211925908923149,
4,260820,mixed,MIXED,PNND,1617,0.10254320129752159,0.0,0.10254320129752159,
4,260820,mixed,MIXED,PNND,1618,0.11934753134846687,0.0,0.11934753134846687,
4,260820,mixed,MIXED,PNND,1619,0.1443429496139288,0.0,0.1443429496139288,
4,260820,mixed,MIXED,PNND,1620,0.10611778497695923,0.0,0.10611778497695923,
4,260820,mixed,MIXED,PNND,1621,0.1052456870675087,0.0,0.1052456870675087,
4,260820,mixed,MIXED,PNND,1622,0.11820047721266747,0.0,0.11820047721266747,
4,260820,mixed,MIXED,PNND,1623,0.10354451276361942,0.0,0.10354451276361942,
4,260820,mixed,MIXED,PNND,1624,0.12906741723418236,0.0,0.12906741723418236,
4,260820,mixed,MIXED,PNND,1625,0.12328747473657131,0.0,0.12328747473657131,
4,260820,mixed,MIXED,PNND,1626,0.09975950978696346,0.0,0.09975950978696346,
4,260820,mixed,MIXED,PNND,1627,0.10525471344590187,0.0,0.10525471344590187,
4,260820,mixed,MIXED,PNND,1628,0.11247009411454201,0.0,0.11247009411454201,
4,260820,mixed,MIXED,PNND,1629,0.10325890779495239,0.0,0.10325890779495239,
4,260820,mixed,MIXED,PNND,1630,0.11733873561024666,0.0,0.11733873561024666,
4,260820,mixed,MIXED,PNND,1631,0.08769467659294605,0.0,0.08769467659294605,
4,260820,mixed,MIXED,PNND,1632,0.1310615222901106,0.0,0.1310615222901106,
4,260820,mixed,MIXED,PNND,1633,0.10972904041409492,0.0,0.10972904041409492,
4,260820,mixed,MIXED,PNND,1634,0.11141653917729855,0.0,0.11141653917729855,
4,260820,mixed,MIXED,PNND,1635,0.12794317118823528,0.0,0.12794317118823528,
4,260820,mixed,MIXED,PNND,1636,0.13680900819599628,0.0,0.13680900819599628,
4,260820,mixed,MIXED,PNND,1637,0.1471402831375599,0.0,0.1471402831375599,
4,260820,mixed,MIXED,PNND,1638,0.09376309812068939,0.0,0.09376309812068939,
4,260820,mixed,MIXED,PNND,1639,0.1086356658488512,0.0,0.1086356658488512,
4,260820,mixed,MIXED,PNND,1640,0.11137732677161694,0.0,0.11137732677161694,
4,260820,mixed,MIXED,PNND,1641,0.12320894189178944,0.0,0.12320894189178944,
4,260820,mixed,MIXED,PNND,1642,0.11978215165436268,0.0,0.11978215165436268,
4,260820,mixed,MIXED,PNND,1643,0.12603171914815903,0.0,0.12603171914815903,
4,260820,mixed,MIXED,PNND,1644,0.15542363934218884,0.0,0.15542363934218884,
4,260820,mixed,MIXED,PNND,1645,0.10994453728199005,0.0,0.10994453728199005,
4,260820,mixed,MIXED,PNND,1646,0.09442269802093506,0.0,0.09442269802093506,
4,260820,mixed,MIXED,PNND,1647,0.13630535081028938,0.0,0.13630535081028938,
4,260820,mixed,MIXED,PNND,1648,0.13065633736550808,0.0,0.13065633736550808,
4,260820,mixed,MIXED,PNND,1649,0.10053925774991512,0.0,0.10053925774991512,
4,260820,mixed,MIXED,PNND,1650,0.15562428161501884,0.0,0.15562428161501884,
4,260820,mixed,MIXED,PNND,1651,0.1289772279560566,0.0,0.1289772279560566,
4,260820,mixed,MIXED,PNND,1652,0.10869535431265831,0.0,0.10869535431265831,
4,260820,mixed,MIXED,PNND,1653,0.09720833227038383,0.0,0.09720833227038383,
4,260820,mixed,MIXED,PNND,1654,0.11242531798779964,0.0,0.11242531798779964,
4,260820,mixed,MIXED,PNND,1655,0.11746386624872684,0.0,0.11746386624872684,
4,260820,mixed,MIXED,PNND,1656,0.14505258947610855,0.0,0.14505258947610855,
4,260820,mixed,MIXED,PNND,1657,0.11004673130810261,0.0,0.11004673130810261,
4,260820,mixed,MIXED,PNND,1658,0.11408660560846329,0.0,0.11408660560846329,
4,260820,mixed,MIXED,PNND,1659,0.12319815531373024,0.0,0.12319815531373024,
4,260820,mixed,MIXED,PNND,1660,0.17152080684900284,0.0,0.17152080684900284,
4,260820,mixed,MIXED,PNND,1661,0.11069462075829506,0.0,0.11069462075829506,
4,260820,mixed,MIXED,PNND,1662,0.13054601661860943,0.0,0.13054601661860943,
4,260820,mixed,MIXED,PNND,1663,0.10010280832648277,0.0,0.10010280832648277,
4,260820,mixed,MIXED,PNND,1664,0.10021421313285828,0.0,0.10021421313285828,
4,260820,mixed,MIXED,PNND,1665,0.11875373683869839,0.0,0.11875373683869839,
4,260820,mixed,MIXED,PNND,1666,0.1276092790067196,0.0,0.1276092790067196,
4,260820,mixed,MIXED,PNND,1667,0.12858284078538418,0.0,0.12858284078538418,
4,260820,mixed,MIXED,PNND,1668,0.13257915526628494,0.0,0.13257915526628494,
4,260820,mixed,MIXED,PNND,1669,0.09024028107523918,0.0,0.09024028107523918,
4,260820,mixed,MIXED,PNND,1670,0.10471471957862377,0.0,0.10471471957862377,
4,260820,mixed,MIXED,PNND,1671,0.12347622215747833,0.0,0.12347622215747833,
4,260820,mixed,MIXED,PNND,1672,0.16775642335414886,0.0,0.16775642335414886,
4,260820,mixed,MIXED,PNND,1673,0.1114160306751728,0.0,0.1114160306751728,
4,260820,mixed,MIXED,PNND,1674,0.11123073101043701,0.0,0.11123073101043701,
4,260820,mixed,MIXED,PNND,1675,0.12285252287983894,0.0,0.12285252287983894,
4,260820,mixed,MIXED,PNND,1676,0.13524970412254333,0.0,0.13524970412254333,
4,260820,mixed,MIXED,PNND,1677,0.12493185512721539,0.0,0.12493185512721539,
4,260820,mixed,MIXED,PNND,1678,0.10597232356667519,0.0,0.10597232356667519,
4,260820,mixed,MIXED,PNND,1679,0.11050905287265778,0.0,0.11050905287265778,
4,260820,mixed,MIXED,PNND,1680,0.13813764043152332,0.0,0.13813764043152332,
4,260820,mixed,MIXED,PNND,1681,0.16403935104608536,0.0,0.16403935104608536,
4,260820,mixed,MIXED,PNND,1682,0.09056509658694267,0.0,0.09056509658694267,
4,260820,mixed,MIXED,PNND,1683,0.0959671251475811,0.0,0.0959671251475811,
4,260820,mixed,MIXED,PNND,1684,0.11059503071010113,0.0,0.11059503071010113,
4,260820,mixed,MIXED,PNND,1685,0.12298616021871567,0.0,0.12298616021871567,
4,260820,mixed,MIXED,PNND,1686,0.10449810139834881,0.0,0.10449810139834881,
4,260820,mixed,MIXED,PNND,1687,0.12261276878416538,0.0,0.12261276878416538,
4,260820,mixed,MIXED,PNND,1688,0.12237040884792805,0.0,0.12237040884792805,
4,260820,mixed,MIXED,PNND,1689,0.11600090935826302,0.0,0.11600090935826302,
4,260820,mixed,MIXED,PNND,1690,0.1049493346363306,0.0,0.1049493346363306,
4,260820,mixed,MIXED,PNND,1691,0.12048965692520142,0.0,0.12048965692520142,
4,260820,mixed,MIXED,PNND,1692,0.14320632815361023,0.0,0.14320632815361023,
4,260820,mixed,MIXED,PNND,1693,0.11734702624380589,0.0,0.11734702624380589,
4,260820,mixed,MIXED,PNND,1694,0.1215405073016882,0.0,0.1215405073016882,
4,260820,mixed,MIXED,PNND,1695,0.11853134632110596,0.0,0.11853134632110596,
4,260820,mixed,MIXED,PNND,1696,0.10699031502008438,0.0,0.10699031502008438,
4,260820,mixed,MIXED,PNND,1697,0.16552340611815453,0.0,0.16552340611815453,
4,260820,mixed,MIXED,PNND,1698,0.11654427461326122,0.0,0.11654427461326122,
4,260820,mixed,MIXED,PNND,1699,0.13031303137540817,0.0,0.13031303137540817,
4,260820,mixed,MIXED,PNND,1700,0.08361907303333282,0.0,0.08361907303333282,
4,260820,mixed,MIXED,PNND,1701,0.12818455137312412,0.0,0.12818455137312412,
4,260820,mixed,MIXED,PNND,1702,0.09306048788130283,0.0,0.09306048788130283,
4,260820,mixed,MIXED,PNND,1703,0.15239213407039642,0.0,0.15239213407039642,
4,260820,mixed,MIXED,PNND,1704,0.13179854676127434,0.0,0.13179854676127434,
4,260820,mixed,MIXED,PNND,1705,0.1009602788835764,0.0,0.1009602788835764,
4,260820,mixed,MIXED,PNND,1706,0.10131982155144215,0.0,0.10131982155144215,
4,260820,mixed,MIXED,PNND,1707,0.12699894793331623,0.0,0.12699894793331623,
4,260820,mixed,MIXED,PNND,1708,0.10493143741041422,0.0,0.10493143741041422,
4,260820,mixed,MIXED,PNND,1709,0.11608405038714409,0.0,0.11608405038714409,
4,260820,mixed,MIXED,PNND,1710,0.1229186449199915,0.0,0.1229186449199915,
4,260820,mixed,MIXED,PNND,1711,0.14445055276155472,0.0,0.14445055276155472,
4,260820,mixed,MIXED,PNND,1712,0.13601022586226463,0.0,0.13601022586226463,
4,260820,mixed,MIXED,PNND,1713,0.12126875855028629,0.0,0.12126875855028629,
4,260820,mixed,MIXED,PNND,1714,0.1381890680640936,0.0,0.1381890680640936,
4,260820,mixed,MIXED,PNND,1715,0.15797536075115204,0.0,0.15797536075115204,
4,260820,mixed,MIXED,PNND,1716,0.1448173150420189,0.0,0.1448173150420189,
4,260820,mixed,MIXED,PNND,1717,0.1040074098855257,0.0,0.1040074098855257,
4,260820,mixed,MIXED,PNND,1718,0.1262656580656767,0.0,0.1262656580656767,
4,260820,mixed,MIXED,PNND,1719,0.11408861726522446,0.0,0.11408861726522446,
4,260820,mixed,MIXED,PNND,1720,0.09997124038636684,0.0,0.09997124038636684,
4,260820,mixed,MIXED,PNND,1721,0.11213947460055351,0.0,0.11213947460055351,
4,260820,mixed,MIXED,PNND,1722,0.14257227629423141,0.0,0.14257227629423141,
4,260820,mixed,MIXED,PNND,1723,0.11556629650294781,0.0,0.11556629650294781,
4,260820,mixed,MIXED,PNND,1724,0.14972781389951706,0.0,0.14972781389951706,
4,260820,mixed,MIXED,PNND,1725,0.14062141254544258,0.0,0.14062141254544258,
4,260820,mixed,MIXED,PNND,1726,0.10580748319625854,0.0,0.10580748319625854,
4,260820,mixed,MIXED,PNND,1727,0.13003506883978844,0.0,0.13003506883978844,
4,260820,mixed,MIXED,PNND,1728,0.1264662854373455,0.0,0.1264662854373455,
4,260820,mixed,MIXED,PNND,1729,0.1272668894380331,0.0,0.1272668894380331,
4,260820,mixed,MIXED,PNND,1730,0.10768781043589115,0.0,0.10768781043589115,
4,260820,mixed,MIXED,PNND,1731,0.11847175098955631,0.0,0.11847175098955631,
4,260820,mixed,MIXED,PNND,1732,0.11737094819545746,0.0,0.11737094819545746,
4,260820,mixed,MIXED,PNND,1733,0.13237078115344048,0.0,0.13237078115344048,
4,260820,mixed,MIXED,PNND,1734,0.09804684575647116,0.0,0.09804684575647116,
4,260820,mixed,MIXED,PNND,1735,0.12299696914851665,0.0,0.12299696914851665,
4,260820,mixed,MIXED,PNND,1736,0.12598143331706524,0.0,0.12598143331706524,
4,260820,mixed,MIXED,PNND,1737,0.1550842858850956,0.0,0.1550842858850956,
4,260820,mixed,MIXED,PNND,1738,0.14805767685174942,0.0,0.14805767685174942,
4,260820,mixed,MIXED,PNND,1739,0.09806737303733826,0.0,0.09806737303733826,
4,260820,mixed,MIXED,PNND,1740,0.14730636682361364,0.0,0.14730636682361364,
4,260820,mixed,MIXED,PNND,1741,0.14306121692061424,0.0,0.14306121692061424,
4,260820,mixed,MIXED,PNND,1742,0.10178823582828045,0.0,0.10178823582828045,
4,260820,mixed,MIXED,PNND,1743,0.11123380437493324,0.0,0.11123380437493324,
4,260820,mixed,MIXED,PNND,1744,0.13074798323214054,0.0,0.13074798323214054,
4,260820,mixed,MIXED,PNND,1745,0.113527687266469,0.0,0.113527687266469,
4,260820,mixed,MIXED,PNND,1746,0.1453675776720047,0.0,0.1453675776720047,
4,260820,mixed,MIXED,PNND,1747,0.15657653287053108,0.0,0.15657653287053108,
4,260820,mixed,MIXED,PNND,1748,0.12706934474408627,0.0,0.12706934474408627,
4,260820,mixed,MIXED,PNND,1749,0.15068603307008743,0.0,0.15068603307008743,
4,260820,mixed,MIXED,PNND,1750,0.12239738181233406,0.0,0.12239738181233406,
4,260820,mixed,MIXED,PNND,1751,0.09225736930966377,0.0,0.09225736930966377,
4,260820,mixed,MIXED,PNND,1752,0.1268518641591072,0.0,0.1268518641591072,
4,260820,mixed,MIXED,PNND,1753,0.1454129796475172,0.0,0.1454129796475172,
4,260820,mixed,MIXED,PNND,1754,0.14932934753596783,0.0,0.14932934753596783,
4,260820,mixed,MIXED,PNND,1755,0.11455307528376579,0.0,0.11455307528376579,
4,260820,mixed,MIXED,PNND,1756,0.15782178193330765,0.0,0.15782178193330765,
4,260820,mixed,MIXED,PNND,1757,0.11608235351741314,0.0,0.11608235351741314,
4,260820,mixed,MIXED,PNND,1758,0.13876765593886375,0.0,0.13876765593886375,
4,260820,mixed,MIXED,PNND,1759,0.10610995255410671,0.0,0.10610995255410671,
4,260820,mixed,MIXED,PNND,1760,0.1321627777069807,0.0,0.1321627777069807,
4,260820,mixed,MIXED,PNND,1761,0.11835087835788727,0.0,0.11835087835788727,
4,260820,mixed,MIXED,PNND,1762,0.1537349596619606,0.0,0.1537349596619606,
4,260820,mixed,MIXED,PNND,1763,0.12680790945887566,0.0,0.12680790945887566,
4,260820,mixed,MIXED,PNND,1764,0.09079985693097115,0.0,0.09079985693097115,
4,260820,mixed,MIXED,PNND,1765,0.09221093356609344,0.0,0.09221093356609344,
4,260820,mixed,MIXED,PNND,1766,0.09866656735539436,0.0,0.09866656735539436,
4,260820,mixed,MIXED,PNND,1767,0.09849637560546398,0.0,0.09849637560546398,
4,260820,mixed,MIXED,PNND,1768,0.11895590648055077,0.0,0.11895590648055077,
4,260820,mixed,MIXED,PNND,1769,0.08191577345132828,0.0,0.08191577345132828,
4,260820,mixed,MIXED,PNND,1770,0.12485866621136665,0.0,0.12485866621136665,
4,260820,mixed,MIXED,PNND,1771,0.1283682957291603,0.0,0.1283682957291603,
4,260820,mixed,MIXED,PNND,1772,0.12308189645409584,0.0,0.12308189645409584,
4,260820,mixed,MIXED,PNND,1773,0.1122607421129942,0.0,0.1122607421129942,
4,260820,mixed,MIXED,PNND,1774,0.14237583056092262,0.0,0.14237583056092262,
4,260820,mixed,MIXED,PNND,1775,0.09460409358143806,0.0,0.09460409358143806,
4,260820,mixed,MIXED,PNND,1776,0.1453219000250101,0.0,0.1453219000250101,
4,260820,mixed,MIXED,PNND,1777,0.1258785706013441,0.0,0.1258785706013441,
4,260820,mixed,MIXED,PNND,1778,0.11374041251838207,0.0,0.11374041251838207,
4,260820,mixed,MIXED,PNND,1779,0.1201213151216507,0.0,0.1201213151216507,
4,260820,mixed,MIXED,PNND,1780,0.12013439647853374,0.0,0.12013439647853374,
4,260820,mixed,MIXED,PNND,1781,0.13364316523075104,0.0,0.13364316523075104,
4,260820,mixed,MIXED,PNND,1782,0.11618085205554962,0.0,0.11618085205554962,
4,260820,mixed,MIXED,PNND,1783,0.10800743103027344,0.0,0.10800743103027344,
4,260820,mixed,MIXED,PNND,1784,0.1112500112503767,0.0,0.1112500112503767,
4,260820,mixed,MIXED,PNND,1785,0.154165456071496,0.0,0.154165456071496,
4,260820,mixed,MIXED,PNND,1786,0.12487583793699741,0.0,0.12487583793699741,
4,260820,mixed,MIXED,PNND,1787,0.09584404714405537,0.0,0.09584404714405537,
4,260820,mixed,MIXED,PNND,1788,0.1348019279539585,0.0,0.1348019279539585,
4,260820,mixed,MIXED,PNND,1789,0.09713374078273773,0.0,0.09713374078273773,
4,260820,mixed,MIXED,PNND,1790,0.13804559409618378,0.0,0.13804559409618378,
4,260820,mixed,MIXED,PNND,1791,0.10245377756655216,0.0,0.10245377756655216,
4,260820,mixed,MIXED,PNND,1792,0.10010129027068615,0.0,0.10010129027068615,
4,260820,mixed,MIXED,PNND,1793,0.13067027926445007,0.0,0.13067027926445007,
4,260820,mixed,MIXED,PNND,1794,0.11076734587550163,0.0,0.11076734587550163,
4,260820,mixed,MIXED,PNND,1795,0.11220071278512478,0.0,0.11220071278512478,
4,260820,mixed,MIXED,PNND,1796,0.0812979955226183,0.0,0.0812979955226183,
4,260820,mixed,MIXED,PNND,1797,0.11468063481152058,0.0,0.11468063481152058,
4,260820,mixed,MIXED,PNND,1798,0.15506286174058914,0.0,0.15506286174058914,
4,260820,mixed,MIXED,PNND,1799,0.1267134714871645,0.0,0.1267134714871645,
4,260820,mixed,MIXED,PNND,1800,0.10759084112942219,0.0,0.10759084112942219,-0.7256763748705217
4,260820,mixed,MIXED,PNND,1801,0.1466984525322914,0.0,0.1466984525322914,
4,260820,mixed,MIXED,PNND,1802,0.10685739107429981,0.0,0.10685739107429981,
4,260820,mixed,MIXED,PNND,1803,0.11853841692209244,0.0,0.11853841692209244,
4,260820,mixed,MIXED,PNND,1804,0.10583461076021194,0.0,0.10583461076021194,
4,260820,mixed,MIXED,PNND,1805,0.0975666493177414,0.0,0.0975666493177414,
4,260820,mixed,MIXED,PNND,1806,0.10455191507935524,0.0,0.10455191507935524,
4,260820,mixed,MIXED,PNND,1807,0.1162476185709238,0.0,0.1162476185709238,
4,260820,mixed,MIXED,PNND,1808,0.16589516773819923,0.0,0.16589516773819923,
4,260820,mixed,MIXED,PNND,1809,0.1167879719287157,0.0,0.1167879719287157,
4,260820,mixed,MIXED,PNND,1810,0.12173165380954742,0.0,0.12173165380954742,
4,260820,mixed,MIXED,PNND,1811,0.13750292360782623,0.0,0.13750292360782623,
4,260820,mixed,MIXED,PNND,1812,0.10029596835374832,0.0,0.10029596835374832,
4,260820,mixed,MIXED,PNND,1813,0.14403101615607738,0.0,0.14403101615607738,
4,260820,mixed,MIXED,PNND,1814,0.14404543116688728,0.0,0.14404543116688728,
4,260820,mixed,MIXED,PNND,1815,0.122356116771698,0.0,0.122356116771698,
4,260820,mixed,MIXED,PNND,1816,0.13302059471607208,0.0,0.13302059471607208,
4,260820,mixed,MIXED,PNND,1817,0.10442307032644749,0.0,0.10442307032644749,
4,260820,mixed,MIXED,PNND,1818,0.08422377146780491,0.0,0.08422377146780491,
4,260820,mixed,MIXED,PNND,1819,0.11301790177822113,0.0,0.11301790177822113,
4,260820,mixed,MIXED,PNND,1820,0.10134276561439037,0.0,0.10134276561439037,
4,260820,mixed,MIXED,PNND,1821,0.12733316980302334,0.0,0.12733316980302334,
4,260820,mixed,MIXED,PNND,1822,0.13461512699723244,0.0,0.13461512699723244,
4,260820,mixed,MIXED,PNND,1823,0.13579401932656765,0.0,0.13579401932656765,
4,260820,mixed,MIXED,PNND,1824,0.1344079002737999,0.0,0.1344079002737999,
4,260820,mixed,MIXED,PNND,1825,0.09748006612062454,0.0,0.09748006612062454,
4,260820,mixed,MIXED,PNND,1826,0.1178005039691925,0.0,0.1178005039691925,
4,260820,mixed,MIXED,PNND,1827,0.10354612022638321,0.0,0.10354612022638321,
4,260820,mixed,MIXED,PNND,1828,0.1115624401718378,0.0,0.1115624401718378,
4,260820,mixed,MIXED,PNND,1829,0.11585851944983006,0.0,0.11585851944983006,
4,260820,mixed,MIXED,PNND,1830,0.10713831055909395,0.0,0.10713831055909395,
4,260820,mixed,MIXED,PNND,1831,0.10632098466157913,0.0,0.10632098466157913,
4,260820,mixed,MIXED,PNND,1832,0.11543225310742855,0.0,0.11543225310742855,
4,260820,mixed,MIXED,PNND,1833,0.16293375939130783,0.0,0.16293375939130783,
4,260820,mixed,MIXED,PNND,1834,0.12151461467146873,0.0,0.12151461467146873,
4,260820,mixed,MIXED,PNND,1835,0.14238188788294792,0.0,0.14238188788294792,
4,260820,mixed,MIXED,PNND,1836,0.10807177424430847,0.0,0.10807177424430847,
4,260820,mixed,MIXED,PNND,1837,0.11108585819602013,0.0,0.11108585819602013,
4,260820,mixed,MIXED,PNND,1838,0.11666363477706909,0.0,0.11666363477706909,
4,260820,mixed,MIXED,PNND,1839,0.13824453949928284,0.0,0.13824453949928284,
4,260820,mixed,MIXED,PNND,1840,0.16764423251152039,0.0,0.16764423251152039,
4,260820,mixed,MIXED,PNND,1841,0.10223944671452045,0.0,0.10223944671452045,
4,260820,mixed,MIXED,PNND,1842,0.09763338603079319,0.0,0.09763338603079319,
4,260820,mixed,MIXED,PNND,1843,0.1252713818103075,0.0,0.1252713818103075,
4,260820,mixed,MIXED,PNND,1844,0.1253038328140974,0.0,0.1253038328140974,
4,260820,mixed,MIXED,PNND,1845,0.10768820159137249,0.0,0.10768820159137249,
4,260820,mixed,MIXED,PNND,1846,0.10180543921887875,0.0,0.10180543921887875,
4,260820,mixed,MIXED,PNND,1847,0.10657995846122503,0.0,0.10657995846122503,
4,260820,mixed,MIXED,PNND,1848,0.11256261169910431,0.0,0.11256261169910431,
4,260820,mixed,MIXED,PNND,1849,0.12061869539320469,0.0,0.12061869539320469,
4,260820,mixed,MIXED,PNND,1850,0.13328501768410206,0.0,0.13328501768410206,
4,260820,mixed,MIXED,PNND,1851,0.1265074387192726,0.0,0.1265074387192726,
4,260820,mixed,MIXED,PNND,1852,0.11397628486156464,0.0,0.11397628486156464,
4,260820,mixed,MIXED,PNND,1853,0.15999446995556355,0.0,0.15999446995556355,
4,260820,mixed,MIXED,PNND,1854,0.13825584948062897,0.0,0.13825584948062897,
4,260820,mixed,MIXED,PNND,1855,0.10430369898676872,0.0,0.10430369898676872,
4,260820,mixed,MIXED,PNND,1856,0.08604145050048828,0.0,0.08604145050048828,
4,260820,mixed,MIXED,PNND,1857,0.11113360524177551,0.0,0.11113360524177551,
4,260820,mixed,MIXED,PNND,1858,0.1010397020727396,0.0,0.1010397020727396,
4,260820,mixed,MIXED,PNND,1859,0.1341087743639946,0.0,0.1341087743639946,
4,260820,mixed,MIXED,PNND,1860,0.1688486561179161,0.0,0.1688486561179161,
4,260820,mixed,MIXED,PNND,1861,0.10235323384404182,0.0,0.10235323384404182,
4,260820,mixed,MIXED,PNND,1862,0.11827851831912994,0.0,0.11827851831912994,
4,260820,mixed,MIXED,PNND,1863,0.11847271397709846,0.0,0.11847271397709846,
4,260820,mixed,MIXED,PNND,1864,0.17491556331515312,0.0,0.17491556331515312,
4,260820,mixed,MIXED,PNND,1865,0.13386379927396774,0.0,0.13386379927396774,
4,260820,mixed,MIXED,PNND,1866,0.11203443445265293,0.0,0.11203443445265293,
4,260820,mixed,MIXED,PNND,1867,0.12363946996629238,0.0,0.12363946996629238,
4,260820,mixed,MIXED,PNND,1868,0.11979284882545471,0.0,0.11979284882545471,
4,260820,mixed,MIXED,PNND,1869,0.1496078036725521,0.0,0.1496078036725521,
4,260820,mixed,MIXED,PNND,1870,0.09156002756208181,0.0,0.09156002756208181,
4,260820,mixed,MIXED,PNND,1871,0.1548802498728037,0.0,0.1548802498728037,
4,260820,mixed,MIXED,PNND,1872,0.08439070731401443,0.0,0.08439070731401443,
4,260820,mixed,MIXED,PNND,1873,0.1403845101594925,0.0,0.1403845101594925,
4,260820,mixed,MIXED,PNND,1874,0.10373674146831036,0.0,0.10373674146831036,
4,260820,mixed,MIXED,PNND,1875,0.10033604502677917,0.0,0.10033604502677917,
4,260820,mixed,MIXED,PNND,1876,0.13022885844111443,0.0,0.13022885844111443,
4,260820,mixed,MIXED,PNND,1877,0.13038770481944084,0.0,0.13038770481944084,
4,260820,mixed,MIXED,PNND,1878,0.13024784810841084,0.0,0.13024784810841084,
4,260820,mixed,MIXED,PNND,1879,0.1133650578558445,0.0,0.1133650578558445,
4,260820,mixed,MIXED,PNND,1880,0.07062120921909809,0.0,0.07062120921909809,
4,260820,mixed,MIXED,PNND,1881,0.11582901887595654,0.0,0.11582901887595654,
4,260820,mixed,MIXED,PNND,1882,0.11432652361690998,0.0,0.11432652361690998,
4,260820,mixed,MIXED,PNND,1883,0.08303663786500692,0.0,0.08303663786500692,
4,260820,mixed,MIXED,PNND,1884,0.09544931631535292,0.0,0.09544931631535292,
4,260820,mixed,MIXED,PNND,1885,0.12482782173901796,0.0,0.12482782173901796,
4,260820,mixed,MIXED,PNND,1886,0.11456940323114395,0.0,0.11456940323114395,
4,260820,mixed,MIXED,PNND,1887,0.10200164932757616,0.0,0.10200164932757616,
4,260820,mixed,MIXED,PNND,1888,0.10866161622107029,0.0,0.10866161622107029,
4,260820,mixed,MIXED,PNND,1889,0.11555996164679527,0.0,0.11555996164679527,
4,260820,mixed,MIXED,PNND,1890,0.18082718923687935,0.0,0.18082718923687935,
4,260820,mixed,MIXED,PNND,1891,0.1308630658313632,0.0,0.1308630658313632,
4,260820,mixed,MIXED,PNND,1892,0.13062110543251038,0.0,0.13062110543251038,
4,260820,mixed,MIXED,PNND,1893,0.12386837787926197,0.0,0.12386837787926197,
4,260820,mixed,MIXED,PNND,1894,0.1338983029127121,0.0,0.1338983029127121,
4,260820,mixed,MIXED,PNND,1895,0.11144983768463135,0.0,0.11144983768463135,
4,260820,mixed,MIXED,PNND,1896,0.10046374425292015,0.0,0.10046374425292015,
4,260820,mixed,MIXED,PNND,1897,0.10776647552847862,0.0,0.10776647552847862,
4,260820,mixed,MIXED,PNND,1898,0.1492769569158554,0.0,0.1492769569158554,
4,260820,mixed,MIXED,PNND,1899,0.10299411043524742,0.0,0.10299411043524742,
4,260820,mixed,MIXED,PNND,1900,0.14503398351371288,0.0,0.14503398351371288,
4,260820,mixed,MIXED,PNND,1901,0.09237577207386494,0.0,0.09237577207386494,
4,260820,mixed,MIXED,PNND,1902,0.11499012261629105,0.0,0.11499012261629105,
4,260820,mixed,MIXED,PNND,1903,0.08083672635257244,0.0,0.08083672635257244,
4,260820,mixed,MIXED,PNND,1904,0.10681107267737389,0.0,0.10681107267737389,
4,260820,mixed,MIXED,PNND,1905,0.09141939878463745,0.0,0.09141939878463745,
4,260820,mixed,MIXED,PNND,1906,0.1221486683934927,0.0,0.1221486683934927,
4,260820,mixed,MIXED,PNND,1907,0.1300458014011383,0.0,0.1300458014011383,
4,260820,mixed,MIXED,PNND,1908,0.11383067816495895,0.0,0.11383067816495895,
4,260820,mixed,MIXED,PNND,1909,0.0899900458753109,0.0,0.0899900458753109,
4,260820,mixed,MIXED,PNND,1910,0.11653830111026764,0.0,0.11653830111026764,
4,260820,mixed,MIXED,PNND,1911,0.140553193166852,0.0,0.140553193166852,
4,260820,mixed,MIXED,PNND,1912,0.10847345367074013,0.0,0.10847345367074013,
4,260820,mixed,MIXED,PNND,1913,0.08934974297881126,0.0,0.08934974297881126,
4,260820,mixed,MIXED,PNND,1914,0.10529988259077072,0.0,0.10529988259077072,
4,260820,mixed,MIXED,PNND,1915,0.11631636135280132,0.0,0.11631636135280132,
4,260820,mixed,MIXED,PNND,1916,0.1162554882466793,0.0,0.1162554882466793,
4,260820,mixed,MIXED,PNND,1917,0.14699015952646732,0.0,0.14699015952646732,
4,260820,mixed,MIXED,PNND,1918,0.11128769814968109,0.0,0.11128769814968109,
4,260820,mixed,MIXED,PNND,1919,0.11831976473331451,0.0,0.11831976473331451,
4,260820,mixed,MIXED,PNND,1920,0.13077283278107643,0.0,0.13077283278107643,
4,260820,mixed,MIXED,PNND,1921,0.1057197256013751,0.0,0.1057197256013751,
4,260820,mixed,MIXED,PNND,1922,0.09122313745319843,0.0,0.09122313745319843,
4,260820,mixed,MIXED,PNND,1923,0.12778408825397491,0.0,0.12778408825397491,
4,260820,mixed,MIXED,PNND,1924,0.10561068169772625,0.0,0.10561068169772625,
4,260820,mixed,MIXED,PNND,1925,0.12499557062983513,0.0,0.12499557062983513,
4,260820,mixed,MIXED,PNND,1926,0.08391891419887543,0.0,0.08391891419887543,
4,260820,mixed,MIXED,PNND,1927,0.09836572222411633,0.0,0.09836572222411633,
4,260820,mixed,MIXED,PNND,1928,0.10167874582111835,0.0,0.10167874582111835,
4,260820,mixed,MIXED,PNND,1929,0.1319344136863947,0.0,0.1319344136863947,
4,260820,mixed,MIXED,PNND,1930,0.1632225103676319,0.0,0.1632225103676319,
4,260820,mixed,MIXED,PNND,1931,0.11749612167477608,0.0,0.11749612167477608,
4,260820,mixed,MIXED,PNND,1932,0.10087427124381065,0.0,0.10087427124381065,
4,260820,mixed,MIXED,PNND,1933,0.14542125537991524,0.0,0.14542125537991524,
4,260820,mixed,MIXED,PNND,1934,0.13420625776052475,0.0,0.13420625776052475,
4,260820,mixed,MIXED,PNND,1935,0.10264947824180126,0.0,0.10264947824180126,
4,260820,mixed,MIXED,PNND,1936,0.13723419420421124,0.0,0.13723419420421124,
4,260820,mixed,MIXED,PNND,1937,0.15301725268363953,0.0,0.15301725268363953,
4,260820,mixed,MIXED,PNND,1938,0.12547234259545803,0.0,0.12547234259545803,
4,260820,mixed,MIXED,PNND,1939,0.12780507281422615,0.0,0.12780507281422615,
4,260820,mixed,MIXED,PNND,1940,0.128464262932539,0.0,0.128464262932539,
4,260820,mixed,MIXED,PNND,1941,0.11337906867265701,0.0,0.11337906867265701,
4,260820,mixed,MIXED,PNND,1942,0.13359310664236546,0.0,0.13359310664236546,
4,260820,mixed,MIXED,PNND,1943,0.1499988716095686,0.0,0.1499988716095686,
4,260820,mixed,MIXED,PNND,1944,0.11078759282827377,0.0,0.11078759282827377,
4,260820,mixed,MIXED,PNND,1945,0.0949808806180954,0.0,0.0949808806180954,
4,260820,mixed,MIXED,PNND,1946,0.1190757267177105,0.0,0.1190757267177105,
4,260820,mixed,MIXED,PNND,1947,0.10735205188393593,0.0,0.10735205188393593,
4,260820,mixed,MIXED,PNND,1948,0.10761578753590584,0.0,0.10761578753590584,
4,260820,mixed,MIXED,PNND,1949,0.19177459180355072,0.0,0.19177459180355072,
4,260820,mixed,MIXED,PNND,1950,0.10600652173161507,0.0,0.10600652173161507,
4,260820,mixed,MIXED,PNND,1951,0.13958905637264252,0.0,0.13958905637264252,
4,260820,mixed,MIXED,PNND,1952,0.12649624049663544,0.0,0.12649624049663544,
4,260820,mixed,MIXED,PNND,1953,0.10868316516280174,0.0,0.10868316516280174,
4,260820,mixed,MIXED,PNND,1954,0.13400561548769474,0.0,0.13400561548769474,
4,260820,mixed,MIXED,PNND,1955,0.15540583059191704,0.0,0.15540583059191704,
4,260820,mixed,MIXED,PNND,1956,0.10937087796628475,0.0,0.10937087796628475,
4,260820,mixed,MIXED,PNND,1957,0.12761827930808067,0.0,0.12761827930808067,
4,260820,mixed,MIXED,PNND,1958,0.12081515789031982,0.0,0.12081515789031982,
4,260820,mixed,MIXED,PNND,1959,0.09441118687391281,0.0,0.09441118687391281,
4,260820,mixed,MIXED,PNND,1960,0.10342319309711456,0.0,0.10342319309711456,
4,260820,mixed,MIXED,PNND,1961,0.13027813285589218,0.0,0.13027813285589218,
4,260820,mixed,MIXED,PNND,1962,0.1363664697855711,0.0,0.1363664697855711,
4,260820,mixed,MIXED,PNND,1963,0.10870050825178623,0.0,0.10870050825178623,
4,260820,mixed,MIXED,PNND,1964,0.08797022979706526,0.0,0.08797022979706526,
4,260820,mixed,MIXED,PNND,1965,0.11866403371095657,0.0,0.11866403371095657,
4,260820,mixed,MIXED,PNND,1966,0.08450767211616039,0.0,0.08450767211616039,
4,260820,mixed,MIXED,PNND,1967,0.13171242736279964,0.0,0.13171242736279964,
4,260820,mixed,MIXED,PNND,1968,0.1561122965067625,0.0,0.1561122965067625,
4,260820,mixed,MIXED,PNND,1969,0.11178598366677761,0.0,0.11178598366677761,
4,260820,mixed,MIXED,PNND,1970,0.08473741170018911,0.0,0.08473741170018911,
4,260820,mixed,MIXED,PNND,1971,0.10591856576502323,0.0,0.10591856576502323,
4,260820,mixed,MIXED,PNND,1972,0.08253220375627279,0.0,0.08253220375627279,
4,260820,mixed,MIXED,PNND,1973,0.07968648336827755,0.0,0.07968648336827755,
4,260820,mixed,MIXED,PNND,1974,0.07454435899853706,0.0,0.07454435899853706,
4,260820,mixed,MIXED,PNND,1975,0.117389265447855,0.0,0.117389265447855,
4,260820,mixed,MIXED,PNND,1976,0.14714304357767105,0.0,0.14714304357767105,
4,260820,mixed,MIXED,PNND,1977,0.12352905422449112,0.0,0.12352905422449112,
4,260820,mixed,MIXED,PNND,1978,0.17087284103035927,0.0,0.17087284103035927,
4,260820,mixed,MIXED,PNND,1979,0.09033196605741978,0.0,0.09033196605741978,
4,260820,mixed,MIXED,PNND,1980,0.10103415232151747,0.0,0.10103415232151747,
4,260820,mixed,MIXED,PNND,1981,0.08822626248002052,0.0,0.08822626248002052,
4,260820,mixed,MIXED,PNND,1982,0.10508281923830509,0.0,0.10508281923830509,
4,260820,mixed,MIXED,PNND,1983,0.07888445444405079,0.0,0.07888445444405079,
4,260820,mixed,MIXED,PNND,1984,0.11414354667067528,0.0,0.11414354667067528,
4,260820,mixed,MIXED,PNND,1985,0.11347183398902416,0.0,0.11347183398902416,
4,260820,mixed,MIXED,PNND,1986,0.14241519384086132,0.0,0.14241519384086132,
4,260820,mixed,MIXED,PNND,1987,0.12072899751365185,0.0,0.12072899751365185,
4,260820,mixed,MIXED,PNND,1988,0.11830468475818634,0.0,0.11830468475818634,
4,260820,mixed,MIXED,PNND,1989,0.12117586471140385,0.0,0.12117586471140385,
4,260820,mixed,MIXED,PNND,1990,0.12991863489151,0.0,0.12991863489151,
4,260820,mixed,MIXED,PNND,1991,0.14274555444717407,0.0,0.14274555444717407,
4,260820,mixed,MIXED,PNND,1992,0.15853277035057545,0.0,0.15853277035057545,
4,260820,mixed,MIXED,PNND,1993,0.12231585383415222,0.0,0.12231585383415222,
4,260820,mixed,MIXED,PNND,1994,0.13994552940130234,0.0,0.13994552940130234,
4,260820,mixed,MIXED,PNND,1995,0.10468491725623608,0.0,0.10468491725623608,
4,260820,mixed,MIXED,PNND,1996,0.13664469495415688,0.0,0.13664469495415688,
4,260820,mixed,MIXED,PNND,1997,0.06490673683583736,0.0,0.06490673683583736,
4,260820,mixed,MIXED,PNND,1998,0.11301389336585999,0.0,0.11301389336585999,
4,260820,mixed,MIXED,PNND,1999,0.13304823450744152,0.0,0.13304823450744152,
4,260820,mixed,MIXED,PNND,2000,0.11608863808214664,0.0,0.11608863808214664,-0.7590658953519911
4,260820,mixed,MIXED,PNND,2001,0.1223769560456276,0.0,0.1223769560456276,
4,260820,mixed,MIXED,PNND,2002,0.11784786731004715,0.0,0.11784786731004715,
4,260820,mixed,MIXED,PNND,2003,0.11351707391440868,0.0,0.11351707391440868,
4,260820,mixed,MIXED,PNND,2004,0.09610148891806602,0.0,0.09610148891806602,
4,260820,mixed,MIXED,PNND,2005,0.11176214180886745,0.0,0.11176214180886745,
4,260820,mixed,MIXED,PNND,2006,0.10466896556317806,0.0,0.10466896556317806,
4,260820,mixed,MIXED,PNND,2007,0.12979255802929401,0.0,0.12979255802929401,
4,260820,mixed,MIXED,PNND,2008,0.1128676850348711,0.0,0.1128676850348711,
4,260820,mixed,MIXED,PNND,2009,0.09012109600007534,0.0,0.09012109600007534,
4,260820,mixed,MIXED,PNND,2010,0.12267335131764412,0.0,0.12267335131764412,
4,260820,mixed,MIXED,PNND,2011,0.13334088772535324,0.0,0.13334088772535324,
4,260820,mixed,MIXED,PNND,2012,0.12277583032846451,0.0,0.12277583032846451,
4,260820,mixed,MIXED,PNND,2013,0.10709778871387243,0.0,0.10709778871387243,
4,260820,mixed,MIXED,PNND,2014,0.1214831043034792,0.0,0.1214831043034792,
4,260820,mixed,MIXED,PNND,2015,0.09341777954250574,0.0,0.09341777954250574,
4,260820,mixed,MIXED,PNND,2016,0.0965426079928875,0.0,0.0965426079928875,
4,260820,mixed,MIXED,PNND,2017,0.10865176469087601,0.0,0.10865176469087601,
4,260820,mixed,MIXED,PNND,2018,0.09226874448359013,0.0,0.09226874448359013,
4,260820,mixed,MIXED,PNND,2019,0.12563339062035084,0.0,0.12563339062035084,
4,260820,mixed,MIXED,PNND,2020,0.11237670853734016,0.0,0.11237670853734016,
4,260820,mixed,MIXED,PNND,2021,0.12284386157989502,0.0,0.12284386157989502,
4,260820,mixed,MIXED,PNND,2022,0.09696267638355494,0.0,0.09696267638355494,
4,260820,mixed,MIXED,PNND,2023,0.11483775824308395,0.0,0.11483775824308395,
4,260820,mixed,MIXED,PNND,2024,0.0796219501644373,0.0,0.0796219501644373,
4,260820,mixed,MIXED,PNND,2025,0.126638051122427,0.0,0.126638051122427,
4,260820,mixed,MIXED,PNND,2026,0.14518943428993225,0.0,0.14518943428993225,
4,260820,mixed,MIXED,PNND,2027,0.13933377154171467,0.0,0.13933377154171467,
4,260820,mixed,MIXED,PNND,2028,0.1368889631703496,0.0,0.1368889631703496,
4,260820,mixed,MIXED,PNND,2029,0.10976489074528217,0.0,0.10976489074528217,
4,260820,mixed,MIXED,PNND,2030,0.12438499182462692,0.0,0.12438499182462692,
4,260820,mixed,MIXED,PNND,2031,0.07395287416875362,0.0,0.07395287416875362,
4,260820,mixed,MIXED,PNND,2032,0.10431607253849506,0.0,0.10431607253849506,
4,260820,mixed,MIXED,PNND,2033,0.13289174251258373,0.0,0.13289174251258373,
4,260820,mixed,MIXED,PNND,2034,0.11326860077679157,0.0,0.11326860077679157,
4,260820,mixed,MIXED,PNND,2035,0.11147455126047134,0.0,0.11147455126047134,
4,260820,mixed,MIXED,PNND,2036,0.1207373645156622,0.0,0.1207373645156622,
4,260820,mixed,MIXED,PNND,2037,0.09584608115255833,0.0,0.09584608115255833,
4,260820,mixed,MIXED,PNND,2038,0.12241806089878082,0.0,0.12241806089878082,
4,260820,mixed,MIXED,PNND,2039,0.13020125031471252,0.0,0.13020125031471252,
4,260820,mixed,MIXED,PNND,2040,0.08680599741637707,0.0,0.08680599741637707,
4,260820,mixed,MIXED,PNND,2041,0.12499189004302025,0.0,0.12499189004302025,
4,260820,mixed,MIXED,PNND,2042,0.11424107849597931,0.0,0.11424107849597931,
4,260820,mixed,MIXED,PNND,2043,0.15284595638513565,0.0,0.15284595638513565,
4,260820,mixed,MIXED,PNND,2044,0.11014635488390923,0.0,0.11014635488390923,
4,260820,mixed,MIXED,PNND,2045,0.09352482855319977,0.0,0.09352482855319977,
4,260820,mixed,MIXED,PNND,2046,0.08214792422950268,0.0,0.08214792422950268,
4,260820,mixed,MIXED,PNND,2047,0.13106886483728886,0.0,0.13106886483728886,
4,260820,mixed,MIXED,PNND,2048,0.13307190500199795,0.0,0.13307190500199795,
4,260820,mixed,MIXED,PNND,2049,0.11818062793463469,0.0,0.11818062793463469,
4,260820,mixed,MIXED,PNND,2050,0.1010269746184349,0.0,0.1010269746184349,
4,260820,mixed,MIXED,PNND,2051,0.08439668640494347,0.0,0.08439668640494347,
4,260820,mixed,MIXED,PNND,2052,0.12008087523281574,0.0,0.12008087523281574,
4,260820,mixed,MIXED,PNND,2053,0.11329854279756546,0.0,0.11329854279756546,
4,260820,mixed,MIXED,PNND,2054,0.11301591247320175,0.0,0.11301591247320175,
4,260820,mixed,MIXED,PNND,2055,0.13002050388604403,0.0,0.13002050388604403,
4,260820,mixed,MIXED,PNND,2056,0.10301877185702324,0.0,0.10301877185702324,
4,260820,mixed,MIXED,PNND,2057,0.12845507264137268,0.0,0.12845507264137268,
4,260820,mixed,MIXED,PNND,2058,0.11254762671887875,0.0,0.11254762671887875,
4,260820,mixed,MIXED,PNND,2059,0.11861613020300865,0.0,0.11861613020300865,
4,260820,mixed,MIXED,PNND,2060,0.12325345724821091,0.0,0.12325345724821091,
4,260820,mixed,MIXED,PNND,2061,0.11733836680650711,0.0,0.11733836680650711,
4,260820,mixed,MIXED,PNND,2062,0.13219061121344566,0.0,0.13219061121344566,
4,260820,mixed,MIXED,PNND,2063,0.08901927340775728,0.0,0.08901927340775728,
4,260820,mixed,MIXED,PNND,2064,0.13968403078615665,0.0,0.13968403078615665,
4,260820,mixed,MIXED,PNND,2065,0.1272177007049322,0.0,0.1272177007049322,
4,260820,mixed,MIXED,PNND,2066,0.09489617124199867,0.0,0.09489617124199867,
4,260820,mixed,MIXED,PNND,2067,0.09227329865098,0.0,0.09227329865098,
4,260820,mixed,MIXED,PNND,2068,0.0804093461483717,0.0,0.0804093461483717,
4,260820,mixed,MIXED,PNND,2069,0.1276428997516632,0.0,0.1276428997516632,
4,260820,mixed,MIXED,PNND,2070,0.11134747974574566,0.0,0.11134747974574566,
4,260820,mixed,MIXED,PNND,2071,0.13897759560495615,0.0,0.13897759560495615,
4,260820,mixed,MIXED,PNND,2072,0.09911606181412935,0.0,0.09911606181412935,
4,260820,mixed,MIXED,PNND,2073,0.11266492679715157,0.0,0.11266492679715157,
4,260820,mixed,MIXED,PNND,2074,0.08153492957353592,0.0,0.08153492957353592,
4,260820,mixed,MIXED,PNND,2075,0.10116762854158878,0.0,0.10116762854158878,
4,260820,mixed,MIXED,PNND,2076,0.09424351900815964,0.0,0.09424351900815964,
4,260820,mixed,MIXED,PNND,2077,0.13716888800263405,0.0,0.13716888800263405,
4,260820,mixed,MIXED,PNND,2078,0.09502197615802288,0.0,0.09502197615802288,
4,260820,mixed,MIXED,PNND,2079,0.12319807335734367,0.0,0.12319807335734367,
4,260820,mixed,MIXED,PNND,2080,0.10814439877867699,0.0,0.10814439877867699,
4,260820,mixed,MIXED,PNND,2081,0.1489777024835348,0.0,0.1489777024835348,
4,260820,mixed,MIXED,PNND,2082,0.15825646743178368,0.0,0.15825646743178368,
4,260820,mixed,MIXED,PNND,2083,0.08495132252573967,0.0,0.08495132252573967,
4,260820,mixed,MIXED,PNND,2084,0.10331241972744465,0.0,0.10331241972744465,
4,260820,mixed,MIXED,PNND,2085,0.1370972115546465,0.0,0.1370972115546465,
4,260820,mixed,MIXED,PNND,2086,0.12996783293783665,0.0,0.12996783293783665,
4,260820,mixed,MIXED,PNND,2087,0.101001663133502,0.0,0.101001663133502,
4,260820,mixed,MIXED,PNND,2088,0.06791078578680754,0.0,0.06791078578680754,
4,260820,mixed,MIXED,PNND,2089,0.11440286226570606,0.0,0.11440286226570606,
4,260820,mixed,MIXED,PNND,2090,0.09900684282183647,0.0,0.09900684282183647,
4,260820,mixed,MIXED,PNND,2091,0.13718813471496105,0.0,0.13718813471496105,
4,260820,mixed,MIXED,PNND,2092,0.10763796605169773,0.0,0.10763796605169773,
4,260820,mixed,MIXED,PNND,2093,0.08445566892623901,0.0,0.08445566892623901,
4,260820,mixed,MIXED,PNND,2094,0.12990982457995415,0.0,0.12990982457995415,
4,260820,mixed,MIXED,PNND,2095,0.12112412229180336,0.0,0.12112412229180336,
4,260820,mixed,MIXED,PNND,2096,0.11546053737401962,0.0,0.11546053737401962,
4,260820,mixed,MIXED,PNND,2097,0.14338494651019573,0.0,0.14338494651019573,
4,260820,mixed,MIXED,PNND,2098,0.10007728636264801,0.0,0.10007728636264801,
4,260820,mixed,MIXED,PNND,2099,0.122144665569067,0.0,0.122144665569067,
4,260820,mixed,MIXED,PNND,2100,0.07385070621967316,0.0,0.07385070621967316,
4,260820,mixed,MIXED,PNND,2101,0.11409137770533562,0.0,0.11409137770533562,
4,260820,mixed,MIXED,PNND,2102,0.1104257870465517,0.0,0.1104257870465517,
4,260820,mixed,MIXED,PNND,2103,0.12820021249353886,0.0,0.12820021249353886,
4,260820,mixed,MIXED,PNND,2104,0.11132307909429073,0.0,0.11132307909429073,
4,260820,mixed,MIXED,PNND,2105,0.08861850760877132,0.0,0.08861850760877132,
4,260820,mixed,MIXED,PNND,2106,0.10421083122491837,0.0,0.10421083122491837,
4,260820,mixed,MIXED,PNND,2107,0.09834989160299301,0.0,0.09834989160299301,
4,260820,mixed,MIXED,PNND,2108,0.10980494506657124,0.0,0.10980494506657124,
4,260820,mixed,MIXED,PNND,2109,0.09700718335807323,0.0,0.09700718335807323,
4,260820,mixed,MIXED,PNND,2110,0.11080201342701912,0.0,0.11080201342701912,
4,260820,mixed,MIXED,PNND,2111,0.06761314626783133,0.0,0.06761314626783133,
4,260820,mixed,MIXED,PNND,2112,0.09404109790921211,0.0,0.09404109790921211,
4,260820,mixed,MIXED,PNND,2113,0.09410896897315979,0.0,0.09410896897315979,
4,260820,mixed,MIXED,PNND,2114,0.08659715484827757,0.0,0.08659715484827757,
4,260820,mixed,MIXED,PNND,2115,0.12854492478072643,0.0,0.12854492478072643,
4,260820,mixed,MIXED,PNND,2116,0.11973414570093155,0.0,0.11973414570093155,
4,260820,mixed,MIXED,PNND,2117,0.14000610634684563,0.0,0.14000610634684563,
4,260820,mixed,MIXED,PNND,2118,0.13536467216908932,0.0,0.13536467216908932,
4,260820,mixed,MIXED,PNND,2119,0.09926881641149521,0.0,0.09926881641149521,
4,260820,mixed,MIXED,PNND,2120,0.1758357547223568,0.0,0.1758357547223568,
4,260820,mixed,MIXED,PNND,2121,0.10232669673860073,0.0,0.10232669673860073,
4,260820,mixed,MIXED,PNND,2122,0.1087012067437172,0.0,0.1087012067437172,
4,260820,mixed,MIXED,PNND,2123,0.09677111264318228,0.0,0.09677111264318228,
4,260820,mixed,MIXED,PNND,2124,0.10580482985824347,0.0,0.10580482985824347,
4,260820,mixed,MIXED,PNND,2125,0.09126982651650906,0.0,0.09126982651650906,
4,260820,mixed,MIXED,PNND,2126,0.12082348391413689,0.0,0.12082348391413689,
4,260820,mixed,MIXED,PNND,2127,0.11389701627194881,0.0,0.11389701627194881,
4,260820,mixed,MIXED,PNND,2128,0.1039942828938365,0.0,0.1039942828938365,
4,260820,mixed,MIXED,PNND,2129,0.10669846273958683,0.0,0.10669846273958683,
4,260820,mixed,MIXED,PNND,2130,0.14538685977458954,0.0,0.14538685977458954,
4,260820,mixed,MIXED,PNND,2131,0.11659100651741028,0.0,0.11659100651741028,
4,260820,mixed,MIXED,PNND,2132,0.07301400601863861,0.0,0.07301400601863861,
4,260820,mixed,MIXED,PNND,2133,0.13014814257621765,0.0,0.13014814257621765,
4,260820,mixed,MIXED,PNND,2134,0.08972637727856636,0.0,0.08972637727856636,
4,260820,mixed,MIXED,PNND,2135,0.10923677869141102,0.0,0.10923677869141102,
4,260820,mixed,MIXED,PNND,2136,0.0940353088080883,0.0,0.0940353088080883,
4,260820,mixed,MIXED,PNND,2137,0.09720657579600811,0.0,0.09720657579600811,
4,260820,mixed,MIXED,PNND,2138,0.10356984846293926,0.0,0.10356984846293926,
4,260820,mixed,MIXED,PNND,2139,0.12400937639176846,0.0,0.12400937639176846,
4,260820,mixed,MIXED,PNND,2140,0.11108956672251225,0.0,0.11108956672251225,
4,260820,mixed,MIXED,PNND,2141,0.0927475281059742,0.0,0.0927475281059742,
4,260820,mixed,MIXED,PNND,2142,0.10486854985356331,0.0,0.10486854985356331,
4,260820,mixed,MIXED,PNND,2143,0.07786381244659424,0.0,0.07786381244659424,
4,260820,mixed,MIXED,PNND,2144,0.14280935004353523,0.0,0.14280935004353523,
4,260820,mixed,MIXED,PNND,2145,0.08530341647565365,0.0,0.08530341647565365,
4,260820,mixed,MIXED,PNND,2146,0.08743088506162167,0.0,0.08743088506162167,
4,260820,mixed,MIXED,PNND,2147,0.1310846321284771,0.0,0.1310846321284771,
4,260820,mixed,MIXED,PNND,2148,0.11695448216050863,0.0,0.11695448216050863,
4,260820,mixed,MIXED,PNND,2149,0.12124539911746979,0.0,0.12124539911746979,
4,260820,mixed,MIXED,PNND,2150,0.08895766362547874,0.0,0.08895766362547874,
4,260820,mixed,MIXED,PNND,2151,0.09225168265402317,0.0,0.09225168265402317,
4,260820,mixed,MIXED,PNND,2152,0.06096393521875143,0.0,0.06096393521875143,
4,260820,mixed,MIXED,PNND,2153,0.11540590599179268,0.0,0.11540590599179268,
4,260820,mixed,MIXED,PNND,2154,0.1352385375648737,0.0,0.1352385375648737,
4,260820,mixed,MIXED,PNND,2155,0.15408468805253506,0.0,0.15408468805253506,
4,260820,mixed,MIXED,PNND,2156,0.10270371846854687,0.0,0.10270371846854687,
4,260820,mixed,MIXED,PNND,2157,0.09740631841123104,0.0,0.09740631841123104,
4,260820,mixed,MIXED,PNND,2158,0.13867579214274883,0.0,0.13867579214274883,
4,260820,mixed,MIXED,PNND,2159,0.11203700304031372,0.0,0.11203700304031372,
4,260820,mixed,MIXED,PNND,2160,0.12353469431400299,0.0,0.12353469431400299,
4,260820,mixed,MIXED,PNND,2161,0.10876317229121923,0.0,0.10876317229121923,
4,260820,mixed,MIXED,PNND,2162,0.08053971827030182,0.0,0.08053971827030182,
4,260820,mixed,MIXED,PNND,2163,0.11911852099001408,0.0,0.11911852099001408,
4,260820,mixed,MIXED,PNND,2164,0.13390980660915375,0.0,0.13390980660915375,
4,260820,mixed,MIXED,PNND,2165,0.11139753740280867,0.0,0.11139753740280867,
4,260820,mixed,MIXED,PNND,2166,0.12344902381300926,0.0,0.12344902381300926,
4,260820,mixed,MIXED,PNND,2167,0.13182230293750763,0.0,0.13182230293750763,
4,260820,mixed,MIXED,PNND,2168,0.11327754519879818,0.0,0.11327754519879818,
4,260820,mixed,MIXED,PNND,2169,0.05426325276494026,0.0,0.05426325276494026,
4,260820,mixed,MIXED,PNND,2170,0.14653516001999378,0.0,0.14653516001999378,
4,260820,mixed,MIXED,PNND,2171,0.10447481460869312,0.0,0.10447481460869312,
4,260820,mixed,MIXED,PNND,2172,0.09885665774345398,0.0,0.09885665774345398,
4,260820,mixed,MIXED,PNND,2173,0.15076814033091068,0.0,0.15076814033091068,
4,260820,mixed,MIXED,PNND,2174,0.11113403458148241,0.0,0.11113403458148241,
4,260820,mixed,MIXED,PNND,2175,0.1382334716618061,0.0,0.1382334716618061,
4,260820,mixed,MIXED,PNND,2176,0.10072656301781535,0.0,0.10072656301781535,
4,260820,mixed,MIXED,PNND,2177,0.10605741664767265,0.0,0.10605741664767265,
4,260820,mixed,MIXED,PNND,2178,0.09950000047683716,0.0,0.09950000047683716,
4,260820,mixed,MIXED,PNND,2179,0.13105735927820206,0.0,0.13105735927820206,
4,260820,mixed,MIXED,PNND,2180,0.09243164770305157,0.0,0.09243164770305157,
4,260820,mixed,MIXED,PNND,2181,0.12153303809463978,0.0,0.12153303809463978,
4,260820,mixed,MIXED,PNND,2182,0.09522268734872341,0.0,0.09522268734872341,
4,260820,mixed,MIXED,PNND,2183,0.09263632912188768,0.0,0.09263632912188768,
4,260820,mixed,MIXED,PNND,2184,0.07669347897171974,0.0,0.07669347897171974,
4,260820,mixed,MIXED,PNND,2185,0.1091427318751812,0.0,0.1091427318751812,
4,260820,mixed,MIXED,PNND,2186,0.1022484079003334,0.0,0.1022484079003334,
4,260820,mixed,MIXED,PNND,2187,0.08345903642475605,0.0,0.08345903642475605,
4,260820,mixed,MIXED,PNND,2188,0.09157805517315865,0.0,0.09157805517315865,
4,260820,mixed,MIXED,PNND,2189,0.11097128316760063,0.0,0.11097128316760063,
4,260820,mixed,MIXED,PNND,2190,0.1002001166343689,0.0,0.1002001166343689,
4,260820,mixed,MIXED,PNND,2191,0.08976247627288103,0.0,0.08976247627288103,
4,260820,mixed,MIXED,PNND,2192,0.124355124309659,0.0,0.124355124309659,
4,260820,mixed,MIXED,PNND,2193,0.10315603855997324,0.0,0.10315603855997324,
4,260820,mixed,MIXED,PNND,2194,0.07635682635009289,0.0,0.07635682635009289,
4,260820,mixed,MIXED,PNND,2195,0.13268299028277397,0.0,0.13268299028277397,
4,260820,mixed,MIXED,PNND,2196,0.07661493588238955,0.0,0.07661493588238955,
4,260820,mixed,MIXED,PNND,2197,0.09917394444346428,0.0,0.09917394444346428,
4,260820,mixed,MIXED,PNND,2198,0.09967481344938278,0.0,0.09967481344938278,
4,260820,mixed,MIXED,PNND,2199,0.12039619125425816,0.0,0.12039619125425816,
4,260820,mixed,MIXED,PNND,2200,0.08774319291114807,0.0,0.08774319291114807,-0.7975771062701555
4,260820,mixed,MIXED,PNND,2201,0.11572227440774441,0.0,0.11572227440774441,
4,260820,mixed,MIXED,PNND,2202,0.1258626151829958,0.0,0.1258626151829958,
4,260820,mixed,MIXED,PNND,2203,0.08707797527313232,0.0,0.08707797527313232,
4,260820,mixed,MIXED,PNND,2204,0.14224758371710777,0.0,0.14224758371710777,
4,260820,mixed,MIXED,PNND,2205,0.12363644130527973,0.0,0.12363644130527973,
4,260820,mixed,MIXED,PNND,2206,0.11655901744961739,0.0,0.11655901744961739,
4,260820,mixed,MIXED,PNND,2207,0.15367237478494644,0.0,0.15367237478494644,
4,260820,mixed,MIXED,PNND,2208,0.1700737178325653,0.0,0.1700737178325653,
4,260820,mixed,MIXED,PNND,2209,0.10536042787134647,0.0,0.10536042787134647,
4,260820,mixed,MIXED,PNND,2210,0.07092052698135376,0.0,0.07092052698135376,
4,260820,mixed,MIXED,PNND,2211,0.10425572097301483,0.0,0.10425572097301483,
4,260820,mixed,MIXED,PNND,2212,0.06986421532928944,0.0,0.06986421532928944,
4,260820,mixed,MIXED,PNND,2213,0.15522242337465286,0.0,0.15522242337465286,
4,260820,mixed,MIXED,PNND,2214,0.10577634163200855,0.0,0.10577634163200855,
4,260820,mixed,MIXED,PNND,2215,0.1471782959997654,0.0,0.1471782959997654,
4,260820,mixed,MIXED,PNND,2216,0.11521774902939796,0.0,0.11521774902939796,
4,260820,mixed,MIXED,PNND,2217,0.09907569736242294,0.0,0.09907569736242294,
4,260820,mixed,MIXED,PNND,2218,0.15351300314068794,0.0,0.15351300314068794,
4,260820,mixed,MIXED,PNND,2219,0.07217472232878208,0.0,0.07217472232878208,
4,260820,mixed,MIXED,PNND,2220,0.11227528378367424,0.0,0.11227528378367424,
4,260820,mixed,MIXED,PNND,2221,0.09943301230669022,0.0,0.09943301230669022,
4,260820,mixed,MIXED,PNND,2222,0.09394178912043571,0.0,0.09394178912043571,
4,260820,mixed,MIXED,PNND,2223,0.13926370441913605,0.0,0.13926370441913605,
4,260820,mixed,MIXED,PNND,2224,0.08830248285084963,0.0,0.08830248285084963,
4,260820,mixed,MIXED,PNND,2225,0.09329546056687832,0.0,0.09329546056687832,
4,260820,mixed,MIXED,PNND,2226,0.10874040052294731,0.0,0.10874040052294731,
4,260820,mixed,MIXED,PNND,2227,0.1132856234908104,0.0,0.1132856234908104,
4,260820,mixed,MIXED,PNND,2228,0.1492248885333538,0.0,0.1492248885333538,
4,260820,mixed,MIXED,PNND,2229,0.1110723465681076,0.0,0.1110723465681076,
4,260820,mixed,MIXED,PNND,2230,0.12414319813251495,0.0,0.12414319813251495,
4,260820,mixed,MIXED,PNND,2231,0.08085577748715878,0.0,0.08085577748715878,
4,260820,mixed,MIXED,PNND,2232,0.07896303199231625,0.0,0.07896303199231625,
4,260820,mixed,MIXED,PNND,2233,0.10279734805226326,0.0,0.10279734805226326,
4,260820,mixed,MIXED,PNND,2234,0.15607977658510208,0.0,0.15607977658510208,
4,260820,mixed,MIXED,PNND,2235,0.12168470863252878,0.0,0.12168470863252878,
4,260820,mixed,MIXED,PNND,2236,0.13265015557408333,0.0,0.13265015557408333,
4,260820,mixed,MIXED,PNND,2237,0.10700273886322975,0.0,0.10700273886322975,
4,260820,mixed,MIXED,PNND,2238,0.13677453622221947,0.0,0.13677453622221947,
4,260820,mixed,MIXED,PNND,2239,0.11121069733053446,0.0,0.11121069733053446,
4,260820,mixed,MIXED,PNND,2240,0.10141527745872736,0.0,0.10141527745872736,
4,260820,mixed,MIXED,PNND,2241,0.07398462481796741,0.0,0.07398462481796741,
4,260820,mixed,MIXED,PNND,2242,0.11699171271175146,0.0,0.11699171271175146,
4,260820,mixed,MIXED,PNND,2243,0.05231075454503298,0.0,0.05231075454503298,
4,260820,mixed,MIXED,PNND,2244,0.09860365651547909,0.0,0.09860365651547909,
4,260820,mixed,MIXED,PNND,2245,0.07909776642918587,0.0,0.07909776642918587,
4,260820,mixed,MIXED,PNND,2246,0.0641771201044321,0.0,0.0641771201044321,
4,260820,mixed,MIXED,PNND,2247,0.12090431340038776,0.0,0.12090431340038776,
4,260820,mixed,MIXED,PNND,2248,0.10570289939641953,0.0,0.10570289939641953,
4,260820,mixed,MIXED,PNND,2249,0.13124559819698334,0.0,0.13124559819698334,
4,260820,mixed,MIXED,PNND,2250,0.10554355662316084,0.0,0.10554355662316084,
4,260820,mixed,MIXED,PNND,2251,0.10710196476429701,0.0,0.10710196476429701,
4,260820,mixed,MIXED,PNND,2252,0.08769629476591945,0.0,0.08769629476591945,
4,260820,mixed,MIXED,PNND,2253,0.09010589867830276,0.0,0.09010589867830276,
4,260820,mixed,MIXED,PNND,2254,0.06384252663701773,0.0,0.06384252663701773,
4,260820,mixed,MIXED,PNND,2255,0.08173533529043198,0.0,0.08173533529043198,
4,260820,mixed,MIXED,PNND,2256,0.11174548882991076,0.0,0.11174548882991076,
4,260820,mixed,MIXED,PNND,2257,0.1315911877900362,0.0,0.1315911877900362,
4,260820,mixed,MIXED,PNND,2258,0.11601682007312775,0.0,0.11601682007312775,
4,260820,mixed,MIXED,PNND,2259,0.11721554026007652,0.0,0.11721554026007652,
4,260820,mixed,MIXED,PNND,2260,0.13953476771712303,0.0,0.13953476771712303,
4,260820,mixed,MIXED,PNND,2261,0.12406417727470398,0.0,0.12406417727470398,
4,260820,mixed,MIXED,PNND,2262,0.07642065174877644,0.0,0.07642065174877644,
4,260820,mixed,MIXED,PNND,2263,0.07081331685185432,0.0,0.07081331685185432,
4,260820,mixed,MIXED,PNND,2264,0.14873505011200905,0.0,0.14873505011200905,
4,260820,mixed,MIXED,PNND,2265,0.08339832723140717,0.0,0.08339832723140717,
4,260820,mixed,MIXED,PNND,2266,0.07889642380177975,0.0,0.07889642380177975,
4,260820,mixed,MIXED,PNND,2267,0.10419597290456295,0.0,0.10419597290456295,
4,260820,mixed,MIXED,PNND,2268,0.12234771810472012,0.0,0.12234771810472012,
4,260820,mixed,MIXED,PNND,2269,0.10205675708130002,0.0,0.10205675708130002,
4,260820,mixed,MIXED,PNND,2270,0.1288747861981392,0.0,0.1288747861981392,
4,260820,mixed,MIXED,PNND,2271,0.09829234704375267,0.0,0.09829234704375267,
4,260820,mixed,MIXED,PNND,2272,0.08810929022729397,0.0,0.08810929022729397,
4,260820,mixed,MIXED,PNND,2273,0.09750592149794102,0.0,0.09750592149794102,
4,260820,mixed,MIXED,PNND,2274,0.10209204256534576,0.0,0.10209204256534576,
4,260820,mixed,MIXED,PNND,2275,0.09136196970939636,0.0,0.09136196970939636,
4,260820,mixed,MIXED,PNND,2276,0.07266105525195599,0.0,0.07266105525195599,
4,260820,mixed,MIXED,PNND,2277,0.09769862052053213,0.0,0.09769862052053213,
4,260820,mixed,MIXED,PNND,2278,0.10783633217215538,0.0,0.10783633217215538,
4,260820,mixed,MIXED,PNND,2279,0.09955751337110996,0.0,0.09955751337110996,
4,260820,mixed,MIXED,PNND,2280,0.15135497972369194,0.0,0.15135497972369194,
4,260820,mixed,MIXED,PNND,2281,0.13732469454407692,0.0,0.13732469454407692,
4,260820,mixed,MIXED,PNND,2282,0.09428464062511921,0.0,0.09428464062511921,
4,260820,mixed,MIXED,PNND,2283,0.11353219486773014,0.0,0.11353219486773014,
4,260820,mixed,MIXED,PNND,2284,0.10283343307673931,0.0,0.10283343307673931,
4,260820,mixed,MIXED,PNND,2285,0.1132825966924429,0.0,0.1132825966924429,
4,260820,mixed,MIXED,PNND,2286,0.13057425990700722,0.0,0.13057425990700722,
4,260820,mixed,MIXED,PNND,2287,0.09864852856844664,0.0,0.09864852856844664,
4,260820,mixed,MIXED,PNND,2288,0.1570134237408638,0.0,0.1570134237408638,
4,260820,mixed,MIXED,PNND,2289,0.08611119166016579,0.0,0.08611119166016579,
4,260820,mixed,MIXED,PNND,2290,0.08150581270456314,0.0,0.08150581270456314,
4,260820,mixed,MIXED,PNND,2291,0.09804013930261135,0.0,0.09804013930261135,
4,260820,mixed,MIXED,PNND,2292,0.09904101863503456,0.0,0.09904101863503456,
4,260820,mixed,MIXED,PNND,2293,0.1287911906838417,0.0,0.1287911906838417,
4,260820,mixed,MIXED,PNND,2294,0.09406017884612083,0.0,0.09406017884612083,
4,260820,mixed,MIXED,PNND,2295,0.10877685295417905,0.0,0.10877685295417905,
4,260820,mixed,MIXED,PNND,2296,0.10415980592370033,0.0,0.10415980592370033,
4,260820,mixed,MIXED,PNND,2297,0.1276922319084406,0.0,0.1276922319084406,
4,260820,mixed,MIXED,PNND,2298,0.0891532450914383,0.0,0.0891532450914383,
4,260820,mixed,MIXED,PNND,2299,0.08226282708346844,0.0,0.08226282708346844,
4,260820,mixed,MIXED,PNND,2300,0.12596905045211315,0.0,0.12596905045211315,
4,260820,mixed,MIXED,PNND,2301,0.09974152501672506,0.0,0.09974152501672506,
4,260820,mixed,MIXED,PNND,2302,0.1152402013540268,0.0,0.1152402013540268,
4,260820,mixed,MIXED,PNND,2303,0.1300840270705521,0.0,0.1300840270705521,
4,260820,mixed,MIXED,PNND,2304,0.10404090210795403,0.0,0.10404090210795403,
4,260820,mixed,MIXED,PNND,2305,0.13905319198966026,0.0,0.13905319198966026,
4,260820,mixed,MIXED,PNND,2306,0.06733916979283094,0.0,0.06733916979283094,
4,260820,mixed,MIXED,PNND,2307,0.03808191604912281,0.0,0.03808191604912281,
4,260820,mixed,MIXED,PNND,2308,0.14593834802508354,0.0,0.14593834802508354,
4,260820,mixed,MIXED,PNND,2309,0.12862755917012691,0.0,0.12862755917012691,
4,260820,mixed,MIXED,PNND,2310,0.13839153200387955,0.0,0.13839153200387955,
4,260820,mixed,MIXED,PNND,2311,0.08028625324368477,0.0,0.08028625324368477,
4,260820,mixed,MIXED,PNND,2312,0.07529201172292233,0.0,0.07529201172292233,
4,260820,mixed,MIXED,PNND,2313,0.13512398954480886,0.0,0.13512398954480886,
4,260820,mixed,MIXED,PNND,2314,0.11037863977253437,0.0,0.11037863977253437,
4,260820,mixed,MIXED,PNND,2315,0.0809200070798397,0.0,0.0809200070798397,
4,260820,mixed,MIXED,PNND,2316,0.08302710391581059,0.0,0.08302710391581059,
4,260820,mixed,MIXED,PNND,2317,0.1066728550940752,0.0,0.1066728550940752,
4,260820,mixed,MIXED,PNND,2318,0.1340104267001152,0.0,0.1340104267001152,
4,260820,mixed,MIXED,PNND,2319,0.09356334526091814,0.0,0.09356334526091814,
4,260820,mixed,MIXED,PNND,2320,0.11096768546849489,0.0,0.11096768546849489,
4,260820,mixed,MIXED,PNND,2321,0.09766886755824089,0.0,0.09766886755824089,
4,260820,mixed,MIXED,PNND,2322,0.1122690998017788,0.0,0.1122690998017788,
4,260820,mixed,MIXED,PNND,2323,0.131019726395607,0.0,0.131019726395607,
4,260820,mixed,MIXED,PNND,2324,0.11217926349490881,0.0,0.11217926349490881,
4,260820,mixed,MIXED,PNND,2325,0.16656611859798431,0.0,0.16656611859798431,
4,260820,mixed,MIXED,PNND,2326,0.12908772192895412,0.0,0.12908772192895412,
4,260820,mixed,MIXED,PNND,2327,0.13324199337512255,0.0,0.13324199337512255,
4,260820,mixed,MIXED,PNND,2328,0.13744036108255386,0.0,0.13744036108255386,
4,260820,mixed,MIXED,PNND,2329,0.08406336978077888,0.0,0.08406336978077888,
4,260820,mixed,MIXED,PNND,2330,0.15270964428782463,0.0,0.15270964428782463,
4,260820,mixed,MIXED,PNND,2331,0.05826007295399904,0.0,0.05826007295399904,
4,260820,mixed,MIXED,PNND,2332,0.12596859224140644,0.0,0.12596859224140644,
4,260820,mixed,MIXED,PNND,2333,0.050509961787611246,0.0,0.050509961787611246,
4,260820,mixed,MIXED,PNND,2334,0.10035498440265656,0.0,0.10035498440265656,
4,260820,mixed,MIXED,PNND,2335,0.14619707502424717,0.0,0.14619707502424717,
4,260820,mixed,MIXED,PNND,2336,0.12715873215347528,0.0,0.12715873215347528,
4,260820,mixed,MIXED,PNND,2337,0.09968297183513641,0.0,0.09968297183513641,
4,260820,mixed,MIXED,PNND,2338,0.08038693852722645,0.0,0.08038693852722645,
4,260820,mixed,MIXED,PNND,2339,0.10490414686501026,0.0,0.10490414686501026,
4,260820,mixed,MIXED,PNND,2340,0.11313018668442965,0.0,0.11313018668442965,
4,260820,mixed,MIXED,PNND,2341,0.11131600011140108,0.0,0.11131600011140108,
4,260820,mixed,MIXED,PNND,2342,0.08769471384584904,0.0,0.08769471384584904,
4,260820,mixed,MIXED,PNND,2343,0.07910157181322575,0.0,0.07910157181322575,
4,260820,mixed,MIXED,PNND,2344,0.10579597484320402,0.0,0.10579597484320402,
4,260820,mixed,MIXED,PNND,2345,0.14229213073849678,0.0,0.14229213073849678,
4,260820,mixed,MIXED,PNND,2346,0.10778215620666742,0.0,0.10778215620666742,
4,260820,mixed,MIXED,PNND,2347,0.08356767799705267,0.0,0.08356767799705267,
4,260820,mixed,MIXED,PNND,2348,0.06888109818100929,0.0,0.06888109818100929,
4,260820,mixed,MIXED,PNND,2349,0.08291169814765453,0.0,0.08291169814765453,
4,260820,mixed,MIXED,PNND,2350,0.1347619704902172,0.0,0.1347619704902172,
4,260820,mixed,MIXED,PNND,2351,0.11620736494660378,0.0,0.11620736494660378,
4,260820,mixed,MIXED,PNND,2352,0.10980700701475143,0.0,0.10980700701475143,
4,260820,mixed,MIXED,PNND,2353,0.13499337993562222,0.0,0.13499337993562222,
4,260820,mixed,MIXED,PNND,2354,0.09541643131524324,0.0,0.09541643131524324,
4,260820,mixed,MIXED,PNND,2355,0.15966331586241722,0.0,0.15966331586241722,
4,260820,mixed,MIXED,PNND,2356,0.16355227679014206,0.0,0.16355227679014206,
4,260820,mixed,MIXED,PNND,2357,0.11430052109062672,0.0,0.11430052109062672,
4,260820,mixed,MIXED,PNND,2358,0.11794818751513958,0.0,0.11794818751513958,
4,260820,mixed,MIXED,PNND,2359,0.12012064829468727,0.0,0.12012064829468727,
4,260820,mixed,MIXED,PNND,2360,0.11431645974516869,0.0,0.11431645974516869,
4,260820,mixed,MIXED,PNND,2361,0.13033760897815228,0.0,0.13033760897815228,
4,260820,mixed,MIXED,PNND,2362,0.0737230908125639,0.0,0.0737230908125639,
4,260820,mixed,MIXED,PNND,2363,0.08410569839179516,0.0,0.08410569839179516,
4,260820,mixed,MIXED,PNND,2364,0.08330734819173813,0.0,0.08330734819173813,
4,260820,mixed,MIXED,PNND,2365,0.09147525671869516,0.0,0.09147525671869516,
4,260820,mixed,MIXED,PNND,2366,0.08279489260166883,0.0,0.08279489260166883,
4,260820,mixed,MIXED,PNND,2367,0.13047883659601212,0.0,0.13047883659601212,
4,260820,mixed,MIXED,PNND,2368,0.07964821625500917,0.0,0.07964821625500917,
4,260820,mixed,MIXED,PNND,2369,0.08517216611653566,0.0,0.08517216611653566,
4,260820,mixed,MIXED,PNND,2370,0.15387502312660217,0.0,0.15387502312660217,
4,260820,mixed,MIXED,PNND,2371,0.10732970666140318,0.0,0.10732970666140318,
4,260820,mixed,MIXED,PNND,2372,0.1061585508286953,0.0,0.1061585508286953,
4,260820,mixed,MIXED,PNND,2373,0.10778001137077808,0.0,0.10778001137077808,
4,260820,mixed,MIXED,PNND,2374,0.11359835416078568,0.0,0.11359835416078568,
4,260820,mixed,MIXED,PNND,2375,0.16586622595787048,0.0,0.16586622595787048,
4,260820,mixed,MIXED,PNND,2376,0.10010697413235903,0.0,0.10010697413235903,
4,260820,mixed,MIXED,PNND,2377,0.06650971854105592,0.0,0.06650971854105592,
4,260820,mixed,MIXED,PNND,2378,0.0807468518614769,0.0,0.0807468518614769,
4,260820,mixed,MIXED,PNND,2379,0.10694700572639704,0.0,0.10694700572639704,
4,260820,mixed,MIXED,PNND,2380,0.1371435783803463,0.0,0.1371435783803463,
4,260820,mixed,MIXED,PNND,2381,0.1471768580377102,0.0,0.1471768580377102,
4,260820,mixed,MIXED,PNND,2382,0.14542347565293312,0.0,0.14542347565293312,
4,260820,mixed,MIXED,PNND,2383,0.10555015597492456,0.0,0.10555015597492456,
4,260820,mixed,MIXED,PNND,2384,0.10323455650359392,0.0,0.10323455650359392,
4,260820,mixed,MIXED,PNND,2385,0.12481437437236309,0.0,0.12481437437236309,
4,260820,mixed,MIXED,PNND,2386,0.12086297571659088,0.0,0.12086297571659088,
4,260820,mixed,MIXED,PNND,2387,0.09846450667828321,0.0,0.09846450667828321,
4,260820,mixed,MIXED,PNND,2388,0.12833401933312416,0.0,0.12833401933312416,
4,260820,mixed,MIXED,PNND,2389,0.07796888519078493,0.0,0.07796888519078493,
4,260820,mixed,MIXED,PNND,2390,0.11591705866158009,0.0,0.11591705866158009,
4,260820,mixed,MIXED,PNND,2391,0.08422177657485008,0.0,0.08422177657485008,
4,260820,mixed,MIXED,PNND,2392,0.0994582399725914,0.0,0.0994582399725914,
4,260820,mixed,MIXED,PNND,2393,0.12748446688055992,0.0,0.12748446688055992,
4,260820,mixed,MIXED,PNND,2394,0.1385382702574134,0.0,0.1385382702574134,
4,260820,mixed,MIXED,PNND,2395,0.10449791979044676,0.0,0.10449791979044676,
4,260820,mixed,MIXED,PNND,2396,0.12485682312399149,0.0,0.12485682312399149,
4,260820,mixed,MIXED,PNND,2397,0.06989936344325542,0.0,0.06989936344325542,
4,260820,mixed,MIXED,PNND,2398,0.08735546376556158,0.0,0.08735546376556158,
4,260820,mixed,MIXED,PNND,2399,0.10743831284344196,0.0,0.10743831284344196,
4,260820,mixed,MIXED,PNND,2400,0.1048453338444233,0.0,0.1048453338444233,-0.8483352459072633
4,260820,mixed,MIXED,PNND,2401,0.11531759239733219,0.0,0.11531759239733219,
4,260820,mixed,MIXED,PNND,2402,0.10721264593303204,0.0,0.10721264593303204,
4,260820,mixed,MIXED,PNND,2403,0.10700172372162342,0.0,0.10700172372162342,
4,260820,mixed,MIXED,PNND,2404,0.12911320477724075,0.0,0.12911320477724075,
4,260820,mixed,MIXED,PNND,2405,0.11281333491206169,0.0,0.11281333491206169,
4,260820,mixed,MIXED,PNND,2406,0.061735572293400764,0.0,0.061735572293400764,
4,260820,mixed,MIXED,PNND,2407,0.05603241827338934,0.0,0.05603241827338934,
4,260820,mixed,MIXED,PNND,2408,0.10767634212970734,0.0,0.10767634212970734,
4,260820,mixed,MIXED,PNND,2409,0.12367149628698826,0.0,0.12367149628698826,
4,260820,mixed,MIXED,PNND,2410,0.14123911783099174,0.0,0.14123911783099174,
4,260820,mixed,MIXED,PNND,2411,0.11075464077293873,0.0,0.11075464077293873,
4,260820,mixed,MIXED,PNND,2412,0.062559112906456,0.0,0.062559112906456,
4,260820,mixed,MIXED,PNND,2413,0.11303537199273705,0.0,0.11303537199273705,
4,260820,mixed,MIXED,PNND,2414,0.09229767322540283,0.0,0.09229767322540283,
4,260820,mixed,MIXED,PNND,2415,0.10133514180779457,0.0,0.10133514180779457,
4,260820,mixed,MIXED,PNND,2416,0.11535975150763988,0.0,0.11535975150763988,
4,260820,mixed,MIXED,PNND,2417,0.09603307768702507,0.0,0.09603307768702507,
4,260820,mixed,MIXED,PNND,2418,0.09138038754463196,0.0,0.09138038754463196,
4,260820,mixed,MIXED,PNND,2419,0.14912968687713146,0.0,0.14912968687713146,
4,260820,mixed,MIXED,PNND,2420,0.10675721988081932,0.0,0.10675721988081932,
4,260820,mixed,MIXED,PNND,2421,0.1432395800948143,0.0,0.1432395800948143,
4,260820,mixed,MIXED,PNND,2422,0.13188723288476467,0.0,0.13188723288476467,
4,260820,mixed,MIXED,PNND,2423,0.0895723169669509,0.0,0.0895723169669509,
4,260820,mixed,MIXED,PNND,2424,0.1257859468460083,0.0,0.1257859468460083,
4,260820,mixed,MIXED,PNND,2425,0.12379597127437592,0.0,0.12379597127437592,
4,260820,mixed,MIXED,PNND,2426,0.09876618720591068,0.0,0.09876618720591068,
4,260820,mixed,MIXED,PNND,2427,0.1158336941152811,0.0,0.1158336941152811,
4,260820,mixed,MIXED,PNND,2428,0.09532937034964561,0.0,0.09532937034964561,
4,260820,mixed,MIXED,PNND,2429,0.12388765905052423,0.0,0.12388765905052423,
4,260820,mixed,MIXED,PNND,2430,0.09597860649228096,0.0,0.09597860649228096,
4,260820,mixed,MIXED,PNND,2431,0.06440827250480652,0.0,0.06440827250480652,
4,260820,mixed,MIXED,PNND,2432,0.11044451966881752,0.0,0.11044451966881752,
4,260820,mixed,MIXED,PNND,2433,0.1332924123853445,0.0,0.1332924123853445,
4,260820,mixed,MIXED,PNND,2434,0.09355911239981651,0.0,0.09355911239981651,
4,260820,mixed,MIXED,PNND,2435,0.06411985214799643,0.0,0.06411985214799643,
4,260820,mixed,MIXED,PNND,2436,0.13370939530432224,0.0,0.13370939530432224,
4,260820,mixed,MIXED,PNND,2437,0.06121786590665579,0.0,0.06121786590665579,
4,260820,mixed,MIXED,PNND,2438,0.12312860786914825,0.0,0.12312860786914825,
4,260820,mixed,MIXED,PNND,2439,0.11205227300524712,0.0,0.11205227300524712,
4,260820,mixed,MIXED,PNND,2440,0.05351516650989652,0.0,0.05351516650989652,
4,260820,mixed,MIXED,PNND,2441,0.12420151941478252,0.0,0.12420151941478252,
4,260820,mixed,MIXED,PNND,2442,0.06976244319230318,0.0,0.06976244319230318,
4,260820,mixed,MIXED,PNND,2443,0.11516379006206989,0.0,0.11516379006206989,
4,260820,mixed,MIXED,PNND,2444,0.11694694124162197,0.0,0.11694694124162197,
4,260820,mixed,MIXED,PNND,2445,0.0967775909230113,0.0,0.0967775909230113,
4,260820,mixed,MIXED,PNND,2446,0.08317449735477567,0.0,0.08317449735477567,
4,260820,mixed,MIXED,PNND,2447,0.10275682248175144,0.0,0.10275682248175144,
4,260820,mixed,MIXED,PNND,2448,0.11675896681845188,0.0,0.11675896681845188,
4,260820,mixed,MIXED,PNND,2449,0.10275300778448582,0.0,0.10275300778448582,
4,260820,mixed,MIXED,PNND,2450,0.11339551582932472,0.0,0.11339551582932472,
4,260820,mixed,MIXED,PNND,2451,0.13030672818422318,0.0,0.13030672818422318,
4,260820,mixed,MIXED,PNND,2452,0.14849767461419106,0.0,0.14849767461419106,
4,260820,mixed,MIXED,PNND,2453,0.15310179814696312,0.0,0.15310179814696312,
4,260820,mixed,MIXED,PNND,2454,0.082118796184659,0.0,0.082118796184659,
4,260820,mixed,MIXED,PNND,2455,0.14925040304660797,0.0,0.14925040304660797,
4,260820,mixed,MIXED,PNND,2456,0.11686813645064831,0.0,0.11686813645064831,
4,260820,mixed,MIXED,PNND,2457,0.07789638638496399,0.0,0.07789638638496399,
4,260820,mixed,MIXED,PNND,2458,0.15331239067018032,0.0,0.15331239067018032,
4,260820,mixed,MIXED,PNND,2459,0.09106960985809565,0.0,0.09106960985809565,
4,260820,mixed,MIXED,PNND,2460,0.07599136745557189,0.0,0.07599136745557189,
4,260820,mixed,MIXED,PNND,2461,0.09292071871459484,0.0,0.09292071871459484,
4,260820,mixed,MIXED,PNND,2462,0.10692542977631092,0.0,0.10692542977631092,
4,260820,mixed,MIXED,PNND,2463,0.09951039962470531,0.0,0.09951039962470531,
4,260820,mixed,MIXED,PNND,2464,0.1303126960992813,0.0,0.1303126960992813,
4,260820,mixed,MIXED,PNND,2465,0.11344999354332685,0.0,0.11344999354332685,
4,260820,mixed,MIXED,PNND,2466,0.09159836731851101,0.0,0.09159836731851101,
4,260820,mixed,MIXED,PNND,2467,0.11381250992417336,0.0,0.11381250992417336,
4,260820,mixed,MIXED,PNND,2468,0.09681006520986557,0.0,0.09681006520986557,
4,260820,mixed,MIXED,PNND,2469,0.1344311125576496,0.0,0.1344311125576496,
4,260820,mixed,MIXED,PNND,2470,0.10311380960047245,0.0,0.10311380960047245,
4,260820,mixed,MIXED,PNND,2471,0.10705664940178394,0.0,0.10705664940178394,
4,260820,mixed,MIXED,PNND,2472,0.09018472768366337,0.0,0.09018472768366337,
4,260820,mixed,MIXED,PNND,2473,0.07495852652937174,0.0,0.07495852652937174,
4,260820,mixed,MIXED,PNND,2474,0.16018887981772423,0.0,0.16018887981772423,
4,260820,mixed,MIXED,PNND,2475,0.1311636846512556,0.0,0.1311636846512556,
4,260820,mixed,MIXED,PNND,2476,0.08684684894979,0.0,0.08684684894979,
4,260820,mixed,MIXED,PNND,2477,0.09253622032701969,0.0,0.09253622032701969,
4,260820,mixed,MIXED,PNND,2478,0.10027313465252519,0.0,0.10027313465252519,
4,260820,mixed,MIXED,PNND,2479,0.1426759995520115,0.0,0.1426759995520115,
4,260820,mixed,MIXED,PNND,2480,0.08751209266483784,0.0,0.08751209266483784,
4,260820,mixed,MIXED,PNND,2481,0.08227232936769724,0.0,0.08227232936769724,
4,260820,mixed,MIXED,PNND,2482,0.07603750983253121,0.0,0.07603750983253121,
4,260820,mixed,MIXED,PNND,2483,0.11460661888122559,0.0,0.11460661888122559,
4,260820,mixed,MIXED,PNND,2484,0.09063880611211061,0.0,0.09063880611211061,
4,260820,mixed,MIXED,PNND,2485,0.09238146804273129,0.0,0.09238146804273129,
4,260820,mixed,MIXED,PNND,2486,0.09629075787961483,0.0,0.09629075787961483,
4,260820,mixed,MIXED,PNND,2487,0.08628761023283005,0.0,0.08628761023283005,
4,260820,mixed,MIXED,PNND,2488,0.09238277934491634,0.0,0.09238277934491634,
4,260820,mixed,MIXED,PNND,2489,0.10674978233873844,0.0,0.10674978233873844,
4,260820,mixed,MIXED,PNND,2490,0.09277646243572235,0.0,0.09277646243572235,
4,260820,mixed,MIXED,PNND,2491,0.09736938122659922,0.0,0.09736938122659922,
4,260820,mixed,MIXED,PNND,2492,0.11209493689239025,0.0,0.11209493689239025,
4,260820,mixed,MIXED,PNND,2493,0.08350103255361319,0.0,0.08350103255361319,
4,260820,mixed,MIXED,PNND,2494,0.06612110696732998,0.0,0.06612110696732998,
4,260820,mixed,MIXED,PNND,2495,0.10215440718457103,0.0,0.10215440718457103,
4,260820,mixed,MIXED,PNND,2496,0.1327329408377409,0.0,0.1327329408377409,
4,260820,mixed,MIXED,PNND,2497,0.10688778944313526,0.0,0.10688778944313526,
4,260820,mixed,MIXED,PNND,2498,0.09276459645479918,0.0,0.09276459645479918,
4,260820,mixed,MIXED,PNND,2499,0.12923926301300526,0.0,0.12923926301300526,
4,260820,mixed,MIXED,PNND,2500,0.08816866623237729,0.0,0.08816866623237729,
4,260820,mixed,MIXED,PNND,2501,0.10122639313340187,0.0,0.10122639313340187,
4,260820,mixed,MIXED,PNND,2502,0.1313616018742323,0.0,0.1313616018742323,
4,260820,mixed,MIXED,PNND,2503,0.07045319443568587,0.0,0.07045319443568587,
4,260820,mixed,MIXED,PNND,2504,0.11039701150730252,0.0,0.11039701150730252,
4,260820,mixed,MIXED,PNND,2505,0.10360465757548809,0.0,0.10360465757548809,
4,260820,mixed,MIXED,PNND,2506,0.10933463834226131,0.0,0.10933463834226131,
4,260820,mixed,MIXED,PNND,2507,0.13001074641942978,0.0,0.13001074641942978,
4,260820,mixed,MIXED,PNND,2508,0.1865166276693344,0.0,0.1865166276693344,
4,260820,mixed,MIXED,PNND,2509,0.11216120608150959,0.0,0.11216120608150959,
4,260820,mixed,MIXED,PNND,2510,0.09041954763233662,0.0,0.09041954763233662,
4,260820,mixed,MIXED,PNND,2511,0.10229481849819422,0.0,0.10229481849819422,
4,260820,mixed,MIXED,PNND,2512,0.120990339666605,0.0,0.120990339666605,
4,260820,mixed,MIXED,PNND,2513,0.09555063862353563,0.0,0.09555063862353563,
4,260820,mixed,MIXED,PNND,2514,0.11686070635914803,0.0,0.11686070635914803,
4,260820,mixed,MIXED,PNND,2515,0.10304857417941093,0.0,0.10304857417941093,
4,260820,mixed,MIXED,PNND,2516,0.1009900039061904,0.0,0.1009900039061904,
4,260820,mixed,MIXED,PNND,2517,0.12012842204421759,0.0,0.12012842204421759,
4,260820,mixed,MIXED,PNND,2518,0.06961908005177975,0.0,0.06961908005177975,
4,260820,mixed,MIXED,PNND,2519,0.1397696891799569,0.0,0.1397696891799569,
4,260820,mixed,MIXED,PNND,2520,0.09218616411089897,0.0,0.09218616411089897,
4,260820,mixed,MIXED,PNND,2521,0.08843499422073364,0.0,0.08843499422073364,
4,260820,mixed,MIXED,PNND,2522,0.07962124980986118,0.0,0.07962124980986118,
4,260820,mixed,MIXED,PNND,2523,0.09838716126978397,0.0,0.09838716126978397,
4,260820,mixed,MIXED,PNND,2524,0.11715924367308617,0.0,0.11715924367308617,
4,260820,mixed,MIXED,PNND,2525,0.08191055525094271,0.0,0.08191055525094271,
4,260820,mixed,MIXED,PNND,2526,0.14971433579921722,0.0,0.14971433579921722,
4,260820,mixed,MIXED,PNND,2527,0.1054314598441124,0.0,0.1054314598441124,
4,260820,mixed,MIXED,PNND,2528,0.15084339305758476,0.0,0.15084339305758476,
4,260820,mixed,MIXED,PNND,2529,0.09065768122673035,0.0,0.09065768122673035,
4,260820,mixed,MIXED,PNND,2530,0.08748912997543812,0.0,0.08748912997543812,
4,260820,mixed,MIXED,PNND,2531,0.10636898130178452,0.0,0.10636898130178452,
4,260820,mixed,MIXED,PNND,2532,0.14325780421495438,0.0,0.14325780421495438,
4,260820,mixed,MIXED,PNND,2533,0.1472986163571477,0.0,0.1472986163571477,
4,260820,mixed,MIXED,PNND,2534,0.09351720008999109,0.0,0.09351720008999109,
4,260820,mixed,MIXED,PNND,2535,0.08873403631150723,0.0,0.08873403631150723,
4,260820,mixed,MIXED,PNND,2536,0.10493834502995014,0.0,0.10493834502995014,
4,260820,mixed,MIXED,PNND,2537,0.06244963826611638,0.0,0.06244963826611638,
4,260820,mixed,MIXED,PNND,2538,0.09048512205481529,0.0,0.09048512205481529,
4,260820,mixed,MIXED,PNND,2539,0.09879487566649914,0.0,0.09879487566649914,
4,260820,mixed,MIXED,PNND,2540,0.11143073067069054,0.0,0.11143073067069054,
4,260820,mixed,MIXED,PNND,2541,0.06936148693785071,0.0,0.06936148693785071,
4,260820,mixed,MIXED,PNND,2542,0.10351780615746975,0.0,0.10351780615746975,
4,260820,mixed,MIXED,PNND,2543,0.09638768807053566,0.0,0.09638768807053566,
4,260820,mixed,MIXED,PNND,2544,0.11472313292324543,0.0,0.11472313292324543,
4,260820,mixed,MIXED,PNND,2545,0.12974080629646778,0.0,0.12974080629646778,
4,260820,mixed,MIXED,PNND,2546,0.11202709190547466,0.0,0.11202709190547466,
4,260820,mixed,MIXED,PNND,2547,0.15144500695168972,0.0,0.15144500695168972,
4,260820,mixed,MIXED,PNND,2548,0.12972339801490307,0.0,0.12972339801490307,
4,260820,mixed,MIXED,PNND,2549,0.10114622488617897,0.0,0.10114622488617897,
4,260820,mixed,MIXED,PNND,2550,0.08963969349861145,0.0,0.08963969349861145,
4,260820,mixed,MIXED,PNND,2551,0.12020171340554953,0.0,0.12020171340554953,
4,260820,mixed,MIXED,PNND,2552,0.11200042441487312,0.0,0.11200042441487312,
4,260820,mixed,MIXED,PNND,2553,0.0853419080376625,0.0,0.0853419080376625,
4,260820,mixed,MIXED,PNND,2554,0.09810145758092403,0.0,0.09810145758092403,
4,260820,mixed,MIXED,PNND,2555,0.11393111385405064,0.0,0.11393111385405064,
4,260820,mixed,MIXED,PNND,2556,0.10397929977625608,0.0,0.10397929977625608,
4,260820,mixed,MIXED,PNND,2557,0.053395896684378386,0.0,0.053395896684378386,
4,260820,mixed,MIXED,PNND,2558,0.08046846184879541,0.0,0.08046846184879541,
4,260820,mixed,MIXED,PNND,2559,0.10634116269648075,0.0,0.10634116269648075,
4,260820,mixed,MIXED,PNND,2560,0.08817262388765812,0.0,0.08817262388765812,
4,260820,mixed,MIXED,PNND,2561,0.11798796243965626,0.0,0.11798796243965626,
4,260820,mixed,MIXED,PNND,2562,0.12333777733147144,0.0,0.12333777733147144,
4,260820,mixed,MIXED,PNND,2563,0.1075366735458374,0.0,0.1075366735458374,
4,260820,mixed,MIXED,PNND,2564,0.05703893210738897,0.0,0.05703893210738897,
4,260820,mixed,MIXED,PNND,2565,0.11317010410130024,0.0,0.11317010410130024,
4,260820,mixed,MIXED,PNND,2566,0.10606480203568935,0.0,0.10606480203568935,
4,260820,mixed,MIXED,PNND,2567,0.10043985582888126,0.0,0.10043985582888126,
4,260820,mixed,MIXED,PNND,2568,0.1454385295510292,0.0,0.1454385295510292,
4,260820,mixed,MIXED,PNND,2569,0.09098807722330093,0.0,0.09098807722330093,
4,260820,mixed,MIXED,PNND,2570,0.11161998845636845,0.0,0.11161998845636845,
4,260820,mixed,MIXED,PNND,2571,0.07161855697631836,0.0,0.07161855697631836,
4,260820,mixed,MIXED,PNND,2572,0.10536741558462381,0.0,0.10536741558462381,
4,260820,mixed,MIXED,PNND,2573,0.10793785192072392,0.0,0.10793785192072392,
4,260820,mixed,MIXED,PNND,2574,0.11696135438978672,0.0,0.11696135438978672,
4,260820,mixed,MIXED,PNND,2575,0.061242513824254274,0.0,0.061242513824254274,
4,260820,mixed,MIXED,PNND,2576,0.11650553718209267,0.0,0.11650553718209267,
4,260820,mixed,MIXED,PNND,2577,0.10102791339159012,0.0,0.10102791339159012,
4,260820,mixed,MIXED,PNND,2578,0.08307210309430957,0.0,0.08307210309430957,
4,260820,mixed,MIXED,PNND,2579,0.13946407660841942,0.0,0.13946407660841942,
4,260820,mixed,MIXED,PNND,2580,0.0913694929331541,0.0,0.0913694929331541,
4,260820,mixed,MIXED,PNND,2581,0.1058766357600689,0.0,0.1058766357600689,
4,260820,mixed,MIXED,PNND,2582,0.11524338833987713,0.0,0.11524338833987713,
4,260820,mixed,MIXED,PNND,2583,0.09554764349013567,0.0,0.09554764349013567,
4,260820,mixed,MIXED,PNND,2584,0.08098554145544767,0.0,0.08098554145544767,
4,260820,mixed,MIXED,PNND,2585,0.08022353099659085,0.0,0.08022353099659085,
4,260820,mixed,MIXED,PNND,2586,0.1357311997562647,0.0,0.1357311997562647,
4,260820,mixed,MIXED,PNND,2587,0.09436219558119774,0.0,0.09436219558119774,
4,260820,mixed,MIXED,PNND,2588,0.08064940012991428,0.0,0.08064940012991428,
4,260820,mixed,MIXED,PNND,2589,0.1085414458066225,0.0,0.1085414458066225,
4,260820,mixed,MIXED,PNND,2590,0.0813579868990928,0.0,0.0813579868990928,
4,260820,mixed,MIXED,PNND,2591,0.08845457062125206,0.0,0.08845457062125206,
4,260820,mixed,MIXED,PNND,2592,0.11049126833677292,0.0,0.11049126833677292,
4,260820,mixed,MIXED,PNND,2593,0.1336410902440548,0.0,0.1336410902440548,
4,260820,mixed,MIXED,PNND,2594,0.08630043268203735,0.0,0.08630043268203735,
4,260820,mixed,MIXED,PNND,2595,0.12392314150929451,0.0,0.12392314150929451,
4,260820,mixed,MIXED,PNND,2596,0.1145813949406147,0.0,0.1145813949406147,
4,260820,mixed,MIXED,PNND,2597,0.07329702191054821,0.0,0.07329702191054821,
4,260820,mixed,MIXED,PNND,2598,0.11982444487512112,0.0,0.11982444487512112,
4,260820,mixed,MIXED,PNND,2599,0.12389682792127132,0.0,0.12389682792127132,
4,260820,mixed,MIXED,PNND,2600,0.0712157478556037,0.0,0.0712157478556037,-0.890507802029818
4,260820,mixed,MIXED,PNND,2601,0.08400537818670273,0.0,0.08400537818670273,
4,260820,mixed,MIXED,PNND,2602,0.13084545731544495,0.0,0.13084545731544495,
4,260820,mixed,MIXED,PNND,2603,0.082547458820045,0.0,0.082547458820045,
4,260820,mixed,MIXED,PNND,2604,0.11298715882003307,0.0,0.11298715882003307,
4,260820,mixed,MIXED,PNND,2605,0.1397104747593403,0.0,0.1397104747593403,
4,260820,mixed,MIXED,PNND,2606,0.11829963140189648,0.0,0.11829963140189648,
4,260820,mixed,MIXED,PNND,2607,0.05502227088436484,0.0,0.05502227088436484,
4,260820,mixed,MIXED,PNND,2608,0.12195615191012621,0.0,0.12195615191012621,
4,260820,mixed,MIXED,PNND,2609,0.1175587410107255,0.0,0.1175587410107255,
4,260820,mixed,MIXED,PNND,2610,0.11196433939039707,0.0,0.11196433939039707,
4,260820,mixed,MIXED,PNND,2611,0.05169520992785692,0.0,0.05169520992785692,
4,260820,mixed,MIXED,PNND,2612,0.12232253886759281,0.0,0.12232253886759281,
4,260820,mixed,MIXED,PNND,2613,0.0922022657468915,0.0,0.0922022657468915,
4,260820,mixed,MIXED,PNND,2614,0.10038703726604581,0.0,0.10038703726604581,
4,260820,mixed,MIXED,PNND,2615,0.09404390817508101,0.0,0.09404390817508101,
4,260820,mixed,MIXED,PNND,2616,0.07932747714221478,0.0,0.07932747714221478,
4,260820,mixed,MIXED,PNND,2617,0.14897041395306587,0.0,0.14897041395306587,
4,260820,mixed,MIXED,PNND,2618,0.09783281199634075,0.0,0.09783281199634075,
4,260820,mixed,MIXED,PNND,2619,0.11998322606086731,0.0,0.11998322606086731,
4,260820,mixed,MIXED,PNND,2620,0.08830302953720093,0.0,0.08830302953720093,
4,260820,mixed,MIXED,PNND,2621,0.06485460512340069,0.0,0.06485460512340069,
4,260820,mixed,MIXED,PNND,2622,0.12664062809199095,0.0,0.12664062809199095,
4,260820,mixed,MIXED,PNND,2623,0.05435950425453484,0.0,0.05435950425453484,
4,260820,mixed,MIXED,PNND,2624,0.06180700100958347,0.0,0.06180700100958347,
4,260820,mixed,MIXED,PNND,2625,0.12052251351997256,0.0,0.12052251351997256,
4,260820,mixed,MIXED,PNND,2626,0.09966727532446384,0.0,0.09966727532446384,
4,260820,mixed,MIXED,PNND,2627,0.08746370952576399,0.0,0.08746370952576399,
4,260820,mixed,MIXED,PNND,2628,0.09001686237752438,0.0,0.09001686237752438,
4,260820,mixed,MIXED,PNND,2629,0.0734332175925374,0.0,0.0734332175925374,
4,260820,mixed,MIXED,PNND,2630,0.12034639343619347,0.0,0.12034639343619347,
4,260820,mixed,MIXED,PNND,2631,0.10969902947545052,0.0,0.10969902947545052,
4,260820,mixed,MIXED,PNND,2632,0.10532242897897959,0.0,0.10532242897897959,
4,260820,mixed,MIXED,PNND,2633,0.09671711176633835,0.0,0.09671711176633835,
4,260820,mixed,MIXED,PNND,2634,0.08269550278782845,0.0,0.08269550278782845,
4,260820,mixed,MIXED,PNND,2635,0.08288703951984644,0.0,0.08288703951984644,
4,260820,mixed,MIXED,PNND,2636,0.08559276256710291,0.0,0.08559276256710291,
4,260820,mixed,MIXED,PNND,2637,0.08512339182198048,0.0,0.08512339182198048,
4,260820,mixed,MIXED,PNND,2638,0.13176775723695755,0.0,0.13176775723695755,
4,260820,mixed,MIXED,PNND,2639,0.09443341754376888,0.0,0.09443341754376888,
4,260820,mixed,MIXED,PNND,2640,0.06626858375966549,0.0,0.06626858375966549,
4,260820,mixed,MIXED,PNND,2641,0.09804918058216572,0.0,0.09804918058216572,
4,260820,mixed,MIXED,PNND,2642,0.03557410929352045,0.0,0.03557410929352045,
4,260820,mixed,MIXED,PNND,2643,0.10693846456706524,0.0,0.10693846456706524,
4,260820,mixed,MIXED,PNND,2644,0.0344196988735348,0.0,0.0344196988735348,
4,260820,mixed,MIXED,PNND,2645,0.06475055264309049,0.0,0.06475055264309049,
4,260820,mixed,MIXED,PNND,2646,0.12681039236485958,0.0,0.12681039236485958,
4,260820,mixed,MIXED,PNND,2647,0.04801352135837078,0.0,0.04801352135837078,
4,260820,mixed,MIXED,PNND,2648,0.03907184489071369,0.0,0.03907184489071369,
4,260820,mixed,MIXED,PNND,2649,0.1282972153276205,0.0,0.1282972153276205,
4,260820,mixed,MIXED,PNND,2650,0.09241874143481255,0.0,0.09241874143481255,
4,260820,mixed,MIXED,PNND,2651,0.09640774410218,0.0,0.09640774410218,
4,260820,mixed,MIXED,PNND,2652,0.07389863906428218,0.0,0.07389863906428218,
4,260820,mixed,MIXED,PNND,2653,0.08456664253026247,0.0,0.08456664253026247,
4,260820,mixed,MIXED,PNND,2654,0.10105838812887669,0.0,0.10105838812887669,
4,260820,mixed,MIXED,PNND,2655,0.11539321765303612,0.0,0.11539321765303612,
4,260820,mixed,MIXED,PNND,2656,0.10696145705878735,0.0,0.10696145705878735,
4,260820,mixed,MIXED,PNND,2657,0.11758444271981716,0.0,0.11758444271981716,
4,260820,mixed,MIXED,PNND,2658,0.08776474324986339,0.0,0.08776474324986339,
4,260820,mixed,MIXED,PNND,2659,0.11496919952332973,0.0,0.11496919952332973,
4,260820,mixed,MIXED,PNND,2660,0.07575815729796886,0.0,0.07575815729796886,
4,260820,mixed,MIXED,PNND,2661,0.10716313403099775,0.0,0.10716313403099775,
4,260820,mixed,MIXED,PNND,2662,0.10570238763466477,0.0,0.10570238763466477,
4,260820,mixed,MIXED,PNND,2663,0.07999429479241371,0.0,0.07999429479241371,
4,260820,mixed,MIXED,PNND,2664,0.080810816725716,0.0,0.080810816725716,
4,260820,mixed,MIXED,PNND,2665,0.11902696080505848,0.0,0.11902696080505848,
4,260820,mixed,MIXED,PNND,2666,0.11478360462933779,0.0,0.11478360462933779,
4,260820,mixed,MIXED,PNND,2667,0.08864386286586523,0.0,0.08864386286586523,
4,260820,mixed,MIXED,PNND,2668,0.12133433017879725,0.0,0.12133433017879725,
4,260820,mixed,MIXED,PNND,2669,0.0928820576518774,0.0,0.0928820576518774,
4,260820,mixed,MIXED,PNND,2670,0.13919173926115036,0.0,0.13919173926115036,
4,260820,mixed,MIXED,PNND,2671,0.09459054842591286,0.0,0.09459054842591286,
4,260820,mixed,MIXED,PNND,2672,0.09612802974879742,0.0,0.09612802974879742,
4,260820,mixed,MIXED,PNND,2673,0.11593411304056644,0.0,0.11593411304056644,
4,260820,mixed,MIXED,PNND,2674,0.11077071540057659,0.0,0.11077071540057659,
4,260820,mixed,MIXED,PNND,2675,0.10877000913023949,0.0,0.10877000913023949,
4,260820,mixed,MIXED,PNND,2676,0.12906579673290253,0.0,0.12906579673290253,
4,260820,mixed,MIXED,PNND,2677,0.12100800126791,0.0,0.12100800126791,
4,260820,mixed,MIXED,PNND,2678,0.10418521985411644,0.0,0.10418521985411644,
4,260820,mixed,MIXED,PNND,2679,0.11106505151838064,0.0,0.11106505151838064,
4,260820,mixed,MIXED,PNND,2680,0.10198164079338312,0.0,0.10198164079338312,
4,260820,mixed,MIXED,PNND,2681,0.14149124547839165,0.0,0.14149124547839165,
4,260820,mixed,MIXED,PNND,2682,0.1050792122259736,0.0,0.1050792122259736,
4,260820,mixed,MIXED,PNND,2683,0.06604930013418198,0.0,0.06604930013418198,
4,260820,mixed,MIXED,PNND,2684,0.11401731986552477,0.0,0.11401731986552477,
4,260820,mixed,MIXED,PNND,2685,0.07774859014898539,0.0,0.07774859014898539,
4,260820,mixed,MIXED,PNND,2686,0.12893723510205746,0.0,0.12893723510205746,
4,260820,mixed,MIXED,PNND,2687,0.09243902051821351,0.0,0.09243902051821351,
4,260820,mixed,MIXED,PNND,2688,0.10105517460033298,0.0,0.10105517460033298,
4,260820,mixed,MIXED,PNND,2689,0.10340037103742361,0.0,0.10340037103742361,
4,260820,mixed,MIXED,PNND,2690,0.07609822321683168,0.0,0.07609822321683168,
4,260820,mixed,MIXED,PNND,2691,0.10723148658871651,0.0,0.10723148658871651,
4,260820,mixed,MIXED,PNND,2692,0.0776900127530098,0.0,0.0776900127530098,
4,260820,mixed,MIXED,PNND,2693,0.07010127021931112,0.0,0.07010127021931112,
4,260820,mixed,MIXED,PNND,2694,0.0804065982811153,0.0,0.0804065982811153,
4,260820,mixed,MIXED,PNND,2695,0.15506535675376654,0.0,0.15506535675376654,
4,260820,mixed,MIXED,PNND,2696,0.09934316016733646,0.0,0.09934316016733646,
4,260820,mixed,MIXED,PNND,2697,0.08374775014817715,0.0,0.08374775014817715,
4,260820,mixed,MIXED,PNND,2698,0.07700807554647326,0.0,0.07700807554647326,
4,260820,mixed,MIXED,PNND,2699,0.09882944449782372,0.0,0.09882944449782372,
4,260820,mixed,MIXED,PNND,2700,0.11713253566995263,0.0,0.11713253566995263,
4,260820,mixed,MIXED,PNND,2701,0.11394366435706615,0.0,0.11394366435706615,
4,260820,mixed,MIXED,PNND,2702,0.09511440619826317,0.0,0.09511440619826317,
4,260820,mixed,MIXED,PNND,2703,0.13359288685023785,0.0,0.13359288685023785,
4,260820,mixed,MIXED,PNND,2704,0.11573374830186367,0.0,0.11573374830186367,
4,260820,mixed,MIXED,PNND,2705,0.03195391874760389,0.0,0.03195391874760389,
4,260820,mixed,MIXED,PNND,2706,0.12478125467896461,0.0,0.12478125467896461,
4,260820,mixed,MIXED,PNND,2707,0.11079041752964258,0.0,0.11079041752964258,
4,260820,mixed,MIXED,PNND,2708,0.12106819450855255,0.0,0.12106819450855255,
4,260820,mixed,MIXED,PNND,2709,0.10578369069844484,0.0,0.10578369069844484,
4,260820,mixed,MIXED,PNND,2710,0.11510897800326347,0.0,0.11510897800326347,
4,260820,mixed,MIXED,PNND,2711,0.08415368013083935,0.0,0.08415368013083935,
4,260820,mixed,MIXED,PNND,2712,0.08336478285491467,0.0,0.08336478285491467,
4,260820,mixed,MIXED,PNND,2713,0.1438558902591467,0.0,0.1438558902591467,
4,260820,mixed,MIXED,PNND,2714,0.11954914685338736,0.0,0.11954914685338736,
4,260820,mixed,MIXED,PNND,2715,0.09232472535222769,0.0,0.09232472535222769,
4,260820,mixed,MIXED,PNND,2716,0.08562568761408329,0.0,0.08562568761408329,
4,260820,mixed,MIXED,PNND,2717,0.11468773894011974,0.0,0.11468773894011974,
4,260820,mixed,MIXED,PNND,2718,0.08896831423044205,0.0,0.08896831423044205,
4,260820,mixed,MIXED,PNND,2719,0.12350255809724331,0.0,0.12350255809724331,
4,260820,mixed,MIXED,PNND,2720,0.10380277037620544,0.0,0.10380277037620544,
4,260820,mixed,MIXED,PNND,2721,0.09924492239952087,0.0,0.09924492239952087,
4,260820,mixed,MIXED,PNND,2722,0.09891367796808481,0.0,0.09891367796808481,
4,260820,mixed,MIXED,PNND,2723,0.12072277255356312,0.0,0.12072277255356312,
4,260820,mixed,MIXED,PNND,2724,0.138241209089756,0.0,0.138241209089756,
4,260820,mixed,MIXED,PNND,2725,0.10511485114693642,0.0,0.10511485114693642,
4,260820,mixed,MIXED,PNND,2726,0.11893557757139206,0.0,0.11893557757139206,
4,260820,mixed,MIXED,PNND,2727,0.11580475978553295,0.0,0.11580475978553295,
4,260820,mixed,MIXED,PNND,2728,0.08031710144132376,0.0,0.08031710144132376,
4,260820,mixed,MIXED,PNND,2729,0.06844347529113293,0.0,0.06844347529113293,
4,260820,mixed,MIXED,PNND,2730,0.10531859705224633,0.0,0.10531859705224633,
4,260820,mixed,MIXED,PNND,2731,0.04724353365600109,0.0,0.04724353365600109,
4,260820,mixed,MIXED,PNND,2732,0.11112931929528713,0.0,0.11112931929528713,
4,260820,mixed,MIXED,PNND,2733,0.14274580962955952,0.0,0.14274580962955952,
4,260820,mixed,MIXED,PNND,2734,0.10957030393183231,0.0,0.10957030393183231,
4,260820,mixed,MIXED,PNND,2735,0.06903722882270813,0.0,0.06903722882270813,
4,260820,mixed,MIXED,PNND,2736,0.05964323226362467,0.0,0.05964323226362467,
4,260820,mixed,MIXED,PNND,2737,0.15229252725839615,0.0,0.15229252725839615,
4,260820,mixed,MIXED,PNND,2738,0.10431041661649942,0.0,0.10431041661649942,
4,260820,mixed,MIXED,PNND,2739,0.12019386934116483,0.0,0.12019386934116483,
4,260820,mixed,MIXED,PNND,2740,0.09881528886035085,0.0,0.09881528886035085,
4,260820,mixed,MIXED,PNND,2741,0.07916430430486798,0.0,0.07916430430486798,
4,260820,mixed,MIXED,PNND,2742,0.04053335404023528,0.0,0.04053335404023528,
4,260820,mixed,MIXED,PNND,2743,0.0908319503068924,0.0,0.0908319503068924,
4,260820,mixed,MIXED,PNND,2744,0.10683725401759148,0.0,0.10683725401759148,
4,260820,mixed,MIXED,PNND,2745,0.04672441934235394,0.0,0.04672441934235394,
4,260820,mixed,MIXED,PNND,2746,0.06067527178674936,0.0,0.06067527178674936,
4,260820,mixed,MIXED,PNND,2747,0.07908969279378653,0.0,0.07908969279378653,
4,260820,mixed,MIXED,PNND,2748,0.06807665806263685,0.0,0.06807665806263685,
4,260820,mixed,MIXED,PNND,2749,0.052472200244665146,0.0,0.052472200244665146,
4,260820,mixed,MIXED,PNND,2750,0.09050674736499786,0.0,0.09050674736499786,
4,260820,mixed,MIXED,PNND,2751,0.11620153114199638,0.0,0.11620153114199638,
4,260820,mixed,MIXED,PNND,2752,0.1168927950784564,0.0,0.1168927950784564,
4,260820,mixed,MIXED,PNND,2753,0.16742906719446182,0.0,0.16742906719446182,
4,260820,mixed,MIXED,PNND,2754,0.0806527640670538,0.0,0.0806527640670538,
4,260820,mixed,MIXED,PNND,2755,0.08774812147021294,0.0,0.08774812147021294,
4,260820,mixed,MIXED,PNND,2756,0.11195696890354156,0.0,0.11195696890354156,
4,260820,mixed,MIXED,PNND,2757,0.12397648021578789,0.0,0.12397648021578789,
4,260820,mixed,MIXED,PNND,2758,0.08801364339888096,0.0,0.08801364339888096,
4,260820,mixed,MIXED,PNND,2759,0.11018854565918446,0.0,0.11018854565918446,
4,260820,mixed,MIXED,PNND,2760,0.0971078285947442,0.0,0.0971078285947442,
4,260820,mixed,MIXED,PNND,2761,0.09234446100890636,0.0,0.09234446100890636,
4,260820,mixed,MIXED,PNND,2762,0.11380667146295309,0.0,0.11380667146295309,
4,260820,mixed,MIXED,PNND,2763,0.05677322670817375,0.0,0.05677322670817375,
4,260820,mixed,MIXED,PNND,2764,0.057735790964215994,0.0,0.057735790964215994,
4,260820,mixed,MIXED,PNND,2765,0.08637367375195026,0.0,0.08637367375195026,
4,260820,mixed,MIXED,PNND,2766,0.09007300063967705,0.0,0.09007300063967705,
4,260820,mixed,MIXED,PNND,2767,0.11563239432871342,0.0,0.11563239432871342,
4,260820,mixed,MIXED,PNND,2768,0.09871670603752136,0.0,0.09871670603752136,
4,260820,mixed,MIXED,PNND,2769,0.0856996919028461,0.0,0.0856996919028461,
4,260820,mixed,MIXED,PNND,2770,0.11610112711787224,0.0,0.11610112711787224,
4,260820,mixed,MIXED,PNND,2771,0.05870152544230223,0.0,0.05870152544230223,
4,260820,mixed,MIXED,PNND,2772,0.10407910123467445,0.0,0.10407910123467445,
4,260820,mixed,MIXED,PNND,2773,0.06954652443528175,0.0,0.06954652443528175,
4,260820,mixed,MIXED,PNND,2774,0.09267007373273373,0.0,0.09267007373273373,
4,260820,mixed,MIXED,PNND,2775,0.14037901535630226,0.0,0.14037901535630226,
4,260820,mixed,MIXED,PNND,2776,0.14566673710942268,0.0,0.14566673710942268,
4,260820,mixed,MIXED,PNND,2777,0.08735173288732767,0.0,0.08735173288732767,
4,260820,mixed,MIXED,PNND,2778,0.10583671368658543,0.0,0.10583671368658543,
4,260820,mixed,MIXED,PNND,2779,0.12789465859532356,0.0,0.12789465859532356,
4,260820,mixed,MIXED,PNND,2780,0.12686282582581043,0.0,0.12686282582581043,
4,260820,mixed,MIXED,PNND,2781,0.12151936255395412,0.0,0.12151936255395412,
4,260820,mixed,MIXED,PNND,2782,0.1293776985257864,0.0,0.1293776985257864,
4,260820,mixed,MIXED,PNND,2783,0.09793564677238464,0.0,0.09793564677238464,
4,260820,mixed,MIXED,PNND,2784,0.14171689935028553,0.0,0.14171689935028553,
4,260820,mixed,MIXED,PNND,2785,0.06567181181162596,0.0,0.06567181181162596,
4,260820,mixed,MIXED,PNND,2786,0.05117594078183174,0.0,0.05117594078183174,
4,260820,mixed,MIXED,PNND,2787,0.0911484993994236,0.0,0.0911484993994236,
4,260820,mixed,MIXED,PNND,2788,0.06556537188589573,0.0,0.06556537188589573,
4,260820,mixed,MIXED,PNND,2789,0.05720759276300669,0.0,0.05720759276300669,
4,260820,mixed,MIXED,PNND,2790,0.045117211528122425,0.0,0.045117211528122425,
4,260820,mixed,MIXED,PNND,2791,0.03710090275853872,0.0,0.03710090275853872,
4,260820,mixed,MIXED,PNND,2792,0.10658927820622921,0.0,0.10658927820622921,
4,260820,mixed,MIXED,PNND,2793,0.12335501983761787,0.0,0.12335501983761787,
4,260820,mixed,MIXED,PNND,2794,0.12396713625639677,0.0,0.12396713625639677,
4,260820,mixed,MIXED,PNND,2795,0.11359976045787334,0.0,0.11359976045787334,
4,260820,mixed,MIXED,PNND,2796,0.09254390932619572,0.0,0.09254390932619572,
4,260820,mixed,MIXED,PNND,2797,0.09233943559229374,0.0,0.09233943559229374,
4,260820,mixed,MIXED,PNND,2798,0.03754987847059965,0.0,0.03754987847059965,
4,260820,mixed,MIXED,PNND,2799,0.08863963885232806,0.0,0.08863963885232806,
4,260820,mixed,MIXED,PNND,2800,0.06680369656533003,0.0,0.06680369656533003,-0.9039663302026801
4,260820,mixed,MIXED,PNND,2801,0.09596907999366522,0.0,0.09596907999366522,
4,260820,mixed,MIXED,PNND,2802,0.1137525737285614,0.0,0.1137525737285614,
4,260820,mixed,MIXED,PNND,2803,0.076631476636976,0.0,0.076631476636976,
4,260820,mixed,MIXED,PNND,2804,0.08707286277785897,0.0,0.08707286277785897,
4,260820,mixed,MIXED,PNND,2805,0.12166572455316782,0.0,0.12166572455316782,
4,260820,mixed,MIXED,PNND,2806,0.10769115388393402,0.0,0.10769115388393402,
4,260820,mixed,MIXED,PNND,2807,0.1267356388270855,0.0,0.1267356388270855,
4,260820,mixed,MIXED,PNND,2808,0.08968969853594899,0.0,0.08968969853594899,
4,260820,mixed,MIXED,PNND,2809,0.1138798501342535,0.0,0.1138798501342535,
4,260820,mixed,MIXED,PNND,2810,0.11791352368891239,0.0,0.11791352368891239,
4,260820,mixed,MIXED,PNND,2811,0.08513123588636518,0.0,0.08513123588636518,
4,260820,mixed,MIXED,PNND,2812,0.0655983267351985,0.0,0.0655983267351985,
4,260820,mixed,MIXED,PNND,2813,0.0833560898900032,0.0,0.0833560898900032,
4,260820,mixed,MIXED,PNND,2814,0.08618309628218412,0.0,0.08618309628218412,
4,260820,mixed,MIXED,PNND,2815,0.07004307210445404,0.0,0.07004307210445404,
4,260820,mixed,MIXED,PNND,2816,0.10962767526507378,0.0,0.10962767526507378,
4,260820,mixed,MIXED,PNND,2817,0.07328981533646584,0.0,0.07328981533646584,
4,260820,mixed,MIXED,PNND,2818,0.09621643368154764,0.0,0.09621643368154764,
4,260820,mixed,MIXED,PNND,2819,0.08788949996232986,0.0,0.08788949996232986,
4,260820,mixed,MIXED,PNND,2820,0.08538627997040749,0.0,0.08538627997040749,
4,260820,mixed,MIXED,PNND,2821,0.10715500824153423,0.0,0.10715500824153423,
4,260820,mixed,MIXED,PNND,2822,0.0739140696823597,0.0,0.0739140696823597,
4,260820,mixed,MIXED,PNND,2823,0.1190359778702259,0.0,0.1190359778702259,
4,260820,mixed,MIXED,PNND,2824,0.09807478170841932,0.0,0.09807478170841932,
4,260820,mixed,MIXED,PNND,2825,0.09864702075719833,0.0,0.09864702075719833,
4,260820,mixed,MIXED,PNND,2826,0.10800070688128471,0.0,0.10800070688128471,
4,260820,mixed,MIXED,PNND,2827,0.07477176282554865,0.0,0.07477176282554865,
4,260820,mixed,MIXED,PNND,2828,0.09316547028720379,0.0,0.09316547028720379,
4,260820,mixed,MIXED,PNND,2829,0.10641889087855816,0.0,0.10641889087855816,
4,260820,mixed,MIXED,PNND,2830,0.0919983722269535,0.0,0.0919983722269535,
4,260820,mixed,MIXED,PNND,2831,0.09731964021921158,0.0,0.09731964021921158,
4,260820,mixed,MIXED,PNND,2832,0.09703449765220284,0.0,0.09703449765220284,
4,260820,mixed,MIXED,PNND,2833,0.07070245780050755,0.0,0.07070245780050755,
4,260820,mixed,MIXED,PNND,2834,0.10904016206040978,0.0,0.10904016206040978,
4,260820,mixed,MIXED,PNND,2835,0.14405384846031666,0.0,0.14405384846031666,
4,260820,mixed,MIXED,PNND,2836,0.10821696557104588,0.0,0.10821696557104588,
4,260820,mixed,MIXED,PNND,2837,0.11864925920963287,0.0,0.11864925920963287,
4,260820,mixed,MIXED,PNND,2838,0.07989657297730446,0.0,0.07989657297730446,
4,260820,mixed,MIXED,PNND,2839,0.10570739395916462,0.0,0.10570739395916462,
4,260820,mixed,MIXED,PNND,2840,0.06483565969392657,0.0,0.06483565969392657,
4,260820,mixed,MIXED,PNND,2841,0.09833756648004055,0.0,0.09833756648004055,
4,260820,mixed,MIXED,PNND,2842,0.11336193047463894,0.0,0.11336193047463894,
4,260820,mixed,MIXED,PNND,2843,0.09529559127986431,0.0,0.09529559127986431,
4,260820,mixed,MIXED,PNND,2844,0.11463817209005356,0.0,0.11463817209005356,
4,260820,mixed,MIXED,PNND,2845,0.10483256075531244,0.0,0.10483256075531244,
4,260820,mixed,MIXED,PNND,2846,0.05216725915670395,0.0,0.05216725915670395,
4,260820,mixed,MIXED,PNND,2847,0.07542516104876995,0.0,0.07542516104876995,
4,260820,mixed,MIXED,PNND,2848,0.14339280501008034,0.0,0.14339280501008034,
4,260820,mixed,MIXED,PNND,2849,0.12324456498026848,0.0,0.12324456498026848,
4,260820,mixed,MIXED,PNND,2850,0.10391611605882645,0.0,0.10391611605882645,
4,260820,mixed,MIXED,PNND,2851,0.12292532064020634,0.0,0.12292532064020634,
4,260820,mixed,MIXED,PNND,2852,0.036562921945005655,0.0,0.036562921945005655,
4,260820,mixed,MIXED,PNND,2853,0.10358021315187216,0.0,0.10358021315187216,
4,260820,mixed,MIXED,PNND,2854,0.12193584442138672,0.0,0.12193584442138672,
4,260820,mixed,MIXED,PNND,2855,0.10740196332335472,0.0,0.10740196332335472,
4,260820,mixed,MIXED,PNND,2856,0.07285599876195192,0.0,0.07285599876195192,
4,260820,mixed,MIXED,PNND,2857,0.08640399016439915,0.0,0.08640399016439915,
4,260820,mixed,MIXED,PNND,2858,0.12911674194037914,0.0,0.12911674194037914,
4,260820,mixed,MIXED,PNND,2859,0.11762057151645422,0.0,0.11762057151645422,
4,260820,mixed,MIXED,PNND,2860,0.08227159362286329,0.0,0.08227159362286329,
4,260820,mixed,MIXED,PNND,2861,0.08142140042036772,0.0,0.08142140042036772,
4,260820,mixed,MIXED,PNND,2862,0.08420082088559866,0.0,0.08420082088559866,
4,260820,mixed,MIXED,PNND,2863,0.0954599417746067,0.0,0.0954599417746067,
4,260820,mixed,MIXED,PNND,2864,0.07274906057864428,0.0,0.07274906057864428,
4,260820,mixed,MIXED,PNND,2865,0.09599761664867401,0.0,0.09599761664867401,
4,260820,mixed,MIXED,PNND,2866,0.03979737218469381,0.0,0.03979737218469381,
4,260820,mixed,MIXED,PNND,2867,0.1046251654624939,0.0,0.1046251654624939,
4,260820,mixed,MIXED,PNND,2868,0.07316680857911706,0.0,0.07316680857911706,
4,260820,mixed,MIXED,PNND,2869,0.10719762742519379,0.0,0.10719762742519379,
4,260820,mixed,MIXED,PNND,2870,0.14749781414866447,0.0,0.14749781414866447,
4,260820,mixed,MIXED,PNND,2871,0.12281143851578236,0.0,0.12281143851578236,
4,260820,mixed,MIXED,PNND,2872,0.09660293906927109,0.0,0.09660293906927109,
4,260820,mixed,MIXED,PNND,2873,0.09063303982838988,0.0,0.09063303982838988,
4,260820,mixed,MIXED,PNND,2874,0.09361748024821281,0.0,0.09361748024821281,
4,260820,mixed,MIXED,PNND,2875,0.07976898923516273,0.0,0.07976898923516273,
4,260820,mixed,MIXED,PNND,2876,0.1424033436924219,0.0,0.1424033436924219,
4,260820,mixed,MIXED,PNND,2877,0.1102460864931345,0.0,0.1102460864931345,
4,260820,mixed,MIXED,PNND,2878,0.09850909700617194,0.0,0.09850909700617194,
4,260820,mixed,MIXED,PNND,2879,0.0869202041067183,0.0,0.0869202041067183,
4,260820,mixed,MIXED,PNND,2880,0.10603394731879234,0.0,0.10603394731879234,
4,260820,mixed,MIXED,PNND,2881,0.11952215246856213,0.0,0.11952215246856213,
4,260820,mixed,MIXED,PNND,2882,0.13180464133620262,0.0,0.13180464133620262,
4,260820,mixed,MIXED,PNND,2883,0.08062548842281103,0.0,0.08062548842281103,
4,260820,mixed,MIXED,PNND,2884,0.056047528982162476,0.0,0.056047528982162476,
4,260820,mixed,MIXED,PNND,2885,0.15828479640185833,0.0,0.15828479640185833,
4,260820,mixed,MIXED,PNND,2886,0.10062217060476542,0.0,0.10062217060476542,
4,260820,mixed,MIXED,PNND,2887,0.0839704042300582,0.0,0.0839704042300582,
4,260820,mixed,MIXED,PNND,2888,0.07947307638823986,0.0,0.07947307638823986,
4,260820,mixed,MIXED,PNND,2889,0.10353774949908257,0.0,0.10353774949908257,
4,260820,mixed,MIXED,PNND,2890,0.0977459754794836,0.0,0.0977459754794836,
4,260820,mixed,MIXED,PNND,2891,0.06370917800813913,0.0,0.06370917800813913,
4,260820,mixed,MIXED,PNND,2892,0.0998801407404244,0.0,0.0998801407404244,
4,260820,mixed,MIXED,PNND,2893,0.09732206910848618,0.0,0.09732206910848618,
4,260820,mixed,MIXED,PNND,2894,0.11293504852801561,0.0,0.11293504852801561,
4,260820,mixed,MIXED,PNND,2895,0.08627671375870705,0.0,0.08627671375870705,
4,260820,mixed,MIXED,PNND,2896,0.12000284157693386,0.0,0.12000284157693386,
4,260820,mixed,MIXED,PNND,2897,0.07026757765561342,0.0,0.07026757765561342,
4,260820,mixed,MIXED,PNND,2898,0.08366098906844854,0.0,0.08366098906844854,
4,260820,mixed,MIXED,PNND,2899,0.07863160688430071,0.0,0.07863160688430071,
4,260820,mixed,MIXED,PNND,2900,0.13664403557777405,0.0,0.13664403557777405,
4,260820,mixed,MIXED,PNND,2901,0.061544157564640045,0.0,0.061544157564640045,
4,260820,mixed,MIXED,PNND,2902,0.08351089619100094,0.0,0.08351089619100094,
4,260820,mixed,MIXED,PNND,2903,0.11645154096186161,0.0,0.11645154096186161,
4,260820,mixed,MIXED,PNND,2904,0.14405567198991776,0.0,0.14405567198991776,
4,260820,mixed,MIXED,PNND,2905,0.11225693114101887,0.0,0.11225693114101887,
4,260820,mixed,MIXED,PNND,2906,0.05397916864603758,0.0,0.05397916864603758,
4,260820,mixed,MIXED,PNND,2907,0.08416101802140474,0.0,0.08416101802140474,
4,260820,mixed,MIXED,PNND,2908,0.07345151528716087,0.0,0.07345151528716087,
4,260820,mixed,MIXED,PNND,2909,0.05866914615035057,0.0,0.05866914615035057,
4,260820,mixed,MIXED,PNND,2910,0.11753681302070618,0.0,0.11753681302070618,
4,260820,mixed,MIXED,PNND,2911,0.10742109455168247,0.0,0.10742109455168247,
4,260820,mixed,MIXED,PNND,2912,0.09975709579885006,0.0,0.09975709579885006,
4,260820,mixed,MIXED,PNND,2913,0.03888449864462018,0.0,0.03888449864462018,
4,260820,mixed,MIXED,PNND,2914,0.09655834455043077,0.0,0.09655834455043077,
4,260820,mixed,MIXED,PNND,2915,0.09570643585175276,0.0,0.09570643585175276,
4,260820,mixed,MIXED,PNND,2916,0.14390111155807972,0.0,0.14390111155807972,
4,260820,mixed,MIXED,PNND,2917,0.13863991107791662,0.0,0.13863991107791662,
4,260820,mixed,MIXED,PNND,2918,0.10279097873717546,0.0,0.10279097873717546,
4,260820,mixed,MIXED,PNND,2919,0.07111960090696812,0.0,0.07111960090696812,
4,260820,mixed,MIXED,PNND,2920,0.12448683567345142,0.0,0.12448683567345142,
4,260820,mixed,MIXED,PNND,2921,0.030932900961488485,0.0,0.030932900961488485,
4,260820,mixed,MIXED,PNND,2922,0.09574064891785383,0.0,0.09574064891785383,
4,260820,mixed,MIXED,PNND,2923,0.12488998845219612,0.0,0.12488998845219612,
4,260820,mixed,MIXED,PNND,2924,0.10223827045410872,0.0,0.10223827045410872,
4,260820,mixed,MIXED,PNND,2925,0.14159928262233734,0.0,0.14159928262233734,
4,260820,mixed,MIXED,PNND,2926,0.09852761728689075,0.0,0.09852761728689075,
4,260820,mixed,MIXED,PNND,2927,0.09552163071930408,0.0,0.09552163071930408,
4,260820,mixed,MIXED,PNND,2928,0.06622327584773302,0.0,0.06622327584773302,
4,260820,mixed,MIXED,PNND,2929,0.10804505599662662,0.0,0.10804505599662662,
4,260820,mixed,MIXED,PNND,2930,0.07107854494825006,0.0,0.07107854494825006,
4,260820,mixed,MIXED,PNND,2931,0.11351882107555866,0.0,0.11351882107555866,
4,260820,mixed,MIXED,PNND,2932,0.08791636489331722,0.0,0.08791636489331722,
4,260820,mixed,MIXED,PNND,2933,0.1068072710186243,0.0,0.1068072710186243,
4,260820,mixed,MIXED,PNND,2934,0.11678404174745083,0.0,0.11678404174745083,
4,260820,mixed,MIXED,PNND,2935,0.12110096029937267,0.0,0.12110096029937267,
4,260820,mixed,MIXED,PNND,2936,0.13512831460684538,0.0,0.13512831460684538,
4,260820,mixed,MIXED,PNND,2937,0.11194738931953907,0.0,0.11194738931953907,
4,260820,mixed,MIXED,PNND,2938,0.05298900417983532,0.0,0.05298900417983532,
4,260820,mixed,MIXED,PNND,2939,0.11450154893100262,0.0,0.11450154893100262,
4,260820,mixed,MIXED,PNND,2940,0.1327084619551897,0.0,0.1327084619551897,
4,260820,mixed,MIXED,PNND,2941,0.11427638866007328,0.0,0.11427638866007328,
4,260820,mixed,MIXED,PNND,2942,0.10114552080631256,0.0,0.10114552080631256,
4,260820,mixed,MIXED,PNND,2943,0.11664435546845198,0.0,0.11664435546845198,
4,260820,mixed,MIXED,PNND,2944,0.10991280851885676,0.0,0.10991280851885676,
4,260820,mixed,MIXED,PNND,2945,0.1352349929511547,0.0,0.1352349929511547,
4,260820,mixed,MIXED,PNND,2946,0.1386871663853526,0.0,0.1386871663853526,
4,260820,mixed,MIXED,PNND,2947,0.049437159672379494,0.0,0.049437159672379494,
4,260820,mixed,MIXED,PNND,2948,0.11281338147819042,0.0,0.11281338147819042,
4,260820,mixed,MIXED,PNND,2949,0.10495064780116081,0.0,0.10495064780116081,
4,260820,mixed,MIXED,PNND,2950,0.08145104162395,0.0,0.08145104162395,
4,260820,mixed,MIXED,PNND,2951,0.09066905360668898,0.0,0.09066905360668898,
4,260820,mixed,MIXED,PNND,2952,0.12579644471406937,0.0,0.12579644471406937,
4,260820,mixed,MIXED,PNND,2953,0.09338693879544735,0.0,0.09338693879544735,
4,260820,mixed,MIXED,PNND,2954,0.061787549406290054,0.0,0.061787549406290054,
4,260820,mixed,MIXED,PNND,2955,0.062823296058923,0.0,0.062823296058923,
4,260820,mixed,MIXED,PNND,2956,0.10870895814150572,0.0,0.10870895814150572,
4,260820,mixed,MIXED,PNND,2957,0.12203951179981232,0.0,0.12203951179981232,
4,260820,mixed,MIXED,PNND,2958,0.09942799294367433,0.0,0.09942799294367433,
4,260820,mixed,MIXED,PNND,2959,0.12997052911669016,0.0,0.12997052911669016,
4,260820,mixed,MIXED,PNND,2960,0.07654015230946243,0.0,0.07654015230946243,
4,260820,mixed,MIXED,PNND,2961,0.12582788802683353,0.0,0.12582788802683353,
4,260820,mixed,MIXED,PNND,2962,0.1211245059967041,0.0,0.1211245059967041,
4,260820,mixed,MIXED,PNND,2963,0.08349954197183251,0.0,0.08349954197183251,
4,260820,mixed,MIXED,PNND,2964,0.10287032090127468,0.0,0.10287032090127468,
4,260820,mixed,MIXED,PNND,2965,0.09431025572121143,0.0,0.09431025572121143,
4,260820,mixed,MIXED,PNND,2966,0.06017370382323861,0.0,0.06017370382323861,
4,260820,mixed,MIXED,PNND,2967,0.11988594569265842,0.0,0.11988594569265842,
4,260820,mixed,MIXED,PNND,2968,0.10852168127894402,0.0,0.10852168127894402,
4,260820,mixed,MIXED,PNND,2969,0.0886379387229681,0.0,0.0886379387229681,
4,260820,mixed,MIXED,PNND,2970,0.09775168169289827,0.0,0.09775168169289827,
4,260820,mixed,MIXED,PNND,2971,0.05212360294535756,0.0,0.05212360294535756,
4,260820,mixed,MIXED,PNND,2972,0.06241397722624242,0.0,0.06241397722624242,
4,260820,mixed,MIXED,PNND,2973,0.11970169376581907,0.0,0.11970169376581907,
4,260820,mixed,MIXED,PNND,2974,0.12733862549066544,0.0,0.12733862549066544,
4,260820,mixed,MIXED,PNND,2975,0.10307417996227741,0.0,0.10307417996227741,
4,260820,mixed,MIXED,PNND,2976,0.04896464664489031,0.0,0.04896464664489031,
4,260820,mixed,MIXED,PNND,2977,0.07705012988299131,0.0,0.07705012988299131,
4,260820,mixed,MIXED,PNND,2978,0.11561605334281921,0.0,0.11561605334281921,
4,260820,mixed,MIXED,PNND,2979,0.15141412615776062,0.0,0.15141412615776062,
4,260820,mixed,MIXED,PNND,2980,0.0908366572111845,0.0,0.0908366572111845,
4,260820,mixed,MIXED,PNND,2981,0.09483334748074412,0.0,0.09483334748074412,
4,260820,mixed,MIXED,PNND,2982,0.06562002701684833,0.0,0.06562002701684833,
4,260820,mixed,MIXED,PNND,2983,0.1292298324406147,0.0,0.1292298324406147,
4,260820,mixed,MIXED,PNND,2984,0.12233433313667774,0.0,0.12233433313667774,
4,260820,mixed,MIXED,PNND,2985,0.07306998502463102,0.0,0.07306998502463102,
4,260820,mixed,MIXED,PNND,2986,0.08573626168072224,0.0,0.08573626168072224,
4,260820,mixed,MIXED,PNND,2987,0.09443079307675362,0.0,0.09443079307675362,
4,260820,mixed,MIXED,PNND,2988,0.06758272834122181,0.0,0.06758272834122181,
4,260820,mixed,MIXED,PNND,2989,0.10399703681468964,0.0,0.10399703681468964,
4,260820,mixed,MIXED,PNND,2990,0.06008267588913441,0.0,0.06008267588913441,
4,260820,mixed,MIXED,PNND,2991,0.0637672832235694,0.0,0.0637672832235694,
4,260820,mixed,MIXED,PNND,2992,0.12725560180842876,0.0,0.12725560180842876,
4,260820,mixed,MIXED,PNND,2993,0.12582517974078655,0.0,0.12582517974078655,
4,260820,mixed,MIXED,PNND,2994,0.08144664205610752,0.0,0.08144664205610752,
4,260820,mixed,MIXED,PNND,2995,0.11729355528950691,0.0,0.11729355528950691,
4,260820,mixed,MIXED,PNND,2996,0.09079501964151859,0.0,0.09079501964151859,
4,260820,mixed,MIXED,PNND,2997,0.12472906894981861,0.0,0.12472906894981861,
4,260820,mixed,MIXED,PNND,2998,0.10295862145721912,0.0,0.10295862145721912,
4,260820,mixed,MIXED,PNND,2999,0.08565373718738556,0.0,0.08565373718738556,
4,260820,mixed,MIXED,PNND,3000,0.05840283026918769,0.0,0.05840283026918769,-0.9113958950276231
4,260820,mixed,MIXED,PNND,3001,0.09996094182133675,0.0,0.09996094182133675,
4,260820,mixed,MIXED,PNND,3002,0.0933954012580216,0.0,0.0933954012580216,
4,260820,mixed,MIXED,PNND,3003,0.0906641986221075,0.0,0.0906641986221075,
4,260820,mixed,MIXED,PNND,3004,0.09323092456907034,0.0,0.09323092456907034,
4,260820,mixed,MIXED,PNND,3005,0.09783457219600677,0.0,0.09783457219600677,
4,260820,mixed,MIXED,PNND,3006,0.06933112209662795,0.0,0.06933112209662795,
4,260820,mixed,MIXED,PNND,3007,0.09121854230761528,0.0,0.09121854230761528,
4,260820,mixed,MIXED,PNND,3008,0.09993340820074081,0.0,0.09993340820074081,
4,260820,mixed,MIXED,PNND,3009,0.11345432326197624,0.0,0.11345432326197624,
4,260820,mixed,MIXED,PNND,3010,0.127863310277462,0.0,0.127863310277462,
4,260820,mixed,MIXED,PNND,3011,0.05142721440643072,0.0,0.05142721440643072,
4,260820,mixed,MIXED,PNND,3012,0.11315906420350075,0.0,0.11315906420350075,
4,260820,mixed,MIXED,PNND,3013,0.0810461095534265,0.0,0.0810461095534265,
4,260820,mixed,MIXED,PNND,3014,0.10004377737641335,0.0,0.10004377737641335,
4,260820,mixed,MIXED,PNND,3015,0.09666813910007477,0.0,0.09666813910007477,
4,260820,mixed,MIXED,PNND,3016,0.13728246092796326,0.0,0.13728246092796326,
4,260820,mixed,MIXED,PNND,3017,0.12844033911824226,0.0,0.12844033911824226,
4,260820,mixed,MIXED,PNND,3018,0.09040894359350204,0.0,0.09040894359350204,
4,260820,mixed,MIXED,PNND,3019,0.08426627889275551,0.0,0.08426627889275551,
4,260820,mixed,MIXED,PNND,3020,0.06059621647000313,0.0,0.06059621647000313,
4,260820,mixed,MIXED,PNND,3021,0.15310312062501907,0.0,0.15310312062501907,
4,260820,mixed,MIXED,PNND,3022,0.08724446897394955,0.0,0.08724446897394955,
4,260820,mixed,MIXED,PNND,3023,0.09067426063120365,0.0,0.09067426063120365,
4,260820,mixed,MIXED,PNND,3024,0.1020676614716649,0.0,0.1020676614716649,
4,260820,mixed,MIXED,PNND,3025,0.10588975064456463,0.0,0.10588975064456463,
4,260820,mixed,MIXED,PNND,3026,0.08006907952949405,0.0,0.08006907952949405,
4,260820,mixed,MIXED,PNND,3027,0.051403630524873734,0.0,0.051403630524873734,
4,260820,mixed,MIXED,PNND,3028,0.1253221221268177,0.0,0.1253221221268177,
4,260820,mixed,MIXED,PNND,3029,0.13241812027990818,0.0,0.13241812027990818,
4,260820,mixed,MIXED,PNND,3030,0.1038246089592576,0.0,0.1038246089592576,
4,260820,mixed,MIXED,PNND,3031,0.1121646324172616,0.0,0.1121646324172616,
4,260820,mixed,MIXED,PNND,3032,0.10634642094373703,0.0,0.10634642094373703,
4,260820,mixed,MIXED,PNND,3033,0.15228956565260887,0.0,0.15228956565260887,
4,260820,mixed,MIXED,PNND,3034,0.08466368447989225,0.0,0.08466368447989225,
4,260820,mixed,MIXED,PNND,3035,0.07207259628921747,0.0,0.07207259628921747,
4,260820,mixed,MIXED,PNND,3036,0.048650594893842936,0.0,0.048650594893842936,
4,260820,mixed,MIXED,PNND,3037,0.13284899294376373,0.0,0.13284899294376373,
4,260820,mixed,MIXED,PNND,3038,0.10086971102282405,0.0,0.10086971102282405,
4,260820,mixed,MIXED,PNND,3039,0.13712257146835327,0.0,0.13712257146835327,
4,260820,mixed,MIXED,PNND,3040,0.09342240542173386,0.0,0.09342240542173386,
4,260820,mixed,MIXED,PNND,3041,0.12332727387547493,0.0,0.12332727387547493,
4,260820,mixed,MIXED,PNND,3042,0.09538546577095985,0.0,0.09538546577095985,
4,260820,mixed,MIXED,PNND,3043,0.12356341630220413,0.0,0.12356341630220413,
4,260820,mixed,MIXED,PNND,3044,0.11718444153666496,0.0,0.11718444153666496,
4,260820,mixed,MIXED,PNND,3045,0.11508492194116116,0.0,0.11508492194116116,
4,260820,mixed,MIXED,PNND,3046,0.06414411962032318,0.0,0.06414411962032318,
4,260820,mixed,MIXED,PNND,3047,0.10937443748116493,0.0,0.10937443748116493,
4,260820,mixed,MIXED,PNND,3048,0.08280403120443225,0.0,0.08280403120443225,
4,260820,mixed,MIXED,PNND,3049,0.12427845411002636,0.0,0.12427845411002636,
4,260820,mixed,MIXED,PNND,3050,0.08849247987382114,0.0,0.08849247987382114,
4,260820,mixed,MIXED,PNND,3051,0.087788678240031,0.0,0.087788678240031,
4,260820,mixed,MIXED,PNND,3052,0.07272706739604473,0.0,0.07272706739604473,
4,260820,mixed,MIXED,PNND,3053,0.07612319476902485,0.0,0.07612319476902485,
4,260820,mixed,MIXED,PNND,3054,0.0968120414763689,0.0,0.0968120414763689,
4,260820,mixed,MIXED,PNND,3055,0.10612362623214722,0.0,0.10612362623214722,
4,260820,mixed,MIXED,PNND,3056,0.1472407430410385,0.0,0.1472407430410385,
4,260820,mixed,MIXED,PNND,3057,0.12703226134181023,0.0,0.12703226134181023,
4,260820,mixed,MIXED,PNND,3058,0.10990595142357051,0.0,0.10990595142357051,
4,260820,mixed,MIXED,PNND,3059,0.13907465897500515,0.0,0.13907465897500515,
4,260820,mixed,MIXED,PNND,3060,0.11367959622293711,0.0,0.11367959622293711,
4,260820,mixed,MIXED,PNND,3061,0.09068554174154997,0.0,0.09068554174154997,
4,260820,mixed,MIXED,PNND,3062,0.11150628933683038,0.0,0.11150628933683038,
4,260820,mixed,MIXED,PNND,3063,0.09865298308432102,0.0,0.09865298308432102,
4,260820,mixed,MIXED,PNND,3064,0.0927216038107872,0.0,0.0927216038107872,
4,260820,mixed,MIXED,PNND,3065,0.07932432042434812,0.0,0.07932432042434812,
4,260820,mixed,MIXED,PNND,3066,0.11317461356520653,0.0,0.11317461356520653,
4,260820,mixed,MIXED,PNND,3067,0.08854723442345858,0.0,0.08854723442345858,
4,260820,mixed,MIXED,PNND,3068,0.08702380955219269,0.0,0.08702380955219269,
4,260820,mixed,MIXED,PNND,3069,0.07647400069981813,0.0,0.07647400069981813,
4,260820,mixed,MIXED,PNND,3070,0.11174994334578514,0.0,0.11174994334578514,
4,260820,mixed,MIXED,PNND,3071,0.0936441570520401,0.0,0.0936441570520401,
4,260820,mixed,MIXED,PNND,3072,0.08086087182164192,0.0,0.08086087182164192,
4,260820,mixed,MIXED,PNND,3073,0.09280677698552608,0.0,0.09280677698552608,
4,260820,mixed,MIXED,PNND,3074,0.11919151619076729,0.0,0.11919151619076729,
4,260820,mixed,MIXED,PNND,3075,0.0946601964533329,0.0,0.0946601964533329,
4,260820,mixed,MIXED,PNND,3076,0.10702035948634148,0.0,0.10702035948634148,
4,260820,mixed,MIXED,PNND,3077,0.13056452572345734,0.0,0.13056452572345734,
4,260820,mixed,MIXED,PNND,3078,0.07742797769606113,0.0,0.07742797769606113,
4,260820,mixed,MIXED,PNND,3079,0.09419938921928406,0.0,0.09419938921928406,
4,260820,mixed,MIXED,PNND,3080,0.05115136131644249,0.0,0.05115136131644249,
4,260820,mixed,MIXED,PNND,3081,0.06961080431938171,0.0,0.06961080431938171,
4,260820,mixed,MIXED,PNND,3082,0.09498554840683937,0.0,0.09498554840683937,
4,260820,mixed,MIXED,PNND,3083,0.11062169703654945,0.0,0.11062169703654945,
4,260820,mixed,MIXED,PNND,3084,0.06594047020189464,0.0,0.06594047020189464,
4,260820,mixed,MIXED,PNND,3085,0.06752809742465615,0.0,0.06752809742465615,
4,260820,mixed,MIXED,PNND,3086,0.11908710096031427,0.0,0.11908710096031427,
4,260820,mixed,MIXED,PNND,3087,0.04224750469438732,0.0,0.04224750469438732,
4,260820,mixed,MIXED,PNND,3088,0.1613134890794754,0.0,0.1613134890794754,
4,260820,mixed,MIXED,PNND,3089,0.0626533878967166,0.0,0.0626533878967166,
4,260820,mixed,MIXED,PNND,3090,0.07003988930955529,0.0,0.07003988930955529,
4,260820,mixed,MIXED,PNND,3091,0.033588564954698086,0.0,0.033588564954698086,
4,260820,mixed,MIXED,PNND,3092,0.09528977889567614,0.0,0.09528977889567614,
4,260820,mixed,MIXED,PNND,3093,0.09956830088049173,0.0,0.09956830088049173,
4,260820,mixed,MIXED,PNND,3094,0.08661085553467274,0.0,0.08661085553467274,
4,260820,mixed,MIXED,PNND,3095,0.09069391898810863,0.0,0.09069391898810863,
4,260820,mixed,MIXED,PNND,3096,0.11134986206889153,0.0,0.11134986206889153,
4,260820,mixed,MIXED,PNND,3097,0.06769636645913124,0.0,0.06769636645913124,
4,260820,mixed,MIXED,PNND,3098,0.09659993648529053,0.0,0.09659993648529053,
4,260820,mixed,MIXED,PNND,3099,0.08645509881898761,0.0,0.08645509881898761,
4,260820,mixed,MIXED,PNND,3100,0.10076821781694889,0.0,0.10076821781694889,
4,260820,mixed,MIXED,PNND,3101,0.06730869901366532,0.0,0.06730869901366532,
4,260820,mixed,MIXED,PNND,3102,0.024904137942939997,0.0,0.024904137942939997,
4,260820,mixed,MIXED,PNND,3103,0.09896935895085335,0.0,0.09896935895085335,
4,260820,mixed,MIXED,PNND,3104,0.1576421968638897,0.0,0.1576421968638897,
4,260820,mixed,MIXED,PNND,3105,0.11140965856611729,0.0,0.11140965856611729,
4,260820,mixed,MIXED,PNND,3106,0.04783521732315421,0.0,0.04783521732315421,
4,260820,mixed,MIXED,PNND,3107,0.0844733826816082,0.0,0.0844733826816082,
4,260820,mixed,MIXED,PNND,3108,0.13149121031165123,0.0,0.13149121031165123,
4,260820,mixed,MIXED,PNND,3109,0.07101588556542993,0.0,0.07101588556542993,
4,260820,mixed,MIXED,PNND,3110,0.09589342027902603,0.0,0.09589342027902603,
4,260820,mixed,MIXED,PNND,3111,0.07297781878151,0.0,0.07297781878151,
4,260820,mixed,MIXED,PNND,3112,0.07366343075409532,0.0,0.07366343075409532,
4,260820,mixed,MIXED,PNND,3113,0.07924084714613855,0.0,0.07924084714613855,
4,260820,mixed,MIXED,PNND,3114,0.1189525811932981,0.0,0.1189525811932981,
4,260820,mixed,MIXED,PNND,3115,0.09946755925193429,0.0,0.09946755925193429,
4,260820,mixed,MIXED,PNND,3116,0.0937469881027937,0.0,0.0937469881027937,
4,260820,mixed,MIXED,PNND,3117,0.09034915268421173,0.0,0.09034915268421173,
4,260820,mixed,MIXED,PNND,3118,0.10877710580825806,0.0,0.10877710580825806,
4,260820,mixed,MIXED,PNND,3119,0.11984539683908224,0.0,0.11984539683908224,
4,260820,mixed,MIXED,PNND,3120,0.10642378125339746,0.0,0.10642378125339746,
4,260820,mixed,MIXED,PNND,3121,0.08770828973501921,0.0,0.08770828973501921,
4,260820,mixed,MIXED,PNND,3122,0.04845772171393037,0.0,0.04845772171393037,
4,260820,mixed,MIXED,PNND,3123,0.10236263647675514,0.0,0.10236263647675514,
4,260820,mixed,MIXED,PNND,3124,0.08222459303215146,0.0,0.08222459303215146,
4,260820,mixed,MIXED,PNND,3125,0.1015006466768682,0.0,0.1015006466768682,
4,260820,mixed,MIXED,PNND,3126,0.11283775977790356,0.0,0.11283775977790356,
4,260820,mixed,MIXED,PNND,3127,0.1591697670519352,0.0,0.1591697670519352,
4,260820,mixed,MIXED,PNND,3128,0.12558300141245127,0.0,0.12558300141245127,
4,260820,mixed,MIXED,PNND,3129,0.12466055899858475,0.0,0.12466055899858475,
4,260820,mixed,MIXED,PNND,3130,0.10171280615031719,0.0,0.10171280615031719,
4,260820,mixed,MIXED,PNND,3131,0.13063693419098854,0.0,0.13063693419098854,
4,260820,mixed,MIXED,PNND,3132,0.08514360943809152,0.0,0.08514360943809152,
4,260820,mixed,MIXED,PNND,3133,0.09981769509613514,0.0,0.09981769509613514,
4,260820,mixed,MIXED,PNND,3134,0.05333410855382681,0.0,0.05333410855382681,
4,260820,mixed,MIXED,PNND,3135,0.07491044467315078,0.0,0.07491044467315078,
4,260820,mixed,MIXED,PNND,3136,0.0753395427018404,0.0,0.0753395427018404,
4,260820,mixed,MIXED,PNND,3137,0.09334135986864567,0.0,0.09334135986864567,
4,260820,mixed,MIXED,PNND,3138,0.06681232759729028,0.0,0.06681232759729028,
4,260820,mixed,MIXED,PNND,3139,0.05666658002883196,0.0,0.05666658002883196,
4,260820,mixed,MIXED,PNND,3140,0.12844316847622395,0.0,0.12844316847622395,
4,260820,mixed,MIXED,PNND,3141,0.06571133737452328,0.0,0.06571133737452328,
4,260820,mixed,MIXED,PNND,3142,0.1278712898492813,0.0,0.1278712898492813,
4,260820,mixed,MIXED,PNND,3143,0.08940205071121454,0.0,0.08940205071121454,
4,260820,mixed,MIXED,PNND,3144,0.08315968979150057,0.0,0.08315968979150057,
4,260820,mixed,MIXED,PNND,3145,0.07415585196577013,0.0,0.07415585196577013,
4,260820,mixed,MIXED,PNND,3146,0.06477642641402781,0.0,0.06477642641402781,
4,260820,mixed,MIXED,PNND,3147,0.08980745356529951,0.0,0.08980745356529951,
4,260820,mixed,MIXED,PNND,3148,0.08066836930811405,0.0,0.08066836930811405,
4,260820,mixed,MIXED,PNND,3149,0.08542457967996597,0.0,0.08542457967996597,
4,260820,mixed,MIXED,PNND,3150,0.13229124434292316,0.0,0.13229124434292316,
4,260820,mixed,MIXED,PNND,3151,0.10674517136067152,0.0,0.10674517136067152,
4,260820,mixed,MIXED,PNND,3152,0.12682927772402763,0.0,0.12682927772402763,
4,260820,mixed,MIXED,PNND,3153,0.10754785127937794,0.0,0.10754785127937794,
4,260820,mixed,MIXED,PNND,3154,0.13195347040891647,0.0,0.13195347040891647,
4,260820,mixed,MIXED,PNND,3155,0.08983889408409595,0.0,0.08983889408409595,
4,260820,mixed,MIXED,PNND,3156,0.08109909761697054,0.0,0.08109909761697054,
4,260820,mixed,MIXED,PNND,3157,0.08669018652290106,0.0,0.08669018652290106,
4,260820,mixed,MIXED,PNND,3158,0.07669499423354864,0.0,0.07669499423354864,
4,260820,mixed,MIXED,PNND,3159,0.13241399452090263,0.0,0.13241399452090263,
4,260820,mixed,MIXED,PNND,3160,0.08515003393404186,0.0,0.08515003393404186,
4,260820,mixed,MIXED,PNND,3161,0.12479243893176317,0.0,0.12479243893176317,
4,260820,mixed,MIXED,PNND,3162,0.06619935855269432,0.0,0.06619935855269432,
4,260820,mixed,MIXED,PNND,3163,0.10558225587010384,0.0,0.10558225587010384,
4,260820,mixed,MIXED,PNND,3164,0.08604551060125232,0.0,0.08604551060125232,
4,260820,mixed,MIXED,PNND,3165,0.08021845109760761,0.0,0.08021845109760761,
4,260820,mixed,MIXED,PNND,3166,0.07945878431200981,0.0,0.07945878431200981,
4,260820,mixed,MIXED,PNND,3167,0.11302954517304897,0.0,0.11302954517304897,
4,260820,mixed,MIXED,PNND,3168,0.09119143895804882,0.0,0.09119143895804882,
4,260820,mixed,MIXED,PNND,3169,0.07553409039974213,0.0,0.07553409039974213,
4,260820,mixed,MIXED,PNND,3170,0.10810643061995506,0.0,0.10810643061995506,
4,260820,mixed,MIXED,PNND,3171,0.10041326656937599,0.0,0.10041326656937599,
4,260820,mixed,MIXED,PNND,3172,0.06271150847896934,0.0,0.06271150847896934,
4,260820,mixed,MIXED,PNND,3173,0.12410789355635643,0.0,0.12410789355635643,
4,260820,mixed,MIXED,PNND,3174,0.10080074891448021,0.0,0.10080074891448021,
4,260820,mixed,MIXED,PNND,3175,0.11523585952818394,0.0,0.11523585952818394,
4,260820,mixed,MIXED,PNND,3176,0.08690903708338737,0.0,0.08690903708338737,
4,260820,mixed,MIXED,PNND,3177,0.08784350845962763,0.0,0.08784350845962763,
4,260820,mixed,MIXED,PNND,3178,0.09905013628304005,0.0,0.09905013628304005,
4,260820,mixed,MIXED,PNND,3179,0.055089260917156935,0.0,0.055089260917156935,
4,260820,mixed,MIXED,PNND,3180,0.08872241852805018,0.0,0.08872241852805018,
4,260820,mixed,MIXED,PNND,3181,0.11547515168786049,0.0,0.11547515168786049,
4,260820,mixed,MIXED,PNND,3182,0.11019354686141014,0.0,0.11019354686141014,
4,260820,mixed,MIXED,PNND,3183,0.05888908449560404,0.0,0.05888908449560404,
4,260820,mixed,MIXED,PNND,3184,0.14913623221218586,0.0,0.14913623221218586,
4,260820,mixed,MIXED,PNND,3185,0.11220588907599449,0.0,0.11220588907599449,
4,260820,mixed,MIXED,PNND,3186,0.08530065813101828,0.0,0.08530065813101828,
4,260820,mixed,MIXED,PNND,3187,0.0593649884685874,0.0,0.0593649884685874,
4,260820,mixed,MIXED,PNND,3188,0.08330732979811728,0.0,0.08330732979811728,
4,260820,mixed,MIXED,PNND,3189,0.08219616580754519,0.0,0.08219616580754519,
4,260820,mixed,MIXED,PNND,3190,0.0819125585258007,0.0,0.0819125585258007,
4,260820,mixed,MIXED,PNND,3191,0.10321850469335914,0.0,0.10321850469335914,
4,260820,mixed,MIXED,PNND,3192,0.09172118082642555,0.0,0.09172118082642555,
4,260820,mixed,MIXED,PNND,3193,0.11850425973534584,0.0,0.11850425973534584,
4,260820,mixed,MIXED,PNND,3194,0.08789550513029099,0.0,0.08789550513029099,
4,260820,mixed,MIXED,PNND,3195,0.11516114952974021,0.0,0.11516114952974021,
4,260820,mixed,MIXED,PNND,3196,0.11537476070225239,0.0,0.11537476070225239,
4,260820,mixed,MIXED,PNND,3197,0.10324522154405713,0.0,0.10324522154405713,
4,260820,mixed,MIXED,PNND,3198,0.06764331459999084,0.0,0.06764331459999084,
4,260820,mixed,MIXED,PNND,3199,0.05622589006088674,0.0,0.05622589006088674,
4,260820,mixed,MIXED,PNND,3200,0.10189458425156772,0.0,0.10189458425156772,-0.9108546408243807
4,260820,mixed,MIXED,PNND,3201,0.08084314549341798,0.0,0.08084314549341798,
4,260820,mixed,MIXED,PNND,3202,0.0966046117246151,0.0,0.0966046117246151,
4,260820,mixed,MIXED,PNND,3203,0.11384951137006283,0.0,0.11384951137006283,
4,260820,mixed,MIXED,PNND,3204,0.0923672579228878,0.0,0.0923672579228878,
4,260820,mixed,MIXED,PNND,3205,0.07465698197484016,0.0,0.07465698197484016,
4,260820,mixed,MIXED,PNND,3206,0.09498401265591383,0.0,0.09498401265591383,
4,260820,mixed,MIXED,PNND,3207,0.1367549430578947,0.0,0.1367549430578947,
4,260820,mixed,MIXED,PNND,3208,0.11834707111120224,0.0,0.11834707111120224,
4,260820,mixed,MIXED,PNND,3209,0.1024133525788784,0.0,0.1024133525788784,
4,260820,mixed,MIXED,PNND,3210,0.08767658472061157,0.0,0.08767658472061157,
4,260820,mixed,MIXED,PNND,3211,0.03177971509285271,0.0,0.03177971509285271,
4,260820,mixed,MIXED,PNND,3212,0.08594123460352421,0.0,0.08594123460352421,
4,260820,mixed,MIXED,PNND,3213,0.08187232026830316,0.0,0.08187232026830316,
4,260820,mixed,MIXED,PNND,3214,0.12328956089913845,0.0,0.12328956089913845,
4,260820,mixed,MIXED,PNND,3215,0.08329024352133274,0.0,0.08329024352133274,
4,260820,mixed,MIXED,PNND,3216,0.1343053411692381,0.0,0.1343053411692381,
4,260820,mixed,MIXED,PNND,3217,0.06689038220793009,0.0,0.06689038220793009,
4,260820,mixed,MIXED,PNND,3218,0.06750839669257402,0.0,0.06750839669257402,
4,260820,mixed,MIXED,PNND,3219,0.09748977795243263,0.0,0.09748977795243263,
4,260820,mixed,MIXED,PNND,3220,0.1136418569367379,0.0,0.1136418569367379,
4,260820,mixed,MIXED,PNND,3221,0.13595509715378284,0.0,0.13595509715378284,
4,260820,mixed,MIXED,PNND,3222,0.08210184378549457,0.0,0.08210184378549457,
4,260820,mixed,MIXED,PNND,3223,0.04517719440627843,0.0,0.04517719440627843,
4,260820,mixed,MIXED,PNND,3224,0.11749636195600033,0.0,0.11749636195600033,
4,260820,mixed,MIXED,PNND,3225,0.06801936915144324,0.0,0.06801936915144324,
4,260820,mixed,MIXED,PNND,3226,0.11275348160415888,0.0,0.11275348160415888,
4,260820,mixed,MIXED,PNND,3227,0.09501113556325436,0.0,0.09501113556325436,
4,260820,mixed,MIXED,PNND,3228,0.1558284144848585,0.0,0.1558284144848585,
4,260820,mixed,MIXED,PNND,3229,0.09087780385743827,0.0,0.09087780385743827,
4,260820,mixed,MIXED,PNND,3230,0.09772597765550017,0.0,0.09772597765550017,
4,260820,mixed,MIXED,PNND,3231,0.12669632211327553,0.0,0.12669632211327553,
4,260820,mixed,MIXED,PNND,3232,0.08617765456438065,0.0,0.08617765456438065,
4,260820,mixed,MIXED,PNND,3233,0.08739575650542974,0.0,0.08739575650542974,
4,260820,mixed,MIXED,PNND,3234,0.09233086090534925,0.0,0.09233086090534925,
4,260820,mixed,MIXED,PNND,3235,0.07816958660259843,0.0,0.07816958660259843,
4,260820,mixed,MIXED,PNND,3236,0.07429376244544983,0.0,0.07429376244544983,
4,260820,mixed,MIXED,PNND,3237,0.1013156317640096,0.0,0.1013156317640096,
4,260820,mixed,MIXED,PNND,3238,0.08549816440790892,0.0,0.08549816440790892,
4,260820,mixed,MIXED,PNND,3239,0.08252337528392673,0.0,0.08252337528392673,
4,260820,mixed,MIXED,PNND,3240,0.08546234655659646,0.0,0.08546234655659646,
4,260820,mixed,MIXED,PNND,3241,0.11527748592197895,0.0,0.11527748592197895,
4,260820,mixed,MIXED,PNND,3242,0.09054173808544874,0.0,0.09054173808544874,
4,260820,mixed,MIXED,PNND,3243,0.11311015300452709,0.0,0.11311015300452709,
4,260820,mixed,MIXED,PNND,3244,0.09066258929669857,0.0,0.09066258929669857,
4,260820,mixed,MIXED,PNND,3245,0.05091055016964674,0.0,0.05091055016964674,
4,260820,mixed,MIXED,PNND,3246,0.0719759538769722,0.0,0.0719759538769722,
4,260820,mixed,MIXED,PNND,3247,0.08554687583819032,0.0,0.08554687583819032,
4,260820,mixed,MIXED,PNND,3248,0.10654051252640784,0.0,0.10654051252640784,
4,260820,mixed,MIXED,PNND,3249,0.13038566522300243,0.0,0.13038566522300243,
4,260820,mixed,MIXED,PNND,3250,0.10684160888195038,0.0,0.10684160888195038,
4,260820,mixed,MIXED,PNND,3251,0.048608019948005676,0.0,0.048608019948005676,
4,260820,mixed,MIXED,PNND,3252,0.09817767981439829,0.0,0.09817767981439829,
4,260820,mixed,MIXED,PNND,3253,0.0785969237331301,0.0,0.0785969237331301,
4,260820,mixed,MIXED,PNND,3254,0.055054967291653156,0.0,0.055054967291653156,
4,260820,mixed,MIXED,PNND,3255,0.06398407835513353,0.0,0.06398407835513353,
4,260820,mixed,MIXED,PNND,3256,0.09255555644631386,0.0,0.09255555644631386,
4,260820,mixed,MIXED,PNND,3257,0.1406169980764389,0.0,0.1406169980764389,
4,260820,mixed,MIXED,PNND,3258,0.08024373929947615,0.0,0.08024373929947615,
4,260820,mixed,MIXED,PNND,3259,0.09884117916226387,0.0,0.09884117916226387,
4,260820,mixed,MIXED,PNND,3260,0.07436143141239882,0.0,0.07436143141239882,
4,260820,mixed,MIXED,PNND,3261,0.09487887693103403,0.0,0.09487887693103403,
4,260820,mixed,MIXED,PNND,3262,0.11301053268834949,0.0,0.11301053268834949,
4,260820,mixed,MIXED,PNND,3263,0.0852067144587636,0.0,0.0852067144587636,
4,260820,mixed,MIXED,PNND,3264,0.14205814898014069,0.0,0.14205814898014069,
4,260820,mixed,MIXED,PNND,3265,0.15870076045393944,0.0,0.15870076045393944,
4,260820,mixed,MIXED,PNND,3266,0.11163141764700413,0.0,0.11163141764700413,
4,260820,mixed,MIXED,PNND,3267,0.10398655664175749,0.0,0.10398655664175749,
4,260820,mixed,MIXED,PNND,3268,0.10510578192770481,0.0,0.10510578192770481,
4,260820,mixed,MIXED,PNND,3269,0.04568013735115528,0.0,0.04568013735115528,
4,260820,mixed,MIXED,PNND,3270,0.11729690432548523,0.0,0.11729690432548523,
4,260820,mixed,MIXED,PNND,3271,0.05563545017503202,0.0,0.05563545017503202,
4,260820,mixed,MIXED,PNND,3272,0.08655466698110104,0.0,0.08655466698110104,
4,260820,mixed,MIXED,PNND,3273,0.07530300319194794,0.0,0.07530300319194794,
4,260820,mixed,MIXED,PNND,3274,0.0946156329009682,0.0,0.0946156329009682,
4,260820,mixed,MIXED,PNND,3275,0.09400070924311876,0.0,0.09400070924311876,
4,260820,mixed,MIXED,PNND,3276,0.07214702572673559,0.0,0.07214702572673559,
4,260820,mixed,MIXED,PNND,3277,0.09154396317899227,0.0,0.09154396317899227,
4,260820,mixed,MIXED,PNND,3278,0.09162155166268349,0.0,0.09162155166268349,
4,260820,mixed,MIXED,PNND,3279,0.14689304307103157,0.0,0.14689304307103157,
4,260820,mixed,MIXED,PNND,3280,0.0779854953289032,0.0,0.0779854953289032,
4,260820,mixed,MIXED,PNND,3281,0.03589468076825142,0.0,0.03589468076825142,
4,260820,mixed,MIXED,PNND,3282,0.08907018136233091,0.0,0.08907018136233091,
4,260820,mixed,MIXED,PNND,3283,0.09589794930070639,0.0,0.09589794930070639,
4,260820,mixed,MIXED,PNND,3284,0.13115587085485458,0.0,0.13115587085485458,
4,260820,mixed,MIXED,PNND,3285,0.07645388715900481,0.0,0.07645388715900481,
4,260820,mixed,MIXED,PNND,3286,0.058966218028217554,0.0,0.058966218028217554,
4,260820,mixed,MIXED,PNND,3287,0.09529892820864916,0.0,0.09529892820864916,
4,260820,mixed,MIXED,PNND,3288,0.10405602492392063,0.0,0.10405602492392063,
4,260820,mixed,MIXED,PNND,3289,0.07588882744312286,0.0,0.07588882744312286,
4,260820,mixed,MIXED,PNND,3290,0.11384303122758865,0.0,0.11384303122758865,
4,260820,mixed,MIXED,PNND,3291,0.11527982540428638,0.0,0.11527982540428638,
4,260820,mixed,MIXED,PNND,3292,0.08862991817295551,0.0,0.08862991817295551,
4,260820,mixed,MIXED,PNND,3293,0.10918552987277508,0.0,0.10918552987277508,
4,260820,mixed,MIXED,PNND,3294,0.11443373747169971,0.0,0.11443373747169971,
4,260820,mixed,MIXED,PNND,3295,0.06058602430857718,0.0,0.06058602430857718,
4,260820,mixed,MIXED,PNND,3296,0.04707072675228119,0.0,0.04707072675228119,
4,260820,mixed,MIXED,PNND,3297,0.09721348620951176,0.0,0.09721348620951176,
4,260820,mixed,MIXED,PNND,3298,0.07810228038579226,0.0,0.07810228038579226,
4,260820,mixed,MIXED,PNND,3299,0.09709319099783897,0.0,0.09709319099783897,
4,260820,mixed,MIXED,PNND,3300,0.10248859040439129,0.0,0.10248859040439129,
4,260820,mixed,MIXED,PNND,3301,0.0861726077273488,0.0,0.0861726077273488,
4,260820,mixed,MIXED,PNND,3302,0.08860991662368178,0.0,0.08860991662368178,
4,260820,mixed,MIXED,PNND,3303,0.10851946542970836,0.0,0.10851946542970836,
4,260820,mixed,MIXED,PNND,3304,0.12991395592689514,0.0,0.12991395592689514,
4,260820,mixed,MIXED,PNND,3305,0.10082240961492062,0.0,0.10082240961492062,
4,260820,mixed,MIXED,PNND,3306,0.07328631728887558,0.0,0.07328631728887558,
4,260820,mixed,MIXED,PNND,3307,0.11751491762697697,0.0,0.11751491762697697,
4,260820,mixed,MIXED,PNND,3308,0.11460459418594837,0.0,0.11460459418594837,
4,260820,mixed,MIXED,PNND,3309,0.08096888661384583,0.0,0.08096888661384583,
4,260820,mixed,MIXED,PNND,3310,0.08097745501436293,0.0,0.08097745501436293,
4,260820,mixed,MIXED,PNND,3311,0.088295993860811,0.0,0.088295993860811,
4,260820,mixed,MIXED,PNND,3312,0.09036255441606045,0.0,0.09036255441606045,
4,260820,mixed,MIXED,PNND,3313,0.10474403388798237,0.0,0.10474403388798237,
4,260820,mixed,MIXED,PNND,3314,0.08860576618462801,0.0,0.08860576618462801,
4,260820,mixed,MIXED,PNND,3315,0.11049149557948112,0.0,0.11049149557948112,
4,260820,mixed,MIXED,PNND,3316,0.07595096342265606,0.0,0.07595096342265606,
4,260820,mixed,MIXED,PNND,3317,0.14023860543966293,0.0,0.14023860543966293,
4,260820,mixed,MIXED,PNND,3318,0.031526341335847974,0.0,0.031526341335847974,
4,260820,mixed,MIXED,PNND,3319,0.11474074143916368,0.0,0.11474074143916368,
4,260820,mixed,MIXED,PNND,3320,0.1069469703361392,0.0,0.1069469703361392,
4,260820,mixed,MIXED,PNND,3321,0.1107028778642416,0.0,0.1107028778642416,
4,260820,mixed,MIXED,PNND,3322,0.11709333444014192,0.0,0.11709333444014192,
4,260820,mixed,MIXED,PNND,3323,0.09879460791125894,0.0,0.09879460791125894,
4,260820,mixed,MIXED,PNND,3324,0.1102979090064764,0.0,0.1102979090064764,
4,260820,mixed,MIXED,PNND,3325,0.10158245451748371,0.0,0.10158245451748371,
4,260820,mixed,MIXED,PNND,3326,0.11777730286121368,0.0,0.11777730286121368,
4,260820,mixed,MIXED,PNND,3327,0.1270634550601244,0.0,0.1270634550601244,
4,260820,mixed,MIXED,PNND,3328,0.040910241194069386,0.0,0.040910241194069386,
4,260820,mixed,MIXED,PNND,3329,0.07428316865116358,0.0,0.07428316865116358,
4,260820,mixed,MIXED,PNND,3330,0.08658139174804091,0.0,0.08658139174804091,
4,260820,mixed,MIXED,PNND,3331,0.0458162494469434,0.0,0.0458162494469434,
4,260820,mixed,MIXED,PNND,3332,0.12104778364300728,0.0,0.12104778364300728,
4,260820,mixed,MIXED,PNND,3333,0.08674471732228994,0.0,0.08674471732228994,
4,260820,mixed,MIXED,PNND,3334,0.07612468209117651,0.0,0.07612468209117651,
4,260820,mixed,MIXED,PNND,3335,0.09219055809080601,0.0,0.09219055809080601,
4,260820,mixed,MIXED,PNND,3336,0.1420314684510231,0.0,0.1420314684510231,
4,260820,mixed,MIXED,PNND,3337,0.08064762502908707,0.0,0.08064762502908707,
4,260820,mixed,MIXED,PNND,3338,0.07369626499712467,0.0,0.07369626499712467,
4,260820,mixed,MIXED,PNND,3339,0.08665835857391357,0.0,0.08665835857391357,
4,260820,mixed,MIXED,PNND,3340,0.06919168680906296,0.0,0.06919168680906296,
4,260820,mixed,MIXED,PNND,3341,0.08846526127308607,0.0,0.08846526127308607,
4,260820,mixed,MIXED,PNND,3342,0.10626895725727081,0.0,0.10626895725727081,
4,260820,mixed,MIXED,PNND,3343,0.06989522464573383,0.0,0.06989522464573383,
4,260820,mixed,MIXED,PNND,3344,0.11088758334517479,0.0,0.11088758334517479,
4,260820,mixed,MIXED,PNND,3345,0.09410182852298021,0.0,0.09410182852298021,
4,260820,mixed,MIXED,PNND,3346,0.10119073372334242,0.0,0.10119073372334242,
4,260820,mixed,MIXED,PNND,3347,0.10235677007585764,0.0,0.10235677007585764,
4,260820,mixed,MIXED,PNND,3348,0.08307966776192188,0.0,0.08307966776192188,
4,260820,mixed,MIXED,PNND,3349,0.07159098796546459,0.0,0.07159098796546459,
4,260820,mixed,MIXED,PNND,3350,0.07511934312060475,0.0,0.07511934312060475,
4,260820,mixed,MIXED,PNND,3351,0.12710006348788738,0.0,0.12710006348788738,
4,260820,mixed,MIXED,PNND,3352,0.10055718291550875,0.0,0.10055718291550875,
4,260820,mixed,MIXED,PNND,3353,0.07474499940872192,0.0,0.07474499940872192,
4,260820,mixed,MIXED,PNND,3354,0.0489518903195858,0.0,0.0489518903195858,
4,260820,mixed,MIXED,PNND,3355,0.0870220405049622,0.0,0.0870220405049622,
4,260820,mixed,MIXED,PNND,3356,0.05965531477704644,0.0,0.05965531477704644,
4,260820,mixed,MIXED,PNND,3357,0.07016690447926521,0.0,0.07016690447926521,
4,260820,mixed,MIXED,PNND,3358,0.15839923173189163,0.0,0.15839923173189163,
4,260820,mixed,MIXED,PNND,3359,0.04052741080522537,0.0,0.04052741080522537,
4,260820,mixed,MIXED,PNND,3360,0.06854694779030979,0.0,0.06854694779030979,
4,260820,mixed,MIXED,PNND,3361,0.09524360671639442,0.0,0.09524360671639442,
4,260820,mixed,MIXED,PNND,3362,0.07510575745254755,0.0,0.07510575745254755,
4,260820,mixed,MIXED,PNND,3363,0.09381966758519411,0.0,0.09381966758519411,
4,260820,mixed,MIXED,PNND,3364,0.07632162678055465,0.0,0.07632162678055465,
4,260820,mixed,MIXED,PNND,3365,0.08848494570702314,0.0,0.08848494570702314,
4,260820,mixed,MIXED,PNND,3366,0.08567742723971605,0.0,0.08567742723971605,
4,260820,mixed,MIXED,PNND,3367,0.1504430826753378,0.0,0.1504430826753378,
4,260820,mixed,MIXED,PNND,3368,0.07160835945978761,0.0,0.07160835945978761,
4,260820,mixed,MIXED,PNND,3369,0.08911996148526669,0.0,0.08911996148526669,
4,260820,mixed,MIXED,PNND,3370,0.11748142167925835,0.0,0.11748142167925835,
4,260820,mixed,MIXED,PNND,3371,0.030240104999393225,0.0,0.030240104999393225,
4,260820,mixed,MIXED,PNND,3372,0.08967186883091927,0.0,0.08967186883091927,
4,260820,mixed,MIXED,PNND,3373,0.057910668081603944,0.0,0.057910668081603944,
4,260820,mixed,MIXED,PNND,3374,0.09350260626524687,0.0,0.09350260626524687,
4,260820,mixed,MIXED,PNND,3375,0.10353206470608711,0.0,0.10353206470608711,
4,260820,mixed,MIXED,PNND,3376,0.14469974860548973,0.0,0.14469974860548973,
4,260820,mixed,MIXED,PNND,3377,0.12830530852079391,0.0,0.12830530852079391,
4,260820,mixed,MIXED,PNND,3378,0.1072877449914813,0.0,0.1072877449914813,
4,260820,mixed,MIXED,PNND,3379,0.06368471472524107,0.0,0.06368471472524107,
4,260820,mixed,MIXED,PNND,3380,0.10074645653367043,0.0,0.10074645653367043,
4,260820,mixed,MIXED,PNND,3381,0.13192243315279484,0.0,0.13192243315279484,
4,260820,mixed,MIXED,PNND,3382,0.07132047391496599,0.0,0.07132047391496599,
4,260820,mixed,MIXED,PNND,3383,0.0831986851990223,0.0,0.0831986851990223,
4,260820,mixed,MIXED,PNND,3384,0.10585812851786613,0.0,0.10585812851786613,
4,260820,mixed,MIXED,PNND,3385,0.0740403663367033,0.0,0.0740403663367033,
4,260820,mixed,MIXED,PNND,3386,0.0478917621076107,0.0,0.0478917621076107,
4,260820,mixed,MIXED,PNND,3387,0.07196687627583742,0.0,0.07196687627583742,
4,260820,mixed,MIXED,PNND,3388,0.07860226463526487,0.0,0.07860226463526487,
4,260820,mixed,MIXED,PNND,3389,0.06335210532415658,0.0,0.06335210532415658,
4,260820,mixed,MIXED,PNND,3390,0.09702433366328478,0.0,0.09702433366328478,
4,260820,mixed,MIXED,PNND,3391,0.12111672665923834,0.0,0.12111672665923834,
4,260820,mixed,MIXED,PNND,3392,0.07356337085366249,0.0,0.07356337085366249,
4,260820,mixed,MIXED,PNND,3393,0.0645836116746068,0.0,0.0645836116746068,
4,260820,mixed,MIXED,PNND,3394,0.07222896907478571,0.0,0.07222896907478571,
4,260820,mixed,MIXED,PNND,3395,0.0730972692836076,0.0,0.0730972692836076,
4,260820,mixed,MIXED,PNND,3396,0.092821741476655,0.0,0.092821741476655,
4,260820,mixed,MIXED,PNND,3397,0.10218350030481815,0.0,0.10218350030481815,
4,260820,mixed,MIXED,PNND,3398,0.0727627957239747,0.0,0.0727627957239747,
4,260820,mixed,MIXED,PNND,3399,0.10048153437674046,0.0,0.10048153437674046,
4,260820,mixed,MIXED,PNND,3400,0.06611447245813906,0.0,0.06611447245813906,-0.9181857513943446
4,260820,mixed,MIXED,PNND,3401,0.11321428604424,0.0,0.11321428604424,
4,260820,mixed,MIXED,PNND,3402,0.11238864995539188,0.0,0.11238864995539188,
4,260820,mixed,MIXED,PNND,3403,0.0877109719440341,0.0,0.0877109719440341,
4,260820,mixed,MIXED,PNND,3404,0.11042645201086998,0.0,0.11042645201086998,
4,260820,mixed,MIXED,PNND,3405,0.0803802590817213,0.0,0.0803802590817213,
4,260820,mixed,MIXED,PNND,3406,0.07653191033750772,0.0,0.07653191033750772,
4,260820,mixed,MIXED,PNND,3407,0.12170026265084743,0.0,0.12170026265084743,
4,260820,mixed,MIXED,PNND,3408,0.1166782770305872,0.0,0.1166782770305872,
4,260820,mixed,MIXED,PNND,3409,0.12687169760465622,0.0,0.12687169760465622,
4,260820,mixed,MIXED,PNND,3410,0.12246895767748356,0.0,0.12246895767748356,
4,260820,mixed,MIXED,PNND,3411,0.057251209393143654,0.0,0.057251209393143654,
4,260820,mixed,MIXED,PNND,3412,0.0871250806376338,0.0,0.0871250806376338,
4,260820,mixed,MIXED,PNND,3413,0.08691662503406405,0.0,0.08691662503406405,
4,260820,mixed,MIXED,PNND,3414,0.1072358675301075,0.0,0.1072358675301075,
4,260820,mixed,MIXED,PNND,3415,0.0700570628978312,0.0,0.0700570628978312,
4,260820,mixed,MIXED,PNND,3416,0.07366178091615438,0.0,0.07366178091615438,
4,260820,mixed,MIXED,PNND,3417,0.08058050251565874,0.0,0.08058050251565874,
4,260820,mixed,MIXED,PNND,3418,0.07629458513110876,0.0,0.07629458513110876,
4,260820,mixed,MIXED,PNND,3419,0.07442666543647647,0.0,0.07442666543647647,
4,260820,mixed,MIXED,PNND,3420,0.09112680703401566,0.0,0.09112680703401566,
4,260820,mixed,MIXED,PNND,3421,0.08627212978899479,0.0,0.08627212978899479,
4,260820,mixed,MIXED,PNND,3422,0.07441539131104946,0.0,0.07441539131104946,
4,260820,mixed,MIXED,PNND,3423,0.10004303231835365,0.0,0.10004303231835365,
4,260820,mixed,MIXED,PNND,3424,0.09614935610443354,0.0,0.09614935610443354,
4,260820,mixed,MIXED,PNND,3425,0.09416220034472644,0.0,0.09416220034472644,
4,260820,mixed,MIXED,PNND,3426,0.07601127261295915,0.0,0.07601127261295915,
4,260820,mixed,MIXED,PNND,3427,0.0937427245080471,0.0,0.0937427245080471,
4,260820,mixed,MIXED,PNND,3428,0.07103879190981388,0.0,0.07103879190981388,
4,260820,mixed,MIXED,PNND,3429,0.11155089084059,0.0,0.11155089084059,
4,260820,mixed,MIXED,PNND,3430,0.09550344478338957,0.0,0.09550344478338957,
4,260820,mixed,MIXED,PNND,3431,0.08951509278267622,0.0,0.08951509278267622,
4,260820,mixed,MIXED,PNND,3432,0.09676334261894226,0.0,0.09676334261894226,
4,260820,mixed,MIXED,PNND,3433,0.08914623409509659,0.0,0.08914623409509659,
4,260820,mixed,MIXED,PNND,3434,0.03817189019173384,0.0,0.03817189019173384,
4,260820,mixed,MIXED,PNND,3435,0.04188758507370949,0.0,0.04188758507370949,
4,260820,mixed,MIXED,PNND,3436,0.1249602772295475,0.0,0.1249602772295475,
4,260820,mixed,MIXED,PNND,3437,0.11375514976680279,0.0,0.11375514976680279,
4,260820,mixed,MIXED,PNND,3438,0.10671049728989601,0.0,0.10671049728989601,
4,260820,mixed,MIXED,PNND,3439,0.06609834916889668,0.0,0.06609834916889668,
4,260820,mixed,MIXED,PNND,3440,0.10877561569213867,0.0,0.10877561569213867,
4,260820,mixed,MIXED,PNND,3441,0.10242134518921375,0.0,0.10242134518921375,
4,260820,mixed,MIXED,PNND,3442,0.1342146322131157,0.0,0.1342146322131157,
4,260820,mixed,MIXED,PNND,3443,0.05692359805107117,0.0,0.05692359805107117,
4,260820,mixed,MIXED,PNND,3444,0.09709183871746063,0.0,0.09709183871746063,
4,260820,mixed,MIXED,PNND,3445,0.11146854609251022,0.0,0.11146854609251022,
4,260820,mixed,MIXED,PNND,3446,0.11026743054389954,0.0,0.11026743054389954,
4,260820,mixed,MIXED,PNND,3447,0.06481019966304302,0.0,0.06481019966304302,
4,260820,mixed,MIXED,PNND,3448,0.10041069611907005,0.0,0.10041069611907005,
4,260820,mixed,MIXED,PNND,3449,0.0673289280384779,0.0,0.0673289280384779,
4,260820,mixed,MIXED,PNND,3450,0.07993157394230366,0.0,0.07993157394230366,
4,260820,mixed,MIXED,PNND,3451,0.13572165742516518,0.0,0.13572165742516518,
4,260820,mixed,MIXED,PNND,3452,0.10159975290298462,0.0,0.10159975290298462,
4,260820,mixed,MIXED,PNND,3453,0.11297054216265678,0.0,0.11297054216265678,
4,260820,mixed,MIXED,PNND,3454,0.09194267401471734,0.0,0.09194267401471734,
4,260820,mixed,MIXED,PNND,3455,0.11240757443010807,0.0,0.11240757443010807,
4,260820,mixed,MIXED,PNND,3456,0.1048599723726511,0.0,0.1048599723726511,
4,260820,mixed,MIXED,PNND,3457,0.0826959628611803,0.0,0.0826959628611803,
4,260820,mixed,MIXED,PNND,3458,0.10014110244810581,0.0,0.10014110244810581,
4,260820,mixed,MIXED,PNND,3459,0.09736576396971941,0.0,0.09736576396971941,
4,260820,mixed,MIXED,PNND,3460,0.12210038304328918,0.0,0.12210038304328918,
4,260820,mixed,MIXED,PNND,3461,0.12013411335647106,0.0,0.12013411335647106,
4,260820,mixed,MIXED,PNND,3462,0.05266967474017292,0.0,0.05266967474017292,
4,260820,mixed,MIXED,PNND,3463,0.10787792503833771,0.0,0.10787792503833771,
4,260820,mixed,MIXED,PNND,3464,0.09442873019725084,0.0,0.09442873019725084,
4,260820,mixed,MIXED,PNND,3465,0.05795867461711168,0.0,0.05795867461711168,
4,260820,mixed,MIXED,PNND,3466,0.07445836253464222,0.0,0.07445836253464222,
4,260820,mixed,MIXED,PNND,3467,0.08803635323420167,0.0,0.08803635323420167,
4,260820,mixed,MIXED,PNND,3468,0.11504736542701721,0.0,0.11504736542701721,
4,260820,mixed,MIXED,PNND,3469,0.13317466154694557,0.0,0.13317466154694557,
4,260820,mixed,MIXED,PNND,3470,0.07182575389742851,0.0,0.07182575389742851,
4,260820,mixed,MIXED,PNND,3471,0.0845844354480505,0.0,0.0845844354480505,
4,260820,mixed,MIXED,PNND,3472,0.07760130148380995,0.0,0.07760130148380995,
4,260820,mixed,MIXED,PNND,3473,0.062018119264394045,0.0,0.062018119264394045,
4,260820,mixed,MIXED,PNND,3474,0.03975255601108074,0.0,0.03975255601108074,
4,260820,mixed,MIXED,PNND,3475,0.09079077281057835,0.0,0.09079077281057835,
4,260820,mixed,MIXED,PNND,3476,0.08362247981131077,0.0,0.08362247981131077,
4,260820,mixed,MIXED,PNND,3477,0.08255013823509216,0.0,0.08255013823509216,
4,260820,mixed,MIXED,PNND,3478,0.10083755385130644,0.0,0.10083755385130644,
4,260820,mixed,MIXED,PNND,3479,0.12438764050602913,0.0,0.12438764050602913,
4,260820,mixed,MIXED,PNND,3480,0.10581992566585541,0.0,0.10581992566585541,
4,260820,mixed,MIXED,PNND,3481,0.06205780990421772,0.0,0.06205780990421772,
4,260820,mixed,MIXED,PNND,3482,0.10437628254294395,0.0,0.10437628254294395,
4,260820,mixed,MIXED,PNND,3483,0.09937653876841068,0.0,0.09937653876841068,
4,260820,mixed,MIXED,PNND,3484,0.09844192303717136,0.0,0.09844192303717136,
4,260820,mixed,MIXED,PNND,3485,0.07303940830752254,0.0,0.07303940830752254,
4,260820,mixed,MIXED,PNND,3486,0.10319730825722218,0.0,0.10319730825722218,
4,260820,mixed,MIXED,PNND,3487,0.08393063023686409,0.0,0.08393063023686409,
4,260820,mixed,MIXED,PNND,3488,0.09646246209740639,0.0,0.09646246209740639,
4,260820,mixed,MIXED,PNND,3489,0.08661673404276371,0.0,0.08661673404276371,
4,260820,mixed,MIXED,PNND,3490,0.11759446328505874,0.0,0.11759446328505874,
4,260820,mixed,MIXED,PNND,3491,0.05980921443551779,0.0,0.05980921443551779,
4,260820,mixed,MIXED,PNND,3492,0.10234718769788742,0.0,0.10234718769788742,
4,260820,mixed,MIXED,PNND,3493,0.0559183219447732,0.0,0.0559183219447732,
4,260820,mixed,MIXED,PNND,3494,0.12199029885232449,0.0,0.12199029885232449,
4,260820,mixed,MIXED,PNND,3495,0.0990349983330816,0.0,0.0990349983330816,
4,260820,mixed,MIXED,PNND,3496,0.11886035837233067,0.0,0.11886035837233067,
4,260820,mixed,MIXED,PNND,3497,0.09375692741014063,0.0,0.09375692741014063,
4,260820,mixed,MIXED,PNND,3498,0.03885510971304029,0.0,0.03885510971304029,
4,260820,mixed,MIXED,PNND,3499,0.03684287518262863,0.0,0.03684287518262863,
4,260820,mixed,MIXED,PNND,3500,0.14278102107346058,0.0,0.14278102107346058,
4,260820,mixed,MIXED,PNND,3501,0.1069921962916851,0.0,0.1069921962916851,
4,260820,mixed,MIXED,PNND,3502,0.07349216286092997,0.0,0.07349216286092997,
4,260820,mixed,MIXED,PNND,3503,0.0965794175863266,0.0,0.0965794175863266,
4,260820,mixed,MIXED,PNND,3504,0.11128509906120598,0.0,0.11128509906120598,
4,260820,mixed,MIXED,PNND,3505,0.04774326900951564,0.0,0.04774326900951564,
4,260820,mixed,MIXED,PNND,3506,0.09900455363094807,0.0,0.09900455363094807,
4,260820,mixed,MIXED,PNND,3507,0.1086491271853447,0.0,0.1086491271853447,
4,260820,mixed,MIXED,PNND,3508,0.07565136812627316,0.0,0.07565136812627316,
4,260820,mixed,MIXED,PNND,3509,0.06949643418192863,0.0,0.06949643418192863,
4,260820,mixed,MIXED,PNND,3510,0.14028365723788738,0.0,0.14028365723788738,
4,260820,mixed,MIXED,PNND,3511,0.06555116060189903,0.0,0.06555116060189903,
4,260820,mixed,MIXED,PNND,3512,0.07172572799026966,0.0,0.07172572799026966,
4,260820,mixed,MIXED,PNND,3513,0.08090527541935444,0.0,0.08090527541935444,
4,260820,mixed,MIXED,PNND,3514,0.07605843618512154,0.0,0.07605843618512154,
4,260820,mixed,MIXED,PNND,3515,0.1135472021996975,0.0,0.1135472021996975,
4,260820,mixed,MIXED,PNND,3516,0.08055398985743523,0.0,0.08055398985743523,
4,260820,mixed,MIXED,PNND,3517,0.08920041285455227,0.0,0.08920041285455227,
4,260820,mixed,MIXED,PNND,3518,0.09180591441690922,0.0,0.09180591441690922,
4,260820,mixed,MIXED,PNND,3519,0.1213569138199091,0.0,0.1213569138199091,
4,260820,mixed,MIXED,PNND,3520,0.10243783798068762,0.0,0.10243783798068762,
4,260820,mixed,MIXED,PNND,3521,0.14225462265312672,0.0,0.14225462265312672,
4,260820,mixed,MIXED,PNND,3522,0.11500628665089607,0.0,0.11500628665089607,
4,260820,mixed,MIXED,PNND,3523,0.042711209738627076,0.0,0.042711209738627076,
4,260820,mixed,MIXED,PNND,3524,0.09608791768550873,0.0,0.09608791768550873,
4,260820,mixed,MIXED,PNND,3525,0.11258525587618351,0.0,0.11258525587618351,
4,260820,mixed,MIXED,PNND,3526,0.08595790527760983,0.0,0.08595790527760983,
4,260820,mixed,MIXED,PNND,3527,0.09799692407250404,0.0,0.09799692407250404,
4,260820,mixed,MIXED,PNND,3528,0.06482949410565197,0.0,0.06482949410565197,
4,260820,mixed,MIXED,PNND,3529,0.11067786440253258,0.0,0.11067786440253258,
4,260820,mixed,MIXED,PNND,3530,0.09022666607052088,0.0,0.09022666607052088,
4,260820,mixed,MIXED,PNND,3531,0.10569633590057492,0.0,0.10569633590057492,
4,260820,mixed,MIXED,PNND,3532,0.09131132159382105,0.0,0.09131132159382105,
4,260820,mixed,MIXED,PNND,3533,0.07817548234015703,0.0,0.07817548234015703,
4,260820,mixed,MIXED,PNND,3534,0.07223631627857685,0.0,0.07223631627857685,
4,260820,mixed,MIXED,PNND,3535,0.08662562631070614,0.0,0.08662562631070614,
4,260820,mixed,MIXED,PNND,3536,0.11351829394698143,0.0,0.11351829394698143,
4,260820,mixed,MIXED,PNND,3537,0.023456967901438475,0.0,0.023456967901438475,
4,260820,mixed,MIXED,PNND,3538,0.10535365343093872,0.0,0.10535365343093872,
4,260820,mixed,MIXED,PNND,3539,0.13596654869616032,0.0,0.13596654869616032,
4,260820,mixed,MIXED,PNND,3540,0.15685233660042286,0.0,0.15685233660042286,
4,260820,mixed,MIXED,PNND,3541,0.128079142421484,0.0,0.128079142421484,
4,260820,mixed,MIXED,PNND,3542,0.07655697502195835,0.0,0.07655697502195835,
4,260820,mixed,MIXED,PNND,3543,0.07319678599014878,0.0,0.07319678599014878,
4,260820,mixed,MIXED,PNND,3544,0.0804055891931057,0.0,0.0804055891931057,
4,260820,mixed,MIXED,PNND,3545,0.09503271337598562,0.0,0.09503271337598562,
4,260820,mixed,MIXED,PNND,3546,0.06951201055198908,0.0,0.06951201055198908,
4,260820,mixed,MIXED,PNND,3547,0.1305602751672268,0.0,0.1305602751672268,
4,260820,mixed,MIXED,PNND,3548,0.08844687882810831,0.0,0.08844687882810831,
4,260820,mixed,MIXED,PNND,3549,0.15925000980496407,0.0,0.15925000980496407,
4,260820,mixed,MIXED,PNND,3550,0.09108122810721397,0.0,0.09108122810721397,
4,260820,mixed,MIXED,PNND,3551,0.06881000194698572,0.0,0.06881000194698572,
4,260820,mixed,MIXED,PNND,3552,0.09704063925892115,0.0,0.09704063925892115,
4,260820,mixed,MIXED,PNND,3553,0.08457657182589173,0.0,0.08457657182589173,
4,260820,mixed,MIXED,PNND,3554,0.11750229261815548,0.0,0.11750229261815548,
4,260820,mixed,MIXED,PNND,3555,0.12224942445755005,0.0,0.12224942445755005,
4,260820,mixed,MIXED,PNND,3556,0.0512419231235981,0.0,0.0512419231235981,
4,260820,mixed,MIXED,PNND,3557,0.13641358353197575,0.0,0.13641358353197575,
4,260820,mixed,MIXED,PNND,3558,0.05612179450690746,0.0,0.05612179450690746,
4,260820,mixed,MIXED,PNND,3559,0.07840948272496462,0.0,0.07840948272496462,
4,260820,mixed,MIXED,PNND,3560,0.11300439201295376,0.0,0.11300439201295376,
4,260820,mixed,MIXED,PNND,3561,0.04705946904141456,0.0,0.04705946904141456,
4,260820,mixed,MIXED,PNND,3562,0.09218345209956169,0.0,0.09218345209956169,
4,260820,mixed,MIXED,PNND,3563,0.11908971704542637,0.0,0.11908971704542637,
4,260820,mixed,MIXED,PNND,3564,0.12474332842975855,0.0,0.12474332842975855,
4,260820,mixed,MIXED,PNND,3565,0.06668256549164653,0.0,0.06668256549164653,
4,260820,mixed,MIXED,PNND,3566,0.08204402774572372,0.0,0.08204402774572372,
4,260820,mixed,MIXED,PNND,3567,0.0613370668143034,0.0,0.0613370668143034,
4,260820,mixed,MIXED,PNND,3568,0.08297299651894718,0.0,0.08297299651894718,
4,260820,mixed,MIXED,PNND,3569,0.08799606468528509,0.0,0.08799606468528509,
4,260820,mixed,MIXED,PNND,3570,0.08335208427160978,0.0,0.08335208427160978,
4,260820,mixed,MIXED,PNND,3571,0.12613458279520273,0.0,0.12613458279520273,
4,260820,mixed,MIXED,PNND,3572,0.05849813134409487,0.0,0.05849813134409487,
4,260820,mixed,MIXED,PNND,3573,0.0782678434625268,0.0,0.0782678434625268,
4,260820,mixed,MIXED,PNND,3574,0.08565684780478477,0.0,0.08565684780478477,
4,260820,mixed,MIXED,PNND,3575,0.03521817619912326,0.0,0.03521817619912326,
4,260820,mixed,MIXED,PNND,3576,0.12654822319746017,0.0,0.12654822319746017,
4,260820,mixed,MIXED,PNND,3577,0.14454415440559387,0.0,0.14454415440559387,
4,260820,mixed,MIXED,PNND,3578,0.08367384970188141,0.0,0.08367384970188141,
4,260820,mixed,MIXED,PNND,3579,0.09944019000977278,0.0,0.09944019000977278,
4,260820,mixed,MIXED,PNND,3580,0.09392494894564152,0.0,0.09392494894564152,
4,260820,mixed,MIXED,PNND,3581,0.09481139294803143,0.0,0.09481139294803143,
4,260820,mixed,MIXED,PNND,3582,0.06915517477318645,0.0,0.06915517477318645,
4,260820,mixed,MIXED,PNND,3583,0.12132328376173973,0.0,0.12132328376173973,
4,260820,mixed,MIXED,PNND,3584,0.05238304892554879,0.0,0.05238304892554879,
4,260820,mixed,MIXED,PNND,3585,0.12301241885870695,0.0,0.12301241885870695,
4,260820,mixed,MIXED,PNND,3586,0.07271298207342625,0.0,0.07271298207342625,
4,260820,mixed,MIXED,PNND,3587,0.1091296854428947,0.0,0.1091296854428947,
4,260820,mixed,MIXED,PNND,3588,0.06451247446238995,0.0,0.06451247446238995,
4,260820,mixed,MIXED,PNND,3589,0.12728217989206314,0.0,0.12728217989206314,
4,260820,mixed,MIXED,PNND,3590,0.09482783637940884,0.0,0.09482783637940884,
4,260820,mixed,MIXED,PNND,3591,0.08680365746840835,0.0,0.08680365746840835,
4,260820,mixed,MIXED,PNND,3592,0.05726685747504234,0.0,0.05726685747504234,
4,260820,mixed,MIXED,PNND,3593,0.11872908473014832,0.0,0.11872908473014832,
4,260820,mixed,MIXED,PNND,3594,0.08230590168386698,0.0,0.08230590168386698,
4,260820,mixed,MIXED,PNND,3595,0.09725458174943924,0.0,0.09725458174943924,
4,260820,mixed,MIXED,PNND,3596,0.050631324760615826,0.0,0.050631324760615826,
4,260820,mixed,MIXED,PNND,3597,0.06625543080735952,0.0,0.06625543080735952,
4,260820,mixed,MIXED,PNND,3598,0.11689450405538082,0.0,0.11689450405538082,
4,260820,mixed,MIXED,PNND,3599,0.13361318781971931,0.0,0.13361318781971931,
4,260820,mixed,MIXED,PNND,3600,0.12518490571528673,0.0,0.12518490571528673,-0.9248603447357736
4,260820,mixed,MIXED,PNND,3601,0.1171481255441904,0.0,0.1171481255441904,
4,260820,mixed,MIXED,PNND,3602,0.11957828886806965,0.0,0.11957828886806965,
4,260820,mixed,MIXED,PNND,3603,0.08798245247453451,0.0,0.08798245247453451,
4,260820,mixed,MIXED,PNND,3604,0.17079398781061172,0.0,0.17079398781061172,
4,260820,mixed,MIXED,PNND,3605,0.07820786908268929,0.0,0.07820786908268929,
4,260820,mixed,MIXED,PNND,3606,0.08606946212239563,0.0,0.08606946212239563,
4,260820,mixed,MIXED,PNND,3607,0.062275851145386696,0.0,0.062275851145386696,
4,260820,mixed,MIXED,PNND,3608,0.08282678690738976,0.0,0.08282678690738976,
4,260820,mixed,MIXED,PNND,3609,0.09415416931733489,0.0,0.09415416931733489,
4,260820,mixed,MIXED,PNND,3610,0.1579612661153078,0.0,0.1579612661153078,
4,260820,mixed,MIXED,PNND,3611,0.08967016078531742,0.0,0.08967016078531742,
4,260820,mixed,MIXED,PNND,3612,0.051586137153208256,0.0,0.051586137153208256,
4,260820,mixed,MIXED,PNND,3613,0.10679833497852087,0.0,0.10679833497852087,
4,260820,mixed,MIXED,PNND,3614,0.1242960449308157,0.0,0.1242960449308157,
4,260820,mixed,MIXED,PNND,3615,0.1061962228268385,0.0,0.1061962228268385,
4,260820,mixed,MIXED,PNND,3616,0.07228251127526164,0.0,0.07228251127526164,
4,260820,mixed,MIXED,PNND,3617,0.08117819018661976,0.0,0.08117819018661976,
4,260820,mixed,MIXED,PNND,3618,0.12508117128163576,0.0,0.12508117128163576,
4,260820,mixed,MIXED,PNND,3619,0.1259655449539423,0.0,0.1259655449539423,
4,260820,mixed,MIXED,PNND,3620,0.10125098191201687,0.0,0.10125098191201687,
4,260820,mixed,MIXED,PNND,3621,0.04663111572153866,0.0,0.04663111572153866,
4,260820,mixed,MIXED,PNND,3622,0.08613760536536574,0.0,0.08613760536536574,
4,260820,mixed,MIXED,PNND,3623,0.09782595280557871,0.0,0.09782595280557871,
4,260820,mixed,MIXED,PNND,3624,0.11995872110128403,0.0,0.11995872110128403,
4,260820,mixed,MIXED,PNND,3625,0.10451000183820724,0.0,0.10451000183820724,
4,260820,mixed,MIXED,PNND,3626,0.10245990194380283,0.0,0.10245990194380283,
4,260820,mixed,MIXED,PNND,3627,0.11978982202708721,0.0,0.11978982202708721,
4,260820,mixed,MIXED,PNND,3628,0.07943157199770212,0.0,0.07943157199770212,
4,260820,mixed,MIXED,PNND,3629,0.11584478989243507,0.0,0.11584478989243507,
4,260820,mixed,MIXED,PNND,3630,0.07415568316355348,0.0,0.07415568316355348,
4,260820,mixed,MIXED,PNND,3631,0.07742084539495409,0.0,0.07742084539495409,
4,260820,mixed,MIXED,PNND,3632,0.061439307406544685,0.0,0.061439307406544685,
4,260820,mixed,MIXED,PNND,3633,0.09450509073212743,0.0,0.09450509073212743,
4,260820,mixed,MIXED,PNND,3634,0.10059236548841,0.0,0.10059236548841,
4,260820,mixed,MIXED,PNND,3635,0.0333581113955006,0.0,0.0333581113955006,
4,260820,mixed,MIXED,PNND,3636,0.1156158335506916,0.0,0.1156158335506916,
4,260820,mixed,MIXED,PNND,3637,0.12505079060792923,0.0,0.12505079060792923,
4,260820,mixed,MIXED,PNND,3638,0.15650226548314095,0.0,0.15650226548314095,
4,260820,mixed,MIXED,PNND,3639,0.07914342451840639,0.0,0.07914342451840639,
4,260820,mixed,MIXED,PNND,3640,0.11333353631198406,0.0,0.11333353631198406,
4,260820,mixed,MIXED,PNND,3641,0.10973959881812334,0.0,0.10973959881812334,
4,260820,mixed,MIXED,PNND,3642,0.08371975959744304,0.0,0.08371975959744304,
4,260820,mixed,MIXED,PNND,3643,0.050923040602356195,0.0,0.050923040602356195,
4,260820,mixed,MIXED,PNND,3644,0.0627316040918231,0.0,0.0627316040918231,
4,260820,mixed,MIXED,PNND,3645,0.09991413727402687,0.0,0.09991413727402687,
4,260820,mixed,MIXED,PNND,3646,0.07786310371011496,0.0,0.07786310371011496,
4,260820,mixed,MIXED,PNND,3647,0.07335379894357175,0.0,0.07335379894357175,
4,260820,mixed,MIXED,PNND,3648,0.07880205567926168,0.0,0.07880205567926168,
4,260820,mixed,MIXED,PNND,3649,0.09655219130218029,0.0,0.09655219130218029,
4,260820,mixed,MIXED,PNND,3650,0.08648317493498325,0.0,0.08648317493498325,
4,260820,mixed,MIXED,PNND,3651,0.0819246070459485,0.0,0.0819246070459485,
4,260820,mixed,MIXED,PNND,3652,0.1181766651570797,0.0,0.1181766651570797,
4,260820,mixed,MIXED,PNND,3653,0.12347311805933714,0.0,0.12347311805933714,
4,260820,mixed,MIXED,PNND,3654,0.05096429726108909,0.0,0.05096429726108909,
4,260820,mixed,MIXED,PNND,3655,0.08679513796232641,0.0,0.08679513796232641,
4,260820,mixed,MIXED,PNND,3656,0.09510879591107368,0.0,0.09510879591107368,
4,260820,mixed,MIXED,PNND,3657,0.07144945301115513,0.0,0.07144945301115513,
4,260820,mixed,MIXED,PNND,3658,0.11416805163025856,0.0,0.11416805163025856,
4,260820,mixed,MIXED,PNND,3659,0.10885711607988924,0.0,0.10885711607988924,
4,260820,mixed,MIXED,PNND,3660,0.10704771801829338,0.0,0.10704771801829338,
4,260820,mixed,MIXED,PNND,3661,0.11236772779375315,0.0,0.11236772779375315,
4,260820,mixed,MIXED,PNND,3662,0.12023937329649925,0.0,0.12023937329649925,
4,260820,mixed,MIXED,PNND,3663,0.12092084251344204,0.0,0.12092084251344204,
4,260820,mixed,MIXED,PNND,3664,0.10881712753325701,0.0,0.10881712753325701,
4,260820,mixed,MIXED,PNND,3665,0.1125615332275629,0.0,0.1125615332275629,
4,260820,mixed,MIXED,PNND,3666,0.13808203302323818,0.0,0.13808203302323818,
4,260820,mixed,MIXED,PNND,3667,0.13782695028930902,0.0,0.13782695028930902,
4,260820,mixed,MIXED,PNND,3668,0.10625557228922844,0.0,0.10625557228922844,
4,260820,mixed,MIXED,PNND,3669,0.10129572171717882,0.0,0.10129572171717882,
4,260820,mixed,MIXED,PNND,3670,0.09505232516676188,0.0,0.09505232516676188,
4,260820,mixed,MIXED,PNND,3671,0.09179601818323135,0.0,0.09179601818323135,
4,260820,mixed,MIXED,PNND,3672,0.06507000792771578,0.0,0.06507000792771578,
4,260820,mixed,MIXED,PNND,3673,0.061719490215182304,0.0,0.061719490215182304,
4,260820,mixed,MIXED,PNND,3674,0.09975863620638847,0.0,0.09975863620638847,
4,260820,mixed,MIXED,PNND,3675,0.1327283512800932,0.0,0.1327283512800932,
4,260820,mixed,MIXED,PNND,3676,0.09708246681839228,0.0,0.09708246681839228,
4,260820,mixed,MIXED,PNND,3677,0.06464375462383032,0.0,0.06464375462383032,
4,260820,mixed,MIXED,PNND,3678,0.1047917790710926,0.0,0.1047917790710926,
4,260820,mixed,MIXED,PNND,3679,0.057087226770818233,0.0,0.057087226770818233,
4,260820,mixed,MIXED,PNND,3680,0.10388254560530186,0.0,0.10388254560530186,
4,260820,mixed,MIXED,PNND,3681,0.10742549784481525,0.0,0.10742549784481525,
4,260820,mixed,MIXED,PNND,3682,0.11494921613484621,0.0,0.11494921613484621,
4,260820,mixed,MIXED,PNND,3683,0.11080054007470608,0.0,0.11080054007470608,
4,260820,mixed,MIXED,PNND,3684,0.11799660697579384,0.0,0.11799660697579384,
4,260820,mixed,MIXED,PNND,3685,0.10839483700692654,0.0,0.10839483700692654,
4,260820,mixed,MIXED,PNND,3686,0.11476588994264603,0.0,0.11476588994264603,
4,260820,mixed,MIXED,PNND,3687,0.0980936149135232,0.0,0.0980936149135232,
4,260820,mixed,MIXED,PNND,3688,0.10599854867905378,0.0,0.10599854867905378,
4,260820,mixed,MIXED,PNND,3689,0.09598860144615173,0.0,0.09598860144615173,
4,260820,mixed,MIXED,PNND,3690,0.05143224960193038,0.0,0.05143224960193038,
4,260820,mixed,MIXED,PNND,3691,0.08506368193775415,0.0,0.08506368193775415,
4,260820,mixed,MIXED,PNND,3692,0.08832123503088951,0.0,0.08832123503088951,
4,260820,mixed,MIXED,PNND,3693,0.10158135741949081,0.0,0.10158135741949081,
4,260820,mixed,MIXED,PNND,3694,0.0813645776361227,0.0,0.0813645776361227,
4,260820,mixed,MIXED,PNND,3695,0.09653339441865683,0.0,0.09653339441865683,
4,260820,mixed,MIXED,PNND,3696,0.11642930284142494,0.0,0.11642930284142494,
4,260820,mixed,MIXED,PNND,3697,0.0671952273696661,0.0,0.0671952273696661,
4,260820,mixed,MIXED,PNND,3698,0.1092215171083808,0.0,0.1092215171083808,
4,260820,mixed,MIXED,PNND,3699,0.13691015914082527,0.0,0.13691015914082527,
4,260820,mixed,MIXED,PNND,3700,0.0926896370947361,0.0,0.0926896370947361,
4,260820,mixed,MIXED,PNND,3701,0.078858882188797,0.0,0.078858882188797,
4,260820,mixed,MIXED,PNND,3702,0.11564682237803936,0.0,0.11564682237803936,
4,260820,mixed,MIXED,PNND,3703,0.05907331919297576,0.0,0.05907331919297576,
4,260820,mixed,MIXED,PNND,3704,0.0982044527772814,0.0,0.0982044527772814,
4,260820,mixed,MIXED,PNND,3705,0.07579595153219998,0.0,0.07579595153219998,
4,260820,mixed,MIXED,PNND,3706,0.07510975794866681,0.0,0.07510975794866681,
4,260820,mixed,MIXED,PNND,3707,0.1323103029280901,0.0,0.1323103029280901,
4,260820,mixed,MIXED,PNND,3708,0.10913571156561375,0.0,0.10913571156561375,
4,260820,mixed,MIXED,PNND,3709,0.10446157492697239,0.0,0.10446157492697239,
4,260820,mixed,MIXED,PNND,3710,0.08135737478733063,0.0,0.08135737478733063,
4,260820,mixed,MIXED,PNND,3711,0.09002324566245079,0.0,0.09002324566245079,
4,260820,mixed,MIXED,PNND,3712,0.08406472159549594,0.0,0.08406472159549594,
4,260820,mixed,MIXED,PNND,3713,0.06206208514049649,0.0,0.06206208514049649,
4,260820,mixed,MIXED,PNND,3714,0.11736259423196316,0.0,0.11736259423196316,
4,260820,mixed,MIXED,PNND,3715,0.07098332419991493,0.0,0.07098332419991493,
4,260820,mixed,MIXED,PNND,3716,0.09756297990679741,0.0,0.09756297990679741,
4,260820,mixed,MIXED,PNND,3717,0.09522668272256851,0.0,0.09522668272256851,
4,260820,mixed,MIXED,PNND,3718,0.03942845482379198,0.0,0.03942845482379198,
4,260820,mixed,MIXED,PNND,3719,0.08854800532571971,0.0,0.08854800532571971,
4,260820,mixed,MIXED,PNND,3720,0.10252777673304081,0.0,0.10252777673304081,
4,260820,mixed,MIXED,PNND,3721,0.1429093424230814,0.0,0.1429093424230814,
4,260820,mixed,MIXED,PNND,3722,0.09611971117556095,0.0,0.09611971117556095,
4,260820,mixed,MIXED,PNND,3723,0.09252182766795158,0.0,0.09252182766795158,
4,260820,mixed,MIXED,PNND,3724,0.1069551045075059,0.0,0.1069551045075059,
4,260820,mixed,MIXED,PNND,3725,0.0648817177861929,0.0,0.0648817177861929,
4,260820,mixed,MIXED,PNND,3726,0.0570722259581089,0.0,0.0570722259581089,
4,260820,mixed,MIXED,PNND,3727,0.08157323487102985,0.0,0.08157323487102985,
4,260820,mixed,MIXED,PNND,3728,0.06488034036010504,0.0,0.06488034036010504,
4,260820,mixed,MIXED,PNND,3729,0.09026176389306784,0.0,0.09026176389306784,
4,260820,mixed,MIXED,PNND,3730,0.0514504435705021,0.0,0.0514504435705021,
4,260820,mixed,MIXED,PNND,3731,0.04944859445095062,0.0,0.04944859445095062,
4,260820,mixed,MIXED,PNND,3732,0.1471056565642357,0.0,0.1471056565642357,
4,260820,mixed,MIXED,PNND,3733,0.09629540331661701,0.0,0.09629540331661701,
4,260820,mixed,MIXED,PNND,3734,0.061351729556918144,0.0,0.061351729556918144,
4,260820,mixed,MIXED,PNND,3735,0.0733660627156496,0.0,0.0733660627156496,
4,260820,mixed,MIXED,PNND,3736,0.07118641119450331,0.0,0.07118641119450331,
4,260820,mixed,MIXED,PNND,3737,0.09328407607972622,0.0,0.09328407607972622,
4,260820,mixed,MIXED,PNND,3738,0.07818409148603678,0.0,0.07818409148603678,
4,260820,mixed,MIXED,PNND,3739,0.12154923263005912,0.0,0.12154923263005912,
4,260820,mixed,MIXED,PNND,3740,0.07219705916941166,0.0,0.07219705916941166,
4,260820,mixed,MIXED,PNND,3741,0.10542591661214828,0.0,0.10542591661214828,
4,260820,mixed,MIXED,PNND,3742,0.09208015911281109,0.0,0.09208015911281109,
4,260820,mixed,MIXED,PNND,3743,0.1123279370367527,0.0,0.1123279370367527,
4,260820,mixed,MIXED,PNND,3744,0.08189991465769708,0.0,0.08189991465769708,
4,260820,mixed,MIXED,PNND,3745,0.10632455814629793,0.0,0.10632455814629793,
4,260820,mixed,MIXED,PNND,3746,0.05950587382540107,0.0,0.05950587382540107,
4,260820,mixed,MIXED,PNND,3747,0.08674379787407815,0.0,0.08674379787407815,
4,260820,mixed,MIXED,PNND,3748,0.13140084967017174,0.0,0.13140084967017174,
4,260820,mixed,MIXED,PNND,3749,0.08729435130953789,0.0,0.08729435130953789,
4,260820,mixed,MIXED,PNND,3750,0.0983998472802341,0.0,0.0983998472802341,
4,260820,mixed,MIXED,PNND,3751,0.10597716085612774,0.0,0.10597716085612774,
4,260820,mixed,MIXED,PNND,3752,0.06346865557134151,0.0,0.06346865557134151,
4,260820,mixed,MIXED,PNND,3753,0.12742826901376247,0.0,0.12742826901376247,
4,260820,mixed,MIXED,PNND,3754,0.08837423287332058,0.0,0.08837423287332058,
4,260820,mixed,MIXED,PNND,3755,0.10779785364866257,0.0,0.10779785364866257,
4,260820,mixed,MIXED,PNND,3756,0.07394854538142681,0.0,0.07394854538142681,
4,260820,mixed,MIXED,PNND,3757,0.06921138986945152,0.0,0.06921138986945152,
4,260820,mixed,MIXED,PNND,3758,0.055496947607025504,0.0,0.055496947607025504,
4,260820,mixed,MIXED,PNND,3759,0.03366932342760265,0.0,0.03366932342760265,
4,260820,mixed,MIXED,PNND,3760,0.08000654354691505,0.0,0.08000654354691505,
4,260820,mixed,MIXED,PNND,3761,0.10211264435201883,0.0,0.10211264435201883,
4,260820,mixed,MIXED,PNND,3762,0.08214745856821537,0.0,0.08214745856821537,
4,260820,mixed,MIXED,PNND,3763,0.16230874508619308,0.0,0.16230874508619308,
4,260820,mixed,MIXED,PNND,3764,0.08624625997617841,0.0,0.08624625997617841,
4,260820,mixed,MIXED,PNND,3765,0.1330993790179491,0.0,0.1330993790179491,
4,260820,mixed,MIXED,PNND,3766,0.11316085141152143,0.0,0.11316085141152143,
4,260820,mixed,MIXED,PNND,3767,0.12147833034396172,0.0,0.12147833034396172,
4,260820,mixed,MIXED,PNND,3768,0.0695576760917902,0.0,0.0695576760917902,
4,260820,mixed,MIXED,PNND,3769,0.07690583355724812,0.0,0.07690583355724812,
4,260820,mixed,MIXED,PNND,3770,0.0743603965966031,0.0,0.0743603965966031,
4,260820,mixed,MIXED,PNND,3771,0.12106897681951523,0.0,0.12106897681951523,
4,260820,mixed,MIXED,PNND,3772,0.17439322173595428,0.0,0.17439322173595428,
4,260820,mixed,MIXED,PNND,3773,0.09521733247675002,0.0,0.09521733247675002,
4,260820,mixed,MIXED,PNND,3774,0.10078892949968576,0.0,0.10078892949968576,
4,260820,mixed,MIXED,PNND,3775,0.09497131034731865,0.0,0.09497131034731865,
4,260820,mixed,MIXED,PNND,3776,0.0819344287738204,0.0,0.0819344287738204,
4,260820,mixed,MIXED,PNND,3777,0.0824552346020937,0.0,0.0824552346020937,
4,260820,mixed,MIXED,PNND,3778,0.05528052430599928,0.0,0.05528052430599928,
4,260820,mixed,MIXED,PNND,3779,0.07066224794834852,0.0,0.07066224794834852,
4,260820,mixed,MIXED,PNND,3780,0.08833822258748114,0.0,0.08833822258748114,
4,260820,mixed,MIXED,PNND,3781,0.09146209806203842,0.0,0.09146209806203842,
4,260820,mixed,MIXED,PNND,3782,0.05222934321500361,0.0,0.05222934321500361,
4,260820,mixed,MIXED,PNND,3783,0.039398415479809046,0.0,0.039398415479809046,
4,260820,mixed,MIXED,PNND,3784,0.11469436436891556,0.0,0.11469436436891556,
4,260820,mixed,MIXED,PNND,3785,0.06674356572329998,0.0,0.06674356572329998,
4,260820,mixed,MIXED,PNND,3786,0.1463968139141798,0.0,0.1463968139141798,
4,260820,mixed,MIXED,PNND,3787,0.12073679454624653,0.0,0.12073679454624653,
4,260820,mixed,MIXED,PNND,3788,0.04916716180741787,0.0,0.04916716180741787,
4,260820,mixed,MIXED,PNND,3789,0.09739771019667387,0.0,0.09739771019667387,
4,260820,mixed,MIXED,PNND,3790,0.09286943962797523,0.0,0.09286943962797523,
4,260820,mixed,MIXED,PNND,3791,0.11469631269574165,0.0,0.11469631269574165,
4,260820,mixed,MIXED,PNND,3792,0.08656995557248592,0.0,0.08656995557248592,
4,260820,mixed,MIXED,PNND,3793,0.09547956101596355,0.0,0.09547956101596355,
4,260820,mixed,MIXED,PNND,3794,0.0690170880407095,0.0,0.0690170880407095,
4,260820,mixed,MIXED,PNND,3795,0.08248744625598192,0.0,0.08248744625598192,
4,260820,mixed,MIXED,PNND,3796,0.08070507645606995,0.0,0.08070507645606995,
4,260820,mixed,MIXED,PNND,3797,0.14387475699186325,0.0,0.14387475699186325,
4,260820,mixed,MIXED,PNND,3798,0.10506472550332546,0.0,0.10506472550332546,
4,260820,mixed,MIXED,PNND,3799,0.05755290784873068,0.0,0.05755290784873068,
4,260820,mixed,MIXED,PNND,3800,0.07483985088765621,0.0,0.07483985088765621,-0.9427485407776358
4,260820,mixed,MIXED,PNND,3801,0.09225622983649373,0.0,0.09225622983649373,
4,260820,mixed,MIXED,PNND,3802,0.07332184072583914,0.0,0.07332184072583914,
4,260820,mixed,MIXED,PNND,3803,0.09734818525612354,0.0,0.09734818525612354,
4,260820,mixed,MIXED,PNND,3804,0.14058203995227814,0.0,0.14058203995227814,
4,260820,mixed,MIXED,PNND,3805,0.11159446509554982,0.0,0.11159446509554982,
4,260820,mixed,MIXED,PNND,3806,0.10567492339760065,0.0,0.10567492339760065,
4,260820,mixed,MIXED,PNND,3807,0.11568351089954376,0.0,0.11568351089954376,
4,260820,mixed,MIXED,PNND,3808,0.0917149274609983,0.0,0.0917149274609983,
4,260820,mixed,MIXED,PNND,3809,0.10808357037603855,0.0,0.10808357037603855,
4,260820,mixed,MIXED,PNND,3810,0.09858235903084278,0.0,0.09858235903084278,
4,260820,mixed,MIXED,PNND,3811,0.08113689441233873,0.0,0.08113689441233873,
4,260820,mixed,MIXED,PNND,3812,0.06926874932833016,0.0,0.06926874932833016,
4,260820,mixed,MIXED,PNND,3813,0.09041858743876219,0.0,0.09041858743876219,
4,260820,mixed,MIXED,PNND,3814,0.06305258814245462,0.0,0.06305258814245462,
4,260820,mixed,MIXED,PNND,3815,0.09510804247111082,0.0,0.09510804247111082,
4,260820,mixed,MIXED,PNND,3816,0.0272095266263932,0.0,0.0272095266263932,
4,260820,mixed,MIXED,PNND,3817,0.08894177572801709,0.0,0.08894177572801709,
4,260820,mixed,MIXED,PNND,3818,0.06327246781438589,0.0,0.06327246781438589,
4,260820,mixed,MIXED,PNND,3819,0.10610328242182732,0.0,0.10610328242182732,
4,260820,mixed,MIXED,PNND,3820,0.09031603299081326,0.0,0.09031603299081326,
4,260820,mixed,MIXED,PNND,3821,0.13868283294141293,0.0,0.13868283294141293,
4,260820,mixed,MIXED,PNND,3822,0.07448997814208269,0.0,0.07448997814208269,
4,260820,mixed,MIXED,PNND,3823,0.05163804395124316,0.0,0.05163804395124316,
4,260820,mixed,MIXED,PNND,3824,0.10461030155420303,0.0,0.10461030155420303,
4,260820,mixed,MIXED,PNND,3825,0.11209987848997116,0.0,0.11209987848997116,
4,260820,mixed,MIXED,PNND,3826,0.060768681578338146,0.0,0.060768681578338146,
4,260820,mixed,MIXED,PNND,3827,0.11224793910514563,0.0,0.11224793910514563,
4,260820,mixed,MIXED,PNND,3828,0.12686390802264214,0.0,0.12686390802264214,
4,260820,mixed,MIXED,PNND,3829,0.0591288898140192,0.0,0.0591288898140192,
4,260820,mixed,MIXED,PNND,3830,0.0671939174644649,0.0,0.0671939174644649,
4,260820,mixed,MIXED,PNND,3831,0.09267383720725775,0.0,0.09267383720725775,
4,260820,mixed,MIXED,PNND,3832,0.06717418832704425,0.0,0.06717418832704425,
4,260820,mixed,MIXED,PNND,3833,0.09037961810827255,0.0,0.09037961810827255,
4,260820,mixed,MIXED,PNND,3834,0.07538045383989811,0.0,0.07538045383989811,
4,260820,mixed,MIXED,PNND,3835,0.11089323367923498,0.0,0.11089323367923498,
4,260820,mixed,MIXED,PNND,3836,0.08457503817044199,0.0,0.08457503817044199,
4,260820,mixed,MIXED,PNND,3837,0.06622590497136116,0.0,0.06622590497136116,
4,260820,mixed,MIXED,PNND,3838,0.11114097759127617,0.0,0.11114097759127617,
4,260820,mixed,MIXED,PNND,3839,0.09419727325439453,0.0,0.09419727325439453,
4,260820,mixed,MIXED,PNND,3840,0.09477067273110151,0.0,0.09477067273110151,
4,260820,mixed,MIXED,PNND,3841,0.0985611341893673,0.0,0.0985611341893673,
4,260820,mixed,MIXED,PNND,3842,0.11503064446151257,0.0,0.11503064446151257,
4,260820,mixed,MIXED,PNND,3843,0.09798428928479552,0.0,0.09798428928479552,
4,260820,mixed,MIXED,PNND,3844,0.06189676048234105,0.0,0.06189676048234105,
4,260820,mixed,MIXED,PNND,3845,0.10796056687831879,0.0,0.10796056687831879,
4,260820,mixed,MIXED,PNND,3846,0.0845233267173171,0.0,0.0845233267173171,
4,260820,mixed,MIXED,PNND,3847,0.10932579357177019,0.0,0.10932579357177019,
4,260820,mixed,MIXED,PNND,3848,0.0639750377740711,0.0,0.0639750377740711,
4,260820,mixed,MIXED,PNND,3849,0.0488362149335444,0.0,0.0488362149335444,
4,260820,mixed,MIXED,PNND,3850,0.07222317438572645,0.0,0.07222317438572645,
4,260820,mixed,MIXED,PNND,3851,0.08610409311950207,0.0,0.08610409311950207,
4,260820,mixed,MIXED,PNND,3852,0.04899296583607793,0.0,0.04899296583607793,
4,260820,mixed,MIXED,PNND,3853,0.09183090925216675,0.0,0.09183090925216675,
4,260820,mixed,MIXED,PNND,3854,0.06451690586982295,0.0,0.06451690586982295,
4,260820,mixed,MIXED,PNND,3855,0.07189566176384687,0.0,0.07189566176384687,
4,260820,mixed,MIXED,PNND,3856,0.1372364852577448,0.0,0.1372364852577448,
4,260820,mixed,MIXED,PNND,3857,0.0789010776206851,0.0,0.0789010776206851,
4,260820,mixed,MIXED,PNND,3858,0.09769302792847157,0.0,0.09769302792847157,
4,260820,mixed,MIXED,PNND,3859,0.06834228243678808,0.0,0.06834228243678808,
4,260820,mixed,MIXED,PNND,3860,0.08777398429811001,0.0,0.08777398429811001,
4,260820,mixed,MIXED,PNND,3861,0.10224714037030935,0.0,0.10224714037030935,
4,260820,mixed,MIXED,PNND,3862,0.08475369680672884,0.0,0.08475369680672884,
4,260820,mixed,MIXED,PNND,3863,0.14388427883386612,0.0,0.14388427883386612,
4,260820,mixed,MIXED,PNND,3864,0.1256790440529585,0.0,0.1256790440529585,
4,260820,mixed,MIXED,PNND,3865,0.09007413312792778,0.0,0.09007413312792778,
4,260820,mixed,MIXED,PNND,3866,0.12450951989740133,0.0,0.12450951989740133,
4,260820,mixed,MIXED,PNND,3867,0.10719782672822475,0.0,0.10719782672822475,
4,260820,mixed,MIXED,PNND,3868,0.0932583874091506,0.0,0.0932583874091506,
4,260820,mixed,MIXED,PNND,3869,0.08377837389707565,0.0,0.08377837389707565,
4,260820,mixed,MIXED,PNND,3870,0.06515069492161274,0.0,0.06515069492161274,
4,260820,mixed,MIXED,PNND,3871,0.14652062021195889,0.0,0.14652062021195889,
4,260820,mixed,MIXED,PNND,3872,0.07269869698211551,0.0,0.07269869698211551,
4,260820,mixed,MIXED,PNND,3873,0.10821584239602089,0.0,0.10821584239602089,
4,260820,mixed,MIXED,PNND,3874,0.08722071093507111,0.0,0.08722071093507111,
4,260820,mixed,MIXED,PNND,3875,0.10396390780806541,0.0,0.10396390780806541,
4,260820,mixed,MIXED,PNND,3876,0.11247200611978769,0.0,0.11247200611978769,
4,260820,mixed,MIXED,PNND,3877,0.05263989418745041,0.0,0.05263989418745041,
4,260820,mixed,MIXED,PNND,3878,0.07752859685570002,0.0,0.07752859685570002,
4,260820,mixed,MIXED,PNND,3879,0.06157362321391702,0.0,0.06157362321391702,
4,260820,mixed,MIXED,PNND,3880,0.0937377642840147,0.0,0.0937377642840147,
4,260820,mixed,MIXED,PNND,3881,0.11603467538952827,0.0,0.11603467538952827,
4,260820,mixed,MIXED,PNND,3882,0.06432005949318409,0.0,0.06432005949318409,
4,260820,mixed,MIXED,PNND,3883,0.07552638463675976,0.0,0.07552638463675976,
4,260820,mixed,MIXED,PNND,3884,0.11774287256412208,0.0,0.11774287256412208,
4,260820,mixed,MIXED,PNND,3885,0.11416730284690857,0.0,0.11416730284690857,
4,260820,mixed,MIXED,PNND,3886,0.09429615456610918,0.0,0.09429615456610918,
4,260820,mixed,MIXED,PNND,3887,0.056249176850542426,0.0,0.056249176850542426,
4,260820,mixed,MIXED,PNND,3888,0.08623428293503821,0.0,0.08623428293503821,
4,260820,mixed,MIXED,PNND,3889,0.10394476819783449,0.0,0.10394476819783449,
4,260820,mixed,MIXED,PNND,3890,0.11323739122599363,0.0,0.11323739122599363,
4,260820,mixed,MIXED,PNND,3891,0.06234660558402538,0.0,0.06234660558402538,
4,260820,mixed,MIXED,PNND,3892,0.09056475386023521,0.0,0.09056475386023521,
4,260820,mixed,MIXED,PNND,3893,0.07968985149636865,0.0,0.07968985149636865,
4,260820,mixed,MIXED,PNND,3894,0.09247056138701737,0.0,0.09247056138701737,
4,260820,mixed,MIXED,PNND,3895,0.07582432869821787,0.0,0.07582432869821787,
4,260820,mixed,MIXED,PNND,3896,0.04240770009346306,0.0,0.04240770009346306,
4,260820,mixed,MIXED,PNND,3897,0.08854099735617638,0.0,0.08854099735617638,
4,260820,mixed,MIXED,PNND,3898,0.10727386549115181,0.0,0.10727386549115181,
4,260820,mixed,MIXED,PNND,3899,0.15433049574494362,0.0,0.15433049574494362,
4,260820,mixed,MIXED,PNND,3900,0.11484416201710701,0.0,0.11484416201710701,
4,260820,mixed,MIXED,PNND,3901,0.0774847473949194,0.0,0.0774847473949194,
4,260820,mixed,MIXED,PNND,3902,0.0938140144571662,0.0,0.0938140144571662,
4,260820,mixed,MIXED,PNND,3903,0.08805873710662127,0.0,0.08805873710662127,
4,260820,mixed,MIXED,PNND,3904,0.09623656794428825,0.0,0.09623656794428825,
4,260820,mixed,MIXED,PNND,3905,0.09562553151044995,0.0,0.09562553151044995,
4,260820,mixed,MIXED,PNND,3906,0.09557084186235443,0.0,0.09557084186235443,
4,260820,mixed,MIXED,PNND,3907,0.059676854871213436,0.0,0.059676854871213436,
4,260820,mixed,MIXED,PNND,3908,0.08859840082004666,0.0,0.08859840082004666,
4,260820,mixed,MIXED,PNND,3909,0.05856758076697588,0.0,0.05856758076697588,
4,260820,mixed,MIXED,PNND,3910,0.06402880977839231,0.0,0.06402880977839231,
4,260820,mixed,MIXED,PNND,3911,0.06540769897401333,0.0,0.06540769897401333,
4,260820,mixed,MIXED,PNND,3912,0.11980370758101344,0.0,0.11980370758101344,
4,260820,mixed,MIXED,PNND,3913,0.08996719680726528,0.0,0.08996719680726528,
4,260820,mixed,MIXED,PNND,3914,0.06633827742189169,0.0,0.06633827742189169,
4,260820,mixed,MIXED,PNND,3915,0.06864112499170005,0.0,0.06864112499170005,
4,260820,mixed,MIXED,PNND,3916,0.1294338870793581,0.0,0.1294338870793581,
4,260820,mixed,MIXED,PNND,3917,0.050991540774703026,0.0,0.050991540774703026,
4,260820,mixed,MIXED,PNND,3918,0.07676528207957745,0.0,0.07676528207957745,
4,260820,mixed,MIXED,PNND,3919,0.0636660645250231,0.0,0.0636660645250231,
4,260820,mixed,MIXED,PNND,3920,0.06128747947514057,0.0,0.06128747947514057,
4,260820,mixed,MIXED,PNND,3921,0.12619073130190372,0.0,0.12619073130190372,
4,260820,mixed,MIXED,PNND,3922,0.1002907669171691,0.0,0.1002907669171691,
4,260820,mixed,MIXED,PNND,3923,0.12312869750894606,0.0,0.12312869750894606,
4,260820,mixed,MIXED,PNND,3924,0.051226192619651556,0.0,0.051226192619651556,
4,260820,mixed,MIXED,PNND,3925,0.09019075240939856,0.0,0.09019075240939856,
4,260820,mixed,MIXED,PNND,3926,0.09941405057907104,0.0,0.09941405057907104,
4,260820,mixed,MIXED,PNND,3927,0.06322080385871232,0.0,0.06322080385871232,
4,260820,mixed,MIXED,PNND,3928,0.09782597050070763,0.0,0.09782597050070763,
4,260820,mixed,MIXED,PNND,3929,0.06602256884798408,0.0,0.06602256884798408,
4,260820,mixed,MIXED,PNND,3930,0.10619021905586123,0.0,0.10619021905586123,
4,260820,mixed,MIXED,PNND,3931,0.04436281067319214,0.0,0.04436281067319214,
4,260820,mixed,MIXED,PNND,3932,0.08046498708426952,0.0,0.08046498708426952,
4,260820,mixed,MIXED,PNND,3933,0.08757935091853142,0.0,0.08757935091853142,
4,260820,mixed,MIXED,PNND,3934,0.10102262534201145,0.0,0.10102262534201145,
4,260820,mixed,MIXED,PNND,3935,0.09561739093624055,0.0,0.09561739093624055,
4,260820,mixed,MIXED,PNND,3936,0.06642694398760796,0.0,0.06642694398760796,
4,260820,mixed,MIXED,PNND,3937,0.08612440247088671,0.0,0.08612440247088671,
4,260820,mixed,MIXED,PNND,3938,0.11835920996963978,0.0,0.11835920996963978,
4,260820,mixed,MIXED,PNND,3939,0.06888057943433523,0.0,0.06888057943433523,
4,260820,mixed,MIXED,PNND,3940,0.12144363857805729,0.0,0.12144363857805729,
4,260820,mixed,MIXED,PNND,3941,0.11255871877074242,0.0,0.11255871877074242,
4,260820,mixed,MIXED,PNND,3942,0.10432267747819424,0.0,0.10432267747819424,
4,260820,mixed,MIXED,PNND,3943,0.07610475970432162,0.0,0.07610475970432162,
4,260820,mixed,MIXED,PNND,3944,0.09884233959019184,0.0,0.09884233959019184,
4,260820,mixed,MIXED,PNND,3945,0.14201650768518448,0.0,0.14201650768518448,
4,260820,mixed,MIXED,PNND,3946,0.08740705414675176,0.0,0.08740705414675176,
4,260820,mixed,MIXED,PNND,3947,0.07008545473217964,0.0,0.07008545473217964,
4,260820,mixed,MIXED,PNND,3948,0.12213413417339325,0.0,0.12213413417339325,
4,260820,mixed,MIXED,PNND,3949,0.051231204997748137,0.0,0.051231204997748137,
4,260820,mixed,MIXED,PNND,3950,0.07331464625895023,0.0,0.07331464625895023,
4,260820,mixed,MIXED,PNND,3951,0.10394964786246419,0.0,0.10394964786246419,
4,260820,mixed,MIXED,PNND,3952,0.05998794827610254,0.0,0.05998794827610254,
4,260820,mixed,MIXED,PNND,3953,0.06938357837498188,0.0,0.06938357837498188,
4,260820,mixed,MIXED,PNND,3954,0.11219747364521027,0.0,0.11219747364521027,
4,260820,mixed,MIXED,PNND,3955,0.14375807717442513,0.0,0.14375807717442513,
4,260820,mixed,MIXED,PNND,3956,0.10300740040838718,0.0,0.10300740040838718,
4,260820,mixed,MIXED,PNND,3957,0.10005324706435204,0.0,0.10005324706435204,
4,260820,mixed,MIXED,PNND,3958,0.11377642676234245,0.0,0.11377642676234245,
4,260820,mixed,MIXED,PNND,3959,0.09477269067429006,0.0,0.09477269067429006,
4,260820,mixed,MIXED,PNND,3960,0.06685097888112068,0.0,0.06685097888112068,
4,260820,mixed,MIXED,PNND,3961,0.0740809312555939,0.0,0.0740809312555939,
4,260820,mixed,MIXED,PNND,3962,0.09917666483670473,0.0,0.09917666483670473,
4,260820,mixed,MIXED,PNND,3963,0.04159111902117729,0.0,0.04159111902117729,
4,260820,mixed,MIXED,PNND,3964,0.06546389311552048,0.0,0.06546389311552048,
4,260820,mixed,MIXED,PNND,3965,0.09637590544298291,0.0,0.09637590544298291,
4,260820,mixed,MIXED,PNND,3966,0.1221973616629839,0.0,0.1221973616629839,
4,260820,mixed,MIXED,PNND,3967,0.07025226345285773,0.0,0.07025226345285773,
4,260820,mixed,MIXED,PNND,3968,0.06794822122901678,0.0,0.06794822122901678,
4,260820,mixed,MIXED,PNND,3969,0.11154220998287201,0.0,0.11154220998287201,
4,260820,mixed,MIXED,PNND,3970,0.10103600937873125,0.0,0.10103600937873125,
4,260820,mixed,MIXED,PNND,3971,0.06474210368469357,0.0,0.06474210368469357,
4,260820,mixed,MIXED,PNND,3972,0.097841318231076,0.0,0.097841318231076,
4,260820,mixed,MIXED,PNND,3973,0.08908914681524038,0.0,0.08908914681524038,
4,260820,mixed,MIXED,PNND,3974,0.06075642444193363,0.0,0.06075642444193363,
4,260820,mixed,MIXED,PNND,3975,0.049069128348492086,0.0,0.049069128348492086,
4,260820,mixed,MIXED,PNND,3976,0.06905668508261442,0.0,0.06905668508261442,
4,260820,mixed,MIXED,PNND,3977,0.10447908844798803,0.0,0.10447908844798803,
4,260820,mixed,MIXED,PNND,3978,0.10578840970993042,0.0,0.10578840970993042,
4,260820,mixed,MIXED,PNND,3979,0.08818568103015423,0.0,0.08818568103015423,
4,260820,mixed,MIXED,PNND,3980,0.09297787304967642,0.0,0.09297787304967642,
4,260820,mixed,MIXED,PNND,3981,0.0857857414521277,0.0,0.0857857414521277,
4,260820,mixed,MIXED,PNND,3982,0.12851812969893217,0.0,0.12851812969893217,
4,260820,mixed,MIXED,PNND,3983,0.12685057148337364,0.0,0.12685057148337364,
4,260820,mixed,MIXED,PNND,3984,0.07633112743496895,0.0,0.07633112743496895,
4,260820,mixed,MIXED,PNND,3985,0.09853484854102135,0.0,0.09853484854102135,
4,260820,mixed,MIXED,PNND,3986,0.0782976751215756,0.0,0.0782976751215756,
4,260820,mixed,MIXED,PNND,3987,0.06917188095394522,0.0,0.06917188095394522,
4,260820,mixed,MIXED,PNND,3988,0.10057803243398666,0.0,0.10057803243398666,
4,260820,mixed,MIXED,PNND,3989,0.10446562245488167,0.0,0.10446562245488167,
4,260820,mixed,MIXED,PNND,3990,0.11789465695619583,0.0,0.11789465695619583,
4,260820,mixed,MIXED,PNND,3991,0.13576490618288517,0.0,0.13576490618288517,
4,260820,mixed,MIXED,PNND,3992,0.07058211229741573,0.0,0.07058211229741573,
4,260820,mixed,MIXED,PNND,3993,0.09594688564538956,0.0,0.09594688564538956,
4,260820,mixed,MIXED,PNND,3994,0.047839284874498844,0.0,0.047839284874498844,
4,260820,mixed,MIXED,PNND,3995,0.041241547325626016,0.0,0.041241547325626016,
4,260820,mixed,MIXED,PNND,3996,0.11755241639912128,0.0,0.11755241639912128,
4,260820,mixed,MIXED,PNND,3997,0.10782511159777641,0.0,0.10782511159777641,
4,260820,mixed,MIXED,PNND,3998,0.11003971588797867,0.0,0.11003971588797867,
4,260820,mixed,MIXED,PNND,3999,0.08609337732195854,0.0,0.08609337732195854,
4,260820,mixed,MIXED,PNND,4000,0.06467414123471826,0.0,0.06467414123471826,-0.9565957096224821
4,260820,mixed,MIXED,PNND,4001,0.10489675030112267,0.0,0.10489675030112267,
4,260820,mixed,MIXED,PNND,4002,0.11778164620045573,0.0,0.11778164620045573,
4,260820,mixed,MIXED,PNND,4003,0.055816402193158865,0.0,0.055816402193158865,
4,260820,mixed,MIXED,PNND,4004,0.06803649384528399,0.0,0.06803649384528399,
4,260820,mixed,MIXED,PNND,4005,0.11899111047387123,0.0,0.11899111047387123,
4,260820,mixed,MIXED,PNND,4006,0.10913537256419659,0.0,0.10913537256419659,
4,260820,mixed,MIXED,PNND,4007,0.10665878280997276,0.0,0.10665878280997276,
4,260820,mixed,MIXED,PNND,4008,0.05818995623849332,0.0,0.05818995623849332,
4,260820,mixed,MIXED,PNND,4009,0.06650230020750314,0.0,0.06650230020750314,
4,260820,mixed,MIXED,PNND,4010,0.11949978210031986,0.0,0.11949978210031986,
4,260820,mixed,MIXED,PNND,4011,0.12337181344628334,0.0,0.12337181344628334,
4,260820,mixed,MIXED,PNND,4012,0.047480886336416006,0.0,0.047480886336416006,
4,260820,mixed,MIXED,PNND,4013,0.1327383928000927,0.0,0.1327383928000927,
4,260820,mixed,MIXED,PNND,4014,0.03527945827227086,0.0,0.03527945827227086,
4,260820,mixed,MIXED,PNND,4015,0.0810748040676117,0.0,0.0810748040676117,
4,260820,mixed,MIXED,PNND,4016,0.08446605270728469,0.0,0.08446605270728469,
4,260820,mixed,MIXED,PNND,4017,0.06231492850929499,0.0,0.06231492850929499,
4,260820,mixed,MIXED,PNND,4018,0.0670430171303451,0.0,0.0670430171303451,
4,260820,mixed,MIXED,PNND,4019,0.06469190306961536,0.0,0.06469190306961536,
4,260820,mixed,MIXED,PNND,4020,0.02715152082964778,0.0,0.02715152082964778,
4,260820,mixed,MIXED,PNND,4021,0.059368174290284514,0.0,0.059368174290284514,
4,260820,mixed,MIXED,PNND,4022,0.12428414821624756,0.0,0.12428414821624756,
4,260820,mixed,MIXED,PNND,4023,0.07536088768392801,0.0,0.07536088768392801,
4,260820,mixed,MIXED,PNND,4024,0.04990507068578154,0.0,0.04990507068578154,
4,260820,mixed,MIXED,PNND,4025,0.08860195428133011,0.0,0.08860195428133011,
4,260820,mixed,MIXED,PNND,4026,0.06723767891526222,0.0,0.06723767891526222,
4,260820,mixed,MIXED,PNND,4027,0.07641934230923653,0.0,0.07641934230923653,
4,260820,mixed,MIXED,PNND,4028,0.0921905180439353,0.0,0.0921905180439353,
4,260820,mixed,MIXED,PNND,4029,0.09789179265499115,0.0,0.09789179265499115,
4,260820,mixed,MIXED,PNND,4030,0.08394613116979599,0.0,0.08394613116979599,
4,260820,mixed,MIXED,PNND,4031,0.08585609379224479,0.0,0.08585609379224479,
4,260820,mixed,MIXED,PNND,4032,0.10196766629815102,0.0,0.10196766629815102,
4,260820,mixed,MIXED,PNND,4033,0.1056368462741375,0.0,0.1056368462741375,
4,260820,mixed,MIXED,PNND,4034,0.05985679826699197,0.0,0.05985679826699197,
4,260820,mixed,MIXED,PNND,4035,0.11755004897713661,0.0,0.11755004897713661,
4,260820,mixed,MIXED,PNND,4036,0.05872574262320995,0.0,0.05872574262320995,
4,260820,mixed,MIXED,PNND,4037,0.06331543996930122,0.0,0.06331543996930122,
4,260820,mixed,MIXED,PNND,4038,0.07784021901898086,0.0,0.07784021901898086,
4,260820,mixed,MIXED,PNND,4039,0.08385699428617954,0.0,0.08385699428617954,
4,260820,mixed,MIXED,PNND,4040,0.06885635200887918,0.0,0.06885635200887918,
4,260820,mixed,MIXED,PNND,4041,0.14262466691434383,0.0,0.14262466691434383,
4,260820,mixed,MIXED,PNND,4042,0.10281895799562335,0.0,0.10281895799562335,
4,260820,mixed,MIXED,PNND,4043,0.06411360134370625,0.0,0.06411360134370625,
4,260820,mixed,MIXED,PNND,4044,0.07715108525007963,0.0,0.07715108525007963,
4,260820,mixed,MIXED,PNND,4045,0.0747513035312295,0.0,0.0747513035312295,
4,260820,mixed,MIXED,PNND,4046,0.07067095674574375,0.0,0.07067095674574375,
4,260820,mixed,MIXED,PNND,4047,0.06252690264955163,0.0,0.06252690264955163,
4,260820,mixed,MIXED,PNND,4048,0.11055668070912361,0.0,0.11055668070912361,
4,260820,mixed,MIXED,PNND,4049,0.04674406722187996,0.0,0.04674406722187996,
4,260820,mixed,MIXED,PNND,4050,0.07239625719375908,0.0,0.07239625719375908,
4,260820,mixed,MIXED,PNND,4051,0.1025114543735981,0.0,0.1025114543735981,
4,260820,mixed,MIXED,PNND,4052,0.05550600402057171,0.0,0.05550600402057171,
4,260820,mixed,MIXED,PNND,4053,0.08580434694886208,0.0,0.08580434694886208,
4,260820,mixed,MIXED,PNND,4054,0.09753425233066082,0.0,0.09753425233066082,
4,260820,mixed,MIXED,PNND,4055,0.08312944881618023,0.0,0.08312944881618023,
4,260820,mixed,MIXED,PNND,4056,0.08812224818393588,0.0,0.08812224818393588,
4,260820,mixed,MIXED,PNND,4057,0.11498503014445305,0.0,0.11498503014445305,
4,260820,mixed,MIXED,PNND,4058,0.10665537416934967,0.0,0.10665537416934967,
4,260820,mixed,MIXED,PNND,4059,0.076389548368752,0.0,0.076389548368752,
4,260820,mixed,MIXED,PNND,4060,0.08769692480564117,0.0,0.08769692480564117,
4,260820,mixed,MIXED,PNND,4061,0.049503911985084414,0.0,0.049503911985084414,
4,260820,mixed,MIXED,PNND,4062,0.06945400591939688,0.0,0.06945400591939688,
4,260820,mixed,MIXED,PNND,4063,0.0949427131563425,0.0,0.0949427131563425,
4,260820,mixed,MIXED,PNND,4064,0.05005140136927366,0.0,0.05005140136927366,
4,260820,mixed,MIXED,PNND,4065,0.09581704158335924,0.0,0.09581704158335924,
4,260820,mixed,MIXED,PNND,4066,0.06729488912969828,0.0,0.06729488912969828,
4,260820,mixed,MIXED,PNND,4067,0.08865495445206761,0.0,0.08865495445206761,
4,260820,mixed,MIXED,PNND,4068,0.03346345270983875,0.0,0.03346345270983875,
4,260820,mixed,MIXED,PNND,4069,0.04408082354348153,0.0,0.04408082354348153,
4,260820,mixed,MIXED,PNND,4070,0.08114311657845974,0.0,0.08114311657845974,
4,260820,mixed,MIXED,PNND,4071,0.05714116804301739,0.0,0.05714116804301739,
4,260820,mixed,MIXED,PNND,4072,0.1165233738720417,0.0,0.1165233738720417,
4,260820,mixed,MIXED,PNND,4073,0.08337946236133575,0.0,0.08337946236133575,
4,260820,mixed,MIXED,PNND,4074,0.0678829587996006,0.0,0.0678829587996006,
4,260820,mixed,MIXED,PNND,4075,0.06852071499451995,0.0,0.06852071499451995,
4,260820,mixed,MIXED,PNND,4076,0.0945358108729124,0.0,0.0945358108729124,
4,260820,mixed,MIXED,PNND,4077,0.09984911512583494,0.0,0.09984911512583494,
4,260820,mixed,MIXED,PNND,4078,0.07275990815833211,0.0,0.07275990815833211,
4,260820,mixed,MIXED,PNND,4079,0.11261603608727455,0.0,0.11261603608727455,
4,260820,mixed,MIXED,PNND,4080,0.06831861287355423,0.0,0.06831861287355423,
4,260820,mixed,MIXED,PNND,4081,0.09789837803691626,0.0,0.09789837803691626,
4,260820,mixed,MIXED,PNND,4082,0.11586294136941433,0.0,0.11586294136941433,
4,260820,mixed,MIXED,PNND,4083,0.08627373538911343,0.0,0.08627373538911343,
4,260820,mixed,MIXED,PNND,4084,0.07883168384432793,0.0,0.07883168384432793,
4,260820,mixed,MIXED,PNND,4085,0.11761767510324717,0.0,0.11761767510324717,
4,260820,mixed,MIXED,PNND,4086,0.12066079676151276,0.0,0.12066079676151276,
4,260820,mixed,MIXED,PNND,4087,0.08270770125091076,0.0,0.08270770125091076,
4,260820,mixed,MIXED,PNND,4088,0.0697988027241081,0.0,0.0697988027241081,
4,260820,mixed,MIXED,PNND,4089,0.11660378612577915,0.0,0.11660378612577915,
4,260820,mixed,MIXED,PNND,4090,0.08014447102323174,0.0,0.08014447102323174,
4,260820,mixed,MIXED,PNND,4091,0.1234968863427639,0.0,0.1234968863427639,
4,260820,mixed,MIXED,PNND,4092,0.1033747773617506,0.0,0.1033747773617506,
4,260820,mixed,MIXED,PNND,4093,0.06734439451247454,0.0,0.06734439451247454,
4,260820,mixed,MIXED,PNND,4094,0.09319785609841347,0.0,0.09319785609841347,
4,260820,mixed,MIXED,PNND,4095,0.08444189932197332,0.0,0.08444189932197332,
4,260820,mixed,MIXED,PNND,4096,0.09417535178363323,0.0,0.09417535178363323,
4,260820,mixed,MIXED,PNND,4097,0.06414937414228916,0.0,0.06414937414228916,
4,260820,mixed,MIXED,PNND,4098,0.09559921361505985,0.0,0.09559921361505985,
4,260820,mixed,MIXED,PNND,4099,0.05194363836199045,0.0,0.05194363836199045,
4,260820,mixed,MIXED,PNND,4100,0.11228068079799414,0.0,0.11228068079799414,
4,260820,mixed,MIXED,PNND,4101,0.07089488953351974,0.0,0.07089488953351974,
4,260820,mixed,MIXED,PNND,4102,0.10927209816873074,0.0,0.10927209816873074,
4,260820,mixed,MIXED,PNND,4103,0.08659568196162581,0.0,0.08659568196162581,
4,260820,mixed,MIXED,PNND,4104,0.11509956791996956,0.0,0.11509956791996956,
4,260820,mixed,MIXED,PNND,4105,0.07236886827740818,0.0,0.07236886827740818,
4,260820,mixed,MIXED,PNND,4106,0.07900195010006428,0.0,0.07900195010006428,
4,260820,mixed,MIXED,PNND,4107,0.09861732926219702,0.0,0.09861732926219702,
4,260820,mixed,MIXED,PNND,4108,0.10286173596978188,0.0,0.10286173596978188,
4,260820,mixed,MIXED,PNND,4109,0.10577609576284885,0.0,0.10577609576284885,
4,260820,mixed,MIXED,PNND,4110,0.09663778357207775,0.0,0.09663778357207775,
4,260820,mixed,MIXED,PNND,4111,0.08696615416556597,0.0,0.08696615416556597,
4,260820,mixed,MIXED,PNND,4112,0.06997768580913544,0.0,0.06997768580913544,
4,260820,mixed,MIXED,PNND,4113,0.06557311397045851,0.0,0.06557311397045851,
4,260820,mixed,MIXED,PNND,4114,0.08854013402014971,0.0,0.08854013402014971,
4,260820,mixed,MIXED,PNND,4115,0.06186511553823948,0.0,0.06186511553823948,
4,260820,mixed,MIXED,PNND,4116,0.08063017949461937,0.0,0.08063017949461937,
4,260820,mixed,MIXED,PNND,4117,0.09518875792855397,0.0,0.09518875792855397,
4,260820,mixed,MIXED,PNND,4118,0.1213679127395153,0.0,0.1213679127395153,
4,260820,mixed,MIXED,PNND,4119,0.07546342723071575,0.0,0.07546342723071575,
4,260820,mixed,MIXED,PNND,4120,0.08391991164535284,0.0,0.08391991164535284,
4,260820,mixed,MIXED,PNND,4121,0.06478746980428696,0.0,0.06478746980428696,
4,260820,mixed,MIXED,PNND,4122,0.08925159275531769,0.0,0.08925159275531769,
4,260820,mixed,MIXED,PNND,4123,0.0959843872115016,0.0,0.0959843872115016,
4,260820,mixed,MIXED,PNND,4124,0.0770097617059946,0.0,0.0770097617059946,
4,260820,mixed,MIXED,PNND,4125,0.06594180641695857,0.0,0.06594180641695857,
4,260820,mixed,MIXED,PNND,4126,0.1301392037421465,0.0,0.1301392037421465,
4,260820,mixed,MIXED,PNND,4127,0.13008226919919252,0.0,0.13008226919919252,
4,260820,mixed,MIXED,PNND,4128,0.12007363513112068,0.0,0.12007363513112068,
4,260820,mixed,MIXED,PNND,4129,0.11734918877482414,0.0,0.11734918877482414,
4,260820,mixed,MIXED,PNND,4130,0.056511638686060905,0.0,0.056511638686060905,
4,260820,mixed,MIXED,PNND,4131,0.08496936608571559,0.0,0.08496936608571559,
4,260820,mixed,MIXED,PNND,4132,0.0776368121150881,0.0,0.0776368121150881,
4,260820,mixed,MIXED,PNND,4133,0.05829403060488403,0.0,0.05829403060488403,
4,260820,mixed,MIXED,PNND,4134,0.1086776852607727,0.0,0.1086776852607727,
4,260820,mixed,MIXED,PNND,4135,0.08661815780214965,0.0,0.08661815780214965,
4,260820,mixed,MIXED,PNND,4136,0.06308071501553059,0.0,0.06308071501553059,
4,260820,mixed,MIXED,PNND,4137,0.07087299786508083,0.0,0.07087299786508083,
4,260820,mixed,MIXED,PNND,4138,0.09609322901815176,0.0,0.09609322901815176,
4,260820,mixed,MIXED,PNND,4139,0.05977143545169383,0.0,0.05977143545169383,
4,260820,mixed,MIXED,PNND,4140,0.07846702594542876,0.0,0.07846702594542876,
4,260820,mixed,MIXED,PNND,4141,0.14532482251524925,0.0,0.14532482251524925,
4,260820,mixed,MIXED,PNND,4142,0.10463393526151776,0.0,0.10463393526151776,
4,260820,mixed,MIXED,PNND,4143,0.06746657798066735,0.0,0.06746657798066735,
4,260820,mixed,MIXED,PNND,4144,0.07209999393671751,0.0,0.07209999393671751,
4,260820,mixed,MIXED,PNND,4145,0.1029229718260467,0.0,0.1029229718260467,
4,260820,mixed,MIXED,PNND,4146,0.038604806177318096,0.0,0.038604806177318096,
4,260820,mixed,MIXED,PNND,4147,0.06100862333551049,0.0,0.06100862333551049,
4,260820,mixed,MIXED,PNND,4148,0.08363819867372513,0.0,0.08363819867372513,
4,260820,mixed,MIXED,PNND,4149,0.05286110087763518,0.0,0.05286110087763518,
4,260820,mixed,MIXED,PNND,4150,0.09510612627491355,0.0,0.09510612627491355,
4,260820,mixed,MIXED,PNND,4151,0.10859590023756027,0.0,0.10859590023756027,
4,260820,mixed,MIXED,PNND,4152,0.11218128446489573,0.0,0.11218128446489573,
4,260820,mixed,MIXED,PNND,4153,0.07776209991425276,0.0,0.07776209991425276,
4,260820,mixed,MIXED,PNND,4154,0.11683519557118416,0.0,0.11683519557118416,
4,260820,mixed,MIXED,PNND,4155,0.116154370829463,0.0,0.116154370829463,
4,260820,mixed,MIXED,PNND,4156,0.11979121528565884,0.0,0.11979121528565884,
4,260820,mixed,MIXED,PNND,4157,0.09629783825948834,0.0,0.09629783825948834,
4,260820,mixed,MIXED,PNND,4158,0.04917304264381528,0.0,0.04917304264381528,
4,260820,mixed,MIXED,PNND,4159,0.07512837648391724,0.0,0.07512837648391724,
4,260820,mixed,MIXED,PNND,4160,0.0877446522936225,0.0,0.0877446522936225,
4,260820,mixed,MIXED,PNND,4161,0.09493752475827932,0.0,0.09493752475827932,
4,260820,mixed,MIXED,PNND,4162,0.15861560869961977,0.0,0.15861560869961977,
4,260820,mixed,MIXED,PNND,4163,0.09412138350307941,0.0,0.09412138350307941,
4,260820,mixed,MIXED,PNND,4164,0.0971438530832529,0.0,0.0971438530832529,
4,260820,mixed,MIXED,PNND,4165,0.07363461796194315,0.0,0.07363461796194315,
4,260820,mixed,MIXED,PNND,4166,0.06159737100824714,0.0,0.06159737100824714,
4,260820,mixed,MIXED,PNND,4167,0.09893565415404737,0.0,0.09893565415404737,
4,260820,mixed,MIXED,PNND,4168,0.08980846684426069,0.0,0.08980846684426069,
4,260820,mixed,MIXED,PNND,4169,0.064716468565166,0.0,0.064716468565166,
4,260820,mixed,MIXED,PNND,4170,0.12283075787127018,0.0,0.12283075787127018,
4,260820,mixed,MIXED,PNND,4171,0.09471178706735373,0.0,0.09471178706735373,
4,260820,mixed,MIXED,PNND,4172,0.056405197363346815,0.0,0.056405197363346815,
4,260820,mixed,MIXED,PNND,4173,0.08133378066122532,0.0,0.08133378066122532,
4,260820,mixed,MIXED,PNND,4174,0.08327452931553125,0.0,0.08327452931553125,
4,260820,mixed,MIXED,PNND,4175,0.10515687149018049,0.0,0.10515687149018049,
4,260820,mixed,MIXED,PNND,4176,0.07782958075404167,0.0,0.07782958075404167,
4,260820,mixed,MIXED,PNND,4177,0.07896259892731905,0.0,0.07896259892731905,
4,260820,mixed,MIXED,PNND,4178,0.11074300389736891,0.0,0.11074300389736891,
4,260820,mixed,MIXED,PNND,4179,0.09272939153015614,0.0,0.09272939153015614,
4,260820,mixed,MIXED,PNND,4180,0.11417390778660774,0.0,0.11417390778660774,
4,260820,mixed,MIXED,PNND,4181,0.09807064943015575,0.0,0.09807064943015575,
4,260820,mixed,MIXED,PNND,4182,0.04742001509293914,0.0,0.04742001509293914,
4,260820,mixed,MIXED,PNND,4183,0.04760473599890247,0.0,0.04760473599890247,
4,260820,mixed,MIXED,PNND,4184,0.12025158666074276,0.0,0.12025158666074276,
4,260820,mixed,MIXED,PNND,4185,0.060114706167951226,0.0,0.060114706167951226,
4,260820,mixed,MIXED,PNND,4186,0.0999902943149209,0.0,0.0999902943149209,
4,260820,mixed,MIXED,PNND,4187,0.11727125197649002,0.0,0.11727125197649002,
4,260820,mixed,MIXED,PNND,4188,0.10297722462564707,0.0,0.10297722462564707,
4,260820,mixed,MIXED,PNND,4189,0.13056878186762333,0.0,0.13056878186762333,
4,260820,mixed,MIXED,PNND,4190,0.08063445100560784,0.0,0.08063445100560784,
4,260820,mixed,MIXED,PNND,4191,0.11007035011425614,0.0,0.11007035011425614,
4,260820,mixed,MIXED,PNND,4192,0.07803486369084567,0.0,0.07803486369084567,
4,260820,mixed,MIXED,PNND,4193,0.10741012590005994,0.0,0.10741012590005994,
4,260820,mixed,MIXED,PNND,4194,0.09327173233032227,0.0,0.09327173233032227,
4,260820,mixed,MIXED,PNND,4195,0.07803372200578451,0.0,0.07803372200578451,
4,260820,mixed,MIXED,PNND,4196,0.1315516047179699,0.0,0.1315516047179699,
4,260820,mixed,MIXED,PNND,4197,0.073084965813905,0.0,0.073084965813905,
4,260820,mixed,MIXED,PNND,4198,0.08654988510534167,0.0,0.08654988510534167,
4,260820,mixed,MIXED,PNND,4199,0.0635111517040059,0.0,0.0635111517040059,
4,260820,mixed,MIXED,PNND,4200,0.08750996645539999,0.0,0.08750996645539999,-0.979408952568945
4,260820,mixed,MIXED,PNND,4201,0.11036529764533043,0.0,0.11036529764533043,
4,260820,mixed,MIXED,PNND,4202,0.028201988781802356,0.0,0.028201988781802356,
4,260820,mixed,MIXED,PNND,4203,0.0906364107504487,0.0,0.0906364107504487,
4,260820,mixed,MIXED,PNND,4204,0.08937228098511696,0.0,0.08937228098511696,
4,260820,mixed,MIXED,PNND,4205,0.1131022775080055,0.0,0.1131022775080055,
4,260820,mixed,MIXED,PNND,4206,0.08399081788957119,0.0,0.08399081788957119,
4,260820,mixed,MIXED,PNND,4207,0.0927593419328332,0.0,0.0927593419328332,
4,260820,mixed,MIXED,PNND,4208,0.07310768309980631,0.0,0.07310768309980631,
4,260820,mixed,MIXED,PNND,4209,0.07082279812311754,0.0,0.07082279812311754,
4,260820,mixed,MIXED,PNND,4210,0.06471910234540701,0.0,0.06471910234540701,
4,260820,mixed,MIXED,PNND,4211,0.07694930955767632,0.0,0.07694930955767632,
4,260820,mixed,MIXED,PNND,4212,0.03795683186035603,0.0,0.03795683186035603,
4,260820,mixed,MIXED,PNND,4213,0.06625899486243725,0.0,0.06625899486243725,
4,260820,mixed,MIXED,PNND,4214,0.07365072588436306,0.0,0.07365072588436306,
4,260820,mixed,MIXED,PNND,4215,0.08112266147509217,0.0,0.08112266147509217,
4,260820,mixed,MIXED,PNND,4216,0.12380784098058939,0.0,0.12380784098058939,
4,260820,mixed,MIXED,PNND,4217,0.03595687076449394,0.0,0.03595687076449394,
4,260820,mixed,MIXED,PNND,4218,0.07225014828145504,0.0,0.07225014828145504,
4,260820,mixed,MIXED,PNND,4219,0.07315272046253085,0.0,0.07315272046253085,
4,260820,mixed,MIXED,PNND,4220,0.08383766934275627,0.0,0.08383766934275627,
4,260820,mixed,MIXED,PNND,4221,0.10122215282171965,0.0,0.10122215282171965,
4,260820,mixed,MIXED,PNND,4222,0.07819056138396263,0.0,0.07819056138396263,
4,260820,mixed,MIXED,PNND,4223,0.06589983438607305,0.0,0.06589983438607305,
4,260820,mixed,MIXED,PNND,4224,0.03673593801795505,0.0,0.03673593801795505,
4,260820,mixed,MIXED,PNND,4225,0.059158389805816114,0.0,0.059158389805816114,
4,260820,mixed,MIXED,PNND,4226,0.09075648384168744,0.0,0.09075648384168744,
4,260820,mixed,MIXED,PNND,4227,0.054496084223501384,0.0,0.054496084223501384,
4,260820,mixed,MIXED,PNND,4228,0.10481888079084456,0.0,0.10481888079084456,
4,260820,mixed,MIXED,PNND,4229,0.11480098962783813,0.0,0.11480098962783813,
4,260820,mixed,MIXED,PNND,4230,0.10688592493534088,0.0,0.10688592493534088,
4,260820,mixed,MIXED,PNND,4231,0.08632923010736704,0.0,0.08632923010736704,
4,260820,mixed,MIXED,PNND,4232,0.08996560052037239,0.0,0.08996560052037239,
4,260820,mixed,MIXED,PNND,4233,0.08543755579739809,0.0,0.08543755579739809,
4,260820,mixed,MIXED,PNND,4234,0.1332121081650257,0.0,0.1332121081650257,
4,260820,mixed,MIXED,PNND,4235,0.08429555734619498,0.0,0.08429555734619498,
4,260820,mixed,MIXED,PNND,4236,0.0759854536736384,0.0,0.0759854536736384,
4,260820,mixed,MIXED,PNND,4237,0.08248931099660695,0.0,0.08248931099660695,
4,260820,mixed,MIXED,PNND,4238,0.06168930325657129,0.0,0.06168930325657129,
4,260820,mixed,MIXED,PNND,4239,0.11309962999075651,0.0,0.11309962999075651,
4,260820,mixed,MIXED,PNND,4240,0.1186972064897418,0.0,0.1186972064897418,
4,260820,mixed,MIXED,PNND,4241,0.08473096322268248,0.0,0.08473096322268248,
4,260820,mixed,MIXED,PNND,4242,0.09931850992143154,0.0,0.09931850992143154,
4,260820,mixed,MIXED,PNND,4243,0.10628007398918271,0.0,0.10628007398918271,
4,260820,mixed,MIXED,PNND,4244,0.10756072774529457,0.0,0.10756072774529457,
4,260820,mixed,MIXED,PNND,4245,0.017190911166835576,0.0,0.017190911166835576,
4,260820,mixed,MIXED,PNND,4246,0.07807488087564707,0.0,0.07807488087564707,
4,260820,mixed,MIXED,PNND,4247,0.09711791342124343,0.0,0.09711791342124343,
4,260820,mixed,MIXED,PNND,4248,0.09600089117884636,0.0,0.09600089117884636,
4,260820,mixed,MIXED,PNND,4249,0.09271320281550288,0.0,0.09271320281550288,
4,260820,mixed,MIXED,PNND,4250,0.10174072068184614,0.0,0.10174072068184614,
4,260820,mixed,MIXED,PNND,4251,0.10111740976572037,0.0,0.10111740976572037,
4,260820,mixed,MIXED,PNND,4252,0.0458734433632344,0.0,0.0458734433632344,
4,260820,mixed,MIXED,PNND,4253,0.06598397018387914,0.0,0.06598397018387914,
4,260820,mixed,MIXED,PNND,4254,0.06391815189272165,0.0,0.06391815189272165,
4,260820,mixed,MIXED,PNND,4255,0.060426336945965886,0.0,0.060426336945965886,
4,260820,mixed,MIXED,PNND,4256,0.05523247271776199,0.0,0.05523247271776199,
4,260820,mixed,MIXED,PNND,4257,0.08148282021284103,0.0,0.08148282021284103,
4,260820,mixed,MIXED,PNND,4258,0.05380156170576811,0.0,0.05380156170576811,
4,260820,mixed,MIXED,PNND,4259,0.08599543164018542,0.0,0.08599543164018542,
4,260820,mixed,MIXED,PNND,4260,0.07050311425700784,0.0,0.07050311425700784,
4,260820,mixed,MIXED,PNND,4261,0.08867385215125978,0.0,0.08867385215125978,
4,260820,mixed,MIXED,PNND,4262,0.08473391376901418,0.0,0.08473391376901418,
4,260820,mixed,MIXED,PNND,4263,0.058138414984568954,0.0,0.058138414984568954,
4,260820,mixed,MIXED,PNND,4264,0.03829151776153594,0.0,0.03829151776153594,
4,260820,mixed,MIXED,PNND,4265,0.05841455305926502,0.0,0.05841455305926502,
4,260820,mixed,MIXED,PNND,4266,0.06346991658210754,0.0,0.06346991658210754,
4,260820,mixed,MIXED,PNND,4267,0.08534001372754574,0.0,0.08534001372754574,
4,260820,mixed,MIXED,PNND,4268,0.05594159662723541,0.0,0.05594159662723541,
4,260820,mixed,MIXED,PNND,4269,0.09375797398388386,0.0,0.09375797398388386,
4,260820,mixed,MIXED,PNND,4270,0.07285369373857975,0.0,0.07285369373857975,
4,260820,mixed,MIXED,PNND,4271,0.0897540058940649,0.0,0.0897540058940649,
4,260820,mixed,MIXED,PNND,4272,0.11309241782873869,0.0,0.11309241782873869,
4,260820,mixed,MIXED,PNND,4273,0.029949273040983826,0.0,0.029949273040983826,
4,260820,mixed,MIXED,PNND,4274,0.10105908196419477,0.0,0.10105908196419477,
4,260820,mixed,MIXED,PNND,4275,0.09409907460212708,0.0,0.09409907460212708,
4,260820,mixed,MIXED,PNND,4276,0.1066743265837431,0.0,0.1066743265837431,
4,260820,mixed,MIXED,PNND,4277,0.05897913360968232,0.0,0.05897913360968232,
4,260820,mixed,MIXED,PNND,4278,0.05262430990114808,0.0,0.05262430990114808,
4,260820,mixed,MIXED,PNND,4279,0.10833932273089886,0.0,0.10833932273089886,
4,260820,mixed,MIXED,PNND,4280,0.09917686693370342,0.0,0.09917686693370342,
4,260820,mixed,MIXED,PNND,4281,0.057677967473864555,0.0,0.057677967473864555,
4,260820,mixed,MIXED,PNND,4282,0.10802927892655134,0.0,0.10802927892655134,
4,260820,mixed,MIXED,PNND,4283,0.05821742303669453,0.0,0.05821742303669453,
4,260820,mixed,MIXED,PNND,4284,0.09420521091669798,0.0,0.09420521091669798,
4,260820,mixed,MIXED,PNND,4285,0.08228354202583432,0.0,0.08228354202583432,
4,260820,mixed,MIXED,PNND,4286,0.08285036496818066,0.0,0.08285036496818066,
4,260820,mixed,MIXED,PNND,4287,0.10260661202482879,0.0,0.10260661202482879,
4,260820,mixed,MIXED,PNND,4288,0.07656237483024597,0.0,0.07656237483024597,
4,260820,mixed,MIXED,PNND,4289,0.09828449878841639,0.0,0.09828449878841639,
4,260820,mixed,MIXED,PNND,4290,0.02827641717158258,0.0,0.02827641717158258,
4,260820,mixed,MIXED,PNND,4291,0.12750943936407566,0.0,0.12750943936407566,
4,260820,mixed,MIXED,PNND,4292,0.05457219097297639,0.0,0.05457219097297639,
4,260820,mixed,MIXED,PNND,4293,0.0886731562204659,0.0,0.0886731562204659,
4,260820,mixed,MIXED,PNND,4294,0.09563305741176009,0.0,0.09563305741176009,
4,260820,mixed,MIXED,PNND,4295,0.05169938690960407,0.0,0.05169938690960407,
4,260820,mixed,MIXED,PNND,4296,0.0892084650695324,0.0,0.0892084650695324,
4,260820,mixed,MIXED,PNND,4297,0.09221584349870682,0.0,0.09221584349870682,
4,260820,mixed,MIXED,PNND,4298,0.03661899582948536,0.0,0.03661899582948536,
4,260820,mixed,MIXED,PNND,4299,0.07071395963430405,0.0,0.07071395963430405,
4,260820,mixed,MIXED,PNND,4300,0.0928609985858202,0.0,0.0928609985858202,
4,260820,mixed,MIXED,PNND,4301,0.07326554972678423,0.0,0.07326554972678423,
4,260820,mixed,MIXED,PNND,4302,0.06110908312257379,0.0,0.06110908312257379,
4,260820,mixed,MIXED,PNND,4303,0.04261250840499997,0.0,0.04261250840499997,
4,260820,mixed,MIXED,PNND,4304,0.08890650887042284,0.0,0.08890650887042284,
4,260820,mixed,MIXED,PNND,4305,0.07660154718905687,0.0,0.07660154718905687,
4,260820,mixed,MIXED,PNND,4306,0.06196249136701226,0.0,0.06196249136701226,
4,260820,mixed,MIXED,PNND,4307,0.04094322957098484,0.0,0.04094322957098484,
4,260820,mixed,MIXED,PNND,4308,0.11166202230378985,0.0,0.11166202230378985,
4,260820,mixed,MIXED,PNND,4309,0.07942775130504742,0.0,0.07942775130504742,
4,260820,mixed,MIXED,PNND,4310,0.13882863894104958,0.0,0.13882863894104958,
4,260820,mixed,MIXED,PNND,4311,0.08703756704926491,0.0,0.08703756704926491,
4,260820,mixed,MIXED,PNND,4312,0.10186706483364105,0.0,0.10186706483364105,
4,260820,mixed,MIXED,PNND,4313,0.06702934019267559,0.0,0.06702934019267559,
4,260820,mixed,MIXED,PNND,4314,0.031588124111294746,0.0,0.031588124111294746,
4,260820,mixed,MIXED,PNND,4315,0.14535852149128914,0.0,0.14535852149128914,
4,260820,mixed,MIXED,PNND,4316,0.11556871049106121,0.0,0.11556871049106121,
4,260820,mixed,MIXED,PNND,4317,0.10416737291961908,0.0,0.10416737291961908,
4,260820,mixed,MIXED,PNND,4318,0.04830915853381157,0.0,0.04830915853381157,
4,260820,mixed,MIXED,PNND,4319,0.10637770593166351,0.0,0.10637770593166351,
4,260820,mixed,MIXED,PNND,4320,0.056192691903561354,0.0,0.056192691903561354,
4,260820,mixed,MIXED,PNND,4321,0.10953041911125183,0.0,0.10953041911125183,
4,260820,mixed,MIXED,PNND,4322,0.07484565768390894,0.0,0.07484565768390894,
4,260820,mixed,MIXED,PNND,4323,0.08041069796308875,0.0,0.08041069796308875,
4,260820,mixed,MIXED,PNND,4324,0.08796279318630695,0.0,0.08796279318630695,
4,260820,mixed,MIXED,PNND,4325,0.08726324141025543,0.0,0.08726324141025543,
4,260820,mixed,MIXED,PNND,4326,0.08175411284901202,0.0,0.08175411284901202,
4,260820,mixed,MIXED,PNND,4327,0.05978748109191656,0.0,0.05978748109191656,
4,260820,mixed,MIXED,PNND,4328,0.0749593349173665,0.0,0.0749593349173665,
4,260820,mixed,MIXED,PNND,4329,0.0811709554400295,0.0,0.0811709554400295,
4,260820,mixed,MIXED,PNND,4330,0.08931607939302921,0.0,0.08931607939302921,
4,260820,mixed,MIXED,PNND,4331,0.09395678620785475,0.0,0.09395678620785475,
4,260820,mixed,MIXED,PNND,4332,0.047836845740675926,0.0,0.047836845740675926,
4,260820,mixed,MIXED,PNND,4333,0.12148167751729488,0.0,0.12148167751729488,
4,260820,mixed,MIXED,PNND,4334,0.11230449564754963,0.0,0.11230449564754963,
4,260820,mixed,MIXED,PNND,4335,0.07218362274579704,0.0,0.07218362274579704,
4,260820,mixed,MIXED,PNND,4336,0.08005553996190429,0.0,0.08005553996190429,
4,260820,mixed,MIXED,PNND,4337,0.07039905205601826,0.0,0.07039905205601826,
4,260820,mixed,MIXED,PNND,4338,0.07532107643783092,0.0,0.07532107643783092,
4,260820,mixed,MIXED,PNND,4339,0.07842947077006102,0.0,0.07842947077006102,
4,260820,mixed,MIXED,PNND,4340,0.03016061964444816,0.0,0.03016061964444816,
4,260820,mixed,MIXED,PNND,4341,0.09413872985169291,0.0,0.09413872985169291,
4,260820,mixed,MIXED,PNND,4342,0.136421337723732,0.0,0.136421337723732,
4,260820,mixed,MIXED,PNND,4343,0.0706626963801682,0.0,0.0706626963801682,
4,260820,mixed,MIXED,PNND,4344,0.09963707253336906,0.0,0.09963707253336906,
4,260820,mixed,MIXED,PNND,4345,0.05289013357833028,0.0,0.05289013357833028,
4,260820,mixed,MIXED,PNND,4346,0.06964897928992286,0.0,0.06964897928992286,
4,260820,mixed,MIXED,PNND,4347,0.13819363294169307,0.0,0.13819363294169307,
4,260820,mixed,MIXED,PNND,4348,0.07664702646434307,0.0,0.07664702646434307,
4,260820,mixed,MIXED,PNND,4349,0.08322188584133983,0.0,0.08322188584133983,
4,260820,mixed,MIXED,PNND,4350,0.04917992418631911,0.0,0.04917992418631911,
4,260820,mixed,MIXED,PNND,4351,0.06848810374503955,0.0,0.06848810374503955,
4,260820,mixed,MIXED,PNND,4352,0.04177000094205141,0.0,0.04177000094205141,
4,260820,mixed,MIXED,PNND,4353,0.09078117553144693,0.0,0.09078117553144693,
4,260820,mixed,MIXED,PNND,4354,0.12811673618853092,0.0,0.12811673618853092,
4,260820,mixed,MIXED,PNND,4355,0.08180190529674292,0.0,0.08180190529674292,
4,260820,mixed,MIXED,PNND,4356,0.10762449633330107,0.0,0.10762449633330107,
4,260820,mixed,MIXED,PNND,4357,0.062029692344367504,0.0,0.062029692344367504,
4,260820,mixed,MIXED,PNND,4358,0.08783177006989717,0.0,0.08783177006989717,
4,260820,mixed,MIXED,PNND,4359,0.09950109757483006,0.0,0.09950109757483006,
4,260820,mixed,MIXED,PNND,4360,0.07645229669287801,0.0,0.07645229669287801,
4,260820,mixed,MIXED,PNND,4361,0.08511142339557409,0.0,0.08511142339557409,
4,260820,mixed,MIXED,PNND,4362,0.11411465983837843,0.0,0.11411465983837843,
4,260820,mixed,MIXED,PNND,4363,0.055811900179833174,0.0,0.055811900179833174,
4,260820,mixed,MIXED,PNND,4364,0.02889692469034344,0.0,0.02889692469034344,
4,260820,mixed,MIXED,PNND,4365,0.12018974684178829,0.0,0.12018974684178829,
4,260820,mixed,MIXED,PNND,4366,0.05735703278332949,0.0,0.05735703278332949,
4,260820,mixed,MIXED,PNND,4367,0.09934612456709146,0.0,0.09934612456709146,
4,260820,mixed,MIXED,PNND,4368,0.034453985979780555,0.0,0.034453985979780555,
4,260820,mixed,MIXED,PNND,4369,0.07026600698009133,0.0,0.07026600698009133,
4,260820,mixed,MIXED,PNND,4370,0.08534102002158761,0.0,0.08534102002158761,
4,260820,mixed,MIXED,PNND,4371,0.07660442357882857,0.0,0.07660442357882857,
4,260820,mixed,MIXED,PNND,4372,0.07524344138801098,0.0,0.07524344138801098,
4,260820,mixed,MIXED,PNND,4373,0.08584356773644686,0.0,0.08584356773644686,
4,260820,mixed,MIXED,PNND,4374,0.0882858457043767,0.0,0.0882858457043767,
4,260820,mixed,MIXED,PNND,4375,0.09752964414656162,0.0,0.09752964414656162,
4,260820,mixed,MIXED,PNND,4376,0.07952742627821863,0.0,0.07952742627821863,
4,260820,mixed,MIXED,PNND,4377,0.09487606305629015,0.0,0.09487606305629015,
4,260820,mixed,MIXED,PNND,4378,0.08877116441726685,0.0,0.08877116441726685,
4,260820,mixed,MIXED,PNND,4379,0.09700748417526484,0.0,0.09700748417526484,
4,260820,mixed,MIXED,PNND,4380,0.04699690220877528,0.0,0.04699690220877528,
4,260820,mixed,MIXED,PNND,4381,0.05414239410310984,0.0,0.05414239410310984,
4,260820,mixed,MIXED,PNND,4382,0.09343640925362706,0.0,0.09343640925362706,
4,260820,mixed,MIXED,PNND,4383,0.09452296793460846,0.0,0.09452296793460846,
4,260820,mixed,MIXED,PNND,4384,0.08043879689648747,0.0,0.08043879689648747,
4,260820,mixed,MIXED,PNND,4385,0.11548944376409054,0.0,0.11548944376409054,
4,260820,mixed,MIXED,PNND,4386,0.11419523600488901,0.0,0.11419523600488901,
4,260820,mixed,MIXED,PNND,4387,0.09549673972651362,0.0,0.09549673972651362,
4,260820,mixed,MIXED,PNND,4388,0.09216093132272363,0.0,0.09216093132272363,
4,260820,mixed,MIXED,PNND,4389,0.11155841359868646,0.0,0.11155841359868646,
4,260820,mixed,MIXED,PNND,4390,0.06275791930966079,0.0,0.06275791930966079,
4,260820,mixed,MIXED,PNND,4391,0.06450649409089237,0.0,0.06450649409089237,
4,260820,mixed,MIXED,PNND,4392,0.0617673231754452,0.0,0.0617673231754452,
4,260820,mixed,MIXED,PNND,4393,0.10374418646097183,0.0,0.10374418646097183,
4,260820,mixed,MIXED,PNND,4394,0.06876038480550051,0.0,0.06876038480550051,
4,260820,mixed,MIXED,PNND,4395,0.09254853893071413,0.0,0.09254853893071413,
4,260820,mixed,MIXED,PNND,4396,0.0890644509345293,0.0,0.0890644509345293,
4,260820,mixed,MIXED,PNND,4397,0.07503751828335226,0.0,0.07503751828335226,
4,260820,mixed,MIXED,PNND,4398,0.06142868846654892,0.0,0.06142868846654892,
4,260820,mixed,MIXED,PNND,4399,0.09769477834925056,0.0,0.09769477834925056,
4,260820,mixed,MIXED,PNND,4400,0.06633820373099297,0.0,0.06633820373099297,-0.9947964938347755
4,260820,mixed,MIXED,PNND,4401,0.0717646882403642,0.0,0.0717646882403642,
4,260820,mixed,MIXED,PNND,4402,0.057358384132385254,0.0,0.057358384132385254,
4,260820,mixed,MIXED,PNND,4403,0.07596678892150521,0.0,0.07596678892150521,
4,260820,mixed,MIXED,PNND,4404,0.09121417254209518,0.0,0.09121417254209518,
4,260820,mixed,MIXED,PNND,4405,0.12582194991409779,0.0,0.12582194991409779,
4,260820,mixed,MIXED,PNND,4406,0.1034585889428854,0.0,0.1034585889428854,
4,260820,mixed,MIXED,PNND,4407,0.05840955628082156,0.0,0.05840955628082156,
4,260820,mixed,MIXED,PNND,4408,0.09120396710932255,0.0,0.09120396710932255,
4,260820,mixed,MIXED,PNND,4409,0.06695653963834047,0.0,0.06695653963834047,
4,260820,mixed,MIXED,PNND,4410,0.05024038965348154,0.0,0.05024038965348154,
4,260820,mixed,MIXED,PNND,4411,0.1061105914413929,0.0,0.1061105914413929,
4,260820,mixed,MIXED,PNND,4412,0.06781731045339257,0.0,0.06781731045339257,
4,260820,mixed,MIXED,PNND,4413,0.07391828717663884,0.0,0.07391828717663884,
4,260820,mixed,MIXED,PNND,4414,0.03881061472930014,0.0,0.03881061472930014,
4,260820,mixed,MIXED,PNND,4415,0.07610972505062819,0.0,0.07610972505062819,
4,260820,mixed,MIXED,PNND,4416,0.0769709493033588,0.0,0.0769709493033588,
4,260820,mixed,MIXED,PNND,4417,0.10268879309296608,0.0,0.10268879309296608,
4,260820,mixed,MIXED,PNND,4418,0.07384323142468929,0.0,0.07384323142468929,
4,260820,mixed,MIXED,PNND,4419,0.11240176111459732,0.0,0.11240176111459732,
4,260820,mixed,MIXED,PNND,4420,0.09313929826021194,0.0,0.09313929826021194,
4,260820,mixed,MIXED,PNND,4421,0.12997491285204887,0.0,0.12997491285204887,
4,260820,mixed,MIXED,PNND,4422,0.07325818948447704,0.0,0.07325818948447704,
4,260820,mixed,MIXED,PNND,4423,0.08841829840093851,0.0,0.08841829840093851,
4,260820,mixed,MIXED,PNND,4424,0.09442744962871075,0.0,0.09442744962871075,
4,260820,mixed,MIXED,PNND,4425,0.05560253793373704,0.0,0.05560253793373704,
4,260820,mixed,MIXED,PNND,4426,0.12290172465145588,0.0,0.12290172465145588,
4,260820,mixed,MIXED,PNND,4427,0.04424913821276277,0.0,0.04424913821276277,
4,260820,mixed,MIXED,PNND,4428,0.11816473491489887,0.0,0.11816473491489887,
4,260820,mixed,MIXED,PNND,4429,0.06907329522073269,0.0,0.06907329522073269,
4,260820,mixed,MIXED,PNND,4430,0.09663252718746662,0.0,0.09663252718746662,
4,260820,mixed,MIXED,PNND,4431,0.04336044518277049,0.0,0.04336044518277049,
4,260820,mixed,MIXED,PNND,4432,0.11860101483762264,0.0,0.11860101483762264,
4,260820,mixed,MIXED,PNND,4433,0.10384962009266019,0.0,0.10384962009266019,
4,260820,mixed,MIXED,PNND,4434,0.047583235427737236,0.0,0.047583235427737236,
4,260820,mixed,MIXED,PNND,4435,0.12269547255709767,0.0,0.12269547255709767,
4,260820,mixed,MIXED,PNND,4436,0.07535212859511375,0.0,0.07535212859511375,
4,260820,mixed,MIXED,PNND,4437,0.08173632062971592,0.0,0.08173632062971592,
4,260820,mixed,MIXED,PNND,4438,0.06570157781243324,0.0,0.06570157781243324,
4,260820,mixed,MIXED,PNND,4439,0.10070537915453315,0.0,0.10070537915453315,
4,260820,mixed,MIXED,PNND,4440,0.1025774700101465,0.0,0.1025774700101465,
4,260820,mixed,MIXED,PNND,4441,0.08101070951670408,0.0,0.08101070951670408,
4,260820,mixed,MIXED,PNND,4442,0.058500293642282486,0.0,0.058500293642282486,
4,260820,mixed,MIXED,PNND,4443,0.09313555434346199,0.0,0.09313555434346199,
4,260820,mixed,MIXED,PNND,4444,0.09093227027915418,0.0,0.09093227027915418,
4,260820,mixed,MIXED,PNND,4445,0.059379881247878075,0.0,0.059379881247878075,
4,260820,mixed,MIXED,PNND,4446,0.0896761529147625,0.0,0.0896761529147625,
4,260820,mixed,MIXED,PNND,4447,0.13445046078413725,0.0,0.13445046078413725,
4,260820,mixed,MIXED,PNND,4448,0.048288535326719284,0.0,0.048288535326719284,
4,260820,mixed,MIXED,PNND,4449,0.05761008244007826,0.0,0.05761008244007826,
4,260820,mixed,MIXED,PNND,4450,0.06041206780355424,0.0,0.06041206780355424,
4,260820,mixed,MIXED,PNND,4451,0.06982258940115571,0.0,0.06982258940115571,
4,260820,mixed,MIXED,PNND,4452,0.09733772091567516,0.0,0.09733772091567516,
4,260820,mixed,MIXED,PNND,4453,0.11351096257567406,0.0,0.11351096257567406,
4,260820,mixed,MIXED,PNND,4454,0.07584968442097306,0.0,0.07584968442097306,
4,260820,mixed,MIXED,PNND,4455,0.11383389309048653,0.0,0.11383389309048653,
4,260820,mixed,MIXED,PNND,4456,0.06767316162586212,0.0,0.06767316162586212,
4,260820,mixed,MIXED,PNND,4457,0.1136801466345787,0.0,0.1136801466345787,
4,260820,mixed,MIXED,PNND,4458,0.035759500693529844,0.0,0.035759500693529844,
4,260820,mixed,MIXED,PNND,4459,0.08618226507678628,0.0,0.08618226507678628,
4,260820,mixed,MIXED,PNND,4460,0.09972600266337395,0.0,0.09972600266337395,
4,260820,mixed,MIXED,PNND,4461,0.11373049765825272,0.0,0.11373049765825272,
4,260820,mixed,MIXED,PNND,4462,0.14232482388615608,0.0,0.14232482388615608,
4,260820,mixed,MIXED,PNND,4463,0.09778519906103611,0.0,0.09778519906103611,
4,260820,mixed,MIXED,PNND,4464,0.13060662522912025,0.0,0.13060662522912025,
4,260820,mixed,MIXED,PNND,4465,0.0637584044598043,0.0,0.0637584044598043,
4,260820,mixed,MIXED,PNND,4466,0.10974102094769478,0.0,0.10974102094769478,
4,260820,mixed,MIXED,PNND,4467,0.10404054634273052,0.0,0.10404054634273052,
4,260820,mixed,MIXED,PNND,4468,0.0716474901419133,0.0,0.0716474901419133,
4,260820,mixed,MIXED,PNND,4469,0.16729171946644783,0.0,0.16729171946644783,
4,260820,mixed,MIXED,PNND,4470,0.0686168993706815,0.0,0.0686168993706815,
4,260820,mixed,MIXED,PNND,4471,0.08586524613201618,0.0,0.08586524613201618,
4,260820,mixed,MIXED,PNND,4472,0.04585418105125427,0.0,0.04585418105125427,
4,260820,mixed,MIXED,PNND,4473,0.07597124180756509,0.0,0.07597124180756509,
4,260820,mixed,MIXED,PNND,4474,0.06074046911089681,0.0,0.06074046911089681,
4,260820,mixed,MIXED,PNND,4475,0.11677517369389534,0.0,0.11677517369389534,
4,260820,mixed,MIXED,PNND,4476,0.06420286651700735,0.0,0.06420286651700735,
4,260820,mixed,MIXED,PNND,4477,0.03604521101806313,0.0,0.03604521101806313,
4,260820,mixed,MIXED,PNND,4478,0.08189792092889547,0.0,0.08189792092889547,
4,260820,mixed,MIXED,PNND,4479,0.07814207824412733,0.0,0.07814207824412733,
4,260820,mixed,MIXED,PNND,4480,0.1166516114026308,0.0,0.1166516114026308,
4,260820,mixed,MIXED,PNND,4481,0.09370814450085163,0.0,0.09370814450085163,
4,260820,mixed,MIXED,PNND,4482,0.10608484223484993,0.0,0.10608484223484993,
4,260820,mixed,MIXED,PNND,4483,0.03912321710959077,0.0,0.03912321710959077,
4,260820,mixed,MIXED,PNND,4484,0.09759444370865822,0.0,0.09759444370865822,
4,260820,mixed,MIXED,PNND,4485,0.07601824402809143,0.0,0.07601824402809143,
4,260820,mixed,MIXED,PNND,4486,0.10331220179796219,0.0,0.10331220179796219,
4,260820,mixed,MIXED,PNND,4487,0.06837018392980099,0.0,0.06837018392980099,
4,260820,mixed,MIXED,PNND,4488,0.11580310948193073,0.0,0.11580310948193073,
4,260820,mixed,MIXED,PNND,4489,0.0737127410247922,0.0,0.0737127410247922,
4,260820,mixed,MIXED,PNND,4490,0.05834214575588703,0.0,0.05834214575588703,
4,260820,mixed,MIXED,PNND,4491,0.09383711544796824,0.0,0.09383711544796824,
4,260820,mixed,MIXED,PNND,4492,0.0891638956964016,0.0,0.0891638956964016,
4,260820,mixed,MIXED,PNND,4493,0.08639554306864738,0.0,0.08639554306864738,
4,260820,mixed,MIXED,PNND,4494,0.08322541858069599,0.0,0.08322541858069599,
4,260820,mixed,MIXED,PNND,4495,0.11364351026713848,0.0,0.11364351026713848,
4,260820,mixed,MIXED,PNND,4496,0.038485452183522284,0.0,0.038485452183522284,
4,260820,mixed,MIXED,PNND,4497,0.05589978815987706,0.0,0.05589978815987706,
4,260820,mixed,MIXED,PNND,4498,0.09811944421380758,0.0,0.09811944421380758,
4,260820,mixed,MIXED,PNND,4499,0.03799772751517594,0.0,0.03799772751517594,
4,260820,mixed,MIXED,PNND,4500,0.11062726192176342,0.0,0.11062726192176342,
4,260820,mixed,MIXED,PNND,4501,0.03312621056102216,0.0,0.03312621056102216,
4,260820,mixed,MIXED,PNND,4502,0.11053537018597126,0.0,0.11053537018597126,
4,260820,mixed,MIXED,PNND,4503,0.09362585004419088,0.0,0.09362585004419088,
4,260820,mixed,MIXED,PNND,4504,0.06529707286972553,0.0,0.06529707286972553,
4,260820,mixed,MIXED,PNND,4505,0.0673189852386713,0.0,0.0673189852386713,
4,260820,mixed,MIXED,PNND,4506,0.11817591264843941,0.0,0.11817591264843941,
4,260820,mixed,MIXED,PNND,4507,0.0807132450863719,0.0,0.0807132450863719,
4,260820,mixed,MIXED,PNND,4508,0.07432902968139388,0.0,0.07432902968139388,
4,260820,mixed,MIXED,PNND,4509,0.07515752594918013,0.0,0.07515752594918013,
4,260820,mixed,MIXED,PNND,4510,0.10431120172142982,0.0,0.10431120172142982,
4,260820,mixed,MIXED,PNND,4511,0.1233725305646658,0.0,0.1233725305646658,
4,260820,mixed,MIXED,PNND,4512,0.055941165424883366,0.0,0.055941165424883366,
4,260820,mixed,MIXED,PNND,4513,0.05913717963267118,0.0,0.05913717963267118,
4,260820,mixed,MIXED,PNND,4514,0.11720981076359749,0.0,0.11720981076359749,
4,260820,mixed,MIXED,PNND,4515,0.10846556164324284,0.0,0.10846556164324284,
4,260820,mixed,MIXED,PNND,4516,0.09520006272941828,0.0,0.09520006272941828,
4,260820,mixed,MIXED,PNND,4517,0.07312240684404969,0.0,0.07312240684404969,
4,260820,mixed,MIXED,PNND,4518,0.10064373258501291,0.0,0.10064373258501291,
4,260820,mixed,MIXED,PNND,4519,0.09920584131032228,0.0,0.09920584131032228,
4,260820,mixed,MIXED,PNND,4520,0.10484598577022552,0.0,0.10484598577022552,
4,260820,mixed,MIXED,PNND,4521,0.09517180547118187,0.0,0.09517180547118187,
4,260820,mixed,MIXED,PNND,4522,0.054717051330953836,0.0,0.054717051330953836,
4,260820,mixed,MIXED,PNND,4523,0.06294975243508816,0.0,0.06294975243508816,
4,260820,mixed,MIXED,PNND,4524,0.08276209374889731,0.0,0.08276209374889731,
4,260820,mixed,MIXED,PNND,4525,0.11202938295900822,0.0,0.11202938295900822,
4,260820,mixed,MIXED,PNND,4526,0.0883880159817636,0.0,0.0883880159817636,
4,260820,mixed,MIXED,PNND,4527,0.08224896714091301,0.0,0.08224896714091301,
4,260820,mixed,MIXED,PNND,4528,0.04904889897443354,0.0,0.04904889897443354,
4,260820,mixed,MIXED,PNND,4529,0.044849815079942346,0.0,0.044849815079942346,
4,260820,mixed,MIXED,PNND,4530,0.08305955585092306,0.0,0.08305955585092306,
4,260820,mixed,MIXED,PNND,4531,0.07503768987953663,0.0,0.07503768987953663,
4,260820,mixed,MIXED,PNND,4532,0.1409699972718954,0.0,0.1409699972718954,
4,260820,mixed,MIXED,PNND,4533,0.056704327929764986,0.0,0.056704327929764986,
4,260820,mixed,MIXED,PNND,4534,0.07962768129073083,0.0,0.07962768129073083,
4,260820,mixed,MIXED,PNND,4535,0.06656274199485779,0.0,0.06656274199485779,
4,260820,mixed,MIXED,PNND,4536,0.09507841896265745,0.0,0.09507841896265745,
4,260820,mixed,MIXED,PNND,4537,0.10449188994243741,0.0,0.10449188994243741,
4,260820,mixed,MIXED,PNND,4538,0.10747631639242172,0.0,0.10747631639242172,
4,260820,mixed,MIXED,PNND,4539,0.1264297221787274,0.0,0.1264297221787274,
4,260820,mixed,MIXED,PNND,4540,0.08463669288903475,0.0,0.08463669288903475,
4,260820,mixed,MIXED,PNND,4541,0.10720393946394324,0.0,0.10720393946394324,
4,260820,mixed,MIXED,PNND,4542,0.07769860792905092,0.0,0.07769860792905092,
4,260820,mixed,MIXED,PNND,4543,0.07351810322143137,0.0,0.07351810322143137,
4,260820,mixed,MIXED,PNND,4544,0.10013374127447605,0.0,0.10013374127447605,
4,260820,mixed,MIXED,PNND,4545,0.06796195358037949,0.0,0.06796195358037949,
4,260820,mixed,MIXED,PNND,4546,0.09063082002103329,0.0,0.09063082002103329,
4,260820,mixed,MIXED,PNND,4547,0.08854106534272432,0.0,0.08854106534272432,
4,260820,mixed,MIXED,PNND,4548,0.05713490815833211,0.0,0.05713490815833211,
4,260820,mixed,MIXED,PNND,4549,0.0558752347715199,0.0,0.0558752347715199,
4,260820,mixed,MIXED,PNND,4550,0.056653636740520597,0.0,0.056653636740520597,
4,260820,mixed,MIXED,PNND,4551,0.04511026665568352,0.0,0.04511026665568352,
4,260820,mixed,MIXED,PNND,4552,0.09708246402442455,0.0,0.09708246402442455,
4,260820,mixed,MIXED,PNND,4553,0.10501142591238022,0.0,0.10501142591238022,
4,260820,mixed,MIXED,PNND,4554,0.12207446666434407,0.0,0.12207446666434407,
4,260820,mixed,MIXED,PNND,4555,0.06479581538587809,0.0,0.06479581538587809,
4,260820,mixed,MIXED,PNND,4556,0.09373174700886011,0.0,0.09373174700886011,
4,260820,mixed,MIXED,PNND,4557,0.13948521576821804,0.0,0.13948521576821804,
4,260820,mixed,MIXED,PNND,4558,0.08880297397263348,0.0,0.08880297397263348,
4,260820,mixed,MIXED,PNND,4559,0.1058667479082942,0.0,0.1058667479082942,
4,260820,mixed,MIXED,PNND,4560,0.09808564931154251,0.0,0.09808564931154251,
4,260820,mixed,MIXED,PNND,4561,0.047045867424458265,0.0,0.047045867424458265,
4,260820,mixed,MIXED,PNND,4562,0.08725804463028908,0.0,0.08725804463028908,
4,260820,mixed,MIXED,PNND,4563,0.1064971158048138,0.0,0.1064971158048138,
4,260820,mixed,MIXED,PNND,4564,0.1128294300287962,0.0,0.1128294300287962,
4,260820,mixed,MIXED,PNND,4565,0.05228523560799658,0.0,0.05228523560799658,
4,260820,mixed,MIXED,PNND,4566,0.03521106252446771,0.0,0.03521106252446771,
4,260820,mixed,MIXED,PNND,4567,0.04826799198053777,0.0,0.04826799198053777,
4,260820,mixed,MIXED,PNND,4568,0.0799327278509736,0.0,0.0799327278509736,
4,260820,mixed,MIXED,PNND,4569,0.1104846834205091,0.0,0.1104846834205091,
4,260820,mixed,MIXED,PNND,4570,0.08911005593836308,0.0,0.08911005593836308,
4,260820,mixed,MIXED,PNND,4571,0.061734394170343876,0.0,0.061734394170343876,
4,260820,mixed,MIXED,PNND,4572,0.10607430338859558,0.0,0.10607430338859558,
4,260820,mixed,MIXED,PNND,4573,0.08797350025270134,0.0,0.08797350025270134,
4,260820,mixed,MIXED,PNND,4574,0.050110261887311935,0.0,0.050110261887311935,
4,260820,mixed,MIXED,PNND,4575,0.07672587945125997,0.0,0.07672587945125997,
4,260820,mixed,MIXED,PNND,4576,0.052484131418168545,0.0,0.052484131418168545,
4,260820,mixed,MIXED,PNND,4577,0.10274712275713682,0.0,0.10274712275713682,
4,260820,mixed,MIXED,PNND,4578,0.12612334452569485,0.0,0.12612334452569485,
4,260820,mixed,MIXED,PNND,4579,0.0792083889245987,0.0,0.0792083889245987,
4,260820,mixed,MIXED,PNND,4580,0.09518198412843049,0.0,0.09518198412843049,
4,260820,mixed,MIXED,PNND,4581,0.0916107558296062,0.0,0.0916107558296062,
4,260820,mixed,MIXED,PNND,4582,0.10846616141498089,0.0,0.10846616141498089,
4,260820,mixed,MIXED,PNND,4583,0.10160146746784449,0.0,0.10160146746784449,
4,260820,mixed,MIXED,PNND,4584,0.06632080301642418,0.0,0.06632080301642418,
4,260820,mixed,MIXED,PNND,4585,0.0829866505227983,0.0,0.0829866505227983,
4,260820,mixed,MIXED,PNND,4586,0.12794706132262945,0.0,0.12794706132262945,
4,260820,mixed,MIXED,PNND,4587,0.1010691411793232,0.0,0.1010691411793232,
4,260820,mixed,MIXED,PNND,4588,0.06238914933055639,0.0,0.06238914933055639,
4,260820,mixed,MIXED,PNND,4589,0.06697476049885154,0.0,0.06697476049885154,
4,260820,mixed,MIXED,PNND,4590,0.0846738163381815,0.0,0.0846738163381815,
4,260820,mixed,MIXED,PNND,4591,0.07397232670336962,0.0,0.07397232670336962,
4,260820,mixed,MIXED,PNND,4592,0.10300859436392784,0.0,0.10300859436392784,
4,260820,mixed,MIXED,PNND,4593,0.10635956935584545,0.0,0.10635956935584545,
4,260820,mixed,MIXED,PNND,4594,0.07799162529408932,0.0,0.07799162529408932,
4,260820,mixed,MIXED,PNND,4595,0.07554703066125512,0.0,0.07554703066125512,
4,260820,mixed,MIXED,PNND,4596,0.06658519897609949,0.0,0.06658519897609949,
4,260820,mixed,MIXED,PNND,4597,0.08958309330046177,0.0,0.08958309330046177,
4,260820,mixed,MIXED,PNND,4598,0.13448155671358109,0.0,0.13448155671358109,
4,260820,mixed,MIXED,PNND,4599,0.11610746942460537,0.0,0.11610746942460537,
4,260820,mixed,MIXED,PNND,4600,0.06318349798675627,0.0,0.06318349798675627,-1.0063660634244536
4,260820,mixed,MIXED,PNND,4601,0.10131083056330681,0.0,0.10131083056330681,
4,260820,mixed,MIXED,PNND,4602,0.07970437733456492,0.0,0.07970437733456492,
4,260820,mixed,MIXED,PNND,4603,0.09573101066052914,0.0,0.09573101066052914,
4,260820,mixed,MIXED,PNND,4604,0.08771015284582973,0.0,0.08771015284582973,
4,260820,mixed,MIXED,PNND,4605,0.09269702504388988,0.0,0.09269702504388988,
4,260820,mixed,MIXED,PNND,4606,0.08742218441329896,0.0,0.08742218441329896,
4,260820,mixed,MIXED,PNND,4607,0.1089854221791029,0.0,0.1089854221791029,
4,260820,mixed,MIXED,PNND,4608,0.07296090945601463,0.0,0.07296090945601463,
4,260820,mixed,MIXED,PNND,4609,0.11663466226309538,0.0,0.11663466226309538,
4,260820,mixed,MIXED,PNND,4610,0.0871201204136014,0.0,0.0871201204136014,
4,260820,mixed,MIXED,PNND,4611,0.06880330463172868,0.0,0.06880330463172868,
4,260820,mixed,MIXED,PNND,4612,0.08189320843666792,0.0,0.08189320843666792,
4,260820,mixed,MIXED,PNND,4613,0.11317537724971771,0.0,0.11317537724971771,
4,260820,mixed,MIXED,PNND,4614,0.08535505493637174,0.0,0.08535505493637174,
4,260820,mixed,MIXED,PNND,4615,0.05186454113572836,0.0,0.05186454113572836,
4,260820,mixed,MIXED,PNND,4616,0.11488680308684707,0.0,0.11488680308684707,
4,260820,mixed,MIXED,PNND,4617,0.08679715171456337,0.0,0.08679715171456337,
4,260820,mixed,MIXED,PNND,4618,0.07324009900912642,0.0,0.07324009900912642,
4,260820,mixed,MIXED,PNND,4619,0.09728004597127438,0.0,0.09728004597127438,
4,260820,mixed,MIXED,PNND,4620,0.07896901154890656,0.0,0.07896901154890656,
4,260820,mixed,MIXED,PNND,4621,0.050518269184976816,0.0,0.050518269184976816,
4,260820,mixed,MIXED,PNND,4622,0.07771813683211803,0.0,0.07771813683211803,
4,260820,mixed,MIXED,PNND,4623,0.10084752272814512,0.0,0.10084752272814512,
4,260820,mixed,MIXED,PNND,4624,0.04019261756911874,0.0,0.04019261756911874,
4,260820,mixed,MIXED,PNND,4625,0.11567558255046606,0.0,0.11567558255046606,
4,260820,mixed,MIXED,PNND,4626,0.09857745934277773,0.0,0.09857745934277773,
4,260820,mixed,MIXED,PNND,4627,0.12221893854439259,0.0,0.12221893854439259,
4,260820,mixed,MIXED,PNND,4628,0.07294171454850584,0.0,0.07294171454850584,
4,260820,mixed,MIXED,PNND,4629,0.053023819578811526,0.0,0.053023819578811526,
4,260820,mixed,MIXED,PNND,4630,0.045891533489339054,0.0,0.045891533489339054,
4,260820,mixed,MIXED,PNND,4631,0.08836595294997096,0.0,0.08836595294997096,
4,260820,mixed,MIXED,PNND,4632,0.12316233664751053,0.0,0.12316233664751053,
4,260820,mixed,MIXED,PNND,4633,0.08351211994886398,0.0,0.08351211994886398,
4,260820,mixed,MIXED,PNND,4634,0.07133216597139835,0.0,0.07133216597139835,
4,260820,mixed,MIXED,PNND,4635,0.04591247404459864,0.0,0.04591247404459864,
4,260820,mixed,MIXED,PNND,4636,0.048796602233778685,0.0,0.048796602233778685,
4,260820,mixed,MIXED,PNND,4637,0.09736781939864159,0.0,0.09736781939864159,
4,260820,mixed,MIXED,PNND,4638,0.07957727368921041,0.0,0.07957727368921041,
4,260820,mixed,MIXED,PNND,4639,0.04857643460854888,0.0,0.04857643460854888,
4,260820,mixed,MIXED,PNND,4640,0.07535222079604864,0.0,0.07535222079604864,
4,260820,mixed,MIXED,PNND,4641,0.10432057280559093,0.0,0.10432057280559093,
4,260820,mixed,MIXED,PNND,4642,0.06624265853315592,0.0,0.06624265853315592,
4,260820,mixed,MIXED,PNND,4643,0.054795342177385464,0.0,0.054795342177385464,
4,260820,mixed,MIXED,PNND,4644,0.05049244000110775,0.0,0.05049244000110775,
4,260820,mixed,MIXED,PNND,4645,0.1332814320921898,0.0,0.1332814320921898,
4,260820,mixed,MIXED,PNND,4646,0.07968674693256617,0.0,0.07968674693256617,
4,260820,mixed,MIXED,PNND,4647,0.11913324147462845,0.0,0.11913324147462845,
4,260820,mixed,MIXED,PNND,4648,0.06687877979129553,0.0,0.06687877979129553,
4,260820,mixed,MIXED,PNND,4649,0.13222543522715569,0.0,0.13222543522715569,
4,260820,mixed,MIXED,PNND,4650,0.08152631996199489,0.0,0.08152631996199489,
4,260820,mixed,MIXED,PNND,4651,0.1133941919542849,0.0,0.1133941919542849,
4,260820,mixed,MIXED,PNND,4652,0.09768243692815304,0.0,0.09768243692815304,
4,260820,mixed,MIXED,PNND,4653,0.03743000514805317,0.0,0.03743000514805317,
4,260820,mixed,MIXED,PNND,4654,0.08751352038234472,0.0,0.08751352038234472,
4,260820,mixed,MIXED,PNND,4655,0.10569678246974945,0.0,0.10569678246974945,
4,260820,mixed,MIXED,PNND,4656,0.06341275223530829,0.0,0.06341275223530829,
4,260820,mixed,MIXED,PNND,4657,0.04903837735764682,0.0,0.04903837735764682,
4,260820,mixed,MIXED,PNND,4658,0.1028650680091232,0.0,0.1028650680091232,
4,260820,mixed,MIXED,PNND,4659,0.08694835565984249,0.0,0.08694835565984249,
4,260820,mixed,MIXED,PNND,4660,0.1040279446169734,0.0,0.1040279446169734,
4,260820,mixed,MIXED,PNND,4661,0.06752510741353035,0.0,0.06752510741353035,
4,260820,mixed,MIXED,PNND,4662,0.0886254534125328,0.0,0.0886254534125328,
4,260820,mixed,MIXED,PNND,4663,0.06818577140802518,0.0,0.06818577140802518,
4,260820,mixed,MIXED,PNND,4664,0.06592217099387199,0.0,0.06592217099387199,
4,260820,mixed,MIXED,PNND,4665,0.05729064531624317,0.0,0.05729064531624317,
4,260820,mixed,MIXED,PNND,4666,0.07706223428249359,0.0,0.07706223428249359,
4,260820,mixed,MIXED,PNND,4667,0.08233373146504164,0.0,0.08233373146504164,
4,260820,mixed,MIXED,PNND,4668,0.08821284305304289,0.0,0.08821284305304289,
4,260820,mixed,MIXED,PNND,4669,0.0659361332654953,0.0,0.0659361332654953,
4,260820,mixed,MIXED,PNND,4670,0.05837944953236729,0.0,0.05837944953236729,
4,260820,mixed,MIXED,PNND,4671,0.130654938519001,0.0,0.130654938519001,
4,260820,mixed,MIXED,PNND,4672,0.1053693350404501,0.0,0.1053693350404501,
4,260820,mixed,MIXED,PNND,4673,0.09739799611270428,0.0,0.09739799611270428,
4,260820,mixed,MIXED,PNND,4674,0.06026062881574035,0.0,0.06026062881574035,
4,260820,mixed,MIXED,PNND,4675,0.10837656504008919,0.0,0.10837656504008919,
4,260820,mixed,MIXED,PNND,4676,0.07965463399887085,0.0,0.07965463399887085,
4,260820,mixed,MIXED,PNND,4677,0.06493046879768372,0.0,0.06493046879768372,
4,260820,mixed,MIXED,PNND,4678,0.10893157869577408,0.0,0.10893157869577408,
4,260820,mixed,MIXED,PNND,4679,0.06598523538559675,0.0,0.06598523538559675,
4,260820,mixed,MIXED,PNND,4680,0.0511350748129189,0.0,0.0511350748129189,
4,260820,mixed,MIXED,PNND,4681,0.07212950382381678,0.0,0.07212950382381678,
4,260820,mixed,MIXED,PNND,4682,0.07725142687559128,0.0,0.07725142687559128,
4,260820,mixed,MIXED,PNND,4683,0.10105718718841672,0.0,0.10105718718841672,
4,260820,mixed,MIXED,PNND,4684,0.11329444590955973,0.0,0.11329444590955973,
4,260820,mixed,MIXED,PNND,4685,0.04685203544795513,0.0,0.04685203544795513,
4,260820,mixed,MIXED,PNND,4686,0.06427876371890306,0.0,0.06427876371890306,
4,260820,mixed,MIXED,PNND,4687,0.08697628718800843,0.0,0.08697628718800843,
4,260820,mixed,MIXED,PNND,4688,0.05548981262836605,0.0,0.05548981262836605,
4,260820,mixed,MIXED,PNND,4689,0.038056726567447186,0.0,0.038056726567447186,
4,260820,mixed,MIXED,PNND,4690,0.06040410464629531,0.0,0.06040410464629531,
4,260820,mixed,MIXED,PNND,4691,0.08483122568577528,0.0,0.08483122568577528,
4,260820,mixed,MIXED,PNND,4692,0.05874949786812067,0.0,0.05874949786812067,
4,260820,mixed,MIXED,PNND,4693,0.0623875439632684,0.0,0.0623875439632684,
4,260820,mixed,MIXED,PNND,4694,0.04392419848591089,0.0,0.04392419848591089,
4,260820,mixed,MIXED,PNND,4695,0.1027025543153286,0.0,0.1027025543153286,
4,260820,mixed,MIXED,PNND,4696,0.02796474238857627,0.0,0.02796474238857627,
4,260820,mixed,MIXED,PNND,4697,0.07701787760015577,0.0,0.07701787760015577,
4,260820,mixed,MIXED,PNND,4698,0.073496307246387,0.0,0.073496307246387,
4,260820,mixed,MIXED,PNND,4699,0.050023102667182684,0.0,0.050023102667182684,
4,260820,mixed,MIXED,PNND,4700,0.07495260052382946,0.0,0.07495260052382946,
4,260820,mixed,MIXED,PNND,4701,0.09637509472668171,0.0,0.09637509472668171,
4,260820,mixed,MIXED,PNND,4702,0.08303702250123024,0.0,0.08303702250123024,
4,260820,mixed,MIXED,PNND,4703,0.08815094083547592,0.0,0.08815094083547592,
4,260820,mixed,MIXED,PNND,4704,0.07497328042518348,0.0,0.07497328042518348,
4,260820,mixed,MIXED,PNND,4705,0.09049105428857729,0.0,0.09049105428857729,
4,260820,mixed,MIXED,PNND,4706,0.12170010805130005,0.0,0.12170010805130005,
4,260820,mixed,MIXED,PNND,4707,0.10120509844273329,0.0,0.10120509844273329,
4,260820,mixed,MIXED,PNND,4708,0.05212175427004695,0.0,0.05212175427004695,
4,260820,mixed,MIXED,PNND,4709,0.05121955671347678,0.0,0.05121955671347678,
4,260820,mixed,MIXED,PNND,4710,0.08290621545165777,0.0,0.08290621545165777,
4,260820,mixed,MIXED,PNND,4711,0.07996913592796773,0.0,0.07996913592796773,
4,260820,mixed,MIXED,PNND,4712,0.07282772101461887,0.0,0.07282772101461887,
4,260820,mixed,MIXED,PNND,4713,0.08131898590363562,0.0,0.08131898590363562,
4,260820,mixed,MIXED,PNND,4714,0.09188484400510788,0.0,0.09188484400510788,
4,260820,mixed,MIXED,PNND,4715,0.06141324248164892,0.0,0.06141324248164892,
4,260820,mixed,MIXED,PNND,4716,0.025096101919189095,0.0,0.025096101919189095,
4,260820,mixed,MIXED,PNND,4717,0.04360488732345402,0.0,0.04360488732345402,
4,260820,mixed,MIXED,PNND,4718,0.11927198618650436,0.0,0.11927198618650436,
4,260820,mixed,MIXED,PNND,4719,0.11417065933346748,0.0,0.11417065933346748,
4,260820,mixed,MIXED,PNND,4720,0.0704655833542347,0.0,0.0704655833542347,
4,260820,mixed,MIXED,PNND,4721,0.08979179663583636,0.0,0.08979179663583636,
4,260820,mixed,MIXED,PNND,4722,0.07573930639773607,0.0,0.07573930639773607,
4,260820,mixed,MIXED,PNND,4723,0.08653274714015424,0.0,0.08653274714015424,
4,260820,mixed,MIXED,PNND,4724,0.07870594225823879,0.0,0.07870594225823879,
4,260820,mixed,MIXED,PNND,4725,0.06968558020889759,0.0,0.06968558020889759,
4,260820,mixed,MIXED,PNND,4726,0.08864014316350222,0.0,0.08864014316350222,
4,260820,mixed,MIXED,PNND,4727,0.06241306895390153,0.0,0.06241306895390153,
4,260820,mixed,MIXED,PNND,4728,0.1515384465456009,0.0,0.1515384465456009,
4,260820,mixed,MIXED,PNND,4729,0.06874777830671519,0.0,0.06874777830671519,
4,260820,mixed,MIXED,PNND,4730,0.10045794770121574,0.0,0.10045794770121574,
4,260820,mixed,MIXED,PNND,4731,0.046499359887093306,0.0,0.046499359887093306,
4,260820,mixed,MIXED,PNND,4732,0.07586694427300245,0.0,0.07586694427300245,
4,260820,mixed,MIXED,PNND,4733,0.06781082635279745,0.0,0.06781082635279745,
4,260820,mixed,MIXED,PNND,4734,0.04515872267074883,0.0,0.04515872267074883,
4,260820,mixed,MIXED,PNND,4735,0.08229115605354309,0.0,0.08229115605354309,
4,260820,mixed,MIXED,PNND,4736,0.05935980565845966,0.0,0.05935980565845966,
4,260820,mixed,MIXED,PNND,4737,0.10675282217562199,0.0,0.10675282217562199,
4,260820,mixed,MIXED,PNND,4738,0.03675429991562851,0.0,0.03675429991562851,
4,260820,mixed,MIXED,PNND,4739,0.09497559443116188,0.0,0.09497559443116188,
4,260820,mixed,MIXED,PNND,4740,0.05862138140946627,0.0,0.05862138140946627,
4,260820,mixed,MIXED,PNND,4741,0.10877223871648312,0.0,0.10877223871648312,
4,260820,mixed,MIXED,PNND,4742,0.04538239841349423,0.0,0.04538239841349423,
4,260820,mixed,MIXED,PNND,4743,0.05461637582629919,0.0,0.05461637582629919,
4,260820,mixed,MIXED,PNND,4744,0.0870048813521862,0.0,0.0870048813521862,
4,260820,mixed,MIXED,PNND,4745,0.07460393710061908,0.0,0.07460393710061908,
4,260820,mixed,MIXED,PNND,4746,0.11384806409478188,0.0,0.11384806409478188,
4,260820,mixed,MIXED,PNND,4747,0.07629770878702402,0.0,0.07629770878702402,
4,260820,mixed,MIXED,PNND,4748,0.07794635370373726,0.0,0.07794635370373726,
4,260820,mixed,MIXED,PNND,4749,0.06945546308998019,0.0,0.06945546308998019,
4,260820,mixed,MIXED,PNND,4750,0.07582944445312023,0.0,0.07582944445312023,
4,260820,mixed,MIXED,PNND,4751,0.07566255796700716,0.0,0.07566255796700716,
4,260820,mixed,MIXED,PNND,4752,0.028603830840438604,0.0,0.028603830840438604,
4,260820,mixed,MIXED,PNND,4753,0.07567130867391825,0.0,0.07567130867391825,
4,260820,mixed,MIXED,PNND,4754,0.03191253822296858,0.0,0.03191253822296858,
4,260820,mixed,MIXED,PNND,4755,0.09621990914456546,0.0,0.09621990914456546,
4,260820,mixed,MIXED,PNND,4756,0.0970655009150505,0.0,0.0970655009150505,
4,260820,mixed,MIXED,PNND,4757,0.06486682407557964,0.0,0.06486682407557964,
4,260820,mixed,MIXED,PNND,4758,0.07641134411096573,0.0,0.07641134411096573,
4,260820,mixed,MIXED,PNND,4759,0.05597079126164317,0.0,0.05597079126164317,
4,260820,mixed,MIXED,PNND,4760,0.08729076106101274,0.0,0.08729076106101274,
4,260820,mixed,MIXED,PNND,4761,0.10733945667743683,0.0,0.10733945667743683,
4,260820,mixed,MIXED,PNND,4762,0.05225347547093406,0.0,0.05225347547093406,
4,260820,mixed,MIXED,PNND,4763,0.10076677426695824,0.0,0.10076677426695824,
4,260820,mixed,MIXED,PNND,4764,0.022233199793845415,0.0,0.022233199793845415,
4,260820,mixed,MIXED,PNND,4765,0.0600928608328104,0.0,0.0600928608328104,
4,260820,mixed,MIXED,PNND,4766,0.10537118185311556,0.0,0.10537118185311556,
4,260820,mixed,MIXED,PNND,4767,0.07776344195008278,0.0,0.07776344195008278,
4,260820,mixed,MIXED,PNND,4768,0.04123913962393999,0.0,0.04123913962393999,
4,260820,mixed,MIXED,PNND,4769,0.09441572427749634,0.0,0.09441572427749634,
4,260820,mixed,MIXED,PNND,4770,0.07996862684376538,0.0,0.07996862684376538,
4,260820,mixed,MIXED,PNND,4771,0.05785902461502701,0.0,0.05785902461502701,
4,260820,mixed,MIXED,PNND,4772,0.06792042683809996,0.0,0.06792042683809996,
4,260820,mixed,MIXED,PNND,4773,0.10648658219724894,0.0,0.10648658219724894,
4,260820,mixed,MIXED,PNND,4774,0.08321147225797176,0.0,0.08321147225797176,
4,260820,mixed,MIXED,PNND,4775,0.08477288484573364,0.0,0.08477288484573364,
4,260820,mixed,MIXED,PNND,4776,0.08463317155838013,0.0,0.08463317155838013,
4,260820,mixed,MIXED,PNND,4777,0.09712245780974627,0.0,0.09712245780974627,
4,260820,mixed,MIXED,PNND,4778,0.10434393305331469,0.0,0.10434393305331469,
4,260820,mixed,MIXED,PNND,4779,0.08324693888425827,0.0,0.08324693888425827,
4,260820,mixed,MIXED,PNND,4780,0.047843990731053054,0.0,0.047843990731053054,
4,260820,mixed,MIXED,PNND,4781,0.06425394024699926,0.0,0.06425394024699926,
4,260820,mixed,MIXED,PNND,4782,0.09046654682606459,0.0,0.09046654682606459,
4,260820,mixed,MIXED,PNND,4783,0.09738700464367867,0.0,0.09738700464367867,
4,260820,mixed,MIXED,PNND,4784,0.06461204588413239,0.0,0.06461204588413239,
4,260820,mixed,MIXED,PNND,4785,0.08465052209794521,0.0,0.08465052209794521,
4,260820,mixed,MIXED,PNND,4786,0.04055490379687399,0.0,0.04055490379687399,
4,260820,mixed,MIXED,PNND,4787,0.08533638808876276,0.0,0.08533638808876276,
4,260820,mixed,MIXED,PNND,4788,0.10755056980997324,0.0,0.10755056980997324,
4,260820,mixed,MIXED,PNND,4789,0.10925675462931395,0.0,0.10925675462931395,
4,260820,mixed,MIXED,PNND,4790,0.09966432861983776,0.0,0.09966432861983776,
4,260820,mixed,MIXED,PNND,4791,0.05944293411448598,0.0,0.05944293411448598,
4,260820,mixed,MIXED,PNND,4792,0.05598587723216042,0.0,0.05598587723216042,
4,260820,mixed,MIXED,PNND,4793,0.06943659670650959,0.0,0.06943659670650959,
4,260820,mixed,MIXED,PNND,4794,0.11973557434976101,0.0,0.11973557434976101,
4,260820,mixed,MIXED,PNND,4795,0.1409240011125803,0.0,0.1409240011125803,
4,260820,mixed,MIXED,PNND,4796,0.06722539756447077,0.0,0.06722539756447077,
4,260820,mixed,MIXED,PNND,4797,0.054118705447763205,0.0,0.054118705447763205,
4,260820,mixed,MIXED,PNND,4798,0.05241597630083561,0.0,0.05241597630083561,
4,260820,mixed,MIXED,PNND,4799,0.06545093562453985,0.0,0.06545093562453985,
4,260820,mixed,MIXED,PNND,4800,0.10370820667594671,0.0,0.10370820667594671,-1.0160980023730235
4,260820,mixed,MIXED,PNND,4801,0.06591149140149355,0.0,0.06591149140149355,
4,260820,mixed,MIXED,PNND,4802,0.05983831826597452,0.0,0.05983831826597452,
4,260820,mixed,MIXED,PNND,4803,0.048864477314054966,0.0,0.048864477314054966,
4,260820,mixed,MIXED,PNND,4804,0.08283666521310806,0.0,0.08283666521310806,
4,260820,mixed,MIXED,PNND,4805,0.10500015411525965,0.0,0.10500015411525965,
4,260820,mixed,MIXED,PNND,4806,0.10372889693826437,0.0,0.10372889693826437,
4,260820,mixed,MIXED,PNND,4807,0.10670890938490629,0.0,0.10670890938490629,
4,260820,mixed,MIXED,PNND,4808,0.11671668384224176,0.0,0.11671668384224176,
4,260820,mixed,MIXED,PNND,4809,0.1048153517767787,0.0,0.1048153517767787,
4,260820,mixed,MIXED,PNND,4810,0.07349703926593065,0.0,0.07349703926593065,
4,260820,mixed,MIXED,PNND,4811,0.09884980879724026,0.0,0.09884980879724026,
4,260820,mixed,MIXED,PNND,4812,0.12345676025142893,0.0,0.12345676025142893,
4,260820,mixed,MIXED,PNND,4813,0.08590018842369318,0.0,0.08590018842369318,
4,260820,mixed,MIXED,PNND,4814,0.06152693659532815,0.0,0.06152693659532815,
4,260820,mixed,MIXED,PNND,4815,0.08929780300240964,0.0,0.08929780300240964,
4,260820,mixed,MIXED,PNND,4816,0.06235695071518421,0.0,0.06235695071518421,
4,260820,mixed,MIXED,PNND,4817,0.09672459494322538,0.0,0.09672459494322538,
4,260820,mixed,MIXED,PNND,4818,0.15227572806179523,0.0,0.15227572806179523,
4,260820,mixed,MIXED,PNND,4819,0.04113860847428441,0.0,0.04113860847428441,
4,260820,mixed,MIXED,PNND,4820,0.07020189706236124,0.0,0.07020189706236124,
4,260820,mixed,MIXED,PNND,4821,0.07041733339428902,0.0,0.07041733339428902,
4,260820,mixed,MIXED,PNND,4822,0.038664864376187325,0.0,0.038664864376187325,
4,260820,mixed,MIXED,PNND,4823,0.11777788633480668,0.0,0.11777788633480668,
4,260820,mixed,MIXED,PNND,4824,0.042792574036866426,0.0,0.042792574036866426,
4,260820,mixed,MIXED,PNND,4825,0.059117838740348816,0.0,0.059117838740348816,
4,260820,mixed,MIXED,PNND,4826,0.09133071592077613,0.0,0.09133071592077613,
4,260820,mixed,MIXED,PNND,4827,0.11375796142965555,0.0,0.11375796142965555,
4,260820,mixed,MIXED,PNND,4828,0.0809132307767868,0.0,0.0809132307767868,
4,260820,mixed,MIXED,PNND,4829,0.08464639727026224,0.0,0.08464639727026224,
4,260820,mixed,MIXED,PNND,4830,0.10144564043730497,0.0,0.10144564043730497,
4,260820,mixed,MIXED,PNND,4831,0.0335268609051127,0.0,0.0335268609051127,
4,260820,mixed,MIXED,PNND,4832,0.08208114071749151,0.0,0.08208114071749151,
4,260820,mixed,MIXED,PNND,4833,0.10193121619522572,0.0,0.10193121619522572,
4,260820,mixed,MIXED,PNND,4834,0.09595592506229877,0.0,0.09595592506229877,
4,260820,mixed,MIXED,PNND,4835,0.07820515998173505,0.0,0.07820515998173505,
4,260820,mixed,MIXED,PNND,4836,0.10295469127595425,0.0,0.10295469127595425,
4,260820,mixed,MIXED,PNND,4837,0.05648038676008582,0.0,0.05648038676008582,
4,260820,mixed,MIXED,PNND,4838,0.08072164095938206,0.0,0.08072164095938206,
4,260820,mixed,MIXED,PNND,4839,0.11427348107099533,0.0,0.11427348107099533,
4,260820,mixed,MIXED,PNND,4840,0.05064482241868973,0.0,0.05064482241868973,
4,260820,mixed,MIXED,PNND,4841,0.09448984079062939,0.0,0.09448984079062939,
4,260820,mixed,MIXED,PNND,4842,0.06495723745319992,0.0,0.06495723745319992,
4,260820,mixed,MIXED,PNND,4843,0.08574151620268822,0.0,0.08574151620268822,
4,260820,mixed,MIXED,PNND,4844,0.041664984775707126,0.0,0.041664984775707126,
4,260820,mixed,MIXED,PNND,4845,0.10187122225761414,0.0,0.10187122225761414,
4,260820,mixed,MIXED,PNND,4846,0.09271025168709457,0.0,0.09271025168709457,
4,260820,mixed,MIXED,PNND,4847,0.10062972828745842,0.0,0.10062972828745842,
4,260820,mixed,MIXED,PNND,4848,0.11413213238120079,0.0,0.11413213238120079,
4,260820,mixed,MIXED,PNND,4849,0.06635120860300958,0.0,0.06635120860300958,
4,260820,mixed,MIXED,PNND,4850,0.03808415122330189,0.0,0.03808415122330189,
4,260820,mixed,MIXED,PNND,4851,0.10732141137123108,0.0,0.10732141137123108,
4,260820,mixed,MIXED,PNND,4852,0.0435177618637681,0.0,0.0435177618637681,
4,260820,mixed,MIXED,PNND,4853,0.06842536572366953,0.0,0.06842536572366953,
4,260820,mixed,MIXED,PNND,4854,0.03762577340239659,0.0,0.03762577340239659,
4,260820,mixed,MIXED,PNND,4855,0.10861303750425577,0.0,0.10861303750425577,
4,260820,mixed,MIXED,PNND,4856,0.08901089057326317,0.0,0.08901089057326317,
4,260820,mixed,MIXED,PNND,4857,0.15060871466994286,0.0,0.15060871466994286,
4,260820,mixed,MIXED,PNND,4858,0.07752711023204029,0.0,0.07752711023204029,
4,260820,mixed,MIXED,PNND,4859,0.06427592225372791,0.0,0.06427592225372791,
4,260820,mixed,MIXED,PNND,4860,0.10725641995668411,0.0,0.10725641995668411,
4,260820,mixed,MIXED,PNND,4861,0.12475550174713135,0.0,0.12475550174713135,
4,260820,mixed,MIXED,PNND,4862,0.06719182978849858,0.0,0.06719182978849858,
4,260820,mixed,MIXED,PNND,4863,0.027373138174880296,0.0,0.027373138174880296,
4,260820,mixed,MIXED,PNND,4864,0.13590512052178383,0.0,0.13590512052178383,
4,260820,mixed,MIXED,PNND,4865,0.09492528811097145,0.0,0.09492528811097145,
4,260820,mixed,MIXED,PNND,4866,0.06061508087441325,0.0,0.06061508087441325,
4,260820,mixed,MIXED,PNND,4867,0.0769394189119339,0.0,0.0769394189119339,
4,260820,mixed,MIXED,PNND,4868,0.04724741727113724,0.0,0.04724741727113724,
4,260820,mixed,MIXED,PNND,4869,0.04357841471210122,0.0,0.04357841471210122,
4,260820,mixed,MIXED,PNND,4870,0.06925950106233358,0.0,0.06925950106233358,
4,260820,mixed,MIXED,PNND,4871,0.09718904411420226,0.0,0.09718904411420226,
4,260820,mixed,MIXED,PNND,4872,0.08967461157590151,0.0,0.08967461157590151,
4,260820,mixed,MIXED,PNND,4873,0.08268879167735577,0.0,0.08268879167735577,
4,260820,mixed,MIXED,PNND,4874,0.07565825153142214,0.0,0.07565825153142214,
4,260820,mixed,MIXED,PNND,4875,0.12411738932132721,0.0,0.12411738932132721,
4,260820,mixed,MIXED,PNND,4876,0.07011669687926769,0.0,0.07011669687926769,
4,260820,mixed,MIXED,PNND,4877,0.09230459108948708,0.0,0.09230459108948708,
4,260820,mixed,MIXED,PNND,4878,0.09385567181743681,0.0,0.09385567181743681,
4,260820,mixed,MIXED,PNND,4879,0.04922694223932922,0.0,0.04922694223932922,
4,260820,mixed,MIXED,PNND,4880,0.1174229308962822,0.0,0.1174229308962822,
4,260820,mixed,MIXED,PNND,4881,0.10440306551754475,0.0,0.10440306551754475,
4,260820,mixed,MIXED,PNND,4882,0.04751165583729744,0.0,0.04751165583729744,
4,260820,mixed,MIXED,PNND,4883,0.10107363201677799,0.0,0.10107363201677799,
4,260820,mixed,MIXED,PNND,4884,0.12273586168885231,0.0,0.12273586168885231,
4,260820,mixed,MIXED,PNND,4885,0.05271366285160184,0.0,0.05271366285160184,
4,260820,mixed,MIXED,PNND,4886,0.07545950234634802,0.0,0.07545950234634802,
4,260820,mixed,MIXED,PNND,4887,0.13316675275564194,0.0,0.13316675275564194,
4,260820,mixed,MIXED,PNND,4888,0.09395948168821633,0.0,0.09395948168821633,
4,260820,mixed,MIXED,PNND,4889,0.08019672322552651,0.0,0.08019672322552651,
4,260820,mixed,MIXED,PNND,4890,0.05672076856717467,0.0,0.05672076856717467,
4,260820,mixed,MIXED,PNND,4891,0.028930427972227335,0.0,0.028930427972227335,
4,260820,mixed,MIXED,PNND,4892,0.06904848571866751,0.0,0.06904848571866751,
4,260820,mixed,MIXED,PNND,4893,0.06014545209472999,0.0,0.06014545209472999,
4,260820,mixed,MIXED,PNND,4894,0.0905191358178854,0.0,0.0905191358178854,
4,260820,mixed,MIXED,PNND,4895,0.09438671171665192,0.0,0.09438671171665192,
4,260820,mixed,MIXED,PNND,4896,0.15458475798368454,0.0,0.15458475798368454,
4,260820,mixed,MIXED,PNND,4897,0.12223511561751366,0.0,0.12223511561751366,
4,260820,mixed,MIXED,PNND,4898,0.10792160034179688,0.0,0.10792160034179688,
4,260820,mixed,MIXED,PNND,4899,0.10918509401381016,0.0,0.10918509401381016,
4,260820,mixed,MIXED,PNND,4900,0.1126375145977363,0.0,0.1126375145977363,
4,260820,mixed,MIXED,PNND,4901,0.1280106883496046,0.0,0.1280106883496046,
4,260820,mixed,MIXED,PNND,4902,0.06711961887776852,0.0,0.06711961887776852,
4,260820,mixed,MIXED,PNND,4903,0.0564731708727777,0.0,0.0564731708727777,
4,260820,mixed,MIXED,PNND,4904,0.0951095032505691,0.0,0.0951095032505691,
4,260820,mixed,MIXED,PNND,4905,0.055333597876597196,0.0,0.055333597876597196,
4,260820,mixed,MIXED,PNND,4906,0.09486405737698078,0.0,0.09486405737698078,
4,260820,mixed,MIXED,PNND,4907,0.12900120206177235,0.0,0.12900120206177235,
4,260820,mixed,MIXED,PNND,4908,0.11763583868741989,0.0,0.11763583868741989,
4,260820,mixed,MIXED,PNND,4909,0.10028353426605463,0.0,0.10028353426605463,
4,260820,mixed,MIXED,PNND,4910,0.05669269897043705,0.0,0.05669269897043705,
4,260820,mixed,MIXED,PNND,4911,0.08641577698290348,0.0,0.08641577698290348,
4,260820,mixed,MIXED,PNND,4912,0.11813965692999773,0.0,0.11813965692999773,
4,260820,mixed,MIXED,PNND,4913,0.07609904371201992,0.0,0.07609904371201992,
4,260820,mixed,MIXED,PNND,4914,0.07612057123333216,0.0,0.07612057123333216,
4,260820,mixed,MIXED,PNND,4915,0.07102990965358913,0.0,0.07102990965358913,
4,260820,mixed,MIXED,PNND,4916,0.07883394783129916,0.0,0.07883394783129916,
4,260820,mixed,MIXED,PNND,4917,0.09168335236608982,0.0,0.09168335236608982,
4,260820,mixed,MIXED,PNND,4918,0.07344750594347715,0.0,0.07344750594347715,
4,260820,mixed,MIXED,PNND,4919,0.07415698654949665,0.0,0.07415698654949665,
4,260820,mixed,MIXED,PNND,4920,0.0402167197316885,0.0,0.0402167197316885,
4,260820,mixed,MIXED,PNND,4921,0.06581040238961577,0.0,0.06581040238961577,
4,260820,mixed,MIXED,PNND,4922,0.12568286806344986,0.0,0.12568286806344986,
4,260820,mixed,MIXED,PNND,4923,0.07687762007117271,0.0,0.07687762007117271,
4,260820,mixed,MIXED,PNND,4924,0.055748241022229195,0.0,0.055748241022229195,
4,260820,mixed,MIXED,PNND,4925,0.08214784227311611,0.0,0.08214784227311611,
4,260820,mixed,MIXED,PNND,4926,0.08718826249241829,0.0,0.08718826249241829,
4,260820,mixed,MIXED,PNND,4927,0.1264420822262764,0.0,0.1264420822262764,
4,260820,mixed,MIXED,PNND,4928,0.04011746169999242,0.0,0.04011746169999242,
4,260820,mixed,MIXED,PNND,4929,0.08564426377415657,0.0,0.08564426377415657,
4,260820,mixed,MIXED,PNND,4930,0.0938818259164691,0.0,0.0938818259164691,
4,260820,mixed,MIXED,PNND,4931,0.10588643071241677,0.0,0.10588643071241677,
4,260820,mixed,MIXED,PNND,4932,0.11429786682128906,0.0,0.11429786682128906,
4,260820,mixed,MIXED,PNND,4933,0.09709822945296764,0.0,0.09709822945296764,
4,260820,mixed,MIXED,PNND,4934,0.07859044335782528,0.0,0.07859044335782528,
4,260820,mixed,MIXED,PNND,4935,0.050205366453155875,0.0,0.050205366453155875,
4,260820,mixed,MIXED,PNND,4936,0.09617015533149242,0.0,0.09617015533149242,
4,260820,mixed,MIXED,PNND,4937,0.06791111105121672,0.0,0.06791111105121672,
4,260820,mixed,MIXED,PNND,4938,0.11352232843637466,0.0,0.11352232843637466,
4,260820,mixed,MIXED,PNND,4939,0.07577837177086622,0.0,0.07577837177086622,
4,260820,mixed,MIXED,PNND,4940,0.08573381276801229,0.0,0.08573381276801229,
4,260820,mixed,MIXED,PNND,4941,0.11954823695123196,0.0,0.11954823695123196,
4,260820,mixed,MIXED,PNND,4942,0.07603279175236821,0.0,0.07603279175236821,
4,260820,mixed,MIXED,PNND,4943,0.0713723823428154,0.0,0.0713723823428154,
4,260820,mixed,MIXED,PNND,4944,0.09813156351447105,0.0,0.09813156351447105,
4,260820,mixed,MIXED,PNND,4945,0.05520524177700281,0.0,0.05520524177700281,
4,260820,mixed,MIXED,PNND,4946,0.08337680250406265,0.0,0.08337680250406265,
4,260820,mixed,MIXED,PNND,4947,0.0587616809643805,0.0,0.0587616809643805,
4,260820,mixed,MIXED,PNND,4948,0.08076950255781412,0.0,0.08076950255781412,
4,260820,mixed,MIXED,PNND,4949,0.0949026404414326,0.0,0.0949026404414326,
4,260820,mixed,MIXED,PNND,4950,0.10949269402772188,0.0,0.10949269402772188,
4,260820,mixed,MIXED,PNND,4951,0.11047847010195255,0.0,0.11047847010195255,
4,260820,mixed,MIXED,PNND,4952,0.07511093653738499,0.0,0.07511093653738499,
4,260820,mixed,MIXED,PNND,4953,0.02459784204256721,0.0,0.02459784204256721,
4,260820,mixed,MIXED,PNND,4954,0.06897850311361253,0.0,0.06897850311361253,
4,260820,mixed,MIXED,PNND,4955,0.047023660503327847,0.0,0.047023660503327847,
4,260820,mixed,MIXED,PNND,4956,0.0807195418747142,0.0,0.0807195418747142,
4,260820,mixed,MIXED,PNND,4957,0.0851264949887991,0.0,0.0851264949887991,
4,260820,mixed,MIXED,PNND,4958,0.07677181996405125,0.0,0.07677181996405125,
4,260820,mixed,MIXED,PNND,4959,0.09878230281174183,0.0,0.09878230281174183,
4,260820,mixed,MIXED,PNND,4960,0.13161518052220345,0.0,0.13161518052220345,
4,260820,mixed,MIXED,PNND,4961,0.04414685466326773,0.0,0.04414685466326773,
4,260820,mixed,MIXED,PNND,4962,0.13376119546592236,0.0,0.13376119546592236,
4,260820,mixed,MIXED,PNND,4963,0.10385253094136715,0.0,0.10385253094136715,
4,260820,mixed,MIXED,PNND,4964,0.0944770472124219,0.0,0.0944770472124219,
4,260820,mixed,MIXED,PNND,4965,0.07856732606887817,0.0,0.07856732606887817,
4,260820,mixed,MIXED,PNND,4966,0.07098454982042313,0.0,0.07098454982042313,
4,260820,mixed,MIXED,PNND,4967,0.06852516764774919,0.0,0.06852516764774919,
4,260820,mixed,MIXED,PNND,4968,0.06648375373333693,0.0,0.06648375373333693,
4,260820,mixed,MIXED,PNND,4969,0.043964868993498385,0.0,0.043964868993498385,
4,260820,mixed,MIXED,PNND,4970,0.08367077773436904,0.0,0.08367077773436904,
4,260820,mixed,MIXED,PNND,4971,0.06445565458852798,0.0,0.06445565458852798,
4,260820,mixed,MIXED,PNND,4972,0.0320426355174277,0.0,0.0320426355174277,
4,260820,mixed,MIXED,PNND,4973,0.09266713820397854,0.0,0.09266713820397854,
4,260820,mixed,MIXED,PNND,4974,0.08541232161223888,0.0,0.08541232161223888,
4,260820,mixed,MIXED,PNND,4975,0.08562391996383667,0.0,0.08562391996383667,
4,260820,mixed,MIXED,PNND,4976,0.08965931460261345,0.0,0.08965931460261345,
4,260820,mixed,MIXED,PNND,4977,0.09408023208379745,0.0,0.09408023208379745,
4,260820,mixed,MIXED,PNND,4978,0.09030529484152794,0.0,0.09030529484152794,
4,260820,mixed,MIXED,PNND,4979,0.10383946727961302,0.0,0.10383946727961302,
4,260820,mixed,MIXED,PNND,4980,0.1101581659168005,0.0,0.1101581659168005,
4,260820,mixed,MIXED,PNND,4981,0.11299001891165972,0.0,0.11299001891165972,
4,260820,mixed,MIXED,PNND,4982,0.048527181847020984,0.0,0.048527181847020984,
4,260820,mixed,MIXED,PNND,4983,0.0569824269041419,0.0,0.0569824269041419,
4,260820,mixed,MIXED,PNND,4984,0.059800451155751944,0.0,0.059800451155751944,
4,260820,mixed,MIXED,PNND,4985,0.06984466779977083,0.0,0.06984466779977083,
4,260820,mixed,MIXED,PNND,4986,0.11848537996411324,0.0,0.11848537996411324,
4,260820,mixed,MIXED,PNND,4987,0.08494242012966424,0.0,0.08494242012966424,
4,260820,mixed,MIXED,PNND,4988,0.10824226681143045,0.0,0.10824226681143045,
4,260820,mixed,MIXED,PNND,4989,0.06549275107681751,0.0,0.06549275107681751,
4,260820,mixed,MIXED,PNND,4990,0.07139726169407368,0.0,0.07139726169407368,
4,260820,mixed,MIXED,PNND,4991,0.10159536730498075,0.0,0.10159536730498075,
4,260820,mixed,MIXED,PNND,4992,0.07893804687773809,0.0,0.07893804687773809,
4,260820,mixed,MIXED,PNND,4993,0.07506482861936092,0.0,0.07506482861936092,
4,260820,mixed,MIXED,PNND,4994,0.10792540526017547,0.0,0.10792540526017547,
4,260820,mixed,MIXED,PNND,4995,0.07681763474829495,0.0,0.07681763474829495,
4,260820,mixed,MIXED,PNND,4996,0.06649031676352024,0.0,0.06649031676352024,
4,260820,mixed,MIXED,PNND,4997,0.10735348518937826,0.0,0.10735348518937826,
4,260820,mixed,MIXED,PNND,4998,0.11621344648301601,0.0,0.11621344648301601,
4,260820,mixed,MIXED,PNND,4999,0.06278522033244371,0.0,0.06278522033244371,
4,260820,mixed,MIXED,PNND,5000,0.056840899866074324,0.0,0.056840899866074324,-1.0224696307320753
4,260820,mixed,MIXED,PNND,5001,0.07477249391376972,0.0,0.07477249391376972,
4,260820,mixed,MIXED,PNND,5002,0.11113232560455799,0.0,0.11113232560455799,
4,260820,mixed,MIXED,PNND,5003,0.09466157667338848,0.0,0.09466157667338848,
4,260820,mixed,MIXED,PNND,5004,0.11277077160775661,0.0,0.11277077160775661,
4,260820,mixed,MIXED,PNND,5005,0.02953958319267258,0.0,0.02953958319267258,
4,260820,mixed,MIXED,PNND,5006,0.05441476055420935,0.0,0.05441476055420935,
4,260820,mixed,MIXED,PNND,5007,0.10490294825285673,0.0,0.10490294825285673,
4,260820,mixed,MIXED,PNND,5008,0.10042634885758162,0.0,0.10042634885758162,
4,260820,mixed,MIXED,PNND,5009,0.10780350118875504,0.0,0.10780350118875504,
4,260820,mixed,MIXED,PNND,5010,0.11068745888769627,0.0,0.11068745888769627,
4,260820,mixed,MIXED,PNND,5011,0.07998352684080601,0.0,0.07998352684080601,
4,260820,mixed,MIXED,PNND,5012,0.11942711658775806,0.0,0.11942711658775806,
4,260820,mixed,MIXED,PNND,5013,0.06798703339882195,0.0,0.06798703339882195,
4,260820,mixed,MIXED,PNND,5014,0.08648676984012127,0.0,0.08648676984012127,
4,260820,mixed,MIXED,PNND,5015,0.1337773483246565,0.0,0.1337773483246565,
4,260820,mixed,MIXED,PNND,5016,0.06497250869870186,0.0,0.06497250869870186,
4,260820,mixed,MIXED,PNND,5017,0.07297795230988413,0.0,0.07297795230988413,
4,260820,mixed,MIXED,PNND,5018,0.10034302156418562,0.0,0.10034302156418562,
4,260820,mixed,MIXED,PNND,5019,0.06028443668037653,0.0,0.06028443668037653,
4,260820,mixed,MIXED,PNND,5020,0.07375052594579756,0.0,0.07375052594579756,
4,260820,mixed,MIXED,PNND,5021,0.07512198318727314,0.0,0.07512198318727314,
4,260820,mixed,MIXED,PNND,5022,0.08632785081863403,0.0,0.08632785081863403,
4,260820,mixed,MIXED,PNND,5023,0.12087190337479115,0.0,0.12087190337479115,
4,260820,mixed,MIXED,PNND,5024,0.06868332240264863,0.0,0.06868332240264863,
4,260820,mixed,MIXED,PNND,5025,0.10461784340441227,0.0,0.10461784340441227,
4,260820,mixed,MIXED,PNND,5026,0.08627138007432222,0.0,0.08627138007432222,
4,260820,mixed,MIXED,PNND,5027,0.049072678200900555,0.0,0.049072678200900555,
4,260820,mixed,MIXED,PNND,5028,0.05550704384222627,0.0,0.05550704384222627,
4,260820,mixed,MIXED,PNND,5029,0.06819093134254217,0.0,0.06819093134254217,
4,260820,mixed,MIXED,PNND,5030,0.06740131287369877,0.0,0.06740131287369877,
4,260820,mixed,MIXED,PNND,5031,0.06478155683726072,0.0,0.06478155683726072,
4,260820,mixed,MIXED,PNND,5032,0.08814792148768902,0.0,0.08814792148768902,
4,260820,mixed,MIXED,PNND,5033,0.046760437719058245,0.0,0.046760437719058245,
4,260820,mixed,MIXED,PNND,5034,0.0754493111744523,0.0,0.0754493111744523,
4,260820,mixed,MIXED,PNND,5035,0.04748772433958948,0.0,0.04748772433958948,
4,260820,mixed,MIXED,PNND,5036,0.06308567197993398,0.0,0.06308567197993398,
4,260820,mixed,MIXED,PNND,5037,0.07118649454787374,0.0,0.07118649454787374,
4,260820,mixed,MIXED,PNND,5038,0.07380912790540606,0.0,0.07380912790540606,
4,260820,mixed,MIXED,PNND,5039,0.06480075512081385,0.0,0.06480075512081385,
4,260820,mixed,MIXED,PNND,5040,0.071323252748698,0.0,0.071323252748698,
4,260820,mixed,MIXED,PNND,5041,0.07267485046759248,0.0,0.07267485046759248,
4,260820,mixed,MIXED,PNND,5042,0.0743859177455306,0.0,0.0743859177455306,
4,260820,mixed,MIXED,PNND,5043,0.04397918743779883,0.0,0.04397918743779883,
4,260820,mixed,MIXED,PNND,5044,0.09161137277260423,0.0,0.09161137277260423,
4,260820,mixed,MIXED,PNND,5045,0.06515743397176266,0.0,0.06515743397176266,
4,260820,mixed,MIXED,PNND,5046,0.06047123018652201,0.0,0.06047123018652201,
4,260820,mixed,MIXED,PNND,5047,0.06839776900596917,0.0,0.06839776900596917,
4,260820,mixed,MIXED,PNND,5048,0.04706184705719352,0.0,0.04706184705719352,
4,260820,mixed,MIXED,PNND,5049,0.06410922389477491,0.0,0.06410922389477491,
4,260820,mixed,MIXED,PNND,5050,0.04380396427586675,0.0,0.04380396427586675,
4,260820,mixed,MIXED,PNND,5051,0.052280048839747906,0.0,0.052280048839747906,
4,260820,mixed,MIXED,PNND,5052,0.05631902255117893,0.0,0.05631902255117893,
4,260820,mixed,MIXED,PNND,5053,0.03672859934158623,0.0,0.03672859934158623,
4,260820,mixed,MIXED,PNND,5054,0.049029009183868766,0.0,0.049029009183868766,
4,260820,mixed,MIXED,PNND,5055,0.11522935703396797,0.0,0.11522935703396797,
4,260820,mixed,MIXED,PNND,5056,0.026816770434379578,0.0,0.026816770434379578,
4,260820,mixed,MIXED,PNND,5057,0.07619291788432747,0.0,0.07619291788432747,
4,260820,mixed,MIXED,PNND,5058,0.08722754381597042,0.0,0.08722754381597042,
4,260820,mixed,MIXED,PNND,5059,0.037685076938942075,0.0,0.037685076938942075,
4,260820,mixed,MIXED,PNND,5060,0.06155172525905073,0.0,0.06155172525905073,
4,260820,mixed,MIXED,PNND,5061,0.05512636806815863,0.0,0.05512636806815863,
4,260820,mixed,MIXED,PNND,5062,0.034847365925088525,0.0,0.034847365925088525,
4,260820,mixed,MIXED,PNND,5063,0.05337025737389922,0.0,0.05337025737389922,
4,260820,mixed,MIXED,PNND,5064,0.12696216255426407,0.0,0.12696216255426407,
4,260820,mixed,MIXED,PNND,5065,0.12002799659967422,0.0,0.12002799659967422,
4,260820,mixed,MIXED,PNND,5066,0.08080119546502829,0.0,0.08080119546502829,
4,260820,mixed,MIXED,PNND,5067,0.07871234137564898,0.0,0.07871234137564898,
4,260820,mixed,MIXED,PNND,5068,0.047124536242336035,0.0,0.047124536242336035,
4,260820,mixed,MIXED,PNND,5069,0.0771059151738882,0.0,0.0771059151738882,
4,260820,mixed,MIXED,PNND,5070,0.11155334673821926,0.0,0.11155334673821926,
4,260820,mixed,MIXED,PNND,5071,0.08747288677841425,0.0,0.08747288677841425,
4,260820,mixed,MIXED,PNND,5072,0.10339644574560225,0.0,0.10339644574560225,
4,260820,mixed,MIXED,PNND,5073,0.10554902069270611,0.0,0.10554902069270611,
4,260820,mixed,MIXED,PNND,5074,0.0887300269678235,0.0,0.0887300269678235,
4,260820,mixed,MIXED,PNND,5075,0.05001022294163704,0.0,0.05001022294163704,
4,260820,mixed,MIXED,PNND,5076,0.09950139187276363,0.0,0.09950139187276363,
4,260820,mixed,MIXED,PNND,5077,0.15401312336325645,0.0,0.15401312336325645,
4,260820,mixed,MIXED,PNND,5078,0.12125975266098976,0.0,0.12125975266098976,
4,260820,mixed,MIXED,PNND,5079,0.08781014755368233,0.0,0.08781014755368233,
4,260820,mixed,MIXED,PNND,5080,0.07005154923535883,0.0,0.07005154923535883,
4,260820,mixed,MIXED,PNND,5081,0.1303447037935257,0.0,0.1303447037935257,
4,260820,mixed,MIXED,PNND,5082,0.09856770187616348,0.0,0.09856770187616348,
4,260820,mixed,MIXED,PNND,5083,0.04175158415455371,0.0,0.04175158415455371,
4,260820,mixed,MIXED,PNND,5084,0.13787664473056793,0.0,0.13787664473056793,
4,260820,mixed,MIXED,PNND,5085,0.08450603438541293,0.0,0.08450603438541293,
4,260820,mixed,MIXED,PNND,5086,0.08628537179902196,0.0,0.08628537179902196,
4,260820,mixed,MIXED,PNND,5087,0.09344033850356936,0.0,0.09344033850356936,
4,260820,mixed,MIXED,PNND,5088,0.09134576562792063,0.0,0.09134576562792063,
4,260820,mixed,MIXED,PNND,5089,0.05261774081736803,0.0,0.05261774081736803,
4,260820,mixed,MIXED,PNND,5090,0.09379884460940957,0.0,0.09379884460940957,
4,260820,mixed,MIXED,PNND,5091,0.06641023140400648,0.0,0.06641023140400648,
4,260820,mixed,MIXED,PNND,5092,0.1077883318066597,0.0,0.1077883318066597,
4,260820,mixed,MIXED,PNND,5093,0.07395975291728973,0.0,0.07395975291728973,
4,260820,mixed,MIXED,PNND,5094,0.10358997900038958,0.0,0.10358997900038958,
4,260820,mixed,MIXED,PNND,5095,0.08328061550855637,0.0,0.08328061550855637,
4,260820,mixed,MIXED,PNND,5096,0.06654052599333227,0.0,0.06654052599333227,
4,260820,mixed,MIXED,PNND,5097,0.06292477995157242,0.0,0.06292477995157242,
4,260820,mixed,MIXED,PNND,5098,0.08941792650148273,0.0,0.08941792650148273,
4,260820,mixed,MIXED,PNND,5099,0.09493967145681381,0.0,0.09493967145681381,
4,260820,mixed,MIXED,PNND,5100,0.118602205067873,0.0,0.118602205067873,
4,260820,mixed,MIXED,PNND,5101,0.1065833349712193,0.0,0.1065833349712193,
4,260820,mixed,MIXED,PNND,5102,0.061897783540189266,0.0,0.061897783540189266,
4,260820,mixed,MIXED,PNND,5103,0.03022831946145743,0.0,0.03022831946145743,
4,260820,mixed,MIXED,PNND,5104,0.06148521963041276,0.0,0.06148521963041276,
4,260820,mixed,MIXED,PNND,5105,0.07553296629339457,0.0,0.07553296629339457,
4,260820,mixed,MIXED,PNND,5106,0.12380276434123516,0.0,0.12380276434123516,
4,260820,mixed,MIXED,PNND,5107,0.09406401077285409,0.0,0.09406401077285409,
4,260820,mixed,MIXED,PNND,5108,0.06015336513519287,0.0,0.06015336513519287,
4,260820,mixed,MIXED,PNND,5109,0.10004108306020498,0.0,0.10004108306020498,
4,260820,mixed,MIXED,PNND,5110,0.08610324282199144,0.0,0.08610324282199144,
4,260820,mixed,MIXED,PNND,5111,0.06762117194011807,0.0,0.06762117194011807,
4,260820,mixed,MIXED,PNND,5112,0.09315574401989579,0.0,0.09315574401989579,
4,260820,mixed,MIXED,PNND,5113,0.08788300398737192,0.0,0.08788300398737192,
4,260820,mixed,MIXED,PNND,5114,0.10348560474812984,0.0,0.10348560474812984,
4,260820,mixed,MIXED,PNND,5115,0.07743786787614226,0.0,0.07743786787614226,
4,260820,mixed,MIXED,PNND,5116,0.08945969492197037,0.0,0.08945969492197037,
4,260820,mixed,MIXED,PNND,5117,0.09973087720572948,0.0,0.09973087720572948,
4,260820,mixed,MIXED,PNND,5118,0.06071097982930951,0.0,0.06071097982930951,
4,260820,mixed,MIXED,PNND,5119,0.02743589412420988,0.0,0.02743589412420988,
4,260820,mixed,MIXED,PNND,5120,0.09179462119936943,0.0,0.09179462119936943,
4,260820,mixed,MIXED,PNND,5121,0.09168599173426628,0.0,0.09168599173426628,
4,260820,mixed,MIXED,PNND,5122,0.042890623677521944,0.0,0.042890623677521944,
4,260820,mixed,MIXED,PNND,5123,0.0811017882078886,0.0,0.0811017882078886,
4,260820,mixed,MIXED,PNND,5124,0.035612949228379875,0.0,0.035612949228379875,
4,260820,mixed,MIXED,PNND,5125,0.12463259138166904,0.0,0.12463259138166904,
4,260820,mixed,MIXED,PNND,5126,0.07050662743858993,0.0,0.07050662743858993,
4,260820,mixed,MIXED,PNND,5127,0.042223361786454916,0.0,0.042223361786454916,
4,260820,mixed,MIXED,PNND,5128,0.08304190821945667,0.0,0.08304190821945667,
4,260820,mixed,MIXED,PNND,5129,0.036348132067359984,0.0,0.036348132067359984,
4,260820,mixed,MIXED,PNND,5130,0.07284734584391117,0.0,0.07284734584391117,
4,260820,mixed,MIXED,PNND,5131,0.08792344410903752,0.0,0.08792344410903752,
4,260820,mixed,MIXED,PNND,5132,0.09251965722069144,0.0,0.09251965722069144,
4,260820,mixed,MIXED,PNND,5133,0.07133331894874573,0.0,0.07133331894874573,
4,260820,mixed,MIXED,PNND,5134,0.055229367688298225,0.0,0.055229367688298225,
4,260820,mixed,MIXED,PNND,5135,0.09966380149126053,0.0,0.09966380149126053,
4,260820,mixed,MIXED,PNND,5136,0.08424685429781675,0.0,0.08424685429781675,
4,260820,mixed,MIXED,PNND,5137,0.09394247364252806,0.0,0.09394247364252806,
4,260820,mixed,MIXED,PNND,5138,0.09022399038076401,0.0,0.09022399038076401,
4,260820,mixed,MIXED,PNND,5139,0.10054228268563747,0.0,0.10054228268563747,
4,260820,mixed,MIXED,PNND,5140,0.09679319337010384,0.0,0.09679319337010384,
4,260820,mixed,MIXED,PNND,5141,0.07486403919756413,0.0,0.07486403919756413,
4,260820,mixed,MIXED,PNND,5142,0.04170379805145785,0.0,0.04170379805145785,
4,260820,mixed,MIXED,PNND,5143,0.08365315245464444,0.0,0.08365315245464444,
4,260820,mixed,MIXED,PNND,5144,0.06138189695775509,0.0,0.06138189695775509,
4,260820,mixed,MIXED,PNND,5145,0.10505757294595242,0.0,0.10505757294595242,
4,260820,mixed,MIXED,PNND,5146,0.08933865651488304,0.0,0.08933865651488304,
4,260820,mixed,MIXED,PNND,5147,0.08480745740234852,0.0,0.08480745740234852,
4,260820,mixed,MIXED,PNND,5148,0.09721628483384848,0.0,0.09721628483384848,
4,260820,mixed,MIXED,PNND,5149,0.07359926542267203,0.0,0.07359926542267203,
4,260820,mixed,MIXED,PNND,5150,0.09080903604626656,0.0,0.09080903604626656,
4,260820,mixed,MIXED,PNND,5151,0.11086741462349892,0.0,0.11086741462349892,
4,260820,mixed,MIXED,PNND,5152,0.08473034482449293,0.0,0.08473034482449293,
4,260820,mixed,MIXED,PNND,5153,0.1010104138404131,0.0,0.1010104138404131,
4,260820,mixed,MIXED,PNND,5154,0.08037003688514233,0.0,0.08037003688514233,
4,260820,mixed,MIXED,PNND,5155,0.09552195761352777,0.0,0.09552195761352777,
4,260820,mixed,MIXED,PNND,5156,0.060358262388035655,0.0,0.060358262388035655,
4,260820,mixed,MIXED,PNND,5157,0.09151327965082601,0.0,0.09151327965082601,
4,260820,mixed,MIXED,PNND,5158,0.055717168375849724,0.0,0.055717168375849724,
4,260820,mixed,MIXED,PNND,5159,0.058476115576922894,0.0,0.058476115576922894,
4,260820,mixed,MIXED,PNND,5160,0.09049378335475922,0.0,0.09049378335475922,
4,260820,mixed,MIXED,PNND,5161,0.04904186335625127,0.0,0.04904186335625127,
4,260820,mixed,MIXED,PNND,5162,0.047850279486738145,0.0,0.047850279486738145,
4,260820,mixed,MIXED,PNND,5163,0.05135935149155557,0.0,0.05135935149155557,
4,260820,mixed,MIXED,PNND,5164,0.06385324895381927,0.0,0.06385324895381927,
4,260820,mixed,MIXED,PNND,5165,0.04603772331029177,0.0,0.04603772331029177,
4,260820,mixed,MIXED,PNND,5166,0.10125998593866825,0.0,0.10125998593866825,
4,260820,mixed,MIXED,PNND,5167,0.07091683056205511,0.0,0.07091683056205511,
4,260820,mixed,MIXED,PNND,5168,0.0729248933494091,0.0,0.0729248933494091,
4,260820,mixed,MIXED,PNND,5169,0.043949817307293415,0.0,0.043949817307293415,
4,260820,mixed,MIXED,PNND,5170,0.06712078303098679,0.0,0.06712078303098679,
4,260820,mixed,MIXED,PNND,5171,0.07658416102640331,0.0,0.07658416102640331,
4,260820,mixed,MIXED,PNND,5172,0.11362768895924091,0.0,0.11362768895924091,
4,260820,mixed,MIXED,PNND,5173,0.08854894526302814,0.0,0.08854894526302814,
4,260820,mixed,MIXED,PNND,5174,0.06510803708806634,0.0,0.06510803708806634,
4,260820,mixed,MIXED,PNND,5175,0.08274232875555754,0.0,0.08274232875555754,
4,260820,mixed,MIXED,PNND,5176,0.0926037598401308,0.0,0.0926037598401308,
4,260820,mixed,MIXED,PNND,5177,0.11948708444833755,0.0,0.11948708444833755,
4,260820,mixed,MIXED,PNND,5178,0.08430768828839064,0.0,0.08430768828839064,
4,260820,mixed,MIXED,PNND,5179,0.1170523522887379,0.0,0.1170523522887379,
4,260820,mixed,MIXED,PNND,5180,0.03035431943135336,0.0,0.03035431943135336,
4,260820,mixed,MIXED,PNND,5181,0.06780612003058195,0.0,0.06780612003058195,
4,260820,mixed,MIXED,PNND,5182,0.07801154861226678,0.0,0.07801154861226678,
4,260820,mixed,MIXED,PNND,5183,0.05057149799540639,0.0,0.05057149799540639,
4,260820,mixed,MIXED,PNND,5184,0.09710093680769205,0.0,0.09710093680769205,
4,260820,mixed,MIXED,PNND,5185,0.06270599458366632,0.0,0.06270599458366632,
4,260820,mixed,MIXED,PNND,5186,0.05719914939254522,0.0,0.05719914939254522,
4,260820,mixed,MIXED,PNND,5187,0.04974731500260532,0.0,0.04974731500260532,
4,260820,mixed,MIXED,PNND,5188,0.04496905393898487,0.0,0.04496905393898487,
4,260820,mixed,MIXED,PNND,5189,0.11111362744122744,0.0,0.11111362744122744,
4,260820,mixed,MIXED,PNND,5190,0.11626230180263519,0.0,0.11626230180263519,
4,260820,mixed,MIXED,PNND,5191,0.08866246556863189,0.0,0.08866246556863189,
4,260820,mixed,MIXED,PNND,5192,0.048869360936805606,0.0,0.048869360936805606,
4,260820,mixed,MIXED,PNND,5193,0.11121779680252075,0.0,0.11121779680252075,
4,260820,mixed,MIXED,PNND,5194,0.08044219168368727,0.0,0.08044219168368727,
4,260820,mixed,MIXED,PNND,5195,0.11380748264491558,0.0,0.11380748264491558,
4,260820,mixed,MIXED,PNND,5196,0.09013711661100388,0.0,0.09013711661100388,
4,260820,mixed,MIXED,PNND,5197,0.10333832213655114,0.0,0.10333832213655114,
4,260820,mixed,MIXED,PNND,5198,0.06335533427773044,0.0,0.06335533427773044,
4,260820,mixed,MIXED,PNND,5199,0.06396991945803165,0.0,0.06396991945803165,
4,260820,mixed,MIXED,PNND,5200,0.08982311934232712,0.0,0.08982311934232712,-1.0337519311954857
4,260820,mixed,MIXED,PNND,5201,0.09593159845098853,0.0,0.09593159845098853,
4,260820,mixed,MIXED,PNND,5202,0.06354488525539637,0.0,0.06354488525539637,
4,260820,mixed,MIXED,PNND,5203,0.060198345279786736,0.0,0.060198345279786736,
4,260820,mixed,MIXED,PNND,5204,0.08819432184100151,0.0,0.08819432184100151,
4,260820,mixed,MIXED,PNND,5205,0.0841840464854613,0.0,0.0841840464854613,
4,260820,mixed,MIXED,PNND,5206,0.11852175742387772,0.0,0.11852175742387772,
4,260820,mixed,MIXED,PNND,5207,0.10291457362473011,0.0,0.10291457362473011,
4,260820,mixed,MIXED,PNND,5208,0.07179259322583675,0.0,0.07179259322583675,
4,260820,mixed,MIXED,PNND,5209,0.10276789218187332,0.0,0.10276789218187332,
4,260820,mixed,MIXED,PNND,5210,0.055741020012646914,0.0,0.055741020012646914,
4,260820,mixed,MIXED,PNND,5211,0.11569246742874384,0.0,0.11569246742874384,
4,260820,mixed,MIXED,PNND,5212,0.06973865162581205,0.0,0.06973865162581205,
4,260820,mixed,MIXED,PNND,5213,0.08008798997616395,0.0,0.08008798997616395,
4,260820,mixed,MIXED,PNND,5214,0.06402337271720171,0.0,0.06402337271720171,
4,260820,mixed,MIXED,PNND,5215,0.025289157405495644,0.0,0.025289157405495644,
4,260820,mixed,MIXED,PNND,5216,0.08422344364225864,0.0,0.08422344364225864,
4,260820,mixed,MIXED,PNND,5217,0.08846907038241625,0.0,0.08846907038241625,
4,260820,mixed,MIXED,PNND,5218,0.11951513960957527,0.0,0.11951513960957527,
4,260820,mixed,MIXED,PNND,5219,0.07081798743456602,0.0,0.07081798743456602,
4,260820,mixed,MIXED,PNND,5220,0.07081107038538903,0.0,0.07081107038538903,
4,260820,mixed,MIXED,PNND,5221,0.09832120116334409,0.0,0.09832120116334409,
4,260820,mixed,MIXED,PNND,5222,0.08190872520208359,0.0,0.08190872520208359,
4,260820,mixed,MIXED,PNND,5223,0.0646036242833361,0.0,0.0646036242833361,
4,260820,mixed,MIXED,PNND,5224,0.03293338045477867,0.0,0.03293338045477867,
4,260820,mixed,MIXED,PNND,5225,0.09736569970846176,0.0,0.09736569970846176,
4,260820,mixed,MIXED,PNND,5226,0.08250981266610324,0.0,0.08250981266610324,
4,260820,mixed,MIXED,PNND,5227,0.10142541863024235,0.0,0.10142541863024235,
4,260820,mixed,MIXED,PNND,5228,0.054464530549012125,0.0,0.054464530549012125,
4,260820,mixed,MIXED,PNND,5229,0.05984743498265743,0.0,0.05984743498265743,
4,260820,mixed,MIXED,PNND,5230,0.0978954192250967,0.0,0.0978954192250967,
4,260820,mixed,MIXED,PNND,5231,0.10045252926647663,0.0,0.10045252926647663,
4,260820,mixed,MIXED,PNND,5232,0.06135522108525038,0.0,0.06135522108525038,
4,260820,mixed,MIXED,PNND,5233,0.09745024889707565,0.0,0.09745024889707565,
4,260820,mixed,MIXED,PNND,5234,0.09720006585121155,0.0,0.09720006585121155,
4,260820,mixed,MIXED,PNND,5235,0.10868022032082081,0.0,0.10868022032082081,
4,260820,mixed,MIXED,PNND,5236,0.1141522005200386,0.0,0.1141522005200386,
4,260820,mixed,MIXED,PNND,5237,0.09786367416381836,0.0,0.09786367416381836,
4,260820,mixed,MIXED,PNND,5238,0.10932741267606616,0.0,0.10932741267606616,
4,260820,mixed,MIXED,PNND,5239,0.08767162449657917,0.0,0.08767162449657917,
4,260820,mixed,MIXED,PNND,5240,0.07275356445461512,0.0,0.07275356445461512,
4,260820,mixed,MIXED,PNND,5241,0.10478531243279576,0.0,0.10478531243279576,
4,260820,mixed,MIXED,PNND,5242,0.07959761575330049,0.0,0.07959761575330049,
4,260820,mixed,MIXED,PNND,5243,0.05672319856239483,0.0,0.05672319856239483,
4,260820,mixed,MIXED,PNND,5244,0.07868426013737917,0.0,0.07868426013737917,
4,260820,mixed,MIXED,PNND,5245,0.09594777505844831,0.0,0.09594777505844831,
4,260820,mixed,MIXED,PNND,5246,0.07776405196636915,0.0,0.07776405196636915,
4,260820,mixed,MIXED,PNND,5247,0.09687048196792603,0.0,0.09687048196792603,
4,260820,mixed,MIXED,PNND,5248,0.10143732011783868,0.0,0.10143732011783868,
4,260820,mixed,MIXED,PNND,5249,0.03479787288233638,0.0,0.03479787288233638,
4,260820,mixed,MIXED,PNND,5250,0.1023196717724204,0.0,0.1023196717724204,
4,260820,mixed,MIXED,PNND,5251,0.07381712622009218,0.0,0.07381712622009218,
4,260820,mixed,MIXED,PNND,5252,0.10928192920982838,0.0,0.10928192920982838,
4,260820,mixed,MIXED,PNND,5253,0.0753244305960834,0.0,0.0753244305960834,
4,260820,mixed,MIXED,PNND,5254,0.07254272606223822,0.0,0.07254272606223822,
4,260820,mixed,MIXED,PNND,5255,0.07504660915583372,0.0,0.07504660915583372,
4,260820,mixed,MIXED,PNND,5256,0.11296242009848356,0.0,0.11296242009848356,
4,260820,mixed,MIXED,PNND,5257,0.07926277443766594,0.0,0.07926277443766594,
4,260820,mixed,MIXED,PNND,5258,0.059034303878434,0.0,0.059034303878434,
4,260820,mixed,MIXED,PNND,5259,0.07083388511091471,0.0,0.07083388511091471,
4,260820,mixed,MIXED,PNND,5260,0.09785053506493568,0.0,0.09785053506493568,
4,260820,mixed,MIXED,PNND,5261,0.08108116692164913,0.0,0.08108116692164913,
4,260820,mixed,MIXED,PNND,5262,0.09053172240965068,0.0,0.09053172240965068,
4,260820,mixed,MIXED,PNND,5263,0.06634067022241652,0.0,0.06634067022241652,
4,260820,mixed,MIXED,PNND,5264,0.10137065313756466,0.0,0.10137065313756466,
4,260820,mixed,MIXED,PNND,5265,0.07632851670496166,0.0,0.07632851670496166,
4,260820,mixed,MIXED,PNND,5266,0.09790488891303539,0.0,0.09790488891303539,
4,260820,mixed,MIXED,PNND,5267,0.05226818285882473,0.0,0.05226818285882473,
4,260820,mixed,MIXED,PNND,5268,0.0743117617093958,0.0,0.0743117617093958,
4,260820,mixed,MIXED,PNND,5269,0.09310020133852959,0.0,0.09310020133852959,
4,260820,mixed,MIXED,PNND,5270,0.09935981221497059,0.0,0.09935981221497059,
4,260820,mixed,MIXED,PNND,5271,0.07958781719207764,0.0,0.07958781719207764,
4,260820,mixed,MIXED,PNND,5272,0.08736297441646457,0.0,0.08736297441646457,
4,260820,mixed,MIXED,PNND,5273,0.10803866758942604,0.0,0.10803866758942604,
4,260820,mixed,MIXED,PNND,5274,0.04855234420392662,0.0,0.04855234420392662,
4,260820,mixed,MIXED,PNND,5275,0.023105478030629456,0.0,0.023105478030629456,
4,260820,mixed,MIXED,PNND,5276,0.07397351367399096,0.0,0.07397351367399096,
4,260820,mixed,MIXED,PNND,5277,0.09098688047379255,0.0,0.09098688047379255,
4,260820,mixed,MIXED,PNND,5278,0.028688761172816157,0.0,0.028688761172816157,
4,260820,mixed,MIXED,PNND,5279,0.08140439633280039,0.0,0.08140439633280039,
4,260820,mixed,MIXED,PNND,5280,0.05950715159997344,0.0,0.05950715159997344,
4,260820,mixed,MIXED,PNND,5281,0.14075520634651184,0.0,0.14075520634651184,
4,260820,mixed,MIXED,PNND,5282,0.072382727637887,0.0,0.072382727637887,
4,260820,mixed,MIXED,PNND,5283,0.11890593077987432,0.0,0.11890593077987432,
4,260820,mixed,MIXED,PNND,5284,0.08474550861865282,0.0,0.08474550861865282,
4,260820,mixed,MIXED,PNND,5285,0.09030513931065798,0.0,0.09030513931065798,
4,260820,mixed,MIXED,PNND,5286,0.08954821340739727,0.0,0.08954821340739727,
4,260820,mixed,MIXED,PNND,5287,0.11441885866224766,0.0,0.11441885866224766,
4,260820,mixed,MIXED,PNND,5288,0.061608887976035476,0.0,0.061608887976035476,
4,260820,mixed,MIXED,PNND,5289,0.06624170485883951,0.0,0.06624170485883951,
4,260820,mixed,MIXED,PNND,5290,0.056887455051764846,0.0,0.056887455051764846,
4,260820,mixed,MIXED,PNND,5291,0.08419486694037914,0.0,0.08419486694037914,
4,260820,mixed,MIXED,PNND,5292,0.11516659334301949,0.0,0.11516659334301949,
4,260820,mixed,MIXED,PNND,5293,0.120316531509161,0.0,0.120316531509161,
4,260820,mixed,MIXED,PNND,5294,0.11278531514108181,0.0,0.11278531514108181,
4,260820,mixed,MIXED,PNND,5295,0.053548826137557626,0.0,0.053548826137557626,
4,260820,mixed,MIXED,PNND,5296,0.0963803930208087,0.0,0.0963803930208087,
4,260820,mixed,MIXED,PNND,5297,0.0497167069115676,0.0,0.0497167069115676,
4,260820,mixed,MIXED,PNND,5298,0.0664324298268184,0.0,0.0664324298268184,
4,260820,mixed,MIXED,PNND,5299,0.09883303567767143,0.0,0.09883303567767143,
4,260820,mixed,MIXED,PNND,5300,0.10327550396323204,0.0,0.10327550396323204,
4,260820,mixed,MIXED,PNND,5301,0.10933525208383799,0.0,0.10933525208383799,
4,260820,mixed,MIXED,PNND,5302,0.06257138529326767,0.0,0.06257138529326767,
4,260820,mixed,MIXED,PNND,5303,0.09067153185606003,0.0,0.09067153185606003,
4,260820,mixed,MIXED,PNND,5304,0.0616212347522378,0.0,0.0616212347522378,
4,260820,mixed,MIXED,PNND,5305,0.058019920252263546,0.0,0.058019920252263546,
4,260820,mixed,MIXED,PNND,5306,0.09216515254229307,0.0,0.09216515254229307,
4,260820,mixed,MIXED,PNND,5307,0.08750507433433086,0.0,0.08750507433433086,
4,260820,mixed,MIXED,PNND,5308,0.07654256094247103,0.0,0.07654256094247103,
4,260820,mixed,MIXED,PNND,5309,0.03280473733320832,0.0,0.03280473733320832,
4,260820,mixed,MIXED,PNND,5310,0.08947818586602807,0.0,0.08947818586602807,
4,260820,mixed,MIXED,PNND,5311,0.10879500396549702,0.0,0.10879500396549702,
4,260820,mixed,MIXED,PNND,5312,0.04493007529526949,0.0,0.04493007529526949,
4,260820,mixed,MIXED,PNND,5313,0.08608327712863684,0.0,0.08608327712863684,
4,260820,mixed,MIXED,PNND,5314,0.06793606240535155,0.0,0.06793606240535155,
4,260820,mixed,MIXED,PNND,5315,0.09639756474643946,0.0,0.09639756474643946,
4,260820,mixed,MIXED,PNND,5316,0.06679734587669373,0.0,0.06679734587669373,
4,260820,mixed,MIXED,PNND,5317,0.09285522811114788,0.0,0.09285522811114788,
4,260820,mixed,MIXED,PNND,5318,0.036807538475841284,0.0,0.036807538475841284,
4,260820,mixed,MIXED,PNND,5319,0.0748225161805749,0.0,0.0748225161805749,
4,260820,mixed,MIXED,PNND,5320,0.068226472241804,0.0,0.068226472241804,
4,260820,mixed,MIXED,PNND,5321,0.08282608352601528,0.0,0.08282608352601528,
4,260820,mixed,MIXED,PNND,5322,0.08265038812533021,0.0,0.08265038812533021,
4,260820,mixed,MIXED,PNND,5323,0.04105381644330919,0.0,0.04105381644330919,
4,260820,mixed,MIXED,PNND,5324,0.10360656306147575,0.0,0.10360656306147575,
4,260820,mixed,MIXED,PNND,5325,0.10457601584494114,0.0,0.10457601584494114,
4,260820,mixed,MIXED,PNND,5326,0.04736616788432002,0.0,0.04736616788432002,
4,260820,mixed,MIXED,PNND,5327,0.03943235380575061,0.0,0.03943235380575061,
4,260820,mixed,MIXED,PNND,5328,0.06769236456602812,0.0,0.06769236456602812,
4,260820,mixed,MIXED,PNND,5329,0.08430938702076674,0.0,0.08430938702076674,
4,260820,mixed,MIXED,PNND,5330,0.11798668373376131,0.0,0.11798668373376131,
4,260820,mixed,MIXED,PNND,5331,0.1223372258245945,0.0,0.1223372258245945,
4,260820,mixed,MIXED,PNND,5332,0.10738318227231503,0.0,0.10738318227231503,
4,260820,mixed,MIXED,PNND,5333,0.11802035573055036,0.0,0.11802035573055036,
4,260820,mixed,MIXED,PNND,5334,0.090957245323807,0.0,0.090957245323807,
4,260820,mixed,MIXED,PNND,5335,0.06273689400404692,0.0,0.06273689400404692,
4,260820,mixed,MIXED,PNND,5336,0.07181810576003045,0.0,0.07181810576003045,
4,260820,mixed,MIXED,PNND,5337,0.07573931943625212,0.0,0.07573931943625212,
4,260820,mixed,MIXED,PNND,5338,0.1043107695877552,0.0,0.1043107695877552,
4,260820,mixed,MIXED,PNND,5339,0.0763045228086412,0.0,0.0763045228086412,
4,260820,mixed,MIXED,PNND,5340,0.04830694291740656,0.0,0.04830694291740656,
4,260820,mixed,MIXED,PNND,5341,0.03507206402719021,0.0,0.03507206402719021,
4,260820,mixed,MIXED,PNND,5342,0.05988428555428982,0.0,0.05988428555428982,
4,260820,mixed,MIXED,PNND,5343,0.1023462088778615,0.0,0.1023462088778615,
4,260820,mixed,MIXED,PNND,5344,0.11003349907696247,0.0,0.11003349907696247,
4,260820,mixed,MIXED,PNND,5345,0.0882521802559495,0.0,0.0882521802559495,
4,260820,mixed,MIXED,PNND,5346,0.04054749372880906,0.0,0.04054749372880906,
4,260820,mixed,MIXED,PNND,5347,0.07689419109374285,0.0,0.07689419109374285,
4,260820,mixed,MIXED,PNND,5348,0.1351896971464157,0.0,0.1351896971464157,
4,260820,mixed,MIXED,PNND,5349,0.07796708424575627,0.0,0.07796708424575627,
4,260820,mixed,MIXED,PNND,5350,0.12370495311915874,0.0,0.12370495311915874,
4,260820,mixed,MIXED,PNND,5351,0.08177135605365038,0.0,0.08177135605365038,
4,260820,mixed,MIXED,PNND,5352,0.12251445278525352,0.0,0.12251445278525352,
4,260820,mixed,MIXED,PNND,5353,0.11405592132359743,0.0,0.11405592132359743,
4,260820,mixed,MIXED,PNND,5354,0.13600295782089233,0.0,0.13600295782089233,
4,260820,mixed,MIXED,PNND,5355,0.08896090742200613,0.0,0.08896090742200613,
4,260820,mixed,MIXED,PNND,5356,0.1304868459701538,0.0,0.1304868459701538,
4,260820,mixed,MIXED,PNND,5357,0.09561159648001194,0.0,0.09561159648001194,
4,260820,mixed,MIXED,PNND,5358,0.09069111663848162,0.0,0.09069111663848162,
4,260820,mixed,MIXED,PNND,5359,0.1006297804415226,0.0,0.1006297804415226,
4,260820,mixed,MIXED,PNND,5360,0.10480132605880499,0.0,0.10480132605880499,
4,260820,mixed,MIXED,PNND,5361,0.09909353731200099,0.0,0.09909353731200099,
4,260820,mixed,MIXED,PNND,5362,0.09536990756168962,0.0,0.09536990756168962,
4,260820,mixed,MIXED,PNND,5363,0.07239403086714447,0.0,0.07239403086714447,
4,260820,mixed,MIXED,PNND,5364,0.06559142842888832,0.0,0.06559142842888832,
4,260820,mixed,MIXED,PNND,5365,0.09372182004153728,0.0,0.09372182004153728,
4,260820,mixed,MIXED,PNND,5366,0.07582426443696022,0.0,0.07582426443696022,
4,260820,mixed,MIXED,PNND,5367,0.06923600099980831,0.0,0.06923600099980831,
4,260820,mixed,MIXED,PNND,5368,0.06030919635668397,0.0,0.06030919635668397,
4,260820,mixed,MIXED,PNND,5369,0.06456689722836018,0.0,0.06456689722836018,
4,260820,mixed,MIXED,PNND,5370,0.010479535150807351,0.0,0.010479535150807351,
4,260820,mixed,MIXED,PNND,5371,0.07158451399300247,0.0,0.07158451399300247,
4,260820,mixed,MIXED,PNND,5372,0.025479770731180906,0.0,0.025479770731180906,
4,260820,mixed,MIXED,PNND,5373,0.08734596986323595,0.0,0.08734596986323595,
4,260820,mixed,MIXED,PNND,5374,0.06285453774034977,0.0,0.06285453774034977,
4,260820,mixed,MIXED,PNND,5375,0.0798614090308547,0.0,0.0798614090308547,
4,260820,mixed,MIXED,PNND,5376,0.06427166517823935,0.0,0.06427166517823935,
4,260820,mixed,MIXED,PNND,5377,0.12283946759998798,0.0,0.12283946759998798,
4,260820,mixed,MIXED,PNND,5378,0.05817602761089802,0.0,0.05817602761089802,
4,260820,mixed,MIXED,PNND,5379,0.07999908784404397,0.0,0.07999908784404397,
4,260820,mixed,MIXED,PNND,5380,0.05411683488637209,0.0,0.05411683488637209,
4,260820,mixed,MIXED,PNND,5381,0.07956461829598993,0.0,0.07956461829598993,
4,260820,mixed,MIXED,PNND,5382,0.07719646114856005,0.0,0.07719646114856005,
4,260820,mixed,MIXED,PNND,5383,0.1049392968416214,0.0,0.1049392968416214,
4,260820,mixed,MIXED,PNND,5384,0.07857802882790565,0.0,0.07857802882790565,
4,260820,mixed,MIXED,PNND,5385,0.0719280494377017,0.0,0.0719280494377017,
4,260820,mixed,MIXED,PNND,5386,0.099380012601614,0.0,0.099380012601614,
4,260820,mixed,MIXED,PNND,5387,0.03413106966763735,0.0,0.03413106966763735,
4,260820,mixed,MIXED,PNND,5388,0.07208268664544448,0.0,0.07208268664544448,
4,260820,mixed,MIXED,PNND,5389,0.05908938543871045,0.0,0.05908938543871045,
4,260820,mixed,MIXED,PNND,5390,0.11731464322656393,0.0,0.11731464322656393,
4,260820,mixed,MIXED,PNND,5391,0.055882230401039124,0.0,0.055882230401039124,
4,260820,mixed,MIXED,PNND,5392,0.09746593981981277,0.0,0.09746593981981277,
4,260820,mixed,MIXED,PNND,5393,0.08406784990802407,0.0,0.08406784990802407,
4,260820,mixed,MIXED,PNND,5394,0.07576877530664206,0.0,0.07576877530664206,
4,260820,mixed,MIXED,PNND,5395,0.0626230463385582,0.0,0.0626230463385582,
4,260820,mixed,MIXED,PNND,5396,0.07191817834973335,0.0,0.07191817834973335,
4,260820,mixed,MIXED,PNND,5397,0.10638229921460152,0.0,0.10638229921460152,
4,260820,mixed,MIXED,PNND,5398,0.12045586667954922,0.0,0.12045586667954922,
4,260820,mixed,MIXED,PNND,5399,0.08569972775876522,0.0,0.08569972775876522,
4,260820,mixed,MIXED,PNND,5400,0.10033662430942059,0.0,0.10033662430942059,-1.0357889960196092
4,260820,mixed,MIXED,PNND,5401,0.06987585150636733,0.0,0.06987585150636733,
4,260820,mixed,MIXED,PNND,5402,0.05896834749728441,0.0,0.05896834749728441,
4,260820,mixed,MIXED,PNND,5403,0.09104402735829353,0.0,0.09104402735829353,
4,260820,mixed,MIXED,PNND,5404,0.06407747487537563,0.0,0.06407747487537563,
4,260820,mixed,MIXED,PNND,5405,0.1150842783972621,0.0,0.1150842783972621,
4,260820,mixed,MIXED,PNND,5406,0.0584677467122674,0.0,0.0584677467122674,
4,260820,mixed,MIXED,PNND,5407,0.052720935782417655,0.0,0.052720935782417655,
4,260820,mixed,MIXED,PNND,5408,0.13302036188542843,0.0,0.13302036188542843,
4,260820,mixed,MIXED,PNND,5409,0.08518113754689693,0.0,0.08518113754689693,
4,260820,mixed,MIXED,PNND,5410,0.08788369130343199,0.0,0.08788369130343199,
4,260820,mixed,MIXED,PNND,5411,0.11162906605750322,0.0,0.11162906605750322,
4,260820,mixed,MIXED,PNND,5412,0.07285534543916583,0.0,0.07285534543916583,
4,260820,mixed,MIXED,PNND,5413,0.05260796059155837,0.0,0.05260796059155837,
4,260820,mixed,MIXED,PNND,5414,0.0782227935269475,0.0,0.0782227935269475,
4,260820,mixed,MIXED,PNND,5415,0.07316398154944181,0.0,0.07316398154944181,
4,260820,mixed,MIXED,PNND,5416,0.07406918611377478,0.0,0.07406918611377478,
4,260820,mixed,MIXED,PNND,5417,0.06209378782659769,0.0,0.06209378782659769,
4,260820,mixed,MIXED,PNND,5418,0.041886461433023214,0.0,0.041886461433023214,
4,260820,mixed,MIXED,PNND,5419,0.16598914563655853,0.0,0.16598914563655853,
4,260820,mixed,MIXED,PNND,5420,0.04167504142969847,0.0,0.04167504142969847,
4,260820,mixed,MIXED,PNND,5421,0.09515371103771031,0.0,0.09515371103771031,
4,260820,mixed,MIXED,PNND,5422,0.06740877905394882,0.0,0.06740877905394882,
4,260820,mixed,MIXED,PNND,5423,0.07196571957319975,0.0,0.07196571957319975,
4,260820,mixed,MIXED,PNND,5424,0.08153972320724279,0.0,0.08153972320724279,
4,260820,mixed,MIXED,PNND,5425,0.09549943543970585,0.0,0.09549943543970585,
4,260820,mixed,MIXED,PNND,5426,0.059052817057818174,0.0,0.059052817057818174,
4,260820,mixed,MIXED,PNND,5427,0.07612577150575817,0.0,0.07612577150575817,
4,260820,mixed,MIXED,PNND,5428,0.11130617745220661,0.0,0.11130617745220661,
4,260820,mixed,MIXED,PNND,5429,0.08943365747109056,0.0,0.08943365747109056,
4,260820,mixed,MIXED,PNND,5430,0.09522248525172472,0.0,0.09522248525172472,
4,260820,mixed,MIXED,PNND,5431,0.049890716560184956,0.0,0.049890716560184956,
4,260820,mixed,MIXED,PNND,5432,0.0946084390161559,0.0,0.0946084390161559,
4,260820,mixed,MIXED,PNND,5433,0.12494247360154986,0.0,0.12494247360154986,
4,260820,mixed,MIXED,PNND,5434,0.1025315597653389,0.0,0.1025315597653389,
4,260820,mixed,MIXED,PNND,5435,0.07295284885913134,0.0,0.07295284885913134,
4,260820,mixed,MIXED,PNND,5436,0.0835052109323442,0.0,0.0835052109323442,
4,260820,mixed,MIXED,PNND,5437,0.0609538434073329,0.0,0.0609538434073329,
4,260820,mixed,MIXED,PNND,5438,0.09064481360837817,0.0,0.09064481360837817,
4,260820,mixed,MIXED,PNND,5439,0.07588573545217514,0.0,0.07588573545217514,
4,260820,mixed,MIXED,PNND,5440,0.07156250113621354,0.0,0.07156250113621354,
4,260820,mixed,MIXED,PNND,5441,0.07434427738189697,0.0,0.07434427738189697,
4,260820,mixed,MIXED,PNND,5442,0.08479124866425991,0.0,0.08479124866425991,
4,260820,mixed,MIXED,PNND,5443,0.0714461375027895,0.0,0.0714461375027895,
4,260820,mixed,MIXED,PNND,5444,0.10184059664607048,0.0,0.10184059664607048,
4,260820,mixed,MIXED,PNND,5445,0.07583907269872725,0.0,0.07583907269872725,
4,260820,mixed,MIXED,PNND,5446,0.08175842184573412,0.0,0.08175842184573412,
4,260820,mixed,MIXED,PNND,5447,0.1220857035368681,0.0,0.1220857035368681,
4,260820,mixed,MIXED,PNND,5448,0.07593594770878553,0.0,0.07593594770878553,
4,260820,mixed,MIXED,PNND,5449,0.05621597683057189,0.0,0.05621597683057189,
4,260820,mixed,MIXED,PNND,5450,0.07111137546598911,0.0,0.07111137546598911,
4,260820,mixed,MIXED,PNND,5451,0.05633415322517976,0.0,0.05633415322517976,
4,260820,mixed,MIXED,PNND,5452,0.07919062965083867,0.0,0.07919062965083867,
4,260820,mixed,MIXED,PNND,5453,0.08230591157916933,0.0,0.08230591157916933,
4,260820,mixed,MIXED,PNND,5454,0.1175080118700862,0.0,0.1175080118700862,
4,260820,mixed,MIXED,PNND,5455,0.043664041673764586,0.0,0.043664041673764586,
4,260820,mixed,MIXED,PNND,5456,0.05934958619764075,0.0,0.05934958619764075,
4,260820,mixed,MIXED,PNND,5457,0.07655977993272245,0.0,0.07655977993272245,
4,260820,mixed,MIXED,PNND,5458,0.08928675553761423,0.0,0.08928675553761423,
4,260820,mixed,MIXED,PNND,5459,0.061216103844344616,0.0,0.061216103844344616,
4,260820,mixed,MIXED,PNND,5460,0.11036908300593495,0.0,0.11036908300593495,
4,260820,mixed,MIXED,PNND,5461,0.07865899242460728,0.0,0.07865899242460728,
4,260820,mixed,MIXED,PNND,5462,0.09385743550956249,0.0,0.09385743550956249,
4,260820,mixed,MIXED,PNND,5463,0.07934610033407807,0.0,0.07934610033407807,
4,260820,mixed,MIXED,PNND,5464,0.1170651069842279,0.0,0.1170651069842279,
4,260820,mixed,MIXED,PNND,5465,0.08846948575228453,0.0,0.08846948575228453,
4,260820,mixed,MIXED,PNND,5466,0.080763268051669,0.0,0.080763268051669,
4,260820,mixed,MIXED,PNND,5467,0.08216950111091137,0.0,0.08216950111091137,
4,260820,mixed,MIXED,PNND,5468,0.05058667028788477,0.0,0.05058667028788477,
4,260820,mixed,MIXED,PNND,5469,0.03803702467121184,0.0,0.03803702467121184,
4,260820,mixed,MIXED,PNND,5470,0.1015266589820385,0.0,0.1015266589820385,
4,260820,mixed,MIXED,PNND,5471,0.10168930335203186,0.0,0.10168930335203186,
4,260820,mixed,MIXED,PNND,5472,0.05090530263260007,0.0,0.05090530263260007,
4,260820,mixed,MIXED,PNND,5473,0.03728973137913272,0.0,0.03728973137913272,
4,260820,mixed,MIXED,PNND,5474,0.07863386161625385,0.0,0.07863386161625385,
4,260820,mixed,MIXED,PNND,5475,0.11937568336725235,0.0,0.11937568336725235,
4,260820,mixed,MIXED,PNND,5476,0.10793926287442446,0.0,0.10793926287442446,
4,260820,mixed,MIXED,PNND,5477,0.08254407462663949,0.0,0.08254407462663949,
4,260820,mixed,MIXED,PNND,5478,0.10076480824500322,0.0,0.10076480824500322,
4,260820,mixed,MIXED,PNND,5479,0.07485891785472631,0.0,0.07485891785472631,
4,260820,mixed,MIXED,PNND,5480,0.08966111019253731,0.0,0.08966111019253731,
4,260820,mixed,MIXED,PNND,5481,0.08357745409011841,0.0,0.08357745409011841,
4,260820,mixed,MIXED,PNND,5482,0.09125714330002666,0.0,0.09125714330002666,
4,260820,mixed,MIXED,PNND,5483,0.07495074765756726,0.0,0.07495074765756726,
4,260820,mixed,MIXED,PNND,5484,0.02408297103829682,0.0,0.02408297103829682,
4,260820,mixed,MIXED,PNND,5485,0.09960785694420338,0.0,0.09960785694420338,
4,260820,mixed,MIXED,PNND,5486,0.060384694137610495,0.0,0.060384694137610495,
4,260820,mixed,MIXED,PNND,5487,0.08449730183929205,0.0,0.08449730183929205,
4,260820,mixed,MIXED,PNND,5488,0.06773865688592196,0.0,0.06773865688592196,
4,260820,mixed,MIXED,PNND,5489,0.09870177879929543,0.0,0.09870177879929543,
4,260820,mixed,MIXED,PNND,5490,0.0699126849649474,0.0,0.0699126849649474,
4,260820,mixed,MIXED,PNND,5491,0.08500338718295097,0.0,0.08500338718295097,
4,260820,mixed,MIXED,PNND,5492,0.11663303777459078,0.0,0.11663303777459078,
4,260820,mixed,MIXED,PNND,5493,0.13752610608935356,0.0,0.13752610608935356,
4,260820,mixed,MIXED,PNND,5494,0.06421755254268646,0.0,0.06421755254268646,
4,260820,mixed,MIXED,PNND,5495,0.08754374645650387,0.0,0.08754374645650387,
4,260820,mixed,MIXED,PNND,5496,0.09424655814655125,0.0,0.09424655814655125,
4,260820,mixed,MIXED,PNND,5497,0.039556967676617205,0.0,0.039556967676617205,
4,260820,mixed,MIXED,PNND,5498,0.07130105048418045,0.0,0.07130105048418045,
4,260820,mixed,MIXED,PNND,5499,0.06779487989842892,0.0,0.06779487989842892,
4,260820,mixed,MIXED,PNND,5500,0.0862288735806942,0.0,0.0862288735806942,
4,260820,mixed,MIXED,PNND,5501,0.04271537670865655,0.0,0.04271537670865655,
4,260820,mixed,MIXED,PNND,5502,0.11834283173084259,0.0,0.11834283173084259,
4,260820,mixed,MIXED,PNND,5503,0.0949541344307363,0.0,0.0949541344307363,
4,260820,mixed,MIXED,PNND,5504,0.07469144929200411,0.0,0.07469144929200411,
4,260820,mixed,MIXED,PNND,5505,0.07709624897688627,0.0,0.07709624897688627,
4,260820,mixed,MIXED,PNND,5506,0.10888344794511795,0.0,0.10888344794511795,
4,260820,mixed,MIXED,PNND,5507,0.08178729563951492,0.0,0.08178729563951492,
4,260820,mixed,MIXED,PNND,5508,0.06441808538511395,0.0,0.06441808538511395,
4,260820,mixed,MIXED,PNND,5509,0.05206573475152254,0.0,0.05206573475152254,
4,260820,mixed,MIXED,PNND,5510,0.06378946825861931,0.0,0.06378946825861931,
4,260820,mixed,MIXED,PNND,5511,0.0470146369189024,0.0,0.0470146369189024,
4,260820,mixed,MIXED,PNND,5512,0.07624687440693378,0.0,0.07624687440693378,
4,260820,mixed,MIXED,PNND,5513,0.05255634037894197,0.0,0.05255634037894197,
4,260820,mixed,MIXED,PNND,5514,0.06322237366111949,0.0,0.06322237366111949,
4,260820,mixed,MIXED,PNND,5515,0.03533125185640529,0.0,0.03533125185640529,
4,260820,mixed,MIXED,PNND,5516,0.032081058248877525,0.0,0.032081058248877525,
4,260820,mixed,MIXED,PNND,5517,0.10624787583947182,0.0,0.10624787583947182,
4,260820,mixed,MIXED,PNND,5518,0.06813465617597103,0.0,0.06813465617597103,
4,260820,mixed,MIXED,PNND,5519,0.10203416459262371,0.0,0.10203416459262371,
4,260820,mixed,MIXED,PNND,5520,0.056218293495476246,0.0,0.056218293495476246,
4,260820,mixed,MIXED,PNND,5521,0.07060141675174236,0.0,0.07060141675174236,
4,260820,mixed,MIXED,PNND,5522,0.11534585524350405,0.0,0.11534585524350405,
4,260820,mixed,MIXED,PNND,5523,0.10679737105965614,0.0,0.10679737105965614,
4,260820,mixed,MIXED,PNND,5524,0.12418660894036293,0.0,0.12418660894036293,
4,260820,mixed,MIXED,PNND,5525,0.10802633408457041,0.0,0.10802633408457041,
4,260820,mixed,MIXED,PNND,5526,0.07173881959170103,0.0,0.07173881959170103,
4,260820,mixed,MIXED,PNND,5527,0.07150574959814548,0.0,0.07150574959814548,
4,260820,mixed,MIXED,PNND,5528,0.07948098983615637,0.0,0.07948098983615637,
4,260820,mixed,MIXED,PNND,5529,0.14594371244311333,0.0,0.14594371244311333,
4,260820,mixed,MIXED,PNND,5530,0.0491411437978968,0.0,0.0491411437978968,
4,260820,mixed,MIXED,PNND,5531,0.06300966581329703,0.0,0.06300966581329703,
4,260820,mixed,MIXED,PNND,5532,0.08863620739430189,0.0,0.08863620739430189,
4,260820,mixed,MIXED,PNND,5533,0.12396317208185792,0.0,0.12396317208185792,
4,260820,mixed,MIXED,PNND,5534,0.06144782470073551,0.0,0.06144782470073551,
4,260820,mixed,MIXED,PNND,5535,0.12113447487354279,0.0,0.12113447487354279,
4,260820,mixed,MIXED,PNND,5536,0.12645228765904903,0.0,0.12645228765904903,
4,260820,mixed,MIXED,PNND,5537,0.09446257475065067,0.0,0.09446257475065067,
4,260820,mixed,MIXED,PNND,5538,0.09702975722029805,0.0,0.09702975722029805,
4,260820,mixed,MIXED,PNND,5539,0.10271725058555603,0.0,0.10271725058555603,
4,260820,mixed,MIXED,PNND,5540,0.07989654457196593,0.0,0.07989654457196593,
4,260820,mixed,MIXED,PNND,5541,0.03220574266742915,0.0,0.03220574266742915,
4,260820,mixed,MIXED,PNND,5542,0.09700325469020754,0.0,0.09700325469020754,
4,260820,mixed,MIXED,PNND,5543,0.06785426731221378,0.0,0.06785426731221378,
4,260820,mixed,MIXED,PNND,5544,0.06373279821127653,0.0,0.06373279821127653,
4,260820,mixed,MIXED,PNND,5545,0.08143301890231669,0.0,0.08143301890231669,
4,260820,mixed,MIXED,PNND,5546,0.07603523938450962,0.0,0.07603523938450962,
4,260820,mixed,MIXED,PNND,5547,0.07998750312253833,0.0,0.07998750312253833,
4,260820,mixed,MIXED,PNND,5548,0.07960541360080242,0.0,0.07960541360080242,
4,260820,mixed,MIXED,PNND,5549,0.06691218889318407,0.0,0.06691218889318407,
4,260820,mixed,MIXED,PNND,5550,0.11518245004117489,0.0,0.11518245004117489,
4,260820,mixed,MIXED,PNND,5551,0.1609406266361475,0.0,0.1609406266361475,
4,260820,mixed,MIXED,PNND,5552,0.060164433903992176,0.0,0.060164433903992176,
4,260820,mixed,MIXED,PNND,5553,0.08565323054790497,0.0,0.08565323054790497,
4,260820,mixed,MIXED,PNND,5554,0.05950377508997917,0.0,0.05950377508997917,
4,260820,mixed,MIXED,PNND,5555,0.08653612341731787,0.0,0.08653612341731787,
4,260820,mixed,MIXED,PNND,5556,0.09681489877402782,0.0,0.09681489877402782,
4,260820,mixed,MIXED,PNND,5557,0.09799574315547943,0.0,0.09799574315547943,
4,260820,mixed,MIXED,PNND,5558,0.11000851355493069,0.0,0.11000851355493069,
4,260820,mixed,MIXED,PNND,5559,0.10836716275662184,0.0,0.10836716275662184,
4,260820,mixed,MIXED,PNND,5560,0.07364250253885984,0.0,0.07364250253885984,
4,260820,mixed,MIXED,PNND,5561,0.09985350928036496,0.0,0.09985350928036496,
4,260820,mixed,MIXED,PNND,5562,0.045430722646415234,0.0,0.045430722646415234,
4,260820,mixed,MIXED,PNND,5563,0.07058545481413603,0.0,0.07058545481413603,
4,260820,mixed,MIXED,PNND,5564,0.05683010641951114,0.0,0.05683010641951114,
4,260820,mixed,MIXED,PNND,5565,0.05537051579449326,0.0,0.05537051579449326,
4,260820,mixed,MIXED,PNND,5566,0.10918204463087022,0.0,0.10918204463087022,
4,260820,mixed,MIXED,PNND,5567,0.05057672457769513,0.0,0.05057672457769513,
4,260820,mixed,MIXED,PNND,5568,0.05212248768657446,0.0,0.05212248768657446,
4,260820,mixed,MIXED,PNND,5569,0.10191793739795685,0.0,0.10191793739795685,
4,260820,mixed,MIXED,PNND,5570,0.09615403920179233,0.0,0.09615403920179233,
4,260820,mixed,MIXED,PNND,5571,0.0616359191481024,0.0,0.0616359191481024,
4,260820,mixed,MIXED,PNND,5572,0.0445520281791687,0.0,0.0445520281791687,
4,260820,mixed,MIXED,PNND,5573,0.07519865687936544,0.0,0.07519865687936544,
4,260820,mixed,MIXED,PNND,5574,0.07591171469539404,0.0,0.07591171469539404,
4,260820,mixed,MIXED,PNND,5575,0.06121191382408142,0.0,0.06121191382408142,
4,260820,mixed,MIXED,PNND,5576,0.08641497790813446,0.0,0.08641497790813446,
4,260820,mixed,MIXED,PNND,5577,0.05235302064102143,0.0,0.05235302064102143,
4,260820,mixed,MIXED,PNND,5578,0.059052013559266925,0.0,0.059052013559266925,
4,260820,mixed,MIXED,PNND,5579,0.08852031716378406,0.0,0.08852031716378406,
4,260820,mixed,MIXED,PNND,5580,0.07818006630986929,0.0,0.07818006630986929,
4,260820,mixed,MIXED,PNND,5581,0.08325802907347679,0.0,0.08325802907347679,
4,260820,mixed,MIXED,PNND,5582,0.09489042160566896,0.0,0.09489042160566896,
4,260820,mixed,MIXED,PNND,5583,0.07751297729555517,0.0,0.07751297729555517,
4,260820,mixed,MIXED,PNND,5584,0.10148884612135589,0.0,0.10148884612135589,
4,260820,mixed,MIXED,PNND,5585,0.09611887857317924,0.0,0.09611887857317924,
4,260820,mixed,MIXED,PNND,5586,0.08910550619475543,0.0,0.08910550619475543,
4,260820,mixed,MIXED,PNND,5587,0.08613357786089182,0.0,0.08613357786089182,
4,260820,mixed,MIXED,PNND,5588,0.0774376995395869,0.0,0.0774376995395869,
4,260820,mixed,MIXED,PNND,5589,0.045483311638236046,0.0,0.045483311638236046,
4,260820,mixed,MIXED,PNND,5590,0.07511496357619762,0.0,0.07511496357619762,
4,260820,mixed,MIXED,PNND,5591,0.02760884677991271,0.0,0.02760884677991271,
4,260820,mixed,MIXED,PNND,5592,0.07739792531356215,0.0,0.07739792531356215,
4,260820,mixed,MIXED,PNND,5593,0.04414850953617133,0.0,0.04414850953617133,
4,260820,mixed,MIXED,PNND,5594,0.13299652934074402,0.0,0.13299652934074402,
4,260820,mixed,MIXED,PNND,5595,0.08213882404379547,0.0,0.08213882404379547,
4,260820,mixed,MIXED,PNND,5596,0.09254268929362297,0.0,0.09254268929362297,
4,260820,mixed,MIXED,PNND,5597,0.07796278921887279,0.0,0.07796278921887279,
4,260820,mixed,MIXED,PNND,5598,0.10878326557576656,0.0,0.10878326557576656,
4,260820,mixed,MIXED,PNND,5599,0.08614772628061473,0.0,0.08614772628061473,
4,260820,mixed,MIXED,PNND,5600,0.09291419293731451,0.0,0.09291419293731451,-1.0427886968694096
4,260820,mixed,MIXED,PNND,5601,0.05966563563561067,0.0,0.05966563563561067,
4,260820,mixed,MIXED,PNND,5602,0.0772807952016592,0.0,0.0772807952016592,
4,260820,mixed,MIXED,PNND,5603,0.06938760564662516,0.0,0.06938760564662516,
4,260820,mixed,MIXED,PNND,5604,0.05481411889195442,0.0,0.05481411889195442,
4,260820,mixed,MIXED,PNND,5605,0.09025685023516417,0.0,0.09025685023516417,
4,260820,mixed,MIXED,PNND,5606,0.0638787942007184,0.0,0.0638787942007184,
4,260820,mixed,MIXED,PNND,5607,0.06724278442561626,0.0,0.06724278442561626,
4,260820,mixed,MIXED,PNND,5608,0.10089809074997902,0.0,0.10089809074997902,
4,260820,mixed,MIXED,PNND,5609,0.10133355273865163,0.0,0.10133355273865163,
4,260820,mixed,MIXED,PNND,5610,0.05598199611995369,0.0,0.05598199611995369,
4,260820,mixed,MIXED,PNND,5611,0.08661874942481518,0.0,0.08661874942481518,
4,260820,mixed,MIXED,PNND,5612,0.06762751936912537,0.0,0.06762751936912537,
4,260820,mixed,MIXED,PNND,5613,0.07667977456003428,0.0,0.07667977456003428,
4,260820,mixed,MIXED,PNND,5614,0.08146505476906896,0.0,0.08146505476906896,
4,260820,mixed,MIXED,PNND,5615,0.053971266839653254,0.0,0.053971266839653254,
4,260820,mixed,MIXED,PNND,5616,0.0483586136251688,0.0,0.0483586136251688,
4,260820,mixed,MIXED,PNND,5617,0.0751509671099484,0.0,0.0751509671099484,
4,260820,mixed,MIXED,PNND,5618,0.11529253795742989,0.0,0.11529253795742989,
4,260820,mixed,MIXED,PNND,5619,0.08411677181720734,0.0,0.08411677181720734,
4,260820,mixed,MIXED,PNND,5620,0.09393877163529396,0.0,0.09393877163529396,
4,260820,mixed,MIXED,PNND,5621,0.07589363493025303,0.0,0.07589363493025303,
4,260820,mixed,MIXED,PNND,5622,0.06243098096456379,0.0,0.06243098096456379,
4,260820,mixed,MIXED,PNND,5623,0.06659157876856625,0.0,0.06659157876856625,
4,260820,mixed,MIXED,PNND,5624,0.04057460417971015,0.0,0.04057460417971015,
4,260820,mixed,MIXED,PNND,5625,0.17668307572603226,0.0,0.17668307572603226,
4,260820,mixed,MIXED,PNND,5626,0.08825015148613602,0.0,0.08825015148613602,
4,260820,mixed,MIXED,PNND,5627,0.06704275868833065,0.0,0.06704275868833065,
4,260820,mixed,MIXED,PNND,5628,0.07941735163331032,0.0,0.07941735163331032,
4,260820,mixed,MIXED,PNND,5629,0.043075863271951675,0.0,0.043075863271951675,
4,260820,mixed,MIXED,PNND,5630,0.10868978640064597,0.0,0.10868978640064597,
4,260820,mixed,MIXED,PNND,5631,0.05481728003360331,0.0,0.05481728003360331,
4,260820,mixed,MIXED,PNND,5632,0.09930661134421825,0.0,0.09930661134421825,
4,260820,mixed,MIXED,PNND,5633,0.0434594934922643,0.0,0.0434594934922643,
4,260820,mixed,MIXED,PNND,5634,0.053530951496213675,0.0,0.053530951496213675,
4,260820,mixed,MIXED,PNND,5635,0.08484298270195723,0.0,0.08484298270195723,
4,260820,mixed,MIXED,PNND,5636,0.10013986984267831,0.0,0.10013986984267831,
4,260820,mixed,MIXED,PNND,5637,0.10091015743091702,0.0,0.10091015743091702,
4,260820,mixed,MIXED,PNND,5638,0.12678125500679016,0.0,0.12678125500679016,
4,260820,mixed,MIXED,PNND,5639,0.09466849686577916,0.0,0.09466849686577916,
4,260820,mixed,MIXED,PNND,5640,0.05934005230665207,0.0,0.05934005230665207,
4,260820,mixed,MIXED,PNND,5641,0.04426831705495715,0.0,0.04426831705495715,
4,260820,mixed,MIXED,PNND,5642,0.0947061775950715,0.0,0.0947061775950715,
4,260820,mixed,MIXED,PNND,5643,0.06583898607641459,0.0,0.06583898607641459,
4,260820,mixed,MIXED,PNND,5644,0.08400911279022694,0.0,0.08400911279022694,
4,260820,mixed,MIXED,PNND,5645,0.10447369748726487,0.0,0.10447369748726487,
4,260820,mixed,MIXED,PNND,5646,0.11793926358222961,0.0,0.11793926358222961,
4,260820,mixed,MIXED,PNND,5647,0.03794502397067845,0.0,0.03794502397067845,
4,260820,mixed,MIXED,PNND,5648,0.05517881643027067,0.0,0.05517881643027067,
4,260820,mixed,MIXED,PNND,5649,0.08878029976040125,0.0,0.08878029976040125,
4,260820,mixed,MIXED,PNND,5650,0.13493144884705544,0.0,0.13493144884705544,
4,260820,mixed,MIXED,PNND,5651,0.13268975540995598,0.0,0.13268975540995598,
4,260820,mixed,MIXED,PNND,5652,0.07438295846804976,0.0,0.07438295846804976,
4,260820,mixed,MIXED,PNND,5653,0.06678729970008135,0.0,0.06678729970008135,
4,260820,mixed,MIXED,PNND,5654,0.11746399290859699,0.0,0.11746399290859699,
4,260820,mixed,MIXED,PNND,5655,0.08110855612903833,0.0,0.08110855612903833,
4,260820,mixed,MIXED,PNND,5656,0.09802979230880737,0.0,0.09802979230880737,
4,260820,mixed,MIXED,PNND,5657,0.0563143371255137,0.0,0.0563143371255137,
4,260820,mixed,MIXED,PNND,5658,0.12973953690379858,0.0,0.12973953690379858,
4,260820,mixed,MIXED,PNND,5659,0.08428954461123794,0.0,0.08428954461123794,
4,260820,mixed,MIXED,PNND,5660,0.06254977989010513,0.0,0.06254977989010513,
4,260820,mixed,MIXED,PNND,5661,0.06357972649857402,0.0,0.06357972649857402,
4,260820,mixed,MIXED,PNND,5662,0.07048784103244543,0.0,0.07048784103244543,
4,260820,mixed,MIXED,PNND,5663,0.09610464610159397,0.0,0.09610464610159397,
4,260820,mixed,MIXED,PNND,5664,0.1242109490558505,0.0,0.1242109490558505,
4,260820,mixed,MIXED,PNND,5665,0.08942326216492802,0.0,0.08942326216492802,
4,260820,mixed,MIXED,PNND,5666,0.10929914750158787,0.0,0.10929914750158787,
4,260820,mixed,MIXED,PNND,5667,0.07116569299250841,0.0,0.07116569299250841,
4,260820,mixed,MIXED,PNND,5668,0.14487382769584656,0.0,0.14487382769584656,
4,260820,mixed,MIXED,PNND,5669,0.06487665683380328,0.0,0.06487665683380328,
4,260820,mixed,MIXED,PNND,5670,0.11315122991800308,0.0,0.11315122991800308,
4,260820,mixed,MIXED,PNND,5671,0.09912029933184385,0.0,0.09912029933184385,
4,260820,mixed,MIXED,PNND,5672,0.06338550616055727,0.0,0.06338550616055727,
4,260820,mixed,MIXED,PNND,5673,0.107062678784132,0.0,0.107062678784132,
4,260820,mixed,MIXED,PNND,5674,0.04662865120917559,0.0,0.04662865120917559,
4,260820,mixed,MIXED,PNND,5675,0.04619309073314071,0.0,0.04619309073314071,
4,260820,mixed,MIXED,PNND,5676,0.10049892775714397,0.0,0.10049892775714397,
4,260820,mixed,MIXED,PNND,5677,0.09819645341485739,0.0,0.09819645341485739,
4,260820,mixed,MIXED,PNND,5678,0.09781957441009581,0.0,0.09781957441009581,
4,260820,mixed,MIXED,PNND,5679,0.0738539807498455,0.0,0.0738539807498455,
4,260820,mixed,MIXED,PNND,5680,0.022164535941556096,0.0,0.022164535941556096,
4,260820,mixed,MIXED,PNND,5681,0.059194752713665366,0.0,0.059194752713665366,
4,260820,mixed,MIXED,PNND,5682,0.07095266133546829,0.0,0.07095266133546829,
4,260820,mixed,MIXED,PNND,5683,0.023880538705270737,0.0,0.023880538705270737,
4,260820,mixed,MIXED,PNND,5684,0.09785300493240356,0.0,0.09785300493240356,
4,260820,mixed,MIXED,PNND,5685,0.058903897646814585,0.0,0.058903897646814585,
4,260820,mixed,MIXED,PNND,5686,0.0777284661307931,0.0,0.0777284661307931,
4,260820,mixed,MIXED,PNND,5687,0.0991282736940775,0.0,0.0991282736940775,
4,260820,mixed,MIXED,PNND,5688,0.08086045552045107,0.0,0.08086045552045107,
4,260820,mixed,MIXED,PNND,5689,0.10467875935137272,0.0,0.10467875935137272,
4,260820,mixed,MIXED,PNND,5690,0.08255819045007229,0.0,0.08255819045007229,
4,260820,mixed,MIXED,PNND,5691,0.10536294430494308,0.0,0.10536294430494308,
4,260820,mixed,MIXED,PNND,5692,0.07188397506251931,0.0,0.07188397506251931,
4,260820,mixed,MIXED,PNND,5693,0.03867753699887544,0.0,0.03867753699887544,
4,260820,mixed,MIXED,PNND,5694,0.06670341920107603,0.0,0.06670341920107603,
4,260820,mixed,MIXED,PNND,5695,0.09238628530874848,0.0,0.09238628530874848,
4,260820,mixed,MIXED,PNND,5696,0.1032143684278708,0.0,0.1032143684278708,
4,260820,mixed,MIXED,PNND,5697,0.03520282334648073,0.0,0.03520282334648073,
4,260820,mixed,MIXED,PNND,5698,0.06051596626639366,0.0,0.06051596626639366,
4,260820,mixed,MIXED,PNND,5699,0.07115926826372743,0.0,0.07115926826372743,
4,260820,mixed,MIXED,PNND,5700,0.08206662442535162,0.0,0.08206662442535162,
4,260820,mixed,MIXED,PNND,5701,0.05120794381946325,0.0,0.05120794381946325,
4,260820,mixed,MIXED,PNND,5702,0.04340999573469162,0.0,0.04340999573469162,
4,260820,mixed,MIXED,PNND,5703,0.030813154764473438,0.0,0.030813154764473438,
4,260820,mixed,MIXED,PNND,5704,0.09282929077744484,0.0,0.09282929077744484,
4,260820,mixed,MIXED,PNND,5705,0.09368010982871056,0.0,0.09368010982871056,
4,260820,mixed,MIXED,PNND,5706,0.054344505071640015,0.0,0.054344505071640015,
4,260820,mixed,MIXED,PNND,5707,0.09376666694879532,0.0,0.09376666694879532,
4,260820,mixed,MIXED,PNND,5708,0.033658978529274464,0.0,0.033658978529274464,
4,260820,mixed,MIXED,PNND,5709,0.13461249694228172,0.0,0.13461249694228172,
4,260820,mixed,MIXED,PNND,5710,0.062419489957392216,0.0,0.062419489957392216,
4,260820,mixed,MIXED,PNND,5711,0.06647472828626633,0.0,0.06647472828626633,
4,260820,mixed,MIXED,PNND,5712,0.07129307184368372,0.0,0.07129307184368372,
4,260820,mixed,MIXED,PNND,5713,0.11121430993080139,0.0,0.11121430993080139,
4,260820,mixed,MIXED,PNND,5714,0.07435045798774809,0.0,0.07435045798774809,
4,260820,mixed,MIXED,PNND,5715,0.06706412779749371,0.0,0.06706412779749371,
4,260820,mixed,MIXED,PNND,5716,0.10781719349324703,0.0,0.10781719349324703,
4,260820,mixed,MIXED,PNND,5717,0.11799437645822763,0.0,0.11799437645822763,
4,260820,mixed,MIXED,PNND,5718,0.06784053146839142,0.0,0.06784053146839142,
4,260820,mixed,MIXED,PNND,5719,0.06944604963064194,0.0,0.06944604963064194,
4,260820,mixed,MIXED,PNND,5720,0.1146983029320836,0.0,0.1146983029320836,
4,260820,mixed,MIXED,PNND,5721,0.09347785450518131,0.0,0.09347785450518131,
4,260820,mixed,MIXED,PNND,5722,0.08006823807954788,0.0,0.08006823807954788,
4,260820,mixed,MIXED,PNND,5723,0.0786902456311509,0.0,0.0786902456311509,
4,260820,mixed,MIXED,PNND,5724,0.07102617435157299,0.0,0.07102617435157299,
4,260820,mixed,MIXED,PNND,5725,0.07362104050116614,0.0,0.07362104050116614,
4,260820,mixed,MIXED,PNND,5726,0.04396747495047748,0.0,0.04396747495047748,
4,260820,mixed,MIXED,PNND,5727,0.04944646451622248,0.0,0.04944646451622248,
4,260820,mixed,MIXED,PNND,5728,0.08450574288144708,0.0,0.08450574288144708,
4,260820,mixed,MIXED,PNND,5729,0.06576526770368218,0.0,0.06576526770368218,
4,260820,mixed,MIXED,PNND,5730,0.0719285684172064,0.0,0.0719285684172064,
4,260820,mixed,MIXED,PNND,5731,0.10077038314193487,0.0,0.10077038314193487,
4,260820,mixed,MIXED,PNND,5732,0.09209854740765877,0.0,0.09209854740765877,
4,260820,mixed,MIXED,PNND,5733,0.04268963891081512,0.0,0.04268963891081512,
4,260820,mixed,MIXED,PNND,5734,0.09183777496218681,0.0,0.09183777496218681,
4,260820,mixed,MIXED,PNND,5735,0.1246467714663595,0.0,0.1246467714663595,
4,260820,mixed,MIXED,PNND,5736,0.06864803819917142,0.0,0.06864803819917142,
4,260820,mixed,MIXED,PNND,5737,0.06872165040113032,0.0,0.06872165040113032,
4,260820,mixed,MIXED,PNND,5738,0.059275006875395775,0.0,0.059275006875395775,
4,260820,mixed,MIXED,PNND,5739,0.09626853466033936,0.0,0.09626853466033936,
4,260820,mixed,MIXED,PNND,5740,0.11080450844019651,0.0,0.11080450844019651,
4,260820,mixed,MIXED,PNND,5741,0.09700084291398525,0.0,0.09700084291398525,
4,260820,mixed,MIXED,PNND,5742,0.07614799495786428,0.0,0.07614799495786428,
4,260820,mixed,MIXED,PNND,5743,0.1266111359000206,0.0,0.1266111359000206,
4,260820,mixed,MIXED,PNND,5744,0.059270077385008335,0.0,0.059270077385008335,
4,260820,mixed,MIXED,PNND,5745,0.09153581084683537,0.0,0.09153581084683537,
4,260820,mixed,MIXED,PNND,5746,0.09212829452008009,0.0,0.09212829452008009,
4,260820,mixed,MIXED,PNND,5747,0.07095704134553671,0.0,0.07095704134553671,
4,260820,mixed,MIXED,PNND,5748,0.05969504720997065,0.0,0.05969504720997065,
4,260820,mixed,MIXED,PNND,5749,0.07564221881330013,0.0,0.07564221881330013,
4,260820,mixed,MIXED,PNND,5750,0.0791652575135231,0.0,0.0791652575135231,
4,260820,mixed,MIXED,PNND,5751,0.0475260186358355,0.0,0.0475260186358355,
4,260820,mixed,MIXED,PNND,5752,0.09515728615224361,0.0,0.09515728615224361,
4,260820,mixed,MIXED,PNND,5753,0.09537826478481293,0.0,0.09537826478481293,
4,260820,mixed,MIXED,PNND,5754,0.07611667877063155,0.0,0.07611667877063155,
4,260820,mixed,MIXED,PNND,5755,0.0631171849090606,0.0,0.0631171849090606,
4,260820,mixed,MIXED,PNND,5756,0.09031937830150127,0.0,0.09031937830150127,
4,260820,mixed,MIXED,PNND,5757,0.10029346216470003,0.0,0.10029346216470003,
4,260820,mixed,MIXED,PNND,5758,0.10872450843453407,0.0,0.10872450843453407,
4,260820,mixed,MIXED,PNND,5759,0.09546925406903028,0.0,0.09546925406903028,
4,260820,mixed,MIXED,PNND,5760,0.11561730550602078,0.0,0.11561730550602078,
4,260820,mixed,MIXED,PNND,5761,0.08534765057265759,0.0,0.08534765057265759,
4,260820,mixed,MIXED,PNND,5762,0.06382317142561078,0.0,0.06382317142561078,
4,260820,mixed,MIXED,PNND,5763,0.1038381950929761,0.0,0.1038381950929761,
4,260820,mixed,MIXED,PNND,5764,0.12308263033628464,0.0,0.12308263033628464,
4,260820,mixed,MIXED,PNND,5765,0.048667934723198414,0.0,0.048667934723198414,
4,260820,mixed,MIXED,PNND,5766,0.06911041913554072,0.0,0.06911041913554072,
4,260820,mixed,MIXED,PNND,5767,0.09791468549519777,0.0,0.09791468549519777,
4,260820,mixed,MIXED,PNND,5768,0.10018083924660459,0.0,0.10018083924660459,
4,260820,mixed,MIXED,PNND,5769,0.1563114896416664,0.0,0.1563114896416664,
4,260820,mixed,MIXED,PNND,5770,0.0721232839860022,0.0,0.0721232839860022,
4,260820,mixed,MIXED,PNND,5771,0.07696084026247263,0.0,0.07696084026247263,
4,260820,mixed,MIXED,PNND,5772,0.07172266067937016,0.0,0.07172266067937016,
4,260820,mixed,MIXED,PNND,5773,0.09195023495703936,0.0,0.09195023495703936,
4,260820,mixed,MIXED,PNND,5774,0.060168784053530544,0.0,0.060168784053530544,
4,260820,mixed,MIXED,PNND,5775,0.08364611025899649,0.0,0.08364611025899649,
4,260820,mixed,MIXED,PNND,5776,0.07731103681726381,0.0,0.07731103681726381,
4,260820,mixed,MIXED,PNND,5777,0.07483014068566263,0.0,0.07483014068566263,
4,260820,mixed,MIXED,PNND,5778,0.06447437079623342,0.0,0.06447437079623342,
4,260820,mixed,MIXED,PNND,5779,0.05099238734692335,0.0,0.05099238734692335,
4,260820,mixed,MIXED,PNND,5780,0.07480771327391267,0.0,0.07480771327391267,
4,260820,mixed,MIXED,PNND,5781,0.09407881507650018,0.0,0.09407881507650018,
4,260820,mixed,MIXED,PNND,5782,0.05756903061410412,0.0,0.05756903061410412,
4,260820,mixed,MIXED,PNND,5783,0.11594003811478615,0.0,0.11594003811478615,
4,260820,mixed,MIXED,PNND,5784,0.0488505307585001,0.0,0.0488505307585001,
4,260820,mixed,MIXED,PNND,5785,0.04190297599416226,0.0,0.04190297599416226,
4,260820,mixed,MIXED,PNND,5786,0.08039078116416931,0.0,0.08039078116416931,
4,260820,mixed,MIXED,PNND,5787,0.05588742531836033,0.0,0.05588742531836033,
4,260820,mixed,MIXED,PNND,5788,0.10798166133463383,0.0,0.10798166133463383,
4,260820,mixed,MIXED,PNND,5789,0.09263999108225107,0.0,0.09263999108225107,
4,260820,mixed,MIXED,PNND,5790,0.07581129763275385,0.0,0.07581129763275385,
4,260820,mixed,MIXED,PNND,5791,0.05408602976240218,0.0,0.05408602976240218,
4,260820,mixed,MIXED,PNND,5792,0.06962939538061619,0.0,0.06962939538061619,
4,260820,mixed,MIXED,PNND,5793,0.11845837906002998,0.0,0.11845837906002998,
4,260820,mixed,MIXED,PNND,5794,0.09333543246611953,0.0,0.09333543246611953,
4,260820,mixed,MIXED,PNND,5795,0.06026045395992696,0.0,0.06026045395992696,
4,260820,mixed,MIXED,PNND,5796,0.06504346430301666,0.0,0.06504346430301666,
4,260820,mixed,MIXED,PNND,5797,0.12412556819617748,0.0,0.12412556819617748,
4,260820,mixed,MIXED,PNND,5798,0.08594563882797956,0.0,0.08594563882797956,
4,260820,mixed,MIXED,PNND,5799,0.07980927545577288,0.0,0.07980927545577288,
4,260820,mixed,MIXED,PNND,5800,0.07119640242308378,0.0,0.07119640242308378,-1.0517926830443185
4,260820,mixed,MIXED,PNND,5801,0.0539310818494414,0.0,0.0539310818494414,
4,260820,mixed,MIXED,PNND,5802,0.11512101977132261,0.0,0.11512101977132261,
4,260820,mixed,MIXED,PNND,5803,0.11255030333995819,0.0,0.11255030333995819,
4,260820,mixed,MIXED,PNND,5804,0.13011064566671848,0.0,0.13011064566671848,
4,260820,mixed,MIXED,PNND,5805,0.1355726569890976,0.0,0.1355726569890976,
4,260820,mixed,MIXED,PNND,5806,0.07913589477539062,0.0,0.07913589477539062,
4,260820,mixed,MIXED,PNND,5807,0.05905910290312022,0.0,0.05905910290312022,
4,260820,mixed,MIXED,PNND,5808,0.1018679179251194,0.0,0.1018679179251194,
4,260820,mixed,MIXED,PNND,5809,0.08097972866380587,0.0,0.08097972866380587,
4,260820,mixed,MIXED,PNND,5810,0.025456596864387393,0.0,0.025456596864387393,
4,260820,mixed,MIXED,PNND,5811,0.0896783210337162,0.0,0.0896783210337162,
4,260820,mixed,MIXED,PNND,5812,0.09248912148177624,0.0,0.09248912148177624,
4,260820,mixed,MIXED,PNND,5813,0.14083650521934032,0.0,0.14083650521934032,
4,260820,mixed,MIXED,PNND,5814,0.08754110056906939,0.0,0.08754110056906939,
4,260820,mixed,MIXED,PNND,5815,0.06917142542079091,0.0,0.06917142542079091,
4,260820,mixed,MIXED,PNND,5816,0.0903144096955657,0.0,0.0903144096955657,
4,260820,mixed,MIXED,PNND,5817,0.06280623527709395,0.0,0.06280623527709395,
4,260820,mixed,MIXED,PNND,5818,0.11437833681702614,0.0,0.11437833681702614,
4,260820,mixed,MIXED,PNND,5819,0.02882072434294969,0.0,0.02882072434294969,
4,260820,mixed,MIXED,PNND,5820,0.10620539635419846,0.0,0.10620539635419846,
4,260820,mixed,MIXED,PNND,5821,0.079545633867383,0.0,0.079545633867383,
4,260820,mixed,MIXED,PNND,5822,0.0498751086415723,0.0,0.0498751086415723,
4,260820,mixed,MIXED,PNND,5823,0.0642936835065484,0.0,0.0642936835065484,
4,260820,mixed,MIXED,PNND,5824,0.048225590493530035,0.0,0.048225590493530035,
4,260820,mixed,MIXED,PNND,5825,0.04736881365533918,0.0,0.04736881365533918,
4,260820,mixed,MIXED,PNND,5826,0.04841429181396961,0.0,0.04841429181396961,
4,260820,mixed,MIXED,PNND,5827,0.11093510559294373,0.0,0.11093510559294373,
4,260820,mixed,MIXED,PNND,5828,0.06084855482913554,0.0,0.06084855482913554,
4,260820,mixed,MIXED,PNND,5829,0.07082017930224538,0.0,0.07082017930224538,
4,260820,mixed,MIXED,PNND,5830,0.01786912261741236,0.0,0.01786912261741236,
4,260820,mixed,MIXED,PNND,5831,0.07006312347948551,0.0,0.07006312347948551,
4,260820,mixed,MIXED,PNND,5832,0.07620301656424999,0.0,0.07620301656424999,
4,260820,mixed,MIXED,PNND,5833,0.07716120686382055,0.0,0.07716120686382055,
4,260820,mixed,MIXED,PNND,5834,0.12079856242053211,0.0,0.12079856242053211,
4,260820,mixed,MIXED,PNND,5835,0.056872031185775995,0.0,0.056872031185775995,
4,260820,mixed,MIXED,PNND,5836,0.05779723543673754,0.0,0.05779723543673754,
4,260820,mixed,MIXED,PNND,5837,0.06249864329583943,0.0,0.06249864329583943,
4,260820,mixed,MIXED,PNND,5838,0.060097637586295605,0.0,0.060097637586295605,
4,260820,mixed,MIXED,PNND,5839,0.10669460333883762,0.0,0.10669460333883762,
4,260820,mixed,MIXED,PNND,5840,0.14104717783629894,0.0,0.14104717783629894,
4,260820,mixed,MIXED,PNND,5841,0.07044121669605374,0.0,0.07044121669605374,
4,260820,mixed,MIXED,PNND,5842,0.08244526293128729,0.0,0.08244526293128729,
4,260820,mixed,MIXED,PNND,5843,0.058242167346179485,0.0,0.058242167346179485,
4,260820,mixed,MIXED,PNND,5844,0.05913225142285228,0.0,0.05913225142285228,
4,260820,mixed,MIXED,PNND,5845,0.06118337484076619,0.0,0.06118337484076619,
4,260820,mixed,MIXED,PNND,5846,0.10050997976213694,0.0,0.10050997976213694,
4,260820,mixed,MIXED,PNND,5847,0.061193911358714104,0.0,0.061193911358714104,
4,260820,mixed,MIXED,PNND,5848,0.0715148514136672,0.0,0.0715148514136672,
4,260820,mixed,MIXED,PNND,5849,0.06142020085826516,0.0,0.06142020085826516,
4,260820,mixed,MIXED,PNND,5850,0.08334443159401417,0.0,0.08334443159401417,
4,260820,mixed,MIXED,PNND,5851,0.026969145517796278,0.0,0.026969145517796278,
4,260820,mixed,MIXED,PNND,5852,0.059092968236655,0.0,0.059092968236655,
4,260820,mixed,MIXED,PNND,5853,0.09192177373915911,0.0,0.09192177373915911,
4,260820,mixed,MIXED,PNND,5854,0.06508170627057552,0.0,0.06508170627057552,
4,260820,mixed,MIXED,PNND,5855,0.10462081339210272,0.0,0.10462081339210272,
4,260820,mixed,MIXED,PNND,5856,0.06359478458762169,0.0,0.06359478458762169,
4,260820,mixed,MIXED,PNND,5857,0.09503378719091415,0.0,0.09503378719091415,
4,260820,mixed,MIXED,PNND,5858,0.0569961741566658,0.0,0.0569961741566658,
4,260820,mixed,MIXED,PNND,5859,0.0853124603163451,0.0,0.0853124603163451,
4,260820,mixed,MIXED,PNND,5860,0.05199978499149438,0.0,0.05199978499149438,
4,260820,mixed,MIXED,PNND,5861,0.07178039755672216,0.0,0.07178039755672216,
4,260820,mixed,MIXED,PNND,5862,0.08955945633351803,0.0,0.08955945633351803,
4,260820,mixed,MIXED,PNND,5863,0.07556038442999125,0.0,0.07556038442999125,
4,260820,mixed,MIXED,PNND,5864,0.07265282538719475,0.0,0.07265282538719475,
4,260820,mixed,MIXED,PNND,5865,0.058115697000175714,0.0,0.058115697000175714,
4,260820,mixed,MIXED,PNND,5866,0.07403146498836577,0.0,0.07403146498836577,
4,260820,mixed,MIXED,PNND,5867,0.1127052828669548,0.0,0.1127052828669548,
4,260820,mixed,MIXED,PNND,5868,0.10784919559955597,0.0,0.10784919559955597,
4,260820,mixed,MIXED,PNND,5869,0.05648108618333936,0.0,0.05648108618333936,
4,260820,mixed,MIXED,PNND,5870,0.11327882204204798,0.0,0.11327882204204798,
4,260820,mixed,MIXED,PNND,5871,0.06530010688584298,0.0,0.06530010688584298,
4,260820,mixed,MIXED,PNND,5872,0.09663044521585107,0.0,0.09663044521585107,
4,260820,mixed,MIXED,PNND,5873,0.08208870701491833,0.0,0.08208870701491833,
4,260820,mixed,MIXED,PNND,5874,0.10924962908029556,0.0,0.10924962908029556,
4,260820,mixed,MIXED,PNND,5875,0.07263601664453745,0.0,0.07263601664453745,
4,260820,mixed,MIXED,PNND,5876,0.08464787527918816,0.0,0.08464787527918816,
4,260820,mixed,MIXED,PNND,5877,0.058242641389369965,0.0,0.058242641389369965,
4,260820,mixed,MIXED,PNND,5878,0.042744834296172485,0.0,0.042744834296172485,
4,260820,mixed,MIXED,PNND,5879,0.10267853736877441,0.0,0.10267853736877441,
4,260820,mixed,MIXED,PNND,5880,0.12863924726843834,0.0,0.12863924726843834,
4,260820,mixed,MIXED,PNND,5881,0.07546942494809628,0.0,0.07546942494809628,
4,260820,mixed,MIXED,PNND,5882,0.1102108284831047,0.0,0.1102108284831047,
4,260820,mixed,MIXED,PNND,5883,0.04898051079362631,0.0,0.04898051079362631,
4,260820,mixed,MIXED,PNND,5884,0.06859055161476135,0.0,0.06859055161476135,
4,260820,mixed,MIXED,PNND,5885,0.07375499419867992,0.0,0.07375499419867992,
4,260820,mixed,MIXED,PNND,5886,0.08966693188995123,0.0,0.08966693188995123,
4,260820,mixed,MIXED,PNND,5887,0.07881334665580653,0.0,0.07881334665580653,
4,260820,mixed,MIXED,PNND,5888,0.12072400934994221,0.0,0.12072400934994221,
4,260820,mixed,MIXED,PNND,5889,0.08704143669456244,0.0,0.08704143669456244,
4,260820,mixed,MIXED,PNND,5890,0.05163156356138643,0.0,0.05163156356138643,
4,260820,mixed,MIXED,PNND,5891,0.10896170977503061,0.0,0.10896170977503061,
4,260820,mixed,MIXED,PNND,5892,0.07195002026855946,0.0,0.07195002026855946,
4,260820,mixed,MIXED,PNND,5893,0.08992884680628777,0.0,0.08992884680628777,
4,260820,mixed,MIXED,PNND,5894,0.11547897197306156,0.0,0.11547897197306156,
4,260820,mixed,MIXED,PNND,5895,0.07766841724514961,0.0,0.07766841724514961,
4,260820,mixed,MIXED,PNND,5896,0.10288302373373881,0.0,0.10288302373373881,
4,260820,mixed,MIXED,PNND,5897,0.07294562889728695,0.0,0.07294562889728695,
4,260820,mixed,MIXED,PNND,5898,0.13160959345987067,0.0,0.13160959345987067,
4,260820,mixed,MIXED,PNND,5899,0.05261610122397542,0.0,0.05261610122397542,
4,260820,mixed,MIXED,PNND,5900,0.09460562909953296,0.0,0.09460562909953296,
4,260820,mixed,MIXED,PNND,5901,0.08534995373338461,0.0,0.08534995373338461,
4,260820,mixed,MIXED,PNND,5902,0.0568212783546187,0.0,0.0568212783546187,
4,260820,mixed,MIXED,PNND,5903,0.03688853047788143,0.0,0.03688853047788143,
4,260820,mixed,MIXED,PNND,5904,0.1083169337362051,0.0,0.1083169337362051,
4,260820,mixed,MIXED,PNND,5905,0.026179996551945806,0.0,0.026179996551945806,
4,260820,mixed,MIXED,PNND,5906,0.05153199192136526,0.0,0.05153199192136526,
4,260820,mixed,MIXED,PNND,5907,0.08454919327050447,0.0,0.08454919327050447,
4,260820,mixed,MIXED,PNND,5908,0.07848829869180918,0.0,0.07848829869180918,
4,260820,mixed,MIXED,PNND,5909,0.09315302036702633,0.0,0.09315302036702633,
4,260820,mixed,MIXED,PNND,5910,0.10132891498506069,0.0,0.10132891498506069,
4,260820,mixed,MIXED,PNND,5911,0.10461937636137009,0.0,0.10461937636137009,
4,260820,mixed,MIXED,PNND,5912,0.06295194034464657,0.0,0.06295194034464657,
4,260820,mixed,MIXED,PNND,5913,0.05355575308203697,0.0,0.05355575308203697,
4,260820,mixed,MIXED,PNND,5914,0.1234955471009016,0.0,0.1234955471009016,
4,260820,mixed,MIXED,PNND,5915,0.040278093656525016,0.0,0.040278093656525016,
4,260820,mixed,MIXED,PNND,5916,0.09347653482109308,0.0,0.09347653482109308,
4,260820,mixed,MIXED,PNND,5917,0.09952230285853148,0.0,0.09952230285853148,
4,260820,mixed,MIXED,PNND,5918,0.08538810070604086,0.0,0.08538810070604086,
4,260820,mixed,MIXED,PNND,5919,0.0971119487658143,0.0,0.0971119487658143,
4,260820,mixed,MIXED,PNND,5920,0.11228672415018082,0.0,0.11228672415018082,
4,260820,mixed,MIXED,PNND,5921,0.06349411886185408,0.0,0.06349411886185408,
4,260820,mixed,MIXED,PNND,5922,0.07287756353616714,0.0,0.07287756353616714,
4,260820,mixed,MIXED,PNND,5923,0.07238213624805212,0.0,0.07238213624805212,
4,260820,mixed,MIXED,PNND,5924,0.10150214307941496,0.0,0.10150214307941496,
4,260820,mixed,MIXED,PNND,5925,0.024210877483710647,0.0,0.024210877483710647,
4,260820,mixed,MIXED,PNND,5926,0.054051048267865553,0.0,0.054051048267865553,
4,260820,mixed,MIXED,PNND,5927,0.08256279455963522,0.0,0.08256279455963522,
4,260820,mixed,MIXED,PNND,5928,0.10842287540435791,0.0,0.10842287540435791,
4,260820,mixed,MIXED,PNND,5929,0.11827667709439993,0.0,0.11827667709439993,
4,260820,mixed,MIXED,PNND,5930,0.03440031374339014,0.0,0.03440031374339014,
4,260820,mixed,MIXED,PNND,5931,0.0714202607050538,0.0,0.0714202607050538,
4,260820,mixed,MIXED,PNND,5932,0.04982141056098044,0.0,0.04982141056098044,
4,260820,mixed,MIXED,PNND,5933,0.09355107881128788,0.0,0.09355107881128788,
4,260820,mixed,MIXED,PNND,5934,0.05458160908892751,0.0,0.05458160908892751,
4,260820,mixed,MIXED,PNND,5935,0.05954232020303607,0.0,0.05954232020303607,
4,260820,mixed,MIXED,PNND,5936,0.06494276691228151,0.0,0.06494276691228151,
4,260820,mixed,MIXED,PNND,5937,0.06052904482930899,0.0,0.06052904482930899,
4,260820,mixed,MIXED,PNND,5938,0.07899144478142262,0.0,0.07899144478142262,
4,260820,mixed,MIXED,PNND,5939,0.11594371311366558,0.0,0.11594371311366558,
4,260820,mixed,MIXED,PNND,5940,0.06361267948523164,0.0,0.06361267948523164,
4,260820,mixed,MIXED,PNND,5941,0.06402157666161656,0.0,0.06402157666161656,
4,260820,mixed,MIXED,PNND,5942,0.02691938731004484,0.0,0.02691938731004484,
4,260820,mixed,MIXED,PNND,5943,0.10303775407373905,0.0,0.10303775407373905,
4,260820,mixed,MIXED,PNND,5944,0.05757293663918972,0.0,0.05757293663918972,
4,260820,mixed,MIXED,PNND,5945,0.08779973909258842,0.0,0.08779973909258842,
4,260820,mixed,MIXED,PNND,5946,0.09518646448850632,0.0,0.09518646448850632,
4,260820,mixed,MIXED,PNND,5947,0.04996425844728947,0.0,0.04996425844728947,
4,260820,mixed,MIXED,PNND,5948,0.04136139852926135,0.0,0.04136139852926135,
4,260820,mixed,MIXED,PNND,5949,0.0906356853665784,0.0,0.0906356853665784,
4,260820,mixed,MIXED,PNND,5950,0.10740090347826481,0.0,0.10740090347826481,
4,260820,mixed,MIXED,PNND,5951,0.09140926226973534,0.0,0.09140926226973534,
4,260820,mixed,MIXED,PNND,5952,0.03956317587289959,0.0,0.03956317587289959,
4,260820,mixed,MIXED,PNND,5953,0.08878405817085877,0.0,0.08878405817085877,
4,260820,mixed,MIXED,PNND,5954,0.10269985720515251,0.0,0.10269985720515251,
4,260820,mixed,MIXED,PNND,5955,0.11673607118427753,0.0,0.11673607118427753,
4,260820,mixed,MIXED,PNND,5956,0.05213150248164311,0.0,0.05213150248164311,
4,260820,mixed,MIXED,PNND,5957,0.11112126521766186,0.0,0.11112126521766186,
4,260820,mixed,MIXED,PNND,5958,0.061267705634236336,0.0,0.061267705634236336,
4,260820,mixed,MIXED,PNND,5959,0.1039344621822238,0.0,0.1039344621822238,
4,260820,mixed,MIXED,PNND,5960,0.14599531516432762,0.0,0.14599531516432762,
4,260820,mixed,MIXED,PNND,5961,0.07188555900938809,0.0,0.07188555900938809,
4,260820,mixed,MIXED,PNND,5962,0.10846876772120595,0.0,0.10846876772120595,
4,260820,mixed,MIXED,PNND,5963,0.0629829978570342,0.0,0.0629829978570342,
4,260820,mixed,MIXED,PNND,5964,0.06136665842495859,0.0,0.06136665842495859,
4,260820,mixed,MIXED,PNND,5965,0.05255802487954497,0.0,0.05255802487954497,
4,260820,mixed,MIXED,PNND,5966,0.05449723667697981,0.0,0.05449723667697981,
4,260820,mixed,MIXED,PNND,5967,0.06450506951659918,0.0,0.06450506951659918,
4,260820,mixed,MIXED,PNND,5968,0.07914802012965083,0.0,0.07914802012965083,
4,260820,mixed,MIXED,PNND,5969,0.07440762734040618,0.0,0.07440762734040618,
4,260820,mixed,MIXED,PNND,5970,0.06650203559547663,0.0,0.06650203559547663,
4,260820,mixed,MIXED,PNND,5971,0.05806004465557635,0.0,0.05806004465557635,
4,260820,mixed,MIXED,PNND,5972,0.07268795021809638,0.0,0.07268795021809638,
4,260820,mixed,MIXED,PNND,5973,0.09269606322050095,0.0,0.09269606322050095,
4,260820,mixed,MIXED,PNND,5974,0.06570595130324364,0.0,0.06570595130324364,
4,260820,mixed,MIXED,PNND,5975,0.082331083714962,0.0,0.082331083714962,
4,260820,mixed,MIXED,PNND,5976,0.07567061809822917,0.0,0.07567061809822917,
4,260820,mixed,MIXED,PNND,5977,0.08388110622763634,0.0,0.08388110622763634,
4,260820,mixed,MIXED,PNND,5978,0.07568824983900413,0.0,0.07568824983900413,
4,260820,mixed,MIXED,PNND,5979,0.05556550668552518,0.0,0.05556550668552518,
4,260820,mixed,MIXED,PNND,5980,0.07580260862596333,0.0,0.07580260862596333,
4,260820,mixed,MIXED,PNND,5981,0.12031710194423795,0.0,0.12031710194423795,
4,260820,mixed,MIXED,PNND,5982,0.06145949149504304,0.0,0.06145949149504304,
4,260820,mixed,MIXED,PNND,5983,0.08938936982303858,0.0,0.08938936982303858,
4,260820,mixed,MIXED,PNND,5984,0.0955005083233118,0.0,0.0955005083233118,
4,260820,mixed,MIXED,PNND,5985,0.03928135894238949,0.0,0.03928135894238949,
4,260820,mixed,MIXED,PNND,5986,0.058774392353370786,0.0,0.058774392353370786,
4,260820,mixed,MIXED,PNND,5987,0.05109975254163146,0.0,0.05109975254163146,
4,260820,mixed,MIXED,PNND,5988,0.0643873400404118,0.0,0.0643873400404118,
4,260820,mixed,MIXED,PNND,5989,0.04647183883935213,0.0,0.04647183883935213,
4,260820,mixed,MIXED,PNND,5990,0.12974940799176693,0.0,0.12974940799176693,
4,260820,mixed,MIXED,PNND,5991,0.0729112911503762,0.0,0.0729112911503762,
4,260820,mixed,MIXED,PNND,5992,0.08886281214654446,0.0,0.08886281214654446,
4,260820,mixed,MIXED,PNND,5993,0.04459648788906634,0.0,0.04459648788906634,
4,260820,mixed,MIXED,PNND,5994,0.07714779488742352,0.0,0.07714779488742352,
4,260820,mixed,MIXED,PNND,5995,0.062193140387535095,0.0,0.062193140387535095,
4,260820,mixed,MIXED,PNND,5996,0.04449175449553877,0.0,0.04449175449553877,
4,260820,mixed,MIXED,PNND,5997,0.0881491033360362,0.0,0.0881491033360362,
4,260820,mixed,MIXED,PNND,5998,0.05273404344916344,0.0,0.05273404344916344,
4,260820,mixed,MIXED,PNND,5999,0.04509372799657285,0.0,0.04509372799657285,
4,260820,mixed,MIXED,PNND,6000,0.1053706374950707,0.0,0.1053706374950707,-1.052894694188373
4,260820,mixed,MIXED,PNND,6001,0.07181280013173819,0.0,0.07181280013173819,
4,260820,mixed,MIXED,PNND,6002,0.0534278794657439,0.0,0.0534278794657439,
4,260820,mixed,MIXED,PNND,6003,0.04851742275059223,0.0,0.04851742275059223,
4,260820,mixed,MIXED,PNND,6004,0.04380528535693884,0.0,0.04380528535693884,
4,260820,mixed,MIXED,PNND,6005,0.09537836723029613,0.0,0.09537836723029613,
4,260820,mixed,MIXED,PNND,6006,0.10118167288601398,0.0,0.10118167288601398,
4,260820,mixed,MIXED,PNND,6007,0.10657803528010845,0.0,0.10657803528010845,
4,260820,mixed,MIXED,PNND,6008,0.08195955026894808,0.0,0.08195955026894808,
4,260820,mixed,MIXED,PNND,6009,0.09757128916680813,0.0,0.09757128916680813,
4,260820,mixed,MIXED,PNND,6010,0.06822783779352903,0.0,0.06822783779352903,
4,260820,mixed,MIXED,PNND,6011,0.06919943855609745,0.0,0.06919943855609745,
4,260820,mixed,MIXED,PNND,6012,0.04673750628717244,0.0,0.04673750628717244,
4,260820,mixed,MIXED,PNND,6013,0.06037656031548977,0.0,0.06037656031548977,
4,260820,mixed,MIXED,PNND,6014,0.07615853287279606,0.0,0.07615853287279606,
4,260820,mixed,MIXED,PNND,6015,0.050452408380806446,0.0,0.050452408380806446,
4,260820,mixed,MIXED,PNND,6016,0.07172039744909853,0.0,0.07172039744909853,
4,260820,mixed,MIXED,PNND,6017,0.12054161913692951,0.0,0.12054161913692951,
4,260820,mixed,MIXED,PNND,6018,0.08843340072780848,0.0,0.08843340072780848,
4,260820,mixed,MIXED,PNND,6019,0.07016128860414028,0.0,0.07016128860414028,
4,260820,mixed,MIXED,PNND,6020,0.08536489773541689,0.0,0.08536489773541689,
4,260820,mixed,MIXED,PNND,6021,0.03833910869434476,0.0,0.03833910869434476,
4,260820,mixed,MIXED,PNND,6022,0.08204337116330862,0.0,0.08204337116330862,
4,260820,mixed,MIXED,PNND,6023,0.11071765795350075,0.0,0.11071765795350075,
4,260820,mixed,MIXED,PNND,6024,0.08344835648313165,0.0,0.08344835648313165,
4,260820,mixed,MIXED,PNND,6025,0.07150893285870552,0.0,0.07150893285870552,
4,260820,mixed,MIXED,PNND,6026,0.07969004940241575,0.0,0.07969004940241575,
4,260820,mixed,MIXED,PNND,6027,0.1250600442290306,0.0,0.1250600442290306,
4,260820,mixed,MIXED,PNND,6028,0.10706069692969322,0.0,0.10706069692969322,
4,260820,mixed,MIXED,PNND,6029,0.09039072040468454,0.0,0.09039072040468454,
4,260820,mixed,MIXED,PNND,6030,0.07229834422469139,0.0,0.07229834422469139,
4,260820,mixed,MIXED,PNND,6031,0.05351436045020819,0.0,0.05351436045020819,
4,260820,mixed,MIXED,PNND,6032,0.09052610863000154,0.0,0.09052610863000154,
4,260820,mixed,MIXED,PNND,6033,0.09006939083337784,0.0,0.09006939083337784,
4,260820,mixed,MIXED,PNND,6034,0.07340912893414497,0.0,0.07340912893414497,
4,260820,mixed,MIXED,PNND,6035,0.10241479054093361,0.0,0.10241479054093361,
4,260820,mixed,MIXED,PNND,6036,0.04176386023755185,0.0,0.04176386023755185,
4,260820,mixed,MIXED,PNND,6037,0.05183857399970293,0.0,0.05183857399970293,
4,260820,mixed,MIXED,PNND,6038,0.05003226548433304,0.0,0.05003226548433304,
4,260820,mixed,MIXED,PNND,6039,0.06704102084040642,0.0,0.06704102084040642,
4,260820,mixed,MIXED,PNND,6040,0.08764197025448084,0.0,0.08764197025448084,
4,260820,mixed,MIXED,PNND,6041,0.0843608733266592,0.0,0.0843608733266592,
4,260820,mixed,MIXED,PNND,6042,0.07765721343457699,0.0,0.07765721343457699,
4,260820,mixed,MIXED,PNND,6043,0.039273619651794434,0.0,0.039273619651794434,
4,260820,mixed,MIXED,PNND,6044,0.08166370610706508,0.0,0.08166370610706508,
4,260820,mixed,MIXED,PNND,6045,0.05166269087931141,0.0,0.05166269087931141,
4,260820,mixed,MIXED,PNND,6046,0.10032795602455735,0.0,0.10032795602455735,
4,260820,mixed,MIXED,PNND,6047,0.12283876352012157,0.0,0.12283876352012157,
4,260820,mixed,MIXED,PNND,6048,0.08312832203228027,0.0,0.08312832203228027,
4,260820,mixed,MIXED,PNND,6049,0.11553345806896687,0.0,0.11553345806896687,
4,260820,mixed,MIXED,PNND,6050,0.05471133906394243,0.0,0.05471133906394243,
4,260820,mixed,MIXED,PNND,6051,0.12165189161896706,0.0,0.12165189161896706,
4,260820,mixed,MIXED,PNND,6052,0.05008387193083763,0.0,0.05008387193083763,
4,260820,mixed,MIXED,PNND,6053,0.14038033038377762,0.0,0.14038033038377762,
4,260820,mixed,MIXED,PNND,6054,0.04950047505553812,0.0,0.04950047505553812,
4,260820,mixed,MIXED,PNND,6055,0.11879306472837925,0.0,0.11879306472837925,
4,260820,mixed,MIXED,PNND,6056,0.07092251256108284,0.0,0.07092251256108284,
4,260820,mixed,MIXED,PNND,6057,0.08644190663471818,0.0,0.08644190663471818,
4,260820,mixed,MIXED,PNND,6058,0.09726134687662125,0.0,0.09726134687662125,
4,260820,mixed,MIXED,PNND,6059,0.05215884279459715,0.0,0.05215884279459715,
4,260820,mixed,MIXED,PNND,6060,0.10541642550379038,0.0,0.10541642550379038,
4,260820,mixed,MIXED,PNND,6061,0.11374647542834282,0.0,0.11374647542834282,
4,260820,mixed,MIXED,PNND,6062,0.09157686773687601,0.0,0.09157686773687601,
4,260820,mixed,MIXED,PNND,6063,0.06490306707564741,0.0,0.06490306707564741,
4,260820,mixed,MIXED,PNND,6064,0.07885816879570484,0.0,0.07885816879570484,
4,260820,mixed,MIXED,PNND,6065,0.08542839903384447,0.0,0.08542839903384447,
4,260820,mixed,MIXED,PNND,6066,0.08432442788034678,0.0,0.08432442788034678,
4,260820,mixed,MIXED,PNND,6067,0.04798163450323045,0.0,0.04798163450323045,
4,260820,mixed,MIXED,PNND,6068,0.0766965625807643,0.0,0.0766965625807643,
4,260820,mixed,MIXED,PNND,6069,0.05943478620611131,0.0,0.05943478620611131,
4,260820,mixed,MIXED,PNND,6070,0.09282652661204338,0.0,0.09282652661204338,
4,260820,mixed,MIXED,PNND,6071,0.0715981787070632,0.0,0.0715981787070632,
4,260820,mixed,MIXED,PNND,6072,0.052659306675195694,0.0,0.052659306675195694,
4,260820,mixed,MIXED,PNND,6073,0.052538903430104256,0.0,0.052538903430104256,
4,260820,mixed,MIXED,PNND,6074,0.07396001531742513,0.0,0.07396001531742513,
4,260820,mixed,MIXED,PNND,6075,0.07151043228805065,0.0,0.07151043228805065,
4,260820,mixed,MIXED,PNND,6076,0.09626073483377695,0.0,0.09626073483377695,
4,260820,mixed,MIXED,PNND,6077,0.03907710709609091,0.0,0.03907710709609091,
4,260820,mixed,MIXED,PNND,6078,0.1528319288045168,0.0,0.1528319288045168,
4,260820,mixed,MIXED,PNND,6079,0.10786550119519234,0.0,0.10786550119519234,
4,260820,mixed,MIXED,PNND,6080,0.07955755339935422,0.0,0.07955755339935422,
4,260820,mixed,MIXED,PNND,6081,0.0613818746060133,0.0,0.0613818746060133,
4,260820,mixed,MIXED,PNND,6082,0.046641042456030846,0.0,0.046641042456030846,
4,260820,mixed,MIXED,PNND,6083,0.10693494789302349,0.0,0.10693494789302349,
4,260820,mixed,MIXED,PNND,6084,0.09475625306367874,0.0,0.09475625306367874,
4,260820,mixed,MIXED,PNND,6085,0.06723669171333313,0.0,0.06723669171333313,
4,260820,mixed,MIXED,PNND,6086,0.06263163313269615,0.0,0.06263163313269615,
4,260820,mixed,MIXED,PNND,6087,0.06848022062331438,0.0,0.06848022062331438,
4,260820,mixed,MIXED,PNND,6088,0.09151759371161461,0.0,0.09151759371161461,
4,260820,mixed,MIXED,PNND,6089,0.09380756714381278,0.0,0.09380756714381278,
4,260820,mixed,MIXED,PNND,6090,0.09026245400309563,0.0,0.09026245400309563,
4,260820,mixed,MIXED,PNND,6091,0.07055240776389837,0.0,0.07055240776389837,
4,260820,mixed,MIXED,PNND,6092,0.049574966076761484,0.0,0.049574966076761484,
4,260820,mixed,MIXED,PNND,6093,0.1148117147386074,0.0,0.1148117147386074,
4,260820,mixed,MIXED,PNND,6094,0.06363121140748262,0.0,0.06363121140748262,
4,260820,mixed,MIXED,PNND,6095,0.08784192381426692,0.0,0.08784192381426692,
4,260820,mixed,MIXED,PNND,6096,0.11932392418384552,0.0,0.11932392418384552,
4,260820,mixed,MIXED,PNND,6097,0.08908979408442974,0.0,0.08908979408442974,
4,260820,mixed,MIXED,PNND,6098,0.08241420658305287,0.0,0.08241420658305287,
4,260820,mixed,MIXED,PNND,6099,0.09586696233600378,0.0,0.09586696233600378,
4,260820,mixed,MIXED,PNND,6100,0.10606184881180525,0.0,0.10606184881180525,
4,260820,mixed,MIXED,PNND,6101,0.11893657874315977,0.0,0.11893657874315977,
4,260820,mixed,MIXED,PNND,6102,0.07675296533852816,0.0,0.07675296533852816,
4,260820,mixed,MIXED,PNND,6103,0.07318318542093039,0.0,0.07318318542093039,
4,260820,mixed,MIXED,PNND,6104,0.08772766729816794,0.0,0.08772766729816794,
4,260820,mixed,MIXED,PNND,6105,0.0896475100889802,0.0,0.0896475100889802,
4,260820,mixed,MIXED,PNND,6106,0.07141612956183963,0.0,0.07141612956183963,
4,260820,mixed,MIXED,PNND,6107,0.08832957362756133,0.0,0.08832957362756133,
4,260820,mixed,MIXED,PNND,6108,0.06296796444803476,0.0,0.06296796444803476,
4,260820,mixed,MIXED,PNND,6109,0.04451843065908179,0.0,0.04451843065908179,
4,260820,mixed,MIXED,PNND,6110,0.060233596712350845,0.0,0.060233596712350845,
4,260820,mixed,MIXED,PNND,6111,0.07468891516327858,0.0,0.07468891516327858,
4,260820,mixed,MIXED,PNND,6112,0.08485688455402851,0.0,0.08485688455402851,
4,260820,mixed,MIXED,PNND,6113,0.13198163732886314,0.0,0.13198163732886314,
4,260820,mixed,MIXED,PNND,6114,0.10830630920827389,0.0,0.10830630920827389,
4,260820,mixed,MIXED,PNND,6115,0.07845737342722714,0.0,0.07845737342722714,
4,260820,mixed,MIXED,PNND,6116,0.1003178721293807,0.0,0.1003178721293807,
4,260820,mixed,MIXED,PNND,6117,0.08113932516425848,0.0,0.08113932516425848,
4,260820,mixed,MIXED,PNND,6118,0.1262957975268364,0.0,0.1262957975268364,
4,260820,mixed,MIXED,PNND,6119,0.09832227788865566,0.0,0.09832227788865566,
4,260820,mixed,MIXED,PNND,6120,0.05640298640355468,0.0,0.05640298640355468,
4,260820,mixed,MIXED,PNND,6121,0.027738816337659955,0.0,0.027738816337659955,
4,260820,mixed,MIXED,PNND,6122,0.07670339476317167,0.0,0.07670339476317167,
4,260820,mixed,MIXED,PNND,6123,0.06212985282763839,0.0,0.06212985282763839,
4,260820,mixed,MIXED,PNND,6124,0.06026924471370876,0.0,0.06026924471370876,
4,260820,mixed,MIXED,PNND,6125,0.12141579203307629,0.0,0.12141579203307629,
4,260820,mixed,MIXED,PNND,6126,0.0880296933464706,0.0,0.0880296933464706,
4,260820,mixed,MIXED,PNND,6127,0.09152475092560053,0.0,0.09152475092560053,
4,260820,mixed,MIXED,PNND,6128,0.06083341222256422,0.0,0.06083341222256422,
4,260820,mixed,MIXED,PNND,6129,0.05106686626095325,0.0,0.05106686626095325,
4,260820,mixed,MIXED,PNND,6130,0.0728484415449202,0.0,0.0728484415449202,
4,260820,mixed,MIXED,PNND,6131,0.05365199642255902,0.0,0.05365199642255902,
4,260820,mixed,MIXED,PNND,6132,0.047233761637471616,0.0,0.047233761637471616,
4,260820,mixed,MIXED,PNND,6133,0.116148941218853,0.0,0.116148941218853,
4,260820,mixed,MIXED,PNND,6134,0.05836554802954197,0.0,0.05836554802954197,
4,260820,mixed,MIXED,PNND,6135,0.08923360984772444,0.0,0.08923360984772444,
4,260820,mixed,MIXED,PNND,6136,0.10719572473317385,0.0,0.10719572473317385,
4,260820,mixed,MIXED,PNND,6137,0.04362896183738485,0.0,0.04362896183738485,
4,260820,mixed,MIXED,PNND,6138,0.007911982902442105,0.0,0.007911982902442105,
4,260820,mixed,MIXED,PNND,6139,0.05404754355549812,0.0,0.05404754355549812,
4,260820,mixed,MIXED,PNND,6140,0.05573434755206108,0.0,0.05573434755206108,
4,260820,mixed,MIXED,PNND,6141,0.08764165733009577,0.0,0.08764165733009577,
4,260820,mixed,MIXED,PNND,6142,0.08084119483828545,0.0,0.08084119483828545,
4,260820,mixed,MIXED,PNND,6143,0.05178860016167164,0.0,0.05178860016167164,
4,260820,mixed,MIXED,PNND,6144,0.06984265707433224,0.0,0.06984265707433224,
4,260820,mixed,MIXED,PNND,6145,0.06434960104525089,0.0,0.06434960104525089,
4,260820,mixed,MIXED,PNND,6146,0.10790733783505857,0.0,0.10790733783505857,
4,260820,mixed,MIXED,PNND,6147,0.09638708550482988,0.0,0.09638708550482988,
4,260820,mixed,MIXED,PNND,6148,0.05536696780472994,0.0,0.05536696780472994,
4,260820,mixed,MIXED,PNND,6149,0.045436165819410235,0.0,0.045436165819410235,
4,260820,mixed,MIXED,PNND,6150,0.05840031476691365,0.0,0.05840031476691365,
4,260820,mixed,MIXED,PNND,6151,0.09937199018895626,0.0,0.09937199018895626,
4,260820,mixed,MIXED,PNND,6152,0.07158479141071439,0.0,0.07158479141071439,
4,260820,mixed,MIXED,PNND,6153,0.11107496544718742,0.0,0.11107496544718742,
4,260820,mixed,MIXED,PNND,6154,0.03364588553085923,0.0,0.03364588553085923,
4,260820,mixed,MIXED,PNND,6155,0.09359553596004844,0.0,0.09359553596004844,
4,260820,mixed,MIXED,PNND,6156,0.0670503507135436,0.0,0.0670503507135436,
4,260820,mixed,MIXED,PNND,6157,0.11255329847335815,0.0,0.11255329847335815,
4,260820,mixed,MIXED,PNND,6158,0.05533724371343851,0.0,0.05533724371343851,
4,260820,mixed,MIXED,PNND,6159,0.027915892656892538,0.0,0.027915892656892538,
4,260820,mixed,MIXED,PNND,6160,0.06293207872658968,0.0,0.06293207872658968,
4,260820,mixed,MIXED,PNND,6161,0.05593069922178984,0.0,0.05593069922178984,
4,260820,mixed,MIXED,PNND,6162,0.04523153632180765,0.0,0.04523153632180765,
4,260820,mixed,MIXED,PNND,6163,0.10033791791647673,0.0,0.10033791791647673,
4,260820,mixed,MIXED,PNND,6164,0.07755548320710659,0.0,0.07755548320710659,
4,260820,mixed,MIXED,PNND,6165,0.08444421645253897,0.0,0.08444421645253897,
4,260820,mixed,MIXED,PNND,6166,0.0869451742619276,0.0,0.0869451742619276,
4,260820,mixed,MIXED,PNND,6167,0.09070390602573752,0.0,0.09070390602573752,
4,260820,mixed,MIXED,PNND,6168,0.01701440883334726,0.0,0.01701440883334726,
4,260820,mixed,MIXED,PNND,6169,0.0733170323073864,0.0,0.0733170323073864,
4,260820,mixed,MIXED,PNND,6170,0.06075372826308012,0.0,0.06075372826308012,
4,260820,mixed,MIXED,PNND,6171,0.06494602747261524,0.0,0.06494602747261524,
4,260820,mixed,MIXED,PNND,6172,0.1046136375516653,0.0,0.1046136375516653,
4,260820,mixed,MIXED,PNND,6173,0.09184261783957481,0.0,0.09184261783957481,
4,260820,mixed,MIXED,PNND,6174,0.08202346041798592,0.0,0.08202346041798592,
4,260820,mixed,MIXED,PNND,6175,0.05573821719735861,0.0,0.05573821719735861,
4,260820,mixed,MIXED,PNND,6176,0.07177623407915235,0.0,0.07177623407915235,
4,260820,mixed,MIXED,PNND,6177,0.11256798729300499,0.0,0.11256798729300499,
4,260820,mixed,MIXED,PNND,6178,0.05410954589024186,0.0,0.05410954589024186,
4,260820,mixed,MIXED,PNND,6179,0.06898071803152561,0.0,0.06898071803152561,
4,260820,mixed,MIXED,PNND,6180,0.07832487020641565,0.0,0.07832487020641565,
4,260820,mixed,MIXED,PNND,6181,0.0393003080971539,0.0,0.0393003080971539,
4,260820,mixed,MIXED,PNND,6182,0.05111205548746511,0.0,0.05111205548746511,
4,260820,mixed,MIXED,PNND,6183,0.07243523231591098,0.0,0.07243523231591098,
4,260820,mixed,MIXED,PNND,6184,0.08768817689269781,0.0,0.08768817689269781,
4,260820,mixed,MIXED,PNND,6185,0.07543136738240719,0.0,0.07543136738240719,
4,260820,mixed,MIXED,PNND,6186,0.0699137719348073,0.0,0.0699137719348073,
4,260820,mixed,MIXED,PNND,6187,0.08234240207821131,0.0,0.08234240207821131,
4,260820,mixed,MIXED,PNND,6188,0.08358778990805149,0.0,0.08358778990805149,
4,260820,mixed,MIXED,PNND,6189,0.04178083082661033,0.0,0.04178083082661033,
4,260820,mixed,MIXED,PNND,6190,0.07679804967483506,0.0,0.07679804967483506,
4,260820,mixed,MIXED,PNND,6191,0.08769504446536303,0.0,0.08769504446536303,
4,260820,mixed,MIXED,PNND,6192,0.06257663108408451,0.0,0.06257663108408451,
4,260820,mixed,MIXED,PNND,6193,0.03041232901159674,0.0,0.03041232901159674,
4,260820,mixed,MIXED,PNND,6194,0.10848679259652272,0.0,0.10848679259652272,
4,260820,mixed,MIXED,PNND,6195,0.10563886538147926,0.0,0.10563886538147926,
4,260820,mixed,MIXED,PNND,6196,0.05653642117977142,0.0,0.05653642117977142,
4,260820,mixed,MIXED,PNND,6197,0.04664016593596898,0.0,0.04664016593596898,
4,260820,mixed,MIXED,PNND,6198,0.09793522767722607,0.0,0.09793522767722607,
4,260820,mixed,MIXED,PNND,6199,0.06244832428637892,0.0,0.06244832428637892,
4,260820,mixed,MIXED,PNND,6200,0.03592197789112106,0.0,0.03592197789112106,-1.0607392016804849
4,260820,mixed,MIXED,PNND,6201,0.10256062640110031,0.0,0.10256062640110031,
4,260820,mixed,MIXED,PNND,6202,0.05847552698105574,0.0,0.05847552698105574,
4,260820,mixed,MIXED,PNND,6203,0.07438028044998646,0.0,0.07438028044998646,
4,260820,mixed,MIXED,PNND,6204,0.07342931255698204,0.0,0.07342931255698204,
4,260820,mixed,MIXED,PNND,6205,0.06441405601799488,0.0,0.06441405601799488,
4,260820,mixed,MIXED,PNND,6206,0.06534783355891705,0.0,0.06534783355891705,
4,260820,mixed,MIXED,PNND,6207,0.13454299047589302,0.0,0.13454299047589302,
4,260820,mixed,MIXED,PNND,6208,0.05453450232744217,0.0,0.05453450232744217,
4,260820,mixed,MIXED,PNND,6209,0.04792639333754778,0.0,0.04792639333754778,
4,260820,mixed,MIXED,PNND,6210,0.08981364872306585,0.0,0.08981364872306585,
4,260820,mixed,MIXED,PNND,6211,0.08002468943595886,0.0,0.08002468943595886,
4,260820,mixed,MIXED,PNND,6212,0.11178940534591675,0.0,0.11178940534591675,
4,260820,mixed,MIXED,PNND,6213,0.13696321845054626,0.0,0.13696321845054626,
4,260820,mixed,MIXED,PNND,6214,0.057279410772025585,0.0,0.057279410772025585,
4,260820,mixed,MIXED,PNND,6215,0.03830190468579531,0.0,0.03830190468579531,
4,260820,mixed,MIXED,PNND,6216,0.09065459426346933,0.0,0.09065459426346933,
4,260820,mixed,MIXED,PNND,6217,0.07359185814857483,0.0,0.07359185814857483,
4,260820,mixed,MIXED,PNND,6218,0.11219017021358013,0.0,0.11219017021358013,
4,260820,mixed,MIXED,PNND,6219,0.06472375121666119,0.0,0.06472375121666119,
4,260820,mixed,MIXED,PNND,6220,0.09125680848956108,0.0,0.09125680848956108,
4,260820,mixed,MIXED,PNND,6221,0.08163632775540464,0.0,0.08163632775540464,
4,260820,mixed,MIXED,PNND,6222,0.08210576721467078,0.0,0.08210576721467078,
4,260820,mixed,MIXED,PNND,6223,0.06867054832400754,0.0,0.06867054832400754,
4,260820,mixed,MIXED,PNND,6224,0.09464688738808036,0.0,0.09464688738808036,
4,260820,mixed,MIXED,PNND,6225,0.09777514263987541,0.0,0.09777514263987541,
4,260820,mixed,MIXED,PNND,6226,0.08391673397272825,0.0,0.08391673397272825,
4,260820,mixed,MIXED,PNND,6227,0.05753478454425931,0.0,0.05753478454425931,
4,260820,mixed,MIXED,PNND,6228,0.07897570636123419,0.0,0.07897570636123419,
4,260820,mixed,MIXED,PNND,6229,0.10900483373552561,0.0,0.10900483373552561,
4,260820,mixed,MIXED,PNND,6230,0.0534193622879684,0.0,0.0534193622879684,
4,260820,mixed,MIXED,PNND,6231,0.1253256555646658,0.0,0.1253256555646658,
4,260820,mixed,MIXED,PNND,6232,0.05939694819971919,0.0,0.05939694819971919,
4,260820,mixed,MIXED,PNND,6233,0.019188222679076716,0.0,0.019188222679076716,
4,260820,mixed,MIXED,PNND,6234,0.12995436042547226,0.0,0.12995436042547226,
4,260820,mixed,MIXED,PNND,6235,0.11718725226819515,0.0,0.11718725226819515,
4,260820,mixed,MIXED,PNND,6236,0.09719456173479557,0.0,0.09719456173479557,
4,260820,mixed,MIXED,PNND,6237,0.06449283822439611,0.0,0.06449283822439611,
4,260820,mixed,MIXED,PNND,6238,0.03804299887269735,0.0,0.03804299887269735,
4,260820,mixed,MIXED,PNND,6239,0.10982473008334637,0.0,0.10982473008334637,
4,260820,mixed,MIXED,PNND,6240,0.10807616636157036,0.0,0.10807616636157036,
4,260820,mixed,MIXED,PNND,6241,0.03839416615664959,0.0,0.03839416615664959,
4,260820,mixed,MIXED,PNND,6242,0.04945081565529108,0.0,0.04945081565529108,
4,260820,mixed,MIXED,PNND,6243,0.09861092083156109,0.0,0.09861092083156109,
4,260820,mixed,MIXED,PNND,6244,0.05750351888127625,0.0,0.05750351888127625,
4,260820,mixed,MIXED,PNND,6245,0.1274981815367937,0.0,0.1274981815367937,
4,260820,mixed,MIXED,PNND,6246,0.05973133852239698,0.0,0.05973133852239698,
4,260820,mixed,MIXED,PNND,6247,0.030459227738901973,0.0,0.030459227738901973,
4,260820,mixed,MIXED,PNND,6248,0.03532156103756279,0.0,0.03532156103756279,
4,260820,mixed,MIXED,PNND,6249,0.08696504170075059,0.0,0.08696504170075059,
4,260820,mixed,MIXED,PNND,6250,0.08906839042901993,0.0,0.08906839042901993,
4,260820,mixed,MIXED,PNND,6251,0.12335911579430103,0.0,0.12335911579430103,
4,260820,mixed,MIXED,PNND,6252,0.056830016896128654,0.0,0.056830016896128654,
4,260820,mixed,MIXED,PNND,6253,0.051366540719754994,0.0,0.051366540719754994,
4,260820,mixed,MIXED,PNND,6254,0.09420302556827664,0.0,0.09420302556827664,
4,260820,mixed,MIXED,PNND,6255,0.08939135354012251,0.0,0.08939135354012251,
4,260820,mixed,MIXED,PNND,6256,0.03021517675369978,0.0,0.03021517675369978,
4,260820,mixed,MIXED,PNND,6257,0.08205448463559151,0.0,0.08205448463559151,
4,260820,mixed,MIXED,PNND,6258,0.107476357370615,0.0,0.107476357370615,
4,260820,mixed,MIXED,PNND,6259,0.09523829817771912,0.0,0.09523829817771912,
4,260820,mixed,MIXED,PNND,6260,0.09250541869550943,0.0,0.09250541869550943,
4,260820,mixed,MIXED,PNND,6261,0.04141644109040499,0.0,0.04141644109040499,
4,260820,mixed,MIXED,PNND,6262,0.03695878357393667,0.0,0.03695878357393667,
4,260820,mixed,MIXED,PNND,6263,0.09135524928569794,0.0,0.09135524928569794,
4,260820,mixed,MIXED,PNND,6264,0.056783927604556084,0.0,0.056783927604556084,
4,260820,mixed,MIXED,PNND,6265,0.07428249972872436,0.0,0.07428249972872436,
4,260820,mixed,MIXED,PNND,6266,0.07969289761967957,0.0,0.07969289761967957,
4,260820,mixed,MIXED,PNND,6267,0.08864862564951181,0.0,0.08864862564951181,
4,260820,mixed,MIXED,PNND,6268,0.05121508636511862,0.0,0.05121508636511862,
4,260820,mixed,MIXED,PNND,6269,0.07866866793483496,0.0,0.07866866793483496,
4,260820,mixed,MIXED,PNND,6270,0.14139498956501484,0.0,0.14139498956501484,
4,260820,mixed,MIXED,PNND,6271,0.07975379377603531,0.0,0.07975379377603531,
4,260820,mixed,MIXED,PNND,6272,0.06785867270082235,0.0,0.06785867270082235,
4,260820,mixed,MIXED,PNND,6273,0.09317162071238272,0.0,0.09317162071238272,
4,260820,mixed,MIXED,PNND,6274,0.048710363917052746,0.0,0.048710363917052746,
4,260820,mixed,MIXED,PNND,6275,0.14000944793224335,0.0,0.14000944793224335,
4,260820,mixed,MIXED,PNND,6276,0.02553713705856353,0.0,0.02553713705856353,
4,260820,mixed,MIXED,PNND,6277,0.10379750560969114,0.0,0.10379750560969114,
4,260820,mixed,MIXED,PNND,6278,0.06845286069437861,0.0,0.06845286069437861,
4,260820,mixed,MIXED,PNND,6279,0.06027544941753149,0.0,0.06027544941753149,
4,260820,mixed,MIXED,PNND,6280,0.11088780593127012,0.0,0.11088780593127012,
4,260820,mixed,MIXED,PNND,6281,0.07510781474411488,0.0,0.07510781474411488,
4,260820,mixed,MIXED,PNND,6282,0.040798578877002,0.0,0.040798578877002,
4,260820,mixed,MIXED,PNND,6283,0.09757021255791187,0.0,0.09757021255791187,
4,260820,mixed,MIXED,PNND,6284,0.07806476182304323,0.0,0.07806476182304323,
4,260820,mixed,MIXED,PNND,6285,0.10951776802539825,0.0,0.10951776802539825,
4,260820,mixed,MIXED,PNND,6286,0.06750730413477868,0.0,0.06750730413477868,
4,260820,mixed,MIXED,PNND,6287,0.050728911301121116,0.0,0.050728911301121116,
4,260820,mixed,MIXED,PNND,6288,0.09699346497654915,0.0,0.09699346497654915,
4,260820,mixed,MIXED,PNND,6289,0.07478084973990917,0.0,0.07478084973990917,
4,260820,mixed,MIXED,PNND,6290,0.06405384201207198,0.0,0.06405384201207198,
4,260820,mixed,MIXED,PNND,6291,0.0700403293594718,0.0,0.0700403293594718,
4,260820,mixed,MIXED,PNND,6292,0.07486872072331607,0.0,0.07486872072331607,
4,260820,mixed,MIXED,PNND,6293,0.07601535599678755,0.0,0.07601535599678755,
4,260820,mixed,MIXED,PNND,6294,0.09787858085474,0.0,0.09787858085474,
4,260820,mixed,MIXED,PNND,6295,0.06638901308178902,0.0,0.06638901308178902,
4,260820,mixed,MIXED,PNND,6296,0.045489078969694674,0.0,0.045489078969694674,
4,260820,mixed,MIXED,PNND,6297,0.06483024079352617,0.0,0.06483024079352617,
4,260820,mixed,MIXED,PNND,6298,0.08072909736074507,0.0,0.08072909736074507,
4,260820,mixed,MIXED,PNND,6299,0.06109692365862429,0.0,0.06109692365862429,
4,260820,mixed,MIXED,PNND,6300,0.06876877159811556,0.0,0.06876877159811556,
4,260820,mixed,MIXED,PNND,6301,0.08312934823334217,0.0,0.08312934823334217,
4,260820,mixed,MIXED,PNND,6302,0.059392249677330256,0.0,0.059392249677330256,
4,260820,mixed,MIXED,PNND,6303,0.0728202136233449,0.0,0.0728202136233449,
4,260820,mixed,MIXED,PNND,6304,0.10936423018574715,0.0,0.10936423018574715,
4,260820,mixed,MIXED,PNND,6305,0.10026631224900484,0.0,0.10026631224900484,
4,260820,mixed,MIXED,PNND,6306,0.08938213251531124,0.0,0.08938213251531124,
4,260820,mixed,MIXED,PNND,6307,0.07254369393922389,0.0,0.07254369393922389,
4,260820,mixed,MIXED,PNND,6308,0.05943622067570686,0.0,0.05943622067570686,
4,260820,mixed,MIXED,PNND,6309,0.06813478842377663,0.0,0.06813478842377663,
4,260820,mixed,MIXED,PNND,6310,0.07557321013882756,0.0,0.07557321013882756,
4,260820,mixed,MIXED,PNND,6311,0.06287627946585417,0.0,0.06287627946585417,
4,260820,mixed,MIXED,PNND,6312,0.07060323329642415,0.0,0.07060323329642415,
4,260820,mixed,MIXED,PNND,6313,0.06874687620438635,0.0,0.06874687620438635,
4,260820,mixed,MIXED,PNND,6314,0.1067146547138691,0.0,0.1067146547138691,
4,260820,mixed,MIXED,PNND,6315,0.09341195598244667,0.0,0.09341195598244667,
4,260820,mixed,MIXED,PNND,6316,0.0688265876378864,0.0,0.0688265876378864,
4,260820,mixed,MIXED,PNND,6317,0.11214407999068499,0.0,0.11214407999068499,
4,260820,mixed,MIXED,PNND,6318,0.10568494908511639,0.0,0.10568494908511639,
4,260820,mixed,MIXED,PNND,6319,0.07988865859806538,0.0,0.07988865859806538,
4,260820,mixed,MIXED,PNND,6320,0.08060435205698013,0.0,0.08060435205698013,
4,260820,mixed,MIXED,PNND,6321,0.12601556442677975,0.0,0.12601556442677975,
4,260820,mixed,MIXED,PNND,6322,0.008800463838269934,0.0,0.008800463838269934,
4,260820,mixed,MIXED,PNND,6323,0.11473608296364546,0.0,0.11473608296364546,
4,260820,mixed,MIXED,PNND,6324,0.10142243560403585,0.0,0.10142243560403585,
4,260820,mixed,MIXED,PNND,6325,0.038516752305440605,0.0,0.038516752305440605,
4,260820,mixed,MIXED,PNND,6326,0.0853121466934681,0.0,0.0853121466934681,
4,260820,mixed,MIXED,PNND,6327,0.10813960060477257,0.0,0.10813960060477257,
4,260820,mixed,MIXED,PNND,6328,0.12331316247582436,0.0,0.12331316247582436,
4,260820,mixed,MIXED,PNND,6329,0.06016293226275593,0.0,0.06016293226275593,
4,260820,mixed,MIXED,PNND,6330,0.07584626972675323,0.0,0.07584626972675323,
4,260820,mixed,MIXED,PNND,6331,0.08552281837910414,0.0,0.08552281837910414,
4,260820,mixed,MIXED,PNND,6332,0.0491546830162406,0.0,0.0491546830162406,
4,260820,mixed,MIXED,PNND,6333,0.09068384824786335,0.0,0.09068384824786335,
4,260820,mixed,MIXED,PNND,6334,0.12577003985643387,0.0,0.12577003985643387,
4,260820,mixed,MIXED,PNND,6335,0.07361498940736055,0.0,0.07361498940736055,
4,260820,mixed,MIXED,PNND,6336,0.09515241533517838,0.0,0.09515241533517838,
4,260820,mixed,MIXED,PNND,6337,0.07022313587367535,0.0,0.07022313587367535,
4,260820,mixed,MIXED,PNND,6338,0.0654509337618947,0.0,0.0654509337618947,
4,260820,mixed,MIXED,PNND,6339,0.08454243326559663,0.0,0.08454243326559663,
4,260820,mixed,MIXED,PNND,6340,0.05841501010581851,0.0,0.05841501010581851,
4,260820,mixed,MIXED,PNND,6341,0.053201356902718544,0.0,0.053201356902718544,
4,260820,mixed,MIXED,PNND,6342,0.1079774210229516,0.0,0.1079774210229516,
4,260820,mixed,MIXED,PNND,6343,0.06236295308917761,0.0,0.06236295308917761,
4,260820,mixed,MIXED,PNND,6344,0.05520726926624775,0.0,0.05520726926624775,
4,260820,mixed,MIXED,PNND,6345,0.09204696863889694,0.0,0.09204696863889694,
4,260820,mixed,MIXED,PNND,6346,0.04779944196343422,0.0,0.04779944196343422,
4,260820,mixed,MIXED,PNND,6347,0.09004662139341235,0.0,0.09004662139341235,
4,260820,mixed,MIXED,PNND,6348,0.039193110540509224,0.0,0.039193110540509224,
4,260820,mixed,MIXED,PNND,6349,0.03273077728226781,0.0,0.03273077728226781,
4,260820,mixed,MIXED,PNND,6350,0.074723394587636,0.0,0.074723394587636,
4,260820,mixed,MIXED,PNND,6351,0.12599715031683445,0.0,0.12599715031683445,
4,260820,mixed,MIXED,PNND,6352,0.1000783002236858,0.0,0.1000783002236858,
4,260820,mixed,MIXED,PNND,6353,0.05346446763724089,0.0,0.05346446763724089,
4,260820,mixed,MIXED,PNND,6354,0.058094010688364506,0.0,0.058094010688364506,
4,260820,mixed,MIXED,PNND,6355,0.05505031393840909,0.0,0.05505031393840909,
4,260820,mixed,MIXED,PNND,6356,0.0417182351811789,0.0,0.0417182351811789,
4,260820,mixed,MIXED,PNND,6357,0.0545129650272429,0.0,0.0545129650272429,
4,260820,mixed,MIXED,PNND,6358,0.08809099160134792,0.0,0.08809099160134792,
4,260820,mixed,MIXED,PNND,6359,0.05089153070002794,0.0,0.05089153070002794,
4,260820,mixed,MIXED,PNND,6360,0.09038009226787835,0.0,0.09038009226787835,
4,260820,mixed,MIXED,PNND,6361,0.11961194314062595,0.0,0.11961194314062595,
4,260820,mixed,MIXED,PNND,6362,0.07250191830098629,0.0,0.07250191830098629,
4,260820,mixed,MIXED,PNND,6363,0.08130252873525023,0.0,0.08130252873525023,
4,260820,mixed,MIXED,PNND,6364,0.10948252119123936,0.0,0.10948252119123936,
4,260820,mixed,MIXED,PNND,6365,0.08304073847830296,0.0,0.08304073847830296,
4,260820,mixed,MIXED,PNND,6366,0.09191258158534765,0.0,0.09191258158534765,
4,260820,mixed,MIXED,PNND,6367,0.04992412752471864,0.0,0.04992412752471864,
4,260820,mixed,MIXED,PNND,6368,0.07511452707694843,0.0,0.07511452707694843,
4,260820,mixed,MIXED,PNND,6369,0.03389198670629412,0.0,0.03389198670629412,
4,260820,mixed,MIXED,PNND,6370,0.04553334624506533,0.0,0.04553334624506533,
4,260820,mixed,MIXED,PNND,6371,0.06965369777753949,0.0,0.06965369777753949,
4,260820,mixed,MIXED,PNND,6372,0.061771257780492306,0.0,0.061771257780492306,
4,260820,mixed,MIXED,PNND,6373,0.11013889126479626,0.0,0.11013889126479626,
4,260820,mixed,MIXED,PNND,6374,0.08314104843884706,0.0,0.08314104843884706,
4,260820,mixed,MIXED,PNND,6375,0.055623839143663645,0.0,0.055623839143663645,
4,260820,mixed,MIXED,PNND,6376,0.06618926953524351,0.0,0.06618926953524351,
4,260820,mixed,MIXED,PNND,6377,0.06784638902172446,0.0,0.06784638902172446,
4,260820,mixed,MIXED,PNND,6378,0.0653052490670234,0.0,0.0653052490670234,
4,260820,mixed,MIXED,PNND,6379,0.08149981894530356,0.0,0.08149981894530356,
4,260820,mixed,MIXED,PNND,6380,0.06122163450345397,0.0,0.06122163450345397,
4,260820,mixed,MIXED,PNND,6381,0.05534667620668188,0.0,0.05534667620668188,
4,260820,mixed,MIXED,PNND,6382,0.06863181982771493,0.0,0.06863181982771493,
4,260820,mixed,MIXED,PNND,6383,0.11289863474667072,0.0,0.11289863474667072,
4,260820,mixed,MIXED,PNND,6384,0.11735699092969298,0.0,0.11735699092969298,
4,260820,mixed,MIXED,PNND,6385,0.07438978925347328,0.0,0.07438978925347328,
4,260820,mixed,MIXED,PNND,6386,0.0802813209593296,0.0,0.0802813209593296,
4,260820,mixed,MIXED,PNND,6387,0.03095460729673505,0.0,0.03095460729673505,
4,260820,mixed,MIXED,PNND,6388,0.0803269362077117,0.0,0.0803269362077117,
4,260820,mixed,MIXED,PNND,6389,0.10609827528242022,0.0,0.10609827528242022,
4,260820,mixed,MIXED,PNND,6390,0.09308936540037394,0.0,0.09308936540037394,
4,260820,mixed,MIXED,PNND,6391,0.04337142058648169,0.0,0.04337142058648169,
4,260820,mixed,MIXED,PNND,6392,0.14398489892482758,0.0,0.14398489892482758,
4,260820,mixed,MIXED,PNND,6393,0.05688559077680111,0.0,0.05688559077680111,
4,260820,mixed,MIXED,PNND,6394,0.08871625503525138,0.0,0.08871625503525138,
4,260820,mixed,MIXED,PNND,6395,0.1183275617659092,0.0,0.1183275617659092,
4,260820,mixed,MIXED,PNND,6396,0.0907812099903822,0.0,0.0907812099903822,
4,260820,mixed,MIXED,PNND,6397,0.11703873984515667,0.0,0.11703873984515667,
4,260820,mixed,MIXED,PNND,6398,0.10269805695861578,0.0,0.10269805695861578,
4,260820,mixed,MIXED,PNND,6399,0.09091457072645426,0.0,0.09091457072645426,
4,260820,mixed,MIXED,PNND,6400,0.08660150412470102,0.0,0.08660150412470102,-1.0519244830841612
4,260820,mixed,MIXED,PNND,6401,0.07350674725603312,0.0,0.07350674725603312,
4,260820,mixed,MIXED,PNND,6402,0.07545916130766273,0.0,0.07545916130766273,
4,260820,mixed,MIXED,PNND,6403,0.05380099915782921,0.0,0.05380099915782921,
4,260820,mixed,MIXED,PNND,6404,0.037614936532918364,0.0,0.037614936532918364,
4,260820,mixed,MIXED,PNND,6405,0.060211436211830005,0.0,0.060211436211830005,
4,260820,mixed,MIXED,PNND,6406,0.07871535886079073,0.0,0.07871535886079073,
4,260820,mixed,MIXED,PNND,6407,0.06692264787852764,0.0,0.06692264787852764,
4,260820,mixed,MIXED,PNND,6408,0.04795316033414565,0.0,0.04795316033414565,
4,260820,mixed,MIXED,PNND,6409,0.07963749958435073,0.0,0.07963749958435073,
4,260820,mixed,MIXED,PNND,6410,0.050410313066095114,0.0,0.050410313066095114,
4,260820,mixed,MIXED,PNND,6411,0.1029506340273656,0.0,0.1029506340273656,
4,260820,mixed,MIXED,PNND,6412,0.057981975842267275,0.0,0.057981975842267275,
4,260820,mixed,MIXED,PNND,6413,0.10493030305951834,0.0,0.10493030305951834,
4,260820,mixed,MIXED,PNND,6414,0.043486036942340434,0.0,0.043486036942340434,
4,260820,mixed,MIXED,PNND,6415,0.09554714150726795,0.0,0.09554714150726795,
4,260820,mixed,MIXED,PNND,6416,0.10347903659567237,0.0,0.10347903659567237,
4,260820,mixed,MIXED,PNND,6417,0.0504912044852972,0.0,0.0504912044852972,
4,260820,mixed,MIXED,PNND,6418,0.07767284050351009,0.0,0.07767284050351009,
4,260820,mixed,MIXED,PNND,6419,0.0794480498880148,0.0,0.0794480498880148,
4,260820,mixed,MIXED,PNND,6420,0.05492576502729207,0.0,0.05492576502729207,
4,260820,mixed,MIXED,PNND,6421,0.10114527074620128,0.0,0.10114527074620128,
4,260820,mixed,MIXED,PNND,6422,0.0854004675638862,0.0,0.0854004675638862,
4,260820,mixed,MIXED,PNND,6423,0.09855281002819538,0.0,0.09855281002819538,
4,260820,mixed,MIXED,PNND,6424,0.06712791288737208,0.0,0.06712791288737208,
4,260820,mixed,MIXED,PNND,6425,0.08114675432443619,0.0,0.08114675432443619,
4,260820,mixed,MIXED,PNND,6426,0.07827256945893168,0.0,0.07827256945893168,
4,260820,mixed,MIXED,PNND,6427,0.030437505804002285,0.0,0.030437505804002285,
4,260820,mixed,MIXED,PNND,6428,0.08454954507760704,0.0,0.08454954507760704,
4,260820,mixed,MIXED,PNND,6429,0.0885190311819315,0.0,0.0885190311819315,
4,260820,mixed,MIXED,PNND,6430,0.09332984872162342,0.0,0.09332984872162342,
4,260820,mixed,MIXED,PNND,6431,0.12135090585798025,0.0,0.12135090585798025,
4,260820,mixed,MIXED,PNND,6432,0.05575618986040354,0.0,0.05575618986040354,
4,260820,mixed,MIXED,PNND,6433,0.1240557823330164,0.0,0.1240557823330164,
4,260820,mixed,MIXED,PNND,6434,0.07217974402010441,0.0,0.07217974402010441,
4,260820,mixed,MIXED,PNND,6435,0.10446819197386503,0.0,0.10446819197386503,
4,260820,mixed,MIXED,PNND,6436,0.11071960255503654,0.0,0.11071960255503654,
4,260820,mixed,MIXED,PNND,6437,0.050697572296485305,0.0,0.050697572296485305,
4,260820,mixed,MIXED,PNND,6438,0.058779096230864525,0.0,0.058779096230864525,
4,260820,mixed,MIXED,PNND,6439,0.05068696849048138,0.0,0.05068696849048138,
4,260820,mixed,MIXED,PNND,6440,0.04105231416178867,0.0,0.04105231416178867,
4,260820,mixed,MIXED,PNND,6441,0.1315297931432724,0.0,0.1315297931432724,
4,260820,mixed,MIXED,PNND,6442,0.09008161188103259,0.0,0.09008161188103259,
4,260820,mixed,MIXED,PNND,6443,0.13051888346672058,0.0,0.13051888346672058,
4,260820,mixed,MIXED,PNND,6444,0.06815414782613516,0.0,0.06815414782613516,
4,260820,mixed,MIXED,PNND,6445,0.08415583707392216,0.0,0.08415583707392216,
4,260820,mixed,MIXED,PNND,6446,0.11976628098636866,0.0,0.11976628098636866,
4,260820,mixed,MIXED,PNND,6447,0.09093964472413063,0.0,0.09093964472413063,
4,260820,mixed,MIXED,PNND,6448,0.07082989906484727,0.0,0.07082989906484727,
4,260820,mixed,MIXED,PNND,6449,0.08121620048768818,0.0,0.08121620048768818,
4,260820,mixed,MIXED,PNND,6450,0.0536962584592402,0.0,0.0536962584592402,
4,260820,mixed,MIXED,PNND,6451,0.047436924651265144,0.0,0.047436924651265144,
4,260820,mixed,MIXED,PNND,6452,0.07607362978160381,0.0,0.07607362978160381,
4,260820,mixed,MIXED,PNND,6453,0.059733493835665286,0.0,0.059733493835665286,
4,260820,mixed,MIXED,PNND,6454,0.0454024292412214,0.0,0.0454024292412214,
4,260820,mixed,MIXED,PNND,6455,0.061558572575449944,0.0,0.061558572575449944,
4,260820,mixed,MIXED,PNND,6456,0.11120811756700277,0.0,0.11120811756700277,
4,260820,mixed,MIXED,PNND,6457,0.0740148639306426,0.0,0.0740148639306426,
4,260820,mixed,MIXED,PNND,6458,0.07296050293371081,0.0,0.07296050293371081,
4,260820,mixed,MIXED,PNND,6459,0.06064137048088014,0.0,0.06064137048088014,
4,260820,mixed,MIXED,PNND,6460,0.053251938661560416,0.0,0.053251938661560416,
4,260820,mixed,MIXED,PNND,6461,0.11457220651209354,0.0,0.11457220651209354,
4,260820,mixed,MIXED,PNND,6462,0.08487151749432087,0.0,0.08487151749432087,
4,260820,mixed,MIXED,PNND,6463,0.06473723566159606,0.0,0.06473723566159606,
4,260820,mixed,MIXED,PNND,6464,0.04498807340860367,0.0,0.04498807340860367,
4,260820,mixed,MIXED,PNND,6465,0.028617015632335097,0.0,0.028617015632335097,
4,260820,mixed,MIXED,PNND,6466,0.08995080087333918,0.0,0.08995080087333918,
4,260820,mixed,MIXED,PNND,6467,0.07977726869285107,0.0,0.07977726869285107,
4,260820,mixed,MIXED,PNND,6468,0.13298646360635757,0.0,0.13298646360635757,
4,260820,mixed,MIXED,PNND,6469,0.0760969603434205,0.0,0.0760969603434205,
4,260820,mixed,MIXED,PNND,6470,0.14068653620779514,0.0,0.14068653620779514,
4,260820,mixed,MIXED,PNND,6471,0.07113642571493983,0.0,0.07113642571493983,
4,260820,mixed,MIXED,PNND,6472,0.11584778968244791,0.0,0.11584778968244791,
4,260820,mixed,MIXED,PNND,6473,0.08059956971555948,0.0,0.08059956971555948,
4,260820,mixed,MIXED,PNND,6474,0.04080742155201733,0.0,0.04080742155201733,
4,260820,mixed,MIXED,PNND,6475,0.12901448644697666,0.0,0.12901448644697666,
4,260820,mixed,MIXED,PNND,6476,0.02713961264817044,0.0,0.02713961264817044,
4,260820,mixed,MIXED,PNND,6477,0.04741741134785116,0.0,0.04741741134785116,
4,260820,mixed,MIXED,PNND,6478,0.05130603723227978,0.0,0.05130603723227978,
4,260820,mixed,MIXED,PNND,6479,0.04690957409911789,0.0,0.04690957409911789,
4,260820,mixed,MIXED,PNND,6480,0.0665828944183886,0.0,0.0665828944183886,
4,260820,mixed,MIXED,PNND,6481,0.0273659085505642,0.0,0.0273659085505642,
4,260820,mixed,MIXED,PNND,6482,0.06899897661060095,0.0,0.06899897661060095,
4,260820,mixed,MIXED,PNND,6483,0.069636314176023,0.0,0.069636314176023,
4,260820,mixed,MIXED,PNND,6484,0.07246770476922393,0.0,0.07246770476922393,
4,260820,mixed,MIXED,PNND,6485,0.06432128138840199,0.0,0.06432128138840199,
4,260820,mixed,MIXED,PNND,6486,0.09497391618788242,0.0,0.09497391618788242,
4,260820,mixed,MIXED,PNND,6487,0.06357518275035545,0.0,0.06357518275035545,
4,260820,mixed,MIXED,PNND,6488,0.07254565414041281,0.0,0.07254565414041281,
4,260820,mixed,MIXED,PNND,6489,0.10342191718518734,0.0,0.10342191718518734,
4,260820,mixed,MIXED,PNND,6490,0.06677612871862948,0.0,0.06677612871862948,
4,260820,mixed,MIXED,PNND,6491,0.0614250055514276,0.0,0.0614250055514276,
4,260820,mixed,MIXED,PNND,6492,0.06822945747990161,0.0,0.06822945747990161,
4,260820,mixed,MIXED,PNND,6493,0.10490047186613083,0.0,0.10490047186613083,
4,260820,mixed,MIXED,PNND,6494,0.030384724319446832,0.0,0.030384724319446832,
4,260820,mixed,MIXED,PNND,6495,0.06207606568932533,0.0,0.06207606568932533,
4,260820,mixed,MIXED,PNND,6496,0.06770441215485334,0.0,0.06770441215485334,
4,260820,mixed,MIXED,PNND,6497,0.11495514959096909,0.0,0.11495514959096909,
4,260820,mixed,MIXED,PNND,6498,0.10118318907916546,0.0,0.10118318907916546,
4,260820,mixed,MIXED,PNND,6499,0.05846555548487231,0.0,0.05846555548487231,
4,260820,mixed,MIXED,PNND,6500,0.05764606688171625,0.0,0.05764606688171625,
4,260820,mixed,MIXED,PNND,6501,0.09378066752105951,0.0,0.09378066752105951,
4,260820,mixed,MIXED,PNND,6502,0.12951868114760146,0.0,0.12951868114760146,
4,260820,mixed,MIXED,PNND,6503,0.11153167113661766,0.0,0.11153167113661766,
4,260820,mixed,MIXED,PNND,6504,0.05760886496864259,0.0,0.05760886496864259,
4,260820,mixed,MIXED,PNND,6505,0.05755959451198578,0.0,0.05755959451198578,
4,260820,mixed,MIXED,PNND,6506,0.05088609643280506,0.0,0.05088609643280506,
4,260820,mixed,MIXED,PNND,6507,0.08946844469755888,0.0,0.08946844469755888,
4,260820,mixed,MIXED,PNND,6508,0.06298428028821945,0.0,0.06298428028821945,
4,260820,mixed,MIXED,PNND,6509,0.06720369681715965,0.0,0.06720369681715965,
4,260820,mixed,MIXED,PNND,6510,0.12818372249603271,0.0,0.12818372249603271,
4,260820,mixed,MIXED,PNND,6511,0.02889634571329225,0.0,0.02889634571329225,
4,260820,mixed,MIXED,PNND,6512,0.06874963687732816,0.0,0.06874963687732816,
4,260820,mixed,MIXED,PNND,6513,0.09439472504891455,0.0,0.09439472504891455,
4,260820,mixed,MIXED,PNND,6514,0.09495540894567966,0.0,0.09495540894567966,
4,260820,mixed,MIXED,PNND,6515,0.09570183977484703,0.0,0.09570183977484703,
4,260820,mixed,MIXED,PNND,6516,0.11120731756091118,0.0,0.11120731756091118,
4,260820,mixed,MIXED,PNND,6517,0.07960129203274846,0.0,0.07960129203274846,
4,260820,mixed,MIXED,PNND,6518,0.05110222287476063,0.0,0.05110222287476063,
4,260820,mixed,MIXED,PNND,6519,0.0593318518367596,0.0,0.0593318518367596,
4,260820,mixed,MIXED,PNND,6520,0.12014552392065525,0.0,0.12014552392065525,
4,260820,mixed,MIXED,PNND,6521,0.048713138327002525,0.0,0.048713138327002525,
4,260820,mixed,MIXED,PNND,6522,0.10379577800631523,0.0,0.10379577800631523,
4,260820,mixed,MIXED,PNND,6523,0.11513734806794673,0.0,0.11513734806794673,
4,260820,mixed,MIXED,PNND,6524,0.07445608515990898,0.0,0.07445608515990898,
4,260820,mixed,MIXED,PNND,6525,0.07877439842559397,0.0,0.07877439842559397,
4,260820,mixed,MIXED,PNND,6526,0.024882091267500073,0.0,0.024882091267500073,
4,260820,mixed,MIXED,PNND,6527,0.03333517536520958,0.0,0.03333517536520958,
4,260820,mixed,MIXED,PNND,6528,0.05587458494119346,0.0,0.05587458494119346,
4,260820,mixed,MIXED,PNND,6529,0.014884929871186614,0.0,0.014884929871186614,
4,260820,mixed,MIXED,PNND,6530,0.06958077271701768,0.0,0.06958077271701768,
4,260820,mixed,MIXED,PNND,6531,0.06967937294393778,0.0,0.06967937294393778,
4,260820,mixed,MIXED,PNND,6532,0.03799650029395707,0.0,0.03799650029395707,
4,260820,mixed,MIXED,PNND,6533,0.10246039927005768,0.0,0.10246039927005768,
4,260820,mixed,MIXED,PNND,6534,0.10164283122867346,0.0,0.10164283122867346,
4,260820,mixed,MIXED,PNND,6535,0.05978402774780989,0.0,0.05978402774780989,
4,260820,mixed,MIXED,PNND,6536,0.0812301211990416,0.0,0.0812301211990416,
4,260820,mixed,MIXED,PNND,6537,0.04795889765955508,0.0,0.04795889765955508,
4,260820,mixed,MIXED,PNND,6538,0.11354078439762816,0.0,0.11354078439762816,
4,260820,mixed,MIXED,PNND,6539,0.06125838262960315,0.0,0.06125838262960315,
4,260820,mixed,MIXED,PNND,6540,0.08190523460507393,0.0,0.08190523460507393,
4,260820,mixed,MIXED,PNND,6541,0.07850859826430678,0.0,0.07850859826430678,
4,260820,mixed,MIXED,PNND,6542,0.07202415354549885,0.0,0.07202415354549885,
4,260820,mixed,MIXED,PNND,6543,0.12200410850346088,0.0,0.12200410850346088,
4,260820,mixed,MIXED,PNND,6544,0.05383837968111038,0.0,0.05383837968111038,
4,260820,mixed,MIXED,PNND,6545,0.10514011513441801,0.0,0.10514011513441801,
4,260820,mixed,MIXED,PNND,6546,0.036933176685124636,0.0,0.036933176685124636,
4,260820,mixed,MIXED,PNND,6547,0.054790301248431206,0.0,0.054790301248431206,
4,260820,mixed,MIXED,PNND,6548,0.08955854596570134,0.0,0.08955854596570134,
4,260820,mixed,MIXED,PNND,6549,0.0542797795496881,0.0,0.0542797795496881,
4,260820,mixed,MIXED,PNND,6550,0.052939990535378456,0.0,0.052939990535378456,
4,260820,mixed,MIXED,PNND,6551,0.0795694487169385,0.0,0.0795694487169385,
4,260820,mixed,MIXED,PNND,6552,0.05954539298545569,0.0,0.05954539298545569,
4,260820,mixed,MIXED,PNND,6553,0.07365702220704406,0.0,0.07365702220704406,
4,260820,mixed,MIXED,PNND,6554,0.06317229603882879,0.0,0.06317229603882879,
4,260820,mixed,MIXED,PNND,6555,0.08764151018112898,0.0,0.08764151018112898,
4,260820,mixed,MIXED,PNND,6556,0.04135981760919094,0.0,0.04135981760919094,
4,260820,mixed,MIXED,PNND,6557,0.10411324445158243,0.0,0.10411324445158243,
4,260820,mixed,MIXED,PNND,6558,0.14255451038479805,0.0,0.14255451038479805,
4,260820,mixed,MIXED,PNND,6559,0.06566073792055249,0.0,0.06566073792055249,
4,260820,mixed,MIXED,PNND,6560,0.08629421854857355,0.0,0.08629421854857355,
4,260820,mixed,MIXED,PNND,6561,0.04464614926837385,0.0,0.04464614926837385,
4,260820,mixed,MIXED,PNND,6562,0.09734656987711787,0.0,0.09734656987711787,
4,260820,mixed,MIXED,PNND,6563,0.1163113359361887,0.0,0.1163113359361887,
4,260820,mixed,MIXED,PNND,6564,0.07785954838618636,0.0,0.07785954838618636,
4,260820,mixed,MIXED,PNND,6565,0.05950092989951372,0.0,0.05950092989951372,
4,260820,mixed,MIXED,PNND,6566,0.06066765438299626,0.0,0.06066765438299626,
4,260820,mixed,MIXED,PNND,6567,0.08942229312378913,0.0,0.08942229312378913,
4,260820,mixed,MIXED,PNND,6568,0.07988050766289234,0.0,0.07988050766289234,
4,260820,mixed,MIXED,PNND,6569,0.10742040071636438,0.0,0.10742040071636438,
4,260820,mixed,MIXED,PNND,6570,0.09903230331838131,0.0,0.09903230331838131,
4,260820,mixed,MIXED,PNND,6571,0.059517974965274334,0.0,0.059517974965274334,
4,260820,mixed,MIXED,PNND,6572,0.10550676099956036,0.0,0.10550676099956036,
4,260820,mixed,MIXED,PNND,6573,0.07127915043383837,0.0,0.07127915043383837,
4,260820,mixed,MIXED,PNND,6574,0.07113885739818215,0.0,0.07113885739818215,
4,260820,mixed,MIXED,PNND,6575,0.07107560150325298,0.0,0.07107560150325298,
4,260820,mixed,MIXED,PNND,6576,0.06727511947974563,0.0,0.06727511947974563,
4,260820,mixed,MIXED,PNND,6577,0.0790180996991694,0.0,0.0790180996991694,
4,260820,mixed,MIXED,PNND,6578,0.07861677696928382,0.0,0.07861677696928382,
4,260820,mixed,MIXED,PNND,6579,0.08556927181780338,0.0,0.08556927181780338,
4,260820,mixed,MIXED,PNND,6580,0.08641132107004523,0.0,0.08641132107004523,
4,260820,mixed,MIXED,PNND,6581,0.15148355811834335,0.0,0.15148355811834335,
4,260820,mixed,MIXED,PNND,6582,0.09162543155252934,0.0,0.09162543155252934,
4,260820,mixed,MIXED,PNND,6583,0.06924341013655066,0.0,0.06924341013655066,
4,260820,mixed,MIXED,PNND,6584,0.08926925901323557,0.0,0.08926925901323557,
4,260820,mixed,MIXED,PNND,6585,0.03498966008191928,0.0,0.03498966008191928,
4,260820,mixed,MIXED,PNND,6586,0.0917427996173501,0.0,0.0917427996173501,
4,260820,mixed,MIXED,PNND,6587,0.06310779321938753,0.0,0.06310779321938753,
4,260820,mixed,MIXED,PNND,6588,0.06839581299573183,0.0,0.06839581299573183,
4,260820,mixed,MIXED,PNND,6589,0.11972805578261614,0.0,0.11972805578261614,
4,260820,mixed,MIXED,PNND,6590,0.03731886995956302,0.0,0.03731886995956302,
4,260820,mixed,MIXED,PNND,6591,0.08912034844979644,0.0,0.08912034844979644,
4,260820,mixed,MIXED,PNND,6592,0.05888403137214482,0.0,0.05888403137214482,
4,260820,mixed,MIXED,PNND,6593,0.13191044703125954,0.0,0.13191044703125954,
4,260820,mixed,MIXED,PNND,6594,0.06901099439710379,0.0,0.06901099439710379,
4,260820,mixed,MIXED,PNND,6595,0.06826871540397406,0.0,0.06826871540397406,
4,260820,mixed,MIXED,PNND,6596,0.10215906426310539,0.0,0.10215906426310539,
4,260820,mixed,MIXED,PNND,6597,0.009096580528421327,0.0,0.009096580528421327,
4,260820,mixed,MIXED,PNND,6598,0.031031921098474413,0.0,0.031031921098474413,
4,260820,mixed,MIXED,PNND,6599,0.07201274763792753,0.0,0.07201274763792753,
4,260820,mixed,MIXED,PNND,6600,0.10239428654313087,0.0,0.10239428654313087,-1.062057310183614
4,260820,mixed,MIXED,PNND,6601,0.11714442446827888,0.0,0.11714442446827888,
4,260820,mixed,MIXED,PNND,6602,0.0832494217902422,0.0,0.0832494217902422,
4,260820,mixed,MIXED,PNND,6603,0.12195776775479317,0.0,0.12195776775479317,
4,260820,mixed,MIXED,PNND,6604,0.08884143366594799,0.0,0.08884143366594799,
4,260820,mixed,MIXED,PNND,6605,0.07190745620755479,0.0,0.07190745620755479,
4,260820,mixed,MIXED,PNND,6606,0.07025598268955946,0.0,0.07025598268955946,
4,260820,mixed,MIXED,PNND,6607,0.04862232762388885,0.0,0.04862232762388885,
4,260820,mixed,MIXED,PNND,6608,0.07164400443434715,0.0,0.07164400443434715,
4,260820,mixed,MIXED,PNND,6609,0.10822910722345114,0.0,0.10822910722345114,
4,260820,mixed,MIXED,PNND,6610,0.0453515974804759,0.0,0.0453515974804759,
4,260820,mixed,MIXED,PNND,6611,0.07179172523319721,0.0,0.07179172523319721,
4,260820,mixed,MIXED,PNND,6612,0.02265633232309483,0.0,0.02265633232309483,
4,260820,mixed,MIXED,PNND,6613,0.10418062889948487,0.0,0.10418062889948487,
4,260820,mixed,MIXED,PNND,6614,0.10721246711909771,0.0,0.10721246711909771,
4,260820,mixed,MIXED,PNND,6615,0.07365560252219439,0.0,0.07365560252219439,
4,260820,mixed,MIXED,PNND,6616,0.026532993651926517,0.0,0.026532993651926517,
4,260820,mixed,MIXED,PNND,6617,0.06504439003765583,0.0,0.06504439003765583,
4,260820,mixed,MIXED,PNND,6618,0.0960893090814352,0.0,0.0960893090814352,
4,260820,mixed,MIXED,PNND,6619,0.059257113840430975,0.0,0.059257113840430975,
4,260820,mixed,MIXED,PNND,6620,0.09661732288077474,0.0,0.09661732288077474,
4,260820,mixed,MIXED,PNND,6621,0.07628114009276032,0.0,0.07628114009276032,
4,260820,mixed,MIXED,PNND,6622,0.07694928487762809,0.0,0.07694928487762809,
4,260820,mixed,MIXED,PNND,6623,0.09460444189608097,0.0,0.09460444189608097,
4,260820,mixed,MIXED,PNND,6624,0.1248090323060751,0.0,0.1248090323060751,
4,260820,mixed,MIXED,PNND,6625,0.07428890121809673,0.0,0.07428890121809673,
4,260820,mixed,MIXED,PNND,6626,0.06819296907633543,0.0,0.06819296907633543,
4,260820,mixed,MIXED,PNND,6627,0.09687317488715053,0.0,0.09687317488715053,
4,260820,mixed,MIXED,PNND,6628,0.05154640204273164,0.0,0.05154640204273164,
4,260820,mixed,MIXED,PNND,6629,0.09565389528870583,0.0,0.09565389528870583,
4,260820,mixed,MIXED,PNND,6630,0.1595478504896164,0.0,0.1595478504896164,
4,260820,mixed,MIXED,PNND,6631,0.038384389597922564,0.0,0.038384389597922564,
4,260820,mixed,MIXED,PNND,6632,0.043209708586800843,0.0,0.043209708586800843,
4,260820,mixed,MIXED,PNND,6633,0.06844381056725979,0.0,0.06844381056725979,
4,260820,mixed,MIXED,PNND,6634,0.10334201529622078,0.0,0.10334201529622078,
4,260820,mixed,MIXED,PNND,6635,0.08988640457391739,0.0,0.08988640457391739,
4,260820,mixed,MIXED,PNND,6636,0.09849790204316378,0.0,0.09849790204316378,
4,260820,mixed,MIXED,PNND,6637,0.030181209789589047,0.0,0.030181209789589047,
4,260820,mixed,MIXED,PNND,6638,0.053477824199944735,0.0,0.053477824199944735,
4,260820,mixed,MIXED,PNND,6639,0.10767964739352465,0.0,0.10767964739352465,
4,260820,mixed,MIXED,PNND,6640,0.04389083757996559,0.0,0.04389083757996559,
4,260820,mixed,MIXED,PNND,6641,0.037304378201952204,0.0,0.037304378201952204,
4,260820,mixed,MIXED,PNND,6642,0.07608004380017519,0.0,0.07608004380017519,
4,260820,mixed,MIXED,PNND,6643,0.10187639016658068,0.0,0.10187639016658068,
4,260820,mixed,MIXED,PNND,6644,0.06529684131965041,0.0,0.06529684131965041,
4,260820,mixed,MIXED,PNND,6645,0.06310418870998546,0.0,0.06310418870998546,
4,260820,mixed,MIXED,PNND,6646,0.046625114453490824,0.0,0.046625114453490824,
4,260820,mixed,MIXED,PNND,6647,0.11982589308172464,0.0,0.11982589308172464,
4,260820,mixed,MIXED,PNND,6648,0.07008673250675201,0.0,0.07008673250675201,
4,260820,mixed,MIXED,PNND,6649,0.06663920264691114,0.0,0.06663920264691114,
4,260820,mixed,MIXED,PNND,6650,0.09299935400485992,0.0,0.09299935400485992,
4,260820,mixed,MIXED,PNND,6651,0.09152687946334481,0.0,0.09152687946334481,
4,260820,mixed,MIXED,PNND,6652,0.023821939670597203,0.0,0.023821939670597203,
4,260820,mixed,MIXED,PNND,6653,0.0357519977260381,0.0,0.0357519977260381,
4,260820,mixed,MIXED,PNND,6654,0.07079249434173107,0.0,0.07079249434173107,
4,260820,mixed,MIXED,PNND,6655,0.056038820184767246,0.0,0.056038820184767246,
4,260820,mixed,MIXED,PNND,6656,0.05695361737161875,0.0,0.05695361737161875,
4,260820,mixed,MIXED,PNND,6657,0.09248955524526536,0.0,0.09248955524526536,
4,260820,mixed,MIXED,PNND,6658,0.07947032758966088,0.0,0.07947032758966088,
4,260820,mixed,MIXED,PNND,6659,0.06325323320925236,0.0,0.06325323320925236,
4,260820,mixed,MIXED,PNND,6660,0.02793189464136958,0.0,0.02793189464136958,
4,260820,mixed,MIXED,PNND,6661,0.07082918100059032,0.0,0.07082918100059032,
4,260820,mixed,MIXED,PNND,6662,0.07167615462094545,0.0,0.07167615462094545,
4,260820,mixed,MIXED,PNND,6663,0.08708538208156824,0.0,0.08708538208156824,
4,260820,mixed,MIXED,PNND,6664,0.0815729652531445,0.0,0.0815729652531445,
4,260820,mixed,MIXED,PNND,6665,0.13519266434013844,0.0,0.13519266434013844,
4,260820,mixed,MIXED,PNND,6666,0.06223374232649803,0.0,0.06223374232649803,
4,260820,mixed,MIXED,PNND,6667,0.10732359066605568,0.0,0.10732359066605568,
4,260820,mixed,MIXED,PNND,6668,0.032685335259884596,0.0,0.032685335259884596,
4,260820,mixed,MIXED,PNND,6669,0.05340025573968887,0.0,0.05340025573968887,
4,260820,mixed,MIXED,PNND,6670,0.07169851218350232,0.0,0.07169851218350232,
4,260820,mixed,MIXED,PNND,6671,0.09237243607640266,0.0,0.09237243607640266,
4,260820,mixed,MIXED,PNND,6672,0.06630647368729115,0.0,0.06630647368729115,
4,260820,mixed,MIXED,PNND,6673,0.0825974028557539,0.0,0.0825974028557539,
4,260820,mixed,MIXED,PNND,6674,0.04945446556666866,0.0,0.04945446556666866,
4,260820,mixed,MIXED,PNND,6675,0.05724557023495436,0.0,0.05724557023495436,
4,260820,mixed,MIXED,PNND,6676,0.06748761620838195,0.0,0.06748761620838195,
4,260820,mixed,MIXED,PNND,6677,0.051789156161248684,0.0,0.051789156161248684,
4,260820,mixed,MIXED,PNND,6678,0.060892818262800574,0.0,0.060892818262800574,
4,260820,mixed,MIXED,PNND,6679,0.11230921931564808,0.0,0.11230921931564808,
4,260820,mixed,MIXED,PNND,6680,0.09896810725331306,0.0,0.09896810725331306,
4,260820,mixed,MIXED,PNND,6681,0.08183931186795235,0.0,0.08183931186795235,
4,260820,mixed,MIXED,PNND,6682,0.058741454500705004,0.0,0.058741454500705004,
4,260820,mixed,MIXED,PNND,6683,0.08049293886870146,0.0,0.08049293886870146,
4,260820,mixed,MIXED,PNND,6684,0.07743442291393876,0.0,0.07743442291393876,
4,260820,mixed,MIXED,PNND,6685,0.08759945287602022,0.0,0.08759945287602022,
4,260820,mixed,MIXED,PNND,6686,0.08849738352000713,0.0,0.08849738352000713,
4,260820,mixed,MIXED,PNND,6687,0.08033504523336887,0.0,0.08033504523336887,
4,260820,mixed,MIXED,PNND,6688,0.08181974804028869,0.0,0.08181974804028869,
4,260820,mixed,MIXED,PNND,6689,0.07473039254546165,0.0,0.07473039254546165,
4,260820,mixed,MIXED,PNND,6690,0.08408030914142728,0.0,0.08408030914142728,
4,260820,mixed,MIXED,PNND,6691,0.060543195344507694,0.0,0.060543195344507694,
4,260820,mixed,MIXED,PNND,6692,0.06554036331363022,0.0,0.06554036331363022,
4,260820,mixed,MIXED,PNND,6693,0.10216025169938803,0.0,0.10216025169938803,
4,260820,mixed,MIXED,PNND,6694,0.09450499410741031,0.0,0.09450499410741031,
4,260820,mixed,MIXED,PNND,6695,0.09675138723105192,0.0,0.09675138723105192,
4,260820,mixed,MIXED,PNND,6696,0.06493456149473786,0.0,0.06493456149473786,
4,260820,mixed,MIXED,PNND,6697,0.07872707024216652,0.0,0.07872707024216652,
4,260820,mixed,MIXED,PNND,6698,0.08804904296994209,0.0,0.08804904296994209,
4,260820,mixed,MIXED,PNND,6699,0.07596993946935982,0.0,0.07596993946935982,
4,260820,mixed,MIXED,PNND,6700,0.029965898720547557,0.0,0.029965898720547557,
4,260820,mixed,MIXED,PNND,6701,0.10479696467518806,0.0,0.10479696467518806,
4,260820,mixed,MIXED,PNND,6702,0.1026111957617104,0.0,0.1026111957617104,
4,260820,mixed,MIXED,PNND,6703,0.07300050230696797,0.0,0.07300050230696797,
4,260820,mixed,MIXED,PNND,6704,0.12270454689860344,0.0,0.12270454689860344,
4,260820,mixed,MIXED,PNND,6705,0.08187178510706872,0.0,0.08187178510706872,
4,260820,mixed,MIXED,PNND,6706,0.09845575783401728,0.0,0.09845575783401728,
4,260820,mixed,MIXED,PNND,6707,0.025541997281834483,0.0,0.025541997281834483,
4,260820,mixed,MIXED,PNND,6708,0.04501010198146105,0.0,0.04501010198146105,
4,260820,mixed,MIXED,PNND,6709,0.1167920958250761,0.0,0.1167920958250761,
4,260820,mixed,MIXED,PNND,6710,0.08520921692252159,0.0,0.08520921692252159,
4,260820,mixed,MIXED,PNND,6711,0.06914431281620637,0.0,0.06914431281620637,
4,260820,mixed,MIXED,PNND,6712,0.03853166778571904,0.0,0.03853166778571904,
4,260820,mixed,MIXED,PNND,6713,0.11748406011611223,0.0,0.11748406011611223,
4,260820,mixed,MIXED,PNND,6714,0.04972282564267516,0.0,0.04972282564267516,
4,260820,mixed,MIXED,PNND,6715,0.12831153348088264,0.0,0.12831153348088264,
4,260820,mixed,MIXED,PNND,6716,0.04533503670245409,0.0,0.04533503670245409,
4,260820,mixed,MIXED,PNND,6717,0.07911064336076379,0.0,0.07911064336076379,
4,260820,mixed,MIXED,PNND,6718,0.08067617006599903,0.0,0.08067617006599903,
4,260820,mixed,MIXED,PNND,6719,0.09683722350746393,0.0,0.09683722350746393,
4,260820,mixed,MIXED,PNND,6720,0.08482923870906234,0.0,0.08482923870906234,
4,260820,mixed,MIXED,PNND,6721,0.12658908031880856,0.0,0.12658908031880856,
4,260820,mixed,MIXED,PNND,6722,0.07061069365590811,0.0,0.07061069365590811,
4,260820,mixed,MIXED,PNND,6723,0.0823144568130374,0.0,0.0823144568130374,
4,260820,mixed,MIXED,PNND,6724,0.04023445909842849,0.0,0.04023445909842849,
4,260820,mixed,MIXED,PNND,6725,0.06543912459164858,0.0,0.06543912459164858,
4,260820,mixed,MIXED,PNND,6726,0.07020329963415861,0.0,0.07020329963415861,
4,260820,mixed,MIXED,PNND,6727,0.03296285215765238,0.0,0.03296285215765238,
4,260820,mixed,MIXED,PNND,6728,0.08789709117263556,0.0,0.08789709117263556,
4,260820,mixed,MIXED,PNND,6729,0.06501693371683359,0.0,0.06501693371683359,
4,260820,mixed,MIXED,PNND,6730,0.08361928910017014,0.0,0.08361928910017014,
4,260820,mixed,MIXED,PNND,6731,0.04057734500383958,0.0,0.04057734500383958,
4,260820,mixed,MIXED,PNND,6732,0.09127858048304915,0.0,0.09127858048304915,
4,260820,mixed,MIXED,PNND,6733,0.04244134994223714,0.0,0.04244134994223714,
4,260820,mixed,MIXED,PNND,6734,0.1285225935280323,0.0,0.1285225935280323,
4,260820,mixed,MIXED,PNND,6735,0.08583663310855627,0.0,0.08583663310855627,
4,260820,mixed,MIXED,PNND,6736,0.04577305959537625,0.0,0.04577305959537625,
4,260820,mixed,MIXED,PNND,6737,0.09323685709387064,0.0,0.09323685709387064,
4,260820,mixed,MIXED,PNND,6738,0.11954144760966301,0.0,0.11954144760966301,
4,260820,mixed,MIXED,PNND,6739,0.11448420211672783,0.0,0.11448420211672783,
4,260820,mixed,MIXED,PNND,6740,0.05820793588645756,0.0,0.05820793588645756,
4,260820,mixed,MIXED,PNND,6741,0.09847331361379474,0.0,0.09847331361379474,
4,260820,mixed,MIXED,PNND,6742,0.040434313006699085,0.0,0.040434313006699085,
4,260820,mixed,MIXED,PNND,6743,0.08611449878662825,0.0,0.08611449878662825,
4,260820,mixed,MIXED,PNND,6744,0.15160449221730232,0.0,0.15160449221730232,
4,260820,mixed,MIXED,PNND,6745,0.051514385850168765,0.0,0.051514385850168765,
4,260820,mixed,MIXED,PNND,6746,0.10207665711641312,0.0,0.10207665711641312,
4,260820,mixed,MIXED,PNND,6747,0.03500855446327478,0.0,0.03500855446327478,
4,260820,mixed,MIXED,PNND,6748,0.09198705572634935,0.0,0.09198705572634935,
4,260820,mixed,MIXED,PNND,6749,0.05407823820132762,0.0,0.05407823820132762,
4,260820,mixed,MIXED,PNND,6750,0.08767610602080822,0.0,0.08767610602080822,
4,260820,mixed,MIXED,PNND,6751,0.07483574142679572,0.0,0.07483574142679572,
4,260820,mixed,MIXED,PNND,6752,0.09839411452412605,0.0,0.09839411452412605,
4,260820,mixed,MIXED,PNND,6753,0.09107885137200356,0.0,0.09107885137200356,
4,260820,mixed,MIXED,PNND,6754,0.05442290473729372,0.0,0.05442290473729372,
4,260820,mixed,MIXED,PNND,6755,0.05549815355334431,0.0,0.05549815355334431,
4,260820,mixed,MIXED,PNND,6756,0.06079644616693258,0.0,0.06079644616693258,
4,260820,mixed,MIXED,PNND,6757,0.11903571709990501,0.0,0.11903571709990501,
4,260820,mixed,MIXED,PNND,6758,0.062479690270265564,0.0,0.062479690270265564,
4,260820,mixed,MIXED,PNND,6759,0.11100424453616142,0.0,0.11100424453616142,
4,260820,mixed,MIXED,PNND,6760,0.06253838288830593,0.0,0.06253838288830593,
4,260820,mixed,MIXED,PNND,6761,0.06789211835712194,0.0,0.06789211835712194,
4,260820,mixed,MIXED,PNND,6762,0.0801871102739824,0.0,0.0801871102739824,
4,260820,mixed,MIXED,PNND,6763,0.079273919807747,0.0,0.079273919807747,
4,260820,mixed,MIXED,PNND,6764,0.1063066590577364,0.0,0.1063066590577364,
4,260820,mixed,MIXED,PNND,6765,0.088549068197608,0.0,0.088549068197608,
4,260820,mixed,MIXED,PNND,6766,0.10685082897543907,0.0,0.10685082897543907,
4,260820,mixed,MIXED,PNND,6767,0.09747187979519367,0.0,0.09747187979519367,
4,260820,mixed,MIXED,PNND,6768,0.057897667604265735,0.0,0.057897667604265735,
4,260820,mixed,MIXED,PNND,6769,0.06919478718191385,0.0,0.06919478718191385,
4,260820,mixed,MIXED,PNND,6770,0.07393243990372866,0.0,0.07393243990372866,
4,260820,mixed,MIXED,PNND,6771,0.06967384554445744,0.0,0.06967384554445744,
4,260820,mixed,MIXED,PNND,6772,0.08048639446496964,0.0,0.08048639446496964,
4,260820,mixed,MIXED,PNND,6773,0.07899127108976245,0.0,0.07899127108976245,
4,260820,mixed,MIXED,PNND,6774,0.03286200587172061,0.0,0.03286200587172061,
4,260820,mixed,MIXED,PNND,6775,0.0817242693156004,0.0,0.0817242693156004,
4,260820,mixed,MIXED,PNND,6776,0.08729419857263565,0.0,0.08729419857263565,
4,260820,mixed,MIXED,PNND,6777,0.05985345180670265,0.0,0.05985345180670265,
4,260820,mixed,MIXED,PNND,6778,0.08378182258456945,0.0,0.08378182258456945,
4,260820,mixed,MIXED,PNND,6779,0.08598655089735985,0.0,0.08598655089735985,
4,260820,mixed,MIXED,PNND,6780,0.06426073564216495,0.0,0.06426073564216495,
4,260820,mixed,MIXED,PNND,6781,0.061899005668237805,0.0,0.061899005668237805,
4,260820,mixed,MIXED,PNND,6782,0.06222093338146806,0.0,0.06222093338146806,
4,260820,mixed,MIXED,PNND,6783,0.05105507987900637,0.0,0.05105507987900637,
4,260820,mixed,MIXED,PNND,6784,0.069011056330055,0.0,0.069011056330055,
4,260820,mixed,MIXED,PNND,6785,0.06363631912972778,0.0,0.06363631912972778,
4,260820,mixed,MIXED,PNND,6786,0.10487929545342922,0.0,0.10487929545342922,
4,260820,mixed,MIXED,PNND,6787,0.09002041071653366,0.0,0.09002041071653366,
4,260820,mixed,MIXED,PNND,6788,0.09686969686299562,0.0,0.09686969686299562,
4,260820,mixed,MIXED,PNND,6789,0.07313429773785174,0.0,0.07313429773785174,
4,260820,mixed,MIXED,PNND,6790,0.08588423673063517,0.0,0.08588423673063517,
4,260820,mixed,MIXED,PNND,6791,0.01681716667371802,0.0,0.01681716667371802,
4,260820,mixed,MIXED,PNND,6792,0.05688395630568266,0.0,0.05688395630568266,
4,260820,mixed,MIXED,PNND,6793,0.04856309251044877,0.0,0.04856309251044877,
4,260820,mixed,MIXED,PNND,6794,0.09272220451384783,0.0,0.09272220451384783,
4,260820,mixed,MIXED,PNND,6795,0.051767284036031924,0.0,0.051767284036031924,
4,260820,mixed,MIXED,PNND,6796,0.10393490642309189,0.0,0.10393490642309189,
4,260820,mixed,MIXED,PNND,6797,0.0874437540769577,0.0,0.0874437540769577,
4,260820,mixed,MIXED,PNND,6798,0.08008935209363699,0.0,0.08008935209363699,
4,260820,mixed,MIXED,PNND,6799,0.06461389502510428,0.0,0.06461389502510428,
4,260820,mixed,MIXED,PNND,6800,0.13427653908729553,0.0,0.13427653908729553,-1.0643908526319292
4,260820,mixed,MIXED,PNND,6801,0.08390745148062706,0.0,0.08390745148062706,
4,260820,mixed,MIXED,PNND,6802,0.044866623473353684,0.0,0.044866623473353684,
4,260820,mixed,MIXED,PNND,6803,0.06345911230891943,0.0,0.06345911230891943,
4,260820,mixed,MIXED,PNND,6804,0.06767292832955718,0.0,0.06767292832955718,
4,260820,mixed,MIXED,PNND,6805,0.08130866661667824,0.0,0.08130866661667824,
4,260820,mixed,MIXED,PNND,6806,0.08021252788603306,0.0,0.08021252788603306,
4,260820,mixed,MIXED,PNND,6807,0.0907970443367958,0.0,0.0907970443367958,
4,260820,mixed,MIXED,PNND,6808,0.03790507651865482,0.0,0.03790507651865482,
4,260820,mixed,MIXED,PNND,6809,0.06981289759278297,0.0,0.06981289759278297,
4,260820,mixed,MIXED,PNND,6810,0.03963830787688494,0.0,0.03963830787688494,
4,260820,mixed,MIXED,PNND,6811,0.0923360357992351,0.0,0.0923360357992351,
4,260820,mixed,MIXED,PNND,6812,0.03495982999447733,0.0,0.03495982999447733,
4,260820,mixed,MIXED,PNND,6813,0.10953783243894577,0.0,0.10953783243894577,
4,260820,mixed,MIXED,PNND,6814,0.07088282238692045,0.0,0.07088282238692045,
4,260820,mixed,MIXED,PNND,6815,0.1070997342467308,0.0,0.1070997342467308,
4,260820,mixed,MIXED,PNND,6816,0.07577941147610545,0.0,0.07577941147610545,
4,260820,mixed,MIXED,PNND,6817,0.05345021514222026,0.0,0.05345021514222026,
4,260820,mixed,MIXED,PNND,6818,0.11002137511968613,0.0,0.11002137511968613,
4,260820,mixed,MIXED,PNND,6819,0.05580524168908596,0.0,0.05580524168908596,
4,260820,mixed,MIXED,PNND,6820,0.07684459129814059,0.0,0.07684459129814059,
4,260820,mixed,MIXED,PNND,6821,0.07039554510265589,0.0,0.07039554510265589,
4,260820,mixed,MIXED,PNND,6822,0.08880147896707058,0.0,0.08880147896707058,
4,260820,mixed,MIXED,PNND,6823,0.09701964724808931,0.0,0.09701964724808931,
4,260820,mixed,MIXED,PNND,6824,0.14220483228564262,0.0,0.14220483228564262,
4,260820,mixed,MIXED,PNND,6825,0.09100682102143764,0.0,0.09100682102143764,
4,260820,mixed,MIXED,PNND,6826,0.10584958107210696,0.0,0.10584958107210696,
4,260820,mixed,MIXED,PNND,6827,0.07959032338112593,0.0,0.07959032338112593,
4,260820,mixed,MIXED,PNND,6828,0.0532232120167464,0.0,0.0532232120167464,
4,260820,mixed,MIXED,PNND,6829,0.05498585617169738,0.0,0.05498585617169738,
4,260820,mixed,MIXED,PNND,6830,0.07079142518341541,0.0,0.07079142518341541,
4,260820,mixed,MIXED,PNND,6831,0.07267196290194988,0.0,0.07267196290194988,
4,260820,mixed,MIXED,PNND,6832,0.10173148941248655,0.0,0.10173148941248655,
4,260820,mixed,MIXED,PNND,6833,0.08051052474183962,0.0,0.08051052474183962,
4,260820,mixed,MIXED,PNND,6834,0.10354825528338552,0.0,0.10354825528338552,
4,260820,mixed,MIXED,PNND,6835,0.08993000915506855,0.0,0.08993000915506855,
4,260820,mixed,MIXED,PNND,6836,0.0419253398431465,0.0,0.0419253398431465,
4,260820,mixed,MIXED,PNND,6837,0.07320409081876278,0.0,0.07320409081876278,
4,260820,mixed,MIXED,PNND,6838,0.06102946004830301,0.0,0.06102946004830301,
4,260820,mixed,MIXED,PNND,6839,0.08428986743092537,0.0,0.08428986743092537,
4,260820,mixed,MIXED,PNND,6840,0.09601793996989727,0.0,0.09601793996989727,
4,260820,mixed,MIXED,PNND,6841,0.06452701287344098,0.0,0.06452701287344098,
4,260820,mixed,MIXED,PNND,6842,0.09235508739948273,0.0,0.09235508739948273,
4,260820,mixed,MIXED,PNND,6843,0.08928555448073894,0.0,0.08928555448073894,
4,260820,mixed,MIXED,PNND,6844,0.08539649099111557,0.0,0.08539649099111557,
4,260820,mixed,MIXED,PNND,6845,0.06818157248198986,0.0,0.06818157248198986,
4,260820,mixed,MIXED,PNND,6846,0.04019983432954177,0.0,0.04019983432954177,
4,260820,mixed,MIXED,PNND,6847,0.13783625327050686,0.0,0.13783625327050686,
4,260820,mixed,MIXED,PNND,6848,0.0688681647006888,0.0,0.0688681647006888,
4,260820,mixed,MIXED,PNND,6849,0.10085918195545673,0.0,0.10085918195545673,
4,260820,mixed,MIXED,PNND,6850,0.06278544617816806,0.0,0.06278544617816806,
4,260820,mixed,MIXED,PNND,6851,0.05604270659387112,0.0,0.05604270659387112,
4,260820,mixed,MIXED,PNND,6852,0.11695720627903938,0.0,0.11695720627903938,
4,260820,mixed,MIXED,PNND,6853,0.06562162656337023,0.0,0.06562162656337023,
4,260820,mixed,MIXED,PNND,6854,0.05912808352150023,0.0,0.05912808352150023,
4,260820,mixed,MIXED,PNND,6855,0.0996929444372654,0.0,0.0996929444372654,
4,260820,mixed,MIXED,PNND,6856,0.09258046187460423,0.0,0.09258046187460423,
4,260820,mixed,MIXED,PNND,6857,0.03473210008814931,0.0,0.03473210008814931,
4,260820,mixed,MIXED,PNND,6858,0.14002324920147657,0.0,0.14002324920147657,
4,260820,mixed,MIXED,PNND,6859,0.09783665277063847,0.0,0.09783665277063847,
4,260820,mixed,MIXED,PNND,6860,0.11506780702620745,0.0,0.11506780702620745,
4,260820,mixed,MIXED,PNND,6861,0.046105945482850075,0.0,0.046105945482850075,
4,260820,mixed,MIXED,PNND,6862,0.07266918197274208,0.0,0.07266918197274208,
4,260820,mixed,MIXED,PNND,6863,0.07497566752135754,0.0,0.07497566752135754,
4,260820,mixed,MIXED,PNND,6864,0.09776273742318153,0.0,0.09776273742318153,
4,260820,mixed,MIXED,PNND,6865,0.07302132924087346,0.0,0.07302132924087346,
4,260820,mixed,MIXED,PNND,6866,0.054801421938464046,0.0,0.054801421938464046,
4,260820,mixed,MIXED,PNND,6867,0.0826949161128141,0.0,0.0826949161128141,
4,260820,mixed,MIXED,PNND,6868,0.05063933413475752,0.0,0.05063933413475752,
4,260820,mixed,MIXED,PNND,6869,0.120370052754879,0.0,0.120370052754879,
4,260820,mixed,MIXED,PNND,6870,0.11797571368515491,0.0,0.11797571368515491,
4,260820,mixed,MIXED,PNND,6871,0.11056874226778746,0.0,0.11056874226778746,
4,260820,mixed,MIXED,PNND,6872,0.03870526311220601,0.0,0.03870526311220601,
4,260820,mixed,MIXED,PNND,6873,0.04452203237451613,0.0,0.04452203237451613,
4,260820,mixed,MIXED,PNND,6874,0.11044696532189846,0.0,0.11044696532189846,
4,260820,mixed,MIXED,PNND,6875,0.067261285148561,0.0,0.067261285148561,
4,260820,mixed,MIXED,PNND,6876,0.11605361849069595,0.0,0.11605361849069595,
4,260820,mixed,MIXED,PNND,6877,0.08549799676984549,0.0,0.08549799676984549,
4,260820,mixed,MIXED,PNND,6878,0.04357585869729519,0.0,0.04357585869729519,
4,260820,mixed,MIXED,PNND,6879,0.08610015828162432,0.0,0.08610015828162432,
4,260820,mixed,MIXED,PNND,6880,0.07192992605268955,0.0,0.07192992605268955,
4,260820,mixed,MIXED,PNND,6881,0.03342666866956279,0.0,0.03342666866956279,
4,260820,mixed,MIXED,PNND,6882,0.0847696103155613,0.0,0.0847696103155613,
4,260820,mixed,MIXED,PNND,6883,0.06413580384105444,0.0,0.06413580384105444,
4,260820,mixed,MIXED,PNND,6884,0.05784898903220892,0.0,0.05784898903220892,
4,260820,mixed,MIXED,PNND,6885,0.0897209727554582,0.0,0.0897209727554582,
4,260820,mixed,MIXED,PNND,6886,0.12320372555404902,0.0,0.12320372555404902,
4,260820,mixed,MIXED,PNND,6887,0.08734477125108242,0.0,0.08734477125108242,
4,260820,mixed,MIXED,PNND,6888,0.10799091961234808,0.0,0.10799091961234808,
4,260820,mixed,MIXED,PNND,6889,0.04551292455289513,0.0,0.04551292455289513,
4,260820,mixed,MIXED,PNND,6890,0.046349449548870325,0.0,0.046349449548870325,
4,260820,mixed,MIXED,PNND,6891,0.04366843728348613,0.0,0.04366843728348613,
4,260820,mixed,MIXED,PNND,6892,0.04984737420454621,0.0,0.04984737420454621,
4,260820,mixed,MIXED,PNND,6893,0.07043203990906477,0.0,0.07043203990906477,
4,260820,mixed,MIXED,PNND,6894,0.09057225123979151,0.0,0.09057225123979151,
4,260820,mixed,MIXED,PNND,6895,0.110599294770509,0.0,0.110599294770509,
4,260820,mixed,MIXED,PNND,6896,0.08676248416304588,0.0,0.08676248416304588,
4,260820,mixed,MIXED,PNND,6897,0.06950176623649895,0.0,0.06950176623649895,
4,260820,mixed,MIXED,PNND,6898,0.05740851955488324,0.0,0.05740851955488324,
4,260820,mixed,MIXED,PNND,6899,0.06879751477390528,0.0,0.06879751477390528,
4,260820,mixed,MIXED,PNND,6900,0.06519847281742841,0.0,0.06519847281742841,
4,260820,mixed,MIXED,PNND,6901,0.08578383177518845,0.0,0.08578383177518845,
4,260820,mixed,MIXED,PNND,6902,0.08117836900055408,0.0,0.08117836900055408,
4,260820,mixed,MIXED,PNND,6903,0.09028324950486422,0.0,0.09028324950486422,
4,260820,mixed,MIXED,PNND,6904,0.09561500884592533,0.0,0.09561500884592533,
4,260820,mixed,MIXED,PNND,6905,0.08054753206670284,0.0,0.08054753206670284,
4,260820,mixed,MIXED,PNND,6906,0.04960035005933605,0.0,0.04960035005933605,
4,260820,mixed,MIXED,PNND,6907,0.08780283480882645,0.0,0.08780283480882645,
4,260820,mixed,MIXED,PNND,6908,0.06144321063766256,0.0,0.06144321063766256,
4,260820,mixed,MIXED,PNND,6909,0.05679389770375565,0.0,0.05679389770375565,
4,260820,mixed,MIXED,PNND,6910,0.13620854541659355,0.0,0.13620854541659355,
4,260820,mixed,MIXED,PNND,6911,0.08836464118212461,0.0,0.08836464118212461,
4,260820,mixed,MIXED,PNND,6912,0.04593022458720952,0.0,0.04593022458720952,
4,260820,mixed,MIXED,PNND,6913,0.08783650398254395,0.0,0.08783650398254395,
4,260820,mixed,MIXED,PNND,6914,0.12687071226537228,0.0,0.12687071226537228,
4,260820,mixed,MIXED,PNND,6915,0.08842334430664778,0.0,0.08842334430664778,
4,260820,mixed,MIXED,PNND,6916,0.08935320936143398,0.0,0.08935320936143398,
4,260820,mixed,MIXED,PNND,6917,0.08679210115224123,0.0,0.08679210115224123,
4,260820,mixed,MIXED,PNND,6918,0.04058710084063932,0.0,0.04058710084063932,
4,260820,mixed,MIXED,PNND,6919,0.10469724901486188,0.0,0.10469724901486188,
4,260820,mixed,MIXED,PNND,6920,0.08315096425940283,0.0,0.08315096425940283,
4,260820,mixed,MIXED,PNND,6921,0.08240226469933987,0.0,0.08240226469933987,
4,260820,mixed,MIXED,PNND,6922,0.055352811119519174,0.0,0.055352811119519174,
4,260820,mixed,MIXED,PNND,6923,0.08527847845107317,0.0,0.08527847845107317,
4,260820,mixed,MIXED,PNND,6924,0.0857459269464016,0.0,0.0857459269464016,
4,260820,mixed,MIXED,PNND,6925,0.05095852195518091,0.0,0.05095852195518091,
4,260820,mixed,MIXED,PNND,6926,0.04131200001575053,0.0,0.04131200001575053,
4,260820,mixed,MIXED,PNND,6927,0.07192011579172686,0.0,0.07192011579172686,
4,260820,mixed,MIXED,PNND,6928,0.09229654585942626,0.0,0.09229654585942626,
4,260820,mixed,MIXED,PNND,6929,0.09195969998836517,0.0,0.09195969998836517,
4,260820,mixed,MIXED,PNND,6930,0.11153716780245304,0.0,0.11153716780245304,
4,260820,mixed,MIXED,PNND,6931,0.04178669350221753,0.0,0.04178669350221753,
4,260820,mixed,MIXED,PNND,6932,0.08264053147286177,0.0,0.08264053147286177,
4,260820,mixed,MIXED,PNND,6933,0.08643526770174503,0.0,0.08643526770174503,
4,260820,mixed,MIXED,PNND,6934,0.07496869855094701,0.0,0.07496869855094701,
4,260820,mixed,MIXED,PNND,6935,0.10077257268130779,0.0,0.10077257268130779,
4,260820,mixed,MIXED,PNND,6936,0.0455429672729224,0.0,0.0455429672729224,
4,260820,mixed,MIXED,PNND,6937,0.09351560706272721,0.0,0.09351560706272721,
4,260820,mixed,MIXED,PNND,6938,0.07269867323338985,0.0,0.07269867323338985,
4,260820,mixed,MIXED,PNND,6939,0.14844408631324768,0.0,0.14844408631324768,
4,260820,mixed,MIXED,PNND,6940,0.08491929993033409,0.0,0.08491929993033409,
4,260820,mixed,MIXED,PNND,6941,0.047343062731670216,0.0,0.047343062731670216,
4,260820,mixed,MIXED,PNND,6942,0.08472607377916574,0.0,0.08472607377916574,
4,260820,mixed,MIXED,PNND,6943,0.08161464938893914,0.0,0.08161464938893914,
4,260820,mixed,MIXED,PNND,6944,0.028458939166739583,0.0,0.028458939166739583,
4,260820,mixed,MIXED,PNND,6945,0.0292673131916672,0.0,0.0292673131916672,
4,260820,mixed,MIXED,PNND,6946,0.0733486395329237,0.0,0.0733486395329237,
4,260820,mixed,MIXED,PNND,6947,0.060466978000476956,0.0,0.060466978000476956,
4,260820,mixed,MIXED,PNND,6948,0.057335397927090526,0.0,0.057335397927090526,
4,260820,mixed,MIXED,PNND,6949,0.0451183095574379,0.0,0.0451183095574379,
4,260820,mixed,MIXED,PNND,6950,0.06224679946899414,0.0,0.06224679946899414,
4,260820,mixed,MIXED,PNND,6951,0.08624782599508762,0.0,0.08624782599508762,
4,260820,mixed,MIXED,PNND,6952,0.05978816607967019,0.0,0.05978816607967019,
4,260820,mixed,MIXED,PNND,6953,0.09795233700424433,0.0,0.09795233700424433,
4,260820,mixed,MIXED,PNND,6954,0.08525486988946795,0.0,0.08525486988946795,
4,260820,mixed,MIXED,PNND,6955,0.07646034099161625,0.0,0.07646034099161625,
4,260820,mixed,MIXED,PNND,6956,0.025944311637431383,0.0,0.025944311637431383,
4,260820,mixed,MIXED,PNND,6957,0.08938823221251369,0.0,0.08938823221251369,
4,260820,mixed,MIXED,PNND,6958,0.06876620755065233,0.0,0.06876620755065233,
4,260820,mixed,MIXED,PNND,6959,0.10260803811252117,0.0,0.10260803811252117,
4,260820,mixed,MIXED,PNND,6960,0.04505181378044654,0.0,0.04505181378044654,
4,260820,mixed,MIXED,PNND,6961,0.0710205938667059,0.0,0.0710205938667059,
4,260820,mixed,MIXED,PNND,6962,0.0856437599286437,0.0,0.0856437599286437,
4,260820,mixed,MIXED,PNND,6963,0.07845650613307953,0.0,0.07845650613307953,
4,260820,mixed,MIXED,PNND,6964,0.12092472985386848,0.0,0.12092472985386848,
4,260820,mixed,MIXED,PNND,6965,0.11093596741557121,0.0,0.11093596741557121,
4,260820,mixed,MIXED,PNND,6966,0.07117046117491554,0.0,0.07117046117491554,
4,260820,mixed,MIXED,PNND,6967,0.06786928372457623,0.0,0.06786928372457623,
4,260820,mixed,MIXED,PNND,6968,0.09866071306169033,0.0,0.09866071306169033,
4,260820,mixed,MIXED,PNND,6969,0.08476999681442976,0.0,0.08476999681442976,
4,260820,mixed,MIXED,PNND,6970,0.02636800252366811,0.0,0.02636800252366811,
4,260820,mixed,MIXED,PNND,6971,0.0581203339388594,0.0,0.0581203339388594,
4,260820,mixed,MIXED,PNND,6972,0.07211554050445557,0.0,0.07211554050445557,
4,260820,mixed,MIXED,PNND,6973,0.10977509897202253,0.0,0.10977509897202253,
4,260820,mixed,MIXED,PNND,6974,0.13268785923719406,0.0,0.13268785923719406,
4,260820,mixed,MIXED,PNND,6975,0.05846241186372936,0.0,0.05846241186372936,
4,260820,mixed,MIXED,PNND,6976,0.06373761652503163,0.0,0.06373761652503163,
4,260820,mixed,MIXED,PNND,6977,0.10836431942880154,0.0,0.10836431942880154,
4,260820,mixed,MIXED,PNND,6978,0.06451725366059691,0.0,0.06451725366059691,
4,260820,mixed,MIXED,PNND,6979,0.06676277238875628,0.0,0.06676277238875628,
4,260820,mixed,MIXED,PNND,6980,0.0916723683476448,0.0,0.0916723683476448,
4,260820,mixed,MIXED,PNND,6981,0.06885948544368148,0.0,0.06885948544368148,
4,260820,mixed,MIXED,PNND,6982,0.11535002291202545,0.0,0.11535002291202545,
4,260820,mixed,MIXED,PNND,6983,0.1034784633666277,0.0,0.1034784633666277,
4,260820,mixed,MIXED,PNND,6984,0.06258746352978051,0.0,0.06258746352978051,
4,260820,mixed,MIXED,PNND,6985,0.07532482873648405,0.0,0.07532482873648405,
4,260820,mixed,MIXED,PNND,6986,0.10381752625107765,0.0,0.10381752625107765,
4,260820,mixed,MIXED,PNND,6987,0.07469773106276989,0.0,0.07469773106276989,
4,260820,mixed,MIXED,PNND,6988,0.08779795654118061,0.0,0.08779795654118061,
4,260820,mixed,MIXED,PNND,6989,0.10138510353863239,0.0,0.10138510353863239,
4,260820,mixed,MIXED,PNND,6990,0.09093587152892724,0.0,0.09093587152892724,
4,260820,mixed,MIXED,PNND,6991,0.13808485306799412,0.0,0.13808485306799412,
4,260820,mixed,MIXED,PNND,6992,0.09921202063560486,0.0,0.09921202063560486,
4,260820,mixed,MIXED,PNND,6993,0.13501790165901184,0.0,0.13501790165901184,
4,260820,mixed,MIXED,PNND,6994,0.11419586092233658,0.0,0.11419586092233658,
4,260820,mixed,MIXED,PNND,6995,0.0811791499145329,0.0,0.0811791499145329,
4,260820,mixed,MIXED,PNND,6996,0.05398711748421192,0.0,0.05398711748421192,
4,260820,mixed,MIXED,PNND,6997,0.13495149463415146,0.0,0.13495149463415146,
4,260820,mixed,MIXED,PNND,6998,0.07168161822482944,0.0,0.07168161822482944,
4,260820,mixed,MIXED,PNND,6999,0.07094803446670994,0.0,0.07094803446670994,
4,260820,mixed,MIXED,PNND,7000,0.10132103133946657,0.0,0.10132103133946657,-1.0618671671429263
4,260820,mixed,MIXED,PNND,7001,0.0743325985968113,0.0,0.0743325985968113,
4,260820,mixed,MIXED,PNND,7002,0.1051341537386179,0.0,0.1051341537386179,
4,260820,mixed,MIXED,PNND,7003,0.06350740260677412,0.0,0.06350740260677412,
4,260820,mixed,MIXED,PNND,7004,0.0766502688638866,0.0,0.0766502688638866,
4,260820,mixed,MIXED,PNND,7005,0.07767552882432938,0.0,0.07767552882432938,
4,260820,mixed,MIXED,PNND,7006,0.07087016431614757,0.0,0.07087016431614757,
4,260820,mixed,MIXED,PNND,7007,0.09124039113521576,0.0,0.09124039113521576,
4,260820,mixed,MIXED,PNND,7008,0.09121659956872463,0.0,0.09121659956872463,
4,260820,mixed,MIXED,PNND,7009,0.06415376020595431,0.0,0.06415376020595431,
4,260820,mixed,MIXED,PNND,7010,0.05451651569455862,0.0,0.05451651569455862,
4,260820,mixed,MIXED,PNND,7011,0.07285507954657078,0.0,0.07285507954657078,
4,260820,mixed,MIXED,PNND,7012,0.08567667286843061,0.0,0.08567667286843061,
4,260820,mixed,MIXED,PNND,7013,0.08973284717649221,0.0,0.08973284717649221,
4,260820,mixed,MIXED,PNND,7014,0.057563730282709,0.0,0.057563730282709,
4,260820,mixed,MIXED,PNND,7015,0.0626124672126025,0.0,0.0626124672126025,
4,260820,mixed,MIXED,PNND,7016,0.09588078409433365,0.0,0.09588078409433365,
4,260820,mixed,MIXED,PNND,7017,0.12037017196416855,0.0,0.12037017196416855,
4,260820,mixed,MIXED,PNND,7018,0.0943018589168787,0.0,0.0943018589168787,
4,260820,mixed,MIXED,PNND,7019,0.07026342954486609,0.0,0.07026342954486609,
4,260820,mixed,MIXED,PNND,7020,0.06678829994052649,0.0,0.06678829994052649,
4,260820,mixed,MIXED,PNND,7021,0.04587718565016985,0.0,0.04587718565016985,
4,260820,mixed,MIXED,PNND,7022,0.09885124955326319,0.0,0.09885124955326319,
4,260820,mixed,MIXED,PNND,7023,0.054539172910153866,0.0,0.054539172910153866,
4,260820,mixed,MIXED,PNND,7024,0.08625898836180568,0.0,0.08625898836180568,
4,260820,mixed,MIXED,PNND,7025,0.1141322273761034,0.0,0.1141322273761034,
4,260820,mixed,MIXED,PNND,7026,0.0770142013207078,0.0,0.0770142013207078,
4,260820,mixed,MIXED,PNND,7027,0.10620302893221378,0.0,0.10620302893221378,
4,260820,mixed,MIXED,PNND,7028,0.06634209351614118,0.0,0.06634209351614118,
4,260820,mixed,MIXED,PNND,7029,0.06430907570756972,0.0,0.06430907570756972,
4,260820,mixed,MIXED,PNND,7030,0.08578646369278431,0.0,0.08578646369278431,
4,260820,mixed,MIXED,PNND,7031,0.07199373404728249,0.0,0.07199373404728249,
4,260820,mixed,MIXED,PNND,7032,0.11452042838209309,0.0,0.11452042838209309,
4,260820,mixed,MIXED,PNND,7033,0.056508734822273254,0.0,0.056508734822273254,
4,260820,mixed,MIXED,PNND,7034,0.04551374609582126,0.0,0.04551374609582126,
4,260820,mixed,MIXED,PNND,7035,0.04952881560893729,0.0,0.04952881560893729,
4,260820,mixed,MIXED,PNND,7036,0.07183280726894736,0.0,0.07183280726894736,
4,260820,mixed,MIXED,PNND,7037,0.07676450058352202,0.0,0.07676450058352202,
4,260820,mixed,MIXED,PNND,7038,0.04813573425053619,0.0,0.04813573425053619,
4,260820,mixed,MIXED,PNND,7039,0.11928895860910416,0.0,0.11928895860910416,
4,260820,mixed,MIXED,PNND,7040,0.08508299244567752,0.0,0.08508299244567752,
4,260820,mixed,MIXED,PNND,7041,0.04798396164551377,0.0,0.04798396164551377,
4,260820,mixed,MIXED,PNND,7042,0.07457791548222303,0.0,0.07457791548222303,
4,260820,mixed,MIXED,PNND,7043,0.08816355746239424,0.0,0.08816355746239424,
4,260820,mixed,MIXED,PNND,7044,0.13634023815393448,0.0,0.13634023815393448,
4,260820,mixed,MIXED,PNND,7045,0.0511342897079885,0.0,0.0511342897079885,
4,260820,mixed,MIXED,PNND,7046,0.07552266865968704,0.0,0.07552266865968704,
4,260820,mixed,MIXED,PNND,7047,0.05365731893107295,0.0,0.05365731893107295,
4,260820,mixed,MIXED,PNND,7048,0.07755852956324816,0.0,0.07755852956324816,
4,260820,mixed,MIXED,PNND,7049,0.039096261374652386,0.0,0.039096261374652386,
4,260820,mixed,MIXED,PNND,7050,0.08840745780616999,0.0,0.08840745780616999,
4,260820,mixed,MIXED,PNND,7051,0.06521465670084581,0.0,0.06521465670084581,
4,260820,mixed,MIXED,PNND,7052,0.07806432899087667,0.0,0.07806432899087667,
4,260820,mixed,MIXED,PNND,7053,0.06742425728589296,0.0,0.06742425728589296,
4,260820,mixed,MIXED,PNND,7054,0.08679084852337837,0.0,0.08679084852337837,
4,260820,mixed,MIXED,PNND,7055,0.13151947036385536,0.0,0.13151947036385536,
4,260820,mixed,MIXED,PNND,7056,0.0787346555152908,0.0,0.0787346555152908,
4,260820,mixed,MIXED,PNND,7057,0.11436910834163427,0.0,0.11436910834163427,
4,260820,mixed,MIXED,PNND,7058,0.12934919632971287,0.0,0.12934919632971287,
4,260820,mixed,MIXED,PNND,7059,0.06528693810105324,0.0,0.06528693810105324,
4,260820,mixed,MIXED,PNND,7060,0.07181202294304967,0.0,0.07181202294304967,
4,260820,mixed,MIXED,PNND,7061,0.03164916438981891,0.0,0.03164916438981891,
4,260820,mixed,MIXED,PNND,7062,0.11923285573720932,0.0,0.11923285573720932,
4,260820,mixed,MIXED,PNND,7063,0.0744372745975852,0.0,0.0744372745975852,
4,260820,mixed,MIXED,PNND,7064,0.12326853908598423,0.0,0.12326853908598423,
4,260820,mixed,MIXED,PNND,7065,0.0887738186866045,0.0,0.0887738186866045,
4,260820,mixed,MIXED,PNND,7066,0.07140611030627042,0.0,0.07140611030627042,
4,260820,mixed,MIXED,PNND,7067,0.05102670472115278,0.0,0.05102670472115278,
4,260820,mixed,MIXED,PNND,7068,0.08284103008918464,0.0,0.08284103008918464,
4,260820,mixed,MIXED,PNND,7069,0.10427061771042645,0.0,0.10427061771042645,
4,260820,mixed,MIXED,PNND,7070,0.027492791647091508,0.0,0.027492791647091508,
4,260820,mixed,MIXED,PNND,7071,0.08041162695735693,0.0,0.08041162695735693,
4,260820,mixed,MIXED,PNND,7072,0.06049345247447491,0.0,0.06049345247447491,
4,260820,mixed,MIXED,PNND,7073,0.08841726742684841,0.0,0.08841726742684841,
4,260820,mixed,MIXED,PNND,7074,0.02867452206555754,0.0,0.02867452206555754,
4,260820,mixed,MIXED,PNND,7075,0.10198364686220884,0.0,0.10198364686220884,
4,260820,mixed,MIXED,PNND,7076,0.09982118289917707,0.0,0.09982118289917707,
4,260820,mixed,MIXED,PNND,7077,0.05533620255300775,0.0,0.05533620255300775,
4,260820,mixed,MIXED,PNND,7078,0.06307405732513871,0.0,0.06307405732513871,
4,260820,mixed,MIXED,PNND,7079,0.0914314454421401,0.0,0.0914314454421401,
4,260820,mixed,MIXED,PNND,7080,0.07016719039529562,0.0,0.07016719039529562,
4,260820,mixed,MIXED,PNND,7081,0.07174782338552177,0.0,0.07174782338552177,
4,260820,mixed,MIXED,PNND,7082,0.07582100038416684,0.0,0.07582100038416684,
4,260820,mixed,MIXED,PNND,7083,0.08439194783568382,0.0,0.08439194783568382,
4,260820,mixed,MIXED,PNND,7084,0.06689703115262091,0.0,0.06689703115262091,
4,260820,mixed,MIXED,PNND,7085,0.11736167035996914,0.0,0.11736167035996914,
4,260820,mixed,MIXED,PNND,7086,0.0956273851916194,0.0,0.0956273851916194,
4,260820,mixed,MIXED,PNND,7087,0.09479129780083895,0.0,0.09479129780083895,
4,260820,mixed,MIXED,PNND,7088,0.11444470845162868,0.0,0.11444470845162868,
4,260820,mixed,MIXED,PNND,7089,0.11062921211123466,0.0,0.11062921211123466,
4,260820,mixed,MIXED,PNND,7090,0.061043104564305395,0.0,0.061043104564305395,
4,260820,mixed,MIXED,PNND,7091,0.06479166075587273,0.0,0.06479166075587273,
4,260820,mixed,MIXED,PNND,7092,0.09563481528311968,0.0,0.09563481528311968,
4,260820,mixed,MIXED,PNND,7093,0.05109292361885309,0.0,0.05109292361885309,
4,260820,mixed,MIXED,PNND,7094,0.11282411403954029,0.0,0.11282411403954029,
4,260820,mixed,MIXED,PNND,7095,0.12257960997521877,0.0,0.12257960997521877,
4,260820,mixed,MIXED,PNND,7096,0.07456426694989204,0.0,0.07456426694989204,
4,260820,mixed,MIXED,PNND,7097,0.060140106827020645,0.0,0.060140106827020645,
4,260820,mixed,MIXED,PNND,7098,0.09669725969433784,0.0,0.09669725969433784,
4,260820,mixed,MIXED,PNND,7099,0.06112153269350529,0.0,0.06112153269350529,
4,260820,mixed,MIXED,PNND,7100,0.07793994643725455,0.0,0.07793994643725455,
4,260820,mixed,MIXED,PNND,7101,0.07401285227388144,0.0,0.07401285227388144,
4,260820,mixed,MIXED,PNND,7102,0.07650718651711941,0.0,0.07650718651711941,
4,260820,mixed,MIXED,PNND,7103,0.10766332503408194,0.0,0.10766332503408194,
4,260820,mixed,MIXED,PNND,7104,0.06485708817490377,0.0,0.06485708817490377,
4,260820,mixed,MIXED,PNND,7105,0.05778435419779271,0.0,0.05778435419779271,
4,260820,mixed,MIXED,PNND,7106,0.07615576218813658,0.0,0.07615576218813658,
4,260820,mixed,MIXED,PNND,7107,0.09272492676973343,0.0,0.09272492676973343,
4,260820,mixed,MIXED,PNND,7108,0.10556042194366455,0.0,0.10556042194366455,
4,260820,mixed,MIXED,PNND,7109,0.06942520290613174,0.0,0.06942520290613174,
4,260820,mixed,MIXED,PNND,7110,0.15201408229768276,0.0,0.15201408229768276,
4,260820,mixed,MIXED,PNND,7111,0.08162459207233042,0.0,0.08162459207233042,
4,260820,mixed,MIXED,PNND,7112,0.040561136236647144,0.0,0.040561136236647144,
4,260820,mixed,MIXED,PNND,7113,0.05893694487167522,0.0,0.05893694487167522,
4,260820,mixed,MIXED,PNND,7114,0.07276608143001795,0.0,0.07276608143001795,
4,260820,mixed,MIXED,PNND,7115,0.08428727090358734,0.0,0.08428727090358734,
4,260820,mixed,MIXED,PNND,7116,0.06189673743210733,0.0,0.06189673743210733,
4,260820,mixed,MIXED,PNND,7117,0.10145656578242779,0.0,0.10145656578242779,
4,260820,mixed,MIXED,PNND,7118,0.0992502523586154,0.0,0.0992502523586154,
4,260820,mixed,MIXED,PNND,7119,0.08066493645310402,0.0,0.08066493645310402,
4,260820,mixed,MIXED,PNND,7120,0.055274292128160596,0.0,0.055274292128160596,
4,260820,mixed,MIXED,PNND,7121,0.08595790900290012,0.0,0.08595790900290012,
4,260820,mixed,MIXED,PNND,7122,0.0633116269018501,0.0,0.0633116269018501,
4,260820,mixed,MIXED,PNND,7123,0.07423976412974298,0.0,0.07423976412974298,
4,260820,mixed,MIXED,PNND,7124,0.0929689877666533,0.0,0.0929689877666533,
4,260820,mixed,MIXED,PNND,7125,0.1121431952342391,0.0,0.1121431952342391,
4,260820,mixed,MIXED,PNND,7126,0.0878042709082365,0.0,0.0878042709082365,
4,260820,mixed,MIXED,PNND,7127,0.04904003976844251,0.0,0.04904003976844251,
4,260820,mixed,MIXED,PNND,7128,0.08490022644400597,0.0,0.08490022644400597,
4,260820,mixed,MIXED,PNND,7129,0.10593341290950775,0.0,0.10593341290950775,
4,260820,mixed,MIXED,PNND,7130,0.05968453618697822,0.0,0.05968453618697822,
4,260820,mixed,MIXED,PNND,7131,0.06485749792773277,0.0,0.06485749792773277,
4,260820,mixed,MIXED,PNND,7132,0.10535307973623276,0.0,0.10535307973623276,
4,260820,mixed,MIXED,PNND,7133,0.04212670150445774,0.0,0.04212670150445774,
4,260820,mixed,MIXED,PNND,7134,0.04234590564738028,0.0,0.04234590564738028,
4,260820,mixed,MIXED,PNND,7135,0.10949518904089928,0.0,0.10949518904089928,
4,260820,mixed,MIXED,PNND,7136,0.08891159296035767,0.0,0.08891159296035767,
4,260820,mixed,MIXED,PNND,7137,0.07634158805012703,0.0,0.07634158805012703,
4,260820,mixed,MIXED,PNND,7138,0.08908339962363243,0.0,0.08908339962363243,
4,260820,mixed,MIXED,PNND,7139,0.07748590409755707,0.0,0.07748590409755707,
4,260820,mixed,MIXED,PNND,7140,0.08396739885210991,0.0,0.08396739885210991,
4,260820,mixed,MIXED,PNND,7141,0.0520739764906466,0.0,0.0520739764906466,
4,260820,mixed,MIXED,PNND,7142,0.09422990400344133,0.0,0.09422990400344133,
4,260820,mixed,MIXED,PNND,7143,0.05059196543879807,0.0,0.05059196543879807,
4,260820,mixed,MIXED,PNND,7144,0.04073675465770066,0.0,0.04073675465770066,
4,260820,mixed,MIXED,PNND,7145,0.08454234749660827,0.0,0.08454234749660827,
4,260820,mixed,MIXED,PNND,7146,0.13568842224776745,0.0,0.13568842224776745,
4,260820,mixed,MIXED,PNND,7147,0.07544116117060184,0.0,0.07544116117060184,
4,260820,mixed,MIXED,PNND,7148,0.08571541495621204,0.0,0.08571541495621204,
4,260820,mixed,MIXED,PNND,7149,0.0976742785423994,0.0,0.0976742785423994,
4,260820,mixed,MIXED,PNND,7150,0.02317624754505232,0.0,0.02317624754505232,
4,260820,mixed,MIXED,PNND,7151,0.10376933589577675,0.0,0.10376933589577675,
4,260820,mixed,MIXED,PNND,7152,0.10258225543657318,0.0,0.10258225543657318,
4,260820,mixed,MIXED,PNND,7153,0.12445344217121601,0.0,0.12445344217121601,
4,260820,mixed,MIXED,PNND,7154,0.04269314598059282,0.0,0.04269314598059282,
4,260820,mixed,MIXED,PNND,7155,0.1403554081916809,0.0,0.1403554081916809,
4,260820,mixed,MIXED,PNND,7156,0.05133205745369196,0.0,0.05133205745369196,
4,260820,mixed,MIXED,PNND,7157,0.08693214226514101,0.0,0.08693214226514101,
4,260820,mixed,MIXED,PNND,7158,0.09412222122773528,0.0,0.09412222122773528,
4,260820,mixed,MIXED,PNND,7159,0.1064104288816452,0.0,0.1064104288816452,
4,260820,mixed,MIXED,PNND,7160,0.12034641206264496,0.0,0.12034641206264496,
4,260820,mixed,MIXED,PNND,7161,0.061598191037774086,0.0,0.061598191037774086,
4,260820,mixed,MIXED,PNND,7162,0.07175407744944096,0.0,0.07175407744944096,
4,260820,mixed,MIXED,PNND,7163,0.0583254536613822,0.0,0.0583254536613822,
4,260820,mixed,MIXED,PNND,7164,0.07953000068664551,0.0,0.07953000068664551,
4,260820,mixed,MIXED,PNND,7165,0.04306383046787232,0.0,0.04306383046787232,
4,260820,mixed,MIXED,PNND,7166,0.06061712559312582,0.0,0.06061712559312582,
4,260820,mixed,MIXED,PNND,7167,0.06235128757543862,0.0,0.06235128757543862,
4,260820,mixed,MIXED,PNND,7168,0.09288624115288258,0.0,0.09288624115288258,
4,260820,mixed,MIXED,PNND,7169,0.07876862492412329,0.0,0.07876862492412329,
4,260820,mixed,MIXED,PNND,7170,0.06714179483242333,0.0,0.06714179483242333,
4,260820,mixed,MIXED,PNND,7171,0.05916572641581297,0.0,0.05916572641581297,
4,260820,mixed,MIXED,PNND,7172,0.10932408645749092,0.0,0.10932408645749092,
4,260820,mixed,MIXED,PNND,7173,0.0303309578448534,0.0,0.0303309578448534,
4,260820,mixed,MIXED,PNND,7174,0.08299802243709564,0.0,0.08299802243709564,
4,260820,mixed,MIXED,PNND,7175,0.0644263532012701,0.0,0.0644263532012701,
4,260820,mixed,MIXED,PNND,7176,0.06612285925075412,0.0,0.06612285925075412,
4,260820,mixed,MIXED,PNND,7177,0.11161696910858154,0.0,0.11161696910858154,
4,260820,mixed,MIXED,PNND,7178,0.10316066443920135,0.0,0.10316066443920135,
4,260820,mixed,MIXED,PNND,7179,0.0446868495491799,0.0,0.0446868495491799,
4,260820,mixed,MIXED,PNND,7180,0.08370389346964657,0.0,0.08370389346964657,
4,260820,mixed,MIXED,PNND,7181,0.06616249092621729,0.0,0.06616249092621729,
4,260820,mixed,MIXED,PNND,7182,0.08746772445738316,0.0,0.08746772445738316,
4,260820,mixed,MIXED,PNND,7183,0.061101922765374184,0.0,0.061101922765374184,
4,260820,mixed,MIXED,PNND,7184,0.0834370506927371,0.0,0.0834370506927371,
4,260820,mixed,MIXED,PNND,7185,0.040085341956000775,0.0,0.040085341956000775,
4,260820,mixed,MIXED,PNND,7186,0.05281768005806953,0.0,0.05281768005806953,
4,260820,mixed,MIXED,PNND,7187,0.11805316247045994,0.0,0.11805316247045994,
4,260820,mixed,MIXED,PNND,7188,0.10315132699906826,0.0,0.10315132699906826,
4,260820,mixed,MIXED,PNND,7189,0.09640244022011757,0.0,0.09640244022011757,
4,260820,mixed,MIXED,PNND,7190,0.05604798160493374,0.0,0.05604798160493374,
4,260820,mixed,MIXED,PNND,7191,0.06724258046597242,0.0,0.06724258046597242,
4,260820,mixed,MIXED,PNND,7192,0.0548727517016232,0.0,0.0548727517016232,
4,260820,mixed,MIXED,PNND,7193,0.0714231338351965,0.0,0.0714231338351965,
4,260820,mixed,MIXED,PNND,7194,0.05149985069874674,0.0,0.05149985069874674,
4,260820,mixed,MIXED,PNND,7195,0.06272538704797626,0.0,0.06272538704797626,
4,260820,mixed,MIXED,PNND,7196,0.05704621929908171,0.0,0.05704621929908171,
4,260820,mixed,MIXED,PNND,7197,0.08812643121927977,0.0,0.08812643121927977,
4,260820,mixed,MIXED,PNND,7198,0.11558994930237532,0.0,0.11558994930237532,
4,260820,mixed,MIXED,PNND,7199,0.066599833779037,0.0,0.066599833779037,
4,260820,mixed,MIXED,PNND,7200,0.07389576453715563,0.0,0.07389576453715563,-1.0734417834004504
4,260820,mixed,MIXED,PNND,7201,0.10559052135795355,0.0,0.10559052135795355,
4,260820,mixed,MIXED,PNND,7202,0.07107200566679239,0.0,0.07107200566679239,
4,260820,mixed,MIXED,PNND,7203,0.08831439260393381,0.0,0.08831439260393381,
4,260820,mixed,MIXED,PNND,7204,0.07816043123602867,0.0,0.07816043123602867,
4,260820,mixed,MIXED,PNND,7205,0.07938916003331542,0.0,0.07938916003331542,
4,260820,mixed,MIXED,PNND,7206,0.07153274491429329,0.0,0.07153274491429329,
4,260820,mixed,MIXED,PNND,7207,0.0608219625428319,0.0,0.0608219625428319,
4,260820,mixed,MIXED,PNND,7208,0.08239538967609406,0.0,0.08239538967609406,
4,260820,mixed,MIXED,PNND,7209,0.10322862677276134,0.0,0.10322862677276134,
4,260820,mixed,MIXED,PNND,7210,0.10901921056210995,0.0,0.10901921056210995,
4,260820,mixed,MIXED,PNND,7211,0.05591269611613825,0.0,0.05591269611613825,
4,260820,mixed,MIXED,PNND,7212,0.07562151737511158,0.0,0.07562151737511158,
4,260820,mixed,MIXED,PNND,7213,0.05564294056966901,0.0,0.05564294056966901,
4,260820,mixed,MIXED,PNND,7214,0.039122908376157284,0.0,0.039122908376157284,
4,260820,mixed,MIXED,PNND,7215,0.11567018239293247,0.0,0.11567018239293247,
4,260820,mixed,MIXED,PNND,7216,0.05370936915278435,0.0,0.05370936915278435,
4,260820,mixed,MIXED,PNND,7217,0.01879476325120777,0.0,0.01879476325120777,
4,260820,mixed,MIXED,PNND,7218,0.05804910184815526,0.0,0.05804910184815526,
4,260820,mixed,MIXED,PNND,7219,0.052195328287780285,0.0,0.052195328287780285,
4,260820,mixed,MIXED,PNND,7220,0.06814618222415447,0.0,0.06814618222415447,
4,260820,mixed,MIXED,PNND,7221,0.07302461098879576,0.0,0.07302461098879576,
4,260820,mixed,MIXED,PNND,7222,0.07197363767772913,0.0,0.07197363767772913,
4,260820,mixed,MIXED,PNND,7223,0.04333111364394426,0.0,0.04333111364394426,
4,260820,mixed,MIXED,PNND,7224,0.11479800194501877,0.0,0.11479800194501877,
4,260820,mixed,MIXED,PNND,7225,0.04675615765154362,0.0,0.04675615765154362,
4,260820,mixed,MIXED,PNND,7226,0.08965994557365775,0.0,0.08965994557365775,
4,260820,mixed,MIXED,PNND,7227,0.08901400119066238,0.0,0.08901400119066238,
4,260820,mixed,MIXED,PNND,7228,0.07044187001883984,0.0,0.07044187001883984,
4,260820,mixed,MIXED,PNND,7229,0.0845256531611085,0.0,0.0845256531611085,
4,260820,mixed,MIXED,PNND,7230,0.0991068109869957,0.0,0.0991068109869957,
4,260820,mixed,MIXED,PNND,7231,0.1277789119631052,0.0,0.1277789119631052,
4,260820,mixed,MIXED,PNND,7232,0.06852862611413002,0.0,0.06852862611413002,
4,260820,mixed,MIXED,PNND,7233,0.11408115271478891,0.0,0.11408115271478891,
4,260820,mixed,MIXED,PNND,7234,0.061716681346297264,0.0,0.061716681346297264,
4,260820,mixed,MIXED,PNND,7235,0.11167565826326609,0.0,0.11167565826326609,
4,260820,mixed,MIXED,PNND,7236,0.0503257394884713,0.0,0.0503257394884713,
4,260820,mixed,MIXED,PNND,7237,0.13507358729839325,0.0,0.13507358729839325,
4,260820,mixed,MIXED,PNND,7238,0.07250934559851885,0.0,0.07250934559851885,
4,260820,mixed,MIXED,PNND,7239,0.026351176435127854,0.0,0.026351176435127854,
4,260820,mixed,MIXED,PNND,7240,0.08061561902286485,0.0,0.08061561902286485,
4,260820,mixed,MIXED,PNND,7241,0.05489352124277502,0.0,0.05489352124277502,
4,260820,mixed,MIXED,PNND,7242,0.027377552818506956,0.0,0.027377552818506956,
4,260820,mixed,MIXED,PNND,7243,0.04379912566218991,0.0,0.04379912566218991,
4,260820,mixed,MIXED,PNND,7244,0.04871610179543495,0.0,0.04871610179543495,
4,260820,mixed,MIXED,PNND,7245,0.09732305258512497,0.0,0.09732305258512497,
4,260820,mixed,MIXED,PNND,7246,0.056241062469780445,0.0,0.056241062469780445,
4,260820,mixed,MIXED,PNND,7247,0.08128228597342968,0.0,0.08128228597342968,
4,260820,mixed,MIXED,PNND,7248,0.0570791712962091,0.0,0.0570791712962091,
4,260820,mixed,MIXED,PNND,7249,0.022848901338875294,0.0,0.022848901338875294,
4,260820,mixed,MIXED,PNND,7250,0.06340744157205336,0.0,0.06340744157205336,
4,260820,mixed,MIXED,PNND,7251,0.06553518259897828,0.0,0.06553518259897828,
4,260820,mixed,MIXED,PNND,7252,0.07101441035047174,0.0,0.07101441035047174,
4,260820,mixed,MIXED,PNND,7253,0.07865483406931162,0.0,0.07865483406931162,
4,260820,mixed,MIXED,PNND,7254,0.05864453176036477,0.0,0.05864453176036477,
4,260820,mixed,MIXED,PNND,7255,0.1298536416143179,0.0,0.1298536416143179,
4,260820,mixed,MIXED,PNND,7256,0.039893538458272815,0.0,0.039893538458272815,
4,260820,mixed,MIXED,PNND,7257,0.0824335515499115,0.0,0.0824335515499115,
4,260820,mixed,MIXED,PNND,7258,0.09786149626597762,0.0,0.09786149626597762,
4,260820,mixed,MIXED,PNND,7259,0.06828032527118921,0.0,0.06828032527118921,
4,260820,mixed,MIXED,PNND,7260,0.047460440546274185,0.0,0.047460440546274185,
4,260820,mixed,MIXED,PNND,7261,0.07998512126505375,0.0,0.07998512126505375,
4,260820,mixed,MIXED,PNND,7262,0.07336757145822048,0.0,0.07336757145822048,
4,260820,mixed,MIXED,PNND,7263,0.05739058740437031,0.0,0.05739058740437031,
4,260820,mixed,MIXED,PNND,7264,0.08519480004906654,0.0,0.08519480004906654,
4,260820,mixed,MIXED,PNND,7265,0.09290213882923126,0.0,0.09290213882923126,
4,260820,mixed,MIXED,PNND,7266,0.06654220318887383,0.0,0.06654220318887383,
4,260820,mixed,MIXED,PNND,7267,0.08700999157736078,0.0,0.08700999157736078,
4,260820,mixed,MIXED,PNND,7268,0.08526631025597453,0.0,0.08526631025597453,
4,260820,mixed,MIXED,PNND,7269,0.04981723497621715,0.0,0.04981723497621715,
4,260820,mixed,MIXED,PNND,7270,0.05731216538697481,0.0,0.05731216538697481,
4,260820,mixed,MIXED,PNND,7271,0.045175797888077796,0.0,0.045175797888077796,
4,260820,mixed,MIXED,PNND,7272,0.09667437302414328,0.0,0.09667437302414328,
4,260820,mixed,MIXED,PNND,7273,0.05866129708010703,0.0,0.05866129708010703,
4,260820,mixed,MIXED,PNND,7274,0.086936064530164,0.0,0.086936064530164,
4,260820,mixed,MIXED,PNND,7275,0.0993640748783946,0.0,0.0993640748783946,
4,260820,mixed,MIXED,PNND,7276,0.06367250857874751,0.0,0.06367250857874751,
4,260820,mixed,MIXED,PNND,7277,0.09171228110790253,0.0,0.09171228110790253,
4,260820,mixed,MIXED,PNND,7278,0.06926878416561522,0.0,0.06926878416561522,
4,260820,mixed,MIXED,PNND,7279,0.039112601429224014,0.0,0.039112601429224014,
4,260820,mixed,MIXED,PNND,7280,0.08157009212300181,0.0,0.08157009212300181,
4,260820,mixed,MIXED,PNND,7281,0.04255602788180113,0.0,0.04255602788180113,
4,260820,mixed,MIXED,PNND,7282,0.09349099732935429,0.0,0.09349099732935429,
4,260820,mixed,MIXED,PNND,7283,0.03779089171439409,0.0,0.03779089171439409,
4,260820,mixed,MIXED,PNND,7284,0.1015411727130413,0.0,0.1015411727130413,
4,260820,mixed,MIXED,PNND,7285,0.06813536956906319,0.0,0.06813536956906319,
4,260820,mixed,MIXED,PNND,7286,0.08256506390171126,0.0,0.08256506390171126,
4,260820,mixed,MIXED,PNND,7287,0.05723073333501816,0.0,0.05723073333501816,
4,260820,mixed,MIXED,PNND,7288,0.07684231735765934,0.0,0.07684231735765934,
4,260820,mixed,MIXED,PNND,7289,0.07889562658965588,0.0,0.07889562658965588,
4,260820,mixed,MIXED,PNND,7290,0.07963522430509329,0.0,0.07963522430509329,
4,260820,mixed,MIXED,PNND,7291,0.07724677678197622,0.0,0.07724677678197622,
4,260820,mixed,MIXED,PNND,7292,0.07300870353356004,0.0,0.07300870353356004,
4,260820,mixed,MIXED,PNND,7293,0.09207210299791768,0.0,0.09207210299791768,
4,260820,mixed,MIXED,PNND,7294,0.040230024489574134,0.0,0.040230024489574134,
4,260820,mixed,MIXED,PNND,7295,0.05305749410763383,0.0,0.05305749410763383,
4,260820,mixed,MIXED,PNND,7296,0.0824735276401043,0.0,0.0824735276401043,
4,260820,mixed,MIXED,PNND,7297,0.0745673393830657,0.0,0.0745673393830657,
4,260820,mixed,MIXED,PNND,7298,0.11615702975541353,0.0,0.11615702975541353,
4,260820,mixed,MIXED,PNND,7299,0.10095453402027488,0.0,0.10095453402027488,
4,260820,mixed,MIXED,PNND,7300,0.08065397664904594,0.0,0.08065397664904594,
4,260820,mixed,MIXED,PNND,7301,0.08748726826161146,0.0,0.08748726826161146,
4,260820,mixed,MIXED,PNND,7302,0.09993063472211361,0.0,0.09993063472211361,
4,260820,mixed,MIXED,PNND,7303,0.06598615605616942,0.0,0.06598615605616942,
4,260820,mixed,MIXED,PNND,7304,0.0789321237243712,0.0,0.0789321237243712,
4,260820,mixed,MIXED,PNND,7305,0.10571601800620556,0.0,0.10571601800620556,
4,260820,mixed,MIXED,PNND,7306,0.06451126979663968,0.0,0.06451126979663968,
4,260820,mixed,MIXED,PNND,7307,0.13367008231580257,0.0,0.13367008231580257,
4,260820,mixed,MIXED,PNND,7308,0.06919953878968954,0.0,0.06919953878968954,
4,260820,mixed,MIXED,PNND,7309,0.06117836572229862,0.0,0.06117836572229862,
4,260820,mixed,MIXED,PNND,7310,0.08000478299800307,0.0,0.08000478299800307,
4,260820,mixed,MIXED,PNND,7311,0.06888927426189184,0.0,0.06888927426189184,
4,260820,mixed,MIXED,PNND,7312,0.1013590032234788,0.0,0.1013590032234788,
4,260820,mixed,MIXED,PNND,7313,0.07499860227108002,0.0,0.07499860227108002,
4,260820,mixed,MIXED,PNND,7314,0.10517257149331272,0.0,0.10517257149331272,
4,260820,mixed,MIXED,PNND,7315,0.09709268435835838,0.0,0.09709268435835838,
4,260820,mixed,MIXED,PNND,7316,0.09636309742927551,0.0,0.09636309742927551,
4,260820,mixed,MIXED,PNND,7317,0.1376030631363392,0.0,0.1376030631363392,
4,260820,mixed,MIXED,PNND,7318,0.058897112030535936,0.0,0.058897112030535936,
4,260820,mixed,MIXED,PNND,7319,0.10831661336123943,0.0,0.10831661336123943,
4,260820,mixed,MIXED,PNND,7320,0.08076945040374994,0.0,0.08076945040374994,
4,260820,mixed,MIXED,PNND,7321,0.0880833298433572,0.0,0.0880833298433572,
4,260820,mixed,MIXED,PNND,7322,0.10106263565830886,0.0,0.10106263565830886,
4,260820,mixed,MIXED,PNND,7323,0.03251775074750185,0.0,0.03251775074750185,
4,260820,mixed,MIXED,PNND,7324,0.06901894952170551,0.0,0.06901894952170551,
4,260820,mixed,MIXED,PNND,7325,0.05498390772845596,0.0,0.05498390772845596,
4,260820,mixed,MIXED,PNND,7326,0.06589477777015418,0.0,0.06589477777015418,
4,260820,mixed,MIXED,PNND,7327,0.08308897342067212,0.0,0.08308897342067212,
4,260820,mixed,MIXED,PNND,7328,0.07253126753494143,0.0,0.07253126753494143,
4,260820,mixed,MIXED,PNND,7329,0.05492699425667524,0.0,0.05492699425667524,
4,260820,mixed,MIXED,PNND,7330,0.0786246289499104,0.0,0.0786246289499104,
4,260820,mixed,MIXED,PNND,7331,0.09898032690398395,0.0,0.09898032690398395,
4,260820,mixed,MIXED,PNND,7332,0.07051697000861168,0.0,0.07051697000861168,
4,260820,mixed,MIXED,PNND,7333,0.09073330543469638,0.0,0.09073330543469638,
4,260820,mixed,MIXED,PNND,7334,0.06324603734537959,0.0,0.06324603734537959,
4,260820,mixed,MIXED,PNND,7335,0.10191027726978064,0.0,0.10191027726978064,
4,260820,mixed,MIXED,PNND,7336,0.06247522565536201,0.0,0.06247522565536201,
4,260820,mixed,MIXED,PNND,7337,0.03334277868270874,0.0,0.03334277868270874,
4,260820,mixed,MIXED,PNND,7338,0.08907376602292061,0.0,0.08907376602292061,
4,260820,mixed,MIXED,PNND,7339,0.0708673550398089,0.0,0.0708673550398089,
4,260820,mixed,MIXED,PNND,7340,0.030391958018299192,0.0,0.030391958018299192,
4,260820,mixed,MIXED,PNND,7341,0.08811944536864758,0.0,0.08811944536864758,
4,260820,mixed,MIXED,PNND,7342,0.055711264023557305,0.0,0.055711264023557305,
4,260820,mixed,MIXED,PNND,7343,0.044410740316379815,0.0,0.044410740316379815,
4,260820,mixed,MIXED,PNND,7344,0.05103009898448363,0.0,0.05103009898448363,
4,260820,mixed,MIXED,PNND,7345,0.12014666758477688,0.0,0.12014666758477688,
4,260820,mixed,MIXED,PNND,7346,0.07053299155086279,0.0,0.07053299155086279,
4,260820,mixed,MIXED,PNND,7347,0.05573272175388411,0.0,0.05573272175388411,
4,260820,mixed,MIXED,PNND,7348,0.08007575658848509,0.0,0.08007575658848509,
4,260820,mixed,MIXED,PNND,7349,0.10188140254467726,0.0,0.10188140254467726,
4,260820,mixed,MIXED,PNND,7350,0.06903650052845478,0.0,0.06903650052845478,
4,260820,mixed,MIXED,PNND,7351,0.09398170339409262,0.0,0.09398170339409262,
4,260820,mixed,MIXED,PNND,7352,0.07933619990944862,0.0,0.07933619990944862,
4,260820,mixed,MIXED,PNND,7353,0.10338103491812944,0.0,0.10338103491812944,
4,260820,mixed,MIXED,PNND,7354,0.04292485641781241,0.0,0.04292485641781241,
4,260820,mixed,MIXED,PNND,7355,0.10422119870781898,0.0,0.10422119870781898,
4,260820,mixed,MIXED,PNND,7356,0.13409514911472797,0.0,0.13409514911472797,
4,260820,mixed,MIXED,PNND,7357,0.0438857302069664,0.0,0.0438857302069664,
4,260820,mixed,MIXED,PNND,7358,0.09271990321576595,0.0,0.09271990321576595,
4,260820,mixed,MIXED,PNND,7359,0.10777973476797342,0.0,0.10777973476797342,
4,260820,mixed,MIXED,PNND,7360,0.1296379268169403,0.0,0.1296379268169403,
4,260820,mixed,MIXED,PNND,7361,0.07266594597604126,0.0,0.07266594597604126,
4,260820,mixed,MIXED,PNND,7362,0.07973754964768887,0.0,0.07973754964768887,
4,260820,mixed,MIXED,PNND,7363,0.08347170054912567,0.0,0.08347170054912567,
4,260820,mixed,MIXED,PNND,7364,0.07432632334530354,0.0,0.07432632334530354,
4,260820,mixed,MIXED,PNND,7365,0.07005077484063804,0.0,0.07005077484063804,
4,260820,mixed,MIXED,PNND,7366,0.04854665242601186,0.0,0.04854665242601186,
4,260820,mixed,MIXED,PNND,7367,0.08212270567310043,0.0,0.08212270567310043,
4,260820,mixed,MIXED,PNND,7368,0.05638096062466502,0.0,0.05638096062466502,
4,260820,mixed,MIXED,PNND,7369,0.05810022249352187,0.0,0.05810022249352187,
4,260820,mixed,MIXED,PNND,7370,0.04679083894006908,0.0,0.04679083894006908,
4,260820,mixed,MIXED,PNND,7371,0.034434466739185154,0.0,0.034434466739185154,
4,260820,mixed,MIXED,PNND,7372,0.12367176142288372,0.0,0.12367176142288372,
4,260820,mixed,MIXED,PNND,7373,0.07550670951604843,0.0,0.07550670951604843,
4,260820,mixed,MIXED,PNND,7374,0.09822283126413822,0.0,0.09822283126413822,
4,260820,mixed,MIXED,PNND,7375,0.06073442491469905,0.0,0.06073442491469905,
4,260820,mixed,MIXED,PNND,7376,0.12419583275914192,0.0,0.12419583275914192,
4,260820,mixed,MIXED,PNND,7377,0.08795178309082985,0.0,0.08795178309082985,
4,260820,mixed,MIXED,PNND,7378,0.10492324456572533,0.0,0.10492324456572533,
4,260820,mixed,MIXED,PNND,7379,0.07368518225848675,0.0,0.07368518225848675,
4,260820,mixed,MIXED,PNND,7380,0.08868272975087166,0.0,0.08868272975087166,
4,260820,mixed,MIXED,PNND,7381,0.03631241014227271,0.0,0.03631241014227271,
4,260820,mixed,MIXED,PNND,7382,0.09360941348131746,0.0,0.09360941348131746,
4,260820,mixed,MIXED,PNND,7383,0.0918472409248352,0.0,0.0918472409248352,
4,260820,mixed,MIXED,PNND,7384,0.07893073186278343,0.0,0.07893073186278343,
4,260820,mixed,MIXED,PNND,7385,0.08605920057743788,0.0,0.08605920057743788,
4,260820,mixed,MIXED,PNND,7386,0.0722772495355457,0.0,0.0722772495355457,
4,260820,mixed,MIXED,PNND,7387,0.03309194068424404,0.0,0.03309194068424404,
4,260820,mixed,MIXED,PNND,7388,0.06854930042754859,0.0,0.06854930042754859,
4,260820,mixed,MIXED,PNND,7389,0.023022113426122814,0.0,0.023022113426122814,
4,260820,mixed,MIXED,PNND,7390,0.054356962675228715,0.0,0.054356962675228715,
4,260820,mixed,MIXED,PNND,7391,0.04967701621353626,0.0,0.04967701621353626,
4,260820,mixed,MIXED,PNND,7392,0.044381482526659966,0.0,0.044381482526659966,
4,260820,mixed,MIXED,PNND,7393,0.08979406766593456,0.0,0.08979406766593456,
4,260820,mixed,MIXED,PNND,7394,0.07390811387449503,0.0,0.07390811387449503,
4,260820,mixed,MIXED,PNND,7395,0.08284922922030091,0.0,0.08284922922030091,
4,260820,mixed,MIXED,PNND,7396,0.07007980532944202,0.0,0.07007980532944202,
4,260820,mixed,MIXED,PNND,7397,0.04111438523977995,0.0,0.04111438523977995,
4,260820,mixed,MIXED,PNND,7398,0.07984899822622538,0.0,0.07984899822622538,
4,260820,mixed,MIXED,PNND,7399,0.06596619170159101,0.0,0.06596619170159101,
4,260820,mixed,MIXED,PNND,7400,0.06160172284580767,0.0,0.06160172284580767,-1.0798017246838194
4,260820,mixed,MIXED,PNND,7401,0.03926793787104543,0.0,0.03926793787104543,
4,260820,mixed,MIXED,PNND,7402,0.06421463284641504,0.0,0.06421463284641504,
4,260820,mixed,MIXED,PNND,7403,0.0859177503734827,0.0,0.0859177503734827,
4,260820,mixed,MIXED,PNND,7404,0.058931034756824374,0.0,0.058931034756824374,
4,260820,mixed,MIXED,PNND,7405,0.08916541188955307,0.0,0.08916541188955307,
4,260820,mixed,MIXED,PNND,7406,0.08052426669746637,0.0,0.08052426669746637,
4,260820,mixed,MIXED,PNND,7407,0.07925061788409948,0.0,0.07925061788409948,
4,260820,mixed,MIXED,PNND,7408,0.07168747903779149,0.0,0.07168747903779149,
4,260820,mixed,MIXED,PNND,7409,0.1182831171900034,0.0,0.1182831171900034,
4,260820,mixed,MIXED,PNND,7410,0.09841663530096412,0.0,0.09841663530096412,
4,260820,mixed,MIXED,PNND,7411,0.04994531348347664,0.0,0.04994531348347664,
4,260820,mixed,MIXED,PNND,7412,0.10038431396242231,0.0,0.10038431396242231,
4,260820,mixed,MIXED,PNND,7413,0.06554379034787416,0.0,0.06554379034787416,
4,260820,mixed,MIXED,PNND,7414,0.09609782509505749,0.0,0.09609782509505749,
4,260820,mixed,MIXED,PNND,7415,0.04627830791287124,0.0,0.04627830791287124,
4,260820,mixed,MIXED,PNND,7416,0.11631519347429276,0.0,0.11631519347429276,
4,260820,mixed,MIXED,PNND,7417,0.07632854860275984,0.0,0.07632854860275984,
4,260820,mixed,MIXED,PNND,7418,0.0695516187697649,0.0,0.0695516187697649,
4,260820,mixed,MIXED,PNND,7419,0.10007184813730419,0.0,0.10007184813730419,
4,260820,mixed,MIXED,PNND,7420,0.03736273758113384,0.0,0.03736273758113384,
4,260820,mixed,MIXED,PNND,7421,0.104590505361557,0.0,0.104590505361557,
4,260820,mixed,MIXED,PNND,7422,0.12946107052266598,0.0,0.12946107052266598,
4,260820,mixed,MIXED,PNND,7423,0.10324742086231709,0.0,0.10324742086231709,
4,260820,mixed,MIXED,PNND,7424,0.06629090197384357,0.0,0.06629090197384357,
4,260820,mixed,MIXED,PNND,7425,0.08303038254962303,0.0,0.08303038254962303,
4,260820,mixed,MIXED,PNND,7426,0.08522910135798156,0.0,0.08522910135798156,
4,260820,mixed,MIXED,PNND,7427,0.08188916835933924,0.0,0.08188916835933924,
4,260820,mixed,MIXED,PNND,7428,0.07442757859826088,0.0,0.07442757859826088,
4,260820,mixed,MIXED,PNND,7429,0.08907536917831749,0.0,0.08907536917831749,
4,260820,mixed,MIXED,PNND,7430,0.07106707186903805,0.0,0.07106707186903805,
4,260820,mixed,MIXED,PNND,7431,0.07503525586798787,0.0,0.07503525586798787,
4,260820,mixed,MIXED,PNND,7432,0.08554030768573284,0.0,0.08554030768573284,
4,260820,mixed,MIXED,PNND,7433,0.09735666401684284,0.0,0.09735666401684284,
4,260820,mixed,MIXED,PNND,7434,0.05361770372837782,0.0,0.05361770372837782,
4,260820,mixed,MIXED,PNND,7435,0.0527318234089762,0.0,0.0527318234089762,
4,260820,mixed,MIXED,PNND,7436,0.08393050730228424,0.0,0.08393050730228424,
4,260820,mixed,MIXED,PNND,7437,0.08631959091871977,0.0,0.08631959091871977,
4,260820,mixed,MIXED,PNND,7438,0.06280985311605036,0.0,0.06280985311605036,
4,260820,mixed,MIXED,PNND,7439,0.08097247872501612,0.0,0.08097247872501612,
4,260820,mixed,MIXED,PNND,7440,0.10671606473624706,0.0,0.10671606473624706,
4,260820,mixed,MIXED,PNND,7441,0.0583257214166224,0.0,0.0583257214166224,
4,260820,mixed,MIXED,PNND,7442,0.04309590707998723,0.0,0.04309590707998723,
4,260820,mixed,MIXED,PNND,7443,0.08439116110093892,0.0,0.08439116110093892,
4,260820,mixed,MIXED,PNND,7444,0.042015652637928724,0.0,0.042015652637928724,
4,260820,mixed,MIXED,PNND,7445,0.09213946061208844,0.0,0.09213946061208844,
4,260820,mixed,MIXED,PNND,7446,0.0794274671934545,0.0,0.0794274671934545,
4,260820,mixed,MIXED,PNND,7447,0.08247957658022642,0.0,0.08247957658022642,
4,260820,mixed,MIXED,PNND,7448,0.10085339192301035,0.0,0.10085339192301035,
4,260820,mixed,MIXED,PNND,7449,0.07172308128792793,0.0,0.07172308128792793,
4,260820,mixed,MIXED,PNND,7450,0.06305401516146958,0.0,0.06305401516146958,
4,260820,mixed,MIXED,PNND,7451,0.05109631922096014,0.0,0.05109631922096014,
4,260820,mixed,MIXED,PNND,7452,0.07375950226560235,0.0,0.07375950226560235,
4,260820,mixed,MIXED,PNND,7453,0.10135868843644857,0.0,0.10135868843644857,
4,260820,mixed,MIXED,PNND,7454,0.04612285306211561,0.0,0.04612285306211561,
4,260820,mixed,MIXED,PNND,7455,0.055280441883951426,0.0,0.055280441883951426,
4,260820,mixed,MIXED,PNND,7456,0.12492091208696365,0.0,0.12492091208696365,
4,260820,mixed,MIXED,PNND,7457,0.11094606947153807,0.0,0.11094606947153807,
4,260820,mixed,MIXED,PNND,7458,0.10118006728589535,0.0,0.10118006728589535,
4,260820,mixed,MIXED,PNND,7459,0.11445452272891998,0.0,0.11445452272891998,
4,260820,mixed,MIXED,PNND,7460,0.08329745475202799,0.0,0.08329745475202799,
4,260820,mixed,MIXED,PNND,7461,0.045975277869729325,0.0,0.045975277869729325,
4,260820,mixed,MIXED,PNND,7462,0.0971013167873025,0.0,0.0971013167873025,
4,260820,mixed,MIXED,PNND,7463,0.0762282894575037,0.0,0.0762282894575037,
4,260820,mixed,MIXED,PNND,7464,0.11687762010842562,0.0,0.11687762010842562,
4,260820,mixed,MIXED,PNND,7465,0.057897902093827724,0.0,0.057897902093827724,
4,260820,mixed,MIXED,PNND,7466,0.05069134593941271,0.0,0.05069134593941271,
4,260820,mixed,MIXED,PNND,7467,0.08997149020433426,0.0,0.08997149020433426,
4,260820,mixed,MIXED,PNND,7468,0.04891859320923686,0.0,0.04891859320923686,
4,260820,mixed,MIXED,PNND,7469,0.13883207624894567,0.0,0.13883207624894567,
4,260820,mixed,MIXED,PNND,7470,0.14340121112763882,0.0,0.14340121112763882,
4,260820,mixed,MIXED,PNND,7471,0.038089335430413485,0.0,0.038089335430413485,
4,260820,mixed,MIXED,PNND,7472,0.07176714530214667,0.0,0.07176714530214667,
4,260820,mixed,MIXED,PNND,7473,0.09402250126004219,0.0,0.09402250126004219,
4,260820,mixed,MIXED,PNND,7474,0.09497537929564714,0.0,0.09497537929564714,
4,260820,mixed,MIXED,PNND,7475,0.11041327565908432,0.0,0.11041327565908432,
4,260820,mixed,MIXED,PNND,7476,0.06284750066697598,0.0,0.06284750066697598,
4,260820,mixed,MIXED,PNND,7477,0.10507054813206196,0.0,0.10507054813206196,
4,260820,mixed,MIXED,PNND,7478,0.08390790573321283,0.0,0.08390790573321283,
4,260820,mixed,MIXED,PNND,7479,0.06351210502907634,0.0,0.06351210502907634,
4,260820,mixed,MIXED,PNND,7480,0.08626052550971508,0.0,0.08626052550971508,
4,260820,mixed,MIXED,PNND,7481,0.10842195712029934,0.0,0.10842195712029934,
4,260820,mixed,MIXED,PNND,7482,0.04503431357443333,0.0,0.04503431357443333,
4,260820,mixed,MIXED,PNND,7483,0.05234733875840902,0.0,0.05234733875840902,
4,260820,mixed,MIXED,PNND,7484,0.04796828469261527,0.0,0.04796828469261527,
4,260820,mixed,MIXED,PNND,7485,0.057309966534376144,0.0,0.057309966534376144,
4,260820,mixed,MIXED,PNND,7486,0.08223415026441216,0.0,0.08223415026441216,
4,260820,mixed,MIXED,PNND,7487,0.037502991035580635,0.0,0.037502991035580635,
4,260820,mixed,MIXED,PNND,7488,0.06549386837286875,0.0,0.06549386837286875,
4,260820,mixed,MIXED,PNND,7489,0.11605616100132465,0.0,0.11605616100132465,
4,260820,mixed,MIXED,PNND,7490,0.08710639365017414,0.0,0.08710639365017414,
4,260820,mixed,MIXED,PNND,7491,0.06002151686698198,0.0,0.06002151686698198,
4,260820,mixed,MIXED,PNND,7492,0.07996881869621575,0.0,0.07996881869621575,
4,260820,mixed,MIXED,PNND,7493,0.0687774927355349,0.0,0.0687774927355349,
4,260820,mixed,MIXED,PNND,7494,0.07427373062819242,0.0,0.07427373062819242,
4,260820,mixed,MIXED,PNND,7495,0.051970540545880795,0.0,0.051970540545880795,
4,260820,mixed,MIXED,PNND,7496,0.06078865332528949,0.0,0.06078865332528949,
4,260820,mixed,MIXED,PNND,7497,0.06509943027049303,0.0,0.06509943027049303,
4,260820,mixed,MIXED,PNND,7498,0.07012285012751818,0.0,0.07012285012751818,
4,260820,mixed,MIXED,PNND,7499,0.06244295742362738,0.0,0.06244295742362738,
4,260820,mixed,MIXED,PNND,7500,0.07220352813601494,0.0,0.07220352813601494,
4,260820,mixed,MIXED,PNND,7501,0.0779569698497653,0.0,0.0779569698497653,
4,260820,mixed,MIXED,PNND,7502,0.13230199180543423,0.0,0.13230199180543423,
4,260820,mixed,MIXED,PNND,7503,0.07750602858141065,0.0,0.07750602858141065,
4,260820,mixed,MIXED,PNND,7504,0.12000293098390102,0.0,0.12000293098390102,
4,260820,mixed,MIXED,PNND,7505,0.06735732837114483,0.0,0.06735732837114483,
4,260820,mixed,MIXED,PNND,7506,0.08255512733012438,0.0,0.08255512733012438,
4,260820,mixed,MIXED,PNND,7507,0.10504293628036976,0.0,0.10504293628036976,
4,260820,mixed,MIXED,PNND,7508,0.039745502872392535,0.0,0.039745502872392535,
4,260820,mixed,MIXED,PNND,7509,0.08016500808298588,0.0,0.08016500808298588,
4,260820,mixed,MIXED,PNND,7510,0.0773671442293562,0.0,0.0773671442293562,
4,260820,mixed,MIXED,PNND,7511,0.05143809714354575,0.0,0.05143809714354575,
4,260820,mixed,MIXED,PNND,7512,0.05306234484305605,0.0,0.05306234484305605,
4,260820,mixed,MIXED,PNND,7513,0.10124351643025875,0.0,0.10124351643025875,
4,260820,mixed,MIXED,PNND,7514,0.05570245161652565,0.0,0.05570245161652565,
4,260820,mixed,MIXED,PNND,7515,0.022868369007483125,0.0,0.022868369007483125,
4,260820,mixed,MIXED,PNND,7516,0.06883309793192893,0.0,0.06883309793192893,
4,260820,mixed,MIXED,PNND,7517,0.09482087008655071,0.0,0.09482087008655071,
4,260820,mixed,MIXED,PNND,7518,0.0371736744127702,0.0,0.0371736744127702,
4,260820,mixed,MIXED,PNND,7519,0.05631503774202429,0.0,0.05631503774202429,
4,260820,mixed,MIXED,PNND,7520,0.09149395022541285,0.0,0.09149395022541285,
4,260820,mixed,MIXED,PNND,7521,0.056357469758950174,0.0,0.056357469758950174,
4,260820,mixed,MIXED,PNND,7522,0.055788205936551094,0.0,0.055788205936551094,
4,260820,mixed,MIXED,PNND,7523,0.03131522570038214,0.0,0.03131522570038214,
4,260820,mixed,MIXED,PNND,7524,0.09116598963737488,0.0,0.09116598963737488,
4,260820,mixed,MIXED,PNND,7525,0.12103665433824062,0.0,0.12103665433824062,
4,260820,mixed,MIXED,PNND,7526,0.08753671124577522,0.0,0.08753671124577522,
4,260820,mixed,MIXED,PNND,7527,0.06109561916673556,0.0,0.06109561916673556,
4,260820,mixed,MIXED,PNND,7528,0.11670563975349069,0.0,0.11670563975349069,
4,260820,mixed,MIXED,PNND,7529,0.06221423298120499,0.0,0.06221423298120499,
4,260820,mixed,MIXED,PNND,7530,0.058125658659264445,0.0,0.058125658659264445,
4,260820,mixed,MIXED,PNND,7531,0.06725330231711268,0.0,0.06725330231711268,
4,260820,mixed,MIXED,PNND,7532,0.06373077817261219,0.0,0.06373077817261219,
4,260820,mixed,MIXED,PNND,7533,0.09970642067492008,0.0,0.09970642067492008,
4,260820,mixed,MIXED,PNND,7534,0.06653246423229575,0.0,0.06653246423229575,
4,260820,mixed,MIXED,PNND,7535,0.04053794196806848,0.0,0.04053794196806848,
4,260820,mixed,MIXED,PNND,7536,0.06799868773669004,0.0,0.06799868773669004,
4,260820,mixed,MIXED,PNND,7537,0.10652275942265987,0.0,0.10652275942265987,
4,260820,mixed,MIXED,PNND,7538,0.03984867807594128,0.0,0.03984867807594128,
4,260820,mixed,MIXED,PNND,7539,0.07929754070937634,0.0,0.07929754070937634,
4,260820,mixed,MIXED,PNND,7540,0.0792744355276227,0.0,0.0792744355276227,
4,260820,mixed,MIXED,PNND,7541,0.08950258372351527,0.0,0.08950258372351527,
4,260820,mixed,MIXED,PNND,7542,0.11639638245105743,0.0,0.11639638245105743,
4,260820,mixed,MIXED,PNND,7543,0.0909294169396162,0.0,0.0909294169396162,
4,260820,mixed,MIXED,PNND,7544,0.07389955408871174,0.0,0.07389955408871174,
4,260820,mixed,MIXED,PNND,7545,0.06220709078479558,0.0,0.06220709078479558,
4,260820,mixed,MIXED,PNND,7546,0.07009125489275903,0.0,0.07009125489275903,
4,260820,mixed,MIXED,PNND,7547,0.037485125940293074,0.0,0.037485125940293074,
4,260820,mixed,MIXED,PNND,7548,0.10036702826619148,0.0,0.10036702826619148,
4,260820,mixed,MIXED,PNND,7549,0.0851030545309186,0.0,0.0851030545309186,
4,260820,mixed,MIXED,PNND,7550,0.02738843714178074,0.0,0.02738843714178074,
4,260820,mixed,MIXED,PNND,7551,0.04722771537490189,0.0,0.04722771537490189,
4,260820,mixed,MIXED,PNND,7552,0.1171044297516346,0.0,0.1171044297516346,
4,260820,mixed,MIXED,PNND,7553,0.10491647687740624,0.0,0.10491647687740624,
4,260820,mixed,MIXED,PNND,7554,0.06325631239451468,0.0,0.06325631239451468,
4,260820,mixed,MIXED,PNND,7555,0.03015399450669065,0.0,0.03015399450669065,
4,260820,mixed,MIXED,PNND,7556,0.08659796882420778,0.0,0.08659796882420778,
4,260820,mixed,MIXED,PNND,7557,0.04495586594566703,0.0,0.04495586594566703,
4,260820,mixed,MIXED,PNND,7558,0.05648898705840111,0.0,0.05648898705840111,
4,260820,mixed,MIXED,PNND,7559,0.0718108145520091,0.0,0.0718108145520091,
4,260820,mixed,MIXED,PNND,7560,0.07218944421038032,0.0,0.07218944421038032,
4,260820,mixed,MIXED,PNND,7561,0.09047087840735912,0.0,0.09047087840735912,
4,260820,mixed,MIXED,PNND,7562,0.1050746999680996,0.0,0.1050746999680996,
4,260820,mixed,MIXED,PNND,7563,0.09799686423502862,0.0,0.09799686423502862,
4,260820,mixed,MIXED,PNND,7564,0.05344058992341161,0.0,0.05344058992341161,
4,260820,mixed,MIXED,PNND,7565,0.10247535910457373,0.0,0.10247535910457373,
4,260820,mixed,MIXED,PNND,7566,0.07062194962054491,0.0,0.07062194962054491,
4,260820,mixed,MIXED,PNND,7567,0.09677584888413548,0.0,0.09677584888413548,
4,260820,mixed,MIXED,PNND,7568,0.11736656026914716,0.0,0.11736656026914716,
4,260820,mixed,MIXED,PNND,7569,0.06429504510015249,0.0,0.06429504510015249,
4,260820,mixed,MIXED,PNND,7570,0.08780971821397543,0.0,0.08780971821397543,
4,260820,mixed,MIXED,PNND,7571,0.06147217517718673,0.0,0.06147217517718673,
4,260820,mixed,MIXED,PNND,7572,0.11750082299113274,0.0,0.11750082299113274,
4,260820,mixed,MIXED,PNND,7573,0.11463365331292152,0.0,0.11463365331292152,
4,260820,mixed,MIXED,PNND,7574,0.13307360652834177,0.0,0.13307360652834177,
4,260820,mixed,MIXED,PNND,7575,0.10844041872769594,0.0,0.10844041872769594,
4,260820,mixed,MIXED,PNND,7576,0.05049937032163143,0.0,0.05049937032163143,
4,260820,mixed,MIXED,PNND,7577,0.08294433541595936,0.0,0.08294433541595936,
4,260820,mixed,MIXED,PNND,7578,0.07259025098755956,0.0,0.07259025098755956,
4,260820,mixed,MIXED,PNND,7579,0.03406238439492881,0.0,0.03406238439492881,
4,260820,mixed,MIXED,PNND,7580,0.0780467800796032,0.0,0.0780467800796032,
4,260820,mixed,MIXED,PNND,7581,0.13653209060430527,0.0,0.13653209060430527,
4,260820,mixed,MIXED,PNND,7582,0.06167908711358905,0.0,0.06167908711358905,
4,260820,mixed,MIXED,PNND,7583,0.038951472903136164,0.0,0.038951472903136164,
4,260820,mixed,MIXED,PNND,7584,0.04411067126784474,0.0,0.04411067126784474,
4,260820,mixed,MIXED,PNND,7585,0.08578142512124032,0.0,0.08578142512124032,
4,260820,mixed,MIXED,PNND,7586,0.07642211639904417,0.0,0.07642211639904417,
4,260820,mixed,MIXED,PNND,7587,0.04372483491897583,0.0,0.04372483491897583,
4,260820,mixed,MIXED,PNND,7588,0.09151098318397999,0.0,0.09151098318397999,
4,260820,mixed,MIXED,PNND,7589,0.0798336137086153,0.0,0.0798336137086153,
4,260820,mixed,MIXED,PNND,7590,0.07212589401751757,0.0,0.07212589401751757,
4,260820,mixed,MIXED,PNND,7591,0.07094466174021363,0.0,0.07094466174021363,
4,260820,mixed,MIXED,PNND,7592,0.07057874836027622,0.0,0.07057874836027622,
4,260820,mixed,MIXED,PNND,7593,0.045508443377912045,0.0,0.045508443377912045,
4,260820,mixed,MIXED,PNND,7594,0.02730807871557772,0.0,0.02730807871557772,
4,260820,mixed,MIXED,PNND,7595,0.07601519767194986,0.0,0.07601519767194986,
4,260820,mixed,MIXED,PNND,7596,0.033052396262064576,0.0,0.033052396262064576,
4,260820,mixed,MIXED,PNND,7597,0.05365842394530773,0.0,0.05365842394530773,
4,260820,mixed,MIXED,PNND,7598,0.10414402931928635,0.0,0.10414402931928635,
4,260820,mixed,MIXED,PNND,7599,0.10187203343957663,0.0,0.10187203343957663,
4,260820,mixed,MIXED,PNND,7600,0.0766161922365427,0.0,0.0766161922365427,-1.0864393500651788
4,260820,mixed,MIXED,PNND,7601,0.1030318234115839,0.0,0.1030318234115839,
4,260820,mixed,MIXED,PNND,7602,0.048557779751718044,0.0,0.048557779751718044,
4,260820,mixed,MIXED,PNND,7603,0.08053179644048214,0.0,0.08053179644048214,
4,260820,mixed,MIXED,PNND,7604,0.07628031726926565,0.0,0.07628031726926565,
4,260820,mixed,MIXED,PNND,7605,0.060610273852944374,0.0,0.060610273852944374,
4,260820,mixed,MIXED,PNND,7606,0.08898326382040977,0.0,0.08898326382040977,
4,260820,mixed,MIXED,PNND,7607,0.05841909226728603,0.0,0.05841909226728603,
4,260820,mixed,MIXED,PNND,7608,0.11514090222772211,0.0,0.11514090222772211,
4,260820,mixed,MIXED,PNND,7609,0.07723635947331786,0.0,0.07723635947331786,
4,260820,mixed,MIXED,PNND,7610,0.024886954808607697,0.0,0.024886954808607697,
4,260820,mixed,MIXED,PNND,7611,0.060024583246558905,0.0,0.060024583246558905,
4,260820,mixed,MIXED,PNND,7612,0.027258564514340833,0.0,0.027258564514340833,
4,260820,mixed,MIXED,PNND,7613,0.1127852788195014,0.0,0.1127852788195014,
4,260820,mixed,MIXED,PNND,7614,0.11948836594820023,0.0,0.11948836594820023,
4,260820,mixed,MIXED,PNND,7615,0.040983427315950394,0.0,0.040983427315950394,
4,260820,mixed,MIXED,PNND,7616,0.049049226436181925,0.0,0.049049226436181925,
4,260820,mixed,MIXED,PNND,7617,0.05414269445464015,0.0,0.05414269445464015,
4,260820,mixed,MIXED,PNND,7618,0.04804991651326418,0.0,0.04804991651326418,
4,260820,mixed,MIXED,PNND,7619,0.10728647001087666,0.0,0.10728647001087666,
4,260820,mixed,MIXED,PNND,7620,0.06854272040072829,0.0,0.06854272040072829,
4,260820,mixed,MIXED,PNND,7621,0.0932693611830473,0.0,0.0932693611830473,
4,260820,mixed,MIXED,PNND,7622,0.07704484649002552,0.0,0.07704484649002552,
4,260820,mixed,MIXED,PNND,7623,0.07347111869603395,0.0,0.07347111869603395,
4,260820,mixed,MIXED,PNND,7624,0.07504614815115929,0.0,0.07504614815115929,
4,260820,mixed,MIXED,PNND,7625,0.11039001122117043,0.0,0.11039001122117043,
4,260820,mixed,MIXED,PNND,7626,0.06491310428828001,0.0,0.06491310428828001,
4,260820,mixed,MIXED,PNND,7627,0.07559265103191137,0.0,0.07559265103191137,
4,260820,mixed,MIXED,PNND,7628,0.08538323733955622,0.0,0.08538323733955622,
4,260820,mixed,MIXED,PNND,7629,0.045925051847007126,0.0,0.045925051847007126,
4,260820,mixed,MIXED,PNND,7630,0.05855443235486746,0.0,0.05855443235486746,
4,260820,mixed,MIXED,PNND,7631,0.05263191813719459,0.0,0.05263191813719459,
4,260820,mixed,MIXED,PNND,7632,0.0816467497497797,0.0,0.0816467497497797,
4,260820,mixed,MIXED,PNND,7633,0.06606731005012989,0.0,0.06606731005012989,
4,260820,mixed,MIXED,PNND,7634,0.05858234502375126,0.0,0.05858234502375126,
4,260820,mixed,MIXED,PNND,7635,0.1083041625097394,0.0,0.1083041625097394,
4,260820,mixed,MIXED,PNND,7636,0.11173272202722728,0.0,0.11173272202722728,
4,260820,mixed,MIXED,PNND,7637,0.061537261586636305,0.0,0.061537261586636305,
4,260820,mixed,MIXED,PNND,7638,0.06895505188731477,0.0,0.06895505188731477,
4,260820,mixed,MIXED,PNND,7639,0.0880323925812263,0.0,0.0880323925812263,
4,260820,mixed,MIXED,PNND,7640,0.09774893592111766,0.0,0.09774893592111766,
4,260820,mixed,MIXED,PNND,7641,0.08273422159254551,0.0,0.08273422159254551,
4,260820,mixed,MIXED,PNND,7642,0.08750656247138977,0.0,0.08750656247138977,
4,260820,mixed,MIXED,PNND,7643,0.10802062600851059,0.0,0.10802062600851059,
4,260820,mixed,MIXED,PNND,7644,0.03842685359995812,0.0,0.03842685359995812,
4,260820,mixed,MIXED,PNND,7645,0.07439066376537085,0.0,0.07439066376537085,
4,260820,mixed,MIXED,PNND,7646,0.09509443119168282,0.0,0.09509443119168282,
4,260820,mixed,MIXED,PNND,7647,0.09133070707321167,0.0,0.09133070707321167,
4,260820,mixed,MIXED,PNND,7648,0.09532219223910943,0.0,0.09532219223910943,
4,260820,mixed,MIXED,PNND,7649,0.054445903399027884,0.0,0.054445903399027884,
4,260820,mixed,MIXED,PNND,7650,0.1078903810121119,0.0,0.1078903810121119,
4,260820,mixed,MIXED,PNND,7651,0.1055249385535717,0.0,0.1055249385535717,
4,260820,mixed,MIXED,PNND,7652,0.08463155617937446,0.0,0.08463155617937446,
4,260820,mixed,MIXED,PNND,7653,0.09636555408360437,0.0,0.09636555408360437,
4,260820,mixed,MIXED,PNND,7654,0.07937718974426389,0.0,0.07937718974426389,
4,260820,mixed,MIXED,PNND,7655,0.0517444577999413,0.0,0.0517444577999413,
4,260820,mixed,MIXED,PNND,7656,0.07022599503397942,0.0,0.07022599503397942,
4,260820,mixed,MIXED,PNND,7657,0.045231962110847235,0.0,0.045231962110847235,
4,260820,mixed,MIXED,PNND,7658,0.07778747478732839,0.0,0.07778747478732839,
4,260820,mixed,MIXED,PNND,7659,0.07600394543260336,0.0,0.07600394543260336,
4,260820,mixed,MIXED,PNND,7660,0.08423121133819222,0.0,0.08423121133819222,
4,260820,mixed,MIXED,PNND,7661,0.05324024334549904,0.0,0.05324024334549904,
4,260820,mixed,MIXED,PNND,7662,0.045292333234101534,0.0,0.045292333234101534,
4,260820,mixed,MIXED,PNND,7663,0.11081313109025359,0.0,0.11081313109025359,
4,260820,mixed,MIXED,PNND,7664,0.05010232073254883,0.0,0.05010232073254883,
4,260820,mixed,MIXED,PNND,7665,0.07710868678987026,0.0,0.07710868678987026,
4,260820,mixed,MIXED,PNND,7666,0.08249404141679406,0.0,0.08249404141679406,
4,260820,mixed,MIXED,PNND,7667,0.04551442782394588,0.0,0.04551442782394588,
4,260820,mixed,MIXED,PNND,7668,0.06907548289746046,0.0,0.06907548289746046,
4,260820,mixed,MIXED,PNND,7669,0.06931119182263501,0.0,0.06931119182263501,
4,260820,mixed,MIXED,PNND,7670,0.024422921836958267,0.0,0.024422921836958267,
4,260820,mixed,MIXED,PNND,7671,0.06982019357383251,0.0,0.06982019357383251,
4,260820,mixed,MIXED,PNND,7672,0.08004586212337017,0.0,0.08004586212337017,
4,260820,mixed,MIXED,PNND,7673,0.08424384077079594,0.0,0.08424384077079594,
4,260820,mixed,MIXED,PNND,7674,0.03844213159754872,0.0,0.03844213159754872,
4,260820,mixed,MIXED,PNND,7675,0.10222276486456394,0.0,0.10222276486456394,
4,260820,mixed,MIXED,PNND,7676,0.09016331378370523,0.0,0.09016331378370523,
4,260820,mixed,MIXED,PNND,7677,0.07746172999031842,0.0,0.07746172999031842,
4,260820,mixed,MIXED,PNND,7678,0.07357821788173169,0.0,0.07357821788173169,
4,260820,mixed,MIXED,PNND,7679,0.10828426852822304,0.0,0.10828426852822304,
4,260820,mixed,MIXED,PNND,7680,0.06219061044976115,0.0,0.06219061044976115,
4,260820,mixed,MIXED,PNND,7681,0.07568979886127636,0.0,0.07568979886127636,
4,260820,mixed,MIXED,PNND,7682,0.07020025167730637,0.0,0.07020025167730637,
4,260820,mixed,MIXED,PNND,7683,0.07822055835276842,0.0,0.07822055835276842,
4,260820,mixed,MIXED,PNND,7684,0.059373607859015465,0.0,0.059373607859015465,
4,260820,mixed,MIXED,PNND,7685,0.1091194599866867,0.0,0.1091194599866867,
4,260820,mixed,MIXED,PNND,7686,0.04377526871394366,0.0,0.04377526871394366,
4,260820,mixed,MIXED,PNND,7687,0.0596569842309691,0.0,0.0596569842309691,
4,260820,mixed,MIXED,PNND,7688,0.04388703219592571,0.0,0.04388703219592571,
4,260820,mixed,MIXED,PNND,7689,0.09698406048119068,0.0,0.09698406048119068,
4,260820,mixed,MIXED,PNND,7690,0.08932200074195862,0.0,0.08932200074195862,
4,260820,mixed,MIXED,PNND,7691,0.08202851028181612,0.0,0.08202851028181612,
4,260820,mixed,MIXED,PNND,7692,0.06734503456391394,0.0,0.06734503456391394,
4,260820,mixed,MIXED,PNND,7693,0.11099791247397661,0.0,0.11099791247397661,
4,260820,mixed,MIXED,PNND,7694,0.04600109661987517,0.0,0.04600109661987517,
4,260820,mixed,MIXED,PNND,7695,0.12384874559938908,0.0,0.12384874559938908,
4,260820,mixed,MIXED,PNND,7696,0.10083398420829326,0.0,0.10083398420829326,
4,260820,mixed,MIXED,PNND,7697,0.052225434221327305,0.0,0.052225434221327305,
4,260820,mixed,MIXED,PNND,7698,0.025256902677938342,0.0,0.025256902677938342,
4,260820,mixed,MIXED,PNND,7699,0.05337780405534431,0.0,0.05337780405534431,
4,260820,mixed,MIXED,PNND,7700,0.05915370600996539,0.0,0.05915370600996539,
4,260820,mixed,MIXED,PNND,7701,0.029886086471378803,0.0,0.029886086471378803,
4,260820,mixed,MIXED,PNND,7702,0.10015497170388699,0.0,0.10015497170388699,
4,260820,mixed,MIXED,PNND,7703,0.03464571968652308,0.0,0.03464571968652308,
4,260820,mixed,MIXED,PNND,7704,0.06658359244465828,0.0,0.06658359244465828,
4,260820,mixed,MIXED,PNND,7705,0.0608479343354702,0.0,0.0608479343354702,
4,260820,mixed,MIXED,PNND,7706,0.03325496145407669,0.0,0.03325496145407669,
4,260820,mixed,MIXED,PNND,7707,0.08995054941624403,0.0,0.08995054941624403,
4,260820,mixed,MIXED,PNND,7708,0.0783255584537983,0.0,0.0783255584537983,
4,260820,mixed,MIXED,PNND,7709,0.07391064055263996,0.0,0.07391064055263996,
4,260820,mixed,MIXED,PNND,7710,0.06638300977647305,0.0,0.06638300977647305,
4,260820,mixed,MIXED,PNND,7711,0.03870804747566581,0.0,0.03870804747566581,
4,260820,mixed,MIXED,PNND,7712,0.09613035095389932,0.0,0.09613035095389932,
4,260820,mixed,MIXED,PNND,7713,0.08666370744322194,0.0,0.08666370744322194,
4,260820,mixed,MIXED,PNND,7714,0.09808276209514588,0.0,0.09808276209514588,
4,260820,mixed,MIXED,PNND,7715,0.09836133010685444,0.0,0.09836133010685444,
4,260820,mixed,MIXED,PNND,7716,0.0729523089248687,0.0,0.0729523089248687,
4,260820,mixed,MIXED,PNND,7717,0.080242152325809,0.0,0.080242152325809,
4,260820,mixed,MIXED,PNND,7718,0.09849848970770836,0.0,0.09849848970770836,
4,260820,mixed,MIXED,PNND,7719,0.06077219592407346,0.0,0.06077219592407346,
4,260820,mixed,MIXED,PNND,7720,0.057681963400682434,0.0,0.057681963400682434,
4,260820,mixed,MIXED,PNND,7721,0.07888829318108037,0.0,0.07888829318108037,
4,260820,mixed,MIXED,PNND,7722,0.145893981680274,0.0,0.145893981680274,
4,260820,mixed,MIXED,PNND,7723,0.10897818207740784,0.0,0.10897818207740784,
4,260820,mixed,MIXED,PNND,7724,0.07798768766224384,0.0,0.07798768766224384,
4,260820,mixed,MIXED,PNND,7725,0.11015789397060871,0.0,0.11015789397060871,
4,260820,mixed,MIXED,PNND,7726,0.07903377525508404,0.0,0.07903377525508404,
4,260820,mixed,MIXED,PNND,7727,0.09288845164701343,0.0,0.09288845164701343,
4,260820,mixed,MIXED,PNND,7728,0.031036397209390998,0.0,0.031036397209390998,
4,260820,mixed,MIXED,PNND,7729,0.03996342234313488,0.0,0.03996342234313488,
4,260820,mixed,MIXED,PNND,7730,0.08750089583918452,0.0,0.08750089583918452,
4,260820,mixed,MIXED,PNND,7731,0.07448559402837418,0.0,0.07448559402837418,
4,260820,mixed,MIXED,PNND,7732,0.03165294090285897,0.0,0.03165294090285897,
4,260820,mixed,MIXED,PNND,7733,0.05362755461828783,0.0,0.05362755461828783,
4,260820,mixed,MIXED,PNND,7734,0.0790727911517024,0.0,0.0790727911517024,
4,260820,mixed,MIXED,PNND,7735,0.10151644051074982,0.0,0.10151644051074982,
4,260820,mixed,MIXED,PNND,7736,0.07317726407200098,0.0,0.07317726407200098,
4,260820,mixed,MIXED,PNND,7737,0.09516630880534649,0.0,0.09516630880534649,
4,260820,mixed,MIXED,PNND,7738,0.05697565898299217,0.0,0.05697565898299217,
4,260820,mixed,MIXED,PNND,7739,0.0679876046924619,0.0,0.0679876046924619,
4,260820,mixed,MIXED,PNND,7740,0.04434856373700313,0.0,0.04434856373700313,
4,260820,mixed,MIXED,PNND,7741,0.03980040398892015,0.0,0.03980040398892015,
4,260820,mixed,MIXED,PNND,7742,0.04805842135101557,0.0,0.04805842135101557,
4,260820,mixed,MIXED,PNND,7743,0.07998487539589405,0.0,0.07998487539589405,
4,260820,mixed,MIXED,PNND,7744,0.06590790650807321,0.0,0.06590790650807321,
4,260820,mixed,MIXED,PNND,7745,0.041030905209481716,0.0,0.041030905209481716,
4,260820,mixed,MIXED,PNND,7746,0.03710345411673188,0.0,0.03710345411673188,
4,260820,mixed,MIXED,PNND,7747,0.051508129108697176,0.0,0.051508129108697176,
4,260820,mixed,MIXED,PNND,7748,0.053328514099121094,0.0,0.053328514099121094,
4,260820,mixed,MIXED,PNND,7749,0.06605037674307823,0.0,0.06605037674307823,
4,260820,mixed,MIXED,PNND,7750,0.1069942694157362,0.0,0.1069942694157362,
4,260820,mixed,MIXED,PNND,7751,0.09443419892340899,0.0,0.09443419892340899,
4,260820,mixed,MIXED,PNND,7752,0.09255623072385788,0.0,0.09255623072385788,
4,260820,mixed,MIXED,PNND,7753,0.07502502738498151,0.0,0.07502502738498151,
4,260820,mixed,MIXED,PNND,7754,0.05738539344747551,0.0,0.05738539344747551,
4,260820,mixed,MIXED,PNND,7755,0.05730607360601425,0.0,0.05730607360601425,
4,260820,mixed,MIXED,PNND,7756,0.08567083533853292,0.0,0.08567083533853292,
4,260820,mixed,MIXED,PNND,7757,0.06449299212545156,0.0,0.06449299212545156,
4,260820,mixed,MIXED,PNND,7758,0.09966394118964672,0.0,0.09966394118964672,
4,260820,mixed,MIXED,PNND,7759,0.050002576783299446,0.0,0.050002576783299446,
4,260820,mixed,MIXED,PNND,7760,0.046651750802993774,0.0,0.046651750802993774,
4,260820,mixed,MIXED,PNND,7761,0.1014636978507042,0.0,0.1014636978507042,
4,260820,mixed,MIXED,PNND,7762,0.1251523457467556,0.0,0.1251523457467556,
4,260820,mixed,MIXED,PNND,7763,0.11117272637784481,0.0,0.11117272637784481,
4,260820,mixed,MIXED,PNND,7764,0.03007039031945169,0.0,0.03007039031945169,
4,260820,mixed,MIXED,PNND,7765,0.03145249997032806,0.0,0.03145249997032806,
4,260820,mixed,MIXED,PNND,7766,0.1083259773440659,0.0,0.1083259773440659,
4,260820,mixed,MIXED,PNND,7767,0.03811494633555412,0.0,0.03811494633555412,
4,260820,mixed,MIXED,PNND,7768,0.07859570579603314,0.0,0.07859570579603314,
4,260820,mixed,MIXED,PNND,7769,0.08747297106310725,0.0,0.08747297106310725,
4,260820,mixed,MIXED,PNND,7770,0.09690173156559467,0.0,0.09690173156559467,
4,260820,mixed,MIXED,PNND,7771,0.04213504894869402,0.0,0.04213504894869402,
4,260820,mixed,MIXED,PNND,7772,0.10700236447155476,0.0,0.10700236447155476,
4,260820,mixed,MIXED,PNND,7773,0.03907594096381217,0.0,0.03907594096381217,
4,260820,mixed,MIXED,PNND,7774,0.040485958801582456,0.0,0.040485958801582456,
4,260820,mixed,MIXED,PNND,7775,0.06947339768521488,0.0,0.06947339768521488,
4,260820,mixed,MIXED,PNND,7776,0.046197172385291196,0.0,0.046197172385291196,
4,260820,mixed,MIXED,PNND,7777,0.04301948001375422,0.0,0.04301948001375422,
4,260820,mixed,MIXED,PNND,7778,0.07413839921355247,0.0,0.07413839921355247,
4,260820,mixed,MIXED,PNND,7779,0.10890982253476977,0.0,0.10890982253476977,
4,260820,mixed,MIXED,PNND,7780,0.12156068364856765,0.0,0.12156068364856765,
4,260820,mixed,MIXED,PNND,7781,0.09488124400377274,0.0,0.09488124400377274,
4,260820,mixed,MIXED,PNND,7782,0.12378419190645218,0.0,0.12378419190645218,
4,260820,mixed,MIXED,PNND,7783,0.09223133302293718,0.0,0.09223133302293718,
4,260820,mixed,MIXED,PNND,7784,0.07800818607211113,0.0,0.07800818607211113,
4,260820,mixed,MIXED,PNND,7785,0.09689570590853691,0.0,0.09689570590853691,
4,260820,mixed,MIXED,PNND,7786,0.08382641483331099,0.0,0.08382641483331099,
4,260820,mixed,MIXED,PNND,7787,0.11503139976412058,0.0,0.11503139976412058,
4,260820,mixed,MIXED,PNND,7788,0.09309601876884699,0.0,0.09309601876884699,
4,260820,mixed,MIXED,PNND,7789,0.07521028677001595,0.0,0.07521028677001595,
4,260820,mixed,MIXED,PNND,7790,0.07843506010249257,0.0,0.07843506010249257,
4,260820,mixed,MIXED,PNND,7791,0.053868585266172886,0.0,0.053868585266172886,
4,260820,mixed,MIXED,PNND,7792,0.047681054566055536,0.0,0.047681054566055536,
4,260820,mixed,MIXED,PNND,7793,0.10579271148890257,0.0,0.10579271148890257,
4,260820,mixed,MIXED,PNND,7794,0.08247362822294235,0.0,0.08247362822294235,
4,260820,mixed,MIXED,PNND,7795,0.06927546754013747,0.0,0.06927546754013747,
4,260820,mixed,MIXED,PNND,7796,0.06941375974565744,0.0,0.06941375974565744,
4,260820,mixed,MIXED,PNND,7797,0.04860124015249312,0.0,0.04860124015249312,
4,260820,mixed,MIXED,PNND,7798,0.07117137499153614,0.0,0.07117137499153614,
4,260820,mixed,MIXED,PNND,7799,0.05580368638038635,0.0,0.05580368638038635,
4,260820,mixed,MIXED,PNND,7800,0.07656602654606104,0.0,0.07656602654606104,-1.0833468815892426
4,260820,mixed,MIXED,PNND,7801,0.07537962635979056,0.0,0.07537962635979056,
4,260820,mixed,MIXED,PNND,7802,0.11089180503040552,0.0,0.11089180503040552,
4,260820,mixed,MIXED,PNND,7803,0.07440222706645727,0.0,0.07440222706645727,
4,260820,mixed,MIXED,PNND,7804,0.10358463134616613,0.0,0.10358463134616613,
4,260820,mixed,MIXED,PNND,7805,0.04109173361212015,0.0,0.04109173361212015,
4,260820,mixed,MIXED,PNND,7806,0.12978977523744106,0.0,0.12978977523744106,
4,260820,mixed,MIXED,PNND,7807,0.062472017016261816,0.0,0.062472017016261816,
4,260820,mixed,MIXED,PNND,7808,0.06938643380999565,0.0,0.06938643380999565,
4,260820,mixed,MIXED,PNND,7809,0.05572519228735473,0.0,0.05572519228735473,
4,260820,mixed,MIXED,PNND,7810,0.094141467474401,0.0,0.094141467474401,
4,260820,mixed,MIXED,PNND,7811,0.11633475963026285,0.0,0.11633475963026285,
4,260820,mixed,MIXED,PNND,7812,0.04281883349176496,0.0,0.04281883349176496,
4,260820,mixed,MIXED,PNND,7813,0.0896291509270668,0.0,0.0896291509270668,
4,260820,mixed,MIXED,PNND,7814,0.16403748467564583,0.0,0.16403748467564583,
4,260820,mixed,MIXED,PNND,7815,0.10672074719332159,0.0,0.10672074719332159,
4,260820,mixed,MIXED,PNND,7816,0.0530785892624408,0.0,0.0530785892624408,
4,260820,mixed,MIXED,PNND,7817,0.05729327868903056,0.0,0.05729327868903056,
4,260820,mixed,MIXED,PNND,7818,0.060847292188555,0.0,0.060847292188555,
4,260820,mixed,MIXED,PNND,7819,0.08071009907871485,0.0,0.08071009907871485,
4,260820,mixed,MIXED,PNND,7820,0.07547200098633766,0.0,0.07547200098633766,
4,260820,mixed,MIXED,PNND,7821,0.13710613176226616,0.0,0.13710613176226616,
4,260820,mixed,MIXED,PNND,7822,0.07522098254412413,0.0,0.07522098254412413,
4,260820,mixed,MIXED,PNND,7823,0.1255080085247755,0.0,0.1255080085247755,
4,260820,mixed,MIXED,PNND,7824,0.08062690822407603,0.0,0.08062690822407603,
4,260820,mixed,MIXED,PNND,7825,0.09991720505058765,0.0,0.09991720505058765,
4,260820,mixed,MIXED,PNND,7826,0.07364134956151247,0.0,0.07364134956151247,
4,260820,mixed,MIXED,PNND,7827,0.08109537395648658,0.0,0.08109537395648658,
4,260820,mixed,MIXED,PNND,7828,0.05350024066865444,0.0,0.05350024066865444,
4,260820,mixed,MIXED,PNND,7829,0.0691821314394474,0.0,0.0691821314394474,
4,260820,mixed,MIXED,PNND,7830,0.05377247417345643,0.0,0.05377247417345643,
4,260820,mixed,MIXED,PNND,7831,0.11426426935940981,0.0,0.11426426935940981,
4,260820,mixed,MIXED,PNND,7832,0.06917581148445606,0.0,0.06917581148445606,
4,260820,mixed,MIXED,PNND,7833,0.11601941473782063,0.0,0.11601941473782063,
4,260820,mixed,MIXED,PNND,7834,0.08766382484463975,0.0,0.08766382484463975,
4,260820,mixed,MIXED,PNND,7835,0.08852285472676158,0.0,0.08852285472676158,
4,260820,mixed,MIXED,PNND,7836,0.08083748072385788,0.0,0.08083748072385788,
4,260820,mixed,MIXED,PNND,7837,0.05842942895833403,0.0,0.05842942895833403,
4,260820,mixed,MIXED,PNND,7838,0.0651380643248558,0.0,0.0651380643248558,
4,260820,mixed,MIXED,PNND,7839,0.06927351909689605,0.0,0.06927351909689605,
4,260820,mixed,MIXED,PNND,7840,0.1038713592570275,0.0,0.1038713592570275,
4,260820,mixed,MIXED,PNND,7841,0.09360503498464823,0.0,0.09360503498464823,
4,260820,mixed,MIXED,PNND,7842,0.08278569299727678,0.0,0.08278569299727678,
4,260820,mixed,MIXED,PNND,7843,0.07228339836001396,0.0,0.07228339836001396,
4,260820,mixed,MIXED,PNND,7844,0.10296459589153528,0.0,0.10296459589153528,
4,260820,mixed,MIXED,PNND,7845,0.09168821293860674,0.0,0.09168821293860674,
4,260820,mixed,MIXED,PNND,7846,0.09053546655923128,0.0,0.09053546655923128,
4,260820,mixed,MIXED,PNND,7847,0.028372939515975304,0.0,0.028372939515975304,
4,260820,mixed,MIXED,PNND,7848,0.0635431605624035,0.0,0.0635431605624035,
4,260820,mixed,MIXED,PNND,7849,0.1039197500795126,0.0,0.1039197500795126,
4,260820,mixed,MIXED,PNND,7850,0.059633803088217974,0.0,0.059633803088217974,
4,260820,mixed,MIXED,PNND,7851,0.07960570231080055,0.0,0.07960570231080055,
4,260820,mixed,MIXED,PNND,7852,0.05292236898094416,0.0,0.05292236898094416,
4,260820,mixed,MIXED,PNND,7853,0.015962047880748287,0.0,0.015962047880748287,
4,260820,mixed,MIXED,PNND,7854,0.08609242923557758,0.0,0.08609242923557758,
4,260820,mixed,MIXED,PNND,7855,0.12043581623584032,0.0,0.12043581623584032,
4,260820,mixed,MIXED,PNND,7856,0.073018001858145,0.0,0.073018001858145,
4,260820,mixed,MIXED,PNND,7857,0.04031995905097574,0.0,0.04031995905097574,
4,260820,mixed,MIXED,PNND,7858,0.07060306915082037,0.0,0.07060306915082037,
4,260820,mixed,MIXED,PNND,7859,0.047337640658952296,0.0,0.047337640658952296,
4,260820,mixed,MIXED,PNND,7860,0.08750576974125579,0.0,0.08750576974125579,
4,260820,mixed,MIXED,PNND,7861,0.05272845085710287,0.0,0.05272845085710287,
4,260820,mixed,MIXED,PNND,7862,0.031595437903888524,0.0,0.031595437903888524,
4,260820,mixed,MIXED,PNND,7863,0.08045823313295841,0.0,0.08045823313295841,
4,260820,mixed,MIXED,PNND,7864,0.059057384729385376,0.0,0.059057384729385376,
4,260820,mixed,MIXED,PNND,7865,0.06562992371618748,0.0,0.06562992371618748,
4,260820,mixed,MIXED,PNND,7866,0.04198440071195364,0.0,0.04198440071195364,
4,260820,mixed,MIXED,PNND,7867,0.06392117543146014,0.0,0.06392117543146014,
4,260820,mixed,MIXED,PNND,7868,0.05173354595899582,0.0,0.05173354595899582,
4,260820,mixed,MIXED,PNND,7869,0.09403714304789901,0.0,0.09403714304789901,
4,260820,mixed,MIXED,PNND,7870,0.08777947491034865,0.0,0.08777947491034865,
4,260820,mixed,MIXED,PNND,7871,0.08889939542859793,0.0,0.08889939542859793,
4,260820,mixed,MIXED,PNND,7872,0.10811736434698105,0.0,0.10811736434698105,
4,260820,mixed,MIXED,PNND,7873,0.03550059098051861,0.0,0.03550059098051861,
4,260820,mixed,MIXED,PNND,7874,0.09766224678605795,0.0,0.09766224678605795,
4,260820,mixed,MIXED,PNND,7875,0.05539741367101669,0.0,0.05539741367101669,
4,260820,mixed,MIXED,PNND,7876,0.05892107222462073,0.0,0.05892107222462073,
4,260820,mixed,MIXED,PNND,7877,0.09000747185200453,0.0,0.09000747185200453,
4,260820,mixed,MIXED,PNND,7878,0.1032627965323627,0.0,0.1032627965323627,
4,260820,mixed,MIXED,PNND,7879,0.06580451875925064,0.0,0.06580451875925064,
4,260820,mixed,MIXED,PNND,7880,0.08509535528719425,0.0,0.08509535528719425,
4,260820,mixed,MIXED,PNND,7881,0.09076826367527246,0.0,0.09076826367527246,
4,260820,mixed,MIXED,PNND,7882,0.07329320814460516,0.0,0.07329320814460516,
4,260820,mixed,MIXED,PNND,7883,0.046374003461096436,0.0,0.046374003461096436,
4,260820,mixed,MIXED,PNND,7884,0.07797132153064013,0.0,0.07797132153064013,
4,260820,mixed,MIXED,PNND,7885,0.1368419025093317,0.0,0.1368419025093317,
4,260820,mixed,MIXED,PNND,7886,0.039098051842302084,0.0,0.039098051842302084,
4,260820,mixed,MIXED,PNND,7887,0.030229502182919532,0.0,0.030229502182919532,
4,260820,mixed,MIXED,PNND,7888,0.060590459033846855,0.0,0.060590459033846855,
4,260820,mixed,MIXED,PNND,7889,0.06283998303115368,0.0,0.06283998303115368,
4,260820,mixed,MIXED,PNND,7890,0.07699041441082954,0.0,0.07699041441082954,
4,260820,mixed,MIXED,PNND,7891,0.051596506498754025,0.0,0.051596506498754025,
4,260820,mixed,MIXED,PNND,7892,0.05156958708539605,0.0,0.05156958708539605,
4,260820,mixed,MIXED,PNND,7893,0.06300702854059637,0.0,0.06300702854059637,
4,260820,mixed,MIXED,PNND,7894,0.06493818061426282,0.0,0.06493818061426282,
4,260820,mixed,MIXED,PNND,7895,0.11181769985705614,0.0,0.11181769985705614,
4,260820,mixed,MIXED,PNND,7896,0.08657015953212976,0.0,0.08657015953212976,
4,260820,mixed,MIXED,PNND,7897,0.0964177567511797,0.0,0.0964177567511797,
4,260820,mixed,MIXED,PNND,7898,0.10016574975452386,0.0,0.10016574975452386,
4,260820,mixed,MIXED,PNND,7899,0.022442261455580592,0.0,0.022442261455580592,
4,260820,mixed,MIXED,PNND,7900,0.08733835630118847,0.0,0.08733835630118847,
4,260820,mixed,MIXED,PNND,7901,0.038713696179911494,0.0,0.038713696179911494,
4,260820,mixed,MIXED,PNND,7902,0.06348803651053458,0.0,0.06348803651053458,
4,260820,mixed,MIXED,PNND,7903,0.043520896026166156,0.0,0.043520896026166156,
4,260820,mixed,MIXED,PNND,7904,0.09395943395793438,0.0,0.09395943395793438,
4,260820,mixed,MIXED,PNND,7905,0.09310127049684525,0.0,0.09310127049684525,
4,260820,mixed,MIXED,PNND,7906,0.047703385818749666,0.0,0.047703385818749666,
4,260820,mixed,MIXED,PNND,7907,0.056368112564086914,0.0,0.056368112564086914,
4,260820,mixed,MIXED,PNND,7908,0.05482104100519791,0.0,0.05482104100519791,
4,260820,mixed,MIXED,PNND,7909,0.05255485884845257,0.0,0.05255485884845257,
4,260820,mixed,MIXED,PNND,7910,0.058579345961334184,0.0,0.058579345961334184,
4,260820,mixed,MIXED,PNND,7911,0.039150011260062456,0.0,0.039150011260062456,
4,260820,mixed,MIXED,PNND,7912,0.08034376986324787,0.0,0.08034376986324787,
4,260820,mixed,MIXED,PNND,7913,0.08305523118178826,0.0,0.08305523118178826,
4,260820,mixed,MIXED,PNND,7914,0.0717258807271719,0.0,0.0717258807271719,
4,260820,mixed,MIXED,PNND,7915,0.07934312429279089,0.0,0.07934312429279089,
4,260820,mixed,MIXED,PNND,7916,0.07128803199157119,0.0,0.07128803199157119,
4,260820,mixed,MIXED,PNND,7917,0.05670065712183714,0.0,0.05670065712183714,
4,260820,mixed,MIXED,PNND,7918,0.10039837658405304,0.0,0.10039837658405304,
4,260820,mixed,MIXED,PNND,7919,0.06594318058341742,0.0,0.06594318058341742,
4,260820,mixed,MIXED,PNND,7920,0.10993287432938814,0.0,0.10993287432938814,
4,260820,mixed,MIXED,PNND,7921,0.09547686111181974,0.0,0.09547686111181974,
4,260820,mixed,MIXED,PNND,7922,0.12572537269443274,0.0,0.12572537269443274,
4,260820,mixed,MIXED,PNND,7923,0.042289238481316715,0.0,0.042289238481316715,
4,260820,mixed,MIXED,PNND,7924,0.1138317845761776,0.0,0.1138317845761776,
4,260820,mixed,MIXED,PNND,7925,0.08281957544386387,0.0,0.08281957544386387,
4,260820,mixed,MIXED,PNND,7926,0.13079984858632088,0.0,0.13079984858632088,
4,260820,mixed,MIXED,PNND,7927,0.0690420262835687,0.0,0.0690420262835687,
4,260820,mixed,MIXED,PNND,7928,0.09216640051454306,0.0,0.09216640051454306,
4,260820,mixed,MIXED,PNND,7929,0.08877194346860051,0.0,0.08877194346860051,
4,260820,mixed,MIXED,PNND,7930,0.11769486404955387,0.0,0.11769486404955387,
4,260820,mixed,MIXED,PNND,7931,0.07662929670186713,0.0,0.07662929670186713,
4,260820,mixed,MIXED,PNND,7932,0.06697029061615467,0.0,0.06697029061615467,
4,260820,mixed,MIXED,PNND,7933,0.04356289969291538,0.0,0.04356289969291538,
4,260820,mixed,MIXED,PNND,7934,0.052466984605416656,0.0,0.052466984605416656,
4,260820,mixed,MIXED,PNND,7935,0.053477576933801174,0.0,0.053477576933801174,
4,260820,mixed,MIXED,PNND,7936,0.08847395237535238,0.0,0.08847395237535238,
4,260820,mixed,MIXED,PNND,7937,0.12485310062766075,0.0,0.12485310062766075,
4,260820,mixed,MIXED,PNND,7938,0.044181061210110784,0.0,0.044181061210110784,
4,260820,mixed,MIXED,PNND,7939,0.05359131211298518,0.0,0.05359131211298518,
4,260820,mixed,MIXED,PNND,7940,0.05821926542557776,0.0,0.05821926542557776,
4,260820,mixed,MIXED,PNND,7941,0.11077932454645634,0.0,0.11077932454645634,
4,260820,mixed,MIXED,PNND,7942,0.07408826053142548,0.0,0.07408826053142548,
4,260820,mixed,MIXED,PNND,7943,0.07822700776159763,0.0,0.07822700776159763,
4,260820,mixed,MIXED,PNND,7944,0.11524845100939274,0.0,0.11524845100939274,
4,260820,mixed,MIXED,PNND,7945,0.10557105578482151,0.0,0.10557105578482151,
4,260820,mixed,MIXED,PNND,7946,0.10606320854276419,0.0,0.10606320854276419,
4,260820,mixed,MIXED,PNND,7947,0.09907513856887817,0.0,0.09907513856887817,
4,260820,mixed,MIXED,PNND,7948,0.07425359525950626,0.0,0.07425359525950626,
4,260820,mixed,MIXED,PNND,7949,0.05763897020369768,0.0,0.05763897020369768,
4,260820,mixed,MIXED,PNND,7950,0.08597196452319622,0.0,0.08597196452319622,
4,260820,mixed,MIXED,PNND,7951,0.033513509668409824,0.0,0.033513509668409824,
4,260820,mixed,MIXED,PNND,7952,0.08169007813557982,0.0,0.08169007813557982,
4,260820,mixed,MIXED,PNND,7953,0.10212545935064554,0.0,0.10212545935064554,
4,260820,mixed,MIXED,PNND,7954,0.10752873681485653,0.0,0.10752873681485653,
4,260820,mixed,MIXED,PNND,7955,0.09560436382889748,0.0,0.09560436382889748,
4,260820,mixed,MIXED,PNND,7956,0.08190930681303144,0.0,0.08190930681303144,
4,260820,mixed,MIXED,PNND,7957,0.06811023131012917,0.0,0.06811023131012917,
4,260820,mixed,MIXED,PNND,7958,0.057709457410965115,0.0,0.057709457410965115,
4,260820,mixed,MIXED,PNND,7959,0.07798292394727468,0.0,0.07798292394727468,
4,260820,mixed,MIXED,PNND,7960,0.09683871921151876,0.0,0.09683871921151876,
4,260820,mixed,MIXED,PNND,7961,0.10512913763523102,0.0,0.10512913763523102,
4,260820,mixed,MIXED,PNND,7962,0.05993941053748131,0.0,0.05993941053748131,
4,260820,mixed,MIXED,PNND,7963,0.05730716526159085,0.0,0.05730716526159085,
4,260820,mixed,MIXED,PNND,7964,0.054677145555615425,0.0,0.054677145555615425,
4,260820,mixed,MIXED,PNND,7965,0.050453545758500695,0.0,0.050453545758500695,
4,260820,mixed,MIXED,PNND,7966,0.07475258409976959,0.0,0.07475258409976959,
4,260820,mixed,MIXED,PNND,7967,0.07947919587604702,0.0,0.07947919587604702,
4,260820,mixed,MIXED,PNND,7968,0.07177533395588398,0.0,0.07177533395588398,
4,260820,mixed,MIXED,PNND,7969,0.03375950315967202,0.0,0.03375950315967202,
4,260820,mixed,MIXED,PNND,7970,0.09465012885630131,0.0,0.09465012885630131,
4,260820,mixed,MIXED,PNND,7971,0.08814121250179596,0.0,0.08814121250179596,
4,260820,mixed,MIXED,PNND,7972,0.0662459684535861,0.0,0.0662459684535861,
4,260820,mixed,MIXED,PNND,7973,0.09449938964098692,0.0,0.09449938964098692,
4,260820,mixed,MIXED,PNND,7974,0.051814326317980886,0.0,0.051814326317980886,
4,260820,mixed,MIXED,PNND,7975,0.026168288197368383,0.0,0.026168288197368383,
4,260820,mixed,MIXED,PNND,7976,0.056836959440261126,0.0,0.056836959440261126,
4,260820,mixed,MIXED,PNND,7977,0.1106361486017704,0.0,0.1106361486017704,
4,260820,mixed,MIXED,PNND,7978,0.06859131995588541,0.0,0.06859131995588541,
4,260820,mixed,MIXED,PNND,7979,0.023640252416953444,0.0,0.023640252416953444,
4,260820,mixed,MIXED,PNND,7980,0.07405222114175558,0.0,0.07405222114175558,
4,260820,mixed,MIXED,PNND,7981,0.046833014173898846,0.0,0.046833014173898846,
4,260820,mixed,MIXED,PNND,7982,0.08173005376011133,0.0,0.08173005376011133,
4,260820,mixed,MIXED,PNND,7983,0.08971034735441208,0.0,0.08971034735441208,
4,260820,mixed,MIXED,PNND,7984,0.06786990631371737,0.0,0.06786990631371737,
4,260820,mixed,MIXED,PNND,7985,0.042261068942025304,0.0,0.042261068942025304,
4,260820,mixed,MIXED,PNND,7986,0.07094472236349247,0.0,0.07094472236349247,
4,260820,mixed,MIXED,PNND,7987,0.030131284147500992,0.0,0.030131284147500992,
4,260820,mixed,MIXED,PNND,7988,0.06449460284784436,0.0,0.06449460284784436,
4,260820,mixed,MIXED,PNND,7989,0.09713227674365044,0.0,0.09713227674365044,
4,260820,mixed,MIXED,PNND,7990,0.07043596636503935,0.0,0.07043596636503935,
4,260820,mixed,MIXED,PNND,7991,0.09219366125762463,0.0,0.09219366125762463,
4,260820,mixed,MIXED,PNND,7992,0.1103955078870058,0.0,0.1103955078870058,
4,260820,mixed,MIXED,PNND,7993,0.10888751642778516,0.0,0.10888751642778516,
4,260820,mixed,MIXED,PNND,7994,0.11336413398385048,0.0,0.11336413398385048,
4,260820,mixed,MIXED,PNND,7995,0.0697399121709168,0.0,0.0697399121709168,
4,260820,mixed,MIXED,PNND,7996,0.04187807650305331,0.0,0.04187807650305331,
4,260820,mixed,MIXED,PNND,7997,0.07591498456895351,0.0,0.07591498456895351,
4,260820,mixed,MIXED,PNND,7998,0.05129901063628495,0.0,0.05129901063628495,
4,260820,mixed,MIXED,PNND,7999,0.05644701374694705,0.0,0.05644701374694705,
4,260820,mixed,MIXED,PNND,8000,0.08179679413296981,0.0,0.08179679413296981,-1.0919365315335159
