repeat,seed,regime,job_tag,method,epoch,loss,denoise_loss,decode_loss,val_log10_BER
0,260816,matched,MATCHED_Impulsive,Proposed_CA_CNN_RNND,1,1.912480652332306,1.6624288856983185,0.2500517889857292,-0.3137572153121208
0,260816,matched,MATCHED_Impulsive,Proposed_CA_CNN_RNND,2,2.010533183813095,1.7605838477611542,0.2499493584036827,
0,260816,matched,MATCHED_Impulsive,Proposed_CA_CNN_RNND,3,1.2744214534759521,1.0245507508516312,0.24987071380019188,
0,260816,matched,MATCHED_Impulsive,Proposed_CA_CNN_RNND,4,1.8263604640960693,1.5766485184431076,0.24971190094947815,
0,260816,matched,MATCHED_Impulsive,Proposed_CA_CNN_RNND,5,1.0170413106679916,0.7674379348754883,0.24960335716605186,
0,260816,matched,MATCHED_Impulsive,Proposed_CA_CNN_RNND,6,1.1613284349441528,0.9118805527687073,0.24944785237312317,
0,260816,matched,MATCHED_Impulsive,Proposed_CA_CNN_RNND,7,1.2647013813257217,1.0154128223657608,0.24928855523467064,
0,260816,matched,MATCHED_Impulsive,Proposed_CA_CNN_RNND,8,1.0011507272720337,0.7521030679345131,0.2490476481616497,
0,260816,matched,MATCHED_Impulsive,Proposed_CA_CNN_RNND,9,0.9596615582704544,0.7107836604118347,0.2488778904080391,
0,260816,matched,MATCHED_Impulsive,Proposed_CA_CNN_RNND,10,0.9195497930049896,0.6710169166326523,0.24853287637233734,
0,260816,matched,MATCHED_Impulsive,Proposed_CA_CNN_RNND,11,0.9027372002601624,0.6548268646001816,0.24791035056114197,
0,260816,matched,MATCHED_Impulsive,Proposed_CA_CNN_RNND,12,0.7275229841470718,0.48155122250318527,0.24597175791859627,
0,260816,matched,MATCHED_Impulsive,Proposed_CA_CNN_RNND,13,0.9254224896430969,0.6798788830637932,0.24554361030459404,
0,260816,matched,MATCHED_Impulsive,Proposed_CA_CNN_RNND,14,0.8962970823049545,0.6525834500789642,0.2437136247754097,
0,260816,matched,MATCHED_Impulsive,Proposed_CA_CNN_RNND,15,1.0345034152269363,0.791640117764473,0.24286332726478577,
0,260816,matched,MATCHED_Impulsive,Proposed_CA_CNN_RNND,16,0.7345331460237503,0.4949255734682083,0.239607572555542,
0,260816,matched,MATCHED_Impulsive,Proposed_CA_CNN_RNND,17,0.7358516454696655,0.4983440712094307,0.23750758171081543,
0,260816,matched,MATCHED_Impulsive,Proposed_CA_CNN_RNND,18,0.8341779559850693,0.5959183275699615,0.23825963214039803,
0,260816,matched,MATCHED_Impulsive,Proposed_CA_CNN_RNND,19,0.7219355255365372,0.4900379031896591,0.23189764097332954,
0,260816,matched,MATCHED_Impulsive,Proposed_CA_CNN_RNND,20,0.6600133776664734,0.42750830203294754,0.23250508680939674,
0,260816,matched,MATCHED_Impulsive,Proposed_CA_CNN_RNND,21,0.6934398859739304,0.4621027633547783,0.23133711889386177,
0,260816,matched,MATCHED_Impulsive,Proposed_CA_CNN_RNND,22,0.7655743956565857,0.5321396142244339,0.2334348000586033,
0,260816,matched,MATCHED_Impulsive,Proposed_CA_CNN_RNND,23,0.6994204670190811,0.46768173575401306,0.23173870891332626,
0,260816,matched,MATCHED_Impulsive,Proposed_CA_CNN_RNND,24,0.7032903730869293,0.4754791855812073,0.22781119868159294,
0,260816,matched,MATCHED_Impulsive,Proposed_CA_CNN_RNND,25,0.6683040112257004,0.44072066992521286,0.22758334875106812,
0,260816,matched,MATCHED_Impulsive,Proposed_CA_CNN_RNND,26,0.6542185693979263,0.4266449883580208,0.22757358849048615,
0,260816,matched,MATCHED_Impulsive,Proposed_CA_CNN_RNND,27,0.6376567333936691,0.4122290015220642,0.22542774304747581,
0,260816,matched,MATCHED_Impulsive,Proposed_CA_CNN_RNND,28,0.6937373206019402,0.4670371115207672,0.22670020535588264,
0,260816,matched,MATCHED_Impulsive,Proposed_CA_CNN_RNND,29,0.5503548607230186,0.32997047156095505,0.2203843928873539,
0,260816,matched,MATCHED_Impulsive,Proposed_CA_CNN_RNND,30,0.7702363878488541,0.5408602803945541,0.22937611490488052,
0,260816,matched,MATCHED_Impulsive,Proposed_CA_CNN_RNND,31,0.6903456598520279,0.4671539068222046,0.223191749304533,
0,260816,matched,MATCHED_Impulsive,Proposed_CA_CNN_RNND,32,0.5800083726644516,0.3614448830485344,0.2185634933412075,
0,260816,matched,MATCHED_Impulsive,Proposed_CA_CNN_RNND,33,0.6034625917673111,0.38538169860839844,0.21808088198304176,
0,260816,matched,MATCHED_Impulsive,Proposed_CA_CNN_RNND,34,0.6221040710806847,0.4019198790192604,0.22018419578671455,
0,260816,matched,MATCHED_Impulsive,Proposed_CA_CNN_RNND,35,0.582915723323822,0.3677791431546211,0.2151365801692009,
0,260816,matched,MATCHED_Impulsive,Proposed_CA_CNN_RNND,36,0.49827221781015396,0.28954461961984634,0.20872760564088821,
0,260816,matched,MATCHED_Impulsive,Proposed_CA_CNN_RNND,37,0.5798856243491173,0.37074314057826996,0.20914247259497643,
0,260816,matched,MATCHED_Impulsive,Proposed_CA_CNN_RNND,38,0.5289349183440208,0.3220139145851135,0.20692100375890732,
0,260816,matched,MATCHED_Impulsive,Proposed_CA_CNN_RNND,39,0.5525364950299263,0.34539707750082016,0.20713941380381584,
0,260816,matched,MATCHED_Impulsive,Proposed_CA_CNN_RNND,40,0.5862849652767181,0.3824402838945389,0.20384468138217926,
0,260816,matched,MATCHED_Impulsive,Proposed_CA_CNN_RNND,41,0.6309520304203033,0.4221547916531563,0.20879724249243736,
0,260816,matched,MATCHED_Impulsive,Proposed_CA_CNN_RNND,42,0.6106706187129021,0.4062590189278126,0.2044116072356701,
0,260816,matched,MATCHED_Impulsive,Proposed_CA_CNN_RNND,43,0.5340787768363953,0.33322471752762794,0.20085407048463821,
0,260816,matched,MATCHED_Impulsive,Proposed_CA_CNN_RNND,44,0.5635149031877518,0.36542339622974396,0.1980915144085884,
0,260816,matched,MATCHED_Impulsive,Proposed_CA_CNN_RNND,45,0.47809432446956635,0.28396156802773476,0.194132748991251,
0,260816,matched,MATCHED_Impulsive,Proposed_CA_CNN_RNND,46,0.5818244069814682,0.3810298629105091,0.2007945366203785,
0,260816,matched,MATCHED_Impulsive,Proposed_CA_CNN_RNND,47,0.574110746383667,0.3783937059342861,0.19571703299880028,
0,260816,matched,MATCHED_Impulsive,Proposed_CA_CNN_RNND,48,0.6545380055904388,0.4497542902827263,0.20478371530771255,
0,260816,matched,MATCHED_Impulsive,Proposed_CA_CNN_RNND,49,0.4850659444928169,0.2972928136587143,0.18777313083410263,
0,260816,matched,MATCHED_Impulsive,Proposed_CA_CNN_RNND,50,0.5813746303319931,0.38666530698537827,0.19470932707190514,
0,260816,matched,MATCHED_Impulsive,Proposed_CA_CNN_RNND,51,0.44639868289232254,0.259610902518034,0.18678778409957886,
0,260816,matched,MATCHED_Impulsive,Proposed_CA_CNN_RNND,52,0.47116146236658096,0.2851322405040264,0.18602923303842545,
0,260816,matched,MATCHED_Impulsive,Proposed_CA_CNN_RNND,53,0.5545060783624649,0.3606010675430298,0.19390500336885452,
0,260816,matched,MATCHED_Impulsive,Proposed_CA_CNN_RNND,54,0.5354369655251503,0.3463643416762352,0.189072635024786,
0,260816,matched,MATCHED_Impulsive,Proposed_CA_CNN_RNND,55,0.5104834586381912,0.3227640837430954,0.18771937862038612,
0,260816,matched,MATCHED_Impulsive,Proposed_CA_CNN_RNND,56,0.48961686342954636,0.30786944925785065,0.1817474104464054,
0,260816,matched,MATCHED_Impulsive,Proposed_CA_CNN_RNND,57,0.52042655646801,0.33490438759326935,0.1855221651494503,
0,260816,matched,MATCHED_Impulsive,Proposed_CA_CNN_RNND,58,0.5400142222642899,0.3577590100467205,0.18225521966814995,
0,260816,matched,MATCHED_Impulsive,Proposed_CA_CNN_RNND,59,0.6435877606272697,0.44973135739564896,0.1938563920557499,
0,260816,matched,MATCHED_Impulsive,Proposed_CA_CNN_RNND,60,0.4137508198618889,0.24516348540782928,0.1685873493552208,
0,260816,matched,MATCHED_Impulsive,Proposed_CA_CNN_RNND,61,0.5271301493048668,0.34664436429739,0.1804857850074768,
0,260816,matched,MATCHED_Impulsive,Proposed_CA_CNN_RNND,62,0.5790503397583961,0.3941504657268524,0.18489987775683403,
0,260816,matched,MATCHED_Impulsive,Proposed_CA_CNN_RNND,63,0.5967209339141846,0.4147496223449707,0.18197129666805267,
0,260816,matched,MATCHED_Impulsive,Proposed_CA_CNN_RNND,64,0.6809581369161606,0.490040123462677,0.19091800972819328,
0,260816,matched,MATCHED_Impulsive,Proposed_CA_CNN_RNND,65,0.5586339980363846,0.379347775131464,0.17928621917963028,
0,260816,matched,MATCHED_Impulsive,Proposed_CA_CNN_RNND,66,0.44075383245944977,0.26871760189533234,0.17203622683882713,
0,260816,matched,MATCHED_Impulsive,Proposed_CA_CNN_RNND,67,0.4408143237233162,0.2683590091764927,0.1724553182721138,
0,260816,matched,MATCHED_Impulsive,Proposed_CA_CNN_RNND,68,0.6309865266084671,0.44260702282190323,0.18837949633598328,
0,260816,matched,MATCHED_Impulsive,Proposed_CA_CNN_RNND,69,0.4395350068807602,0.27409184724092484,0.16544315218925476,
0,260816,matched,MATCHED_Impulsive,Proposed_CA_CNN_RNND,70,0.44533485919237137,0.27746614813804626,0.1678687073290348,
0,260816,matched,MATCHED_Impulsive,Proposed_CA_CNN_RNND,71,0.4969177097082138,0.3291260153055191,0.1677917055785656,
0,260816,matched,MATCHED_Impulsive,Proposed_CA_CNN_RNND,72,0.5381016060709953,0.36770373582839966,0.17039787769317627,
0,260816,matched,MATCHED_Impulsive,Proposed_CA_CNN_RNND,73,0.495412141084671,0.32625284790992737,0.16915928944945335,
0,260816,matched,MATCHED_Impulsive,Proposed_CA_CNN_RNND,74,0.47877389192581177,0.3200576566159725,0.15871624276041985,
0,260816,matched,MATCHED_Impulsive,Proposed_CA_CNN_RNND,75,0.5364279448986053,0.37026476114988327,0.16616317629814148,
0,260816,matched,MATCHED_Impulsive,Proposed_CA_CNN_RNND,76,0.5519312545657158,0.3818775787949562,0.17005367577075958,
0,260816,matched,MATCHED_Impulsive,Proposed_CA_CNN_RNND,77,0.49272793531417847,0.32967348769307137,0.1630544476211071,
0,260816,matched,MATCHED_Impulsive,Proposed_CA_CNN_RNND,78,0.48309486359357834,0.31889574974775314,0.1641991138458252,
0,260816,matched,MATCHED_Impulsive,Proposed_CA_CNN_RNND,79,0.3629297539591789,0.2156928852200508,0.1472368761897087,
0,260816,matched,MATCHED_Impulsive,Proposed_CA_CNN_RNND,80,0.4521939158439636,0.2978999577462673,0.1542939655482769,
0,260816,matched,MATCHED_Impulsive,Proposed_CA_CNN_RNND,81,0.6076432317495346,0.432862251996994,0.17478098720312119,
0,260816,matched,MATCHED_Impulsive,Proposed_CA_CNN_RNND,82,0.3835239112377167,0.23424819856882095,0.14927572011947632,
0,260816,matched,MATCHED_Impulsive,Proposed_CA_CNN_RNND,83,0.5327254086732864,0.3703780248761177,0.16234739124774933,
0,260816,matched,MATCHED_Impulsive,Proposed_CA_CNN_RNND,84,0.5011009871959686,0.3477194905281067,0.15338149294257164,
0,260816,matched,MATCHED_Impulsive,Proposed_CA_CNN_RNND,85,0.577326163649559,0.4125908985733986,0.16473526880145073,
0,260816,matched,MATCHED_Impulsive,Proposed_CA_CNN_RNND,86,0.5135958567261696,0.35263148695230484,0.16096437349915504,
0,260816,matched,MATCHED_Impulsive,Proposed_CA_CNN_RNND,87,0.40019357949495316,0.2543070539832115,0.14588652551174164,
0,260816,matched,MATCHED_Impulsive,Proposed_CA_CNN_RNND,88,0.3913889601826668,0.2419223077595234,0.14946665614843369,
0,260816,matched,MATCHED_Impulsive,Proposed_CA_CNN_RNND,89,0.4542667269706726,0.30207763239741325,0.15218909084796906,
0,260816,matched,MATCHED_Impulsive,Proposed_CA_CNN_RNND,90,0.44263220578432083,0.29630379006266594,0.1463284268975258,
0,260816,matched,MATCHED_Impulsive,Proposed_CA_CNN_RNND,91,0.5449747443199158,0.385043665766716,0.15993109345436096,
0,260816,matched,MATCHED_Impulsive,Proposed_CA_CNN_RNND,92,0.43279823660850525,0.2892684265971184,0.14352980628609657,
0,260816,matched,MATCHED_Impulsive,Proposed_CA_CNN_RNND,93,0.4990139976143837,0.3473261147737503,0.1516878791153431,
0,260816,matched,MATCHED_Impulsive,Proposed_CA_CNN_RNND,94,0.6650793328881264,0.48891981691122055,0.17615952342748642,
0,260816,matched,MATCHED_Impulsive,Proposed_CA_CNN_RNND,95,0.3956061229109764,0.2594098821282387,0.13619624637067318,
0,260816,matched,MATCHED_Impulsive,Proposed_CA_CNN_RNND,96,0.44687915593385696,0.30063173547387123,0.14624742045998573,
0,260816,matched,MATCHED_Impulsive,Proposed_CA_CNN_RNND,97,0.5675720721483231,0.4010210707783699,0.16655098646879196,
0,260816,matched,MATCHED_Impulsive,Proposed_CA_CNN_RNND,98,0.3932698220014572,0.2503604181110859,0.14290941134095192,
0,260816,matched,MATCHED_Impulsive,Proposed_CA_CNN_RNND,99,0.34400997310876846,0.21163763850927353,0.13237233087420464,
0,260816,matched,MATCHED_Impulsive,Proposed_CA_CNN_RNND,100,0.46926210820674896,0.3167840503156185,0.15247806161642075,
0,260816,matched,MATCHED_Impulsive,Proposed_CA_CNN_RNND,101,0.3751065358519554,0.23506199195981026,0.14004454761743546,
0,260816,matched,MATCHED_Impulsive,Proposed_CA_CNN_RNND,102,0.4979747012257576,0.3467652462422848,0.15120945870876312,
0,260816,matched,MATCHED_Impulsive,Proposed_CA_CNN_RNND,103,0.3788791820406914,0.24430473148822784,0.13457445800304413,
0,260816,matched,MATCHED_Impulsive,Proposed_CA_CNN_RNND,104,0.5503600463271141,0.39229458570480347,0.15806546062231064,
0,260816,matched,MATCHED_Impulsive,Proposed_CA_CNN_RNND,105,0.3822450712323189,0.24929072707891464,0.13295434415340424,
0,260816,matched,MATCHED_Impulsive,Proposed_CA_CNN_RNND,106,0.46769123524427414,0.3238215669989586,0.14386966079473495,
0,260816,matched,MATCHED_Impulsive,Proposed_CA_CNN_RNND,107,0.5880467593669891,0.43005145341157913,0.1579953022301197,
0,260816,matched,MATCHED_Impulsive,Proposed_CA_CNN_RNND,108,0.520526833832264,0.36921415477991104,0.15131266973912716,
0,260816,matched,MATCHED_Impulsive,Proposed_CA_CNN_RNND,109,0.5131740570068359,0.3650085851550102,0.148165475577116,
0,260816,matched,MATCHED_Impulsive,Proposed_CA_CNN_RNND,110,0.4999246299266815,0.3460002914071083,0.1539243534207344,
0,260816,matched,MATCHED_Impulsive,Proposed_CA_CNN_RNND,111,0.44490112364292145,0.3059297427535057,0.13897138833999634,
0,260816,matched,MATCHED_Impulsive,Proposed_CA_CNN_RNND,112,0.5443718358874321,0.3889010474085808,0.1554707996547222,
0,260816,matched,MATCHED_Impulsive,Proposed_CA_CNN_RNND,113,0.5293824002146721,0.3829168304800987,0.14646555855870247,
0,260816,matched,MATCHED_Impulsive,Proposed_CA_CNN_RNND,114,0.5029729530215263,0.34874768927693367,0.15422526746988297,
0,260816,matched,MATCHED_Impulsive,Proposed_CA_CNN_RNND,115,0.46532921493053436,0.3242698758840561,0.14105934649705887,
0,260816,matched,MATCHED_Impulsive,Proposed_CA_CNN_RNND,116,0.4664399102330208,0.322009552270174,0.14443036168813705,
0,260816,matched,MATCHED_Impulsive,Proposed_CA_CNN_RNND,117,0.40920161455869675,0.27510565891861916,0.134095948189497,
0,260816,matched,MATCHED_Impulsive,Proposed_CA_CNN_RNND,118,0.45540355890989304,0.3171463683247566,0.13825719244778156,
0,260816,matched,MATCHED_Impulsive,Proposed_CA_CNN_RNND,119,0.4141182377934456,0.28370416164398193,0.13041407987475395,
0,260816,matched,MATCHED_Impulsive,Proposed_CA_CNN_RNND,120,0.5274871662259102,0.37559187039732933,0.15189529955387115,
0,260816,matched,MATCHED_Impulsive,Proposed_CA_CNN_RNND,121,0.43683774769306183,0.29876426979899406,0.13807347789406776,
0,260816,matched,MATCHED_Impulsive,Proposed_CA_CNN_RNND,122,0.47595246136188507,0.3358273394405842,0.1401251181960106,
0,260816,matched,MATCHED_Impulsive,Proposed_CA_CNN_RNND,123,0.6175881177186966,0.447026826441288,0.1705612912774086,
0,260816,matched,MATCHED_Impulsive,Proposed_CA_CNN_RNND,124,0.5784506723284721,0.41983190551400185,0.1586187779903412,
0,260816,matched,MATCHED_Impulsive,Proposed_CA_CNN_RNND,125,0.5680932104587555,0.41214197129011154,0.15595122799277306,
0,260816,matched,MATCHED_Impulsive,Proposed_CA_CNN_RNND,126,0.40322981029748917,0.2672973684966564,0.1359324362128973,
0,260816,matched,MATCHED_Impulsive,Proposed_CA_CNN_RNND,127,0.5175195038318634,0.3637104630470276,0.15380904078483582,
0,260816,matched,MATCHED_Impulsive,Proposed_CA_CNN_RNND,128,0.48348331451416016,0.3433811031281948,0.1401021983474493,
0,260816,matched,MATCHED_Impulsive,Proposed_CA_CNN_RNND,129,0.48743197321891785,0.34163322299718857,0.14579874649643898,
0,260816,matched,MATCHED_Impulsive,Proposed_CA_CNN_RNND,130,0.4770313799381256,0.32866621762514114,0.14836516603827477,
0,260816,matched,MATCHED_Impulsive,Proposed_CA_CNN_RNND,131,0.5118536576628685,0.3633493296802044,0.1485043354332447,
0,260816,matched,MATCHED_Impulsive,Proposed_CA_CNN_RNND,132,0.5129391998052597,0.3639765903353691,0.1489626206457615,
0,260816,matched,MATCHED_Impulsive,Proposed_CA_CNN_RNND,133,0.4925942122936249,0.3538554422557354,0.13873876258730888,
0,260816,matched,MATCHED_Impulsive,Proposed_CA_CNN_RNND,134,0.3950482979416847,0.2592286095023155,0.13581968285143375,
0,260816,matched,MATCHED_Impulsive,Proposed_CA_CNN_RNND,135,0.41608598083257675,0.2832612469792366,0.1328247282654047,
0,260816,matched,MATCHED_Impulsive,Proposed_CA_CNN_RNND,136,0.4665689766407013,0.3283396065235138,0.1382293738424778,
0,260816,matched,MATCHED_Impulsive,Proposed_CA_CNN_RNND,137,0.5019885823130608,0.3545246906578541,0.14746388792991638,
0,260816,matched,MATCHED_Impulsive,Proposed_CA_CNN_RNND,138,0.434783399105072,0.30541281774640083,0.12937056832015514,
0,260816,matched,MATCHED_Impulsive,Proposed_CA_CNN_RNND,139,0.5055424720048904,0.3597904406487942,0.1457520443946123,
0,260816,matched,MATCHED_Impulsive,Proposed_CA_CNN_RNND,140,0.3893822282552719,0.26248443499207497,0.1268977914005518,
0,260816,matched,MATCHED_Impulsive,Proposed_CA_CNN_RNND,141,0.45103395730257034,0.3099178448319435,0.14111610502004623,
0,260816,matched,MATCHED_Impulsive,Proposed_CA_CNN_RNND,142,0.4261046200990677,0.28993482142686844,0.13616979494690895,
0,260816,matched,MATCHED_Impulsive,Proposed_CA_CNN_RNND,143,0.5228291302919388,0.37077509611845016,0.15205401927232742,
0,260816,matched,MATCHED_Impulsive,Proposed_CA_CNN_RNND,144,0.5191992223262787,0.37263816595077515,0.14656106382608414,
0,260816,matched,MATCHED_Impulsive,Proposed_CA_CNN_RNND,145,0.5111071094870567,0.36732668429613113,0.14378042332828045,
0,260816,matched,MATCHED_Impulsive,Proposed_CA_CNN_RNND,146,0.3485153391957283,0.22572289779782295,0.1227924358099699,
0,260816,matched,MATCHED_Impulsive,Proposed_CA_CNN_RNND,147,0.44744454324245453,0.31156765669584274,0.13587689585983753,
0,260816,matched,MATCHED_Impulsive,Proposed_CA_CNN_RNND,148,0.42764880508184433,0.2916368991136551,0.13601189851760864,
0,260816,matched,MATCHED_Impulsive,Proposed_CA_CNN_RNND,149,0.47834234684705734,0.33924540132284164,0.1390969343483448,
0,260816,matched,MATCHED_Impulsive,Proposed_CA_CNN_RNND,150,0.47902654111385345,0.3309621028602123,0.14806444011628628,
0,260816,matched,MATCHED_Impulsive,Proposed_CA_CNN_RNND,151,0.5349713563919067,0.3816104978322983,0.15336085110902786,
0,260816,matched,MATCHED_Impulsive,Proposed_CA_CNN_RNND,152,0.5140211880207062,0.3640357777476311,0.1499854139983654,
0,260816,matched,MATCHED_Impulsive,Proposed_CA_CNN_RNND,153,0.4816926568746567,0.3438149392604828,0.137877706438303,
0,260816,matched,MATCHED_Impulsive,Proposed_CA_CNN_RNND,154,0.4729294776916504,0.3299921154975891,0.14293736033141613,
0,260816,matched,MATCHED_Impulsive,Proposed_CA_CNN_RNND,155,0.38977421820163727,0.25805114954710007,0.1317230723798275,
0,260816,matched,MATCHED_Impulsive,Proposed_CA_CNN_RNND,156,0.39149826765060425,0.26401738449931145,0.1274808794260025,
0,260816,matched,MATCHED_Impulsive,Proposed_CA_CNN_RNND,157,0.3846558853983879,0.25697455555200577,0.12768133357167244,
0,260816,matched,MATCHED_Impulsive,Proposed_CA_CNN_RNND,158,0.5791608840227127,0.4240562915802002,0.1551045961678028,
0,260816,matched,MATCHED_Impulsive,Proposed_CA_CNN_RNND,159,0.4962723180651665,0.34959007799625397,0.1466822437942028,
0,260816,matched,MATCHED_Impulsive,Proposed_CA_CNN_RNND,160,0.41661564260721207,0.28387824445962906,0.13273738883435726,
0,260816,matched,MATCHED_Impulsive,Proposed_CA_CNN_RNND,161,0.4080403223633766,0.27941208332777023,0.12862823903560638,
0,260816,matched,MATCHED_Impulsive,Proposed_CA_CNN_RNND,162,0.5605107247829437,0.4046672135591507,0.15584351122379303,
0,260816,matched,MATCHED_Impulsive,Proposed_CA_CNN_RNND,163,0.5345133990049362,0.3849838897585869,0.14952950552105904,
0,260816,matched,MATCHED_Impulsive,Proposed_CA_CNN_RNND,164,0.5017485395073891,0.3581007979810238,0.14364774897694588,
0,260816,matched,MATCHED_Impulsive,Proposed_CA_CNN_RNND,165,0.3408927023410797,0.21921302378177643,0.12167967669665813,
0,260816,matched,MATCHED_Impulsive,Proposed_CA_CNN_RNND,166,0.3501208573579788,0.2341400794684887,0.11598077416419983,
0,260816,matched,MATCHED_Impulsive,Proposed_CA_CNN_RNND,167,0.428876057267189,0.2910240739583969,0.13785197958350182,
0,260816,matched,MATCHED_Impulsive,Proposed_CA_CNN_RNND,168,0.5809371694922447,0.42133989930152893,0.15959726832807064,
0,260816,matched,MATCHED_Impulsive,Proposed_CA_CNN_RNND,169,0.5719514712691307,0.4115263894200325,0.1604250743985176,
0,260816,matched,MATCHED_Impulsive,Proposed_CA_CNN_RNND,170,0.5424735397100449,0.38894742727279663,0.15352611616253853,
0,260816,matched,MATCHED_Impulsive,Proposed_CA_CNN_RNND,171,0.5377528890967369,0.38917476311326027,0.14857812970876694,
0,260816,matched,MATCHED_Impulsive,Proposed_CA_CNN_RNND,172,0.49679314345121384,0.3549329489469528,0.14186019077897072,
0,260816,matched,MATCHED_Impulsive,Proposed_CA_CNN_RNND,173,0.42079439014196396,0.2843481972813606,0.13644619099795818,
0,260816,matched,MATCHED_Impulsive,Proposed_CA_CNN_RNND,174,0.3466084599494934,0.22387003153562546,0.1227384302765131,
0,260816,matched,MATCHED_Impulsive,Proposed_CA_CNN_RNND,175,0.46091756969690323,0.3248627223074436,0.1360548511147499,
0,260816,matched,MATCHED_Impulsive,Proposed_CA_CNN_RNND,176,0.4252859577536583,0.2925638519227505,0.13272210210561752,
0,260816,matched,MATCHED_Impulsive,Proposed_CA_CNN_RNND,177,0.4264284744858742,0.2892082706093788,0.1372202094644308,
0,260816,matched,MATCHED_Impulsive,Proposed_CA_CNN_RNND,178,0.44321561604738235,0.30442800000309944,0.13878761231899261,
0,260816,matched,MATCHED_Impulsive,Proposed_CA_CNN_RNND,179,0.38444626331329346,0.2553161382675171,0.12913011945784092,
0,260816,matched,MATCHED_Impulsive,Proposed_CA_CNN_RNND,180,0.4309147968888283,0.29573792591691017,0.1351768709719181,
0,260816,matched,MATCHED_Impulsive,Proposed_CA_CNN_RNND,181,0.4133066162467003,0.28114093095064163,0.13216569274663925,
0,260816,matched,MATCHED_Impulsive,Proposed_CA_CNN_RNND,182,0.4514450803399086,0.31625205650925636,0.13519302755594254,
0,260816,matched,MATCHED_Impulsive,Proposed_CA_CNN_RNND,183,0.5140587538480759,0.36996158212423325,0.14409717544913292,
0,260816,matched,MATCHED_Impulsive,Proposed_CA_CNN_RNND,184,0.61976657807827,0.45733731240034103,0.16242925450205803,
0,260816,matched,MATCHED_Impulsive,Proposed_CA_CNN_RNND,185,0.5163054019212723,0.37200289219617844,0.14430250972509384,
0,260816,matched,MATCHED_Impulsive,Proposed_CA_CNN_RNND,186,0.32168908417224884,0.2048598974943161,0.11682918481528759,
0,260816,matched,MATCHED_Impulsive,Proposed_CA_CNN_RNND,187,0.48160945624113083,0.3474804423749447,0.13412901014089584,
0,260816,matched,MATCHED_Impulsive,Proposed_CA_CNN_RNND,188,0.39166588336229324,0.2617375962436199,0.12992828339338303,
0,260816,matched,MATCHED_Impulsive,Proposed_CA_CNN_RNND,189,0.4738907963037491,0.33103717118501663,0.142853619530797,
0,260816,matched,MATCHED_Impulsive,Proposed_CA_CNN_RNND,190,0.4632471278309822,0.32396984845399857,0.139277258887887,
0,260816,matched,MATCHED_Impulsive,Proposed_CA_CNN_RNND,191,0.42902322858572006,0.2989487498998642,0.13007448054850101,
0,260816,matched,MATCHED_Impulsive,Proposed_CA_CNN_RNND,192,0.5017104148864746,0.35820478945970535,0.14350562915205956,
0,260816,matched,MATCHED_Impulsive,Proposed_CA_CNN_RNND,193,0.4026125594973564,0.27210764586925507,0.1305049117654562,
0,260816,matched,MATCHED_Impulsive,Proposed_CA_CNN_RNND,194,0.4895986244082451,0.34776610136032104,0.1418325137346983,
0,260816,matched,MATCHED_Impulsive,Proposed_CA_CNN_RNND,195,0.3329647406935692,0.21507973223924637,0.11788500286638737,
0,260816,matched,MATCHED_Impulsive,Proposed_CA_CNN_RNND,196,0.5013025104999542,0.3600054681301117,0.14129703678190708,
0,260816,matched,MATCHED_Impulsive,Proposed_CA_CNN_RNND,197,0.5261356085538864,0.3752351403236389,0.15090047009289265,
0,260816,matched,MATCHED_Impulsive,Proposed_CA_CNN_RNND,198,0.5890714526176453,0.4351533427834511,0.15391811169683933,
0,260816,matched,MATCHED_Impulsive,Proposed_CA_CNN_RNND,199,0.39946068823337555,0.2694588415324688,0.13000184670090675,
0,260816,matched,MATCHED_Impulsive,Proposed_CA_CNN_RNND,200,0.5054928958415985,0.35738757997751236,0.14810531958937645,-0.5947545738187473
0,260816,matched,MATCHED_Impulsive,Proposed_CA_CNN_RNND,201,0.517207570374012,0.3724551573395729,0.14475241862237453,
0,260816,matched,MATCHED_Impulsive,Proposed_CA_CNN_RNND,202,0.48940275609493256,0.343530610203743,0.14587214216589928,
0,260816,matched,MATCHED_Impulsive,Proposed_CA_CNN_RNND,203,0.39293577522039413,0.26540717110037804,0.1275286041200161,
0,260816,matched,MATCHED_Impulsive,Proposed_CA_CNN_RNND,204,0.42096269875764847,0.2923785150051117,0.12858418934047222,
0,260816,matched,MATCHED_Impulsive,Proposed_CA_CNN_RNND,205,0.4384826570749283,0.30648722127079964,0.1319954302161932,
0,260816,matched,MATCHED_Impulsive,Proposed_CA_CNN_RNND,206,0.5101556777954102,0.3632917068898678,0.14686396718025208,
0,260816,matched,MATCHED_Impulsive,Proposed_CA_CNN_RNND,207,0.4454767778515816,0.31003086268901825,0.13544592261314392,
0,260816,matched,MATCHED_Impulsive,Proposed_CA_CNN_RNND,208,0.5063201114535332,0.36207880452275276,0.14424131251871586,
0,260816,matched,MATCHED_Impulsive,Proposed_CA_CNN_RNND,209,0.5120879411697388,0.3628328815102577,0.1492550726979971,
0,260816,matched,MATCHED_Impulsive,Proposed_CA_CNN_RNND,210,0.4727332144975662,0.33073778450489044,0.14199542626738548,
0,260816,matched,MATCHED_Impulsive,Proposed_CA_CNN_RNND,211,0.4085530489683151,0.2814323157072067,0.12712074257433414,
0,260816,matched,MATCHED_Impulsive,Proposed_CA_CNN_RNND,212,0.4493154361844063,0.3108685128390789,0.13844692148268223,
0,260816,matched,MATCHED_Impulsive,Proposed_CA_CNN_RNND,213,0.48375146090984344,0.34147408604621887,0.14227738045156002,
0,260816,matched,MATCHED_Impulsive,Proposed_CA_CNN_RNND,214,0.558142751455307,0.41067537665367126,0.14746737107634544,
0,260816,matched,MATCHED_Impulsive,Proposed_CA_CNN_RNND,215,0.5051022171974182,0.3581390157341957,0.1469631977379322,
0,260816,matched,MATCHED_Impulsive,Proposed_CA_CNN_RNND,216,0.5640591308474541,0.4123062640428543,0.15175285562872887,
0,260816,matched,MATCHED_Impulsive,Proposed_CA_CNN_RNND,217,0.4479573369026184,0.31440044566988945,0.13355689123272896,
0,260816,matched,MATCHED_Impulsive,Proposed_CA_CNN_RNND,218,0.4086456149816513,0.2741116024553776,0.13453401811420918,
0,260816,matched,MATCHED_Impulsive,Proposed_CA_CNN_RNND,219,0.5096775889396667,0.3685828074812889,0.14109477773308754,
0,260816,matched,MATCHED_Impulsive,Proposed_CA_CNN_RNND,220,0.46096938848495483,0.3257126286625862,0.13525676168501377,
0,260816,matched,MATCHED_Impulsive,Proposed_CA_CNN_RNND,221,0.33608657121658325,0.21394968032836914,0.12213689647614956,
0,260816,matched,MATCHED_Impulsive,Proposed_CA_CNN_RNND,222,0.5195565149188042,0.37445126101374626,0.1451052390038967,
0,260816,matched,MATCHED_Impulsive,Proposed_CA_CNN_RNND,223,0.39228108525276184,0.2645677849650383,0.1277133096009493,
0,260816,matched,MATCHED_Impulsive,Proposed_CA_CNN_RNND,224,0.4359408989548683,0.3045624606311321,0.13137843646109104,
0,260816,matched,MATCHED_Impulsive,Proposed_CA_CNN_RNND,225,0.4690411686897278,0.32545679435133934,0.1435843650251627,
0,260816,matched,MATCHED_Impulsive,Proposed_CA_CNN_RNND,226,0.40867240726947784,0.2814854681491852,0.12718693725764751,
0,260816,matched,MATCHED_Impulsive,Proposed_CA_CNN_RNND,227,0.3353131152689457,0.21446499228477478,0.12084811553359032,
0,260816,matched,MATCHED_Impulsive,Proposed_CA_CNN_RNND,228,0.3924017399549484,0.27111851423978806,0.12128323689103127,
0,260816,matched,MATCHED_Impulsive,Proposed_CA_CNN_RNND,229,0.5357400476932526,0.38704897463321686,0.148691076785326,
0,260816,matched,MATCHED_Impulsive,Proposed_CA_CNN_RNND,230,0.42190535366535187,0.2883603014051914,0.133545046672225,
0,260816,matched,MATCHED_Impulsive,Proposed_CA_CNN_RNND,231,0.4409598112106323,0.3086337633430958,0.13232604786753654,
0,260816,matched,MATCHED_Impulsive,Proposed_CA_CNN_RNND,232,0.49986759573221207,0.3585605025291443,0.14130708761513233,
0,260816,matched,MATCHED_Impulsive,Proposed_CA_CNN_RNND,233,0.583536185324192,0.43099190294742584,0.1525442972779274,
0,260816,matched,MATCHED_Impulsive,Proposed_CA_CNN_RNND,234,0.5161018297076225,0.3614809662103653,0.15462085604667664,
0,260816,matched,MATCHED_Impulsive,Proposed_CA_CNN_RNND,235,0.5465191304683685,0.39197123423218727,0.15454788878560066,
0,260816,matched,MATCHED_Impulsive,Proposed_CA_CNN_RNND,236,0.4299393892288208,0.29344167560338974,0.13649770990014076,
0,260816,matched,MATCHED_Impulsive,Proposed_CA_CNN_RNND,237,0.35827887058258057,0.23424098640680313,0.12403786741197109,
0,260816,matched,MATCHED_Impulsive,Proposed_CA_CNN_RNND,238,0.5720780715346336,0.41235630959272385,0.1597217582166195,
0,260816,matched,MATCHED_Impulsive,Proposed_CA_CNN_RNND,239,0.4173853248357773,0.29528477787971497,0.12210054323077202,
0,260816,matched,MATCHED_Impulsive,Proposed_CA_CNN_RNND,240,0.44049087911844254,0.30682482197880745,0.1336660459637642,
0,260816,matched,MATCHED_Impulsive,Proposed_CA_CNN_RNND,241,0.4425765573978424,0.30921564251184464,0.13336090184748173,
0,260816,matched,MATCHED_Impulsive,Proposed_CA_CNN_RNND,242,0.5466742813587189,0.40038666129112244,0.14628762006759644,
0,260816,matched,MATCHED_Impulsive,Proposed_CA_CNN_RNND,243,0.3360987976193428,0.21864208579063416,0.1174567211419344,
0,260816,matched,MATCHED_Impulsive,Proposed_CA_CNN_RNND,244,0.5041928663849831,0.3586835637688637,0.1455092988908291,
0,260816,matched,MATCHED_Impulsive,Proposed_CA_CNN_RNND,245,0.47977329790592194,0.3387226387858391,0.141050660982728,
0,260816,matched,MATCHED_Impulsive,Proposed_CA_CNN_RNND,246,0.6310789734125137,0.47693267464637756,0.15414628759026527,
0,260816,matched,MATCHED_Impulsive,Proposed_CA_CNN_RNND,247,0.4427521973848343,0.3113814778625965,0.13137072883546352,
0,260816,matched,MATCHED_Impulsive,Proposed_CA_CNN_RNND,248,0.6436613872647285,0.47813278436660767,0.16552859544754028,
0,260816,matched,MATCHED_Impulsive,Proposed_CA_CNN_RNND,249,0.5345656275749207,0.38611821085214615,0.14844740740954876,
0,260816,matched,MATCHED_Impulsive,Proposed_CA_CNN_RNND,250,0.328536294400692,0.21457955613732338,0.11395673453807831,
0,260816,matched,MATCHED_Impulsive,Proposed_CA_CNN_RNND,251,0.5563600212335587,0.40498186647892,0.15137815847992897,
0,260816,matched,MATCHED_Impulsive,Proposed_CA_CNN_RNND,252,0.32732608914375305,0.2115677185356617,0.11575837060809135,
0,260816,matched,MATCHED_Impulsive,Proposed_CA_CNN_RNND,253,0.4970349371433258,0.3564046770334244,0.14063027873635292,
0,260816,matched,MATCHED_Impulsive,Proposed_CA_CNN_RNND,254,0.4481072202324867,0.31450287252664566,0.1336043607443571,
0,260816,matched,MATCHED_Impulsive,Proposed_CA_CNN_RNND,255,0.47370732575654984,0.33542945235967636,0.13827787525951862,
0,260816,matched,MATCHED_Impulsive,Proposed_CA_CNN_RNND,256,0.3439836874604225,0.22625453397631645,0.11772915720939636,
0,260816,matched,MATCHED_Impulsive,Proposed_CA_CNN_RNND,257,0.5222031995654106,0.38055073469877243,0.14165246486663818,
0,260816,matched,MATCHED_Impulsive,Proposed_CA_CNN_RNND,258,0.5011930391192436,0.3649750091135502,0.13621803559362888,
0,260816,matched,MATCHED_Impulsive,Proposed_CA_CNN_RNND,259,0.4281162619590759,0.3003423362970352,0.12777391076087952,
0,260816,matched,MATCHED_Impulsive,Proposed_CA_CNN_RNND,260,0.4965416267514229,0.35863790288567543,0.137903718277812,
0,260816,matched,MATCHED_Impulsive,Proposed_CA_CNN_RNND,261,0.5770373418927193,0.42747101932764053,0.14956632629036903,
0,260816,matched,MATCHED_Impulsive,Proposed_CA_CNN_RNND,262,0.49718546122312546,0.3552694134414196,0.14191605523228645,
0,260816,matched,MATCHED_Impulsive,Proposed_CA_CNN_RNND,263,0.4236749857664108,0.291984248906374,0.13169072940945625,
0,260816,matched,MATCHED_Impulsive,Proposed_CA_CNN_RNND,264,0.37404876947402954,0.25352905318140984,0.1205197125673294,
0,260816,matched,MATCHED_Impulsive,Proposed_CA_CNN_RNND,265,0.487392894923687,0.34815144166350365,0.13924144580960274,
0,260816,matched,MATCHED_Impulsive,Proposed_CA_CNN_RNND,266,0.41203415393829346,0.2839633673429489,0.12807079032063484,
0,260816,matched,MATCHED_Impulsive,Proposed_CA_CNN_RNND,267,0.5160985141992569,0.3722885996103287,0.14380991086363792,
0,260816,matched,MATCHED_Impulsive,Proposed_CA_CNN_RNND,268,0.4031429961323738,0.2786421701312065,0.124500822275877,
0,260816,matched,MATCHED_Impulsive,Proposed_CA_CNN_RNND,269,0.38725414872169495,0.2656049318611622,0.12164920382201672,
0,260816,matched,MATCHED_Impulsive,Proposed_CA_CNN_RNND,270,0.3821171298623085,0.2583192028105259,0.12379794381558895,
0,260816,matched,MATCHED_Impulsive,Proposed_CA_CNN_RNND,271,0.5290974080562592,0.3817651942372322,0.1473322119563818,
0,260816,matched,MATCHED_Impulsive,Proposed_CA_CNN_RNND,272,0.4616043418645859,0.32038748264312744,0.14121685549616814,
0,260816,matched,MATCHED_Impulsive,Proposed_CA_CNN_RNND,273,0.3468298986554146,0.22911909222602844,0.11771080642938614,
0,260816,matched,MATCHED_Impulsive,Proposed_CA_CNN_RNND,274,0.5408930331468582,0.38621918857097626,0.15467385202646255,
0,260816,matched,MATCHED_Impulsive,Proposed_CA_CNN_RNND,275,0.3749144747853279,0.25269950181245804,0.12221498042345047,
0,260816,matched,MATCHED_Impulsive,Proposed_CA_CNN_RNND,276,0.33647996559739113,0.2192598544061184,0.11722010746598244,
0,260816,matched,MATCHED_Impulsive,Proposed_CA_CNN_RNND,277,0.49326135963201523,0.35176122188568115,0.14150014705955982,
0,260816,matched,MATCHED_Impulsive,Proposed_CA_CNN_RNND,278,0.4555341452360153,0.3233419582247734,0.1321921870112419,
0,260816,matched,MATCHED_Impulsive,Proposed_CA_CNN_RNND,279,0.38507773727178574,0.26005203649401665,0.1250257045030594,
0,260816,matched,MATCHED_Impulsive,Proposed_CA_CNN_RNND,280,0.39557259529829025,0.27030473202466965,0.1252678595483303,
0,260816,matched,MATCHED_Impulsive,Proposed_CA_CNN_RNND,281,0.5441884249448776,0.3947177827358246,0.14947064593434334,
0,260816,matched,MATCHED_Impulsive,Proposed_CA_CNN_RNND,282,0.3919717147946358,0.2654602639377117,0.1265114489942789,
0,260816,matched,MATCHED_Impulsive,Proposed_CA_CNN_RNND,283,0.32353441417217255,0.2095763199031353,0.1139580924063921,
0,260816,matched,MATCHED_Impulsive,Proposed_CA_CNN_RNND,284,0.4573049247264862,0.31862298771739006,0.13868193700909615,
0,260816,matched,MATCHED_Impulsive,Proposed_CA_CNN_RNND,285,0.5176958665251732,0.37110520154237747,0.14659066498279572,
0,260816,matched,MATCHED_Impulsive,Proposed_CA_CNN_RNND,286,0.40325693041086197,0.27197301387786865,0.1312839239835739,
0,260816,matched,MATCHED_Impulsive,Proposed_CA_CNN_RNND,287,0.3556870147585869,0.23286785185337067,0.12281916849315166,
0,260816,matched,MATCHED_Impulsive,Proposed_CA_CNN_RNND,288,0.3873303756117821,0.2610103003680706,0.12632006965577602,
0,260816,matched,MATCHED_Impulsive,Proposed_CA_CNN_RNND,289,0.5190356969833374,0.37247324362397194,0.14656244404613972,
0,260816,matched,MATCHED_Impulsive,Proposed_CA_CNN_RNND,290,0.4824086129665375,0.34132251143455505,0.14108609594404697,
0,260816,matched,MATCHED_Impulsive,Proposed_CA_CNN_RNND,291,0.5406408458948135,0.3952944502234459,0.14534639939665794,
0,260816,matched,MATCHED_Impulsive,Proposed_CA_CNN_RNND,292,0.42046190053224564,0.2871693968772888,0.13329250738024712,
0,260816,matched,MATCHED_Impulsive,Proposed_CA_CNN_RNND,293,0.450416199862957,0.3139709159731865,0.1364452950656414,
0,260816,matched,MATCHED_Impulsive,Proposed_CA_CNN_RNND,294,0.4964018911123276,0.35847944393754005,0.13792243599891663,
0,260816,matched,MATCHED_Impulsive,Proposed_CA_CNN_RNND,295,0.5481874346733093,0.40060732513666153,0.1475801058113575,
0,260816,matched,MATCHED_Impulsive,Proposed_CA_CNN_RNND,296,0.38986344635486603,0.26359230652451515,0.12627112865447998,
0,260816,matched,MATCHED_Impulsive,Proposed_CA_CNN_RNND,297,0.5266850665211678,0.37215755879879,0.15452749654650688,
0,260816,matched,MATCHED_Impulsive,Proposed_CA_CNN_RNND,298,0.480342261493206,0.34081658720970154,0.13952568173408508,
0,260816,matched,MATCHED_Impulsive,Proposed_CA_CNN_RNND,299,0.4854045659303665,0.3477654308080673,0.13763913698494434,
0,260816,matched,MATCHED_Impulsive,Proposed_CA_CNN_RNND,300,0.439192995429039,0.3081521987915039,0.13104080595076084,
0,260816,matched,MATCHED_Impulsive,Proposed_CA_CNN_RNND,301,0.5017373338341713,0.35842103511095047,0.14331631362438202,
0,260816,matched,MATCHED_Impulsive,Proposed_CA_CNN_RNND,302,0.5012355595827103,0.3571855202317238,0.14405004307627678,
0,260816,matched,MATCHED_Impulsive,Proposed_CA_CNN_RNND,303,0.4675784856081009,0.33591363579034805,0.13166485726833344,
0,260816,matched,MATCHED_Impulsive,Proposed_CA_CNN_RNND,304,0.5031413286924362,0.35675936937332153,0.1463819481432438,
0,260816,matched,MATCHED_Impulsive,Proposed_CA_CNN_RNND,305,0.5053943768143654,0.35752812027931213,0.14786625653505325,
0,260816,matched,MATCHED_Impulsive,Proposed_CA_CNN_RNND,306,0.32257813960313797,0.20580638945102692,0.1167717482894659,
0,260816,matched,MATCHED_Impulsive,Proposed_CA_CNN_RNND,307,0.4086347967386246,0.28429077565670013,0.12434401735663414,
0,260816,matched,MATCHED_Impulsive,Proposed_CA_CNN_RNND,308,0.45648133754730225,0.31965185701847076,0.13682948425412178,
0,260816,matched,MATCHED_Impulsive,Proposed_CA_CNN_RNND,309,0.4677041694521904,0.3297264277935028,0.137977734208107,
0,260816,matched,MATCHED_Impulsive,Proposed_CA_CNN_RNND,310,0.44760844111442566,0.3109068125486374,0.13670163042843342,
0,260816,matched,MATCHED_Impulsive,Proposed_CA_CNN_RNND,311,0.30815698951482773,0.19155793264508247,0.1165990587323904,
0,260816,matched,MATCHED_Impulsive,Proposed_CA_CNN_RNND,312,0.5732681006193161,0.4174392446875572,0.15582886151969433,
0,260816,matched,MATCHED_Impulsive,Proposed_CA_CNN_RNND,313,0.3225848972797394,0.20276634767651558,0.1198185533285141,
0,260816,matched,MATCHED_Impulsive,Proposed_CA_CNN_RNND,314,0.47175977379083633,0.3324284516274929,0.13933132961392403,
0,260816,matched,MATCHED_Impulsive,Proposed_CA_CNN_RNND,315,0.4370321035385132,0.3099592253565788,0.12707288935780525,
0,260816,matched,MATCHED_Impulsive,Proposed_CA_CNN_RNND,316,0.46457380056381226,0.32924026250839233,0.13533353433012962,
0,260816,matched,MATCHED_Impulsive,Proposed_CA_CNN_RNND,317,0.4706083685159683,0.3358863964676857,0.13472196646034718,
0,260816,matched,MATCHED_Impulsive,Proposed_CA_CNN_RNND,318,0.4407840520143509,0.3086766488850117,0.13210740685462952,
0,260816,matched,MATCHED_Impulsive,Proposed_CA_CNN_RNND,319,0.4509355127811432,0.31829310953617096,0.13264239579439163,
0,260816,matched,MATCHED_Impulsive,Proposed_CA_CNN_RNND,320,0.45928649604320526,0.3221850097179413,0.13710147887468338,
0,260816,matched,MATCHED_Impulsive,Proposed_CA_CNN_RNND,321,0.47137879580259323,0.33418194204568863,0.13719685561954975,
0,260816,matched,MATCHED_Impulsive,Proposed_CA_CNN_RNND,322,0.39536451548337936,0.2697876915335655,0.12557682394981384,
0,260816,matched,MATCHED_Impulsive,Proposed_CA_CNN_RNND,323,0.48317354917526245,0.339717585593462,0.14345595985651016,
0,260816,matched,MATCHED_Impulsive,Proposed_CA_CNN_RNND,324,0.5150888487696648,0.3722669929265976,0.14282185956835747,
0,260816,matched,MATCHED_Impulsive,Proposed_CA_CNN_RNND,325,0.5311674475669861,0.3849199190735817,0.1462475284934044,
0,260816,matched,MATCHED_Impulsive,Proposed_CA_CNN_RNND,326,0.41640420258045197,0.2875729873776436,0.12883122451603413,
0,260816,matched,MATCHED_Impulsive,Proposed_CA_CNN_RNND,327,0.46457260847091675,0.3249317333102226,0.13964087888598442,
0,260816,matched,MATCHED_Impulsive,Proposed_CA_CNN_RNND,328,0.4215453341603279,0.29069287702441216,0.13085245341062546,
0,260816,matched,MATCHED_Impulsive,Proposed_CA_CNN_RNND,329,0.38778433948755264,0.2651156708598137,0.1226686667650938,
0,260816,matched,MATCHED_Impulsive,Proposed_CA_CNN_RNND,330,0.4139503836631775,0.28637567162513733,0.1275747213512659,
0,260816,matched,MATCHED_Impulsive,Proposed_CA_CNN_RNND,331,0.5255174413323402,0.38632357120513916,0.13919387757778168,
0,260816,matched,MATCHED_Impulsive,Proposed_CA_CNN_RNND,332,0.5759443417191505,0.42183583229780197,0.15410850569605827,
0,260816,matched,MATCHED_Impulsive,Proposed_CA_CNN_RNND,333,0.4367564171552658,0.30118925496935844,0.13556715287268162,
0,260816,matched,MATCHED_Impulsive,Proposed_CA_CNN_RNND,334,0.4928129240870476,0.3529505357146263,0.13986238650977612,
0,260816,matched,MATCHED_Impulsive,Proposed_CA_CNN_RNND,335,0.3746248558163643,0.25729528069496155,0.11732957139611244,
0,260816,matched,MATCHED_Impulsive,Proposed_CA_CNN_RNND,336,0.3527951091527939,0.22845064476132393,0.1243444737046957,
0,260816,matched,MATCHED_Impulsive,Proposed_CA_CNN_RNND,337,0.5629839524626732,0.4029429480433464,0.16004101559519768,
0,260816,matched,MATCHED_Impulsive,Proposed_CA_CNN_RNND,338,0.49702274799346924,0.359965056180954,0.13705769553780556,
0,260816,matched,MATCHED_Impulsive,Proposed_CA_CNN_RNND,339,0.2990184500813484,0.18531281501054764,0.11370563693344593,
0,260816,matched,MATCHED_Impulsive,Proposed_CA_CNN_RNND,340,0.4469122439622879,0.31156058982014656,0.13535165786743164,
0,260816,matched,MATCHED_Impulsive,Proposed_CA_CNN_RNND,341,0.36211931705474854,0.2410329096019268,0.12108640931546688,
0,260816,matched,MATCHED_Impulsive,Proposed_CA_CNN_RNND,342,0.4688910096883774,0.3313715010881424,0.13751950860023499,
0,260816,matched,MATCHED_Impulsive,Proposed_CA_CNN_RNND,343,0.4156908616423607,0.2854166626930237,0.13027419336140156,
0,260816,matched,MATCHED_Impulsive,Proposed_CA_CNN_RNND,344,0.34779271483421326,0.22545932978391647,0.12233338691294193,
0,260816,matched,MATCHED_Impulsive,Proposed_CA_CNN_RNND,345,0.4493296295404434,0.312803253531456,0.13652637600898743,
0,260816,matched,MATCHED_Impulsive,Proposed_CA_CNN_RNND,346,0.5754746198654175,0.4260554909706116,0.1494191363453865,
0,260816,matched,MATCHED_Impulsive,Proposed_CA_CNN_RNND,347,0.439238328486681,0.3081856593489647,0.1310526616871357,
0,260816,matched,MATCHED_Impulsive,Proposed_CA_CNN_RNND,348,0.5123095214366913,0.36744122207164764,0.14486830681562424,
0,260816,matched,MATCHED_Impulsive,Proposed_CA_CNN_RNND,349,0.49742044508457184,0.35416458174586296,0.14325587078928947,
0,260816,matched,MATCHED_Impulsive,Proposed_CA_CNN_RNND,350,0.4723679795861244,0.3315293602645397,0.14083862490952015,
0,260816,matched,MATCHED_Impulsive,Proposed_CA_CNN_RNND,351,0.4851211756467819,0.3395097851753235,0.14561139047145844,
0,260816,matched,MATCHED_Impulsive,Proposed_CA_CNN_RNND,352,0.5012258812785149,0.35743746906518936,0.14378840662539005,
0,260816,matched,MATCHED_Impulsive,Proposed_CA_CNN_RNND,353,0.39853765070438385,0.2707352600991726,0.12780239805579185,
0,260816,matched,MATCHED_Impulsive,Proposed_CA_CNN_RNND,354,0.42298340797424316,0.2972266152501106,0.12575679272413254,
0,260816,matched,MATCHED_Impulsive,Proposed_CA_CNN_RNND,355,0.5440236628055573,0.39807943254709244,0.14594421908259392,
0,260816,matched,MATCHED_Impulsive,Proposed_CA_CNN_RNND,356,0.45182885229587555,0.31648654118180275,0.1353423111140728,
0,260816,matched,MATCHED_Impulsive,Proposed_CA_CNN_RNND,357,0.563689649105072,0.41181907802820206,0.15187059715390205,
0,260816,matched,MATCHED_Impulsive,Proposed_CA_CNN_RNND,358,0.39855191111564636,0.27345049008727074,0.12510142475366592,
0,260816,matched,MATCHED_Impulsive,Proposed_CA_CNN_RNND,359,0.5847228541970253,0.4290638938546181,0.15565898269414902,
0,260816,matched,MATCHED_Impulsive,Proposed_CA_CNN_RNND,360,0.3952583819627762,0.26963961869478226,0.12561876326799393,
0,260816,matched,MATCHED_Impulsive,Proposed_CA_CNN_RNND,361,0.5914817154407501,0.4328625723719597,0.15861913934350014,
0,260816,matched,MATCHED_Impulsive,Proposed_CA_CNN_RNND,362,0.37865617126226425,0.25178100913763046,0.12687515281140804,
0,260816,matched,MATCHED_Impulsive,Proposed_CA_CNN_RNND,363,0.4656716138124466,0.3257984481751919,0.13987315446138382,
0,260816,matched,MATCHED_Impulsive,Proposed_CA_CNN_RNND,364,0.49216705560684204,0.3524967059493065,0.13967034593224525,
0,260816,matched,MATCHED_Impulsive,Proposed_CA_CNN_RNND,365,0.4567902013659477,0.3275090977549553,0.12928110919892788,
0,260816,matched,MATCHED_Impulsive,Proposed_CA_CNN_RNND,366,0.40177781134843826,0.2739453874528408,0.1278324220329523,
0,260816,matched,MATCHED_Impulsive,Proposed_CA_CNN_RNND,367,0.4745641201734543,0.3382616192102432,0.13630249351263046,
0,260816,matched,MATCHED_Impulsive,Proposed_CA_CNN_RNND,368,0.46322067081928253,0.3283981829881668,0.13482249155640602,
0,260816,matched,MATCHED_Impulsive,Proposed_CA_CNN_RNND,369,0.5237419977784157,0.3806322365999222,0.1431097611784935,
0,260816,matched,MATCHED_Impulsive,Proposed_CA_CNN_RNND,370,0.49710899591445923,0.3582630306482315,0.13884596899151802,
0,260816,matched,MATCHED_Impulsive,Proposed_CA_CNN_RNND,371,0.5408985167741776,0.3934539407491684,0.1474445890635252,
0,260816,matched,MATCHED_Impulsive,Proposed_CA_CNN_RNND,372,0.38291314244270325,0.2570275664329529,0.1258855853229761,
0,260816,matched,MATCHED_Impulsive,Proposed_CA_CNN_RNND,373,0.46014005690813065,0.31860970705747604,0.141530342400074,
0,260816,matched,MATCHED_Impulsive,Proposed_CA_CNN_RNND,374,0.4098590239882469,0.2858227975666523,0.12403622269630432,
0,260816,matched,MATCHED_Impulsive,Proposed_CA_CNN_RNND,375,0.4894651472568512,0.3502367287874222,0.13922842219471931,
0,260816,matched,MATCHED_Impulsive,Proposed_CA_CNN_RNND,376,0.5395607054233551,0.39704544097185135,0.14251525700092316,
0,260816,matched,MATCHED_Impulsive,Proposed_CA_CNN_RNND,377,0.554293766617775,0.40788716822862625,0.14640657976269722,
0,260816,matched,MATCHED_Impulsive,Proposed_CA_CNN_RNND,378,0.48739201575517654,0.34799855202436447,0.13939346931874752,
0,260816,matched,MATCHED_Impulsive,Proposed_CA_CNN_RNND,379,0.3820313513278961,0.2574962042272091,0.12453516013920307,
0,260816,matched,MATCHED_Impulsive,Proposed_CA_CNN_RNND,380,0.41554979979991913,0.28587114810943604,0.1296786516904831,
0,260816,matched,MATCHED_Impulsive,Proposed_CA_CNN_RNND,381,0.48825738579034805,0.3500039204955101,0.1382534671574831,
0,260816,matched,MATCHED_Impulsive,Proposed_CA_CNN_RNND,382,0.47589413821697235,0.3349803239107132,0.14091381803154945,
0,260816,matched,MATCHED_Impulsive,Proposed_CA_CNN_RNND,383,0.4610520154237747,0.32583654299378395,0.13521547988057137,
0,260816,matched,MATCHED_Impulsive,Proposed_CA_CNN_RNND,384,0.5934530794620514,0.4295923560857773,0.1638607271015644,
0,260816,matched,MATCHED_Impulsive,Proposed_CA_CNN_RNND,385,0.5026762336492538,0.36537906527519226,0.13729717954993248,
0,260816,matched,MATCHED_Impulsive,Proposed_CA_CNN_RNND,386,0.5290719345211983,0.3790517970919609,0.15002013742923737,
0,260816,matched,MATCHED_Impulsive,Proposed_CA_CNN_RNND,387,0.35846879333257675,0.23821694403886795,0.12025184743106365,
0,260816,matched,MATCHED_Impulsive,Proposed_CA_CNN_RNND,388,0.5125412866473198,0.3733445182442665,0.13919677585363388,
0,260816,matched,MATCHED_Impulsive,Proposed_CA_CNN_RNND,389,0.39050057530403137,0.2642364948987961,0.1262640878558159,
0,260816,matched,MATCHED_Impulsive,Proposed_CA_CNN_RNND,390,0.5990931466221809,0.4429233819246292,0.15616977028548717,
0,260816,matched,MATCHED_Impulsive,Proposed_CA_CNN_RNND,391,0.6508631855249405,0.4781489372253418,0.1727142259478569,
0,260816,matched,MATCHED_Impulsive,Proposed_CA_CNN_RNND,392,0.4197330176830292,0.2902448773384094,0.12948813661932945,
0,260816,matched,MATCHED_Impulsive,Proposed_CA_CNN_RNND,393,0.40636495500802994,0.2694269269704819,0.13693802990019321,
0,260816,matched,MATCHED_Impulsive,Proposed_CA_CNN_RNND,394,0.4297306537628174,0.2986971288919449,0.1310335285961628,
0,260816,matched,MATCHED_Impulsive,Proposed_CA_CNN_RNND,395,0.5564688593149185,0.41357842832803726,0.14289042353630066,
0,260816,matched,MATCHED_Impulsive,Proposed_CA_CNN_RNND,396,0.5522264391183853,0.4060670956969261,0.1461593396961689,
0,260816,matched,MATCHED_Impulsive,Proposed_CA_CNN_RNND,397,0.5064336583018303,0.36326153576374054,0.1431721169501543,
0,260816,matched,MATCHED_Impulsive,Proposed_CA_CNN_RNND,398,0.4960555136203766,0.3560047745704651,0.14005072973668575,
0,260816,matched,MATCHED_Impulsive,Proposed_CA_CNN_RNND,399,0.6496888250112534,0.48168741166591644,0.1680014207959175,
0,260816,matched,MATCHED_Impulsive,Proposed_CA_CNN_RNND,400,0.4481695368885994,0.31817445158958435,0.12999509274959564,-0.5997779993651655
0,260816,matched,MATCHED_Impulsive,Proposed_CA_CNN_RNND,401,0.4131268933415413,0.28381846100091934,0.12930843606591225,
0,260816,matched,MATCHED_Impulsive,Proposed_CA_CNN_RNND,402,0.4772588685154915,0.34085527434945107,0.13640359789133072,
0,260816,matched,MATCHED_Impulsive,Proposed_CA_CNN_RNND,403,0.4526113271713257,0.3171492964029312,0.13546203076839447,
0,260816,matched,MATCHED_Impulsive,Proposed_CA_CNN_RNND,404,0.5282843858003616,0.37817130982875824,0.150113083422184,
0,260816,matched,MATCHED_Impulsive,Proposed_CA_CNN_RNND,405,0.3973839432001114,0.26853567734360695,0.1288482677191496,
0,260816,matched,MATCHED_Impulsive,Proposed_CA_CNN_RNND,406,0.46828269213438034,0.3315523862838745,0.13673030957579613,
0,260816,matched,MATCHED_Impulsive,Proposed_CA_CNN_RNND,407,0.5243349894881248,0.37880831956863403,0.14552666246891022,
0,260816,matched,MATCHED_Impulsive,Proposed_CA_CNN_RNND,408,0.3664790987968445,0.24279891327023506,0.12368019670248032,
0,260816,matched,MATCHED_Impulsive,Proposed_CA_CNN_RNND,409,0.33405204117298126,0.21936584636569023,0.11468619666993618,
0,260816,matched,MATCHED_Impulsive,Proposed_CA_CNN_RNND,410,0.4229137524962425,0.2932140678167343,0.1296996958553791,
0,260816,matched,MATCHED_Impulsive,Proposed_CA_CNN_RNND,411,0.5556860789656639,0.40890365093946457,0.14678242430090904,
0,260816,matched,MATCHED_Impulsive,Proposed_CA_CNN_RNND,412,0.40036583691835403,0.2751193717122078,0.1252464670687914,
0,260816,matched,MATCHED_Impulsive,Proposed_CA_CNN_RNND,413,0.5353738218545914,0.3900519162416458,0.1453219074755907,
0,260816,matched,MATCHED_Impulsive,Proposed_CA_CNN_RNND,414,0.4183961898088455,0.28722188621759415,0.13117430731654167,
0,260816,matched,MATCHED_Impulsive,Proposed_CA_CNN_RNND,415,0.3904935121536255,0.26253294572234154,0.12796058133244514,
0,260816,matched,MATCHED_Impulsive,Proposed_CA_CNN_RNND,416,0.44839848577976227,0.3148367330431938,0.13356173783540726,
0,260816,matched,MATCHED_Impulsive,Proposed_CA_CNN_RNND,417,0.4325946420431137,0.3056896962225437,0.12690494023263454,
0,260816,matched,MATCHED_Impulsive,Proposed_CA_CNN_RNND,418,0.48497845977544785,0.3503592237830162,0.13461923226714134,
0,260816,matched,MATCHED_Impulsive,Proposed_CA_CNN_RNND,419,0.41970913112163544,0.2901898920536041,0.1295192390680313,
0,260816,matched,MATCHED_Impulsive,Proposed_CA_CNN_RNND,420,0.5354300439357758,0.38362645357847214,0.15180358290672302,
0,260816,matched,MATCHED_Impulsive,Proposed_CA_CNN_RNND,421,0.4163462296128273,0.2879796363413334,0.12836659513413906,
0,260816,matched,MATCHED_Impulsive,Proposed_CA_CNN_RNND,422,0.5120515525341034,0.37061890214681625,0.14143265411257744,
0,260816,matched,MATCHED_Impulsive,Proposed_CA_CNN_RNND,423,0.5312754586338997,0.3819674476981163,0.1493080109357834,
0,260816,matched,MATCHED_Impulsive,Proposed_CA_CNN_RNND,424,0.389842189848423,0.265469990670681,0.1243722066283226,
0,260816,matched,MATCHED_Impulsive,Proposed_CA_CNN_RNND,425,0.5584079325199127,0.40486133098602295,0.15354659408330917,
0,260816,matched,MATCHED_Impulsive,Proposed_CA_CNN_RNND,426,0.43899690359830856,0.3057786598801613,0.13321823626756668,
0,260816,matched,MATCHED_Impulsive,Proposed_CA_CNN_RNND,427,0.4851488545536995,0.34211260452866554,0.14303626120090485,
0,260816,matched,MATCHED_Impulsive,Proposed_CA_CNN_RNND,428,0.4942418113350868,0.3513695150613785,0.14287231117486954,
0,260816,matched,MATCHED_Impulsive,Proposed_CA_CNN_RNND,429,0.48573140799999237,0.34964144974946976,0.1360899619758129,
0,260816,matched,MATCHED_Impulsive,Proposed_CA_CNN_RNND,430,0.3802131712436676,0.2541371211409569,0.12607605569064617,
0,260816,matched,MATCHED_Impulsive,Proposed_CA_CNN_RNND,431,0.39632556587457657,0.27000657469034195,0.12631899118423462,
0,260816,matched,MATCHED_Impulsive,Proposed_CA_CNN_RNND,432,0.5406147316098213,0.3928278908133507,0.1477868352085352,
0,260816,matched,MATCHED_Impulsive,Proposed_CA_CNN_RNND,433,0.3845773935317993,0.2565537877380848,0.12802360579371452,
0,260816,matched,MATCHED_Impulsive,Proposed_CA_CNN_RNND,434,0.5047912821173668,0.3617934063076973,0.1429978758096695,
0,260816,matched,MATCHED_Impulsive,Proposed_CA_CNN_RNND,435,0.4881454035639763,0.3459712043404579,0.14217419549822807,
0,260816,matched,MATCHED_Impulsive,Proposed_CA_CNN_RNND,436,0.39936333149671555,0.2735287919640541,0.125834533944726,
0,260816,matched,MATCHED_Impulsive,Proposed_CA_CNN_RNND,437,0.5909237116575241,0.4329174980521202,0.1580062098801136,
0,260816,matched,MATCHED_Impulsive,Proposed_CA_CNN_RNND,438,0.5224300175905228,0.3858429193496704,0.13658709451556206,
0,260816,matched,MATCHED_Impulsive,Proposed_CA_CNN_RNND,439,0.4681333675980568,0.3300834074616432,0.13804995641112328,
0,260816,matched,MATCHED_Impulsive,Proposed_CA_CNN_RNND,440,0.49303678423166275,0.35433362424373627,0.13870316371321678,
0,260816,matched,MATCHED_Impulsive,Proposed_CA_CNN_RNND,441,0.40635430812835693,0.27769066765904427,0.12866362929344177,
0,260816,matched,MATCHED_Impulsive,Proposed_CA_CNN_RNND,442,0.5219908133149147,0.3759913742542267,0.14599943533539772,
0,260816,matched,MATCHED_Impulsive,Proposed_CA_CNN_RNND,443,0.5129035487771034,0.3765342943370342,0.1363692656159401,
0,260816,matched,MATCHED_Impulsive,Proposed_CA_CNN_RNND,444,0.5263835936784744,0.38245072960853577,0.14393287524580956,
0,260816,matched,MATCHED_Impulsive,Proposed_CA_CNN_RNND,445,0.44658268988132477,0.31512702256441116,0.1314556747674942,
0,260816,matched,MATCHED_Impulsive,Proposed_CA_CNN_RNND,446,0.5563387870788574,0.40240830928087234,0.15393047779798508,
0,260816,matched,MATCHED_Impulsive,Proposed_CA_CNN_RNND,447,0.45455707609653473,0.3240872398018837,0.13046984001994133,
0,260816,matched,MATCHED_Impulsive,Proposed_CA_CNN_RNND,448,0.42962978035211563,0.303213182836771,0.12641659192740917,
0,260816,matched,MATCHED_Impulsive,Proposed_CA_CNN_RNND,449,0.4061777591705322,0.2779175192117691,0.12826023809611797,
0,260816,matched,MATCHED_Impulsive,Proposed_CA_CNN_RNND,450,0.4796324670314789,0.3375784456729889,0.1420540101826191,
0,260816,matched,MATCHED_Impulsive,Proposed_CA_CNN_RNND,451,0.4947100579738617,0.3525135740637779,0.14219648391008377,
0,260816,matched,MATCHED_Impulsive,Proposed_CA_CNN_RNND,452,0.4962301626801491,0.3603953868150711,0.13583478331565857,
0,260816,matched,MATCHED_Impulsive,Proposed_CA_CNN_RNND,453,0.468614861369133,0.3331907317042351,0.13542412966489792,
0,260816,matched,MATCHED_Impulsive,Proposed_CA_CNN_RNND,454,0.5873530805110931,0.43607036769390106,0.15128272026777267,
0,260816,matched,MATCHED_Impulsive,Proposed_CA_CNN_RNND,455,0.5131632536649704,0.37584032118320465,0.13732293620705605,
0,260816,matched,MATCHED_Impulsive,Proposed_CA_CNN_RNND,456,0.5364963263273239,0.3944459408521652,0.142050389200449,
0,260816,matched,MATCHED_Impulsive,Proposed_CA_CNN_RNND,457,0.4861343055963516,0.3485274873673916,0.13760681822896004,
0,260816,matched,MATCHED_Impulsive,Proposed_CA_CNN_RNND,458,0.5039300322532654,0.36448752507567406,0.13944251462817192,
0,260816,matched,MATCHED_Impulsive,Proposed_CA_CNN_RNND,459,0.4576132073998451,0.32521896064281464,0.13239424116909504,
0,260816,matched,MATCHED_Impulsive,Proposed_CA_CNN_RNND,460,0.5080096945166588,0.3652815595269203,0.1427281443029642,
0,260816,matched,MATCHED_Impulsive,Proposed_CA_CNN_RNND,461,0.39025141298770905,0.2710855305194855,0.11916588246822357,
0,260816,matched,MATCHED_Impulsive,Proposed_CA_CNN_RNND,462,0.41930463165044785,0.28933971375226974,0.12996492348611355,
0,260816,matched,MATCHED_Impulsive,Proposed_CA_CNN_RNND,463,0.48941774666309357,0.3502076268196106,0.13921012915670872,
0,260816,matched,MATCHED_Impulsive,Proposed_CA_CNN_RNND,464,0.4476936161518097,0.31432946771383286,0.13336414471268654,
0,260816,matched,MATCHED_Impulsive,Proposed_CA_CNN_RNND,465,0.47228189557790756,0.32900552079081535,0.14327635616064072,
0,260816,matched,MATCHED_Impulsive,Proposed_CA_CNN_RNND,466,0.3677114509046078,0.24562813341617584,0.12208331376314163,
0,260816,matched,MATCHED_Impulsive,Proposed_CA_CNN_RNND,467,0.4953388646245003,0.35649674385786057,0.1388421282172203,
0,260816,matched,MATCHED_Impulsive,Proposed_CA_CNN_RNND,468,0.4786811023950577,0.34156204015016556,0.1371190808713436,
0,260816,matched,MATCHED_Impulsive,Proposed_CA_CNN_RNND,469,0.4645339474081993,0.3268551528453827,0.13767879642546177,
0,260816,matched,MATCHED_Impulsive,Proposed_CA_CNN_RNND,470,0.4339253678917885,0.3076602555811405,0.12626511976122856,
0,260816,matched,MATCHED_Impulsive,Proposed_CA_CNN_RNND,471,0.5072407945990562,0.3643851950764656,0.14285560697317123,
0,260816,matched,MATCHED_Impulsive,Proposed_CA_CNN_RNND,472,0.5471155866980553,0.39369402825832367,0.1534215547144413,
0,260816,matched,MATCHED_Impulsive,Proposed_CA_CNN_RNND,473,0.4487697333097458,0.30962586775422096,0.13914387300610542,
0,260816,matched,MATCHED_Impulsive,Proposed_CA_CNN_RNND,474,0.5163472294807434,0.3756888881325722,0.14065834507346153,
0,260816,matched,MATCHED_Impulsive,Proposed_CA_CNN_RNND,475,0.4035661816596985,0.2746570222079754,0.128909170627594,
0,260816,matched,MATCHED_Impulsive,Proposed_CA_CNN_RNND,476,0.4681702107191086,0.3289780765771866,0.1391921304166317,
0,260816,matched,MATCHED_Impulsive,Proposed_CA_CNN_RNND,477,0.4137187749147415,0.29007283970713615,0.12364593520760536,
0,260816,matched,MATCHED_Impulsive,Proposed_CA_CNN_RNND,478,0.4350723549723625,0.31060706079006195,0.12446529790759087,
0,260816,matched,MATCHED_Impulsive,Proposed_CA_CNN_RNND,479,0.62321737408638,0.46518947184085846,0.15802789479494095,
0,260816,matched,MATCHED_Impulsive,Proposed_CA_CNN_RNND,480,0.4181285873055458,0.28611524403095245,0.13201333582401276,
0,260816,matched,MATCHED_Impulsive,Proposed_CA_CNN_RNND,481,0.42319507896900177,0.2926292270421982,0.1305658482015133,
0,260816,matched,MATCHED_Impulsive,Proposed_CA_CNN_RNND,482,0.5125933662056923,0.36973704397678375,0.1428563091903925,
0,260816,matched,MATCHED_Impulsive,Proposed_CA_CNN_RNND,483,0.496370404958725,0.3520926907658577,0.14427772536873817,
0,260816,matched,MATCHED_Impulsive,Proposed_CA_CNN_RNND,484,0.42341000586748123,0.2912716157734394,0.13213839009404182,
0,260816,matched,MATCHED_Impulsive,Proposed_CA_CNN_RNND,485,0.5135001242160797,0.3646118566393852,0.1488882675766945,
0,260816,matched,MATCHED_Impulsive,Proposed_CA_CNN_RNND,486,0.4974576532840729,0.36087750643491745,0.13658016547560692,
0,260816,matched,MATCHED_Impulsive,Proposed_CA_CNN_RNND,487,0.46801503747701645,0.32719630748033524,0.14081872440874577,
0,260816,matched,MATCHED_Impulsive,Proposed_CA_CNN_RNND,488,0.43850668519735336,0.3076949194073677,0.13081176951527596,
0,260816,matched,MATCHED_Impulsive,Proposed_CA_CNN_RNND,489,0.5010492876172066,0.36074329167604446,0.1403059884905815,
0,260816,matched,MATCHED_Impulsive,Proposed_CA_CNN_RNND,490,0.5018100589513779,0.3555092476308346,0.1463008038699627,
0,260816,matched,MATCHED_Impulsive,Proposed_CA_CNN_RNND,491,0.37264957278966904,0.24993711709976196,0.12271245941519737,
0,260816,matched,MATCHED_Impulsive,Proposed_CA_CNN_RNND,492,0.4573255702853203,0.3188016228377819,0.13852395303547382,
0,260816,matched,MATCHED_Impulsive,Proposed_CA_CNN_RNND,493,0.4566054195165634,0.3232141137123108,0.13339131511747837,
0,260816,matched,MATCHED_Impulsive,Proposed_CA_CNN_RNND,494,0.40454722568392754,0.28164706379175186,0.12290016189217567,
0,260816,matched,MATCHED_Impulsive,Proposed_CA_CNN_RNND,495,0.5497111678123474,0.40405359864234924,0.14565758034586906,
0,260816,matched,MATCHED_Impulsive,Proposed_CA_CNN_RNND,496,0.40528054535388947,0.2750098295509815,0.1302707139402628,
0,260816,matched,MATCHED_Impulsive,Proposed_CA_CNN_RNND,497,0.4914015009999275,0.3603195883333683,0.13108191080391407,
0,260816,matched,MATCHED_Impulsive,Proposed_CA_CNN_RNND,498,0.5243061780929565,0.3828424960374832,0.14146366901695728,
0,260816,matched,MATCHED_Impulsive,Proposed_CA_CNN_RNND,499,0.3977266922593117,0.2756346985697746,0.12209200486540794,
0,260816,matched,MATCHED_Impulsive,Proposed_CA_CNN_RNND,500,0.5636856108903885,0.41346729919314384,0.15021831542253494,
0,260816,matched,MATCHED_Impulsive,Proposed_CA_CNN_RNND,501,0.3297012448310852,0.21744728833436966,0.1122539546340704,
0,260816,matched,MATCHED_Impulsive,Proposed_CA_CNN_RNND,502,0.5412641391158104,0.38746248185634613,0.15380165725946426,
0,260816,matched,MATCHED_Impulsive,Proposed_CA_CNN_RNND,503,0.4014706462621689,0.274649478495121,0.12682118639349937,
0,260816,matched,MATCHED_Impulsive,Proposed_CA_CNN_RNND,504,0.46449487656354904,0.3268859162926674,0.13760894909501076,
0,260816,matched,MATCHED_Impulsive,Proposed_CA_CNN_RNND,505,0.45083287358283997,0.31379594281315804,0.13703693076968193,
0,260816,matched,MATCHED_Impulsive,Proposed_CA_CNN_RNND,506,0.37052036821842194,0.2531939595937729,0.11732640117406845,
0,260816,matched,MATCHED_Impulsive,Proposed_CA_CNN_RNND,507,0.41702765226364136,0.28313902392983437,0.1338886246085167,
0,260816,matched,MATCHED_Impulsive,Proposed_CA_CNN_RNND,508,0.29031233489513397,0.1798771694302559,0.11043517105281353,
0,260816,matched,MATCHED_Impulsive,Proposed_CA_CNN_RNND,509,0.3927571326494217,0.2672710195183754,0.125486109405756,
0,260816,matched,MATCHED_Impulsive,Proposed_CA_CNN_RNND,510,0.48314401507377625,0.3416425809264183,0.1415014360100031,
0,260816,matched,MATCHED_Impulsive,Proposed_CA_CNN_RNND,511,0.4003806933760643,0.2715027332305908,0.12887796200811863,
0,260816,matched,MATCHED_Impulsive,Proposed_CA_CNN_RNND,512,0.33580031245946884,0.21640188619494438,0.11939842998981476,
0,260816,matched,MATCHED_Impulsive,Proposed_CA_CNN_RNND,513,0.4121609628200531,0.28142500296235085,0.13073595985770226,
0,260816,matched,MATCHED_Impulsive,Proposed_CA_CNN_RNND,514,0.4673425406217575,0.33246953040361404,0.13487299717962742,
0,260816,matched,MATCHED_Impulsive,Proposed_CA_CNN_RNND,515,0.5032219290733337,0.3603551834821701,0.14286673814058304,
0,260816,matched,MATCHED_Impulsive,Proposed_CA_CNN_RNND,516,0.4759913980960846,0.3412778899073601,0.13471351191401482,
0,260816,matched,MATCHED_Impulsive,Proposed_CA_CNN_RNND,517,0.5761441290378571,0.42356715351343155,0.1525769792497158,
0,260816,matched,MATCHED_Impulsive,Proposed_CA_CNN_RNND,518,0.5004384517669678,0.3652779385447502,0.13516050577163696,
0,260816,matched,MATCHED_Impulsive,Proposed_CA_CNN_RNND,519,0.4486527666449547,0.3135673217475414,0.13508544862270355,
0,260816,matched,MATCHED_Impulsive,Proposed_CA_CNN_RNND,520,0.37500275671482086,0.25247354805469513,0.12252920866012573,
0,260816,matched,MATCHED_Impulsive,Proposed_CA_CNN_RNND,521,0.3984411209821701,0.2744383104145527,0.12400282174348831,
0,260816,matched,MATCHED_Impulsive,Proposed_CA_CNN_RNND,522,0.3371720016002655,0.21718650311231613,0.11998549476265907,
0,260816,matched,MATCHED_Impulsive,Proposed_CA_CNN_RNND,523,0.4586782120168209,0.3212781958281994,0.13740001618862152,
0,260816,matched,MATCHED_Impulsive,Proposed_CA_CNN_RNND,524,0.4397090673446655,0.3019569180905819,0.13775215297937393,
0,260816,matched,MATCHED_Impulsive,Proposed_CA_CNN_RNND,525,0.347438707947731,0.22525262087583542,0.1221860945224762,
0,260816,matched,MATCHED_Impulsive,Proposed_CA_CNN_RNND,526,0.45388060063123703,0.3212469667196274,0.13263363018631935,
0,260816,matched,MATCHED_Impulsive,Proposed_CA_CNN_RNND,527,0.4785692170262337,0.34364868700504303,0.13492053747177124,
0,260816,matched,MATCHED_Impulsive,Proposed_CA_CNN_RNND,528,0.41731376200914383,0.28890416771173477,0.1284095924347639,
0,260816,matched,MATCHED_Impulsive,Proposed_CA_CNN_RNND,529,0.5212707817554474,0.3753455951809883,0.14592517912387848,
0,260816,matched,MATCHED_Impulsive,Proposed_CA_CNN_RNND,530,0.5882611498236656,0.4371382147073746,0.15112293139100075,
0,260816,matched,MATCHED_Impulsive,Proposed_CA_CNN_RNND,531,0.41731299459934235,0.29075002670288086,0.12656296975910664,
0,260816,matched,MATCHED_Impulsive,Proposed_CA_CNN_RNND,532,0.5079619064927101,0.3644925020635128,0.1434694081544876,
0,260816,matched,MATCHED_Impulsive,Proposed_CA_CNN_RNND,533,0.40520238876342773,0.274325143545866,0.13087724149227142,
0,260816,matched,MATCHED_Impulsive,Proposed_CA_CNN_RNND,534,0.35363221913576126,0.23336157202720642,0.12027063593268394,
0,260816,matched,MATCHED_Impulsive,Proposed_CA_CNN_RNND,535,0.5250277444720268,0.38034842163324356,0.14467933028936386,
0,260816,matched,MATCHED_Impulsive,Proposed_CA_CNN_RNND,536,0.3219144940376282,0.21111025288701057,0.11080423556268215,
0,260816,matched,MATCHED_Impulsive,Proposed_CA_CNN_RNND,537,0.5398944094777107,0.39313923567533493,0.1467551589012146,
0,260816,matched,MATCHED_Impulsive,Proposed_CA_CNN_RNND,538,0.5594817474484444,0.4155498370528221,0.14393192529678345,
0,260816,matched,MATCHED_Impulsive,Proposed_CA_CNN_RNND,539,0.5398296043276787,0.39875173941254616,0.14107787609100342,
0,260816,matched,MATCHED_Impulsive,Proposed_CA_CNN_RNND,540,0.29291459172964096,0.17943783104419708,0.11347676068544388,
0,260816,matched,MATCHED_Impulsive,Proposed_CA_CNN_RNND,541,0.5240144431591034,0.3785667158663273,0.1454477272927761,
0,260816,matched,MATCHED_Impulsive,Proposed_CA_CNN_RNND,542,0.5199376493692398,0.37794679403305054,0.14199085906147957,
0,260816,matched,MATCHED_Impulsive,Proposed_CA_CNN_RNND,543,0.4379006624221802,0.31510717421770096,0.12279349006712437,
0,260816,matched,MATCHED_Impulsive,Proposed_CA_CNN_RNND,544,0.596632830798626,0.43869468942284584,0.1579381451010704,
0,260816,matched,MATCHED_Impulsive,Proposed_CA_CNN_RNND,545,0.4376288503408432,0.3053690493106842,0.1322597935795784,
0,260816,matched,MATCHED_Impulsive,Proposed_CA_CNN_RNND,546,0.48359254747629166,0.3449561968445778,0.13863635249435902,
0,260816,matched,MATCHED_Impulsive,Proposed_CA_CNN_RNND,547,0.4408314526081085,0.3064391389489174,0.13439232110977173,
0,260816,matched,MATCHED_Impulsive,Proposed_CA_CNN_RNND,548,0.4810199663043022,0.3447470888495445,0.1362728625535965,
0,260816,matched,MATCHED_Impulsive,Proposed_CA_CNN_RNND,549,0.45711709558963776,0.32280678302049637,0.1343103088438511,
0,260816,matched,MATCHED_Impulsive,Proposed_CA_CNN_RNND,550,0.43990815430879593,0.30715474486351013,0.1327533982694149,
0,260816,matched,MATCHED_Impulsive,Proposed_CA_CNN_RNND,551,0.4549514949321747,0.3265434354543686,0.12840805388987064,
0,260816,matched,MATCHED_Impulsive,Proposed_CA_CNN_RNND,552,0.45573805272579193,0.32209694758057594,0.1336410976946354,
0,260816,matched,MATCHED_Impulsive,Proposed_CA_CNN_RNND,553,0.5155556946992874,0.3737357184290886,0.14181999117136002,
0,260816,matched,MATCHED_Impulsive,Proposed_CA_CNN_RNND,554,0.5150427371263504,0.36861221864819527,0.14643052779138088,
0,260816,matched,MATCHED_Impulsive,Proposed_CA_CNN_RNND,555,0.3242390491068363,0.2061099037528038,0.11812914162874222,
0,260816,matched,MATCHED_Impulsive,Proposed_CA_CNN_RNND,556,0.5174909755587578,0.37586044147610664,0.14163053780794144,
0,260816,matched,MATCHED_Impulsive,Proposed_CA_CNN_RNND,557,0.41832730919122696,0.2918238788843155,0.12650343216955662,
0,260816,matched,MATCHED_Impulsive,Proposed_CA_CNN_RNND,558,0.5093533247709274,0.3634331747889519,0.14592015743255615,
0,260816,matched,MATCHED_Impulsive,Proposed_CA_CNN_RNND,559,0.4033964276313782,0.2730809412896633,0.13031549006700516,
0,260816,matched,MATCHED_Impulsive,Proposed_CA_CNN_RNND,560,0.5785854607820511,0.4273025318980217,0.1512829326093197,
0,260816,matched,MATCHED_Impulsive,Proposed_CA_CNN_RNND,561,0.33330386504530907,0.21802400425076485,0.11527985706925392,
0,260816,matched,MATCHED_Impulsive,Proposed_CA_CNN_RNND,562,0.500710017979145,0.3668220788240433,0.13388794660568237,
0,260816,matched,MATCHED_Impulsive,Proposed_CA_CNN_RNND,563,0.5456125810742378,0.40095254778862,0.14466003701090813,
0,260816,matched,MATCHED_Impulsive,Proposed_CA_CNN_RNND,564,0.4039837270975113,0.27285730838775635,0.13112641870975494,
0,260816,matched,MATCHED_Impulsive,Proposed_CA_CNN_RNND,565,0.4610995948314667,0.32266056910157204,0.1384390275925398,
0,260816,matched,MATCHED_Impulsive,Proposed_CA_CNN_RNND,566,0.5816891342401505,0.4265449196100235,0.1551442053169012,
0,260816,matched,MATCHED_Impulsive,Proposed_CA_CNN_RNND,567,0.4526076763868332,0.3184167519211769,0.13419092819094658,
0,260816,matched,MATCHED_Impulsive,Proposed_CA_CNN_RNND,568,0.3785548061132431,0.25802820175886154,0.12052660807967186,
0,260816,matched,MATCHED_Impulsive,Proposed_CA_CNN_RNND,569,0.4701903685927391,0.3342955633997917,0.1358948051929474,
0,260816,matched,MATCHED_Impulsive,Proposed_CA_CNN_RNND,570,0.39577770233154297,0.27011578530073166,0.1256619244813919,
0,260816,matched,MATCHED_Impulsive,Proposed_CA_CNN_RNND,571,0.4956153631210327,0.34994323551654816,0.14567212387919426,
0,260816,matched,MATCHED_Impulsive,Proposed_CA_CNN_RNND,572,0.3426390439271927,0.22277579456567764,0.1198632474988699,
0,260816,matched,MATCHED_Impulsive,Proposed_CA_CNN_RNND,573,0.46062401682138443,0.32704952359199524,0.1335744932293892,
0,260816,matched,MATCHED_Impulsive,Proposed_CA_CNN_RNND,574,0.4310515522956848,0.3002004586160183,0.13085109367966652,
0,260816,matched,MATCHED_Impulsive,Proposed_CA_CNN_RNND,575,0.3720913827419281,0.24881477281451225,0.12327660992741585,
0,260816,matched,MATCHED_Impulsive,Proposed_CA_CNN_RNND,576,0.46469490230083466,0.3293381743133068,0.1353567410260439,
0,260816,matched,MATCHED_Impulsive,Proposed_CA_CNN_RNND,577,0.5415925234556198,0.3902313560247421,0.1513611562550068,
0,260816,matched,MATCHED_Impulsive,Proposed_CA_CNN_RNND,578,0.28059006482362747,0.16800590232014656,0.11258416436612606,
0,260816,matched,MATCHED_Impulsive,Proposed_CA_CNN_RNND,579,0.44824888557195663,0.3175000287592411,0.13074886798858643,
0,260816,matched,MATCHED_Impulsive,Proposed_CA_CNN_RNND,580,0.4904351979494095,0.35300465673208237,0.13743053749203682,
0,260816,matched,MATCHED_Impulsive,Proposed_CA_CNN_RNND,581,0.393483929336071,0.2724437341094017,0.12104020081460476,
0,260816,matched,MATCHED_Impulsive,Proposed_CA_CNN_RNND,582,0.37699706107378006,0.25846942514181137,0.11852763779461384,
0,260816,matched,MATCHED_Impulsive,Proposed_CA_CNN_RNND,583,0.4698771685361862,0.3364293612539768,0.1334477998316288,
0,260816,matched,MATCHED_Impulsive,Proposed_CA_CNN_RNND,584,0.408757247030735,0.2841593809425831,0.12459787726402283,
0,260816,matched,MATCHED_Impulsive,Proposed_CA_CNN_RNND,585,0.4642597883939743,0.3263053745031357,0.13795441389083862,
0,260816,matched,MATCHED_Impulsive,Proposed_CA_CNN_RNND,586,0.437751866877079,0.30810149759054184,0.12965037859976292,
0,260816,matched,MATCHED_Impulsive,Proposed_CA_CNN_RNND,587,0.3779260218143463,0.25550562143325806,0.12242040410637856,
0,260816,matched,MATCHED_Impulsive,Proposed_CA_CNN_RNND,588,0.4236639514565468,0.29344242066144943,0.1302215289324522,
0,260816,matched,MATCHED_Impulsive,Proposed_CA_CNN_RNND,589,0.5339877679944038,0.38351722061634064,0.1504705511033535,
0,260816,matched,MATCHED_Impulsive,Proposed_CA_CNN_RNND,590,0.49336617439985275,0.34854869171977043,0.14481748268008232,
0,260816,matched,MATCHED_Impulsive,Proposed_CA_CNN_RNND,591,0.4579653963446617,0.3217914067208767,0.13617399334907532,
0,260816,matched,MATCHED_Impulsive,Proposed_CA_CNN_RNND,592,0.39965638518333435,0.2702297307550907,0.1294266525655985,
0,260816,matched,MATCHED_Impulsive,Proposed_CA_CNN_RNND,593,0.48465438187122345,0.34869519248604774,0.13595919497311115,
0,260816,matched,MATCHED_Impulsive,Proposed_CA_CNN_RNND,594,0.3945687487721443,0.27008163183927536,0.12448711320757866,
0,260816,matched,MATCHED_Impulsive,Proposed_CA_CNN_RNND,595,0.3641415387392044,0.24658839032053947,0.11755314655601978,
0,260816,matched,MATCHED_Impulsive,Proposed_CA_CNN_RNND,596,0.5184432715177536,0.37374385818839073,0.14469940960407257,
0,260816,matched,MATCHED_Impulsive,Proposed_CA_CNN_RNND,597,0.5015214458107948,0.36171774938702583,0.139803696423769,
0,260816,matched,MATCHED_Impulsive,Proposed_CA_CNN_RNND,598,0.5605187192559242,0.4129507467150688,0.147567979991436,
0,260816,matched,MATCHED_Impulsive,Proposed_CA_CNN_RNND,599,0.3985397070646286,0.2717529386281967,0.12678676843643188,
0,260816,matched,MATCHED_Impulsive,Proposed_CA_CNN_RNND,600,0.4723692908883095,0.34266748279333115,0.12970179691910744,-0.614207905768509
0,260816,matched,MATCHED_Impulsive,Proposed_CA_CNN_RNND,601,0.4354064539074898,0.3067392557859421,0.1286671906709671,
0,260816,matched,MATCHED_Impulsive,Proposed_CA_CNN_RNND,602,0.49082936346530914,0.35338278114795685,0.1374465748667717,
0,260816,matched,MATCHED_Impulsive,Proposed_CA_CNN_RNND,603,0.5445696860551834,0.3947942554950714,0.1497754417359829,
0,260816,matched,MATCHED_Impulsive,Proposed_CA_CNN_RNND,604,0.3133033514022827,0.20302576571702957,0.11027758941054344,
0,260816,matched,MATCHED_Impulsive,Proposed_CA_CNN_RNND,605,0.5461672097444534,0.4017897695302963,0.1443774439394474,
0,260816,matched,MATCHED_Impulsive,Proposed_CA_CNN_RNND,606,0.4482014551758766,0.3157793805003166,0.13242207467556,
0,260816,matched,MATCHED_Impulsive,Proposed_CA_CNN_RNND,607,0.4209485948085785,0.29344259202480316,0.12750600650906563,
0,260816,matched,MATCHED_Impulsive,Proposed_CA_CNN_RNND,608,0.3396526984870434,0.2245817445218563,0.11507095210254192,
0,260816,matched,MATCHED_Impulsive,Proposed_CA_CNN_RNND,609,0.3324061632156372,0.2150629609823227,0.11734319292008877,
0,260816,matched,MATCHED_Impulsive,Proposed_CA_CNN_RNND,610,0.3832824006676674,0.25908122956752777,0.12420118041336536,
0,260816,matched,MATCHED_Impulsive,Proposed_CA_CNN_RNND,611,0.4252862483263016,0.29141535609960556,0.13387089781463146,
0,260816,matched,MATCHED_Impulsive,Proposed_CA_CNN_RNND,612,0.4255985841155052,0.29409249871969223,0.1315060891211033,
0,260816,matched,MATCHED_Impulsive,Proposed_CA_CNN_RNND,613,0.45204076170921326,0.31909071654081345,0.13295005075633526,
0,260816,matched,MATCHED_Impulsive,Proposed_CA_CNN_RNND,614,0.5366833060979843,0.38500937446951866,0.15167393162846565,
0,260816,matched,MATCHED_Impulsive,Proposed_CA_CNN_RNND,615,0.36535487323999405,0.24095814675092697,0.12439671903848648,
0,260816,matched,MATCHED_Impulsive,Proposed_CA_CNN_RNND,616,0.507732979953289,0.36201949417591095,0.14571348205208778,
0,260816,matched,MATCHED_Impulsive,Proposed_CA_CNN_RNND,617,0.5408663675189018,0.38910065963864326,0.15176571905612946,
0,260816,matched,MATCHED_Impulsive,Proposed_CA_CNN_RNND,618,0.41842472553253174,0.2879606708884239,0.13046405464410782,
0,260816,matched,MATCHED_Impulsive,Proposed_CA_CNN_RNND,619,0.3294917866587639,0.21370398625731468,0.1157878004014492,
0,260816,matched,MATCHED_Impulsive,Proposed_CA_CNN_RNND,620,0.48412711918354034,0.3468373939394951,0.13728971779346466,
0,260816,matched,MATCHED_Impulsive,Proposed_CA_CNN_RNND,621,0.47923076897859573,0.34627698361873627,0.13295377232134342,
0,260816,matched,MATCHED_Impulsive,Proposed_CA_CNN_RNND,622,0.41522104293107986,0.29002581164240837,0.1251952312886715,
0,260816,matched,MATCHED_Impulsive,Proposed_CA_CNN_RNND,623,0.42022547125816345,0.29212943091988564,0.12809604033827782,
0,260816,matched,MATCHED_Impulsive,Proposed_CA_CNN_RNND,624,0.4238733649253845,0.29399000480771065,0.12988336198031902,
0,260816,matched,MATCHED_Impulsive,Proposed_CA_CNN_RNND,625,0.494590699672699,0.353957436978817,0.1406332477927208,
0,260816,matched,MATCHED_Impulsive,Proposed_CA_CNN_RNND,626,0.5681270062923431,0.416048027575016,0.15207897871732712,
0,260816,matched,MATCHED_Impulsive,Proposed_CA_CNN_RNND,627,0.33982980996370316,0.2228228971362114,0.11700690723955631,
0,260816,matched,MATCHED_Impulsive,Proposed_CA_CNN_RNND,628,0.5351729393005371,0.38859861344099045,0.1465743314474821,
0,260816,matched,MATCHED_Impulsive,Proposed_CA_CNN_RNND,629,0.35589785128831863,0.23876142501831055,0.11713642813265324,
0,260816,matched,MATCHED_Impulsive,Proposed_CA_CNN_RNND,630,0.3768119663000107,0.2530803419649601,0.12373162247240543,
0,260816,matched,MATCHED_Impulsive,Proposed_CA_CNN_RNND,631,0.3081080988049507,0.19409238547086716,0.11401570960879326,
0,260816,matched,MATCHED_Impulsive,Proposed_CA_CNN_RNND,632,0.36553671956062317,0.24195117503404617,0.12358553893864155,
0,260816,matched,MATCHED_Impulsive,Proposed_CA_CNN_RNND,633,0.4599786251783371,0.3246292546391487,0.13534937053918839,
0,260816,matched,MATCHED_Impulsive,Proposed_CA_CNN_RNND,634,0.39347993582487106,0.2681819461286068,0.12529798783361912,
0,260816,matched,MATCHED_Impulsive,Proposed_CA_CNN_RNND,635,0.5159818977117538,0.3716041371226311,0.14437776431441307,
0,260816,matched,MATCHED_Impulsive,Proposed_CA_CNN_RNND,636,0.4443451464176178,0.3129829615354538,0.1313621886074543,
0,260816,matched,MATCHED_Impulsive,Proposed_CA_CNN_RNND,637,0.4694356992840767,0.33037783205509186,0.13905788213014603,
0,260816,matched,MATCHED_Impulsive,Proposed_CA_CNN_RNND,638,0.5628363415598869,0.4144066199660301,0.14842971414327621,
0,260816,matched,MATCHED_Impulsive,Proposed_CA_CNN_RNND,639,0.4692038297653198,0.33804843947291374,0.13115540333092213,
0,260816,matched,MATCHED_Impulsive,Proposed_CA_CNN_RNND,640,0.5538788735866547,0.4044056609272957,0.14947322756052017,
0,260816,matched,MATCHED_Impulsive,Proposed_CA_CNN_RNND,641,0.5243942886590958,0.38114097714424133,0.14325332269072533,
0,260816,matched,MATCHED_Impulsive,Proposed_CA_CNN_RNND,642,0.4280715137720108,0.2949896715581417,0.13308184780180454,
0,260816,matched,MATCHED_Impulsive,Proposed_CA_CNN_RNND,643,0.45960431545972824,0.3316453918814659,0.12795892730355263,
0,260816,matched,MATCHED_Impulsive,Proposed_CA_CNN_RNND,644,0.4675181210041046,0.32782023772597313,0.1396978683769703,
0,260816,matched,MATCHED_Impulsive,Proposed_CA_CNN_RNND,645,0.33607620745897293,0.22315634787082672,0.11291985772550106,
0,260816,matched,MATCHED_Impulsive,Proposed_CA_CNN_RNND,646,0.477925106883049,0.34197548776865005,0.1359496172517538,
0,260816,matched,MATCHED_Impulsive,Proposed_CA_CNN_RNND,647,0.4335959851741791,0.30094172805547714,0.13265426084399223,
0,260816,matched,MATCHED_Impulsive,Proposed_CA_CNN_RNND,648,0.4451940655708313,0.31354670226573944,0.13164735957980156,
0,260816,matched,MATCHED_Impulsive,Proposed_CA_CNN_RNND,649,0.5726604536175728,0.4213886708021164,0.1512717828154564,
0,260816,matched,MATCHED_Impulsive,Proposed_CA_CNN_RNND,650,0.37787552177906036,0.25876113027334213,0.11911439336836338,
0,260816,matched,MATCHED_Impulsive,Proposed_CA_CNN_RNND,651,0.4074949249625206,0.27905362099409103,0.12844131141901016,
0,260816,matched,MATCHED_Impulsive,Proposed_CA_CNN_RNND,652,0.4287950173020363,0.2980208992958069,0.13077411241829395,
0,260816,matched,MATCHED_Impulsive,Proposed_CA_CNN_RNND,653,0.4153088554739952,0.2844122238457203,0.13089663162827492,
0,260816,matched,MATCHED_Impulsive,Proposed_CA_CNN_RNND,654,0.5027087479829788,0.36247873306274414,0.14023001119494438,
0,260816,matched,MATCHED_Impulsive,Proposed_CA_CNN_RNND,655,0.41519977152347565,0.28816379979252815,0.1270359754562378,
0,260816,matched,MATCHED_Impulsive,Proposed_CA_CNN_RNND,656,0.3456907868385315,0.23083486035466194,0.11485593020915985,
0,260816,matched,MATCHED_Impulsive,Proposed_CA_CNN_RNND,657,0.3906109854578972,0.2689676769077778,0.1216433122754097,
0,260816,matched,MATCHED_Impulsive,Proposed_CA_CNN_RNND,658,0.391609750688076,0.2636536918580532,0.12795606441795826,
0,260816,matched,MATCHED_Impulsive,Proposed_CA_CNN_RNND,659,0.5373517274856567,0.3883419334888458,0.14900978654623032,
0,260816,matched,MATCHED_Impulsive,Proposed_CA_CNN_RNND,660,0.5822266265749931,0.42632509022951126,0.15590152889490128,
0,260816,matched,MATCHED_Impulsive,Proposed_CA_CNN_RNND,661,0.4005489870905876,0.2766898609697819,0.12385912239551544,
0,260816,matched,MATCHED_Impulsive,Proposed_CA_CNN_RNND,662,0.5745834186673164,0.4187019169330597,0.15588150173425674,
0,260816,matched,MATCHED_Impulsive,Proposed_CA_CNN_RNND,663,0.514289379119873,0.3714974969625473,0.14279188215732574,
0,260816,matched,MATCHED_Impulsive,Proposed_CA_CNN_RNND,664,0.47876713424921036,0.3392344005405903,0.13953273370862007,
0,260816,matched,MATCHED_Impulsive,Proposed_CA_CNN_RNND,665,0.3065282702445984,0.19484369084239006,0.11168458685278893,
0,260816,matched,MATCHED_Impulsive,Proposed_CA_CNN_RNND,666,0.5516880974173546,0.4068130999803543,0.14487499929964542,
0,260816,matched,MATCHED_Impulsive,Proposed_CA_CNN_RNND,667,0.42138752341270447,0.2906816378235817,0.13070587813854218,
0,260816,matched,MATCHED_Impulsive,Proposed_CA_CNN_RNND,668,0.3430841863155365,0.22489259764552116,0.11819159053266048,
0,260816,matched,MATCHED_Impulsive,Proposed_CA_CNN_RNND,669,0.4420904219150543,0.30952193960547447,0.13256848603487015,
0,260816,matched,MATCHED_Impulsive,Proposed_CA_CNN_RNND,670,0.4663967862725258,0.32801923155784607,0.13837756216526031,
0,260816,matched,MATCHED_Impulsive,Proposed_CA_CNN_RNND,671,0.4499339610338211,0.312834732234478,0.1370992250740528,
0,260816,matched,MATCHED_Impulsive,Proposed_CA_CNN_RNND,672,0.4266437366604805,0.2966829426586628,0.129960797727108,
0,260816,matched,MATCHED_Impulsive,Proposed_CA_CNN_RNND,673,0.2974994331598282,0.1873144768178463,0.11018495447933674,
0,260816,matched,MATCHED_Impulsive,Proposed_CA_CNN_RNND,674,0.40965016186237335,0.2795233614742756,0.13012680411338806,
0,260816,matched,MATCHED_Impulsive,Proposed_CA_CNN_RNND,675,0.496153324842453,0.35820576548576355,0.1379475686699152,
0,260816,matched,MATCHED_Impulsive,Proposed_CA_CNN_RNND,676,0.5055758208036423,0.3690122850239277,0.13656354323029518,
0,260816,matched,MATCHED_Impulsive,Proposed_CA_CNN_RNND,677,0.3060634881258011,0.19264327362179756,0.11342020519077778,
0,260816,matched,MATCHED_Impulsive,Proposed_CA_CNN_RNND,678,0.5439527779817581,0.39376113936305046,0.15019163861870766,
0,260816,matched,MATCHED_Impulsive,Proposed_CA_CNN_RNND,679,0.47807734459638596,0.34374308213591576,0.13433425687253475,
0,260816,matched,MATCHED_Impulsive,Proposed_CA_CNN_RNND,680,0.556777112185955,0.4086558371782303,0.1481212768703699,
0,260816,matched,MATCHED_Impulsive,Proposed_CA_CNN_RNND,681,0.43081503361463547,0.3038381449878216,0.12697688303887844,
0,260816,matched,MATCHED_Impulsive,Proposed_CA_CNN_RNND,682,0.39812276512384415,0.27474062517285347,0.12338213808834553,
0,260816,matched,MATCHED_Impulsive,Proposed_CA_CNN_RNND,683,0.42275889962911606,0.29013366997241974,0.13262523896992207,
0,260816,matched,MATCHED_Impulsive,Proposed_CA_CNN_RNND,684,0.46610670536756516,0.33173834532499313,0.13436835072934628,
0,260816,matched,MATCHED_Impulsive,Proposed_CA_CNN_RNND,685,0.4005853906273842,0.2720920071005821,0.12849338352680206,
0,260816,matched,MATCHED_Impulsive,Proposed_CA_CNN_RNND,686,0.4668439105153084,0.338101077824831,0.12874283269047737,
0,260816,matched,MATCHED_Impulsive,Proposed_CA_CNN_RNND,687,0.4585935100913048,0.3246762752532959,0.13391722366213799,
0,260816,matched,MATCHED_Impulsive,Proposed_CA_CNN_RNND,688,0.42502734437584877,0.29436856880784035,0.13065877556800842,
0,260816,matched,MATCHED_Impulsive,Proposed_CA_CNN_RNND,689,0.4193163104355335,0.29192953929305077,0.1273867692798376,
0,260816,matched,MATCHED_Impulsive,Proposed_CA_CNN_RNND,690,0.5563692897558212,0.4109881743788719,0.1453811191022396,
0,260816,matched,MATCHED_Impulsive,Proposed_CA_CNN_RNND,691,0.41365843266248703,0.2904117554426193,0.12324668280780315,
0,260816,matched,MATCHED_Impulsive,Proposed_CA_CNN_RNND,692,0.4099990129470825,0.2784086875617504,0.13159032352268696,
0,260816,matched,MATCHED_Impulsive,Proposed_CA_CNN_RNND,693,0.43275632709264755,0.30618690326809883,0.12656941264867783,
0,260816,matched,MATCHED_Impulsive,Proposed_CA_CNN_RNND,694,0.5126037448644638,0.37569255381822586,0.13691118732094765,
0,260816,matched,MATCHED_Impulsive,Proposed_CA_CNN_RNND,695,0.3862422853708267,0.26840727031230927,0.1178350169211626,
0,260816,matched,MATCHED_Impulsive,Proposed_CA_CNN_RNND,696,0.4943269416689873,0.3544568754732609,0.1398700550198555,
0,260816,matched,MATCHED_Impulsive,Proposed_CA_CNN_RNND,697,0.42851997911930084,0.2954385168850422,0.13308145850896835,
0,260816,matched,MATCHED_Impulsive,Proposed_CA_CNN_RNND,698,0.5031125321984291,0.3579118512570858,0.1452006697654724,
0,260816,matched,MATCHED_Impulsive,Proposed_CA_CNN_RNND,699,0.5714704319834709,0.421652115881443,0.149818304926157,
0,260816,matched,MATCHED_Impulsive,Proposed_CA_CNN_RNND,700,0.5210098624229431,0.38111016154289246,0.13989969715476036,
0,260816,matched,MATCHED_Impulsive,Proposed_CA_CNN_RNND,701,0.4211297407746315,0.2950979098677635,0.12603183276951313,
0,260816,matched,MATCHED_Impulsive,Proposed_CA_CNN_RNND,702,0.43936099112033844,0.30974269285798073,0.12961830012500286,
0,260816,matched,MATCHED_Impulsive,Proposed_CA_CNN_RNND,703,0.4179384335875511,0.2918711490929127,0.12606729194521904,
0,260816,matched,MATCHED_Impulsive,Proposed_CA_CNN_RNND,704,0.5287543013691902,0.38004811480641365,0.14870620518922806,
0,260816,matched,MATCHED_Impulsive,Proposed_CA_CNN_RNND,705,0.5474236607551575,0.4033661037683487,0.14405755698680878,
0,260816,matched,MATCHED_Impulsive,Proposed_CA_CNN_RNND,706,0.5681454688310623,0.4183213971555233,0.1498240791261196,
0,260816,matched,MATCHED_Impulsive,Proposed_CA_CNN_RNND,707,0.4642793983221054,0.33265943080186844,0.13161997310817242,
0,260816,matched,MATCHED_Impulsive,Proposed_CA_CNN_RNND,708,0.4181959331035614,0.2916940376162529,0.12650188989937305,
0,260816,matched,MATCHED_Impulsive,Proposed_CA_CNN_RNND,709,0.38814620673656464,0.26300254464149475,0.12514366023242474,
0,260816,matched,MATCHED_Impulsive,Proposed_CA_CNN_RNND,710,0.4674878865480423,0.33910543471574783,0.12838245183229446,
0,260816,matched,MATCHED_Impulsive,Proposed_CA_CNN_RNND,711,0.48019688576459885,0.34513169154524803,0.13506519421935081,
0,260816,matched,MATCHED_Impulsive,Proposed_CA_CNN_RNND,712,0.5165319442749023,0.37089703977108,0.14563490822911263,
0,260816,matched,MATCHED_Impulsive,Proposed_CA_CNN_RNND,713,0.3899887353181839,0.2678300477564335,0.12215869128704071,
0,260816,matched,MATCHED_Impulsive,Proposed_CA_CNN_RNND,714,0.418165385723114,0.29177285358309746,0.1263925265520811,
0,260816,matched,MATCHED_Impulsive,Proposed_CA_CNN_RNND,715,0.3796037510037422,0.25465526804327965,0.12494848296046257,
0,260816,matched,MATCHED_Impulsive,Proposed_CA_CNN_RNND,716,0.42904286086559296,0.30110861733555794,0.12793424353003502,
0,260816,matched,MATCHED_Impulsive,Proposed_CA_CNN_RNND,717,0.3736664950847626,0.2528475634753704,0.12081891857087612,
0,260816,matched,MATCHED_Impulsive,Proposed_CA_CNN_RNND,718,0.4596839025616646,0.32295437157154083,0.1367295403033495,
0,260816,matched,MATCHED_Impulsive,Proposed_CA_CNN_RNND,719,0.372919462621212,0.24898070096969604,0.12393875233829021,
0,260816,matched,MATCHED_Impulsive,Proposed_CA_CNN_RNND,720,0.5037224888801575,0.3634135499596596,0.140308927744627,
0,260816,matched,MATCHED_Impulsive,Proposed_CA_CNN_RNND,721,0.47866175323724747,0.34203364700078964,0.13662811741232872,
0,260816,matched,MATCHED_Impulsive,Proposed_CA_CNN_RNND,722,0.5197269096970558,0.37431617826223373,0.14541073888540268,
0,260816,matched,MATCHED_Impulsive,Proposed_CA_CNN_RNND,723,0.3609415516257286,0.2445869818329811,0.1163545772433281,
0,260816,matched,MATCHED_Impulsive,Proposed_CA_CNN_RNND,724,0.5217717587947845,0.37491410970687866,0.1468576416373253,
0,260816,matched,MATCHED_Impulsive,Proposed_CA_CNN_RNND,725,0.39156682789325714,0.26918671280145645,0.12238011695444584,
0,260816,matched,MATCHED_Impulsive,Proposed_CA_CNN_RNND,726,0.5517886504530907,0.40592072159051895,0.14586791582405567,
0,260816,matched,MATCHED_Impulsive,Proposed_CA_CNN_RNND,727,0.4258645176887512,0.29388169199228287,0.13198282942175865,
0,260816,matched,MATCHED_Impulsive,Proposed_CA_CNN_RNND,728,0.572695255279541,0.4221349209547043,0.15056034177541733,
0,260816,matched,MATCHED_Impulsive,Proposed_CA_CNN_RNND,729,0.3854091912508011,0.2624942883849144,0.12291491217911243,
0,260816,matched,MATCHED_Impulsive,Proposed_CA_CNN_RNND,730,0.3755928575992584,0.255493950098753,0.1200989093631506,
0,260816,matched,MATCHED_Impulsive,Proposed_CA_CNN_RNND,731,0.4416745752096176,0.31303250789642334,0.12864205986261368,
0,260816,matched,MATCHED_Impulsive,Proposed_CA_CNN_RNND,732,0.47589460760354996,0.34305452555418015,0.1328400820493698,
0,260816,matched,MATCHED_Impulsive,Proposed_CA_CNN_RNND,733,0.5104857459664345,0.3726275563240051,0.13785819709300995,
0,260816,matched,MATCHED_Impulsive,Proposed_CA_CNN_RNND,734,0.49396758154034615,0.35973818972706795,0.1342294029891491,
0,260816,matched,MATCHED_Impulsive,Proposed_CA_CNN_RNND,735,0.5217646062374115,0.379116777330637,0.14264783263206482,
0,260816,matched,MATCHED_Impulsive,Proposed_CA_CNN_RNND,736,0.6047066003084183,0.44261451810598373,0.16209208220243454,
0,260816,matched,MATCHED_Impulsive,Proposed_CA_CNN_RNND,737,0.4678730070590973,0.32985105738043785,0.13802193850278854,
0,260816,matched,MATCHED_Impulsive,Proposed_CA_CNN_RNND,738,0.5094602629542351,0.37192557752132416,0.13753468170762062,
0,260816,matched,MATCHED_Impulsive,Proposed_CA_CNN_RNND,739,0.43577437847852707,0.30189450085163116,0.1338798627257347,
0,260816,matched,MATCHED_Impulsive,Proposed_CA_CNN_RNND,740,0.5103123635053635,0.359671913087368,0.15064045414328575,
0,260816,matched,MATCHED_Impulsive,Proposed_CA_CNN_RNND,741,0.3606298193335533,0.24025341123342514,0.12037640996277332,
0,260816,matched,MATCHED_Impulsive,Proposed_CA_CNN_RNND,742,0.5342069268226624,0.3894011974334717,0.14480572566390038,
0,260816,matched,MATCHED_Impulsive,Proposed_CA_CNN_RNND,743,0.5817097723484039,0.42909805476665497,0.15261172503232956,
0,260816,matched,MATCHED_Impulsive,Proposed_CA_CNN_RNND,744,0.5782306343317032,0.42463894933462143,0.15359167754650116,
0,260816,matched,MATCHED_Impulsive,Proposed_CA_CNN_RNND,745,0.40635334700345993,0.2786903567612171,0.12766299210488796,
0,260816,matched,MATCHED_Impulsive,Proposed_CA_CNN_RNND,746,0.5153997540473938,0.3684832416474819,0.14691650681197643,
0,260816,matched,MATCHED_Impulsive,Proposed_CA_CNN_RNND,747,0.4043252617120743,0.2736767902970314,0.13064846396446228,
0,260816,matched,MATCHED_Impulsive,Proposed_CA_CNN_RNND,748,0.35859986394643784,0.23899400234222412,0.11960585229098797,
0,260816,matched,MATCHED_Impulsive,Proposed_CA_CNN_RNND,749,0.6714398562908173,0.5021698176860809,0.16927003487944603,
0,260816,matched,MATCHED_Impulsive,Proposed_CA_CNN_RNND,750,0.4463326036930084,0.3085358813405037,0.13779673166573048,
0,260816,matched,MATCHED_Impulsive,Proposed_CA_CNN_RNND,751,0.5798345431685448,0.43190158903598785,0.14793294854462147,
0,260816,matched,MATCHED_Impulsive,Proposed_CA_CNN_RNND,752,0.46574658155441284,0.3280324451625347,0.13771412707865238,
0,260816,matched,MATCHED_Impulsive,Proposed_CA_CNN_RNND,753,0.34593622386455536,0.22849900647997856,0.11743721924722195,
0,260816,matched,MATCHED_Impulsive,Proposed_CA_CNN_RNND,754,0.3763342574238777,0.25753211230039597,0.11880214139819145,
0,260816,matched,MATCHED_Impulsive,Proposed_CA_CNN_RNND,755,0.5543449744582176,0.40760917589068413,0.14673579670488834,
0,260816,matched,MATCHED_Impulsive,Proposed_CA_CNN_RNND,756,0.5454744696617126,0.39925092458724976,0.1462235487997532,
0,260816,matched,MATCHED_Impulsive,Proposed_CA_CNN_RNND,757,0.5995334982872009,0.44685592502355576,0.15267756208777428,
0,260816,matched,MATCHED_Impulsive,Proposed_CA_CNN_RNND,758,0.4417847469449043,0.30718323960900307,0.13460150361061096,
0,260816,matched,MATCHED_Impulsive,Proposed_CA_CNN_RNND,759,0.478286549448967,0.34392697364091873,0.1343595813959837,
0,260816,matched,MATCHED_Impulsive,Proposed_CA_CNN_RNND,760,0.39284558594226837,0.2724747359752655,0.12037084624171257,
0,260816,matched,MATCHED_Impulsive,Proposed_CA_CNN_RNND,761,0.37419188022613525,0.25323519483208656,0.12095669656991959,
0,260816,matched,MATCHED_Impulsive,Proposed_CA_CNN_RNND,762,0.4736594930291176,0.3349330574274063,0.13872643932700157,
0,260816,matched,MATCHED_Impulsive,Proposed_CA_CNN_RNND,763,0.47735384479165077,0.3386789411306381,0.13867489621043205,
0,260816,matched,MATCHED_Impulsive,Proposed_CA_CNN_RNND,764,0.39510873705148697,0.267623133957386,0.12748560681939125,
0,260816,matched,MATCHED_Impulsive,Proposed_CA_CNN_RNND,765,0.46058451384305954,0.319975808262825,0.14060871303081512,
0,260816,matched,MATCHED_Impulsive,Proposed_CA_CNN_RNND,766,0.41822073236107826,0.2906513176858425,0.12756941840052605,
0,260816,matched,MATCHED_Impulsive,Proposed_CA_CNN_RNND,767,0.43517841398715973,0.3096190467476845,0.12555935606360435,
0,260816,matched,MATCHED_Impulsive,Proposed_CA_CNN_RNND,768,0.48957017809152603,0.34994956105947495,0.13962061889469624,
0,260816,matched,MATCHED_Impulsive,Proposed_CA_CNN_RNND,769,0.3948439061641693,0.2691214941442013,0.12572241201996803,
0,260816,matched,MATCHED_Impulsive,Proposed_CA_CNN_RNND,770,0.4267355352640152,0.29686033725738525,0.12987519800662994,
0,260816,matched,MATCHED_Impulsive,Proposed_CA_CNN_RNND,771,0.41502534598112106,0.2869013287127018,0.12812401540577412,
0,260816,matched,MATCHED_Impulsive,Proposed_CA_CNN_RNND,772,0.3569940775632858,0.23414596915245056,0.12284810841083527,
0,260816,matched,MATCHED_Impulsive,Proposed_CA_CNN_RNND,773,0.5475028157234192,0.3920511491596699,0.15545165352523327,
0,260816,matched,MATCHED_Impulsive,Proposed_CA_CNN_RNND,774,0.5077018216252327,0.36988893151283264,0.13781289011240005,
0,260816,matched,MATCHED_Impulsive,Proposed_CA_CNN_RNND,775,0.49865012615919113,0.3569939583539963,0.14165616780519485,
0,260816,matched,MATCHED_Impulsive,Proposed_CA_CNN_RNND,776,0.3956230729818344,0.2728341817855835,0.12278889119625092,
0,260816,matched,MATCHED_Impulsive,Proposed_CA_CNN_RNND,777,0.4230819344520569,0.29791209846735,0.12516983598470688,
0,260816,matched,MATCHED_Impulsive,Proposed_CA_CNN_RNND,778,0.4758845642209053,0.3448360413312912,0.1310485303401947,
0,260816,matched,MATCHED_Impulsive,Proposed_CA_CNN_RNND,779,0.5385518074035645,0.3927260935306549,0.14582570642232895,
0,260816,matched,MATCHED_Impulsive,Proposed_CA_CNN_RNND,780,0.5302743762731552,0.3787436746060848,0.1515307053923607,
0,260816,matched,MATCHED_Impulsive,Proposed_CA_CNN_RNND,781,0.4832690358161926,0.34152640774846077,0.14174263551831245,
0,260816,matched,MATCHED_Impulsive,Proposed_CA_CNN_RNND,782,0.4845323860645294,0.3362535126507282,0.14827887155115604,
0,260816,matched,MATCHED_Impulsive,Proposed_CA_CNN_RNND,783,0.47967301309108734,0.3443036898970604,0.13536933064460754,
0,260816,matched,MATCHED_Impulsive,Proposed_CA_CNN_RNND,784,0.44573649764060974,0.3191537484526634,0.12658274546265602,
0,260816,matched,MATCHED_Impulsive,Proposed_CA_CNN_RNND,785,0.46576374769210815,0.3320605233311653,0.1337032187730074,
0,260816,matched,MATCHED_Impulsive,Proposed_CA_CNN_RNND,786,0.4482948035001755,0.3202514350414276,0.12804336473345757,
0,260816,matched,MATCHED_Impulsive,Proposed_CA_CNN_RNND,787,0.5521695762872696,0.4051644876599312,0.1470050923526287,
0,260816,matched,MATCHED_Impulsive,Proposed_CA_CNN_RNND,788,0.4332786053419113,0.2944365106523037,0.13884210027754307,
0,260816,matched,MATCHED_Impulsive,Proposed_CA_CNN_RNND,789,0.47412706911563873,0.3324105590581894,0.14171650260686874,
0,260816,matched,MATCHED_Impulsive,Proposed_CA_CNN_RNND,790,0.34651003032922745,0.2291436865925789,0.11736634932458401,
0,260816,matched,MATCHED_Impulsive,Proposed_CA_CNN_RNND,791,0.37970757484436035,0.25516005977988243,0.12454752437770367,
0,260816,matched,MATCHED_Impulsive,Proposed_CA_CNN_RNND,792,0.3486156314611435,0.226810522377491,0.1218051128089428,
0,260816,matched,MATCHED_Impulsive,Proposed_CA_CNN_RNND,793,0.47630783915519714,0.3434300646185875,0.13287776708602905,
0,260816,matched,MATCHED_Impulsive,Proposed_CA_CNN_RNND,794,0.5780601426959038,0.42505327612161636,0.153006874024868,
0,260816,matched,MATCHED_Impulsive,Proposed_CA_CNN_RNND,795,0.30133092403411865,0.19021441414952278,0.11111651919782162,
0,260816,matched,MATCHED_Impulsive,Proposed_CA_CNN_RNND,796,0.38214512169361115,0.2612880691885948,0.12085704691708088,
0,260816,matched,MATCHED_Impulsive,Proposed_CA_CNN_RNND,797,0.43740706145763397,0.30737098678946495,0.13003607094287872,
0,260816,matched,MATCHED_Impulsive,Proposed_CA_CNN_RNND,798,0.4214126691222191,0.2951309457421303,0.1262817271053791,
0,260816,matched,MATCHED_Impulsive,Proposed_CA_CNN_RNND,799,0.3281877562403679,0.21505730599164963,0.11313044838607311,
0,260816,matched,MATCHED_Impulsive,Proposed_CA_CNN_RNND,800,0.5321148931980133,0.38843872398138046,0.14367615804076195,-0.621060493359483
0,260816,matched,MATCHED_Impulsive,Proposed_CA_CNN_RNND,801,0.3750716298818588,0.2531955689191818,0.1218760572373867,
0,260816,matched,MATCHED_Impulsive,Proposed_CA_CNN_RNND,802,0.35216327756643295,0.23469378054141998,0.11746951006352901,
0,260816,matched,MATCHED_Impulsive,Proposed_CA_CNN_RNND,803,0.39261162281036377,0.2655339911580086,0.1270776279270649,
0,260816,matched,MATCHED_Impulsive,Proposed_CA_CNN_RNND,804,0.44753629714250565,0.31843914091587067,0.12909715622663498,
0,260816,matched,MATCHED_Impulsive,Proposed_CA_CNN_RNND,805,0.3870745226740837,0.25763867050409317,0.1294358465820551,
0,260816,matched,MATCHED_Impulsive,Proposed_CA_CNN_RNND,806,0.418771356344223,0.2919749580323696,0.12679639644920826,
0,260816,matched,MATCHED_Impulsive,Proposed_CA_CNN_RNND,807,0.43755950778722763,0.30560337007045746,0.13195614330470562,
0,260816,matched,MATCHED_Impulsive,Proposed_CA_CNN_RNND,808,0.5819508656859398,0.4277622327208519,0.15418864414095879,
0,260816,matched,MATCHED_Impulsive,Proposed_CA_CNN_RNND,809,0.3647792264819145,0.24424920603632927,0.12053001299500465,
0,260816,matched,MATCHED_Impulsive,Proposed_CA_CNN_RNND,810,0.4935629814863205,0.3638647608458996,0.12969821691513062,
0,260816,matched,MATCHED_Impulsive,Proposed_CA_CNN_RNND,811,0.4306918755173683,0.30662550777196884,0.12406636402010918,
0,260816,matched,MATCHED_Impulsive,Proposed_CA_CNN_RNND,812,0.3909090608358383,0.2687147334218025,0.12219432555139065,
0,260816,matched,MATCHED_Impulsive,Proposed_CA_CNN_RNND,813,0.3878995329141617,0.26383452117443085,0.12406501546502113,
0,260816,matched,MATCHED_Impulsive,Proposed_CA_CNN_RNND,814,0.5399470254778862,0.39216310158371925,0.14778392389416695,
0,260816,matched,MATCHED_Impulsive,Proposed_CA_CNN_RNND,815,0.43769873678684235,0.30414576083421707,0.13355298526585102,
0,260816,matched,MATCHED_Impulsive,Proposed_CA_CNN_RNND,816,0.45548492670059204,0.3206562325358391,0.13482869416475296,
0,260816,matched,MATCHED_Impulsive,Proposed_CA_CNN_RNND,817,0.4986550435423851,0.3617601990699768,0.1368948370218277,
0,260816,matched,MATCHED_Impulsive,Proposed_CA_CNN_RNND,818,0.4331458732485771,0.30079685896635056,0.13234900869429111,
0,260816,matched,MATCHED_Impulsive,Proposed_CA_CNN_RNND,819,0.4953519105911255,0.35799475759267807,0.13735714927315712,
0,260816,matched,MATCHED_Impulsive,Proposed_CA_CNN_RNND,820,0.4125443920493126,0.2845994532108307,0.12794493325054646,
0,260816,matched,MATCHED_Impulsive,Proposed_CA_CNN_RNND,821,0.40654919296503067,0.28153344988822937,0.1250157356262207,
0,260816,matched,MATCHED_Impulsive,Proposed_CA_CNN_RNND,822,0.4179607257246971,0.28692593052983284,0.13103479146957397,
0,260816,matched,MATCHED_Impulsive,Proposed_CA_CNN_RNND,823,0.4910610392689705,0.34397973865270615,0.14708129689097404,
0,260816,matched,MATCHED_Impulsive,Proposed_CA_CNN_RNND,824,0.4414777234196663,0.310742549598217,0.13073517754673958,
0,260816,matched,MATCHED_Impulsive,Proposed_CA_CNN_RNND,825,0.3708118423819542,0.24818383902311325,0.12262801639735699,
0,260816,matched,MATCHED_Impulsive,Proposed_CA_CNN_RNND,826,0.4577556885778904,0.32009000703692436,0.13766568712890148,
0,260816,matched,MATCHED_Impulsive,Proposed_CA_CNN_RNND,827,0.4155457764863968,0.2896134592592716,0.12593230791389942,
0,260816,matched,MATCHED_Impulsive,Proposed_CA_CNN_RNND,828,0.4546751603484154,0.32380255684256554,0.1308726016432047,
0,260816,matched,MATCHED_Impulsive,Proposed_CA_CNN_RNND,829,0.5810224264860153,0.4286235645413399,0.15239885076880455,
0,260816,matched,MATCHED_Impulsive,Proposed_CA_CNN_RNND,830,0.3907460570335388,0.2684628739953041,0.12228318490087986,
0,260816,matched,MATCHED_Impulsive,Proposed_CA_CNN_RNND,831,0.40308015793561935,0.27929503098130226,0.12378513813018799,
0,260816,matched,MATCHED_Impulsive,Proposed_CA_CNN_RNND,832,0.33288584649562836,0.21597899869084358,0.11690684966742992,
0,260816,matched,MATCHED_Impulsive,Proposed_CA_CNN_RNND,833,0.4830498844385147,0.34268349036574364,0.14036639779806137,
0,260816,matched,MATCHED_Impulsive,Proposed_CA_CNN_RNND,834,0.3662429451942444,0.2439783364534378,0.12226460501551628,
0,260816,matched,MATCHED_Impulsive,Proposed_CA_CNN_RNND,835,0.4559697359800339,0.32427749782800674,0.13169223815202713,
0,260816,matched,MATCHED_Impulsive,Proposed_CA_CNN_RNND,836,0.36198295652866364,0.2417774237692356,0.12020553648471832,
0,260816,matched,MATCHED_Impulsive,Proposed_CA_CNN_RNND,837,0.53412014991045,0.3959929272532463,0.13812722079455853,
0,260816,matched,MATCHED_Impulsive,Proposed_CA_CNN_RNND,838,0.35355065762996674,0.23217301070690155,0.12137765064835548,
0,260816,matched,MATCHED_Impulsive,Proposed_CA_CNN_RNND,839,0.47838929295539856,0.34047630801796913,0.13791297934949398,
0,260816,matched,MATCHED_Impulsive,Proposed_CA_CNN_RNND,840,0.45568034052848816,0.31835324317216873,0.13732709176838398,
0,260816,matched,MATCHED_Impulsive,Proposed_CA_CNN_RNND,841,0.49385178089141846,0.35192326456308365,0.1419285200536251,
0,260816,matched,MATCHED_Impulsive,Proposed_CA_CNN_RNND,842,0.39787766337394714,0.27351004630327225,0.1243676245212555,
0,260816,matched,MATCHED_Impulsive,Proposed_CA_CNN_RNND,843,0.4861389845609665,0.3494196832180023,0.13671930879354477,
0,260816,matched,MATCHED_Impulsive,Proposed_CA_CNN_RNND,844,0.45214634388685226,0.32100236415863037,0.13114397414028645,
0,260816,matched,MATCHED_Impulsive,Proposed_CA_CNN_RNND,845,0.4434629827737808,0.3121199421584606,0.13134304992854595,
0,260816,matched,MATCHED_Impulsive,Proposed_CA_CNN_RNND,846,0.42704709619283676,0.2997749038040638,0.12727219052612782,
0,260816,matched,MATCHED_Impulsive,Proposed_CA_CNN_RNND,847,0.5452698692679405,0.400090254843235,0.1451796069741249,
0,260816,matched,MATCHED_Impulsive,Proposed_CA_CNN_RNND,848,0.5145251974463463,0.3642145171761513,0.1503106690943241,
0,260816,matched,MATCHED_Impulsive,Proposed_CA_CNN_RNND,849,0.4511163905262947,0.32359953224658966,0.1275168675929308,
0,260816,matched,MATCHED_Impulsive,Proposed_CA_CNN_RNND,850,0.4077989012002945,0.2837226539850235,0.12407623417675495,
0,260816,matched,MATCHED_Impulsive,Proposed_CA_CNN_RNND,851,0.3525802940130234,0.23281143233180046,0.11976885795593262,
0,260816,matched,MATCHED_Impulsive,Proposed_CA_CNN_RNND,852,0.3631744310259819,0.24369368702173233,0.11948074772953987,
0,260816,matched,MATCHED_Impulsive,Proposed_CA_CNN_RNND,853,0.376266747713089,0.259458564221859,0.11680817976593971,
0,260816,matched,MATCHED_Impulsive,Proposed_CA_CNN_RNND,854,0.6274093613028526,0.46652548015117645,0.16088388860225677,
0,260816,matched,MATCHED_Impulsive,Proposed_CA_CNN_RNND,855,0.3914932981133461,0.26930703967809677,0.12218625657260418,
0,260816,matched,MATCHED_Impulsive,Proposed_CA_CNN_RNND,856,0.42135368287563324,0.2964096777141094,0.12494399584829807,
0,260816,matched,MATCHED_Impulsive,Proposed_CA_CNN_RNND,857,0.39698848128318787,0.27648135274648666,0.12050712294876575,
0,260816,matched,MATCHED_Impulsive,Proposed_CA_CNN_RNND,858,0.46515287458896637,0.3287154883146286,0.13643738254904747,
0,260816,matched,MATCHED_Impulsive,Proposed_CA_CNN_RNND,859,0.34914905577898026,0.2293527014553547,0.11979634314775467,
0,260816,matched,MATCHED_Impulsive,Proposed_CA_CNN_RNND,860,0.3861180618405342,0.2584175541996956,0.12770050764083862,
0,260816,matched,MATCHED_Impulsive,Proposed_CA_CNN_RNND,861,0.43560243397951126,0.30115237832069397,0.13445005752146244,
0,260816,matched,MATCHED_Impulsive,Proposed_CA_CNN_RNND,862,0.3262239918112755,0.211250439286232,0.11497355252504349,
0,260816,matched,MATCHED_Impulsive,Proposed_CA_CNN_RNND,863,0.4160544276237488,0.2902820259332657,0.12577239982783794,
0,260816,matched,MATCHED_Impulsive,Proposed_CA_CNN_RNND,864,0.47449133545160294,0.33537498489022255,0.13911636173725128,
0,260816,matched,MATCHED_Impulsive,Proposed_CA_CNN_RNND,865,0.45205168426036835,0.31568868085741997,0.13636300712823868,
0,260816,matched,MATCHED_Impulsive,Proposed_CA_CNN_RNND,866,0.47134002298116684,0.33482675999403,0.1365132573992014,
0,260816,matched,MATCHED_Impulsive,Proposed_CA_CNN_RNND,867,0.4512150213122368,0.3213207274675369,0.12989429011940956,
0,260816,matched,MATCHED_Impulsive,Proposed_CA_CNN_RNND,868,0.3782336339354515,0.2569801062345505,0.12125352211296558,
0,260816,matched,MATCHED_Impulsive,Proposed_CA_CNN_RNND,869,0.4683567062020302,0.3352000042796135,0.13315672241151333,
0,260816,matched,MATCHED_Impulsive,Proposed_CA_CNN_RNND,870,0.43620066344738007,0.30226507410407066,0.13393559120595455,
0,260816,matched,MATCHED_Impulsive,Proposed_CA_CNN_RNND,871,0.45058856159448624,0.3177252486348152,0.13286330923438072,
0,260816,matched,MATCHED_Impulsive,Proposed_CA_CNN_RNND,872,0.39098048210144043,0.26792385056614876,0.12305663712322712,
0,260816,matched,MATCHED_Impulsive,Proposed_CA_CNN_RNND,873,0.36086247116327286,0.2395423874258995,0.12132008373737335,
0,260816,matched,MATCHED_Impulsive,Proposed_CA_CNN_RNND,874,0.47964880615472794,0.34479472041130066,0.13485407456755638,
0,260816,matched,MATCHED_Impulsive,Proposed_CA_CNN_RNND,875,0.5094343349337578,0.3654589280486107,0.1439754143357277,
0,260816,matched,MATCHED_Impulsive,Proposed_CA_CNN_RNND,876,0.4357013404369354,0.3071691431105137,0.128532188013196,
0,260816,matched,MATCHED_Impulsive,Proposed_CA_CNN_RNND,877,0.3740862235426903,0.25352200120687485,0.12056421861052513,
0,260816,matched,MATCHED_Impulsive,Proposed_CA_CNN_RNND,878,0.40776871144771576,0.28053145483136177,0.12723726965487003,
0,260816,matched,MATCHED_Impulsive,Proposed_CA_CNN_RNND,879,0.42575957626104355,0.3022100143134594,0.12354956194758415,
0,260816,matched,MATCHED_Impulsive,Proposed_CA_CNN_RNND,880,0.4554619640111923,0.32684629410505295,0.12861567735671997,
0,260816,matched,MATCHED_Impulsive,Proposed_CA_CNN_RNND,881,0.45501698553562164,0.32288680598139763,0.13213017396628857,
0,260816,matched,MATCHED_Impulsive,Proposed_CA_CNN_RNND,882,0.48550746589899063,0.3514932319521904,0.13401425071060658,
0,260816,matched,MATCHED_Impulsive,Proposed_CA_CNN_RNND,883,0.3796125054359436,0.2580937221646309,0.12151878140866756,
0,260816,matched,MATCHED_Impulsive,Proposed_CA_CNN_RNND,884,0.3867567181587219,0.2654189355671406,0.12133779004216194,
0,260816,matched,MATCHED_Impulsive,Proposed_CA_CNN_RNND,885,0.47284118831157684,0.34142646566033363,0.1314147263765335,
0,260816,matched,MATCHED_Impulsive,Proposed_CA_CNN_RNND,886,0.3944537714123726,0.27165238559246063,0.12280137836933136,
0,260816,matched,MATCHED_Impulsive,Proposed_CA_CNN_RNND,887,0.4777507036924362,0.34278522431850433,0.13496548309922218,
0,260816,matched,MATCHED_Impulsive,Proposed_CA_CNN_RNND,888,0.44134218990802765,0.3066198118031025,0.1347223874181509,
0,260816,matched,MATCHED_Impulsive,Proposed_CA_CNN_RNND,889,0.41883840411901474,0.28948473930358887,0.12935365550220013,
0,260816,matched,MATCHED_Impulsive,Proposed_CA_CNN_RNND,890,0.484121210873127,0.348964586853981,0.13515664264559746,
0,260816,matched,MATCHED_Impulsive,Proposed_CA_CNN_RNND,891,0.590733602643013,0.4375759959220886,0.15315760485827923,
0,260816,matched,MATCHED_Impulsive,Proposed_CA_CNN_RNND,892,0.583335667848587,0.42660078406333923,0.15673488192260265,
0,260816,matched,MATCHED_Impulsive,Proposed_CA_CNN_RNND,893,0.38259850442409515,0.26070521026849747,0.12189329974353313,
0,260816,matched,MATCHED_Impulsive,Proposed_CA_CNN_RNND,894,0.4184805154800415,0.2854563258588314,0.1330241784453392,
0,260816,matched,MATCHED_Impulsive,Proposed_CA_CNN_RNND,895,0.46264007687568665,0.3332577235996723,0.12938235700130463,
0,260816,matched,MATCHED_Impulsive,Proposed_CA_CNN_RNND,896,0.4709911122918129,0.3287687636911869,0.14222235418856144,
0,260816,matched,MATCHED_Impulsive,Proposed_CA_CNN_RNND,897,0.630683571100235,0.47060327231884,0.16008030623197556,
0,260816,matched,MATCHED_Impulsive,Proposed_CA_CNN_RNND,898,0.4943317174911499,0.35588139668107033,0.13845032453536987,
0,260816,matched,MATCHED_Impulsive,Proposed_CA_CNN_RNND,899,0.5341612249612808,0.38602452352643013,0.1481367163360119,
0,260816,matched,MATCHED_Impulsive,Proposed_CA_CNN_RNND,900,0.4354373589158058,0.30523818358778954,0.13019918091595173,
0,260816,matched,MATCHED_Impulsive,Proposed_CA_CNN_RNND,901,0.5551113560795784,0.40732672065496445,0.14778464660048485,
0,260816,matched,MATCHED_Impulsive,Proposed_CA_CNN_RNND,902,0.5485830157995224,0.40062166005373,0.1479613594710827,
0,260816,matched,MATCHED_Impulsive,Proposed_CA_CNN_RNND,903,0.4093595892190933,0.2826558016240597,0.1267037857323885,
0,260816,matched,MATCHED_Impulsive,Proposed_CA_CNN_RNND,904,0.43891970813274384,0.3034953996539116,0.1354243103414774,
0,260816,matched,MATCHED_Impulsive,Proposed_CA_CNN_RNND,905,0.43673159182071686,0.30330246686935425,0.13342912308871746,
0,260816,matched,MATCHED_Impulsive,Proposed_CA_CNN_RNND,906,0.5116879642009735,0.3728819489479065,0.1388060227036476,
0,260816,matched,MATCHED_Impulsive,Proposed_CA_CNN_RNND,907,0.5955421626567841,0.43663137406110764,0.15891078114509583,
0,260816,matched,MATCHED_Impulsive,Proposed_CA_CNN_RNND,908,0.3864970877766609,0.2621571123600006,0.12433997727930546,
0,260816,matched,MATCHED_Impulsive,Proposed_CA_CNN_RNND,909,0.3993925303220749,0.2764991484582424,0.12289337068796158,
0,260816,matched,MATCHED_Impulsive,Proposed_CA_CNN_RNND,910,0.574433334171772,0.4246138855814934,0.14981944486498833,
0,260816,matched,MATCHED_Impulsive,Proposed_CA_CNN_RNND,911,0.42295394092798233,0.2950180396437645,0.12793589383363724,
0,260816,matched,MATCHED_Impulsive,Proposed_CA_CNN_RNND,912,0.35292234271764755,0.23738066107034683,0.11554167605936527,
0,260816,matched,MATCHED_Impulsive,Proposed_CA_CNN_RNND,913,0.339103102684021,0.22416818514466286,0.11493491940200329,
0,260816,matched,MATCHED_Impulsive,Proposed_CA_CNN_RNND,914,0.567579597234726,0.4158186689019203,0.15176092088222504,
0,260816,matched,MATCHED_Impulsive,Proposed_CA_CNN_RNND,915,0.5676858723163605,0.4253232181072235,0.1423626560717821,
0,260816,matched,MATCHED_Impulsive,Proposed_CA_CNN_RNND,916,0.3579428046941757,0.23464905843138695,0.12329374067485332,
0,260816,matched,MATCHED_Impulsive,Proposed_CA_CNN_RNND,917,0.603500135242939,0.4432779774069786,0.1602221503853798,
0,260816,matched,MATCHED_Impulsive,Proposed_CA_CNN_RNND,918,0.4813110828399658,0.341853603720665,0.13945748284459114,
0,260816,matched,MATCHED_Impulsive,Proposed_CA_CNN_RNND,919,0.4913647100329399,0.35078126937150955,0.14058343321084976,
0,260816,matched,MATCHED_Impulsive,Proposed_CA_CNN_RNND,920,0.4762507900595665,0.34086938202381134,0.13538140803575516,
0,260816,matched,MATCHED_Impulsive,Proposed_CA_CNN_RNND,921,0.3551606647670269,0.23465521261096,0.1205054521560669,
0,260816,matched,MATCHED_Impulsive,Proposed_CA_CNN_RNND,922,0.37353430688381195,0.25622012466192245,0.11731418967247009,
0,260816,matched,MATCHED_Impulsive,Proposed_CA_CNN_RNND,923,0.4721202030777931,0.3342259079217911,0.13789428025484085,
0,260816,matched,MATCHED_Impulsive,Proposed_CA_CNN_RNND,924,0.5490548685193062,0.4005724862217903,0.14848237670958042,
0,260816,matched,MATCHED_Impulsive,Proposed_CA_CNN_RNND,925,0.49381203949451447,0.3483830578625202,0.14542896673083305,
0,260816,matched,MATCHED_Impulsive,Proposed_CA_CNN_RNND,926,0.4448945224285126,0.3169478550553322,0.1279466636478901,
0,260816,matched,MATCHED_Impulsive,Proposed_CA_CNN_RNND,927,0.506342388689518,0.35932236164808273,0.14702001586556435,
0,260816,matched,MATCHED_Impulsive,Proposed_CA_CNN_RNND,928,0.5257196947932243,0.3844080753624439,0.141311626881361,
0,260816,matched,MATCHED_Impulsive,Proposed_CA_CNN_RNND,929,0.4225988909602165,0.2961571514606476,0.12644173577427864,
0,260816,matched,MATCHED_Impulsive,Proposed_CA_CNN_RNND,930,0.48024114966392517,0.34410084784030914,0.13614030368626118,
0,260816,matched,MATCHED_Impulsive,Proposed_CA_CNN_RNND,931,0.48116347193717957,0.34371495619416237,0.1374485194683075,
0,260816,matched,MATCHED_Impulsive,Proposed_CA_CNN_RNND,932,0.4997078776359558,0.3607444725930691,0.13896340876817703,
0,260816,matched,MATCHED_Impulsive,Proposed_CA_CNN_RNND,933,0.42100030928850174,0.296550989151001,0.12444932013750076,
0,260816,matched,MATCHED_Impulsive,Proposed_CA_CNN_RNND,934,0.40750695019960403,0.2769349478185177,0.1305719967931509,
0,260816,matched,MATCHED_Impulsive,Proposed_CA_CNN_RNND,935,0.4364234656095505,0.3023994565010071,0.13402400352060795,
0,260816,matched,MATCHED_Impulsive,Proposed_CA_CNN_RNND,936,0.542768582701683,0.39339274168014526,0.14937584847211838,
0,260816,matched,MATCHED_Impulsive,Proposed_CA_CNN_RNND,937,0.42929769679903984,0.3051808625459671,0.12411683425307274,
0,260816,matched,MATCHED_Impulsive,Proposed_CA_CNN_RNND,938,0.30915410444140434,0.1998794749379158,0.10927462764084339,
0,260816,matched,MATCHED_Impulsive,Proposed_CA_CNN_RNND,939,0.4981906861066818,0.36665864288806915,0.13153203390538692,
0,260816,matched,MATCHED_Impulsive,Proposed_CA_CNN_RNND,940,0.4572269394993782,0.3216962218284607,0.1355307251214981,
0,260816,matched,MATCHED_Impulsive,Proposed_CA_CNN_RNND,941,0.4725515991449356,0.3361196964979172,0.13643190264701843,
0,260816,matched,MATCHED_Impulsive,Proposed_CA_CNN_RNND,942,0.4190232902765274,0.2914753332734108,0.12754795514047146,
0,260816,matched,MATCHED_Impulsive,Proposed_CA_CNN_RNND,943,0.39638959243893623,0.2671981379389763,0.12919145077466965,
0,260816,matched,MATCHED_Impulsive,Proposed_CA_CNN_RNND,944,0.4779251515865326,0.3434080146253109,0.134517140686512,
0,260816,matched,MATCHED_Impulsive,Proposed_CA_CNN_RNND,945,0.41118263080716133,0.28615739196538925,0.12502523139119148,
0,260816,matched,MATCHED_Impulsive,Proposed_CA_CNN_RNND,946,0.41410767287015915,0.29032324254512787,0.12378442659974098,
0,260816,matched,MATCHED_Impulsive,Proposed_CA_CNN_RNND,947,0.3955138996243477,0.266418632119894,0.12909526377916336,
0,260816,matched,MATCHED_Impulsive,Proposed_CA_CNN_RNND,948,0.3723476976156235,0.2502077855169773,0.12213991023600101,
0,260816,matched,MATCHED_Impulsive,Proposed_CA_CNN_RNND,949,0.3910661041736603,0.2665475197136402,0.12451859004795551,
0,260816,matched,MATCHED_Impulsive,Proposed_CA_CNN_RNND,950,0.5286627933382988,0.3860219419002533,0.14264084957540035,
0,260816,matched,MATCHED_Impulsive,Proposed_CA_CNN_RNND,951,0.43430671840906143,0.3097226247191429,0.12458410300314426,
0,260816,matched,MATCHED_Impulsive,Proposed_CA_CNN_RNND,952,0.4604010134935379,0.3293219469487667,0.13107905723154545,
0,260816,matched,MATCHED_Impulsive,Proposed_CA_CNN_RNND,953,0.353460855782032,0.233546681702137,0.11991417966783047,
0,260816,matched,MATCHED_Impulsive,Proposed_CA_CNN_RNND,954,0.5298718214035034,0.381546288728714,0.14832553267478943,
0,260816,matched,MATCHED_Impulsive,Proposed_CA_CNN_RNND,955,0.39867662638425827,0.2703908160328865,0.12828581407666206,
0,260816,matched,MATCHED_Impulsive,Proposed_CA_CNN_RNND,956,0.4823669344186783,0.3433726876974106,0.1389942355453968,
0,260816,matched,MATCHED_Impulsive,Proposed_CA_CNN_RNND,957,0.5115069299936295,0.37327850610017776,0.13822842575609684,
0,260816,matched,MATCHED_Impulsive,Proposed_CA_CNN_RNND,958,0.5557657182216644,0.4080006033182144,0.14776510745286942,
0,260816,matched,MATCHED_Impulsive,Proposed_CA_CNN_RNND,959,0.6567498594522476,0.49565906822681427,0.16109079867601395,
0,260816,matched,MATCHED_Impulsive,Proposed_CA_CNN_RNND,960,0.39784643054008484,0.2742288187146187,0.123617609962821,
0,260816,matched,MATCHED_Impulsive,Proposed_CA_CNN_RNND,961,0.48855511099100113,0.34890441969037056,0.13965069688856602,
0,260816,matched,MATCHED_Impulsive,Proposed_CA_CNN_RNND,962,0.41201914101839066,0.28589928150177,0.12611986137926579,
0,260816,matched,MATCHED_Impulsive,Proposed_CA_CNN_RNND,963,0.46614789962768555,0.33528290316462517,0.13086499460041523,
0,260816,matched,MATCHED_Impulsive,Proposed_CA_CNN_RNND,964,0.4836697205901146,0.3502582684159279,0.1334114521741867,
0,260816,matched,MATCHED_Impulsive,Proposed_CA_CNN_RNND,965,0.4899093806743622,0.34992295503616333,0.1399864312261343,
0,260816,matched,MATCHED_Impulsive,Proposed_CA_CNN_RNND,966,0.40025893598794937,0.276484377682209,0.1237745638936758,
0,260816,matched,MATCHED_Impulsive,Proposed_CA_CNN_RNND,967,0.49621018022298813,0.35491230711340904,0.1412978693842888,
0,260816,matched,MATCHED_Impulsive,Proposed_CA_CNN_RNND,968,0.5824881047010422,0.42638710886240005,0.15610098838806152,
0,260816,matched,MATCHED_Impulsive,Proposed_CA_CNN_RNND,969,0.48103539645671844,0.34770039841532707,0.13333498686552048,
0,260816,matched,MATCHED_Impulsive,Proposed_CA_CNN_RNND,970,0.5613892525434494,0.41122517734766006,0.15016407519578934,
0,260816,matched,MATCHED_Impulsive,Proposed_CA_CNN_RNND,971,0.5352625697851181,0.3878656178712845,0.14739695936441422,
0,260816,matched,MATCHED_Impulsive,Proposed_CA_CNN_RNND,972,0.4492041543126106,0.31719470769166946,0.13200945779681206,
0,260816,matched,MATCHED_Impulsive,Proposed_CA_CNN_RNND,973,0.43023400008678436,0.30553893744945526,0.1246950589120388,
0,260816,matched,MATCHED_Impulsive,Proposed_CA_CNN_RNND,974,0.4704405218362808,0.3359164148569107,0.13452411070466042,
0,260816,matched,MATCHED_Impulsive,Proposed_CA_CNN_RNND,975,0.46944136172533035,0.3332621231675148,0.13617923110723495,
0,260816,matched,MATCHED_Impulsive,Proposed_CA_CNN_RNND,976,0.4755588248372078,0.3461710587143898,0.129387766122818,
0,260816,matched,MATCHED_Impulsive,Proposed_CA_CNN_RNND,977,0.41915760189294815,0.2892661355435848,0.12989147193729877,
0,260816,matched,MATCHED_Impulsive,Proposed_CA_CNN_RNND,978,0.4901454225182533,0.3539893254637718,0.1361561007797718,
0,260816,matched,MATCHED_Impulsive,Proposed_CA_CNN_RNND,979,0.46093158423900604,0.3289666995406151,0.13196489214897156,
0,260816,matched,MATCHED_Impulsive,Proposed_CA_CNN_RNND,980,0.445376418530941,0.312994159758091,0.13238225132226944,
0,260816,matched,MATCHED_Impulsive,Proposed_CA_CNN_RNND,981,0.39570099115371704,0.2741241380572319,0.12157686427235603,
0,260816,matched,MATCHED_Impulsive,Proposed_CA_CNN_RNND,982,0.6332901418209076,0.4635910391807556,0.16969909518957138,
0,260816,matched,MATCHED_Impulsive,Proposed_CA_CNN_RNND,983,0.3825318515300751,0.26209962740540504,0.12043222412467003,
0,260816,matched,MATCHED_Impulsive,Proposed_CA_CNN_RNND,984,0.4388439357280731,0.3079875744879246,0.1308563631027937,
0,260816,matched,MATCHED_Impulsive,Proposed_CA_CNN_RNND,985,0.4624456837773323,0.32743465155363083,0.13501102104783058,
0,260816,matched,MATCHED_Impulsive,Proposed_CA_CNN_RNND,986,0.4443892389535904,0.31316157430410385,0.13122766837477684,
0,260816,matched,MATCHED_Impulsive,Proposed_CA_CNN_RNND,987,0.43002237379550934,0.3028741888701916,0.12714819610118866,
0,260816,matched,MATCHED_Impulsive,Proposed_CA_CNN_RNND,988,0.4882676303386688,0.35038450360298157,0.13788312673568726,
0,260816,matched,MATCHED_Impulsive,Proposed_CA_CNN_RNND,989,0.38319914415478706,0.2617824226617813,0.12141671031713486,
0,260816,matched,MATCHED_Impulsive,Proposed_CA_CNN_RNND,990,0.4178052991628647,0.2884378582239151,0.1293674297630787,
0,260816,matched,MATCHED_Impulsive,Proposed_CA_CNN_RNND,991,0.553367093205452,0.40857311338186264,0.14479397237300873,
0,260816,matched,MATCHED_Impulsive,Proposed_CA_CNN_RNND,992,0.49492795765399933,0.3543527275323868,0.14057523384690285,
0,260816,matched,MATCHED_Impulsive,Proposed_CA_CNN_RNND,993,0.3747125491499901,0.251792274415493,0.12292028218507767,
0,260816,matched,MATCHED_Impulsive,Proposed_CA_CNN_RNND,994,0.5556753426790237,0.4119281843304634,0.14374715462327003,
0,260816,matched,MATCHED_Impulsive,Proposed_CA_CNN_RNND,995,0.4901469722390175,0.34585679695010185,0.1442901697009802,
0,260816,matched,MATCHED_Impulsive,Proposed_CA_CNN_RNND,996,0.5077370405197144,0.3700439929962158,0.13769304379820824,
0,260816,matched,MATCHED_Impulsive,Proposed_CA_CNN_RNND,997,0.5377482995390892,0.3942685052752495,0.14347979053854942,
0,260816,matched,MATCHED_Impulsive,Proposed_CA_CNN_RNND,998,0.554925300180912,0.4075123593211174,0.1474129483103752,
0,260816,matched,MATCHED_Impulsive,Proposed_CA_CNN_RNND,999,0.49553661048412323,0.35918956995010376,0.13634703308343887,
0,260816,matched,MATCHED_Impulsive,Proposed_CA_CNN_RNND,1000,0.49000948667526245,0.34862180054187775,0.14138768054544926,-0.6507863439566288
0,260816,matched,MATCHED_Impulsive,Proposed_CA_CNN_RNND,1001,0.44201695919036865,0.3180806040763855,0.123936353251338,
0,260816,matched,MATCHED_Impulsive,Proposed_CA_CNN_RNND,1002,0.4374281167984009,0.30863120406866074,0.128796910867095,
0,260816,matched,MATCHED_Impulsive,Proposed_CA_CNN_RNND,1003,0.5562237203121185,0.4104520305991173,0.14577166736125946,
0,260816,matched,MATCHED_Impulsive,Proposed_CA_CNN_RNND,1004,0.35383759811520576,0.2355032004415989,0.11833439394831657,
0,260816,matched,MATCHED_Impulsive,Proposed_CA_CNN_RNND,1005,0.43879468739032745,0.3053760901093483,0.13341860473155975,
0,260816,matched,MATCHED_Impulsive,Proposed_CA_CNN_RNND,1006,0.48285238444805145,0.34467753022909164,0.13817485608160496,
0,260816,matched,MATCHED_Impulsive,Proposed_CA_CNN_RNND,1007,0.41130580753088,0.28239959478378296,0.12890621833503246,
0,260816,matched,MATCHED_Impulsive,Proposed_CA_CNN_RNND,1008,0.5252714455127716,0.39162635430693626,0.13364509493112564,
0,260816,matched,MATCHED_Impulsive,Proposed_CA_CNN_RNND,1009,0.5047807395458221,0.36446430534124374,0.1403164304792881,
0,260816,matched,MATCHED_Impulsive,Proposed_CA_CNN_RNND,1010,0.42901311814785004,0.30104462429881096,0.12796848639845848,
0,260816,matched,MATCHED_Impulsive,Proposed_CA_CNN_RNND,1011,0.5098023563623428,0.37030235677957535,0.1394999995827675,
0,260816,matched,MATCHED_Impulsive,Proposed_CA_CNN_RNND,1012,0.508815698325634,0.3666689395904541,0.1421467512845993,
0,260816,matched,MATCHED_Impulsive,Proposed_CA_CNN_RNND,1013,0.4489102065563202,0.3123245947062969,0.13658561185002327,
0,260816,matched,MATCHED_Impulsive,Proposed_CA_CNN_RNND,1014,0.37261396646499634,0.25350065529346466,0.11911330558359623,
0,260816,matched,MATCHED_Impulsive,Proposed_CA_CNN_RNND,1015,0.4252411425113678,0.2970380187034607,0.12820313684642315,
0,260816,matched,MATCHED_Impulsive,Proposed_CA_CNN_RNND,1016,0.4564502537250519,0.32628603279590607,0.13016422279179096,
0,260816,matched,MATCHED_Impulsive,Proposed_CA_CNN_RNND,1017,0.43918757140636444,0.3051896095275879,0.1339979600161314,
0,260816,matched,MATCHED_Impulsive,Proposed_CA_CNN_RNND,1018,0.34901902079582214,0.2344774268567562,0.11454160138964653,
0,260816,matched,MATCHED_Impulsive,Proposed_CA_CNN_RNND,1019,0.4667389541864395,0.33334239572286606,0.1333965603262186,
0,260816,matched,MATCHED_Impulsive,Proposed_CA_CNN_RNND,1020,0.4468595087528229,0.3134824112057686,0.1333770900964737,
0,260816,matched,MATCHED_Impulsive,Proposed_CA_CNN_RNND,1021,0.31384267657995224,0.19919246807694435,0.11465021036565304,
0,260816,matched,MATCHED_Impulsive,Proposed_CA_CNN_RNND,1022,0.4710596054792404,0.3351210877299309,0.1359385121613741,
0,260816,matched,MATCHED_Impulsive,Proposed_CA_CNN_RNND,1023,0.3985775336623192,0.2727237083017826,0.12585382908582687,
0,260816,matched,MATCHED_Impulsive,Proposed_CA_CNN_RNND,1024,0.38754166662693024,0.26399262249469757,0.12354904040694237,
0,260816,matched,MATCHED_Impulsive,Proposed_CA_CNN_RNND,1025,0.4958743751049042,0.3546522706747055,0.14122210815548897,
0,260816,matched,MATCHED_Impulsive,Proposed_CA_CNN_RNND,1026,0.4108657017350197,0.2844817638397217,0.12638394720852375,
0,260816,matched,MATCHED_Impulsive,Proposed_CA_CNN_RNND,1027,0.523931197822094,0.384765163064003,0.13916602544486523,
0,260816,matched,MATCHED_Impulsive,Proposed_CA_CNN_RNND,1028,0.37969304621219635,0.26049502566456795,0.1191980168223381,
0,260816,matched,MATCHED_Impulsive,Proposed_CA_CNN_RNND,1029,0.48659441620111465,0.3517771363258362,0.13481727242469788,
0,260816,matched,MATCHED_Impulsive,Proposed_CA_CNN_RNND,1030,0.5333970859646797,0.3830769583582878,0.1503201276063919,
0,260816,matched,MATCHED_Impulsive,Proposed_CA_CNN_RNND,1031,0.4177657812833786,0.29159770905971527,0.12616808712482452,
0,260816,matched,MATCHED_Impulsive,Proposed_CA_CNN_RNND,1032,0.5003344565629959,0.35992319136857986,0.14041126519441605,
0,260816,matched,MATCHED_Impulsive,Proposed_CA_CNN_RNND,1033,0.48368530720472336,0.34678955376148224,0.13689576461911201,
0,260816,matched,MATCHED_Impulsive,Proposed_CA_CNN_RNND,1034,0.5284716635942459,0.392383337020874,0.13608833402395248,
0,260816,matched,MATCHED_Impulsive,Proposed_CA_CNN_RNND,1035,0.538824275135994,0.3849647343158722,0.15385954454541206,
0,260816,matched,MATCHED_Impulsive,Proposed_CA_CNN_RNND,1036,0.4764190763235092,0.34413281083106995,0.13228626176714897,
0,260816,matched,MATCHED_Impulsive,Proposed_CA_CNN_RNND,1037,0.5196260809898376,0.37438343465328217,0.14524263888597488,
0,260816,matched,MATCHED_Impulsive,Proposed_CA_CNN_RNND,1038,0.4764164835214615,0.33738066256046295,0.13903581723570824,
0,260816,matched,MATCHED_Impulsive,Proposed_CA_CNN_RNND,1039,0.4114164113998413,0.28673790767788887,0.12467849813401699,
0,260816,matched,MATCHED_Impulsive,Proposed_CA_CNN_RNND,1040,0.47641874849796295,0.340459905564785,0.1359588373452425,
0,260816,matched,MATCHED_Impulsive,Proposed_CA_CNN_RNND,1041,0.38537079840898514,0.2612343020737171,0.12413650192320347,
0,260816,matched,MATCHED_Impulsive,Proposed_CA_CNN_RNND,1042,0.36876998096704483,0.25088316947221756,0.11788680776953697,
0,260816,matched,MATCHED_Impulsive,Proposed_CA_CNN_RNND,1043,0.3865610435605049,0.266070444136858,0.12049060128629208,
0,260816,matched,MATCHED_Impulsive,Proposed_CA_CNN_RNND,1044,0.3601667955517769,0.24533380940556526,0.11483298614621162,
0,260816,matched,MATCHED_Impulsive,Proposed_CA_CNN_RNND,1045,0.5161167904734612,0.377183984965086,0.13893280178308487,
0,260816,matched,MATCHED_Impulsive,Proposed_CA_CNN_RNND,1046,0.4929096847772598,0.3563041612505913,0.13660553097724915,
0,260816,matched,MATCHED_Impulsive,Proposed_CA_CNN_RNND,1047,0.4136541336774826,0.28933852165937424,0.12431560829281807,
0,260816,matched,MATCHED_Impulsive,Proposed_CA_CNN_RNND,1048,0.5021103173494339,0.3640934154391289,0.13801691308617592,
0,260816,matched,MATCHED_Impulsive,Proposed_CA_CNN_RNND,1049,0.4776950255036354,0.34395797550678253,0.13373704254627228,
0,260816,matched,MATCHED_Impulsive,Proposed_CA_CNN_RNND,1050,0.43578794598579407,0.3129504956305027,0.12283744849264622,
0,260816,matched,MATCHED_Impulsive,Proposed_CA_CNN_RNND,1051,0.4233955442905426,0.292961910367012,0.13043363578617573,
0,260816,matched,MATCHED_Impulsive,Proposed_CA_CNN_RNND,1052,0.37915007770061493,0.26269421726465225,0.11645586229860783,
0,260816,matched,MATCHED_Impulsive,Proposed_CA_CNN_RNND,1053,0.42322514951229095,0.29785770177841187,0.12536744959652424,
0,260816,matched,MATCHED_Impulsive,Proposed_CA_CNN_RNND,1054,0.4537874907255173,0.32832786068320274,0.12545962072908878,
0,260816,matched,MATCHED_Impulsive,Proposed_CA_CNN_RNND,1055,0.48038043826818466,0.34350427612662315,0.1368761546909809,
0,260816,matched,MATCHED_Impulsive,Proposed_CA_CNN_RNND,1056,0.3685768358409405,0.25315283983945847,0.11542398668825626,
0,260816,matched,MATCHED_Impulsive,Proposed_CA_CNN_RNND,1057,0.39767688512802124,0.27530013024806976,0.12237675674259663,
0,260816,matched,MATCHED_Impulsive,Proposed_CA_CNN_RNND,1058,0.37698592245578766,0.2539489232003689,0.12303699925541878,
0,260816,matched,MATCHED_Impulsive,Proposed_CA_CNN_RNND,1059,0.4778808727860451,0.344752736389637,0.13312812708318233,
0,260816,matched,MATCHED_Impulsive,Proposed_CA_CNN_RNND,1060,0.3680811747908592,0.2486538589000702,0.11942731216549873,
0,260816,matched,MATCHED_Impulsive,Proposed_CA_CNN_RNND,1061,0.5329903960227966,0.3872086629271507,0.14578173123300076,
0,260816,matched,MATCHED_Impulsive,Proposed_CA_CNN_RNND,1062,0.4070548973977566,0.28195399045944214,0.12510090321302414,
0,260816,matched,MATCHED_Impulsive,Proposed_CA_CNN_RNND,1063,0.3885248377919197,0.26431241631507874,0.12421242520213127,
0,260816,matched,MATCHED_Impulsive,Proposed_CA_CNN_RNND,1064,0.4181813523173332,0.2951634004712105,0.12301794439554214,
0,260816,matched,MATCHED_Impulsive,Proposed_CA_CNN_RNND,1065,0.4050854295492172,0.28001002594828606,0.12507539987564087,
0,260816,matched,MATCHED_Impulsive,Proposed_CA_CNN_RNND,1066,0.5728475823998451,0.41796763986349106,0.15487994626164436,
0,260816,matched,MATCHED_Impulsive,Proposed_CA_CNN_RNND,1067,0.3323274478316307,0.22345535084605217,0.10887210071086884,
0,260816,matched,MATCHED_Impulsive,Proposed_CA_CNN_RNND,1068,0.4262379929423332,0.2975817620754242,0.12865622527897358,
0,260816,matched,MATCHED_Impulsive,Proposed_CA_CNN_RNND,1069,0.40170320123434067,0.2801887169480324,0.12151448242366314,
0,260816,matched,MATCHED_Impulsive,Proposed_CA_CNN_RNND,1070,0.42825254052877426,0.29922962561249733,0.12902290932834148,
0,260816,matched,MATCHED_Impulsive,Proposed_CA_CNN_RNND,1071,0.43160515278577805,0.30506010353565216,0.12654505297541618,
0,260816,matched,MATCHED_Impulsive,Proposed_CA_CNN_RNND,1072,0.37712980061769485,0.25845183804631233,0.11867797188460827,
0,260816,matched,MATCHED_Impulsive,Proposed_CA_CNN_RNND,1073,0.4355601593852043,0.3067285753786564,0.12883159704506397,
0,260816,matched,MATCHED_Impulsive,Proposed_CA_CNN_RNND,1074,0.48750675469636917,0.3543658219277859,0.13314093463122845,
0,260816,matched,MATCHED_Impulsive,Proposed_CA_CNN_RNND,1075,0.3833572566509247,0.26142899692058563,0.1219282578676939,
0,260816,matched,MATCHED_Impulsive,Proposed_CA_CNN_RNND,1076,0.4173417091369629,0.2894389107823372,0.1279028058052063,
0,260816,matched,MATCHED_Impulsive,Proposed_CA_CNN_RNND,1077,0.4592180997133255,0.32627151533961296,0.13294657692313194,
0,260816,matched,MATCHED_Impulsive,Proposed_CA_CNN_RNND,1078,0.5314680486917496,0.38736308366060257,0.1441049575805664,
0,260816,matched,MATCHED_Impulsive,Proposed_CA_CNN_RNND,1079,0.4328421577811241,0.30563150346279144,0.12721065431833267,
0,260816,matched,MATCHED_Impulsive,Proposed_CA_CNN_RNND,1080,0.3959370404481888,0.2725442722439766,0.1233927570283413,
0,260816,matched,MATCHED_Impulsive,Proposed_CA_CNN_RNND,1081,0.4763448163866997,0.33834724873304367,0.1379975527524948,
0,260816,matched,MATCHED_Impulsive,Proposed_CA_CNN_RNND,1082,0.580427996814251,0.43181203305721283,0.1486159712076187,
0,260816,matched,MATCHED_Impulsive,Proposed_CA_CNN_RNND,1083,0.45539362728595734,0.3200122267007828,0.13538139685988426,
0,260816,matched,MATCHED_Impulsive,Proposed_CA_CNN_RNND,1084,0.41169822216033936,0.2847191207110882,0.12697909958660603,
0,260816,matched,MATCHED_Impulsive,Proposed_CA_CNN_RNND,1085,0.42909254133701324,0.3027980104088783,0.12629452161490917,
0,260816,matched,MATCHED_Impulsive,Proposed_CA_CNN_RNND,1086,0.3006120100617409,0.19390489906072617,0.10670711100101471,
0,260816,matched,MATCHED_Impulsive,Proposed_CA_CNN_RNND,1087,0.5085227265954018,0.3702102452516556,0.1383124738931656,
0,260816,matched,MATCHED_Impulsive,Proposed_CA_CNN_RNND,1088,0.47845037281513214,0.34668339788913727,0.13176697306334972,
0,260816,matched,MATCHED_Impulsive,Proposed_CA_CNN_RNND,1089,0.43459896743297577,0.3050895109772682,0.1295094657689333,
0,260816,matched,MATCHED_Impulsive,Proposed_CA_CNN_RNND,1090,0.5136696770787239,0.37252968549728394,0.14113999903202057,
0,260816,matched,MATCHED_Impulsive,Proposed_CA_CNN_RNND,1091,0.49463045597076416,0.3681923970580101,0.12643805146217346,
0,260816,matched,MATCHED_Impulsive,Proposed_CA_CNN_RNND,1092,0.4024893790483475,0.2808636501431465,0.12162573635578156,
0,260816,matched,MATCHED_Impulsive,Proposed_CA_CNN_RNND,1093,0.5566991493105888,0.4067665711045265,0.14993257448077202,
0,260816,matched,MATCHED_Impulsive,Proposed_CA_CNN_RNND,1094,0.3259470984339714,0.21587495505809784,0.11007214337587357,
0,260816,matched,MATCHED_Impulsive,Proposed_CA_CNN_RNND,1095,0.4766842871904373,0.3448186293244362,0.13186566345393658,
0,260816,matched,MATCHED_Impulsive,Proposed_CA_CNN_RNND,1096,0.4933563694357872,0.35765790194272995,0.13569846749305725,
0,260816,matched,MATCHED_Impulsive,Proposed_CA_CNN_RNND,1097,0.40179264545440674,0.2841939702630043,0.11759868264198303,
0,260816,matched,MATCHED_Impulsive,Proposed_CA_CNN_RNND,1098,0.4047706872224808,0.2830537483096123,0.12171693705022335,
0,260816,matched,MATCHED_Impulsive,Proposed_CA_CNN_RNND,1099,0.4858044683933258,0.3484301194548607,0.13737435825169086,
0,260816,matched,MATCHED_Impulsive,Proposed_CA_CNN_RNND,1100,0.3850414678454399,0.2639128379523754,0.12112863175570965,
0,260816,matched,MATCHED_Impulsive,Proposed_CA_CNN_RNND,1101,0.4832364693284035,0.34489356726408005,0.13834290020167828,
0,260816,matched,MATCHED_Impulsive,Proposed_CA_CNN_RNND,1102,0.5552680343389511,0.40873973071575165,0.14652830734848976,
0,260816,matched,MATCHED_Impulsive,Proposed_CA_CNN_RNND,1103,0.3357665538787842,0.22459529340267181,0.11117126233875751,
0,260816,matched,MATCHED_Impulsive,Proposed_CA_CNN_RNND,1104,0.5777195170521736,0.4250791594386101,0.15264037251472473,
0,260816,matched,MATCHED_Impulsive,Proposed_CA_CNN_RNND,1105,0.4538734257221222,0.32340550795197487,0.13046792894601822,
0,260816,matched,MATCHED_Impulsive,Proposed_CA_CNN_RNND,1106,0.5861247554421425,0.43291251361370087,0.15321224741637707,
0,260816,matched,MATCHED_Impulsive,Proposed_CA_CNN_RNND,1107,0.4854806736111641,0.3534546308219433,0.1320260353386402,
0,260816,matched,MATCHED_Impulsive,Proposed_CA_CNN_RNND,1108,0.4699188247323036,0.328953392803669,0.14096543565392494,
0,260816,matched,MATCHED_Impulsive,Proposed_CA_CNN_RNND,1109,0.33666375279426575,0.22455840185284615,0.1121053546667099,
0,260816,matched,MATCHED_Impulsive,Proposed_CA_CNN_RNND,1110,0.4176706448197365,0.2924717217683792,0.12519893795251846,
0,260816,matched,MATCHED_Impulsive,Proposed_CA_CNN_RNND,1111,0.452461302280426,0.32411423325538635,0.12834706716239452,
0,260816,matched,MATCHED_Impulsive,Proposed_CA_CNN_RNND,1112,0.6347465664148331,0.4692094922065735,0.16553707793354988,
0,260816,matched,MATCHED_Impulsive,Proposed_CA_CNN_RNND,1113,0.4338589608669281,0.30701079219579697,0.12684817612171173,
0,260816,matched,MATCHED_Impulsive,Proposed_CA_CNN_RNND,1114,0.4056137725710869,0.2837468571960926,0.12186691910028458,
0,260816,matched,MATCHED_Impulsive,Proposed_CA_CNN_RNND,1115,0.3607279136776924,0.24575946480035782,0.1149684526026249,
0,260816,matched,MATCHED_Impulsive,Proposed_CA_CNN_RNND,1116,0.5476441383361816,0.40370236337184906,0.14394176751375198,
0,260816,matched,MATCHED_Impulsive,Proposed_CA_CNN_RNND,1117,0.4216344431042671,0.29736024886369705,0.12427418678998947,
0,260816,matched,MATCHED_Impulsive,Proposed_CA_CNN_RNND,1118,0.3866319954395294,0.26776905730366707,0.1188629362732172,
0,260816,matched,MATCHED_Impulsive,Proposed_CA_CNN_RNND,1119,0.583713561296463,0.4325205609202385,0.15119300037622452,
0,260816,matched,MATCHED_Impulsive,Proposed_CA_CNN_RNND,1120,0.32576632872223854,0.2163597196340561,0.10940661653876305,
0,260816,matched,MATCHED_Impulsive,Proposed_CA_CNN_RNND,1121,0.4428849518299103,0.3135739527642727,0.12931100465357304,
0,260816,matched,MATCHED_Impulsive,Proposed_CA_CNN_RNND,1122,0.2967717573046684,0.19072815030813217,0.10604360140860081,
0,260816,matched,MATCHED_Impulsive,Proposed_CA_CNN_RNND,1123,0.5260956063866615,0.38289453089237213,0.1432010792195797,
0,260816,matched,MATCHED_Impulsive,Proposed_CA_CNN_RNND,1124,0.42072098702192307,0.29925230890512466,0.1214686781167984,
0,260816,matched,MATCHED_Impulsive,Proposed_CA_CNN_RNND,1125,0.4616447910666466,0.32615475356578827,0.1354900300502777,
0,260816,matched,MATCHED_Impulsive,Proposed_CA_CNN_RNND,1126,0.3939533084630966,0.2773480862379074,0.11660522036254406,
0,260816,matched,MATCHED_Impulsive,Proposed_CA_CNN_RNND,1127,0.5263594314455986,0.38787759840488434,0.13848182745277882,
0,260816,matched,MATCHED_Impulsive,Proposed_CA_CNN_RNND,1128,0.42380526661872864,0.29668277502059937,0.12712248787283897,
0,260816,matched,MATCHED_Impulsive,Proposed_CA_CNN_RNND,1129,0.41010206937789917,0.2897583991289139,0.12034368142485619,
0,260816,matched,MATCHED_Impulsive,Proposed_CA_CNN_RNND,1130,0.522972509264946,0.38264773041009903,0.14032479748129845,
0,260816,matched,MATCHED_Impulsive,Proposed_CA_CNN_RNND,1131,0.4503437727689743,0.3264159597456455,0.12392779998481274,
0,260816,matched,MATCHED_Impulsive,Proposed_CA_CNN_RNND,1132,0.369083009660244,0.252933032810688,0.11614998057484627,
0,260816,matched,MATCHED_Impulsive,Proposed_CA_CNN_RNND,1133,0.41529978066682816,0.2921688109636307,0.12313096038997173,
0,260816,matched,MATCHED_Impulsive,Proposed_CA_CNN_RNND,1134,0.42104075103998184,0.29831618070602417,0.12272456288337708,
0,260816,matched,MATCHED_Impulsive,Proposed_CA_CNN_RNND,1135,0.371965155005455,0.2489635907113552,0.1230015680193901,
0,260816,matched,MATCHED_Impulsive,Proposed_CA_CNN_RNND,1136,0.305691234767437,0.19523008167743683,0.11046115309000015,
0,260816,matched,MATCHED_Impulsive,Proposed_CA_CNN_RNND,1137,0.4723397493362427,0.33642537891864777,0.1359143815934658,
0,260816,matched,MATCHED_Impulsive,Proposed_CA_CNN_RNND,1138,0.4048953652381897,0.28281601518392563,0.12207933887839317,
0,260816,matched,MATCHED_Impulsive,Proposed_CA_CNN_RNND,1139,0.42831288278102875,0.30298764631152153,0.12532523646950722,
0,260816,matched,MATCHED_Impulsive,Proposed_CA_CNN_RNND,1140,0.4539770856499672,0.3243841491639614,0.12959294207394123,
0,260816,matched,MATCHED_Impulsive,Proposed_CA_CNN_RNND,1141,0.4977681487798691,0.3630240261554718,0.13474411144852638,
0,260816,matched,MATCHED_Impulsive,Proposed_CA_CNN_RNND,1142,0.5307959392666817,0.3889744132757187,0.14182152599096298,
0,260816,matched,MATCHED_Impulsive,Proposed_CA_CNN_RNND,1143,0.491360142827034,0.35538941621780396,0.13597073033452034,
0,260816,matched,MATCHED_Impulsive,Proposed_CA_CNN_RNND,1144,0.4193519353866577,0.29967131465673447,0.1196806225925684,
0,260816,matched,MATCHED_Impulsive,Proposed_CA_CNN_RNND,1145,0.38199305534362793,0.26103242486715317,0.12096063047647476,
0,260816,matched,MATCHED_Impulsive,Proposed_CA_CNN_RNND,1146,0.473642073571682,0.33422327041625977,0.1394188106060028,
0,260816,matched,MATCHED_Impulsive,Proposed_CA_CNN_RNND,1147,0.4509534612298012,0.3254571445286274,0.12549632415175438,
0,260816,matched,MATCHED_Impulsive,Proposed_CA_CNN_RNND,1148,0.531892254948616,0.3889976665377617,0.14289458096027374,
0,260816,matched,MATCHED_Impulsive,Proposed_CA_CNN_RNND,1149,0.3486563712358475,0.236850805580616,0.11180556938052177,
0,260816,matched,MATCHED_Impulsive,Proposed_CA_CNN_RNND,1150,0.37668808549642563,0.25954968482255936,0.11713840253651142,
0,260816,matched,MATCHED_Impulsive,Proposed_CA_CNN_RNND,1151,0.4050457775592804,0.28209156543016434,0.12295420840382576,
0,260816,matched,MATCHED_Impulsive,Proposed_CA_CNN_RNND,1152,0.48484037071466446,0.35138291120529175,0.133457463234663,
0,260816,matched,MATCHED_Impulsive,Proposed_CA_CNN_RNND,1153,0.4723573550581932,0.335937786847353,0.13641956262290478,
0,260816,matched,MATCHED_Impulsive,Proposed_CA_CNN_RNND,1154,0.39971328526735306,0.2796473726630211,0.12006591446697712,
0,260816,matched,MATCHED_Impulsive,Proposed_CA_CNN_RNND,1155,0.369131900370121,0.2562149502336979,0.11291694454848766,
0,260816,matched,MATCHED_Impulsive,Proposed_CA_CNN_RNND,1156,0.4174854904413223,0.2930206246674061,0.12446486949920654,
0,260816,matched,MATCHED_Impulsive,Proposed_CA_CNN_RNND,1157,0.4562273398041725,0.3269881643354893,0.1292391698807478,
0,260816,matched,MATCHED_Impulsive,Proposed_CA_CNN_RNND,1158,0.5628113746643066,0.41321851313114166,0.14959285035729408,
0,260816,matched,MATCHED_Impulsive,Proposed_CA_CNN_RNND,1159,0.3056091368198395,0.2041877806186676,0.10142135806381702,
0,260816,matched,MATCHED_Impulsive,Proposed_CA_CNN_RNND,1160,0.35840073227882385,0.2481318600475788,0.11026886850595474,
0,260816,matched,MATCHED_Impulsive,Proposed_CA_CNN_RNND,1161,0.3551604524254799,0.24732134863734245,0.10783910751342773,
0,260816,matched,MATCHED_Impulsive,Proposed_CA_CNN_RNND,1162,0.4064893126487732,0.28789936006069183,0.11858995817601681,
0,260816,matched,MATCHED_Impulsive,Proposed_CA_CNN_RNND,1163,0.4645078331232071,0.33298831060528755,0.1315195169299841,
0,260816,matched,MATCHED_Impulsive,Proposed_CA_CNN_RNND,1164,0.40616314113140106,0.2857775315642357,0.12038561515510082,
0,260816,matched,MATCHED_Impulsive,Proposed_CA_CNN_RNND,1165,0.5084197893738747,0.3736637905240059,0.13475599139928818,
0,260816,matched,MATCHED_Impulsive,Proposed_CA_CNN_RNND,1166,0.6072861701250076,0.4518749862909317,0.15541118755936623,
0,260816,matched,MATCHED_Impulsive,Proposed_CA_CNN_RNND,1167,0.4344063401222229,0.30981531366705894,0.12459103018045425,
0,260816,matched,MATCHED_Impulsive,Proposed_CA_CNN_RNND,1168,0.45510542392730713,0.3207158222794533,0.13438959792256355,
0,260816,matched,MATCHED_Impulsive,Proposed_CA_CNN_RNND,1169,0.5325493365526199,0.39271510392427444,0.1398342289030552,
0,260816,matched,MATCHED_Impulsive,Proposed_CA_CNN_RNND,1170,0.43019744753837585,0.30888063833117485,0.12131682224571705,
0,260816,matched,MATCHED_Impulsive,Proposed_CA_CNN_RNND,1171,0.45934366434812546,0.3295224979519844,0.12982116267085075,
0,260816,matched,MATCHED_Impulsive,Proposed_CA_CNN_RNND,1172,0.3898324817419052,0.27911706268787384,0.11071541905403137,
0,260816,matched,MATCHED_Impulsive,Proposed_CA_CNN_RNND,1173,0.5468546152114868,0.3964204490184784,0.15043416246771812,
0,260816,matched,MATCHED_Impulsive,Proposed_CA_CNN_RNND,1174,0.3259862884879112,0.21746418625116348,0.10852210409939289,
0,260816,matched,MATCHED_Impulsive,Proposed_CA_CNN_RNND,1175,0.4421755075454712,0.3181570693850517,0.12401843816041946,
0,260816,matched,MATCHED_Impulsive,Proposed_CA_CNN_RNND,1176,0.4238360524177551,0.3079316094517708,0.11590444669127464,
0,260816,matched,MATCHED_Impulsive,Proposed_CA_CNN_RNND,1177,0.38709380477666855,0.27252863347530365,0.1145651713013649,
0,260816,matched,MATCHED_Impulsive,Proposed_CA_CNN_RNND,1178,0.5061511397361755,0.3685222715139389,0.13762887008488178,
0,260816,matched,MATCHED_Impulsive,Proposed_CA_CNN_RNND,1179,0.4664696082472801,0.3420099653303623,0.1244596391916275,
0,260816,matched,MATCHED_Impulsive,Proposed_CA_CNN_RNND,1180,0.5762852355837822,0.4185938686132431,0.1576913706958294,
0,260816,matched,MATCHED_Impulsive,Proposed_CA_CNN_RNND,1181,0.4323519766330719,0.30909331887960434,0.12325865589082241,
0,260816,matched,MATCHED_Impulsive,Proposed_CA_CNN_RNND,1182,0.6019211262464523,0.450216680765152,0.15170444548130035,
0,260816,matched,MATCHED_Impulsive,Proposed_CA_CNN_RNND,1183,0.50652976334095,0.3724955841898918,0.13403418473899364,
0,260816,matched,MATCHED_Impulsive,Proposed_CA_CNN_RNND,1184,0.5786352828145027,0.4268968105316162,0.1517384611070156,
0,260816,matched,MATCHED_Impulsive,Proposed_CA_CNN_RNND,1185,0.36137567460536957,0.24921993166208267,0.11215575039386749,
0,260816,matched,MATCHED_Impulsive,Proposed_CA_CNN_RNND,1186,0.39603547751903534,0.27832167223095894,0.1177138164639473,
0,260816,matched,MATCHED_Impulsive,Proposed_CA_CNN_RNND,1187,0.4252213090658188,0.3009064458310604,0.12431486137211323,
0,260816,matched,MATCHED_Impulsive,Proposed_CA_CNN_RNND,1188,0.37486376613378525,0.264405507594347,0.1104582492262125,
0,260816,matched,MATCHED_Impulsive,Proposed_CA_CNN_RNND,1189,0.41430240124464035,0.3001366965472698,0.11416570842266083,
0,260816,matched,MATCHED_Impulsive,Proposed_CA_CNN_RNND,1190,0.47020503133535385,0.3407858535647392,0.12941917218267918,
0,260816,matched,MATCHED_Impulsive,Proposed_CA_CNN_RNND,1191,0.404574990272522,0.28406740352511406,0.12050759419798851,
0,260816,matched,MATCHED_Impulsive,Proposed_CA_CNN_RNND,1192,0.39004772901535034,0.27141836658120155,0.11862935498356819,
0,260816,matched,MATCHED_Impulsive,Proposed_CA_CNN_RNND,1193,0.38827384263277054,0.276546448469162,0.1117273923009634,
0,260816,matched,MATCHED_Impulsive,Proposed_CA_CNN_RNND,1194,0.3912077695131302,0.2683589905500412,0.12284877337515354,
0,260816,matched,MATCHED_Impulsive,Proposed_CA_CNN_RNND,1195,0.4788331091403961,0.34783270955085754,0.13100040517747402,
0,260816,matched,MATCHED_Impulsive,Proposed_CA_CNN_RNND,1196,0.5208462923765182,0.38416650891304016,0.13667978905141354,
0,260816,matched,MATCHED_Impulsive,Proposed_CA_CNN_RNND,1197,0.3913540467619896,0.27386489138007164,0.11748915538191795,
0,260816,matched,MATCHED_Impulsive,Proposed_CA_CNN_RNND,1198,0.4727049767971039,0.3451191931962967,0.12758578918874264,
0,260816,matched,MATCHED_Impulsive,Proposed_CA_CNN_RNND,1199,0.4860133230686188,0.35151147842407227,0.1345018409192562,
0,260816,matched,MATCHED_Impulsive,Proposed_CA_CNN_RNND,1200,0.4649169370532036,0.34350211173295975,0.12141483463346958,-0.6913582234638892
0,260816,matched,MATCHED_Impulsive,Proposed_CA_CNN_RNND,1201,0.45239775627851486,0.3266957886517048,0.12570196762681007,
0,260816,matched,MATCHED_Impulsive,Proposed_CA_CNN_RNND,1202,0.3187044560909271,0.21423232555389404,0.10447213053703308,
0,260816,matched,MATCHED_Impulsive,Proposed_CA_CNN_RNND,1203,0.43027444183826447,0.3064035177230835,0.12387092597782612,
0,260816,matched,MATCHED_Impulsive,Proposed_CA_CNN_RNND,1204,0.4622898995876312,0.33742527663707733,0.1248646192252636,
0,260816,matched,MATCHED_Impulsive,Proposed_CA_CNN_RNND,1205,0.40710651129484177,0.2896169275045395,0.11748957820236683,
0,260816,matched,MATCHED_Impulsive,Proposed_CA_CNN_RNND,1206,0.4360330328345299,0.3072015978395939,0.12883142940700054,
0,260816,matched,MATCHED_Impulsive,Proposed_CA_CNN_RNND,1207,0.544085830450058,0.4053384140133858,0.13874742202460766,
0,260816,matched,MATCHED_Impulsive,Proposed_CA_CNN_RNND,1208,0.35593755543231964,0.24500805139541626,0.11092950403690338,
0,260816,matched,MATCHED_Impulsive,Proposed_CA_CNN_RNND,1209,0.45266080647706985,0.330918088555336,0.12174271233379841,
0,260816,matched,MATCHED_Impulsive,Proposed_CA_CNN_RNND,1210,0.31922656297683716,0.22053074836730957,0.09869582019746304,
0,260816,matched,MATCHED_Impulsive,Proposed_CA_CNN_RNND,1211,0.38164639472961426,0.2643912546336651,0.11725513450801373,
0,260816,matched,MATCHED_Impulsive,Proposed_CA_CNN_RNND,1212,0.49372129142284393,0.36532653123140335,0.12839475646615028,
0,260816,matched,MATCHED_Impulsive,Proposed_CA_CNN_RNND,1213,0.4575042277574539,0.33128439635038376,0.12621983513236046,
0,260816,matched,MATCHED_Impulsive,Proposed_CA_CNN_RNND,1214,0.48303623497486115,0.3493841737508774,0.13365206494927406,
0,260816,matched,MATCHED_Impulsive,Proposed_CA_CNN_RNND,1215,0.44226445257663727,0.3195013627409935,0.12276308238506317,
0,260816,matched,MATCHED_Impulsive,Proposed_CA_CNN_RNND,1216,0.4757293090224266,0.3385125920176506,0.1372167281806469,
0,260816,matched,MATCHED_Impulsive,Proposed_CA_CNN_RNND,1217,0.532555378973484,0.39248082786798477,0.14007453620433807,
0,260816,matched,MATCHED_Impulsive,Proposed_CA_CNN_RNND,1218,0.43695518374443054,0.3135729134082794,0.12338227219879627,
0,260816,matched,MATCHED_Impulsive,Proposed_CA_CNN_RNND,1219,0.5456771701574326,0.40476083010435104,0.14091633819043636,
0,260816,matched,MATCHED_Impulsive,Proposed_CA_CNN_RNND,1220,0.423728346824646,0.3056640289723873,0.11806432716548443,
0,260816,matched,MATCHED_Impulsive,Proposed_CA_CNN_RNND,1221,0.38848671317100525,0.26941708475351334,0.11906962096691132,
0,260816,matched,MATCHED_Impulsive,Proposed_CA_CNN_RNND,1222,0.5443861186504364,0.39969124644994736,0.14469487220048904,
0,260816,matched,MATCHED_Impulsive,Proposed_CA_CNN_RNND,1223,0.3974550813436508,0.2793463170528412,0.11810876242816448,
0,260816,matched,MATCHED_Impulsive,Proposed_CA_CNN_RNND,1224,0.4555155485868454,0.3296896740794182,0.12582586333155632,
0,260816,matched,MATCHED_Impulsive,Proposed_CA_CNN_RNND,1225,0.49106574803590775,0.36330126971006393,0.1277644746005535,
0,260816,matched,MATCHED_Impulsive,Proposed_CA_CNN_RNND,1226,0.4827488139271736,0.34347108751535416,0.13927772641181946,
0,260816,matched,MATCHED_Impulsive,Proposed_CA_CNN_RNND,1227,0.30324751511216164,0.20150228962302208,0.10174522548913956,
0,260816,matched,MATCHED_Impulsive,Proposed_CA_CNN_RNND,1228,0.4722219184041023,0.34261876344680786,0.12960315868258476,
0,260816,matched,MATCHED_Impulsive,Proposed_CA_CNN_RNND,1229,0.4936673939228058,0.361771896481514,0.1318955086171627,
0,260816,matched,MATCHED_Impulsive,Proposed_CA_CNN_RNND,1230,0.3781467452645302,0.26223908364772797,0.11590766161680222,
0,260816,matched,MATCHED_Impulsive,Proposed_CA_CNN_RNND,1231,0.41999030858278275,0.30030418187379837,0.11968612670898438,
0,260816,matched,MATCHED_Impulsive,Proposed_CA_CNN_RNND,1232,0.34620195254683495,0.24037034437060356,0.10583160631358624,
0,260816,matched,MATCHED_Impulsive,Proposed_CA_CNN_RNND,1233,0.43149372190237045,0.30614565312862396,0.1253480687737465,
0,260816,matched,MATCHED_Impulsive,Proposed_CA_CNN_RNND,1234,0.456067830324173,0.32958412915468216,0.12648369744420052,
0,260816,matched,MATCHED_Impulsive,Proposed_CA_CNN_RNND,1235,0.3921547047793865,0.27852603793144226,0.11362868174910545,
0,260816,matched,MATCHED_Impulsive,Proposed_CA_CNN_RNND,1236,0.42115219682455063,0.30233101174235344,0.11882118880748749,
0,260816,matched,MATCHED_Impulsive,Proposed_CA_CNN_RNND,1237,0.5339357331395149,0.3965084105730057,0.13742733001708984,
0,260816,matched,MATCHED_Impulsive,Proposed_CA_CNN_RNND,1238,0.4176591634750366,0.30243995040655136,0.11521920561790466,
0,260816,matched,MATCHED_Impulsive,Proposed_CA_CNN_RNND,1239,0.565868154168129,0.41951581835746765,0.14635231904685497,
0,260816,matched,MATCHED_Impulsive,Proposed_CA_CNN_RNND,1240,0.360639363527298,0.2548440471291542,0.10579532571136951,
0,260816,matched,MATCHED_Impulsive,Proposed_CA_CNN_RNND,1241,0.3597780466079712,0.24855638667941093,0.11122166365385056,
0,260816,matched,MATCHED_Impulsive,Proposed_CA_CNN_RNND,1242,0.4080013632774353,0.29106395691633224,0.11693740636110306,
0,260816,matched,MATCHED_Impulsive,Proposed_CA_CNN_RNND,1243,0.5072033256292343,0.3657238706946373,0.14147945679724216,
0,260816,matched,MATCHED_Impulsive,Proposed_CA_CNN_RNND,1244,0.45051751285791397,0.32464300096035004,0.12587451003491879,
0,260816,matched,MATCHED_Impulsive,Proposed_CA_CNN_RNND,1245,0.5812232792377472,0.43088140711188316,0.15034188143908978,
0,260816,matched,MATCHED_Impulsive,Proposed_CA_CNN_RNND,1246,0.4073687419295311,0.29420287907123566,0.11316586099565029,
0,260816,matched,MATCHED_Impulsive,Proposed_CA_CNN_RNND,1247,0.47382736951112747,0.3484767749905586,0.12535059824585915,
0,260816,matched,MATCHED_Impulsive,Proposed_CA_CNN_RNND,1248,0.4095897600054741,0.29124666005373,0.11834311112761497,
0,260816,matched,MATCHED_Impulsive,Proposed_CA_CNN_RNND,1249,0.30676063150167465,0.2039955034852028,0.10276512987911701,
0,260816,matched,MATCHED_Impulsive,Proposed_CA_CNN_RNND,1250,0.48028118163347244,0.35243548452854156,0.12784569337964058,
0,260816,matched,MATCHED_Impulsive,Proposed_CA_CNN_RNND,1251,0.4888252429664135,0.35366059839725494,0.13516464084386826,
0,260816,matched,MATCHED_Impulsive,Proposed_CA_CNN_RNND,1252,0.46868812292814255,0.33663228154182434,0.1320558376610279,
0,260816,matched,MATCHED_Impulsive,Proposed_CA_CNN_RNND,1253,0.4630148485302925,0.3448477163910866,0.11816713772714138,
0,260816,matched,MATCHED_Impulsive,Proposed_CA_CNN_RNND,1254,0.4160263426601887,0.29560601711273193,0.12042032927274704,
0,260816,matched,MATCHED_Impulsive,Proposed_CA_CNN_RNND,1255,0.4196002781391144,0.2982199117541313,0.12138037197291851,
0,260816,matched,MATCHED_Impulsive,Proposed_CA_CNN_RNND,1256,0.4975905865430832,0.3689488172531128,0.12864177115261555,
0,260816,matched,MATCHED_Impulsive,Proposed_CA_CNN_RNND,1257,0.4778081327676773,0.350065253674984,0.12774287723004818,
0,260816,matched,MATCHED_Impulsive,Proposed_CA_CNN_RNND,1258,0.3840346150100231,0.2744969576597214,0.10953766480088234,
0,260816,matched,MATCHED_Impulsive,Proposed_CA_CNN_RNND,1259,0.29792074114084244,0.2070964016020298,0.09082434140145779,
0,260816,matched,MATCHED_Impulsive,Proposed_CA_CNN_RNND,1260,0.3637467101216316,0.260203767567873,0.10354293882846832,
0,260816,matched,MATCHED_Impulsive,Proposed_CA_CNN_RNND,1261,0.3834463953971863,0.267617117613554,0.11582927964627743,
0,260816,matched,MATCHED_Impulsive,Proposed_CA_CNN_RNND,1262,0.5216054320335388,0.3765496090054512,0.14505581557750702,
0,260816,matched,MATCHED_Impulsive,Proposed_CA_CNN_RNND,1263,0.42035984992980957,0.3034202456474304,0.11693960055708885,
0,260816,matched,MATCHED_Impulsive,Proposed_CA_CNN_RNND,1264,0.2796601243317127,0.18792232125997543,0.09173780307173729,
0,260816,matched,MATCHED_Impulsive,Proposed_CA_CNN_RNND,1265,0.4115220680832863,0.2980613596737385,0.11346070282161236,
0,260816,matched,MATCHED_Impulsive,Proposed_CA_CNN_RNND,1266,0.48521026968955994,0.3526831567287445,0.13252710737287998,
0,260816,matched,MATCHED_Impulsive,Proposed_CA_CNN_RNND,1267,0.49412453174591064,0.36546890437602997,0.12865563109517097,
0,260816,matched,MATCHED_Impulsive,Proposed_CA_CNN_RNND,1268,0.488480307161808,0.3556431084871292,0.1328371912240982,
0,260816,matched,MATCHED_Impulsive,Proposed_CA_CNN_RNND,1269,0.2943630665540695,0.19529348984360695,0.09906957112252712,
0,260816,matched,MATCHED_Impulsive,Proposed_CA_CNN_RNND,1270,0.3348531201481819,0.22872164845466614,0.10613148659467697,
0,260816,matched,MATCHED_Impulsive,Proposed_CA_CNN_RNND,1271,0.3823561295866966,0.2776085212826729,0.10474761389195919,
0,260816,matched,MATCHED_Impulsive,Proposed_CA_CNN_RNND,1272,0.42833272367715836,0.31006694957613945,0.11826577223837376,
0,260816,matched,MATCHED_Impulsive,Proposed_CA_CNN_RNND,1273,0.4866737574338913,0.34973469004034996,0.13693905994296074,
0,260816,matched,MATCHED_Impulsive,Proposed_CA_CNN_RNND,1274,0.44278765469789505,0.32333946228027344,0.11944818124175072,
0,260816,matched,MATCHED_Impulsive,Proposed_CA_CNN_RNND,1275,0.5372139140963554,0.3980609104037285,0.1391530130058527,
0,260816,matched,MATCHED_Impulsive,Proposed_CA_CNN_RNND,1276,0.47995399683713913,0.3527362123131752,0.12721778638660908,
0,260816,matched,MATCHED_Impulsive,Proposed_CA_CNN_RNND,1277,0.46100812405347824,0.33918438106775284,0.121823750436306,
0,260816,matched,MATCHED_Impulsive,Proposed_CA_CNN_RNND,1278,0.4182971864938736,0.30116913840174675,0.1171280536800623,
0,260816,matched,MATCHED_Impulsive,Proposed_CA_CNN_RNND,1279,0.45563817024230957,0.3307454362511635,0.12489272281527519,
0,260816,matched,MATCHED_Impulsive,Proposed_CA_CNN_RNND,1280,0.40097980201244354,0.28938310220837593,0.11159670352935791,
0,260816,matched,MATCHED_Impulsive,Proposed_CA_CNN_RNND,1281,0.4376199319958687,0.3220899812877178,0.11552994698286057,
0,260816,matched,MATCHED_Impulsive,Proposed_CA_CNN_RNND,1282,0.5095264911651611,0.3784390315413475,0.13108746707439423,
0,260816,matched,MATCHED_Impulsive,Proposed_CA_CNN_RNND,1283,0.49834293127059937,0.36331774666905403,0.13502518460154533,
0,260816,matched,MATCHED_Impulsive,Proposed_CA_CNN_RNND,1284,0.3661837950348854,0.25723540410399437,0.10894839651882648,
0,260816,matched,MATCHED_Impulsive,Proposed_CA_CNN_RNND,1285,0.3257797956466675,0.22370530664920807,0.10207448899745941,
0,260816,matched,MATCHED_Impulsive,Proposed_CA_CNN_RNND,1286,0.37030821293592453,0.26273442059755325,0.10757378488779068,
0,260816,matched,MATCHED_Impulsive,Proposed_CA_CNN_RNND,1287,0.6079962253570557,0.45865240693092346,0.1493437960743904,
0,260816,matched,MATCHED_Impulsive,Proposed_CA_CNN_RNND,1288,0.41507431492209435,0.2979394979774952,0.1171348076313734,
0,260816,matched,MATCHED_Impulsive,Proposed_CA_CNN_RNND,1289,0.46301890909671783,0.3433077484369278,0.11971117556095123,
0,260816,matched,MATCHED_Impulsive,Proposed_CA_CNN_RNND,1290,0.4986660033464432,0.3672538697719574,0.13141212053596973,
0,260816,matched,MATCHED_Impulsive,Proposed_CA_CNN_RNND,1291,0.5341456905007362,0.3998015485703945,0.13434414379298687,
0,260816,matched,MATCHED_Impulsive,Proposed_CA_CNN_RNND,1292,0.3399820327758789,0.23768894374370575,0.10229309275746346,
0,260816,matched,MATCHED_Impulsive,Proposed_CA_CNN_RNND,1293,0.5163489952683449,0.3795510455965996,0.13679794408380985,
0,260816,matched,MATCHED_Impulsive,Proposed_CA_CNN_RNND,1294,0.4546995162963867,0.33347517997026443,0.12122434191405773,
0,260816,matched,MATCHED_Impulsive,Proposed_CA_CNN_RNND,1295,0.5151133164763451,0.38247663527727127,0.13263667933642864,
0,260816,matched,MATCHED_Impulsive,Proposed_CA_CNN_RNND,1296,0.4727567732334137,0.34642772376537323,0.12632906064391136,
0,260816,matched,MATCHED_Impulsive,Proposed_CA_CNN_RNND,1297,0.4318547174334526,0.3172982819378376,0.11455643363296986,
0,260816,matched,MATCHED_Impulsive,Proposed_CA_CNN_RNND,1298,0.3969374969601631,0.28668322041630745,0.11025428399443626,
0,260816,matched,MATCHED_Impulsive,Proposed_CA_CNN_RNND,1299,0.5005897358059883,0.36982037127017975,0.13076936826109886,
0,260816,matched,MATCHED_Impulsive,Proposed_CA_CNN_RNND,1300,0.2849626988172531,0.19642798975110054,0.08853470720350742,
0,260816,matched,MATCHED_Impulsive,Proposed_CA_CNN_RNND,1301,0.421725545078516,0.3066949024796486,0.11503065004944801,
0,260816,matched,MATCHED_Impulsive,Proposed_CA_CNN_RNND,1302,0.4778938964009285,0.3467063531279564,0.1311875432729721,
0,260816,matched,MATCHED_Impulsive,Proposed_CA_CNN_RNND,1303,0.3219708986580372,0.22649427503347397,0.09547662176191807,
0,260816,matched,MATCHED_Impulsive,Proposed_CA_CNN_RNND,1304,0.3690151162445545,0.26222217455506325,0.10679293237626553,
0,260816,matched,MATCHED_Impulsive,Proposed_CA_CNN_RNND,1305,0.49482158571481705,0.36707648634910583,0.1277451068162918,
0,260816,matched,MATCHED_Impulsive,Proposed_CA_CNN_RNND,1306,0.34798194468021393,0.24836108833551407,0.09962084144353867,
0,260816,matched,MATCHED_Impulsive,Proposed_CA_CNN_RNND,1307,0.454509399831295,0.33312084525823593,0.12138855643570423,
0,260816,matched,MATCHED_Impulsive,Proposed_CA_CNN_RNND,1308,0.3021148554980755,0.20973080396652222,0.09238404966890812,
0,260816,matched,MATCHED_Impulsive,Proposed_CA_CNN_RNND,1309,0.4218377396464348,0.3033408485352993,0.11849689856171608,
0,260816,matched,MATCHED_Impulsive,Proposed_CA_CNN_RNND,1310,0.4282354637980461,0.3086230456829071,0.1196124255657196,
0,260816,matched,MATCHED_Impulsive,Proposed_CA_CNN_RNND,1311,0.585457518696785,0.4371696189045906,0.14828789234161377,
0,260816,matched,MATCHED_Impulsive,Proposed_CA_CNN_RNND,1312,0.4332594946026802,0.3124692365527153,0.1207902617752552,
0,260816,matched,MATCHED_Impulsive,Proposed_CA_CNN_RNND,1313,0.43021099269390106,0.31143393740057945,0.11877706088125706,
0,260816,matched,MATCHED_Impulsive,Proposed_CA_CNN_RNND,1314,0.5613447576761246,0.4170808121562004,0.1442639585584402,
0,260816,matched,MATCHED_Impulsive,Proposed_CA_CNN_RNND,1315,0.414013359695673,0.30788860097527504,0.1061247494071722,
0,260816,matched,MATCHED_Impulsive,Proposed_CA_CNN_RNND,1316,0.40169303119182587,0.2895979806780815,0.1120950523763895,
0,260816,matched,MATCHED_Impulsive,Proposed_CA_CNN_RNND,1317,0.5464780554175377,0.39983846992254257,0.14663957245647907,
0,260816,matched,MATCHED_Impulsive,Proposed_CA_CNN_RNND,1318,0.3456813395023346,0.2444721721112728,0.10120916925370693,
0,260816,matched,MATCHED_Impulsive,Proposed_CA_CNN_RNND,1319,0.51093889772892,0.3807774856686592,0.13016140833497047,
0,260816,matched,MATCHED_Impulsive,Proposed_CA_CNN_RNND,1320,0.37964440137147903,0.27149444818496704,0.10814994759857655,
0,260816,matched,MATCHED_Impulsive,Proposed_CA_CNN_RNND,1321,0.46172044426202774,0.3417438119649887,0.11997663602232933,
0,260816,matched,MATCHED_Impulsive,Proposed_CA_CNN_RNND,1322,0.4264316037297249,0.3109501376748085,0.11548146419227123,
0,260816,matched,MATCHED_Impulsive,Proposed_CA_CNN_RNND,1323,0.5374606922268867,0.4080265387892723,0.12943415343761444,
0,260816,matched,MATCHED_Impulsive,Proposed_CA_CNN_RNND,1324,0.5162092298269272,0.3783782497048378,0.13783098012208939,
0,260816,matched,MATCHED_Impulsive,Proposed_CA_CNN_RNND,1325,0.39174771308898926,0.2779809795320034,0.11376673355698586,
0,260816,matched,MATCHED_Impulsive,Proposed_CA_CNN_RNND,1326,0.3186439871788025,0.22326038405299187,0.09538359940052032,
0,260816,matched,MATCHED_Impulsive,Proposed_CA_CNN_RNND,1327,0.5324172973632812,0.392320454120636,0.14009683579206467,
0,260816,matched,MATCHED_Impulsive,Proposed_CA_CNN_RNND,1328,0.28993700072169304,0.20244459435343742,0.08749240264296532,
0,260816,matched,MATCHED_Impulsive,Proposed_CA_CNN_RNND,1329,0.47662749141454697,0.3536272495985031,0.12300024181604385,
0,260816,matched,MATCHED_Impulsive,Proposed_CA_CNN_RNND,1330,0.49399594962596893,0.3647664785385132,0.12922946363687515,
0,260816,matched,MATCHED_Impulsive,Proposed_CA_CNN_RNND,1331,0.42839711904525757,0.3105725534260273,0.11782457120716572,
0,260816,matched,MATCHED_Impulsive,Proposed_CA_CNN_RNND,1332,0.3878132030367851,0.2784678414463997,0.10934535972774029,
0,260816,matched,MATCHED_Impulsive,Proposed_CA_CNN_RNND,1333,0.3362043872475624,0.23381559923291206,0.1023887861520052,
0,260816,matched,MATCHED_Impulsive,Proposed_CA_CNN_RNND,1334,0.36091281473636627,0.25657081604003906,0.10434199683368206,
0,260816,matched,MATCHED_Impulsive,Proposed_CA_CNN_RNND,1335,0.3310656026005745,0.2339220717549324,0.09714352525770664,
0,260816,matched,MATCHED_Impulsive,Proposed_CA_CNN_RNND,1336,0.4997290000319481,0.36743174120783806,0.13229726068675518,
0,260816,matched,MATCHED_Impulsive,Proposed_CA_CNN_RNND,1337,0.518434688448906,0.37854737788438797,0.13988731428980827,
0,260816,matched,MATCHED_Impulsive,Proposed_CA_CNN_RNND,1338,0.4263908565044403,0.3081214353442192,0.1182694174349308,
0,260816,matched,MATCHED_Impulsive,Proposed_CA_CNN_RNND,1339,0.4153226800262928,0.30370626598596573,0.11161641404032707,
0,260816,matched,MATCHED_Impulsive,Proposed_CA_CNN_RNND,1340,0.4720703810453415,0.3451673835515976,0.126902986317873,
0,260816,matched,MATCHED_Impulsive,Proposed_CA_CNN_RNND,1341,0.49197693169116974,0.3661593981087208,0.1258175354450941,
0,260816,matched,MATCHED_Impulsive,Proposed_CA_CNN_RNND,1342,0.45255260169506073,0.3301219344139099,0.12243067100644112,
0,260816,matched,MATCHED_Impulsive,Proposed_CA_CNN_RNND,1343,0.5104584842920303,0.3806532770395279,0.1298051904886961,
0,260816,matched,MATCHED_Impulsive,Proposed_CA_CNN_RNND,1344,0.4455669894814491,0.33084868639707565,0.11471830680966377,
0,260816,matched,MATCHED_Impulsive,Proposed_CA_CNN_RNND,1345,0.5022302567958832,0.37333983927965164,0.1288904007524252,
0,260816,matched,MATCHED_Impulsive,Proposed_CA_CNN_RNND,1346,0.2850918471813202,0.1929606795310974,0.09213116765022278,
0,260816,matched,MATCHED_Impulsive,Proposed_CA_CNN_RNND,1347,0.41517630219459534,0.30355650931596756,0.11161979287862778,
0,260816,matched,MATCHED_Impulsive,Proposed_CA_CNN_RNND,1348,0.3314971551299095,0.23299680650234222,0.09850035421550274,
0,260816,matched,MATCHED_Impulsive,Proposed_CA_CNN_RNND,1349,0.3750755712389946,0.2681564837694168,0.10691908374428749,
0,260816,matched,MATCHED_Impulsive,Proposed_CA_CNN_RNND,1350,0.3691093549132347,0.26055122166872025,0.10855813696980476,
0,260816,matched,MATCHED_Impulsive,Proposed_CA_CNN_RNND,1351,0.4017545282840729,0.29158682748675346,0.11016769707202911,
0,260816,matched,MATCHED_Impulsive,Proposed_CA_CNN_RNND,1352,0.4026993438601494,0.2959209457039833,0.10677839070558548,
0,260816,matched,MATCHED_Impulsive,Proposed_CA_CNN_RNND,1353,0.4399852305650711,0.317263625562191,0.1227216050028801,
0,260816,matched,MATCHED_Impulsive,Proposed_CA_CNN_RNND,1354,0.38394489884376526,0.2803673967719078,0.10357749834656715,
0,260816,matched,MATCHED_Impulsive,Proposed_CA_CNN_RNND,1355,0.49386195093393326,0.3667747974395752,0.12708716839551926,
0,260816,matched,MATCHED_Impulsive,Proposed_CA_CNN_RNND,1356,0.5244473665952682,0.38986286520957947,0.13458451069891453,
0,260816,matched,MATCHED_Impulsive,Proposed_CA_CNN_RNND,1357,0.4633336439728737,0.33761609345674515,0.1257175598293543,
0,260816,matched,MATCHED_Impulsive,Proposed_CA_CNN_RNND,1358,0.4271247088909149,0.30876515805721283,0.11835953779518604,
0,260816,matched,MATCHED_Impulsive,Proposed_CA_CNN_RNND,1359,0.40470022708177567,0.29188916832208633,0.11281105689704418,
0,260816,matched,MATCHED_Impulsive,Proposed_CA_CNN_RNND,1360,0.4651583954691887,0.3459073156118393,0.11925106681883335,
0,260816,matched,MATCHED_Impulsive,Proposed_CA_CNN_RNND,1361,0.313938919454813,0.22286320105195045,0.09107571467757225,
0,260816,matched,MATCHED_Impulsive,Proposed_CA_CNN_RNND,1362,0.39312803745269775,0.2835022546350956,0.10962577536702156,
0,260816,matched,MATCHED_Impulsive,Proposed_CA_CNN_RNND,1363,0.41404107958078384,0.3052498660981655,0.10879121720790863,
0,260816,matched,MATCHED_Impulsive,Proposed_CA_CNN_RNND,1364,0.4168277084827423,0.3025491125881672,0.11427859030663967,
0,260816,matched,MATCHED_Impulsive,Proposed_CA_CNN_RNND,1365,0.48179997876286507,0.35403626784682274,0.12776372209191322,
0,260816,matched,MATCHED_Impulsive,Proposed_CA_CNN_RNND,1366,0.5230042859911919,0.3922792971134186,0.13072499260306358,
0,260816,matched,MATCHED_Impulsive,Proposed_CA_CNN_RNND,1367,0.4177047461271286,0.3051697909832001,0.11253494769334793,
0,260816,matched,MATCHED_Impulsive,Proposed_CA_CNN_RNND,1368,0.40628789365291595,0.2957756891846657,0.11051220633089542,
0,260816,matched,MATCHED_Impulsive,Proposed_CA_CNN_RNND,1369,0.49390561878681183,0.3730895109474659,0.12081611901521683,
0,260816,matched,MATCHED_Impulsive,Proposed_CA_CNN_RNND,1370,0.49188118427991867,0.3645167797803879,0.12736439891159534,
0,260816,matched,MATCHED_Impulsive,Proposed_CA_CNN_RNND,1371,0.4163110554218292,0.3032469376921654,0.11306411400437355,
0,260816,matched,MATCHED_Impulsive,Proposed_CA_CNN_RNND,1372,0.565743662416935,0.4212844520807266,0.14445920661091805,
0,260816,matched,MATCHED_Impulsive,Proposed_CA_CNN_RNND,1373,0.4757363349199295,0.3570732846856117,0.11866305582225323,
0,260816,matched,MATCHED_Impulsive,Proposed_CA_CNN_RNND,1374,0.4835248365998268,0.354924738407135,0.12860009260475636,
0,260816,matched,MATCHED_Impulsive,Proposed_CA_CNN_RNND,1375,0.35621024668216705,0.2559740021824837,0.10023623518645763,
0,260816,matched,MATCHED_Impulsive,Proposed_CA_CNN_RNND,1376,0.41715290397405624,0.30271560698747635,0.11443728767335415,
0,260816,matched,MATCHED_Impulsive,Proposed_CA_CNN_RNND,1377,0.48769809305667877,0.3543026074767113,0.13339549489319324,
0,260816,matched,MATCHED_Impulsive,Proposed_CA_CNN_RNND,1378,0.4344855695962906,0.3187270835042,0.11575847677886486,
0,260816,matched,MATCHED_Impulsive,Proposed_CA_CNN_RNND,1379,0.47575151175260544,0.3526565730571747,0.12309493869543076,
0,260816,matched,MATCHED_Impulsive,Proposed_CA_CNN_RNND,1380,0.49137523770332336,0.3633873872458935,0.1279878430068493,
0,260816,matched,MATCHED_Impulsive,Proposed_CA_CNN_RNND,1381,0.5338561162352562,0.40587617456912994,0.12797994166612625,
0,260816,matched,MATCHED_Impulsive,Proposed_CA_CNN_RNND,1382,0.6183042079210281,0.46630724519491196,0.15199696272611618,
0,260816,matched,MATCHED_Impulsive,Proposed_CA_CNN_RNND,1383,0.5235340595245361,0.3929866999387741,0.13054736144840717,
0,260816,matched,MATCHED_Impulsive,Proposed_CA_CNN_RNND,1384,0.4234921373426914,0.31010252609848976,0.11338961869478226,
0,260816,matched,MATCHED_Impulsive,Proposed_CA_CNN_RNND,1385,0.5306695625185966,0.39364686608314514,0.1370227038860321,
0,260816,matched,MATCHED_Impulsive,Proposed_CA_CNN_RNND,1386,0.3961053714156151,0.28890007734298706,0.10720529593527317,
0,260816,matched,MATCHED_Impulsive,Proposed_CA_CNN_RNND,1387,0.5448740422725677,0.4057580269873142,0.13911601714789867,
0,260816,matched,MATCHED_Impulsive,Proposed_CA_CNN_RNND,1388,0.4988442026078701,0.3667083829641342,0.1321358121931553,
0,260816,matched,MATCHED_Impulsive,Proposed_CA_CNN_RNND,1389,0.4819745272397995,0.35606547072529793,0.12590906023979187,
0,260816,matched,MATCHED_Impulsive,Proposed_CA_CNN_RNND,1390,0.3928113505244255,0.29334206879138947,0.0994692761451006,
0,260816,matched,MATCHED_Impulsive,Proposed_CA_CNN_RNND,1391,0.38309696316719055,0.2753360867500305,0.10776086710393429,
0,260816,matched,MATCHED_Impulsive,Proposed_CA_CNN_RNND,1392,0.43601094186306,0.31788473203778267,0.11812621727585793,
0,260816,matched,MATCHED_Impulsive,Proposed_CA_CNN_RNND,1393,0.4910484179854393,0.36622150987386703,0.12482690066099167,
0,260816,matched,MATCHED_Impulsive,Proposed_CA_CNN_RNND,1394,0.38207487761974335,0.2822508402168751,0.09982404112815857,
0,260816,matched,MATCHED_Impulsive,Proposed_CA_CNN_RNND,1395,0.4828293174505234,0.35779982432723045,0.12502949871122837,
0,260816,matched,MATCHED_Impulsive,Proposed_CA_CNN_RNND,1396,0.5254113748669624,0.3910183534026146,0.1343930196017027,
0,260816,matched,MATCHED_Impulsive,Proposed_CA_CNN_RNND,1397,0.4921150505542755,0.3598574511706829,0.1322575807571411,
0,260816,matched,MATCHED_Impulsive,Proposed_CA_CNN_RNND,1398,0.4301258623600006,0.3149251379072666,0.11520071886479855,
0,260816,matched,MATCHED_Impulsive,Proposed_CA_CNN_RNND,1399,0.4960106909275055,0.3587556220591068,0.13725507631897926,
0,260816,matched,MATCHED_Impulsive,Proposed_CA_CNN_RNND,1400,0.48646730184555054,0.36300017312169075,0.12346711754798889,-0.7495823661596812
0,260816,matched,MATCHED_Impulsive,Proposed_CA_CNN_RNND,1401,0.5315365493297577,0.39556220173835754,0.13597434759140015,
0,260816,matched,MATCHED_Impulsive,Proposed_CA_CNN_RNND,1402,0.373553566634655,0.27210142090916634,0.10145214572548866,
0,260816,matched,MATCHED_Impulsive,Proposed_CA_CNN_RNND,1403,0.39304307848215103,0.28585995361208916,0.10718311555683613,
0,260816,matched,MATCHED_Impulsive,Proposed_CA_CNN_RNND,1404,0.5276518315076828,0.3969991207122803,0.13065271265804768,
0,260816,matched,MATCHED_Impulsive,Proposed_CA_CNN_RNND,1405,0.43246468156576157,0.3187835142016411,0.11368117108941078,
0,260816,matched,MATCHED_Impulsive,Proposed_CA_CNN_RNND,1406,0.3527427315711975,0.25242701917886734,0.10031571052968502,
0,260816,matched,MATCHED_Impulsive,Proposed_CA_CNN_RNND,1407,0.44978848844766617,0.33720724284648895,0.11258123070001602,
0,260816,matched,MATCHED_Impulsive,Proposed_CA_CNN_RNND,1408,0.4369620494544506,0.32819683849811554,0.10876519978046417,
0,260816,matched,MATCHED_Impulsive,Proposed_CA_CNN_RNND,1409,0.4628254473209381,0.34421506524086,0.11861037462949753,
0,260816,matched,MATCHED_Impulsive,Proposed_CA_CNN_RNND,1410,0.30999302491545677,0.21712592989206314,0.09286708943545818,
0,260816,matched,MATCHED_Impulsive,Proposed_CA_CNN_RNND,1411,0.5608070194721222,0.4158603101968765,0.14494670927524567,
0,260816,matched,MATCHED_Impulsive,Proposed_CA_CNN_RNND,1412,0.5428232997655869,0.411255344748497,0.1315679680556059,
0,260816,matched,MATCHED_Impulsive,Proposed_CA_CNN_RNND,1413,0.4087998643517494,0.30476704239845276,0.10403281636536121,
0,260816,matched,MATCHED_Impulsive,Proposed_CA_CNN_RNND,1414,0.38896990567445755,0.28304513543844223,0.10592477582395077,
0,260816,matched,MATCHED_Impulsive,Proposed_CA_CNN_RNND,1415,0.2967754900455475,0.209311343729496,0.08746414817869663,
0,260816,matched,MATCHED_Impulsive,Proposed_CA_CNN_RNND,1416,0.3337411843240261,0.23606891557574272,0.09767227061092854,
0,260816,matched,MATCHED_Impulsive,Proposed_CA_CNN_RNND,1417,0.4249377027153969,0.30784348025918007,0.11709422059357166,
0,260816,matched,MATCHED_Impulsive,Proposed_CA_CNN_RNND,1418,0.39464641362428665,0.27889589965343475,0.1157505065202713,
0,260816,matched,MATCHED_Impulsive,Proposed_CA_CNN_RNND,1419,0.4561810530722141,0.3325467221438885,0.12363432720303535,
0,260816,matched,MATCHED_Impulsive,Proposed_CA_CNN_RNND,1420,0.4246084913611412,0.31422707810997963,0.11038140393793583,
0,260816,matched,MATCHED_Impulsive,Proposed_CA_CNN_RNND,1421,0.4204314313828945,0.31205394491553307,0.10837748274207115,
0,260816,matched,MATCHED_Impulsive,Proposed_CA_CNN_RNND,1422,0.46881482005119324,0.35350459814071655,0.11531022377312183,
0,260816,matched,MATCHED_Impulsive,Proposed_CA_CNN_RNND,1423,0.5090859830379486,0.381089486181736,0.12799649871885777,
0,260816,matched,MATCHED_Impulsive,Proposed_CA_CNN_RNND,1424,0.39747272804379463,0.2886567711830139,0.10881596803665161,
0,260816,matched,MATCHED_Impulsive,Proposed_CA_CNN_RNND,1425,0.43951157480478287,0.3274838626384735,0.11202770285308361,
0,260816,matched,MATCHED_Impulsive,Proposed_CA_CNN_RNND,1426,0.5587114095687866,0.4202299788594246,0.13848142325878143,
0,260816,matched,MATCHED_Impulsive,Proposed_CA_CNN_RNND,1427,0.45128320157527924,0.33772335946559906,0.11355983652174473,
0,260816,matched,MATCHED_Impulsive,Proposed_CA_CNN_RNND,1428,0.4809204712510109,0.3549312427639961,0.12598922848701477,
0,260816,matched,MATCHED_Impulsive,Proposed_CA_CNN_RNND,1429,0.42041856423020363,0.3125537037849426,0.10786485113203526,
0,260816,matched,MATCHED_Impulsive,Proposed_CA_CNN_RNND,1430,0.31803087145090103,0.232700664550066,0.08533021248877048,
0,260816,matched,MATCHED_Impulsive,Proposed_CA_CNN_RNND,1431,0.4420735836029053,0.3257518410682678,0.1163217518478632,
0,260816,matched,MATCHED_Impulsive,Proposed_CA_CNN_RNND,1432,0.4636014923453331,0.3494083173573017,0.11419317126274109,
0,260816,matched,MATCHED_Impulsive,Proposed_CA_CNN_RNND,1433,0.3725373148918152,0.27340418845415115,0.09913312457501888,
0,260816,matched,MATCHED_Impulsive,Proposed_CA_CNN_RNND,1434,0.553307481110096,0.4115883931517601,0.14171907491981983,
0,260816,matched,MATCHED_Impulsive,Proposed_CA_CNN_RNND,1435,0.423530250787735,0.3183959014713764,0.10513434372842312,
0,260816,matched,MATCHED_Impulsive,Proposed_CA_CNN_RNND,1436,0.5421983450651169,0.4113241955637932,0.1308741420507431,
0,260816,matched,MATCHED_Impulsive,Proposed_CA_CNN_RNND,1437,0.36130255460739136,0.2644345760345459,0.09686798229813576,
0,260816,matched,MATCHED_Impulsive,Proposed_CA_CNN_RNND,1438,0.3937192000448704,0.28551993891596794,0.10819925926625729,
0,260816,matched,MATCHED_Impulsive,Proposed_CA_CNN_RNND,1439,0.29321660473942757,0.20405059680342674,0.08916601352393627,
0,260816,matched,MATCHED_Impulsive,Proposed_CA_CNN_RNND,1440,0.46949393302202225,0.3520398363471031,0.11745409853756428,
0,260816,matched,MATCHED_Impulsive,Proposed_CA_CNN_RNND,1441,0.4291515499353409,0.3127064108848572,0.11644514463841915,
0,260816,matched,MATCHED_Impulsive,Proposed_CA_CNN_RNND,1442,0.3838978037238121,0.28586824983358383,0.09802956134080887,
0,260816,matched,MATCHED_Impulsive,Proposed_CA_CNN_RNND,1443,0.3847205564379692,0.2850423827767372,0.0996781662106514,
0,260816,matched,MATCHED_Impulsive,Proposed_CA_CNN_RNND,1444,0.40437083318829536,0.29973993077874184,0.10463091172277927,
0,260816,matched,MATCHED_Impulsive,Proposed_CA_CNN_RNND,1445,0.55770044028759,0.4168451651930809,0.14085527509450912,
0,260816,matched,MATCHED_Impulsive,Proposed_CA_CNN_RNND,1446,0.3838190883398056,0.28111105412244797,0.10270803421735764,
0,260816,matched,MATCHED_Impulsive,Proposed_CA_CNN_RNND,1447,0.2900136224925518,0.21164051815867424,0.07837310433387756,
0,260816,matched,MATCHED_Impulsive,Proposed_CA_CNN_RNND,1448,0.610298827290535,0.46452171355485916,0.14577709883451462,
0,260816,matched,MATCHED_Impulsive,Proposed_CA_CNN_RNND,1449,0.3884749561548233,0.28971824795007706,0.0987567063421011,
0,260816,matched,MATCHED_Impulsive,Proposed_CA_CNN_RNND,1450,0.5280541628599167,0.3987523317337036,0.12930181622505188,
0,260816,matched,MATCHED_Impulsive,Proposed_CA_CNN_RNND,1451,0.4239287003874779,0.31766797229647636,0.10626073740422726,
0,260816,matched,MATCHED_Impulsive,Proposed_CA_CNN_RNND,1452,0.4348306506872177,0.32288479059934616,0.1119458619505167,
0,260816,matched,MATCHED_Impulsive,Proposed_CA_CNN_RNND,1453,0.42811527848243713,0.317419346421957,0.11069593392312527,
0,260816,matched,MATCHED_Impulsive,Proposed_CA_CNN_RNND,1454,0.4694862812757492,0.3470580279827118,0.12242825143039227,
0,260816,matched,MATCHED_Impulsive,Proposed_CA_CNN_RNND,1455,0.4939396008849144,0.36852550506591797,0.12541410513222218,
0,260816,matched,MATCHED_Impulsive,Proposed_CA_CNN_RNND,1456,0.4630521386861801,0.34814200922846794,0.11491012200713158,
0,260816,matched,MATCHED_Impulsive,Proposed_CA_CNN_RNND,1457,0.5123840793967247,0.3840492367744446,0.12833483703434467,
0,260816,matched,MATCHED_Impulsive,Proposed_CA_CNN_RNND,1458,0.4328233674168587,0.3165428414940834,0.11628053709864616,
0,260816,matched,MATCHED_Impulsive,Proposed_CA_CNN_RNND,1459,0.4459813982248306,0.3297800123691559,0.116201376542449,
0,260816,matched,MATCHED_Impulsive,Proposed_CA_CNN_RNND,1460,0.35432806611061096,0.2590145580470562,0.09531351178884506,
0,260816,matched,MATCHED_Impulsive,Proposed_CA_CNN_RNND,1461,0.4104611501097679,0.30286870151758194,0.10759245418012142,
0,260816,matched,MATCHED_Impulsive,Proposed_CA_CNN_RNND,1462,0.4074230492115021,0.308130607008934,0.09929242730140686,
0,260816,matched,MATCHED_Impulsive,Proposed_CA_CNN_RNND,1463,0.4246784448623657,0.31184735149145126,0.11283109523355961,
0,260816,matched,MATCHED_Impulsive,Proposed_CA_CNN_RNND,1464,0.364058680832386,0.2701761722564697,0.09388250298798084,
0,260816,matched,MATCHED_Impulsive,Proposed_CA_CNN_RNND,1465,0.5230748504400253,0.39342793077230453,0.12964691780507565,
0,260816,matched,MATCHED_Impulsive,Proposed_CA_CNN_RNND,1466,0.35155730322003365,0.2550317272543907,0.09652557410299778,
0,260816,matched,MATCHED_Impulsive,Proposed_CA_CNN_RNND,1467,0.4725147895514965,0.3496463969349861,0.1228683777153492,
0,260816,matched,MATCHED_Impulsive,Proposed_CA_CNN_RNND,1468,0.3772640973329544,0.2801162227988243,0.0971478745341301,
0,260816,matched,MATCHED_Impulsive,Proposed_CA_CNN_RNND,1469,0.47746533155441284,0.3563608378171921,0.12110449187457561,
0,260816,matched,MATCHED_Impulsive,Proposed_CA_CNN_RNND,1470,0.5150936841964722,0.3901840001344681,0.1249096728861332,
0,260816,matched,MATCHED_Impulsive,Proposed_CA_CNN_RNND,1471,0.3552473857998848,0.25756827369332314,0.09767911210656166,
0,260816,matched,MATCHED_Impulsive,Proposed_CA_CNN_RNND,1472,0.47135791182518005,0.3493029624223709,0.12205495312809944,
0,260816,matched,MATCHED_Impulsive,Proposed_CA_CNN_RNND,1473,0.4006950445473194,0.29527800530195236,0.1054170299321413,
0,260816,matched,MATCHED_Impulsive,Proposed_CA_CNN_RNND,1474,0.6083712726831436,0.46070747822523117,0.1476637925952673,
0,260816,matched,MATCHED_Impulsive,Proposed_CA_CNN_RNND,1475,0.33718473464250565,0.24653205648064613,0.09065268374979496,
0,260816,matched,MATCHED_Impulsive,Proposed_CA_CNN_RNND,1476,0.356788232922554,0.26138439029455185,0.09540384076535702,
0,260816,matched,MATCHED_Impulsive,Proposed_CA_CNN_RNND,1477,0.3417012244462967,0.25641684979200363,0.08528437465429306,
0,260816,matched,MATCHED_Impulsive,Proposed_CA_CNN_RNND,1478,0.4929765313863754,0.3718927502632141,0.12108378671109676,
0,260816,matched,MATCHED_Impulsive,Proposed_CA_CNN_RNND,1479,0.35229331254959106,0.25603653863072395,0.09625677950680256,
0,260816,matched,MATCHED_Impulsive,Proposed_CA_CNN_RNND,1480,0.4509369730949402,0.3345166817307472,0.11642028577625751,
0,260816,matched,MATCHED_Impulsive,Proposed_CA_CNN_RNND,1481,0.3339863568544388,0.2462220937013626,0.08776426501572132,
0,260816,matched,MATCHED_Impulsive,Proposed_CA_CNN_RNND,1482,0.43414126336574554,0.3229822963476181,0.11115896888077259,
0,260816,matched,MATCHED_Impulsive,Proposed_CA_CNN_RNND,1483,0.5447994247078896,0.40833017602562904,0.13646924495697021,
0,260816,matched,MATCHED_Impulsive,Proposed_CA_CNN_RNND,1484,0.5866440832614899,0.44071730971336365,0.14592676423490047,
0,260816,matched,MATCHED_Impulsive,Proposed_CA_CNN_RNND,1485,0.36503103375434875,0.2716924510896206,0.09333858080208302,
0,260816,matched,MATCHED_Impulsive,Proposed_CA_CNN_RNND,1486,0.3397667221724987,0.24706275388598442,0.09270397387444973,
0,260816,matched,MATCHED_Impulsive,Proposed_CA_CNN_RNND,1487,0.36825834959745407,0.2725473456084728,0.09571099653840065,
0,260816,matched,MATCHED_Impulsive,Proposed_CA_CNN_RNND,1488,0.37768517807126045,0.28025659173727036,0.09742858819663525,
0,260816,matched,MATCHED_Impulsive,Proposed_CA_CNN_RNND,1489,0.4245702363550663,0.32081130519509315,0.10375893488526344,
0,260816,matched,MATCHED_Impulsive,Proposed_CA_CNN_RNND,1490,0.43884267657995224,0.3223596066236496,0.11648306995630264,
0,260816,matched,MATCHED_Impulsive,Proposed_CA_CNN_RNND,1491,0.4585142508149147,0.343896958976984,0.11461728066205978,
0,260816,matched,MATCHED_Impulsive,Proposed_CA_CNN_RNND,1492,0.30562255531549454,0.22307291626930237,0.08254963904619217,
0,260816,matched,MATCHED_Impulsive,Proposed_CA_CNN_RNND,1493,0.38196516782045364,0.2858445383608341,0.09612063318490982,
0,260816,matched,MATCHED_Impulsive,Proposed_CA_CNN_RNND,1494,0.3466322161257267,0.25488029420375824,0.09175192471593618,
0,260816,matched,MATCHED_Impulsive,Proposed_CA_CNN_RNND,1495,0.5353624522686005,0.3987424336373806,0.13662002235651016,
0,260816,matched,MATCHED_Impulsive,Proposed_CA_CNN_RNND,1496,0.4413853734731674,0.32873615622520447,0.11264921724796295,
0,260816,matched,MATCHED_Impulsive,Proposed_CA_CNN_RNND,1497,0.43691129237413406,0.3241022191941738,0.11280906945466995,
0,260816,matched,MATCHED_Impulsive,Proposed_CA_CNN_RNND,1498,0.36645906791090965,0.2711673267185688,0.09529174864292145,
0,260816,matched,MATCHED_Impulsive,Proposed_CA_CNN_RNND,1499,0.4893805831670761,0.3629666604101658,0.12641391530632973,
0,260816,matched,MATCHED_Impulsive,Proposed_CA_CNN_RNND,1500,0.34385253489017487,0.25262805074453354,0.09122448042035103,
0,260816,matched,MATCHED_Impulsive,Proposed_CA_CNN_RNND,1501,0.3235286697745323,0.23915032669901848,0.08437833935022354,
0,260816,matched,MATCHED_Impulsive,Proposed_CA_CNN_RNND,1502,0.41101907193660736,0.30820202827453613,0.10281704738736153,
0,260816,matched,MATCHED_Impulsive,Proposed_CA_CNN_RNND,1503,0.5665084347128868,0.42958079278469086,0.1369276363402605,
0,260816,matched,MATCHED_Impulsive,Proposed_CA_CNN_RNND,1504,0.46716608107089996,0.3492961674928665,0.1178699154406786,
0,260816,matched,MATCHED_Impulsive,Proposed_CA_CNN_RNND,1505,0.4556848481297493,0.33721643686294556,0.11846840754151344,
0,260816,matched,MATCHED_Impulsive,Proposed_CA_CNN_RNND,1506,0.4776983708143234,0.36257054284214973,0.11512782610952854,
0,260816,matched,MATCHED_Impulsive,Proposed_CA_CNN_RNND,1507,0.4195621535181999,0.316520020365715,0.10304213874042034,
0,260816,matched,MATCHED_Impulsive,Proposed_CA_CNN_RNND,1508,0.4115588404238224,0.3023779168725014,0.10918091796338558,
0,260816,matched,MATCHED_Impulsive,Proposed_CA_CNN_RNND,1509,0.4564424864947796,0.34641772881150246,0.11002475954592228,
0,260816,matched,MATCHED_Impulsive,Proposed_CA_CNN_RNND,1510,0.3288204148411751,0.24240530282258987,0.0864151231944561,
0,260816,matched,MATCHED_Impulsive,Proposed_CA_CNN_RNND,1511,0.5074069052934647,0.3764662593603134,0.1309406515210867,
0,260816,matched,MATCHED_Impulsive,Proposed_CA_CNN_RNND,1512,0.40142175555229187,0.301238976418972,0.10018277540802956,
0,260816,matched,MATCHED_Impulsive,Proposed_CA_CNN_RNND,1513,0.34617064893245697,0.2594802938401699,0.08669035322964191,
0,260816,matched,MATCHED_Impulsive,Proposed_CA_CNN_RNND,1514,0.43144719675183296,0.32573533058166504,0.10571187362074852,
0,260816,matched,MATCHED_Impulsive,Proposed_CA_CNN_RNND,1515,0.5355890840291977,0.40529219806194305,0.13029690273106098,
0,260816,matched,MATCHED_Impulsive,Proposed_CA_CNN_RNND,1516,0.6167789548635483,0.46403783559799194,0.15274111181497574,
0,260816,matched,MATCHED_Impulsive,Proposed_CA_CNN_RNND,1517,0.4369700327515602,0.3267807699739933,0.11018925718963146,
0,260816,matched,MATCHED_Impulsive,Proposed_CA_CNN_RNND,1518,0.45560694485902786,0.34081072360277176,0.1147962175309658,
0,260816,matched,MATCHED_Impulsive,Proposed_CA_CNN_RNND,1519,0.3202243819832802,0.23708057403564453,0.0831438023597002,
0,260816,matched,MATCHED_Impulsive,Proposed_CA_CNN_RNND,1520,0.4998616725206375,0.3741881810128689,0.12567349709570408,
0,260816,matched,MATCHED_Impulsive,Proposed_CA_CNN_RNND,1521,0.36952393501996994,0.27435099333524704,0.09517294354736805,
0,260816,matched,MATCHED_Impulsive,Proposed_CA_CNN_RNND,1522,0.5250008553266525,0.400148406624794,0.12485244125127792,
0,260816,matched,MATCHED_Impulsive,Proposed_CA_CNN_RNND,1523,0.3661680668592453,0.267818346619606,0.09834972023963928,
0,260816,matched,MATCHED_Impulsive,Proposed_CA_CNN_RNND,1524,0.4412672631442547,0.32944590225815773,0.11182135157287121,
0,260816,matched,MATCHED_Impulsive,Proposed_CA_CNN_RNND,1525,0.41346658021211624,0.30907508730888367,0.10439149662852287,
0,260816,matched,MATCHED_Impulsive,Proposed_CA_CNN_RNND,1526,0.328827440738678,0.2427985668182373,0.08602887205779552,
0,260816,matched,MATCHED_Impulsive,Proposed_CA_CNN_RNND,1527,0.3688541427254677,0.2797629050910473,0.08909125439822674,
0,260816,matched,MATCHED_Impulsive,Proposed_CA_CNN_RNND,1528,0.49753256142139435,0.3747245520353317,0.12280801124870777,
0,260816,matched,MATCHED_Impulsive,Proposed_CA_CNN_RNND,1529,0.30632489174604416,0.22541160508990288,0.08091328479349613,
0,260816,matched,MATCHED_Impulsive,Proposed_CA_CNN_RNND,1530,0.428813174366951,0.32780035957694054,0.10101280361413956,
0,260816,matched,MATCHED_Impulsive,Proposed_CA_CNN_RNND,1531,0.3734954744577408,0.2752705365419388,0.09822493977844715,
0,260816,matched,MATCHED_Impulsive,Proposed_CA_CNN_RNND,1532,0.5496202185750008,0.41516461968421936,0.13445561192929745,
0,260816,matched,MATCHED_Impulsive,Proposed_CA_CNN_RNND,1533,0.42373226583004,0.32239019125699997,0.10134207457304001,
0,260816,matched,MATCHED_Impulsive,Proposed_CA_CNN_RNND,1534,0.4648296386003494,0.3519150838255882,0.11291455663740635,
0,260816,matched,MATCHED_Impulsive,Proposed_CA_CNN_RNND,1535,0.4816797375679016,0.3683437556028366,0.11333599500358105,
0,260816,matched,MATCHED_Impulsive,Proposed_CA_CNN_RNND,1536,0.5542720705270767,0.41280750930309296,0.1414645668119192,
0,260816,matched,MATCHED_Impulsive,Proposed_CA_CNN_RNND,1537,0.30708836764097214,0.22800961136817932,0.07907875999808311,
0,260816,matched,MATCHED_Impulsive,Proposed_CA_CNN_RNND,1538,0.4339083284139633,0.32088419795036316,0.11302412673830986,
0,260816,matched,MATCHED_Impulsive,Proposed_CA_CNN_RNND,1539,0.3833210840821266,0.2900167964398861,0.09330428391695023,
0,260816,matched,MATCHED_Impulsive,Proposed_CA_CNN_RNND,1540,0.43048282712697983,0.3232107609510422,0.10727206896990538,
0,260816,matched,MATCHED_Impulsive,Proposed_CA_CNN_RNND,1541,0.35754356533288956,0.27032800018787384,0.08721557259559631,
0,260816,matched,MATCHED_Impulsive,Proposed_CA_CNN_RNND,1542,0.3754512257874012,0.27932940796017647,0.09612180944532156,
0,260816,matched,MATCHED_Impulsive,Proposed_CA_CNN_RNND,1543,0.5252289995551109,0.3890344202518463,0.13619458116590977,
0,260816,matched,MATCHED_Impulsive,Proposed_CA_CNN_RNND,1544,0.47412972152233124,0.3622744157910347,0.1118552926927805,
0,260816,matched,MATCHED_Impulsive,Proposed_CA_CNN_RNND,1545,0.44894009083509445,0.33555590361356735,0.1133841797709465,
0,260816,matched,MATCHED_Impulsive,Proposed_CA_CNN_RNND,1546,0.364315215498209,0.2687241733074188,0.09559105150401592,
0,260816,matched,MATCHED_Impulsive,Proposed_CA_CNN_RNND,1547,0.4093995690345764,0.30601687356829643,0.10338270105421543,
0,260816,matched,MATCHED_Impulsive,Proposed_CA_CNN_RNND,1548,0.47553252801299095,0.35782356560230255,0.1177089735865593,
0,260816,matched,MATCHED_Impulsive,Proposed_CA_CNN_RNND,1549,0.3399674668908119,0.2548627555370331,0.08510470576584339,
0,260816,matched,MATCHED_Impulsive,Proposed_CA_CNN_RNND,1550,0.31517570838332176,0.23158683255314827,0.0835888683795929,
0,260816,matched,MATCHED_Impulsive,Proposed_CA_CNN_RNND,1551,0.44817516952753067,0.3318007364869118,0.1163744293153286,
0,260816,matched,MATCHED_Impulsive,Proposed_CA_CNN_RNND,1552,0.5252881050109863,0.3988720029592514,0.12641612254083157,
0,260816,matched,MATCHED_Impulsive,Proposed_CA_CNN_RNND,1553,0.3895195350050926,0.29400741308927536,0.09551210887730122,
0,260816,matched,MATCHED_Impulsive,Proposed_CA_CNN_RNND,1554,0.45483026653528214,0.3446788191795349,0.11015146411955357,
0,260816,matched,MATCHED_Impulsive,Proposed_CA_CNN_RNND,1555,0.3271004930138588,0.2500091940164566,0.07709129620343447,
0,260816,matched,MATCHED_Impulsive,Proposed_CA_CNN_RNND,1556,0.40791044384241104,0.30369988828897476,0.10421055182814598,
0,260816,matched,MATCHED_Impulsive,Proposed_CA_CNN_RNND,1557,0.47828565537929535,0.35947468131780624,0.1188109777867794,
0,260816,matched,MATCHED_Impulsive,Proposed_CA_CNN_RNND,1558,0.33651262894272804,0.2572671305388212,0.07924550771713257,
0,260816,matched,MATCHED_Impulsive,Proposed_CA_CNN_RNND,1559,0.39508577808737755,0.3017650432884693,0.09332074224948883,
0,260816,matched,MATCHED_Impulsive,Proposed_CA_CNN_RNND,1560,0.4892423301935196,0.36683371663093567,0.12240861356258392,
0,260816,matched,MATCHED_Impulsive,Proposed_CA_CNN_RNND,1561,0.3848951794207096,0.28997616469860077,0.09491901844739914,
0,260816,matched,MATCHED_Impulsive,Proposed_CA_CNN_RNND,1562,0.38953883573412895,0.294335275888443,0.09520356263965368,
0,260816,matched,MATCHED_Impulsive,Proposed_CA_CNN_RNND,1563,0.3547123596072197,0.2715643309056759,0.08314802125096321,
0,260816,matched,MATCHED_Impulsive,Proposed_CA_CNN_RNND,1564,0.3259630426764488,0.2429846189916134,0.08297842554748058,
0,260816,matched,MATCHED_Impulsive,Proposed_CA_CNN_RNND,1565,0.3225155286490917,0.24936861172318459,0.07314691320061684,
0,260816,matched,MATCHED_Impulsive,Proposed_CA_CNN_RNND,1566,0.32759182900190353,0.24617935717105865,0.08141246996819973,
0,260816,matched,MATCHED_Impulsive,Proposed_CA_CNN_RNND,1567,0.44248195737600327,0.3350404240190983,0.10744153335690498,
0,260816,matched,MATCHED_Impulsive,Proposed_CA_CNN_RNND,1568,0.5220202580094337,0.3900239169597626,0.13199632801115513,
0,260816,matched,MATCHED_Impulsive,Proposed_CA_CNN_RNND,1569,0.452965646982193,0.3402586616575718,0.11270697973668575,
0,260816,matched,MATCHED_Impulsive,Proposed_CA_CNN_RNND,1570,0.4849271699786186,0.3687909431755543,0.11613623052835464,
0,260816,matched,MATCHED_Impulsive,Proposed_CA_CNN_RNND,1571,0.2623957321047783,0.19813213497400284,0.06426359806209803,
0,260816,matched,MATCHED_Impulsive,Proposed_CA_CNN_RNND,1572,0.515052355825901,0.3881751410663128,0.12687721475958824,
0,260816,matched,MATCHED_Impulsive,Proposed_CA_CNN_RNND,1573,0.4237745590507984,0.3200368247926235,0.10373774264007807,
0,260816,matched,MATCHED_Impulsive,Proposed_CA_CNN_RNND,1574,0.5531398057937622,0.4167129844427109,0.13642682135105133,
0,260816,matched,MATCHED_Impulsive,Proposed_CA_CNN_RNND,1575,0.45273496210575104,0.33884911611676216,0.11388585157692432,
0,260816,matched,MATCHED_Impulsive,Proposed_CA_CNN_RNND,1576,0.3547167330980301,0.2637364789843559,0.09098025225102901,
0,260816,matched,MATCHED_Impulsive,Proposed_CA_CNN_RNND,1577,0.523598700761795,0.39445969462394714,0.12913900427520275,
0,260816,matched,MATCHED_Impulsive,Proposed_CA_CNN_RNND,1578,0.37268689274787903,0.2806376479566097,0.09204924665391445,
0,260816,matched,MATCHED_Impulsive,Proposed_CA_CNN_RNND,1579,0.33748575299978256,0.2576907351613045,0.07979501783847809,
0,260816,matched,MATCHED_Impulsive,Proposed_CA_CNN_RNND,1580,0.4889432191848755,0.3695559650659561,0.11938725784420967,
0,260816,matched,MATCHED_Impulsive,Proposed_CA_CNN_RNND,1581,0.3758533373475075,0.2791960760951042,0.09665725938975811,
0,260816,matched,MATCHED_Impulsive,Proposed_CA_CNN_RNND,1582,0.29872584342956543,0.22051380574703217,0.07821203395724297,
0,260816,matched,MATCHED_Impulsive,Proposed_CA_CNN_RNND,1583,0.3636403866112232,0.2768316715955734,0.0868087112903595,
0,260816,matched,MATCHED_Impulsive,Proposed_CA_CNN_RNND,1584,0.3306320570409298,0.25069260597229004,0.07993945106863976,
0,260816,matched,MATCHED_Impulsive,Proposed_CA_CNN_RNND,1585,0.37273436039686203,0.28359103202819824,0.08914333209395409,
0,260816,matched,MATCHED_Impulsive,Proposed_CA_CNN_RNND,1586,0.4481891617178917,0.34130821377038956,0.10688094235956669,
0,260816,matched,MATCHED_Impulsive,Proposed_CA_CNN_RNND,1587,0.3215143531560898,0.24343261495232582,0.07808174099773169,
0,260816,matched,MATCHED_Impulsive,Proposed_CA_CNN_RNND,1588,0.587482362985611,0.44572047144174576,0.14176189713180065,
0,260816,matched,MATCHED_Impulsive,Proposed_CA_CNN_RNND,1589,0.45833393931388855,0.34147413820028305,0.11685979552567005,
0,260816,matched,MATCHED_Impulsive,Proposed_CA_CNN_RNND,1590,0.4995938688516617,0.3771447017788887,0.12244916148483753,
0,260816,matched,MATCHED_Impulsive,Proposed_CA_CNN_RNND,1591,0.38256198912858963,0.2872105501592159,0.09535143338143826,
0,260816,matched,MATCHED_Impulsive,Proposed_CA_CNN_RNND,1592,0.44379928708076477,0.33037808537483215,0.11342119984328747,
0,260816,matched,MATCHED_Impulsive,Proposed_CA_CNN_RNND,1593,0.515913151204586,0.38860466331243515,0.12730848975479603,
0,260816,matched,MATCHED_Impulsive,Proposed_CA_CNN_RNND,1594,0.3817409873008728,0.28591131046414375,0.0958296749740839,
0,260816,matched,MATCHED_Impulsive,Proposed_CA_CNN_RNND,1595,0.5070270821452141,0.3845228925347328,0.12250420078635216,
0,260816,matched,MATCHED_Impulsive,Proposed_CA_CNN_RNND,1596,0.24371550604701042,0.18239124678075314,0.061324262991547585,
0,260816,matched,MATCHED_Impulsive,Proposed_CA_CNN_RNND,1597,0.3990929424762726,0.30079880356788635,0.09829413890838623,
0,260816,matched,MATCHED_Impulsive,Proposed_CA_CNN_RNND,1598,0.5303348675370216,0.41244129836559296,0.11789356544613838,
0,260816,matched,MATCHED_Impulsive,Proposed_CA_CNN_RNND,1599,0.3788681924343109,0.2878817170858383,0.0909864790737629,
0,260816,matched,MATCHED_Impulsive,Proposed_CA_CNN_RNND,1600,0.41686975955963135,0.3099321648478508,0.10693759471178055,-0.8240920087456864
0,260816,matched,MATCHED_Impulsive,Proposed_CA_CNN_RNND,1601,0.610380008816719,0.4629615917801857,0.14741840213537216,
0,260816,matched,MATCHED_Impulsive,Proposed_CA_CNN_RNND,1602,0.4038906842470169,0.30115824192762375,0.1027324516326189,
0,260816,matched,MATCHED_Impulsive,Proposed_CA_CNN_RNND,1603,0.4379739463329315,0.32764409482479095,0.11032985150814056,
0,260816,matched,MATCHED_Impulsive,Proposed_CA_CNN_RNND,1604,0.4065694138407707,0.3060300201177597,0.10053940303623676,
0,260816,matched,MATCHED_Impulsive,Proposed_CA_CNN_RNND,1605,0.38916800171136856,0.2914889305830002,0.09767907857894897,
0,260816,matched,MATCHED_Impulsive,Proposed_CA_CNN_RNND,1606,0.4988236427307129,0.38188546895980835,0.11693817935883999,
0,260816,matched,MATCHED_Impulsive,Proposed_CA_CNN_RNND,1607,0.31899023056030273,0.2402561977505684,0.0787340309470892,
0,260816,matched,MATCHED_Impulsive,Proposed_CA_CNN_RNND,1608,0.5956980437040329,0.45295993238687515,0.14273809641599655,
0,260816,matched,MATCHED_Impulsive,Proposed_CA_CNN_RNND,1609,0.5094892010092735,0.39354559406638145,0.11594361811876297,
0,260816,matched,MATCHED_Impulsive,Proposed_CA_CNN_RNND,1610,0.5365912467241287,0.4069078788161278,0.12968337535858154,
0,260816,matched,MATCHED_Impulsive,Proposed_CA_CNN_RNND,1611,0.5543884336948395,0.42787034809589386,0.12651807814836502,
0,260816,matched,MATCHED_Impulsive,Proposed_CA_CNN_RNND,1612,0.46812300384044647,0.3492506444454193,0.11887235939502716,
0,260816,matched,MATCHED_Impulsive,Proposed_CA_CNN_RNND,1613,0.4010447673499584,0.3048471063375473,0.09619765728712082,
0,260816,matched,MATCHED_Impulsive,Proposed_CA_CNN_RNND,1614,0.5124050676822662,0.3875560015439987,0.12484907731413841,
0,260816,matched,MATCHED_Impulsive,Proposed_CA_CNN_RNND,1615,0.4810345806181431,0.3655523210763931,0.11548225581645966,
0,260816,matched,MATCHED_Impulsive,Proposed_CA_CNN_RNND,1616,0.36488667875528336,0.27815452218055725,0.0867321565747261,
0,260816,matched,MATCHED_Impulsive,Proposed_CA_CNN_RNND,1617,0.4130367934703827,0.3173297718167305,0.0957070142030716,
0,260816,matched,MATCHED_Impulsive,Proposed_CA_CNN_RNND,1618,0.45952823013067245,0.35289065539836884,0.10663756541907787,
0,260816,matched,MATCHED_Impulsive,Proposed_CA_CNN_RNND,1619,0.3092426061630249,0.23078853636980057,0.07845407351851463,
0,260816,matched,MATCHED_Impulsive,Proposed_CA_CNN_RNND,1620,0.5076671801507473,0.38296831771731377,0.12469885125756264,
0,260816,matched,MATCHED_Impulsive,Proposed_CA_CNN_RNND,1621,0.288396954536438,0.2200453206896782,0.0683516375720501,
0,260816,matched,MATCHED_Impulsive,Proposed_CA_CNN_RNND,1622,0.4211113825440407,0.3159298300743103,0.10518154688179493,
0,260816,matched,MATCHED_Impulsive,Proposed_CA_CNN_RNND,1623,0.42877477407455444,0.328117061406374,0.10065771080553532,
0,260816,matched,MATCHED_Impulsive,Proposed_CA_CNN_RNND,1624,0.437373548746109,0.3280855715274811,0.10928797908127308,
0,260816,matched,MATCHED_Impulsive,Proposed_CA_CNN_RNND,1625,0.3492163121700287,0.26021288335323334,0.08900342509150505,
0,260816,matched,MATCHED_Impulsive,Proposed_CA_CNN_RNND,1626,0.4531533159315586,0.3452840521931648,0.10786925628781319,
0,260816,matched,MATCHED_Impulsive,Proposed_CA_CNN_RNND,1627,0.43387485295534134,0.3269496075809002,0.10692525468766689,
0,260816,matched,MATCHED_Impulsive,Proposed_CA_CNN_RNND,1628,0.43039900809526443,0.3249638006091118,0.10543521959334612,
0,260816,matched,MATCHED_Impulsive,Proposed_CA_CNN_RNND,1629,0.3783840015530586,0.28411537036299706,0.09426863770931959,
0,260816,matched,MATCHED_Impulsive,Proposed_CA_CNN_RNND,1630,0.3054465912282467,0.23165909573435783,0.073787497356534,
0,260816,matched,MATCHED_Impulsive,Proposed_CA_CNN_RNND,1631,0.37496738880872726,0.28422293812036514,0.09074446093291044,
0,260816,matched,MATCHED_Impulsive,Proposed_CA_CNN_RNND,1632,0.46114959195256233,0.3489130213856697,0.1122365752235055,
0,260816,matched,MATCHED_Impulsive,Proposed_CA_CNN_RNND,1633,0.31487850844860077,0.23708061501383781,0.0777978952974081,
0,260816,matched,MATCHED_Impulsive,Proposed_CA_CNN_RNND,1634,0.37387849390506744,0.28210700675845146,0.09177148528397083,
0,260816,matched,MATCHED_Impulsive,Proposed_CA_CNN_RNND,1635,0.4775651544332504,0.367412693798542,0.1101524569094181,
0,260816,matched,MATCHED_Impulsive,Proposed_CA_CNN_RNND,1636,0.3747275546193123,0.2875506617128849,0.08717689849436283,
0,260816,matched,MATCHED_Impulsive,Proposed_CA_CNN_RNND,1637,0.46161357313394547,0.3540472388267517,0.1075663436204195,
0,260816,matched,MATCHED_Impulsive,Proposed_CA_CNN_RNND,1638,0.5044167935848236,0.38896728307008743,0.11544951610267162,
0,260816,matched,MATCHED_Impulsive,Proposed_CA_CNN_RNND,1639,0.2915074862539768,0.21916624531149864,0.07234123535454273,
0,260816,matched,MATCHED_Impulsive,Proposed_CA_CNN_RNND,1640,0.2757360339164734,0.20641089975833893,0.06932513229548931,
0,260816,matched,MATCHED_Impulsive,Proposed_CA_CNN_RNND,1641,0.5311051234602928,0.40590330213308334,0.12520182598382235,
0,260816,matched,MATCHED_Impulsive,Proposed_CA_CNN_RNND,1642,0.3729292005300522,0.2834800072014332,0.0894492045044899,
0,260816,matched,MATCHED_Impulsive,Proposed_CA_CNN_RNND,1643,0.3305828496813774,0.24455954134464264,0.08602331206202507,
0,260816,matched,MATCHED_Impulsive,Proposed_CA_CNN_RNND,1644,0.3862057104706764,0.29010363668203354,0.09610207378864288,
0,260816,matched,MATCHED_Impulsive,Proposed_CA_CNN_RNND,1645,0.4019986391067505,0.30470824241638184,0.0972903911024332,
0,260816,matched,MATCHED_Impulsive,Proposed_CA_CNN_RNND,1646,0.4980373755097389,0.3850850611925125,0.11295231804251671,
0,260816,matched,MATCHED_Impulsive,Proposed_CA_CNN_RNND,1647,0.3202108033001423,0.24004044756293297,0.08017036318778992,
0,260816,matched,MATCHED_Impulsive,Proposed_CA_CNN_RNND,1648,0.49622686952352524,0.37131059169769287,0.12491627596318722,
0,260816,matched,MATCHED_Impulsive,Proposed_CA_CNN_RNND,1649,0.3726264387369156,0.27886538207530975,0.09376105852425098,
0,260816,matched,MATCHED_Impulsive,Proposed_CA_CNN_RNND,1650,0.5123326256871223,0.3982890881597996,0.11404353566467762,
0,260816,matched,MATCHED_Impulsive,Proposed_CA_CNN_RNND,1651,0.6744916141033173,0.5172291845083237,0.1572624184191227,
0,260816,matched,MATCHED_Impulsive,Proposed_CA_CNN_RNND,1652,0.39115962386131287,0.30301661789417267,0.08814300131052732,
0,260816,matched,MATCHED_Impulsive,Proposed_CA_CNN_RNND,1653,0.26870661973953247,0.19500095769762993,0.07370566297322512,
0,260816,matched,MATCHED_Impulsive,Proposed_CA_CNN_RNND,1654,0.4714345633983612,0.3551171272993088,0.11631742678582668,
0,260816,matched,MATCHED_Impulsive,Proposed_CA_CNN_RNND,1655,0.500319454818964,0.3807043060660362,0.11961513292044401,
0,260816,matched,MATCHED_Impulsive,Proposed_CA_CNN_RNND,1656,0.33273864537477493,0.2543898969888687,0.07834875397384167,
0,260816,matched,MATCHED_Impulsive,Proposed_CA_CNN_RNND,1657,0.3547247275710106,0.2674585059285164,0.08726622443646193,
0,260816,matched,MATCHED_Impulsive,Proposed_CA_CNN_RNND,1658,0.4361526034772396,0.3335527256131172,0.10259988065809011,
0,260816,matched,MATCHED_Impulsive,Proposed_CA_CNN_RNND,1659,0.5486191809177399,0.42036984115839005,0.12824933975934982,
0,260816,matched,MATCHED_Impulsive,Proposed_CA_CNN_RNND,1660,0.28456518799066544,0.21703869104385376,0.06752649042755365,
0,260816,matched,MATCHED_Impulsive,Proposed_CA_CNN_RNND,1661,0.48610154539346695,0.3719777464866638,0.11412379890680313,
0,260816,matched,MATCHED_Impulsive,Proposed_CA_CNN_RNND,1662,0.49629106372594833,0.3751349002122879,0.12115617468953133,
0,260816,matched,MATCHED_Impulsive,Proposed_CA_CNN_RNND,1663,0.42546387016773224,0.32849564775824547,0.09696821868419647,
0,260816,matched,MATCHED_Impulsive,Proposed_CA_CNN_RNND,1664,0.45546814426779747,0.35258548706769943,0.10288265999406576,
0,260816,matched,MATCHED_Impulsive,Proposed_CA_CNN_RNND,1665,0.5425249189138412,0.41703179478645325,0.12549311481416225,
0,260816,matched,MATCHED_Impulsive,Proposed_CA_CNN_RNND,1666,0.43512633442878723,0.33701128140091896,0.09811504930257797,
0,260816,matched,MATCHED_Impulsive,Proposed_CA_CNN_RNND,1667,0.3442996181547642,0.26242586597800255,0.08187374379485846,
0,260816,matched,MATCHED_Impulsive,Proposed_CA_CNN_RNND,1668,0.3450417295098305,0.2634463682770729,0.08159535378217697,
0,260816,matched,MATCHED_Impulsive,Proposed_CA_CNN_RNND,1669,0.2970079332590103,0.22520609945058823,0.07180183008313179,
0,260816,matched,MATCHED_Impulsive,Proposed_CA_CNN_RNND,1670,0.41537461429834366,0.31398164853453636,0.1013929583132267,
0,260816,matched,MATCHED_Impulsive,Proposed_CA_CNN_RNND,1671,0.5163709744811058,0.3991808071732521,0.11719017289578915,
0,260816,matched,MATCHED_Impulsive,Proposed_CA_CNN_RNND,1672,0.41572141647338867,0.31828176975250244,0.09743964299559593,
0,260816,matched,MATCHED_Impulsive,Proposed_CA_CNN_RNND,1673,0.5959662944078445,0.451218418776989,0.14474787563085556,
0,260816,matched,MATCHED_Impulsive,Proposed_CA_CNN_RNND,1674,0.4701042175292969,0.35531048476696014,0.11479372531175613,
0,260816,matched,MATCHED_Impulsive,Proposed_CA_CNN_RNND,1675,0.3492014408111572,0.2645036317408085,0.08469780907034874,
0,260816,matched,MATCHED_Impulsive,Proposed_CA_CNN_RNND,1676,0.4257485046982765,0.32753074914216995,0.09821775928139687,
0,260816,matched,MATCHED_Impulsive,Proposed_CA_CNN_RNND,1677,0.4009726196527481,0.30609267577528954,0.09487995319068432,
0,260816,matched,MATCHED_Impulsive,Proposed_CA_CNN_RNND,1678,0.45020952820777893,0.3454746603965759,0.10473486222326756,
0,260816,matched,MATCHED_Impulsive,Proposed_CA_CNN_RNND,1679,0.336021363735199,0.2567499577999115,0.07927139662206173,
0,260816,matched,MATCHED_Impulsive,Proposed_CA_CNN_RNND,1680,0.385247316211462,0.29321879893541336,0.09202852100133896,
0,260816,matched,MATCHED_Impulsive,Proposed_CA_CNN_RNND,1681,0.3161734640598297,0.24282315373420715,0.07335031032562256,
0,260816,matched,MATCHED_Impulsive,Proposed_CA_CNN_RNND,1682,0.42981844395399094,0.3289063721895218,0.10091207548975945,
0,260816,matched,MATCHED_Impulsive,Proposed_CA_CNN_RNND,1683,0.4152803495526314,0.3223588839173317,0.09292147308588028,
0,260816,matched,MATCHED_Impulsive,Proposed_CA_CNN_RNND,1684,0.4692142494022846,0.36260275542736053,0.10661149770021439,
0,260816,matched,MATCHED_Impulsive,Proposed_CA_CNN_RNND,1685,0.526260182261467,0.4072162136435509,0.11904396116733551,
0,260816,matched,MATCHED_Impulsive,Proposed_CA_CNN_RNND,1686,0.4689922630786896,0.35992660373449326,0.10906564816832542,
0,260816,matched,MATCHED_Impulsive,Proposed_CA_CNN_RNND,1687,0.4685032106935978,0.35973556339740753,0.10876765288412571,
0,260816,matched,MATCHED_Impulsive,Proposed_CA_CNN_RNND,1688,0.36946026235818863,0.2813527435064316,0.0881075095385313,
0,260816,matched,MATCHED_Impulsive,Proposed_CA_CNN_RNND,1689,0.33731167018413544,0.2593088001012802,0.0780028635635972,
0,260816,matched,MATCHED_Impulsive,Proposed_CA_CNN_RNND,1690,0.42311037331819534,0.31787021458148956,0.10524015873670578,
0,260816,matched,MATCHED_Impulsive,Proposed_CA_CNN_RNND,1691,0.33253131061792374,0.25215593725442886,0.08037537895143032,
0,260816,matched,MATCHED_Impulsive,Proposed_CA_CNN_RNND,1692,0.4794006980955601,0.3608093932271004,0.11859132256358862,
0,260816,matched,MATCHED_Impulsive,Proposed_CA_CNN_RNND,1693,0.4280840829014778,0.3268624618649483,0.10122161358594894,
0,260816,matched,MATCHED_Impulsive,Proposed_CA_CNN_RNND,1694,0.4420580193400383,0.3398694545030594,0.10218856576830149,
0,260816,matched,MATCHED_Impulsive,Proposed_CA_CNN_RNND,1695,0.45105060935020447,0.34913257136940956,0.1019180566072464,
0,260816,matched,MATCHED_Impulsive,Proposed_CA_CNN_RNND,1696,0.3377736397087574,0.2575070858001709,0.08026655111461878,
0,260816,matched,MATCHED_Impulsive,Proposed_CA_CNN_RNND,1697,0.491489015519619,0.37770500779151917,0.11378400772809982,
0,260816,matched,MATCHED_Impulsive,Proposed_CA_CNN_RNND,1698,0.43544822931289673,0.33969607949256897,0.09575214236974716,
0,260816,matched,MATCHED_Impulsive,Proposed_CA_CNN_RNND,1699,0.41542917490005493,0.31855306774377823,0.09687609784305096,
0,260816,matched,MATCHED_Impulsive,Proposed_CA_CNN_RNND,1700,0.3791847229003906,0.294835664331913,0.08434904925525188,
0,260816,matched,MATCHED_Impulsive,Proposed_CA_CNN_RNND,1701,0.4373351037502289,0.3394644036889076,0.09787069819867611,
0,260816,matched,MATCHED_Impulsive,Proposed_CA_CNN_RNND,1702,0.32632650434970856,0.25745807588100433,0.06886843033134937,
0,260816,matched,MATCHED_Impulsive,Proposed_CA_CNN_RNND,1703,0.51911860704422,0.39808499440550804,0.12103360891342163,
0,260816,matched,MATCHED_Impulsive,Proposed_CA_CNN_RNND,1704,0.4048750698566437,0.3161570206284523,0.08871804550290108,
0,260816,matched,MATCHED_Impulsive,Proposed_CA_CNN_RNND,1705,0.6085264682769775,0.4739517495036125,0.13457471504807472,
0,260816,matched,MATCHED_Impulsive,Proposed_CA_CNN_RNND,1706,0.431701123714447,0.33072107285261154,0.10098005458712578,
0,260816,matched,MATCHED_Impulsive,Proposed_CA_CNN_RNND,1707,0.30602334439754486,0.23310384526848793,0.07291949726641178,
0,260816,matched,MATCHED_Impulsive,Proposed_CA_CNN_RNND,1708,0.38370563834905624,0.2926182821393013,0.09108735341578722,
0,260816,matched,MATCHED_Impulsive,Proposed_CA_CNN_RNND,1709,0.4325251802802086,0.3367682099342346,0.09575697593390942,
0,260816,matched,MATCHED_Impulsive,Proposed_CA_CNN_RNND,1710,0.44332724064588547,0.342793270945549,0.1005339715629816,
0,260816,matched,MATCHED_Impulsive,Proposed_CA_CNN_RNND,1711,0.34121333062648773,0.2639092989265919,0.07730402611196041,
0,260816,matched,MATCHED_Impulsive,Proposed_CA_CNN_RNND,1712,0.3891276679933071,0.3009367696940899,0.0881908992305398,
0,260816,matched,MATCHED_Impulsive,Proposed_CA_CNN_RNND,1713,0.38806624710559845,0.29914141818881035,0.0889248251914978,
0,260816,matched,MATCHED_Impulsive,Proposed_CA_CNN_RNND,1714,0.3371405526995659,0.2586624324321747,0.0784781165421009,
0,260816,matched,MATCHED_Impulsive,Proposed_CA_CNN_RNND,1715,0.5348493158817291,0.4076942950487137,0.12715502083301544,
0,260816,matched,MATCHED_Impulsive,Proposed_CA_CNN_RNND,1716,0.30057816207408905,0.22912409901618958,0.0714540621265769,
0,260816,matched,MATCHED_Impulsive,Proposed_CA_CNN_RNND,1717,0.4054132550954819,0.3185534365475178,0.08685980085283518,
0,260816,matched,MATCHED_Impulsive,Proposed_CA_CNN_RNND,1718,0.39916834980249405,0.30515022575855255,0.0940181203186512,
0,260816,matched,MATCHED_Impulsive,Proposed_CA_CNN_RNND,1719,0.4222634881734848,0.3303152099251747,0.09194827266037464,
0,260816,matched,MATCHED_Impulsive,Proposed_CA_CNN_RNND,1720,0.26014769449830055,0.19945114105939865,0.060696554370224476,
0,260816,matched,MATCHED_Impulsive,Proposed_CA_CNN_RNND,1721,0.43626078218221664,0.335597425699234,0.10066335834562778,
0,260816,matched,MATCHED_Impulsive,Proposed_CA_CNN_RNND,1722,0.44377147033810616,0.3473552204668522,0.09641624614596367,
0,260816,matched,MATCHED_Impulsive,Proposed_CA_CNN_RNND,1723,0.29047948867082596,0.2246021330356598,0.0658773547038436,
0,260816,matched,MATCHED_Impulsive,Proposed_CA_CNN_RNND,1724,0.3504113219678402,0.264617457985878,0.08579387329518795,
0,260816,matched,MATCHED_Impulsive,Proposed_CA_CNN_RNND,1725,0.25570083782076836,0.19276656582951546,0.06293426919728518,
0,260816,matched,MATCHED_Impulsive,Proposed_CA_CNN_RNND,1726,0.36475398391485214,0.2789058983325958,0.08584808744490147,
0,260816,matched,MATCHED_Impulsive,Proposed_CA_CNN_RNND,1727,0.41609931737184525,0.3253890573978424,0.09071026090532541,
0,260816,matched,MATCHED_Impulsive,Proposed_CA_CNN_RNND,1728,0.43954962491989136,0.3336815908551216,0.105868024751544,
0,260816,matched,MATCHED_Impulsive,Proposed_CA_CNN_RNND,1729,0.5021705701947212,0.3839104250073433,0.11826014332473278,
0,260816,matched,MATCHED_Impulsive,Proposed_CA_CNN_RNND,1730,0.3471692204475403,0.264991395175457,0.08217782340943813,
0,260816,matched,MATCHED_Impulsive,Proposed_CA_CNN_RNND,1731,0.39836837351322174,0.3095521740615368,0.0888162087649107,
0,260816,matched,MATCHED_Impulsive,Proposed_CA_CNN_RNND,1732,0.5475655570626259,0.42137064784765244,0.1261949222534895,
0,260816,matched,MATCHED_Impulsive,Proposed_CA_CNN_RNND,1733,0.3104177415370941,0.24591270834207535,0.06450503133237362,
0,260816,matched,MATCHED_Impulsive,Proposed_CA_CNN_RNND,1734,0.4018009975552559,0.3189362660050392,0.08286472875624895,
0,260816,matched,MATCHED_Impulsive,Proposed_CA_CNN_RNND,1735,0.4131200611591339,0.3132820278406143,0.09983803890645504,
0,260816,matched,MATCHED_Impulsive,Proposed_CA_CNN_RNND,1736,0.32840893045067787,0.25693054497241974,0.07147839106619358,
0,260816,matched,MATCHED_Impulsive,Proposed_CA_CNN_RNND,1737,0.3860377110540867,0.3017759434878826,0.08426177501678467,
0,260816,matched,MATCHED_Impulsive,Proposed_CA_CNN_RNND,1738,0.37589040771126747,0.2887297347187996,0.0871606757864356,
0,260816,matched,MATCHED_Impulsive,Proposed_CA_CNN_RNND,1739,0.521427221596241,0.40626879036426544,0.1151584330946207,
0,260816,matched,MATCHED_Impulsive,Proposed_CA_CNN_RNND,1740,0.4332978054881096,0.33651604875922203,0.09678174927830696,
0,260816,matched,MATCHED_Impulsive,Proposed_CA_CNN_RNND,1741,0.511856846511364,0.3905582055449486,0.1212986372411251,
0,260816,matched,MATCHED_Impulsive,Proposed_CA_CNN_RNND,1742,0.47730785608291626,0.36785876750946045,0.10944908671081066,
0,260816,matched,MATCHED_Impulsive,Proposed_CA_CNN_RNND,1743,0.4748886972665787,0.3698594644665718,0.10502922162413597,
0,260816,matched,MATCHED_Impulsive,Proposed_CA_CNN_RNND,1744,0.48208051919937134,0.37392178922891617,0.10815872065722942,
0,260816,matched,MATCHED_Impulsive,Proposed_CA_CNN_RNND,1745,0.3261907137930393,0.25186480209231377,0.07432590890675783,
0,260816,matched,MATCHED_Impulsive,Proposed_CA_CNN_RNND,1746,0.467744342982769,0.35488808527588844,0.11285625584423542,
0,260816,matched,MATCHED_Impulsive,Proposed_CA_CNN_RNND,1747,0.48109185695648193,0.36667586863040924,0.11441599577665329,
0,260816,matched,MATCHED_Impulsive,Proposed_CA_CNN_RNND,1748,0.26435086876153946,0.20334403961896896,0.0610068179666996,
0,260816,matched,MATCHED_Impulsive,Proposed_CA_CNN_RNND,1749,0.47984442859888077,0.3717957213521004,0.1080487072467804,
0,260816,matched,MATCHED_Impulsive,Proposed_CA_CNN_RNND,1750,0.5488438978791237,0.4213288500905037,0.1275150552392006,
0,260816,matched,MATCHED_Impulsive,Proposed_CA_CNN_RNND,1751,0.41328243166208267,0.32007861137390137,0.09320383053272963,
0,260816,matched,MATCHED_Impulsive,Proposed_CA_CNN_RNND,1752,0.4046578109264374,0.31323451548814774,0.09142330661416054,
0,260816,matched,MATCHED_Impulsive,Proposed_CA_CNN_RNND,1753,0.2809104546904564,0.21633130684494972,0.06457914970815182,
0,260816,matched,MATCHED_Impulsive,Proposed_CA_CNN_RNND,1754,0.3657604157924652,0.27983100339770317,0.08592941053211689,
0,260816,matched,MATCHED_Impulsive,Proposed_CA_CNN_RNND,1755,0.34866953641176224,0.25798963755369186,0.0906798979267478,
0,260816,matched,MATCHED_Impulsive,Proposed_CA_CNN_RNND,1756,0.4676797464489937,0.36328331381082535,0.10439643263816833,
0,260816,matched,MATCHED_Impulsive,Proposed_CA_CNN_RNND,1757,0.5151796862483025,0.39597295224666595,0.11920673958957195,
0,260816,matched,MATCHED_Impulsive,Proposed_CA_CNN_RNND,1758,0.5497518256306648,0.41886505484580994,0.1308867707848549,
0,260816,matched,MATCHED_Impulsive,Proposed_CA_CNN_RNND,1759,0.43046507239341736,0.3257676512002945,0.10469742398709059,
0,260816,matched,MATCHED_Impulsive,Proposed_CA_CNN_RNND,1760,0.4508517310023308,0.34221774339675903,0.10863399133086205,
0,260816,matched,MATCHED_Impulsive,Proposed_CA_CNN_RNND,1761,0.4010216295719147,0.31604307144880295,0.08497854694724083,
0,260816,matched,MATCHED_Impulsive,Proposed_CA_CNN_RNND,1762,0.518233522772789,0.4013815000653267,0.11685201060026884,
0,260816,matched,MATCHED_Impulsive,Proposed_CA_CNN_RNND,1763,0.34285226091742516,0.26555002480745316,0.07730224542319775,
0,260816,matched,MATCHED_Impulsive,Proposed_CA_CNN_RNND,1764,0.5187994167208672,0.3994542509317398,0.1193451602011919,
0,260816,matched,MATCHED_Impulsive,Proposed_CA_CNN_RNND,1765,0.5508684739470482,0.41995619237422943,0.1309122908860445,
0,260816,matched,MATCHED_Impulsive,Proposed_CA_CNN_RNND,1766,0.599503681063652,0.4588408097624779,0.1406628806143999,
0,260816,matched,MATCHED_Impulsive,Proposed_CA_CNN_RNND,1767,0.44959545135498047,0.3414651118218899,0.10813033673912287,
0,260816,matched,MATCHED_Impulsive,Proposed_CA_CNN_RNND,1768,0.41983090341091156,0.32157155871391296,0.09825934655964375,
0,260816,matched,MATCHED_Impulsive,Proposed_CA_CNN_RNND,1769,0.3934517242014408,0.3016790561378002,0.09177266247570515,
0,260816,matched,MATCHED_Impulsive,Proposed_CA_CNN_RNND,1770,0.3934995159506798,0.30276190862059593,0.0907376166433096,
0,260816,matched,MATCHED_Impulsive,Proposed_CA_CNN_RNND,1771,0.395299568772316,0.3082598075270653,0.0870397686958313,
0,260816,matched,MATCHED_Impulsive,Proposed_CA_CNN_RNND,1772,0.29178791493177414,0.22575703635811806,0.06603087857365608,
0,260816,matched,MATCHED_Impulsive,Proposed_CA_CNN_RNND,1773,0.34363383054733276,0.26841335371136665,0.07522047031670809,
0,260816,matched,MATCHED_Impulsive,Proposed_CA_CNN_RNND,1774,0.5585747957229614,0.4313350021839142,0.1272397879511118,
0,260816,matched,MATCHED_Impulsive,Proposed_CA_CNN_RNND,1775,0.41700198873877525,0.3197460435330868,0.0972559368237853,
0,260816,matched,MATCHED_Impulsive,Proposed_CA_CNN_RNND,1776,0.40162795037031174,0.31773772090673447,0.08389023132622242,
0,260816,matched,MATCHED_Impulsive,Proposed_CA_CNN_RNND,1777,0.5105405189096928,0.39909930527210236,0.11144119780510664,
0,260816,matched,MATCHED_Impulsive,Proposed_CA_CNN_RNND,1778,0.5530555993318558,0.42851579189300537,0.1245397999882698,
0,260816,matched,MATCHED_Impulsive,Proposed_CA_CNN_RNND,1779,0.5240781381726265,0.39794663339853287,0.12613151222467422,
0,260816,matched,MATCHED_Impulsive,Proposed_CA_CNN_RNND,1780,0.3556031212210655,0.27314526587724686,0.08245785627514124,
0,260816,matched,MATCHED_Impulsive,Proposed_CA_CNN_RNND,1781,0.36602001264691353,0.28561604395508766,0.08040397241711617,
0,260816,matched,MATCHED_Impulsive,Proposed_CA_CNN_RNND,1782,0.44521310925483704,0.3475678190588951,0.0976452874019742,
0,260816,matched,MATCHED_Impulsive,Proposed_CA_CNN_RNND,1783,0.4599992260336876,0.35541171580553055,0.10458751581609249,
0,260816,matched,MATCHED_Impulsive,Proposed_CA_CNN_RNND,1784,0.30393948778510094,0.23708836361765862,0.06685112789273262,
0,260816,matched,MATCHED_Impulsive,Proposed_CA_CNN_RNND,1785,0.35099101811647415,0.2784705087542534,0.07252051308751106,
0,260816,matched,MATCHED_Impulsive,Proposed_CA_CNN_RNND,1786,0.31478358805179596,0.24432417377829552,0.07045941893011332,
0,260816,matched,MATCHED_Impulsive,Proposed_CA_CNN_RNND,1787,0.6183251738548279,0.47240907698869705,0.14591609314084053,
0,260816,matched,MATCHED_Impulsive,Proposed_CA_CNN_RNND,1788,0.38906101882457733,0.29718368500471115,0.09187733568251133,
0,260816,matched,MATCHED_Impulsive,Proposed_CA_CNN_RNND,1789,0.4365951493382454,0.33530251681804657,0.10129263997077942,
0,260816,matched,MATCHED_Impulsive,Proposed_CA_CNN_RNND,1790,0.4018681161105633,0.30781010165810585,0.09405801258981228,
0,260816,matched,MATCHED_Impulsive,Proposed_CA_CNN_RNND,1791,0.475505705922842,0.3613930307328701,0.11411267425864935,
0,260816,matched,MATCHED_Impulsive,Proposed_CA_CNN_RNND,1792,0.4243689589202404,0.3272732011973858,0.09709575027227402,
0,260816,matched,MATCHED_Impulsive,Proposed_CA_CNN_RNND,1793,0.328507237136364,0.25639792904257774,0.07210930157452822,
0,260816,matched,MATCHED_Impulsive,Proposed_CA_CNN_RNND,1794,0.29535094276070595,0.23170434683561325,0.0636465959250927,
0,260816,matched,MATCHED_Impulsive,Proposed_CA_CNN_RNND,1795,0.5410904437303543,0.41741804778575897,0.12367238849401474,
0,260816,matched,MATCHED_Impulsive,Proposed_CA_CNN_RNND,1796,0.4428766369819641,0.34119414538145065,0.10168248880654573,
0,260816,matched,MATCHED_Impulsive,Proposed_CA_CNN_RNND,1797,0.3935130164027214,0.3071609288454056,0.08635207545012236,
0,260816,matched,MATCHED_Impulsive,Proposed_CA_CNN_RNND,1798,0.3809141106903553,0.29627907276153564,0.08463503327220678,
0,260816,matched,MATCHED_Impulsive,Proposed_CA_CNN_RNND,1799,0.4636930078268051,0.35762743651866913,0.10606557223945856,
0,260816,matched,MATCHED_Impulsive,Proposed_CA_CNN_RNND,1800,0.4700559079647064,0.3564112186431885,0.11364469863474369,-0.8782524319194911
0,260816,matched,MATCHED_Impulsive,Proposed_CA_CNN_RNND,1801,0.479601226747036,0.3728210926055908,0.10678013972938061,
0,260816,matched,MATCHED_Impulsive,Proposed_CA_CNN_RNND,1802,0.578929677605629,0.439255952835083,0.13967371731996536,
0,260816,matched,MATCHED_Impulsive,Proposed_CA_CNN_RNND,1803,0.3805443271994591,0.2966277673840523,0.08391655422747135,
0,260816,matched,MATCHED_Impulsive,Proposed_CA_CNN_RNND,1804,0.3785572275519371,0.30127864331007004,0.07727857958525419,
0,260816,matched,MATCHED_Impulsive,Proposed_CA_CNN_RNND,1805,0.3888016566634178,0.3050875589251518,0.08371409773826599,
0,260816,matched,MATCHED_Impulsive,Proposed_CA_CNN_RNND,1806,0.391107939183712,0.305302694439888,0.08580523543059826,
0,260816,matched,MATCHED_Impulsive,Proposed_CA_CNN_RNND,1807,0.4359196275472641,0.3347160704433918,0.10120355896651745,
0,260816,matched,MATCHED_Impulsive,Proposed_CA_CNN_RNND,1808,0.39421848952770233,0.3101426735520363,0.08407582435756922,
0,260816,matched,MATCHED_Impulsive,Proposed_CA_CNN_RNND,1809,0.43555446714162827,0.33523476496338844,0.10031969286501408,
0,260816,matched,MATCHED_Impulsive,Proposed_CA_CNN_RNND,1810,0.5228589251637459,0.40546661242842674,0.11739231459796429,
0,260816,matched,MATCHED_Impulsive,Proposed_CA_CNN_RNND,1811,0.34046079590916634,0.26553185284137726,0.07492894493043423,
0,260816,matched,MATCHED_Impulsive,Proposed_CA_CNN_RNND,1812,0.39087627083063126,0.30898236483335495,0.08189389668405056,
0,260816,matched,MATCHED_Impulsive,Proposed_CA_CNN_RNND,1813,0.302075307816267,0.2364625483751297,0.06561276223510504,
0,260816,matched,MATCHED_Impulsive,Proposed_CA_CNN_RNND,1814,0.29460471123456955,0.22857071086764336,0.06603400688618422,
0,260816,matched,MATCHED_Impulsive,Proposed_CA_CNN_RNND,1815,0.47129831835627556,0.3596569001674652,0.11164142843335867,
0,260816,matched,MATCHED_Impulsive,Proposed_CA_CNN_RNND,1816,0.45001310855150223,0.34893926978111267,0.101073844358325,
0,260816,matched,MATCHED_Impulsive,Proposed_CA_CNN_RNND,1817,0.389966931194067,0.30523334816098213,0.08473358117043972,
0,260816,matched,MATCHED_Impulsive,Proposed_CA_CNN_RNND,1818,0.3582552596926689,0.27900006249547005,0.079255192540586,
0,260816,matched,MATCHED_Impulsive,Proposed_CA_CNN_RNND,1819,0.5009798258543015,0.3848693072795868,0.11611050739884377,
0,260816,matched,MATCHED_Impulsive,Proposed_CA_CNN_RNND,1820,0.45792850106954575,0.34978076443076134,0.10814773663878441,
0,260816,matched,MATCHED_Impulsive,Proposed_CA_CNN_RNND,1821,0.4283987730741501,0.3275446966290474,0.10085407085716724,
0,260816,matched,MATCHED_Impulsive,Proposed_CA_CNN_RNND,1822,0.35802721604704857,0.2798002138733864,0.07822699844837189,
0,260816,matched,MATCHED_Impulsive,Proposed_CA_CNN_RNND,1823,0.34451672807335854,0.27384814992547035,0.07066858373582363,
0,260816,matched,MATCHED_Impulsive,Proposed_CA_CNN_RNND,1824,0.5078205168247223,0.39051178097724915,0.11730872467160225,
0,260816,matched,MATCHED_Impulsive,Proposed_CA_CNN_RNND,1825,0.45994651317596436,0.35805170238018036,0.10189480241388083,
0,260816,matched,MATCHED_Impulsive,Proposed_CA_CNN_RNND,1826,0.28369946777820587,0.220254834741354,0.06344463024288416,
0,260816,matched,MATCHED_Impulsive,Proposed_CA_CNN_RNND,1827,0.451100118458271,0.33973388373851776,0.11136623099446297,
0,260816,matched,MATCHED_Impulsive,Proposed_CA_CNN_RNND,1828,0.39949801564216614,0.30842215940356255,0.09107585344463587,
0,260816,matched,MATCHED_Impulsive,Proposed_CA_CNN_RNND,1829,0.40286149084568024,0.3093389980494976,0.09352250024676323,
0,260816,matched,MATCHED_Impulsive,Proposed_CA_CNN_RNND,1830,0.4352293461561203,0.33386611193418503,0.10136323422193527,
0,260816,matched,MATCHED_Impulsive,Proposed_CA_CNN_RNND,1831,0.6067006587982178,0.46688421815633774,0.1398164350539446,
0,260816,matched,MATCHED_Impulsive,Proposed_CA_CNN_RNND,1832,0.5059629157185555,0.38945528492331505,0.11650762893259525,
0,260816,matched,MATCHED_Impulsive,Proposed_CA_CNN_RNND,1833,0.38987646996974945,0.30168578773736954,0.08819067664444447,
0,260816,matched,MATCHED_Impulsive,Proposed_CA_CNN_RNND,1834,0.38202864676713943,0.2980204299092293,0.08400822291150689,
0,260816,matched,MATCHED_Impulsive,Proposed_CA_CNN_RNND,1835,0.4663369655609131,0.36237653344869614,0.10396044235676527,
0,260816,matched,MATCHED_Impulsive,Proposed_CA_CNN_RNND,1836,0.445980928838253,0.34888706356287,0.09709385968744755,
0,260816,matched,MATCHED_Impulsive,Proposed_CA_CNN_RNND,1837,0.4231795072555542,0.32907870784401894,0.09410081431269646,
0,260816,matched,MATCHED_Impulsive,Proposed_CA_CNN_RNND,1838,0.4657144211232662,0.35374779254198074,0.1119666425511241,
0,260816,matched,MATCHED_Impulsive,Proposed_CA_CNN_RNND,1839,0.47321055829524994,0.3654899075627327,0.10772065073251724,
0,260816,matched,MATCHED_Impulsive,Proposed_CA_CNN_RNND,1840,0.32151029258966446,0.25426287576556206,0.06724742148071527,
0,260816,matched,MATCHED_Impulsive,Proposed_CA_CNN_RNND,1841,0.2895982451736927,0.22445394098758698,0.06514430698007345,
0,260816,matched,MATCHED_Impulsive,Proposed_CA_CNN_RNND,1842,0.415152832865715,0.3280152454972267,0.08713757898658514,
0,260816,matched,MATCHED_Impulsive,Proposed_CA_CNN_RNND,1843,0.5048185586929321,0.39112644642591476,0.11369211040437222,
0,260816,matched,MATCHED_Impulsive,Proposed_CA_CNN_RNND,1844,0.4146205373108387,0.3231115862727165,0.09150895662605762,
0,260816,matched,MATCHED_Impulsive,Proposed_CA_CNN_RNND,1845,0.3886207863688469,0.30821458995342255,0.08040621038526297,
0,260816,matched,MATCHED_Impulsive,Proposed_CA_CNN_RNND,1846,0.5170873329043388,0.3986174389719963,0.11846989206969738,
0,260816,matched,MATCHED_Impulsive,Proposed_CA_CNN_RNND,1847,0.40261127799749374,0.31380006670951843,0.08881120383739471,
0,260816,matched,MATCHED_Impulsive,Proposed_CA_CNN_RNND,1848,0.4071739688515663,0.31075385957956314,0.09642009995877743,
0,260816,matched,MATCHED_Impulsive,Proposed_CA_CNN_RNND,1849,0.42854879051446915,0.33017076179385185,0.09837801568210125,
0,260816,matched,MATCHED_Impulsive,Proposed_CA_CNN_RNND,1850,0.46826642751693726,0.36355751007795334,0.10470891185104847,
0,260816,matched,MATCHED_Impulsive,Proposed_CA_CNN_RNND,1851,0.3868942931294441,0.3012625351548195,0.08563176356256008,
0,260816,matched,MATCHED_Impulsive,Proposed_CA_CNN_RNND,1852,0.5606810450553894,0.4375506788492203,0.12313034012913704,
0,260816,matched,MATCHED_Impulsive,Proposed_CA_CNN_RNND,1853,0.5763019621372223,0.446403868496418,0.12989810854196548,
0,260816,matched,MATCHED_Impulsive,Proposed_CA_CNN_RNND,1854,0.4903244599699974,0.37774960696697235,0.11257486417889595,
0,260816,matched,MATCHED_Impulsive,Proposed_CA_CNN_RNND,1855,0.2571723759174347,0.20447585731744766,0.05269651301205158,
0,260816,matched,MATCHED_Impulsive,Proposed_CA_CNN_RNND,1856,0.4298862889409065,0.33939772099256516,0.09048857260495424,
0,260816,matched,MATCHED_Impulsive,Proposed_CA_CNN_RNND,1857,0.43183592706918716,0.3353627510368824,0.09647316951304674,
0,260816,matched,MATCHED_Impulsive,Proposed_CA_CNN_RNND,1858,0.5075299292802811,0.3893136642873287,0.11821627244353294,
0,260816,matched,MATCHED_Impulsive,Proposed_CA_CNN_RNND,1859,0.43306027352809906,0.34243978187441826,0.0906204842031002,
0,260816,matched,MATCHED_Impulsive,Proposed_CA_CNN_RNND,1860,0.3462275415658951,0.2684115171432495,0.07781602535396814,
0,260816,matched,MATCHED_Impulsive,Proposed_CA_CNN_RNND,1861,0.3915984332561493,0.30459458380937576,0.08700385130941868,
0,260816,matched,MATCHED_Impulsive,Proposed_CA_CNN_RNND,1862,0.4320627972483635,0.3371908776462078,0.09487193077802658,
0,260816,matched,MATCHED_Impulsive,Proposed_CA_CNN_RNND,1863,0.46321243792772293,0.36219530180096626,0.10101714171469212,
0,260816,matched,MATCHED_Impulsive,Proposed_CA_CNN_RNND,1864,0.42643002420663834,0.3344383127987385,0.09199172258377075,
0,260816,matched,MATCHED_Impulsive,Proposed_CA_CNN_RNND,1865,0.24242066219449043,0.19153427705168724,0.050886381417512894,
0,260816,matched,MATCHED_Impulsive,Proposed_CA_CNN_RNND,1866,0.52916319668293,0.41686946898698807,0.11229373514652252,
0,260816,matched,MATCHED_Impulsive,Proposed_CA_CNN_RNND,1867,0.40557555854320526,0.3161301352083683,0.08944543171674013,
0,260816,matched,MATCHED_Impulsive,Proposed_CA_CNN_RNND,1868,0.4542959854006767,0.34804974496364594,0.10624623484909534,
0,260816,matched,MATCHED_Impulsive,Proposed_CA_CNN_RNND,1869,0.48647066950798035,0.38190925121307373,0.10456140898168087,
0,260816,matched,MATCHED_Impulsive,Proposed_CA_CNN_RNND,1870,0.3415912091732025,0.26401959359645844,0.07757161278277636,
0,260816,matched,MATCHED_Impulsive,Proposed_CA_CNN_RNND,1871,0.45532457530498505,0.3578907921910286,0.0974337738007307,
0,260816,matched,MATCHED_Impulsive,Proposed_CA_CNN_RNND,1872,0.43155787885189056,0.3378995954990387,0.09365827683359385,
0,260816,matched,MATCHED_Impulsive,Proposed_CA_CNN_RNND,1873,0.4219812974333763,0.33551035076379776,0.08647094294428825,
0,260816,matched,MATCHED_Impulsive,Proposed_CA_CNN_RNND,1874,0.324053268879652,0.2513098903000355,0.07274337764829397,
0,260816,matched,MATCHED_Impulsive,Proposed_CA_CNN_RNND,1875,0.4714333564043045,0.36587874591350555,0.10555461794137955,
0,260816,matched,MATCHED_Impulsive,Proposed_CA_CNN_RNND,1876,0.440716452896595,0.34245695173740387,0.09825949650257826,
0,260816,matched,MATCHED_Impulsive,Proposed_CA_CNN_RNND,1877,0.35172951593995094,0.2783082351088524,0.07342129107564688,
0,260816,matched,MATCHED_Impulsive,Proposed_CA_CNN_RNND,1878,0.43381863832473755,0.3353291228413582,0.09848951362073421,
0,260816,matched,MATCHED_Impulsive,Proposed_CA_CNN_RNND,1879,0.4833163656294346,0.37356581538915634,0.10975054372102022,
0,260816,matched,MATCHED_Impulsive,Proposed_CA_CNN_RNND,1880,0.4230766221880913,0.3294062986969948,0.0936703197658062,
0,260816,matched,MATCHED_Impulsive,Proposed_CA_CNN_RNND,1881,0.38489383459091187,0.3024134188890457,0.08248041151091456,
0,260816,matched,MATCHED_Impulsive,Proposed_CA_CNN_RNND,1882,0.2979719564318657,0.23349763453006744,0.0644743200391531,
0,260816,matched,MATCHED_Impulsive,Proposed_CA_CNN_RNND,1883,0.2914007417857647,0.2324603945016861,0.05894034914672375,
0,260816,matched,MATCHED_Impulsive,Proposed_CA_CNN_RNND,1884,0.5442579537630081,0.41405124217271805,0.13020669855177402,
0,260816,matched,MATCHED_Impulsive,Proposed_CA_CNN_RNND,1885,0.4169285371899605,0.33229445666074753,0.08463408146053553,
0,260816,matched,MATCHED_Impulsive,Proposed_CA_CNN_RNND,1886,0.39936958998441696,0.30974286422133446,0.08962672762572765,
0,260816,matched,MATCHED_Impulsive,Proposed_CA_CNN_RNND,1887,0.35738928988575935,0.28215283155441284,0.07523645181208849,
0,260816,matched,MATCHED_Impulsive,Proposed_CA_CNN_RNND,1888,0.39632320404052734,0.30556170642375946,0.09076149947941303,
0,260816,matched,MATCHED_Impulsive,Proposed_CA_CNN_RNND,1889,0.39228440821170807,0.30672165751457214,0.08556275721639395,
0,260816,matched,MATCHED_Impulsive,Proposed_CA_CNN_RNND,1890,0.45569363236427307,0.35338659957051277,0.1023070253431797,
0,260816,matched,MATCHED_Impulsive,Proposed_CA_CNN_RNND,1891,0.4001426175236702,0.3136048950254917,0.08653772994875908,
0,260816,matched,MATCHED_Impulsive,Proposed_CA_CNN_RNND,1892,0.37739359214901924,0.29818132892251015,0.0792122595012188,
0,260816,matched,MATCHED_Impulsive,Proposed_CA_CNN_RNND,1893,0.39063187688589096,0.3048149570822716,0.08581692259758711,
0,260816,matched,MATCHED_Impulsive,Proposed_CA_CNN_RNND,1894,0.4947393015027046,0.37866200506687164,0.11607729643583298,
0,260816,matched,MATCHED_Impulsive,Proposed_CA_CNN_RNND,1895,0.2878887429833412,0.22978568449616432,0.058103062212467194,
0,260816,matched,MATCHED_Impulsive,Proposed_CA_CNN_RNND,1896,0.4900166466832161,0.37857072800397873,0.11144592612981796,
0,260816,matched,MATCHED_Impulsive,Proposed_CA_CNN_RNND,1897,0.570793442428112,0.44265519082546234,0.12813824228942394,
0,260816,matched,MATCHED_Impulsive,Proposed_CA_CNN_RNND,1898,0.385801799595356,0.30440957099199295,0.08139222767204046,
0,260816,matched,MATCHED_Impulsive,Proposed_CA_CNN_RNND,1899,0.2982647530734539,0.23199035972356796,0.06627438962459564,
0,260816,matched,MATCHED_Impulsive,Proposed_CA_CNN_RNND,1900,0.511014498770237,0.4015730544924736,0.10944145172834396,
0,260816,matched,MATCHED_Impulsive,Proposed_CA_CNN_RNND,1901,0.3639295622706413,0.2875993363559246,0.07633023336529732,
0,260816,matched,MATCHED_Impulsive,Proposed_CA_CNN_RNND,1902,0.3899756744503975,0.30603883787989616,0.0839368300512433,
0,260816,matched,MATCHED_Impulsive,Proposed_CA_CNN_RNND,1903,0.42180970311164856,0.3275812417268753,0.0942284557968378,
0,260816,matched,MATCHED_Impulsive,Proposed_CA_CNN_RNND,1904,0.3655111491680145,0.28842156007885933,0.07708959840238094,
0,260816,matched,MATCHED_Impulsive,Proposed_CA_CNN_RNND,1905,0.4473041445016861,0.3466592952609062,0.10064486600458622,
0,260816,matched,MATCHED_Impulsive,Proposed_CA_CNN_RNND,1906,0.30060914531350136,0.2429446093738079,0.0576645415276289,
0,260816,matched,MATCHED_Impulsive,Proposed_CA_CNN_RNND,1907,0.40093379840254784,0.309125404804945,0.09180838521569967,
0,260816,matched,MATCHED_Impulsive,Proposed_CA_CNN_RNND,1908,0.36830395087599754,0.29152678325772285,0.07677717786282301,
0,260816,matched,MATCHED_Impulsive,Proposed_CA_CNN_RNND,1909,0.3090793155133724,0.2429196536540985,0.06615966279059649,
0,260816,matched,MATCHED_Impulsive,Proposed_CA_CNN_RNND,1910,0.44250431656837463,0.34156640991568565,0.10093790292739868,
0,260816,matched,MATCHED_Impulsive,Proposed_CA_CNN_RNND,1911,0.471604086458683,0.3686490058898926,0.10295506939291954,
0,260816,matched,MATCHED_Impulsive,Proposed_CA_CNN_RNND,1912,0.4206564351916313,0.3251790627837181,0.09547736868262291,
0,260816,matched,MATCHED_Impulsive,Proposed_CA_CNN_RNND,1913,0.35270898789167404,0.2746122367680073,0.07809674646705389,
0,260816,matched,MATCHED_Impulsive,Proposed_CA_CNN_RNND,1914,0.35013531148433685,0.2724479176104069,0.07768739201128483,
0,260816,matched,MATCHED_Impulsive,Proposed_CA_CNN_RNND,1915,0.30044425278902054,0.24351973831653595,0.05692451260983944,
0,260816,matched,MATCHED_Impulsive,Proposed_CA_CNN_RNND,1916,0.2887982986867428,0.2280140444636345,0.06078425142914057,
0,260816,matched,MATCHED_Impulsive,Proposed_CA_CNN_RNND,1917,0.4902755841612816,0.38059818744659424,0.10967738926410675,
0,260816,matched,MATCHED_Impulsive,Proposed_CA_CNN_RNND,1918,0.3106779083609581,0.24583938717842102,0.0648385314270854,
0,260816,matched,MATCHED_Impulsive,Proposed_CA_CNN_RNND,1919,0.39690665155649185,0.3135007880628109,0.0834058690816164,
0,260816,matched,MATCHED_Impulsive,Proposed_CA_CNN_RNND,1920,0.4142659902572632,0.32137103378772736,0.09289495181292295,
0,260816,matched,MATCHED_Impulsive,Proposed_CA_CNN_RNND,1921,0.44189801812171936,0.34709060937166214,0.09480741247534752,
0,260816,matched,MATCHED_Impulsive,Proposed_CA_CNN_RNND,1922,0.3729969598352909,0.29459960758686066,0.0783973503857851,
0,260816,matched,MATCHED_Impulsive,Proposed_CA_CNN_RNND,1923,0.43078040331602097,0.33932510018348694,0.09145530126988888,
0,260816,matched,MATCHED_Impulsive,Proposed_CA_CNN_RNND,1924,0.49706192314624786,0.3883158713579178,0.10874604806303978,
0,260816,matched,MATCHED_Impulsive,Proposed_CA_CNN_RNND,1925,0.3247438706457615,0.25668952986598015,0.0680543351918459,
0,260816,matched,MATCHED_Impulsive,Proposed_CA_CNN_RNND,1926,0.2930402606725693,0.235525730997324,0.057514527812600136,
0,260816,matched,MATCHED_Impulsive,Proposed_CA_CNN_RNND,1927,0.3662334196269512,0.28836457803845406,0.07786884438246489,
0,260816,matched,MATCHED_Impulsive,Proposed_CA_CNN_RNND,1928,0.39439287781715393,0.30645566806197166,0.08793720975518227,
0,260816,matched,MATCHED_Impulsive,Proposed_CA_CNN_RNND,1929,0.33344924077391624,0.2636706903576851,0.06977854948490858,
0,260816,matched,MATCHED_Impulsive,Proposed_CA_CNN_RNND,1930,0.4835800752043724,0.37217235565185547,0.11140773445367813,
0,260816,matched,MATCHED_Impulsive,Proposed_CA_CNN_RNND,1931,0.36654453724622726,0.29342808946967125,0.07311644405126572,
0,260816,matched,MATCHED_Impulsive,Proposed_CA_CNN_RNND,1932,0.4675123319029808,0.37334999442100525,0.094162343069911,
0,260816,matched,MATCHED_Impulsive,Proposed_CA_CNN_RNND,1933,0.5584869310259819,0.4280957356095314,0.13039119821041822,
0,260816,matched,MATCHED_Impulsive,Proposed_CA_CNN_RNND,1934,0.3631882816553116,0.28473739326000214,0.07845088839530945,
0,260816,matched,MATCHED_Impulsive,Proposed_CA_CNN_RNND,1935,0.27672844007611275,0.2251216098666191,0.05160682927817106,
0,260816,matched,MATCHED_Impulsive,Proposed_CA_CNN_RNND,1936,0.3385406918823719,0.2679775021970272,0.07056319061666727,
0,260816,matched,MATCHED_Impulsive,Proposed_CA_CNN_RNND,1937,0.4137154445052147,0.32266952097415924,0.0910459291189909,
0,260816,matched,MATCHED_Impulsive,Proposed_CA_CNN_RNND,1938,0.3282526098191738,0.2579803988337517,0.07027221005409956,
0,260816,matched,MATCHED_Impulsive,Proposed_CA_CNN_RNND,1939,0.35780957341194153,0.2793576642870903,0.07845191657543182,
0,260816,matched,MATCHED_Impulsive,Proposed_CA_CNN_RNND,1940,0.40185536444187164,0.31662220507860184,0.08523315843194723,
0,260816,matched,MATCHED_Impulsive,Proposed_CA_CNN_RNND,1941,0.3870244435966015,0.3077781330794096,0.07924630981869996,
0,260816,matched,MATCHED_Impulsive,Proposed_CA_CNN_RNND,1942,0.31217871233820915,0.24480028450489044,0.06737843155860901,
0,260816,matched,MATCHED_Impulsive,Proposed_CA_CNN_RNND,1943,0.3504636436700821,0.27299972623586655,0.07746391370892525,
0,260816,matched,MATCHED_Impulsive,Proposed_CA_CNN_RNND,1944,0.3959142118692398,0.3103477768599987,0.08556644059717655,
0,260816,matched,MATCHED_Impulsive,Proposed_CA_CNN_RNND,1945,0.3827312961220741,0.30153657123446465,0.08119471464306116,
0,260816,matched,MATCHED_Impulsive,Proposed_CA_CNN_RNND,1946,0.49694257974624634,0.39452582597732544,0.10241675935685635,
0,260816,matched,MATCHED_Impulsive,Proposed_CA_CNN_RNND,1947,0.3598955571651459,0.2820686846971512,0.07782687246799469,
0,260816,matched,MATCHED_Impulsive,Proposed_CA_CNN_RNND,1948,0.5524345338344574,0.42515091598033905,0.12728362530469894,
0,260816,matched,MATCHED_Impulsive,Proposed_CA_CNN_RNND,1949,0.4526544511318207,0.35327380150556564,0.09938064776360989,
0,260816,matched,MATCHED_Impulsive,Proposed_CA_CNN_RNND,1950,0.407516248524189,0.3112707622349262,0.09624548070132732,
0,260816,matched,MATCHED_Impulsive,Proposed_CA_CNN_RNND,1951,0.3958357572555542,0.3060576766729355,0.08977807871997356,
0,260816,matched,MATCHED_Impulsive,Proposed_CA_CNN_RNND,1952,0.4144744537770748,0.3212154619395733,0.0932589853182435,
0,260816,matched,MATCHED_Impulsive,Proposed_CA_CNN_RNND,1953,0.575267381966114,0.4393332377076149,0.1359341386705637,
0,260816,matched,MATCHED_Impulsive,Proposed_CA_CNN_RNND,1954,0.32657700031995773,0.2567535266280174,0.06982347182929516,
0,260816,matched,MATCHED_Impulsive,Proposed_CA_CNN_RNND,1955,0.3208928853273392,0.2542751766741276,0.06661771796643734,
0,260816,matched,MATCHED_Impulsive,Proposed_CA_CNN_RNND,1956,0.41843168064951897,0.3257642909884453,0.09266738640144467,
0,260816,matched,MATCHED_Impulsive,Proposed_CA_CNN_RNND,1957,0.3970668166875839,0.3114486075937748,0.08561822026968002,
0,260816,matched,MATCHED_Impulsive,Proposed_CA_CNN_RNND,1958,0.5344927310943604,0.41385017335414886,0.12064255215227604,
0,260816,matched,MATCHED_Impulsive,Proposed_CA_CNN_RNND,1959,0.49337834119796753,0.38786835223436356,0.1055099880322814,
0,260816,matched,MATCHED_Impulsive,Proposed_CA_CNN_RNND,1960,0.42534343153238297,0.3369560856372118,0.08838735613971949,
0,260816,matched,MATCHED_Impulsive,Proposed_CA_CNN_RNND,1961,0.3182864636182785,0.24894273281097412,0.0693437336012721,
0,260816,matched,MATCHED_Impulsive,Proposed_CA_CNN_RNND,1962,0.3721830025315285,0.29049108177423477,0.0816919170320034,
0,260816,matched,MATCHED_Impulsive,Proposed_CA_CNN_RNND,1963,0.5281659364700317,0.40092866122722626,0.12723729014396667,
0,260816,matched,MATCHED_Impulsive,Proposed_CA_CNN_RNND,1964,0.3053624592721462,0.23841874301433563,0.06694372277706861,
0,260816,matched,MATCHED_Impulsive,Proposed_CA_CNN_RNND,1965,0.3939023017883301,0.31593547761440277,0.07796682417392731,
0,260816,matched,MATCHED_Impulsive,Proposed_CA_CNN_RNND,1966,0.385599248111248,0.3048873282968998,0.08071191981434822,
0,260816,matched,MATCHED_Impulsive,Proposed_CA_CNN_RNND,1967,0.46289101988077164,0.36132092773914337,0.10157009400427341,
0,260816,matched,MATCHED_Impulsive,Proposed_CA_CNN_RNND,1968,0.36271386593580246,0.2854660078883171,0.0772478561848402,
0,260816,matched,MATCHED_Impulsive,Proposed_CA_CNN_RNND,1969,0.4857592508196831,0.385295532643795,0.10046372562646866,
0,260816,matched,MATCHED_Impulsive,Proposed_CA_CNN_RNND,1970,0.5292534753680229,0.406570129096508,0.12268335092812777,
0,260816,matched,MATCHED_Impulsive,Proposed_CA_CNN_RNND,1971,0.43356577306985855,0.3360738232731819,0.09749195445328951,
0,260816,matched,MATCHED_Impulsive,Proposed_CA_CNN_RNND,1972,0.359203539788723,0.27976851910352707,0.0794350290670991,
0,260816,matched,MATCHED_Impulsive,Proposed_CA_CNN_RNND,1973,0.5306708663702011,0.41152070462703705,0.11915015429258347,
0,260816,matched,MATCHED_Impulsive,Proposed_CA_CNN_RNND,1974,0.3809235356748104,0.2971316799521446,0.08379185572266579,
0,260816,matched,MATCHED_Impulsive,Proposed_CA_CNN_RNND,1975,0.4601988196372986,0.34795770049095154,0.11224111635237932,
0,260816,matched,MATCHED_Impulsive,Proposed_CA_CNN_RNND,1976,0.37547341361641884,0.2933109812438488,0.0821624337695539,
0,260816,matched,MATCHED_Impulsive,Proposed_CA_CNN_RNND,1977,0.42853401601314545,0.33788976073265076,0.09064425900578499,
0,260816,matched,MATCHED_Impulsive,Proposed_CA_CNN_RNND,1978,0.46075528860092163,0.36150533705949783,0.09924996830523014,
0,260816,matched,MATCHED_Impulsive,Proposed_CA_CNN_RNND,1979,0.315544068813324,0.24966293573379517,0.06588112469762564,
0,260816,matched,MATCHED_Impulsive,Proposed_CA_CNN_RNND,1980,0.4470306932926178,0.34876471757888794,0.09826597012579441,
0,260816,matched,MATCHED_Impulsive,Proposed_CA_CNN_RNND,1981,0.4423675090074539,0.3461999073624611,0.09616759605705738,
0,260816,matched,MATCHED_Impulsive,Proposed_CA_CNN_RNND,1982,0.5370339825749397,0.4167863726615906,0.1202476155012846,
0,260816,matched,MATCHED_Impulsive,Proposed_CA_CNN_RNND,1983,0.3566923849284649,0.28201028518378735,0.07468208856880665,
0,260816,matched,MATCHED_Impulsive,Proposed_CA_CNN_RNND,1984,0.39547447115182877,0.30512885004282,0.0903456099331379,
0,260816,matched,MATCHED_Impulsive,Proposed_CA_CNN_RNND,1985,0.36166802793741226,0.27900414913892746,0.08266388066112995,
0,260816,matched,MATCHED_Impulsive,Proposed_CA_CNN_RNND,1986,0.47046633809804916,0.3705282285809517,0.09993810579180717,
0,260816,matched,MATCHED_Impulsive,Proposed_CA_CNN_RNND,1987,0.3601001724600792,0.2806667238473892,0.07943344675004482,
0,260816,matched,MATCHED_Impulsive,Proposed_CA_CNN_RNND,1988,0.39990249648690224,0.31867513060569763,0.08122737612575293,
0,260816,matched,MATCHED_Impulsive,Proposed_CA_CNN_RNND,1989,0.5154814049601555,0.40122997015714645,0.11425142362713814,
0,260816,matched,MATCHED_Impulsive,Proposed_CA_CNN_RNND,1990,0.5199087113142014,0.3963712938129902,0.12353743240237236,
0,260816,matched,MATCHED_Impulsive,Proposed_CA_CNN_RNND,1991,0.489653117954731,0.37824949622154236,0.11140361428260803,
0,260816,matched,MATCHED_Impulsive,Proposed_CA_CNN_RNND,1992,0.33375444263219833,0.2627261020243168,0.07102833315730095,
0,260816,matched,MATCHED_Impulsive,Proposed_CA_CNN_RNND,1993,0.40154580771923065,0.3197125196456909,0.08183329552412033,
0,260816,matched,MATCHED_Impulsive,Proposed_CA_CNN_RNND,1994,0.37234748154878616,0.28611549735069275,0.08623198606073856,
0,260816,matched,MATCHED_Impulsive,Proposed_CA_CNN_RNND,1995,0.3485850319266319,0.2730189226567745,0.07556609995663166,
0,260816,matched,MATCHED_Impulsive,Proposed_CA_CNN_RNND,1996,0.37688276916742325,0.29795846715569496,0.07892429642379284,
0,260816,matched,MATCHED_Impulsive,Proposed_CA_CNN_RNND,1997,0.44425077736377716,0.34234345704317093,0.10190733149647713,
0,260816,matched,MATCHED_Impulsive,Proposed_CA_CNN_RNND,1998,0.3683471381664276,0.29055437445640564,0.07779275486245751,
0,260816,matched,MATCHED_Impulsive,Proposed_CA_CNN_RNND,1999,0.3150760158896446,0.2471149042248726,0.06796111073344946,
0,260816,matched,MATCHED_Impulsive,Proposed_CA_CNN_RNND,2000,0.3367494195699692,0.2672198563814163,0.06952956132590771,-0.9023762975808485
0,260816,matched,MATCHED_Impulsive,Proposed_CA_CNN_RNND,2001,0.23066562041640282,0.1894933618605137,0.04117226041853428,
0,260816,matched,MATCHED_Impulsive,Proposed_CA_CNN_RNND,2002,0.346150778234005,0.27729499712586403,0.06885578110814095,
0,260816,matched,MATCHED_Impulsive,Proposed_CA_CNN_RNND,2003,0.38777196034789085,0.30838362872600555,0.07938833255320787,
0,260816,matched,MATCHED_Impulsive,Proposed_CA_CNN_RNND,2004,0.3504935950040817,0.2757149375975132,0.07477865554392338,
0,260816,matched,MATCHED_Impulsive,Proposed_CA_CNN_RNND,2005,0.479613721370697,0.3753708004951477,0.10424290969967842,
0,260816,matched,MATCHED_Impulsive,Proposed_CA_CNN_RNND,2006,0.4412762187421322,0.346798375248909,0.09447785001248121,
0,260816,matched,MATCHED_Impulsive,Proposed_CA_CNN_RNND,2007,0.376810010522604,0.2966587692499161,0.08015123941004276,
0,260816,matched,MATCHED_Impulsive,Proposed_CA_CNN_RNND,2008,0.4635854959487915,0.36380811780691147,0.09977739118039608,
0,260816,matched,MATCHED_Impulsive,Proposed_CA_CNN_RNND,2009,0.5038929507136345,0.3879302963614464,0.11596265807747841,
0,260816,matched,MATCHED_Impulsive,Proposed_CA_CNN_RNND,2010,0.43357204645872116,0.34090952575206757,0.0926625169813633,
0,260816,matched,MATCHED_Impulsive,Proposed_CA_CNN_RNND,2011,0.38931140303611755,0.310070987790823,0.07924041245132685,
0,260816,matched,MATCHED_Impulsive,Proposed_CA_CNN_RNND,2012,0.3372136913239956,0.26597799360752106,0.07123570516705513,
0,260816,matched,MATCHED_Impulsive,Proposed_CA_CNN_RNND,2013,0.492906853556633,0.37696613371372223,0.11594071611762047,
0,260816,matched,MATCHED_Impulsive,Proposed_CA_CNN_RNND,2014,0.4489278644323349,0.3530702218413353,0.09585764072835445,
0,260816,matched,MATCHED_Impulsive,Proposed_CA_CNN_RNND,2015,0.3961346559226513,0.31070946529507637,0.0854251878336072,
0,260816,matched,MATCHED_Impulsive,Proposed_CA_CNN_RNND,2016,0.33117249235510826,0.25839604809880257,0.07277644891291857,
0,260816,matched,MATCHED_Impulsive,Proposed_CA_CNN_RNND,2017,0.41040949523448944,0.320744127035141,0.0896653700619936,
0,260816,matched,MATCHED_Impulsive,Proposed_CA_CNN_RNND,2018,0.506298154592514,0.3884032145142555,0.11789493635296822,
0,260816,matched,MATCHED_Impulsive,Proposed_CA_CNN_RNND,2019,0.3536656014621258,0.27697162330150604,0.07669397722929716,
0,260816,matched,MATCHED_Impulsive,Proposed_CA_CNN_RNND,2020,0.3889349400997162,0.30873313546180725,0.08020179811865091,
0,260816,matched,MATCHED_Impulsive,Proposed_CA_CNN_RNND,2021,0.5116015300154686,0.3927491083741188,0.11885243095457554,
0,260816,matched,MATCHED_Impulsive,Proposed_CA_CNN_RNND,2022,0.29086869210004807,0.2312094084918499,0.05965928779914975,
0,260816,matched,MATCHED_Impulsive,Proposed_CA_CNN_RNND,2023,0.49774403125047684,0.3924774080514908,0.1052666176110506,
0,260816,matched,MATCHED_Impulsive,Proposed_CA_CNN_RNND,2024,0.31851428747177124,0.2592206075787544,0.05929368548095226,
0,260816,matched,MATCHED_Impulsive,Proposed_CA_CNN_RNND,2025,0.5012751296162605,0.38858477771282196,0.11269035190343857,
0,260816,matched,MATCHED_Impulsive,Proposed_CA_CNN_RNND,2026,0.4312012232840061,0.3389172591269016,0.09228396788239479,
0,260816,matched,MATCHED_Impulsive,Proposed_CA_CNN_RNND,2027,0.4467708691954613,0.35610082745552063,0.09067004173994064,
0,260816,matched,MATCHED_Impulsive,Proposed_CA_CNN_RNND,2028,0.4369388148188591,0.34282005578279495,0.09411876928061247,
0,260816,matched,MATCHED_Impulsive,Proposed_CA_CNN_RNND,2029,0.45682603120803833,0.36313872411847115,0.09368730708956718,
0,260816,matched,MATCHED_Impulsive,Proposed_CA_CNN_RNND,2030,0.328014075756073,0.2604900784790516,0.06752399355173111,
0,260816,matched,MATCHED_Impulsive,Proposed_CA_CNN_RNND,2031,0.4812064841389656,0.3724433034658432,0.10876317229121923,
0,260816,matched,MATCHED_Impulsive,Proposed_CA_CNN_RNND,2032,0.32162249088287354,0.25734056904911995,0.06428193300962448,
0,260816,matched,MATCHED_Impulsive,Proposed_CA_CNN_RNND,2033,0.3554665595293045,0.27898556739091873,0.07648099306970835,
0,260816,matched,MATCHED_Impulsive,Proposed_CA_CNN_RNND,2034,0.3982781171798706,0.31336572021245956,0.08491239510476589,
0,260816,matched,MATCHED_Impulsive,Proposed_CA_CNN_RNND,2035,0.4354666918516159,0.3423885442316532,0.09307814948260784,
0,260816,matched,MATCHED_Impulsive,Proposed_CA_CNN_RNND,2036,0.4981767013669014,0.3937789723277092,0.10439773462712765,
0,260816,matched,MATCHED_Impulsive,Proposed_CA_CNN_RNND,2037,0.3354676924645901,0.26892218738794327,0.06654550787061453,
0,260816,matched,MATCHED_Impulsive,Proposed_CA_CNN_RNND,2038,0.4867701083421707,0.38493596762418747,0.10183415235951543,
0,260816,matched,MATCHED_Impulsive,Proposed_CA_CNN_RNND,2039,0.43749234825372696,0.33742517977952957,0.10006716661155224,
0,260816,matched,MATCHED_Impulsive,Proposed_CA_CNN_RNND,2040,0.4542502909898758,0.3573904260993004,0.09685985557734966,
0,260816,matched,MATCHED_Impulsive,Proposed_CA_CNN_RNND,2041,0.4210619106888771,0.33054019510746,0.09052173234522343,
0,260816,matched,MATCHED_Impulsive,Proposed_CA_CNN_RNND,2042,0.37446150928735733,0.2971103824675083,0.07735113427042961,
0,260816,matched,MATCHED_Impulsive,Proposed_CA_CNN_RNND,2043,0.40024620294570923,0.3191307485103607,0.08111546095460653,
0,260816,matched,MATCHED_Impulsive,Proposed_CA_CNN_RNND,2044,0.3250034675002098,0.2587243840098381,0.06627908162772655,
0,260816,matched,MATCHED_Impulsive,Proposed_CA_CNN_RNND,2045,0.4748671054840088,0.36924608051776886,0.10562101192772388,
0,260816,matched,MATCHED_Impulsive,Proposed_CA_CNN_RNND,2046,0.4447956010699272,0.349670834839344,0.09512477740645409,
0,260816,matched,MATCHED_Impulsive,Proposed_CA_CNN_RNND,2047,0.4538409933447838,0.35638826340436935,0.09745273180305958,
0,260816,matched,MATCHED_Impulsive,Proposed_CA_CNN_RNND,2048,0.3568444848060608,0.28017063066363335,0.07667384669184685,
0,260816,matched,MATCHED_Impulsive,Proposed_CA_CNN_RNND,2049,0.37634576857089996,0.29714397341012955,0.07920180261135101,
0,260816,matched,MATCHED_Impulsive,Proposed_CA_CNN_RNND,2050,0.340371448546648,0.2701776996254921,0.07019374333322048,
0,260816,matched,MATCHED_Impulsive,Proposed_CA_CNN_RNND,2051,0.37415269762277603,0.2931905947625637,0.08096210937947035,
0,260816,matched,MATCHED_Impulsive,Proposed_CA_CNN_RNND,2052,0.44825809448957443,0.3514675311744213,0.09679056890308857,
0,260816,matched,MATCHED_Impulsive,Proposed_CA_CNN_RNND,2053,0.328860267996788,0.26423537358641624,0.06462489534169436,
0,260816,matched,MATCHED_Impulsive,Proposed_CA_CNN_RNND,2054,0.35151150450110435,0.2785136513411999,0.07299786154180765,
0,260816,matched,MATCHED_Impulsive,Proposed_CA_CNN_RNND,2055,0.33748285844922066,0.26084593683481216,0.07663691882044077,
0,260816,matched,MATCHED_Impulsive,Proposed_CA_CNN_RNND,2056,0.4721211567521095,0.36256563663482666,0.10955552943050861,
0,260816,matched,MATCHED_Impulsive,Proposed_CA_CNN_RNND,2057,0.439842838793993,0.3442399278283119,0.09560290817171335,
0,260816,matched,MATCHED_Impulsive,Proposed_CA_CNN_RNND,2058,0.44504234567284584,0.3476368449628353,0.09740549512207508,
0,260816,matched,MATCHED_Impulsive,Proposed_CA_CNN_RNND,2059,0.374458909034729,0.2968955598771572,0.07756335474550724,
0,260816,matched,MATCHED_Impulsive,Proposed_CA_CNN_RNND,2060,0.27273861318826675,0.218279380351305,0.05445923749357462,
0,260816,matched,MATCHED_Impulsive,Proposed_CA_CNN_RNND,2061,0.3502909168601036,0.27824540063738823,0.07204551715403795,
0,260816,matched,MATCHED_Impulsive,Proposed_CA_CNN_RNND,2062,0.47465992718935013,0.37195005267858505,0.10270987637341022,
0,260816,matched,MATCHED_Impulsive,Proposed_CA_CNN_RNND,2063,0.3181604817509651,0.25071124732494354,0.06744923163205385,
0,260816,matched,MATCHED_Impulsive,Proposed_CA_CNN_RNND,2064,0.3856341876089573,0.3005104921758175,0.08512370055541396,
0,260816,matched,MATCHED_Impulsive,Proposed_CA_CNN_RNND,2065,0.46456853672862053,0.35977819561958313,0.10479034204035997,
0,260816,matched,MATCHED_Impulsive,Proposed_CA_CNN_RNND,2066,0.40197568014264107,0.3203665241599083,0.08160914573818445,
0,260816,matched,MATCHED_Impulsive,Proposed_CA_CNN_RNND,2067,0.3242032118141651,0.2558548301458359,0.06834837794303894,
0,260816,matched,MATCHED_Impulsive,Proposed_CA_CNN_RNND,2068,0.44373344257473946,0.34385913237929344,0.09987431392073631,
0,260816,matched,MATCHED_Impulsive,Proposed_CA_CNN_RNND,2069,0.4708927571773529,0.3676925376057625,0.10320022515952587,
0,260816,matched,MATCHED_Impulsive,Proposed_CA_CNN_RNND,2070,0.507684513926506,0.3935934230685234,0.11409110017120838,
0,260816,matched,MATCHED_Impulsive,Proposed_CA_CNN_RNND,2071,0.5369570255279541,0.40565379709005356,0.13130323961377144,
0,260816,matched,MATCHED_Impulsive,Proposed_CA_CNN_RNND,2072,0.3119690828025341,0.24968592822551727,0.06228315643966198,
0,260816,matched,MATCHED_Impulsive,Proposed_CA_CNN_RNND,2073,0.5390790924429893,0.4214569479227066,0.1176221426576376,
0,260816,matched,MATCHED_Impulsive,Proposed_CA_CNN_RNND,2074,0.3322005085647106,0.26480548828840256,0.06739501748234034,
0,260816,matched,MATCHED_Impulsive,Proposed_CA_CNN_RNND,2075,0.5134324431419373,0.39669007807970047,0.11674236413091421,
0,260816,matched,MATCHED_Impulsive,Proposed_CA_CNN_RNND,2076,0.49835868179798126,0.3797970116138458,0.11856166645884514,
0,260816,matched,MATCHED_Impulsive,Proposed_CA_CNN_RNND,2077,0.37461817264556885,0.29345058649778366,0.08116759732365608,
0,260816,matched,MATCHED_Impulsive,Proposed_CA_CNN_RNND,2078,0.43754182755947113,0.3448943570256233,0.09264747239649296,
0,260816,matched,MATCHED_Impulsive,Proposed_CA_CNN_RNND,2079,0.4747047983109951,0.36755356937646866,0.10715122614055872,
0,260816,matched,MATCHED_Impulsive,Proposed_CA_CNN_RNND,2080,0.4806412234902382,0.3734586462378502,0.10718257538974285,
0,260816,matched,MATCHED_Impulsive,Proposed_CA_CNN_RNND,2081,0.4167799949645996,0.32864440232515335,0.08813558612018824,
0,260816,matched,MATCHED_Impulsive,Proposed_CA_CNN_RNND,2082,0.26313960552215576,0.2110764943063259,0.0520631056278944,
0,260816,matched,MATCHED_Impulsive,Proposed_CA_CNN_RNND,2083,0.4923322722315788,0.38315679132938385,0.10917548649013042,
0,260816,matched,MATCHED_Impulsive,Proposed_CA_CNN_RNND,2084,0.3062664493918419,0.24326254799962044,0.06300389859825373,
0,260816,matched,MATCHED_Impulsive,Proposed_CA_CNN_RNND,2085,0.38703085482120514,0.2996707409620285,0.08736011944711208,
0,260816,matched,MATCHED_Impulsive,Proposed_CA_CNN_RNND,2086,0.33591291680932045,0.2606079503893852,0.07530496595427394,
0,260816,matched,MATCHED_Impulsive,Proposed_CA_CNN_RNND,2087,0.46958497911691666,0.37089669704437256,0.0986882927827537,
0,260816,matched,MATCHED_Impulsive,Proposed_CA_CNN_RNND,2088,0.3180888630449772,0.25537292286753654,0.0627159383147955,
0,260816,matched,MATCHED_Impulsive,Proposed_CA_CNN_RNND,2089,0.372966431081295,0.29269837960600853,0.08026805706322193,
0,260816,matched,MATCHED_Impulsive,Proposed_CA_CNN_RNND,2090,0.49489787220954895,0.38575801253318787,0.1091398661956191,
0,260816,matched,MATCHED_Impulsive,Proposed_CA_CNN_RNND,2091,0.37845010682940483,0.29630976915359497,0.08214034046977758,
0,260816,matched,MATCHED_Impulsive,Proposed_CA_CNN_RNND,2092,0.3693477287888527,0.29119130596518517,0.07815642096102238,
0,260816,matched,MATCHED_Impulsive,Proposed_CA_CNN_RNND,2093,0.32931312546133995,0.2605423405766487,0.06877078674733639,
0,260816,matched,MATCHED_Impulsive,Proposed_CA_CNN_RNND,2094,0.5585699677467346,0.4286303073167801,0.12993966974318027,
0,260816,matched,MATCHED_Impulsive,Proposed_CA_CNN_RNND,2095,0.6373103186488152,0.4850103259086609,0.15229997970163822,
0,260816,matched,MATCHED_Impulsive,Proposed_CA_CNN_RNND,2096,0.3136351555585861,0.2493870109319687,0.06424814742058516,
0,260816,matched,MATCHED_Impulsive,Proposed_CA_CNN_RNND,2097,0.5441700518131256,0.4262591451406479,0.11791089363396168,
0,260816,matched,MATCHED_Impulsive,Proposed_CA_CNN_RNND,2098,0.45399223268032074,0.36145834624767303,0.0925338827073574,
0,260816,matched,MATCHED_Impulsive,Proposed_CA_CNN_RNND,2099,0.40007134526968,0.31666601449251175,0.08340533636510372,
0,260816,matched,MATCHED_Impulsive,Proposed_CA_CNN_RNND,2100,0.30516210943460464,0.24794133007526398,0.05722078029066324,
0,260816,matched,MATCHED_Impulsive,Proposed_CA_CNN_RNND,2101,0.35644519701600075,0.28174665942788124,0.0746985375881195,
0,260816,matched,MATCHED_Impulsive,Proposed_CA_CNN_RNND,2102,0.35471710562705994,0.2831512652337551,0.07156584598124027,
0,260816,matched,MATCHED_Impulsive,Proposed_CA_CNN_RNND,2103,0.3911157324910164,0.305258896201849,0.0858568400144577,
0,260816,matched,MATCHED_Impulsive,Proposed_CA_CNN_RNND,2104,0.45417215675115585,0.35948485136032104,0.09468730725347996,
0,260816,matched,MATCHED_Impulsive,Proposed_CA_CNN_RNND,2105,0.26822688430547714,0.21775243431329727,0.05047445651143789,
0,260816,matched,MATCHED_Impulsive,Proposed_CA_CNN_RNND,2106,0.3780403546988964,0.2963014990091324,0.0817388528957963,
0,260816,matched,MATCHED_Impulsive,Proposed_CA_CNN_RNND,2107,0.40884821861982346,0.32401056587696075,0.08483765460550785,
0,260816,matched,MATCHED_Impulsive,Proposed_CA_CNN_RNND,2108,0.4669898673892021,0.3634226620197296,0.1035672165453434,
0,260816,matched,MATCHED_Impulsive,Proposed_CA_CNN_RNND,2109,0.3687792755663395,0.2898416966199875,0.07893756777048111,
0,260816,matched,MATCHED_Impulsive,Proposed_CA_CNN_RNND,2110,0.27584267407655716,0.22341107577085495,0.052431597374379635,
0,260816,matched,MATCHED_Impulsive,Proposed_CA_CNN_RNND,2111,0.5283149108290672,0.40720031410455704,0.12111460417509079,
0,260816,matched,MATCHED_Impulsive,Proposed_CA_CNN_RNND,2112,0.39210985600948334,0.3092131167650223,0.08289674483239651,
0,260816,matched,MATCHED_Impulsive,Proposed_CA_CNN_RNND,2113,0.47983482480049133,0.37107424437999725,0.10876057296991348,
0,260816,matched,MATCHED_Impulsive,Proposed_CA_CNN_RNND,2114,0.3013165518641472,0.23300771042704582,0.06830884888768196,
0,260816,matched,MATCHED_Impulsive,Proposed_CA_CNN_RNND,2115,0.3580879792571068,0.2866137772798538,0.07147419638931751,
0,260816,matched,MATCHED_Impulsive,Proposed_CA_CNN_RNND,2116,0.4341878406703472,0.3436279557645321,0.09055988118052483,
0,260816,matched,MATCHED_Impulsive,Proposed_CA_CNN_RNND,2117,0.42519545182585716,0.3328556418418884,0.09233981464058161,
0,260816,matched,MATCHED_Impulsive,Proposed_CA_CNN_RNND,2118,0.5945441424846649,0.45728687196969986,0.13725729286670685,
0,260816,matched,MATCHED_Impulsive,Proposed_CA_CNN_RNND,2119,0.43075399845838547,0.3415810391306877,0.08917295653373003,
0,260816,matched,MATCHED_Impulsive,Proposed_CA_CNN_RNND,2120,0.46002061665058136,0.36415185779333115,0.09586876817047596,
0,260816,matched,MATCHED_Impulsive,Proposed_CA_CNN_RNND,2121,0.3819628655910492,0.3034626841545105,0.07850017957389355,
0,260816,matched,MATCHED_Impulsive,Proposed_CA_CNN_RNND,2122,0.32686058804392815,0.26171182841062546,0.06514875823631883,
0,260816,matched,MATCHED_Impulsive,Proposed_CA_CNN_RNND,2123,0.2953590378165245,0.23638243600726128,0.05897659994661808,
0,260816,matched,MATCHED_Impulsive,Proposed_CA_CNN_RNND,2124,0.5200177729129791,0.402837835252285,0.11717995256185532,
0,260816,matched,MATCHED_Impulsive,Proposed_CA_CNN_RNND,2125,0.5089417099952698,0.39761006087064743,0.11133164912462234,
0,260816,matched,MATCHED_Impulsive,Proposed_CA_CNN_RNND,2126,0.3755989447236061,0.29792968928813934,0.07766925543546677,
0,260816,matched,MATCHED_Impulsive,Proposed_CA_CNN_RNND,2127,0.4884626939892769,0.37877361476421356,0.10968907736241817,
0,260816,matched,MATCHED_Impulsive,Proposed_CA_CNN_RNND,2128,0.4218675158917904,0.32540037110447884,0.09646713826805353,
0,260816,matched,MATCHED_Impulsive,Proposed_CA_CNN_RNND,2129,0.23798207566142082,0.1911054216325283,0.046876657754182816,
0,260816,matched,MATCHED_Impulsive,Proposed_CA_CNN_RNND,2130,0.24814270809292793,0.20241691917181015,0.04572579264640808,
0,260816,matched,MATCHED_Impulsive,Proposed_CA_CNN_RNND,2131,0.40299689769744873,0.3228536620736122,0.08014323096722364,
0,260816,matched,MATCHED_Impulsive,Proposed_CA_CNN_RNND,2132,0.3649882525205612,0.2831425964832306,0.08184564858675003,
0,260816,matched,MATCHED_Impulsive,Proposed_CA_CNN_RNND,2133,0.3969099298119545,0.31071143224835396,0.08619848638772964,
0,260816,matched,MATCHED_Impulsive,Proposed_CA_CNN_RNND,2134,0.48384957015514374,0.3885083794593811,0.09534118138253689,
0,260816,matched,MATCHED_Impulsive,Proposed_CA_CNN_RNND,2135,0.5468380823731422,0.42530740797519684,0.1215306743979454,
0,260816,matched,MATCHED_Impulsive,Proposed_CA_CNN_RNND,2136,0.3368205800652504,0.27421167865395546,0.06260890513658524,
0,260816,matched,MATCHED_Impulsive,Proposed_CA_CNN_RNND,2137,0.3551858775317669,0.2781311050057411,0.07705477438867092,
0,260816,matched,MATCHED_Impulsive,Proposed_CA_CNN_RNND,2138,0.4496372491121292,0.35161541774868965,0.09802184347063303,
0,260816,matched,MATCHED_Impulsive,Proposed_CA_CNN_RNND,2139,0.2979031875729561,0.24303307756781578,0.05487010534852743,
0,260816,matched,MATCHED_Impulsive,Proposed_CA_CNN_RNND,2140,0.39125338941812515,0.31557172536849976,0.07568165846168995,
0,260816,matched,MATCHED_Impulsive,Proposed_CA_CNN_RNND,2141,0.3025303930044174,0.24781136587262154,0.054719023406505585,
0,260816,matched,MATCHED_Impulsive,Proposed_CA_CNN_RNND,2142,0.3656853586435318,0.29103679582476616,0.07464856281876564,
0,260816,matched,MATCHED_Impulsive,Proposed_CA_CNN_RNND,2143,0.3611035645008087,0.2825198546051979,0.07858370896428823,
0,260816,matched,MATCHED_Impulsive,Proposed_CA_CNN_RNND,2144,0.3843159005045891,0.3024911656975746,0.08182473387569189,
0,260816,matched,MATCHED_Impulsive,Proposed_CA_CNN_RNND,2145,0.4645739793777466,0.36552149802446365,0.09905248321592808,
0,260816,matched,MATCHED_Impulsive,Proposed_CA_CNN_RNND,2146,0.4164726138114929,0.3238496035337448,0.09262301027774811,
0,260816,matched,MATCHED_Impulsive,Proposed_CA_CNN_RNND,2147,0.4241769164800644,0.3334743529558182,0.09070256538689137,
0,260816,matched,MATCHED_Impulsive,Proposed_CA_CNN_RNND,2148,0.31979532539844513,0.2561705484986305,0.0636247806251049,
0,260816,matched,MATCHED_Impulsive,Proposed_CA_CNN_RNND,2149,0.285357341170311,0.2266145870089531,0.05874275974929333,
0,260816,matched,MATCHED_Impulsive,Proposed_CA_CNN_RNND,2150,0.46449027583003044,0.3613029941916466,0.10318728443235159,
0,260816,matched,MATCHED_Impulsive,Proposed_CA_CNN_RNND,2151,0.4315013438463211,0.3384263776242733,0.09307496063411236,
0,260816,matched,MATCHED_Impulsive,Proposed_CA_CNN_RNND,2152,0.3344162292778492,0.26768673211336136,0.06672949064522982,
0,260816,matched,MATCHED_Impulsive,Proposed_CA_CNN_RNND,2153,0.25293875858187675,0.2072647586464882,0.04567399900406599,
0,260816,matched,MATCHED_Impulsive,Proposed_CA_CNN_RNND,2154,0.29333169385790825,0.234151903539896,0.05917979311197996,
0,260816,matched,MATCHED_Impulsive,Proposed_CA_CNN_RNND,2155,0.4222509600222111,0.3338153138756752,0.08843565918505192,
0,260816,matched,MATCHED_Impulsive,Proposed_CA_CNN_RNND,2156,0.4291192293167114,0.3403283804655075,0.08879084512591362,
0,260816,matched,MATCHED_Impulsive,Proposed_CA_CNN_RNND,2157,0.5189997032284737,0.40393050760030746,0.11506918165832758,
0,260816,matched,MATCHED_Impulsive,Proposed_CA_CNN_RNND,2158,0.40370573103427887,0.31239835172891617,0.0913073867559433,
0,260816,matched,MATCHED_Impulsive,Proposed_CA_CNN_RNND,2159,0.6102507561445236,0.4738325998187065,0.13641816191375256,
0,260816,matched,MATCHED_Impulsive,Proposed_CA_CNN_RNND,2160,0.3312595263123512,0.2652615122497082,0.0659980084747076,
0,260816,matched,MATCHED_Impulsive,Proposed_CA_CNN_RNND,2161,0.38460854440927505,0.3125351220369339,0.07207341678440571,
0,260816,matched,MATCHED_Impulsive,Proposed_CA_CNN_RNND,2162,0.45265138521790504,0.3506445102393627,0.10200688987970352,
0,260816,matched,MATCHED_Impulsive,Proposed_CA_CNN_RNND,2163,0.4039156511425972,0.3156483620405197,0.08826728910207748,
0,260816,matched,MATCHED_Impulsive,Proposed_CA_CNN_RNND,2164,0.3912754952907562,0.31540319323539734,0.07587231043726206,
0,260816,matched,MATCHED_Impulsive,Proposed_CA_CNN_RNND,2165,0.35464971512556076,0.2885078154504299,0.06614189129322767,
0,260816,matched,MATCHED_Impulsive,Proposed_CA_CNN_RNND,2166,0.5387194529175758,0.4139903634786606,0.1247290950268507,
0,260816,matched,MATCHED_Impulsive,Proposed_CA_CNN_RNND,2167,0.4462883174419403,0.35358115285634995,0.09270716831088066,
0,260816,matched,MATCHED_Impulsive,Proposed_CA_CNN_RNND,2168,0.47873273119330406,0.3783465251326561,0.10038620326668024,
0,260816,matched,MATCHED_Impulsive,Proposed_CA_CNN_RNND,2169,0.3996535390615463,0.3097759783267975,0.0898775514215231,
0,260816,matched,MATCHED_Impulsive,Proposed_CA_CNN_RNND,2170,0.3100399523973465,0.24932734668254852,0.0607126047834754,
0,260816,matched,MATCHED_Impulsive,Proposed_CA_CNN_RNND,2171,0.3719058856368065,0.29480838030576706,0.07709751091897488,
0,260816,matched,MATCHED_Impulsive,Proposed_CA_CNN_RNND,2172,0.29884037002921104,0.23926059156656265,0.05957977380603552,
0,260816,matched,MATCHED_Impulsive,Proposed_CA_CNN_RNND,2173,0.3364553712308407,0.27045635879039764,0.06599901104345918,
0,260816,matched,MATCHED_Impulsive,Proposed_CA_CNN_RNND,2174,0.44394100829958916,0.34227458760142326,0.10166642256081104,
0,260816,matched,MATCHED_Impulsive,Proposed_CA_CNN_RNND,2175,0.36757516488432884,0.2903619334101677,0.077213229611516,
0,260816,matched,MATCHED_Impulsive,Proposed_CA_CNN_RNND,2176,0.3607496879994869,0.2836105562746525,0.07713912799954414,
0,260816,matched,MATCHED_Impulsive,Proposed_CA_CNN_RNND,2177,0.44710633903741837,0.3520813658833504,0.09502496756613255,
0,260816,matched,MATCHED_Impulsive,Proposed_CA_CNN_RNND,2178,0.4178471267223358,0.3304448798298836,0.08740224782377481,
0,260816,matched,MATCHED_Impulsive,Proposed_CA_CNN_RNND,2179,0.3883931376039982,0.3116144686937332,0.07677867542952299,
0,260816,matched,MATCHED_Impulsive,Proposed_CA_CNN_RNND,2180,0.4670785665512085,0.37005238980054855,0.09702618606388569,
0,260816,matched,MATCHED_Impulsive,Proposed_CA_CNN_RNND,2181,0.30394935235381126,0.2401641234755516,0.06378523074090481,
0,260816,matched,MATCHED_Impulsive,Proposed_CA_CNN_RNND,2182,0.2700183093547821,0.2102363370358944,0.05978197371587157,
0,260816,matched,MATCHED_Impulsive,Proposed_CA_CNN_RNND,2183,0.46769843250513077,0.3661576509475708,0.10154077410697937,
0,260816,matched,MATCHED_Impulsive,Proposed_CA_CNN_RNND,2184,0.38786671683192253,0.3055848218500614,0.08228188939392567,
0,260816,matched,MATCHED_Impulsive,Proposed_CA_CNN_RNND,2185,0.28947564214468,0.23351406306028366,0.05596158001571894,
0,260816,matched,MATCHED_Impulsive,Proposed_CA_CNN_RNND,2186,0.42318738251924515,0.3346865400671959,0.08850084245204926,
0,260816,matched,MATCHED_Impulsive,Proposed_CA_CNN_RNND,2187,0.48588866367936134,0.3775831311941147,0.10830553341656923,
0,260816,matched,MATCHED_Impulsive,Proposed_CA_CNN_RNND,2188,0.27865390852093697,0.2246468886733055,0.054007011000066996,
0,260816,matched,MATCHED_Impulsive,Proposed_CA_CNN_RNND,2189,0.3653819337487221,0.28965237736701965,0.07572954427450895,
0,260816,matched,MATCHED_Impulsive,Proposed_CA_CNN_RNND,2190,0.5034184902906418,0.39896365255117416,0.10445484146475792,
0,260816,matched,MATCHED_Impulsive,Proposed_CA_CNN_RNND,2191,0.3832671791315079,0.30367355793714523,0.07959362398833036,
0,260816,matched,MATCHED_Impulsive,Proposed_CA_CNN_RNND,2192,0.4652385450899601,0.3679649345576763,0.09727360773831606,
0,260816,matched,MATCHED_Impulsive,Proposed_CA_CNN_RNND,2193,0.5233998969197273,0.4013304263353348,0.12206948362290859,
0,260816,matched,MATCHED_Impulsive,Proposed_CA_CNN_RNND,2194,0.27516812831163406,0.21914144977927208,0.056026680395007133,
0,260816,matched,MATCHED_Impulsive,Proposed_CA_CNN_RNND,2195,0.4129635766148567,0.3276437520980835,0.08531983569264412,
0,260816,matched,MATCHED_Impulsive,Proposed_CA_CNN_RNND,2196,0.47316964715719223,0.3655686005949974,0.10760103166103363,
0,260816,matched,MATCHED_Impulsive,Proposed_CA_CNN_RNND,2197,0.2928552106022835,0.22910383343696594,0.06375138740986586,
0,260816,matched,MATCHED_Impulsive,Proposed_CA_CNN_RNND,2198,0.2537584416568279,0.20379408448934555,0.04996435437351465,
0,260816,matched,MATCHED_Impulsive,Proposed_CA_CNN_RNND,2199,0.5630920305848122,0.44918521493673325,0.11390681006014347,
0,260816,matched,MATCHED_Impulsive,Proposed_CA_CNN_RNND,2200,0.49677079916000366,0.3933703228831291,0.1034004706889391,-0.9233546495775756
0,260816,matched,MATCHED_Impulsive,Proposed_CA_CNN_RNND,2201,0.5695053413510323,0.43966757506132126,0.1298377476632595,
0,260816,matched,MATCHED_Impulsive,Proposed_CA_CNN_RNND,2202,0.2897409647703171,0.23469631746411324,0.05504464451223612,
0,260816,matched,MATCHED_Impulsive,Proposed_CA_CNN_RNND,2203,0.382223766297102,0.3064558506011963,0.07576790638267994,
0,260816,matched,MATCHED_Impulsive,Proposed_CA_CNN_RNND,2204,0.3487413711845875,0.2831033952534199,0.0656379833817482,
0,260816,matched,MATCHED_Impulsive,Proposed_CA_CNN_RNND,2205,0.36839432269334793,0.29887688159942627,0.06951743178069592,
0,260816,matched,MATCHED_Impulsive,Proposed_CA_CNN_RNND,2206,0.41735001653432846,0.32921022921800613,0.08813979011029005,
0,260816,matched,MATCHED_Impulsive,Proposed_CA_CNN_RNND,2207,0.4348480999469757,0.33885258436203003,0.09599551372230053,
0,260816,matched,MATCHED_Impulsive,Proposed_CA_CNN_RNND,2208,0.44099587947130203,0.3557365834712982,0.08525929227471352,
0,260816,matched,MATCHED_Impulsive,Proposed_CA_CNN_RNND,2209,0.4770270586013794,0.37751396745443344,0.09951310697942972,
0,260816,matched,MATCHED_Impulsive,Proposed_CA_CNN_RNND,2210,0.4010579511523247,0.32221123203635216,0.07884671818464994,
0,260816,matched,MATCHED_Impulsive,Proposed_CA_CNN_RNND,2211,0.3621768578886986,0.2923171930015087,0.06985966395586729,
0,260816,matched,MATCHED_Impulsive,Proposed_CA_CNN_RNND,2212,0.5044058784842491,0.39271483570337296,0.11169104650616646,
0,260816,matched,MATCHED_Impulsive,Proposed_CA_CNN_RNND,2213,0.32308322936296463,0.2592933624982834,0.06378986686468124,
0,260816,matched,MATCHED_Impulsive,Proposed_CA_CNN_RNND,2214,0.4021947532892227,0.31734515726566315,0.0848495913669467,
0,260816,matched,MATCHED_Impulsive,Proposed_CA_CNN_RNND,2215,0.49618985876441,0.3865255191922188,0.10966433212161064,
0,260816,matched,MATCHED_Impulsive,Proposed_CA_CNN_RNND,2216,0.2916492931544781,0.24110594391822815,0.050543347373604774,
0,260816,matched,MATCHED_Impulsive,Proposed_CA_CNN_RNND,2217,0.39647481590509415,0.3243526965379715,0.07212212309241295,
0,260816,matched,MATCHED_Impulsive,Proposed_CA_CNN_RNND,2218,0.4078425355255604,0.3203280419111252,0.08751449268311262,
0,260816,matched,MATCHED_Impulsive,Proposed_CA_CNN_RNND,2219,0.42734991386532784,0.329599529504776,0.09775038994848728,
0,260816,matched,MATCHED_Impulsive,Proposed_CA_CNN_RNND,2220,0.28046903386712074,0.22861087322235107,0.051858157850801945,
0,260816,matched,MATCHED_Impulsive,Proposed_CA_CNN_RNND,2221,0.4370509721338749,0.3454308956861496,0.09162008855491877,
0,260816,matched,MATCHED_Impulsive,Proposed_CA_CNN_RNND,2222,0.35856664925813675,0.2857007682323456,0.07286587823182344,
0,260816,matched,MATCHED_Impulsive,Proposed_CA_CNN_RNND,2223,0.36532675474882126,0.29293371737003326,0.07239304110407829,
0,260816,matched,MATCHED_Impulsive,Proposed_CA_CNN_RNND,2224,0.4438523128628731,0.3503088131546974,0.09354348946362734,
0,260816,matched,MATCHED_Impulsive,Proposed_CA_CNN_RNND,2225,0.37053148448467255,0.29423190653324127,0.07629957608878613,
0,260816,matched,MATCHED_Impulsive,Proposed_CA_CNN_RNND,2226,0.30975645408034325,0.24697479605674744,0.0627816654741764,
0,260816,matched,MATCHED_Impulsive,Proposed_CA_CNN_RNND,2227,0.42761681228876114,0.33743777871131897,0.09017903916537762,
0,260816,matched,MATCHED_Impulsive,Proposed_CA_CNN_RNND,2228,0.5102224797010422,0.3962656483054161,0.11395684443414211,
0,260816,matched,MATCHED_Impulsive,Proposed_CA_CNN_RNND,2229,0.38768819719552994,0.30442552268505096,0.08326266705989838,
0,260816,matched,MATCHED_Impulsive,Proposed_CA_CNN_RNND,2230,0.34349462389945984,0.2748416177928448,0.06865300610661507,
0,260816,matched,MATCHED_Impulsive,Proposed_CA_CNN_RNND,2231,0.35896872729063034,0.2843157723546028,0.07465295866131783,
0,260816,matched,MATCHED_Impulsive,Proposed_CA_CNN_RNND,2232,0.3146829456090927,0.2526027113199234,0.06208023615181446,
0,260816,matched,MATCHED_Impulsive,Proposed_CA_CNN_RNND,2233,0.4831095263361931,0.3852943740785122,0.09781514946371317,
0,260816,matched,MATCHED_Impulsive,Proposed_CA_CNN_RNND,2234,0.3046576641499996,0.24739836156368256,0.05725929560139775,
0,260816,matched,MATCHED_Impulsive,Proposed_CA_CNN_RNND,2235,0.3263661786913872,0.2597587574273348,0.06660741986706853,
0,260816,matched,MATCHED_Impulsive,Proposed_CA_CNN_RNND,2236,0.4862958565354347,0.38179192692041397,0.1045039240270853,
0,260816,matched,MATCHED_Impulsive,Proposed_CA_CNN_RNND,2237,0.3355838246643543,0.2721709609031677,0.0634128600358963,
0,260816,matched,MATCHED_Impulsive,Proposed_CA_CNN_RNND,2238,0.37574056163430214,0.29356852173805237,0.08217203617095947,
0,260816,matched,MATCHED_Impulsive,Proposed_CA_CNN_RNND,2239,0.4676550105214119,0.3731587082147598,0.09449630230665207,
0,260816,matched,MATCHED_Impulsive,Proposed_CA_CNN_RNND,2240,0.27149244397878647,0.21892933174967766,0.05256311409175396,
0,260816,matched,MATCHED_Impulsive,Proposed_CA_CNN_RNND,2241,0.4724810719490051,0.3694436810910702,0.10303739458322525,
0,260816,matched,MATCHED_Impulsive,Proposed_CA_CNN_RNND,2242,0.5195196568965912,0.4056026190519333,0.11391702853143215,
0,260816,matched,MATCHED_Impulsive,Proposed_CA_CNN_RNND,2243,0.39756665378808975,0.3132362961769104,0.0843303520232439,
0,260816,matched,MATCHED_Impulsive,Proposed_CA_CNN_RNND,2244,0.3665829002857208,0.2921105846762657,0.07447231840342283,
0,260816,matched,MATCHED_Impulsive,Proposed_CA_CNN_RNND,2245,0.31929706037044525,0.2529667019844055,0.06633035093545914,
0,260816,matched,MATCHED_Impulsive,Proposed_CA_CNN_RNND,2246,0.47810032963752747,0.37873420864343643,0.09936613496392965,
0,260816,matched,MATCHED_Impulsive,Proposed_CA_CNN_RNND,2247,0.32474310323596,0.2637610100209713,0.06098209321498871,
0,260816,matched,MATCHED_Impulsive,Proposed_CA_CNN_RNND,2248,0.4749947227537632,0.3789050728082657,0.09608964808285236,
0,260816,matched,MATCHED_Impulsive,Proposed_CA_CNN_RNND,2249,0.44098953157663345,0.34842125698924065,0.09256826806813478,
0,260816,matched,MATCHED_Impulsive,Proposed_CA_CNN_RNND,2250,0.4590495005249977,0.3536795303225517,0.10536997392773628,
0,260816,matched,MATCHED_Impulsive,Proposed_CA_CNN_RNND,2251,0.41362208873033524,0.32961154356598854,0.08401055168360472,
0,260816,matched,MATCHED_Impulsive,Proposed_CA_CNN_RNND,2252,0.4450923874974251,0.34588248282670975,0.09920989768579602,
0,260816,matched,MATCHED_Impulsive,Proposed_CA_CNN_RNND,2253,0.3472933918237686,0.2825670465826988,0.06472634803503752,
0,260816,matched,MATCHED_Impulsive,Proposed_CA_CNN_RNND,2254,0.2898653820157051,0.2332206405699253,0.05664473958313465,
0,260816,matched,MATCHED_Impulsive,Proposed_CA_CNN_RNND,2255,0.4462788663804531,0.3575546517968178,0.08872422017157078,
0,260816,matched,MATCHED_Impulsive,Proposed_CA_CNN_RNND,2256,0.3265487998723984,0.26037872955203056,0.06617006938904524,
0,260816,matched,MATCHED_Impulsive,Proposed_CA_CNN_RNND,2257,0.483455054461956,0.3860604763031006,0.09739457443356514,
0,260816,matched,MATCHED_Impulsive,Proposed_CA_CNN_RNND,2258,0.36269644275307655,0.29310478642582893,0.0695916535332799,
0,260816,matched,MATCHED_Impulsive,Proposed_CA_CNN_RNND,2259,0.41897647082805634,0.32714102417230606,0.09183544106781483,
0,260816,matched,MATCHED_Impulsive,Proposed_CA_CNN_RNND,2260,0.25569912791252136,0.2058189958333969,0.04988013580441475,
0,260816,matched,MATCHED_Impulsive,Proposed_CA_CNN_RNND,2261,0.38936367630958557,0.30546667613089085,0.08389699831604958,
0,260816,matched,MATCHED_Impulsive,Proposed_CA_CNN_RNND,2262,0.4131927080452442,0.3298284783959389,0.08336422126740217,
0,260816,matched,MATCHED_Impulsive,Proposed_CA_CNN_RNND,2263,0.40345630049705505,0.31999020278453827,0.08346609864383936,
0,260816,matched,MATCHED_Impulsive,Proposed_CA_CNN_RNND,2264,0.4500019997358322,0.35514409095048904,0.09485789760947227,
0,260816,matched,MATCHED_Impulsive,Proposed_CA_CNN_RNND,2265,0.46845632046461105,0.3720095455646515,0.09644677583128214,
0,260816,matched,MATCHED_Impulsive,Proposed_CA_CNN_RNND,2266,0.37647608667612076,0.30875545740127563,0.0677206227555871,
0,260816,matched,MATCHED_Impulsive,Proposed_CA_CNN_RNND,2267,0.4298752248287201,0.3374634310603142,0.09241179656237364,
0,260816,matched,MATCHED_Impulsive,Proposed_CA_CNN_RNND,2268,0.40239495038986206,0.3271486274898052,0.07524633035063744,
0,260816,matched,MATCHED_Impulsive,Proposed_CA_CNN_RNND,2269,0.3944503664970398,0.31284715235233307,0.0816032150760293,
0,260816,matched,MATCHED_Impulsive,Proposed_CA_CNN_RNND,2270,0.39373038709163666,0.31309811025857925,0.0806322805583477,
0,260816,matched,MATCHED_Impulsive,Proposed_CA_CNN_RNND,2271,0.36955850943922997,0.2977871522307396,0.07177135441452265,
0,260816,matched,MATCHED_Impulsive,Proposed_CA_CNN_RNND,2272,0.3238433077931404,0.2654528319835663,0.05839047580957413,
0,260816,matched,MATCHED_Impulsive,Proposed_CA_CNN_RNND,2273,0.4409671202301979,0.3453063815832138,0.0956607349216938,
0,260816,matched,MATCHED_Impulsive,Proposed_CA_CNN_RNND,2274,0.27701564133167267,0.22062454372644424,0.056391097605228424,
0,260816,matched,MATCHED_Impulsive,Proposed_CA_CNN_RNND,2275,0.5813532620668411,0.44437599182128906,0.13697727397084236,
0,260816,matched,MATCHED_Impulsive,Proposed_CA_CNN_RNND,2276,0.3170170187950134,0.2520836442708969,0.06493336707353592,
0,260816,matched,MATCHED_Impulsive,Proposed_CA_CNN_RNND,2277,0.414968591183424,0.33072835206985474,0.08424023818224669,
0,260816,matched,MATCHED_Impulsive,Proposed_CA_CNN_RNND,2278,0.41890283674001694,0.3343530632555485,0.08454978372901678,
0,260816,matched,MATCHED_Impulsive,Proposed_CA_CNN_RNND,2279,0.30402352288365364,0.25253840163350105,0.0514851245097816,
0,260816,matched,MATCHED_Impulsive,Proposed_CA_CNN_RNND,2280,0.31468120217323303,0.25377653166651726,0.06090467423200607,
0,260816,matched,MATCHED_Impulsive,Proposed_CA_CNN_RNND,2281,0.40027955174446106,0.32189226150512695,0.07838728465139866,
0,260816,matched,MATCHED_Impulsive,Proposed_CA_CNN_RNND,2282,0.5707242414355278,0.43587201833724976,0.1348522286862135,
0,260816,matched,MATCHED_Impulsive,Proposed_CA_CNN_RNND,2283,0.3379075974225998,0.2700398229062557,0.06786778010427952,
0,260816,matched,MATCHED_Impulsive,Proposed_CA_CNN_RNND,2284,0.35092807561159134,0.2792123034596443,0.0717157768085599,
0,260816,matched,MATCHED_Impulsive,Proposed_CA_CNN_RNND,2285,0.4383455142378807,0.3463817946612835,0.09196372609585524,
0,260816,matched,MATCHED_Impulsive,Proposed_CA_CNN_RNND,2286,0.4922710731625557,0.3866038993000984,0.10566718131303787,
0,260816,matched,MATCHED_Impulsive,Proposed_CA_CNN_RNND,2287,0.3847065530717373,0.30633290484547615,0.07837364031001925,
0,260816,matched,MATCHED_Impulsive,Proposed_CA_CNN_RNND,2288,0.3049687147140503,0.24635356292128563,0.05861515086144209,
0,260816,matched,MATCHED_Impulsive,Proposed_CA_CNN_RNND,2289,0.513865027576685,0.4066857360303402,0.10717929154634476,
0,260816,matched,MATCHED_Impulsive,Proposed_CA_CNN_RNND,2290,0.49880020320415497,0.3903718590736389,0.1084283422678709,
0,260816,matched,MATCHED_Impulsive,Proposed_CA_CNN_RNND,2291,0.4658152610063553,0.36461685970425606,0.10119840316474438,
0,260816,matched,MATCHED_Impulsive,Proposed_CA_CNN_RNND,2292,0.33435744792222977,0.2678641304373741,0.06649332027882338,
0,260816,matched,MATCHED_Impulsive,Proposed_CA_CNN_RNND,2293,0.4830899015069008,0.37591031938791275,0.10717957839369774,
0,260816,matched,MATCHED_Impulsive,Proposed_CA_CNN_RNND,2294,0.3351050466299057,0.2687959037721157,0.06630914565175772,
0,260816,matched,MATCHED_Impulsive,Proposed_CA_CNN_RNND,2295,0.302020788192749,0.24114764481782913,0.060873148031532764,
0,260816,matched,MATCHED_Impulsive,Proposed_CA_CNN_RNND,2296,0.4842993766069412,0.380409374833107,0.10389000177383423,
0,260816,matched,MATCHED_Impulsive,Proposed_CA_CNN_RNND,2297,0.37777159735560417,0.29880397766828537,0.07896762574091554,
0,260816,matched,MATCHED_Impulsive,Proposed_CA_CNN_RNND,2298,0.34825509041547775,0.2843632288277149,0.063891869969666,
0,260816,matched,MATCHED_Impulsive,Proposed_CA_CNN_RNND,2299,0.354077473282814,0.28513815999031067,0.0689393226057291,
0,260816,matched,MATCHED_Impulsive,Proposed_CA_CNN_RNND,2300,0.41620273143053055,0.33326487243175507,0.08293785899877548,
0,260816,matched,MATCHED_Impulsive,Proposed_CA_CNN_RNND,2301,0.44328753650188446,0.34969333559274673,0.09359420835971832,
0,260816,matched,MATCHED_Impulsive,Proposed_CA_CNN_RNND,2302,0.4635193571448326,0.3650767654180527,0.09844258986413479,
0,260816,matched,MATCHED_Impulsive,Proposed_CA_CNN_RNND,2303,0.42026469111442566,0.3338097557425499,0.08645492885261774,
0,260816,matched,MATCHED_Impulsive,Proposed_CA_CNN_RNND,2304,0.41562868654727936,0.3277810402214527,0.08784766122698784,
0,260816,matched,MATCHED_Impulsive,Proposed_CA_CNN_RNND,2305,0.41604190319776535,0.32973895221948624,0.08630294073373079,
0,260816,matched,MATCHED_Impulsive,Proposed_CA_CNN_RNND,2306,0.4079109877347946,0.31931745633482933,0.08859353698790073,
0,260816,matched,MATCHED_Impulsive,Proposed_CA_CNN_RNND,2307,0.34367601200938225,0.27878107503056526,0.06489494256675243,
0,260816,matched,MATCHED_Impulsive,Proposed_CA_CNN_RNND,2308,0.370222058147192,0.3017434924840927,0.06847856100648642,
0,260816,matched,MATCHED_Impulsive,Proposed_CA_CNN_RNND,2309,0.38285568356513977,0.30568689852952957,0.07716877665370703,
0,260816,matched,MATCHED_Impulsive,Proposed_CA_CNN_RNND,2310,0.3760271780192852,0.298499945551157,0.07752723107114434,
0,260816,matched,MATCHED_Impulsive,Proposed_CA_CNN_RNND,2311,0.36394812166690826,0.2912352830171585,0.07271283399313688,
0,260816,matched,MATCHED_Impulsive,Proposed_CA_CNN_RNND,2312,0.422276109457016,0.3335718363523483,0.08870427869260311,
0,260816,matched,MATCHED_Impulsive,Proposed_CA_CNN_RNND,2313,0.5317161902785301,0.417769156396389,0.11394704505801201,
0,260816,matched,MATCHED_Impulsive,Proposed_CA_CNN_RNND,2314,0.2936578169465065,0.2393142282962799,0.05434357840567827,
0,260816,matched,MATCHED_Impulsive,Proposed_CA_CNN_RNND,2315,0.43123624473810196,0.3433966189622879,0.08783962577581406,
0,260816,matched,MATCHED_Impulsive,Proposed_CA_CNN_RNND,2316,0.45324451476335526,0.356735996901989,0.09650852717459202,
0,260816,matched,MATCHED_Impulsive,Proposed_CA_CNN_RNND,2317,0.3658510036766529,0.2911232225596905,0.07472779043018818,
0,260816,matched,MATCHED_Impulsive,Proposed_CA_CNN_RNND,2318,0.5141376815736294,0.40045931935310364,0.11367836222052574,
0,260816,matched,MATCHED_Impulsive,Proposed_CA_CNN_RNND,2319,0.5360736101865768,0.41893820464611053,0.11713539995253086,
0,260816,matched,MATCHED_Impulsive,Proposed_CA_CNN_RNND,2320,0.354819867759943,0.28527648001909256,0.06954338774085045,
0,260816,matched,MATCHED_Impulsive,Proposed_CA_CNN_RNND,2321,0.41371364146471024,0.32796167582273483,0.08575196377933025,
0,260816,matched,MATCHED_Impulsive,Proposed_CA_CNN_RNND,2322,0.6708696335554123,0.5238996595144272,0.1469699740409851,
0,260816,matched,MATCHED_Impulsive,Proposed_CA_CNN_RNND,2323,0.27443185076117516,0.225751344114542,0.048680503852665424,
0,260816,matched,MATCHED_Impulsive,Proposed_CA_CNN_RNND,2324,0.2740648090839386,0.22140038758516312,0.052664428018033504,
0,260816,matched,MATCHED_Impulsive,Proposed_CA_CNN_RNND,2325,0.2818254306912422,0.23268095776438713,0.04914447013288736,
0,260816,matched,MATCHED_Impulsive,Proposed_CA_CNN_RNND,2326,0.358186237514019,0.29238880053162575,0.06579744257032871,
0,260816,matched,MATCHED_Impulsive,Proposed_CA_CNN_RNND,2327,0.3913692682981491,0.3142204023897648,0.07714886590838432,
0,260816,matched,MATCHED_Impulsive,Proposed_CA_CNN_RNND,2328,0.38098400086164474,0.30355191230773926,0.07743208948522806,
0,260816,matched,MATCHED_Impulsive,Proposed_CA_CNN_RNND,2329,0.44822387769818306,0.34971582889556885,0.09850804693996906,
0,260816,matched,MATCHED_Impulsive,Proposed_CA_CNN_RNND,2330,0.5568371564149857,0.43677154183387756,0.12006561644375324,
0,260816,matched,MATCHED_Impulsive,Proposed_CA_CNN_RNND,2331,0.4317023605108261,0.33899667114019394,0.09270569682121277,
0,260816,matched,MATCHED_Impulsive,Proposed_CA_CNN_RNND,2332,0.3626985065639019,0.2868228033185005,0.07587570510804653,
0,260816,matched,MATCHED_Impulsive,Proposed_CA_CNN_RNND,2333,0.36231356859207153,0.29154488258063793,0.0707686860114336,
0,260816,matched,MATCHED_Impulsive,Proposed_CA_CNN_RNND,2334,0.5385886318981647,0.421279389411211,0.1173092438839376,
0,260816,matched,MATCHED_Impulsive,Proposed_CA_CNN_RNND,2335,0.502207338809967,0.3936754874885082,0.10853184200823307,
0,260816,matched,MATCHED_Impulsive,Proposed_CA_CNN_RNND,2336,0.40644723176956177,0.3256273716688156,0.08081986103206873,
0,260816,matched,MATCHED_Impulsive,Proposed_CA_CNN_RNND,2337,0.47232387959957123,0.37418390810489655,0.09813997335731983,
0,260816,matched,MATCHED_Impulsive,Proposed_CA_CNN_RNND,2338,0.30508000031113625,0.24069109559059143,0.06438889913260937,
0,260816,matched,MATCHED_Impulsive,Proposed_CA_CNN_RNND,2339,0.2509811706840992,0.20755988359451294,0.043421280570328236,
0,260816,matched,MATCHED_Impulsive,Proposed_CA_CNN_RNND,2340,0.4087006375193596,0.3234544135630131,0.08524622675031424,
0,260816,matched,MATCHED_Impulsive,Proposed_CA_CNN_RNND,2341,0.3151166960597038,0.2506382204592228,0.06447847373783588,
0,260816,matched,MATCHED_Impulsive,Proposed_CA_CNN_RNND,2342,0.40721168369054794,0.3233325630426407,0.08387912437319756,
0,260816,matched,MATCHED_Impulsive,Proposed_CA_CNN_RNND,2343,0.3349040821194649,0.2599799633026123,0.07492412533611059,
0,260816,matched,MATCHED_Impulsive,Proposed_CA_CNN_RNND,2344,0.3428099863231182,0.27053288742899895,0.07227710541337729,
0,260816,matched,MATCHED_Impulsive,Proposed_CA_CNN_RNND,2345,0.3605758249759674,0.29315802082419395,0.067417798563838,
0,260816,matched,MATCHED_Impulsive,Proposed_CA_CNN_RNND,2346,0.49790604412555695,0.39720025658607483,0.10070578008890152,
0,260816,matched,MATCHED_Impulsive,Proposed_CA_CNN_RNND,2347,0.32627033442258835,0.27259446308016777,0.05367586389183998,
0,260816,matched,MATCHED_Impulsive,Proposed_CA_CNN_RNND,2348,0.390678346157074,0.3150833025574684,0.07559503428637981,
0,260816,matched,MATCHED_Impulsive,Proposed_CA_CNN_RNND,2349,0.3994468152523041,0.31550104916095734,0.08394577726721764,
0,260816,matched,MATCHED_Impulsive,Proposed_CA_CNN_RNND,2350,0.42037229984998703,0.3272332698106766,0.09313902724534273,
0,260816,matched,MATCHED_Impulsive,Proposed_CA_CNN_RNND,2351,0.5245134234428406,0.41562889516353607,0.1088845357298851,
0,260816,matched,MATCHED_Impulsive,Proposed_CA_CNN_RNND,2352,0.4077964089810848,0.32462986931204796,0.08316654711961746,
0,260816,matched,MATCHED_Impulsive,Proposed_CA_CNN_RNND,2353,0.39712850749492645,0.3178337514400482,0.07929475884884596,
0,260816,matched,MATCHED_Impulsive,Proposed_CA_CNN_RNND,2354,0.3003039285540581,0.24344370141625404,0.05686022248119116,
0,260816,matched,MATCHED_Impulsive,Proposed_CA_CNN_RNND,2355,0.24496135488152504,0.20352795720100403,0.04143339488655329,
0,260816,matched,MATCHED_Impulsive,Proposed_CA_CNN_RNND,2356,0.3433601148426533,0.272226694971323,0.07113342266529799,
0,260816,matched,MATCHED_Impulsive,Proposed_CA_CNN_RNND,2357,0.4015643149614334,0.3208080306649208,0.08075628150254488,
0,260816,matched,MATCHED_Impulsive,Proposed_CA_CNN_RNND,2358,0.4695282131433487,0.3697008043527603,0.09982741624116898,
0,260816,matched,MATCHED_Impulsive,Proposed_CA_CNN_RNND,2359,0.3045727424323559,0.2439485490322113,0.06062419479712844,
0,260816,matched,MATCHED_Impulsive,Proposed_CA_CNN_RNND,2360,0.329565167427063,0.2624107040464878,0.06715446338057518,
0,260816,matched,MATCHED_Impulsive,Proposed_CA_CNN_RNND,2361,0.24830971658229828,0.20004373416304588,0.048265982419252396,
0,260816,matched,MATCHED_Impulsive,Proposed_CA_CNN_RNND,2362,0.46181579679250717,0.3630310446023941,0.09878476522862911,
0,260816,matched,MATCHED_Impulsive,Proposed_CA_CNN_RNND,2363,0.3177276588976383,0.2569378577172756,0.060789807699620724,
0,260816,matched,MATCHED_Impulsive,Proposed_CA_CNN_RNND,2364,0.3631208539009094,0.2909129336476326,0.07220791513100266,
0,260816,matched,MATCHED_Impulsive,Proposed_CA_CNN_RNND,2365,0.38010594993829727,0.29968682676553726,0.08041912969201803,
0,260816,matched,MATCHED_Impulsive,Proposed_CA_CNN_RNND,2366,0.4639069586992264,0.363920621573925,0.09998633340001106,
0,260816,matched,MATCHED_Impulsive,Proposed_CA_CNN_RNND,2367,0.31168849393725395,0.2534274235367775,0.058261068537831306,
0,260816,matched,MATCHED_Impulsive,Proposed_CA_CNN_RNND,2368,0.3181573413312435,0.2622898556292057,0.05586749128997326,
0,260816,matched,MATCHED_Impulsive,Proposed_CA_CNN_RNND,2369,0.275866262614727,0.2204623594880104,0.055403904523700476,
0,260816,matched,MATCHED_Impulsive,Proposed_CA_CNN_RNND,2370,0.4155869111418724,0.33211618661880493,0.08347071707248688,
0,260816,matched,MATCHED_Impulsive,Proposed_CA_CNN_RNND,2371,0.3770071528851986,0.2973562590777874,0.0796509007923305,
0,260816,matched,MATCHED_Impulsive,Proposed_CA_CNN_RNND,2372,0.5026441887021065,0.3973112106323242,0.1053329836577177,
0,260816,matched,MATCHED_Impulsive,Proposed_CA_CNN_RNND,2373,0.47854338586330414,0.37821298092603683,0.10033040307462215,
0,260816,matched,MATCHED_Impulsive,Proposed_CA_CNN_RNND,2374,0.326004795730114,0.26533792167901993,0.060666874051094055,
0,260816,matched,MATCHED_Impulsive,Proposed_CA_CNN_RNND,2375,0.37011146545410156,0.2983659915626049,0.07174545992165804,
0,260816,matched,MATCHED_Impulsive,Proposed_CA_CNN_RNND,2376,0.36774996295571327,0.2903496213257313,0.07740035001188517,
0,260816,matched,MATCHED_Impulsive,Proposed_CA_CNN_RNND,2377,0.47176188975572586,0.376715324819088,0.09504656586796045,
0,260816,matched,MATCHED_Impulsive,Proposed_CA_CNN_RNND,2378,0.37494513392448425,0.2964073568582535,0.07853776961565018,
0,260816,matched,MATCHED_Impulsive,Proposed_CA_CNN_RNND,2379,0.2739347070455551,0.2253870591521263,0.0485476478934288,
0,260816,matched,MATCHED_Impulsive,Proposed_CA_CNN_RNND,2380,0.4033394865691662,0.32116691768169403,0.082172567024827,
0,260816,matched,MATCHED_Impulsive,Proposed_CA_CNN_RNND,2381,0.4288224056363106,0.3366049937903881,0.0922174109145999,
0,260816,matched,MATCHED_Impulsive,Proposed_CA_CNN_RNND,2382,0.4426158219575882,0.34766336530447006,0.09495245479047298,
0,260816,matched,MATCHED_Impulsive,Proposed_CA_CNN_RNND,2383,0.4076913744211197,0.315566286444664,0.09212508238852024,
0,260816,matched,MATCHED_Impulsive,Proposed_CA_CNN_RNND,2384,0.4293181113898754,0.33277740329504013,0.09654070064425468,
0,260816,matched,MATCHED_Impulsive,Proposed_CA_CNN_RNND,2385,0.4335005059838295,0.34758564829826355,0.08591484930366278,
0,260816,matched,MATCHED_Impulsive,Proposed_CA_CNN_RNND,2386,0.3027542680501938,0.2476828694343567,0.05507139302790165,
0,260816,matched,MATCHED_Impulsive,Proposed_CA_CNN_RNND,2387,0.3109196126461029,0.2527576759457588,0.05816193949431181,
0,260816,matched,MATCHED_Impulsive,Proposed_CA_CNN_RNND,2388,0.40548232942819595,0.3282826915383339,0.07719964347779751,
0,260816,matched,MATCHED_Impulsive,Proposed_CA_CNN_RNND,2389,0.32990093901753426,0.26332371309399605,0.06657723197713494,
0,260816,matched,MATCHED_Impulsive,Proposed_CA_CNN_RNND,2390,0.43997518718242645,0.34839674830436707,0.09157843608409166,
0,260816,matched,MATCHED_Impulsive,Proposed_CA_CNN_RNND,2391,0.23814108595252037,0.19710132852196693,0.04103975836187601,
0,260816,matched,MATCHED_Impulsive,Proposed_CA_CNN_RNND,2392,0.49062906205654144,0.38076091930270195,0.10986814694479108,
0,260816,matched,MATCHED_Impulsive,Proposed_CA_CNN_RNND,2393,0.26230721920728683,0.2154286801815033,0.046878536231815815,
0,260816,matched,MATCHED_Impulsive,Proposed_CA_CNN_RNND,2394,0.3452457785606384,0.278743639588356,0.06650213897228241,
0,260816,matched,MATCHED_Impulsive,Proposed_CA_CNN_RNND,2395,0.49530331790447235,0.3849383369088173,0.11036498006433249,
0,260816,matched,MATCHED_Impulsive,Proposed_CA_CNN_RNND,2396,0.4148998484015465,0.33087141811847687,0.08402842096984386,
0,260816,matched,MATCHED_Impulsive,Proposed_CA_CNN_RNND,2397,0.3670331835746765,0.28982607647776604,0.077207094989717,
0,260816,matched,MATCHED_Impulsive,Proposed_CA_CNN_RNND,2398,0.3987761288881302,0.31744567304849625,0.0813304502516985,
0,260816,matched,MATCHED_Impulsive,Proposed_CA_CNN_RNND,2399,0.392897829413414,0.3144991919398308,0.07839865051209927,
0,260816,matched,MATCHED_Impulsive,Proposed_CA_CNN_RNND,2400,0.3237728103995323,0.2608068063855171,0.0629660114645958,-0.9476511221150283
0,260816,matched,MATCHED_Impulsive,Proposed_CA_CNN_RNND,2401,0.3564618080854416,0.2916785851120949,0.06478322297334671,
0,260816,matched,MATCHED_Impulsive,Proposed_CA_CNN_RNND,2402,0.4332466647028923,0.34449370205402374,0.08875296637415886,
0,260816,matched,MATCHED_Impulsive,Proposed_CA_CNN_RNND,2403,0.3371903710067272,0.2703559473156929,0.066834413446486,
0,260816,matched,MATCHED_Impulsive,Proposed_CA_CNN_RNND,2404,0.3445839285850525,0.27273836359381676,0.07184556219726801,
0,260816,matched,MATCHED_Impulsive,Proposed_CA_CNN_RNND,2405,0.3403625786304474,0.27589139714837074,0.06447118055075407,
0,260816,matched,MATCHED_Impulsive,Proposed_CA_CNN_RNND,2406,0.4559740424156189,0.3562086448073387,0.09976539108902216,
0,260816,matched,MATCHED_Impulsive,Proposed_CA_CNN_RNND,2407,0.343891728669405,0.2725979797542095,0.07129375031217933,
0,260816,matched,MATCHED_Impulsive,Proposed_CA_CNN_RNND,2408,0.4160441756248474,0.32868922874331474,0.08735495246946812,
0,260816,matched,MATCHED_Impulsive,Proposed_CA_CNN_RNND,2409,0.4348340630531311,0.3508792817592621,0.08395477617159486,
0,260816,matched,MATCHED_Impulsive,Proposed_CA_CNN_RNND,2410,0.4144199825823307,0.3243182599544525,0.09010172262787819,
0,260816,matched,MATCHED_Impulsive,Proposed_CA_CNN_RNND,2411,0.4353448897600174,0.353716216981411,0.08162868581712246,
0,260816,matched,MATCHED_Impulsive,Proposed_CA_CNN_RNND,2412,0.4474763423204422,0.35610324144363403,0.09137310087680817,
0,260816,matched,MATCHED_Impulsive,Proposed_CA_CNN_RNND,2413,0.46028200536966324,0.3604225739836693,0.09985944628715515,
0,260816,matched,MATCHED_Impulsive,Proposed_CA_CNN_RNND,2414,0.39703619107604027,0.3164391331374645,0.08059706352651119,
0,260816,matched,MATCHED_Impulsive,Proposed_CA_CNN_RNND,2415,0.49147452414035797,0.38201430439949036,0.10946021042764187,
0,260816,matched,MATCHED_Impulsive,Proposed_CA_CNN_RNND,2416,0.3957051411271095,0.31463462859392166,0.08107052277773619,
0,260816,matched,MATCHED_Impulsive,Proposed_CA_CNN_RNND,2417,0.38112593442201614,0.307318776845932,0.07380716130137444,
0,260816,matched,MATCHED_Impulsive,Proposed_CA_CNN_RNND,2418,0.4014752469956875,0.31653156504034996,0.08494368568062782,
0,260816,matched,MATCHED_Impulsive,Proposed_CA_CNN_RNND,2419,0.2579092010855675,0.21021129563450813,0.04769790265709162,
0,260816,matched,MATCHED_Impulsive,Proposed_CA_CNN_RNND,2420,0.43671078234910965,0.3462415523827076,0.09046921599656343,
0,260816,matched,MATCHED_Impulsive,Proposed_CA_CNN_RNND,2421,0.35313304886221886,0.2832348123192787,0.06989824213087559,
0,260816,matched,MATCHED_Impulsive,Proposed_CA_CNN_RNND,2422,0.39899464696645737,0.31755222380161285,0.08144242502748966,
0,260816,matched,MATCHED_Impulsive,Proposed_CA_CNN_RNND,2423,0.33653832599520683,0.26880527287721634,0.06773305777460337,
0,260816,matched,MATCHED_Impulsive,Proposed_CA_CNN_RNND,2424,0.3024292439222336,0.24511679634451866,0.05731244757771492,
0,260816,matched,MATCHED_Impulsive,Proposed_CA_CNN_RNND,2425,0.3944062888622284,0.31248383969068527,0.08192245662212372,
0,260816,matched,MATCHED_Impulsive,Proposed_CA_CNN_RNND,2426,0.3818588815629482,0.30873967707157135,0.0731192035600543,
0,260816,matched,MATCHED_Impulsive,Proposed_CA_CNN_RNND,2427,0.4896262213587761,0.38423632830381393,0.1053898986428976,
0,260816,matched,MATCHED_Impulsive,Proposed_CA_CNN_RNND,2428,0.419204480946064,0.3318539075553417,0.08735057525336742,
0,260816,matched,MATCHED_Impulsive,Proposed_CA_CNN_RNND,2429,0.5420553833246231,0.42518245428800583,0.11687292158603668,
0,260816,matched,MATCHED_Impulsive,Proposed_CA_CNN_RNND,2430,0.39880961924791336,0.31745318695902824,0.08135643508285284,
0,260816,matched,MATCHED_Impulsive,Proposed_CA_CNN_RNND,2431,0.3533962443470955,0.2847733348608017,0.06862290017306805,
0,260816,matched,MATCHED_Impulsive,Proposed_CA_CNN_RNND,2432,0.34182583540678024,0.2764352224767208,0.06539061386138201,
0,260816,matched,MATCHED_Impulsive,Proposed_CA_CNN_RNND,2433,0.4031450226902962,0.31974969804286957,0.08339533675462008,
0,260816,matched,MATCHED_Impulsive,Proposed_CA_CNN_RNND,2434,0.2484000362455845,0.20438747480511665,0.04401256609708071,
0,260816,matched,MATCHED_Impulsive,Proposed_CA_CNN_RNND,2435,0.34544964134693146,0.27225929498672485,0.07319033518433571,
0,260816,matched,MATCHED_Impulsive,Proposed_CA_CNN_RNND,2436,0.4352271184325218,0.345402829349041,0.08982429932802916,
0,260816,matched,MATCHED_Impulsive,Proposed_CA_CNN_RNND,2437,0.42609620094299316,0.34198934584856033,0.08410685788840055,
0,260816,matched,MATCHED_Impulsive,Proposed_CA_CNN_RNND,2438,0.32388507574796677,0.25576214119791985,0.06812292989343405,
0,260816,matched,MATCHED_Impulsive,Proposed_CA_CNN_RNND,2439,0.2968982756137848,0.23660261556506157,0.06029565539211035,
0,260816,matched,MATCHED_Impulsive,Proposed_CA_CNN_RNND,2440,0.4396938271820545,0.3432447239756584,0.09644910087808967,
0,260816,matched,MATCHED_Impulsive,Proposed_CA_CNN_RNND,2441,0.43336712196469307,0.3414043188095093,0.09196280688047409,
0,260816,matched,MATCHED_Impulsive,Proposed_CA_CNN_RNND,2442,0.3004766181111336,0.25068917125463486,0.04978744452819228,
0,260816,matched,MATCHED_Impulsive,Proposed_CA_CNN_RNND,2443,0.46797288209199905,0.36674814671278,0.1012247335165739,
0,260816,matched,MATCHED_Impulsive,Proposed_CA_CNN_RNND,2444,0.41861261799931526,0.33597108721733093,0.08264154195785522,
0,260816,matched,MATCHED_Impulsive,Proposed_CA_CNN_RNND,2445,0.37368735298514366,0.29655130952596664,0.0771360406652093,
0,260816,matched,MATCHED_Impulsive,Proposed_CA_CNN_RNND,2446,0.331596914678812,0.25978129729628563,0.07181562576442957,
0,260816,matched,MATCHED_Impulsive,Proposed_CA_CNN_RNND,2447,0.5100916773080826,0.3937354013323784,0.11635627783834934,
0,260816,matched,MATCHED_Impulsive,Proposed_CA_CNN_RNND,2448,0.4158869832754135,0.33434339240193367,0.08154360391199589,
0,260816,matched,MATCHED_Impulsive,Proposed_CA_CNN_RNND,2449,0.39455896615982056,0.3141721785068512,0.08038679137825966,
0,260816,matched,MATCHED_Impulsive,Proposed_CA_CNN_RNND,2450,0.5128174275159836,0.4048580825328827,0.1079593375325203,
0,260816,matched,MATCHED_Impulsive,Proposed_CA_CNN_RNND,2451,0.46249276399612427,0.3735988140106201,0.08889396116137505,
0,260816,matched,MATCHED_Impulsive,Proposed_CA_CNN_RNND,2452,0.4540044739842415,0.35850780457258224,0.09549666568636894,
0,260816,matched,MATCHED_Impulsive,Proposed_CA_CNN_RNND,2453,0.4300595745444298,0.34253307059407234,0.08752650395035744,
0,260816,matched,MATCHED_Impulsive,Proposed_CA_CNN_RNND,2454,0.45933716744184494,0.36228175461292267,0.09705541841685772,
0,260816,matched,MATCHED_Impulsive,Proposed_CA_CNN_RNND,2455,0.41062840819358826,0.3304397724568844,0.0801886385306716,
0,260816,matched,MATCHED_Impulsive,Proposed_CA_CNN_RNND,2456,0.5609566643834114,0.44049490988254547,0.12046175077557564,
0,260816,matched,MATCHED_Impulsive,Proposed_CA_CNN_RNND,2457,0.4383220002055168,0.3448948934674263,0.09342710860073566,
0,260816,matched,MATCHED_Impulsive,Proposed_CA_CNN_RNND,2458,0.36910369247198105,0.29090889170765877,0.07819480076432228,
0,260816,matched,MATCHED_Impulsive,Proposed_CA_CNN_RNND,2459,0.2883545607328415,0.23924605548381805,0.04910850618034601,
0,260816,matched,MATCHED_Impulsive,Proposed_CA_CNN_RNND,2460,0.3939575031399727,0.3145194686949253,0.07943804189562798,
0,260816,matched,MATCHED_Impulsive,Proposed_CA_CNN_RNND,2461,0.45225588232278824,0.36276327446103096,0.08949259575456381,
0,260816,matched,MATCHED_Impulsive,Proposed_CA_CNN_RNND,2462,0.42193830385804176,0.33370979875326157,0.0882285088300705,
0,260816,matched,MATCHED_Impulsive,Proposed_CA_CNN_RNND,2463,0.36659007146954536,0.2922244109213352,0.07436566147953272,
0,260816,matched,MATCHED_Impulsive,Proposed_CA_CNN_RNND,2464,0.42221691459417343,0.3389323689043522,0.08328454848378897,
0,260816,matched,MATCHED_Impulsive,Proposed_CA_CNN_RNND,2465,0.4378790557384491,0.3468376472592354,0.09104140987619758,
0,260816,matched,MATCHED_Impulsive,Proposed_CA_CNN_RNND,2466,0.44966645538806915,0.35290998220443726,0.0967564694583416,
0,260816,matched,MATCHED_Impulsive,Proposed_CA_CNN_RNND,2467,0.24923334643244743,0.20745883509516716,0.041774503886699677,
0,260816,matched,MATCHED_Impulsive,Proposed_CA_CNN_RNND,2468,0.45984695106744766,0.35652583092451096,0.1033211201429367,
0,260816,matched,MATCHED_Impulsive,Proposed_CA_CNN_RNND,2469,0.41172822564840317,0.32501279190182686,0.08671544026583433,
0,260816,matched,MATCHED_Impulsive,Proposed_CA_CNN_RNND,2470,0.4692334830760956,0.3684634231030941,0.10077006742358208,
0,260816,matched,MATCHED_Impulsive,Proposed_CA_CNN_RNND,2471,0.39964941143989563,0.3213481977581978,0.07830121833831072,
0,260816,matched,MATCHED_Impulsive,Proposed_CA_CNN_RNND,2472,0.405645489692688,0.3263450376689434,0.07930045109242201,
0,260816,matched,MATCHED_Impulsive,Proposed_CA_CNN_RNND,2473,0.43709544837474823,0.34739430993795395,0.08970113098621368,
0,260816,matched,MATCHED_Impulsive,Proposed_CA_CNN_RNND,2474,0.38962287828326225,0.3080437183380127,0.08157915296033025,
0,260816,matched,MATCHED_Impulsive,Proposed_CA_CNN_RNND,2475,0.3802538141608238,0.3048519715666771,0.0754018435254693,
0,260816,matched,MATCHED_Impulsive,Proposed_CA_CNN_RNND,2476,0.4338669180870056,0.3438885509967804,0.08997836522758007,
0,260816,matched,MATCHED_Impulsive,Proposed_CA_CNN_RNND,2477,0.2959233820438385,0.24248040094971657,0.05344297271221876,
0,260816,matched,MATCHED_Impulsive,Proposed_CA_CNN_RNND,2478,0.4715978167951107,0.3747984617948532,0.09679935965687037,
0,260816,matched,MATCHED_Impulsive,Proposed_CA_CNN_RNND,2479,0.37503062933683395,0.30226050317287445,0.0727701298892498,
0,260816,matched,MATCHED_Impulsive,Proposed_CA_CNN_RNND,2480,0.42454733699560165,0.3307599686086178,0.09378736279904842,
0,260816,matched,MATCHED_Impulsive,Proposed_CA_CNN_RNND,2481,0.3374224454164505,0.27337823808193207,0.06404420617036521,
0,260816,matched,MATCHED_Impulsive,Proposed_CA_CNN_RNND,2482,0.4402916878461838,0.3478548303246498,0.09243685845285654,
0,260816,matched,MATCHED_Impulsive,Proposed_CA_CNN_RNND,2483,0.4368128478527069,0.3522673696279526,0.08454547356814146,
0,260816,matched,MATCHED_Impulsive,Proposed_CA_CNN_RNND,2484,0.4218694046139717,0.33758295699954033,0.08428645506501198,
0,260816,matched,MATCHED_Impulsive,Proposed_CA_CNN_RNND,2485,0.3772246316075325,0.3026225157082081,0.07460211031138897,
0,260816,matched,MATCHED_Impulsive,Proposed_CA_CNN_RNND,2486,0.34975115209817886,0.2807880714535713,0.06896308436989784,
0,260816,matched,MATCHED_Impulsive,Proposed_CA_CNN_RNND,2487,0.4975191429257393,0.39437396824359894,0.1031451802700758,
0,260816,matched,MATCHED_Impulsive,Proposed_CA_CNN_RNND,2488,0.3503209985792637,0.27536221221089363,0.07495879288762808,
0,260816,matched,MATCHED_Impulsive,Proposed_CA_CNN_RNND,2489,0.45287442207336426,0.362359955906868,0.09051446709781885,
0,260816,matched,MATCHED_Impulsive,Proposed_CA_CNN_RNND,2490,0.477580513805151,0.3767590820789337,0.10082144010812044,
0,260816,matched,MATCHED_Impulsive,Proposed_CA_CNN_RNND,2491,0.41665133088827133,0.3363465815782547,0.08030475862324238,
0,260816,matched,MATCHED_Impulsive,Proposed_CA_CNN_RNND,2492,0.4496315084397793,0.3555283658206463,0.0941031314432621,
0,260816,matched,MATCHED_Impulsive,Proposed_CA_CNN_RNND,2493,0.36551274359226227,0.2962590977549553,0.06925364211201668,
0,260816,matched,MATCHED_Impulsive,Proposed_CA_CNN_RNND,2494,0.5150742903351784,0.40346137434244156,0.11161290481686592,
0,260816,matched,MATCHED_Impulsive,Proposed_CA_CNN_RNND,2495,0.5652103945612907,0.43450282514095306,0.13070756942033768,
0,260816,matched,MATCHED_Impulsive,Proposed_CA_CNN_RNND,2496,0.45446306467056274,0.3590844161808491,0.09537865361198783,
0,260816,matched,MATCHED_Impulsive,Proposed_CA_CNN_RNND,2497,0.37454671412706375,0.3038511462509632,0.07069557160139084,
0,260816,matched,MATCHED_Impulsive,Proposed_CA_CNN_RNND,2498,0.3487277030944824,0.285130575299263,0.06359713338315487,
0,260816,matched,MATCHED_Impulsive,Proposed_CA_CNN_RNND,2499,0.46853188425302505,0.3685755394399166,0.09995634388178587,
0,260816,matched,MATCHED_Impulsive,Proposed_CA_CNN_RNND,2500,0.43934543430805206,0.3485720828175545,0.09077335521578789,
0,260816,matched,MATCHED_Impulsive,Proposed_CA_CNN_RNND,2501,0.35622700303792953,0.29134905338287354,0.06487794034183025,
0,260816,matched,MATCHED_Impulsive,Proposed_CA_CNN_RNND,2502,0.3123687617480755,0.25023721903562546,0.06213154923170805,
0,260816,matched,MATCHED_Impulsive,Proposed_CA_CNN_RNND,2503,0.6009910702705383,0.47046996653079987,0.13052109442651272,
0,260816,matched,MATCHED_Impulsive,Proposed_CA_CNN_RNND,2504,0.36974240094423294,0.29756229370832443,0.07218010909855366,
0,260816,matched,MATCHED_Impulsive,Proposed_CA_CNN_RNND,2505,0.22914445772767067,0.1864342875778675,0.04271017760038376,
0,260816,matched,MATCHED_Impulsive,Proposed_CA_CNN_RNND,2506,0.3464084528386593,0.2746029496192932,0.07180550554767251,
0,260816,matched,MATCHED_Impulsive,Proposed_CA_CNN_RNND,2507,0.2797768600285053,0.22997454181313515,0.049802318681031466,
0,260816,matched,MATCHED_Impulsive,Proposed_CA_CNN_RNND,2508,0.4752555340528488,0.37007297575473785,0.10518255643546581,
0,260816,matched,MATCHED_Impulsive,Proposed_CA_CNN_RNND,2509,0.30454978719353676,0.24650408327579498,0.05804570158943534,
0,260816,matched,MATCHED_Impulsive,Proposed_CA_CNN_RNND,2510,0.43641598522663116,0.3491140305995941,0.08730195462703705,
0,260816,matched,MATCHED_Impulsive,Proposed_CA_CNN_RNND,2511,0.34901007264852524,0.28623276576399803,0.06277730618603528,
0,260816,matched,MATCHED_Impulsive,Proposed_CA_CNN_RNND,2512,0.35149721801280975,0.2844770923256874,0.06702011823654175,
0,260816,matched,MATCHED_Impulsive,Proposed_CA_CNN_RNND,2513,0.31742004305124283,0.2575559467077255,0.05986410193145275,
0,260816,matched,MATCHED_Impulsive,Proposed_CA_CNN_RNND,2514,0.4317069500684738,0.3459593653678894,0.08574757538735867,
0,260816,matched,MATCHED_Impulsive,Proposed_CA_CNN_RNND,2515,0.4574437588453293,0.3624313175678253,0.09501242451369762,
0,260816,matched,MATCHED_Impulsive,Proposed_CA_CNN_RNND,2516,0.38623569160699844,0.308540727943182,0.0776949692517519,
0,260816,matched,MATCHED_Impulsive,Proposed_CA_CNN_RNND,2517,0.5316600278019905,0.4129050485789776,0.11875498667359352,
0,260816,matched,MATCHED_Impulsive,Proposed_CA_CNN_RNND,2518,0.33614519238471985,0.2687530592083931,0.06739213038235903,
0,260816,matched,MATCHED_Impulsive,Proposed_CA_CNN_RNND,2519,0.34211315959692,0.2779269479215145,0.0641862154006958,
0,260816,matched,MATCHED_Impulsive,Proposed_CA_CNN_RNND,2520,0.40136854350566864,0.32339896261692047,0.07796958554536104,
0,260816,matched,MATCHED_Impulsive,Proposed_CA_CNN_RNND,2521,0.34380461275577545,0.27706657350063324,0.06673804670572281,
0,260816,matched,MATCHED_Impulsive,Proposed_CA_CNN_RNND,2522,0.3704182915389538,0.299125075340271,0.07129321806132793,
0,260816,matched,MATCHED_Impulsive,Proposed_CA_CNN_RNND,2523,0.31470566242933273,0.2526908256113529,0.06201484426856041,
0,260816,matched,MATCHED_Impulsive,Proposed_CA_CNN_RNND,2524,0.5557261556386948,0.43064122647047043,0.12508492916822433,
0,260816,matched,MATCHED_Impulsive,Proposed_CA_CNN_RNND,2525,0.30974867567420006,0.25543855875730515,0.0543101173825562,
0,260816,matched,MATCHED_Impulsive,Proposed_CA_CNN_RNND,2526,0.35722139850258827,0.28738032653927803,0.06984107382595539,
0,260816,matched,MATCHED_Impulsive,Proposed_CA_CNN_RNND,2527,0.3549567013978958,0.284345380961895,0.07061130879446864,
0,260816,matched,MATCHED_Impulsive,Proposed_CA_CNN_RNND,2528,0.5044063217937946,0.3922278620302677,0.11217845417559147,
0,260816,matched,MATCHED_Impulsive,Proposed_CA_CNN_RNND,2529,0.33995942026376724,0.2756909914314747,0.06426844000816345,
0,260816,matched,MATCHED_Impulsive,Proposed_CA_CNN_RNND,2530,0.4490582123398781,0.35590945556759834,0.09314875677227974,
0,260816,matched,MATCHED_Impulsive,Proposed_CA_CNN_RNND,2531,0.3744240216910839,0.2957986891269684,0.0786253372207284,
0,260816,matched,MATCHED_Impulsive,Proposed_CA_CNN_RNND,2532,0.37741296738386154,0.30467039719223976,0.07274257950484753,
0,260816,matched,MATCHED_Impulsive,Proposed_CA_CNN_RNND,2533,0.31523485481739044,0.2577817514538765,0.057453108951449394,
0,260816,matched,MATCHED_Impulsive,Proposed_CA_CNN_RNND,2534,0.2940655089914799,0.2393898107111454,0.0546756973490119,
0,260816,matched,MATCHED_Impulsive,Proposed_CA_CNN_RNND,2535,0.32268019393086433,0.26143548637628555,0.06124470289796591,
0,260816,matched,MATCHED_Impulsive,Proposed_CA_CNN_RNND,2536,0.4082486368715763,0.32180939614772797,0.08643924072384834,
0,260816,matched,MATCHED_Impulsive,Proposed_CA_CNN_RNND,2537,0.3938763067126274,0.3140583597123623,0.07981794513761997,
0,260816,matched,MATCHED_Impulsive,Proposed_CA_CNN_RNND,2538,0.25579968094825745,0.20687995478510857,0.04891973175108433,
0,260816,matched,MATCHED_Impulsive,Proposed_CA_CNN_RNND,2539,0.2503492012619972,0.20249665528535843,0.04785255063325167,
0,260816,matched,MATCHED_Impulsive,Proposed_CA_CNN_RNND,2540,0.45228317752480507,0.3531592786312103,0.09912390355020761,
0,260816,matched,MATCHED_Impulsive,Proposed_CA_CNN_RNND,2541,0.36683987081050873,0.29952121153473854,0.06731864903122187,
0,260816,matched,MATCHED_Impulsive,Proposed_CA_CNN_RNND,2542,0.41335706785321236,0.3286260738968849,0.08473098743706942,
0,260816,matched,MATCHED_Impulsive,Proposed_CA_CNN_RNND,2543,0.29097526520490646,0.23456264659762383,0.05641262233257294,
0,260816,matched,MATCHED_Impulsive,Proposed_CA_CNN_RNND,2544,0.4005103185772896,0.3228234201669693,0.07768689654767513,
0,260816,matched,MATCHED_Impulsive,Proposed_CA_CNN_RNND,2545,0.3045262284576893,0.25029290467500687,0.05423332704231143,
0,260816,matched,MATCHED_Impulsive,Proposed_CA_CNN_RNND,2546,0.35221824049949646,0.2795723285526037,0.07264590729027987,
0,260816,matched,MATCHED_Impulsive,Proposed_CA_CNN_RNND,2547,0.3248826451599598,0.2602369412779808,0.06464570015668869,
0,260816,matched,MATCHED_Impulsive,Proposed_CA_CNN_RNND,2548,0.4249519631266594,0.3356095254421234,0.08934243954718113,
0,260816,matched,MATCHED_Impulsive,Proposed_CA_CNN_RNND,2549,0.30004405602812767,0.24830936640501022,0.05173469986766577,
0,260816,matched,MATCHED_Impulsive,Proposed_CA_CNN_RNND,2550,0.31470056995749474,0.2531774267554283,0.061523144133388996,
0,260816,matched,MATCHED_Impulsive,Proposed_CA_CNN_RNND,2551,0.4063892252743244,0.32599201053380966,0.08039720775559545,
0,260816,matched,MATCHED_Impulsive,Proposed_CA_CNN_RNND,2552,0.5193539932370186,0.41047872602939606,0.10887528024613857,
0,260816,matched,MATCHED_Impulsive,Proposed_CA_CNN_RNND,2553,0.40338172018527985,0.3203238695859909,0.08305785432457924,
0,260816,matched,MATCHED_Impulsive,Proposed_CA_CNN_RNND,2554,0.3171411231160164,0.25896645709872246,0.05817466787993908,
0,260816,matched,MATCHED_Impulsive,Proposed_CA_CNN_RNND,2555,0.2980962470173836,0.24276931583881378,0.055326932575553656,
0,260816,matched,MATCHED_Impulsive,Proposed_CA_CNN_RNND,2556,0.40870192646980286,0.32605279982089996,0.08264913409948349,
0,260816,matched,MATCHED_Impulsive,Proposed_CA_CNN_RNND,2557,0.37048520147800446,0.2918209955096245,0.07866420317441225,
0,260816,matched,MATCHED_Impulsive,Proposed_CA_CNN_RNND,2558,0.3646777421236038,0.2940841168165207,0.07059362344443798,
0,260816,matched,MATCHED_Impulsive,Proposed_CA_CNN_RNND,2559,0.35612428933382034,0.2891097813844681,0.06701451353728771,
0,260816,matched,MATCHED_Impulsive,Proposed_CA_CNN_RNND,2560,0.3865635618567467,0.3115956485271454,0.07496791519224644,
0,260816,matched,MATCHED_Impulsive,Proposed_CA_CNN_RNND,2561,0.46579741686582565,0.3647300526499748,0.10106735862791538,
0,260816,matched,MATCHED_Impulsive,Proposed_CA_CNN_RNND,2562,0.3462706059217453,0.28047818690538406,0.06579240970313549,
0,260816,matched,MATCHED_Impulsive,Proposed_CA_CNN_RNND,2563,0.5212559439241886,0.4017336145043373,0.11952232103794813,
0,260816,matched,MATCHED_Impulsive,Proposed_CA_CNN_RNND,2564,0.32714028283953667,0.2659664675593376,0.06117381528019905,
0,260816,matched,MATCHED_Impulsive,Proposed_CA_CNN_RNND,2565,0.43621860072016716,0.3483751267194748,0.08784347120672464,
0,260816,matched,MATCHED_Impulsive,Proposed_CA_CNN_RNND,2566,0.33144261687994003,0.27203821390867233,0.05940439738333225,
0,260816,matched,MATCHED_Impulsive,Proposed_CA_CNN_RNND,2567,0.42306721955537796,0.33823755383491516,0.08482965920120478,
0,260816,matched,MATCHED_Impulsive,Proposed_CA_CNN_RNND,2568,0.3672739118337631,0.29408277198672295,0.07319114729762077,
0,260816,matched,MATCHED_Impulsive,Proposed_CA_CNN_RNND,2569,0.5661203265190125,0.4484289512038231,0.11769136041402817,
0,260816,matched,MATCHED_Impulsive,Proposed_CA_CNN_RNND,2570,0.4392858184874058,0.34580542147159576,0.0934804119169712,
0,260816,matched,MATCHED_Impulsive,Proposed_CA_CNN_RNND,2571,0.5373291969299316,0.4233117550611496,0.11401744652539492,
0,260816,matched,MATCHED_Impulsive,Proposed_CA_CNN_RNND,2572,0.36890073120594025,0.29382793605327606,0.07507279887795448,
0,260816,matched,MATCHED_Impulsive,Proposed_CA_CNN_RNND,2573,0.39654475077986717,0.3138493783771992,0.08269537705928087,
0,260816,matched,MATCHED_Impulsive,Proposed_CA_CNN_RNND,2574,0.41274968534708023,0.3278513327240944,0.08489835634827614,
0,260816,matched,MATCHED_Impulsive,Proposed_CA_CNN_RNND,2575,0.5645229034125805,0.44196369498968124,0.12255920423194766,
0,260816,matched,MATCHED_Impulsive,Proposed_CA_CNN_RNND,2576,0.2608035020530224,0.21313555538654327,0.04766794526949525,
0,260816,matched,MATCHED_Impulsive,Proposed_CA_CNN_RNND,2577,0.4359291233122349,0.34604089707136154,0.08988822810351849,
0,260816,matched,MATCHED_Impulsive,Proposed_CA_CNN_RNND,2578,0.3898448720574379,0.31793708354234695,0.0719077861867845,
0,260816,matched,MATCHED_Impulsive,Proposed_CA_CNN_RNND,2579,0.38396331667900085,0.3046490028500557,0.07931431755423546,
0,260816,matched,MATCHED_Impulsive,Proposed_CA_CNN_RNND,2580,0.4571075215935707,0.36279162764549255,0.09431589022278786,
0,260816,matched,MATCHED_Impulsive,Proposed_CA_CNN_RNND,2581,0.44824426621198654,0.3579194098711014,0.09032486286014318,
0,260816,matched,MATCHED_Impulsive,Proposed_CA_CNN_RNND,2582,0.34021249413490295,0.2667924202978611,0.0734200794249773,
0,260816,matched,MATCHED_Impulsive,Proposed_CA_CNN_RNND,2583,0.38876062631607056,0.31399114802479744,0.07476947456598282,
0,260816,matched,MATCHED_Impulsive,Proposed_CA_CNN_RNND,2584,0.43599244207143784,0.34389834851026535,0.09209409262984991,
0,260816,matched,MATCHED_Impulsive,Proposed_CA_CNN_RNND,2585,0.42786821722984314,0.3348524868488312,0.09301574341952801,
0,260816,matched,MATCHED_Impulsive,Proposed_CA_CNN_RNND,2586,0.3961784169077873,0.32481595501303673,0.0713624618947506,
0,260816,matched,MATCHED_Impulsive,Proposed_CA_CNN_RNND,2587,0.4128215126693249,0.3257792517542839,0.08704225393012166,
0,260816,matched,MATCHED_Impulsive,Proposed_CA_CNN_RNND,2588,0.3250963054597378,0.2612963952124119,0.06379991117864847,
0,260816,matched,MATCHED_Impulsive,Proposed_CA_CNN_RNND,2589,0.4752377048134804,0.37505658343434334,0.10018112324178219,
0,260816,matched,MATCHED_Impulsive,Proposed_CA_CNN_RNND,2590,0.26386406645178795,0.21696245297789574,0.046901614405214787,
0,260816,matched,MATCHED_Impulsive,Proposed_CA_CNN_RNND,2591,0.5419401898980141,0.42299047112464905,0.11894971691071987,
0,260816,matched,MATCHED_Impulsive,Proposed_CA_CNN_RNND,2592,0.3452511355280876,0.2780815660953522,0.0671695708297193,
0,260816,matched,MATCHED_Impulsive,Proposed_CA_CNN_RNND,2593,0.45880524814128876,0.36192885786294937,0.09687639772891998,
0,260816,matched,MATCHED_Impulsive,Proposed_CA_CNN_RNND,2594,0.5520207434892654,0.4266553074121475,0.12536544166505337,
0,260816,matched,MATCHED_Impulsive,Proposed_CA_CNN_RNND,2595,0.4013081043958664,0.3201265260577202,0.08118158206343651,
0,260816,matched,MATCHED_Impulsive,Proposed_CA_CNN_RNND,2596,0.36507773771882057,0.29412366822361946,0.07095406157895923,
0,260816,matched,MATCHED_Impulsive,Proposed_CA_CNN_RNND,2597,0.44877659529447556,0.3591211661696434,0.0896554347127676,
0,260816,matched,MATCHED_Impulsive,Proposed_CA_CNN_RNND,2598,0.3183292895555496,0.2586496025323868,0.05967969540506601,
0,260816,matched,MATCHED_Impulsive,Proposed_CA_CNN_RNND,2599,0.3966278061270714,0.31591494381427765,0.08071285858750343,
0,260816,matched,MATCHED_Impulsive,Proposed_CA_CNN_RNND,2600,0.38136888295412064,0.3080917187035084,0.07327717170119286,-0.9538104375410553
0,260816,matched,MATCHED_Impulsive,Proposed_CA_CNN_RNND,2601,0.3155788518488407,0.2576698809862137,0.05790897598490119,
0,260816,matched,MATCHED_Impulsive,Proposed_CA_CNN_RNND,2602,0.384492639452219,0.31177791208028793,0.07271472830325365,
0,260816,matched,MATCHED_Impulsive,Proposed_CA_CNN_RNND,2603,0.3688051998615265,0.29899125173687935,0.06981395278126001,
0,260816,matched,MATCHED_Impulsive,Proposed_CA_CNN_RNND,2604,0.2978363111615181,0.23847104981541634,0.05936526507139206,
0,260816,matched,MATCHED_Impulsive,Proposed_CA_CNN_RNND,2605,0.509521447122097,0.4009321555495262,0.10858930181711912,
0,260816,matched,MATCHED_Impulsive,Proposed_CA_CNN_RNND,2606,0.36563340574502945,0.291601050645113,0.07403234485536814,
0,260816,matched,MATCHED_Impulsive,Proposed_CA_CNN_RNND,2607,0.3533855713903904,0.2881361283361912,0.06524944771081209,
0,260816,matched,MATCHED_Impulsive,Proposed_CA_CNN_RNND,2608,0.44352949783205986,0.3454807251691818,0.09804877825081348,
0,260816,matched,MATCHED_Impulsive,Proposed_CA_CNN_RNND,2609,0.39552825316786766,0.31715529784560204,0.07837295066565275,
0,260816,matched,MATCHED_Impulsive,Proposed_CA_CNN_RNND,2610,0.5318217501044273,0.41892628371715546,0.11289545893669128,
0,260816,matched,MATCHED_Impulsive,Proposed_CA_CNN_RNND,2611,0.41315681859850883,0.3289468325674534,0.0842099953442812,
0,260816,matched,MATCHED_Impulsive,Proposed_CA_CNN_RNND,2612,0.3680452071130276,0.2914898619055748,0.0765553405508399,
0,260816,matched,MATCHED_Impulsive,Proposed_CA_CNN_RNND,2613,0.4945758208632469,0.3993183970451355,0.09525742195546627,
0,260816,matched,MATCHED_Impulsive,Proposed_CA_CNN_RNND,2614,0.21488266065716743,0.1771017126739025,0.037780952639877796,
0,260816,matched,MATCHED_Impulsive,Proposed_CA_CNN_RNND,2615,0.30175086855888367,0.24232418090105057,0.05942669603973627,
0,260816,matched,MATCHED_Impulsive,Proposed_CA_CNN_RNND,2616,0.3859301656484604,0.3091247007250786,0.07680545840412378,
0,260816,matched,MATCHED_Impulsive,Proposed_CA_CNN_RNND,2617,0.5422963872551918,0.4282444044947624,0.11405197903513908,
0,260816,matched,MATCHED_Impulsive,Proposed_CA_CNN_RNND,2618,0.4581273980438709,0.36312976479530334,0.09499762952327728,
0,260816,matched,MATCHED_Impulsive,Proposed_CA_CNN_RNND,2619,0.5432932451367378,0.4238831549882889,0.11941009573638439,
0,260816,matched,MATCHED_Impulsive,Proposed_CA_CNN_RNND,2620,0.447853147983551,0.3484405539929867,0.0994125846773386,
0,260816,matched,MATCHED_Impulsive,Proposed_CA_CNN_RNND,2621,0.31007571890950203,0.2541903667151928,0.05588535312563181,
0,260816,matched,MATCHED_Impulsive,Proposed_CA_CNN_RNND,2622,0.4338838905096054,0.3437609001994133,0.09012299031019211,
0,260816,matched,MATCHED_Impulsive,Proposed_CA_CNN_RNND,2623,0.42905081808567047,0.3414929173886776,0.08755790162831545,
0,260816,matched,MATCHED_Impulsive,Proposed_CA_CNN_RNND,2624,0.3067755848169327,0.2518394775688648,0.054936109110713005,
0,260816,matched,MATCHED_Impulsive,Proposed_CA_CNN_RNND,2625,0.5056638121604919,0.3997392877936363,0.10592451971024275,
0,260816,matched,MATCHED_Impulsive,Proposed_CA_CNN_RNND,2626,0.47061531245708466,0.37502484768629074,0.09559047594666481,
0,260816,matched,MATCHED_Impulsive,Proposed_CA_CNN_RNND,2627,0.39069658517837524,0.3159596100449562,0.07473697140812874,
0,260816,matched,MATCHED_Impulsive,Proposed_CA_CNN_RNND,2628,0.4426085278391838,0.34711364656686783,0.09549488965421915,
0,260816,matched,MATCHED_Impulsive,Proposed_CA_CNN_RNND,2629,0.5185996033251286,0.4096135385334492,0.10898606479167938,
0,260816,matched,MATCHED_Impulsive,Proposed_CA_CNN_RNND,2630,0.39931294322013855,0.31840700656175613,0.08090593107044697,
0,260816,matched,MATCHED_Impulsive,Proposed_CA_CNN_RNND,2631,0.32128772884607315,0.26330435276031494,0.05798337748274207,
0,260816,matched,MATCHED_Impulsive,Proposed_CA_CNN_RNND,2632,0.40011264756321907,0.3152546249330044,0.08485801890492439,
0,260816,matched,MATCHED_Impulsive,Proposed_CA_CNN_RNND,2633,0.39422769844532013,0.31309207156300545,0.08113562408834696,
0,260816,matched,MATCHED_Impulsive,Proposed_CA_CNN_RNND,2634,0.4672915041446686,0.3703547492623329,0.09693675860762596,
0,260816,matched,MATCHED_Impulsive,Proposed_CA_CNN_RNND,2635,0.4661025404930115,0.36609331518411636,0.10000922810286283,
0,260816,matched,MATCHED_Impulsive,Proposed_CA_CNN_RNND,2636,0.4056020677089691,0.32412073388695717,0.08148133289068937,
0,260816,matched,MATCHED_Impulsive,Proposed_CA_CNN_RNND,2637,0.28355795331299305,0.23585553467273712,0.04770242469385266,
0,260816,matched,MATCHED_Impulsive,Proposed_CA_CNN_RNND,2638,0.38123197853565216,0.30430688336491585,0.07692509982734919,
0,260816,matched,MATCHED_Impulsive,Proposed_CA_CNN_RNND,2639,0.39560140669345856,0.309052973985672,0.08654843736439943,
0,260816,matched,MATCHED_Impulsive,Proposed_CA_CNN_RNND,2640,0.5206334590911865,0.4158935546875,0.10473990812897682,
0,260816,matched,MATCHED_Impulsive,Proposed_CA_CNN_RNND,2641,0.4414151906967163,0.35453031957149506,0.08688486833125353,
0,260816,matched,MATCHED_Impulsive,Proposed_CA_CNN_RNND,2642,0.45137469843029976,0.3632846847176552,0.0880900239571929,
0,260816,matched,MATCHED_Impulsive,Proposed_CA_CNN_RNND,2643,0.33241912350058556,0.26899242028594017,0.06342670414596796,
0,260816,matched,MATCHED_Impulsive,Proposed_CA_CNN_RNND,2644,0.36908409371972084,0.30452506616711617,0.06455902568995953,
0,260816,matched,MATCHED_Impulsive,Proposed_CA_CNN_RNND,2645,0.3339426517486572,0.26936686411499977,0.06457578111439943,
0,260816,matched,MATCHED_Impulsive,Proposed_CA_CNN_RNND,2646,0.34083011001348495,0.2768893539905548,0.06394075974822044,
0,260816,matched,MATCHED_Impulsive,Proposed_CA_CNN_RNND,2647,0.28469814732670784,0.23508058860898018,0.04961756896227598,
0,260816,matched,MATCHED_Impulsive,Proposed_CA_CNN_RNND,2648,0.42552435025572777,0.3315908908843994,0.09393346402794123,
0,260816,matched,MATCHED_Impulsive,Proposed_CA_CNN_RNND,2649,0.2584482729434967,0.21136882156133652,0.04707945231348276,
0,260816,matched,MATCHED_Impulsive,Proposed_CA_CNN_RNND,2650,0.34499146044254303,0.27799029648303986,0.06700116395950317,
0,260816,matched,MATCHED_Impulsive,Proposed_CA_CNN_RNND,2651,0.3188740387558937,0.258037805557251,0.06083623506128788,
0,260816,matched,MATCHED_Impulsive,Proposed_CA_CNN_RNND,2652,0.41993868350982666,0.3382856026291847,0.08165308088064194,
0,260816,matched,MATCHED_Impulsive,Proposed_CA_CNN_RNND,2653,0.31865424662828445,0.2593117207288742,0.05934253241866827,
0,260816,matched,MATCHED_Impulsive,Proposed_CA_CNN_RNND,2654,0.3598726913332939,0.29963022097945213,0.06024246849119663,
0,260816,matched,MATCHED_Impulsive,Proposed_CA_CNN_RNND,2655,0.41420914977788925,0.3326367102563381,0.0815724404528737,
0,260816,matched,MATCHED_Impulsive,Proposed_CA_CNN_RNND,2656,0.4125412032008171,0.33403557538986206,0.0785056184977293,
0,260816,matched,MATCHED_Impulsive,Proposed_CA_CNN_RNND,2657,0.3658289611339569,0.2907472290098667,0.07508173119276762,
0,260816,matched,MATCHED_Impulsive,Proposed_CA_CNN_RNND,2658,0.3853236734867096,0.31883544102311134,0.06648824363946915,
0,260816,matched,MATCHED_Impulsive,Proposed_CA_CNN_RNND,2659,0.3834240734577179,0.30359022319316864,0.0798338558524847,
0,260816,matched,MATCHED_Impulsive,Proposed_CA_CNN_RNND,2660,0.3671850487589836,0.2957989573478699,0.07138608302921057,
0,260816,matched,MATCHED_Impulsive,Proposed_CA_CNN_RNND,2661,0.3499847240746021,0.2896975055336952,0.06028722506016493,
0,260816,matched,MATCHED_Impulsive,Proposed_CA_CNN_RNND,2662,0.3769501894712448,0.2994336783885956,0.07751650456339121,
0,260816,matched,MATCHED_Impulsive,Proposed_CA_CNN_RNND,2663,0.3744203820824623,0.3022446408867836,0.07217573653906584,
0,260816,matched,MATCHED_Impulsive,Proposed_CA_CNN_RNND,2664,0.35011381655931473,0.2819366082549095,0.06817720923572779,
0,260816,matched,MATCHED_Impulsive,Proposed_CA_CNN_RNND,2665,0.455309871584177,0.36331072077155113,0.09199913265183568,
0,260816,matched,MATCHED_Impulsive,Proposed_CA_CNN_RNND,2666,0.3831793777644634,0.31322072073817253,0.0699586640112102,
0,260816,matched,MATCHED_Impulsive,Proposed_CA_CNN_RNND,2667,0.4188990071415901,0.3406793028116226,0.0782196968793869,
0,260816,matched,MATCHED_Impulsive,Proposed_CA_CNN_RNND,2668,0.3955160640180111,0.3173081576824188,0.07820789888501167,
0,260816,matched,MATCHED_Impulsive,Proposed_CA_CNN_RNND,2669,0.4077163636684418,0.32335040345788,0.08436596114188433,
0,260816,matched,MATCHED_Impulsive,Proposed_CA_CNN_RNND,2670,0.34789128601551056,0.2807793691754341,0.06711191777139902,
0,260816,matched,MATCHED_Impulsive,Proposed_CA_CNN_RNND,2671,0.29840394109487534,0.24828990921378136,0.0501140346750617,
0,260816,matched,MATCHED_Impulsive,Proposed_CA_CNN_RNND,2672,0.6387180089950562,0.4950655847787857,0.14365243539214134,
0,260816,matched,MATCHED_Impulsive,Proposed_CA_CNN_RNND,2673,0.35706816613674164,0.2943432219326496,0.06272493861615658,
0,260816,matched,MATCHED_Impulsive,Proposed_CA_CNN_RNND,2674,0.43887389078736305,0.35025208443403244,0.08862179238349199,
0,260816,matched,MATCHED_Impulsive,Proposed_CA_CNN_RNND,2675,0.4257240295410156,0.33654334396123886,0.08918068557977676,
0,260816,matched,MATCHED_Impulsive,Proposed_CA_CNN_RNND,2676,0.33390671759843826,0.2700524143874645,0.06385430507361889,
0,260816,matched,MATCHED_Impulsive,Proposed_CA_CNN_RNND,2677,0.30908315256237984,0.2501840181648731,0.05889913812279701,
0,260816,matched,MATCHED_Impulsive,Proposed_CA_CNN_RNND,2678,0.3593722730875015,0.2943977229297161,0.06497454666532576,
0,260816,matched,MATCHED_Impulsive,Proposed_CA_CNN_RNND,2679,0.274042796343565,0.22457997873425484,0.04946281760931015,
0,260816,matched,MATCHED_Impulsive,Proposed_CA_CNN_RNND,2680,0.38863060250878334,0.3141121231019497,0.07451848220080137,
0,260816,matched,MATCHED_Impulsive,Proposed_CA_CNN_RNND,2681,0.3794010803103447,0.3026789166033268,0.07672216091305017,
0,260816,matched,MATCHED_Impulsive,Proposed_CA_CNN_RNND,2682,0.4357917308807373,0.3461178354918957,0.08967390656471252,
0,260816,matched,MATCHED_Impulsive,Proposed_CA_CNN_RNND,2683,0.3495689108967781,0.2814888209104538,0.06808008253574371,
0,260816,matched,MATCHED_Impulsive,Proposed_CA_CNN_RNND,2684,0.46806222572922707,0.36640675365924835,0.10165545623749495,
0,260816,matched,MATCHED_Impulsive,Proposed_CA_CNN_RNND,2685,0.4778144732117653,0.3816305473446846,0.09618391375988722,
0,260816,matched,MATCHED_Impulsive,Proposed_CA_CNN_RNND,2686,0.3759959861636162,0.2948606424033642,0.081135343760252,
0,260816,matched,MATCHED_Impulsive,Proposed_CA_CNN_RNND,2687,0.36372990906238556,0.29642927646636963,0.06730062095448375,
0,260816,matched,MATCHED_Impulsive,Proposed_CA_CNN_RNND,2688,0.4017026871442795,0.32544026523828506,0.07626242376863956,
0,260816,matched,MATCHED_Impulsive,Proposed_CA_CNN_RNND,2689,0.29591992497444153,0.2433134727180004,0.05260644853115082,
0,260816,matched,MATCHED_Impulsive,Proposed_CA_CNN_RNND,2690,0.3579334430396557,0.2937433198094368,0.06419012555852532,
0,260816,matched,MATCHED_Impulsive,Proposed_CA_CNN_RNND,2691,0.3766282722353935,0.30467668920755386,0.07195158023387194,
0,260816,matched,MATCHED_Impulsive,Proposed_CA_CNN_RNND,2692,0.4608791545033455,0.3617139160633087,0.09916524402797222,
0,260816,matched,MATCHED_Impulsive,Proposed_CA_CNN_RNND,2693,0.35616540908813477,0.2894812412559986,0.0666841771453619,
0,260816,matched,MATCHED_Impulsive,Proposed_CA_CNN_RNND,2694,0.40561798214912415,0.3267539516091347,0.07886403147131205,
0,260816,matched,MATCHED_Impulsive,Proposed_CA_CNN_RNND,2695,0.39952821657061577,0.3227636329829693,0.07676459196954966,
0,260816,matched,MATCHED_Impulsive,Proposed_CA_CNN_RNND,2696,0.4467850923538208,0.3535313531756401,0.09325374849140644,
0,260816,matched,MATCHED_Impulsive,Proposed_CA_CNN_RNND,2697,0.3548627905547619,0.28375568985939026,0.07110710814595222,
0,260816,matched,MATCHED_Impulsive,Proposed_CA_CNN_RNND,2698,0.47813403606414795,0.3821674883365631,0.09596654772758484,
0,260816,matched,MATCHED_Impulsive,Proposed_CA_CNN_RNND,2699,0.24213582277297974,0.20520946756005287,0.036926353350281715,
0,260816,matched,MATCHED_Impulsive,Proposed_CA_CNN_RNND,2700,0.3497832156717777,0.282731544226408,0.06705166678875685,
0,260816,matched,MATCHED_Impulsive,Proposed_CA_CNN_RNND,2701,0.41122233495116234,0.32795868441462517,0.08326366078108549,
0,260816,matched,MATCHED_Impulsive,Proposed_CA_CNN_RNND,2702,0.2642306089401245,0.21756834909319878,0.04666226217523217,
0,260816,matched,MATCHED_Impulsive,Proposed_CA_CNN_RNND,2703,0.47623350098729134,0.38453657552599907,0.09169693477451801,
0,260816,matched,MATCHED_Impulsive,Proposed_CA_CNN_RNND,2704,0.46317342668771744,0.36878542974591255,0.09438798949122429,
0,260816,matched,MATCHED_Impulsive,Proposed_CA_CNN_RNND,2705,0.4654834195971489,0.37289076298475266,0.09259264916181564,
0,260816,matched,MATCHED_Impulsive,Proposed_CA_CNN_RNND,2706,0.26277241855859756,0.22000258043408394,0.04276984557509422,
0,260816,matched,MATCHED_Impulsive,Proposed_CA_CNN_RNND,2707,0.4281510189175606,0.34207550436258316,0.08607551082968712,
0,260816,matched,MATCHED_Impulsive,Proposed_CA_CNN_RNND,2708,0.26195360347628593,0.21889187768101692,0.04306172486394644,
0,260816,matched,MATCHED_Impulsive,Proposed_CA_CNN_RNND,2709,0.3847246393561363,0.3051709868013859,0.07955365441739559,
0,260816,matched,MATCHED_Impulsive,Proposed_CA_CNN_RNND,2710,0.28486986458301544,0.23671313375234604,0.04815672570839524,
0,260816,matched,MATCHED_Impulsive,Proposed_CA_CNN_RNND,2711,0.4390838071703911,0.34608179330825806,0.09300203155726194,
0,260816,matched,MATCHED_Impulsive,Proposed_CA_CNN_RNND,2712,0.5446630269289017,0.42584142088890076,0.11882159672677517,
0,260816,matched,MATCHED_Impulsive,Proposed_CA_CNN_RNND,2713,0.35178274661302567,0.28723059594631195,0.06455215951427817,
0,260816,matched,MATCHED_Impulsive,Proposed_CA_CNN_RNND,2714,0.5109162032604218,0.4012635499238968,0.10965264588594437,
0,260816,matched,MATCHED_Impulsive,Proposed_CA_CNN_RNND,2715,0.37187227979302406,0.2979961410164833,0.07387612946331501,
0,260816,matched,MATCHED_Impulsive,Proposed_CA_CNN_RNND,2716,0.34194763749837875,0.27434904128313065,0.0675985999405384,
0,260816,matched,MATCHED_Impulsive,Proposed_CA_CNN_RNND,2717,0.44197072088718414,0.3572200834751129,0.08475062623620033,
0,260816,matched,MATCHED_Impulsive,Proposed_CA_CNN_RNND,2718,0.2834482863545418,0.2323409505188465,0.05110733862966299,
0,260816,matched,MATCHED_Impulsive,Proposed_CA_CNN_RNND,2719,0.4228920191526413,0.338082455098629,0.08480955753475428,
0,260816,matched,MATCHED_Impulsive,Proposed_CA_CNN_RNND,2720,0.39021144807338715,0.31734467297792435,0.0728667788207531,
0,260816,matched,MATCHED_Impulsive,Proposed_CA_CNN_RNND,2721,0.5862501263618469,0.4594520628452301,0.12679805606603622,
0,260816,matched,MATCHED_Impulsive,Proposed_CA_CNN_RNND,2722,0.3546973280608654,0.28415391221642494,0.07054341398179531,
0,260816,matched,MATCHED_Impulsive,Proposed_CA_CNN_RNND,2723,0.4776659682393074,0.3827263116836548,0.09493965469300747,
0,260816,matched,MATCHED_Impulsive,Proposed_CA_CNN_RNND,2724,0.5575543269515038,0.4460151270031929,0.11153918784111738,
0,260816,matched,MATCHED_Impulsive,Proposed_CA_CNN_RNND,2725,0.2791428491473198,0.2314845621585846,0.04765829257667065,
0,260816,matched,MATCHED_Impulsive,Proposed_CA_CNN_RNND,2726,0.2564878650009632,0.2165801078081131,0.039907754864543676,
0,260816,matched,MATCHED_Impulsive,Proposed_CA_CNN_RNND,2727,0.35803303867578506,0.291640505194664,0.06639253348112106,
0,260816,matched,MATCHED_Impulsive,Proposed_CA_CNN_RNND,2728,0.4036227911710739,0.3244045004248619,0.07921828795224428,
0,260816,matched,MATCHED_Impulsive,Proposed_CA_CNN_RNND,2729,0.42317113280296326,0.3406011015176773,0.08257003128528595,
0,260816,matched,MATCHED_Impulsive,Proposed_CA_CNN_RNND,2730,0.2876516170799732,0.2363869473338127,0.05126466974616051,
0,260816,matched,MATCHED_Impulsive,Proposed_CA_CNN_RNND,2731,0.2716026045382023,0.22285769134759903,0.04874491412192583,
0,260816,matched,MATCHED_Impulsive,Proposed_CA_CNN_RNND,2732,0.3812595270574093,0.3032797649502754,0.07797976210713387,
0,260816,matched,MATCHED_Impulsive,Proposed_CA_CNN_RNND,2733,0.3585350811481476,0.28124552965164185,0.07728955801576376,
0,260816,matched,MATCHED_Impulsive,Proposed_CA_CNN_RNND,2734,0.4374338388442993,0.351069800555706,0.0863640308380127,
0,260816,matched,MATCHED_Impulsive,Proposed_CA_CNN_RNND,2735,0.571564182639122,0.45078693330287933,0.12077725678682327,
0,260816,matched,MATCHED_Impulsive,Proposed_CA_CNN_RNND,2736,0.48305243998765945,0.3821835406124592,0.100868902169168,
0,260816,matched,MATCHED_Impulsive,Proposed_CA_CNN_RNND,2737,0.3026278018951416,0.24903379008173943,0.05359400901943445,
0,260816,matched,MATCHED_Impulsive,Proposed_CA_CNN_RNND,2738,0.5046170875430107,0.3989613279700279,0.10565575771033764,
0,260816,matched,MATCHED_Impulsive,Proposed_CA_CNN_RNND,2739,0.40040361881256104,0.32724203169345856,0.0731615787371993,
0,260816,matched,MATCHED_Impulsive,Proposed_CA_CNN_RNND,2740,0.3227659612894058,0.2663932740688324,0.0563726844266057,
0,260816,matched,MATCHED_Impulsive,Proposed_CA_CNN_RNND,2741,0.3846512511372566,0.30274806916713715,0.08190318010747433,
0,260816,matched,MATCHED_Impulsive,Proposed_CA_CNN_RNND,2742,0.5376221612095833,0.4267159625887871,0.1109062097966671,
0,260816,matched,MATCHED_Impulsive,Proposed_CA_CNN_RNND,2743,0.2904895395040512,0.23634960502386093,0.054139938205480576,
0,260816,matched,MATCHED_Impulsive,Proposed_CA_CNN_RNND,2744,0.4541613832116127,0.35998982191085815,0.0941715631633997,
0,260816,matched,MATCHED_Impulsive,Proposed_CA_CNN_RNND,2745,0.35706060752272606,0.29236089438199997,0.06469970569014549,
0,260816,matched,MATCHED_Impulsive,Proposed_CA_CNN_RNND,2746,0.39613010361790657,0.31586672365665436,0.08026338741183281,
0,260816,matched,MATCHED_Impulsive,Proposed_CA_CNN_RNND,2747,0.4228390082716942,0.33486729860305786,0.08797170594334602,
0,260816,matched,MATCHED_Impulsive,Proposed_CA_CNN_RNND,2748,0.47845685482025146,0.374729510396719,0.10372733371332288,
0,260816,matched,MATCHED_Impulsive,Proposed_CA_CNN_RNND,2749,0.384928435087204,0.30895890295505524,0.07596953818574548,
0,260816,matched,MATCHED_Impulsive,Proposed_CA_CNN_RNND,2750,0.42918453365564346,0.342533677816391,0.08665086887776852,
0,260816,matched,MATCHED_Impulsive,Proposed_CA_CNN_RNND,2751,0.48474252969026566,0.3864113762974739,0.09833117108792067,
0,260816,matched,MATCHED_Impulsive,Proposed_CA_CNN_RNND,2752,0.31054478138685226,0.2532341703772545,0.05731061473488808,
0,260816,matched,MATCHED_Impulsive,Proposed_CA_CNN_RNND,2753,0.3925761878490448,0.30725414119660854,0.0853220415301621,
0,260816,matched,MATCHED_Impulsive,Proposed_CA_CNN_RNND,2754,0.23261666297912598,0.19605806097388268,0.036558606661856174,
0,260816,matched,MATCHED_Impulsive,Proposed_CA_CNN_RNND,2755,0.5712444931268692,0.4508666470646858,0.12037783116102219,
0,260816,matched,MATCHED_Impulsive,Proposed_CA_CNN_RNND,2756,0.3172212578356266,0.25680865719914436,0.06041259504854679,
0,260816,matched,MATCHED_Impulsive,Proposed_CA_CNN_RNND,2757,0.4796053171157837,0.38188863918185234,0.0977166723459959,
0,260816,matched,MATCHED_Impulsive,Proposed_CA_CNN_RNND,2758,0.6218110471963882,0.48425938189029694,0.13755167089402676,
0,260816,matched,MATCHED_Impulsive,Proposed_CA_CNN_RNND,2759,0.35823871195316315,0.2864457778632641,0.07179292431101203,
0,260816,matched,MATCHED_Impulsive,Proposed_CA_CNN_RNND,2760,0.3282492198050022,0.2667859233915806,0.061463295482099056,
0,260816,matched,MATCHED_Impulsive,Proposed_CA_CNN_RNND,2761,0.46274328976869583,0.36612754315137863,0.09661574382334948,
0,260816,matched,MATCHED_Impulsive,Proposed_CA_CNN_RNND,2762,0.4314819276332855,0.34333427995443344,0.08814764954149723,
0,260816,matched,MATCHED_Impulsive,Proposed_CA_CNN_RNND,2763,0.27666204422712326,0.23034171387553215,0.04632033221423626,
0,260816,matched,MATCHED_Impulsive,Proposed_CA_CNN_RNND,2764,0.3783758655190468,0.2962881624698639,0.08208770304918289,
0,260816,matched,MATCHED_Impulsive,Proposed_CA_CNN_RNND,2765,0.484655000269413,0.38987528532743454,0.09477971866726875,
0,260816,matched,MATCHED_Impulsive,Proposed_CA_CNN_RNND,2766,0.4275253340601921,0.3420639745891094,0.08546135947108269,
0,260816,matched,MATCHED_Impulsive,Proposed_CA_CNN_RNND,2767,0.4075629487633705,0.32323703169822693,0.08432591194286942,
0,260816,matched,MATCHED_Impulsive,Proposed_CA_CNN_RNND,2768,0.45906199887394905,0.3591868579387665,0.09987513767555356,
0,260816,matched,MATCHED_Impulsive,Proposed_CA_CNN_RNND,2769,0.3987254127860069,0.3172697350382805,0.08145567588508129,
0,260816,matched,MATCHED_Impulsive,Proposed_CA_CNN_RNND,2770,0.47588738799095154,0.3873571529984474,0.08853024058043957,
0,260816,matched,MATCHED_Impulsive,Proposed_CA_CNN_RNND,2771,0.4972429387271404,0.3864980936050415,0.11074483953416348,
0,260816,matched,MATCHED_Impulsive,Proposed_CA_CNN_RNND,2772,0.3320794813334942,0.2675282917916775,0.06455118767917156,
0,260816,matched,MATCHED_Impulsive,Proposed_CA_CNN_RNND,2773,0.37992049008607864,0.3009665235877037,0.07895397394895554,
0,260816,matched,MATCHED_Impulsive,Proposed_CA_CNN_RNND,2774,0.4219971299171448,0.3314494527876377,0.09054767806082964,
0,260816,matched,MATCHED_Impulsive,Proposed_CA_CNN_RNND,2775,0.41257574036717415,0.3293295130133629,0.08324622455984354,
0,260816,matched,MATCHED_Impulsive,Proposed_CA_CNN_RNND,2776,0.6255960464477539,0.4841679483652115,0.14142810180783272,
0,260816,matched,MATCHED_Impulsive,Proposed_CA_CNN_RNND,2777,0.3203826770186424,0.2638987675309181,0.05648390855640173,
0,260816,matched,MATCHED_Impulsive,Proposed_CA_CNN_RNND,2778,0.5139960050582886,0.4048507437109947,0.1091452594846487,
0,260816,matched,MATCHED_Impulsive,Proposed_CA_CNN_RNND,2779,0.6112642735242844,0.4747161492705345,0.13654814660549164,
0,260816,matched,MATCHED_Impulsive,Proposed_CA_CNN_RNND,2780,0.2747802287340164,0.22750421985983849,0.047276007011532784,
0,260816,matched,MATCHED_Impulsive,Proposed_CA_CNN_RNND,2781,0.43175452947616577,0.33807022497057915,0.09368429891765118,
0,260816,matched,MATCHED_Impulsive,Proposed_CA_CNN_RNND,2782,0.4501463919878006,0.36208320409059525,0.08806318510323763,
0,260816,matched,MATCHED_Impulsive,Proposed_CA_CNN_RNND,2783,0.42543071135878563,0.3446807898581028,0.0807499224320054,
0,260816,matched,MATCHED_Impulsive,Proposed_CA_CNN_RNND,2784,0.42602016031742096,0.34432191401720047,0.08169824816286564,
0,260816,matched,MATCHED_Impulsive,Proposed_CA_CNN_RNND,2785,0.38296912610530853,0.30172067880630493,0.08124844636768103,
0,260816,matched,MATCHED_Impulsive,Proposed_CA_CNN_RNND,2786,0.41140836849808693,0.33281631767749786,0.07859205827116966,
0,260816,matched,MATCHED_Impulsive,Proposed_CA_CNN_RNND,2787,0.3293009027838707,0.2691780664026737,0.060122831258922815,
0,260816,matched,MATCHED_Impulsive,Proposed_CA_CNN_RNND,2788,0.38752229511737823,0.30639800801873207,0.08112429454922676,
0,260816,matched,MATCHED_Impulsive,Proposed_CA_CNN_RNND,2789,0.4304892420768738,0.34201154857873917,0.08847769722342491,
0,260816,matched,MATCHED_Impulsive,Proposed_CA_CNN_RNND,2790,0.40471886843442917,0.31846120581030846,0.08625766076147556,
0,260816,matched,MATCHED_Impulsive,Proposed_CA_CNN_RNND,2791,0.31282711774110794,0.2551036402583122,0.05772348307073116,
0,260816,matched,MATCHED_Impulsive,Proposed_CA_CNN_RNND,2792,0.2746446207165718,0.22580669820308685,0.048837925773113966,
0,260816,matched,MATCHED_Impulsive,Proposed_CA_CNN_RNND,2793,0.34915874898433685,0.27681781351566315,0.07234094012528658,
0,260816,matched,MATCHED_Impulsive,Proposed_CA_CNN_RNND,2794,0.4727852940559387,0.3731173761188984,0.09966791979968548,
0,260816,matched,MATCHED_Impulsive,Proposed_CA_CNN_RNND,2795,0.594877153635025,0.4641881138086319,0.13068903237581253,
0,260816,matched,MATCHED_Impulsive,Proposed_CA_CNN_RNND,2796,0.403631828725338,0.31922630965709686,0.08440552931278944,
0,260816,matched,MATCHED_Impulsive,Proposed_CA_CNN_RNND,2797,0.5897264778614044,0.4615187346935272,0.1282077543437481,
0,260816,matched,MATCHED_Impulsive,Proposed_CA_CNN_RNND,2798,0.3573572225868702,0.28865785896778107,0.0686993608251214,
0,260816,matched,MATCHED_Impulsive,Proposed_CA_CNN_RNND,2799,0.4562123492360115,0.35748567432165146,0.0987266693264246,
0,260816,matched,MATCHED_Impulsive,Proposed_CA_CNN_RNND,2800,0.47727806121110916,0.36943013966083527,0.1078479140996933,-0.9638807083042313
0,260816,matched,MATCHED_Impulsive,Proposed_CA_CNN_RNND,2801,0.530172549188137,0.416084710508585,0.11408784799277782,
0,260816,matched,MATCHED_Impulsive,Proposed_CA_CNN_RNND,2802,0.45107246935367584,0.3600063621997833,0.09106610994786024,
0,260816,matched,MATCHED_Impulsive,Proposed_CA_CNN_RNND,2803,0.33547982573509216,0.2760900557041168,0.05938976816833019,
0,260816,matched,MATCHED_Impulsive,Proposed_CA_CNN_RNND,2804,0.3181638941168785,0.25921962037682533,0.0589442765340209,
0,260816,matched,MATCHED_Impulsive,Proposed_CA_CNN_RNND,2805,0.3201104886829853,0.2577951177954674,0.06231537088751793,
0,260816,matched,MATCHED_Impulsive,Proposed_CA_CNN_RNND,2806,0.47758234292268753,0.377712395042181,0.09986994601786137,
0,260816,matched,MATCHED_Impulsive,Proposed_CA_CNN_RNND,2807,0.38077301159501076,0.30296429991722107,0.07780872564762831,
0,260816,matched,MATCHED_Impulsive,Proposed_CA_CNN_RNND,2808,0.4688936471939087,0.374069944024086,0.09482371434569359,
0,260816,matched,MATCHED_Impulsive,Proposed_CA_CNN_RNND,2809,0.4298589825630188,0.3439195416867733,0.08593944273889065,
0,260816,matched,MATCHED_Impulsive,Proposed_CA_CNN_RNND,2810,0.2668272331357002,0.2157250940799713,0.051102135330438614,
0,260816,matched,MATCHED_Impulsive,Proposed_CA_CNN_RNND,2811,0.4019411504268646,0.3237522765994072,0.07818887755274773,
0,260816,matched,MATCHED_Impulsive,Proposed_CA_CNN_RNND,2812,0.39902789890766144,0.32148948311805725,0.07753842230886221,
0,260816,matched,MATCHED_Impulsive,Proposed_CA_CNN_RNND,2813,0.4108760133385658,0.33128973841667175,0.0795862777158618,
0,260816,matched,MATCHED_Impulsive,Proposed_CA_CNN_RNND,2814,0.2522292956709862,0.21601126343011856,0.0362180327065289,
0,260816,matched,MATCHED_Impulsive,Proposed_CA_CNN_RNND,2815,0.34585558995604515,0.28018831834197044,0.06566727161407471,
0,260816,matched,MATCHED_Impulsive,Proposed_CA_CNN_RNND,2816,0.36818163841962814,0.2949795797467232,0.07320206053555012,
0,260816,matched,MATCHED_Impulsive,Proposed_CA_CNN_RNND,2817,0.27334513887763023,0.2237049899995327,0.04964015632867813,
0,260816,matched,MATCHED_Impulsive,Proposed_CA_CNN_RNND,2818,0.40222055464982986,0.32296962663531303,0.07925092428922653,
0,260816,matched,MATCHED_Impulsive,Proposed_CA_CNN_RNND,2819,0.367746502161026,0.29671455174684525,0.07103195786476135,
0,260816,matched,MATCHED_Impulsive,Proposed_CA_CNN_RNND,2820,0.3725435882806778,0.2986503653228283,0.07389322109520435,
0,260816,matched,MATCHED_Impulsive,Proposed_CA_CNN_RNND,2821,0.2864912413060665,0.23545128479599953,0.051039956510066986,
0,260816,matched,MATCHED_Impulsive,Proposed_CA_CNN_RNND,2822,0.38757702708244324,0.309662900865078,0.07791412342339754,
0,260816,matched,MATCHED_Impulsive,Proposed_CA_CNN_RNND,2823,0.4321891888976097,0.3447817265987396,0.08740746229887009,
0,260816,matched,MATCHED_Impulsive,Proposed_CA_CNN_RNND,2824,0.5261113569140434,0.4174850061535835,0.1086263470351696,
0,260816,matched,MATCHED_Impulsive,Proposed_CA_CNN_RNND,2825,0.4381006844341755,0.3491779938340187,0.08892270689830184,
0,260816,matched,MATCHED_Impulsive,Proposed_CA_CNN_RNND,2826,0.36348386108875275,0.2892402186989784,0.07424364425241947,
0,260816,matched,MATCHED_Impulsive,Proposed_CA_CNN_RNND,2827,0.3945676013827324,0.31956686824560165,0.07500073127448559,
0,260816,matched,MATCHED_Impulsive,Proposed_CA_CNN_RNND,2828,0.5194765999913216,0.41608987748622894,0.1033867271617055,
0,260816,matched,MATCHED_Impulsive,Proposed_CA_CNN_RNND,2829,0.35646902769804,0.2925172969698906,0.06395172467455268,
0,260816,matched,MATCHED_Impulsive,Proposed_CA_CNN_RNND,2830,0.3428252749145031,0.27134867385029793,0.0714765964075923,
0,260816,matched,MATCHED_Impulsive,Proposed_CA_CNN_RNND,2831,0.44857292622327805,0.35737546905875206,0.09119744691997766,
0,260816,matched,MATCHED_Impulsive,Proposed_CA_CNN_RNND,2832,0.3304772228002548,0.2710678242146969,0.05940939299762249,
0,260816,matched,MATCHED_Impulsive,Proposed_CA_CNN_RNND,2833,0.27968112006783485,0.2310468927025795,0.04863422363996506,
0,260816,matched,MATCHED_Impulsive,Proposed_CA_CNN_RNND,2834,0.5118551775813103,0.409912072122097,0.10194309055805206,
0,260816,matched,MATCHED_Impulsive,Proposed_CA_CNN_RNND,2835,0.3772898092865944,0.30684030428528786,0.07044951245188713,
0,260816,matched,MATCHED_Impulsive,Proposed_CA_CNN_RNND,2836,0.3395360931754112,0.2744184695184231,0.06511762924492359,
0,260816,matched,MATCHED_Impulsive,Proposed_CA_CNN_RNND,2837,0.5635913610458374,0.4423036128282547,0.1212877631187439,
0,260816,matched,MATCHED_Impulsive,Proposed_CA_CNN_RNND,2838,0.32267316058278084,0.2685888707637787,0.05408429121598601,
0,260816,matched,MATCHED_Impulsive,Proposed_CA_CNN_RNND,2839,0.41619834676384926,0.33334771916270256,0.08285062108188868,
0,260816,matched,MATCHED_Impulsive,Proposed_CA_CNN_RNND,2840,0.3540864773094654,0.285319022834301,0.06876745261251926,
0,260816,matched,MATCHED_Impulsive,Proposed_CA_CNN_RNND,2841,0.41406381875276566,0.33719802647829056,0.0768657997250557,
0,260816,matched,MATCHED_Impulsive,Proposed_CA_CNN_RNND,2842,0.37626938149333,0.3023937866091728,0.07387558836489916,
0,260816,matched,MATCHED_Impulsive,Proposed_CA_CNN_RNND,2843,0.40221555531024933,0.32421060651540756,0.07800494693219662,
0,260816,matched,MATCHED_Impulsive,Proposed_CA_CNN_RNND,2844,0.3179122284054756,0.2631676569581032,0.05474457051604986,
0,260816,matched,MATCHED_Impulsive,Proposed_CA_CNN_RNND,2845,0.4464365765452385,0.3594941422343254,0.08694244362413883,
0,260816,matched,MATCHED_Impulsive,Proposed_CA_CNN_RNND,2846,0.5057606399059296,0.39393623173236847,0.11182440165430307,
0,260816,matched,MATCHED_Impulsive,Proposed_CA_CNN_RNND,2847,0.3938387930393219,0.32027554512023926,0.0735632423311472,
0,260816,matched,MATCHED_Impulsive,Proposed_CA_CNN_RNND,2848,0.5293711423873901,0.417350921779871,0.11202020570635796,
0,260816,matched,MATCHED_Impulsive,Proposed_CA_CNN_RNND,2849,0.2968171611428261,0.2434881292283535,0.053329029120504856,
0,260816,matched,MATCHED_Impulsive,Proposed_CA_CNN_RNND,2850,0.4569252021610737,0.3607056997716427,0.09621951263397932,
0,260816,matched,MATCHED_Impulsive,Proposed_CA_CNN_RNND,2851,0.31029148027300835,0.2515766844153404,0.0587147967889905,
0,260816,matched,MATCHED_Impulsive,Proposed_CA_CNN_RNND,2852,0.3331448510289192,0.2724851034581661,0.060659753158688545,
0,260816,matched,MATCHED_Impulsive,Proposed_CA_CNN_RNND,2853,0.28430505841970444,0.23547592759132385,0.04882912989705801,
0,260816,matched,MATCHED_Impulsive,Proposed_CA_CNN_RNND,2854,0.337106678634882,0.2715435102581978,0.06556316092610359,
0,260816,matched,MATCHED_Impulsive,Proposed_CA_CNN_RNND,2855,0.38504475355148315,0.31493283063173294,0.07011191919445992,
0,260816,matched,MATCHED_Impulsive,Proposed_CA_CNN_RNND,2856,0.21944324672222137,0.18876248225569725,0.0306807616725564,
0,260816,matched,MATCHED_Impulsive,Proposed_CA_CNN_RNND,2857,0.45569958537817,0.3644576519727707,0.09124194551259279,
0,260816,matched,MATCHED_Impulsive,Proposed_CA_CNN_RNND,2858,0.3438713885843754,0.2813517078757286,0.06251968024298549,
0,260816,matched,MATCHED_Impulsive,Proposed_CA_CNN_RNND,2859,0.5447578132152557,0.42573556303977966,0.11902223341166973,
0,260816,matched,MATCHED_Impulsive,Proposed_CA_CNN_RNND,2860,0.4110546410083771,0.3301907368004322,0.08086390979588032,
0,260816,matched,MATCHED_Impulsive,Proposed_CA_CNN_RNND,2861,0.39059382677078247,0.31721410527825356,0.07337971683591604,
0,260816,matched,MATCHED_Impulsive,Proposed_CA_CNN_RNND,2862,0.21843641251325607,0.17794332094490528,0.040493089240044355,
0,260816,matched,MATCHED_Impulsive,Proposed_CA_CNN_RNND,2863,0.2591405361890793,0.21393923088908195,0.045201309490948915,
0,260816,matched,MATCHED_Impulsive,Proposed_CA_CNN_RNND,2864,0.4421355426311493,0.354778990149498,0.0873565599322319,
0,260816,matched,MATCHED_Impulsive,Proposed_CA_CNN_RNND,2865,0.3392968699336052,0.2812500223517418,0.0580468513071537,
0,260816,matched,MATCHED_Impulsive,Proposed_CA_CNN_RNND,2866,0.38532914221286774,0.3074979968369007,0.07783115981146693,
0,260816,matched,MATCHED_Impulsive,Proposed_CA_CNN_RNND,2867,0.32965759187936783,0.27131665125489235,0.05834093922749162,
0,260816,matched,MATCHED_Impulsive,Proposed_CA_CNN_RNND,2868,0.34244397282600403,0.27780715748667717,0.0646368209272623,
0,260816,matched,MATCHED_Impulsive,Proposed_CA_CNN_RNND,2869,0.33114612102508545,0.2720113880932331,0.05913472920656204,
0,260816,matched,MATCHED_Impulsive,Proposed_CA_CNN_RNND,2870,0.4359346441924572,0.3430328965187073,0.09290175512433052,
0,260816,matched,MATCHED_Impulsive,Proposed_CA_CNN_RNND,2871,0.3374788463115692,0.2700228914618492,0.06745594926178455,
0,260816,matched,MATCHED_Impulsive,Proposed_CA_CNN_RNND,2872,0.37261825799942017,0.2974220849573612,0.07519617583602667,
0,260816,matched,MATCHED_Impulsive,Proposed_CA_CNN_RNND,2873,0.4069608114659786,0.3170507960021496,0.08991000708192587,
0,260816,matched,MATCHED_Impulsive,Proposed_CA_CNN_RNND,2874,0.34232305735349655,0.28267381712794304,0.05964923836290836,
0,260816,matched,MATCHED_Impulsive,Proposed_CA_CNN_RNND,2875,0.4059612527489662,0.32035689800977707,0.08560435939580202,
0,260816,matched,MATCHED_Impulsive,Proposed_CA_CNN_RNND,2876,0.454278651624918,0.36878543719649315,0.08549320325255394,
0,260816,matched,MATCHED_Impulsive,Proposed_CA_CNN_RNND,2877,0.49631960690021515,0.3876515030860901,0.10866811312735081,
0,260816,matched,MATCHED_Impulsive,Proposed_CA_CNN_RNND,2878,0.34543710947036743,0.2811708115041256,0.06426629237830639,
0,260816,matched,MATCHED_Impulsive,Proposed_CA_CNN_RNND,2879,0.27970118820667267,0.22777912020683289,0.051922062411904335,
0,260816,matched,MATCHED_Impulsive,Proposed_CA_CNN_RNND,2880,0.4114738032221794,0.33134034276008606,0.08013345673680305,
0,260816,matched,MATCHED_Impulsive,Proposed_CA_CNN_RNND,2881,0.481208261102438,0.3767564594745636,0.10445180535316467,
0,260816,matched,MATCHED_Impulsive,Proposed_CA_CNN_RNND,2882,0.4214958995580673,0.33700819313526154,0.08448771107941866,
0,260816,matched,MATCHED_Impulsive,Proposed_CA_CNN_RNND,2883,0.27587971836328506,0.23077064007520676,0.04510907456278801,
0,260816,matched,MATCHED_Impulsive,Proposed_CA_CNN_RNND,2884,0.22096173837780952,0.18757886067032814,0.03338287537917495,
0,260816,matched,MATCHED_Impulsive,Proposed_CA_CNN_RNND,2885,0.3980088382959366,0.320863526314497,0.07714530918747187,
0,260816,matched,MATCHED_Impulsive,Proposed_CA_CNN_RNND,2886,0.5470860078930855,0.43196120113134384,0.11512481607496738,
0,260816,matched,MATCHED_Impulsive,Proposed_CA_CNN_RNND,2887,0.30122949182987213,0.24791918322443962,0.053310307674109936,
0,260816,matched,MATCHED_Impulsive,Proposed_CA_CNN_RNND,2888,0.4237760901451111,0.3432408645749092,0.08053521998226643,
0,260816,matched,MATCHED_Impulsive,Proposed_CA_CNN_RNND,2889,0.3394380584359169,0.27769680321216583,0.061741252429783344,
0,260816,matched,MATCHED_Impulsive,Proposed_CA_CNN_RNND,2890,0.5994453579187393,0.47059416025877,0.12885120883584023,
0,260816,matched,MATCHED_Impulsive,Proposed_CA_CNN_RNND,2891,0.3645905368030071,0.29361647367477417,0.07097406405955553,
0,260816,matched,MATCHED_Impulsive,Proposed_CA_CNN_RNND,2892,0.49647417664527893,0.3972027450799942,0.09927143342792988,
0,260816,matched,MATCHED_Impulsive,Proposed_CA_CNN_RNND,2893,0.29944438487291336,0.2498966082930565,0.04954778403043747,
0,260816,matched,MATCHED_Impulsive,Proposed_CA_CNN_RNND,2894,0.40853168815374374,0.33621349930763245,0.07231818418949842,
0,260816,matched,MATCHED_Impulsive,Proposed_CA_CNN_RNND,2895,0.3960257060825825,0.31429166346788406,0.08173404121771455,
0,260816,matched,MATCHED_Impulsive,Proposed_CA_CNN_RNND,2896,0.371659018099308,0.30631693825125694,0.06534208077937365,
0,260816,matched,MATCHED_Impulsive,Proposed_CA_CNN_RNND,2897,0.48845700174570084,0.38933782279491425,0.09911918081343174,
0,260816,matched,MATCHED_Impulsive,Proposed_CA_CNN_RNND,2898,0.4127257689833641,0.3344966769218445,0.07822908740490675,
0,260816,matched,MATCHED_Impulsive,Proposed_CA_CNN_RNND,2899,0.3104964643716812,0.2537391670048237,0.05675729247741401,
0,260816,matched,MATCHED_Impulsive,Proposed_CA_CNN_RNND,2900,0.32559608295559883,0.26363562420010567,0.06196045409888029,
0,260816,matched,MATCHED_Impulsive,Proposed_CA_CNN_RNND,2901,0.4912925362586975,0.38910041749477386,0.10219210386276245,
0,260816,matched,MATCHED_Impulsive,Proposed_CA_CNN_RNND,2902,0.49532613903284073,0.3886050805449486,0.1067210528999567,
0,260816,matched,MATCHED_Impulsive,Proposed_CA_CNN_RNND,2903,0.28960056602954865,0.2378513067960739,0.05174926109611988,
0,260816,matched,MATCHED_Impulsive,Proposed_CA_CNN_RNND,2904,0.3480943702161312,0.28293314948678017,0.06516123469918966,
0,260816,matched,MATCHED_Impulsive,Proposed_CA_CNN_RNND,2905,0.5112858414649963,0.4012107253074646,0.11007511988282204,
0,260816,matched,MATCHED_Impulsive,Proposed_CA_CNN_RNND,2906,0.3605704978108406,0.29606087505817413,0.06450962740927935,
0,260816,matched,MATCHED_Impulsive,Proposed_CA_CNN_RNND,2907,0.4905420020222664,0.39032599329948425,0.10021601896733046,
0,260816,matched,MATCHED_Impulsive,Proposed_CA_CNN_RNND,2908,0.3394998162984848,0.2793368846178055,0.06016293354332447,
0,260816,matched,MATCHED_Impulsive,Proposed_CA_CNN_RNND,2909,0.37232302129268646,0.2994173690676689,0.07290566060692072,
0,260816,matched,MATCHED_Impulsive,Proposed_CA_CNN_RNND,2910,0.3431292660534382,0.2779858112335205,0.06514344783499837,
0,260816,matched,MATCHED_Impulsive,Proposed_CA_CNN_RNND,2911,0.6369172185659409,0.49271421879529953,0.14420301467180252,
0,260816,matched,MATCHED_Impulsive,Proposed_CA_CNN_RNND,2912,0.23580988496541977,0.200711190700531,0.03509870218113065,
0,260816,matched,MATCHED_Impulsive,Proposed_CA_CNN_RNND,2913,0.565285325050354,0.4439740255475044,0.12131128832697868,
0,260816,matched,MATCHED_Impulsive,Proposed_CA_CNN_RNND,2914,0.4383872076869011,0.35393208265304565,0.08445512223988771,
0,260816,matched,MATCHED_Impulsive,Proposed_CA_CNN_RNND,2915,0.4015285298228264,0.31904126703739166,0.08248727070167661,
0,260816,matched,MATCHED_Impulsive,Proposed_CA_CNN_RNND,2916,0.361983809620142,0.2943659946322441,0.06761780846863985,
0,260816,matched,MATCHED_Impulsive,Proposed_CA_CNN_RNND,2917,0.448839221149683,0.35099464282393456,0.09784458018839359,
0,260816,matched,MATCHED_Impulsive,Proposed_CA_CNN_RNND,2918,0.23439351841807365,0.19502628967165947,0.039367223624140024,
0,260816,matched,MATCHED_Impulsive,Proposed_CA_CNN_RNND,2919,0.48768265545368195,0.3849596232175827,0.10272303689271212,
0,260816,matched,MATCHED_Impulsive,Proposed_CA_CNN_RNND,2920,0.2845602110028267,0.2373855710029602,0.04717463720589876,
0,260816,matched,MATCHED_Impulsive,Proposed_CA_CNN_RNND,2921,0.38491372764110565,0.3153729513287544,0.06954078050330281,
0,260816,matched,MATCHED_Impulsive,Proposed_CA_CNN_RNND,2922,0.41770826652646065,0.33258115127682686,0.08512712828814983,
0,260816,matched,MATCHED_Impulsive,Proposed_CA_CNN_RNND,2923,0.3215642683207989,0.2660538926720619,0.05551037285476923,
0,260816,matched,MATCHED_Impulsive,Proposed_CA_CNN_RNND,2924,0.4989262968301773,0.39549528807401657,0.10343100596219301,
0,260816,matched,MATCHED_Impulsive,Proposed_CA_CNN_RNND,2925,0.31176115572452545,0.2524413838982582,0.059319774620234966,
0,260816,matched,MATCHED_Impulsive,Proposed_CA_CNN_RNND,2926,0.28069404140114784,0.233435221016407,0.04725882411003113,
0,260816,matched,MATCHED_Impulsive,Proposed_CA_CNN_RNND,2927,0.3237982876598835,0.266745176166296,0.05705310124903917,
0,260816,matched,MATCHED_Impulsive,Proposed_CA_CNN_RNND,2928,0.5145383328199387,0.3996657058596611,0.11487261578440666,
0,260816,matched,MATCHED_Impulsive,Proposed_CA_CNN_RNND,2929,0.40483661368489265,0.328536007553339,0.07630060613155365,
0,260816,matched,MATCHED_Impulsive,Proposed_CA_CNN_RNND,2930,0.21767472103238106,0.1826794259250164,0.03499529557302594,
0,260816,matched,MATCHED_Impulsive,Proposed_CA_CNN_RNND,2931,0.38662532716989517,0.3125545233488083,0.07407081313431263,
0,260816,matched,MATCHED_Impulsive,Proposed_CA_CNN_RNND,2932,0.4479374811053276,0.3566618077456951,0.09127568081021309,
0,260816,matched,MATCHED_Impulsive,Proposed_CA_CNN_RNND,2933,0.3912370689213276,0.31515608727931976,0.07608098536729813,
0,260816,matched,MATCHED_Impulsive,Proposed_CA_CNN_RNND,2934,0.2433614805340767,0.20596426725387573,0.037397210486233234,
0,260816,matched,MATCHED_Impulsive,Proposed_CA_CNN_RNND,2935,0.42023932561278343,0.3414439596235752,0.07879536086693406,
0,260816,matched,MATCHED_Impulsive,Proposed_CA_CNN_RNND,2936,0.31139878556132317,0.2538789175450802,0.057519870810210705,
0,260816,matched,MATCHED_Impulsive,Proposed_CA_CNN_RNND,2937,0.4870484173297882,0.38463402539491653,0.10241437703371048,
0,260816,matched,MATCHED_Impulsive,Proposed_CA_CNN_RNND,2938,0.37633055448532104,0.3026552051305771,0.07367534190416336,
0,260816,matched,MATCHED_Impulsive,Proposed_CA_CNN_RNND,2939,0.3160625845193863,0.26316459104418755,0.05289799906313419,
0,260816,matched,MATCHED_Impulsive,Proposed_CA_CNN_RNND,2940,0.38307496532797813,0.31148286536335945,0.071592110209167,
0,260816,matched,MATCHED_Impulsive,Proposed_CA_CNN_RNND,2941,0.39237259328365326,0.3165832683444023,0.07578931748867035,
0,260816,matched,MATCHED_Impulsive,Proposed_CA_CNN_RNND,2942,0.5212226659059525,0.40565505623817444,0.11556760221719742,
0,260816,matched,MATCHED_Impulsive,Proposed_CA_CNN_RNND,2943,0.3483264818787575,0.27666257321834564,0.07166390027850866,
0,260816,matched,MATCHED_Impulsive,Proposed_CA_CNN_RNND,2944,0.4039333127439022,0.3249247372150421,0.07900856900960207,
0,260816,matched,MATCHED_Impulsive,Proposed_CA_CNN_RNND,2945,0.3643467538058758,0.3000158220529556,0.06433093128725886,
0,260816,matched,MATCHED_Impulsive,Proposed_CA_CNN_RNND,2946,0.4305465817451477,0.3490947484970093,0.08145183138549328,
0,260816,matched,MATCHED_Impulsive,Proposed_CA_CNN_RNND,2947,0.44190624728798866,0.35380736738443375,0.08809888269752264,
0,260816,matched,MATCHED_Impulsive,Proposed_CA_CNN_RNND,2948,0.5139361172914505,0.41081299632787704,0.1031231265515089,
0,260816,matched,MATCHED_Impulsive,Proposed_CA_CNN_RNND,2949,0.265529815107584,0.22524170950055122,0.0402881009504199,
0,260816,matched,MATCHED_Impulsive,Proposed_CA_CNN_RNND,2950,0.3355051353573799,0.2671797126531601,0.06832542177289724,
0,260816,matched,MATCHED_Impulsive,Proposed_CA_CNN_RNND,2951,0.3321082703769207,0.27269645780324936,0.05941181071102619,
0,260816,matched,MATCHED_Impulsive,Proposed_CA_CNN_RNND,2952,0.5246011465787888,0.4127715826034546,0.11182955279946327,
0,260816,matched,MATCHED_Impulsive,Proposed_CA_CNN_RNND,2953,0.49020790308713913,0.37914974242448807,0.11105816625058651,
0,260816,matched,MATCHED_Impulsive,Proposed_CA_CNN_RNND,2954,0.26789025589823723,0.22222113236784935,0.045669123996049166,
0,260816,matched,MATCHED_Impulsive,Proposed_CA_CNN_RNND,2955,0.32113904505968094,0.26398633047938347,0.057152711786329746,
0,260816,matched,MATCHED_Impulsive,Proposed_CA_CNN_RNND,2956,0.45672108232975006,0.3686114251613617,0.08810966275632381,
0,260816,matched,MATCHED_Impulsive,Proposed_CA_CNN_RNND,2957,0.4398776814341545,0.34516164660453796,0.09471604507416487,
0,260816,matched,MATCHED_Impulsive,Proposed_CA_CNN_RNND,2958,0.3663598969578743,0.2971435971558094,0.06921628769487143,
0,260816,matched,MATCHED_Impulsive,Proposed_CA_CNN_RNND,2959,0.5246786847710609,0.41457708925008774,0.1101015955209732,
0,260816,matched,MATCHED_Impulsive,Proposed_CA_CNN_RNND,2960,0.5105651542544365,0.40614277869462967,0.10442238114774227,
0,260816,matched,MATCHED_Impulsive,Proposed_CA_CNN_RNND,2961,0.27433064207434654,0.23129713535308838,0.04303351044654846,
0,260816,matched,MATCHED_Impulsive,Proposed_CA_CNN_RNND,2962,0.34518106281757355,0.2844320423901081,0.060749015770852566,
0,260816,matched,MATCHED_Impulsive,Proposed_CA_CNN_RNND,2963,0.31437188759446144,0.25738632678985596,0.056985555216670036,
0,260816,matched,MATCHED_Impulsive,Proposed_CA_CNN_RNND,2964,0.4946976527571678,0.3891865238547325,0.1055111289024353,
0,260816,matched,MATCHED_Impulsive,Proposed_CA_CNN_RNND,2965,0.36548928543925285,0.2946963422000408,0.07079295348376036,
0,260816,matched,MATCHED_Impulsive,Proposed_CA_CNN_RNND,2966,0.32486841082572937,0.26895565539598465,0.05591275356709957,
0,260816,matched,MATCHED_Impulsive,Proposed_CA_CNN_RNND,2967,0.5182181224226952,0.4093538150191307,0.10886431112885475,
0,260816,matched,MATCHED_Impulsive,Proposed_CA_CNN_RNND,2968,0.32112952321767807,0.26493918895721436,0.05619032680988312,
0,260816,matched,MATCHED_Impulsive,Proposed_CA_CNN_RNND,2969,0.48059065639972687,0.3881506100296974,0.09244004171341658,
0,260816,matched,MATCHED_Impulsive,Proposed_CA_CNN_RNND,2970,0.4854738190770149,0.37802696973085403,0.10744684934616089,
0,260816,matched,MATCHED_Impulsive,Proposed_CA_CNN_RNND,2971,0.460962139070034,0.37047143280506134,0.09049070626497269,
0,260816,matched,MATCHED_Impulsive,Proposed_CA_CNN_RNND,2972,0.3505246862769127,0.2857455536723137,0.06477913819253445,
0,260816,matched,MATCHED_Impulsive,Proposed_CA_CNN_RNND,2973,0.41433753073215485,0.33412427455186844,0.08021325804293156,
0,260816,matched,MATCHED_Impulsive,Proposed_CA_CNN_RNND,2974,0.4895014762878418,0.38620713353157043,0.10329433623701334,
0,260816,matched,MATCHED_Impulsive,Proposed_CA_CNN_RNND,2975,0.39835772663354874,0.31912509351968765,0.07923263683915138,
0,260816,matched,MATCHED_Impulsive,Proposed_CA_CNN_RNND,2976,0.29704271256923676,0.24467027559876442,0.05237244488671422,
0,260816,matched,MATCHED_Impulsive,Proposed_CA_CNN_RNND,2977,0.34551605582237244,0.27640679106116295,0.06910925731062889,
0,260816,matched,MATCHED_Impulsive,Proposed_CA_CNN_RNND,2978,0.38621358200907707,0.3131195306777954,0.07309404946863651,
0,260816,matched,MATCHED_Impulsive,Proposed_CA_CNN_RNND,2979,0.4299652613699436,0.3393307812511921,0.09063448756933212,
0,260816,matched,MATCHED_Impulsive,Proposed_CA_CNN_RNND,2980,0.3174786865711212,0.2570570521056652,0.06042162608355284,
0,260816,matched,MATCHED_Impulsive,Proposed_CA_CNN_RNND,2981,0.3557360880076885,0.29170994833111763,0.06402613874524832,
0,260816,matched,MATCHED_Impulsive,Proposed_CA_CNN_RNND,2982,0.4805881828069687,0.378811813890934,0.10177637450397015,
0,260816,matched,MATCHED_Impulsive,Proposed_CA_CNN_RNND,2983,0.3150635287165642,0.2570405714213848,0.05802295822650194,
0,260816,matched,MATCHED_Impulsive,Proposed_CA_CNN_RNND,2984,0.27745455130934715,0.23002775758504868,0.04742679465562105,
0,260816,matched,MATCHED_Impulsive,Proposed_CA_CNN_RNND,2985,0.28323178738355637,0.23671764135360718,0.04651414230465889,
0,260816,matched,MATCHED_Impulsive,Proposed_CA_CNN_RNND,2986,0.4209958016872406,0.33674218878149986,0.08425361197441816,
0,260816,matched,MATCHED_Impulsive,Proposed_CA_CNN_RNND,2987,0.5158873721957207,0.41345397382974625,0.10243339277803898,
0,260816,matched,MATCHED_Impulsive,Proposed_CA_CNN_RNND,2988,0.4743899703025818,0.3758787363767624,0.0985112152993679,
0,260816,matched,MATCHED_Impulsive,Proposed_CA_CNN_RNND,2989,0.46708088368177414,0.3696841709315777,0.09739670716226101,
0,260816,matched,MATCHED_Impulsive,Proposed_CA_CNN_RNND,2990,0.32272475957870483,0.2602023258805275,0.06252242578193545,
0,260816,matched,MATCHED_Impulsive,Proposed_CA_CNN_RNND,2991,0.3460998013615608,0.28493233770132065,0.06116746296174824,
0,260816,matched,MATCHED_Impulsive,Proposed_CA_CNN_RNND,2992,0.29757843539118767,0.2437419779598713,0.0538364564999938,
0,260816,matched,MATCHED_Impulsive,Proposed_CA_CNN_RNND,2993,0.4247668609023094,0.3413238674402237,0.08344298787415028,
0,260816,matched,MATCHED_Impulsive,Proposed_CA_CNN_RNND,2994,0.45530176162719727,0.36289894580841064,0.09240282513201237,
0,260816,matched,MATCHED_Impulsive,Proposed_CA_CNN_RNND,2995,0.3785957545042038,0.3043084368109703,0.07428732328116894,
0,260816,matched,MATCHED_Impulsive,Proposed_CA_CNN_RNND,2996,0.38695794343948364,0.31217582523822784,0.0747821182012558,
0,260816,matched,MATCHED_Impulsive,Proposed_CA_CNN_RNND,2997,0.46112317591905594,0.37314098328351974,0.08798219915479422,
0,260816,matched,MATCHED_Impulsive,Proposed_CA_CNN_RNND,2998,0.38534563034772873,0.3158005140721798,0.06954512372612953,
0,260816,matched,MATCHED_Impulsive,Proposed_CA_CNN_RNND,2999,0.5000543892383575,0.39691556617617607,0.10313883889466524,
0,260816,matched,MATCHED_Impulsive,Proposed_CA_CNN_RNND,3000,0.4042104259133339,0.3256993964314461,0.07851103693246841,-0.9864432396029492
0,260816,matched,MATCHED_Impulsive,Proposed_CA_CNN_RNND,3001,0.2863412834703922,0.2355492077767849,0.0507920803502202,
0,260816,matched,MATCHED_Impulsive,Proposed_CA_CNN_RNND,3002,0.3023974597454071,0.24695127829909325,0.05544618470594287,
0,260816,matched,MATCHED_Impulsive,Proposed_CA_CNN_RNND,3003,0.46590226888656616,0.37329597026109695,0.09260628465563059,
0,260816,matched,MATCHED_Impulsive,Proposed_CA_CNN_RNND,3004,0.47011861205101013,0.3772980347275734,0.09282058011740446,
0,260816,matched,MATCHED_Impulsive,Proposed_CA_CNN_RNND,3005,0.45371995493769646,0.3613266497850418,0.09239330980926752,
0,260816,matched,MATCHED_Impulsive,Proposed_CA_CNN_RNND,3006,0.2713000476360321,0.2211921289563179,0.05010791961103678,
0,260816,matched,MATCHED_Impulsive,Proposed_CA_CNN_RNND,3007,0.49229247868061066,0.38906776160001755,0.10322471335530281,
0,260816,matched,MATCHED_Impulsive,Proposed_CA_CNN_RNND,3008,0.32574110478162766,0.26463036984205246,0.06111072562634945,
0,260816,matched,MATCHED_Impulsive,Proposed_CA_CNN_RNND,3009,0.3494383618235588,0.28105995431542397,0.06837840657681227,
0,260816,matched,MATCHED_Impulsive,Proposed_CA_CNN_RNND,3010,0.34667398035526276,0.2793312817811966,0.06734270509332418,
0,260816,matched,MATCHED_Impulsive,Proposed_CA_CNN_RNND,3011,0.47872696816921234,0.3737398535013199,0.10498711839318275,
0,260816,matched,MATCHED_Impulsive,Proposed_CA_CNN_RNND,3012,0.34811191260814667,0.28256402537226677,0.06554788444191217,
0,260816,matched,MATCHED_Impulsive,Proposed_CA_CNN_RNND,3013,0.4136742576956749,0.3301893547177315,0.08348491322249174,
0,260816,matched,MATCHED_Impulsive,Proposed_CA_CNN_RNND,3014,0.48162326216697693,0.386783666908741,0.09483960457146168,
0,260816,matched,MATCHED_Impulsive,Proposed_CA_CNN_RNND,3015,0.39923566952347755,0.3179069086909294,0.08132876269519329,
0,260816,matched,MATCHED_Impulsive,Proposed_CA_CNN_RNND,3016,0.4554930403828621,0.36284126341342926,0.09265177883207798,
0,260816,matched,MATCHED_Impulsive,Proposed_CA_CNN_RNND,3017,0.21258655190467834,0.18391263112425804,0.02867392497137189,
0,260816,matched,MATCHED_Impulsive,Proposed_CA_CNN_RNND,3018,0.40364503115415573,0.3270707353949547,0.07657428411766887,
0,260816,matched,MATCHED_Impulsive,Proposed_CA_CNN_RNND,3019,0.3959650285542011,0.3237425126135349,0.07222250942140818,
0,260816,matched,MATCHED_Impulsive,Proposed_CA_CNN_RNND,3020,0.48334306478500366,0.38505928218364716,0.09828377142548561,
0,260816,matched,MATCHED_Impulsive,Proposed_CA_CNN_RNND,3021,0.3615201860666275,0.2969607412815094,0.06455944944173098,
0,260816,matched,MATCHED_Impulsive,Proposed_CA_CNN_RNND,3022,0.3462579660117626,0.2830987088382244,0.06315924786031246,
0,260816,matched,MATCHED_Impulsive,Proposed_CA_CNN_RNND,3023,0.3669944778084755,0.3020925335586071,0.06490194518119097,
0,260816,matched,MATCHED_Impulsive,Proposed_CA_CNN_RNND,3024,0.37951304763555527,0.3032376766204834,0.07627537939697504,
0,260816,matched,MATCHED_Impulsive,Proposed_CA_CNN_RNND,3025,0.39538100361824036,0.3151581510901451,0.08022285718470812,
0,260816,matched,MATCHED_Impulsive,Proposed_CA_CNN_RNND,3026,0.4293256141245365,0.34517892450094223,0.08414669381454587,
0,260816,matched,MATCHED_Impulsive,Proposed_CA_CNN_RNND,3027,0.3885253146290779,0.3161855451762676,0.07233977038413286,
0,260816,matched,MATCHED_Impulsive,Proposed_CA_CNN_RNND,3028,0.34114663675427437,0.27435269206762314,0.06679394422098994,
0,260816,matched,MATCHED_Impulsive,Proposed_CA_CNN_RNND,3029,0.23261478543281555,0.19594958052039146,0.03666520630940795,
0,260816,matched,MATCHED_Impulsive,Proposed_CA_CNN_RNND,3030,0.3975245952606201,0.31762202456593513,0.079902577213943,
0,260816,matched,MATCHED_Impulsive,Proposed_CA_CNN_RNND,3031,0.30577271804213524,0.2533084340393543,0.05246427748352289,
0,260816,matched,MATCHED_Impulsive,Proposed_CA_CNN_RNND,3032,0.37301933765411377,0.30194835364818573,0.07107098866254091,
0,260816,matched,MATCHED_Impulsive,Proposed_CA_CNN_RNND,3033,0.45620492845773697,0.3616455905139446,0.09455934027209878,
0,260816,matched,MATCHED_Impulsive,Proposed_CA_CNN_RNND,3034,0.3666650354862213,0.299465537071228,0.06719949375838041,
0,260816,matched,MATCHED_Impulsive,Proposed_CA_CNN_RNND,3035,0.3193022310733795,0.2627128027379513,0.05658942926675081,
0,260816,matched,MATCHED_Impulsive,Proposed_CA_CNN_RNND,3036,0.41321462392807007,0.3268257789313793,0.08638884406536818,
0,260816,matched,MATCHED_Impulsive,Proposed_CA_CNN_RNND,3037,0.383431825786829,0.3151480406522751,0.0682837744243443,
0,260816,matched,MATCHED_Impulsive,Proposed_CA_CNN_RNND,3038,0.25862112268805504,0.21351997554302216,0.04510115226730704,
0,260816,matched,MATCHED_Impulsive,Proposed_CA_CNN_RNND,3039,0.4140896126627922,0.3306382745504379,0.08345134370028973,
0,260816,matched,MATCHED_Impulsive,Proposed_CA_CNN_RNND,3040,0.3101123459637165,0.25178952142596245,0.058322816621512175,
0,260816,matched,MATCHED_Impulsive,Proposed_CA_CNN_RNND,3041,0.40871912986040115,0.3288286104798317,0.07989051472395658,
0,260816,matched,MATCHED_Impulsive,Proposed_CA_CNN_RNND,3042,0.3434489406645298,0.2773752696812153,0.06607366120442748,
0,260816,matched,MATCHED_Impulsive,Proposed_CA_CNN_RNND,3043,0.44016995280981064,0.3554050773382187,0.08476487174630165,
0,260816,matched,MATCHED_Impulsive,Proposed_CA_CNN_RNND,3044,0.3531481847167015,0.28258347883820534,0.07056470261886716,
0,260816,matched,MATCHED_Impulsive,Proposed_CA_CNN_RNND,3045,0.4622192233800888,0.3627236783504486,0.09949554177001119,
0,260816,matched,MATCHED_Impulsive,Proposed_CA_CNN_RNND,3046,0.38965872675180435,0.3155998960137367,0.07405884098261595,
0,260816,matched,MATCHED_Impulsive,Proposed_CA_CNN_RNND,3047,0.3704110346734524,0.2984258122742176,0.07198522612452507,
0,260816,matched,MATCHED_Impulsive,Proposed_CA_CNN_RNND,3048,0.35911383479833603,0.2922847457230091,0.06682908348739147,
0,260816,matched,MATCHED_Impulsive,Proposed_CA_CNN_RNND,3049,0.39164286851882935,0.31487343460321426,0.07676943764090538,
0,260816,matched,MATCHED_Impulsive,Proposed_CA_CNN_RNND,3050,0.45640912652015686,0.36641672253608704,0.08999240398406982,
0,260816,matched,MATCHED_Impulsive,Proposed_CA_CNN_RNND,3051,0.3723519667983055,0.2972831651568413,0.07506879791617393,
0,260816,matched,MATCHED_Impulsive,Proposed_CA_CNN_RNND,3052,0.36438947916030884,0.30126699060201645,0.06312249135226011,
0,260816,matched,MATCHED_Impulsive,Proposed_CA_CNN_RNND,3053,0.29927394911646843,0.24492137506604195,0.05435258150100708,
0,260816,matched,MATCHED_Impulsive,Proposed_CA_CNN_RNND,3054,0.2116447538137436,0.1767830140888691,0.03486174205318093,
0,260816,matched,MATCHED_Impulsive,Proposed_CA_CNN_RNND,3055,0.4424283243715763,0.35640447586774826,0.08602384757250547,
0,260816,matched,MATCHED_Impulsive,Proposed_CA_CNN_RNND,3056,0.36068839207291603,0.2917499393224716,0.06893844902515411,
0,260816,matched,MATCHED_Impulsive,Proposed_CA_CNN_RNND,3057,0.3140903040766716,0.260556235909462,0.053534068167209625,
0,260816,matched,MATCHED_Impulsive,Proposed_CA_CNN_RNND,3058,0.3624645173549652,0.2931419722735882,0.06932253809645772,
0,260816,matched,MATCHED_Impulsive,Proposed_CA_CNN_RNND,3059,0.311778262257576,0.24743051081895828,0.0643477481789887,
0,260816,matched,MATCHED_Impulsive,Proposed_CA_CNN_RNND,3060,0.25408828258514404,0.20773756504058838,0.04635071335360408,
0,260816,matched,MATCHED_Impulsive,Proposed_CA_CNN_RNND,3061,0.5083850547671318,0.40800240635871887,0.10038264095783234,
0,260816,matched,MATCHED_Impulsive,Proposed_CA_CNN_RNND,3062,0.26598740741610527,0.21729255467653275,0.04869485553354025,
0,260816,matched,MATCHED_Impulsive,Proposed_CA_CNN_RNND,3063,0.47615328431129456,0.3762187883257866,0.09993449412286282,
0,260816,matched,MATCHED_Impulsive,Proposed_CA_CNN_RNND,3064,0.46110035479068756,0.3603394441306591,0.10076091671362519,
0,260816,matched,MATCHED_Impulsive,Proposed_CA_CNN_RNND,3065,0.4012516997754574,0.3240087553858757,0.07724295277148485,
0,260816,matched,MATCHED_Impulsive,Proposed_CA_CNN_RNND,3066,0.47098907828330994,0.37652651965618134,0.094462551176548,
0,260816,matched,MATCHED_Impulsive,Proposed_CA_CNN_RNND,3067,0.4692109487950802,0.37333930656313896,0.09587164921686053,
0,260816,matched,MATCHED_Impulsive,Proposed_CA_CNN_RNND,3068,0.6025702208280563,0.4671337902545929,0.13543641567230225,
0,260816,matched,MATCHED_Impulsive,Proposed_CA_CNN_RNND,3069,0.4198368415236473,0.336162943392992,0.08367389626801014,
0,260816,matched,MATCHED_Impulsive,Proposed_CA_CNN_RNND,3070,0.45888349786400795,0.3624116778373718,0.09647180698812008,
0,260816,matched,MATCHED_Impulsive,Proposed_CA_CNN_RNND,3071,0.31158677488565445,0.2553931064903736,0.05619366746395826,
0,260816,matched,MATCHED_Impulsive,Proposed_CA_CNN_RNND,3072,0.3986922353506088,0.32338574528694153,0.07530648447573185,
0,260816,matched,MATCHED_Impulsive,Proposed_CA_CNN_RNND,3073,0.32763488963246346,0.2722396031022072,0.05539529025554657,
0,260816,matched,MATCHED_Impulsive,Proposed_CA_CNN_RNND,3074,0.4416510686278343,0.34901418909430504,0.09263688139617443,
0,260816,matched,MATCHED_Impulsive,Proposed_CA_CNN_RNND,3075,0.2556965947151184,0.21318382397294044,0.042512777261435986,
0,260816,matched,MATCHED_Impulsive,Proposed_CA_CNN_RNND,3076,0.506609283387661,0.39942386373877525,0.10718542477115989,
0,260816,matched,MATCHED_Impulsive,Proposed_CA_CNN_RNND,3077,0.3531321585178375,0.28589675575494766,0.06723540928214788,
0,260816,matched,MATCHED_Impulsive,Proposed_CA_CNN_RNND,3078,0.3513319417834282,0.28525419905781746,0.06607774645090103,
0,260816,matched,MATCHED_Impulsive,Proposed_CA_CNN_RNND,3079,0.4934837743639946,0.3935779370367527,0.09990584384649992,
0,260816,matched,MATCHED_Impulsive,Proposed_CA_CNN_RNND,3080,0.3238534703850746,0.2633076086640358,0.06054586544632912,
0,260816,matched,MATCHED_Impulsive,Proposed_CA_CNN_RNND,3081,0.4923728480935097,0.3959415331482887,0.09643132891505957,
0,260816,matched,MATCHED_Impulsive,Proposed_CA_CNN_RNND,3082,0.26547832414507866,0.22076842561364174,0.04470990039408207,
0,260816,matched,MATCHED_Impulsive,Proposed_CA_CNN_RNND,3083,0.24629614874720573,0.20739176869392395,0.038904383312910795,
0,260816,matched,MATCHED_Impulsive,Proposed_CA_CNN_RNND,3084,0.46060506254434586,0.370813213288784,0.08979184739291668,
0,260816,matched,MATCHED_Impulsive,Proposed_CA_CNN_RNND,3085,0.4103204235434532,0.3332417719066143,0.07707863859832287,
0,260816,matched,MATCHED_Impulsive,Proposed_CA_CNN_RNND,3086,0.53070879727602,0.4202294647693634,0.1104793269187212,
0,260816,matched,MATCHED_Impulsive,Proposed_CA_CNN_RNND,3087,0.49433881789445877,0.3919633775949478,0.10237544029951096,
0,260816,matched,MATCHED_Impulsive,Proposed_CA_CNN_RNND,3088,0.3455073721706867,0.2775461934506893,0.0679611754603684,
0,260816,matched,MATCHED_Impulsive,Proposed_CA_CNN_RNND,3089,0.4390805587172508,0.35049909725785255,0.08858145214617252,
0,260816,matched,MATCHED_Impulsive,Proposed_CA_CNN_RNND,3090,0.3005747050046921,0.24569284170866013,0.05488185957074165,
0,260816,matched,MATCHED_Impulsive,Proposed_CA_CNN_RNND,3091,0.35864729806780815,0.29359038919210434,0.06505691446363926,
0,260816,matched,MATCHED_Impulsive,Proposed_CA_CNN_RNND,3092,0.42517685145139694,0.33614765107631683,0.08902921481058002,
0,260816,matched,MATCHED_Impulsive,Proposed_CA_CNN_RNND,3093,0.4740891456604004,0.3720228224992752,0.10206631384789944,
0,260816,matched,MATCHED_Impulsive,Proposed_CA_CNN_RNND,3094,0.5161942765116692,0.40369825065135956,0.1124960258603096,
0,260816,matched,MATCHED_Impulsive,Proposed_CA_CNN_RNND,3095,0.30157919973134995,0.24562478810548782,0.05595441907644272,
0,260816,matched,MATCHED_Impulsive,Proposed_CA_CNN_RNND,3096,0.4506460949778557,0.35785654932260513,0.09278954192996025,
0,260816,matched,MATCHED_Impulsive,Proposed_CA_CNN_RNND,3097,0.37869633734226227,0.3073602095246315,0.07133613154292107,
0,260816,matched,MATCHED_Impulsive,Proposed_CA_CNN_RNND,3098,0.3015029840171337,0.24619686976075172,0.05530611239373684,
0,260816,matched,MATCHED_Impulsive,Proposed_CA_CNN_RNND,3099,0.35917508229613304,0.28613898903131485,0.07303609233349562,
0,260816,matched,MATCHED_Impulsive,Proposed_CA_CNN_RNND,3100,0.4619205445051193,0.3688497170805931,0.09307082742452621,
0,260816,matched,MATCHED_Impulsive,Proposed_CA_CNN_RNND,3101,0.47110380232334137,0.37561100348830223,0.09549279883503914,
0,260816,matched,MATCHED_Impulsive,Proposed_CA_CNN_RNND,3102,0.3924678899347782,0.3145594485104084,0.07790844887495041,
0,260816,matched,MATCHED_Impulsive,Proposed_CA_CNN_RNND,3103,0.29777953773736954,0.24528786540031433,0.052491672802716494,
0,260816,matched,MATCHED_Impulsive,Proposed_CA_CNN_RNND,3104,0.2625669427216053,0.2198338732123375,0.042733073234558105,
0,260816,matched,MATCHED_Impulsive,Proposed_CA_CNN_RNND,3105,0.3085249625146389,0.2590032145380974,0.04952174611389637,
0,260816,matched,MATCHED_Impulsive,Proposed_CA_CNN_RNND,3106,0.3049469627439976,0.25207241252064705,0.052874550223350525,
0,260816,matched,MATCHED_Impulsive,Proposed_CA_CNN_RNND,3107,0.6512917131185532,0.498258501291275,0.15303321741521358,
0,260816,matched,MATCHED_Impulsive,Proposed_CA_CNN_RNND,3108,0.388213399797678,0.3142731487751007,0.07394024915993214,
0,260816,matched,MATCHED_Impulsive,Proposed_CA_CNN_RNND,3109,0.39464008808135986,0.3171437941491604,0.07749630138278008,
0,260816,matched,MATCHED_Impulsive,Proposed_CA_CNN_RNND,3110,0.4882534518837929,0.3834659308195114,0.10478753037750721,
0,260816,matched,MATCHED_Impulsive,Proposed_CA_CNN_RNND,3111,0.47551535815000534,0.37302878499031067,0.10248656570911407,
0,260816,matched,MATCHED_Impulsive,Proposed_CA_CNN_RNND,3112,0.283115416765213,0.2375299148261547,0.04558550752699375,
0,260816,matched,MATCHED_Impulsive,Proposed_CA_CNN_RNND,3113,0.3271341696381569,0.2711476609110832,0.05598651431500912,
0,260816,matched,MATCHED_Impulsive,Proposed_CA_CNN_RNND,3114,0.2478403076529503,0.21285884454846382,0.03498146776109934,
0,260816,matched,MATCHED_Impulsive,Proposed_CA_CNN_RNND,3115,0.3923722431063652,0.30946291983127594,0.082909329328686,
0,260816,matched,MATCHED_Impulsive,Proposed_CA_CNN_RNND,3116,0.19848328828811646,0.16814489662647247,0.03033838840201497,
0,260816,matched,MATCHED_Impulsive,Proposed_CA_CNN_RNND,3117,0.37953681126236916,0.3058718517422676,0.07366496045142412,
0,260816,matched,MATCHED_Impulsive,Proposed_CA_CNN_RNND,3118,0.34120266139507294,0.28272324055433273,0.05847941804677248,
0,260816,matched,MATCHED_Impulsive,Proposed_CA_CNN_RNND,3119,0.4710153564810753,0.3733242601156235,0.09769110195338726,
0,260816,matched,MATCHED_Impulsive,Proposed_CA_CNN_RNND,3120,0.4149189665913582,0.33157647773623466,0.08334249071776867,
0,260816,matched,MATCHED_Impulsive,Proposed_CA_CNN_RNND,3121,0.3633567839860916,0.2943944185972214,0.06896235514432192,
0,260816,matched,MATCHED_Impulsive,Proposed_CA_CNN_RNND,3122,0.3098484165966511,0.25221291929483414,0.05763549078255892,
0,260816,matched,MATCHED_Impulsive,Proposed_CA_CNN_RNND,3123,0.3661963529884815,0.2997840940952301,0.06641225703060627,
0,260816,matched,MATCHED_Impulsive,Proposed_CA_CNN_RNND,3124,0.496970996260643,0.38671619445085526,0.1102547999471426,
0,260816,matched,MATCHED_Impulsive,Proposed_CA_CNN_RNND,3125,0.31131986901164055,0.2587278299033642,0.05259204702451825,
0,260816,matched,MATCHED_Impulsive,Proposed_CA_CNN_RNND,3126,0.47506317496299744,0.3736495226621628,0.10141364578157663,
0,260816,matched,MATCHED_Impulsive,Proposed_CA_CNN_RNND,3127,0.3561692647635937,0.2933981344103813,0.06277112569659948,
0,260816,matched,MATCHED_Impulsive,Proposed_CA_CNN_RNND,3128,0.30439869314432144,0.2465779036283493,0.05782079650089145,
0,260816,matched,MATCHED_Impulsive,Proposed_CA_CNN_RNND,3129,0.38653312623500824,0.3134750798344612,0.07305804174393415,
0,260816,matched,MATCHED_Impulsive,Proposed_CA_CNN_RNND,3130,0.30016152188181877,0.24841810390353203,0.05174342356622219,
0,260816,matched,MATCHED_Impulsive,Proposed_CA_CNN_RNND,3131,0.4261372275650501,0.3419797420501709,0.08415748085826635,
0,260816,matched,MATCHED_Impulsive,Proposed_CA_CNN_RNND,3132,0.4183395206928253,0.3302856758236885,0.08805384114384651,
0,260816,matched,MATCHED_Impulsive,Proposed_CA_CNN_RNND,3133,0.5063248798251152,0.4004168137907982,0.10590806975960732,
0,260816,matched,MATCHED_Impulsive,Proposed_CA_CNN_RNND,3134,0.4437868744134903,0.3596549369394779,0.08413193374872208,
0,260816,matched,MATCHED_Impulsive,Proposed_CA_CNN_RNND,3135,0.5380121469497681,0.43350574374198914,0.10450641065835953,
0,260816,matched,MATCHED_Impulsive,Proposed_CA_CNN_RNND,3136,0.3814837485551834,0.3092600181698799,0.0722237266600132,
0,260816,matched,MATCHED_Impulsive,Proposed_CA_CNN_RNND,3137,0.3176310546696186,0.2599027417600155,0.05772831570357084,
0,260816,matched,MATCHED_Impulsive,Proposed_CA_CNN_RNND,3138,0.4649449735879898,0.3742106780409813,0.09073430579155684,
0,260816,matched,MATCHED_Impulsive,Proposed_CA_CNN_RNND,3139,0.4379480704665184,0.3559848591685295,0.0819632075726986,
0,260816,matched,MATCHED_Impulsive,Proposed_CA_CNN_RNND,3140,0.42767396569252014,0.336310226470232,0.09136374341323972,
0,260816,matched,MATCHED_Impulsive,Proposed_CA_CNN_RNND,3141,0.39403869956731796,0.32737230509519577,0.06666639819741249,
0,260816,matched,MATCHED_Impulsive,Proposed_CA_CNN_RNND,3142,0.3251955285668373,0.2643119990825653,0.060883529484272,
0,260816,matched,MATCHED_Impulsive,Proposed_CA_CNN_RNND,3143,0.33455632254481316,0.27089671418070793,0.06365960137918591,
0,260816,matched,MATCHED_Impulsive,Proposed_CA_CNN_RNND,3144,0.39227818697690964,0.3126756176352501,0.07960257213562727,
0,260816,matched,MATCHED_Impulsive,Proposed_CA_CNN_RNND,3145,0.44558122754096985,0.36010174453258514,0.0854794830083847,
0,260816,matched,MATCHED_Impulsive,Proposed_CA_CNN_RNND,3146,0.28543226048350334,0.23727534338831902,0.04815691243857145,
0,260816,matched,MATCHED_Impulsive,Proposed_CA_CNN_RNND,3147,0.4920129328966141,0.38501040637493134,0.10700253210961819,
0,260816,matched,MATCHED_Impulsive,Proposed_CA_CNN_RNND,3148,0.3136407695710659,0.2601969726383686,0.05344380112364888,
0,260816,matched,MATCHED_Impulsive,Proposed_CA_CNN_RNND,3149,0.34843946620821953,0.28189919888973236,0.06654026499018073,
0,260816,matched,MATCHED_Impulsive,Proposed_CA_CNN_RNND,3150,0.45195209234952927,0.36425843089818954,0.08769365586340427,
0,260816,matched,MATCHED_Impulsive,Proposed_CA_CNN_RNND,3151,0.5357607081532478,0.4203268215060234,0.11543388105928898,
0,260816,matched,MATCHED_Impulsive,Proposed_CA_CNN_RNND,3152,0.5448328927159309,0.4309862554073334,0.11384663358330727,
0,260816,matched,MATCHED_Impulsive,Proposed_CA_CNN_RNND,3153,0.40730565041303635,0.327585831284523,0.07971982937306166,
0,260816,matched,MATCHED_Impulsive,Proposed_CA_CNN_RNND,3154,0.34057705476880074,0.2817988209426403,0.05877822916954756,
0,260816,matched,MATCHED_Impulsive,Proposed_CA_CNN_RNND,3155,0.493686206638813,0.39257703348994255,0.10110917966812849,
0,260816,matched,MATCHED_Impulsive,Proposed_CA_CNN_RNND,3156,0.3638305366039276,0.2991052120923996,0.06472533009946346,
0,260816,matched,MATCHED_Impulsive,Proposed_CA_CNN_RNND,3157,0.42090851813554764,0.34022361785173416,0.08068490494042635,
0,260816,matched,MATCHED_Impulsive,Proposed_CA_CNN_RNND,3158,0.355227991938591,0.28767120838165283,0.06755678914487362,
0,260816,matched,MATCHED_Impulsive,Proposed_CA_CNN_RNND,3159,0.3594799116253853,0.28809504956007004,0.07138486951589584,
0,260816,matched,MATCHED_Impulsive,Proposed_CA_CNN_RNND,3160,0.4165455438196659,0.3341694325208664,0.08237610384821892,
0,260816,matched,MATCHED_Impulsive,Proposed_CA_CNN_RNND,3161,0.5397097617387772,0.42463774234056473,0.11507201567292213,
0,260816,matched,MATCHED_Impulsive,Proposed_CA_CNN_RNND,3162,0.32797767221927643,0.2744409069418907,0.05353675875812769,
0,260816,matched,MATCHED_Impulsive,Proposed_CA_CNN_RNND,3163,0.2869410291314125,0.23604032769799232,0.05090069863945246,
0,260816,matched,MATCHED_Impulsive,Proposed_CA_CNN_RNND,3164,0.2696315236389637,0.22781390324234962,0.041817625518888235,
0,260816,matched,MATCHED_Impulsive,Proposed_CA_CNN_RNND,3165,0.45951496809720993,0.36784833669662476,0.091666623018682,
0,260816,matched,MATCHED_Impulsive,Proposed_CA_CNN_RNND,3166,0.4403349533677101,0.35539717972278595,0.08493777923285961,
0,260816,matched,MATCHED_Impulsive,Proposed_CA_CNN_RNND,3167,0.55357675999403,0.44421008229255676,0.10936666838824749,
0,260816,matched,MATCHED_Impulsive,Proposed_CA_CNN_RNND,3168,0.41820935904979706,0.3373355604708195,0.08087380137294531,
0,260816,matched,MATCHED_Impulsive,Proposed_CA_CNN_RNND,3169,0.60490333288908,0.4779342710971832,0.12696906831115484,
0,260816,matched,MATCHED_Impulsive,Proposed_CA_CNN_RNND,3170,0.28764578327536583,0.23853274062275887,0.049113042652606964,
0,260816,matched,MATCHED_Impulsive,Proposed_CA_CNN_RNND,3171,0.5115838721394539,0.40528129041194916,0.10630257800221443,
0,260816,matched,MATCHED_Impulsive,Proposed_CA_CNN_RNND,3172,0.33099549263715744,0.27350205928087234,0.057493431493639946,
0,260816,matched,MATCHED_Impulsive,Proposed_CA_CNN_RNND,3173,0.42137814685702324,0.332650363445282,0.08872778248041868,
0,260816,matched,MATCHED_Impulsive,Proposed_CA_CNN_RNND,3174,0.39037273824214935,0.31354907900094986,0.0768236517906189,
0,260816,matched,MATCHED_Impulsive,Proposed_CA_CNN_RNND,3175,0.32783229649066925,0.26758333668112755,0.0602489598095417,
0,260816,matched,MATCHED_Impulsive,Proposed_CA_CNN_RNND,3176,0.533956453204155,0.42237570881843567,0.11158074764534831,
0,260816,matched,MATCHED_Impulsive,Proposed_CA_CNN_RNND,3177,0.37852538004517555,0.30673733353614807,0.07178805489093065,
0,260816,matched,MATCHED_Impulsive,Proposed_CA_CNN_RNND,3178,0.3554197959601879,0.2908203601837158,0.06459943298250437,
0,260816,matched,MATCHED_Impulsive,Proposed_CA_CNN_RNND,3179,0.4734264947474003,0.37037666141986847,0.10304983472451568,
0,260816,matched,MATCHED_Impulsive,Proposed_CA_CNN_RNND,3180,0.544125147163868,0.41952770575881004,0.12459743022918701,
0,260816,matched,MATCHED_Impulsive,Proposed_CA_CNN_RNND,3181,0.40789052844047546,0.32312755286693573,0.08476297743618488,
0,260816,matched,MATCHED_Impulsive,Proposed_CA_CNN_RNND,3182,0.4322805404663086,0.3443209156394005,0.08795962389558554,
0,260816,matched,MATCHED_Impulsive,Proposed_CA_CNN_RNND,3183,0.47198551893234253,0.38127177208662033,0.09071375988423824,
0,260816,matched,MATCHED_Impulsive,Proposed_CA_CNN_RNND,3184,0.48132123053073883,0.38281170278787613,0.0985095202922821,
0,260816,matched,MATCHED_Impulsive,Proposed_CA_CNN_RNND,3185,0.4631386697292328,0.37257152050733566,0.09056713990867138,
0,260816,matched,MATCHED_Impulsive,Proposed_CA_CNN_RNND,3186,0.29989948868751526,0.24880345165729523,0.05109603609889746,
0,260816,matched,MATCHED_Impulsive,Proposed_CA_CNN_RNND,3187,0.4197268411517143,0.33523455262184143,0.08449229132384062,
0,260816,matched,MATCHED_Impulsive,Proposed_CA_CNN_RNND,3188,0.4385887086391449,0.3481064438819885,0.09048225823789835,
0,260816,matched,MATCHED_Impulsive,Proposed_CA_CNN_RNND,3189,0.2833485081791878,0.23612623661756516,0.047222263645380735,
0,260816,matched,MATCHED_Impulsive,Proposed_CA_CNN_RNND,3190,0.2793879136443138,0.23282384872436523,0.046564058400690556,
0,260816,matched,MATCHED_Impulsive,Proposed_CA_CNN_RNND,3191,0.3481769300997257,0.27975863218307495,0.06841830816119909,
0,260816,matched,MATCHED_Impulsive,Proposed_CA_CNN_RNND,3192,0.3337767459452152,0.27456920221447945,0.05920754745602608,
0,260816,matched,MATCHED_Impulsive,Proposed_CA_CNN_RNND,3193,0.22812720760703087,0.19582000747323036,0.03230720432475209,
0,260816,matched,MATCHED_Impulsive,Proposed_CA_CNN_RNND,3194,0.3762921094894409,0.30471136420965195,0.07158075366169214,
0,260816,matched,MATCHED_Impulsive,Proposed_CA_CNN_RNND,3195,0.4607025012373924,0.36554621905088425,0.0951562812551856,
0,260816,matched,MATCHED_Impulsive,Proposed_CA_CNN_RNND,3196,0.4362424910068512,0.3508017808198929,0.08544069901108742,
0,260816,matched,MATCHED_Impulsive,Proposed_CA_CNN_RNND,3197,0.32417575269937515,0.2696659415960312,0.054509809240698814,
0,260816,matched,MATCHED_Impulsive,Proposed_CA_CNN_RNND,3198,0.43099160492420197,0.3489842712879181,0.08200733922421932,
0,260816,matched,MATCHED_Impulsive,Proposed_CA_CNN_RNND,3199,0.3299275040626526,0.26632119715213776,0.06360630691051483,
0,260816,matched,MATCHED_Impulsive,Proposed_CA_CNN_RNND,3200,0.34203125536441803,0.2788069359958172,0.06322431098669767,-0.9803619489364808
0,260816,matched,MATCHED_Impulsive,Proposed_CA_CNN_RNND,3201,0.31832680851221085,0.2639288976788521,0.054397922940552235,
0,260816,matched,MATCHED_Impulsive,Proposed_CA_CNN_RNND,3202,0.38179589435458183,0.30919212847948074,0.07260376401245594,
0,260816,matched,MATCHED_Impulsive,Proposed_CA_CNN_RNND,3203,0.28700343519449234,0.2337234653532505,0.05327996239066124,
0,260816,matched,MATCHED_Impulsive,Proposed_CA_CNN_RNND,3204,0.44948266446590424,0.3692823797464371,0.08020028565078974,
0,260816,matched,MATCHED_Impulsive,Proposed_CA_CNN_RNND,3205,0.36737335100769997,0.299982700496912,0.0673906453885138,
0,260816,matched,MATCHED_Impulsive,Proposed_CA_CNN_RNND,3206,0.3398972153663635,0.27882257103919983,0.061074644792824984,
0,260816,matched,MATCHED_Impulsive,Proposed_CA_CNN_RNND,3207,0.43094708770513535,0.3427046537399292,0.08824243396520615,
0,260816,matched,MATCHED_Impulsive,Proposed_CA_CNN_RNND,3208,0.4014604836702347,0.32900987192988396,0.0724506201222539,
0,260816,matched,MATCHED_Impulsive,Proposed_CA_CNN_RNND,3209,0.4482097029685974,0.3591305986046791,0.08907910343259573,
0,260816,matched,MATCHED_Impulsive,Proposed_CA_CNN_RNND,3210,0.2837451696395874,0.24325716868042946,0.04048800002783537,
0,260816,matched,MATCHED_Impulsive,Proposed_CA_CNN_RNND,3211,0.3027336709201336,0.2517263740301132,0.05100729921832681,
0,260816,matched,MATCHED_Impulsive,Proposed_CA_CNN_RNND,3212,0.5196043327450752,0.41136419028043747,0.1082401443272829,
0,260816,matched,MATCHED_Impulsive,Proposed_CA_CNN_RNND,3213,0.34511711820960045,0.2845771871507168,0.06053992686793208,
0,260816,matched,MATCHED_Impulsive,Proposed_CA_CNN_RNND,3214,0.2825230173766613,0.23650211468338966,0.04602089850232005,
0,260816,matched,MATCHED_Impulsive,Proposed_CA_CNN_RNND,3215,0.38902637362480164,0.3083989806473255,0.08062738832086325,
0,260816,matched,MATCHED_Impulsive,Proposed_CA_CNN_RNND,3216,0.34659115970134735,0.28253259137272835,0.06405857112258673,
0,260816,matched,MATCHED_Impulsive,Proposed_CA_CNN_RNND,3217,0.26076236367225647,0.22057214751839638,0.040190215688198805,
0,260816,matched,MATCHED_Impulsive,Proposed_CA_CNN_RNND,3218,0.25357434153556824,0.21978852525353432,0.03378581628203392,
0,260816,matched,MATCHED_Impulsive,Proposed_CA_CNN_RNND,3219,0.3300778269767761,0.2744518108665943,0.05562602076679468,
0,260816,matched,MATCHED_Impulsive,Proposed_CA_CNN_RNND,3220,0.4618436172604561,0.36878541857004166,0.09305819869041443,
0,260816,matched,MATCHED_Impulsive,Proposed_CA_CNN_RNND,3221,0.48546166718006134,0.38464581966400146,0.10081585682928562,
0,260816,matched,MATCHED_Impulsive,Proposed_CA_CNN_RNND,3222,0.40726492553949356,0.3268430419266224,0.0804218864068389,
0,260816,matched,MATCHED_Impulsive,Proposed_CA_CNN_RNND,3223,0.5003530234098434,0.4016360640525818,0.09871695749461651,
0,260816,matched,MATCHED_Impulsive,Proposed_CA_CNN_RNND,3224,0.47517772391438484,0.3750601038336754,0.10011761542409658,
0,260816,matched,MATCHED_Impulsive,Proposed_CA_CNN_RNND,3225,0.33012770488858223,0.27071117237210274,0.05941653624176979,
0,260816,matched,MATCHED_Impulsive,Proposed_CA_CNN_RNND,3226,0.4669904410839081,0.37421372532844543,0.09277671109884977,
0,260816,matched,MATCHED_Impulsive,Proposed_CA_CNN_RNND,3227,0.3687390387058258,0.29911312460899353,0.06962591130286455,
0,260816,matched,MATCHED_Impulsive,Proposed_CA_CNN_RNND,3228,0.5550155490636826,0.4422714337706566,0.11274410784244537,
0,260816,matched,MATCHED_Impulsive,Proposed_CA_CNN_RNND,3229,0.441837802529335,0.3578629195690155,0.08397488668560982,
0,260816,matched,MATCHED_Impulsive,Proposed_CA_CNN_RNND,3230,0.5364117547869682,0.4234737679362297,0.11293798824772239,
0,260816,matched,MATCHED_Impulsive,Proposed_CA_CNN_RNND,3231,0.4104996994137764,0.32706859707832336,0.08343110233545303,
0,260816,matched,MATCHED_Impulsive,Proposed_CA_CNN_RNND,3232,0.38043082132935524,0.31622255593538284,0.06420826306566596,
0,260816,matched,MATCHED_Impulsive,Proposed_CA_CNN_RNND,3233,0.34670037031173706,0.28791411221027374,0.058786261826753616,
0,260816,matched,MATCHED_Impulsive,Proposed_CA_CNN_RNND,3234,0.42196250706911087,0.341604370623827,0.08035812713205814,
0,260816,matched,MATCHED_Impulsive,Proposed_CA_CNN_RNND,3235,0.39802100509405136,0.3228539936244488,0.07516702357679605,
0,260816,matched,MATCHED_Impulsive,Proposed_CA_CNN_RNND,3236,0.32231084629893303,0.26780011877417564,0.054510727524757385,
0,260816,matched,MATCHED_Impulsive,Proposed_CA_CNN_RNND,3237,0.4834287092089653,0.3886430487036705,0.0947856642305851,
0,260816,matched,MATCHED_Impulsive,Proposed_CA_CNN_RNND,3238,0.2684127800166607,0.22992604225873947,0.03848674334585667,
0,260816,matched,MATCHED_Impulsive,Proposed_CA_CNN_RNND,3239,0.5034487247467041,0.39973799884319305,0.10371073242276907,
0,260816,matched,MATCHED_Impulsive,Proposed_CA_CNN_RNND,3240,0.3365325778722763,0.2768625468015671,0.059670036658644676,
0,260816,matched,MATCHED_Impulsive,Proposed_CA_CNN_RNND,3241,0.5392239093780518,0.42684313654899597,0.11238077282905579,
0,260816,matched,MATCHED_Impulsive,Proposed_CA_CNN_RNND,3242,0.37279368191957474,0.30045684054493904,0.07233684230595827,
0,260816,matched,MATCHED_Impulsive,Proposed_CA_CNN_RNND,3243,0.4511660598218441,0.3608369827270508,0.09032907104119658,
0,260816,matched,MATCHED_Impulsive,Proposed_CA_CNN_RNND,3244,0.4086943157017231,0.3286712057888508,0.08002311736345291,
0,260816,matched,MATCHED_Impulsive,Proposed_CA_CNN_RNND,3245,0.34711872041225433,0.27897370234131813,0.06814502272754908,
0,260816,matched,MATCHED_Impulsive,Proposed_CA_CNN_RNND,3246,0.3247879184782505,0.26813872903585434,0.05664919689297676,
0,260816,matched,MATCHED_Impulsive,Proposed_CA_CNN_RNND,3247,0.4229849725961685,0.33937282115221024,0.08361216075718403,
0,260816,matched,MATCHED_Impulsive,Proposed_CA_CNN_RNND,3248,0.39492450654506683,0.31185482442379,0.08306968305259943,
0,260816,matched,MATCHED_Impulsive,Proposed_CA_CNN_RNND,3249,0.2997325621545315,0.24662821367383003,0.05310434987768531,
0,260816,matched,MATCHED_Impulsive,Proposed_CA_CNN_RNND,3250,0.35973329842090607,0.2899177148938179,0.06981558166444302,
0,260816,matched,MATCHED_Impulsive,Proposed_CA_CNN_RNND,3251,0.41460566967725754,0.3394748121500015,0.07513085473328829,
0,260816,matched,MATCHED_Impulsive,Proposed_CA_CNN_RNND,3252,0.41686392575502396,0.337380338460207,0.079483597073704,
0,260816,matched,MATCHED_Impulsive,Proposed_CA_CNN_RNND,3253,0.39911285787820816,0.32437556982040405,0.07473728153854609,
0,260816,matched,MATCHED_Impulsive,Proposed_CA_CNN_RNND,3254,0.3715580925345421,0.30430735647678375,0.06725073233246803,
0,260816,matched,MATCHED_Impulsive,Proposed_CA_CNN_RNND,3255,0.29414138570427895,0.24600651115179062,0.048134876415133476,
0,260816,matched,MATCHED_Impulsive,Proposed_CA_CNN_RNND,3256,0.3949965462088585,0.32142623513936996,0.07357032364234328,
0,260816,matched,MATCHED_Impulsive,Proposed_CA_CNN_RNND,3257,0.261539563536644,0.2143150418996811,0.04722451511770487,
0,260816,matched,MATCHED_Impulsive,Proposed_CA_CNN_RNND,3258,0.4190746322274208,0.34259258210659027,0.07648205943405628,
0,260816,matched,MATCHED_Impulsive,Proposed_CA_CNN_RNND,3259,0.4608318880200386,0.3735770434141159,0.08725484274327755,
0,260816,matched,MATCHED_Impulsive,Proposed_CA_CNN_RNND,3260,0.46237456053495407,0.36025233566761017,0.1021222323179245,
0,260816,matched,MATCHED_Impulsive,Proposed_CA_CNN_RNND,3261,0.37215739116072655,0.30933139845728874,0.06282598548568785,
0,260816,matched,MATCHED_Impulsive,Proposed_CA_CNN_RNND,3262,0.3826183117926121,0.31212788075208664,0.07049043010920286,
0,260816,matched,MATCHED_Impulsive,Proposed_CA_CNN_RNND,3263,0.44245076924562454,0.35570022091269493,0.08675055112689734,
0,260816,matched,MATCHED_Impulsive,Proposed_CA_CNN_RNND,3264,0.501438818871975,0.3953338861465454,0.10610492900013924,
0,260816,matched,MATCHED_Impulsive,Proposed_CA_CNN_RNND,3265,0.35698994994163513,0.2952575534582138,0.06173240207135677,
0,260816,matched,MATCHED_Impulsive,Proposed_CA_CNN_RNND,3266,0.38389071077108383,0.3126634657382965,0.07122724317014217,
0,260816,matched,MATCHED_Impulsive,Proposed_CA_CNN_RNND,3267,0.4464209973812103,0.36112434417009354,0.08529664948582649,
0,260816,matched,MATCHED_Impulsive,Proposed_CA_CNN_RNND,3268,0.35511502996087074,0.2876960262656212,0.06741899717599154,
0,260816,matched,MATCHED_Impulsive,Proposed_CA_CNN_RNND,3269,0.44836966693401337,0.35360249876976013,0.09476716723293066,
0,260816,matched,MATCHED_Impulsive,Proposed_CA_CNN_RNND,3270,0.31768079847097397,0.26117244735360146,0.05650834832340479,
0,260816,matched,MATCHED_Impulsive,Proposed_CA_CNN_RNND,3271,0.5536064952611923,0.44116535782814026,0.11244112998247147,
0,260816,matched,MATCHED_Impulsive,Proposed_CA_CNN_RNND,3272,0.45343899726867676,0.36524663120508194,0.08819236233830452,
0,260816,matched,MATCHED_Impulsive,Proposed_CA_CNN_RNND,3273,0.4433656558394432,0.35920682549476624,0.08415883779525757,
0,260816,matched,MATCHED_Impulsive,Proposed_CA_CNN_RNND,3274,0.3616224452853203,0.2917451709508896,0.06987727340310812,
0,260816,matched,MATCHED_Impulsive,Proposed_CA_CNN_RNND,3275,0.4236965924501419,0.33881910890340805,0.0848774928599596,
0,260816,matched,MATCHED_Impulsive,Proposed_CA_CNN_RNND,3276,0.5039208084344864,0.40266284346580505,0.10125796496868134,
0,260816,matched,MATCHED_Impulsive,Proposed_CA_CNN_RNND,3277,0.3934210427105427,0.3214698061347008,0.07195123983547091,
0,260816,matched,MATCHED_Impulsive,Proposed_CA_CNN_RNND,3278,0.38924364000558853,0.31494930014014244,0.07429433893412352,
0,260816,matched,MATCHED_Impulsive,Proposed_CA_CNN_RNND,3279,0.24082094803452492,0.20459139347076416,0.03622955549508333,
0,260816,matched,MATCHED_Impulsive,Proposed_CA_CNN_RNND,3280,0.4410952106118202,0.3470021151006222,0.09409309457987547,
0,260816,matched,MATCHED_Impulsive,Proposed_CA_CNN_RNND,3281,0.4099317006766796,0.3258564732968807,0.0840752231888473,
0,260816,matched,MATCHED_Impulsive,Proposed_CA_CNN_RNND,3282,0.4265693575143814,0.3371962383389473,0.08937312290072441,
0,260816,matched,MATCHED_Impulsive,Proposed_CA_CNN_RNND,3283,0.3645780272781849,0.2939906157553196,0.07058741245418787,
0,260816,matched,MATCHED_Impulsive,Proposed_CA_CNN_RNND,3284,0.41122055798768997,0.3327685594558716,0.07845198921859264,
0,260816,matched,MATCHED_Impulsive,Proposed_CA_CNN_RNND,3285,0.33601435646414757,0.27640288323163986,0.05961147882044315,
0,260816,matched,MATCHED_Impulsive,Proposed_CA_CNN_RNND,3286,0.519638866186142,0.4159517288208008,0.10368713457137346,
0,260816,matched,MATCHED_Impulsive,Proposed_CA_CNN_RNND,3287,0.4748316705226898,0.37794478237628937,0.0968868862837553,
0,260816,matched,MATCHED_Impulsive,Proposed_CA_CNN_RNND,3288,0.46240775287151337,0.3741494044661522,0.08825834840536118,
0,260816,matched,MATCHED_Impulsive,Proposed_CA_CNN_RNND,3289,0.33588340133428574,0.27631570398807526,0.0595677038654685,
0,260816,matched,MATCHED_Impulsive,Proposed_CA_CNN_RNND,3290,0.32161733880639076,0.2655293792486191,0.05608795955777168,
0,260816,matched,MATCHED_Impulsive,Proposed_CA_CNN_RNND,3291,0.5381732732057571,0.4244024008512497,0.11377088539302349,
0,260816,matched,MATCHED_Impulsive,Proposed_CA_CNN_RNND,3292,0.37518367171287537,0.3043026104569435,0.07088104821741581,
0,260816,matched,MATCHED_Impulsive,Proposed_CA_CNN_RNND,3293,0.4119941294193268,0.34052761271595955,0.07146652042865753,
0,260816,matched,MATCHED_Impulsive,Proposed_CA_CNN_RNND,3294,0.4392044097185135,0.3512503281235695,0.08795409370213747,
0,260816,matched,MATCHED_Impulsive,Proposed_CA_CNN_RNND,3295,0.3410511910915375,0.27922090142965317,0.06183029431849718,
0,260816,matched,MATCHED_Impulsive,Proposed_CA_CNN_RNND,3296,0.4301796704530716,0.3372422568500042,0.09293741639703512,
0,260816,matched,MATCHED_Impulsive,Proposed_CA_CNN_RNND,3297,0.49531614780426025,0.3934982866048813,0.10181786864995956,
0,260816,matched,MATCHED_Impulsive,Proposed_CA_CNN_RNND,3298,0.2835742011666298,0.23616066947579384,0.04741353075951338,
0,260816,matched,MATCHED_Impulsive,Proposed_CA_CNN_RNND,3299,0.3723110929131508,0.3003421276807785,0.07196896523237228,
0,260816,matched,MATCHED_Impulsive,Proposed_CA_CNN_RNND,3300,0.3270425535738468,0.26419294625520706,0.06284960638731718,
0,260816,matched,MATCHED_Impulsive,Proposed_CA_CNN_RNND,3301,0.3288579545915127,0.2617083787918091,0.06714957486838102,
0,260816,matched,MATCHED_Impulsive,Proposed_CA_CNN_RNND,3302,0.3358430676162243,0.2718034200370312,0.06403964105993509,
0,260816,matched,MATCHED_Impulsive,Proposed_CA_CNN_RNND,3303,0.4883592687547207,0.3851552829146385,0.10320398211479187,
0,260816,matched,MATCHED_Impulsive,Proposed_CA_CNN_RNND,3304,0.24572014063596725,0.21045375242829323,0.03526639472693205,
0,260816,matched,MATCHED_Impulsive,Proposed_CA_CNN_RNND,3305,0.3431691601872444,0.27894697338342667,0.06422218633815646,
0,260816,matched,MATCHED_Impulsive,Proposed_CA_CNN_RNND,3306,0.36184461042284966,0.29377307929098606,0.06807153578847647,
0,260816,matched,MATCHED_Impulsive,Proposed_CA_CNN_RNND,3307,0.44888342916965485,0.35748375207185745,0.09139968641102314,
0,260816,matched,MATCHED_Impulsive,Proposed_CA_CNN_RNND,3308,0.3874884881079197,0.3119710870087147,0.07551739690825343,
0,260816,matched,MATCHED_Impulsive,Proposed_CA_CNN_RNND,3309,0.2866256348788738,0.2374403104186058,0.04918531794101,
0,260816,matched,MATCHED_Impulsive,Proposed_CA_CNN_RNND,3310,0.3205905556678772,0.2668985426425934,0.05369200836867094,
0,260816,matched,MATCHED_Impulsive,Proposed_CA_CNN_RNND,3311,0.42685697972774506,0.3455047458410263,0.0813522431999445,
0,260816,matched,MATCHED_Impulsive,Proposed_CA_CNN_RNND,3312,0.3472851775586605,0.2871965952217579,0.06008858233690262,
0,260816,matched,MATCHED_Impulsive,Proposed_CA_CNN_RNND,3313,0.5209769308567047,0.4093822166323662,0.11159470677375793,
0,260816,matched,MATCHED_Impulsive,Proposed_CA_CNN_RNND,3314,0.6596029698848724,0.5138368904590607,0.14576606079936028,
0,260816,matched,MATCHED_Impulsive,Proposed_CA_CNN_RNND,3315,0.44870124757289886,0.35745567828416824,0.09124556742608547,
0,260816,matched,MATCHED_Impulsive,Proposed_CA_CNN_RNND,3316,0.37127720937132835,0.30002935975790024,0.07124785706400871,
0,260816,matched,MATCHED_Impulsive,Proposed_CA_CNN_RNND,3317,0.3357655666768551,0.2777622602880001,0.058003309182822704,
0,260816,matched,MATCHED_Impulsive,Proposed_CA_CNN_RNND,3318,0.3478628396987915,0.28726086020469666,0.06060197111219168,
0,260816,matched,MATCHED_Impulsive,Proposed_CA_CNN_RNND,3319,0.41894764825701714,0.3391319140791893,0.07981573650613427,
0,260816,matched,MATCHED_Impulsive,Proposed_CA_CNN_RNND,3320,0.39437736943364143,0.3224976807832718,0.07187968865036964,
0,260816,matched,MATCHED_Impulsive,Proposed_CA_CNN_RNND,3321,0.36293334513902664,0.29373859614133835,0.06919475831091404,
0,260816,matched,MATCHED_Impulsive,Proposed_CA_CNN_RNND,3322,0.5770077109336853,0.4552699699997902,0.12173773720860481,
0,260816,matched,MATCHED_Impulsive,Proposed_CA_CNN_RNND,3323,0.5675887390971184,0.4457518681883812,0.12183687835931778,
0,260816,matched,MATCHED_Impulsive,Proposed_CA_CNN_RNND,3324,0.4222455061972141,0.3388187289237976,0.08342678798362613,
0,260816,matched,MATCHED_Impulsive,Proposed_CA_CNN_RNND,3325,0.5445106327533722,0.4349270910024643,0.1095835454761982,
0,260816,matched,MATCHED_Impulsive,Proposed_CA_CNN_RNND,3326,0.49897105246782303,0.3949139825999737,0.10405706334859133,
0,260816,matched,MATCHED_Impulsive,Proposed_CA_CNN_RNND,3327,0.38842665404081345,0.31488020718097687,0.0735464496538043,
0,260816,matched,MATCHED_Impulsive,Proposed_CA_CNN_RNND,3328,0.5212836265563965,0.4173649065196514,0.10391870909370482,
0,260816,matched,MATCHED_Impulsive,Proposed_CA_CNN_RNND,3329,0.3793093338608742,0.30318683385849,0.07612250931560993,
0,260816,matched,MATCHED_Impulsive,Proposed_CA_CNN_RNND,3330,0.3272315375506878,0.26883689686656,0.058394641149789095,
0,260816,matched,MATCHED_Impulsive,Proposed_CA_CNN_RNND,3331,0.4707682952284813,0.3822759762406349,0.08849231898784637,
0,260816,matched,MATCHED_Impulsive,Proposed_CA_CNN_RNND,3332,0.3381464034318924,0.2757604271173477,0.062385980505496264,
0,260816,matched,MATCHED_Impulsive,Proposed_CA_CNN_RNND,3333,0.41699786484241486,0.3331749215722084,0.0838229414075613,
0,260816,matched,MATCHED_Impulsive,Proposed_CA_CNN_RNND,3334,0.3231855593621731,0.26065171137452126,0.062533856369555,
0,260816,matched,MATCHED_Impulsive,Proposed_CA_CNN_RNND,3335,0.4359302558004856,0.3473350331187248,0.08859521616250277,
0,260816,matched,MATCHED_Impulsive,Proposed_CA_CNN_RNND,3336,0.3283184617757797,0.26915697380900383,0.0591614805161953,
0,260816,matched,MATCHED_Impulsive,Proposed_CA_CNN_RNND,3337,0.4118530973792076,0.3383428044617176,0.07351029943674803,
0,260816,matched,MATCHED_Impulsive,Proposed_CA_CNN_RNND,3338,0.43188392370939255,0.35115181282162666,0.08073211088776588,
0,260816,matched,MATCHED_Impulsive,Proposed_CA_CNN_RNND,3339,0.5651105642318726,0.44695504009723663,0.11815551295876503,
0,260816,matched,MATCHED_Impulsive,Proposed_CA_CNN_RNND,3340,0.39227501675486565,0.31887467205524445,0.07340034050866961,
0,260816,matched,MATCHED_Impulsive,Proposed_CA_CNN_RNND,3341,0.43216120451688766,0.3505810797214508,0.08158012758940458,
0,260816,matched,MATCHED_Impulsive,Proposed_CA_CNN_RNND,3342,0.4470428600907326,0.36453429609537125,0.08250856678932905,
0,260816,matched,MATCHED_Impulsive,Proposed_CA_CNN_RNND,3343,0.42031919956207275,0.33852679654955864,0.08179241418838501,
0,260816,matched,MATCHED_Impulsive,Proposed_CA_CNN_RNND,3344,0.23540354147553444,0.19945847615599632,0.03594506438821554,
0,260816,matched,MATCHED_Impulsive,Proposed_CA_CNN_RNND,3345,0.3937399983406067,0.3223692886531353,0.07137070130556822,
0,260816,matched,MATCHED_Impulsive,Proposed_CA_CNN_RNND,3346,0.3405098244547844,0.27668730169534683,0.06382252089679241,
0,260816,matched,MATCHED_Impulsive,Proposed_CA_CNN_RNND,3347,0.32434430718421936,0.2654818072915077,0.05886249989271164,
0,260816,matched,MATCHED_Impulsive,Proposed_CA_CNN_RNND,3348,0.2737021818757057,0.2325759045779705,0.0411262814886868,
0,260816,matched,MATCHED_Impulsive,Proposed_CA_CNN_RNND,3349,0.3518804982304573,0.28521258383989334,0.06666791625320911,
0,260816,matched,MATCHED_Impulsive,Proposed_CA_CNN_RNND,3350,0.3304477632045746,0.2721639983355999,0.058283766731619835,
0,260816,matched,MATCHED_Impulsive,Proposed_CA_CNN_RNND,3351,0.3001163676381111,0.25339023023843765,0.04672613460570574,
0,260816,matched,MATCHED_Impulsive,Proposed_CA_CNN_RNND,3352,0.4826180413365364,0.3815380334854126,0.10107999015599489,
0,260816,matched,MATCHED_Impulsive,Proposed_CA_CNN_RNND,3353,0.5046377256512642,0.3949553035199642,0.10968241654336452,
0,260816,matched,MATCHED_Impulsive,Proposed_CA_CNN_RNND,3354,0.2218259908258915,0.1918582320213318,0.029967763926833868,
0,260816,matched,MATCHED_Impulsive,Proposed_CA_CNN_RNND,3355,0.4134434834122658,0.3431699015200138,0.07027357118204236,
0,260816,matched,MATCHED_Impulsive,Proposed_CA_CNN_RNND,3356,0.33366962522268295,0.272078525274992,0.06159110181033611,
0,260816,matched,MATCHED_Impulsive,Proposed_CA_CNN_RNND,3357,0.43298278003931046,0.34494029730558395,0.08804247714579105,
0,260816,matched,MATCHED_Impulsive,Proposed_CA_CNN_RNND,3358,0.33629249408841133,0.27589375153183937,0.06039873789995909,
0,260816,matched,MATCHED_Impulsive,Proposed_CA_CNN_RNND,3359,0.37382255122065544,0.30944545194506645,0.06437709229066968,
0,260816,matched,MATCHED_Impulsive,Proposed_CA_CNN_RNND,3360,0.37418369203805923,0.305070448666811,0.06911324430257082,
0,260816,matched,MATCHED_Impulsive,Proposed_CA_CNN_RNND,3361,0.4254383519291878,0.3324463218450546,0.09299203474074602,
0,260816,matched,MATCHED_Impulsive,Proposed_CA_CNN_RNND,3362,0.48721783608198166,0.3927651271224022,0.09445270616561174,
0,260816,matched,MATCHED_Impulsive,Proposed_CA_CNN_RNND,3363,0.41679849475622177,0.3372630327939987,0.07953545358031988,
0,260816,matched,MATCHED_Impulsive,Proposed_CA_CNN_RNND,3364,0.2745828405022621,0.22926056012511253,0.04532228223979473,
0,260816,matched,MATCHED_Impulsive,Proposed_CA_CNN_RNND,3365,0.4421832822263241,0.3506893776357174,0.09149389993399382,
0,260816,matched,MATCHED_Impulsive,Proposed_CA_CNN_RNND,3366,0.5029259473085403,0.4042343944311142,0.09869154915213585,
0,260816,matched,MATCHED_Impulsive,Proposed_CA_CNN_RNND,3367,0.4525013491511345,0.3669237270951271,0.08557762391865253,
0,260816,matched,MATCHED_Impulsive,Proposed_CA_CNN_RNND,3368,0.44641660898923874,0.3569452315568924,0.0894713681191206,
0,260816,matched,MATCHED_Impulsive,Proposed_CA_CNN_RNND,3369,0.28450339660048485,0.24042976647615433,0.044073634780943394,
0,260816,matched,MATCHED_Impulsive,Proposed_CA_CNN_RNND,3370,0.37745098024606705,0.3101048618555069,0.0673461202532053,
0,260816,matched,MATCHED_Impulsive,Proposed_CA_CNN_RNND,3371,0.257624126970768,0.22019607573747635,0.03742805030196905,
0,260816,matched,MATCHED_Impulsive,Proposed_CA_CNN_RNND,3372,0.42790284007787704,0.34124474972486496,0.08665809826925397,
0,260816,matched,MATCHED_Impulsive,Proposed_CA_CNN_RNND,3373,0.40476566553115845,0.330563984811306,0.0742016825824976,
0,260816,matched,MATCHED_Impulsive,Proposed_CA_CNN_RNND,3374,0.31789111346006393,0.2638135328888893,0.05407757963985205,
0,260816,matched,MATCHED_Impulsive,Proposed_CA_CNN_RNND,3375,0.43744608014822006,0.3462223783135414,0.09122369904071093,
0,260816,matched,MATCHED_Impulsive,Proposed_CA_CNN_RNND,3376,0.5222108140587807,0.414737805724144,0.10747300367802382,
0,260816,matched,MATCHED_Impulsive,Proposed_CA_CNN_RNND,3377,0.4252505451440811,0.3421923443675041,0.0830581970512867,
0,260816,matched,MATCHED_Impulsive,Proposed_CA_CNN_RNND,3378,0.3802935853600502,0.3084661550819874,0.07182743772864342,
0,260816,matched,MATCHED_Impulsive,Proposed_CA_CNN_RNND,3379,0.4488631710410118,0.35860586911439896,0.09025728981941938,
0,260816,matched,MATCHED_Impulsive,Proposed_CA_CNN_RNND,3380,0.32480842992663383,0.26774612069129944,0.05706231016665697,
0,260816,matched,MATCHED_Impulsive,Proposed_CA_CNN_RNND,3381,0.26692595705389977,0.22413215786218643,0.04279379919171333,
0,260816,matched,MATCHED_Impulsive,Proposed_CA_CNN_RNND,3382,0.39413104951381683,0.3190191388130188,0.07511191535741091,
0,260816,matched,MATCHED_Impulsive,Proposed_CA_CNN_RNND,3383,0.29424769058823586,0.24669157713651657,0.04755610739812255,
0,260816,matched,MATCHED_Impulsive,Proposed_CA_CNN_RNND,3384,0.26710494235157967,0.22182083874940872,0.04528410406783223,
0,260816,matched,MATCHED_Impulsive,Proposed_CA_CNN_RNND,3385,0.5189265124499798,0.4100731089711189,0.10885341512039304,
0,260816,matched,MATCHED_Impulsive,Proposed_CA_CNN_RNND,3386,0.532654657959938,0.4224834740161896,0.110171171836555,
0,260816,matched,MATCHED_Impulsive,Proposed_CA_CNN_RNND,3387,0.49705586954951286,0.39580976963043213,0.10124609712511301,
0,260816,matched,MATCHED_Impulsive,Proposed_CA_CNN_RNND,3388,0.3642599582672119,0.29932980239391327,0.0649301577359438,
0,260816,matched,MATCHED_Impulsive,Proposed_CA_CNN_RNND,3389,0.3786502815783024,0.3047649413347244,0.07388532906770706,
0,260816,matched,MATCHED_Impulsive,Proposed_CA_CNN_RNND,3390,0.4300769716501236,0.35152678936719894,0.07855017762631178,
0,260816,matched,MATCHED_Impulsive,Proposed_CA_CNN_RNND,3391,0.3708157017827034,0.303036592900753,0.06777911353856325,
0,260816,matched,MATCHED_Impulsive,Proposed_CA_CNN_RNND,3392,0.3577919006347656,0.2935810051858425,0.06421090103685856,
0,260816,matched,MATCHED_Impulsive,Proposed_CA_CNN_RNND,3393,0.4350786730647087,0.3524918481707573,0.08258682582527399,
0,260816,matched,MATCHED_Impulsive,Proposed_CA_CNN_RNND,3394,0.40124446153640747,0.3282660245895386,0.07297844253480434,
0,260816,matched,MATCHED_Impulsive,Proposed_CA_CNN_RNND,3395,0.4995175153017044,0.39645444601774216,0.1030630636960268,
0,260816,matched,MATCHED_Impulsive,Proposed_CA_CNN_RNND,3396,0.3554229140281677,0.29208487644791603,0.06333804130554199,
0,260816,matched,MATCHED_Impulsive,Proposed_CA_CNN_RNND,3397,0.34987132996320724,0.2847912609577179,0.0650800708681345,
0,260816,matched,MATCHED_Impulsive,Proposed_CA_CNN_RNND,3398,0.4283329024910927,0.35483818501234055,0.07349472120404243,
0,260816,matched,MATCHED_Impulsive,Proposed_CA_CNN_RNND,3399,0.3661898374557495,0.29740947112441063,0.0687803691253066,
0,260816,matched,MATCHED_Impulsive,Proposed_CA_CNN_RNND,3400,0.5029956996440887,0.3980133980512619,0.10498229134827852,-0.9969377828354344
0,260816,matched,MATCHED_Impulsive,Proposed_CA_CNN_RNND,3401,0.24812018126249313,0.2055312655866146,0.04258891614153981,
0,260816,matched,MATCHED_Impulsive,Proposed_CA_CNN_RNND,3402,0.4016830399632454,0.3325551673769951,0.06912786699831486,
0,260816,matched,MATCHED_Impulsive,Proposed_CA_CNN_RNND,3403,0.4185873679816723,0.34186453372240067,0.0767228351905942,
0,260816,matched,MATCHED_Impulsive,Proposed_CA_CNN_RNND,3404,0.24952787160873413,0.2077161818742752,0.04181169252842665,
0,260816,matched,MATCHED_Impulsive,Proposed_CA_CNN_RNND,3405,0.33289697766304016,0.27346355468034744,0.05943341739475727,
0,260816,matched,MATCHED_Impulsive,Proposed_CA_CNN_RNND,3406,0.4833802506327629,0.3839332088828087,0.09944703429937363,
0,260816,matched,MATCHED_Impulsive,Proposed_CA_CNN_RNND,3407,0.2571157217025757,0.21801115944981575,0.03910456132143736,
0,260816,matched,MATCHED_Impulsive,Proposed_CA_CNN_RNND,3408,0.39078783988952637,0.32038645446300507,0.07040138728916645,
0,260816,matched,MATCHED_Impulsive,Proposed_CA_CNN_RNND,3409,0.4846668243408203,0.39072655886411667,0.09394027478992939,
0,260816,matched,MATCHED_Impulsive,Proposed_CA_CNN_RNND,3410,0.436715766787529,0.34828294068574905,0.08843283355236053,
0,260816,matched,MATCHED_Impulsive,Proposed_CA_CNN_RNND,3411,0.427904587239027,0.3451222851872444,0.08278230205178261,
0,260816,matched,MATCHED_Impulsive,Proposed_CA_CNN_RNND,3412,0.3686947263777256,0.29644180834293365,0.07225291803479195,
0,260816,matched,MATCHED_Impulsive,Proposed_CA_CNN_RNND,3413,0.5719221606850624,0.4514164924621582,0.12050566077232361,
0,260816,matched,MATCHED_Impulsive,Proposed_CA_CNN_RNND,3414,0.30129795521497726,0.24953362718224525,0.05176433129236102,
0,260816,matched,MATCHED_Impulsive,Proposed_CA_CNN_RNND,3415,0.5358719155192375,0.41737254336476326,0.11849937215447426,
0,260816,matched,MATCHED_Impulsive,Proposed_CA_CNN_RNND,3416,0.2912728041410446,0.23737786710262299,0.05389493238180876,
0,260816,matched,MATCHED_Impulsive,Proposed_CA_CNN_RNND,3417,0.33978912979364395,0.2772301621735096,0.06255897879600525,
0,260816,matched,MATCHED_Impulsive,Proposed_CA_CNN_RNND,3418,0.3511381074786186,0.2885555364191532,0.06258257664740086,
0,260816,matched,MATCHED_Impulsive,Proposed_CA_CNN_RNND,3419,0.3400060385465622,0.2854391559958458,0.054566885344684124,
0,260816,matched,MATCHED_Impulsive,Proposed_CA_CNN_RNND,3420,0.4241112619638443,0.34352119266986847,0.08059007953852415,
0,260816,matched,MATCHED_Impulsive,Proposed_CA_CNN_RNND,3421,0.3049067333340645,0.25404830276966095,0.050858426839113235,
0,260816,matched,MATCHED_Impulsive,Proposed_CA_CNN_RNND,3422,0.43954112380743027,0.34967801347374916,0.08986310055479407,
0,260816,matched,MATCHED_Impulsive,Proposed_CA_CNN_RNND,3423,0.3303712233901024,0.2676065266132355,0.06276469305157661,
0,260816,matched,MATCHED_Impulsive,Proposed_CA_CNN_RNND,3424,0.47654496505856514,0.3818100392818451,0.09473494160920382,
0,260816,matched,MATCHED_Impulsive,Proposed_CA_CNN_RNND,3425,0.5498054102063179,0.4330138862133026,0.11679151654243469,
0,260816,matched,MATCHED_Impulsive,Proposed_CA_CNN_RNND,3426,0.35242922231554985,0.28152917698025703,0.07090005092322826,
0,260816,matched,MATCHED_Impulsive,Proposed_CA_CNN_RNND,3427,0.5182720497250557,0.41647665947675705,0.10179539397358894,
0,260816,matched,MATCHED_Impulsive,Proposed_CA_CNN_RNND,3428,0.43875882774591446,0.3501054011285305,0.08865343034267426,
0,260816,matched,MATCHED_Impulsive,Proposed_CA_CNN_RNND,3429,0.5073625631630421,0.3938277065753937,0.11353485519066453,
0,260816,matched,MATCHED_Impulsive,Proposed_CA_CNN_RNND,3430,0.39888738468289375,0.3185002729296684,0.08038711827248335,
0,260816,matched,MATCHED_Impulsive,Proposed_CA_CNN_RNND,3431,0.44694069027900696,0.3660102039575577,0.08093049749732018,
0,260816,matched,MATCHED_Impulsive,Proposed_CA_CNN_RNND,3432,0.3601703345775604,0.3020417094230652,0.05812863539904356,
0,260816,matched,MATCHED_Impulsive,Proposed_CA_CNN_RNND,3433,0.352693572640419,0.28897808864712715,0.06371548771858215,
0,260816,matched,MATCHED_Impulsive,Proposed_CA_CNN_RNND,3434,0.44619961082935333,0.36100491881370544,0.08519469108432531,
0,260816,matched,MATCHED_Impulsive,Proposed_CA_CNN_RNND,3435,0.35143400728702545,0.2861461900174618,0.06528780842199922,
0,260816,matched,MATCHED_Impulsive,Proposed_CA_CNN_RNND,3436,0.3434119299054146,0.2873419411480427,0.056069991551339626,
0,260816,matched,MATCHED_Impulsive,Proposed_CA_CNN_RNND,3437,0.47665904462337494,0.376615010201931,0.10004402790218592,
0,260816,matched,MATCHED_Impulsive,Proposed_CA_CNN_RNND,3438,0.48892973363399506,0.3936913534998894,0.09523836988955736,
0,260816,matched,MATCHED_Impulsive,Proposed_CA_CNN_RNND,3439,0.39425504952669144,0.31845688819885254,0.07579815504141152,
0,260816,matched,MATCHED_Impulsive,Proposed_CA_CNN_RNND,3440,0.3915894068777561,0.316036656498909,0.07555273780599236,
0,260816,matched,MATCHED_Impulsive,Proposed_CA_CNN_RNND,3441,0.34798961132764816,0.28540099784731865,0.06258861534297466,
0,260816,matched,MATCHED_Impulsive,Proposed_CA_CNN_RNND,3442,0.46077078580856323,0.36607714742422104,0.09469363000243902,
0,260816,matched,MATCHED_Impulsive,Proposed_CA_CNN_RNND,3443,0.3969213478267193,0.3230733126401901,0.07384803052991629,
0,260816,matched,MATCHED_Impulsive,Proposed_CA_CNN_RNND,3444,0.41218383610248566,0.3384708799421787,0.07371295802295208,
0,260816,matched,MATCHED_Impulsive,Proposed_CA_CNN_RNND,3445,0.44781913980841637,0.3635905310511589,0.08422861294820905,
0,260816,matched,MATCHED_Impulsive,Proposed_CA_CNN_RNND,3446,0.45041554421186447,0.3616691008210182,0.0887464564293623,
0,260816,matched,MATCHED_Impulsive,Proposed_CA_CNN_RNND,3447,0.39556849002838135,0.31764430552721024,0.07792417658492923,
0,260816,matched,MATCHED_Impulsive,Proposed_CA_CNN_RNND,3448,0.3087349981069565,0.2554008737206459,0.053334116004407406,
0,260816,matched,MATCHED_Impulsive,Proposed_CA_CNN_RNND,3449,0.42087481915950775,0.3420492708683014,0.07882555294781923,
0,260816,matched,MATCHED_Impulsive,Proposed_CA_CNN_RNND,3450,0.35178036615252495,0.282676562666893,0.06910381186753511,
0,260816,matched,MATCHED_Impulsive,Proposed_CA_CNN_RNND,3451,0.36474964022636414,0.29591643437743187,0.06883321143686771,
0,260816,matched,MATCHED_Impulsive,Proposed_CA_CNN_RNND,3452,0.2849968783557415,0.2411874607205391,0.043809409718960524,
0,260816,matched,MATCHED_Impulsive,Proposed_CA_CNN_RNND,3453,0.40667638182640076,0.33317722380161285,0.07349915988743305,
0,260816,matched,MATCHED_Impulsive,Proposed_CA_CNN_RNND,3454,0.3239537551999092,0.26815030723810196,0.05580345308408141,
0,260816,matched,MATCHED_Impulsive,Proposed_CA_CNN_RNND,3455,0.3744698576629162,0.3010215684771538,0.07344827987253666,
0,260816,matched,MATCHED_Impulsive,Proposed_CA_CNN_RNND,3456,0.3465852588415146,0.2822788245975971,0.06430643051862717,
0,260816,matched,MATCHED_Impulsive,Proposed_CA_CNN_RNND,3457,0.4297511763870716,0.3486838713288307,0.08106731111183763,
0,260816,matched,MATCHED_Impulsive,Proposed_CA_CNN_RNND,3458,0.456989087164402,0.368538461625576,0.08845061808824539,
0,260816,matched,MATCHED_Impulsive,Proposed_CA_CNN_RNND,3459,0.48432354629039764,0.38193947076797485,0.1023840680718422,
0,260816,matched,MATCHED_Impulsive,Proposed_CA_CNN_RNND,3460,0.331261470913887,0.26737212389707565,0.06388935633003712,
0,260816,matched,MATCHED_Impulsive,Proposed_CA_CNN_RNND,3461,0.2973232567310333,0.24600742757320404,0.05131582450121641,
0,260816,matched,MATCHED_Impulsive,Proposed_CA_CNN_RNND,3462,0.3715144954621792,0.3020920902490616,0.0694224089384079,
0,260816,matched,MATCHED_Impulsive,Proposed_CA_CNN_RNND,3463,0.5002237781882286,0.3961474746465683,0.10407630540430546,
0,260816,matched,MATCHED_Impulsive,Proposed_CA_CNN_RNND,3464,0.36266110464930534,0.2914992496371269,0.07116184895858169,
0,260816,matched,MATCHED_Impulsive,Proposed_CA_CNN_RNND,3465,0.3616625592112541,0.29461491480469704,0.06704764440655708,
0,260816,matched,MATCHED_Impulsive,Proposed_CA_CNN_RNND,3466,0.40646860376000404,0.3304245062172413,0.07604410918429494,
0,260816,matched,MATCHED_Impulsive,Proposed_CA_CNN_RNND,3467,0.39406195282936096,0.31833773851394653,0.07572422828525305,
0,260816,matched,MATCHED_Impulsive,Proposed_CA_CNN_RNND,3468,0.2777995094656944,0.2337128035724163,0.04408670775592327,
0,260816,matched,MATCHED_Impulsive,Proposed_CA_CNN_RNND,3469,0.42393647879362106,0.34253520518541336,0.0814012661576271,
0,260816,matched,MATCHED_Impulsive,Proposed_CA_CNN_RNND,3470,0.30313463136553764,0.2458655685186386,0.0572690567933023,
0,260816,matched,MATCHED_Impulsive,Proposed_CA_CNN_RNND,3471,0.2998507656157017,0.2472432777285576,0.05260748555883765,
0,260816,matched,MATCHED_Impulsive,Proposed_CA_CNN_RNND,3472,0.21154719218611717,0.1820499524474144,0.029497239273041487,
0,260816,matched,MATCHED_Impulsive,Proposed_CA_CNN_RNND,3473,0.427525881677866,0.33991799503564835,0.08760789129883051,
0,260816,matched,MATCHED_Impulsive,Proposed_CA_CNN_RNND,3474,0.53651562333107,0.4237380772829056,0.11277753300964832,
0,260816,matched,MATCHED_Impulsive,Proposed_CA_CNN_RNND,3475,0.351103812456131,0.29332736507058144,0.05777644133195281,
0,260816,matched,MATCHED_Impulsive,Proposed_CA_CNN_RNND,3476,0.5198417380452156,0.408400759100914,0.1114409863948822,
0,260816,matched,MATCHED_Impulsive,Proposed_CA_CNN_RNND,3477,0.30109725520014763,0.24597782641649246,0.055119424127042294,
0,260816,matched,MATCHED_Impulsive,Proposed_CA_CNN_RNND,3478,0.5487535297870636,0.43761709332466125,0.11113644950091839,
0,260816,matched,MATCHED_Impulsive,Proposed_CA_CNN_RNND,3479,0.586902067065239,0.4600977599620819,0.12680430337786674,
0,260816,matched,MATCHED_Impulsive,Proposed_CA_CNN_RNND,3480,0.40511881187558174,0.327037014067173,0.0780818029306829,
0,260816,matched,MATCHED_Impulsive,Proposed_CA_CNN_RNND,3481,0.3558892533183098,0.28811654448509216,0.0677727134898305,
0,260816,matched,MATCHED_Impulsive,Proposed_CA_CNN_RNND,3482,0.33633463829755783,0.28513599932193756,0.05119864363223314,
0,260816,matched,MATCHED_Impulsive,Proposed_CA_CNN_RNND,3483,0.5498633533716202,0.4310155138373375,0.11884783394634724,
0,260816,matched,MATCHED_Impulsive,Proposed_CA_CNN_RNND,3484,0.5951809883117676,0.45956355333328247,0.1356174238026142,
0,260816,matched,MATCHED_Impulsive,Proposed_CA_CNN_RNND,3485,0.35243408009409904,0.2922518886625767,0.0601821830496192,
0,260816,matched,MATCHED_Impulsive,Proposed_CA_CNN_RNND,3486,0.31345509737730026,0.2632991187274456,0.05015597678720951,
0,260816,matched,MATCHED_Impulsive,Proposed_CA_CNN_RNND,3487,0.4905713200569153,0.38885511457920074,0.10171620920300484,
0,260816,matched,MATCHED_Impulsive,Proposed_CA_CNN_RNND,3488,0.3178834281861782,0.257486317306757,0.06039711833000183,
0,260816,matched,MATCHED_Impulsive,Proposed_CA_CNN_RNND,3489,0.4749651849269867,0.38555797934532166,0.08940719999372959,
0,260816,matched,MATCHED_Impulsive,Proposed_CA_CNN_RNND,3490,0.4062793031334877,0.33702217042446136,0.06925713643431664,
0,260816,matched,MATCHED_Impulsive,Proposed_CA_CNN_RNND,3491,0.4126831665635109,0.3297284096479416,0.08295476529747248,
0,260816,matched,MATCHED_Impulsive,Proposed_CA_CNN_RNND,3492,0.3168962523341179,0.2656727731227875,0.05122347176074982,
0,260816,matched,MATCHED_Impulsive,Proposed_CA_CNN_RNND,3493,0.4498724788427353,0.3631332963705063,0.08673918060958385,
0,260816,matched,MATCHED_Impulsive,Proposed_CA_CNN_RNND,3494,0.26774588227272034,0.22575123608112335,0.04199464153498411,
0,260816,matched,MATCHED_Impulsive,Proposed_CA_CNN_RNND,3495,0.4432814083993435,0.3501332513988018,0.09314816445112228,
0,260816,matched,MATCHED_Impulsive,Proposed_CA_CNN_RNND,3496,0.5111305490136147,0.3987981900572777,0.11233235709369183,
0,260816,matched,MATCHED_Impulsive,Proposed_CA_CNN_RNND,3497,0.4618837311863899,0.371904119849205,0.08997960947453976,
0,260816,matched,MATCHED_Impulsive,Proposed_CA_CNN_RNND,3498,0.3330127075314522,0.2757795490324497,0.057233160361647606,
0,260816,matched,MATCHED_Impulsive,Proposed_CA_CNN_RNND,3499,0.42567624896764755,0.3351568877696991,0.09051936119794846,
0,260816,matched,MATCHED_Impulsive,Proposed_CA_CNN_RNND,3500,0.3769638016819954,0.30602356046438217,0.0709402384236455,
0,260816,matched,MATCHED_Impulsive,Proposed_CA_CNN_RNND,3501,0.19945471733808517,0.17212731763720512,0.027327402727678418,
0,260816,matched,MATCHED_Impulsive,Proposed_CA_CNN_RNND,3502,0.3198309764266014,0.26729175448417664,0.05253922240808606,
0,260816,matched,MATCHED_Impulsive,Proposed_CA_CNN_RNND,3503,0.3218577578663826,0.26675138995051384,0.05510637070983648,
0,260816,matched,MATCHED_Impulsive,Proposed_CA_CNN_RNND,3504,0.3690171130001545,0.3045216351747513,0.06449547782540321,
0,260816,matched,MATCHED_Impulsive,Proposed_CA_CNN_RNND,3505,0.3313681297004223,0.267821054905653,0.06354706920683384,
0,260816,matched,MATCHED_Impulsive,Proposed_CA_CNN_RNND,3506,0.37752868235111237,0.30547844618558884,0.0720502370968461,
0,260816,matched,MATCHED_Impulsive,Proposed_CA_CNN_RNND,3507,0.2725423965603113,0.2266138307750225,0.0459285625256598,
0,260816,matched,MATCHED_Impulsive,Proposed_CA_CNN_RNND,3508,0.37980589270591736,0.3145516663789749,0.06525423377752304,
0,260816,matched,MATCHED_Impulsive,Proposed_CA_CNN_RNND,3509,0.4059364087879658,0.3255774676799774,0.08035894390195608,
0,260816,matched,MATCHED_Impulsive,Proposed_CA_CNN_RNND,3510,0.3579637035727501,0.2865019552409649,0.0714617520570755,
0,260816,matched,MATCHED_Impulsive,Proposed_CA_CNN_RNND,3511,0.38941096141934395,0.3144974261522293,0.07491353247314692,
0,260816,matched,MATCHED_Impulsive,Proposed_CA_CNN_RNND,3512,0.31061580777168274,0.2584933899343014,0.05212241504341364,
0,260816,matched,MATCHED_Impulsive,Proposed_CA_CNN_RNND,3513,0.24901441857218742,0.2140807844698429,0.03493363317102194,
0,260816,matched,MATCHED_Impulsive,Proposed_CA_CNN_RNND,3514,0.38334977999329567,0.31700480729341507,0.0663449689745903,
0,260816,matched,MATCHED_Impulsive,Proposed_CA_CNN_RNND,3515,0.3540707603096962,0.2910739853978157,0.06299676652997732,
0,260816,matched,MATCHED_Impulsive,Proposed_CA_CNN_RNND,3516,0.3795109763741493,0.3107416406273842,0.06876933015882969,
0,260816,matched,MATCHED_Impulsive,Proposed_CA_CNN_RNND,3517,0.4646533131599426,0.3717260882258415,0.09292721748352051,
0,260816,matched,MATCHED_Impulsive,Proposed_CA_CNN_RNND,3518,0.2519656680524349,0.21483523398637772,0.03713043825700879,
0,260816,matched,MATCHED_Impulsive,Proposed_CA_CNN_RNND,3519,0.3868378549814224,0.31686559319496155,0.06997226178646088,
0,260816,matched,MATCHED_Impulsive,Proposed_CA_CNN_RNND,3520,0.34927771985530853,0.2842231020331383,0.06505461875349283,
0,260816,matched,MATCHED_Impulsive,Proposed_CA_CNN_RNND,3521,0.37650806829333305,0.3087794706225395,0.06772859860211611,
0,260816,matched,MATCHED_Impulsive,Proposed_CA_CNN_RNND,3522,0.4571210741996765,0.3692963048815727,0.0878247581422329,
0,260816,matched,MATCHED_Impulsive,Proposed_CA_CNN_RNND,3523,0.39978252351284027,0.31950992345809937,0.08027259819209576,
0,260816,matched,MATCHED_Impulsive,Proposed_CA_CNN_RNND,3524,0.28626563027501106,0.2395671010017395,0.046698528341948986,
0,260816,matched,MATCHED_Impulsive,Proposed_CA_CNN_RNND,3525,0.3504815548658371,0.2842872552573681,0.06619430519640446,
0,260816,matched,MATCHED_Impulsive,Proposed_CA_CNN_RNND,3526,0.46212246268987656,0.37436699867248535,0.08775546681135893,
0,260816,matched,MATCHED_Impulsive,Proposed_CA_CNN_RNND,3527,0.361225888133049,0.29179268702864647,0.06943320669233799,
0,260816,matched,MATCHED_Impulsive,Proposed_CA_CNN_RNND,3528,0.2771178297698498,0.23495931178331375,0.042158517986536026,
0,260816,matched,MATCHED_Impulsive,Proposed_CA_CNN_RNND,3529,0.4074050411581993,0.33147819340229034,0.07592685660347342,
0,260816,matched,MATCHED_Impulsive,Proposed_CA_CNN_RNND,3530,0.3736562095582485,0.3069542832672596,0.06670192535966635,
0,260816,matched,MATCHED_Impulsive,Proposed_CA_CNN_RNND,3531,0.5017643496394157,0.40317200124263763,0.0985923483967781,
0,260816,matched,MATCHED_Impulsive,Proposed_CA_CNN_RNND,3532,0.3174441233277321,0.2569630891084671,0.06048103794455528,
0,260816,matched,MATCHED_Impulsive,Proposed_CA_CNN_RNND,3533,0.25073639675974846,0.2125702239573002,0.03816618025302887,
0,260816,matched,MATCHED_Impulsive,Proposed_CA_CNN_RNND,3534,0.3523324467241764,0.286655992269516,0.06567646330222487,
0,260816,matched,MATCHED_Impulsive,Proposed_CA_CNN_RNND,3535,0.40188848972320557,0.3256326988339424,0.07625579554587603,
0,260816,matched,MATCHED_Impulsive,Proposed_CA_CNN_RNND,3536,0.2800808511674404,0.23041100054979324,0.04966984502971172,
0,260816,matched,MATCHED_Impulsive,Proposed_CA_CNN_RNND,3537,0.3469298481941223,0.27936799824237823,0.06756184017285705,
0,260816,matched,MATCHED_Impulsive,Proposed_CA_CNN_RNND,3538,0.334286879748106,0.2622981145977974,0.07198876142501831,
0,260816,matched,MATCHED_Impulsive,Proposed_CA_CNN_RNND,3539,0.45695672929286957,0.3675322197377682,0.08942450396716595,
0,260816,matched,MATCHED_Impulsive,Proposed_CA_CNN_RNND,3540,0.48283352702856064,0.39153122901916504,0.0913023054599762,
0,260816,matched,MATCHED_Impulsive,Proposed_CA_CNN_RNND,3541,0.4831685572862625,0.3867507316172123,0.09641783125698566,
0,260816,matched,MATCHED_Impulsive,Proposed_CA_CNN_RNND,3542,0.3373633548617363,0.2759227342903614,0.061440625693649054,
0,260816,matched,MATCHED_Impulsive,Proposed_CA_CNN_RNND,3543,0.4422769099473953,0.3596857190132141,0.08259119791910052,
0,260816,matched,MATCHED_Impulsive,Proposed_CA_CNN_RNND,3544,0.4462181366980076,0.36345643550157547,0.08276169653981924,
0,260816,matched,MATCHED_Impulsive,Proposed_CA_CNN_RNND,3545,0.333433385938406,0.2720239497721195,0.06140943244099617,
0,260816,matched,MATCHED_Impulsive,Proposed_CA_CNN_RNND,3546,0.3641734644770622,0.2983919084072113,0.06578155793249607,
0,260816,matched,MATCHED_Impulsive,Proposed_CA_CNN_RNND,3547,0.3940895199775696,0.3217121846973896,0.0723773380741477,
0,260816,matched,MATCHED_Impulsive,Proposed_CA_CNN_RNND,3548,0.5018056780099869,0.4006873816251755,0.10111829172819853,
0,260816,matched,MATCHED_Impulsive,Proposed_CA_CNN_RNND,3549,0.395321786403656,0.3192484676837921,0.07607331639155746,
0,260816,matched,MATCHED_Impulsive,Proposed_CA_CNN_RNND,3550,0.45273834839463234,0.3640454560518265,0.08869290305301547,
0,260816,matched,MATCHED_Impulsive,Proposed_CA_CNN_RNND,3551,0.32327721267938614,0.2749779745936394,0.04829923249781132,
0,260816,matched,MATCHED_Impulsive,Proposed_CA_CNN_RNND,3552,0.34637390822172165,0.2898184098303318,0.05655549746006727,
0,260816,matched,MATCHED_Impulsive,Proposed_CA_CNN_RNND,3553,0.3670005276799202,0.2984088659286499,0.06859166221693158,
0,260816,matched,MATCHED_Impulsive,Proposed_CA_CNN_RNND,3554,0.31968893483281136,0.26469070464372635,0.05499822460114956,
0,260816,matched,MATCHED_Impulsive,Proposed_CA_CNN_RNND,3555,0.3442794047296047,0.2800695188343525,0.06420988868921995,
0,260816,matched,MATCHED_Impulsive,Proposed_CA_CNN_RNND,3556,0.36870358139276505,0.29984013736248016,0.06886344589293003,
0,260816,matched,MATCHED_Impulsive,Proposed_CA_CNN_RNND,3557,0.43784578517079353,0.346702229231596,0.09114357037469745,
0,260816,matched,MATCHED_Impulsive,Proposed_CA_CNN_RNND,3558,0.425761416554451,0.33985837548971176,0.08590303268283606,
0,260816,matched,MATCHED_Impulsive,Proposed_CA_CNN_RNND,3559,0.3919670730829239,0.3217654451727867,0.07020162977278233,
0,260816,matched,MATCHED_Impulsive,Proposed_CA_CNN_RNND,3560,0.3643941283226013,0.29591648280620575,0.06847764272242785,
0,260816,matched,MATCHED_Impulsive,Proposed_CA_CNN_RNND,3561,0.3628913685679436,0.29312900826334953,0.06976236030459404,
0,260816,matched,MATCHED_Impulsive,Proposed_CA_CNN_RNND,3562,0.3120284900069237,0.2608232796192169,0.05120520759373903,
0,260816,matched,MATCHED_Impulsive,Proposed_CA_CNN_RNND,3563,0.4758029580116272,0.3864918500185013,0.08931110985577106,
0,260816,matched,MATCHED_Impulsive,Proposed_CA_CNN_RNND,3564,0.3752211183309555,0.31136294454336166,0.06385817099362612,
0,260816,matched,MATCHED_Impulsive,Proposed_CA_CNN_RNND,3565,0.36943934112787247,0.30610018968582153,0.06333915051072836,
0,260816,matched,MATCHED_Impulsive,Proposed_CA_CNN_RNND,3566,0.38988159224390984,0.3138938434422016,0.07598774041980505,
0,260816,matched,MATCHED_Impulsive,Proposed_CA_CNN_RNND,3567,0.31138139218091965,0.2568654529750347,0.05451593827456236,
0,260816,matched,MATCHED_Impulsive,Proposed_CA_CNN_RNND,3568,0.38456460647284985,0.3105415627360344,0.07402304233983159,
0,260816,matched,MATCHED_Impulsive,Proposed_CA_CNN_RNND,3569,0.32948632910847664,0.2748636342585087,0.05462269484996796,
0,260816,matched,MATCHED_Impulsive,Proposed_CA_CNN_RNND,3570,0.4949348345398903,0.3918887935578823,0.1030460437759757,
0,260816,matched,MATCHED_Impulsive,Proposed_CA_CNN_RNND,3571,0.4146655909717083,0.3336503878235817,0.0810151940677315,
0,260816,matched,MATCHED_Impulsive,Proposed_CA_CNN_RNND,3572,0.24271424859762192,0.2049371376633644,0.03777711419388652,
0,260816,matched,MATCHED_Impulsive,Proposed_CA_CNN_RNND,3573,0.5046987533569336,0.4032474309206009,0.10145131312310696,
0,260816,matched,MATCHED_Impulsive,Proposed_CA_CNN_RNND,3574,0.32281672582030296,0.26778213679790497,0.055034589022397995,
0,260816,matched,MATCHED_Impulsive,Proposed_CA_CNN_RNND,3575,0.3732404299080372,0.3141861855983734,0.05905425176024437,
0,260816,matched,MATCHED_Impulsive,Proposed_CA_CNN_RNND,3576,0.3665925897657871,0.29904305189847946,0.06754953740164638,
0,260816,matched,MATCHED_Impulsive,Proposed_CA_CNN_RNND,3577,0.4007598012685776,0.3314773254096508,0.0692824674770236,
0,260816,matched,MATCHED_Impulsive,Proposed_CA_CNN_RNND,3578,0.350270576775074,0.29100828617811203,0.05926228500902653,
0,260816,matched,MATCHED_Impulsive,Proposed_CA_CNN_RNND,3579,0.5015962198376656,0.3981480449438095,0.10344818234443665,
0,260816,matched,MATCHED_Impulsive,Proposed_CA_CNN_RNND,3580,0.5380811393260956,0.42885927855968475,0.10922185890376568,
0,260816,matched,MATCHED_Impulsive,Proposed_CA_CNN_RNND,3581,0.4193421043455601,0.3360975570976734,0.08324454259127378,
0,260816,matched,MATCHED_Impulsive,Proposed_CA_CNN_RNND,3582,0.3364452049136162,0.28282415121793747,0.05362104997038841,
0,260816,matched,MATCHED_Impulsive,Proposed_CA_CNN_RNND,3583,0.3904605843126774,0.3139556869864464,0.07650489686056972,
0,260816,matched,MATCHED_Impulsive,Proposed_CA_CNN_RNND,3584,0.5127953179180622,0.41126158088445663,0.10153372678905725,
0,260816,matched,MATCHED_Impulsive,Proposed_CA_CNN_RNND,3585,0.4190589189529419,0.33230191469192505,0.08675699681043625,
0,260816,matched,MATCHED_Impulsive,Proposed_CA_CNN_RNND,3586,0.44928866624832153,0.3599765822291374,0.08931208215653896,
0,260816,matched,MATCHED_Impulsive,Proposed_CA_CNN_RNND,3587,0.34877268970012665,0.2840943709015846,0.0646783160045743,
0,260816,matched,MATCHED_Impulsive,Proposed_CA_CNN_RNND,3588,0.4031147360801697,0.3278358578681946,0.07527888473123312,
0,260816,matched,MATCHED_Impulsive,Proposed_CA_CNN_RNND,3589,0.3757385350763798,0.3061796985566616,0.06955883093178272,
0,260816,matched,MATCHED_Impulsive,Proposed_CA_CNN_RNND,3590,0.46290169283747673,0.3729260675609112,0.08997561363503337,
0,260816,matched,MATCHED_Impulsive,Proposed_CA_CNN_RNND,3591,0.3573845513164997,0.2903032526373863,0.06708129681646824,
0,260816,matched,MATCHED_Impulsive,Proposed_CA_CNN_RNND,3592,0.3810584135353565,0.3060343489050865,0.07502406276762486,
0,260816,matched,MATCHED_Impulsive,Proposed_CA_CNN_RNND,3593,0.3154505752027035,0.26085661351680756,0.05459395982325077,
0,260816,matched,MATCHED_Impulsive,Proposed_CA_CNN_RNND,3594,0.4560527428984642,0.36870215088129044,0.0873505873605609,
0,260816,matched,MATCHED_Impulsive,Proposed_CA_CNN_RNND,3595,0.5228191092610359,0.4186215251684189,0.10419757850468159,
0,260816,matched,MATCHED_Impulsive,Proposed_CA_CNN_RNND,3596,0.3401535227894783,0.2751506455242634,0.06500288005918264,
0,260816,matched,MATCHED_Impulsive,Proposed_CA_CNN_RNND,3597,0.26982951909303665,0.222784835845232,0.04704467719420791,
0,260816,matched,MATCHED_Impulsive,Proposed_CA_CNN_RNND,3598,0.40889620035886765,0.3213209882378578,0.08757520373910666,
0,260816,matched,MATCHED_Impulsive,Proposed_CA_CNN_RNND,3599,0.3219745457172394,0.2717048302292824,0.05026970990002155,
0,260816,matched,MATCHED_Impulsive,Proposed_CA_CNN_RNND,3600,0.37356483936309814,0.3067546635866165,0.06681017111986876,-0.9961806530988856
0,260816,matched,MATCHED_Impulsive,Proposed_CA_CNN_RNND,3601,0.4407753646373749,0.35686255246400833,0.0839128065854311,
0,260816,matched,MATCHED_Impulsive,Proposed_CA_CNN_RNND,3602,0.4611116275191307,0.36099424213171005,0.10011738538742065,
0,260816,matched,MATCHED_Impulsive,Proposed_CA_CNN_RNND,3603,0.45128559321165085,0.3572997525334358,0.09398584347218275,
0,260816,matched,MATCHED_Impulsive,Proposed_CA_CNN_RNND,3604,0.5202521905303001,0.42035282403230667,0.09989936091005802,
0,260816,matched,MATCHED_Impulsive,Proposed_CA_CNN_RNND,3605,0.4089142680168152,0.33173829317092896,0.07717597857117653,
0,260816,matched,MATCHED_Impulsive,Proposed_CA_CNN_RNND,3606,0.27881019562482834,0.23730919510126114,0.04150099866092205,
0,260816,matched,MATCHED_Impulsive,Proposed_CA_CNN_RNND,3607,0.29504965990781784,0.24877198413014412,0.04627767950296402,
0,260816,matched,MATCHED_Impulsive,Proposed_CA_CNN_RNND,3608,0.5021653100848198,0.40364422649145126,0.0985210882499814,
0,260816,matched,MATCHED_Impulsive,Proposed_CA_CNN_RNND,3609,0.439481757581234,0.3546818941831589,0.0847998596727848,
0,260816,matched,MATCHED_Impulsive,Proposed_CA_CNN_RNND,3610,0.3763045594096184,0.31099875271320343,0.06530580017715693,
0,260816,matched,MATCHED_Impulsive,Proposed_CA_CNN_RNND,3611,0.2529492527246475,0.21236014366149902,0.040589114651083946,
0,260816,matched,MATCHED_Impulsive,Proposed_CA_CNN_RNND,3612,0.5054748542606831,0.3987896740436554,0.1066851825453341,
0,260816,matched,MATCHED_Impulsive,Proposed_CA_CNN_RNND,3613,0.457364946603775,0.3614382091909647,0.09592674020677805,
0,260816,matched,MATCHED_Impulsive,Proposed_CA_CNN_RNND,3614,0.37931862846016884,0.31034018099308014,0.06897845398634672,
0,260816,matched,MATCHED_Impulsive,Proposed_CA_CNN_RNND,3615,0.44036076217889786,0.35333605110645294,0.08702470734715462,
0,260816,matched,MATCHED_Impulsive,Proposed_CA_CNN_RNND,3616,0.3360750302672386,0.2790503427386284,0.05702468752861023,
0,260816,matched,MATCHED_Impulsive,Proposed_CA_CNN_RNND,3617,0.5505649223923683,0.43336404860019684,0.11720087006688118,
0,260816,matched,MATCHED_Impulsive,Proposed_CA_CNN_RNND,3618,0.3755441755056381,0.305149607360363,0.07039456348866224,
0,260816,matched,MATCHED_Impulsive,Proposed_CA_CNN_RNND,3619,0.3864288479089737,0.31176286190748215,0.07466598507016897,
0,260816,matched,MATCHED_Impulsive,Proposed_CA_CNN_RNND,3620,0.379599716514349,0.3103477954864502,0.0692519131116569,
0,260816,matched,MATCHED_Impulsive,Proposed_CA_CNN_RNND,3621,0.45146723091602325,0.3634192831814289,0.08804795332252979,
0,260816,matched,MATCHED_Impulsive,Proposed_CA_CNN_RNND,3622,0.271216306835413,0.22843964770436287,0.04277665540575981,
0,260816,matched,MATCHED_Impulsive,Proposed_CA_CNN_RNND,3623,0.428652286529541,0.3422059826552868,0.08644630713388324,
0,260816,matched,MATCHED_Impulsive,Proposed_CA_CNN_RNND,3624,0.2557087242603302,0.21458815038204193,0.041120574809610844,
0,260816,matched,MATCHED_Impulsive,Proposed_CA_CNN_RNND,3625,0.2242392711341381,0.1853264831006527,0.03891279036179185,
0,260816,matched,MATCHED_Impulsive,Proposed_CA_CNN_RNND,3626,0.4800235703587532,0.3825383633375168,0.097485211212188,
0,260816,matched,MATCHED_Impulsive,Proposed_CA_CNN_RNND,3627,0.30626043677330017,0.25331859290599823,0.052941844798624516,
0,260816,matched,MATCHED_Impulsive,Proposed_CA_CNN_RNND,3628,0.31098952889442444,0.26317936927080154,0.047810155898332596,
0,260816,matched,MATCHED_Impulsive,Proposed_CA_CNN_RNND,3629,0.3622692637145519,0.29030201956629753,0.07196723856031895,
0,260816,matched,MATCHED_Impulsive,Proposed_CA_CNN_RNND,3630,0.4041905961930752,0.32755692303180695,0.07663367036730051,
0,260816,matched,MATCHED_Impulsive,Proposed_CA_CNN_RNND,3631,0.3812311813235283,0.31616131216287613,0.06506987661123276,
0,260816,matched,MATCHED_Impulsive,Proposed_CA_CNN_RNND,3632,0.42977964878082275,0.35089433938264847,0.07888529822230339,
0,260816,matched,MATCHED_Impulsive,Proposed_CA_CNN_RNND,3633,0.3813784383237362,0.3137443885207176,0.06763404794037342,
0,260816,matched,MATCHED_Impulsive,Proposed_CA_CNN_RNND,3634,0.382662333548069,0.31425150111317635,0.06841082824394107,
0,260816,matched,MATCHED_Impulsive,Proposed_CA_CNN_RNND,3635,0.4995993971824646,0.4063141271471977,0.09328528121113777,
0,260816,matched,MATCHED_Impulsive,Proposed_CA_CNN_RNND,3636,0.2538648098707199,0.21192371472716331,0.041941097006201744,
0,260816,matched,MATCHED_Impulsive,Proposed_CA_CNN_RNND,3637,0.29527654871344566,0.24521606415510178,0.050060479901731014,
0,260816,matched,MATCHED_Impulsive,Proposed_CA_CNN_RNND,3638,0.4776550456881523,0.3776123970746994,0.10004264116287231,
0,260816,matched,MATCHED_Impulsive,Proposed_CA_CNN_RNND,3639,0.4926012307405472,0.3944452032446861,0.09815602004528046,
0,260816,matched,MATCHED_Impulsive,Proposed_CA_CNN_RNND,3640,0.3930055499076843,0.31618861109018326,0.07681693974882364,
0,260816,matched,MATCHED_Impulsive,Proposed_CA_CNN_RNND,3641,0.334466103464365,0.27743975818157196,0.05702634807676077,
0,260816,matched,MATCHED_Impulsive,Proposed_CA_CNN_RNND,3642,0.5217239260673523,0.4128998890519142,0.10882403887808323,
0,260816,matched,MATCHED_Impulsive,Proposed_CA_CNN_RNND,3643,0.40455400198698044,0.3246815763413906,0.07987241540104151,
0,260816,matched,MATCHED_Impulsive,Proposed_CA_CNN_RNND,3644,0.5177834928035736,0.4151154235005379,0.10266805998980999,
0,260816,matched,MATCHED_Impulsive,Proposed_CA_CNN_RNND,3645,0.4503738209605217,0.3609325587749481,0.08944125846028328,
0,260816,matched,MATCHED_Impulsive,Proposed_CA_CNN_RNND,3646,0.30697382614016533,0.25273794308304787,0.05423588678240776,
0,260816,matched,MATCHED_Impulsive,Proposed_CA_CNN_RNND,3647,0.3034930042922497,0.2535550929605961,0.04993790853768587,
0,260816,matched,MATCHED_Impulsive,Proposed_CA_CNN_RNND,3648,0.6185774132609367,0.486885666847229,0.13169175013899803,
0,260816,matched,MATCHED_Impulsive,Proposed_CA_CNN_RNND,3649,0.35267389565706253,0.28183285146951675,0.07084104139357805,
0,260816,matched,MATCHED_Impulsive,Proposed_CA_CNN_RNND,3650,0.5951656475663185,0.47096456587314606,0.12420107796788216,
0,260816,matched,MATCHED_Impulsive,Proposed_CA_CNN_RNND,3651,0.3313262052834034,0.2745531275868416,0.0567730744369328,
0,260816,matched,MATCHED_Impulsive,Proposed_CA_CNN_RNND,3652,0.28201913088560104,0.2337685376405716,0.04825060022994876,
0,260816,matched,MATCHED_Impulsive,Proposed_CA_CNN_RNND,3653,0.23892205208539963,0.2015862986445427,0.03733575437217951,
0,260816,matched,MATCHED_Impulsive,Proposed_CA_CNN_RNND,3654,0.42942558974027634,0.3444133922457695,0.0850121898110956,
0,260816,matched,MATCHED_Impulsive,Proposed_CA_CNN_RNND,3655,0.3673875778913498,0.3008751794695854,0.0665124012157321,
0,260816,matched,MATCHED_Impulsive,Proposed_CA_CNN_RNND,3656,0.22825640067458153,0.19725916907191277,0.030997232301160693,
0,260816,matched,MATCHED_Impulsive,Proposed_CA_CNN_RNND,3657,0.30738890171051025,0.2599308006465435,0.047458093613386154,
0,260816,matched,MATCHED_Impulsive,Proposed_CA_CNN_RNND,3658,0.4574336037039757,0.3591780699789524,0.09825553186237812,
0,260816,matched,MATCHED_Impulsive,Proposed_CA_CNN_RNND,3659,0.331747692078352,0.2749236971139908,0.05682398937642574,
0,260816,matched,MATCHED_Impulsive,Proposed_CA_CNN_RNND,3660,0.6021642982959747,0.4741169810295105,0.12804731354117393,
0,260816,matched,MATCHED_Impulsive,Proposed_CA_CNN_RNND,3661,0.39409075304865837,0.32337428256869316,0.07071646768599749,
0,260816,matched,MATCHED_Impulsive,Proposed_CA_CNN_RNND,3662,0.513433463871479,0.4082031659781933,0.1052302960306406,
0,260816,matched,MATCHED_Impulsive,Proposed_CA_CNN_RNND,3663,0.3510483577847481,0.29396019503474236,0.05708814971148968,
0,260816,matched,MATCHED_Impulsive,Proposed_CA_CNN_RNND,3664,0.4958941340446472,0.39848703145980835,0.09740710258483887,
0,260816,matched,MATCHED_Impulsive,Proposed_CA_CNN_RNND,3665,0.38155579939484596,0.3057783953845501,0.07577739749103785,
0,260816,matched,MATCHED_Impulsive,Proposed_CA_CNN_RNND,3666,0.33961574733257294,0.28038249909877777,0.05923324916511774,
0,260816,matched,MATCHED_Impulsive,Proposed_CA_CNN_RNND,3667,0.5058245658874512,0.4136921912431717,0.09213237836956978,
0,260816,matched,MATCHED_Impulsive,Proposed_CA_CNN_RNND,3668,0.2101416178047657,0.18044837936758995,0.029693240765482187,
0,260816,matched,MATCHED_Impulsive,Proposed_CA_CNN_RNND,3669,0.315295472741127,0.2623892053961754,0.052906264550983906,
0,260816,matched,MATCHED_Impulsive,Proposed_CA_CNN_RNND,3670,0.43228041380643845,0.35795171558856964,0.07432870008051395,
0,260816,matched,MATCHED_Impulsive,Proposed_CA_CNN_RNND,3671,0.3755255863070488,0.30343351513147354,0.07209207722917199,
0,260816,matched,MATCHED_Impulsive,Proposed_CA_CNN_RNND,3672,0.22625228762626648,0.19404477067291737,0.03220751788467169,
0,260816,matched,MATCHED_Impulsive,Proposed_CA_CNN_RNND,3673,0.46041757613420486,0.36957212164998055,0.09084546659141779,
0,260816,matched,MATCHED_Impulsive,Proposed_CA_CNN_RNND,3674,0.31982923299074173,0.26237793266773224,0.05745130591094494,
0,260816,matched,MATCHED_Impulsive,Proposed_CA_CNN_RNND,3675,0.4834001064300537,0.39229730516672134,0.09110281383618712,
0,260816,matched,MATCHED_Impulsive,Proposed_CA_CNN_RNND,3676,0.36060913652181625,0.29492249712347984,0.06568664312362671,
0,260816,matched,MATCHED_Impulsive,Proposed_CA_CNN_RNND,3677,0.4245712608098984,0.3451698236167431,0.0794014260172844,
0,260816,matched,MATCHED_Impulsive,Proposed_CA_CNN_RNND,3678,0.28908994793891907,0.24163588881492615,0.04745405958965421,
0,260816,matched,MATCHED_Impulsive,Proposed_CA_CNN_RNND,3679,0.35095057636499405,0.28528501093387604,0.06566556356847286,
0,260816,matched,MATCHED_Impulsive,Proposed_CA_CNN_RNND,3680,0.38787754625082016,0.3153989613056183,0.07247858960181475,
0,260816,matched,MATCHED_Impulsive,Proposed_CA_CNN_RNND,3681,0.27889400720596313,0.23337207362055779,0.045521934516727924,
0,260816,matched,MATCHED_Impulsive,Proposed_CA_CNN_RNND,3682,0.40984536707401276,0.32794301956892014,0.08190234750509262,
0,260816,matched,MATCHED_Impulsive,Proposed_CA_CNN_RNND,3683,0.5263975746929646,0.41993235796689987,0.10646523023024201,
0,260816,matched,MATCHED_Impulsive,Proposed_CA_CNN_RNND,3684,0.28744956478476524,0.2382197231054306,0.04922984354197979,
0,260816,matched,MATCHED_Impulsive,Proposed_CA_CNN_RNND,3685,0.4190974533557892,0.34016652405261993,0.0789309199899435,
0,260816,matched,MATCHED_Impulsive,Proposed_CA_CNN_RNND,3686,0.3665979169309139,0.2996782697737217,0.0669196480885148,
0,260816,matched,MATCHED_Impulsive,Proposed_CA_CNN_RNND,3687,0.41291989758610725,0.3359233886003494,0.07699650665745139,
0,260816,matched,MATCHED_Impulsive,Proposed_CA_CNN_RNND,3688,0.4092007577419281,0.3336479552090168,0.075552798807621,
0,260816,matched,MATCHED_Impulsive,Proposed_CA_CNN_RNND,3689,0.4903248995542526,0.39166606590151787,0.09865881828591228,
0,260816,matched,MATCHED_Impulsive,Proposed_CA_CNN_RNND,3690,0.35661755874753,0.29427218809723854,0.06234537344425917,
0,260816,matched,MATCHED_Impulsive,Proposed_CA_CNN_RNND,3691,0.4661600738763809,0.3736698031425476,0.09249026980251074,
0,260816,matched,MATCHED_Impulsive,Proposed_CA_CNN_RNND,3692,0.2587549090385437,0.2248884215950966,0.03386648278683424,
0,260816,matched,MATCHED_Impulsive,Proposed_CA_CNN_RNND,3693,0.46326180174946785,0.3674583826214075,0.09580341866239905,
0,260816,matched,MATCHED_Impulsive,Proposed_CA_CNN_RNND,3694,0.44236908107995987,0.3544910401105881,0.08787805121392012,
0,260816,matched,MATCHED_Impulsive,Proposed_CA_CNN_RNND,3695,0.4734167009592056,0.38086768984794617,0.09254901669919491,
0,260816,matched,MATCHED_Impulsive,Proposed_CA_CNN_RNND,3696,0.3028954155743122,0.2535300478339195,0.04936537053436041,
0,260816,matched,MATCHED_Impulsive,Proposed_CA_CNN_RNND,3697,0.39741750061511993,0.3241429515182972,0.07327456027269363,
0,260816,matched,MATCHED_Impulsive,Proposed_CA_CNN_RNND,3698,0.4543149918317795,0.3597581870853901,0.09455679170787334,
0,260816,matched,MATCHED_Impulsive,Proposed_CA_CNN_RNND,3699,0.3524615056812763,0.2905225455760956,0.06193896476179361,
0,260816,matched,MATCHED_Impulsive,Proposed_CA_CNN_RNND,3700,0.21179011836647987,0.17691227793693542,0.03487783716991544,
0,260816,matched,MATCHED_Impulsive,Proposed_CA_CNN_RNND,3701,0.5185145884752274,0.4155929461121559,0.10292164050042629,
0,260816,matched,MATCHED_Impulsive,Proposed_CA_CNN_RNND,3702,0.5370069146156311,0.42307737469673157,0.11392952874302864,
0,260816,matched,MATCHED_Impulsive,Proposed_CA_CNN_RNND,3703,0.34751390665769577,0.2898115888237953,0.05770232155919075,
0,260816,matched,MATCHED_Impulsive,Proposed_CA_CNN_RNND,3704,0.43466028943657875,0.35231708362698555,0.08234320022165775,
0,260816,matched,MATCHED_Impulsive,Proposed_CA_CNN_RNND,3705,0.49304670095443726,0.3956281468272209,0.09741854295134544,
0,260816,matched,MATCHED_Impulsive,Proposed_CA_CNN_RNND,3706,0.28358402848243713,0.23488439619541168,0.04869963973760605,
0,260816,matched,MATCHED_Impulsive,Proposed_CA_CNN_RNND,3707,0.42403125017881393,0.3460521064698696,0.07797915209084749,
0,260816,matched,MATCHED_Impulsive,Proposed_CA_CNN_RNND,3708,0.40383484587073326,0.32999034598469734,0.07384449429810047,
0,260816,matched,MATCHED_Impulsive,Proposed_CA_CNN_RNND,3709,0.3559514284133911,0.2948296256363392,0.061121800914406776,
0,260816,matched,MATCHED_Impulsive,Proposed_CA_CNN_RNND,3710,0.4408840239048004,0.35330943018198013,0.08757458440959454,
0,260816,matched,MATCHED_Impulsive,Proposed_CA_CNN_RNND,3711,0.25767628848552704,0.22091689705848694,0.0367593951523304,
0,260816,matched,MATCHED_Impulsive,Proposed_CA_CNN_RNND,3712,0.29499197006225586,0.25353068485856056,0.041461281478405,
0,260816,matched,MATCHED_Impulsive,Proposed_CA_CNN_RNND,3713,0.429977223277092,0.3459276333451271,0.08404958434402943,
0,260816,matched,MATCHED_Impulsive,Proposed_CA_CNN_RNND,3714,0.43776315450668335,0.35697148740291595,0.08079166151583195,
0,260816,matched,MATCHED_Impulsive,Proposed_CA_CNN_RNND,3715,0.3912878856062889,0.31486790254712105,0.07641998678445816,
0,260816,matched,MATCHED_Impulsive,Proposed_CA_CNN_RNND,3716,0.4524953067302704,0.3572816774249077,0.09521361440420151,
0,260816,matched,MATCHED_Impulsive,Proposed_CA_CNN_RNND,3717,0.2905552461743355,0.24324418604373932,0.047311059199273586,
0,260816,matched,MATCHED_Impulsive,Proposed_CA_CNN_RNND,3718,0.5164006724953651,0.4144536480307579,0.10194702632725239,
0,260816,matched,MATCHED_Impulsive,Proposed_CA_CNN_RNND,3719,0.47430869936943054,0.3783664107322693,0.09594228304922581,
0,260816,matched,MATCHED_Impulsive,Proposed_CA_CNN_RNND,3720,0.44523195922374725,0.36046505719423294,0.08476690482348204,
0,260816,matched,MATCHED_Impulsive,Proposed_CA_CNN_RNND,3721,0.26170724630355835,0.22203662991523743,0.03967061126604676,
0,260816,matched,MATCHED_Impulsive,Proposed_CA_CNN_RNND,3722,0.48661305755376816,0.3914378210902214,0.0951752457767725,
0,260816,matched,MATCHED_Impulsive,Proposed_CA_CNN_RNND,3723,0.47455596178770065,0.38103774935007095,0.0935182012617588,
0,260816,matched,MATCHED_Impulsive,Proposed_CA_CNN_RNND,3724,0.41133856028318405,0.33765673637390137,0.07368182763457298,
0,260816,matched,MATCHED_Impulsive,Proposed_CA_CNN_RNND,3725,0.39039037749171257,0.31112705916166306,0.07926332019269466,
0,260816,matched,MATCHED_Impulsive,Proposed_CA_CNN_RNND,3726,0.4685094729065895,0.3740842342376709,0.09442523680627346,
0,260816,matched,MATCHED_Impulsive,Proposed_CA_CNN_RNND,3727,0.3558751232922077,0.2958506867289543,0.06002443004399538,
0,260816,matched,MATCHED_Impulsive,Proposed_CA_CNN_RNND,3728,0.3245919644832611,0.27306801825761795,0.05152394715696573,
0,260816,matched,MATCHED_Impulsive,Proposed_CA_CNN_RNND,3729,0.4016024097800255,0.32591041177511215,0.07569199986755848,
0,260816,matched,MATCHED_Impulsive,Proposed_CA_CNN_RNND,3730,0.3363436385989189,0.27732762694358826,0.05901601165533066,
0,260816,matched,MATCHED_Impulsive,Proposed_CA_CNN_RNND,3731,0.3546353504061699,0.2898790277540684,0.06475632078945637,
0,260816,matched,MATCHED_Impulsive,Proposed_CA_CNN_RNND,3732,0.4023875221610069,0.3246590606868267,0.07772846892476082,
0,260816,matched,MATCHED_Impulsive,Proposed_CA_CNN_RNND,3733,0.3889000043272972,0.31309180706739426,0.07580819679424167,
0,260816,matched,MATCHED_Impulsive,Proposed_CA_CNN_RNND,3734,0.3710613586008549,0.3013532981276512,0.06970806699246168,
0,260816,matched,MATCHED_Impulsive,Proposed_CA_CNN_RNND,3735,0.3724125996232033,0.3029697984457016,0.06944279093295336,
0,260816,matched,MATCHED_Impulsive,Proposed_CA_CNN_RNND,3736,0.294448796659708,0.24301442503929138,0.05143436789512634,
0,260816,matched,MATCHED_Impulsive,Proposed_CA_CNN_RNND,3737,0.35612041875720024,0.28807713091373444,0.06804328924044967,
0,260816,matched,MATCHED_Impulsive,Proposed_CA_CNN_RNND,3738,0.4623557850718498,0.36321912705898285,0.09913665056228638,
0,260816,matched,MATCHED_Impulsive,Proposed_CA_CNN_RNND,3739,0.4085720479488373,0.33237044513225555,0.07620160281658173,
0,260816,matched,MATCHED_Impulsive,Proposed_CA_CNN_RNND,3740,0.3200397230684757,0.26529860123991966,0.05474113067612052,
0,260816,matched,MATCHED_Impulsive,Proposed_CA_CNN_RNND,3741,0.4623096063733101,0.37289369106292725,0.08941592182964087,
0,260816,matched,MATCHED_Impulsive,Proposed_CA_CNN_RNND,3742,0.3222670815885067,0.2587301805615425,0.06353690754622221,
0,260816,matched,MATCHED_Impulsive,Proposed_CA_CNN_RNND,3743,0.35903558135032654,0.2931130826473236,0.06592249684035778,
0,260816,matched,MATCHED_Impulsive,Proposed_CA_CNN_RNND,3744,0.31512267515063286,0.25743021070957184,0.057692468632012606,
0,260816,matched,MATCHED_Impulsive,Proposed_CA_CNN_RNND,3745,0.42281272262334824,0.34850503504276276,0.07430768944323063,
0,260816,matched,MATCHED_Impulsive,Proposed_CA_CNN_RNND,3746,0.546200230717659,0.4291580393910408,0.11704217735677958,
0,260816,matched,MATCHED_Impulsive,Proposed_CA_CNN_RNND,3747,0.37264883518218994,0.3050842359662056,0.06756460480391979,
0,260816,matched,MATCHED_Impulsive,Proposed_CA_CNN_RNND,3748,0.2739844545722008,0.23054828122258186,0.04343616543337703,
0,260816,matched,MATCHED_Impulsive,Proposed_CA_CNN_RNND,3749,0.638412207365036,0.49818606674671173,0.14022615365684032,
0,260816,matched,MATCHED_Impulsive,Proposed_CA_CNN_RNND,3750,0.2195834517478943,0.18573743849992752,0.03384601231664419,
0,260816,matched,MATCHED_Impulsive,Proposed_CA_CNN_RNND,3751,0.2559184245765209,0.21635761857032776,0.03956080740317702,
0,260816,matched,MATCHED_Impulsive,Proposed_CA_CNN_RNND,3752,0.39400535076856613,0.32339509576559067,0.07061025872826576,
0,260816,matched,MATCHED_Impulsive,Proposed_CA_CNN_RNND,3753,0.44799644127488136,0.3604715093970299,0.08752493374049664,
0,260816,matched,MATCHED_Impulsive,Proposed_CA_CNN_RNND,3754,0.35270438343286514,0.2827828414738178,0.06992154382169247,
0,260816,matched,MATCHED_Impulsive,Proposed_CA_CNN_RNND,3755,0.40163756906986237,0.32173094153404236,0.07990663964301348,
0,260816,matched,MATCHED_Impulsive,Proposed_CA_CNN_RNND,3756,0.5308690592646599,0.41549211740493774,0.11537693627178669,
0,260816,matched,MATCHED_Impulsive,Proposed_CA_CNN_RNND,3757,0.4342835247516632,0.3571927286684513,0.0770907886326313,
0,260816,matched,MATCHED_Impulsive,Proposed_CA_CNN_RNND,3758,0.44534581154584885,0.3644389286637306,0.08090688288211823,
0,260816,matched,MATCHED_Impulsive,Proposed_CA_CNN_RNND,3759,0.28488483279943466,0.23970821499824524,0.04517661081627011,
0,260816,matched,MATCHED_Impulsive,Proposed_CA_CNN_RNND,3760,0.28136904537677765,0.2350194826722145,0.04634955897927284,
0,260816,matched,MATCHED_Impulsive,Proposed_CA_CNN_RNND,3761,0.2835833914577961,0.23824895173311234,0.04533444019034505,
0,260816,matched,MATCHED_Impulsive,Proposed_CA_CNN_RNND,3762,0.3343946039676666,0.27795104309916496,0.05644356086850166,
0,260816,matched,MATCHED_Impulsive,Proposed_CA_CNN_RNND,3763,0.3769054263830185,0.3030387610197067,0.07386665232479572,
0,260816,matched,MATCHED_Impulsive,Proposed_CA_CNN_RNND,3764,0.3003944233059883,0.25217481330037117,0.048219604417681694,
0,260816,matched,MATCHED_Impulsive,Proposed_CA_CNN_RNND,3765,0.24722326174378395,0.2106415145099163,0.03658174071460962,
0,260816,matched,MATCHED_Impulsive,Proposed_CA_CNN_RNND,3766,0.3186199478805065,0.2663659453392029,0.05225401232019067,
0,260816,matched,MATCHED_Impulsive,Proposed_CA_CNN_RNND,3767,0.3549492619931698,0.29301777482032776,0.061931490898132324,
0,260816,matched,MATCHED_Impulsive,Proposed_CA_CNN_RNND,3768,0.42359985411167145,0.3475296422839165,0.07607021555304527,
0,260816,matched,MATCHED_Impulsive,Proposed_CA_CNN_RNND,3769,0.34947068616747856,0.2868392840027809,0.06263139471411705,
0,260816,matched,MATCHED_Impulsive,Proposed_CA_CNN_RNND,3770,0.29911406338214874,0.2560953348875046,0.04301873408257961,
0,260816,matched,MATCHED_Impulsive,Proposed_CA_CNN_RNND,3771,0.5120793282985687,0.41310832649469376,0.09897099807858467,
0,260816,matched,MATCHED_Impulsive,Proposed_CA_CNN_RNND,3772,0.45420436561107635,0.3668540306389332,0.08735034801065922,
0,260816,matched,MATCHED_Impulsive,Proposed_CA_CNN_RNND,3773,0.42901647090911865,0.3445889241993427,0.08442753832787275,
0,260816,matched,MATCHED_Impulsive,Proposed_CA_CNN_RNND,3774,0.2657300867140293,0.22004573419690132,0.04568435437977314,
0,260816,matched,MATCHED_Impulsive,Proposed_CA_CNN_RNND,3775,0.344445314258337,0.27629808709025383,0.06814722530543804,
0,260816,matched,MATCHED_Impulsive,Proposed_CA_CNN_RNND,3776,0.44699714705348015,0.36236390471458435,0.08463324885815382,
0,260816,matched,MATCHED_Impulsive,Proposed_CA_CNN_RNND,3777,0.25305013358592987,0.21846427395939827,0.03458585496991873,
0,260816,matched,MATCHED_Impulsive,Proposed_CA_CNN_RNND,3778,0.3576103113591671,0.29458483308553696,0.06302547361701727,
0,260816,matched,MATCHED_Impulsive,Proposed_CA_CNN_RNND,3779,0.24730001017451286,0.21567566692829132,0.03162434324622154,
0,260816,matched,MATCHED_Impulsive,Proposed_CA_CNN_RNND,3780,0.27209480479359627,0.22720380499958992,0.04489099979400635,
0,260816,matched,MATCHED_Impulsive,Proposed_CA_CNN_RNND,3781,0.39441724121570587,0.3188016898930073,0.07561555691063404,
0,260816,matched,MATCHED_Impulsive,Proposed_CA_CNN_RNND,3782,0.484406441450119,0.3942589834332466,0.09014745708554983,
0,260816,matched,MATCHED_Impulsive,Proposed_CA_CNN_RNND,3783,0.3527236543595791,0.29116367921233177,0.06155997980386019,
0,260816,matched,MATCHED_Impulsive,Proposed_CA_CNN_RNND,3784,0.34976859763264656,0.2820401154458523,0.0677284812554717,
0,260816,matched,MATCHED_Impulsive,Proposed_CA_CNN_RNND,3785,0.40237198024988174,0.33190008997917175,0.0704718828201294,
0,260816,matched,MATCHED_Impulsive,Proposed_CA_CNN_RNND,3786,0.3573615364730358,0.29855215549468994,0.05880937911570072,
0,260816,matched,MATCHED_Impulsive,Proposed_CA_CNN_RNND,3787,0.42918186262249947,0.34928955510258675,0.07989230565726757,
0,260816,matched,MATCHED_Impulsive,Proposed_CA_CNN_RNND,3788,0.3990977108478546,0.3269004821777344,0.07219722587615252,
0,260816,matched,MATCHED_Impulsive,Proposed_CA_CNN_RNND,3789,0.4807220846414566,0.3817824460566044,0.09893963485956192,
0,260816,matched,MATCHED_Impulsive,Proposed_CA_CNN_RNND,3790,0.3789262995123863,0.3019373081624508,0.07698900159448385,
0,260816,matched,MATCHED_Impulsive,Proposed_CA_CNN_RNND,3791,0.32263804227113724,0.2700381651520729,0.052599876187741756,
0,260816,matched,MATCHED_Impulsive,Proposed_CA_CNN_RNND,3792,0.4079173430800438,0.32749364897608757,0.08042370388284326,
0,260816,matched,MATCHED_Impulsive,Proposed_CA_CNN_RNND,3793,0.5104949474334717,0.40727853775024414,0.10321640595793724,
0,260816,matched,MATCHED_Impulsive,Proposed_CA_CNN_RNND,3794,0.42105361819267273,0.3363681249320507,0.08468549884855747,
0,260816,matched,MATCHED_Impulsive,Proposed_CA_CNN_RNND,3795,0.433866523206234,0.35111191496253014,0.08275459986180067,
0,260816,matched,MATCHED_Impulsive,Proposed_CA_CNN_RNND,3796,0.5044738948345184,0.4004253149032593,0.10404857434332371,
0,260816,matched,MATCHED_Impulsive,Proposed_CA_CNN_RNND,3797,0.4278363361954689,0.3515721708536148,0.07626415509730577,
0,260816,matched,MATCHED_Impulsive,Proposed_CA_CNN_RNND,3798,0.5074141323566437,0.41330520808696747,0.09410891681909561,
0,260816,matched,MATCHED_Impulsive,Proposed_CA_CNN_RNND,3799,0.4557722732424736,0.3646712861955166,0.09110097959637642,
0,260816,matched,MATCHED_Impulsive,Proposed_CA_CNN_RNND,3800,0.35473155602812767,0.28922197222709656,0.06550958473235369,-1.0030045103825413
0,260816,matched,MATCHED_Impulsive,Proposed_CA_CNN_RNND,3801,0.3814869076013565,0.31254180520772934,0.06894510611891747,
0,260816,matched,MATCHED_Impulsive,Proposed_CA_CNN_RNND,3802,0.39115142077207565,0.3114605210721493,0.0796909024938941,
0,260816,matched,MATCHED_Impulsive,Proposed_CA_CNN_RNND,3803,0.3756129667162895,0.3074820153415203,0.06813095510005951,
0,260816,matched,MATCHED_Impulsive,Proposed_CA_CNN_RNND,3804,0.5163356438279152,0.4065287709236145,0.10980687104165554,
0,260816,matched,MATCHED_Impulsive,Proposed_CA_CNN_RNND,3805,0.38823040947318077,0.30905041098594666,0.07917999289929867,
0,260816,matched,MATCHED_Impulsive,Proposed_CA_CNN_RNND,3806,0.45574263483285904,0.368107832968235,0.08763479627668858,
0,260816,matched,MATCHED_Impulsive,Proposed_CA_CNN_RNND,3807,0.3701009452342987,0.31177715957164764,0.058323790319263935,
0,260816,matched,MATCHED_Impulsive,Proposed_CA_CNN_RNND,3808,0.4823758155107498,0.3864230811595917,0.09595273621380329,
0,260816,matched,MATCHED_Impulsive,Proposed_CA_CNN_RNND,3809,0.36228450387716293,0.301221139729023,0.06106335669755936,
0,260816,matched,MATCHED_Impulsive,Proposed_CA_CNN_RNND,3810,0.46589914709329605,0.3666115552186966,0.09928758814930916,
0,260816,matched,MATCHED_Impulsive,Proposed_CA_CNN_RNND,3811,0.2743358612060547,0.23213854432106018,0.04219731921330094,
0,260816,matched,MATCHED_Impulsive,Proposed_CA_CNN_RNND,3812,0.32531820610165596,0.2674512639641762,0.057866948656737804,
0,260816,matched,MATCHED_Impulsive,Proposed_CA_CNN_RNND,3813,0.40215353667736053,0.33070937544107437,0.07144416263327003,
0,260816,matched,MATCHED_Impulsive,Proposed_CA_CNN_RNND,3814,0.41854753717780113,0.3369951546192169,0.08155238768085837,
0,260816,matched,MATCHED_Impulsive,Proposed_CA_CNN_RNND,3815,0.3700295090675354,0.3031921684741974,0.06683733686804771,
0,260816,matched,MATCHED_Impulsive,Proposed_CA_CNN_RNND,3816,0.3455123268067837,0.2832631468772888,0.06224917760118842,
0,260816,matched,MATCHED_Impulsive,Proposed_CA_CNN_RNND,3817,0.2770577035844326,0.23360015079379082,0.04345755046233535,
0,260816,matched,MATCHED_Impulsive,Proposed_CA_CNN_RNND,3818,0.4040839523077011,0.3267837166786194,0.07730023330077529,
0,260816,matched,MATCHED_Impulsive,Proposed_CA_CNN_RNND,3819,0.30933327227830887,0.2505345046520233,0.058798765297979116,
0,260816,matched,MATCHED_Impulsive,Proposed_CA_CNN_RNND,3820,0.5890098065137863,0.46707721054553986,0.12193258851766586,
0,260816,matched,MATCHED_Impulsive,Proposed_CA_CNN_RNND,3821,0.38435589149594307,0.31632815673947334,0.06802772358059883,
0,260816,matched,MATCHED_Impulsive,Proposed_CA_CNN_RNND,3822,0.4160253256559372,0.34023473784327507,0.0757905887439847,
0,260816,matched,MATCHED_Impulsive,Proposed_CA_CNN_RNND,3823,0.45590025931596756,0.3648748956620693,0.09102537296712399,
0,260816,matched,MATCHED_Impulsive,Proposed_CA_CNN_RNND,3824,0.2925260365009308,0.25476768612861633,0.037758353631943464,
0,260816,matched,MATCHED_Impulsive,Proposed_CA_CNN_RNND,3825,0.3648800067603588,0.29801614582538605,0.06686385720968246,
0,260816,matched,MATCHED_Impulsive,Proposed_CA_CNN_RNND,3826,0.41019539535045624,0.3338794372975826,0.07631595432758331,
0,260816,matched,MATCHED_Impulsive,Proposed_CA_CNN_RNND,3827,0.42966872826218605,0.3436705209314823,0.08599819988012314,
0,260816,matched,MATCHED_Impulsive,Proposed_CA_CNN_RNND,3828,0.31912366300821304,0.2609160728752613,0.05820759758353233,
0,260816,matched,MATCHED_Impulsive,Proposed_CA_CNN_RNND,3829,0.35018469393253326,0.291152760386467,0.05903194099664688,
0,260816,matched,MATCHED_Impulsive,Proposed_CA_CNN_RNND,3830,0.3108249492943287,0.2541240379214287,0.05670092022046447,
0,260816,matched,MATCHED_Impulsive,Proposed_CA_CNN_RNND,3831,0.34342973679304123,0.2861766144633293,0.0572531227953732,
0,260816,matched,MATCHED_Impulsive,Proposed_CA_CNN_RNND,3832,0.2937985584139824,0.24627050757408142,0.0475280461832881,
0,260816,matched,MATCHED_Impulsive,Proposed_CA_CNN_RNND,3833,0.38504529744386673,0.3147290199995041,0.0703162681311369,
0,260816,matched,MATCHED_Impulsive,Proposed_CA_CNN_RNND,3834,0.30829503014683723,0.259086012840271,0.049209012649953365,
0,260816,matched,MATCHED_Impulsive,Proposed_CA_CNN_RNND,3835,0.3632737025618553,0.30266427248716354,0.060609422624111176,
0,260816,matched,MATCHED_Impulsive,Proposed_CA_CNN_RNND,3836,0.36759333312511444,0.2959597706794739,0.07163355872035027,
0,260816,matched,MATCHED_Impulsive,Proposed_CA_CNN_RNND,3837,0.4373541362583637,0.3518454544246197,0.08550869300961494,
0,260816,matched,MATCHED_Impulsive,Proposed_CA_CNN_RNND,3838,0.3030754290521145,0.25533509999513626,0.04774032114073634,
0,260816,matched,MATCHED_Impulsive,Proposed_CA_CNN_RNND,3839,0.5412877947092056,0.4240344241261482,0.1172533668577671,
0,260816,matched,MATCHED_Impulsive,Proposed_CA_CNN_RNND,3840,0.2620060592889786,0.2233581356704235,0.03864792641252279,
0,260816,matched,MATCHED_Impulsive,Proposed_CA_CNN_RNND,3841,0.4194477014243603,0.33553749322891235,0.08391019562259316,
0,260816,matched,MATCHED_Impulsive,Proposed_CA_CNN_RNND,3842,0.27849436923861504,0.23316597566008568,0.04532839544117451,
0,260816,matched,MATCHED_Impulsive,Proposed_CA_CNN_RNND,3843,0.4705786928534508,0.3745725154876709,0.09600618574768305,
0,260816,matched,MATCHED_Impulsive,Proposed_CA_CNN_RNND,3844,0.31846875324845314,0.2582957521080971,0.06017300207167864,
0,260816,matched,MATCHED_Impulsive,Proposed_CA_CNN_RNND,3845,0.44329671561717987,0.3567654862999916,0.08653123304247856,
0,260816,matched,MATCHED_Impulsive,Proposed_CA_CNN_RNND,3846,0.45866093039512634,0.3787176087498665,0.0799433309584856,
0,260816,matched,MATCHED_Impulsive,Proposed_CA_CNN_RNND,3847,0.4988604933023453,0.3975241370499134,0.10133636929094791,
0,260816,matched,MATCHED_Impulsive,Proposed_CA_CNN_RNND,3848,0.3172561749815941,0.2607173025608063,0.056538877077400684,
0,260816,matched,MATCHED_Impulsive,Proposed_CA_CNN_RNND,3849,0.3857699930667877,0.31647706776857376,0.06929293833673,
0,260816,matched,MATCHED_Impulsive,Proposed_CA_CNN_RNND,3850,0.416559599339962,0.33580996468663216,0.08074962999671698,
0,260816,matched,MATCHED_Impulsive,Proposed_CA_CNN_RNND,3851,0.37716837599873543,0.30797015503048897,0.06919822655618191,
0,260816,matched,MATCHED_Impulsive,Proposed_CA_CNN_RNND,3852,0.3061055317521095,0.2582053616642952,0.04790017195045948,
0,260816,matched,MATCHED_Impulsive,Proposed_CA_CNN_RNND,3853,0.32926565781235695,0.2687156945466995,0.06054995907470584,
0,260816,matched,MATCHED_Impulsive,Proposed_CA_CNN_RNND,3854,0.3277605511248112,0.27353037893772125,0.05423017079010606,
0,260816,matched,MATCHED_Impulsive,Proposed_CA_CNN_RNND,3855,0.404402669519186,0.3235681429505348,0.0808345377445221,
0,260816,matched,MATCHED_Impulsive,Proposed_CA_CNN_RNND,3856,0.45332638919353485,0.36707353591918945,0.0862528532743454,
0,260816,matched,MATCHED_Impulsive,Proposed_CA_CNN_RNND,3857,0.35936108976602554,0.304318368434906,0.05504272785037756,
0,260816,matched,MATCHED_Impulsive,Proposed_CA_CNN_RNND,3858,0.29316889122128487,0.24955854192376137,0.04361035116016865,
0,260816,matched,MATCHED_Impulsive,Proposed_CA_CNN_RNND,3859,0.39453376084566116,0.3187287747859955,0.07580500282347202,
0,260816,matched,MATCHED_Impulsive,Proposed_CA_CNN_RNND,3860,0.4026614874601364,0.32764992862939835,0.07501155650243163,
0,260816,matched,MATCHED_Impulsive,Proposed_CA_CNN_RNND,3861,0.5074859037995338,0.40945087373256683,0.09803502075374126,
0,260816,matched,MATCHED_Impulsive,Proposed_CA_CNN_RNND,3862,0.4117664806544781,0.3252701349556446,0.08649634663015604,
0,260816,matched,MATCHED_Impulsive,Proposed_CA_CNN_RNND,3863,0.39890191704034805,0.3209960274398327,0.07790590263903141,
0,260816,matched,MATCHED_Impulsive,Proposed_CA_CNN_RNND,3864,0.4473308399319649,0.3584430068731308,0.08888783492147923,
0,260816,matched,MATCHED_Impulsive,Proposed_CA_CNN_RNND,3865,0.40860532224178314,0.3314737379550934,0.07713159918785095,
0,260816,matched,MATCHED_Impulsive,Proposed_CA_CNN_RNND,3866,0.3280108645558357,0.26298410445451736,0.06502676662057638,
0,260816,matched,MATCHED_Impulsive,Proposed_CA_CNN_RNND,3867,0.4118286818265915,0.3324185460805893,0.0794101357460022,
0,260816,matched,MATCHED_Impulsive,Proposed_CA_CNN_RNND,3868,0.33964164555072784,0.27817705646157265,0.061464590951800346,
0,260816,matched,MATCHED_Impulsive,Proposed_CA_CNN_RNND,3869,0.31105179339647293,0.25960731506347656,0.051444471813738346,
0,260816,matched,MATCHED_Impulsive,Proposed_CA_CNN_RNND,3870,0.4465523809194565,0.35770249366760254,0.08884987607598305,
0,260816,matched,MATCHED_Impulsive,Proposed_CA_CNN_RNND,3871,0.4089474678039551,0.33246270194649696,0.07648477470502257,
0,260816,matched,MATCHED_Impulsive,Proposed_CA_CNN_RNND,3872,0.22776296734809875,0.1967461034655571,0.031016857363283634,
0,260816,matched,MATCHED_Impulsive,Proposed_CA_CNN_RNND,3873,0.47346317768096924,0.3851093649864197,0.08835380896925926,
0,260816,matched,MATCHED_Impulsive,Proposed_CA_CNN_RNND,3874,0.48780930787324905,0.392817921936512,0.09499138966202736,
0,260816,matched,MATCHED_Impulsive,Proposed_CA_CNN_RNND,3875,0.31960688531398773,0.26685021072626114,0.05275667831301689,
0,260816,matched,MATCHED_Impulsive,Proposed_CA_CNN_RNND,3876,0.46922289580106735,0.37328388541936874,0.09593900572508574,
0,260816,matched,MATCHED_Impulsive,Proposed_CA_CNN_RNND,3877,0.5316180735826492,0.42265401780605316,0.10896405577659607,
0,260816,matched,MATCHED_Impulsive,Proposed_CA_CNN_RNND,3878,0.4404850974678993,0.3568476289510727,0.08363747410476208,
0,260816,matched,MATCHED_Impulsive,Proposed_CA_CNN_RNND,3879,0.556724950671196,0.44620489329099655,0.11052004806697369,
0,260816,matched,MATCHED_Impulsive,Proposed_CA_CNN_RNND,3880,0.4302421882748604,0.35334092006087303,0.07690126728266478,
0,260816,matched,MATCHED_Impulsive,Proposed_CA_CNN_RNND,3881,0.4102051630616188,0.33822326362133026,0.07198190316557884,
0,260816,matched,MATCHED_Impulsive,Proposed_CA_CNN_RNND,3882,0.5813278779387474,0.4630563333630562,0.11827153898775578,
0,260816,matched,MATCHED_Impulsive,Proposed_CA_CNN_RNND,3883,0.2496984414756298,0.21647023409605026,0.03322820505127311,
0,260816,matched,MATCHED_Impulsive,Proposed_CA_CNN_RNND,3884,0.4033869542181492,0.32726721465587616,0.07611973118036985,
0,260816,matched,MATCHED_Impulsive,Proposed_CA_CNN_RNND,3885,0.23045875504612923,0.20459498837590218,0.025863769929856062,
0,260816,matched,MATCHED_Impulsive,Proposed_CA_CNN_RNND,3886,0.3488299585878849,0.2863910272717476,0.06243893504142761,
0,260816,matched,MATCHED_Impulsive,Proposed_CA_CNN_RNND,3887,0.36688976362347603,0.2941826581954956,0.07270709658041596,
0,260816,matched,MATCHED_Impulsive,Proposed_CA_CNN_RNND,3888,0.32372163981199265,0.2663349211215973,0.05738672288134694,
0,260816,matched,MATCHED_Impulsive,Proposed_CA_CNN_RNND,3889,0.3677656129002571,0.30368275567889214,0.06408284790813923,
0,260816,matched,MATCHED_Impulsive,Proposed_CA_CNN_RNND,3890,0.263571847230196,0.2179943583905697,0.04557749256491661,
0,260816,matched,MATCHED_Impulsive,Proposed_CA_CNN_RNND,3891,0.4620397314429283,0.37674306333065033,0.08529666624963284,
0,260816,matched,MATCHED_Impulsive,Proposed_CA_CNN_RNND,3892,0.33942148834466934,0.26983707025647163,0.06958442088216543,
0,260816,matched,MATCHED_Impulsive,Proposed_CA_CNN_RNND,3893,0.3841203302145004,0.3157564774155617,0.06836384907364845,
0,260816,matched,MATCHED_Impulsive,Proposed_CA_CNN_RNND,3894,0.3626546673476696,0.29132650792598724,0.07132814917713404,
0,260816,matched,MATCHED_Impulsive,Proposed_CA_CNN_RNND,3895,0.24729479476809502,0.20653036236763,0.04076443566009402,
0,260816,matched,MATCHED_Impulsive,Proposed_CA_CNN_RNND,3896,0.20184073597192764,0.1756320409476757,0.026208696886897087,
0,260816,matched,MATCHED_Impulsive,Proposed_CA_CNN_RNND,3897,0.30128346011042595,0.2516377680003643,0.049645692110061646,
0,260816,matched,MATCHED_Impulsive,Proposed_CA_CNN_RNND,3898,0.2903148718178272,0.24238944053649902,0.04792543454095721,
0,260816,matched,MATCHED_Impulsive,Proposed_CA_CNN_RNND,3899,0.44611379504203796,0.3577098362147808,0.08840396627783775,
0,260816,matched,MATCHED_Impulsive,Proposed_CA_CNN_RNND,3900,0.33427122980356216,0.2715980038046837,0.06267323344945908,
0,260816,matched,MATCHED_Impulsive,Proposed_CA_CNN_RNND,3901,0.32460610568523407,0.26996222883462906,0.054643869400024414,
0,260816,matched,MATCHED_Impulsive,Proposed_CA_CNN_RNND,3902,0.3656708598136902,0.2960667721927166,0.06960408017039299,
0,260816,matched,MATCHED_Impulsive,Proposed_CA_CNN_RNND,3903,0.44489824771881104,0.3540487140417099,0.09084953181445599,
0,260816,matched,MATCHED_Impulsive,Proposed_CA_CNN_RNND,3904,0.27626414597034454,0.23365434259176254,0.042609806172549725,
0,260816,matched,MATCHED_Impulsive,Proposed_CA_CNN_RNND,3905,0.30253634974360466,0.24904105067253113,0.05349530279636383,
0,260816,matched,MATCHED_Impulsive,Proposed_CA_CNN_RNND,3906,0.41603540629148483,0.34164388477802277,0.07439152896404266,
0,260816,matched,MATCHED_Impulsive,Proposed_CA_CNN_RNND,3907,0.4277435466647148,0.3467060215771198,0.08103753067553043,
0,260816,matched,MATCHED_Impulsive,Proposed_CA_CNN_RNND,3908,0.43233243376016617,0.34580639749765396,0.08652603719383478,
0,260816,matched,MATCHED_Impulsive,Proposed_CA_CNN_RNND,3909,0.3763863630592823,0.3016299903392792,0.07475636806339025,
0,260816,matched,MATCHED_Impulsive,Proposed_CA_CNN_RNND,3910,0.32648149877786636,0.2647315636277199,0.06174993049353361,
0,260816,matched,MATCHED_Impulsive,Proposed_CA_CNN_RNND,3911,0.44822268933057785,0.3589031882584095,0.08931949641555548,
0,260816,matched,MATCHED_Impulsive,Proposed_CA_CNN_RNND,3912,0.3883778564631939,0.31434401497244835,0.07403383776545525,
0,260816,matched,MATCHED_Impulsive,Proposed_CA_CNN_RNND,3913,0.5538563653826714,0.4345894679427147,0.11926688719540834,
0,260816,matched,MATCHED_Impulsive,Proposed_CA_CNN_RNND,3914,0.3432094566524029,0.2855248339474201,0.057684632018208504,
0,260816,matched,MATCHED_Impulsive,Proposed_CA_CNN_RNND,3915,0.3581378385424614,0.2993389964103699,0.05879884399473667,
0,260816,matched,MATCHED_Impulsive,Proposed_CA_CNN_RNND,3916,0.42698758840560913,0.34676771610975266,0.08021987043321133,
0,260816,matched,MATCHED_Impulsive,Proposed_CA_CNN_RNND,3917,0.39508289843797684,0.31979942321777344,0.07528346963226795,
0,260816,matched,MATCHED_Impulsive,Proposed_CA_CNN_RNND,3918,0.47892235219478607,0.3826252371072769,0.09629712207242846,
0,260816,matched,MATCHED_Impulsive,Proposed_CA_CNN_RNND,3919,0.4526340439915657,0.369834303855896,0.08279973454773426,
0,260816,matched,MATCHED_Impulsive,Proposed_CA_CNN_RNND,3920,0.5480646193027496,0.43855569511651993,0.1095089316368103,
0,260816,matched,MATCHED_Impulsive,Proposed_CA_CNN_RNND,3921,0.40079985558986664,0.32876818254590034,0.0720316730439663,
0,260816,matched,MATCHED_Impulsive,Proposed_CA_CNN_RNND,3922,0.4470173567533493,0.3599991239607334,0.08701823116280138,
0,260816,matched,MATCHED_Impulsive,Proposed_CA_CNN_RNND,3923,0.25017524883151054,0.20973037369549274,0.04044487327337265,
0,260816,matched,MATCHED_Impulsive,Proposed_CA_CNN_RNND,3924,0.5479608401656151,0.4293799176812172,0.11858093272894621,
0,260816,matched,MATCHED_Impulsive,Proposed_CA_CNN_RNND,3925,0.3773925192654133,0.3063281364738941,0.07106438744813204,
0,260816,matched,MATCHED_Impulsive,Proposed_CA_CNN_RNND,3926,0.3633219227194786,0.30204102396965027,0.06128089129924774,
0,260816,matched,MATCHED_Impulsive,Proposed_CA_CNN_RNND,3927,0.42941485717892647,0.3437616676092148,0.08565319562330842,
0,260816,matched,MATCHED_Impulsive,Proposed_CA_CNN_RNND,3928,0.4672830328345299,0.3732398673892021,0.09404317755252123,
0,260816,matched,MATCHED_Impulsive,Proposed_CA_CNN_RNND,3929,0.44850099831819534,0.3519379459321499,0.09656306356191635,
0,260816,matched,MATCHED_Impulsive,Proposed_CA_CNN_RNND,3930,0.3516418784856796,0.28324921429157257,0.0683926553465426,
0,260816,matched,MATCHED_Impulsive,Proposed_CA_CNN_RNND,3931,0.37671811878681183,0.30995476245880127,0.06676334515213966,
0,260816,matched,MATCHED_Impulsive,Proposed_CA_CNN_RNND,3932,0.4592416286468506,0.3743894249200821,0.08485221117734909,
0,260816,matched,MATCHED_Impulsive,Proposed_CA_CNN_RNND,3933,0.31135234609246254,0.2586155831813812,0.05273676011711359,
0,260816,matched,MATCHED_Impulsive,Proposed_CA_CNN_RNND,3934,0.5240615159273148,0.41693852841854095,0.10712299682199955,
0,260816,matched,MATCHED_Impulsive,Proposed_CA_CNN_RNND,3935,0.35394613072276115,0.2903134636580944,0.06363266706466675,
0,260816,matched,MATCHED_Impulsive,Proposed_CA_CNN_RNND,3936,0.4004082605242729,0.3224097788333893,0.07799848169088364,
0,260816,matched,MATCHED_Impulsive,Proposed_CA_CNN_RNND,3937,0.4975999742746353,0.39689119160175323,0.10070879384875298,
0,260816,matched,MATCHED_Impulsive,Proposed_CA_CNN_RNND,3938,0.2215500846505165,0.18410726077854633,0.037442825036123395,
0,260816,matched,MATCHED_Impulsive,Proposed_CA_CNN_RNND,3939,0.4499560296535492,0.36865442991256714,0.08130159415304661,
0,260816,matched,MATCHED_Impulsive,Proposed_CA_CNN_RNND,3940,0.3087833747267723,0.257102083414793,0.05168129317462444,
0,260816,matched,MATCHED_Impulsive,Proposed_CA_CNN_RNND,3941,0.3306501470506191,0.2742011919617653,0.05644896347075701,
0,260816,matched,MATCHED_Impulsive,Proposed_CA_CNN_RNND,3942,0.6060402393341064,0.47069478034973145,0.135345458984375,
0,260816,matched,MATCHED_Impulsive,Proposed_CA_CNN_RNND,3943,0.4681042991578579,0.37058962881565094,0.09751467313617468,
0,260816,matched,MATCHED_Impulsive,Proposed_CA_CNN_RNND,3944,0.3531590402126312,0.28820908442139626,0.06494995392858982,
0,260816,matched,MATCHED_Impulsive,Proposed_CA_CNN_RNND,3945,0.4197843559086323,0.3358091302216053,0.08397522289305925,
0,260816,matched,MATCHED_Impulsive,Proposed_CA_CNN_RNND,3946,0.48511864989995956,0.38591868430376053,0.09919995488598943,
0,260816,matched,MATCHED_Impulsive,Proposed_CA_CNN_RNND,3947,0.24086333066225052,0.209303829818964,0.031559502240270376,
0,260816,matched,MATCHED_Impulsive,Proposed_CA_CNN_RNND,3948,0.30379822850227356,0.2514018267393112,0.05239640362560749,
0,260816,matched,MATCHED_Impulsive,Proposed_CA_CNN_RNND,3949,0.5463375449180603,0.4377620071172714,0.10857553593814373,
0,260816,matched,MATCHED_Impulsive,Proposed_CA_CNN_RNND,3950,0.4202309399843216,0.33264578878879547,0.0875851521268487,
0,260816,matched,MATCHED_Impulsive,Proposed_CA_CNN_RNND,3951,0.36530890315771103,0.29999491572380066,0.06531399441882968,
0,260816,matched,MATCHED_Impulsive,Proposed_CA_CNN_RNND,3952,0.3489874489605427,0.2836739122867584,0.06531353201717138,
0,260816,matched,MATCHED_Impulsive,Proposed_CA_CNN_RNND,3953,0.5377864167094231,0.41419070959091187,0.12359569407999516,
0,260816,matched,MATCHED_Impulsive,Proposed_CA_CNN_RNND,3954,0.4054230600595474,0.3249540403485298,0.0804690271615982,
0,260816,matched,MATCHED_Impulsive,Proposed_CA_CNN_RNND,3955,0.36126888170838356,0.2961525321006775,0.06511634890921414,
0,260816,matched,MATCHED_Impulsive,Proposed_CA_CNN_RNND,3956,0.4418600723147392,0.3616998493671417,0.08016022946685553,
0,260816,matched,MATCHED_Impulsive,Proposed_CA_CNN_RNND,3957,0.2953900992870331,0.24904663860797882,0.046343457885086536,
0,260816,matched,MATCHED_Impulsive,Proposed_CA_CNN_RNND,3958,0.5790198445320129,0.4573510140180588,0.12166883237659931,
0,260816,matched,MATCHED_Impulsive,Proposed_CA_CNN_RNND,3959,0.45929238200187683,0.36360612884163857,0.09568625688552856,
0,260816,matched,MATCHED_Impulsive,Proposed_CA_CNN_RNND,3960,0.3894718326628208,0.3162407651543617,0.07323106843978167,
0,260816,matched,MATCHED_Impulsive,Proposed_CA_CNN_RNND,3961,0.3896251320838928,0.32358454540371895,0.06604057736694813,
0,260816,matched,MATCHED_Impulsive,Proposed_CA_CNN_RNND,3962,0.495101161301136,0.4032336324453354,0.0918675409629941,
0,260816,matched,MATCHED_Impulsive,Proposed_CA_CNN_RNND,3963,0.4588290676474571,0.368990994989872,0.08983808103948832,
0,260816,matched,MATCHED_Impulsive,Proposed_CA_CNN_RNND,3964,0.416564267128706,0.3370498716831207,0.07951439637690783,
0,260816,matched,MATCHED_Impulsive,Proposed_CA_CNN_RNND,3965,0.5294872522354126,0.4207979589700699,0.10868929885327816,
0,260816,matched,MATCHED_Impulsive,Proposed_CA_CNN_RNND,3966,0.3620786666870117,0.2956683859229088,0.06641027797013521,
0,260816,matched,MATCHED_Impulsive,Proposed_CA_CNN_RNND,3967,0.3711496889591217,0.302477665245533,0.06867201812565327,
0,260816,matched,MATCHED_Impulsive,Proposed_CA_CNN_RNND,3968,0.3832816854119301,0.31396622210741043,0.06931545399129391,
0,260816,matched,MATCHED_Impulsive,Proposed_CA_CNN_RNND,3969,0.5950191020965576,0.4670785441994667,0.1279405541718006,
0,260816,matched,MATCHED_Impulsive,Proposed_CA_CNN_RNND,3970,0.44943298399448395,0.36250775679945946,0.0869252197444439,
0,260816,matched,MATCHED_Impulsive,Proposed_CA_CNN_RNND,3971,0.37545713409781456,0.3058183565735817,0.06963877286761999,
0,260816,matched,MATCHED_Impulsive,Proposed_CA_CNN_RNND,3972,0.412652101367712,0.33301838487386703,0.07963371835649014,
0,260816,matched,MATCHED_Impulsive,Proposed_CA_CNN_RNND,3973,0.40926530957221985,0.3325696885585785,0.07669562380760908,
0,260816,matched,MATCHED_Impulsive,Proposed_CA_CNN_RNND,3974,0.4758779853582382,0.3849022500216961,0.09097573906183243,
0,260816,matched,MATCHED_Impulsive,Proposed_CA_CNN_RNND,3975,0.4042726084589958,0.32959429174661636,0.07467831671237946,
0,260816,matched,MATCHED_Impulsive,Proposed_CA_CNN_RNND,3976,0.41708314418792725,0.33732255175709724,0.07976059103384614,
0,260816,matched,MATCHED_Impulsive,Proposed_CA_CNN_RNND,3977,0.25496986880898476,0.21916086971759796,0.03580899816006422,
0,260816,matched,MATCHED_Impulsive,Proposed_CA_CNN_RNND,3978,0.4180969260632992,0.3441445790231228,0.07395236077718437,
0,260816,matched,MATCHED_Impulsive,Proposed_CA_CNN_RNND,3979,0.39872896671295166,0.32529494538903236,0.07343401294201612,
0,260816,matched,MATCHED_Impulsive,Proposed_CA_CNN_RNND,3980,0.3962644264101982,0.32168907672166824,0.07457535248249769,
0,260816,matched,MATCHED_Impulsive,Proposed_CA_CNN_RNND,3981,0.29293838888406754,0.24875351041555405,0.04418487148359418,
0,260816,matched,MATCHED_Impulsive,Proposed_CA_CNN_RNND,3982,0.3916148915886879,0.318187914788723,0.07342698378488421,
0,260816,matched,MATCHED_Impulsive,Proposed_CA_CNN_RNND,3983,0.3619599789381027,0.2960461936891079,0.06591378711163998,
0,260816,matched,MATCHED_Impulsive,Proposed_CA_CNN_RNND,3984,0.4238223433494568,0.3440481759607792,0.0797741673886776,
0,260816,matched,MATCHED_Impulsive,Proposed_CA_CNN_RNND,3985,0.4589029476046562,0.3644160106778145,0.09448694251477718,
0,260816,matched,MATCHED_Impulsive,Proposed_CA_CNN_RNND,3986,0.3173852004110813,0.2628033086657524,0.05458188895136118,
0,260816,matched,MATCHED_Impulsive,Proposed_CA_CNN_RNND,3987,0.4169686324894428,0.3394354432821274,0.07753319339826703,
0,260816,matched,MATCHED_Impulsive,Proposed_CA_CNN_RNND,3988,0.27116119861602783,0.22882893681526184,0.04233226319774985,
0,260816,matched,MATCHED_Impulsive,Proposed_CA_CNN_RNND,3989,0.32255376875400543,0.2685460336506367,0.05400774069130421,
0,260816,matched,MATCHED_Impulsive,Proposed_CA_CNN_RNND,3990,0.2871915102005005,0.24342796951532364,0.04376354441046715,
0,260816,matched,MATCHED_Impulsive,Proposed_CA_CNN_RNND,3991,0.23272745311260223,0.19901969656348228,0.03370775328949094,
0,260816,matched,MATCHED_Impulsive,Proposed_CA_CNN_RNND,3992,0.4332638159394264,0.34488435834646225,0.08837944827973843,
0,260816,matched,MATCHED_Impulsive,Proposed_CA_CNN_RNND,3993,0.3096100203692913,0.2594590075314045,0.05015100724995136,
0,260816,matched,MATCHED_Impulsive,Proposed_CA_CNN_RNND,3994,0.4513343423604965,0.3680132105946541,0.08332113083451986,
0,260816,matched,MATCHED_Impulsive,Proposed_CA_CNN_RNND,3995,0.4696873277425766,0.3806395083665848,0.08904781751334667,
0,260816,matched,MATCHED_Impulsive,Proposed_CA_CNN_RNND,3996,0.4502776861190796,0.3557543717324734,0.09452331718057394,
0,260816,matched,MATCHED_Impulsive,Proposed_CA_CNN_RNND,3997,0.47274596244096756,0.37808384001255035,0.09466212056577206,
0,260816,matched,MATCHED_Impulsive,Proposed_CA_CNN_RNND,3998,0.35964227840304375,0.2984389215707779,0.061203351244330406,
0,260816,matched,MATCHED_Impulsive,Proposed_CA_CNN_RNND,3999,0.447016928344965,0.35165322944521904,0.09536369470879436,
0,260816,matched,MATCHED_Impulsive,Proposed_CA_CNN_RNND,4000,0.2859123833477497,0.24422184005379677,0.04169055260717869,-1.0105274274671463
0,260816,matched,MATCHED_Impulsive,Proposed_CA_CNN_RNND,4001,0.5246351361274719,0.42508528381586075,0.09954985976219177,
0,260816,matched,MATCHED_Impulsive,Proposed_CA_CNN_RNND,4002,0.36681201681494713,0.3001677580177784,0.0666442634537816,
0,260816,matched,MATCHED_Impulsive,Proposed_CA_CNN_RNND,4003,0.3392016142606735,0.27402351796627045,0.0651781028136611,
0,260816,matched,MATCHED_Impulsive,Proposed_CA_CNN_RNND,4004,0.39382025972008705,0.3186408430337906,0.07517942041158676,
0,260816,matched,MATCHED_Impulsive,Proposed_CA_CNN_RNND,4005,0.5498666539788246,0.4242512062191963,0.1256154552102089,
0,260816,matched,MATCHED_Impulsive,Proposed_CA_CNN_RNND,4006,0.3107379488646984,0.2603384628891945,0.050399483647197485,
0,260816,matched,MATCHED_Impulsive,Proposed_CA_CNN_RNND,4007,0.45382918044924736,0.36648862063884735,0.08734055608510971,
0,260816,matched,MATCHED_Impulsive,Proposed_CA_CNN_RNND,4008,0.33520887047052383,0.27864233404397964,0.05656654201447964,
0,260816,matched,MATCHED_Impulsive,Proposed_CA_CNN_RNND,4009,0.3940521851181984,0.32477377355098724,0.06927841901779175,
0,260816,matched,MATCHED_Impulsive,Proposed_CA_CNN_RNND,4010,0.3328167013823986,0.27336112037301064,0.05945558287203312,
0,260816,matched,MATCHED_Impulsive,Proposed_CA_CNN_RNND,4011,0.5111806392669678,0.4046172723174095,0.10656335949897766,
0,260816,matched,MATCHED_Impulsive,Proposed_CA_CNN_RNND,4012,0.6151589304208755,0.4837193861603737,0.13143954053521156,
0,260816,matched,MATCHED_Impulsive,Proposed_CA_CNN_RNND,4013,0.4870705083012581,0.3909997045993805,0.09607079904526472,
0,260816,matched,MATCHED_Impulsive,Proposed_CA_CNN_RNND,4014,0.548642948269844,0.43599729239940643,0.11264565493911505,
0,260816,matched,MATCHED_Impulsive,Proposed_CA_CNN_RNND,4015,0.36176465451717377,0.2885243557393551,0.07324030064046383,
0,260816,matched,MATCHED_Impulsive,Proposed_CA_CNN_RNND,4016,0.43811169266700745,0.3536313660442829,0.08448033593595028,
0,260816,matched,MATCHED_Impulsive,Proposed_CA_CNN_RNND,4017,0.45577631145715714,0.36588501930236816,0.08989130333065987,
0,260816,matched,MATCHED_Impulsive,Proposed_CA_CNN_RNND,4018,0.4251812808215618,0.3447709083557129,0.08041037525981665,
0,260816,matched,MATCHED_Impulsive,Proposed_CA_CNN_RNND,4019,0.2477424256503582,0.2157132811844349,0.03202913887798786,
0,260816,matched,MATCHED_Impulsive,Proposed_CA_CNN_RNND,4020,0.4017871730029583,0.32859156280755997,0.07319561438634992,
0,260816,matched,MATCHED_Impulsive,Proposed_CA_CNN_RNND,4021,0.43084730952978134,0.35244545340538025,0.07840184681117535,
0,260816,matched,MATCHED_Impulsive,Proposed_CA_CNN_RNND,4022,0.225752592086792,0.1952035203576088,0.03054907126352191,
0,260816,matched,MATCHED_Impulsive,Proposed_CA_CNN_RNND,4023,0.3265172988176346,0.2741868495941162,0.052330453880131245,
0,260816,matched,MATCHED_Impulsive,Proposed_CA_CNN_RNND,4024,0.2625119872391224,0.21995911747217178,0.04255287069827318,
0,260816,matched,MATCHED_Impulsive,Proposed_CA_CNN_RNND,4025,0.25215429812669754,0.2170627973973751,0.035091493744403124,
0,260816,matched,MATCHED_Impulsive,Proposed_CA_CNN_RNND,4026,0.3395734988152981,0.28261135518550873,0.05696214269846678,
0,260816,matched,MATCHED_Impulsive,Proposed_CA_CNN_RNND,4027,0.3471255898475647,0.2924208343029022,0.05470475275069475,
0,260816,matched,MATCHED_Impulsive,Proposed_CA_CNN_RNND,4028,0.39887066930532455,0.32734449952840805,0.0715261809527874,
0,260816,matched,MATCHED_Impulsive,Proposed_CA_CNN_RNND,4029,0.3869585432112217,0.3123369589447975,0.0746215796098113,
0,260816,matched,MATCHED_Impulsive,Proposed_CA_CNN_RNND,4030,0.31321147084236145,0.26219237968325615,0.05101909441873431,
0,260816,matched,MATCHED_Impulsive,Proposed_CA_CNN_RNND,4031,0.33689113333821297,0.2832910940051079,0.05360003747045994,
0,260816,matched,MATCHED_Impulsive,Proposed_CA_CNN_RNND,4032,0.4362281784415245,0.3549642264842987,0.08126395754516125,
0,260816,matched,MATCHED_Impulsive,Proposed_CA_CNN_RNND,4033,0.39658935368061066,0.32272397726774216,0.07386536616832018,
0,260816,matched,MATCHED_Impulsive,Proposed_CA_CNN_RNND,4034,0.24892739579081535,0.2122364304959774,0.036690969951450825,
0,260816,matched,MATCHED_Impulsive,Proposed_CA_CNN_RNND,4035,0.32023385912179947,0.25829293206334114,0.061940920539200306,
0,260816,matched,MATCHED_Impulsive,Proposed_CA_CNN_RNND,4036,0.5300423949956894,0.42195945978164673,0.10808293148875237,
0,260816,matched,MATCHED_Impulsive,Proposed_CA_CNN_RNND,4037,0.33971645683050156,0.2801574245095253,0.05955903697758913,
0,260816,matched,MATCHED_Impulsive,Proposed_CA_CNN_RNND,4038,0.32555750757455826,0.26544514670968056,0.060112368781119585,
0,260816,matched,MATCHED_Impulsive,Proposed_CA_CNN_RNND,4039,0.38907362148165703,0.31637975946068764,0.07269387133419514,
0,260816,matched,MATCHED_Impulsive,Proposed_CA_CNN_RNND,4040,0.4120590016245842,0.3348836079239845,0.07717538392171264,
0,260816,matched,MATCHED_Impulsive,Proposed_CA_CNN_RNND,4041,0.4593895748257637,0.3650851175189018,0.09430445823818445,
0,260816,matched,MATCHED_Impulsive,Proposed_CA_CNN_RNND,4042,0.33744094520807266,0.27994072437286377,0.057500218972563744,
0,260816,matched,MATCHED_Impulsive,Proposed_CA_CNN_RNND,4043,0.45369331538677216,0.36606504768133163,0.0876282649114728,
0,260816,matched,MATCHED_Impulsive,Proposed_CA_CNN_RNND,4044,0.27492262050509453,0.23488468304276466,0.04003794025629759,
0,260816,matched,MATCHED_Impulsive,Proposed_CA_CNN_RNND,4045,0.4355073496699333,0.35056406259536743,0.08494327776134014,
0,260816,matched,MATCHED_Impulsive,Proposed_CA_CNN_RNND,4046,0.3106900714337826,0.2625865861773491,0.048103480599820614,
0,260816,matched,MATCHED_Impulsive,Proposed_CA_CNN_RNND,4047,0.3816368393599987,0.3138435557484627,0.06779329013079405,
0,260816,matched,MATCHED_Impulsive,Proposed_CA_CNN_RNND,4048,0.490931861102581,0.39270495995879173,0.09822690137661994,
0,260816,matched,MATCHED_Impulsive,Proposed_CA_CNN_RNND,4049,0.3227602131664753,0.2678173631429672,0.05494285561144352,
0,260816,matched,MATCHED_Impulsive,Proposed_CA_CNN_RNND,4050,0.4250290170311928,0.342685304582119,0.0823437049984932,
0,260816,matched,MATCHED_Impulsive,Proposed_CA_CNN_RNND,4051,0.3757130540907383,0.3010174762457609,0.07469557225704193,
0,260816,matched,MATCHED_Impulsive,Proposed_CA_CNN_RNND,4052,0.46792663633823395,0.37521927058696747,0.09270736761391163,
0,260816,matched,MATCHED_Impulsive,Proposed_CA_CNN_RNND,4053,0.2602386325597763,0.21444308012723923,0.045795547775924206,
0,260816,matched,MATCHED_Impulsive,Proposed_CA_CNN_RNND,4054,0.4661511033773422,0.3758825734257698,0.09026854112744331,
0,260816,matched,MATCHED_Impulsive,Proposed_CA_CNN_RNND,4055,0.4916546270251274,0.3954337313771248,0.0962208928540349,
0,260816,matched,MATCHED_Impulsive,Proposed_CA_CNN_RNND,4056,0.5552750304341316,0.4373312219977379,0.1179437879472971,
0,260816,matched,MATCHED_Impulsive,Proposed_CA_CNN_RNND,4057,0.27443063259124756,0.23264281824231148,0.04178781411610544,
0,260816,matched,MATCHED_Impulsive,Proposed_CA_CNN_RNND,4058,0.4141383692622185,0.3280224874615669,0.08611588086932898,
0,260816,matched,MATCHED_Impulsive,Proposed_CA_CNN_RNND,4059,0.47456859052181244,0.3815128952264786,0.09305570460855961,
0,260816,matched,MATCHED_Impulsive,Proposed_CA_CNN_RNND,4060,0.4291718043386936,0.34531518444418907,0.08385662501677871,
0,260816,matched,MATCHED_Impulsive,Proposed_CA_CNN_RNND,4061,0.32552865147590637,0.2732614055275917,0.05226725060492754,
0,260816,matched,MATCHED_Impulsive,Proposed_CA_CNN_RNND,4062,0.5248824656009674,0.42364874482154846,0.1012337226420641,
0,260816,matched,MATCHED_Impulsive,Proposed_CA_CNN_RNND,4063,0.4345889091491699,0.3547351807355881,0.0798537228256464,
0,260816,matched,MATCHED_Impulsive,Proposed_CA_CNN_RNND,4064,0.45506108552217484,0.3631550669670105,0.09190602693706751,
0,260816,matched,MATCHED_Impulsive,Proposed_CA_CNN_RNND,4065,0.484507218003273,0.38716473430395126,0.09734247624874115,
0,260816,matched,MATCHED_Impulsive,Proposed_CA_CNN_RNND,4066,0.47198353707790375,0.3819860517978668,0.08999747689813375,
0,260816,matched,MATCHED_Impulsive,Proposed_CA_CNN_RNND,4067,0.5072742849588394,0.40312930941581726,0.1041449774056673,
0,260816,matched,MATCHED_Impulsive,Proposed_CA_CNN_RNND,4068,0.5810382142663002,0.45804446935653687,0.12299376353621483,
0,260816,matched,MATCHED_Impulsive,Proposed_CA_CNN_RNND,4069,0.35959894210100174,0.29574040696024895,0.06385853234678507,
0,260816,matched,MATCHED_Impulsive,Proposed_CA_CNN_RNND,4070,0.2879956476390362,0.24468869343400002,0.04330695141106844,
0,260816,matched,MATCHED_Impulsive,Proposed_CA_CNN_RNND,4071,0.4363098405301571,0.34820448979735374,0.08810535445809364,
0,260816,matched,MATCHED_Impulsive,Proposed_CA_CNN_RNND,4072,0.31727492064237595,0.26970497891306877,0.047569941729307175,
0,260816,matched,MATCHED_Impulsive,Proposed_CA_CNN_RNND,4073,0.3983813673257828,0.322641097009182,0.07574026565998793,
0,260816,matched,MATCHED_Impulsive,Proposed_CA_CNN_RNND,4074,0.2638869658112526,0.22383569180965424,0.04005127027630806,
0,260816,matched,MATCHED_Impulsive,Proposed_CA_CNN_RNND,4075,0.43436916917562485,0.3541812598705292,0.08018791489303112,
0,260816,matched,MATCHED_Impulsive,Proposed_CA_CNN_RNND,4076,0.4000103771686554,0.32692839577794075,0.07308198418468237,
0,260816,matched,MATCHED_Impulsive,Proposed_CA_CNN_RNND,4077,0.395631592720747,0.3187427669763565,0.07688882667571306,
0,260816,matched,MATCHED_Impulsive,Proposed_CA_CNN_RNND,4078,0.43520860746502876,0.3562450706958771,0.07896354049444199,
0,260816,matched,MATCHED_Impulsive,Proposed_CA_CNN_RNND,4079,0.4322654567658901,0.3490392714738846,0.08322619646787643,
0,260816,matched,MATCHED_Impulsive,Proposed_CA_CNN_RNND,4080,0.3470565527677536,0.28954678773880005,0.05750976502895355,
0,260816,matched,MATCHED_Impulsive,Proposed_CA_CNN_RNND,4081,0.369360089302063,0.3017658181488514,0.06759426649659872,
0,260816,matched,MATCHED_Impulsive,Proposed_CA_CNN_RNND,4082,0.41548678651452065,0.3350851759314537,0.08040160778909922,
0,260816,matched,MATCHED_Impulsive,Proposed_CA_CNN_RNND,4083,0.40930501371622086,0.3348207175731659,0.07448430173099041,
0,260816,matched,MATCHED_Impulsive,Proposed_CA_CNN_RNND,4084,0.4324154108762741,0.3440491519868374,0.088366256095469,
0,260816,matched,MATCHED_Impulsive,Proposed_CA_CNN_RNND,4085,0.29510466381907463,0.2517601139843464,0.04334455821663141,
0,260816,matched,MATCHED_Impulsive,Proposed_CA_CNN_RNND,4086,0.48045168071985245,0.38473813980817795,0.0957135371863842,
0,260816,matched,MATCHED_Impulsive,Proposed_CA_CNN_RNND,4087,0.3008132353425026,0.24877429753541946,0.05203893920406699,
0,260816,matched,MATCHED_Impulsive,Proposed_CA_CNN_RNND,4088,0.4484679251909256,0.360349103808403,0.0881188279017806,
0,260816,matched,MATCHED_Impulsive,Proposed_CA_CNN_RNND,4089,0.40700554102659225,0.32601504772901535,0.0809904970228672,
0,260816,matched,MATCHED_Impulsive,Proposed_CA_CNN_RNND,4090,0.36059096455574036,0.2975718528032303,0.06301910616457462,
0,260816,matched,MATCHED_Impulsive,Proposed_CA_CNN_RNND,4091,0.4491095505654812,0.3690534383058548,0.08005610899999738,
0,260816,matched,MATCHED_Impulsive,Proposed_CA_CNN_RNND,4092,0.2814595066010952,0.23261579126119614,0.04884371813386679,
0,260816,matched,MATCHED_Impulsive,Proposed_CA_CNN_RNND,4093,0.32977255061268806,0.27607155218720436,0.053700996562838554,
0,260816,matched,MATCHED_Impulsive,Proposed_CA_CNN_RNND,4094,0.32229796424508095,0.26922648400068283,0.05307147279381752,
0,260816,matched,MATCHED_Impulsive,Proposed_CA_CNN_RNND,4095,0.4897494912147522,0.39379383623600006,0.09595565311610699,
0,260816,matched,MATCHED_Impulsive,Proposed_CA_CNN_RNND,4096,0.4139942601323128,0.33452562987804413,0.07946863770484924,
0,260816,matched,MATCHED_Impulsive,Proposed_CA_CNN_RNND,4097,0.2748067006468773,0.23288335278630257,0.04192334273830056,
0,260816,matched,MATCHED_Impulsive,Proposed_CA_CNN_RNND,4098,0.33206601068377495,0.2723448909819126,0.059721107594668865,
0,260816,matched,MATCHED_Impulsive,Proposed_CA_CNN_RNND,4099,0.4415655955672264,0.3523077182471752,0.08925788477063179,
0,260816,matched,MATCHED_Impulsive,Proposed_CA_CNN_RNND,4100,0.43646351248025894,0.3518061116337776,0.0846574092283845,
0,260816,matched,MATCHED_Impulsive,Proposed_CA_CNN_RNND,4101,0.42658475786447525,0.34870461374521255,0.07788014970719814,
0,260816,matched,MATCHED_Impulsive,Proposed_CA_CNN_RNND,4102,0.47596652060747147,0.3842867761850357,0.09167975280433893,
0,260816,matched,MATCHED_Impulsive,Proposed_CA_CNN_RNND,4103,0.3271443769335747,0.26433032006025314,0.06281405128538609,
0,260816,matched,MATCHED_Impulsive,Proposed_CA_CNN_RNND,4104,0.4749669209122658,0.38264917582273483,0.09231774881482124,
0,260816,matched,MATCHED_Impulsive,Proposed_CA_CNN_RNND,4105,0.43320282548666,0.3505047857761383,0.082698043435812,
0,260816,matched,MATCHED_Impulsive,Proposed_CA_CNN_RNND,4106,0.45401227474212646,0.36654143780469894,0.08747084252536297,
0,260816,matched,MATCHED_Impulsive,Proposed_CA_CNN_RNND,4107,0.4562956392765045,0.36927440762519836,0.0870212260633707,
0,260816,matched,MATCHED_Impulsive,Proposed_CA_CNN_RNND,4108,0.2506020963191986,0.21298692002892494,0.03761517163366079,
0,260816,matched,MATCHED_Impulsive,Proposed_CA_CNN_RNND,4109,0.4241223931312561,0.3355434089899063,0.08857897203415632,
0,260816,matched,MATCHED_Impulsive,Proposed_CA_CNN_RNND,4110,0.45461467653512955,0.36820419505238533,0.08641047962009907,
0,260816,matched,MATCHED_Impulsive,Proposed_CA_CNN_RNND,4111,0.4211610481142998,0.3397753909230232,0.08138565812259912,
0,260816,matched,MATCHED_Impulsive,Proposed_CA_CNN_RNND,4112,0.38408461958169937,0.3176395371556282,0.06644508894532919,
0,260816,matched,MATCHED_Impulsive,Proposed_CA_CNN_RNND,4113,0.36865711212158203,0.30483493208885193,0.0638221763074398,
0,260816,matched,MATCHED_Impulsive,Proposed_CA_CNN_RNND,4114,0.27543119713664055,0.23202796280384064,0.043403235264122486,
0,260816,matched,MATCHED_Impulsive,Proposed_CA_CNN_RNND,4115,0.4077765718102455,0.3281022608280182,0.07967431657016277,
0,260816,matched,MATCHED_Impulsive,Proposed_CA_CNN_RNND,4116,0.4502212330698967,0.3632071018218994,0.08701414242386818,
0,260816,matched,MATCHED_Impulsive,Proposed_CA_CNN_RNND,4117,0.5589137077331543,0.446813628077507,0.11210007220506668,
0,260816,matched,MATCHED_Impulsive,Proposed_CA_CNN_RNND,4118,0.40314121916890144,0.32857613265514374,0.07456508371978998,
0,260816,matched,MATCHED_Impulsive,Proposed_CA_CNN_RNND,4119,0.371015090495348,0.3057713210582733,0.06524376478046179,
0,260816,matched,MATCHED_Impulsive,Proposed_CA_CNN_RNND,4120,0.26840532198548317,0.22553874179720879,0.042866578325629234,
0,260816,matched,MATCHED_Impulsive,Proposed_CA_CNN_RNND,4121,0.3195900730788708,0.26975350081920624,0.04983656946569681,
0,260816,matched,MATCHED_Impulsive,Proposed_CA_CNN_RNND,4122,0.5637926235795021,0.44552069902420044,0.11827192455530167,
0,260816,matched,MATCHED_Impulsive,Proposed_CA_CNN_RNND,4123,0.30185574293136597,0.25343356654047966,0.04842217592522502,
0,260816,matched,MATCHED_Impulsive,Proposed_CA_CNN_RNND,4124,0.4520855024456978,0.3565017655491829,0.09558373782783747,
0,260816,matched,MATCHED_Impulsive,Proposed_CA_CNN_RNND,4125,0.2731315791606903,0.23043420165777206,0.04269737098366022,
0,260816,matched,MATCHED_Impulsive,Proposed_CA_CNN_RNND,4126,0.27219079434871674,0.22956939041614532,0.04262140020728111,
0,260816,matched,MATCHED_Impulsive,Proposed_CA_CNN_RNND,4127,0.3846254348754883,0.31562452390789986,0.06900091655552387,
0,260816,matched,MATCHED_Impulsive,Proposed_CA_CNN_RNND,4128,0.3304492048919201,0.2707282677292824,0.05972093529999256,
0,260816,matched,MATCHED_Impulsive,Proposed_CA_CNN_RNND,4129,0.34263838455080986,0.2799316383898258,0.06270675105042756,
0,260816,matched,MATCHED_Impulsive,Proposed_CA_CNN_RNND,4130,0.3159046694636345,0.2642360180616379,0.051668647676706314,
0,260816,matched,MATCHED_Impulsive,Proposed_CA_CNN_RNND,4131,0.35635025426745415,0.298016682267189,0.05833357712253928,
0,260816,matched,MATCHED_Impulsive,Proposed_CA_CNN_RNND,4132,0.31092627346515656,0.2627851441502571,0.04814113210886717,
0,260816,matched,MATCHED_Impulsive,Proposed_CA_CNN_RNND,4133,0.5028335750102997,0.40335942804813385,0.09947414696216583,
0,260816,matched,MATCHED_Impulsive,Proposed_CA_CNN_RNND,4134,0.38838986307382584,0.3232494443655014,0.06514041870832443,
0,260816,matched,MATCHED_Impulsive,Proposed_CA_CNN_RNND,4135,0.5307999402284622,0.4278300479054451,0.10296989418566227,
0,260816,matched,MATCHED_Impulsive,Proposed_CA_CNN_RNND,4136,0.33859682083129883,0.2795524410903454,0.059044381603598595,
0,260816,matched,MATCHED_Impulsive,Proposed_CA_CNN_RNND,4137,0.5333980619907379,0.4245019629597664,0.10889610648155212,
0,260816,matched,MATCHED_Impulsive,Proposed_CA_CNN_RNND,4138,0.354202788323164,0.2919258773326874,0.06227691052481532,
0,260816,matched,MATCHED_Impulsive,Proposed_CA_CNN_RNND,4139,0.2686183489859104,0.22672411426901817,0.04189422866329551,
0,260816,matched,MATCHED_Impulsive,Proposed_CA_CNN_RNND,4140,0.33147403597831726,0.2764328196644783,0.055041225627064705,
0,260816,matched,MATCHED_Impulsive,Proposed_CA_CNN_RNND,4141,0.4628990739583969,0.3715161047875881,0.09138295985758305,
0,260816,matched,MATCHED_Impulsive,Proposed_CA_CNN_RNND,4142,0.417777668684721,0.3400462344288826,0.07773142866790295,
0,260816,matched,MATCHED_Impulsive,Proposed_CA_CNN_RNND,4143,0.44600292295217514,0.35879380255937576,0.08720912970602512,
0,260816,matched,MATCHED_Impulsive,Proposed_CA_CNN_RNND,4144,0.37399516999721527,0.3059309348464012,0.06806423747912049,
0,260816,matched,MATCHED_Impulsive,Proposed_CA_CNN_RNND,4145,0.280917938798666,0.23898636735975742,0.041931571904569864,
0,260816,matched,MATCHED_Impulsive,Proposed_CA_CNN_RNND,4146,0.358571819961071,0.2970937676727772,0.061478061601519585,
0,260816,matched,MATCHED_Impulsive,Proposed_CA_CNN_RNND,4147,0.3901107795536518,0.3210536763072014,0.06905710604041815,
0,260816,matched,MATCHED_Impulsive,Proposed_CA_CNN_RNND,4148,0.47272471338510513,0.37662726640701294,0.096097432076931,
0,260816,matched,MATCHED_Impulsive,Proposed_CA_CNN_RNND,4149,0.39108529314398766,0.3252393901348114,0.06584590347483754,
0,260816,matched,MATCHED_Impulsive,Proposed_CA_CNN_RNND,4150,0.48826630413532257,0.3907472863793373,0.09751902893185616,
0,260816,matched,MATCHED_Impulsive,Proposed_CA_CNN_RNND,4151,0.5005247443914413,0.3971894234418869,0.10333532933145761,
0,260816,matched,MATCHED_Impulsive,Proposed_CA_CNN_RNND,4152,0.486733827739954,0.38886991515755653,0.09786392841488123,
0,260816,matched,MATCHED_Impulsive,Proposed_CA_CNN_RNND,4153,0.3890873193740845,0.31666039302945137,0.0724269263446331,
0,260816,matched,MATCHED_Impulsive,Proposed_CA_CNN_RNND,4154,0.34261684864759445,0.2856876775622368,0.056929169688373804,
0,260816,matched,MATCHED_Impulsive,Proposed_CA_CNN_RNND,4155,0.2688228711485863,0.23463889211416245,0.03418397670611739,
0,260816,matched,MATCHED_Impulsive,Proposed_CA_CNN_RNND,4156,0.41634247452020645,0.3321438319981098,0.08419863600283861,
0,260816,matched,MATCHED_Impulsive,Proposed_CA_CNN_RNND,4157,0.3400527946650982,0.28607549890875816,0.053977297618985176,
0,260816,matched,MATCHED_Impulsive,Proposed_CA_CNN_RNND,4158,0.3129046782851219,0.25963201373815536,0.0532726664096117,
0,260816,matched,MATCHED_Impulsive,Proposed_CA_CNN_RNND,4159,0.2508772723376751,0.2101503312587738,0.04072693455964327,
0,260816,matched,MATCHED_Impulsive,Proposed_CA_CNN_RNND,4160,0.37783465534448624,0.3104548491537571,0.06737980432808399,
0,260816,matched,MATCHED_Impulsive,Proposed_CA_CNN_RNND,4161,0.4801666736602783,0.38357874751091003,0.09658793732523918,
0,260816,matched,MATCHED_Impulsive,Proposed_CA_CNN_RNND,4162,0.3999723494052887,0.329346127808094,0.07062622718513012,
0,260816,matched,MATCHED_Impulsive,Proposed_CA_CNN_RNND,4163,0.41947585344314575,0.35022668167948723,0.0692491652444005,
0,260816,matched,MATCHED_Impulsive,Proposed_CA_CNN_RNND,4164,0.3545503430068493,0.2913959473371506,0.06315440218895674,
0,260816,matched,MATCHED_Impulsive,Proposed_CA_CNN_RNND,4165,0.5094301328063011,0.407607339322567,0.10182280000299215,
0,260816,matched,MATCHED_Impulsive,Proposed_CA_CNN_RNND,4166,0.37123219668865204,0.30425938218832016,0.06697280704975128,
0,260816,matched,MATCHED_Impulsive,Proposed_CA_CNN_RNND,4167,0.35741546005010605,0.29543937742710114,0.061976089142262936,
0,260816,matched,MATCHED_Impulsive,Proposed_CA_CNN_RNND,4168,0.3358065150678158,0.2796648219227791,0.05614169221371412,
0,260816,matched,MATCHED_Impulsive,Proposed_CA_CNN_RNND,4169,0.26950056850910187,0.22612106800079346,0.04337949678301811,
0,260816,matched,MATCHED_Impulsive,Proposed_CA_CNN_RNND,4170,0.35615191236138344,0.29420631378889084,0.06194560695439577,
0,260816,matched,MATCHED_Impulsive,Proposed_CA_CNN_RNND,4171,0.4775601327419281,0.3848668709397316,0.09269325993955135,
0,260816,matched,MATCHED_Impulsive,Proposed_CA_CNN_RNND,4172,0.4758867472410202,0.38521216809749603,0.09067458007484674,
0,260816,matched,MATCHED_Impulsive,Proposed_CA_CNN_RNND,4173,0.39204247668385506,0.3204931914806366,0.07154929079115391,
0,260816,matched,MATCHED_Impulsive,Proposed_CA_CNN_RNND,4174,0.475662037730217,0.38215921074151993,0.09350283443927765,
0,260816,matched,MATCHED_Impulsive,Proposed_CA_CNN_RNND,4175,0.3014518842101097,0.25430207699537277,0.047149806283414364,
0,260816,matched,MATCHED_Impulsive,Proposed_CA_CNN_RNND,4176,0.4324032664299011,0.34695178270339966,0.08545149117708206,
0,260816,matched,MATCHED_Impulsive,Proposed_CA_CNN_RNND,4177,0.34671829640865326,0.2824207656085491,0.06429753080010414,
0,260816,matched,MATCHED_Impulsive,Proposed_CA_CNN_RNND,4178,0.3542332723736763,0.2881232164800167,0.06611005496233702,
0,260816,matched,MATCHED_Impulsive,Proposed_CA_CNN_RNND,4179,0.4468038007616997,0.35867107659578323,0.08813272370025516,
0,260816,matched,MATCHED_Impulsive,Proposed_CA_CNN_RNND,4180,0.33906037732958794,0.2828381210565567,0.05622225347906351,
0,260816,matched,MATCHED_Impulsive,Proposed_CA_CNN_RNND,4181,0.3483213111758232,0.2882368825376034,0.06008443934842944,
0,260816,matched,MATCHED_Impulsive,Proposed_CA_CNN_RNND,4182,0.3433781638741493,0.2859210968017578,0.057457066141068935,
0,260816,matched,MATCHED_Impulsive,Proposed_CA_CNN_RNND,4183,0.42369936406612396,0.34116610512137413,0.08253325149416924,
0,260816,matched,MATCHED_Impulsive,Proposed_CA_CNN_RNND,4184,0.32779476419091225,0.2709844335913658,0.05681032640859485,
0,260816,matched,MATCHED_Impulsive,Proposed_CA_CNN_RNND,4185,0.5293110013008118,0.41723474860191345,0.11207625083625317,
0,260816,matched,MATCHED_Impulsive,Proposed_CA_CNN_RNND,4186,0.5564307272434235,0.4415936693549156,0.11483706161379814,
0,260816,matched,MATCHED_Impulsive,Proposed_CA_CNN_RNND,4187,0.41150252521038055,0.3303852267563343,0.08111729519441724,
0,260816,matched,MATCHED_Impulsive,Proposed_CA_CNN_RNND,4188,0.45059529691934586,0.36645685136318207,0.08413843438029289,
0,260816,matched,MATCHED_Impulsive,Proposed_CA_CNN_RNND,4189,0.37970083206892014,0.31149231642484665,0.06820851191878319,
0,260816,matched,MATCHED_Impulsive,Proposed_CA_CNN_RNND,4190,0.40020694211125374,0.3257865756750107,0.07442036271095276,
0,260816,matched,MATCHED_Impulsive,Proposed_CA_CNN_RNND,4191,0.4225093796849251,0.33936814963817596,0.08314123656600714,
0,260816,matched,MATCHED_Impulsive,Proposed_CA_CNN_RNND,4192,0.43770967423915863,0.3544108122587204,0.08329884754493833,
0,260816,matched,MATCHED_Impulsive,Proposed_CA_CNN_RNND,4193,0.32604141533374786,0.26610397174954414,0.05993744730949402,
0,260816,matched,MATCHED_Impulsive,Proposed_CA_CNN_RNND,4194,0.4652624875307083,0.3657779321074486,0.09948454983532429,
0,260816,matched,MATCHED_Impulsive,Proposed_CA_CNN_RNND,4195,0.40909910947084427,0.3390672728419304,0.07003183290362358,
0,260816,matched,MATCHED_Impulsive,Proposed_CA_CNN_RNND,4196,0.2479538507759571,0.2070249542593956,0.04092889721505344,
0,260816,matched,MATCHED_Impulsive,Proposed_CA_CNN_RNND,4197,0.45380552113056183,0.3685472160577774,0.08525829762220383,
0,260816,matched,MATCHED_Impulsive,Proposed_CA_CNN_RNND,4198,0.23863060399889946,0.21005192026495934,0.028578682336956263,
0,260816,matched,MATCHED_Impulsive,Proposed_CA_CNN_RNND,4199,0.5122372284531593,0.41223442554473877,0.10000281780958176,
0,260816,matched,MATCHED_Impulsive,Proposed_CA_CNN_RNND,4200,0.3365999907255173,0.27702774852514267,0.05957224126905203,-1.007311404207199
0,260816,matched,MATCHED_Impulsive,Proposed_CA_CNN_RNND,4201,0.273640401661396,0.2395106814801693,0.034129714127629995,
0,260816,matched,MATCHED_Impulsive,Proposed_CA_CNN_RNND,4202,0.32597073540091515,0.2687167525291443,0.05725398380309343,
0,260816,matched,MATCHED_Impulsive,Proposed_CA_CNN_RNND,4203,0.3361855335533619,0.27363309264183044,0.06255244556814432,
0,260816,matched,MATCHED_Impulsive,Proposed_CA_CNN_RNND,4204,0.4678194224834442,0.37719016522169113,0.09062925353646278,
0,260816,matched,MATCHED_Impulsive,Proposed_CA_CNN_RNND,4205,0.46495506167411804,0.3817671462893486,0.08318791538476944,
0,260816,matched,MATCHED_Impulsive,Proposed_CA_CNN_RNND,4206,0.23508395627141,0.2007334604859352,0.034350491128861904,
0,260816,matched,MATCHED_Impulsive,Proposed_CA_CNN_RNND,4207,0.26115330308675766,0.22119379043579102,0.03995951823890209,
0,260816,matched,MATCHED_Impulsive,Proposed_CA_CNN_RNND,4208,0.43080513179302216,0.34813638031482697,0.08266874682158232,
0,260816,matched,MATCHED_Impulsive,Proposed_CA_CNN_RNND,4209,0.4987148568034172,0.3896092064678669,0.10910564288496971,
0,260816,matched,MATCHED_Impulsive,Proposed_CA_CNN_RNND,4210,0.5029797926545143,0.40039777383208275,0.10258202627301216,
0,260816,matched,MATCHED_Impulsive,Proposed_CA_CNN_RNND,4211,0.42920108884572983,0.3508784770965576,0.07832260336726904,
0,260816,matched,MATCHED_Impulsive,Proposed_CA_CNN_RNND,4212,0.2535041570663452,0.22072244435548782,0.032781717367470264,
0,260816,matched,MATCHED_Impulsive,Proposed_CA_CNN_RNND,4213,0.45486120879650116,0.37561988085508347,0.0792413130402565,
0,260816,matched,MATCHED_Impulsive,Proposed_CA_CNN_RNND,4214,0.33590228483080864,0.28122635930776596,0.054675934836268425,
0,260816,matched,MATCHED_Impulsive,Proposed_CA_CNN_RNND,4215,0.3213873319327831,0.26447831094264984,0.05690902378410101,
0,260816,matched,MATCHED_Impulsive,Proposed_CA_CNN_RNND,4216,0.34312229976058006,0.28076668083667755,0.06235561799257994,
0,260816,matched,MATCHED_Impulsive,Proposed_CA_CNN_RNND,4217,0.2766556143760681,0.23654340580105782,0.04011220810934901,
0,260816,matched,MATCHED_Impulsive,Proposed_CA_CNN_RNND,4218,0.43914125487208366,0.3476446829736233,0.09149656444787979,
0,260816,matched,MATCHED_Impulsive,Proposed_CA_CNN_RNND,4219,0.4194538928568363,0.33681072294712067,0.08264317316934466,
0,260816,matched,MATCHED_Impulsive,Proposed_CA_CNN_RNND,4220,0.5641946047544479,0.4518256336450577,0.11236895620822906,
0,260816,matched,MATCHED_Impulsive,Proposed_CA_CNN_RNND,4221,0.2945062518119812,0.2434365302324295,0.05106972064822912,
0,260816,matched,MATCHED_Impulsive,Proposed_CA_CNN_RNND,4222,0.3999902419745922,0.3230121210217476,0.07697811536490917,
0,260816,matched,MATCHED_Impulsive,Proposed_CA_CNN_RNND,4223,0.34410328418016434,0.28219081088900566,0.06191246584057808,
0,260816,matched,MATCHED_Impulsive,Proposed_CA_CNN_RNND,4224,0.4530855417251587,0.3698904812335968,0.08319505676627159,
0,260816,matched,MATCHED_Impulsive,Proposed_CA_CNN_RNND,4225,0.49631284177303314,0.4016169011592865,0.0946959387511015,
0,260816,matched,MATCHED_Impulsive,Proposed_CA_CNN_RNND,4226,0.279630109667778,0.23492450267076492,0.04470561305060983,
0,260816,matched,MATCHED_Impulsive,Proposed_CA_CNN_RNND,4227,0.38421082124114037,0.31540902704000473,0.06880180165171623,
0,260816,matched,MATCHED_Impulsive,Proposed_CA_CNN_RNND,4228,0.40969477593898773,0.3312584161758423,0.07843636209145188,
0,260816,matched,MATCHED_Impulsive,Proposed_CA_CNN_RNND,4229,0.4132152125239372,0.3341286927461624,0.07908652722835541,
0,260816,matched,MATCHED_Impulsive,Proposed_CA_CNN_RNND,4230,0.41418877989053726,0.3363192789256573,0.07786950655281544,
0,260816,matched,MATCHED_Impulsive,Proposed_CA_CNN_RNND,4231,0.3655361421406269,0.3009519502520561,0.06458418816328049,
0,260816,matched,MATCHED_Impulsive,Proposed_CA_CNN_RNND,4232,0.30119914934039116,0.2467627078294754,0.05443644989281893,
0,260816,matched,MATCHED_Impulsive,Proposed_CA_CNN_RNND,4233,0.47526436671614647,0.37747055664658546,0.09779380448162556,
0,260816,matched,MATCHED_Impulsive,Proposed_CA_CNN_RNND,4234,0.4006779231131077,0.3261416293680668,0.07453628489747643,
0,260816,matched,MATCHED_Impulsive,Proposed_CA_CNN_RNND,4235,0.4292506128549576,0.34649013355374336,0.08276047743856907,
0,260816,matched,MATCHED_Impulsive,Proposed_CA_CNN_RNND,4236,0.3767055943608284,0.30481578037142754,0.07188981678336859,
0,260816,matched,MATCHED_Impulsive,Proposed_CA_CNN_RNND,4237,0.4332503080368042,0.3546777553856373,0.07857256382703781,
0,260816,matched,MATCHED_Impulsive,Proposed_CA_CNN_RNND,4238,0.4933518059551716,0.4003811925649643,0.09297060873359442,
0,260816,matched,MATCHED_Impulsive,Proposed_CA_CNN_RNND,4239,0.39060255140066147,0.3194998651742935,0.0711026880890131,
0,260816,matched,MATCHED_Impulsive,Proposed_CA_CNN_RNND,4240,0.5825149118900299,0.46546731889247894,0.11704760603606701,
0,260816,matched,MATCHED_Impulsive,Proposed_CA_CNN_RNND,4241,0.3890285789966583,0.3242381066083908,0.06479047192260623,
0,260816,matched,MATCHED_Impulsive,Proposed_CA_CNN_RNND,4242,0.32304229587316513,0.26242928206920624,0.06061301473528147,
0,260816,matched,MATCHED_Impulsive,Proposed_CA_CNN_RNND,4243,0.4820854291319847,0.38538211956620216,0.09670330118387938,
0,260816,matched,MATCHED_Impulsive,Proposed_CA_CNN_RNND,4244,0.5017220973968506,0.40290284156799316,0.09881925955414772,
0,260816,matched,MATCHED_Impulsive,Proposed_CA_CNN_RNND,4245,0.47889522463083267,0.3814774937927723,0.0974177229218185,
0,260816,matched,MATCHED_Impulsive,Proposed_CA_CNN_RNND,4246,0.48100998997688293,0.39219291508197784,0.08881707116961479,
0,260816,matched,MATCHED_Impulsive,Proposed_CA_CNN_RNND,4247,0.37249160557985306,0.3093101680278778,0.06318143103271723,
0,260816,matched,MATCHED_Impulsive,Proposed_CA_CNN_RNND,4248,0.325543574988842,0.2649543583393097,0.06058922549709678,
0,260816,matched,MATCHED_Impulsive,Proposed_CA_CNN_RNND,4249,0.34026895463466644,0.28622429445385933,0.05404465505853295,
0,260816,matched,MATCHED_Impulsive,Proposed_CA_CNN_RNND,4250,0.2990913577377796,0.24995246529579163,0.04913889477029443,
0,260816,matched,MATCHED_Impulsive,Proposed_CA_CNN_RNND,4251,0.41162488237023354,0.33967722207307816,0.07194764912128448,
0,260816,matched,MATCHED_Impulsive,Proposed_CA_CNN_RNND,4252,0.3109123967587948,0.25419508665800095,0.05671731731854379,
0,260816,matched,MATCHED_Impulsive,Proposed_CA_CNN_RNND,4253,0.3439055383205414,0.2800617478787899,0.0638437895104289,
0,260816,matched,MATCHED_Impulsive,Proposed_CA_CNN_RNND,4254,0.4705672822892666,0.37629811093211174,0.0942691769450903,
0,260816,matched,MATCHED_Impulsive,Proposed_CA_CNN_RNND,4255,0.41328879445791245,0.3383508287370205,0.07493796572089195,
0,260816,matched,MATCHED_Impulsive,Proposed_CA_CNN_RNND,4256,0.46439333260059357,0.37319403886795044,0.09119930677115917,
0,260816,matched,MATCHED_Impulsive,Proposed_CA_CNN_RNND,4257,0.3447808101773262,0.28594333678483963,0.05883747059851885,
0,260816,matched,MATCHED_Impulsive,Proposed_CA_CNN_RNND,4258,0.32347802072763443,0.27125997841358185,0.0522180397529155,
0,260816,matched,MATCHED_Impulsive,Proposed_CA_CNN_RNND,4259,0.342102088034153,0.28401564806699753,0.05808642599731684,
0,260816,matched,MATCHED_Impulsive,Proposed_CA_CNN_RNND,4260,0.36676253750920296,0.30263621360063553,0.06412632763385773,
0,260816,matched,MATCHED_Impulsive,Proposed_CA_CNN_RNND,4261,0.30838073045015335,0.2589517645537853,0.049428961239755154,
0,260816,matched,MATCHED_Impulsive,Proposed_CA_CNN_RNND,4262,0.45028043910861015,0.3622230067849159,0.08805742533877492,
0,260816,matched,MATCHED_Impulsive,Proposed_CA_CNN_RNND,4263,0.47393646091222763,0.37919460237026215,0.0947418650612235,
0,260816,matched,MATCHED_Impulsive,Proposed_CA_CNN_RNND,4264,0.4091005399823189,0.33259041607379913,0.0765101220458746,
0,260816,matched,MATCHED_Impulsive,Proposed_CA_CNN_RNND,4265,0.3619444817304611,0.2962699607014656,0.06567452801391482,
0,260816,matched,MATCHED_Impulsive,Proposed_CA_CNN_RNND,4266,0.3737996593117714,0.30027662590146065,0.07352303806692362,
0,260816,matched,MATCHED_Impulsive,Proposed_CA_CNN_RNND,4267,0.34521839022636414,0.2811085656285286,0.06410983484238386,
0,260816,matched,MATCHED_Impulsive,Proposed_CA_CNN_RNND,4268,0.37541065365076065,0.3050715774297714,0.07033907528966665,
0,260816,matched,MATCHED_Impulsive,Proposed_CA_CNN_RNND,4269,0.36201753467321396,0.29522498324513435,0.06679255049675703,
0,260816,matched,MATCHED_Impulsive,Proposed_CA_CNN_RNND,4270,0.4540150538086891,0.3650219775736332,0.08899307390674949,
0,260816,matched,MATCHED_Impulsive,Proposed_CA_CNN_RNND,4271,0.20237847790122032,0.1794324442744255,0.02294603642076254,
0,260816,matched,MATCHED_Impulsive,Proposed_CA_CNN_RNND,4272,0.43646524101495743,0.3561045825481415,0.08036064635962248,
0,260816,matched,MATCHED_Impulsive,Proposed_CA_CNN_RNND,4273,0.3922388628125191,0.32309717684984207,0.06914169434458017,
0,260816,matched,MATCHED_Impulsive,Proposed_CA_CNN_RNND,4274,0.3470687009394169,0.28810958564281464,0.0589591134339571,
0,260816,matched,MATCHED_Impulsive,Proposed_CA_CNN_RNND,4275,0.4577397257089615,0.36745670437812805,0.09028302505612373,
0,260816,matched,MATCHED_Impulsive,Proposed_CA_CNN_RNND,4276,0.3942439742386341,0.32232747972011566,0.0719165038317442,
0,260816,matched,MATCHED_Impulsive,Proposed_CA_CNN_RNND,4277,0.4009123370051384,0.32778210937976837,0.0731302397325635,
0,260816,matched,MATCHED_Impulsive,Proposed_CA_CNN_RNND,4278,0.4082294628024101,0.33785924315452576,0.07037023268640041,
0,260816,matched,MATCHED_Impulsive,Proposed_CA_CNN_RNND,4279,0.34467455744743347,0.2806929126381874,0.0639816434122622,
0,260816,matched,MATCHED_Impulsive,Proposed_CA_CNN_RNND,4280,0.26124846562743187,0.22335104644298553,0.037897422444075346,
0,260816,matched,MATCHED_Impulsive,Proposed_CA_CNN_RNND,4281,0.40144307166337967,0.321101576089859,0.08034148812294006,
0,260816,matched,MATCHED_Impulsive,Proposed_CA_CNN_RNND,4282,0.45307493954896927,0.3689415827393532,0.08413336146622896,
0,260816,matched,MATCHED_Impulsive,Proposed_CA_CNN_RNND,4283,0.480922669172287,0.38840556889772415,0.09251710958778858,
0,260816,matched,MATCHED_Impulsive,Proposed_CA_CNN_RNND,4284,0.3751312345266342,0.30369315668940544,0.07143807876855135,
0,260816,matched,MATCHED_Impulsive,Proposed_CA_CNN_RNND,4285,0.37049178406596184,0.31227414682507515,0.05821763724088669,
0,260816,matched,MATCHED_Impulsive,Proposed_CA_CNN_RNND,4286,0.44671180099248886,0.3485260680317879,0.09818573575466871,
0,260816,matched,MATCHED_Impulsive,Proposed_CA_CNN_RNND,4287,0.29050160199403763,0.2422301098704338,0.04827148746699095,
0,260816,matched,MATCHED_Impulsive,Proposed_CA_CNN_RNND,4288,0.36690231412649155,0.3079886697232723,0.058913654647767544,
0,260816,matched,MATCHED_Impulsive,Proposed_CA_CNN_RNND,4289,0.28522106260061264,0.23994608968496323,0.04527497244998813,
0,260816,matched,MATCHED_Impulsive,Proposed_CA_CNN_RNND,4290,0.24938883632421494,0.20943022519350052,0.03995861206203699,
0,260816,matched,MATCHED_Impulsive,Proposed_CA_CNN_RNND,4291,0.39222391694784164,0.31829948350787163,0.073924426920712,
0,260816,matched,MATCHED_Impulsive,Proposed_CA_CNN_RNND,4292,0.3066597655415535,0.2626519799232483,0.04400779167190194,
0,260816,matched,MATCHED_Impulsive,Proposed_CA_CNN_RNND,4293,0.27588388323783875,0.2329929582774639,0.04289093101397157,
0,260816,matched,MATCHED_Impulsive,Proposed_CA_CNN_RNND,4294,0.4485729709267616,0.3660207614302635,0.08255220297724009,
0,260816,matched,MATCHED_Impulsive,Proposed_CA_CNN_RNND,4295,0.38463079929351807,0.3203802518546581,0.0642505413852632,
0,260816,matched,MATCHED_Impulsive,Proposed_CA_CNN_RNND,4296,0.4645811915397644,0.3745705075562,0.0900106756016612,
0,260816,matched,MATCHED_Impulsive,Proposed_CA_CNN_RNND,4297,0.5426309108734131,0.4378245770931244,0.1048063337802887,
0,260816,matched,MATCHED_Impulsive,Proposed_CA_CNN_RNND,4298,0.3524184487760067,0.2920835502445698,0.060334895737469196,
0,260816,matched,MATCHED_Impulsive,Proposed_CA_CNN_RNND,4299,0.4623492732644081,0.374682679772377,0.08766659907996655,
0,260816,matched,MATCHED_Impulsive,Proposed_CA_CNN_RNND,4300,0.2753116972744465,0.23549332469701767,0.039818374905735254,
0,260816,matched,MATCHED_Impulsive,Proposed_CA_CNN_RNND,4301,0.41288377344608307,0.33878280967473984,0.07410096377134323,
0,260816,matched,MATCHED_Impulsive,Proposed_CA_CNN_RNND,4302,0.4314570613205433,0.3466142490506172,0.0848428076133132,
0,260816,matched,MATCHED_Impulsive,Proposed_CA_CNN_RNND,4303,0.32963263988494873,0.2773715518414974,0.05226109270006418,
0,260816,matched,MATCHED_Impulsive,Proposed_CA_CNN_RNND,4304,0.3181992396712303,0.2649259828031063,0.05327325128018856,
0,260816,matched,MATCHED_Impulsive,Proposed_CA_CNN_RNND,4305,0.41669294610619545,0.3365171551704407,0.08017579140141606,
0,260816,matched,MATCHED_Impulsive,Proposed_CA_CNN_RNND,4306,0.47591080516576767,0.3881594091653824,0.08775139879435301,
0,260816,matched,MATCHED_Impulsive,Proposed_CA_CNN_RNND,4307,0.35841207578778267,0.29680153727531433,0.06161054037511349,
0,260816,matched,MATCHED_Impulsive,Proposed_CA_CNN_RNND,4308,0.27158667147159576,0.2319210171699524,0.03966565616428852,
0,260816,matched,MATCHED_Impulsive,Proposed_CA_CNN_RNND,4309,0.23536664992570877,0.2050558142364025,0.030310840345919132,
0,260816,matched,MATCHED_Impulsive,Proposed_CA_CNN_RNND,4310,0.4454382061958313,0.37015174329280853,0.07528646662831306,
0,260816,matched,MATCHED_Impulsive,Proposed_CA_CNN_RNND,4311,0.44673775136470795,0.3572846055030823,0.08945314772427082,
0,260816,matched,MATCHED_Impulsive,Proposed_CA_CNN_RNND,4312,0.35344089940190315,0.2865139804780483,0.06692691519856453,
0,260816,matched,MATCHED_Impulsive,Proposed_CA_CNN_RNND,4313,0.4459228366613388,0.35891168005764484,0.08701115986332297,
0,260816,matched,MATCHED_Impulsive,Proposed_CA_CNN_RNND,4314,0.4922216758131981,0.39456450566649437,0.09765718784183264,
0,260816,matched,MATCHED_Impulsive,Proposed_CA_CNN_RNND,4315,0.3621470704674721,0.297756552696228,0.06439051497727633,
0,260816,matched,MATCHED_Impulsive,Proposed_CA_CNN_RNND,4316,0.3318316414952278,0.2739233747124672,0.05790827050805092,
0,260816,matched,MATCHED_Impulsive,Proposed_CA_CNN_RNND,4317,0.3055849112570286,0.256369985640049,0.04921492375433445,
0,260816,matched,MATCHED_Impulsive,Proposed_CA_CNN_RNND,4318,0.4360242038965225,0.35532810539007187,0.0806960929185152,
0,260816,matched,MATCHED_Impulsive,Proposed_CA_CNN_RNND,4319,0.4661014452576637,0.37216656655073166,0.09393486939370632,
0,260816,matched,MATCHED_Impulsive,Proposed_CA_CNN_RNND,4320,0.30309054255485535,0.252667173743248,0.05042337533086538,
0,260816,matched,MATCHED_Impulsive,Proposed_CA_CNN_RNND,4321,0.40914634615182877,0.3352336473762989,0.07391270250082016,
0,260816,matched,MATCHED_Impulsive,Proposed_CA_CNN_RNND,4322,0.3299313671886921,0.2775207795202732,0.05241058859974146,
0,260816,matched,MATCHED_Impulsive,Proposed_CA_CNN_RNND,4323,0.40635618567466736,0.32685553282499313,0.0795006463304162,
0,260816,matched,MATCHED_Impulsive,Proposed_CA_CNN_RNND,4324,0.30820225924253464,0.26089437678456306,0.047307887114584446,
0,260816,matched,MATCHED_Impulsive,Proposed_CA_CNN_RNND,4325,0.5702801793813705,0.4522361382842064,0.11804405692964792,
0,260816,matched,MATCHED_Impulsive,Proposed_CA_CNN_RNND,4326,0.4709888845682144,0.38322290778160095,0.08776598609983921,
0,260816,matched,MATCHED_Impulsive,Proposed_CA_CNN_RNND,4327,0.5522486045956612,0.43542367219924927,0.11682492680847645,
0,260816,matched,MATCHED_Impulsive,Proposed_CA_CNN_RNND,4328,0.30270014330744743,0.25165653973817825,0.05104359705001116,
0,260816,matched,MATCHED_Impulsive,Proposed_CA_CNN_RNND,4329,0.28547118231654167,0.23876822739839554,0.04670295864343643,
0,260816,matched,MATCHED_Impulsive,Proposed_CA_CNN_RNND,4330,0.37748149782419205,0.31073616445064545,0.06674534268677235,
0,260816,matched,MATCHED_Impulsive,Proposed_CA_CNN_RNND,4331,0.3598291538655758,0.2998088337481022,0.060020328499376774,
0,260816,matched,MATCHED_Impulsive,Proposed_CA_CNN_RNND,4332,0.4131869301199913,0.3350181356072426,0.07816879078745842,
0,260816,matched,MATCHED_Impulsive,Proposed_CA_CNN_RNND,4333,0.36144014820456505,0.29035412706434727,0.07108601345680654,
0,260816,matched,MATCHED_Impulsive,Proposed_CA_CNN_RNND,4334,0.4223330095410347,0.33895259350538254,0.08338041603565216,
0,260816,matched,MATCHED_Impulsive,Proposed_CA_CNN_RNND,4335,0.4464524984359741,0.36146047711372375,0.08499201945960522,
0,260816,matched,MATCHED_Impulsive,Proposed_CA_CNN_RNND,4336,0.393227681517601,0.31853433325886726,0.07469335291534662,
0,260816,matched,MATCHED_Impulsive,Proposed_CA_CNN_RNND,4337,0.38597121462225914,0.3137379437685013,0.07223326619714499,
0,260816,matched,MATCHED_Impulsive,Proposed_CA_CNN_RNND,4338,0.3134489953517914,0.2618437148630619,0.051605282351374626,
0,260816,matched,MATCHED_Impulsive,Proposed_CA_CNN_RNND,4339,0.3913854956626892,0.323227409273386,0.06815809477120638,
0,260816,matched,MATCHED_Impulsive,Proposed_CA_CNN_RNND,4340,0.3935249038040638,0.32344941794872284,0.0700754844583571,
0,260816,matched,MATCHED_Impulsive,Proposed_CA_CNN_RNND,4341,0.4969441220164299,0.3895774483680725,0.10736667923629284,
0,260816,matched,MATCHED_Impulsive,Proposed_CA_CNN_RNND,4342,0.3332178071141243,0.27552643045783043,0.05769136780872941,
0,260816,matched,MATCHED_Impulsive,Proposed_CA_CNN_RNND,4343,0.47293269261717796,0.3740169070661068,0.09891578368842602,
0,260816,matched,MATCHED_Impulsive,Proposed_CA_CNN_RNND,4344,0.40151727572083473,0.32547036185860634,0.07604691060259938,
0,260816,matched,MATCHED_Impulsive,Proposed_CA_CNN_RNND,4345,0.3177441321313381,0.2695525586605072,0.04819157696329057,
0,260816,matched,MATCHED_Impulsive,Proposed_CA_CNN_RNND,4346,0.30929944664239883,0.26115168258547783,0.04814776498824358,
0,260816,matched,MATCHED_Impulsive,Proposed_CA_CNN_RNND,4347,0.24949321895837784,0.21500971913337708,0.0344835021533072,
0,260816,matched,MATCHED_Impulsive,Proposed_CA_CNN_RNND,4348,0.31907448917627335,0.26564884558320045,0.05342564545571804,
0,260816,matched,MATCHED_Impulsive,Proposed_CA_CNN_RNND,4349,0.3910788707435131,0.31443908996880054,0.0766397905535996,
0,260816,matched,MATCHED_Impulsive,Proposed_CA_CNN_RNND,4350,0.3516891896724701,0.2886345162987709,0.06305466638877988,
0,260816,matched,MATCHED_Impulsive,Proposed_CA_CNN_RNND,4351,0.3946099281311035,0.3212457150220871,0.07336420845240355,
0,260816,matched,MATCHED_Impulsive,Proposed_CA_CNN_RNND,4352,0.4755883812904358,0.38238707929849625,0.0932012889534235,
0,260816,matched,MATCHED_Impulsive,Proposed_CA_CNN_RNND,4353,0.4237532988190651,0.342940554022789,0.08081274386495352,
0,260816,matched,MATCHED_Impulsive,Proposed_CA_CNN_RNND,4354,0.36664150282740593,0.3050125613808632,0.061628935392946005,
0,260816,matched,MATCHED_Impulsive,Proposed_CA_CNN_RNND,4355,0.3884667232632637,0.3209252282977104,0.0675415014848113,
0,260816,matched,MATCHED_Impulsive,Proposed_CA_CNN_RNND,4356,0.4879879169166088,0.38965052366256714,0.09833740163594484,
0,260816,matched,MATCHED_Impulsive,Proposed_CA_CNN_RNND,4357,0.36371608078479767,0.30327682569622993,0.06043924996629357,
0,260816,matched,MATCHED_Impulsive,Proposed_CA_CNN_RNND,4358,0.2881753407418728,0.246591717004776,0.0415836195461452,
0,260816,matched,MATCHED_Impulsive,Proposed_CA_CNN_RNND,4359,0.41778408735990524,0.34308628737926483,0.07469780184328556,
0,260816,matched,MATCHED_Impulsive,Proposed_CA_CNN_RNND,4360,0.35881655290722847,0.30448613688349724,0.05433041229844093,
0,260816,matched,MATCHED_Impulsive,Proposed_CA_CNN_RNND,4361,0.3019583262503147,0.2545715756714344,0.04738675011321902,
0,260816,matched,MATCHED_Impulsive,Proposed_CA_CNN_RNND,4362,0.27958107739686966,0.23213057965040207,0.047450500540435314,
0,260816,matched,MATCHED_Impulsive,Proposed_CA_CNN_RNND,4363,0.2890892028808594,0.23857304453849792,0.050516155548393726,
0,260816,matched,MATCHED_Impulsive,Proposed_CA_CNN_RNND,4364,0.42809152603149414,0.3521097004413605,0.07598181441426277,
0,260816,matched,MATCHED_Impulsive,Proposed_CA_CNN_RNND,4365,0.36007415503263474,0.29861608892679214,0.06145806983113289,
0,260816,matched,MATCHED_Impulsive,Proposed_CA_CNN_RNND,4366,0.524172842502594,0.4145602434873581,0.10961259808391333,
0,260816,matched,MATCHED_Impulsive,Proposed_CA_CNN_RNND,4367,0.3265557885169983,0.2737230136990547,0.05283276969566941,
0,260816,matched,MATCHED_Impulsive,Proposed_CA_CNN_RNND,4368,0.34143929928541183,0.2795981168746948,0.06184119172394276,
0,260816,matched,MATCHED_Impulsive,Proposed_CA_CNN_RNND,4369,0.3387283980846405,0.28153690695762634,0.05719148926436901,
0,260816,matched,MATCHED_Impulsive,Proposed_CA_CNN_RNND,4370,0.32119201496243477,0.26597438007593155,0.05521763162687421,
0,260816,matched,MATCHED_Impulsive,Proposed_CA_CNN_RNND,4371,0.4860830530524254,0.38197531551122665,0.1041077384725213,
0,260816,matched,MATCHED_Impulsive,Proposed_CA_CNN_RNND,4372,0.48905451595783234,0.3942645639181137,0.09478995576500893,
0,260816,matched,MATCHED_Impulsive,Proposed_CA_CNN_RNND,4373,0.3766471818089485,0.31194012612104416,0.06470705382525921,
0,260816,matched,MATCHED_Impulsive,Proposed_CA_CNN_RNND,4374,0.4122900068759918,0.3308853954076767,0.08140460308641195,
0,260816,matched,MATCHED_Impulsive,Proposed_CA_CNN_RNND,4375,0.3984847068786621,0.3253476433455944,0.07313706399872899,
0,260816,matched,MATCHED_Impulsive,Proposed_CA_CNN_RNND,4376,0.4576539359986782,0.3719249591231346,0.08572898036800325,
0,260816,matched,MATCHED_Impulsive,Proposed_CA_CNN_RNND,4377,0.2780642807483673,0.23511577397584915,0.04294850071892142,
0,260816,matched,MATCHED_Impulsive,Proposed_CA_CNN_RNND,4378,0.3480300270020962,0.28640904277563095,0.06162099074572325,
0,260816,matched,MATCHED_Impulsive,Proposed_CA_CNN_RNND,4379,0.3551850952208042,0.2961215525865555,0.05906354356557131,
0,260816,matched,MATCHED_Impulsive,Proposed_CA_CNN_RNND,4380,0.3298088535666466,0.27666793018579483,0.053140925243496895,
0,260816,matched,MATCHED_Impulsive,Proposed_CA_CNN_RNND,4381,0.44325248897075653,0.3612884357571602,0.08196405228227377,
0,260816,matched,MATCHED_Impulsive,Proposed_CA_CNN_RNND,4382,0.3165549524128437,0.2625786028802395,0.053976356983184814,
0,260816,matched,MATCHED_Impulsive,Proposed_CA_CNN_RNND,4383,0.36720189079642296,0.30048492178320885,0.06671697739511728,
0,260816,matched,MATCHED_Impulsive,Proposed_CA_CNN_RNND,4384,0.4487067759037018,0.3603985160589218,0.08830825984477997,
0,260816,matched,MATCHED_Impulsive,Proposed_CA_CNN_RNND,4385,0.3325054608285427,0.2783087305724621,0.05419673165306449,
0,260816,matched,MATCHED_Impulsive,Proposed_CA_CNN_RNND,4386,0.4762297123670578,0.3815733306109905,0.09465637896209955,
0,260816,matched,MATCHED_Impulsive,Proposed_CA_CNN_RNND,4387,0.5495738238096237,0.4371231645345688,0.11245064623653889,
0,260816,matched,MATCHED_Impulsive,Proposed_CA_CNN_RNND,4388,0.24693210422992706,0.21590378507971764,0.031028324272483587,
0,260816,matched,MATCHED_Impulsive,Proposed_CA_CNN_RNND,4389,0.32062774896621704,0.270582415163517,0.05004534125328064,
0,260816,matched,MATCHED_Impulsive,Proposed_CA_CNN_RNND,4390,0.28533363342285156,0.23394695669412613,0.051386674866080284,
0,260816,matched,MATCHED_Impulsive,Proposed_CA_CNN_RNND,4391,0.4159211367368698,0.34105970710515976,0.07486143428832293,
0,260816,matched,MATCHED_Impulsive,Proposed_CA_CNN_RNND,4392,0.40962667390704155,0.3305009752511978,0.07912569772452116,
0,260816,matched,MATCHED_Impulsive,Proposed_CA_CNN_RNND,4393,0.3057431038469076,0.2511371038854122,0.05460600135847926,
0,260816,matched,MATCHED_Impulsive,Proposed_CA_CNN_RNND,4394,0.43119022250175476,0.34531887620687485,0.08587135188281536,
0,260816,matched,MATCHED_Impulsive,Proposed_CA_CNN_RNND,4395,0.3881918862462044,0.3153555318713188,0.07283635623753071,
0,260816,matched,MATCHED_Impulsive,Proposed_CA_CNN_RNND,4396,0.32500190660357475,0.2712680324912071,0.0537338787689805,
0,260816,matched,MATCHED_Impulsive,Proposed_CA_CNN_RNND,4397,0.3227103389799595,0.2774330601096153,0.04527727793902159,
0,260816,matched,MATCHED_Impulsive,Proposed_CA_CNN_RNND,4398,0.37857699021697044,0.31329190358519554,0.06528508942574263,
0,260816,matched,MATCHED_Impulsive,Proposed_CA_CNN_RNND,4399,0.477515310049057,0.3842420130968094,0.09327329508960247,
0,260816,matched,MATCHED_Impulsive,Proposed_CA_CNN_RNND,4400,0.3748779445886612,0.31197642534971237,0.0629015164449811,-1.0141521876954238
0,260816,matched,MATCHED_Impulsive,Proposed_CA_CNN_RNND,4401,0.35538893193006516,0.29337482899427414,0.06201410945504904,
0,260816,matched,MATCHED_Impulsive,Proposed_CA_CNN_RNND,4402,0.46504058688879013,0.3721581846475601,0.09288240782916546,
0,260816,matched,MATCHED_Impulsive,Proposed_CA_CNN_RNND,4403,0.35877568274736404,0.30184469372034073,0.056930987164378166,
0,260816,matched,MATCHED_Impulsive,Proposed_CA_CNN_RNND,4404,0.5021723881363869,0.39806026965379715,0.10411211103200912,
0,260816,matched,MATCHED_Impulsive,Proposed_CA_CNN_RNND,4405,0.4337694123387337,0.3455573841929436,0.08821202721446753,
0,260816,matched,MATCHED_Impulsive,Proposed_CA_CNN_RNND,4406,0.28076815977692604,0.2375749573111534,0.04319319827482104,
0,260816,matched,MATCHED_Impulsive,Proposed_CA_CNN_RNND,4407,0.39805739000439644,0.3211438022553921,0.07691358868032694,
0,260816,matched,MATCHED_Impulsive,Proposed_CA_CNN_RNND,4408,0.3454722687602043,0.2902930825948715,0.05517919082194567,
0,260816,matched,MATCHED_Impulsive,Proposed_CA_CNN_RNND,4409,0.42271945625543594,0.34471456706523895,0.07800488919019699,
0,260816,matched,MATCHED_Impulsive,Proposed_CA_CNN_RNND,4410,0.4062625281512737,0.3310711532831192,0.07519137766212225,
0,260816,matched,MATCHED_Impulsive,Proposed_CA_CNN_RNND,4411,0.22298503667116165,0.19522030279040337,0.02776473853737116,
0,260816,matched,MATCHED_Impulsive,Proposed_CA_CNN_RNND,4412,0.35312630981206894,0.2982684411108494,0.05485785659402609,
0,260816,matched,MATCHED_Impulsive,Proposed_CA_CNN_RNND,4413,0.38896628096699715,0.31952323392033577,0.0694430461153388,
0,260816,matched,MATCHED_Impulsive,Proposed_CA_CNN_RNND,4414,0.39593490585684776,0.3222040645778179,0.07373084267601371,
0,260816,matched,MATCHED_Impulsive,Proposed_CA_CNN_RNND,4415,0.4612252973020077,0.3697519674897194,0.0914733400568366,
0,260816,matched,MATCHED_Impulsive,Proposed_CA_CNN_RNND,4416,0.44389116019010544,0.36136990785598755,0.08252125279977918,
0,260816,matched,MATCHED_Impulsive,Proposed_CA_CNN_RNND,4417,0.38133300840854645,0.31639715284109116,0.06493585836142302,
0,260816,matched,MATCHED_Impulsive,Proposed_CA_CNN_RNND,4418,0.3137097582221031,0.26504579186439514,0.04866396333090961,
0,260816,matched,MATCHED_Impulsive,Proposed_CA_CNN_RNND,4419,0.5398982465267181,0.4370095729827881,0.1028886791318655,
0,260816,matched,MATCHED_Impulsive,Proposed_CA_CNN_RNND,4420,0.3760800249874592,0.3036472275853157,0.07243279600515962,
0,260816,matched,MATCHED_Impulsive,Proposed_CA_CNN_RNND,4421,0.3636636957526207,0.30546053126454353,0.05820316355675459,
0,260816,matched,MATCHED_Impulsive,Proposed_CA_CNN_RNND,4422,0.5060807168483734,0.4011886902153492,0.10489202290773392,
0,260816,matched,MATCHED_Impulsive,Proposed_CA_CNN_RNND,4423,0.3355230651795864,0.2808421067893505,0.054680954199284315,
0,260816,matched,MATCHED_Impulsive,Proposed_CA_CNN_RNND,4424,0.2959226183593273,0.2494576759636402,0.04646493727341294,
0,260816,matched,MATCHED_Impulsive,Proposed_CA_CNN_RNND,4425,0.26487576216459274,0.22988209873437881,0.034993665758520365,
0,260816,matched,MATCHED_Impulsive,Proposed_CA_CNN_RNND,4426,0.2912191301584244,0.24857458472251892,0.042644549161195755,
0,260816,matched,MATCHED_Impulsive,Proposed_CA_CNN_RNND,4427,0.41166292503476143,0.3369075655937195,0.07475534733384848,
0,260816,matched,MATCHED_Impulsive,Proposed_CA_CNN_RNND,4428,0.36108724027872086,0.30080515891313553,0.06028208043426275,
0,260816,matched,MATCHED_Impulsive,Proposed_CA_CNN_RNND,4429,0.5907509922981262,0.47171293944120407,0.11903805285692215,
0,260816,matched,MATCHED_Impulsive,Proposed_CA_CNN_RNND,4430,0.29781613126397133,0.2526579275727272,0.045158200431615114,
0,260816,matched,MATCHED_Impulsive,Proposed_CA_CNN_RNND,4431,0.4788960963487625,0.3899317979812622,0.08896430768072605,
0,260816,matched,MATCHED_Impulsive,Proposed_CA_CNN_RNND,4432,0.43845803290605545,0.359676294028759,0.07878173841163516,
0,260816,matched,MATCHED_Impulsive,Proposed_CA_CNN_RNND,4433,0.4224562793970108,0.3374185860157013,0.08503770548850298,
0,260816,matched,MATCHED_Impulsive,Proposed_CA_CNN_RNND,4434,0.47610775381326675,0.38632549345493317,0.08978226594626904,
0,260816,matched,MATCHED_Impulsive,Proposed_CA_CNN_RNND,4435,0.24611295014619827,0.21734001114964485,0.028772945515811443,
0,260816,matched,MATCHED_Impulsive,Proposed_CA_CNN_RNND,4436,0.2840370200574398,0.2429065778851509,0.04113043658435345,
0,260816,matched,MATCHED_Impulsive,Proposed_CA_CNN_RNND,4437,0.35019807517528534,0.2934184670448303,0.05677961744368076,
0,260816,matched,MATCHED_Impulsive,Proposed_CA_CNN_RNND,4438,0.39585938677191734,0.318211454898119,0.07764793559908867,
0,260816,matched,MATCHED_Impulsive,Proposed_CA_CNN_RNND,4439,0.3168875686824322,0.26501236855983734,0.05187519919127226,
0,260816,matched,MATCHED_Impulsive,Proposed_CA_CNN_RNND,4440,0.4696483090519905,0.37244463711977005,0.09720368310809135,
0,260816,matched,MATCHED_Impulsive,Proposed_CA_CNN_RNND,4441,0.5067068338394165,0.4050503224134445,0.10165650956332684,
0,260816,matched,MATCHED_Impulsive,Proposed_CA_CNN_RNND,4442,0.33076687157154083,0.2745342552661896,0.05623261071741581,
0,260816,matched,MATCHED_Impulsive,Proposed_CA_CNN_RNND,4443,0.3821762576699257,0.3158267065882683,0.06634953990578651,
0,260816,matched,MATCHED_Impulsive,Proposed_CA_CNN_RNND,4444,0.3745206482708454,0.31358257308602333,0.06093807425349951,
0,260816,matched,MATCHED_Impulsive,Proposed_CA_CNN_RNND,4445,0.31162963807582855,0.26147355884313583,0.050156070152297616,
0,260816,matched,MATCHED_Impulsive,Proposed_CA_CNN_RNND,4446,0.503580130636692,0.3991038426756859,0.10447629913687706,
0,260816,matched,MATCHED_Impulsive,Proposed_CA_CNN_RNND,4447,0.3844245783984661,0.3087722547352314,0.07565232506021857,
0,260816,matched,MATCHED_Impulsive,Proposed_CA_CNN_RNND,4448,0.40373026952147484,0.3296607844531536,0.07406948274001479,
0,260816,matched,MATCHED_Impulsive,Proposed_CA_CNN_RNND,4449,0.387081503868103,0.31752750650048256,0.06955399084836245,
0,260816,matched,MATCHED_Impulsive,Proposed_CA_CNN_RNND,4450,0.35413238406181335,0.29347699508070946,0.060655392706394196,
0,260816,matched,MATCHED_Impulsive,Proposed_CA_CNN_RNND,4451,0.34728116169571877,0.283817321062088,0.06346384529024363,
0,260816,matched,MATCHED_Impulsive,Proposed_CA_CNN_RNND,4452,0.46569788455963135,0.37201350182294846,0.09368437714874744,
0,260816,matched,MATCHED_Impulsive,Proposed_CA_CNN_RNND,4453,0.4154553487896919,0.3331950195133686,0.08226031390950084,
0,260816,matched,MATCHED_Impulsive,Proposed_CA_CNN_RNND,4454,0.31984174251556396,0.26368170976638794,0.05616003135219216,
0,260816,matched,MATCHED_Impulsive,Proposed_CA_CNN_RNND,4455,0.4120873436331749,0.33345459774136543,0.07863275334239006,
0,260816,matched,MATCHED_Impulsive,Proposed_CA_CNN_RNND,4456,0.4897097572684288,0.39553092420101166,0.09417882282286882,
0,260816,matched,MATCHED_Impulsive,Proposed_CA_CNN_RNND,4457,0.3298565335571766,0.27448276430368423,0.05537376832216978,
0,260816,matched,MATCHED_Impulsive,Proposed_CA_CNN_RNND,4458,0.3371850401163101,0.28093763813376427,0.05624740105122328,
0,260816,matched,MATCHED_Impulsive,Proposed_CA_CNN_RNND,4459,0.3157384358346462,0.2622493989765644,0.05348903639242053,
0,260816,matched,MATCHED_Impulsive,Proposed_CA_CNN_RNND,4460,0.34153344854712486,0.2823087014257908,0.059224754106253386,
0,260816,matched,MATCHED_Impulsive,Proposed_CA_CNN_RNND,4461,0.3837382160127163,0.30941496789455414,0.07432324718683958,
0,260816,matched,MATCHED_Impulsive,Proposed_CA_CNN_RNND,4462,0.4445125684142113,0.3583785817027092,0.0861339820548892,
0,260816,matched,MATCHED_Impulsive,Proposed_CA_CNN_RNND,4463,0.44559117406606674,0.36120686680078506,0.08438430726528168,
0,260816,matched,MATCHED_Impulsive,Proposed_CA_CNN_RNND,4464,0.2918081507086754,0.24890747666358948,0.04290067497640848,
0,260816,matched,MATCHED_Impulsive,Proposed_CA_CNN_RNND,4465,0.38430167734622955,0.3190288841724396,0.06527278944849968,
0,260816,matched,MATCHED_Impulsive,Proposed_CA_CNN_RNND,4466,0.48707814887166023,0.3857800140976906,0.1012981403619051,
0,260816,matched,MATCHED_Impulsive,Proposed_CA_CNN_RNND,4467,0.28477776795625687,0.25034743919968605,0.034430333878844976,
0,260816,matched,MATCHED_Impulsive,Proposed_CA_CNN_RNND,4468,0.3550408184528351,0.29379334673285484,0.06124747730791569,
0,260816,matched,MATCHED_Impulsive,Proposed_CA_CNN_RNND,4469,0.3618447408080101,0.29874566942453384,0.06309906765818596,
0,260816,matched,MATCHED_Impulsive,Proposed_CA_CNN_RNND,4470,0.33079493790864944,0.2715115286409855,0.05928339995443821,
0,260816,matched,MATCHED_Impulsive,Proposed_CA_CNN_RNND,4471,0.4353877529501915,0.3532622754573822,0.08212547935545444,
0,260816,matched,MATCHED_Impulsive,Proposed_CA_CNN_RNND,4472,0.4892561212182045,0.39306671917438507,0.09618940949440002,
0,260816,matched,MATCHED_Impulsive,Proposed_CA_CNN_RNND,4473,0.6046828180551529,0.48307405412197113,0.1216087806969881,
0,260816,matched,MATCHED_Impulsive,Proposed_CA_CNN_RNND,4474,0.36881575733423233,0.30355025082826614,0.06526550138369203,
0,260816,matched,MATCHED_Impulsive,Proposed_CA_CNN_RNND,4475,0.3801204562187195,0.31449438631534576,0.06562607176601887,
0,260816,matched,MATCHED_Impulsive,Proposed_CA_CNN_RNND,4476,0.2779358923435211,0.2373410314321518,0.0405948618426919,
0,260816,matched,MATCHED_Impulsive,Proposed_CA_CNN_RNND,4477,0.2168428935110569,0.19195178896188736,0.024891108740121126,
0,260816,matched,MATCHED_Impulsive,Proposed_CA_CNN_RNND,4478,0.4932878166437149,0.39653653651475906,0.09675126895308495,
0,260816,matched,MATCHED_Impulsive,Proposed_CA_CNN_RNND,4479,0.3207460083067417,0.2726144902408123,0.048131521325558424,
0,260816,matched,MATCHED_Impulsive,Proposed_CA_CNN_RNND,4480,0.3084258362650871,0.26266226172447205,0.04576357454061508,
0,260816,matched,MATCHED_Impulsive,Proposed_CA_CNN_RNND,4481,0.4131842330098152,0.3345181569457054,0.07866607513278723,
0,260816,matched,MATCHED_Impulsive,Proposed_CA_CNN_RNND,4482,0.31052732467651367,0.26025474444031715,0.05027257930487394,
0,260816,matched,MATCHED_Impulsive,Proposed_CA_CNN_RNND,4483,0.4064354859292507,0.33077341318130493,0.07566207274794579,
0,260816,matched,MATCHED_Impulsive,Proposed_CA_CNN_RNND,4484,0.51889718323946,0.4188709110021591,0.1000262638553977,
0,260816,matched,MATCHED_Impulsive,Proposed_CA_CNN_RNND,4485,0.2425577975809574,0.20946406200528145,0.03309373976662755,
0,260816,matched,MATCHED_Impulsive,Proposed_CA_CNN_RNND,4486,0.42438944801688194,0.33993302658200264,0.08445641305297613,
0,260816,matched,MATCHED_Impulsive,Proposed_CA_CNN_RNND,4487,0.3876984156668186,0.3193899765610695,0.06830844702199101,
0,260816,matched,MATCHED_Impulsive,Proposed_CA_CNN_RNND,4488,0.44406602531671524,0.3660922795534134,0.07797373551875353,
0,260816,matched,MATCHED_Impulsive,Proposed_CA_CNN_RNND,4489,0.5393158420920372,0.4270887225866318,0.112227120436728,
0,260816,matched,MATCHED_Impulsive,Proposed_CA_CNN_RNND,4490,0.26369764283299446,0.23003099486231804,0.033666645642369986,
0,260816,matched,MATCHED_Impulsive,Proposed_CA_CNN_RNND,4491,0.3880361467599869,0.31823790073394775,0.06979824882000685,
0,260816,matched,MATCHED_Impulsive,Proposed_CA_CNN_RNND,4492,0.48519081622362137,0.3904302902519703,0.0947605324909091,
0,260816,matched,MATCHED_Impulsive,Proposed_CA_CNN_RNND,4493,0.39315299689769745,0.32145919278264046,0.07169380411505699,
0,260816,matched,MATCHED_Impulsive,Proposed_CA_CNN_RNND,4494,0.20767613500356674,0.1788680963218212,0.028808039147406816,
0,260816,matched,MATCHED_Impulsive,Proposed_CA_CNN_RNND,4495,0.35049910098314285,0.29518089443445206,0.055318210273981094,
0,260816,matched,MATCHED_Impulsive,Proposed_CA_CNN_RNND,4496,0.3664156422019005,0.30218827724456787,0.06422736495733261,
0,260816,matched,MATCHED_Impulsive,Proposed_CA_CNN_RNND,4497,0.29179854318499565,0.24351655691862106,0.04828199231997132,
0,260816,matched,MATCHED_Impulsive,Proposed_CA_CNN_RNND,4498,0.3437621556222439,0.27603834867477417,0.06772379763424397,
0,260816,matched,MATCHED_Impulsive,Proposed_CA_CNN_RNND,4499,0.49803825467824936,0.39647190645337105,0.10156635753810406,
0,260816,matched,MATCHED_Impulsive,Proposed_CA_CNN_RNND,4500,0.4328389875590801,0.3509872257709503,0.08185175945982337,
0,260816,matched,MATCHED_Impulsive,Proposed_CA_CNN_RNND,4501,0.5006084591150284,0.4055665284395218,0.09504193067550659,
0,260816,matched,MATCHED_Impulsive,Proposed_CA_CNN_RNND,4502,0.319720596075058,0.26832469552755356,0.0513958977535367,
0,260816,matched,MATCHED_Impulsive,Proposed_CA_CNN_RNND,4503,0.34271959960460663,0.28459249436855316,0.05812710244208574,
0,260816,matched,MATCHED_Impulsive,Proposed_CA_CNN_RNND,4504,0.36562684178352356,0.30290355905890465,0.06272327620536089,
0,260816,matched,MATCHED_Impulsive,Proposed_CA_CNN_RNND,4505,0.387356236577034,0.32261212170124054,0.06474410276859999,
0,260816,matched,MATCHED_Impulsive,Proposed_CA_CNN_RNND,4506,0.48982425034046173,0.3898775205016136,0.09994673635810614,
0,260816,matched,MATCHED_Impulsive,Proposed_CA_CNN_RNND,4507,0.3591276817023754,0.3025965094566345,0.05653117038309574,
0,260816,matched,MATCHED_Impulsive,Proposed_CA_CNN_RNND,4508,0.36729149520397186,0.3025697022676468,0.06472180038690567,
0,260816,matched,MATCHED_Impulsive,Proposed_CA_CNN_RNND,4509,0.28828369081020355,0.24222496151924133,0.046058726496994495,
0,260816,matched,MATCHED_Impulsive,Proposed_CA_CNN_RNND,4510,0.4140994921326637,0.34131642058491707,0.07278307527303696,
0,260816,matched,MATCHED_Impulsive,Proposed_CA_CNN_RNND,4511,0.45682625845074654,0.37187374383211136,0.084952506236732,
0,260816,matched,MATCHED_Impulsive,Proposed_CA_CNN_RNND,4512,0.3392537161707878,0.27792415767908096,0.06132956128567457,
0,260816,matched,MATCHED_Impulsive,Proposed_CA_CNN_RNND,4513,0.4287520498037338,0.3515566699206829,0.07719538826495409,
0,260816,matched,MATCHED_Impulsive,Proposed_CA_CNN_RNND,4514,0.33851274475455284,0.28090574592351913,0.05760700209066272,
0,260816,matched,MATCHED_Impulsive,Proposed_CA_CNN_RNND,4515,0.42251187562942505,0.33684591203927994,0.08566596172749996,
0,260816,matched,MATCHED_Impulsive,Proposed_CA_CNN_RNND,4516,0.5229522138834,0.41700080037117004,0.10595140606164932,
0,260816,matched,MATCHED_Impulsive,Proposed_CA_CNN_RNND,4517,0.3869072496891022,0.3155757188796997,0.07133152615278959,
0,260816,matched,MATCHED_Impulsive,Proposed_CA_CNN_RNND,4518,0.33436983823776245,0.2814348489046097,0.05293499771505594,
0,260816,matched,MATCHED_Impulsive,Proposed_CA_CNN_RNND,4519,0.26560064405202866,0.22432932630181313,0.04127131635323167,
0,260816,matched,MATCHED_Impulsive,Proposed_CA_CNN_RNND,4520,0.44383344054222107,0.3640737533569336,0.0797596899792552,
0,260816,matched,MATCHED_Impulsive,Proposed_CA_CNN_RNND,4521,0.4352392256259918,0.35335448384284973,0.08188474550843239,
0,260816,matched,MATCHED_Impulsive,Proposed_CA_CNN_RNND,4522,0.38658656924963,0.32692764699459076,0.059658932499587536,
0,260816,matched,MATCHED_Impulsive,Proposed_CA_CNN_RNND,4523,0.36228063330054283,0.306533508002758,0.05574711877852678,
0,260816,matched,MATCHED_Impulsive,Proposed_CA_CNN_RNND,4524,0.49908070266246796,0.4040408879518509,0.09503981471061707,
0,260816,matched,MATCHED_Impulsive,Proposed_CA_CNN_RNND,4525,0.29259876906871796,0.24396686628460884,0.04863189719617367,
0,260816,matched,MATCHED_Impulsive,Proposed_CA_CNN_RNND,4526,0.316149715334177,0.26315001025795937,0.05299970647320151,
0,260816,matched,MATCHED_Impulsive,Proposed_CA_CNN_RNND,4527,0.4065059721469879,0.32988276705145836,0.0766231962479651,
0,260816,matched,MATCHED_Impulsive,Proposed_CA_CNN_RNND,4528,0.30072443187236786,0.2537367716431618,0.04698765650391579,
0,260816,matched,MATCHED_Impulsive,Proposed_CA_CNN_RNND,4529,0.3270868547260761,0.2729252353310585,0.05416162218898535,
0,260816,matched,MATCHED_Impulsive,Proposed_CA_CNN_RNND,4530,0.35493315011262894,0.3004615679383278,0.05447158310562372,
0,260816,matched,MATCHED_Impulsive,Proposed_CA_CNN_RNND,4531,0.4312109053134918,0.34807048738002777,0.0831404160708189,
0,260816,matched,MATCHED_Impulsive,Proposed_CA_CNN_RNND,4532,0.4367714673280716,0.3538988158106804,0.08287264499813318,
0,260816,matched,MATCHED_Impulsive,Proposed_CA_CNN_RNND,4533,0.3380345590412617,0.27833759039640427,0.05969697469845414,
0,260816,matched,MATCHED_Impulsive,Proposed_CA_CNN_RNND,4534,0.3882269486784935,0.3157676085829735,0.07245934009552002,
0,260816,matched,MATCHED_Impulsive,Proposed_CA_CNN_RNND,4535,0.30481867864727974,0.25417857617139816,0.05064010759815574,
0,260816,matched,MATCHED_Impulsive,Proposed_CA_CNN_RNND,4536,0.33579587936401367,0.2723962105810642,0.0633996669203043,
0,260816,matched,MATCHED_Impulsive,Proposed_CA_CNN_RNND,4537,0.21843082830309868,0.18688829988241196,0.03154252702370286,
0,260816,matched,MATCHED_Impulsive,Proposed_CA_CNN_RNND,4538,0.4963947683572769,0.40395861119031906,0.0924361627548933,
0,260816,matched,MATCHED_Impulsive,Proposed_CA_CNN_RNND,4539,0.44443829357624054,0.360247939825058,0.0841903518885374,
0,260816,matched,MATCHED_Impulsive,Proposed_CA_CNN_RNND,4540,0.5225776806473732,0.41695254296064377,0.10562514886260033,
0,260816,matched,MATCHED_Impulsive,Proposed_CA_CNN_RNND,4541,0.3847586251795292,0.3135777786374092,0.07118084607645869,
0,260816,matched,MATCHED_Impulsive,Proposed_CA_CNN_RNND,4542,0.39814213663339615,0.3309018723666668,0.06724026799201965,
0,260816,matched,MATCHED_Impulsive,Proposed_CA_CNN_RNND,4543,0.43735940009355545,0.3567477688193321,0.0806116396561265,
0,260816,matched,MATCHED_Impulsive,Proposed_CA_CNN_RNND,4544,0.3897106349468231,0.3225216343998909,0.0671890014782548,
0,260816,matched,MATCHED_Impulsive,Proposed_CA_CNN_RNND,4545,0.3568810299038887,0.2922348827123642,0.06464614439755678,
0,260816,matched,MATCHED_Impulsive,Proposed_CA_CNN_RNND,4546,0.39871617406606674,0.32801300287246704,0.07070317445322871,
0,260816,matched,MATCHED_Impulsive,Proposed_CA_CNN_RNND,4547,0.45728543400764465,0.37053217738866806,0.08675325103104115,
0,260816,matched,MATCHED_Impulsive,Proposed_CA_CNN_RNND,4548,0.34778645634651184,0.28588151186704636,0.061904942616820335,
0,260816,matched,MATCHED_Impulsive,Proposed_CA_CNN_RNND,4549,0.37671102583408356,0.30834854766726494,0.06836248328909278,
0,260816,matched,MATCHED_Impulsive,Proposed_CA_CNN_RNND,4550,0.4375869445502758,0.355841688811779,0.08174526365473866,
0,260816,matched,MATCHED_Impulsive,Proposed_CA_CNN_RNND,4551,0.3754520043730736,0.3116959482431412,0.0637560561299324,
0,260816,matched,MATCHED_Impulsive,Proposed_CA_CNN_RNND,4552,0.28975843638181686,0.24582308530807495,0.04393535712733865,
0,260816,matched,MATCHED_Impulsive,Proposed_CA_CNN_RNND,4553,0.4131931960582733,0.33885788917541504,0.07433531060814857,
0,260816,matched,MATCHED_Impulsive,Proposed_CA_CNN_RNND,4554,0.36896945908665657,0.29687297716736794,0.07209648098796606,
0,260816,matched,MATCHED_Impulsive,Proposed_CA_CNN_RNND,4555,0.4707513302564621,0.37505969405174255,0.09569164831191301,
0,260816,matched,MATCHED_Impulsive,Proposed_CA_CNN_RNND,4556,0.44021933525800705,0.3606770373880863,0.07954228855669498,
0,260816,matched,MATCHED_Impulsive,Proposed_CA_CNN_RNND,4557,0.44105347990989685,0.35659654065966606,0.08445694018155336,
0,260816,matched,MATCHED_Impulsive,Proposed_CA_CNN_RNND,4558,0.4019958823919296,0.3254772275686264,0.0765186632052064,
0,260816,matched,MATCHED_Impulsive,Proposed_CA_CNN_RNND,4559,0.4202571511268616,0.34048329293727875,0.0797738702967763,
0,260816,matched,MATCHED_Impulsive,Proposed_CA_CNN_RNND,4560,0.2892981097102165,0.23824727907776833,0.05105083528906107,
0,260816,matched,MATCHED_Impulsive,Proposed_CA_CNN_RNND,4561,0.4533451534807682,0.3623974435031414,0.0909477137029171,
0,260816,matched,MATCHED_Impulsive,Proposed_CA_CNN_RNND,4562,0.4365316703915596,0.3591471239924431,0.0773845398798585,
0,260816,matched,MATCHED_Impulsive,Proposed_CA_CNN_RNND,4563,0.5546102300286293,0.4431997016072273,0.11141052935272455,
0,260816,matched,MATCHED_Impulsive,Proposed_CA_CNN_RNND,4564,0.3435422331094742,0.29048391431570053,0.0530583206564188,
0,260816,matched,MATCHED_Impulsive,Proposed_CA_CNN_RNND,4565,0.3564692586660385,0.29516443237662315,0.06130482675507665,
0,260816,matched,MATCHED_Impulsive,Proposed_CA_CNN_RNND,4566,0.5308752059936523,0.4231391102075577,0.10773609019815922,
0,260816,matched,MATCHED_Impulsive,Proposed_CA_CNN_RNND,4567,0.43126991391181946,0.348705280572176,0.08256462402641773,
0,260816,matched,MATCHED_Impulsive,Proposed_CA_CNN_RNND,4568,0.49997638165950775,0.396296001970768,0.10368038434535265,
0,260816,matched,MATCHED_Impulsive,Proposed_CA_CNN_RNND,4569,0.4218018986284733,0.34205298870801926,0.07974891271442175,
0,260816,matched,MATCHED_Impulsive,Proposed_CA_CNN_RNND,4570,0.3142806105315685,0.268238864839077,0.04604174557607621,
0,260816,matched,MATCHED_Impulsive,Proposed_CA_CNN_RNND,4571,0.34354517236351967,0.2821516916155815,0.06139348540455103,
0,260816,matched,MATCHED_Impulsive,Proposed_CA_CNN_RNND,4572,0.4088403582572937,0.3422018140554428,0.06663854233920574,
0,260816,matched,MATCHED_Impulsive,Proposed_CA_CNN_RNND,4573,0.332632876932621,0.27636684477329254,0.05626603215932846,
0,260816,matched,MATCHED_Impulsive,Proposed_CA_CNN_RNND,4574,0.33474234864115715,0.2729242146015167,0.06181813380680978,
0,260816,matched,MATCHED_Impulsive,Proposed_CA_CNN_RNND,4575,0.3466121330857277,0.29244162514805794,0.054170502349734306,
0,260816,matched,MATCHED_Impulsive,Proposed_CA_CNN_RNND,4576,0.4131554216146469,0.33524204045534134,0.07791338628157973,
0,260816,matched,MATCHED_Impulsive,Proposed_CA_CNN_RNND,4577,0.33937689289450645,0.2905092127621174,0.048867680598050356,
0,260816,matched,MATCHED_Impulsive,Proposed_CA_CNN_RNND,4578,0.268514234572649,0.22718454152345657,0.04132969444617629,
0,260816,matched,MATCHED_Impulsive,Proposed_CA_CNN_RNND,4579,0.4040808640420437,0.33117206394672394,0.07290881406515837,
0,260816,matched,MATCHED_Impulsive,Proposed_CA_CNN_RNND,4580,0.42133428528904915,0.3363150991499424,0.08501918241381645,
0,260816,matched,MATCHED_Impulsive,Proposed_CA_CNN_RNND,4581,0.5145338997244835,0.41667787730693817,0.09785603079944849,
0,260816,matched,MATCHED_Impulsive,Proposed_CA_CNN_RNND,4582,0.4356238655745983,0.3547091856598854,0.08091467246413231,
0,260816,matched,MATCHED_Impulsive,Proposed_CA_CNN_RNND,4583,0.3950313329696655,0.32678990438580513,0.06824141833931208,
0,260816,matched,MATCHED_Impulsive,Proposed_CA_CNN_RNND,4584,0.3816886730492115,0.30623871833086014,0.07544995658099651,
0,260816,matched,MATCHED_Impulsive,Proposed_CA_CNN_RNND,4585,0.47434647008776665,0.3783637583255768,0.09598270384594798,
0,260816,matched,MATCHED_Impulsive,Proposed_CA_CNN_RNND,4586,0.432061392813921,0.3517792634665966,0.08028213772922754,
0,260816,matched,MATCHED_Impulsive,Proposed_CA_CNN_RNND,4587,0.2543564923107624,0.21661794930696487,0.03773854672908783,
0,260816,matched,MATCHED_Impulsive,Proposed_CA_CNN_RNND,4588,0.3785746842622757,0.3048449829220772,0.07372971018776298,
0,260816,matched,MATCHED_Impulsive,Proposed_CA_CNN_RNND,4589,0.40033210068941116,0.3195392042398453,0.08079289924353361,
0,260816,matched,MATCHED_Impulsive,Proposed_CA_CNN_RNND,4590,0.43542569875717163,0.34623241052031517,0.08919327892363071,
0,260816,matched,MATCHED_Impulsive,Proposed_CA_CNN_RNND,4591,0.5406248718500137,0.42980607599020004,0.11081877537071705,
0,260816,matched,MATCHED_Impulsive,Proposed_CA_CNN_RNND,4592,0.46309516578912735,0.37817949801683426,0.08491566590964794,
0,260816,matched,MATCHED_Impulsive,Proposed_CA_CNN_RNND,4593,0.37488407269120216,0.30956868827342987,0.06531538162380457,
0,260816,matched,MATCHED_Impulsive,Proposed_CA_CNN_RNND,4594,0.40048642829060555,0.3261980451643467,0.07428837660700083,
0,260816,matched,MATCHED_Impulsive,Proposed_CA_CNN_RNND,4595,0.24046382680535316,0.20245831459760666,0.03800551313906908,
0,260816,matched,MATCHED_Impulsive,Proposed_CA_CNN_RNND,4596,0.26388831809163094,0.22936397790908813,0.0345243364572525,
0,260816,matched,MATCHED_Impulsive,Proposed_CA_CNN_RNND,4597,0.36900990456342697,0.3028828836977482,0.06612700782716274,
0,260816,matched,MATCHED_Impulsive,Proposed_CA_CNN_RNND,4598,0.2603803463280201,0.2229113131761551,0.03746903035789728,
0,260816,matched,MATCHED_Impulsive,Proposed_CA_CNN_RNND,4599,0.3078604191541672,0.2592649310827255,0.048595490865409374,
0,260816,matched,MATCHED_Impulsive,Proposed_CA_CNN_RNND,4600,0.358052134513855,0.2999376691877842,0.05811445415019989,-1.0311973738844187
0,260816,matched,MATCHED_Impulsive,Proposed_CA_CNN_RNND,4601,0.4196159280836582,0.34348538517951965,0.07613054616376758,
0,260816,matched,MATCHED_Impulsive,Proposed_CA_CNN_RNND,4602,0.5809772908687592,0.45603812485933304,0.12493917346000671,
0,260816,matched,MATCHED_Impulsive,Proposed_CA_CNN_RNND,4603,0.4632655903697014,0.3787459544837475,0.0845196284353733,
0,260816,matched,MATCHED_Impulsive,Proposed_CA_CNN_RNND,4604,0.5164681002497673,0.41055820882320404,0.10590989142656326,
0,260816,matched,MATCHED_Impulsive,Proposed_CA_CNN_RNND,4605,0.34420591220259666,0.28730231896042824,0.056903582997620106,
0,260816,matched,MATCHED_Impulsive,Proposed_CA_CNN_RNND,4606,0.26861802861094475,0.22736193984746933,0.04125608550384641,
0,260816,matched,MATCHED_Impulsive,Proposed_CA_CNN_RNND,4607,0.32669052481651306,0.2707609310746193,0.05592959560453892,
0,260816,matched,MATCHED_Impulsive,Proposed_CA_CNN_RNND,4608,0.28999754041433334,0.2460441254079342,0.04395341966301203,
0,260816,matched,MATCHED_Impulsive,Proposed_CA_CNN_RNND,4609,0.3960287421941757,0.3210248127579689,0.07500393083319068,
0,260816,matched,MATCHED_Impulsive,Proposed_CA_CNN_RNND,4610,0.37374724075198174,0.30874477326869965,0.06500247260555625,
0,260816,matched,MATCHED_Impulsive,Proposed_CA_CNN_RNND,4611,0.44886668771505356,0.35844551026821136,0.09042117558419704,
0,260816,matched,MATCHED_Impulsive,Proposed_CA_CNN_RNND,4612,0.32429341971874237,0.2652439475059509,0.05904947407543659,
0,260816,matched,MATCHED_Impulsive,Proposed_CA_CNN_RNND,4613,0.3872912973165512,0.3192029669880867,0.06808833871036768,
0,260816,matched,MATCHED_Impulsive,Proposed_CA_CNN_RNND,4614,0.4337764009833336,0.3553882762789726,0.07838812936097383,
0,260816,matched,MATCHED_Impulsive,Proposed_CA_CNN_RNND,4615,0.35709553956985474,0.2940385714173317,0.06305695837363601,
0,260816,matched,MATCHED_Impulsive,Proposed_CA_CNN_RNND,4616,0.3428269438445568,0.27902255207300186,0.06380439223721623,
0,260816,matched,MATCHED_Impulsive,Proposed_CA_CNN_RNND,4617,0.41707903891801834,0.34557192400097847,0.07150711165741086,
0,260816,matched,MATCHED_Impulsive,Proposed_CA_CNN_RNND,4618,0.3615550100803375,0.304175041615963,0.05737997591495514,
0,260816,matched,MATCHED_Impulsive,Proposed_CA_CNN_RNND,4619,0.376930832862854,0.31184351071715355,0.06508732866495848,
0,260816,matched,MATCHED_Impulsive,Proposed_CA_CNN_RNND,4620,0.39142361655831337,0.3167063854634762,0.07471723668277264,
0,260816,matched,MATCHED_Impulsive,Proposed_CA_CNN_RNND,4621,0.3578486666083336,0.29953349381685257,0.05831517092883587,
0,260816,matched,MATCHED_Impulsive,Proposed_CA_CNN_RNND,4622,0.44448426365852356,0.3564944975078106,0.08798976615071297,
0,260816,matched,MATCHED_Impulsive,Proposed_CA_CNN_RNND,4623,0.42516355216503143,0.34357620775699615,0.08158735185861588,
0,260816,matched,MATCHED_Impulsive,Proposed_CA_CNN_RNND,4624,0.31969714909791946,0.27091608196496964,0.04878106899559498,
0,260816,matched,MATCHED_Impulsive,Proposed_CA_CNN_RNND,4625,0.34322599321603775,0.28177545964717865,0.061450534500181675,
0,260816,matched,MATCHED_Impulsive,Proposed_CA_CNN_RNND,4626,0.45664919167757034,0.36212435364723206,0.09452485106885433,
0,260816,matched,MATCHED_Impulsive,Proposed_CA_CNN_RNND,4627,0.4002803713083267,0.3222401961684227,0.07804017746821046,
0,260816,matched,MATCHED_Impulsive,Proposed_CA_CNN_RNND,4628,0.4771307110786438,0.38670164346694946,0.09042906388640404,
0,260816,matched,MATCHED_Impulsive,Proposed_CA_CNN_RNND,4629,0.42847341299057007,0.3449222818017006,0.08355112932622433,
0,260816,matched,MATCHED_Impulsive,Proposed_CA_CNN_RNND,4630,0.344087652862072,0.281206950545311,0.06288070138543844,
0,260816,matched,MATCHED_Impulsive,Proposed_CA_CNN_RNND,4631,0.33347467705607414,0.2693293169140816,0.0641453661955893,
0,260816,matched,MATCHED_Impulsive,Proposed_CA_CNN_RNND,4632,0.24197334051132202,0.20648475363850594,0.03548859106376767,
0,260816,matched,MATCHED_Impulsive,Proposed_CA_CNN_RNND,4633,0.2582085207104683,0.22237326577305794,0.03583526122383773,
0,260816,matched,MATCHED_Impulsive,Proposed_CA_CNN_RNND,4634,0.30126967281103134,0.2410024031996727,0.060267260298132896,
0,260816,matched,MATCHED_Impulsive,Proposed_CA_CNN_RNND,4635,0.42561373487114906,0.3445148319005966,0.0810988936573267,
0,260816,matched,MATCHED_Impulsive,Proposed_CA_CNN_RNND,4636,0.38625892996788025,0.3105405643582344,0.07571835815906525,
0,260816,matched,MATCHED_Impulsive,Proposed_CA_CNN_RNND,4637,0.48309026658535004,0.3816334456205368,0.10145682818256319,
0,260816,matched,MATCHED_Impulsive,Proposed_CA_CNN_RNND,4638,0.21363219618797302,0.18734073266386986,0.026291465386748314,
0,260816,matched,MATCHED_Impulsive,Proposed_CA_CNN_RNND,4639,0.4219624064862728,0.3377704471349716,0.08419196866452694,
0,260816,matched,MATCHED_Impulsive,Proposed_CA_CNN_RNND,4640,0.3049883581697941,0.25478706508874893,0.050201287027448416,
0,260816,matched,MATCHED_Impulsive,Proposed_CA_CNN_RNND,4641,0.5693222284317017,0.45439156889915466,0.11493064649403095,
0,260816,matched,MATCHED_Impulsive,Proposed_CA_CNN_RNND,4642,0.4858441725373268,0.39247816801071167,0.09336600825190544,
0,260816,matched,MATCHED_Impulsive,Proposed_CA_CNN_RNND,4643,0.4716089591383934,0.3806249685585499,0.09098399430513382,
0,260816,matched,MATCHED_Impulsive,Proposed_CA_CNN_RNND,4644,0.3590305708348751,0.29743919894099236,0.061591372825205326,
0,260816,matched,MATCHED_Impulsive,Proposed_CA_CNN_RNND,4645,0.39036110043525696,0.31819143518805504,0.0721696550026536,
0,260816,matched,MATCHED_Impulsive,Proposed_CA_CNN_RNND,4646,0.446150541305542,0.36520303785800934,0.08094750437885523,
0,260816,matched,MATCHED_Impulsive,Proposed_CA_CNN_RNND,4647,0.30767659470438957,0.2621755488216877,0.045501042157411575,
0,260816,matched,MATCHED_Impulsive,Proposed_CA_CNN_RNND,4648,0.3585148975253105,0.2954353541135788,0.06307954387739301,
0,260816,matched,MATCHED_Impulsive,Proposed_CA_CNN_RNND,4649,0.5003193765878677,0.4043852910399437,0.09593407064676285,
0,260816,matched,MATCHED_Impulsive,Proposed_CA_CNN_RNND,4650,0.37668152526021004,0.31136927753686905,0.06531225237995386,
0,260816,matched,MATCHED_Impulsive,Proposed_CA_CNN_RNND,4651,0.4951893985271454,0.40655315667390823,0.08863624930381775,
0,260816,matched,MATCHED_Impulsive,Proposed_CA_CNN_RNND,4652,0.29980528727173805,0.2500852346420288,0.04972004983574152,
0,260816,matched,MATCHED_Impulsive,Proposed_CA_CNN_RNND,4653,0.40972750633955,0.3382987901568413,0.07142871571704745,
0,260816,matched,MATCHED_Impulsive,Proposed_CA_CNN_RNND,4654,0.3063552975654602,0.25220153480768204,0.05415376462042332,
0,260816,matched,MATCHED_Impulsive,Proposed_CA_CNN_RNND,4655,0.5138099417090416,0.41321035474538803,0.10059959441423416,
0,260816,matched,MATCHED_Impulsive,Proposed_CA_CNN_RNND,4656,0.5160835981369019,0.414496511220932,0.10158710740506649,
0,260816,matched,MATCHED_Impulsive,Proposed_CA_CNN_RNND,4657,0.24836498498916626,0.2151397541165352,0.03322523087263107,
0,260816,matched,MATCHED_Impulsive,Proposed_CA_CNN_RNND,4658,0.3385269269347191,0.2830001786351204,0.055526746436953545,
0,260816,matched,MATCHED_Impulsive,Proposed_CA_CNN_RNND,4659,0.5268821492791176,0.4219716042280197,0.10491054691374302,
0,260816,matched,MATCHED_Impulsive,Proposed_CA_CNN_RNND,4660,0.44989636540412903,0.3622737005352974,0.08762266300618649,
0,260816,matched,MATCHED_Impulsive,Proposed_CA_CNN_RNND,4661,0.420463502407074,0.3474854677915573,0.07297803927212954,
0,260816,matched,MATCHED_Impulsive,Proposed_CA_CNN_RNND,4662,0.45579494535923004,0.3727049455046654,0.08309000357985497,
0,260816,matched,MATCHED_Impulsive,Proposed_CA_CNN_RNND,4663,0.40591949597001076,0.3276016302406788,0.0783178717829287,
0,260816,matched,MATCHED_Impulsive,Proposed_CA_CNN_RNND,4664,0.3366493731737137,0.2840638682246208,0.052585506811738014,
0,260816,matched,MATCHED_Impulsive,Proposed_CA_CNN_RNND,4665,0.25039491802453995,0.21284571290016174,0.03754920605570078,
0,260816,matched,MATCHED_Impulsive,Proposed_CA_CNN_RNND,4666,0.4052407816052437,0.33592939376831055,0.06931139249354601,
0,260816,matched,MATCHED_Impulsive,Proposed_CA_CNN_RNND,4667,0.43950097262859344,0.35082316026091576,0.08867779560387135,
0,260816,matched,MATCHED_Impulsive,Proposed_CA_CNN_RNND,4668,0.25774917751550674,0.21596646308898926,0.041782709304243326,
0,260816,matched,MATCHED_Impulsive,Proposed_CA_CNN_RNND,4669,0.4792560786008835,0.38140567392110825,0.09785040467977524,
0,260816,matched,MATCHED_Impulsive,Proposed_CA_CNN_RNND,4670,0.5055474191904068,0.4037163630127907,0.10183106176555157,
0,260816,matched,MATCHED_Impulsive,Proposed_CA_CNN_RNND,4671,0.4680320993065834,0.37354108691215515,0.0944910179823637,
0,260816,matched,MATCHED_Impulsive,Proposed_CA_CNN_RNND,4672,0.36436570808291435,0.2967641055583954,0.06760159693658352,
0,260816,matched,MATCHED_Impulsive,Proposed_CA_CNN_RNND,4673,0.49241866171360016,0.3956829756498337,0.09673568978905678,
0,260816,matched,MATCHED_Impulsive,Proposed_CA_CNN_RNND,4674,0.30759764835238457,0.2570626921951771,0.0505349519662559,
0,260816,matched,MATCHED_Impulsive,Proposed_CA_CNN_RNND,4675,0.44032951444387436,0.36469437927007675,0.07563514448702335,
0,260816,matched,MATCHED_Impulsive,Proposed_CA_CNN_RNND,4676,0.500783309340477,0.40749945491552353,0.09328385209664702,
0,260816,matched,MATCHED_Impulsive,Proposed_CA_CNN_RNND,4677,0.3532562926411629,0.2956460975110531,0.05761019792407751,
0,260816,matched,MATCHED_Impulsive,Proposed_CA_CNN_RNND,4678,0.3019355349242687,0.2520252875983715,0.04991024453192949,
0,260816,matched,MATCHED_Impulsive,Proposed_CA_CNN_RNND,4679,0.33726466447114944,0.275588259100914,0.06167641142383218,
0,260816,matched,MATCHED_Impulsive,Proposed_CA_CNN_RNND,4680,0.4314792640507221,0.3487974815070629,0.08268178114667535,
0,260816,matched,MATCHED_Impulsive,Proposed_CA_CNN_RNND,4681,0.45469025894999504,0.3673564940690994,0.08733377326279879,
0,260816,matched,MATCHED_Impulsive,Proposed_CA_CNN_RNND,4682,0.3168892413377762,0.25980454310774803,0.05708469310775399,
0,260816,matched,MATCHED_Impulsive,Proposed_CA_CNN_RNND,4683,0.3878398686647415,0.31156308948993683,0.07627676893025637,
0,260816,matched,MATCHED_Impulsive,Proposed_CA_CNN_RNND,4684,0.4858415573835373,0.38453903794288635,0.10130252502858639,
0,260816,matched,MATCHED_Impulsive,Proposed_CA_CNN_RNND,4685,0.31550825759768486,0.2590739168226719,0.05643434007652104,
0,260816,matched,MATCHED_Impulsive,Proposed_CA_CNN_RNND,4686,0.5367709174752235,0.4323219284415245,0.10444899648427963,
0,260816,matched,MATCHED_Impulsive,Proposed_CA_CNN_RNND,4687,0.4028930477797985,0.3310975320637226,0.07179551664739847,
0,260816,matched,MATCHED_Impulsive,Proposed_CA_CNN_RNND,4688,0.3705102652311325,0.30066974461078644,0.06984052434563637,
0,260816,matched,MATCHED_Impulsive,Proposed_CA_CNN_RNND,4689,0.4830835908651352,0.39173300564289093,0.09135059267282486,
0,260816,matched,MATCHED_Impulsive,Proposed_CA_CNN_RNND,4690,0.2571242079138756,0.22004256770014763,0.037081634160131216,
0,260816,matched,MATCHED_Impulsive,Proposed_CA_CNN_RNND,4691,0.40131910890340805,0.32676680758595467,0.07455230131745338,
0,260816,matched,MATCHED_Impulsive,Proposed_CA_CNN_RNND,4692,0.33070214837789536,0.27350661903619766,0.05719553167000413,
0,260816,matched,MATCHED_Impulsive,Proposed_CA_CNN_RNND,4693,0.3849114961922169,0.3140542432665825,0.07085724640637636,
0,260816,matched,MATCHED_Impulsive,Proposed_CA_CNN_RNND,4694,0.41168903931975365,0.3351210430264473,0.07656800374388695,
0,260816,matched,MATCHED_Impulsive,Proposed_CA_CNN_RNND,4695,0.3252885974943638,0.27090123295783997,0.05438736919313669,
0,260816,matched,MATCHED_Impulsive,Proposed_CA_CNN_RNND,4696,0.4644916132092476,0.3746888227760792,0.08980279229581356,
0,260816,matched,MATCHED_Impulsive,Proposed_CA_CNN_RNND,4697,0.26914941519498825,0.2271909974515438,0.04195842007175088,
0,260816,matched,MATCHED_Impulsive,Proposed_CA_CNN_RNND,4698,0.48019347339868546,0.3874225318431854,0.09277094714343548,
0,260816,matched,MATCHED_Impulsive,Proposed_CA_CNN_RNND,4699,0.4234081655740738,0.34014228358864784,0.08326587872579694,
0,260816,matched,MATCHED_Impulsive,Proposed_CA_CNN_RNND,4700,0.33352553844451904,0.2761075273156166,0.05741800740361214,
0,260816,matched,MATCHED_Impulsive,Proposed_CA_CNN_RNND,4701,0.32928307726979256,0.27750590816140175,0.05177716910839081,
0,260816,matched,MATCHED_Impulsive,Proposed_CA_CNN_RNND,4702,0.37035149335861206,0.3034427687525749,0.0669087152928114,
0,260816,matched,MATCHED_Impulsive,Proposed_CA_CNN_RNND,4703,0.359259232878685,0.2927146963775158,0.06654452625662088,
0,260816,matched,MATCHED_Impulsive,Proposed_CA_CNN_RNND,4704,0.23541413992643356,0.19908685982227325,0.03632727824151516,
0,260816,matched,MATCHED_Impulsive,Proposed_CA_CNN_RNND,4705,0.4594200402498245,0.36716074496507645,0.09225929528474808,
0,260816,matched,MATCHED_Impulsive,Proposed_CA_CNN_RNND,4706,0.45945853739976883,0.3737085424363613,0.08574999636039138,
0,260816,matched,MATCHED_Impulsive,Proposed_CA_CNN_RNND,4707,0.3414096236228943,0.28752274438738823,0.05388687830418348,
0,260816,matched,MATCHED_Impulsive,Proposed_CA_CNN_RNND,4708,0.36260852217674255,0.29560384526848793,0.06700468249619007,
0,260816,matched,MATCHED_Impulsive,Proposed_CA_CNN_RNND,4709,0.3153112567961216,0.26219339668750763,0.053117867559194565,
0,260816,matched,MATCHED_Impulsive,Proposed_CA_CNN_RNND,4710,0.3799056187272072,0.3169778734445572,0.06292774435132742,
0,260816,matched,MATCHED_Impulsive,Proposed_CA_CNN_RNND,4711,0.6139676421880722,0.4826691225171089,0.13129853084683418,
0,260816,matched,MATCHED_Impulsive,Proposed_CA_CNN_RNND,4712,0.3398384340107441,0.28395218774676323,0.05588624719530344,
0,260816,matched,MATCHED_Impulsive,Proposed_CA_CNN_RNND,4713,0.29386255145072937,0.25046592950820923,0.04339662101119757,
0,260816,matched,MATCHED_Impulsive,Proposed_CA_CNN_RNND,4714,0.4333410542458296,0.3442135117948055,0.08912753826007247,
0,260816,matched,MATCHED_Impulsive,Proposed_CA_CNN_RNND,4715,0.3061404973268509,0.25201599299907684,0.05412450339645147,
0,260816,matched,MATCHED_Impulsive,Proposed_CA_CNN_RNND,4716,0.430711816996336,0.35546816140413284,0.07524365978315473,
0,260816,matched,MATCHED_Impulsive,Proposed_CA_CNN_RNND,4717,0.2507856972515583,0.2170632965862751,0.03372240089811385,
0,260816,matched,MATCHED_Impulsive,Proposed_CA_CNN_RNND,4718,0.4359712116420269,0.3529551774263382,0.08301602676510811,
0,260816,matched,MATCHED_Impulsive,Proposed_CA_CNN_RNND,4719,0.2643880732357502,0.2263765074312687,0.0380115678999573,
0,260816,matched,MATCHED_Impulsive,Proposed_CA_CNN_RNND,4720,0.4714941009879112,0.3843272030353546,0.08716689795255661,
0,260816,matched,MATCHED_Impulsive,Proposed_CA_CNN_RNND,4721,0.3679225295782089,0.3017900250852108,0.06613250821828842,
0,260816,matched,MATCHED_Impulsive,Proposed_CA_CNN_RNND,4722,0.39430491998791695,0.3242667391896248,0.07003819150850177,
0,260816,matched,MATCHED_Impulsive,Proposed_CA_CNN_RNND,4723,0.4420437589287758,0.3555142804980278,0.08652947656810284,
0,260816,matched,MATCHED_Impulsive,Proposed_CA_CNN_RNND,4724,0.5202764943242073,0.4178144559264183,0.10246204026043415,
0,260816,matched,MATCHED_Impulsive,Proposed_CA_CNN_RNND,4725,0.3064033053815365,0.2568575516343117,0.04954575188457966,
0,260816,matched,MATCHED_Impulsive,Proposed_CA_CNN_RNND,4726,0.5323694571852684,0.42341063916683197,0.10895882546901703,
0,260816,matched,MATCHED_Impulsive,Proposed_CA_CNN_RNND,4727,0.3078142888844013,0.2647634781897068,0.04305081767961383,
0,260816,matched,MATCHED_Impulsive,Proposed_CA_CNN_RNND,4728,0.39309966564178467,0.3211597166955471,0.07193994335830212,
0,260816,matched,MATCHED_Impulsive,Proposed_CA_CNN_RNND,4729,0.4285716749727726,0.35070018097758293,0.07787150563672185,
0,260816,matched,MATCHED_Impulsive,Proposed_CA_CNN_RNND,4730,0.3985801488161087,0.3268144652247429,0.07176567707210779,
0,260816,matched,MATCHED_Impulsive,Proposed_CA_CNN_RNND,4731,0.362423874437809,0.3029664605855942,0.05945741757750511,
0,260816,matched,MATCHED_Impulsive,Proposed_CA_CNN_RNND,4732,0.3318646140396595,0.2747175581753254,0.05714705493301153,
0,260816,matched,MATCHED_Impulsive,Proposed_CA_CNN_RNND,4733,0.39193950593471527,0.32416293770074844,0.06777656450867653,
0,260816,matched,MATCHED_Impulsive,Proposed_CA_CNN_RNND,4734,0.3382910043001175,0.28085368126630783,0.05743732117116451,
0,260816,matched,MATCHED_Impulsive,Proposed_CA_CNN_RNND,4735,0.42405689507722855,0.3432805649936199,0.08077633008360863,
0,260816,matched,MATCHED_Impulsive,Proposed_CA_CNN_RNND,4736,0.4357178062200546,0.35814330726861954,0.07757449336349964,
0,260816,matched,MATCHED_Impulsive,Proposed_CA_CNN_RNND,4737,0.4142102673649788,0.33310507237911224,0.0811051931232214,
0,260816,matched,MATCHED_Impulsive,Proposed_CA_CNN_RNND,4738,0.5080160200595856,0.4080689549446106,0.0999470679089427,
0,260816,matched,MATCHED_Impulsive,Proposed_CA_CNN_RNND,4739,0.38444557785987854,0.31233469396829605,0.07211088482290506,
0,260816,matched,MATCHED_Impulsive,Proposed_CA_CNN_RNND,4740,0.30272821709513664,0.25377604365348816,0.048952166456729174,
0,260816,matched,MATCHED_Impulsive,Proposed_CA_CNN_RNND,4741,0.4802236780524254,0.38763856142759323,0.09258511289954185,
0,260816,matched,MATCHED_Impulsive,Proposed_CA_CNN_RNND,4742,0.45641475170850754,0.3712526001036167,0.08516216091811657,
0,260816,matched,MATCHED_Impulsive,Proposed_CA_CNN_RNND,4743,0.4167439192533493,0.3361179083585739,0.08062601368874311,
0,260816,matched,MATCHED_Impulsive,Proposed_CA_CNN_RNND,4744,0.5112344697117805,0.41290781646966934,0.0983266606926918,
0,260816,matched,MATCHED_Impulsive,Proposed_CA_CNN_RNND,4745,0.3156915493309498,0.2612553723156452,0.05443618353456259,
0,260816,matched,MATCHED_Impulsive,Proposed_CA_CNN_RNND,4746,0.2722209617495537,0.22824015468358994,0.04398080473765731,
0,260816,matched,MATCHED_Impulsive,Proposed_CA_CNN_RNND,4747,0.5884583592414856,0.46800093352794647,0.12045742012560368,
0,260816,matched,MATCHED_Impulsive,Proposed_CA_CNN_RNND,4748,0.4596490040421486,0.36941053345799446,0.09023846499621868,
0,260816,matched,MATCHED_Impulsive,Proposed_CA_CNN_RNND,4749,0.33191267400979996,0.2802097201347351,0.05170295014977455,
0,260816,matched,MATCHED_Impulsive,Proposed_CA_CNN_RNND,4750,0.3175828978419304,0.26620518043637276,0.05137771228328347,
0,260816,matched,MATCHED_Impulsive,Proposed_CA_CNN_RNND,4751,0.41503363847732544,0.33998972922563553,0.07504389807581902,
0,260816,matched,MATCHED_Impulsive,Proposed_CA_CNN_RNND,4752,0.24374515190720558,0.20259243249893188,0.0411527194082737,
0,260816,matched,MATCHED_Impulsive,Proposed_CA_CNN_RNND,4753,0.3776622787117958,0.3153253495693207,0.06233692285604775,
0,260816,matched,MATCHED_Impulsive,Proposed_CA_CNN_RNND,4754,0.478094220161438,0.38035306334495544,0.09774114936590195,
0,260816,matched,MATCHED_Impulsive,Proposed_CA_CNN_RNND,4755,0.35803068429231644,0.2964068315923214,0.06162385269999504,
0,260816,matched,MATCHED_Impulsive,Proposed_CA_CNN_RNND,4756,0.3464115634560585,0.29246797412633896,0.05394359119236469,
0,260816,matched,MATCHED_Impulsive,Proposed_CA_CNN_RNND,4757,0.46505896747112274,0.38030026480555534,0.0847586989402771,
0,260816,matched,MATCHED_Impulsive,Proposed_CA_CNN_RNND,4758,0.48934948444366455,0.3910441920161247,0.09830528497695923,
0,260816,matched,MATCHED_Impulsive,Proposed_CA_CNN_RNND,4759,0.42636845260858536,0.3511621728539467,0.07520626857876778,
0,260816,matched,MATCHED_Impulsive,Proposed_CA_CNN_RNND,4760,0.4161881394684315,0.3367307260632515,0.07945741107687354,
0,260816,matched,MATCHED_Impulsive,Proposed_CA_CNN_RNND,4761,0.3090092521160841,0.25805243477225304,0.05095681524835527,
0,260816,matched,MATCHED_Impulsive,Proposed_CA_CNN_RNND,4762,0.4294034540653229,0.3459084518253803,0.08349500875920057,
0,260816,matched,MATCHED_Impulsive,Proposed_CA_CNN_RNND,4763,0.43972333520650864,0.3603438250720501,0.07937950268387794,
0,260816,matched,MATCHED_Impulsive,Proposed_CA_CNN_RNND,4764,0.3930503949522972,0.3207129240036011,0.07233747141435742,
0,260816,matched,MATCHED_Impulsive,Proposed_CA_CNN_RNND,4765,0.45954984053969383,0.37065497040748596,0.08889487199485302,
0,260816,matched,MATCHED_Impulsive,Proposed_CA_CNN_RNND,4766,0.4304244965314865,0.34295327216386795,0.08747123368084431,
0,260816,matched,MATCHED_Impulsive,Proposed_CA_CNN_RNND,4767,0.35455167293548584,0.29139333218336105,0.06315833982080221,
0,260816,matched,MATCHED_Impulsive,Proposed_CA_CNN_RNND,4768,0.4197241850197315,0.33747396618127823,0.08225022442638874,
0,260816,matched,MATCHED_Impulsive,Proposed_CA_CNN_RNND,4769,0.3507979027926922,0.2829691581428051,0.06782874651253223,
0,260816,matched,MATCHED_Impulsive,Proposed_CA_CNN_RNND,4770,0.49890587478876114,0.3934352546930313,0.10547063173726201,
0,260816,matched,MATCHED_Impulsive,Proposed_CA_CNN_RNND,4771,0.5019502192735672,0.40306197106838226,0.09888826124370098,
0,260816,matched,MATCHED_Impulsive,Proposed_CA_CNN_RNND,4772,0.4227970093488693,0.3446200117468834,0.07817699760198593,
0,260816,matched,MATCHED_Impulsive,Proposed_CA_CNN_RNND,4773,0.2576889656484127,0.2226528823375702,0.03503608424216509,
0,260816,matched,MATCHED_Impulsive,Proposed_CA_CNN_RNND,4774,0.3483566753566265,0.28725914657115936,0.061097534373402596,
0,260816,matched,MATCHED_Impulsive,Proposed_CA_CNN_RNND,4775,0.36788930743932724,0.29459386318922043,0.07329545356333256,
0,260816,matched,MATCHED_Impulsive,Proposed_CA_CNN_RNND,4776,0.46934735029935837,0.3752717263996601,0.09407561924308538,
0,260816,matched,MATCHED_Impulsive,Proposed_CA_CNN_RNND,4777,0.38595183193683624,0.3197742775082588,0.0661775516346097,
0,260816,matched,MATCHED_Impulsive,Proposed_CA_CNN_RNND,4778,0.38031214103102684,0.3166627176105976,0.06364942388609052,
0,260816,matched,MATCHED_Impulsive,Proposed_CA_CNN_RNND,4779,0.5470819100737572,0.43605847656726837,0.1110234409570694,
0,260816,matched,MATCHED_Impulsive,Proposed_CA_CNN_RNND,4780,0.5469952970743179,0.43202676624059677,0.11496853083372116,
0,260816,matched,MATCHED_Impulsive,Proposed_CA_CNN_RNND,4781,0.3082467243075371,0.25726787373423576,0.05097884242422879,
0,260816,matched,MATCHED_Impulsive,Proposed_CA_CNN_RNND,4782,0.31651272624731064,0.26098136603832245,0.05553136207163334,
0,260816,matched,MATCHED_Impulsive,Proposed_CA_CNN_RNND,4783,0.43188510835170746,0.34885603189468384,0.08302906667813659,
0,260816,matched,MATCHED_Impulsive,Proposed_CA_CNN_RNND,4784,0.2645963989198208,0.224260576069355,0.04033582331612706,
0,260816,matched,MATCHED_Impulsive,Proposed_CA_CNN_RNND,4785,0.3106924891471863,0.2589806169271469,0.05171187035739422,
0,260816,matched,MATCHED_Impulsive,Proposed_CA_CNN_RNND,4786,0.23939811065793037,0.20577329397201538,0.03362481854856014,
0,260816,matched,MATCHED_Impulsive,Proposed_CA_CNN_RNND,4787,0.42383619397878647,0.3492049351334572,0.07463125698268414,
0,260816,matched,MATCHED_Impulsive,Proposed_CA_CNN_RNND,4788,0.3550412803888321,0.29443826526403427,0.06060301838442683,
0,260816,matched,MATCHED_Impulsive,Proposed_CA_CNN_RNND,4789,0.5167804658412933,0.4082793742418289,0.10850108601152897,
0,260816,matched,MATCHED_Impulsive,Proposed_CA_CNN_RNND,4790,0.3662676550447941,0.3003774471580982,0.06589021068066359,
0,260816,matched,MATCHED_Impulsive,Proposed_CA_CNN_RNND,4791,0.32226919010281563,0.2684642318636179,0.05380495265126228,
0,260816,matched,MATCHED_Impulsive,Proposed_CA_CNN_RNND,4792,0.3738790787756443,0.3072616644203663,0.06661741156131029,
0,260816,matched,MATCHED_Impulsive,Proposed_CA_CNN_RNND,4793,0.4191218987107277,0.34196004271507263,0.07716185180470347,
0,260816,matched,MATCHED_Impulsive,Proposed_CA_CNN_RNND,4794,0.34579360857605934,0.286099124699831,0.059694485273212194,
0,260816,matched,MATCHED_Impulsive,Proposed_CA_CNN_RNND,4795,0.3412480428814888,0.2810032553970814,0.060244790744036436,
0,260816,matched,MATCHED_Impulsive,Proposed_CA_CNN_RNND,4796,0.4815095141530037,0.38551317900419235,0.09599633142352104,
0,260816,matched,MATCHED_Impulsive,Proposed_CA_CNN_RNND,4797,0.39306116104125977,0.32080475240945816,0.0722564049065113,
0,260816,matched,MATCHED_Impulsive,Proposed_CA_CNN_RNND,4798,0.3314783200621605,0.2744850292801857,0.056993295438587666,
0,260816,matched,MATCHED_Impulsive,Proposed_CA_CNN_RNND,4799,0.29821602627635,0.2554539702832699,0.04276205413043499,
0,260816,matched,MATCHED_Impulsive,Proposed_CA_CNN_RNND,4800,0.361237570643425,0.30445219576358795,0.05678537767380476,-1.033160954587362
0,260816,matched,MATCHED_Impulsive,Proposed_CA_CNN_RNND,4801,0.4337282031774521,0.3473321869969368,0.08639601059257984,
0,260816,matched,MATCHED_Impulsive,Proposed_CA_CNN_RNND,4802,0.28480610996484756,0.24070271104574203,0.044103398686274886,
0,260816,matched,MATCHED_Impulsive,Proposed_CA_CNN_RNND,4803,0.28081369400024414,0.2409009337425232,0.039912763983011246,
0,260816,matched,MATCHED_Impulsive,Proposed_CA_CNN_RNND,4804,0.3922821618616581,0.31639704294502735,0.07588511472567916,
0,260816,matched,MATCHED_Impulsive,Proposed_CA_CNN_RNND,4805,0.3767117001116276,0.31011849641799927,0.06659320276230574,
0,260816,matched,MATCHED_Impulsive,Proposed_CA_CNN_RNND,4806,0.4552776888012886,0.3722783401608467,0.08299935236573219,
0,260816,matched,MATCHED_Impulsive,Proposed_CA_CNN_RNND,4807,0.3862607702612877,0.3186793178319931,0.06758145615458488,
0,260816,matched,MATCHED_Impulsive,Proposed_CA_CNN_RNND,4808,0.4015691988170147,0.3210643008351326,0.08050490450114012,
0,260816,matched,MATCHED_Impulsive,Proposed_CA_CNN_RNND,4809,0.31782999634742737,0.26845698058605194,0.049373016227036715,
0,260816,matched,MATCHED_Impulsive,Proposed_CA_CNN_RNND,4810,0.3594988211989403,0.29818950593471527,0.06130931805819273,
0,260816,matched,MATCHED_Impulsive,Proposed_CA_CNN_RNND,4811,0.47933003306388855,0.3849930800497532,0.09433694183826447,
0,260816,matched,MATCHED_Impulsive,Proposed_CA_CNN_RNND,4812,0.2506314478814602,0.21989190205931664,0.030739545822143555,
0,260816,matched,MATCHED_Impulsive,Proposed_CA_CNN_RNND,4813,0.4468270614743233,0.35954300314188004,0.08728407323360443,
0,260816,matched,MATCHED_Impulsive,Proposed_CA_CNN_RNND,4814,0.33707794919610023,0.28170372545719147,0.055374213960021734,
0,260816,matched,MATCHED_Impulsive,Proposed_CA_CNN_RNND,4815,0.37269459664821625,0.30481839552521706,0.06787619926035404,
0,260816,matched,MATCHED_Impulsive,Proposed_CA_CNN_RNND,4816,0.25820407271385193,0.22110922262072563,0.03709484962746501,
0,260816,matched,MATCHED_Impulsive,Proposed_CA_CNN_RNND,4817,0.2938972935080528,0.2501003071665764,0.04379698634147644,
0,260816,matched,MATCHED_Impulsive,Proposed_CA_CNN_RNND,4818,0.37039123475551605,0.30797204002738,0.06241918168962002,
0,260816,matched,MATCHED_Impulsive,Proposed_CA_CNN_RNND,4819,0.24512078613042831,0.21064404770731926,0.03447673702612519,
0,260816,matched,MATCHED_Impulsive,Proposed_CA_CNN_RNND,4820,0.3015045300126076,0.24862677976489067,0.05287775490432978,
0,260816,matched,MATCHED_Impulsive,Proposed_CA_CNN_RNND,4821,0.3767702467739582,0.3132624551653862,0.0635077808983624,
0,260816,matched,MATCHED_Impulsive,Proposed_CA_CNN_RNND,4822,0.3937467597424984,0.31764597445726395,0.07610078435391188,
0,260816,matched,MATCHED_Impulsive,Proposed_CA_CNN_RNND,4823,0.32980383932590485,0.27211296930909157,0.057690880727022886,
0,260816,matched,MATCHED_Impulsive,Proposed_CA_CNN_RNND,4824,0.27117977663874626,0.22672206908464432,0.04445770615711808,
0,260816,matched,MATCHED_Impulsive,Proposed_CA_CNN_RNND,4825,0.5219445452094078,0.4177873730659485,0.10415716096758842,
0,260816,matched,MATCHED_Impulsive,Proposed_CA_CNN_RNND,4826,0.3497247025370598,0.28793492913246155,0.061789773404598236,
0,260816,matched,MATCHED_Impulsive,Proposed_CA_CNN_RNND,4827,0.41393937915563583,0.3357974886894226,0.0781418951228261,
0,260816,matched,MATCHED_Impulsive,Proposed_CA_CNN_RNND,4828,0.5674842745065689,0.4558248743414879,0.11165937967598438,
0,260816,matched,MATCHED_Impulsive,Proposed_CA_CNN_RNND,4829,0.3326428756117821,0.28472211956977844,0.04792075976729393,
0,260816,matched,MATCHED_Impulsive,Proposed_CA_CNN_RNND,4830,0.28708962723612785,0.2510020397603512,0.03608757955953479,
0,260816,matched,MATCHED_Impulsive,Proposed_CA_CNN_RNND,4831,0.24499132111668587,0.20764519274234772,0.0373461211565882,
0,260816,matched,MATCHED_Impulsive,Proposed_CA_CNN_RNND,4832,0.5092055350542068,0.4113430082798004,0.09786253981292248,
0,260816,matched,MATCHED_Impulsive,Proposed_CA_CNN_RNND,4833,0.37755098193883896,0.3092542327940464,0.06829676125198603,
0,260816,matched,MATCHED_Impulsive,Proposed_CA_CNN_RNND,4834,0.40544192865490913,0.330706100910902,0.07473582867532969,
0,260816,matched,MATCHED_Impulsive,Proposed_CA_CNN_RNND,4835,0.511700764298439,0.40904515981674194,0.1026556147262454,
0,260816,matched,MATCHED_Impulsive,Proposed_CA_CNN_RNND,4836,0.3853222317993641,0.31349826604127884,0.071823975071311,
0,260816,matched,MATCHED_Impulsive,Proposed_CA_CNN_RNND,4837,0.5490597784519196,0.43650388717651367,0.11255589872598648,
0,260816,matched,MATCHED_Impulsive,Proposed_CA_CNN_RNND,4838,0.2366805225610733,0.2041686438024044,0.03251187549903989,
0,260816,matched,MATCHED_Impulsive,Proposed_CA_CNN_RNND,4839,0.41519392281770706,0.3400181829929352,0.07517573982477188,
0,260816,matched,MATCHED_Impulsive,Proposed_CA_CNN_RNND,4840,0.29845889285206795,0.25146258622407913,0.046996308490633965,
0,260816,matched,MATCHED_Impulsive,Proposed_CA_CNN_RNND,4841,0.3623557426035404,0.30373265594244003,0.058623085264116526,
0,260816,matched,MATCHED_Impulsive,Proposed_CA_CNN_RNND,4842,0.48043929412961006,0.38741616904735565,0.09302311670035124,
0,260816,matched,MATCHED_Impulsive,Proposed_CA_CNN_RNND,4843,0.22308337315917015,0.1947803795337677,0.028302992694079876,
0,260816,matched,MATCHED_Impulsive,Proposed_CA_CNN_RNND,4844,0.26661480590701103,0.22641898691654205,0.04019582085311413,
0,260816,matched,MATCHED_Impulsive,Proposed_CA_CNN_RNND,4845,0.3857498988509178,0.317276980727911,0.06847291626036167,
0,260816,matched,MATCHED_Impulsive,Proposed_CA_CNN_RNND,4846,0.4133736826479435,0.3375330939888954,0.07584059564396739,
0,260816,matched,MATCHED_Impulsive,Proposed_CA_CNN_RNND,4847,0.24786998331546783,0.21359501034021378,0.03427496599033475,
0,260816,matched,MATCHED_Impulsive,Proposed_CA_CNN_RNND,4848,0.28829512372612953,0.23887824639678001,0.04941688012331724,
0,260816,matched,MATCHED_Impulsive,Proposed_CA_CNN_RNND,4849,0.4192364737391472,0.33561548590660095,0.0836209817789495,
0,260816,matched,MATCHED_Impulsive,Proposed_CA_CNN_RNND,4850,0.4071436710655689,0.32988520711660385,0.07725845836102962,
0,260816,matched,MATCHED_Impulsive,Proposed_CA_CNN_RNND,4851,0.3522506095468998,0.2904260493814945,0.061824554577469826,
0,260816,matched,MATCHED_Impulsive,Proposed_CA_CNN_RNND,4852,0.33752964437007904,0.28492046892642975,0.05260917544364929,
0,260816,matched,MATCHED_Impulsive,Proposed_CA_CNN_RNND,4853,0.41997548937797546,0.34105490520596504,0.07892059162259102,
0,260816,matched,MATCHED_Impulsive,Proposed_CA_CNN_RNND,4854,0.49466049671173096,0.3936527892947197,0.10100770369172096,
0,260816,matched,MATCHED_Impulsive,Proposed_CA_CNN_RNND,4855,0.4945240020751953,0.399565152823925,0.09495885297656059,
0,260816,matched,MATCHED_Impulsive,Proposed_CA_CNN_RNND,4856,0.36282888427376747,0.2987717464566231,0.06405713316053152,
0,260816,matched,MATCHED_Impulsive,Proposed_CA_CNN_RNND,4857,0.45134730637073517,0.36453481763601303,0.08681249246001244,
0,260816,matched,MATCHED_Impulsive,Proposed_CA_CNN_RNND,4858,0.27518871426582336,0.23122857883572578,0.043960132636129856,
0,260816,matched,MATCHED_Impulsive,Proposed_CA_CNN_RNND,4859,0.282555777579546,0.23959925770759583,0.042956515215337276,
0,260816,matched,MATCHED_Impulsive,Proposed_CA_CNN_RNND,4860,0.4609294831752777,0.3709188252687454,0.09001067094504833,
0,260816,matched,MATCHED_Impulsive,Proposed_CA_CNN_RNND,4861,0.40220189467072487,0.3316510058939457,0.07055089203640819,
0,260816,matched,MATCHED_Impulsive,Proposed_CA_CNN_RNND,4862,0.3502541035413742,0.292172446846962,0.05808165669441223,
0,260816,matched,MATCHED_Impulsive,Proposed_CA_CNN_RNND,4863,0.33362672477960587,0.27990594506263733,0.05372078064829111,
0,260816,matched,MATCHED_Impulsive,Proposed_CA_CNN_RNND,4864,0.44056735187768936,0.35773997008800507,0.08282738458365202,
0,260816,matched,MATCHED_Impulsive,Proposed_CA_CNN_RNND,4865,0.2392917275428772,0.20588913559913635,0.03340258914977312,
0,260816,matched,MATCHED_Impulsive,Proposed_CA_CNN_RNND,4866,0.36818917095661163,0.3039555363357067,0.0642336318269372,
0,260816,matched,MATCHED_Impulsive,Proposed_CA_CNN_RNND,4867,0.3524245619773865,0.2956155836582184,0.05680897459387779,
0,260816,matched,MATCHED_Impulsive,Proposed_CA_CNN_RNND,4868,0.3362359032034874,0.2826972045004368,0.053538691252470016,
0,260816,matched,MATCHED_Impulsive,Proposed_CA_CNN_RNND,4869,0.38371144607663155,0.31516052782535553,0.06855092104524374,
0,260816,matched,MATCHED_Impulsive,Proposed_CA_CNN_RNND,4870,0.4894060641527176,0.39570828527212143,0.09369777608662844,
0,260816,matched,MATCHED_Impulsive,Proposed_CA_CNN_RNND,4871,0.30467452481389046,0.2592770680785179,0.04539745859801769,
0,260816,matched,MATCHED_Impulsive,Proposed_CA_CNN_RNND,4872,0.3442706800997257,0.2851511314511299,0.05911954725161195,
0,260816,matched,MATCHED_Impulsive,Proposed_CA_CNN_RNND,4873,0.4072994478046894,0.32810164242982864,0.07919780653901398,
0,260816,matched,MATCHED_Impulsive,Proposed_CA_CNN_RNND,4874,0.47448889166116714,0.3762942776083946,0.09819461591541767,
0,260816,matched,MATCHED_Impulsive,Proposed_CA_CNN_RNND,4875,0.3664533197879791,0.304577074944973,0.06187624437734485,
0,260816,matched,MATCHED_Impulsive,Proposed_CA_CNN_RNND,4876,0.3185189925134182,0.2624557688832283,0.05606321711093187,
0,260816,matched,MATCHED_Impulsive,Proposed_CA_CNN_RNND,4877,0.3085787296295166,0.2632514052093029,0.04532732255756855,
0,260816,matched,MATCHED_Impulsive,Proposed_CA_CNN_RNND,4878,0.24905647337436676,0.21513375639915466,0.03392271138727665,
0,260816,matched,MATCHED_Impulsive,Proposed_CA_CNN_RNND,4879,0.3810756430029869,0.3142208606004715,0.06685479637235403,
0,260816,matched,MATCHED_Impulsive,Proposed_CA_CNN_RNND,4880,0.3022444359958172,0.2504076100885868,0.05183682590723038,
0,260816,matched,MATCHED_Impulsive,Proposed_CA_CNN_RNND,4881,0.41179846227169037,0.3414711430668831,0.07032731082290411,
0,260816,matched,MATCHED_Impulsive,Proposed_CA_CNN_RNND,4882,0.43116671591997147,0.34956275671720505,0.08160395454615355,
0,260816,matched,MATCHED_Impulsive,Proposed_CA_CNN_RNND,4883,0.49084993451833725,0.39092009514570236,0.09992983750998974,
0,260816,matched,MATCHED_Impulsive,Proposed_CA_CNN_RNND,4884,0.39295103400945663,0.32597188279032707,0.06697915121912956,
0,260816,matched,MATCHED_Impulsive,Proposed_CA_CNN_RNND,4885,0.4706072397530079,0.3774128630757332,0.09319437900558114,
0,260816,matched,MATCHED_Impulsive,Proposed_CA_CNN_RNND,4886,0.44994212687015533,0.35957518219947815,0.09036693908274174,
0,260816,matched,MATCHED_Impulsive,Proposed_CA_CNN_RNND,4887,0.4253101870417595,0.3449017181992531,0.08040847349911928,
0,260816,matched,MATCHED_Impulsive,Proposed_CA_CNN_RNND,4888,0.33559896796941757,0.2833046317100525,0.052294332068413496,
0,260816,matched,MATCHED_Impulsive,Proposed_CA_CNN_RNND,4889,0.36817924305796623,0.2964344620704651,0.07174477819353342,
0,260816,matched,MATCHED_Impulsive,Proposed_CA_CNN_RNND,4890,0.36401840671896935,0.2974914498627186,0.06652695313096046,
0,260816,matched,MATCHED_Impulsive,Proposed_CA_CNN_RNND,4891,0.3370487242937088,0.2784396708011627,0.058609053026884794,
0,260816,matched,MATCHED_Impulsive,Proposed_CA_CNN_RNND,4892,0.4138828366994858,0.3398730307817459,0.07400980405509472,
0,260816,matched,MATCHED_Impulsive,Proposed_CA_CNN_RNND,4893,0.27194057032465935,0.2306552454829216,0.0412853192538023,
0,260816,matched,MATCHED_Impulsive,Proposed_CA_CNN_RNND,4894,0.40161628648638725,0.3231080546975136,0.07850822852924466,
0,260816,matched,MATCHED_Impulsive,Proposed_CA_CNN_RNND,4895,0.40398871153593063,0.33408937603235245,0.06989933829754591,
0,260816,matched,MATCHED_Impulsive,Proposed_CA_CNN_RNND,4896,0.31925052031874657,0.27036283910274506,0.04888767655938864,
0,260816,matched,MATCHED_Impulsive,Proposed_CA_CNN_RNND,4897,0.35752004384994507,0.2949555851519108,0.06256446894258261,
0,260816,matched,MATCHED_Impulsive,Proposed_CA_CNN_RNND,4898,0.28772927448153496,0.24037714675068855,0.04735212866216898,
0,260816,matched,MATCHED_Impulsive,Proposed_CA_CNN_RNND,4899,0.32443564385175705,0.27455243840813637,0.049883206374943256,
0,260816,matched,MATCHED_Impulsive,Proposed_CA_CNN_RNND,4900,0.4704531654715538,0.3801506534218788,0.09030250832438469,
0,260816,matched,MATCHED_Impulsive,Proposed_CA_CNN_RNND,4901,0.458682045340538,0.3663704842329025,0.09231157042086124,
0,260816,matched,MATCHED_Impulsive,Proposed_CA_CNN_RNND,4902,0.4076196476817131,0.3338549807667732,0.07376466132700443,
0,260816,matched,MATCHED_Impulsive,Proposed_CA_CNN_RNND,4903,0.3329780325293541,0.2700680010020733,0.06291002687066793,
0,260816,matched,MATCHED_Impulsive,Proposed_CA_CNN_RNND,4904,0.3200664184987545,0.26888569071888924,0.051180727779865265,
0,260816,matched,MATCHED_Impulsive,Proposed_CA_CNN_RNND,4905,0.39433111995458603,0.33083537966012955,0.06349573936313391,
0,260816,matched,MATCHED_Impulsive,Proposed_CA_CNN_RNND,4906,0.3038442134857178,0.25782352313399315,0.04602069314569235,
0,260816,matched,MATCHED_Impulsive,Proposed_CA_CNN_RNND,4907,0.4729474037885666,0.3803027272224426,0.09264467656612396,
0,260816,matched,MATCHED_Impulsive,Proposed_CA_CNN_RNND,4908,0.42012525722384453,0.3408591039478779,0.07926614116877317,
0,260816,matched,MATCHED_Impulsive,Proposed_CA_CNN_RNND,4909,0.5550459697842598,0.4472432881593704,0.10780267789959908,
0,260816,matched,MATCHED_Impulsive,Proposed_CA_CNN_RNND,4910,0.4152945578098297,0.34156905114650726,0.07372551783919334,
0,260816,matched,MATCHED_Impulsive,Proposed_CA_CNN_RNND,4911,0.3568295128643513,0.29118525236845016,0.06564426189288497,
0,260816,matched,MATCHED_Impulsive,Proposed_CA_CNN_RNND,4912,0.4240305982530117,0.33995675295591354,0.08407384902238846,
0,260816,matched,MATCHED_Impulsive,Proposed_CA_CNN_RNND,4913,0.5294870734214783,0.432866208255291,0.09662086889147758,
0,260816,matched,MATCHED_Impulsive,Proposed_CA_CNN_RNND,4914,0.3433222696185112,0.28530852496623993,0.05801374465227127,
0,260816,matched,MATCHED_Impulsive,Proposed_CA_CNN_RNND,4915,0.27806761488318443,0.2354574352502823,0.04261017986573279,
0,260816,matched,MATCHED_Impulsive,Proposed_CA_CNN_RNND,4916,0.27481140196323395,0.23594068735837936,0.03887072019279003,
0,260816,matched,MATCHED_Impulsive,Proposed_CA_CNN_RNND,4917,0.49377329647541046,0.40731264650821686,0.08646065182983875,
0,260816,matched,MATCHED_Impulsive,Proposed_CA_CNN_RNND,4918,0.4181474298238754,0.3430776596069336,0.07506977394223213,
0,260816,matched,MATCHED_Impulsive,Proposed_CA_CNN_RNND,4919,0.354772936552763,0.29013482108712196,0.06463811360299587,
0,260816,matched,MATCHED_Impulsive,Proposed_CA_CNN_RNND,4920,0.40381041169166565,0.3274535462260246,0.07635687291622162,
0,260816,matched,MATCHED_Impulsive,Proposed_CA_CNN_RNND,4921,0.425093412399292,0.34104229137301445,0.08405111730098724,
0,260816,matched,MATCHED_Impulsive,Proposed_CA_CNN_RNND,4922,0.4050016328692436,0.33099599182605743,0.07400563918054104,
0,260816,matched,MATCHED_Impulsive,Proposed_CA_CNN_RNND,4923,0.47890982031822205,0.38921377807855606,0.08969605527818203,
0,260816,matched,MATCHED_Impulsive,Proposed_CA_CNN_RNND,4924,0.3584626019001007,0.29865191131830215,0.05981068965047598,
0,260816,matched,MATCHED_Impulsive,Proposed_CA_CNN_RNND,4925,0.33990054205060005,0.27930544316768646,0.06059509702026844,
0,260816,matched,MATCHED_Impulsive,Proposed_CA_CNN_RNND,4926,0.3951508700847626,0.32984545826911926,0.06530541134998202,
0,260816,matched,MATCHED_Impulsive,Proposed_CA_CNN_RNND,4927,0.4406711682677269,0.3605935871601105,0.0800775745883584,
0,260816,matched,MATCHED_Impulsive,Proposed_CA_CNN_RNND,4928,0.39223505184054375,0.3239786811172962,0.06825636979192495,
0,260816,matched,MATCHED_Impulsive,Proposed_CA_CNN_RNND,4929,0.345908310264349,0.2884475141763687,0.0574607914313674,
0,260816,matched,MATCHED_Impulsive,Proposed_CA_CNN_RNND,4930,0.34932807832956314,0.2833830490708351,0.06594503531232476,
0,260816,matched,MATCHED_Impulsive,Proposed_CA_CNN_RNND,4931,0.3130551651120186,0.26081445813179016,0.05224070092663169,
0,260816,matched,MATCHED_Impulsive,Proposed_CA_CNN_RNND,4932,0.21667957305908203,0.1899218149483204,0.02675775485113263,
0,260816,matched,MATCHED_Impulsive,Proposed_CA_CNN_RNND,4933,0.45317499339580536,0.36590563505887985,0.08726936019957066,
0,260816,matched,MATCHED_Impulsive,Proposed_CA_CNN_RNND,4934,0.4103788733482361,0.32963545620441437,0.08074342180043459,
0,260816,matched,MATCHED_Impulsive,Proposed_CA_CNN_RNND,4935,0.5478689298033714,0.4405892565846443,0.10727966390550137,
0,260816,matched,MATCHED_Impulsive,Proposed_CA_CNN_RNND,4936,0.38577504456043243,0.32722338289022446,0.058551669120788574,
0,260816,matched,MATCHED_Impulsive,Proposed_CA_CNN_RNND,4937,0.4159898944199085,0.34210189804434776,0.07388798799365759,
0,260816,matched,MATCHED_Impulsive,Proposed_CA_CNN_RNND,4938,0.3970332071185112,0.32613207772374153,0.07090112380683422,
0,260816,matched,MATCHED_Impulsive,Proposed_CA_CNN_RNND,4939,0.4636979028582573,0.3767579048871994,0.08693999238312244,
0,260816,matched,MATCHED_Impulsive,Proposed_CA_CNN_RNND,4940,0.3591239005327225,0.29782139509916306,0.06130250357091427,
0,260816,matched,MATCHED_Impulsive,Proposed_CA_CNN_RNND,4941,0.5436483696103096,0.4282061792910099,0.11544219590723515,
0,260816,matched,MATCHED_Impulsive,Proposed_CA_CNN_RNND,4942,0.47078532725572586,0.3725678622722626,0.09821745846420527,
0,260816,matched,MATCHED_Impulsive,Proposed_CA_CNN_RNND,4943,0.3663332276046276,0.29744598269462585,0.06888724025338888,
0,260816,matched,MATCHED_Impulsive,Proposed_CA_CNN_RNND,4944,0.5019337087869644,0.3963257074356079,0.10560799948871136,
0,260816,matched,MATCHED_Impulsive,Proposed_CA_CNN_RNND,4945,0.3851621747016907,0.314126655459404,0.07103552483022213,
0,260816,matched,MATCHED_Impulsive,Proposed_CA_CNN_RNND,4946,0.3171146661043167,0.26580633968114853,0.05130832642316818,
0,260816,matched,MATCHED_Impulsive,Proposed_CA_CNN_RNND,4947,0.2689734697341919,0.23519405722618103,0.033779408782720566,
0,260816,matched,MATCHED_Impulsive,Proposed_CA_CNN_RNND,4948,0.24325921386480331,0.21114835143089294,0.032110859639942646,
0,260816,matched,MATCHED_Impulsive,Proposed_CA_CNN_RNND,4949,0.4968322515487671,0.4024823307991028,0.09434993285685778,
0,260816,matched,MATCHED_Impulsive,Proposed_CA_CNN_RNND,4950,0.4755012169480324,0.38761714845895767,0.08788407035171986,
0,260816,matched,MATCHED_Impulsive,Proposed_CA_CNN_RNND,4951,0.4171941876411438,0.33818376809358597,0.07901041954755783,
0,260816,matched,MATCHED_Impulsive,Proposed_CA_CNN_RNND,4952,0.33889468759298325,0.28510625660419464,0.05378843378275633,
0,260816,matched,MATCHED_Impulsive,Proposed_CA_CNN_RNND,4953,0.34090158343315125,0.2835916057229042,0.05730997584760189,
0,260816,matched,MATCHED_Impulsive,Proposed_CA_CNN_RNND,4954,0.2691729888319969,0.22994761541485786,0.03922537644393742,
0,260816,matched,MATCHED_Impulsive,Proposed_CA_CNN_RNND,4955,0.32057206332683563,0.2715192325413227,0.049052828922867775,
0,260816,matched,MATCHED_Impulsive,Proposed_CA_CNN_RNND,4956,0.33366184681653976,0.27620944380760193,0.057452392764389515,
0,260816,matched,MATCHED_Impulsive,Proposed_CA_CNN_RNND,4957,0.5391262024641037,0.42889467626810074,0.11023152060806751,
0,260816,matched,MATCHED_Impulsive,Proposed_CA_CNN_RNND,4958,0.2939997464418411,0.25471625104546547,0.03928349446505308,
0,260816,matched,MATCHED_Impulsive,Proposed_CA_CNN_RNND,4959,0.3883998170495033,0.3282321020960808,0.06016771029680967,
0,260816,matched,MATCHED_Impulsive,Proposed_CA_CNN_RNND,4960,0.4475035220384598,0.3584544248878956,0.08904909156262875,
0,260816,matched,MATCHED_Impulsive,Proposed_CA_CNN_RNND,4961,0.34816958010196686,0.2959491237998009,0.052220458164811134,
0,260816,matched,MATCHED_Impulsive,Proposed_CA_CNN_RNND,4962,0.4574180021882057,0.3712090626358986,0.08620893582701683,
0,260816,matched,MATCHED_Impulsive,Proposed_CA_CNN_RNND,4963,0.3683394305408001,0.3033670037984848,0.06497243046760559,
0,260816,matched,MATCHED_Impulsive,Proposed_CA_CNN_RNND,4964,0.2567160166800022,0.22123366221785545,0.035482356790453196,
0,260816,matched,MATCHED_Impulsive,Proposed_CA_CNN_RNND,4965,0.29130271077156067,0.24451810494065285,0.04678460513241589,
0,260816,matched,MATCHED_Impulsive,Proposed_CA_CNN_RNND,4966,0.44156889244914055,0.3478592336177826,0.0937096537090838,
0,260816,matched,MATCHED_Impulsive,Proposed_CA_CNN_RNND,4967,0.46331778541207314,0.3725513480603695,0.09076643828302622,
0,260816,matched,MATCHED_Impulsive,Proposed_CA_CNN_RNND,4968,0.3822878822684288,0.3139679580926895,0.06831992138177156,
0,260816,matched,MATCHED_Impulsive,Proposed_CA_CNN_RNND,4969,0.2186184749007225,0.19287560507655144,0.025742869824171066,
0,260816,matched,MATCHED_Impulsive,Proposed_CA_CNN_RNND,4970,0.38863493502140045,0.3203558921813965,0.06827904656529427,
0,260816,matched,MATCHED_Impulsive,Proposed_CA_CNN_RNND,4971,0.4663469046354294,0.3762378767132759,0.09010903164744377,
0,260816,matched,MATCHED_Impulsive,Proposed_CA_CNN_RNND,4972,0.4073936305940151,0.32813526317477226,0.07925835577771068,
0,260816,matched,MATCHED_Impulsive,Proposed_CA_CNN_RNND,4973,0.3655563220381737,0.3068106025457382,0.05874571483582258,
0,260816,matched,MATCHED_Impulsive,Proposed_CA_CNN_RNND,4974,0.3653849586844444,0.3011116683483124,0.06427329778671265,
0,260816,matched,MATCHED_Impulsive,Proposed_CA_CNN_RNND,4975,0.32537831366062164,0.2722071334719658,0.05317118391394615,
0,260816,matched,MATCHED_Impulsive,Proposed_CA_CNN_RNND,4976,0.33925706148147583,0.28113874047994614,0.058118323562666774,
0,260816,matched,MATCHED_Impulsive,Proposed_CA_CNN_RNND,4977,0.32623500004410744,0.27301009744405746,0.05322490073740482,
0,260816,matched,MATCHED_Impulsive,Proposed_CA_CNN_RNND,4978,0.4485372230410576,0.3627864196896553,0.08575079776346684,
0,260816,matched,MATCHED_Impulsive,Proposed_CA_CNN_RNND,4979,0.3026934005320072,0.2519264332950115,0.05076696863397956,
0,260816,matched,MATCHED_Impulsive,Proposed_CA_CNN_RNND,4980,0.4588419422507286,0.3729664087295532,0.08587553491815925,
0,260816,matched,MATCHED_Impulsive,Proposed_CA_CNN_RNND,4981,0.2500586695969105,0.21414951235055923,0.03590915724635124,
0,260816,matched,MATCHED_Impulsive,Proposed_CA_CNN_RNND,4982,0.1881747767329216,0.1677400916814804,0.020434686914086342,
0,260816,matched,MATCHED_Impulsive,Proposed_CA_CNN_RNND,4983,0.2825477533042431,0.24024324491620064,0.042304510716348886,
0,260816,matched,MATCHED_Impulsive,Proposed_CA_CNN_RNND,4984,0.276368398219347,0.23332306370139122,0.04304533964022994,
0,260816,matched,MATCHED_Impulsive,Proposed_CA_CNN_RNND,4985,0.4639889523386955,0.3728286251425743,0.09116031602025032,
0,260816,matched,MATCHED_Impulsive,Proposed_CA_CNN_RNND,4986,0.40696173161268234,0.33078885823488235,0.07617287384346128,
0,260816,matched,MATCHED_Impulsive,Proposed_CA_CNN_RNND,4987,0.3111269548535347,0.2564895711839199,0.05463739298284054,
0,260816,matched,MATCHED_Impulsive,Proposed_CA_CNN_RNND,4988,0.4898269549012184,0.39816679805517197,0.09166016988456249,
0,260816,matched,MATCHED_Impulsive,Proposed_CA_CNN_RNND,4989,0.3927772268652916,0.3254234120249748,0.0673538176342845,
0,260816,matched,MATCHED_Impulsive,Proposed_CA_CNN_RNND,4990,0.38216621428728104,0.31452901288866997,0.06763720884919167,
0,260816,matched,MATCHED_Impulsive,Proposed_CA_CNN_RNND,4991,0.5361850559711456,0.42873796075582504,0.10744708962738514,
0,260816,matched,MATCHED_Impulsive,Proposed_CA_CNN_RNND,4992,0.5025470070540905,0.4020863473415375,0.10046066832728684,
0,260816,matched,MATCHED_Impulsive,Proposed_CA_CNN_RNND,4993,0.40094782412052155,0.3262314051389694,0.07471640966832638,
0,260816,matched,MATCHED_Impulsive,Proposed_CA_CNN_RNND,4994,0.40475744009017944,0.32086535543203354,0.08389208652079105,
0,260816,matched,MATCHED_Impulsive,Proposed_CA_CNN_RNND,4995,0.40122272446751595,0.33133483678102493,0.06988788326270878,
0,260816,matched,MATCHED_Impulsive,Proposed_CA_CNN_RNND,4996,0.5775970071554184,0.45713623613119125,0.12046075984835625,
0,260816,matched,MATCHED_Impulsive,Proposed_CA_CNN_RNND,4997,0.3118281364440918,0.2640315815806389,0.04779655300080776,
0,260816,matched,MATCHED_Impulsive,Proposed_CA_CNN_RNND,4998,0.22450704500079155,0.19379713758826256,0.030709912767633796,
0,260816,matched,MATCHED_Impulsive,Proposed_CA_CNN_RNND,4999,0.37037011608481407,0.30944209918379784,0.060928016901016235,
0,260816,matched,MATCHED_Impulsive,Proposed_CA_CNN_RNND,5000,0.543211817741394,0.4291973263025284,0.11401448585093021,-1.0393924081236228
0,260816,matched,MATCHED_Impulsive,Proposed_CA_CNN_RNND,5001,0.3125334829092026,0.2665574178099632,0.04597606556490064,
0,260816,matched,MATCHED_Impulsive,Proposed_CA_CNN_RNND,5002,0.2890912592411041,0.24512604624032974,0.043965213000774384,
0,260816,matched,MATCHED_Impulsive,Proposed_CA_CNN_RNND,5003,0.40016793459653854,0.33017294108867645,0.06999499769881368,
0,260816,matched,MATCHED_Impulsive,Proposed_CA_CNN_RNND,5004,0.23960941657423973,0.19867237657308578,0.04093704093247652,
0,260816,matched,MATCHED_Impulsive,Proposed_CA_CNN_RNND,5005,0.4082315117120743,0.33115240931510925,0.07707909867167473,
0,260816,matched,MATCHED_Impulsive,Proposed_CA_CNN_RNND,5006,0.3202383741736412,0.2725437581539154,0.04769460950046778,
0,260816,matched,MATCHED_Impulsive,Proposed_CA_CNN_RNND,5007,0.3945445269346237,0.317816399037838,0.07672811672091484,
0,260816,matched,MATCHED_Impulsive,Proposed_CA_CNN_RNND,5008,0.5236566811800003,0.4239368215203285,0.09971985407173634,
0,260816,matched,MATCHED_Impulsive,Proposed_CA_CNN_RNND,5009,0.4063388481736183,0.33056240156292915,0.07577645918354392,
0,260816,matched,MATCHED_Impulsive,Proposed_CA_CNN_RNND,5010,0.37319013476371765,0.31037694588303566,0.06281319400295615,
0,260816,matched,MATCHED_Impulsive,Proposed_CA_CNN_RNND,5011,0.2622453048825264,0.2179449386894703,0.044300369918346405,
0,260816,matched,MATCHED_Impulsive,Proposed_CA_CNN_RNND,5012,0.4729575254023075,0.38444262370467186,0.08851491194218397,
0,260816,matched,MATCHED_Impulsive,Proposed_CA_CNN_RNND,5013,0.4196498915553093,0.34195274114608765,0.07769715506583452,
0,260816,matched,MATCHED_Impulsive,Proposed_CA_CNN_RNND,5014,0.36664004996418953,0.30118733644485474,0.06545271491631866,
0,260816,matched,MATCHED_Impulsive,Proposed_CA_CNN_RNND,5015,0.3805078789591789,0.31379402056336403,0.06671385746449232,
0,260816,matched,MATCHED_Impulsive,Proposed_CA_CNN_RNND,5016,0.5277768969535828,0.41703125089406967,0.1107456386089325,
0,260816,matched,MATCHED_Impulsive,Proposed_CA_CNN_RNND,5017,0.5272596627473831,0.4178541675209999,0.1094055101275444,
0,260816,matched,MATCHED_Impulsive,Proposed_CA_CNN_RNND,5018,0.4708121679723263,0.3739561215043068,0.09685604693368077,
0,260816,matched,MATCHED_Impulsive,Proposed_CA_CNN_RNND,5019,0.3776775225996971,0.31253642588853836,0.06514109810814261,
0,260816,matched,MATCHED_Impulsive,Proposed_CA_CNN_RNND,5020,0.4280010387301445,0.3518495038151741,0.0761515349149704,
0,260816,matched,MATCHED_Impulsive,Proposed_CA_CNN_RNND,5021,0.3697372041642666,0.3075846806168556,0.062152519822120667,
0,260816,matched,MATCHED_Impulsive,Proposed_CA_CNN_RNND,5022,0.3612193148583174,0.2990412823855877,0.062178030028007925,
0,260816,matched,MATCHED_Impulsive,Proposed_CA_CNN_RNND,5023,0.44359493255615234,0.3587660640478134,0.08482887409627438,
0,260816,matched,MATCHED_Impulsive,Proposed_CA_CNN_RNND,5024,0.41508599370718,0.3382342755794525,0.07685171440243721,
0,260816,matched,MATCHED_Impulsive,Proposed_CA_CNN_RNND,5025,0.2620302438735962,0.22328293323516846,0.038747308775782585,
0,260816,matched,MATCHED_Impulsive,Proposed_CA_CNN_RNND,5026,0.3212863840162754,0.2759910188615322,0.04529537190683186,
0,260816,matched,MATCHED_Impulsive,Proposed_CA_CNN_RNND,5027,0.48537104576826096,0.39393895119428635,0.09143210295587778,
0,260816,matched,MATCHED_Impulsive,Proposed_CA_CNN_RNND,5028,0.37861548364162445,0.31356168165802956,0.06505379546433687,
0,260816,matched,MATCHED_Impulsive,Proposed_CA_CNN_RNND,5029,0.4672272875905037,0.37208443135023117,0.09514286275953054,
0,260816,matched,MATCHED_Impulsive,Proposed_CA_CNN_RNND,5030,0.3864416033029556,0.3201451003551483,0.06629649829119444,
0,260816,matched,MATCHED_Impulsive,Proposed_CA_CNN_RNND,5031,0.35465196892619133,0.29339461028575897,0.061257357243448496,
0,260816,matched,MATCHED_Impulsive,Proposed_CA_CNN_RNND,5032,0.33600520715117455,0.28284282237291336,0.05316238198429346,
0,260816,matched,MATCHED_Impulsive,Proposed_CA_CNN_RNND,5033,0.4174827113747597,0.34078503400087357,0.07669768016785383,
0,260816,matched,MATCHED_Impulsive,Proposed_CA_CNN_RNND,5034,0.27560023963451385,0.2326633259654045,0.04293691087514162,
0,260816,matched,MATCHED_Impulsive,Proposed_CA_CNN_RNND,5035,0.40615445375442505,0.334600605070591,0.07155384588986635,
0,260816,matched,MATCHED_Impulsive,Proposed_CA_CNN_RNND,5036,0.34624505043029785,0.2896653637290001,0.05657969415187836,
0,260816,matched,MATCHED_Impulsive,Proposed_CA_CNN_RNND,5037,0.3047570660710335,0.2596840187907219,0.045073052402585745,
0,260816,matched,MATCHED_Impulsive,Proposed_CA_CNN_RNND,5038,0.43908676505088806,0.3566863015294075,0.08240046049468219,
0,260816,matched,MATCHED_Impulsive,Proposed_CA_CNN_RNND,5039,0.43474674969911575,0.3520233854651451,0.08272336050868034,
0,260816,matched,MATCHED_Impulsive,Proposed_CA_CNN_RNND,5040,0.34482912719249725,0.28917498886585236,0.05565414298325777,
0,260816,matched,MATCHED_Impulsive,Proposed_CA_CNN_RNND,5041,0.3432794511318207,0.2885935753583908,0.05468588136136532,
0,260816,matched,MATCHED_Impulsive,Proposed_CA_CNN_RNND,5042,0.24183759838342667,0.20679350942373276,0.035044086165726185,
0,260816,matched,MATCHED_Impulsive,Proposed_CA_CNN_RNND,5043,0.3006461672484875,0.2550983615219593,0.04554780852049589,
0,260816,matched,MATCHED_Impulsive,Proposed_CA_CNN_RNND,5044,0.5328957363963127,0.4243205189704895,0.10857521556317806,
0,260816,matched,MATCHED_Impulsive,Proposed_CA_CNN_RNND,5045,0.363540131598711,0.2986690551042557,0.0648710778914392,
0,260816,matched,MATCHED_Impulsive,Proposed_CA_CNN_RNND,5046,0.26785092428326607,0.22576484084129333,0.04208608902990818,
0,260816,matched,MATCHED_Impulsive,Proposed_CA_CNN_RNND,5047,0.383685901761055,0.3092184439301491,0.07446745596826077,
0,260816,matched,MATCHED_Impulsive,Proposed_CA_CNN_RNND,5048,0.35826998949050903,0.303355410695076,0.05491457926109433,
0,260816,matched,MATCHED_Impulsive,Proposed_CA_CNN_RNND,5049,0.37575560063123703,0.307695671916008,0.06805993337184191,
0,260816,matched,MATCHED_Impulsive,Proposed_CA_CNN_RNND,5050,0.3043224588036537,0.2531294487416744,0.05119300913065672,
0,260816,matched,MATCHED_Impulsive,Proposed_CA_CNN_RNND,5051,0.2522091381251812,0.21881110221147537,0.03339803125709295,
0,260816,matched,MATCHED_Impulsive,Proposed_CA_CNN_RNND,5052,0.457283116877079,0.37225234508514404,0.08503075502812862,
0,260816,matched,MATCHED_Impulsive,Proposed_CA_CNN_RNND,5053,0.21587691083550453,0.1898537613451481,0.026023150654509664,
0,260816,matched,MATCHED_Impulsive,Proposed_CA_CNN_RNND,5054,0.39795655757188797,0.32162052020430565,0.0763360345736146,
0,260816,matched,MATCHED_Impulsive,Proposed_CA_CNN_RNND,5055,0.3552461639046669,0.2944464944303036,0.06079966574907303,
0,260816,matched,MATCHED_Impulsive,Proposed_CA_CNN_RNND,5056,0.3896545246243477,0.31908492371439934,0.0705695915967226,
0,260816,matched,MATCHED_Impulsive,Proposed_CA_CNN_RNND,5057,0.5065339803695679,0.40639936178922653,0.10013462044298649,
0,260816,matched,MATCHED_Impulsive,Proposed_CA_CNN_RNND,5058,0.3544560819864273,0.29376549273729324,0.06069060508161783,
0,260816,matched,MATCHED_Impulsive,Proposed_CA_CNN_RNND,5059,0.3987837955355644,0.32128915190696716,0.07749465107917786,
0,260816,matched,MATCHED_Impulsive,Proposed_CA_CNN_RNND,5060,0.2654803805053234,0.2280656285583973,0.03741475730203092,
0,260816,matched,MATCHED_Impulsive,Proposed_CA_CNN_RNND,5061,0.30920756235718727,0.26355963945388794,0.04564792662858963,
0,260816,matched,MATCHED_Impulsive,Proposed_CA_CNN_RNND,5062,0.3245524726808071,0.27413318306207657,0.05041928496211767,
0,260816,matched,MATCHED_Impulsive,Proposed_CA_CNN_RNND,5063,0.3281296491622925,0.2744883559644222,0.053641293197870255,
0,260816,matched,MATCHED_Impulsive,Proposed_CA_CNN_RNND,5064,0.36732644960284233,0.3070167377591133,0.06030971882864833,
0,260816,matched,MATCHED_Impulsive,Proposed_CA_CNN_RNND,5065,0.3278091810643673,0.27597494423389435,0.051834236830472946,
0,260816,matched,MATCHED_Impulsive,Proposed_CA_CNN_RNND,5066,0.3104793652892113,0.26122938841581345,0.04924997128546238,
0,260816,matched,MATCHED_Impulsive,Proposed_CA_CNN_RNND,5067,0.4007512331008911,0.3280925825238228,0.07265864592045546,
0,260816,matched,MATCHED_Impulsive,Proposed_CA_CNN_RNND,5068,0.3343816362321377,0.2814493030309677,0.05293233133852482,
0,260816,matched,MATCHED_Impulsive,Proposed_CA_CNN_RNND,5069,0.4028346501290798,0.3300005570054054,0.07283409219235182,
0,260816,matched,MATCHED_Impulsive,Proposed_CA_CNN_RNND,5070,0.3542698919773102,0.29500119760632515,0.05926869623363018,
0,260816,matched,MATCHED_Impulsive,Proposed_CA_CNN_RNND,5071,0.3121349811553955,0.26216713711619377,0.04996783984825015,
0,260816,matched,MATCHED_Impulsive,Proposed_CA_CNN_RNND,5072,0.4511355087161064,0.36165735870599747,0.08947816118597984,
0,260816,matched,MATCHED_Impulsive,Proposed_CA_CNN_RNND,5073,0.30850911512970924,0.2647673599421978,0.043741751462221146,
0,260816,matched,MATCHED_Impulsive,Proposed_CA_CNN_RNND,5074,0.33324284106492996,0.2731907591223717,0.060052089393138885,
0,260816,matched,MATCHED_Impulsive,Proposed_CA_CNN_RNND,5075,0.4262690022587776,0.34045784175395966,0.0858111591078341,
0,260816,matched,MATCHED_Impulsive,Proposed_CA_CNN_RNND,5076,0.3639596700668335,0.30009645596146584,0.0638632164336741,
0,260816,matched,MATCHED_Impulsive,Proposed_CA_CNN_RNND,5077,0.44249266386032104,0.3568850941956043,0.08560757339000702,
0,260816,matched,MATCHED_Impulsive,Proposed_CA_CNN_RNND,5078,0.4123279079794884,0.3331110179424286,0.07921689376235008,
0,260816,matched,MATCHED_Impulsive,Proposed_CA_CNN_RNND,5079,0.45031415671110153,0.3664732873439789,0.0838408712297678,
0,260816,matched,MATCHED_Impulsive,Proposed_CA_CNN_RNND,5080,0.39179136604070663,0.32149790972471237,0.0702934586443007,
0,260816,matched,MATCHED_Impulsive,Proposed_CA_CNN_RNND,5081,0.3799540773034096,0.313931867480278,0.06602220376953483,
0,260816,matched,MATCHED_Impulsive,Proposed_CA_CNN_RNND,5082,0.31420573592185974,0.26807672530412674,0.04612900968641043,
0,260816,matched,MATCHED_Impulsive,Proposed_CA_CNN_RNND,5083,0.3634658753871918,0.29999203607439995,0.0634738439694047,
0,260816,matched,MATCHED_Impulsive,Proposed_CA_CNN_RNND,5084,0.26412102952599525,0.2297557257115841,0.034365303348749876,
0,260816,matched,MATCHED_Impulsive,Proposed_CA_CNN_RNND,5085,0.4901130385696888,0.3967437334358692,0.09336930373683572,
0,260816,matched,MATCHED_Impulsive,Proposed_CA_CNN_RNND,5086,0.5438941791653633,0.4320753514766693,0.11181883700191975,
0,260816,matched,MATCHED_Impulsive,Proposed_CA_CNN_RNND,5087,0.3543706387281418,0.29885901138186455,0.05551162455230951,
0,260816,matched,MATCHED_Impulsive,Proposed_CA_CNN_RNND,5088,0.5119027197360992,0.4124092869460583,0.09949342347681522,
0,260816,matched,MATCHED_Impulsive,Proposed_CA_CNN_RNND,5089,0.32018275186419487,0.2652674801647663,0.05491527309641242,
0,260816,matched,MATCHED_Impulsive,Proposed_CA_CNN_RNND,5090,0.2942253649234772,0.24738652259111404,0.04683884046971798,
0,260816,matched,MATCHED_Impulsive,Proposed_CA_CNN_RNND,5091,0.42747318744659424,0.35008079186081886,0.07739239512011409,
0,260816,matched,MATCHED_Impulsive,Proposed_CA_CNN_RNND,5092,0.25383178517222404,0.21924853324890137,0.034583253087475896,
0,260816,matched,MATCHED_Impulsive,Proposed_CA_CNN_RNND,5093,0.3153928890824318,0.26463476568460464,0.05075812852010131,
0,260816,matched,MATCHED_Impulsive,Proposed_CA_CNN_RNND,5094,0.39619430899620056,0.32730934023857117,0.06888497248291969,
0,260816,matched,MATCHED_Impulsive,Proposed_CA_CNN_RNND,5095,0.6335725784301758,0.49970895051956177,0.13386362232267857,
0,260816,matched,MATCHED_Impulsive,Proposed_CA_CNN_RNND,5096,0.4405559077858925,0.36083365976810455,0.07972223963588476,
0,260816,matched,MATCHED_Impulsive,Proposed_CA_CNN_RNND,5097,0.3936806358397007,0.3249272033572197,0.06875344272702932,
0,260816,matched,MATCHED_Impulsive,Proposed_CA_CNN_RNND,5098,0.44720228761434555,0.36635390669107437,0.08084839582443237,
0,260816,matched,MATCHED_Impulsive,Proposed_CA_CNN_RNND,5099,0.47414832562208176,0.39002158492803574,0.08412673883140087,
0,260816,matched,MATCHED_Impulsive,Proposed_CA_CNN_RNND,5100,0.3710407167673111,0.3052336163818836,0.0658070994541049,
0,260816,matched,MATCHED_Impulsive,Proposed_CA_CNN_RNND,5101,0.5160599648952484,0.4075019434094429,0.10855802055448294,
0,260816,matched,MATCHED_Impulsive,Proposed_CA_CNN_RNND,5102,0.3943898528814316,0.327176958322525,0.06721289176493883,
0,260816,matched,MATCHED_Impulsive,Proposed_CA_CNN_RNND,5103,0.27925487607717514,0.23844651132822037,0.0408083600923419,
0,260816,matched,MATCHED_Impulsive,Proposed_CA_CNN_RNND,5104,0.3809608072042465,0.3109193220734596,0.07004149071872234,
0,260816,matched,MATCHED_Impulsive,Proposed_CA_CNN_RNND,5105,0.3343314565718174,0.28231264278292656,0.05201881844550371,
0,260816,matched,MATCHED_Impulsive,Proposed_CA_CNN_RNND,5106,0.4807239733636379,0.3884432576596737,0.09228071477264166,
0,260816,matched,MATCHED_Impulsive,Proposed_CA_CNN_RNND,5107,0.36714645847678185,0.3017817698419094,0.06536469468846917,
0,260816,matched,MATCHED_Impulsive,Proposed_CA_CNN_RNND,5108,0.3067258708178997,0.26519666612148285,0.04152920236811042,
0,260816,matched,MATCHED_Impulsive,Proposed_CA_CNN_RNND,5109,0.2772658132016659,0.23011287301778793,0.04715293599292636,
0,260816,matched,MATCHED_Impulsive,Proposed_CA_CNN_RNND,5110,0.3565502390265465,0.2924772724509239,0.06407297123223543,
0,260816,matched,MATCHED_Impulsive,Proposed_CA_CNN_RNND,5111,0.378099225461483,0.3170107863843441,0.06108844093978405,
0,260816,matched,MATCHED_Impulsive,Proposed_CA_CNN_RNND,5112,0.32924018055200577,0.2763325721025467,0.05290760658681393,
0,260816,matched,MATCHED_Impulsive,Proposed_CA_CNN_RNND,5113,0.4605991877615452,0.3664977103471756,0.09410147508606315,
0,260816,matched,MATCHED_Impulsive,Proposed_CA_CNN_RNND,5114,0.45082491636276245,0.363846018910408,0.08697889558970928,
0,260816,matched,MATCHED_Impulsive,Proposed_CA_CNN_RNND,5115,0.3952854089438915,0.3216584846377373,0.07362692197784781,
0,260816,matched,MATCHED_Impulsive,Proposed_CA_CNN_RNND,5116,0.39064521342515945,0.3228041008114815,0.06784110702574253,
0,260816,matched,MATCHED_Impulsive,Proposed_CA_CNN_RNND,5117,0.2386285699903965,0.20625464618206024,0.03237392846494913,
0,260816,matched,MATCHED_Impulsive,Proposed_CA_CNN_RNND,5118,0.39006953313946724,0.32048966735601425,0.0695798743981868,
0,260816,matched,MATCHED_Impulsive,Proposed_CA_CNN_RNND,5119,0.39911607652902603,0.32413119077682495,0.07498489413410425,
0,260816,matched,MATCHED_Impulsive,Proposed_CA_CNN_RNND,5120,0.36972200125455856,0.3048531785607338,0.06486881244927645,
0,260816,matched,MATCHED_Impulsive,Proposed_CA_CNN_RNND,5121,0.3460474722087383,0.290111742913723,0.05593573767691851,
0,260816,matched,MATCHED_Impulsive,Proposed_CA_CNN_RNND,5122,0.311125785112381,0.26225923001766205,0.04886655788868666,
0,260816,matched,MATCHED_Impulsive,Proposed_CA_CNN_RNND,5123,0.26914840936660767,0.23352782428264618,0.0356205808930099,
0,260816,matched,MATCHED_Impulsive,Proposed_CA_CNN_RNND,5124,0.3975857011973858,0.32372071221470833,0.07386499736458063,
0,260816,matched,MATCHED_Impulsive,Proposed_CA_CNN_RNND,5125,0.37558599561452866,0.3105623349547386,0.06502366624772549,
0,260816,matched,MATCHED_Impulsive,Proposed_CA_CNN_RNND,5126,0.39655956625938416,0.3293219655752182,0.0672375988215208,
0,260816,matched,MATCHED_Impulsive,Proposed_CA_CNN_RNND,5127,0.42366529256105423,0.34727969393134117,0.07638560980558395,
0,260816,matched,MATCHED_Impulsive,Proposed_CA_CNN_RNND,5128,0.3420638479292393,0.28325600177049637,0.05880785034969449,
0,260816,matched,MATCHED_Impulsive,Proposed_CA_CNN_RNND,5129,0.3432604670524597,0.28728407248854637,0.05597640108317137,
0,260816,matched,MATCHED_Impulsive,Proposed_CA_CNN_RNND,5130,0.2873707599937916,0.23886482045054436,0.04850594233721495,
0,260816,matched,MATCHED_Impulsive,Proposed_CA_CNN_RNND,5131,0.22576983273029327,0.19353973120450974,0.032230108976364136,
0,260816,matched,MATCHED_Impulsive,Proposed_CA_CNN_RNND,5132,0.31206443905830383,0.2665194347500801,0.045545004308223724,
0,260816,matched,MATCHED_Impulsive,Proposed_CA_CNN_RNND,5133,0.3991660326719284,0.3305431604385376,0.06862288061529398,
0,260816,matched,MATCHED_Impulsive,Proposed_CA_CNN_RNND,5134,0.46852270141243935,0.3748609311878681,0.09366175998002291,
0,260816,matched,MATCHED_Impulsive,Proposed_CA_CNN_RNND,5135,0.33759937435388565,0.28486063331365585,0.05273874290287495,
0,260816,matched,MATCHED_Impulsive,Proposed_CA_CNN_RNND,5136,0.31748902797698975,0.27129780501127243,0.04619122855365276,
0,260816,matched,MATCHED_Impulsive,Proposed_CA_CNN_RNND,5137,0.3668719604611397,0.3096695989370346,0.0572023605927825,
0,260816,matched,MATCHED_Impulsive,Proposed_CA_CNN_RNND,5138,0.3523264490067959,0.28910791873931885,0.06321852840483189,
0,260816,matched,MATCHED_Impulsive,Proposed_CA_CNN_RNND,5139,0.3340710625052452,0.2857496403157711,0.048321424052119255,
0,260816,matched,MATCHED_Impulsive,Proposed_CA_CNN_RNND,5140,0.275783933699131,0.23409999907016754,0.041683935560286045,
0,260816,matched,MATCHED_Impulsive,Proposed_CA_CNN_RNND,5141,0.3758736476302147,0.3074890896677971,0.06838455330580473,
0,260816,matched,MATCHED_Impulsive,Proposed_CA_CNN_RNND,5142,0.4086262062191963,0.33625155687332153,0.07237464655190706,
0,260816,matched,MATCHED_Impulsive,Proposed_CA_CNN_RNND,5143,0.3529775142669678,0.29026538506150246,0.06271212920546532,
0,260816,matched,MATCHED_Impulsive,Proposed_CA_CNN_RNND,5144,0.4966907389461994,0.3959457129240036,0.10074504418298602,
0,260816,matched,MATCHED_Impulsive,Proposed_CA_CNN_RNND,5145,0.5173229351639748,0.4109679237008095,0.10635501332581043,
0,260816,matched,MATCHED_Impulsive,Proposed_CA_CNN_RNND,5146,0.29933612048625946,0.2481679581105709,0.051168161910027266,
0,260816,matched,MATCHED_Impulsive,Proposed_CA_CNN_RNND,5147,0.22985519468784332,0.2012553159147501,0.02859987737610936,
0,260816,matched,MATCHED_Impulsive,Proposed_CA_CNN_RNND,5148,0.2748899720609188,0.22904334217309952,0.04584663501009345,
0,260816,matched,MATCHED_Impulsive,Proposed_CA_CNN_RNND,5149,0.4423825889825821,0.35851746797561646,0.08386512426659465,
0,260816,matched,MATCHED_Impulsive,Proposed_CA_CNN_RNND,5150,0.4397854916751385,0.34857364743947983,0.0912118423730135,
0,260816,matched,MATCHED_Impulsive,Proposed_CA_CNN_RNND,5151,0.5326162651181221,0.43140654265880585,0.1012097168713808,
0,260816,matched,MATCHED_Impulsive,Proposed_CA_CNN_RNND,5152,0.37685899436473846,0.3086632117629051,0.0681957877241075,
0,260816,matched,MATCHED_Impulsive,Proposed_CA_CNN_RNND,5153,0.459137000143528,0.36677054315805435,0.09236646257340908,
0,260816,matched,MATCHED_Impulsive,Proposed_CA_CNN_RNND,5154,0.4442247226834297,0.36156730353832245,0.0826574144884944,
0,260816,matched,MATCHED_Impulsive,Proposed_CA_CNN_RNND,5155,0.3934365063905716,0.32570524886250496,0.06773125939071178,
0,260816,matched,MATCHED_Impulsive,Proposed_CA_CNN_RNND,5156,0.4236813448369503,0.34268900379538536,0.08099234290421009,
0,260816,matched,MATCHED_Impulsive,Proposed_CA_CNN_RNND,5157,0.4253004193305969,0.3510192781686783,0.07428114674985409,
0,260816,matched,MATCHED_Impulsive,Proposed_CA_CNN_RNND,5158,0.47262486815452576,0.3744858428835869,0.09813901456072927,
0,260816,matched,MATCHED_Impulsive,Proposed_CA_CNN_RNND,5159,0.409427497535944,0.3351331874728203,0.07429431425407529,
0,260816,matched,MATCHED_Impulsive,Proposed_CA_CNN_RNND,5160,0.5879350155591965,0.45545631647109985,0.13247870653867722,
0,260816,matched,MATCHED_Impulsive,Proposed_CA_CNN_RNND,5161,0.3492731340229511,0.29135094210505486,0.05792219843715429,
0,260816,matched,MATCHED_Impulsive,Proposed_CA_CNN_RNND,5162,0.20326338335871696,0.175277978181839,0.027985404711216688,
0,260816,matched,MATCHED_Impulsive,Proposed_CA_CNN_RNND,5163,0.41049156337976456,0.3386925458908081,0.07179901748895645,
0,260816,matched,MATCHED_Impulsive,Proposed_CA_CNN_RNND,5164,0.30359479039907455,0.256894551217556,0.046700242441147566,
0,260816,matched,MATCHED_Impulsive,Proposed_CA_CNN_RNND,5165,0.31999412178993225,0.26780762150883675,0.052186502143740654,
0,260816,matched,MATCHED_Impulsive,Proposed_CA_CNN_RNND,5166,0.29757174104452133,0.25072358176112175,0.046848158817738295,
0,260816,matched,MATCHED_Impulsive,Proposed_CA_CNN_RNND,5167,0.4741167686879635,0.37930919975042343,0.09480755310505629,
0,260816,matched,MATCHED_Impulsive,Proposed_CA_CNN_RNND,5168,0.29955706000328064,0.25261305645108223,0.04694400215521455,
0,260816,matched,MATCHED_Impulsive,Proposed_CA_CNN_RNND,5169,0.33034032955765724,0.27191920578479767,0.058421120047569275,
0,260816,matched,MATCHED_Impulsive,Proposed_CA_CNN_RNND,5170,0.3700917884707451,0.30518588051199913,0.06490590609610081,
0,260816,matched,MATCHED_Impulsive,Proposed_CA_CNN_RNND,5171,0.29585305228829384,0.24879112467169762,0.047061930410563946,
0,260816,matched,MATCHED_Impulsive,Proposed_CA_CNN_RNND,5172,0.45834242552518845,0.36624775826931,0.09209465282037854,
0,260816,matched,MATCHED_Impulsive,Proposed_CA_CNN_RNND,5173,0.3419335372745991,0.2793600484728813,0.06257349136285484,
0,260816,matched,MATCHED_Impulsive,Proposed_CA_CNN_RNND,5174,0.225480355322361,0.1993911862373352,0.02608917048200965,
0,260816,matched,MATCHED_Impulsive,Proposed_CA_CNN_RNND,5175,0.40424036979675293,0.33499424159526825,0.06924612820148468,
0,260816,matched,MATCHED_Impulsive,Proposed_CA_CNN_RNND,5176,0.6354682445526123,0.5018270611763,0.1336411852389574,
0,260816,matched,MATCHED_Impulsive,Proposed_CA_CNN_RNND,5177,0.5450641289353371,0.43742015212774277,0.10764398332685232,
0,260816,matched,MATCHED_Impulsive,Proposed_CA_CNN_RNND,5178,0.4395621754229069,0.3577779345214367,0.08178423810750246,
0,260816,matched,MATCHED_Impulsive,Proposed_CA_CNN_RNND,5179,0.25932540744543076,0.22726045176386833,0.032064950093626976,
0,260816,matched,MATCHED_Impulsive,Proposed_CA_CNN_RNND,5180,0.2673894017934799,0.22705886140465736,0.04033053945749998,
0,260816,matched,MATCHED_Impulsive,Proposed_CA_CNN_RNND,5181,0.3436650484800339,0.2911858633160591,0.05247918888926506,
0,260816,matched,MATCHED_Impulsive,Proposed_CA_CNN_RNND,5182,0.43150903284549713,0.35294507443904877,0.07856396120041609,
0,260816,matched,MATCHED_Impulsive,Proposed_CA_CNN_RNND,5183,0.40335845574736595,0.3265914022922516,0.07676704647019506,
0,260816,matched,MATCHED_Impulsive,Proposed_CA_CNN_RNND,5184,0.3782859593629837,0.30659862980246544,0.07168732490390539,
0,260816,matched,MATCHED_Impulsive,Proposed_CA_CNN_RNND,5185,0.37035033851861954,0.3027655743062496,0.06758476421236992,
0,260816,matched,MATCHED_Impulsive,Proposed_CA_CNN_RNND,5186,0.3687021993100643,0.3045281246304512,0.06417408119887114,
0,260816,matched,MATCHED_Impulsive,Proposed_CA_CNN_RNND,5187,0.4560409337282181,0.3641120716929436,0.09192886436358094,
0,260816,matched,MATCHED_Impulsive,Proposed_CA_CNN_RNND,5188,0.5355914682149887,0.4240370988845825,0.11155436933040619,
0,260816,matched,MATCHED_Impulsive,Proposed_CA_CNN_RNND,5189,0.3524833358824253,0.289412222802639,0.06307111820206046,
0,260816,matched,MATCHED_Impulsive,Proposed_CA_CNN_RNND,5190,0.33213304728269577,0.2796427384018898,0.05249030748382211,
0,260816,matched,MATCHED_Impulsive,Proposed_CA_CNN_RNND,5191,0.5136635825037956,0.41277845948934555,0.10088511742651463,
0,260816,matched,MATCHED_Impulsive,Proposed_CA_CNN_RNND,5192,0.6159369796514511,0.4866054654121399,0.12933152168989182,
0,260816,matched,MATCHED_Impulsive,Proposed_CA_CNN_RNND,5193,0.47812341898679733,0.3919931724667549,0.08613026142120361,
0,260816,matched,MATCHED_Impulsive,Proposed_CA_CNN_RNND,5194,0.3667653426527977,0.3083880916237831,0.05837725196033716,
0,260816,matched,MATCHED_Impulsive,Proposed_CA_CNN_RNND,5195,0.4216100350022316,0.3457341603934765,0.07587588205933571,
0,260816,matched,MATCHED_Impulsive,Proposed_CA_CNN_RNND,5196,0.3805159404873848,0.3106285445392132,0.06988739361986518,
0,260816,matched,MATCHED_Impulsive,Proposed_CA_CNN_RNND,5197,0.4736880511045456,0.38668617606163025,0.08700186759233475,
0,260816,matched,MATCHED_Impulsive,Proposed_CA_CNN_RNND,5198,0.5188179761171341,0.41985907405614853,0.09895890019834042,
0,260816,matched,MATCHED_Impulsive,Proposed_CA_CNN_RNND,5199,0.4185493066906929,0.3396395407617092,0.07890976592898369,
0,260816,matched,MATCHED_Impulsive,Proposed_CA_CNN_RNND,5200,0.318955697119236,0.26495255157351494,0.05400315020233393,-1.0467667508652618
0,260816,matched,MATCHED_Impulsive,Proposed_CA_CNN_RNND,5201,0.5427252948284149,0.4275297746062279,0.11519552767276764,
0,260816,matched,MATCHED_Impulsive,Proposed_CA_CNN_RNND,5202,0.3448307141661644,0.28491345047950745,0.05991727253422141,
0,260816,matched,MATCHED_Impulsive,Proposed_CA_CNN_RNND,5203,0.5027876496315002,0.4058916047215462,0.09689604723826051,
0,260816,matched,MATCHED_Impulsive,Proposed_CA_CNN_RNND,5204,0.4897152706980705,0.39742452651262283,0.09229075070470572,
0,260816,matched,MATCHED_Impulsive,Proposed_CA_CNN_RNND,5205,0.40050358697772026,0.32557377219200134,0.07492980640381575,
0,260816,matched,MATCHED_Impulsive,Proposed_CA_CNN_RNND,5206,0.31674107164144516,0.26803210377693176,0.04870896879583597,
0,260816,matched,MATCHED_Impulsive,Proposed_CA_CNN_RNND,5207,0.39271698147058487,0.3244591951370239,0.06825778167694807,
0,260816,matched,MATCHED_Impulsive,Proposed_CA_CNN_RNND,5208,0.4745105430483818,0.3793000131845474,0.09521053358912468,
0,260816,matched,MATCHED_Impulsive,Proposed_CA_CNN_RNND,5209,0.4811941497027874,0.3867713734507561,0.09442278323695064,
0,260816,matched,MATCHED_Impulsive,Proposed_CA_CNN_RNND,5210,0.32016100734472275,0.27174966037273407,0.04841134278103709,
0,260816,matched,MATCHED_Impulsive,Proposed_CA_CNN_RNND,5211,0.35185709223151207,0.28962354362010956,0.062233555130660534,
0,260816,matched,MATCHED_Impulsive,Proposed_CA_CNN_RNND,5212,0.4042026624083519,0.3368073031306267,0.06739536114037037,
0,260816,matched,MATCHED_Impulsive,Proposed_CA_CNN_RNND,5213,0.4738589897751808,0.3884462043642998,0.08541279286146164,
0,260816,matched,MATCHED_Impulsive,Proposed_CA_CNN_RNND,5214,0.5664422959089279,0.4495956748723984,0.11684663314372301,
0,260816,matched,MATCHED_Impulsive,Proposed_CA_CNN_RNND,5215,0.35425353422760963,0.29788724333047867,0.056366290897130966,
0,260816,matched,MATCHED_Impulsive,Proposed_CA_CNN_RNND,5216,0.47607893496751785,0.38506879284977913,0.09101014770567417,
0,260816,matched,MATCHED_Impulsive,Proposed_CA_CNN_RNND,5217,0.36405355855822563,0.30045541748404503,0.06359814736060798,
0,260816,matched,MATCHED_Impulsive,Proposed_CA_CNN_RNND,5218,0.39364974200725555,0.32591400295495987,0.06773573998361826,
0,260816,matched,MATCHED_Impulsive,Proposed_CA_CNN_RNND,5219,0.3610806539654732,0.3064729869365692,0.05460765864700079,
0,260816,matched,MATCHED_Impulsive,Proposed_CA_CNN_RNND,5220,0.41502267867326736,0.34228257089853287,0.07274009846150875,
0,260816,matched,MATCHED_Impulsive,Proposed_CA_CNN_RNND,5221,0.30765949934720993,0.2612265795469284,0.04643292771652341,
0,260816,matched,MATCHED_Impulsive,Proposed_CA_CNN_RNND,5222,0.38371992483735085,0.31794126331806183,0.0657786619849503,
0,260816,matched,MATCHED_Impulsive,Proposed_CA_CNN_RNND,5223,0.4754624776542187,0.38002675771713257,0.09543572133406997,
0,260816,matched,MATCHED_Impulsive,Proposed_CA_CNN_RNND,5224,0.34810595214366913,0.2921425327658653,0.055963415652513504,
0,260816,matched,MATCHED_Impulsive,Proposed_CA_CNN_RNND,5225,0.47529327869415283,0.38314009457826614,0.09215316642075777,
0,260816,matched,MATCHED_Impulsive,Proposed_CA_CNN_RNND,5226,0.26018576323986053,0.224558237940073,0.03562752157449722,
0,260816,matched,MATCHED_Impulsive,Proposed_CA_CNN_RNND,5227,0.37096888571977615,0.3082829713821411,0.06268592085689306,
0,260816,matched,MATCHED_Impulsive,Proposed_CA_CNN_RNND,5228,0.5111350417137146,0.41034799814224243,0.10078705288469791,
0,260816,matched,MATCHED_Impulsive,Proposed_CA_CNN_RNND,5229,0.38483093678951263,0.3125922530889511,0.072238695807755,
0,260816,matched,MATCHED_Impulsive,Proposed_CA_CNN_RNND,5230,0.36972784996032715,0.308478232473135,0.06124960631132126,
0,260816,matched,MATCHED_Impulsive,Proposed_CA_CNN_RNND,5231,0.4960552603006363,0.3970601558685303,0.09899510443210602,
0,260816,matched,MATCHED_Impulsive,Proposed_CA_CNN_RNND,5232,0.25452426820993423,0.22444656491279602,0.030077703297138214,
0,260816,matched,MATCHED_Impulsive,Proposed_CA_CNN_RNND,5233,0.3041037581861019,0.256853099912405,0.047250660602003336,
0,260816,matched,MATCHED_Impulsive,Proposed_CA_CNN_RNND,5234,0.3970804214477539,0.33044949918985367,0.06663092249073088,
0,260816,matched,MATCHED_Impulsive,Proposed_CA_CNN_RNND,5235,0.5957430601119995,0.4743235260248184,0.12141953222453594,
0,260816,matched,MATCHED_Impulsive,Proposed_CA_CNN_RNND,5236,0.4955441504716873,0.3942701332271099,0.10127401910722256,
0,260816,matched,MATCHED_Impulsive,Proposed_CA_CNN_RNND,5237,0.5083749517798424,0.4131310060620308,0.09524394385516644,
0,260816,matched,MATCHED_Impulsive,Proposed_CA_CNN_RNND,5238,0.5263218432664871,0.4190402328968048,0.10728161316365004,
0,260816,matched,MATCHED_Impulsive,Proposed_CA_CNN_RNND,5239,0.2602621056139469,0.22457754984498024,0.035684553906321526,
0,260816,matched,MATCHED_Impulsive,Proposed_CA_CNN_RNND,5240,0.4369092881679535,0.3602043017745018,0.07670497987419367,
0,260816,matched,MATCHED_Impulsive,Proposed_CA_CNN_RNND,5241,0.41727931797504425,0.34119847416877747,0.07608083169907331,
0,260816,matched,MATCHED_Impulsive,Proposed_CA_CNN_RNND,5242,0.4015735723078251,0.32786934077739716,0.0737042361870408,
0,260816,matched,MATCHED_Impulsive,Proposed_CA_CNN_RNND,5243,0.3472380265593529,0.29153867065906525,0.055699357530102134,
0,260816,matched,MATCHED_Impulsive,Proposed_CA_CNN_RNND,5244,0.3107280060648918,0.26277413219213486,0.047953865490853786,
0,260816,matched,MATCHED_Impulsive,Proposed_CA_CNN_RNND,5245,0.29125919938087463,0.24903428927063942,0.04222490731626749,
0,260816,matched,MATCHED_Impulsive,Proposed_CA_CNN_RNND,5246,0.6271002441644669,0.49428557604551315,0.13281466253101826,
0,260816,matched,MATCHED_Impulsive,Proposed_CA_CNN_RNND,5247,0.3979062959551811,0.3276144787669182,0.07029181625694036,
0,260816,matched,MATCHED_Impulsive,Proposed_CA_CNN_RNND,5248,0.3714121840894222,0.30827804654836655,0.06313413800671697,
0,260816,matched,MATCHED_Impulsive,Proposed_CA_CNN_RNND,5249,0.39535845071077347,0.32402291893959045,0.07133552804589272,
0,260816,matched,MATCHED_Impulsive,Proposed_CA_CNN_RNND,5250,0.3702475465834141,0.3102424331009388,0.06000511581078172,
0,260816,matched,MATCHED_Impulsive,Proposed_CA_CNN_RNND,5251,0.43803609162569046,0.3513503782451153,0.08668571384623647,
0,260816,matched,MATCHED_Impulsive,Proposed_CA_CNN_RNND,5252,0.2658081576228142,0.2249399721622467,0.04086818220093846,
0,260816,matched,MATCHED_Impulsive,Proposed_CA_CNN_RNND,5253,0.48085860162973404,0.3910304605960846,0.08982813730835915,
0,260816,matched,MATCHED_Impulsive,Proposed_CA_CNN_RNND,5254,0.3894183076918125,0.3244049958884716,0.0650133085437119,
0,260816,matched,MATCHED_Impulsive,Proposed_CA_CNN_RNND,5255,0.37512077391147614,0.3146318271756172,0.060488948598504066,
0,260816,matched,MATCHED_Impulsive,Proposed_CA_CNN_RNND,5256,0.4924020767211914,0.3953464925289154,0.09705559443682432,
0,260816,matched,MATCHED_Impulsive,Proposed_CA_CNN_RNND,5257,0.39250678569078445,0.32655660063028336,0.06595019064843655,
0,260816,matched,MATCHED_Impulsive,Proposed_CA_CNN_RNND,5258,0.4281042516231537,0.34585582837462425,0.08224842697381973,
0,260816,matched,MATCHED_Impulsive,Proposed_CA_CNN_RNND,5259,0.3067015931010246,0.2556784935295582,0.05102309677749872,
0,260816,matched,MATCHED_Impulsive,Proposed_CA_CNN_RNND,5260,0.4083133786916733,0.33452801406383514,0.07378536090254784,
0,260816,matched,MATCHED_Impulsive,Proposed_CA_CNN_RNND,5261,0.36278828606009483,0.30415839701890945,0.058629881124943495,
0,260816,matched,MATCHED_Impulsive,Proposed_CA_CNN_RNND,5262,0.38924693316221237,0.32019637525081635,0.06905055698007345,
0,260816,matched,MATCHED_Impulsive,Proposed_CA_CNN_RNND,5263,0.30281947180628777,0.2557872161269188,0.04703226080164313,
0,260816,matched,MATCHED_Impulsive,Proposed_CA_CNN_RNND,5264,0.3534885458648205,0.2951071187853813,0.05838142242282629,
0,260816,matched,MATCHED_Impulsive,Proposed_CA_CNN_RNND,5265,0.4305502139031887,0.3511476330459118,0.07940257992595434,
0,260816,matched,MATCHED_Impulsive,Proposed_CA_CNN_RNND,5266,0.3111088462173939,0.2618124224245548,0.049296424724161625,
0,260816,matched,MATCHED_Impulsive,Proposed_CA_CNN_RNND,5267,0.4334227293729782,0.3553747683763504,0.0780479684472084,
0,260816,matched,MATCHED_Impulsive,Proposed_CA_CNN_RNND,5268,0.2913869209587574,0.25241895392537117,0.03896797029301524,
0,260816,matched,MATCHED_Impulsive,Proposed_CA_CNN_RNND,5269,0.3152472786605358,0.27192602306604385,0.04332125885412097,
0,260816,matched,MATCHED_Impulsive,Proposed_CA_CNN_RNND,5270,0.42847026884555817,0.3521972745656967,0.07627299148589373,
0,260816,matched,MATCHED_Impulsive,Proposed_CA_CNN_RNND,5271,0.420932874083519,0.3418657220900059,0.07906716130673885,
0,260816,matched,MATCHED_Impulsive,Proposed_CA_CNN_RNND,5272,0.41149745509028435,0.33709558844566345,0.07440185826271772,
0,260816,matched,MATCHED_Impulsive,Proposed_CA_CNN_RNND,5273,0.42737992852926254,0.3532039001584053,0.07417602371424437,
0,260816,matched,MATCHED_Impulsive,Proposed_CA_CNN_RNND,5274,0.4429760314524174,0.3533288426697254,0.08964719250798225,
0,260816,matched,MATCHED_Impulsive,Proposed_CA_CNN_RNND,5275,0.43231531232595444,0.3485829718410969,0.08373234048485756,
0,260816,matched,MATCHED_Impulsive,Proposed_CA_CNN_RNND,5276,0.43748098611831665,0.35190292075276375,0.08557806350290775,
0,260816,matched,MATCHED_Impulsive,Proposed_CA_CNN_RNND,5277,0.45433327183127403,0.37051236629486084,0.08382090833038092,
0,260816,matched,MATCHED_Impulsive,Proposed_CA_CNN_RNND,5278,0.3337211050093174,0.279979158192873,0.05374194588512182,
0,260816,matched,MATCHED_Impulsive,Proposed_CA_CNN_RNND,5279,0.2654331102967262,0.2285032458603382,0.0369298649020493,
0,260816,matched,MATCHED_Impulsive,Proposed_CA_CNN_RNND,5280,0.2562526799738407,0.22130721807479858,0.03494546376168728,
0,260816,matched,MATCHED_Impulsive,Proposed_CA_CNN_RNND,5281,0.4936884641647339,0.3893093392252922,0.10437913425266743,
0,260816,matched,MATCHED_Impulsive,Proposed_CA_CNN_RNND,5282,0.4416380748152733,0.3587912879884243,0.0828467826358974,
0,260816,matched,MATCHED_Impulsive,Proposed_CA_CNN_RNND,5283,0.4560423567891121,0.3732372969388962,0.08280505239963531,
0,260816,matched,MATCHED_Impulsive,Proposed_CA_CNN_RNND,5284,0.26344122365117073,0.2282017581164837,0.0352394615765661,
0,260816,matched,MATCHED_Impulsive,Proposed_CA_CNN_RNND,5285,0.29472263902425766,0.2559475339949131,0.03877510689198971,
0,260816,matched,MATCHED_Impulsive,Proposed_CA_CNN_RNND,5286,0.41579487547278404,0.33771753683686256,0.07807733584195375,
0,260816,matched,MATCHED_Impulsive,Proposed_CA_CNN_RNND,5287,0.538042277097702,0.433383472263813,0.1046588160097599,
0,260816,matched,MATCHED_Impulsive,Proposed_CA_CNN_RNND,5288,0.4149346500635147,0.3378346748650074,0.07709997054189444,
0,260816,matched,MATCHED_Impulsive,Proposed_CA_CNN_RNND,5289,0.36880241334438324,0.30714645236730576,0.06165596377104521,
0,260816,matched,MATCHED_Impulsive,Proposed_CA_CNN_RNND,5290,0.32790517434477806,0.2747676521539688,0.053137521259486675,
0,260816,matched,MATCHED_Impulsive,Proposed_CA_CNN_RNND,5291,0.586284264922142,0.4654899090528488,0.12079434841871262,
0,260816,matched,MATCHED_Impulsive,Proposed_CA_CNN_RNND,5292,0.3344632387161255,0.27550189942121506,0.05896133347414434,
0,260816,matched,MATCHED_Impulsive,Proposed_CA_CNN_RNND,5293,0.40765906870365143,0.33362381905317307,0.0740352536085993,
0,260816,matched,MATCHED_Impulsive,Proposed_CA_CNN_RNND,5294,0.4965011551976204,0.3984511271119118,0.09805002994835377,
0,260816,matched,MATCHED_Impulsive,Proposed_CA_CNN_RNND,5295,0.37500203400850296,0.31086311489343643,0.06413891352713108,
0,260816,matched,MATCHED_Impulsive,Proposed_CA_CNN_RNND,5296,0.5308635085821152,0.42705138027668,0.10381212644279003,
0,260816,matched,MATCHED_Impulsive,Proposed_CA_CNN_RNND,5297,0.3329068459570408,0.2767542190849781,0.05615262873470783,
0,260816,matched,MATCHED_Impulsive,Proposed_CA_CNN_RNND,5298,0.2886689119040966,0.24455945938825607,0.04410945763811469,
0,260816,matched,MATCHED_Impulsive,Proposed_CA_CNN_RNND,5299,0.4497387036681175,0.37183063477277756,0.07790806517004967,
0,260816,matched,MATCHED_Impulsive,Proposed_CA_CNN_RNND,5300,0.4312844052910805,0.35834911465644836,0.07293528271839023,
0,260816,matched,MATCHED_Impulsive,Proposed_CA_CNN_RNND,5301,0.4335044361650944,0.3532738871872425,0.08023053873330355,
0,260816,matched,MATCHED_Impulsive,Proposed_CA_CNN_RNND,5302,0.23094680160284042,0.19703848659992218,0.03390831500291824,
0,260816,matched,MATCHED_Impulsive,Proposed_CA_CNN_RNND,5303,0.40312348678708076,0.3376528359949589,0.06547064473852515,
0,260816,matched,MATCHED_Impulsive,Proposed_CA_CNN_RNND,5304,0.29083966091275215,0.24401520192623138,0.046824459452182055,
0,260816,matched,MATCHED_Impulsive,Proposed_CA_CNN_RNND,5305,0.5138088762760162,0.4059095084667206,0.10789937060326338,
0,260816,matched,MATCHED_Impulsive,Proposed_CA_CNN_RNND,5306,0.4424637109041214,0.3594265729188919,0.08303714171051979,
0,260816,matched,MATCHED_Impulsive,Proposed_CA_CNN_RNND,5307,0.3210398219525814,0.27663934603333473,0.04440047778189182,
0,260816,matched,MATCHED_Impulsive,Proposed_CA_CNN_RNND,5308,0.2857495956122875,0.24391083419322968,0.041838763281702995,
0,260816,matched,MATCHED_Impulsive,Proposed_CA_CNN_RNND,5309,0.38660454377532005,0.31784244254231453,0.06876210775226355,
0,260816,matched,MATCHED_Impulsive,Proposed_CA_CNN_RNND,5310,0.3266986347734928,0.27220550924539566,0.054493135306984186,
0,260816,matched,MATCHED_Impulsive,Proposed_CA_CNN_RNND,5311,0.43328922986984253,0.35978423804044724,0.07350498531013727,
0,260816,matched,MATCHED_Impulsive,Proposed_CA_CNN_RNND,5312,0.4626098610460758,0.37178776040673256,0.09082210622727871,
0,260816,matched,MATCHED_Impulsive,Proposed_CA_CNN_RNND,5313,0.39247871935367584,0.32432084903120995,0.0681578665971756,
0,260816,matched,MATCHED_Impulsive,Proposed_CA_CNN_RNND,5314,0.4390207827091217,0.3610299341380596,0.07799084950238466,
0,260816,matched,MATCHED_Impulsive,Proposed_CA_CNN_RNND,5315,0.22358400374650955,0.1895046941936016,0.034079305827617645,
0,260816,matched,MATCHED_Impulsive,Proposed_CA_CNN_RNND,5316,0.4304366484284401,0.35630011558532715,0.07413652166724205,
0,260816,matched,MATCHED_Impulsive,Proposed_CA_CNN_RNND,5317,0.3476714827120304,0.29106616973876953,0.056605312041938305,
0,260816,matched,MATCHED_Impulsive,Proposed_CA_CNN_RNND,5318,0.3532584458589554,0.2970864921808243,0.05617195228114724,
0,260816,matched,MATCHED_Impulsive,Proposed_CA_CNN_RNND,5319,0.18744659423828125,0.16557646542787552,0.02187012927606702,
0,260816,matched,MATCHED_Impulsive,Proposed_CA_CNN_RNND,5320,0.4301672950387001,0.34777021408081055,0.08239707723259926,
0,260816,matched,MATCHED_Impulsive,Proposed_CA_CNN_RNND,5321,0.3212543688714504,0.2622137479484081,0.05904062697663903,
0,260816,matched,MATCHED_Impulsive,Proposed_CA_CNN_RNND,5322,0.39730049297213554,0.32078031450510025,0.07652016310021281,
0,260816,matched,MATCHED_Impulsive,Proposed_CA_CNN_RNND,5323,0.2882223315536976,0.24377396702766418,0.04444836638867855,
0,260816,matched,MATCHED_Impulsive,Proposed_CA_CNN_RNND,5324,0.2774937078356743,0.23289493843913078,0.04459877545014024,
0,260816,matched,MATCHED_Impulsive,Proposed_CA_CNN_RNND,5325,0.36964796483516693,0.30364563316106796,0.06600233120843768,
0,260816,matched,MATCHED_Impulsive,Proposed_CA_CNN_RNND,5326,0.2871923968195915,0.24721118435263634,0.03998121386393905,
0,260816,matched,MATCHED_Impulsive,Proposed_CA_CNN_RNND,5327,0.44107868149876595,0.354074414819479,0.08700427133589983,
0,260816,matched,MATCHED_Impulsive,Proposed_CA_CNN_RNND,5328,0.48901741206645966,0.39488688111305237,0.09413051791489124,
0,260816,matched,MATCHED_Impulsive,Proposed_CA_CNN_RNND,5329,0.4411488249897957,0.3542287275195122,0.08692009467631578,
0,260816,matched,MATCHED_Impulsive,Proposed_CA_CNN_RNND,5330,0.46630025282502174,0.3812936320900917,0.08500661933794618,
0,260816,matched,MATCHED_Impulsive,Proposed_CA_CNN_RNND,5331,0.5092174485325813,0.4097721502184868,0.09944530203938484,
0,260816,matched,MATCHED_Impulsive,Proposed_CA_CNN_RNND,5332,0.3489461578428745,0.28532883152365685,0.0636173163075,
0,260816,matched,MATCHED_Impulsive,Proposed_CA_CNN_RNND,5333,0.5853230580687523,0.4555041342973709,0.12981892749667168,
0,260816,matched,MATCHED_Impulsive,Proposed_CA_CNN_RNND,5334,0.4322515204548836,0.354393795132637,0.07785772997885942,
0,260816,matched,MATCHED_Impulsive,Proposed_CA_CNN_RNND,5335,0.2627236060798168,0.2232399322092533,0.039483677595853806,
0,260816,matched,MATCHED_Impulsive,Proposed_CA_CNN_RNND,5336,0.354839026927948,0.28716810047626495,0.06767091900110245,
0,260816,matched,MATCHED_Impulsive,Proposed_CA_CNN_RNND,5337,0.37498006597161293,0.30781054496765137,0.0671695084311068,
0,260816,matched,MATCHED_Impulsive,Proposed_CA_CNN_RNND,5338,0.3621337339282036,0.29279325902462006,0.06934047676622868,
0,260816,matched,MATCHED_Impulsive,Proposed_CA_CNN_RNND,5339,0.4098571687936783,0.3341451585292816,0.07571201026439667,
0,260816,matched,MATCHED_Impulsive,Proposed_CA_CNN_RNND,5340,0.3670727163553238,0.30119702219963074,0.0658756997436285,
0,260816,matched,MATCHED_Impulsive,Proposed_CA_CNN_RNND,5341,0.4628438502550125,0.37897589057683945,0.0838679512962699,
0,260816,matched,MATCHED_Impulsive,Proposed_CA_CNN_RNND,5342,0.5347722768783569,0.4287475198507309,0.10602475702762604,
0,260816,matched,MATCHED_Impulsive,Proposed_CA_CNN_RNND,5343,0.3893674984574318,0.3205519840121269,0.06881551537662745,
0,260816,matched,MATCHED_Impulsive,Proposed_CA_CNN_RNND,5344,0.4266092777252197,0.3482508473098278,0.07835843414068222,
0,260816,matched,MATCHED_Impulsive,Proposed_CA_CNN_RNND,5345,0.32650940120220184,0.27943212538957596,0.04707727441564202,
0,260816,matched,MATCHED_Impulsive,Proposed_CA_CNN_RNND,5346,0.4080214500427246,0.33253882452845573,0.07548261620104313,
0,260816,matched,MATCHED_Impulsive,Proposed_CA_CNN_RNND,5347,0.4115733206272125,0.33654677122831345,0.0750265521928668,
0,260816,matched,MATCHED_Impulsive,Proposed_CA_CNN_RNND,5348,0.3745313324034214,0.3031364306807518,0.07139490125700831,
0,260816,matched,MATCHED_Impulsive,Proposed_CA_CNN_RNND,5349,0.3440271466970444,0.28015751764178276,0.06386963650584221,
0,260816,matched,MATCHED_Impulsive,Proposed_CA_CNN_RNND,5350,0.4831983968615532,0.38790442049503326,0.09529398195445538,
0,260816,matched,MATCHED_Impulsive,Proposed_CA_CNN_RNND,5351,0.37905484437942505,0.30788454413414,0.07117030583322048,
0,260816,matched,MATCHED_Impulsive,Proposed_CA_CNN_RNND,5352,0.45891231670975685,0.37153930217027664,0.08737301314249635,
0,260816,matched,MATCHED_Impulsive,Proposed_CA_CNN_RNND,5353,0.3953453116118908,0.32680730521678925,0.06853801012039185,
0,260816,matched,MATCHED_Impulsive,Proposed_CA_CNN_RNND,5354,0.3919703885912895,0.32164233922958374,0.07032805308699608,
0,260816,matched,MATCHED_Impulsive,Proposed_CA_CNN_RNND,5355,0.3925005793571472,0.31768787652254105,0.07481271773576736,
0,260816,matched,MATCHED_Impulsive,Proposed_CA_CNN_RNND,5356,0.3182310089468956,0.2643960453569889,0.053834968246519566,
0,260816,matched,MATCHED_Impulsive,Proposed_CA_CNN_RNND,5357,0.4894513785839081,0.39366012811660767,0.09579123556613922,
0,260816,matched,MATCHED_Impulsive,Proposed_CA_CNN_RNND,5358,0.36872051656246185,0.30462460964918137,0.06409590691328049,
0,260816,matched,MATCHED_Impulsive,Proposed_CA_CNN_RNND,5359,0.39491043239831924,0.33012060075998306,0.0647898344323039,
0,260816,matched,MATCHED_Impulsive,Proposed_CA_CNN_RNND,5360,0.420154370367527,0.3461124040186405,0.0740419621579349,
0,260816,matched,MATCHED_Impulsive,Proposed_CA_CNN_RNND,5361,0.41003039106726646,0.33124586939811707,0.07878453191369772,
0,260816,matched,MATCHED_Impulsive,Proposed_CA_CNN_RNND,5362,0.41380511224269867,0.33867329359054565,0.07513182144612074,
0,260816,matched,MATCHED_Impulsive,Proposed_CA_CNN_RNND,5363,0.4580918624997139,0.3683423474431038,0.08974951133131981,
0,260816,matched,MATCHED_Impulsive,Proposed_CA_CNN_RNND,5364,0.31930550932884216,0.260119304060936,0.059186205733567476,
0,260816,matched,MATCHED_Impulsive,Proposed_CA_CNN_RNND,5365,0.280525304377079,0.23621980473399162,0.04430549778044224,
0,260816,matched,MATCHED_Impulsive,Proposed_CA_CNN_RNND,5366,0.4347272552549839,0.35703573375940323,0.07769152149558067,
0,260816,matched,MATCHED_Impulsive,Proposed_CA_CNN_RNND,5367,0.5133379846811295,0.4151010364294052,0.09823695011436939,
0,260816,matched,MATCHED_Impulsive,Proposed_CA_CNN_RNND,5368,0.4652402475476265,0.3731927052140236,0.09204752673394978,
0,260816,matched,MATCHED_Impulsive,Proposed_CA_CNN_RNND,5369,0.35362400859594345,0.2973935008049011,0.05623050685971975,
0,260816,matched,MATCHED_Impulsive,Proposed_CA_CNN_RNND,5370,0.40772920474410057,0.3315734788775444,0.0761557281948626,
0,260816,matched,MATCHED_Impulsive,Proposed_CA_CNN_RNND,5371,0.3778100460767746,0.31037063896656036,0.06743940897285938,
0,260816,matched,MATCHED_Impulsive,Proposed_CA_CNN_RNND,5372,0.43147672712802887,0.35922767221927643,0.07224906329065561,
0,260816,matched,MATCHED_Impulsive,Proposed_CA_CNN_RNND,5373,0.2916921116411686,0.24566099420189857,0.04603111930191517,
0,260816,matched,MATCHED_Impulsive,Proposed_CA_CNN_RNND,5374,0.28010301664471626,0.24317321926355362,0.03692979644984007,
0,260816,matched,MATCHED_Impulsive,Proposed_CA_CNN_RNND,5375,0.4961321949958801,0.3972640335559845,0.09886816143989563,
0,260816,matched,MATCHED_Impulsive,Proposed_CA_CNN_RNND,5376,0.33996544778347015,0.28255317360162735,0.05741227325052023,
0,260816,matched,MATCHED_Impulsive,Proposed_CA_CNN_RNND,5377,0.3207702338695526,0.2714969404041767,0.04927329160273075,
0,260816,matched,MATCHED_Impulsive,Proposed_CA_CNN_RNND,5378,0.4363941624760628,0.357061754912138,0.07933240151032805,
0,260816,matched,MATCHED_Impulsive,Proposed_CA_CNN_RNND,5379,0.4563116021454334,0.37165892869234085,0.08465268090367317,
0,260816,matched,MATCHED_Impulsive,Proposed_CA_CNN_RNND,5380,0.3865908719599247,0.3238195925951004,0.06277128029614687,
0,260816,matched,MATCHED_Impulsive,Proposed_CA_CNN_RNND,5381,0.47108450531959534,0.3824777938425541,0.08860671194270253,
0,260816,matched,MATCHED_Impulsive,Proposed_CA_CNN_RNND,5382,0.3825894892215729,0.3147946074604988,0.06779487431049347,
0,260816,matched,MATCHED_Impulsive,Proposed_CA_CNN_RNND,5383,0.4204512983560562,0.34539876133203506,0.07505253376439214,
0,260816,matched,MATCHED_Impulsive,Proposed_CA_CNN_RNND,5384,0.48653125017881393,0.3903762623667717,0.09615497849881649,
0,260816,matched,MATCHED_Impulsive,Proposed_CA_CNN_RNND,5385,0.35124070197343826,0.29091402888298035,0.06032668240368366,
0,260816,matched,MATCHED_Impulsive,Proposed_CA_CNN_RNND,5386,0.4834485203027725,0.38519947975873947,0.0982490312308073,
0,260816,matched,MATCHED_Impulsive,Proposed_CA_CNN_RNND,5387,0.4530075304210186,0.36346232891082764,0.08954519219696522,
0,260816,matched,MATCHED_Impulsive,Proposed_CA_CNN_RNND,5388,0.3930637948215008,0.32000304013490677,0.07306075654923916,
0,260816,matched,MATCHED_Impulsive,Proposed_CA_CNN_RNND,5389,0.40473440289497375,0.3316636085510254,0.07307078875601292,
0,260816,matched,MATCHED_Impulsive,Proposed_CA_CNN_RNND,5390,0.27570052817463875,0.23491928726434708,0.04078123951330781,
0,260816,matched,MATCHED_Impulsive,Proposed_CA_CNN_RNND,5391,0.417977649718523,0.34261561185121536,0.07536204205825925,
0,260816,matched,MATCHED_Impulsive,Proposed_CA_CNN_RNND,5392,0.3018565848469734,0.25279922038316727,0.049057369120419025,
0,260816,matched,MATCHED_Impulsive,Proposed_CA_CNN_RNND,5393,0.4128783866763115,0.3449799306690693,0.06789845274761319,
0,260816,matched,MATCHED_Impulsive,Proposed_CA_CNN_RNND,5394,0.5279281809926033,0.41669749468564987,0.11123068816959858,
0,260816,matched,MATCHED_Impulsive,Proposed_CA_CNN_RNND,5395,0.3129848279058933,0.26703187823295593,0.04595294967293739,
0,260816,matched,MATCHED_Impulsive,Proposed_CA_CNN_RNND,5396,0.39677004516124725,0.3273800238966942,0.06939002498984337,
0,260816,matched,MATCHED_Impulsive,Proposed_CA_CNN_RNND,5397,0.48231241106987,0.38980158418416977,0.09251082967966795,
0,260816,matched,MATCHED_Impulsive,Proposed_CA_CNN_RNND,5398,0.3557097762823105,0.2975057475268841,0.05820402642711997,
0,260816,matched,MATCHED_Impulsive,Proposed_CA_CNN_RNND,5399,0.3044451177120209,0.25473710149526596,0.04970801854506135,
0,260816,matched,MATCHED_Impulsive,Proposed_CA_CNN_RNND,5400,0.4231071025133133,0.34530971199274063,0.07779739145189524,-1.0473267121522443
0,260816,matched,MATCHED_Impulsive,Proposed_CA_CNN_RNND,5401,0.3086799904704094,0.26641860976815224,0.04226138722151518,
0,260816,matched,MATCHED_Impulsive,Proposed_CA_CNN_RNND,5402,0.29085638374090195,0.2432892806828022,0.04756710585206747,
0,260816,matched,MATCHED_Impulsive,Proposed_CA_CNN_RNND,5403,0.4090234041213989,0.33264437317848206,0.07637903094291687,
0,260816,matched,MATCHED_Impulsive,Proposed_CA_CNN_RNND,5404,0.3386739082634449,0.2785305194556713,0.06014338135719299,
0,260816,matched,MATCHED_Impulsive,Proposed_CA_CNN_RNND,5405,0.4335724338889122,0.3503205142915249,0.08325192332267761,
0,260816,matched,MATCHED_Impulsive,Proposed_CA_CNN_RNND,5406,0.36625954881310463,0.3031933456659317,0.06306620500981808,
0,260816,matched,MATCHED_Impulsive,Proposed_CA_CNN_RNND,5407,0.3272368125617504,0.27598560228943825,0.05125120561569929,
0,260816,matched,MATCHED_Impulsive,Proposed_CA_CNN_RNND,5408,0.24591059982776642,0.21308202669024467,0.03282857220619917,
0,260816,matched,MATCHED_Impulsive,Proposed_CA_CNN_RNND,5409,0.4265158250927925,0.34426623582839966,0.0822495948523283,
0,260816,matched,MATCHED_Impulsive,Proposed_CA_CNN_RNND,5410,0.43228165432810783,0.3536301776766777,0.07865147176198661,
0,260816,matched,MATCHED_Impulsive,Proposed_CA_CNN_RNND,5411,0.358777679502964,0.29852091521024704,0.060256763361394405,
0,260816,matched,MATCHED_Impulsive,Proposed_CA_CNN_RNND,5412,0.2877640649676323,0.2385077103972435,0.049256348982453346,
0,260816,matched,MATCHED_Impulsive,Proposed_CA_CNN_RNND,5413,0.3041204586625099,0.2579435259103775,0.046176931355148554,
0,260816,matched,MATCHED_Impulsive,Proposed_CA_CNN_RNND,5414,0.3859407976269722,0.32398733869194984,0.061953467316925526,
0,260816,matched,MATCHED_Impulsive,Proposed_CA_CNN_RNND,5415,0.3290017433464527,0.281265702098608,0.04773604264482856,
0,260816,matched,MATCHED_Impulsive,Proposed_CA_CNN_RNND,5416,0.3863644152879715,0.3197801187634468,0.06658428907394409,
0,260816,matched,MATCHED_Impulsive,Proposed_CA_CNN_RNND,5417,0.35709603875875473,0.2967790737748146,0.06031697057187557,
0,260816,matched,MATCHED_Impulsive,Proposed_CA_CNN_RNND,5418,0.4591733440756798,0.37335649132728577,0.08581685367971659,
0,260816,matched,MATCHED_Impulsive,Proposed_CA_CNN_RNND,5419,0.40060535073280334,0.3358325846493244,0.06477278238162398,
0,260816,matched,MATCHED_Impulsive,Proposed_CA_CNN_RNND,5420,0.5709186494350433,0.4532012939453125,0.11771734803915024,
0,260816,matched,MATCHED_Impulsive,Proposed_CA_CNN_RNND,5421,0.4826357886195183,0.39228425174951553,0.09035153780132532,
0,260816,matched,MATCHED_Impulsive,Proposed_CA_CNN_RNND,5422,0.5011473819613457,0.3998849205672741,0.10126246232539415,
0,260816,matched,MATCHED_Impulsive,Proposed_CA_CNN_RNND,5423,0.4196363538503647,0.347444262355566,0.0721921008080244,
0,260816,matched,MATCHED_Impulsive,Proposed_CA_CNN_RNND,5424,0.42145131528377533,0.3475106731057167,0.07394063891842961,
0,260816,matched,MATCHED_Impulsive,Proposed_CA_CNN_RNND,5425,0.2841191105544567,0.23813793808221817,0.045981170143932104,
0,260816,matched,MATCHED_Impulsive,Proposed_CA_CNN_RNND,5426,0.35905589163303375,0.29408179223537445,0.06497408635914326,
0,260816,matched,MATCHED_Impulsive,Proposed_CA_CNN_RNND,5427,0.41100793704390526,0.3306901976466179,0.0803177384659648,
0,260816,matched,MATCHED_Impulsive,Proposed_CA_CNN_RNND,5428,0.5409747585654259,0.4294987693428993,0.1114760022610426,
0,260816,matched,MATCHED_Impulsive,Proposed_CA_CNN_RNND,5429,0.4088657423853874,0.3323037177324295,0.07656202279031277,
0,260816,matched,MATCHED_Impulsive,Proposed_CA_CNN_RNND,5430,0.302718922495842,0.2584388554096222,0.044280069414526224,
0,260816,matched,MATCHED_Impulsive,Proposed_CA_CNN_RNND,5431,0.3925188407301903,0.3177467808127403,0.07477205246686935,
0,260816,matched,MATCHED_Impulsive,Proposed_CA_CNN_RNND,5432,0.19434700906276703,0.16875637508928776,0.025590632809326053,
0,260816,matched,MATCHED_Impulsive,Proposed_CA_CNN_RNND,5433,0.37860891222953796,0.30638524144887924,0.07222366519272327,
0,260816,matched,MATCHED_Impulsive,Proposed_CA_CNN_RNND,5434,0.4198923856019974,0.3492191955447197,0.0706731891259551,
0,260816,matched,MATCHED_Impulsive,Proposed_CA_CNN_RNND,5435,0.3837660066783428,0.31453007832169533,0.06923593115061522,
0,260816,matched,MATCHED_Impulsive,Proposed_CA_CNN_RNND,5436,0.3895818218588829,0.31970542669296265,0.06987639819271863,
0,260816,matched,MATCHED_Impulsive,Proposed_CA_CNN_RNND,5437,0.33983463793992996,0.2857392951846123,0.054095338098704815,
0,260816,matched,MATCHED_Impulsive,Proposed_CA_CNN_RNND,5438,0.31839457899332047,0.26512040570378304,0.05327417654916644,
0,260816,matched,MATCHED_Impulsive,Proposed_CA_CNN_RNND,5439,0.4027968905866146,0.3289285898208618,0.0738682895898819,
0,260816,matched,MATCHED_Impulsive,Proposed_CA_CNN_RNND,5440,0.42010345309972763,0.35349810123443604,0.06660535745322704,
0,260816,matched,MATCHED_Impulsive,Proposed_CA_CNN_RNND,5441,0.2081836238503456,0.18005413189530373,0.02812949288636446,
0,260816,matched,MATCHED_Impulsive,Proposed_CA_CNN_RNND,5442,0.3615235462784767,0.29529955983161926,0.06622398365288973,
0,260816,matched,MATCHED_Impulsive,Proposed_CA_CNN_RNND,5443,0.35418181493878365,0.2895425595343113,0.06463925074785948,
0,260816,matched,MATCHED_Impulsive,Proposed_CA_CNN_RNND,5444,0.32272759079933167,0.2646402008831501,0.05808738945052028,
0,260816,matched,MATCHED_Impulsive,Proposed_CA_CNN_RNND,5445,0.46990925818681717,0.3834700733423233,0.08643917925655842,
0,260816,matched,MATCHED_Impulsive,Proposed_CA_CNN_RNND,5446,0.3492320105433464,0.29611921310424805,0.05311279697343707,
0,260816,matched,MATCHED_Impulsive,Proposed_CA_CNN_RNND,5447,0.39346206933259964,0.3277697376906872,0.06569233210757375,
0,260816,matched,MATCHED_Impulsive,Proposed_CA_CNN_RNND,5448,0.38401155918836594,0.31952738016843796,0.06448417715728283,
0,260816,matched,MATCHED_Impulsive,Proposed_CA_CNN_RNND,5449,0.39027728512883186,0.32484711706638336,0.06543017248623073,
0,260816,matched,MATCHED_Impulsive,Proposed_CA_CNN_RNND,5450,0.3526056371629238,0.2937687560915947,0.05883688759058714,
0,260816,matched,MATCHED_Impulsive,Proposed_CA_CNN_RNND,5451,0.47687506303191185,0.38458802178502083,0.09228703612461686,
0,260816,matched,MATCHED_Impulsive,Proposed_CA_CNN_RNND,5452,0.4044329784810543,0.33440759778022766,0.07002537930384278,
0,260816,matched,MATCHED_Impulsive,Proposed_CA_CNN_RNND,5453,0.4404718056321144,0.3612535744905472,0.07921823114156723,
0,260816,matched,MATCHED_Impulsive,Proposed_CA_CNN_RNND,5454,0.3598409555852413,0.303804162889719,0.05603679409250617,
0,260816,matched,MATCHED_Impulsive,Proposed_CA_CNN_RNND,5455,0.32788509875535965,0.27160467579960823,0.056280423887073994,
0,260816,matched,MATCHED_Impulsive,Proposed_CA_CNN_RNND,5456,0.3513620086014271,0.2876686118543148,0.06369339674711227,
0,260816,matched,MATCHED_Impulsive,Proposed_CA_CNN_RNND,5457,0.3700735494494438,0.30408016592264175,0.06599338725209236,
0,260816,matched,MATCHED_Impulsive,Proposed_CA_CNN_RNND,5458,0.34705887362360954,0.2857182025909424,0.0613406621851027,
0,260816,matched,MATCHED_Impulsive,Proposed_CA_CNN_RNND,5459,0.3560309000313282,0.30380621924996376,0.05222467891871929,
0,260816,matched,MATCHED_Impulsive,Proposed_CA_CNN_RNND,5460,0.410797581076622,0.3390275463461876,0.07177003379911184,
0,260816,matched,MATCHED_Impulsive,Proposed_CA_CNN_RNND,5461,0.5780673548579216,0.4558441713452339,0.12222316954284906,
0,260816,matched,MATCHED_Impulsive,Proposed_CA_CNN_RNND,5462,0.4312327839434147,0.35799023509025574,0.07324255770072341,
0,260816,matched,MATCHED_Impulsive,Proposed_CA_CNN_RNND,5463,0.27546973526477814,0.23358558118343353,0.04188415454700589,
0,260816,matched,MATCHED_Impulsive,Proposed_CA_CNN_RNND,5464,0.21392085030674934,0.18461978435516357,0.02930106921121478,
0,260816,matched,MATCHED_Impulsive,Proposed_CA_CNN_RNND,5465,0.35068489983677864,0.2907395176589489,0.05994537519291043,
0,260816,matched,MATCHED_Impulsive,Proposed_CA_CNN_RNND,5466,0.34015635773539543,0.2872776798903942,0.052878676913678646,
0,260816,matched,MATCHED_Impulsive,Proposed_CA_CNN_RNND,5467,0.3543680012226105,0.29264676198363304,0.06172124692238867,
0,260816,matched,MATCHED_Impulsive,Proposed_CA_CNN_RNND,5468,0.3038163594901562,0.2607843540608883,0.04303200310096145,
0,260816,matched,MATCHED_Impulsive,Proposed_CA_CNN_RNND,5469,0.387740571051836,0.32164983823895454,0.06609073793515563,
0,260816,matched,MATCHED_Impulsive,Proposed_CA_CNN_RNND,5470,0.33613940328359604,0.28474847972393036,0.05139092355966568,
0,260816,matched,MATCHED_Impulsive,Proposed_CA_CNN_RNND,5471,0.31420688703656197,0.2666476145386696,0.047559269703924656,
0,260816,matched,MATCHED_Impulsive,Proposed_CA_CNN_RNND,5472,0.2178969644010067,0.19059191644191742,0.027305045165121555,
0,260816,matched,MATCHED_Impulsive,Proposed_CA_CNN_RNND,5473,0.40813903510570526,0.3385593816637993,0.06957964971661568,
0,260816,matched,MATCHED_Impulsive,Proposed_CA_CNN_RNND,5474,0.36177315562963486,0.3070780895650387,0.05469507444649935,
0,260816,matched,MATCHED_Impulsive,Proposed_CA_CNN_RNND,5475,0.5223023779690266,0.41194117069244385,0.11036120355129242,
0,260816,matched,MATCHED_Impulsive,Proposed_CA_CNN_RNND,5476,0.2658214047551155,0.2301974967122078,0.035623908042907715,
0,260816,matched,MATCHED_Impulsive,Proposed_CA_CNN_RNND,5477,0.3120596818625927,0.2625056095421314,0.049554061610251665,
0,260816,matched,MATCHED_Impulsive,Proposed_CA_CNN_RNND,5478,0.6090568006038666,0.48341434448957443,0.1256424505263567,
0,260816,matched,MATCHED_Impulsive,Proposed_CA_CNN_RNND,5479,0.35118237882852554,0.2914237529039383,0.0597586277872324,
0,260816,matched,MATCHED_Impulsive,Proposed_CA_CNN_RNND,5480,0.34276771917939186,0.2780229113996029,0.06474480917677283,
0,260816,matched,MATCHED_Impulsive,Proposed_CA_CNN_RNND,5481,0.5277076289057732,0.42752981185913086,0.1001778207719326,
0,260816,matched,MATCHED_Impulsive,Proposed_CA_CNN_RNND,5482,0.4560403525829315,0.37464146316051483,0.08139888849109411,
0,260816,matched,MATCHED_Impulsive,Proposed_CA_CNN_RNND,5483,0.3411876820027828,0.28841202706098557,0.052775653544813395,
0,260816,matched,MATCHED_Impulsive,Proposed_CA_CNN_RNND,5484,0.3777870237827301,0.3121521398425102,0.0656348830088973,
0,260816,matched,MATCHED_Impulsive,Proposed_CA_CNN_RNND,5485,0.46592211350798607,0.37795424461364746,0.08796786423772573,
0,260816,matched,MATCHED_Impulsive,Proposed_CA_CNN_RNND,5486,0.25646116212010384,0.21985254436731339,0.03660861449316144,
0,260816,matched,MATCHED_Impulsive,Proposed_CA_CNN_RNND,5487,0.36066700518131256,0.30199185013771057,0.05867516715079546,
0,260816,matched,MATCHED_Impulsive,Proposed_CA_CNN_RNND,5488,0.32331058010458946,0.26816481724381447,0.05514577077701688,
0,260816,matched,MATCHED_Impulsive,Proposed_CA_CNN_RNND,5489,0.38750046491622925,0.32413069531321526,0.0633697621524334,
0,260816,matched,MATCHED_Impulsive,Proposed_CA_CNN_RNND,5490,0.30580927431583405,0.2586079612374306,0.047201317735016346,
0,260816,matched,MATCHED_Impulsive,Proposed_CA_CNN_RNND,5491,0.332497775554657,0.2784135341644287,0.05408423999324441,
0,260816,matched,MATCHED_Impulsive,Proposed_CA_CNN_RNND,5492,0.39760269969701767,0.3264535702764988,0.07114911638200283,
0,260816,matched,MATCHED_Impulsive,Proposed_CA_CNN_RNND,5493,0.26836971938610077,0.2324688658118248,0.035900859627872705,
0,260816,matched,MATCHED_Impulsive,Proposed_CA_CNN_RNND,5494,0.36242181807756424,0.29755938425660133,0.0648624449968338,
0,260816,matched,MATCHED_Impulsive,Proposed_CA_CNN_RNND,5495,0.39885319024324417,0.3287055417895317,0.07014765730127692,
0,260816,matched,MATCHED_Impulsive,Proposed_CA_CNN_RNND,5496,0.5248933508992195,0.4186921939253807,0.1062011606991291,
0,260816,matched,MATCHED_Impulsive,Proposed_CA_CNN_RNND,5497,0.3856244198977947,0.3188716843724251,0.0667527373880148,
0,260816,matched,MATCHED_Impulsive,Proposed_CA_CNN_RNND,5498,0.5663756877183914,0.44746629893779755,0.11890938691794872,
0,260816,matched,MATCHED_Impulsive,Proposed_CA_CNN_RNND,5499,0.4293673112988472,0.3472975753247738,0.08206974249333143,
0,260816,matched,MATCHED_Impulsive,Proposed_CA_CNN_RNND,5500,0.35160188749432564,0.2892025411128998,0.06239934731274843,
0,260816,matched,MATCHED_Impulsive,Proposed_CA_CNN_RNND,5501,0.36985666677355766,0.301676481962204,0.06818018108606339,
0,260816,matched,MATCHED_Impulsive,Proposed_CA_CNN_RNND,5502,0.38293149694800377,0.3086705766618252,0.0742609123699367,
0,260816,matched,MATCHED_Impulsive,Proposed_CA_CNN_RNND,5503,0.40842143446207047,0.33365754410624504,0.07476388942450285,
0,260816,matched,MATCHED_Impulsive,Proposed_CA_CNN_RNND,5504,0.4789457619190216,0.3866981565952301,0.09224759973585606,
0,260816,matched,MATCHED_Impulsive,Proposed_CA_CNN_RNND,5505,0.4748433381319046,0.38753604888916016,0.08730730041861534,
0,260816,matched,MATCHED_Impulsive,Proposed_CA_CNN_RNND,5506,0.36491455510258675,0.3014187291264534,0.06349582504481077,
0,260816,matched,MATCHED_Impulsive,Proposed_CA_CNN_RNND,5507,0.4002157971262932,0.33436255902051926,0.06585323065519333,
0,260816,matched,MATCHED_Impulsive,Proposed_CA_CNN_RNND,5508,0.2618475742638111,0.22524427250027657,0.03660330083221197,
0,260816,matched,MATCHED_Impulsive,Proposed_CA_CNN_RNND,5509,0.2241721823811531,0.19808822870254517,0.026083956938236952,
0,260816,matched,MATCHED_Impulsive,Proposed_CA_CNN_RNND,5510,0.4014785438776016,0.33217228949069977,0.06930625718086958,
0,260816,matched,MATCHED_Impulsive,Proposed_CA_CNN_RNND,5511,0.3583104535937309,0.29313070327043533,0.06517974752932787,
0,260816,matched,MATCHED_Impulsive,Proposed_CA_CNN_RNND,5512,0.4699331820011139,0.38166654855012894,0.08826663345098495,
0,260816,matched,MATCHED_Impulsive,Proposed_CA_CNN_RNND,5513,0.3336455561220646,0.2814849503338337,0.05216060858219862,
0,260816,matched,MATCHED_Impulsive,Proposed_CA_CNN_RNND,5514,0.5543402582406998,0.43452097475528717,0.1198192872107029,
0,260816,matched,MATCHED_Impulsive,Proposed_CA_CNN_RNND,5515,0.49947818368673325,0.40063533931970596,0.0988428401760757,
0,260816,matched,MATCHED_Impulsive,Proposed_CA_CNN_RNND,5516,0.44151606410741806,0.35681089013814926,0.08470517583191395,
0,260816,matched,MATCHED_Impulsive,Proposed_CA_CNN_RNND,5517,0.3530774153769016,0.2947590909898281,0.058318329975008965,
0,260816,matched,MATCHED_Impulsive,Proposed_CA_CNN_RNND,5518,0.37691276147961617,0.3163946159183979,0.06051813252270222,
0,260816,matched,MATCHED_Impulsive,Proposed_CA_CNN_RNND,5519,0.3862164281308651,0.315638218075037,0.07057821052148938,
0,260816,matched,MATCHED_Impulsive,Proposed_CA_CNN_RNND,5520,0.41624487936496735,0.34270232170820236,0.07354256231337786,
0,260816,matched,MATCHED_Impulsive,Proposed_CA_CNN_RNND,5521,0.2331002950668335,0.20197497308254242,0.031125325709581375,
0,260816,matched,MATCHED_Impulsive,Proposed_CA_CNN_RNND,5522,0.2183683104813099,0.18647690676152706,0.031891404651105404,
0,260816,matched,MATCHED_Impulsive,Proposed_CA_CNN_RNND,5523,0.4346690997481346,0.35226840525865555,0.08240069448947906,
0,260816,matched,MATCHED_Impulsive,Proposed_CA_CNN_RNND,5524,0.20208019390702248,0.18414869904518127,0.017931494396179914,
0,260816,matched,MATCHED_Impulsive,Proposed_CA_CNN_RNND,5525,0.39117126166820526,0.3279725983738899,0.06319866608828306,
0,260816,matched,MATCHED_Impulsive,Proposed_CA_CNN_RNND,5526,0.28607627376914024,0.23914431408047676,0.046931962482631207,
0,260816,matched,MATCHED_Impulsive,Proposed_CA_CNN_RNND,5527,0.28914110735058784,0.24640480056405067,0.04273630166426301,
0,260816,matched,MATCHED_Impulsive,Proposed_CA_CNN_RNND,5528,0.47407763451337814,0.3775269538164139,0.09655068535357714,
0,260816,matched,MATCHED_Impulsive,Proposed_CA_CNN_RNND,5529,0.28521643206477165,0.24099809303879738,0.044218335300683975,
0,260816,matched,MATCHED_Impulsive,Proposed_CA_CNN_RNND,5530,0.4142744913697243,0.3433235213160515,0.07095097098499537,
0,260816,matched,MATCHED_Impulsive,Proposed_CA_CNN_RNND,5531,0.36857228353619576,0.30331920087337494,0.06525308871641755,
0,260816,matched,MATCHED_Impulsive,Proposed_CA_CNN_RNND,5532,0.3103285990655422,0.26454468071460724,0.04578392393887043,
0,260816,matched,MATCHED_Impulsive,Proposed_CA_CNN_RNND,5533,0.348454263061285,0.28671107068657875,0.061743187718093395,
0,260816,matched,MATCHED_Impulsive,Proposed_CA_CNN_RNND,5534,0.2667419835925102,0.22517674416303635,0.04156524408608675,
0,260816,matched,MATCHED_Impulsive,Proposed_CA_CNN_RNND,5535,0.39495521038770676,0.3314194679260254,0.06353573128581047,
0,260816,matched,MATCHED_Impulsive,Proposed_CA_CNN_RNND,5536,0.47341276705265045,0.38492100685834885,0.08849175926297903,
0,260816,matched,MATCHED_Impulsive,Proposed_CA_CNN_RNND,5537,0.36506418883800507,0.30377496033906937,0.061289225704967976,
0,260816,matched,MATCHED_Impulsive,Proposed_CA_CNN_RNND,5538,0.35206063836812973,0.2967425659298897,0.05531806778162718,
0,260816,matched,MATCHED_Impulsive,Proposed_CA_CNN_RNND,5539,0.3444101810455322,0.2968375161290169,0.0475726630538702,
0,260816,matched,MATCHED_Impulsive,Proposed_CA_CNN_RNND,5540,0.522391714155674,0.4261849522590637,0.09620676562190056,
0,260816,matched,MATCHED_Impulsive,Proposed_CA_CNN_RNND,5541,0.44529056549072266,0.3646572381258011,0.08063332177698612,
0,260816,matched,MATCHED_Impulsive,Proposed_CA_CNN_RNND,5542,0.370357196778059,0.30728933215141296,0.06306786509230733,
0,260816,matched,MATCHED_Impulsive,Proposed_CA_CNN_RNND,5543,0.26472850143909454,0.22837040573358536,0.03635810315608978,
0,260816,matched,MATCHED_Impulsive,Proposed_CA_CNN_RNND,5544,0.33583884313702583,0.28261493891477585,0.05322389770299196,
0,260816,matched,MATCHED_Impulsive,Proposed_CA_CNN_RNND,5545,0.29948563873767853,0.25662514939904213,0.0428604930639267,
0,260816,matched,MATCHED_Impulsive,Proposed_CA_CNN_RNND,5546,0.5253653526306152,0.414339080452919,0.11102627776563168,
0,260816,matched,MATCHED_Impulsive,Proposed_CA_CNN_RNND,5547,0.3219717852771282,0.2787732258439064,0.04319855431094766,
0,260816,matched,MATCHED_Impulsive,Proposed_CA_CNN_RNND,5548,0.40089359879493713,0.32993094250559807,0.07096266560256481,
0,260816,matched,MATCHED_Impulsive,Proposed_CA_CNN_RNND,5549,0.39029373601078987,0.323627557605505,0.06666617561131716,
0,260816,matched,MATCHED_Impulsive,Proposed_CA_CNN_RNND,5550,0.2968258485198021,0.2558092549443245,0.04101659473963082,
0,260816,matched,MATCHED_Impulsive,Proposed_CA_CNN_RNND,5551,0.26455115899443626,0.2282700501382351,0.03628111071884632,
0,260816,matched,MATCHED_Impulsive,Proposed_CA_CNN_RNND,5552,0.5089137032628059,0.40784670412540436,0.10106700658798218,
0,260816,matched,MATCHED_Impulsive,Proposed_CA_CNN_RNND,5553,0.41403501480817795,0.3426322788000107,0.07140273693948984,
0,260816,matched,MATCHED_Impulsive,Proposed_CA_CNN_RNND,5554,0.3961263597011566,0.33050138503313065,0.06562496349215508,
0,260816,matched,MATCHED_Impulsive,Proposed_CA_CNN_RNND,5555,0.3873016722500324,0.31786690652370453,0.06943477061577141,
0,260816,matched,MATCHED_Impulsive,Proposed_CA_CNN_RNND,5556,0.33323874324560165,0.27877727150917053,0.054461467545479536,
0,260816,matched,MATCHED_Impulsive,Proposed_CA_CNN_RNND,5557,0.5275332629680634,0.4229735806584358,0.10455969348549843,
0,260816,matched,MATCHED_Impulsive,Proposed_CA_CNN_RNND,5558,0.41648460924625397,0.34620382636785507,0.07028078846633434,
0,260816,matched,MATCHED_Impulsive,Proposed_CA_CNN_RNND,5559,0.3824901692569256,0.3166305087506771,0.06585966004058719,
0,260816,matched,MATCHED_Impulsive,Proposed_CA_CNN_RNND,5560,0.3336895629763603,0.27722664549946785,0.056462927255779505,
0,260816,matched,MATCHED_Impulsive,Proposed_CA_CNN_RNND,5561,0.31038689613342285,0.257064551115036,0.05332234362140298,
0,260816,matched,MATCHED_Impulsive,Proposed_CA_CNN_RNND,5562,0.3216732069849968,0.2667681500315666,0.05490505765192211,
0,260816,matched,MATCHED_Impulsive,Proposed_CA_CNN_RNND,5563,0.3254609555006027,0.27017512172460556,0.05528584076091647,
0,260816,matched,MATCHED_Impulsive,Proposed_CA_CNN_RNND,5564,0.3732311651110649,0.3095577694475651,0.06367339193820953,
0,260816,matched,MATCHED_Impulsive,Proposed_CA_CNN_RNND,5565,0.2140880860388279,0.19138246774673462,0.022705618757754564,
0,260816,matched,MATCHED_Impulsive,Proposed_CA_CNN_RNND,5566,0.4464336447417736,0.3634706400334835,0.08296298934146762,
0,260816,matched,MATCHED_Impulsive,Proposed_CA_CNN_RNND,5567,0.3189491927623749,0.2592330649495125,0.059716121293604374,
0,260816,matched,MATCHED_Impulsive,Proposed_CA_CNN_RNND,5568,0.4424230828881264,0.35685625672340393,0.08556682802736759,
0,260816,matched,MATCHED_Impulsive,Proposed_CA_CNN_RNND,5569,0.48130346089601517,0.3955875411629677,0.08571592718362808,
0,260816,matched,MATCHED_Impulsive,Proposed_CA_CNN_RNND,5570,0.3362082540988922,0.2788894288241863,0.05731882620602846,
0,260816,matched,MATCHED_Impulsive,Proposed_CA_CNN_RNND,5571,0.3626692220568657,0.3039259761571884,0.05874324683099985,
0,260816,matched,MATCHED_Impulsive,Proposed_CA_CNN_RNND,5572,0.3155931457877159,0.26922376826405525,0.04636937868781388,
0,260816,matched,MATCHED_Impulsive,Proposed_CA_CNN_RNND,5573,0.3696223460137844,0.3076062873005867,0.062016064301133156,
0,260816,matched,MATCHED_Impulsive,Proposed_CA_CNN_RNND,5574,0.49727632850408554,0.396198533475399,0.10107778664678335,
0,260816,matched,MATCHED_Impulsive,Proposed_CA_CNN_RNND,5575,0.3206876143813133,0.2676805853843689,0.05300702713429928,
0,260816,matched,MATCHED_Impulsive,Proposed_CA_CNN_RNND,5576,0.4684402272105217,0.3828609436750412,0.0855792798101902,
0,260816,matched,MATCHED_Impulsive,Proposed_CA_CNN_RNND,5577,0.3417363278567791,0.2808961793780327,0.0608401563949883,
0,260816,matched,MATCHED_Impulsive,Proposed_CA_CNN_RNND,5578,0.3816960081458092,0.3133787661790848,0.06831724103540182,
0,260816,matched,MATCHED_Impulsive,Proposed_CA_CNN_RNND,5579,0.515855111181736,0.4169071763753891,0.09894793387502432,
0,260816,matched,MATCHED_Impulsive,Proposed_CA_CNN_RNND,5580,0.3777943439781666,0.3105703294277191,0.06722402898594737,
0,260816,matched,MATCHED_Impulsive,Proposed_CA_CNN_RNND,5581,0.3726644329726696,0.31117838621139526,0.06148604117333889,
0,260816,matched,MATCHED_Impulsive,Proposed_CA_CNN_RNND,5582,0.3763657957315445,0.3097106069326401,0.06665518134832382,
0,260816,matched,MATCHED_Impulsive,Proposed_CA_CNN_RNND,5583,0.39829251170158386,0.32396987080574036,0.07432265300303698,
0,260816,matched,MATCHED_Impulsive,Proposed_CA_CNN_RNND,5584,0.2554878704249859,0.2182265743613243,0.03726129746064544,
0,260816,matched,MATCHED_Impulsive,Proposed_CA_CNN_RNND,5585,0.3702370747923851,0.30775751173496246,0.062479560263454914,
0,260816,matched,MATCHED_Impulsive,Proposed_CA_CNN_RNND,5586,0.3595593050122261,0.2984655797481537,0.06109372293576598,
0,260816,matched,MATCHED_Impulsive,Proposed_CA_CNN_RNND,5587,0.40455539897084236,0.3434075154364109,0.06114788539707661,
0,260816,matched,MATCHED_Impulsive,Proposed_CA_CNN_RNND,5588,0.500012144446373,0.4049109145998955,0.09510123357176781,
0,260816,matched,MATCHED_Impulsive,Proposed_CA_CNN_RNND,5589,0.3604072257876396,0.3027653694152832,0.05764185870066285,
0,260816,matched,MATCHED_Impulsive,Proposed_CA_CNN_RNND,5590,0.3069197088479996,0.25925297290086746,0.047666735015809536,
0,260816,matched,MATCHED_Impulsive,Proposed_CA_CNN_RNND,5591,0.3170263543725014,0.26700320467352867,0.050023149233311415,
0,260816,matched,MATCHED_Impulsive,Proposed_CA_CNN_RNND,5592,0.2207556702196598,0.19414371252059937,0.026611953508108854,
0,260816,matched,MATCHED_Impulsive,Proposed_CA_CNN_RNND,5593,0.2603147365152836,0.22546575590968132,0.03484898479655385,
0,260816,matched,MATCHED_Impulsive,Proposed_CA_CNN_RNND,5594,0.32262545824050903,0.2762353681027889,0.04639008827507496,
0,260816,matched,MATCHED_Impulsive,Proposed_CA_CNN_RNND,5595,0.4660525396466255,0.3762732595205307,0.08977929037064314,
0,260816,matched,MATCHED_Impulsive,Proposed_CA_CNN_RNND,5596,0.329479668289423,0.2804337218403816,0.04904594272375107,
0,260816,matched,MATCHED_Impulsive,Proposed_CA_CNN_RNND,5597,0.4109545424580574,0.33003412932157516,0.08092040847986937,
0,260816,matched,MATCHED_Impulsive,Proposed_CA_CNN_RNND,5598,0.37676453217864037,0.3113648593425751,0.0653996760956943,
0,260816,matched,MATCHED_Impulsive,Proposed_CA_CNN_RNND,5599,0.3159862831234932,0.26982899010181427,0.04615729954093695,
0,260816,matched,MATCHED_Impulsive,Proposed_CA_CNN_RNND,5600,0.42896921187639236,0.35513342916965485,0.07383577898144722,-1.0584555284143877
0,260816,matched,MATCHED_Impulsive,Proposed_CA_CNN_RNND,5601,0.36315101385116577,0.30295784771442413,0.06019316706806421,
0,260816,matched,MATCHED_Impulsive,Proposed_CA_CNN_RNND,5602,0.19909552857279778,0.17679893597960472,0.022296591196209192,
0,260816,matched,MATCHED_Impulsive,Proposed_CA_CNN_RNND,5603,0.4156162776052952,0.3346395343542099,0.0809767423197627,
0,260816,matched,MATCHED_Impulsive,Proposed_CA_CNN_RNND,5604,0.3016684837639332,0.2519916966557503,0.04967678990215063,
0,260816,matched,MATCHED_Impulsive,Proposed_CA_CNN_RNND,5605,0.4672269970178604,0.3818407654762268,0.0853862315416336,
0,260816,matched,MATCHED_Impulsive,Proposed_CA_CNN_RNND,5606,0.2747305557131767,0.23803500831127167,0.03669555112719536,
0,260816,matched,MATCHED_Impulsive,Proposed_CA_CNN_RNND,5607,0.3775913380086422,0.3080281540751457,0.06956319510936737,
0,260816,matched,MATCHED_Impulsive,Proposed_CA_CNN_RNND,5608,0.4761081412434578,0.379689984023571,0.0964181637391448,
0,260816,matched,MATCHED_Impulsive,Proposed_CA_CNN_RNND,5609,0.37418345361948013,0.3104535862803459,0.06372986547648907,
0,260816,matched,MATCHED_Impulsive,Proposed_CA_CNN_RNND,5610,0.3397889919579029,0.28107019513845444,0.05871879402548075,
0,260816,matched,MATCHED_Impulsive,Proposed_CA_CNN_RNND,5611,0.4444899596273899,0.35887375846505165,0.08561619650572538,
0,260816,matched,MATCHED_Impulsive,Proposed_CA_CNN_RNND,5612,0.35432444885373116,0.2893225662410259,0.06500188540667295,
0,260816,matched,MATCHED_Impulsive,Proposed_CA_CNN_RNND,5613,0.37095896154642105,0.30725160986185074,0.06370735820382833,
0,260816,matched,MATCHED_Impulsive,Proposed_CA_CNN_RNND,5614,0.32751340046525,0.2714626044034958,0.05605080258101225,
0,260816,matched,MATCHED_Impulsive,Proposed_CA_CNN_RNND,5615,0.48610470443964005,0.3950105160474777,0.09109417907893658,
0,260816,matched,MATCHED_Impulsive,Proposed_CA_CNN_RNND,5616,0.2931137830018997,0.2468283846974373,0.04628540121484548,
0,260816,matched,MATCHED_Impulsive,Proposed_CA_CNN_RNND,5617,0.45424383133649826,0.36602192372083664,0.08822190389037132,
0,260816,matched,MATCHED_Impulsive,Proposed_CA_CNN_RNND,5618,0.38895276188850403,0.3246818110346794,0.0642709513194859,
0,260816,matched,MATCHED_Impulsive,Proposed_CA_CNN_RNND,5619,0.3477698899805546,0.29062773659825325,0.05714215384796262,
0,260816,matched,MATCHED_Impulsive,Proposed_CA_CNN_RNND,5620,0.34561048448085785,0.2848808243870735,0.06072966940701008,
0,260816,matched,MATCHED_Impulsive,Proposed_CA_CNN_RNND,5621,0.426052313297987,0.3525439463555813,0.07350837206467986,
0,260816,matched,MATCHED_Impulsive,Proposed_CA_CNN_RNND,5622,0.37182776257395744,0.3058006763458252,0.0660270843654871,
0,260816,matched,MATCHED_Impulsive,Proposed_CA_CNN_RNND,5623,0.46114639192819595,0.37887120246887207,0.08227519411593676,
0,260816,matched,MATCHED_Impulsive,Proposed_CA_CNN_RNND,5624,0.506318099796772,0.4075898081064224,0.09872828610241413,
0,260816,matched,MATCHED_Impulsive,Proposed_CA_CNN_RNND,5625,0.3723004721105099,0.3006170950829983,0.07168337237089872,
0,260816,matched,MATCHED_Impulsive,Proposed_CA_CNN_RNND,5626,0.27627188712358475,0.23795855790376663,0.03831333527341485,
0,260816,matched,MATCHED_Impulsive,Proposed_CA_CNN_RNND,5627,0.4560219347476959,0.3744160383939743,0.08160589914768934,
0,260816,matched,MATCHED_Impulsive,Proposed_CA_CNN_RNND,5628,0.3209449090063572,0.2779535874724388,0.042991327587515116,
0,260816,matched,MATCHED_Impulsive,Proposed_CA_CNN_RNND,5629,0.4804805740714073,0.3885864093899727,0.09189416002482176,
0,260816,matched,MATCHED_Impulsive,Proposed_CA_CNN_RNND,5630,0.40246035531163216,0.3337385505437851,0.06872180383652449,
0,260816,matched,MATCHED_Impulsive,Proposed_CA_CNN_RNND,5631,0.34187382459640503,0.2907518073916435,0.051122008357197046,
0,260816,matched,MATCHED_Impulsive,Proposed_CA_CNN_RNND,5632,0.4926305413246155,0.4063745364546776,0.08625601045787334,
0,260816,matched,MATCHED_Impulsive,Proposed_CA_CNN_RNND,5633,0.5195422396063805,0.4160371832549572,0.10350505728274584,
0,260816,matched,MATCHED_Impulsive,Proposed_CA_CNN_RNND,5634,0.38521068543195724,0.31453245878219604,0.0706782266497612,
0,260816,matched,MATCHED_Impulsive,Proposed_CA_CNN_RNND,5635,0.4235119968652725,0.3485313355922699,0.07498065568506718,
0,260816,matched,MATCHED_Impulsive,Proposed_CA_CNN_RNND,5636,0.3316075727343559,0.2771361395716667,0.054471428506076336,
0,260816,matched,MATCHED_Impulsive,Proposed_CA_CNN_RNND,5637,0.4638925567269325,0.36943165957927704,0.09446089528501034,
0,260816,matched,MATCHED_Impulsive,Proposed_CA_CNN_RNND,5638,0.31097113713622093,0.26033734902739525,0.050633791368454695,
0,260816,matched,MATCHED_Impulsive,Proposed_CA_CNN_RNND,5639,0.4892532527446747,0.3935828432440758,0.09567041881382465,
0,260816,matched,MATCHED_Impulsive,Proposed_CA_CNN_RNND,5640,0.4191952869296074,0.3446807265281677,0.07451455481350422,
0,260816,matched,MATCHED_Impulsive,Proposed_CA_CNN_RNND,5641,0.448980450630188,0.3599451780319214,0.0890352763235569,
0,260816,matched,MATCHED_Impulsive,Proposed_CA_CNN_RNND,5642,0.47547294944524765,0.389051117002964,0.08642183616757393,
0,260816,matched,MATCHED_Impulsive,Proposed_CA_CNN_RNND,5643,0.3693825490772724,0.3021863214671612,0.06719621550291777,
0,260816,matched,MATCHED_Impulsive,Proposed_CA_CNN_RNND,5644,0.4658287353813648,0.37982241436839104,0.08600632753223181,
0,260816,matched,MATCHED_Impulsive,Proposed_CA_CNN_RNND,5645,0.484015092253685,0.39038707315921783,0.09362803120166063,
0,260816,matched,MATCHED_Impulsive,Proposed_CA_CNN_RNND,5646,0.2899458073079586,0.24907293915748596,0.040872865822166204,
0,260816,matched,MATCHED_Impulsive,Proposed_CA_CNN_RNND,5647,0.3729829080402851,0.31646347790956497,0.056519431527704,
0,260816,matched,MATCHED_Impulsive,Proposed_CA_CNN_RNND,5648,0.4509720876812935,0.3712999150156975,0.07967216521501541,
0,260816,matched,MATCHED_Impulsive,Proposed_CA_CNN_RNND,5649,0.2818525731563568,0.23907946050167084,0.04277311125770211,
0,260816,matched,MATCHED_Impulsive,Proposed_CA_CNN_RNND,5650,0.3379433900117874,0.28722311556339264,0.05072027910500765,
0,260816,matched,MATCHED_Impulsive,Proposed_CA_CNN_RNND,5651,0.46016914024949074,0.3717613220214844,0.08840782893821597,
0,260816,matched,MATCHED_Impulsive,Proposed_CA_CNN_RNND,5652,0.4420654624700546,0.3623775616288185,0.07968790736049414,
0,260816,matched,MATCHED_Impulsive,Proposed_CA_CNN_RNND,5653,0.30900534987449646,0.2673816755414009,0.04162368085235357,
0,260816,matched,MATCHED_Impulsive,Proposed_CA_CNN_RNND,5654,0.27795613557100296,0.2407914362847805,0.03716469835489988,
0,260816,matched,MATCHED_Impulsive,Proposed_CA_CNN_RNND,5655,0.2832672633230686,0.24108566716313362,0.04218160081654787,
0,260816,matched,MATCHED_Impulsive,Proposed_CA_CNN_RNND,5656,0.35282542556524277,0.29509303346276283,0.05773238465189934,
0,260816,matched,MATCHED_Impulsive,Proposed_CA_CNN_RNND,5657,0.44542694836854935,0.3599215969443321,0.0855053560808301,
0,260816,matched,MATCHED_Impulsive,Proposed_CA_CNN_RNND,5658,0.2985677197575569,0.25798528641462326,0.04058243799954653,
0,260816,matched,MATCHED_Impulsive,Proposed_CA_CNN_RNND,5659,0.38582953810691833,0.31656820327043533,0.06926133204251528,
0,260816,matched,MATCHED_Impulsive,Proposed_CA_CNN_RNND,5660,0.44193316996097565,0.3535289838910103,0.08840419352054596,
0,260816,matched,MATCHED_Impulsive,Proposed_CA_CNN_RNND,5661,0.5536138862371445,0.43766406178474426,0.1159498319029808,
0,260816,matched,MATCHED_Impulsive,Proposed_CA_CNN_RNND,5662,0.32021356374025345,0.2643505558371544,0.05586300743743777,
0,260816,matched,MATCHED_Impulsive,Proposed_CA_CNN_RNND,5663,0.42904866486787796,0.34668978303670883,0.08235888462513685,
0,260816,matched,MATCHED_Impulsive,Proposed_CA_CNN_RNND,5664,0.4496116116642952,0.3678116425871849,0.08179996907711029,
0,260816,matched,MATCHED_Impulsive,Proposed_CA_CNN_RNND,5665,0.3624863028526306,0.29636871069669724,0.06611758656799793,
0,260816,matched,MATCHED_Impulsive,Proposed_CA_CNN_RNND,5666,0.5398708209395409,0.428521990776062,0.1113488357514143,
0,260816,matched,MATCHED_Impulsive,Proposed_CA_CNN_RNND,5667,0.43146420270204544,0.3467823415994644,0.08468186389654875,
0,260816,matched,MATCHED_Impulsive,Proposed_CA_CNN_RNND,5668,0.45826850831508636,0.37489329278469086,0.08337521553039551,
0,260816,matched,MATCHED_Impulsive,Proposed_CA_CNN_RNND,5669,0.45601894333958626,0.3685898222029209,0.0874291192740202,
0,260816,matched,MATCHED_Impulsive,Proposed_CA_CNN_RNND,5670,0.4290896989405155,0.34388624876737595,0.08520343597047031,
0,260816,matched,MATCHED_Impulsive,Proposed_CA_CNN_RNND,5671,0.4066389724612236,0.33342747390270233,0.07321150787174702,
0,260816,matched,MATCHED_Impulsive,Proposed_CA_CNN_RNND,5672,0.2686016224324703,0.23158180341124535,0.03701981995254755,
0,260816,matched,MATCHED_Impulsive,Proposed_CA_CNN_RNND,5673,0.43138955533504486,0.35339412838220596,0.07799543719738722,
0,260816,matched,MATCHED_Impulsive,Proposed_CA_CNN_RNND,5674,0.4042843207716942,0.33139146864414215,0.07289284840226173,
0,260816,matched,MATCHED_Impulsive,Proposed_CA_CNN_RNND,5675,0.333392895758152,0.2768925838172436,0.05650030868127942,
0,260816,matched,MATCHED_Impulsive,Proposed_CA_CNN_RNND,5676,0.40561744570732117,0.33269963413476944,0.07291781529784203,
0,260816,matched,MATCHED_Impulsive,Proposed_CA_CNN_RNND,5677,0.5920745730400085,0.47150077670812607,0.12057379074394703,
0,260816,matched,MATCHED_Impulsive,Proposed_CA_CNN_RNND,5678,0.5513647794723511,0.43041815608739853,0.1209466140717268,
0,260816,matched,MATCHED_Impulsive,Proposed_CA_CNN_RNND,5679,0.42019709944725037,0.3455802798271179,0.07461680937558413,
0,260816,matched,MATCHED_Impulsive,Proposed_CA_CNN_RNND,5680,0.40596526116132736,0.3321886360645294,0.07377661764621735,
0,260816,matched,MATCHED_Impulsive,Proposed_CA_CNN_RNND,5681,0.3895203620195389,0.3220048248767853,0.0675155408680439,
0,260816,matched,MATCHED_Impulsive,Proposed_CA_CNN_RNND,5682,0.44662149250507355,0.36463914066553116,0.08198236441239715,
0,260816,matched,MATCHED_Impulsive,Proposed_CA_CNN_RNND,5683,0.3723517693579197,0.3078373968601227,0.06451437110081315,
0,260816,matched,MATCHED_Impulsive,Proposed_CA_CNN_RNND,5684,0.4098203741014004,0.33140987157821655,0.07841050112619996,
0,260816,matched,MATCHED_Impulsive,Proposed_CA_CNN_RNND,5685,0.4093319922685623,0.34021737799048424,0.06911461940035224,
0,260816,matched,MATCHED_Impulsive,Proposed_CA_CNN_RNND,5686,0.5645325630903244,0.45032165199518204,0.11421090923249722,
0,260816,matched,MATCHED_Impulsive,Proposed_CA_CNN_RNND,5687,0.3364303447306156,0.2801022045314312,0.056328137405216694,
0,260816,matched,MATCHED_Impulsive,Proposed_CA_CNN_RNND,5688,0.5421377941966057,0.43434032425284386,0.10779745504260063,
0,260816,matched,MATCHED_Impulsive,Proposed_CA_CNN_RNND,5689,0.3271225541830063,0.2713388726115227,0.05578367877751589,
0,260816,matched,MATCHED_Impulsive,Proposed_CA_CNN_RNND,5690,0.3095001205801964,0.25926871970295906,0.05023140087723732,
0,260816,matched,MATCHED_Impulsive,Proposed_CA_CNN_RNND,5691,0.46654050052165985,0.37942302972078323,0.08711748663336039,
0,260816,matched,MATCHED_Impulsive,Proposed_CA_CNN_RNND,5692,0.4279387667775154,0.3544216901063919,0.07351707527413964,
0,260816,matched,MATCHED_Impulsive,Proposed_CA_CNN_RNND,5693,0.5050052478909492,0.40087173134088516,0.10413351468741894,
0,260816,matched,MATCHED_Impulsive,Proposed_CA_CNN_RNND,5694,0.27756842970848083,0.23599007725715637,0.04157835408113897,
0,260816,matched,MATCHED_Impulsive,Proposed_CA_CNN_RNND,5695,0.3423011228442192,0.28737372532486916,0.05492740171030164,
0,260816,matched,MATCHED_Impulsive,Proposed_CA_CNN_RNND,5696,0.4102250412106514,0.34258755296468735,0.0676374975591898,
0,260816,matched,MATCHED_Impulsive,Proposed_CA_CNN_RNND,5697,0.3462424725294113,0.2904469892382622,0.05579547956585884,
0,260816,matched,MATCHED_Impulsive,Proposed_CA_CNN_RNND,5698,0.5191000029444695,0.4204378202557564,0.09866218827664852,
0,260816,matched,MATCHED_Impulsive,Proposed_CA_CNN_RNND,5699,0.3781571425497532,0.3077899068593979,0.07036723662167788,
0,260816,matched,MATCHED_Impulsive,Proposed_CA_CNN_RNND,5700,0.32501180097460747,0.27122506126761436,0.053786734119057655,
0,260816,matched,MATCHED_Impulsive,Proposed_CA_CNN_RNND,5701,0.37659336999058723,0.31908080354332924,0.05751255713403225,
0,260816,matched,MATCHED_Impulsive,Proposed_CA_CNN_RNND,5702,0.47233105450868607,0.3860355131328106,0.0862955329939723,
0,260816,matched,MATCHED_Impulsive,Proposed_CA_CNN_RNND,5703,0.28097740188241005,0.23220031708478928,0.048777091316878796,
0,260816,matched,MATCHED_Impulsive,Proposed_CA_CNN_RNND,5704,0.26971814036369324,0.230827908962965,0.03889023745432496,
0,260816,matched,MATCHED_Impulsive,Proposed_CA_CNN_RNND,5705,0.30260510742664337,0.2574363946914673,0.0451687122695148,
0,260816,matched,MATCHED_Impulsive,Proposed_CA_CNN_RNND,5706,0.4474084675312042,0.36049238592386246,0.08691608160734177,
0,260816,matched,MATCHED_Impulsive,Proposed_CA_CNN_RNND,5707,0.545920267701149,0.43564657866954803,0.11027368903160095,
0,260816,matched,MATCHED_Impulsive,Proposed_CA_CNN_RNND,5708,0.332847461104393,0.27637724578380585,0.05647021671757102,
0,260816,matched,MATCHED_Impulsive,Proposed_CA_CNN_RNND,5709,0.27110641822218895,0.23105232417583466,0.040054093580693007,
0,260816,matched,MATCHED_Impulsive,Proposed_CA_CNN_RNND,5710,0.4487393945455551,0.3671565502882004,0.08158284984529018,
0,260816,matched,MATCHED_Impulsive,Proposed_CA_CNN_RNND,5711,0.2886994555592537,0.244612704962492,0.044086750131100416,
0,260816,matched,MATCHED_Impulsive,Proposed_CA_CNN_RNND,5712,0.42723536118865013,0.35067057982087135,0.07656478229910135,
0,260816,matched,MATCHED_Impulsive,Proposed_CA_CNN_RNND,5713,0.34470514953136444,0.27671126648783684,0.06799389282241464,
0,260816,matched,MATCHED_Impulsive,Proposed_CA_CNN_RNND,5714,0.5150265172123909,0.41270846128463745,0.1023180577903986,
0,260816,matched,MATCHED_Impulsive,Proposed_CA_CNN_RNND,5715,0.35236866027116776,0.29335174337029457,0.05901691969484091,
0,260816,matched,MATCHED_Impulsive,Proposed_CA_CNN_RNND,5716,0.42374271154403687,0.3414981737732887,0.08224454987794161,
0,260816,matched,MATCHED_Impulsive,Proposed_CA_CNN_RNND,5717,0.2970193848013878,0.2519430071115494,0.04507638420909643,
0,260816,matched,MATCHED_Impulsive,Proposed_CA_CNN_RNND,5718,0.4074630178511143,0.3327265754342079,0.07473643869161606,
0,260816,matched,MATCHED_Impulsive,Proposed_CA_CNN_RNND,5719,0.403996080160141,0.33962853997945786,0.06436753179877996,
0,260816,matched,MATCHED_Impulsive,Proposed_CA_CNN_RNND,5720,0.469700388610363,0.381714828312397,0.08798554632812738,
0,260816,matched,MATCHED_Impulsive,Proposed_CA_CNN_RNND,5721,0.3599807471036911,0.29966674372553825,0.060314007103443146,
0,260816,matched,MATCHED_Impulsive,Proposed_CA_CNN_RNND,5722,0.47267715260386467,0.38216231763362885,0.09051484148949385,
0,260816,matched,MATCHED_Impulsive,Proposed_CA_CNN_RNND,5723,0.2078263871371746,0.18014264479279518,0.027683739084750414,
0,260816,matched,MATCHED_Impulsive,Proposed_CA_CNN_RNND,5724,0.455560103058815,0.3662834092974663,0.08927671425044537,
0,260816,matched,MATCHED_Impulsive,Proposed_CA_CNN_RNND,5725,0.3742339611053467,0.31501002609729767,0.05922393407672644,
0,260816,matched,MATCHED_Impulsive,Proposed_CA_CNN_RNND,5726,0.32929037511348724,0.27824534475803375,0.05104503082111478,
0,260816,matched,MATCHED_Impulsive,Proposed_CA_CNN_RNND,5727,0.5082750841975212,0.40462516993284225,0.1036499235779047,
0,260816,matched,MATCHED_Impulsive,Proposed_CA_CNN_RNND,5728,0.31102555617690086,0.26475901156663895,0.046266543213278055,
0,260816,matched,MATCHED_Impulsive,Proposed_CA_CNN_RNND,5729,0.29931357502937317,0.24971498176455498,0.04959860071539879,
0,260816,matched,MATCHED_Impulsive,Proposed_CA_CNN_RNND,5730,0.40034016594290733,0.32903441973030567,0.07130573270842433,
0,260816,matched,MATCHED_Impulsive,Proposed_CA_CNN_RNND,5731,0.553608626127243,0.44241081178188324,0.11119781248271465,
0,260816,matched,MATCHED_Impulsive,Proposed_CA_CNN_RNND,5732,0.3146248497068882,0.2628961466252804,0.05172870820388198,
0,260816,matched,MATCHED_Impulsive,Proposed_CA_CNN_RNND,5733,0.5098806619644165,0.41525521129369736,0.09462544787675142,
0,260816,matched,MATCHED_Impulsive,Proposed_CA_CNN_RNND,5734,0.4358256980776787,0.3531947433948517,0.08263094909489155,
0,260816,matched,MATCHED_Impulsive,Proposed_CA_CNN_RNND,5735,0.3973711170256138,0.32236962765455246,0.07500149868428707,
0,260816,matched,MATCHED_Impulsive,Proposed_CA_CNN_RNND,5736,0.47196730971336365,0.3829601779580116,0.08900713734328747,
0,260816,matched,MATCHED_Impulsive,Proposed_CA_CNN_RNND,5737,0.329821091145277,0.27738793194293976,0.05243315361440182,
0,260816,matched,MATCHED_Impulsive,Proposed_CA_CNN_RNND,5738,0.2600718140602112,0.22922391816973686,0.030847893096506596,
0,260816,matched,MATCHED_Impulsive,Proposed_CA_CNN_RNND,5739,0.40061523392796516,0.3243582807481289,0.07625695643946528,
0,260816,matched,MATCHED_Impulsive,Proposed_CA_CNN_RNND,5740,0.3683001510798931,0.3058324307203293,0.06246772548183799,
0,260816,matched,MATCHED_Impulsive,Proposed_CA_CNN_RNND,5741,0.3588717021048069,0.3027271553874016,0.056144551606848836,
0,260816,matched,MATCHED_Impulsive,Proposed_CA_CNN_RNND,5742,0.4355757385492325,0.35794034600257874,0.07763538882136345,
0,260816,matched,MATCHED_Impulsive,Proposed_CA_CNN_RNND,5743,0.3760502375662327,0.30942828208208084,0.06662195338867605,
0,260816,matched,MATCHED_Impulsive,Proposed_CA_CNN_RNND,5744,0.3531034141778946,0.2987697124481201,0.05433369521051645,
0,260816,matched,MATCHED_Impulsive,Proposed_CA_CNN_RNND,5745,0.5543850399553776,0.4378672167658806,0.11651782784610987,
0,260816,matched,MATCHED_Impulsive,Proposed_CA_CNN_RNND,5746,0.5332293435931206,0.4265275411307812,0.1067018136382103,
0,260816,matched,MATCHED_Impulsive,Proposed_CA_CNN_RNND,5747,0.3027655556797981,0.25228317826986313,0.05048238183371723,
0,260816,matched,MATCHED_Impulsive,Proposed_CA_CNN_RNND,5748,0.32817317917943,0.2720806859433651,0.05609248857945204,
0,260816,matched,MATCHED_Impulsive,Proposed_CA_CNN_RNND,5749,0.3688109815120697,0.3021823763847351,0.0666286051273346,
0,260816,matched,MATCHED_Impulsive,Proposed_CA_CNN_RNND,5750,0.4423501193523407,0.35664498060941696,0.08570514060556889,
0,260816,matched,MATCHED_Impulsive,Proposed_CA_CNN_RNND,5751,0.3934161402285099,0.319391667842865,0.07402447424829006,
0,260816,matched,MATCHED_Impulsive,Proposed_CA_CNN_RNND,5752,0.4566398300230503,0.36881397292017937,0.0878258510492742,
0,260816,matched,MATCHED_Impulsive,Proposed_CA_CNN_RNND,5753,0.3281615786254406,0.2696135342121124,0.058548049069941044,
0,260816,matched,MATCHED_Impulsive,Proposed_CA_CNN_RNND,5754,0.2572712376713753,0.21883304044604301,0.03843820025213063,
0,260816,matched,MATCHED_Impulsive,Proposed_CA_CNN_RNND,5755,0.3159673810005188,0.26814770698547363,0.04781967680901289,
0,260816,matched,MATCHED_Impulsive,Proposed_CA_CNN_RNND,5756,0.320923026651144,0.26956190168857574,0.05136113008484244,
0,260816,matched,MATCHED_Impulsive,Proposed_CA_CNN_RNND,5757,0.2466491498053074,0.21244648098945618,0.03420266881585121,
0,260816,matched,MATCHED_Impulsive,Proposed_CA_CNN_RNND,5758,0.5048462972044945,0.39698418974876404,0.10786211676895618,
0,260816,matched,MATCHED_Impulsive,Proposed_CA_CNN_RNND,5759,0.49367259442806244,0.39801234006881714,0.09566025994718075,
0,260816,matched,MATCHED_Impulsive,Proposed_CA_CNN_RNND,5760,0.4342189058661461,0.35838036239147186,0.0758385369554162,
0,260816,matched,MATCHED_Impulsive,Proposed_CA_CNN_RNND,5761,0.39741283655166626,0.32962777465581894,0.06778505351394415,
0,260816,matched,MATCHED_Impulsive,Proposed_CA_CNN_RNND,5762,0.3180723935365677,0.26506440341472626,0.05300799570977688,
0,260816,matched,MATCHED_Impulsive,Proposed_CA_CNN_RNND,5763,0.37857016921043396,0.3078542724251747,0.07071589026600122,
0,260816,matched,MATCHED_Impulsive,Proposed_CA_CNN_RNND,5764,0.3813021406531334,0.3116668313741684,0.06963531114161015,
0,260816,matched,MATCHED_Impulsive,Proposed_CA_CNN_RNND,5765,0.5689891129732132,0.4511518031358719,0.11783730983734131,
0,260816,matched,MATCHED_Impulsive,Proposed_CA_CNN_RNND,5766,0.5325527414679527,0.4283023476600647,0.10425039753317833,
0,260816,matched,MATCHED_Impulsive,Proposed_CA_CNN_RNND,5767,0.36528995633125305,0.29876430332660675,0.06652565347030759,
0,260816,matched,MATCHED_Impulsive,Proposed_CA_CNN_RNND,5768,0.4226447232067585,0.34520185738801956,0.07744287140667439,
0,260816,matched,MATCHED_Impulsive,Proposed_CA_CNN_RNND,5769,0.2693806141614914,0.2329573631286621,0.03642325079999864,
0,260816,matched,MATCHED_Impulsive,Proposed_CA_CNN_RNND,5770,0.32969946786761284,0.28117093443870544,0.04852853831835091,
0,260816,matched,MATCHED_Impulsive,Proposed_CA_CNN_RNND,5771,0.5146424621343613,0.41394007205963135,0.10070238634943962,
0,260816,matched,MATCHED_Impulsive,Proposed_CA_CNN_RNND,5772,0.33322857692837715,0.27303341031074524,0.06019515939988196,
0,260816,matched,MATCHED_Impulsive,Proposed_CA_CNN_RNND,5773,0.41953565180301666,0.3435143306851387,0.07602132111787796,
0,260816,matched,MATCHED_Impulsive,Proposed_CA_CNN_RNND,5774,0.4460883028805256,0.37110911309719086,0.07497919257730246,
0,260816,matched,MATCHED_Impulsive,Proposed_CA_CNN_RNND,5775,0.3085881173610687,0.26075881347060204,0.04782930319197476,
0,260816,matched,MATCHED_Impulsive,Proposed_CA_CNN_RNND,5776,0.41070297732949257,0.3411666639149189,0.06953630549833179,
0,260816,matched,MATCHED_Impulsive,Proposed_CA_CNN_RNND,5777,0.3280060924589634,0.27548856288194656,0.052517528645694256,
0,260816,matched,MATCHED_Impulsive,Proposed_CA_CNN_RNND,5778,0.3308047354221344,0.2806412950158119,0.05016344878822565,
0,260816,matched,MATCHED_Impulsive,Proposed_CA_CNN_RNND,5779,0.3950137495994568,0.3262246996164322,0.06878905883058906,
0,260816,matched,MATCHED_Impulsive,Proposed_CA_CNN_RNND,5780,0.4953184947371483,0.39660730957984924,0.09871119074523449,
0,260816,matched,MATCHED_Impulsive,Proposed_CA_CNN_RNND,5781,0.3353844955563545,0.27945907413959503,0.055925420485436916,
0,260816,matched,MATCHED_Impulsive,Proposed_CA_CNN_RNND,5782,0.3183860443532467,0.2727009765803814,0.04568506870418787,
0,260816,matched,MATCHED_Impulsive,Proposed_CA_CNN_RNND,5783,0.34149765595793724,0.28376705572009087,0.0577306067571044,
0,260816,matched,MATCHED_Impulsive,Proposed_CA_CNN_RNND,5784,0.49462009966373444,0.3990626484155655,0.0955574531108141,
0,260816,matched,MATCHED_Impulsive,Proposed_CA_CNN_RNND,5785,0.3358665853738785,0.2732957527041435,0.0625708308070898,
0,260816,matched,MATCHED_Impulsive,Proposed_CA_CNN_RNND,5786,0.3995693698525429,0.33140087127685547,0.0681685023009777,
0,260816,matched,MATCHED_Impulsive,Proposed_CA_CNN_RNND,5787,0.5015061125159264,0.3971713036298752,0.10433479957282543,
0,260816,matched,MATCHED_Impulsive,Proposed_CA_CNN_RNND,5788,0.37928659468889236,0.3139445446431637,0.06534205563366413,
0,260816,matched,MATCHED_Impulsive,Proposed_CA_CNN_RNND,5789,0.5944060310721397,0.47618454694747925,0.11822149157524109,
0,260816,matched,MATCHED_Impulsive,Proposed_CA_CNN_RNND,5790,0.4207436144351959,0.3479105308651924,0.07283308263868093,
0,260816,matched,MATCHED_Impulsive,Proposed_CA_CNN_RNND,5791,0.3677336275577545,0.30518240481615067,0.0625512171536684,
0,260816,matched,MATCHED_Impulsive,Proposed_CA_CNN_RNND,5792,0.49699071794748306,0.3959360010921955,0.1010547075420618,
0,260816,matched,MATCHED_Impulsive,Proposed_CA_CNN_RNND,5793,0.29371877759695053,0.24767174571752548,0.04604703513905406,
0,260816,matched,MATCHED_Impulsive,Proposed_CA_CNN_RNND,5794,0.3562552407383919,0.301173847168684,0.055081386119127274,
0,260816,matched,MATCHED_Impulsive,Proposed_CA_CNN_RNND,5795,0.3210090547800064,0.27256227284669876,0.04844677820801735,
0,260816,matched,MATCHED_Impulsive,Proposed_CA_CNN_RNND,5796,0.4224685952067375,0.3477369025349617,0.07473170384764671,
0,260816,matched,MATCHED_Impulsive,Proposed_CA_CNN_RNND,5797,0.29280664771795273,0.255328256636858,0.03747838223353028,
0,260816,matched,MATCHED_Impulsive,Proposed_CA_CNN_RNND,5798,0.2967405505478382,0.2533743567764759,0.04336619842797518,
0,260816,matched,MATCHED_Impulsive,Proposed_CA_CNN_RNND,5799,0.5040610358119011,0.40466996282339096,0.09939107671380043,
0,260816,matched,MATCHED_Impulsive,Proposed_CA_CNN_RNND,5800,0.3026432506740093,0.2529944181442261,0.04964882927015424,-1.0610311296183224
0,260816,matched,MATCHED_Impulsive,Proposed_CA_CNN_RNND,5801,0.4389340430498123,0.36061615496873856,0.07831789180636406,
0,260816,matched,MATCHED_Impulsive,Proposed_CA_CNN_RNND,5802,0.2551317550241947,0.21814217418432236,0.036989583633840084,
0,260816,matched,MATCHED_Impulsive,Proposed_CA_CNN_RNND,5803,0.48122910410165787,0.39113227277994156,0.09009682387113571,
0,260816,matched,MATCHED_Impulsive,Proposed_CA_CNN_RNND,5804,0.466552522033453,0.3742484152317047,0.0923041079659015,
0,260816,matched,MATCHED_Impulsive,Proposed_CA_CNN_RNND,5805,0.43969081342220306,0.35985924303531647,0.07983156759291887,
0,260816,matched,MATCHED_Impulsive,Proposed_CA_CNN_RNND,5806,0.43878069147467613,0.3547405079007149,0.08404017030261457,
0,260816,matched,MATCHED_Impulsive,Proposed_CA_CNN_RNND,5807,0.2549748010933399,0.2173001989722252,0.03767459886148572,
0,260816,matched,MATCHED_Impulsive,Proposed_CA_CNN_RNND,5808,0.4525895416736603,0.3614825904369354,0.09110695309937,
0,260816,matched,MATCHED_Impulsive,Proposed_CA_CNN_RNND,5809,0.24558739364147186,0.21082384139299393,0.03476355131715536,
0,260816,matched,MATCHED_Impulsive,Proposed_CA_CNN_RNND,5810,0.4828476756811142,0.38673772290349007,0.09610996395349503,
0,260816,matched,MATCHED_Impulsive,Proposed_CA_CNN_RNND,5811,0.34386612474918365,0.28627390787005424,0.05759221874177456,
0,260816,matched,MATCHED_Impulsive,Proposed_CA_CNN_RNND,5812,0.3939901813864708,0.32515162974596024,0.06883854977786541,
0,260816,matched,MATCHED_Impulsive,Proposed_CA_CNN_RNND,5813,0.4692080244421959,0.3864802196621895,0.08272780291736126,
0,260816,matched,MATCHED_Impulsive,Proposed_CA_CNN_RNND,5814,0.49953605979681015,0.40200482681393623,0.09753122925758362,
0,260816,matched,MATCHED_Impulsive,Proposed_CA_CNN_RNND,5815,0.5370773822069168,0.4270767569541931,0.1100006215274334,
0,260816,matched,MATCHED_Impulsive,Proposed_CA_CNN_RNND,5816,0.45286860316991806,0.3715530261397362,0.08131558261811733,
0,260816,matched,MATCHED_Impulsive,Proposed_CA_CNN_RNND,5817,0.4672069102525711,0.37847521156072617,0.08873169356957078,
0,260816,matched,MATCHED_Impulsive,Proposed_CA_CNN_RNND,5818,0.3716917559504509,0.306039422750473,0.06565233506262302,
0,260816,matched,MATCHED_Impulsive,Proposed_CA_CNN_RNND,5819,0.3411818891763687,0.28738992661237717,0.05379197048023343,
0,260816,matched,MATCHED_Impulsive,Proposed_CA_CNN_RNND,5820,0.35628465563058853,0.2992029935121536,0.05708166165277362,
0,260816,matched,MATCHED_Impulsive,Proposed_CA_CNN_RNND,5821,0.3296533524990082,0.27115971967577934,0.05849363561719656,
0,260816,matched,MATCHED_Impulsive,Proposed_CA_CNN_RNND,5822,0.3023831807076931,0.25502385571599007,0.047359324526041746,
0,260816,matched,MATCHED_Impulsive,Proposed_CA_CNN_RNND,5823,0.3229721002280712,0.27594470232725143,0.047027397667989135,
0,260816,matched,MATCHED_Impulsive,Proposed_CA_CNN_RNND,5824,0.3719945028424263,0.3062022216618061,0.06579228397458792,
0,260816,matched,MATCHED_Impulsive,Proposed_CA_CNN_RNND,5825,0.4326590746641159,0.3538798354566097,0.07877924107015133,
0,260816,matched,MATCHED_Impulsive,Proposed_CA_CNN_RNND,5826,0.3348506838083267,0.2795862853527069,0.05526440218091011,
0,260816,matched,MATCHED_Impulsive,Proposed_CA_CNN_RNND,5827,0.3659834861755371,0.30175361037254333,0.06422988139092922,
0,260816,matched,MATCHED_Impulsive,Proposed_CA_CNN_RNND,5828,0.3781122714281082,0.31691617146134377,0.06119609670713544,
0,260816,matched,MATCHED_Impulsive,Proposed_CA_CNN_RNND,5829,0.3353929929435253,0.2876991145312786,0.047693872824311256,
0,260816,matched,MATCHED_Impulsive,Proposed_CA_CNN_RNND,5830,0.4463355466723442,0.3685838356614113,0.07775169983506203,
0,260816,matched,MATCHED_Impulsive,Proposed_CA_CNN_RNND,5831,0.4549141079187393,0.36283041536808014,0.09208369441330433,
0,260816,matched,MATCHED_Impulsive,Proposed_CA_CNN_RNND,5832,0.3722405731678009,0.302846509963274,0.06939406599849463,
0,260816,matched,MATCHED_Impulsive,Proposed_CA_CNN_RNND,5833,0.4113643802702427,0.3370449095964432,0.07431946462020278,
0,260816,matched,MATCHED_Impulsive,Proposed_CA_CNN_RNND,5834,0.37436919659376144,0.3125593364238739,0.061809866689145565,
0,260816,matched,MATCHED_Impulsive,Proposed_CA_CNN_RNND,5835,0.3534061014652252,0.3007527180016041,0.05265338299795985,
0,260816,matched,MATCHED_Impulsive,Proposed_CA_CNN_RNND,5836,0.35134224221110344,0.29263054206967354,0.05871169734746218,
0,260816,matched,MATCHED_Impulsive,Proposed_CA_CNN_RNND,5837,0.4221082143485546,0.34360345266759396,0.07850476843304932,
0,260816,matched,MATCHED_Impulsive,Proposed_CA_CNN_RNND,5838,0.4556785188615322,0.36532387882471085,0.09035463351756334,
0,260816,matched,MATCHED_Impulsive,Proposed_CA_CNN_RNND,5839,0.39530373364686966,0.32826973125338554,0.06703399680554867,
0,260816,matched,MATCHED_Impulsive,Proposed_CA_CNN_RNND,5840,0.39860647171735764,0.3252044655382633,0.07340200152248144,
0,260816,matched,MATCHED_Impulsive,Proposed_CA_CNN_RNND,5841,0.42536165937781334,0.34772682934999466,0.07763483142480254,
0,260816,matched,MATCHED_Impulsive,Proposed_CA_CNN_RNND,5842,0.3800281062722206,0.31455088406801224,0.06547722220420837,
0,260816,matched,MATCHED_Impulsive,Proposed_CA_CNN_RNND,5843,0.27725614979863167,0.23675132915377617,0.04050481505692005,
0,260816,matched,MATCHED_Impulsive,Proposed_CA_CNN_RNND,5844,0.3958379626274109,0.330594465136528,0.06524349562823772,
0,260816,matched,MATCHED_Impulsive,Proposed_CA_CNN_RNND,5845,0.304930679500103,0.25561998039484024,0.04931069351732731,
0,260816,matched,MATCHED_Impulsive,Proposed_CA_CNN_RNND,5846,0.29947466775774956,0.25169186294078827,0.04778280155733228,
0,260816,matched,MATCHED_Impulsive,Proposed_CA_CNN_RNND,5847,0.4101993665099144,0.33772777765989304,0.07247159164398909,
0,260816,matched,MATCHED_Impulsive,Proposed_CA_CNN_RNND,5848,0.38857387378811836,0.3178996331989765,0.07067424291744828,
0,260816,matched,MATCHED_Impulsive,Proposed_CA_CNN_RNND,5849,0.4861704558134079,0.39046959578990936,0.09570086374878883,
0,260816,matched,MATCHED_Impulsive,Proposed_CA_CNN_RNND,5850,0.4133910611271858,0.3394872471690178,0.07390380650758743,
0,260816,matched,MATCHED_Impulsive,Proposed_CA_CNN_RNND,5851,0.35967206209897995,0.2969902902841568,0.0626817736774683,
0,260816,matched,MATCHED_Impulsive,Proposed_CA_CNN_RNND,5852,0.42414940521121025,0.3432835377752781,0.08086588466539979,
0,260816,matched,MATCHED_Impulsive,Proposed_CA_CNN_RNND,5853,0.32191528379917145,0.27651724219322205,0.0453980378806591,
0,260816,matched,MATCHED_Impulsive,Proposed_CA_CNN_RNND,5854,0.4172178544104099,0.34280843287706375,0.0744094206020236,
0,260816,matched,MATCHED_Impulsive,Proposed_CA_CNN_RNND,5855,0.4131005145609379,0.33594541624188423,0.07715509925037622,
0,260816,matched,MATCHED_Impulsive,Proposed_CA_CNN_RNND,5856,0.30934739112854004,0.2601229399442673,0.04922445444390178,
0,260816,matched,MATCHED_Impulsive,Proposed_CA_CNN_RNND,5857,0.48760558664798737,0.3933238983154297,0.09428168088197708,
0,260816,matched,MATCHED_Impulsive,Proposed_CA_CNN_RNND,5858,0.45354193076491356,0.3679692670702934,0.08557265717536211,
0,260816,matched,MATCHED_Impulsive,Proposed_CA_CNN_RNND,5859,0.3771541938185692,0.3077739365398884,0.06938025448471308,
0,260816,matched,MATCHED_Impulsive,Proposed_CA_CNN_RNND,5860,0.3035081811249256,0.258423775434494,0.04508440103381872,
0,260816,matched,MATCHED_Impulsive,Proposed_CA_CNN_RNND,5861,0.263689611107111,0.2308538295328617,0.0328357822727412,
0,260816,matched,MATCHED_Impulsive,Proposed_CA_CNN_RNND,5862,0.25375504046678543,0.2217763550579548,0.031978691928088665,
0,260816,matched,MATCHED_Impulsive,Proposed_CA_CNN_RNND,5863,0.5177441090345383,0.41590017080307007,0.1018439345061779,
0,260816,matched,MATCHED_Impulsive,Proposed_CA_CNN_RNND,5864,0.30972426012158394,0.2642178013920784,0.04550646431744099,
0,260816,matched,MATCHED_Impulsive,Proposed_CA_CNN_RNND,5865,0.3404294028878212,0.28750504925847054,0.052924356423318386,
0,260816,matched,MATCHED_Impulsive,Proposed_CA_CNN_RNND,5866,0.29041652381420135,0.2511543966829777,0.03926213667728007,
0,260816,matched,MATCHED_Impulsive,Proposed_CA_CNN_RNND,5867,0.3813096582889557,0.31339987739920616,0.06790979765355587,
0,260816,matched,MATCHED_Impulsive,Proposed_CA_CNN_RNND,5868,0.3261233866214752,0.2738155797123909,0.05230780551210046,
0,260816,matched,MATCHED_Impulsive,Proposed_CA_CNN_RNND,5869,0.4529956057667732,0.3675200194120407,0.08547558169811964,
0,260816,matched,MATCHED_Impulsive,Proposed_CA_CNN_RNND,5870,0.3014615587890148,0.25115300714969635,0.050308545120060444,
0,260816,matched,MATCHED_Impulsive,Proposed_CA_CNN_RNND,5871,0.4659706950187683,0.37168659269809723,0.09428410697728395,
0,260816,matched,MATCHED_Impulsive,Proposed_CA_CNN_RNND,5872,0.34594083577394485,0.28736283630132675,0.058577999006956816,
0,260816,matched,MATCHED_Impulsive,Proposed_CA_CNN_RNND,5873,0.4080082103610039,0.33641985058784485,0.07158835232257843,
0,260816,matched,MATCHED_Impulsive,Proposed_CA_CNN_RNND,5874,0.3531617671251297,0.29597586765885353,0.05718589760363102,
0,260816,matched,MATCHED_Impulsive,Proposed_CA_CNN_RNND,5875,0.3595692291855812,0.3031696453690529,0.056399579625576735,
0,260816,matched,MATCHED_Impulsive,Proposed_CA_CNN_RNND,5876,0.31336645036935806,0.27383116260170937,0.03953528590500355,
0,260816,matched,MATCHED_Impulsive,Proposed_CA_CNN_RNND,5877,0.4049311652779579,0.3343078941106796,0.07062326464802027,
0,260816,matched,MATCHED_Impulsive,Proposed_CA_CNN_RNND,5878,0.4463411718606949,0.36001306027173996,0.08632810041308403,
0,260816,matched,MATCHED_Impulsive,Proposed_CA_CNN_RNND,5879,0.47273849695920944,0.3830137550830841,0.08972475212067366,
0,260816,matched,MATCHED_Impulsive,Proposed_CA_CNN_RNND,5880,0.42216432839632034,0.34220510721206665,0.07995922304689884,
0,260816,matched,MATCHED_Impulsive,Proposed_CA_CNN_RNND,5881,0.42179394140839577,0.345613244920969,0.07618069276213646,
0,260816,matched,MATCHED_Impulsive,Proposed_CA_CNN_RNND,5882,0.3913680240511894,0.32678842544555664,0.06457960326224566,
0,260816,matched,MATCHED_Impulsive,Proposed_CA_CNN_RNND,5883,0.23070967942476273,0.19798792526125908,0.032721752766519785,
0,260816,matched,MATCHED_Impulsive,Proposed_CA_CNN_RNND,5884,0.41019976511597633,0.33111491799354553,0.07908485177904367,
0,260816,matched,MATCHED_Impulsive,Proposed_CA_CNN_RNND,5885,0.37376926094293594,0.31234052777290344,0.06142873503267765,
0,260816,matched,MATCHED_Impulsive,Proposed_CA_CNN_RNND,5886,0.16956263780593872,0.1547386646270752,0.014823970152065158,
0,260816,matched,MATCHED_Impulsive,Proposed_CA_CNN_RNND,5887,0.3992377109825611,0.32714224606752396,0.07209546491503716,
0,260816,matched,MATCHED_Impulsive,Proposed_CA_CNN_RNND,5888,0.4649405851960182,0.3759978488087654,0.08894273918122053,
0,260816,matched,MATCHED_Impulsive,Proposed_CA_CNN_RNND,5889,0.41950489208102226,0.3392709642648697,0.08023392502218485,
0,260816,matched,MATCHED_Impulsive,Proposed_CA_CNN_RNND,5890,0.5273508280515671,0.41890665888786316,0.10844418965280056,
0,260816,matched,MATCHED_Impulsive,Proposed_CA_CNN_RNND,5891,0.32827549427747726,0.265765193849802,0.06251029041595757,
0,260816,matched,MATCHED_Impulsive,Proposed_CA_CNN_RNND,5892,0.34836502373218536,0.29263995587825775,0.05572506692260504,
0,260816,matched,MATCHED_Impulsive,Proposed_CA_CNN_RNND,5893,0.37756775319576263,0.3081258088350296,0.06944194808602333,
0,260816,matched,MATCHED_Impulsive,Proposed_CA_CNN_RNND,5894,0.3309938758611679,0.2745213732123375,0.05647249799221754,
0,260816,matched,MATCHED_Impulsive,Proposed_CA_CNN_RNND,5895,0.6331983953714371,0.4978472962975502,0.13535110652446747,
0,260816,matched,MATCHED_Impulsive,Proposed_CA_CNN_RNND,5896,0.4055793136358261,0.3351227268576622,0.07045659050345421,
0,260816,matched,MATCHED_Impulsive,Proposed_CA_CNN_RNND,5897,0.5197498872876167,0.41670046001672745,0.10304942540824413,
0,260816,matched,MATCHED_Impulsive,Proposed_CA_CNN_RNND,5898,0.3362027034163475,0.28578685224056244,0.05041585583239794,
0,260816,matched,MATCHED_Impulsive,Proposed_CA_CNN_RNND,5899,0.3980094827711582,0.329473651945591,0.06853582430630922,
0,260816,matched,MATCHED_Impulsive,Proposed_CA_CNN_RNND,5900,0.3338443227112293,0.27941352874040604,0.054430799558758736,
0,260816,matched,MATCHED_Impulsive,Proposed_CA_CNN_RNND,5901,0.2815491557121277,0.24112222716212273,0.04042693227529526,
0,260816,matched,MATCHED_Impulsive,Proposed_CA_CNN_RNND,5902,0.3676738552749157,0.30337004363536835,0.06430380512028933,
0,260816,matched,MATCHED_Impulsive,Proposed_CA_CNN_RNND,5903,0.423230804502964,0.34997081756591797,0.07325999438762665,
0,260816,matched,MATCHED_Impulsive,Proposed_CA_CNN_RNND,5904,0.34173596650362015,0.28612492233514786,0.05561103764921427,
0,260816,matched,MATCHED_Impulsive,Proposed_CA_CNN_RNND,5905,0.33776070550084114,0.28068607673048973,0.05707464087754488,
0,260816,matched,MATCHED_Impulsive,Proposed_CA_CNN_RNND,5906,0.3446044288575649,0.2874799370765686,0.05712449783459306,
0,260816,matched,MATCHED_Impulsive,Proposed_CA_CNN_RNND,5907,0.4010075330734253,0.3310655802488327,0.0699419598095119,
0,260816,matched,MATCHED_Impulsive,Proposed_CA_CNN_RNND,5908,0.4562028907239437,0.37013886496424675,0.08606402482837439,
0,260816,matched,MATCHED_Impulsive,Proposed_CA_CNN_RNND,5909,0.42157505080103874,0.345893032848835,0.07568201888352633,
0,260816,matched,MATCHED_Impulsive,Proposed_CA_CNN_RNND,5910,0.4341089576482773,0.3560417518019676,0.07806720305234194,
0,260816,matched,MATCHED_Impulsive,Proposed_CA_CNN_RNND,5911,0.36507994681596756,0.3053116425871849,0.05976830516010523,
0,260816,matched,MATCHED_Impulsive,Proposed_CA_CNN_RNND,5912,0.41407937183976173,0.3378494530916214,0.07622991525568068,
0,260816,matched,MATCHED_Impulsive,Proposed_CA_CNN_RNND,5913,0.33719154074788094,0.27925223484635353,0.05793930764775723,
0,260816,matched,MATCHED_Impulsive,Proposed_CA_CNN_RNND,5914,0.5664501190185547,0.4473728686571121,0.11907723546028137,
0,260816,matched,MATCHED_Impulsive,Proposed_CA_CNN_RNND,5915,0.3900968134403229,0.326922707259655,0.0631741089746356,
0,260816,matched,MATCHED_Impulsive,Proposed_CA_CNN_RNND,5916,0.3605462275445461,0.2944459170103073,0.06610032264143229,
0,260816,matched,MATCHED_Impulsive,Proposed_CA_CNN_RNND,5917,0.25787253491580486,0.22337636724114418,0.034496164647862315,
0,260816,matched,MATCHED_Impulsive,Proposed_CA_CNN_RNND,5918,0.40905218571424484,0.3408457078039646,0.0682064713910222,
0,260816,matched,MATCHED_Impulsive,Proposed_CA_CNN_RNND,5919,0.4881732389330864,0.39502783864736557,0.09314539656043053,
0,260816,matched,MATCHED_Impulsive,Proposed_CA_CNN_RNND,5920,0.3723186329007149,0.3102094791829586,0.06210915185511112,
0,260816,matched,MATCHED_Impulsive,Proposed_CA_CNN_RNND,5921,0.3430703729391098,0.2860778607428074,0.05699250614270568,
0,260816,matched,MATCHED_Impulsive,Proposed_CA_CNN_RNND,5922,0.44330237060785294,0.3632243275642395,0.08007804304361343,
0,260816,matched,MATCHED_Impulsive,Proposed_CA_CNN_RNND,5923,0.3526514992117882,0.29535285010933876,0.0572986607439816,
0,260816,matched,MATCHED_Impulsive,Proposed_CA_CNN_RNND,5924,0.3918900340795517,0.32220350205898285,0.06968654226511717,
0,260816,matched,MATCHED_Impulsive,Proposed_CA_CNN_RNND,5925,0.4037974923849106,0.3259931765496731,0.07780431676656008,
0,260816,matched,MATCHED_Impulsive,Proposed_CA_CNN_RNND,5926,0.2751184515655041,0.2362036146223545,0.038914832985028625,
0,260816,matched,MATCHED_Impulsive,Proposed_CA_CNN_RNND,5927,0.29952990263700485,0.2540351115167141,0.04549479437991977,
0,260816,matched,MATCHED_Impulsive,Proposed_CA_CNN_RNND,5928,0.4290463551878929,0.35480739921331406,0.07423895411193371,
0,260816,matched,MATCHED_Impulsive,Proposed_CA_CNN_RNND,5929,0.4212685823440552,0.34287042170763016,0.07839816156774759,
0,260816,matched,MATCHED_Impulsive,Proposed_CA_CNN_RNND,5930,0.33289361372590065,0.27960021793842316,0.053293390199542046,
0,260816,matched,MATCHED_Impulsive,Proposed_CA_CNN_RNND,5931,0.39517250284552574,0.32177967205643654,0.0733928345143795,
0,260816,matched,MATCHED_Impulsive,Proposed_CA_CNN_RNND,5932,0.4294039458036423,0.34491898864507675,0.08448496088385582,
0,260816,matched,MATCHED_Impulsive,Proposed_CA_CNN_RNND,5933,0.38475027307868004,0.32157833874225616,0.06317193619906902,
0,260816,matched,MATCHED_Impulsive,Proposed_CA_CNN_RNND,5934,0.43580103665590286,0.35596630722284317,0.07983473502099514,
0,260816,matched,MATCHED_Impulsive,Proposed_CA_CNN_RNND,5935,0.4057736247777939,0.33372705429792404,0.07204656302928925,
0,260816,matched,MATCHED_Impulsive,Proposed_CA_CNN_RNND,5936,0.39260605350136757,0.3247622922062874,0.06784376781433821,
0,260816,matched,MATCHED_Impulsive,Proposed_CA_CNN_RNND,5937,0.27865704894065857,0.23983828350901604,0.03881876356899738,
0,260816,matched,MATCHED_Impulsive,Proposed_CA_CNN_RNND,5938,0.3211192488670349,0.27065471932291985,0.050464531406760216,
0,260816,matched,MATCHED_Impulsive,Proposed_CA_CNN_RNND,5939,0.360772754997015,0.29540156573057175,0.0653711874037981,
0,260816,matched,MATCHED_Impulsive,Proposed_CA_CNN_RNND,5940,0.37512103095650673,0.3090520389378071,0.06606899295002222,
0,260816,matched,MATCHED_Impulsive,Proposed_CA_CNN_RNND,5941,0.4102563410997391,0.3288435861468315,0.08141275774687529,
0,260816,matched,MATCHED_Impulsive,Proposed_CA_CNN_RNND,5942,0.2600044794380665,0.22627680376172066,0.03372767707332969,
0,260816,matched,MATCHED_Impulsive,Proposed_CA_CNN_RNND,5943,0.3845134675502777,0.31988123059272766,0.0646322388201952,
0,260816,matched,MATCHED_Impulsive,Proposed_CA_CNN_RNND,5944,0.2699981890618801,0.23320674523711205,0.03679144801571965,
0,260816,matched,MATCHED_Impulsive,Proposed_CA_CNN_RNND,5945,0.3054928593337536,0.26019831746816635,0.04529454093426466,
0,260816,matched,MATCHED_Impulsive,Proposed_CA_CNN_RNND,5946,0.34766484051942825,0.29089153930544853,0.05677330493927002,
0,260816,matched,MATCHED_Impulsive,Proposed_CA_CNN_RNND,5947,0.3634256310760975,0.2988206371665001,0.06460498878732324,
0,260816,matched,MATCHED_Impulsive,Proposed_CA_CNN_RNND,5948,0.21297656372189522,0.18748489767313004,0.025491667445749044,
0,260816,matched,MATCHED_Impulsive,Proposed_CA_CNN_RNND,5949,0.25800035893917084,0.2229679748415947,0.035032383631914854,
0,260816,matched,MATCHED_Impulsive,Proposed_CA_CNN_RNND,5950,0.4751118794083595,0.37991833314299583,0.09519356302917004,
0,260816,matched,MATCHED_Impulsive,Proposed_CA_CNN_RNND,5951,0.3611966371536255,0.3066869154572487,0.0545097179710865,
0,260816,matched,MATCHED_Impulsive,Proposed_CA_CNN_RNND,5952,0.35817407071590424,0.2953459322452545,0.06282813288271427,
0,260816,matched,MATCHED_Impulsive,Proposed_CA_CNN_RNND,5953,0.45471980422735214,0.37121060490608215,0.08350919838994741,
0,260816,matched,MATCHED_Impulsive,Proposed_CA_CNN_RNND,5954,0.2903916649520397,0.24600158259272575,0.044390084221959114,
0,260816,matched,MATCHED_Impulsive,Proposed_CA_CNN_RNND,5955,0.4110291637480259,0.33820969611406326,0.07281946134753525,
0,260816,matched,MATCHED_Impulsive,Proposed_CA_CNN_RNND,5956,0.4719715937972069,0.38768240809440613,0.08428919152356684,
0,260816,matched,MATCHED_Impulsive,Proposed_CA_CNN_RNND,5957,0.4063635319471359,0.33326907083392143,0.07309445925056934,
0,260816,matched,MATCHED_Impulsive,Proposed_CA_CNN_RNND,5958,0.3448549546301365,0.2867183946073055,0.05813656188547611,
0,260816,matched,MATCHED_Impulsive,Proposed_CA_CNN_RNND,5959,0.33289987221360207,0.2767432853579521,0.05615659058094025,
0,260816,matched,MATCHED_Impulsive,Proposed_CA_CNN_RNND,5960,0.3889463320374489,0.32212962955236435,0.06681670155376196,
0,260816,matched,MATCHED_Impulsive,Proposed_CA_CNN_RNND,5961,0.3396141529083252,0.28855008259415627,0.051064076367765665,
0,260816,matched,MATCHED_Impulsive,Proposed_CA_CNN_RNND,5962,0.45224570482969284,0.37187688052654266,0.08036881894804537,
0,260816,matched,MATCHED_Impulsive,Proposed_CA_CNN_RNND,5963,0.31345608830451965,0.27390600740909576,0.0395500841550529,
0,260816,matched,MATCHED_Impulsive,Proposed_CA_CNN_RNND,5964,0.4880978390574455,0.3965112939476967,0.09158655442297459,
0,260816,matched,MATCHED_Impulsive,Proposed_CA_CNN_RNND,5965,0.3183397501707077,0.2692340426146984,0.04910570150241256,
0,260816,matched,MATCHED_Impulsive,Proposed_CA_CNN_RNND,5966,0.3955834023654461,0.3248063810169697,0.07077700970694423,
0,260816,matched,MATCHED_Impulsive,Proposed_CA_CNN_RNND,5967,0.24752653390169144,0.21238233894109726,0.03514419076964259,
0,260816,matched,MATCHED_Impulsive,Proposed_CA_CNN_RNND,5968,0.32647689431905746,0.27262289822101593,0.053853994235396385,
0,260816,matched,MATCHED_Impulsive,Proposed_CA_CNN_RNND,5969,0.36510132253170013,0.30077045410871506,0.06433086656033993,
0,260816,matched,MATCHED_Impulsive,Proposed_CA_CNN_RNND,5970,0.5557999387383461,0.440425306558609,0.11537463031709194,
0,260816,matched,MATCHED_Impulsive,Proposed_CA_CNN_RNND,5971,0.2278091236948967,0.19933874532580376,0.02847037767060101,
0,260816,matched,MATCHED_Impulsive,Proposed_CA_CNN_RNND,5972,0.41565822064876556,0.33841124176979065,0.07724696956574917,
0,260816,matched,MATCHED_Impulsive,Proposed_CA_CNN_RNND,5973,0.4350225664675236,0.3558812439441681,0.07914132624864578,
0,260816,matched,MATCHED_Impulsive,Proposed_CA_CNN_RNND,5974,0.36722778528928757,0.29904908686876297,0.06817870121449232,
0,260816,matched,MATCHED_Impulsive,Proposed_CA_CNN_RNND,5975,0.4080185741186142,0.33656078949570656,0.07145778089761734,
0,260816,matched,MATCHED_Impulsive,Proposed_CA_CNN_RNND,5976,0.44181863963603973,0.3626846596598625,0.07913398556411266,
0,260816,matched,MATCHED_Impulsive,Proposed_CA_CNN_RNND,5977,0.34795084595680237,0.28768711164593697,0.0602637380361557,
0,260816,matched,MATCHED_Impulsive,Proposed_CA_CNN_RNND,5978,0.36080773919820786,0.30327045172452927,0.05753729399293661,
0,260816,matched,MATCHED_Impulsive,Proposed_CA_CNN_RNND,5979,0.3624827042222023,0.2984924577176571,0.06399025022983551,
0,260816,matched,MATCHED_Impulsive,Proposed_CA_CNN_RNND,5980,0.3341771550476551,0.2811225615441799,0.053054592572152615,
0,260816,matched,MATCHED_Impulsive,Proposed_CA_CNN_RNND,5981,0.3019120767712593,0.25600432977080345,0.04590774793177843,
0,260816,matched,MATCHED_Impulsive,Proposed_CA_CNN_RNND,5982,0.4163930341601372,0.33601756021380424,0.08037546905688941,
0,260816,matched,MATCHED_Impulsive,Proposed_CA_CNN_RNND,5983,0.3875308595597744,0.3132263794541359,0.07430447731167078,
0,260816,matched,MATCHED_Impulsive,Proposed_CA_CNN_RNND,5984,0.449065238237381,0.3679260313510895,0.0811392180621624,
0,260816,matched,MATCHED_Impulsive,Proposed_CA_CNN_RNND,5985,0.23142067342996597,0.20144394785165787,0.029976729303598404,
0,260816,matched,MATCHED_Impulsive,Proposed_CA_CNN_RNND,5986,0.5260119959712029,0.42242368310689926,0.10358832404017448,
0,260816,matched,MATCHED_Impulsive,Proposed_CA_CNN_RNND,5987,0.46852199733257294,0.38323134183883667,0.0852906508371234,
0,260816,matched,MATCHED_Impulsive,Proposed_CA_CNN_RNND,5988,0.39124544709920883,0.3221186548471451,0.0691267978399992,
0,260816,matched,MATCHED_Impulsive,Proposed_CA_CNN_RNND,5989,0.26827990263700485,0.23827524483203888,0.030004658736288548,
0,260816,matched,MATCHED_Impulsive,Proposed_CA_CNN_RNND,5990,0.34666580706834793,0.28582771122455597,0.060838096775114536,
0,260816,matched,MATCHED_Impulsive,Proposed_CA_CNN_RNND,5991,0.41361910104751587,0.3378644287586212,0.0757546741515398,
0,260816,matched,MATCHED_Impulsive,Proposed_CA_CNN_RNND,5992,0.3262481912970543,0.27345162630081177,0.052796563133597374,
0,260816,matched,MATCHED_Impulsive,Proposed_CA_CNN_RNND,5993,0.29509126394987106,0.24350371211767197,0.051587553694844246,
0,260816,matched,MATCHED_Impulsive,Proposed_CA_CNN_RNND,5994,0.4310821071267128,0.34994275122880936,0.08113935217261314,
0,260816,matched,MATCHED_Impulsive,Proposed_CA_CNN_RNND,5995,0.3766738437116146,0.31190257519483566,0.06477126525714993,
0,260816,matched,MATCHED_Impulsive,Proposed_CA_CNN_RNND,5996,0.2735655605792999,0.2328612506389618,0.04070431087166071,
0,260816,matched,MATCHED_Impulsive,Proposed_CA_CNN_RNND,5997,0.3760268837213516,0.3084743283689022,0.06755256094038486,
0,260816,matched,MATCHED_Impulsive,Proposed_CA_CNN_RNND,5998,0.3286922387778759,0.2779749594628811,0.05071728117763996,
0,260816,matched,MATCHED_Impulsive,Proposed_CA_CNN_RNND,5999,0.2977869398891926,0.25713447481393814,0.040652462281286716,
0,260816,matched,MATCHED_Impulsive,Proposed_CA_CNN_RNND,6000,0.4682315066456795,0.38838645815849304,0.07984503731131554,-1.0682167436025833
0,260816,matched,MATCHED_Impulsive,Proposed_CA_CNN_RNND,6001,0.44112778827548027,0.3599771410226822,0.08115064911544323,
0,260816,matched,MATCHED_Impulsive,Proposed_CA_CNN_RNND,6002,0.3402475640177727,0.2794424295425415,0.06080512562766671,
0,260816,matched,MATCHED_Impulsive,Proposed_CA_CNN_RNND,6003,0.37463393062353134,0.3145051524043083,0.06012878054752946,
0,260816,matched,MATCHED_Impulsive,Proposed_CA_CNN_RNND,6004,0.22355395555496216,0.196603674441576,0.026950280647724867,
0,260816,matched,MATCHED_Impulsive,Proposed_CA_CNN_RNND,6005,0.39218422770500183,0.32614096626639366,0.06604325398802757,
0,260816,matched,MATCHED_Impulsive,Proposed_CA_CNN_RNND,6006,0.42672597616910934,0.3566548526287079,0.07007112540304661,
0,260816,matched,MATCHED_Impulsive,Proposed_CA_CNN_RNND,6007,0.47158586233854294,0.3817444145679474,0.08984144125133753,
0,260816,matched,MATCHED_Impulsive,Proposed_CA_CNN_RNND,6008,0.37345074862241745,0.30361829698085785,0.06983246328309178,
0,260816,matched,MATCHED_Impulsive,Proposed_CA_CNN_RNND,6009,0.4122970439493656,0.3397357314825058,0.07256130501627922,
0,260816,matched,MATCHED_Impulsive,Proposed_CA_CNN_RNND,6010,0.44284362718462944,0.36700602248311043,0.07583759585395455,
0,260816,matched,MATCHED_Impulsive,Proposed_CA_CNN_RNND,6011,0.428664967417717,0.35485442727804184,0.07381053362041712,
0,260816,matched,MATCHED_Impulsive,Proposed_CA_CNN_RNND,6012,0.28571074828505516,0.24375427514314651,0.04195647034794092,
0,260816,matched,MATCHED_Impulsive,Proposed_CA_CNN_RNND,6013,0.3233342915773392,0.27258458361029625,0.0507497051730752,
0,260816,matched,MATCHED_Impulsive,Proposed_CA_CNN_RNND,6014,0.36704590916633606,0.3024972639977932,0.06454865541309118,
0,260816,matched,MATCHED_Impulsive,Proposed_CA_CNN_RNND,6015,0.414174921810627,0.33911051601171494,0.07506440044380724,
0,260816,matched,MATCHED_Impulsive,Proposed_CA_CNN_RNND,6016,0.31474828347563744,0.27040284499526024,0.044345433823764324,
0,260816,matched,MATCHED_Impulsive,Proposed_CA_CNN_RNND,6017,0.4953949972987175,0.3999067470431328,0.09548823721706867,
0,260816,matched,MATCHED_Impulsive,Proposed_CA_CNN_RNND,6018,0.2718077674508095,0.2337397038936615,0.03806806914508343,
0,260816,matched,MATCHED_Impulsive,Proposed_CA_CNN_RNND,6019,0.3123450502753258,0.26383719220757484,0.04850785620510578,
0,260816,matched,MATCHED_Impulsive,Proposed_CA_CNN_RNND,6020,0.29996921494603157,0.2533923611044884,0.04657685570418835,
0,260816,matched,MATCHED_Impulsive,Proposed_CA_CNN_RNND,6021,0.3694102168083191,0.3034101724624634,0.06600003782659769,
0,260816,matched,MATCHED_Impulsive,Proposed_CA_CNN_RNND,6022,0.3205688036978245,0.2695559114217758,0.051012884359806776,
0,260816,matched,MATCHED_Impulsive,Proposed_CA_CNN_RNND,6023,0.38580209761857986,0.32357606291770935,0.0622260314412415,
0,260816,matched,MATCHED_Impulsive,Proposed_CA_CNN_RNND,6024,0.29257842898368835,0.24991097673773766,0.04266744572669268,
0,260816,matched,MATCHED_Impulsive,Proposed_CA_CNN_RNND,6025,0.3657340481877327,0.3002636767923832,0.06547036301344633,
0,260816,matched,MATCHED_Impulsive,Proposed_CA_CNN_RNND,6026,0.5014298483729362,0.4027102328836918,0.09871962293982506,
0,260816,matched,MATCHED_Impulsive,Proposed_CA_CNN_RNND,6027,0.5260967090725899,0.4223010614514351,0.10379564855247736,
0,260816,matched,MATCHED_Impulsive,Proposed_CA_CNN_RNND,6028,0.3972613699734211,0.3275172673165798,0.06974410603288561,
0,260816,matched,MATCHED_Impulsive,Proposed_CA_CNN_RNND,6029,0.3217451050877571,0.26512865349650383,0.05661645671352744,
0,260816,matched,MATCHED_Impulsive,Proposed_CA_CNN_RNND,6030,0.5097775980830193,0.4075621962547302,0.10221539717167616,
0,260816,matched,MATCHED_Impulsive,Proposed_CA_CNN_RNND,6031,0.4186951592564583,0.339516319334507,0.07917884644120932,
0,260816,matched,MATCHED_Impulsive,Proposed_CA_CNN_RNND,6032,0.30037936195731163,0.25600191205739975,0.0443774382583797,
0,260816,matched,MATCHED_Impulsive,Proposed_CA_CNN_RNND,6033,0.3654717952013016,0.30639493465423584,0.05907686427235603,
0,260816,matched,MATCHED_Impulsive,Proposed_CA_CNN_RNND,6034,0.49269308894872665,0.4007716290652752,0.09192145522683859,
0,260816,matched,MATCHED_Impulsive,Proposed_CA_CNN_RNND,6035,0.40711360424757004,0.3363383039832115,0.07077530678361654,
0,260816,matched,MATCHED_Impulsive,Proposed_CA_CNN_RNND,6036,0.3469194732606411,0.2901611886918545,0.05675827991217375,
0,260816,matched,MATCHED_Impulsive,Proposed_CA_CNN_RNND,6037,0.24346337467432022,0.21594369783997536,0.02751967776566744,
0,260816,matched,MATCHED_Impulsive,Proposed_CA_CNN_RNND,6038,0.5168804228305817,0.41660256683826447,0.1002778671681881,
0,260816,matched,MATCHED_Impulsive,Proposed_CA_CNN_RNND,6039,0.45086197555065155,0.37093735486268997,0.07992461929097772,
0,260816,matched,MATCHED_Impulsive,Proposed_CA_CNN_RNND,6040,0.40363726764917374,0.3447239249944687,0.05891333892941475,
0,260816,matched,MATCHED_Impulsive,Proposed_CA_CNN_RNND,6041,0.33217552676796913,0.2806074135005474,0.05156811187043786,
0,260816,matched,MATCHED_Impulsive,Proposed_CA_CNN_RNND,6042,0.29971519485116005,0.25794031098484993,0.04177488456480205,
0,260816,matched,MATCHED_Impulsive,Proposed_CA_CNN_RNND,6043,0.31585394963622093,0.27057305350899696,0.045280901715159416,
0,260816,matched,MATCHED_Impulsive,Proposed_CA_CNN_RNND,6044,0.27736302465200424,0.2398560307919979,0.03750699199736118,
0,260816,matched,MATCHED_Impulsive,Proposed_CA_CNN_RNND,6045,0.5272339060902596,0.41993990540504456,0.10729401558637619,
0,260816,matched,MATCHED_Impulsive,Proposed_CA_CNN_RNND,6046,0.3106093183159828,0.263366274535656,0.04724304750561714,
0,260816,matched,MATCHED_Impulsive,Proposed_CA_CNN_RNND,6047,0.4170612655580044,0.34352362528443336,0.07353764865547419,
0,260816,matched,MATCHED_Impulsive,Proposed_CA_CNN_RNND,6048,0.4573380835354328,0.36784182488918304,0.08949624910019338,
0,260816,matched,MATCHED_Impulsive,Proposed_CA_CNN_RNND,6049,0.4800308048725128,0.38521936535835266,0.09481144230812788,
0,260816,matched,MATCHED_Impulsive,Proposed_CA_CNN_RNND,6050,0.48770881444215775,0.393486425280571,0.09422239335253835,
0,260816,matched,MATCHED_Impulsive,Proposed_CA_CNN_RNND,6051,0.4134974405169487,0.34240827336907387,0.07108916155993938,
0,260816,matched,MATCHED_Impulsive,Proposed_CA_CNN_RNND,6052,0.32095199823379517,0.2692827135324478,0.05166929215192795,
0,260816,matched,MATCHED_Impulsive,Proposed_CA_CNN_RNND,6053,0.35434461012482643,0.293924193829298,0.060420417226850986,
0,260816,matched,MATCHED_Impulsive,Proposed_CA_CNN_RNND,6054,0.3842597082257271,0.31410570442676544,0.07015400566160679,
0,260816,matched,MATCHED_Impulsive,Proposed_CA_CNN_RNND,6055,0.32805634289979935,0.2735689841210842,0.054487362736836076,
0,260816,matched,MATCHED_Impulsive,Proposed_CA_CNN_RNND,6056,0.33533354103565216,0.2778819613158703,0.057451577857136726,
0,260816,matched,MATCHED_Impulsive,Proposed_CA_CNN_RNND,6057,0.4463143050670624,0.3650684133172035,0.08124587684869766,
0,260816,matched,MATCHED_Impulsive,Proposed_CA_CNN_RNND,6058,0.4646516367793083,0.37984033674001694,0.08481130376458168,
0,260816,matched,MATCHED_Impulsive,Proposed_CA_CNN_RNND,6059,0.4761049672961235,0.39811742305755615,0.07798754144459963,
0,260816,matched,MATCHED_Impulsive,Proposed_CA_CNN_RNND,6060,0.2842138037085533,0.2505519762635231,0.03366183512844145,
0,260816,matched,MATCHED_Impulsive,Proposed_CA_CNN_RNND,6061,0.44440989196300507,0.3611246757209301,0.08328521624207497,
0,260816,matched,MATCHED_Impulsive,Proposed_CA_CNN_RNND,6062,0.28622275590896606,0.24474286660552025,0.04147989256307483,
0,260816,matched,MATCHED_Impulsive,Proposed_CA_CNN_RNND,6063,0.38896147906780243,0.32431306317448616,0.06464842613786459,
0,260816,matched,MATCHED_Impulsive,Proposed_CA_CNN_RNND,6064,0.40602410584688187,0.32867638021707535,0.0773477228358388,
0,260816,matched,MATCHED_Impulsive,Proposed_CA_CNN_RNND,6065,0.3897137865424156,0.3133603297173977,0.07635345123708248,
0,260816,matched,MATCHED_Impulsive,Proposed_CA_CNN_RNND,6066,0.2967389486730099,0.25457528233528137,0.042163674370385706,
0,260816,matched,MATCHED_Impulsive,Proposed_CA_CNN_RNND,6067,0.42593300342559814,0.3474929481744766,0.07844005152583122,
0,260816,matched,MATCHED_Impulsive,Proposed_CA_CNN_RNND,6068,0.32218001037836075,0.2679845541715622,0.05419545155018568,
0,260816,matched,MATCHED_Impulsive,Proposed_CA_CNN_RNND,6069,0.36734548956155777,0.3069849796593189,0.06036049872636795,
0,260816,matched,MATCHED_Impulsive,Proposed_CA_CNN_RNND,6070,0.2989816963672638,0.2532377876341343,0.0457439124584198,
0,260816,matched,MATCHED_Impulsive,Proposed_CA_CNN_RNND,6071,0.48796942830085754,0.39582762867212296,0.09214179683476686,
0,260816,matched,MATCHED_Impulsive,Proposed_CA_CNN_RNND,6072,0.3476804867386818,0.29536592215299606,0.05231455899775028,
0,260816,matched,MATCHED_Impulsive,Proposed_CA_CNN_RNND,6073,0.2831483855843544,0.23918305709958076,0.043965324060991406,
0,260816,matched,MATCHED_Impulsive,Proposed_CA_CNN_RNND,6074,0.4004698731005192,0.3290490508079529,0.07142081623896956,
0,260816,matched,MATCHED_Impulsive,Proposed_CA_CNN_RNND,6075,0.3219684325158596,0.2695169039070606,0.05245153000578284,
0,260816,matched,MATCHED_Impulsive,Proposed_CA_CNN_RNND,6076,0.43727968633174896,0.35098228603601456,0.0862974040210247,
0,260816,matched,MATCHED_Impulsive,Proposed_CA_CNN_RNND,6077,0.3949101194739342,0.33341536298394203,0.06149476394057274,
0,260816,matched,MATCHED_Impulsive,Proposed_CA_CNN_RNND,6078,0.3517509996891022,0.29752903804183006,0.0542219583876431,
0,260816,matched,MATCHED_Impulsive,Proposed_CA_CNN_RNND,6079,0.2643900439143181,0.23246890865266323,0.03192113433033228,
0,260816,matched,MATCHED_Impulsive,Proposed_CA_CNN_RNND,6080,0.3067495748400688,0.2562537416815758,0.050495830830186605,
0,260816,matched,MATCHED_Impulsive,Proposed_CA_CNN_RNND,6081,0.4967411831021309,0.4039209261536598,0.09282025881111622,
0,260816,matched,MATCHED_Impulsive,Proposed_CA_CNN_RNND,6082,0.3578019365668297,0.3003726974129677,0.057429239153862,
0,260816,matched,MATCHED_Impulsive,Proposed_CA_CNN_RNND,6083,0.3203216642141342,0.2725514993071556,0.04777016816660762,
0,260816,matched,MATCHED_Impulsive,Proposed_CA_CNN_RNND,6084,0.44459403306245804,0.3626245707273483,0.08196946233510971,
0,260816,matched,MATCHED_Impulsive,Proposed_CA_CNN_RNND,6085,0.5119116753339767,0.4132475256919861,0.09866416826844215,
0,260816,matched,MATCHED_Impulsive,Proposed_CA_CNN_RNND,6086,0.46587758511304855,0.38339362293481827,0.08248396683484316,
0,260816,matched,MATCHED_Impulsive,Proposed_CA_CNN_RNND,6087,0.5582544654607773,0.44489868730306625,0.11335578188300133,
0,260816,matched,MATCHED_Impulsive,Proposed_CA_CNN_RNND,6088,0.46557312458753586,0.37843989580869675,0.08713323995471,
0,260816,matched,MATCHED_Impulsive,Proposed_CA_CNN_RNND,6089,0.3459843248128891,0.2905130386352539,0.05547128804028034,
0,260816,matched,MATCHED_Impulsive,Proposed_CA_CNN_RNND,6090,0.38561197370290756,0.3232055529952049,0.062406428158283234,
0,260816,matched,MATCHED_Impulsive,Proposed_CA_CNN_RNND,6091,0.42680487781763077,0.34684865176677704,0.07995622977614403,
0,260816,matched,MATCHED_Impulsive,Proposed_CA_CNN_RNND,6092,0.36301034316420555,0.3022886775434017,0.06072166562080383,
0,260816,matched,MATCHED_Impulsive,Proposed_CA_CNN_RNND,6093,0.34638264030218124,0.2920885980129242,0.05429404927417636,
0,260816,matched,MATCHED_Impulsive,Proposed_CA_CNN_RNND,6094,0.26243893057107925,0.22905578836798668,0.03338313731364906,
0,260816,matched,MATCHED_Impulsive,Proposed_CA_CNN_RNND,6095,0.382240355014801,0.31669342517852783,0.0655469261109829,
0,260816,matched,MATCHED_Impulsive,Proposed_CA_CNN_RNND,6096,0.32231605052948,0.2708551846444607,0.0514608770608902,
0,260816,matched,MATCHED_Impulsive,Proposed_CA_CNN_RNND,6097,0.3769184798002243,0.3160553649067879,0.06086311116814613,
0,260816,matched,MATCHED_Impulsive,Proposed_CA_CNN_RNND,6098,0.22125175595283508,0.1926671788096428,0.028584583196789026,
0,260816,matched,MATCHED_Impulsive,Proposed_CA_CNN_RNND,6099,0.29959171637892723,0.24877755343914032,0.05081417225301266,
0,260816,matched,MATCHED_Impulsive,Proposed_CA_CNN_RNND,6100,0.3732106238603592,0.3048289492726326,0.06838168576359749,
0,260816,matched,MATCHED_Impulsive,Proposed_CA_CNN_RNND,6101,0.353045217692852,0.28842832148075104,0.064616902731359,
0,260816,matched,MATCHED_Impulsive,Proposed_CA_CNN_RNND,6102,0.36128800362348557,0.2989923134446144,0.06229568738490343,
0,260816,matched,MATCHED_Impulsive,Proposed_CA_CNN_RNND,6103,0.401439905166626,0.33510588854551315,0.06633402919396758,
0,260816,matched,MATCHED_Impulsive,Proposed_CA_CNN_RNND,6104,0.24733832851052284,0.21673745661973953,0.030600876081734896,
0,260816,matched,MATCHED_Impulsive,Proposed_CA_CNN_RNND,6105,0.4472793862223625,0.36024191603064537,0.08703747764229774,
0,260816,matched,MATCHED_Impulsive,Proposed_CA_CNN_RNND,6106,0.3207709342241287,0.27359291538596153,0.047178023494780064,
0,260816,matched,MATCHED_Impulsive,Proposed_CA_CNN_RNND,6107,0.3853151574730873,0.3153785578906536,0.06993659120053053,
0,260816,matched,MATCHED_Impulsive,Proposed_CA_CNN_RNND,6108,0.36973465234041214,0.30719784274697304,0.06253681378439069,
0,260816,matched,MATCHED_Impulsive,Proposed_CA_CNN_RNND,6109,0.29402846097946167,0.25121766328811646,0.04281080327928066,
0,260816,matched,MATCHED_Impulsive,Proposed_CA_CNN_RNND,6110,0.2622593529522419,0.22750083357095718,0.03475852822884917,
0,260816,matched,MATCHED_Impulsive,Proposed_CA_CNN_RNND,6111,0.4024988189339638,0.3266647234559059,0.07583409547805786,
0,260816,matched,MATCHED_Impulsive,Proposed_CA_CNN_RNND,6112,0.4469543993473053,0.3612312003970146,0.08572320081293583,
0,260816,matched,MATCHED_Impulsive,Proposed_CA_CNN_RNND,6113,0.30570442229509354,0.25521303713321686,0.05049138911999762,
0,260816,matched,MATCHED_Impulsive,Proposed_CA_CNN_RNND,6114,0.5468697920441628,0.4308686666190624,0.11600110703147948,
0,260816,matched,MATCHED_Impulsive,Proposed_CA_CNN_RNND,6115,0.42217880859971046,0.3420068323612213,0.08017197763547301,
0,260816,matched,MATCHED_Impulsive,Proposed_CA_CNN_RNND,6116,0.3949353098869324,0.3293558545410633,0.06557945348322392,
0,260816,matched,MATCHED_Impulsive,Proposed_CA_CNN_RNND,6117,0.3570532351732254,0.2913345843553543,0.0657186470925808,
0,260816,matched,MATCHED_Impulsive,Proposed_CA_CNN_RNND,6118,0.36194632202386856,0.30451200902462006,0.05743431020528078,
0,260816,matched,MATCHED_Impulsive,Proposed_CA_CNN_RNND,6119,0.4175075739622116,0.3337443135678768,0.08376326132565737,
0,260816,matched,MATCHED_Impulsive,Proposed_CA_CNN_RNND,6120,0.30545634403824806,0.2587320953607559,0.04672425705939531,
0,260816,matched,MATCHED_Impulsive,Proposed_CA_CNN_RNND,6121,0.44378481805324554,0.3639828488230705,0.07980197062715888,
0,260816,matched,MATCHED_Impulsive,Proposed_CA_CNN_RNND,6122,0.45692870765924454,0.36957307159900665,0.08735563606023788,
0,260816,matched,MATCHED_Impulsive,Proposed_CA_CNN_RNND,6123,0.39699191972613335,0.32396742701530457,0.07302449131384492,
0,260816,matched,MATCHED_Impulsive,Proposed_CA_CNN_RNND,6124,0.35737230256199837,0.2988527752459049,0.05851953011006117,
0,260816,matched,MATCHED_Impulsive,Proposed_CA_CNN_RNND,6125,0.37981780618429184,0.31456179544329643,0.06525600352324545,
0,260816,matched,MATCHED_Impulsive,Proposed_CA_CNN_RNND,6126,0.48463475704193115,0.3880840688943863,0.09655069187283516,
0,260816,matched,MATCHED_Impulsive,Proposed_CA_CNN_RNND,6127,0.6190684139728546,0.4877871572971344,0.13128126226365566,
0,260816,matched,MATCHED_Impulsive,Proposed_CA_CNN_RNND,6128,0.33118752017617226,0.27397797629237175,0.057209551334381104,
0,260816,matched,MATCHED_Impulsive,Proposed_CA_CNN_RNND,6129,0.480858962982893,0.38274895399808884,0.09811001271009445,
0,260816,matched,MATCHED_Impulsive,Proposed_CA_CNN_RNND,6130,0.37554142624139786,0.31161848083138466,0.06392294447869062,
0,260816,matched,MATCHED_Impulsive,Proposed_CA_CNN_RNND,6131,0.35103007033467293,0.28372926265001297,0.06730080535635352,
0,260816,matched,MATCHED_Impulsive,Proposed_CA_CNN_RNND,6132,0.2756162080913782,0.23684598319232464,0.038770224316976964,
0,260816,matched,MATCHED_Impulsive,Proposed_CA_CNN_RNND,6133,0.3315920829772949,0.2793484330177307,0.052243647165596485,
0,260816,matched,MATCHED_Impulsive,Proposed_CA_CNN_RNND,6134,0.418258935213089,0.34218376129865646,0.07607518136501312,
0,260816,matched,MATCHED_Impulsive,Proposed_CA_CNN_RNND,6135,0.44309674203395844,0.35913993418216705,0.08395680086687207,
0,260816,matched,MATCHED_Impulsive,Proposed_CA_CNN_RNND,6136,0.3465283736586571,0.28502655029296875,0.061501819640398026,
0,260816,matched,MATCHED_Impulsive,Proposed_CA_CNN_RNND,6137,0.3675529919564724,0.3097694292664528,0.057783559430390596,
0,260816,matched,MATCHED_Impulsive,Proposed_CA_CNN_RNND,6138,0.2879190593957901,0.24922385066747665,0.03869520500302315,
0,260816,matched,MATCHED_Impulsive,Proposed_CA_CNN_RNND,6139,0.5174461454153061,0.42086195200681686,0.09658419713377953,
0,260816,matched,MATCHED_Impulsive,Proposed_CA_CNN_RNND,6140,0.44193315505981445,0.36267904192209244,0.07925411500036716,
0,260816,matched,MATCHED_Impulsive,Proposed_CA_CNN_RNND,6141,0.3622810170054436,0.3018326163291931,0.06044840393587947,
0,260816,matched,MATCHED_Impulsive,Proposed_CA_CNN_RNND,6142,0.33874213695526123,0.2786001041531563,0.06014202535152435,
0,260816,matched,MATCHED_Impulsive,Proposed_CA_CNN_RNND,6143,0.45244114845991135,0.36871228367090225,0.0837288573384285,
0,260816,matched,MATCHED_Impulsive,Proposed_CA_CNN_RNND,6144,0.4775121994316578,0.3900572694838047,0.08745491784065962,
0,260816,matched,MATCHED_Impulsive,Proposed_CA_CNN_RNND,6145,0.29934024065732956,0.2558278515934944,0.043512389762327075,
0,260816,matched,MATCHED_Impulsive,Proposed_CA_CNN_RNND,6146,0.4830201640725136,0.39184631407260895,0.09117384720593691,
0,260816,matched,MATCHED_Impulsive,Proposed_CA_CNN_RNND,6147,0.3825434669852257,0.31553231179714203,0.0670111533254385,
0,260816,matched,MATCHED_Impulsive,Proposed_CA_CNN_RNND,6148,0.3865443430840969,0.3212869390845299,0.06525739771313965,
0,260816,matched,MATCHED_Impulsive,Proposed_CA_CNN_RNND,6149,0.25313201919198036,0.21709642931818962,0.03603559220209718,
0,260816,matched,MATCHED_Impulsive,Proposed_CA_CNN_RNND,6150,0.489789716899395,0.3979681320488453,0.09182159043848515,
0,260816,matched,MATCHED_Impulsive,Proposed_CA_CNN_RNND,6151,0.3527267947793007,0.3011772520840168,0.051549541763961315,
0,260816,matched,MATCHED_Impulsive,Proposed_CA_CNN_RNND,6152,0.28296957165002823,0.23849258199334145,0.04447698313742876,
0,260816,matched,MATCHED_Impulsive,Proposed_CA_CNN_RNND,6153,0.42458368837833405,0.3537728041410446,0.07081088982522488,
0,260816,matched,MATCHED_Impulsive,Proposed_CA_CNN_RNND,6154,0.39134764671325684,0.3250110000371933,0.06633664900436997,
0,260816,matched,MATCHED_Impulsive,Proposed_CA_CNN_RNND,6155,0.307942733168602,0.2654230035841465,0.04251973144710064,
0,260816,matched,MATCHED_Impulsive,Proposed_CA_CNN_RNND,6156,0.3839397169649601,0.3137694522738457,0.07017026282846928,
0,260816,matched,MATCHED_Impulsive,Proposed_CA_CNN_RNND,6157,0.3672604411840439,0.30425509065389633,0.06300535565242171,
0,260816,matched,MATCHED_Impulsive,Proposed_CA_CNN_RNND,6158,0.23383445665240288,0.202634759247303,0.031199701828882098,
0,260816,matched,MATCHED_Impulsive,Proposed_CA_CNN_RNND,6159,0.4809104949235916,0.38891758769750595,0.0919929095543921,
0,260816,matched,MATCHED_Impulsive,Proposed_CA_CNN_RNND,6160,0.36284468695521355,0.30704567208886147,0.0557990069501102,
0,260816,matched,MATCHED_Impulsive,Proposed_CA_CNN_RNND,6161,0.22956784069538116,0.19970457255840302,0.029863270465284586,
0,260816,matched,MATCHED_Impulsive,Proposed_CA_CNN_RNND,6162,0.39379647746682167,0.32598429173231125,0.06781218852847815,
0,260816,matched,MATCHED_Impulsive,Proposed_CA_CNN_RNND,6163,0.3985389620065689,0.3300546780228615,0.06848427467048168,
0,260816,matched,MATCHED_Impulsive,Proposed_CA_CNN_RNND,6164,0.43532222509384155,0.3573211431503296,0.07800107542425394,
0,260816,matched,MATCHED_Impulsive,Proposed_CA_CNN_RNND,6165,0.3502946086227894,0.3002600409090519,0.05003456957638264,
0,260816,matched,MATCHED_Impulsive,Proposed_CA_CNN_RNND,6166,0.3504687622189522,0.2929082550108433,0.057560513727366924,
0,260816,matched,MATCHED_Impulsive,Proposed_CA_CNN_RNND,6167,0.5222116857767105,0.41490431129932404,0.10730736865662038,
0,260816,matched,MATCHED_Impulsive,Proposed_CA_CNN_RNND,6168,0.3533348813652992,0.2893877513706684,0.06394712766632438,
0,260816,matched,MATCHED_Impulsive,Proposed_CA_CNN_RNND,6169,0.41968587040901184,0.3505898676812649,0.06909599713981152,
0,260816,matched,MATCHED_Impulsive,Proposed_CA_CNN_RNND,6170,0.28370481729507446,0.2351987436413765,0.04850607132539153,
0,260816,matched,MATCHED_Impulsive,Proposed_CA_CNN_RNND,6171,0.3284800611436367,0.2777578681707382,0.05072219716385007,
0,260816,matched,MATCHED_Impulsive,Proposed_CA_CNN_RNND,6172,0.22648342698812485,0.19821853190660477,0.02826489508152008,
0,260816,matched,MATCHED_Impulsive,Proposed_CA_CNN_RNND,6173,0.2861861288547516,0.24431146681308746,0.0418746629729867,
0,260816,matched,MATCHED_Impulsive,Proposed_CA_CNN_RNND,6174,0.34560951218008995,0.29002998024225235,0.0555795356631279,
0,260816,matched,MATCHED_Impulsive,Proposed_CA_CNN_RNND,6175,0.4525921680033207,0.3661925904452801,0.08639958361163735,
0,260816,matched,MATCHED_Impulsive,Proposed_CA_CNN_RNND,6176,0.43134094029664993,0.35446036234498024,0.07688057329505682,
0,260816,matched,MATCHED_Impulsive,Proposed_CA_CNN_RNND,6177,0.2847567982971668,0.24406228214502335,0.04069451801478863,
0,260816,matched,MATCHED_Impulsive,Proposed_CA_CNN_RNND,6178,0.36611878871917725,0.30708085745573044,0.0590379280038178,
0,260816,matched,MATCHED_Impulsive,Proposed_CA_CNN_RNND,6179,0.48294762149453163,0.38953452929854393,0.09341308660805225,
0,260816,matched,MATCHED_Impulsive,Proposed_CA_CNN_RNND,6180,0.35701389983296394,0.3012486845254898,0.05576520785689354,
0,260816,matched,MATCHED_Impulsive,Proposed_CA_CNN_RNND,6181,0.46382594108581543,0.374867744743824,0.08895819541066885,
0,260816,matched,MATCHED_Impulsive,Proposed_CA_CNN_RNND,6182,0.35598135739564896,0.30121077597141266,0.05477058561518788,
0,260816,matched,MATCHED_Impulsive,Proposed_CA_CNN_RNND,6183,0.5375118628144264,0.43439462780952454,0.10311722755432129,
0,260816,matched,MATCHED_Impulsive,Proposed_CA_CNN_RNND,6184,0.4178432673215866,0.343558132648468,0.07428513467311859,
0,260816,matched,MATCHED_Impulsive,Proposed_CA_CNN_RNND,6185,0.37548863887786865,0.3158726617693901,0.05961597617715597,
0,260816,matched,MATCHED_Impulsive,Proposed_CA_CNN_RNND,6186,0.3939003497362137,0.31840354204177856,0.07549681328237057,
0,260816,matched,MATCHED_Impulsive,Proposed_CA_CNN_RNND,6187,0.31488338485360146,0.2657772786915302,0.04910611314699054,
0,260816,matched,MATCHED_Impulsive,Proposed_CA_CNN_RNND,6188,0.27690237015485764,0.2365410290658474,0.04036134434863925,
0,260816,matched,MATCHED_Impulsive,Proposed_CA_CNN_RNND,6189,0.302585706114769,0.26466094702482224,0.0379247588571161,
0,260816,matched,MATCHED_Impulsive,Proposed_CA_CNN_RNND,6190,0.4387839287519455,0.3614708408713341,0.07731308601796627,
0,260816,matched,MATCHED_Impulsive,Proposed_CA_CNN_RNND,6191,0.32776878774166107,0.2750534825026989,0.05271529871970415,
0,260816,matched,MATCHED_Impulsive,Proposed_CA_CNN_RNND,6192,0.39611443877220154,0.3301575817167759,0.0659568589180708,
0,260816,matched,MATCHED_Impulsive,Proposed_CA_CNN_RNND,6193,0.3631398156285286,0.29699336364865303,0.06614644406363368,
0,260816,matched,MATCHED_Impulsive,Proposed_CA_CNN_RNND,6194,0.3198033794760704,0.26786233112215996,0.05194105161353946,
0,260816,matched,MATCHED_Impulsive,Proposed_CA_CNN_RNND,6195,0.5093819089233875,0.39964937791228294,0.10973254032433033,
0,260816,matched,MATCHED_Impulsive,Proposed_CA_CNN_RNND,6196,0.4005713053047657,0.3296172469854355,0.07095405412837863,
0,260816,matched,MATCHED_Impulsive,Proposed_CA_CNN_RNND,6197,0.41119595989584923,0.33594708517193794,0.07524887565523386,
0,260816,matched,MATCHED_Impulsive,Proposed_CA_CNN_RNND,6198,0.39727431535720825,0.32823730632662773,0.06903700344264507,
0,260816,matched,MATCHED_Impulsive,Proposed_CA_CNN_RNND,6199,0.5286781676113605,0.42251311987638474,0.10616504633799195,
0,260816,matched,MATCHED_Impulsive,Proposed_CA_CNN_RNND,6200,0.595036044716835,0.4674445167183876,0.12759152054786682,-1.0666442309581876
0,260816,matched,MATCHED_Impulsive,Proposed_CA_CNN_RNND,6201,0.35984988510608673,0.3039543256163597,0.05589556181803346,
0,260816,matched,MATCHED_Impulsive,Proposed_CA_CNN_RNND,6202,0.2935595475137234,0.24690058082342148,0.046658964827656746,
0,260816,matched,MATCHED_Impulsive,Proposed_CA_CNN_RNND,6203,0.4119671508669853,0.336468867957592,0.07549827732145786,
0,260816,matched,MATCHED_Impulsive,Proposed_CA_CNN_RNND,6204,0.49841223657131195,0.4032519832253456,0.09516026079654694,
0,260816,matched,MATCHED_Impulsive,Proposed_CA_CNN_RNND,6205,0.4700555391609669,0.3778623938560486,0.09219313971698284,
0,260816,matched,MATCHED_Impulsive,Proposed_CA_CNN_RNND,6206,0.3244944326579571,0.2769075967371464,0.04758683452382684,
0,260816,matched,MATCHED_Impulsive,Proposed_CA_CNN_RNND,6207,0.5772677361965179,0.45238086581230164,0.12488686665892601,
0,260816,matched,MATCHED_Impulsive,Proposed_CA_CNN_RNND,6208,0.348646879196167,0.2916727215051651,0.05697415117174387,
0,260816,matched,MATCHED_Impulsive,Proposed_CA_CNN_RNND,6209,0.5690266713500023,0.45041851699352264,0.11860815435647964,
0,260816,matched,MATCHED_Impulsive,Proposed_CA_CNN_RNND,6210,0.40279822796583176,0.33104440197348595,0.07175382878631353,
0,260816,matched,MATCHED_Impulsive,Proposed_CA_CNN_RNND,6211,0.2763414606451988,0.2354150451719761,0.040926415007561445,
0,260816,matched,MATCHED_Impulsive,Proposed_CA_CNN_RNND,6212,0.3960327282547951,0.3319789730012417,0.06405375897884369,
0,260816,matched,MATCHED_Impulsive,Proposed_CA_CNN_RNND,6213,0.42766639590263367,0.3501335643231869,0.07753283949568868,
0,260816,matched,MATCHED_Impulsive,Proposed_CA_CNN_RNND,6214,0.3006912097334862,0.2529861554503441,0.04770506173372269,
0,260816,matched,MATCHED_Impulsive,Proposed_CA_CNN_RNND,6215,0.6307280957698822,0.4966767579317093,0.13405133970081806,
0,260816,matched,MATCHED_Impulsive,Proposed_CA_CNN_RNND,6216,0.2993289642035961,0.25199294462800026,0.047336017712950706,
0,260816,matched,MATCHED_Impulsive,Proposed_CA_CNN_RNND,6217,0.3413280323147774,0.2872644104063511,0.054063621908426285,
0,260816,matched,MATCHED_Impulsive,Proposed_CA_CNN_RNND,6218,0.3898942321538925,0.32862237840890884,0.061271848157048225,
0,260816,matched,MATCHED_Impulsive,Proposed_CA_CNN_RNND,6219,0.49144483357667923,0.3925916701555252,0.09885316714644432,
0,260816,matched,MATCHED_Impulsive,Proposed_CA_CNN_RNND,6220,0.4351265951991081,0.35480378568172455,0.08032280579209328,
0,260816,matched,MATCHED_Impulsive,Proposed_CA_CNN_RNND,6221,0.4046551361680031,0.331426203250885,0.0732289282605052,
0,260816,matched,MATCHED_Impulsive,Proposed_CA_CNN_RNND,6222,0.3786238357424736,0.3106115870177746,0.0680122459307313,
0,260816,matched,MATCHED_Impulsive,Proposed_CA_CNN_RNND,6223,0.40844114124774933,0.3355526328086853,0.07288851123303175,
0,260816,matched,MATCHED_Impulsive,Proposed_CA_CNN_RNND,6224,0.43192893266677856,0.3541598245501518,0.07776912208646536,
0,260816,matched,MATCHED_Impulsive,Proposed_CA_CNN_RNND,6225,0.33545245602726936,0.28508371487259865,0.05036874674260616,
0,260816,matched,MATCHED_Impulsive,Proposed_CA_CNN_RNND,6226,0.6040245592594147,0.4779598116874695,0.1260647363960743,
0,260816,matched,MATCHED_Impulsive,Proposed_CA_CNN_RNND,6227,0.42727337032556534,0.3437073677778244,0.08356600953266025,
0,260816,matched,MATCHED_Impulsive,Proposed_CA_CNN_RNND,6228,0.3339914157986641,0.2871212139725685,0.04687020555138588,
0,260816,matched,MATCHED_Impulsive,Proposed_CA_CNN_RNND,6229,0.49443545937538147,0.40089821070432663,0.09353725798428059,
0,260816,matched,MATCHED_Impulsive,Proposed_CA_CNN_RNND,6230,0.46498123556375504,0.37810976803302765,0.08687148243188858,
0,260816,matched,MATCHED_Impulsive,Proposed_CA_CNN_RNND,6231,0.48433784395456314,0.393808014690876,0.09052981995046139,
0,260816,matched,MATCHED_Impulsive,Proposed_CA_CNN_RNND,6232,0.38066791370511055,0.30886340513825417,0.07180451322346926,
0,260816,matched,MATCHED_Impulsive,Proposed_CA_CNN_RNND,6233,0.36062782257795334,0.2991013377904892,0.06152647873386741,
0,260816,matched,MATCHED_Impulsive,Proposed_CA_CNN_RNND,6234,0.44551458209753036,0.36521415412425995,0.08030043356120586,
0,260816,matched,MATCHED_Impulsive,Proposed_CA_CNN_RNND,6235,0.2824467495083809,0.24766016006469727,0.034786587581038475,
0,260816,matched,MATCHED_Impulsive,Proposed_CA_CNN_RNND,6236,0.4043492376804352,0.3344251587986946,0.06992408633232117,
0,260816,matched,MATCHED_Impulsive,Proposed_CA_CNN_RNND,6237,0.5167828425765038,0.4110143780708313,0.10576847335323691,
0,260816,matched,MATCHED_Impulsive,Proposed_CA_CNN_RNND,6238,0.4958653301000595,0.40174364298582077,0.09412169829010963,
0,260816,matched,MATCHED_Impulsive,Proposed_CA_CNN_RNND,6239,0.34972020611166954,0.2893487177789211,0.06037148367613554,
0,260816,matched,MATCHED_Impulsive,Proposed_CA_CNN_RNND,6240,0.3434526100754738,0.2842530161142349,0.059199586510658264,
0,260816,matched,MATCHED_Impulsive,Proposed_CA_CNN_RNND,6241,0.4436926320195198,0.365953728556633,0.07773889973759651,
0,260816,matched,MATCHED_Impulsive,Proposed_CA_CNN_RNND,6242,0.4631040096282959,0.37942757457494736,0.08367643784731627,
0,260816,matched,MATCHED_Impulsive,Proposed_CA_CNN_RNND,6243,0.33587179332971573,0.2825458236038685,0.053325969725847244,
0,260816,matched,MATCHED_Impulsive,Proposed_CA_CNN_RNND,6244,0.4248565062880516,0.3480254076421261,0.07683108281344175,
0,260816,matched,MATCHED_Impulsive,Proposed_CA_CNN_RNND,6245,0.5263198167085648,0.4164888858795166,0.10983092244714499,
0,260816,matched,MATCHED_Impulsive,Proposed_CA_CNN_RNND,6246,0.29427066817879677,0.2502691000699997,0.044001567526720464,
0,260816,matched,MATCHED_Impulsive,Proposed_CA_CNN_RNND,6247,0.4072502627968788,0.33746013417840004,0.06979013420641422,
0,260816,matched,MATCHED_Impulsive,Proposed_CA_CNN_RNND,6248,0.466931764036417,0.377175010740757,0.08975676354020834,
0,260816,matched,MATCHED_Impulsive,Proposed_CA_CNN_RNND,6249,0.23958532512187958,0.2084909901022911,0.03109433245845139,
0,260816,matched,MATCHED_Impulsive,Proposed_CA_CNN_RNND,6250,0.49106593430042267,0.40135013312101364,0.08971579279750586,
0,260816,matched,MATCHED_Impulsive,Proposed_CA_CNN_RNND,6251,0.4555565230548382,0.369790468364954,0.08576605981215835,
0,260816,matched,MATCHED_Impulsive,Proposed_CA_CNN_RNND,6252,0.5277335792779922,0.42314357310533524,0.10458999872207642,
0,260816,matched,MATCHED_Impulsive,Proposed_CA_CNN_RNND,6253,0.328243475407362,0.2743854597210884,0.05385800916701555,
0,260816,matched,MATCHED_Impulsive,Proposed_CA_CNN_RNND,6254,0.4290090315043926,0.34921611100435257,0.07979293074458838,
0,260816,matched,MATCHED_Impulsive,Proposed_CA_CNN_RNND,6255,0.4536524638533592,0.37494929134845734,0.07870317250490189,
0,260816,matched,MATCHED_Impulsive,Proposed_CA_CNN_RNND,6256,0.31922462955117226,0.2718198820948601,0.04740474931895733,
0,260816,matched,MATCHED_Impulsive,Proposed_CA_CNN_RNND,6257,0.511705182492733,0.4111265540122986,0.10057863499969244,
0,260816,matched,MATCHED_Impulsive,Proposed_CA_CNN_RNND,6258,0.3994377553462982,0.32889898866415024,0.0705387806519866,
0,260816,matched,MATCHED_Impulsive,Proposed_CA_CNN_RNND,6259,0.4195423945784569,0.3450485095381737,0.07449388690292835,
0,260816,matched,MATCHED_Impulsive,Proposed_CA_CNN_RNND,6260,0.18196355924010277,0.1654837504029274,0.01647980511188507,
0,260816,matched,MATCHED_Impulsive,Proposed_CA_CNN_RNND,6261,0.4169456213712692,0.3485690504312515,0.06837656814604998,
0,260816,matched,MATCHED_Impulsive,Proposed_CA_CNN_RNND,6262,0.3358101435005665,0.27937886118888855,0.05643128091469407,
0,260816,matched,MATCHED_Impulsive,Proposed_CA_CNN_RNND,6263,0.374514564871788,0.3164556659758091,0.05805889191105962,
0,260816,matched,MATCHED_Impulsive,Proposed_CA_CNN_RNND,6264,0.4975343868136406,0.4069642350077629,0.09057014994323254,
0,260816,matched,MATCHED_Impulsive,Proposed_CA_CNN_RNND,6265,0.384780902415514,0.3197167366743088,0.06506416853517294,
0,260816,matched,MATCHED_Impulsive,Proposed_CA_CNN_RNND,6266,0.3502921238541603,0.29674922302365303,0.053542899899184704,
0,260816,matched,MATCHED_Impulsive,Proposed_CA_CNN_RNND,6267,0.30399512499570847,0.2540771309286356,0.049917993135750294,
0,260816,matched,MATCHED_Impulsive,Proposed_CA_CNN_RNND,6268,0.5469809770584106,0.42897308617830276,0.11800789088010788,
0,260816,matched,MATCHED_Impulsive,Proposed_CA_CNN_RNND,6269,0.4779020845890045,0.3927667811512947,0.08513529878109694,
0,260816,matched,MATCHED_Impulsive,Proposed_CA_CNN_RNND,6270,0.47775041311979294,0.391486331820488,0.08626408688724041,
0,260816,matched,MATCHED_Impulsive,Proposed_CA_CNN_RNND,6271,0.32056529074907303,0.2724485322833061,0.048116753809154034,
0,260816,matched,MATCHED_Impulsive,Proposed_CA_CNN_RNND,6272,0.43728185445070267,0.3614736944437027,0.07580815814435482,
0,260816,matched,MATCHED_Impulsive,Proposed_CA_CNN_RNND,6273,0.3905206583440304,0.3209985941648483,0.06952207395806909,
0,260816,matched,MATCHED_Impulsive,Proposed_CA_CNN_RNND,6274,0.2739732712507248,0.2378513552248478,0.03612191462889314,
0,260816,matched,MATCHED_Impulsive,Proposed_CA_CNN_RNND,6275,0.4408967196941376,0.34917762875556946,0.0917190806940198,
0,260816,matched,MATCHED_Impulsive,Proposed_CA_CNN_RNND,6276,0.41255248337984085,0.333596657961607,0.0789558319374919,
0,260816,matched,MATCHED_Impulsive,Proposed_CA_CNN_RNND,6277,0.34749798849225044,0.29596448689699173,0.05153350345790386,
0,260816,matched,MATCHED_Impulsive,Proposed_CA_CNN_RNND,6278,0.3957130014896393,0.32778096571564674,0.06793203670531511,
0,260816,matched,MATCHED_Impulsive,Proposed_CA_CNN_RNND,6279,0.47673556953668594,0.38985157757997513,0.0868839886970818,
0,260816,matched,MATCHED_Impulsive,Proposed_CA_CNN_RNND,6280,0.34810396656394005,0.29669035226106644,0.05141360405832529,
0,260816,matched,MATCHED_Impulsive,Proposed_CA_CNN_RNND,6281,0.42702721431851387,0.35132311284542084,0.07570409448817372,
0,260816,matched,MATCHED_Impulsive,Proposed_CA_CNN_RNND,6282,0.41124243289232254,0.34481392055749893,0.06642851512879133,
0,260816,matched,MATCHED_Impulsive,Proposed_CA_CNN_RNND,6283,0.33168772980570793,0.2827981002628803,0.04888963047415018,
0,260816,matched,MATCHED_Impulsive,Proposed_CA_CNN_RNND,6284,0.312970869243145,0.26115772128105164,0.05181314563378692,
0,260816,matched,MATCHED_Impulsive,Proposed_CA_CNN_RNND,6285,0.3380439914762974,0.2896658144891262,0.0483781797811389,
0,260816,matched,MATCHED_Impulsive,Proposed_CA_CNN_RNND,6286,0.49792134389281273,0.3884722888469696,0.10944904014468193,
0,260816,matched,MATCHED_Impulsive,Proposed_CA_CNN_RNND,6287,0.3419706001877785,0.282565675675869,0.05940492823719978,
0,260816,matched,MATCHED_Impulsive,Proposed_CA_CNN_RNND,6288,0.6381834894418716,0.5036540552973747,0.13452943786978722,
0,260816,matched,MATCHED_Impulsive,Proposed_CA_CNN_RNND,6289,0.4074779972434044,0.3367089219391346,0.07076908182352781,
0,260816,matched,MATCHED_Impulsive,Proposed_CA_CNN_RNND,6290,0.393902987241745,0.3291017562150955,0.06480122730135918,
0,260816,matched,MATCHED_Impulsive,Proposed_CA_CNN_RNND,6291,0.25463541597127914,0.22660711035132408,0.028028305619955063,
0,260816,matched,MATCHED_Impulsive,Proposed_CA_CNN_RNND,6292,0.39022406935691833,0.3268347829580307,0.06338928546756506,
0,260816,matched,MATCHED_Impulsive,Proposed_CA_CNN_RNND,6293,0.329105444252491,0.2814720906317234,0.04763335129246116,
0,260816,matched,MATCHED_Impulsive,Proposed_CA_CNN_RNND,6294,0.3109809197485447,0.2649467960000038,0.04603411676362157,
0,260816,matched,MATCHED_Impulsive,Proposed_CA_CNN_RNND,6295,0.36140410602092743,0.29933981224894524,0.062064293306320906,
0,260816,matched,MATCHED_Impulsive,Proposed_CA_CNN_RNND,6296,0.42483095079660416,0.34810930863022804,0.07672164123505354,
0,260816,matched,MATCHED_Impulsive,Proposed_CA_CNN_RNND,6297,0.32986516132950783,0.28251218795776367,0.04735297570005059,
0,260816,matched,MATCHED_Impulsive,Proposed_CA_CNN_RNND,6298,0.4639207795262337,0.37537679076194763,0.08854399155825377,
0,260816,matched,MATCHED_Impulsive,Proposed_CA_CNN_RNND,6299,0.34794946387410164,0.2849595248699188,0.06298992969095707,
0,260816,matched,MATCHED_Impulsive,Proposed_CA_CNN_RNND,6300,0.46311455219984055,0.3695993684232235,0.09351517958566546,
0,260816,matched,MATCHED_Impulsive,Proposed_CA_CNN_RNND,6301,0.4354468770325184,0.35260453075170517,0.08284234907478094,
0,260816,matched,MATCHED_Impulsive,Proposed_CA_CNN_RNND,6302,0.5158495381474495,0.41028250753879547,0.105567024089396,
0,260816,matched,MATCHED_Impulsive,Proposed_CA_CNN_RNND,6303,0.5220189914107323,0.4239441901445389,0.09807480685412884,
0,260816,matched,MATCHED_Impulsive,Proposed_CA_CNN_RNND,6304,0.334097508341074,0.2889922969043255,0.04510521702468395,
0,260816,matched,MATCHED_Impulsive,Proposed_CA_CNN_RNND,6305,0.4529713913798332,0.36586128175258636,0.0871101152151823,
0,260816,matched,MATCHED_Impulsive,Proposed_CA_CNN_RNND,6306,0.34786055982112885,0.28936008363962173,0.058500468730926514,
0,260816,matched,MATCHED_Impulsive,Proposed_CA_CNN_RNND,6307,0.5061553046107292,0.41093870252370834,0.09521660208702087,
0,260816,matched,MATCHED_Impulsive,Proposed_CA_CNN_RNND,6308,0.38522858917713165,0.31916699931025505,0.06606159266084433,
0,260816,matched,MATCHED_Impulsive,Proposed_CA_CNN_RNND,6309,0.3546338863670826,0.3017304949462414,0.05290339211933315,
0,260816,matched,MATCHED_Impulsive,Proposed_CA_CNN_RNND,6310,0.3361264280974865,0.2841196730732918,0.05200676154345274,
0,260816,matched,MATCHED_Impulsive,Proposed_CA_CNN_RNND,6311,0.43832123652100563,0.35913651436567307,0.07918472588062286,
0,260816,matched,MATCHED_Impulsive,Proposed_CA_CNN_RNND,6312,0.27495863288640976,0.23640163987874985,0.038556999526917934,
0,260816,matched,MATCHED_Impulsive,Proposed_CA_CNN_RNND,6313,0.34396444261074066,0.29400113224983215,0.04996331222355366,
0,260816,matched,MATCHED_Impulsive,Proposed_CA_CNN_RNND,6314,0.364996999502182,0.3094022609293461,0.055594734847545624,
0,260816,matched,MATCHED_Impulsive,Proposed_CA_CNN_RNND,6315,0.4339819476008415,0.35414958372712135,0.07983234990388155,
0,260816,matched,MATCHED_Impulsive,Proposed_CA_CNN_RNND,6316,0.40500569343566895,0.3403578847646713,0.06464781053364277,
0,260816,matched,MATCHED_Impulsive,Proposed_CA_CNN_RNND,6317,0.33545826375484467,0.28253768756985664,0.05292057991027832,
0,260816,matched,MATCHED_Impulsive,Proposed_CA_CNN_RNND,6318,0.41568775475025177,0.3445242941379547,0.07116345502436161,
0,260816,matched,MATCHED_Impulsive,Proposed_CA_CNN_RNND,6319,0.4078993499279022,0.3304625637829304,0.07743679266422987,
0,260816,matched,MATCHED_Impulsive,Proposed_CA_CNN_RNND,6320,0.443662341684103,0.3649803027510643,0.0786820501089096,
0,260816,matched,MATCHED_Impulsive,Proposed_CA_CNN_RNND,6321,0.37980902194976807,0.31194325536489487,0.06786576844751835,
0,260816,matched,MATCHED_Impulsive,Proposed_CA_CNN_RNND,6322,0.39621830731630325,0.32669704779982567,0.06952127208933234,
0,260816,matched,MATCHED_Impulsive,Proposed_CA_CNN_RNND,6323,0.4925670325756073,0.3954814597964287,0.09708557743579149,
0,260816,matched,MATCHED_Impulsive,Proposed_CA_CNN_RNND,6324,0.47849753499031067,0.3844987191259861,0.09399881213903427,
0,260816,matched,MATCHED_Impulsive,Proposed_CA_CNN_RNND,6325,0.37548117339611053,0.3124128431081772,0.06306833447888494,
0,260816,matched,MATCHED_Impulsive,Proposed_CA_CNN_RNND,6326,0.3049849644303322,0.25671452656388283,0.04827044066041708,
0,260816,matched,MATCHED_Impulsive,Proposed_CA_CNN_RNND,6327,0.42936185747385025,0.35293062031269073,0.07643124740570784,
0,260816,matched,MATCHED_Impulsive,Proposed_CA_CNN_RNND,6328,0.4288565404713154,0.3553498722612858,0.07350667053833604,
0,260816,matched,MATCHED_Impulsive,Proposed_CA_CNN_RNND,6329,0.38753917813301086,0.32588911429047585,0.061650062911212444,
0,260816,matched,MATCHED_Impulsive,Proposed_CA_CNN_RNND,6330,0.3368707671761513,0.2832597903907299,0.05361097399145365,
0,260816,matched,MATCHED_Impulsive,Proposed_CA_CNN_RNND,6331,0.33028223365545273,0.276323102414608,0.05395912239328027,
0,260816,matched,MATCHED_Impulsive,Proposed_CA_CNN_RNND,6332,0.31242353469133377,0.2594217360019684,0.05300179310142994,
0,260816,matched,MATCHED_Impulsive,Proposed_CA_CNN_RNND,6333,0.4550376310944557,0.37409089505672455,0.08094673417508602,
0,260816,matched,MATCHED_Impulsive,Proposed_CA_CNN_RNND,6334,0.2808734141290188,0.2425144612789154,0.038358951918780804,
0,260816,matched,MATCHED_Impulsive,Proposed_CA_CNN_RNND,6335,0.33663222938776016,0.28751690313220024,0.049115332774817944,
0,260816,matched,MATCHED_Impulsive,Proposed_CA_CNN_RNND,6336,0.38529597222805023,0.3221875876188278,0.06310838460922241,
0,260816,matched,MATCHED_Impulsive,Proposed_CA_CNN_RNND,6337,0.38918961584568024,0.31895221024751663,0.07023740746080875,
0,260816,matched,MATCHED_Impulsive,Proposed_CA_CNN_RNND,6338,0.3531774878501892,0.2933635599911213,0.05981392622925341,
0,260816,matched,MATCHED_Impulsive,Proposed_CA_CNN_RNND,6339,0.3142636939883232,0.2658645063638687,0.0483991838991642,
0,260816,matched,MATCHED_Impulsive,Proposed_CA_CNN_RNND,6340,0.38456088304519653,0.31816717237234116,0.06639371858909726,
0,260816,matched,MATCHED_Impulsive,Proposed_CA_CNN_RNND,6341,0.25532717257738113,0.22473121993243694,0.03059595823287964,
0,260816,matched,MATCHED_Impulsive,Proposed_CA_CNN_RNND,6342,0.3370649702847004,0.28094494342803955,0.05612002592533827,
0,260816,matched,MATCHED_Impulsive,Proposed_CA_CNN_RNND,6343,0.38551151752471924,0.3167225681245327,0.06878896011039615,
0,260816,matched,MATCHED_Impulsive,Proposed_CA_CNN_RNND,6344,0.3556711710989475,0.29570185393095016,0.05996932182461023,
0,260816,matched,MATCHED_Impulsive,Proposed_CA_CNN_RNND,6345,0.4327528700232506,0.3579854294657707,0.07476744148880243,
0,260816,matched,MATCHED_Impulsive,Proposed_CA_CNN_RNND,6346,0.5101108625531197,0.4148658588528633,0.09524501115083694,
0,260816,matched,MATCHED_Impulsive,Proposed_CA_CNN_RNND,6347,0.4048416279256344,0.33579904213547707,0.06904259510338306,
0,260816,matched,MATCHED_Impulsive,Proposed_CA_CNN_RNND,6348,0.36706120520830154,0.30022263526916504,0.06683856481686234,
0,260816,matched,MATCHED_Impulsive,Proposed_CA_CNN_RNND,6349,0.3652578368782997,0.3030398339033127,0.062218000181019306,
0,260816,matched,MATCHED_Impulsive,Proposed_CA_CNN_RNND,6350,0.3613765239715576,0.3001675643026829,0.0612089610658586,
0,260816,matched,MATCHED_Impulsive,Proposed_CA_CNN_RNND,6351,0.4352566748857498,0.3609047159552574,0.07435195241123438,
0,260816,matched,MATCHED_Impulsive,Proposed_CA_CNN_RNND,6352,0.29614102095365524,0.2536528408527374,0.042488180100917816,
0,260816,matched,MATCHED_Impulsive,Proposed_CA_CNN_RNND,6353,0.3207623362541199,0.26489777863025665,0.055864556692540646,
0,260816,matched,MATCHED_Impulsive,Proposed_CA_CNN_RNND,6354,0.3715313896536827,0.30435190349817276,0.06717948522418737,
0,260816,matched,MATCHED_Impulsive,Proposed_CA_CNN_RNND,6355,0.30705227330327034,0.2506205514073372,0.05643171875271946,
0,260816,matched,MATCHED_Impulsive,Proposed_CA_CNN_RNND,6356,0.30296066403388977,0.2544586732983589,0.048501997254788876,
0,260816,matched,MATCHED_Impulsive,Proposed_CA_CNN_RNND,6357,0.39973387494683266,0.32826119661331177,0.07147268950939178,
0,260816,matched,MATCHED_Impulsive,Proposed_CA_CNN_RNND,6358,0.39638304710388184,0.3233132138848305,0.07306983508169651,
0,260816,matched,MATCHED_Impulsive,Proposed_CA_CNN_RNND,6359,0.3438452407717705,0.2874487563967705,0.05639648251235485,
0,260816,matched,MATCHED_Impulsive,Proposed_CA_CNN_RNND,6360,0.31379400566220284,0.257867768406868,0.05592624004930258,
0,260816,matched,MATCHED_Impulsive,Proposed_CA_CNN_RNND,6361,0.31729937344789505,0.25957273319363594,0.05772664211690426,
0,260816,matched,MATCHED_Impulsive,Proposed_CA_CNN_RNND,6362,0.3459974452853203,0.28580040484666824,0.06019705114886165,
0,260816,matched,MATCHED_Impulsive,Proposed_CA_CNN_RNND,6363,0.41788294166326523,0.3401266820728779,0.07775627449154854,
0,260816,matched,MATCHED_Impulsive,Proposed_CA_CNN_RNND,6364,0.3275767080485821,0.2702370472252369,0.05733965802937746,
0,260816,matched,MATCHED_Impulsive,Proposed_CA_CNN_RNND,6365,0.40223222970962524,0.3341178521513939,0.06811438035219908,
0,260816,matched,MATCHED_Impulsive,Proposed_CA_CNN_RNND,6366,0.24361617118120193,0.21345459297299385,0.03016157727688551,
0,260816,matched,MATCHED_Impulsive,Proposed_CA_CNN_RNND,6367,0.5215851441025734,0.41958511993288994,0.10200002230703831,
0,260816,matched,MATCHED_Impulsive,Proposed_CA_CNN_RNND,6368,0.5111439749598503,0.41563012450933456,0.09551385045051575,
0,260816,matched,MATCHED_Impulsive,Proposed_CA_CNN_RNND,6369,0.370382159948349,0.3013700246810913,0.06901213992387056,
0,260816,matched,MATCHED_Impulsive,Proposed_CA_CNN_RNND,6370,0.45035420358181,0.36580050736665726,0.08455369155853987,
0,260816,matched,MATCHED_Impulsive,Proposed_CA_CNN_RNND,6371,0.3543752580881119,0.294645968824625,0.05972928134724498,
0,260816,matched,MATCHED_Impulsive,Proposed_CA_CNN_RNND,6372,0.38414476811885834,0.31774143129587173,0.0664033405482769,
0,260816,matched,MATCHED_Impulsive,Proposed_CA_CNN_RNND,6373,0.38192514702677727,0.3138343505561352,0.06809080531820655,
0,260816,matched,MATCHED_Impulsive,Proposed_CA_CNN_RNND,6374,0.4679914563894272,0.3788663409650326,0.08912511821836233,
0,260816,matched,MATCHED_Impulsive,Proposed_CA_CNN_RNND,6375,0.4240431562066078,0.34540631622076035,0.07863683113828301,
0,260816,matched,MATCHED_Impulsive,Proposed_CA_CNN_RNND,6376,0.3784572035074234,0.3172496259212494,0.06120757944881916,
0,260816,matched,MATCHED_Impulsive,Proposed_CA_CNN_RNND,6377,0.4154221639037132,0.34632236510515213,0.0690997987985611,
0,260816,matched,MATCHED_Impulsive,Proposed_CA_CNN_RNND,6378,0.45677144080400467,0.3668469414114952,0.08992450591176748,
0,260816,matched,MATCHED_Impulsive,Proposed_CA_CNN_RNND,6379,0.39817020297050476,0.3281917944550514,0.06997840199619532,
0,260816,matched,MATCHED_Impulsive,Proposed_CA_CNN_RNND,6380,0.3861382491886616,0.3113248497247696,0.07481341110542417,
0,260816,matched,MATCHED_Impulsive,Proposed_CA_CNN_RNND,6381,0.4257816895842552,0.34881504625082016,0.07696664705872536,
0,260816,matched,MATCHED_Impulsive,Proposed_CA_CNN_RNND,6382,0.27072548493742943,0.2345455065369606,0.03617998072877526,
0,260816,matched,MATCHED_Impulsive,Proposed_CA_CNN_RNND,6383,0.433829627931118,0.3476575128734112,0.08617211692035198,
0,260816,matched,MATCHED_Impulsive,Proposed_CA_CNN_RNND,6384,0.4772910922765732,0.3899484649300575,0.08734261989593506,
0,260816,matched,MATCHED_Impulsive,Proposed_CA_CNN_RNND,6385,0.4145823083817959,0.3455214947462082,0.06906080758199096,
0,260816,matched,MATCHED_Impulsive,Proposed_CA_CNN_RNND,6386,0.32982052490115166,0.2745690271258354,0.055251493118703365,
0,260816,matched,MATCHED_Impulsive,Proposed_CA_CNN_RNND,6387,0.31642211228609085,0.2675432339310646,0.048878880217671394,
0,260816,matched,MATCHED_Impulsive,Proposed_CA_CNN_RNND,6388,0.2871911749243736,0.24823787435889244,0.03895330219529569,
0,260816,matched,MATCHED_Impulsive,Proposed_CA_CNN_RNND,6389,0.36297834664583206,0.30153586715459824,0.061442469246685505,
0,260816,matched,MATCHED_Impulsive,Proposed_CA_CNN_RNND,6390,0.3530004844069481,0.30051933974027634,0.05248114187270403,
0,260816,matched,MATCHED_Impulsive,Proposed_CA_CNN_RNND,6391,0.353910144418478,0.29105309769511223,0.06285704858601093,
0,260816,matched,MATCHED_Impulsive,Proposed_CA_CNN_RNND,6392,0.4133399687707424,0.34477727860212326,0.068562688305974,
0,260816,matched,MATCHED_Impulsive,Proposed_CA_CNN_RNND,6393,0.3321859613060951,0.28204377740621567,0.05014218622818589,
0,260816,matched,MATCHED_Impulsive,Proposed_CA_CNN_RNND,6394,0.3658117242157459,0.30579089745879173,0.060020830016583204,
0,260816,matched,MATCHED_Impulsive,Proposed_CA_CNN_RNND,6395,0.40171273052692413,0.3279741704463959,0.07373856287449598,
0,260816,matched,MATCHED_Impulsive,Proposed_CA_CNN_RNND,6396,0.40006836876273155,0.3316030874848366,0.0684652766212821,
0,260816,matched,MATCHED_Impulsive,Proposed_CA_CNN_RNND,6397,0.2930794805288315,0.2497568167746067,0.043322667479515076,
0,260816,matched,MATCHED_Impulsive,Proposed_CA_CNN_RNND,6398,0.4168259706348181,0.3355250209569931,0.08130093960789964,
0,260816,matched,MATCHED_Impulsive,Proposed_CA_CNN_RNND,6399,0.34196384251117706,0.2885325364768505,0.05343130882829428,
0,260816,matched,MATCHED_Impulsive,Proposed_CA_CNN_RNND,6400,0.3931617848575115,0.32222019881010056,0.07094159070402384,-1.0726132083423325
0,260816,matched,MATCHED_Impulsive,Proposed_CA_CNN_RNND,6401,0.3830263167619705,0.31802424415946007,0.06500206794589758,
0,260816,matched,MATCHED_Impulsive,Proposed_CA_CNN_RNND,6402,0.42795538157224655,0.3474452532827854,0.08051012875512242,
0,260816,matched,MATCHED_Impulsive,Proposed_CA_CNN_RNND,6403,0.45631883665919304,0.3696318082511425,0.08668703818693757,
0,260816,matched,MATCHED_Impulsive,Proposed_CA_CNN_RNND,6404,0.22108902037143707,0.19236376509070396,0.028725256212055683,
0,260816,matched,MATCHED_Impulsive,Proposed_CA_CNN_RNND,6405,0.40325259417295456,0.3298026844859123,0.07344991713762283,
0,260816,matched,MATCHED_Impulsive,Proposed_CA_CNN_RNND,6406,0.562478318810463,0.4424077421426773,0.12007058411836624,
0,260816,matched,MATCHED_Impulsive,Proposed_CA_CNN_RNND,6407,0.4625941142439842,0.37786443531513214,0.08472968079149723,
0,260816,matched,MATCHED_Impulsive,Proposed_CA_CNN_RNND,6408,0.27072538807988167,0.23267297074198723,0.038052420131862164,
0,260816,matched,MATCHED_Impulsive,Proposed_CA_CNN_RNND,6409,0.4254137873649597,0.3528991565108299,0.07251462945714593,
0,260816,matched,MATCHED_Impulsive,Proposed_CA_CNN_RNND,6410,0.459984689950943,0.37858037650585175,0.08140431810170412,
0,260816,matched,MATCHED_Impulsive,Proposed_CA_CNN_RNND,6411,0.49860092997550964,0.40436194837093353,0.09423898719251156,
0,260816,matched,MATCHED_Impulsive,Proposed_CA_CNN_RNND,6412,0.374623604118824,0.31297408044338226,0.061649527633562684,
0,260816,matched,MATCHED_Impulsive,Proposed_CA_CNN_RNND,6413,0.35319409146904945,0.29162831231951714,0.06156578101217747,
0,260816,matched,MATCHED_Impulsive,Proposed_CA_CNN_RNND,6414,0.4295984208583832,0.35236772149801254,0.07723068725317717,
0,260816,matched,MATCHED_Impulsive,Proposed_CA_CNN_RNND,6415,0.34578539058566093,0.2928125038743019,0.05297288578003645,
0,260816,matched,MATCHED_Impulsive,Proposed_CA_CNN_RNND,6416,0.4159833490848541,0.34245481342077255,0.07352853007614613,
0,260816,matched,MATCHED_Impulsive,Proposed_CA_CNN_RNND,6417,0.5117791518568993,0.41567786037921906,0.09610130358487368,
0,260816,matched,MATCHED_Impulsive,Proposed_CA_CNN_RNND,6418,0.4199620261788368,0.3389226496219635,0.08103937655687332,
0,260816,matched,MATCHED_Impulsive,Proposed_CA_CNN_RNND,6419,0.5021350905299187,0.4064684025943279,0.09566670097410679,
0,260816,matched,MATCHED_Impulsive,Proposed_CA_CNN_RNND,6420,0.3513322286307812,0.29718685522675514,0.054145365953445435,
0,260816,matched,MATCHED_Impulsive,Proposed_CA_CNN_RNND,6421,0.420573465526104,0.33816179633140564,0.08241167711094022,
0,260816,matched,MATCHED_Impulsive,Proposed_CA_CNN_RNND,6422,0.2844909839332104,0.24540279060602188,0.03908819332718849,
0,260816,matched,MATCHED_Impulsive,Proposed_CA_CNN_RNND,6423,0.3124312572181225,0.2670263685286045,0.04540490126237273,
0,260816,matched,MATCHED_Impulsive,Proposed_CA_CNN_RNND,6424,0.36099405214190483,0.3002249151468277,0.06076913420110941,
0,260816,matched,MATCHED_Impulsive,Proposed_CA_CNN_RNND,6425,0.33873091638088226,0.2791272699832916,0.05960365245118737,
0,260816,matched,MATCHED_Impulsive,Proposed_CA_CNN_RNND,6426,0.39651213586330414,0.32464882731437683,0.07186330668628216,
0,260816,matched,MATCHED_Impulsive,Proposed_CA_CNN_RNND,6427,0.48466601222753525,0.38946931064128876,0.09519671276211739,
0,260816,matched,MATCHED_Impulsive,Proposed_CA_CNN_RNND,6428,0.5150020681321621,0.4158151298761368,0.0991869498975575,
0,260816,matched,MATCHED_Impulsive,Proposed_CA_CNN_RNND,6429,0.481873594224453,0.38987963646650314,0.09199397824704647,
0,260816,matched,MATCHED_Impulsive,Proposed_CA_CNN_RNND,6430,0.53555878251791,0.4254365637898445,0.11012221686542034,
0,260816,matched,MATCHED_Impulsive,Proposed_CA_CNN_RNND,6431,0.33945024013519287,0.28906215727329254,0.05038809264078736,
0,260816,matched,MATCHED_Impulsive,Proposed_CA_CNN_RNND,6432,0.44778500497341156,0.3655697889626026,0.08221521135419607,
0,260816,matched,MATCHED_Impulsive,Proposed_CA_CNN_RNND,6433,0.5095081105828285,0.40942155569791794,0.10008654929697514,
0,260816,matched,MATCHED_Impulsive,Proposed_CA_CNN_RNND,6434,0.5186003968119621,0.4183321073651314,0.1002682913094759,
0,260816,matched,MATCHED_Impulsive,Proposed_CA_CNN_RNND,6435,0.24428607895970345,0.21499330177903175,0.029292779974639416,
0,260816,matched,MATCHED_Impulsive,Proposed_CA_CNN_RNND,6436,0.3357762545347214,0.28069498389959335,0.055081261321902275,
0,260816,matched,MATCHED_Impulsive,Proposed_CA_CNN_RNND,6437,0.4556668661534786,0.3663231134414673,0.08934376435354352,
0,260816,matched,MATCHED_Impulsive,Proposed_CA_CNN_RNND,6438,0.4093821421265602,0.3376765511929989,0.07170559465885162,
0,260816,matched,MATCHED_Impulsive,Proposed_CA_CNN_RNND,6439,0.23180334270000458,0.19938001781702042,0.032423319295048714,
0,260816,matched,MATCHED_Impulsive,Proposed_CA_CNN_RNND,6440,0.4385683462023735,0.3630385957658291,0.07552975323051214,
0,260816,matched,MATCHED_Impulsive,Proposed_CA_CNN_RNND,6441,0.3666822873055935,0.3053971454501152,0.06128513999283314,
0,260816,matched,MATCHED_Impulsive,Proposed_CA_CNN_RNND,6442,0.26610439270734787,0.2279355823993683,0.03816881123930216,
0,260816,matched,MATCHED_Impulsive,Proposed_CA_CNN_RNND,6443,0.4614379107952118,0.3722822666168213,0.0891556479036808,
0,260816,matched,MATCHED_Impulsive,Proposed_CA_CNN_RNND,6444,0.4775458201766014,0.38346557319164276,0.09408025443553925,
0,260816,matched,MATCHED_Impulsive,Proposed_CA_CNN_RNND,6445,0.3653894513845444,0.30601171776652336,0.059377739671617746,
0,260816,matched,MATCHED_Impulsive,Proposed_CA_CNN_RNND,6446,0.4098559729754925,0.340467631816864,0.06938834069296718,
0,260816,matched,MATCHED_Impulsive,Proposed_CA_CNN_RNND,6447,0.5078292340040207,0.40979986637830734,0.09802935272455215,
0,260816,matched,MATCHED_Impulsive,Proposed_CA_CNN_RNND,6448,0.2985104210674763,0.25565193593502045,0.0428584860637784,
0,260816,matched,MATCHED_Impulsive,Proposed_CA_CNN_RNND,6449,0.4810337573289871,0.38630103319883347,0.0947327259927988,
0,260816,matched,MATCHED_Impulsive,Proposed_CA_CNN_RNND,6450,0.37155209854245186,0.30236952751874924,0.06918257148936391,
0,260816,matched,MATCHED_Impulsive,Proposed_CA_CNN_RNND,6451,0.5461507588624954,0.4336814656853676,0.11246928665786982,
0,260816,matched,MATCHED_Impulsive,Proposed_CA_CNN_RNND,6452,0.37189410626888275,0.3105064406991005,0.06138767162337899,
0,260816,matched,MATCHED_Impulsive,Proposed_CA_CNN_RNND,6453,0.2959255650639534,0.25620144233107567,0.03972412319853902,
0,260816,matched,MATCHED_Impulsive,Proposed_CA_CNN_RNND,6454,0.3309694230556488,0.2806205786764622,0.05034883553162217,
0,260816,matched,MATCHED_Impulsive,Proposed_CA_CNN_RNND,6455,0.4165639877319336,0.3493850901722908,0.06717890221625566,
0,260816,matched,MATCHED_Impulsive,Proposed_CA_CNN_RNND,6456,0.45409538969397545,0.3673478960990906,0.0867475038394332,
0,260816,matched,MATCHED_Impulsive,Proposed_CA_CNN_RNND,6457,0.4799158126115799,0.39212576299905777,0.08779006358236074,
0,260816,matched,MATCHED_Impulsive,Proposed_CA_CNN_RNND,6458,0.35226940363645554,0.29487137496471405,0.057398032397031784,
0,260816,matched,MATCHED_Impulsive,Proposed_CA_CNN_RNND,6459,0.3405410870909691,0.28226596117019653,0.0582751240581274,
0,260816,matched,MATCHED_Impulsive,Proposed_CA_CNN_RNND,6460,0.5057151392102242,0.4070919379591942,0.09862320870161057,
0,260816,matched,MATCHED_Impulsive,Proposed_CA_CNN_RNND,6461,0.559715561568737,0.447760172188282,0.11195538844913244,
0,260816,matched,MATCHED_Impulsive,Proposed_CA_CNN_RNND,6462,0.36444927379488945,0.30095237493515015,0.06349690863862634,
0,260816,matched,MATCHED_Impulsive,Proposed_CA_CNN_RNND,6463,0.36284298077225685,0.299274455755949,0.06356852035969496,
0,260816,matched,MATCHED_Impulsive,Proposed_CA_CNN_RNND,6464,0.3840154707431793,0.3212270177900791,0.06278844829648733,
0,260816,matched,MATCHED_Impulsive,Proposed_CA_CNN_RNND,6465,0.39180468767881393,0.3243846893310547,0.06741998856887221,
0,260816,matched,MATCHED_Impulsive,Proposed_CA_CNN_RNND,6466,0.2814069204032421,0.24037406221032143,0.041032853070646524,
0,260816,matched,MATCHED_Impulsive,Proposed_CA_CNN_RNND,6467,0.3571540378034115,0.29194652661681175,0.06520751374773681,
0,260816,matched,MATCHED_Impulsive,Proposed_CA_CNN_RNND,6468,0.33782921358942986,0.2795661613345146,0.058263052022084594,
0,260816,matched,MATCHED_Impulsive,Proposed_CA_CNN_RNND,6469,0.4705647826194763,0.38158347457647324,0.08898131363093853,
0,260816,matched,MATCHED_Impulsive,Proposed_CA_CNN_RNND,6470,0.4337197244167328,0.3609211631119251,0.07279856316745281,
0,260816,matched,MATCHED_Impulsive,Proposed_CA_CNN_RNND,6471,0.4686587452888489,0.3777627646923065,0.09089596942067146,
0,260816,matched,MATCHED_Impulsive,Proposed_CA_CNN_RNND,6472,0.3341614454984665,0.2819558307528496,0.052205607295036316,
0,260816,matched,MATCHED_Impulsive,Proposed_CA_CNN_RNND,6473,0.3686368688941002,0.3068557381629944,0.0617811344563961,
0,260816,matched,MATCHED_Impulsive,Proposed_CA_CNN_RNND,6474,0.4306931756436825,0.34993811696767807,0.08075505774468184,
0,260816,matched,MATCHED_Impulsive,Proposed_CA_CNN_RNND,6475,0.3844902664422989,0.3165827542543411,0.06790751568041742,
0,260816,matched,MATCHED_Impulsive,Proposed_CA_CNN_RNND,6476,0.26160578429698944,0.22353287786245346,0.038072902243584394,
0,260816,matched,MATCHED_Impulsive,Proposed_CA_CNN_RNND,6477,0.3819764442741871,0.3186965771019459,0.06327986996620893,
0,260816,matched,MATCHED_Impulsive,Proposed_CA_CNN_RNND,6478,0.29646385461091995,0.24212092906236649,0.054342932999134064,
0,260816,matched,MATCHED_Impulsive,Proposed_CA_CNN_RNND,6479,0.3019854761660099,0.2575395926833153,0.044445880223065615,
0,260816,matched,MATCHED_Impulsive,Proposed_CA_CNN_RNND,6480,0.38275744393467903,0.31637584418058395,0.06638160441070795,
0,260816,matched,MATCHED_Impulsive,Proposed_CA_CNN_RNND,6481,0.39544808864593506,0.32589609548449516,0.06955199223011732,
0,260816,matched,MATCHED_Impulsive,Proposed_CA_CNN_RNND,6482,0.5629468820989132,0.4381726160645485,0.12477425392717123,
0,260816,matched,MATCHED_Impulsive,Proposed_CA_CNN_RNND,6483,0.4233548119664192,0.3449449762701988,0.07840983383357525,
0,260816,matched,MATCHED_Impulsive,Proposed_CA_CNN_RNND,6484,0.3588619530200958,0.300332210958004,0.05852974019944668,
0,260816,matched,MATCHED_Impulsive,Proposed_CA_CNN_RNND,6485,0.426666971296072,0.3507646471261978,0.07590232556685805,
0,260816,matched,MATCHED_Impulsive,Proposed_CA_CNN_RNND,6486,0.5059802979230881,0.41290298849344254,0.09307730197906494,
0,260816,matched,MATCHED_Impulsive,Proposed_CA_CNN_RNND,6487,0.25482363998889923,0.2189629264175892,0.03586071357131004,
0,260816,matched,MATCHED_Impulsive,Proposed_CA_CNN_RNND,6488,0.37219762802124023,0.3103654198348522,0.06183220166712999,
0,260816,matched,MATCHED_Impulsive,Proposed_CA_CNN_RNND,6489,0.4650049954652786,0.37827083095908165,0.08673416753299534,
0,260816,matched,MATCHED_Impulsive,Proposed_CA_CNN_RNND,6490,0.37839920073747635,0.30833669751882553,0.07006250647827983,
0,260816,matched,MATCHED_Impulsive,Proposed_CA_CNN_RNND,6491,0.24192305281758308,0.2130095772445202,0.02891347324475646,
0,260816,matched,MATCHED_Impulsive,Proposed_CA_CNN_RNND,6492,0.30052995309233665,0.25689270719885826,0.04363724775612354,
0,260816,matched,MATCHED_Impulsive,Proposed_CA_CNN_RNND,6493,0.2878772243857384,0.24151451140642166,0.04636271088384092,
0,260816,matched,MATCHED_Impulsive,Proposed_CA_CNN_RNND,6494,0.43815430253744125,0.3605530858039856,0.07760120555758476,
0,260816,matched,MATCHED_Impulsive,Proposed_CA_CNN_RNND,6495,0.35403673723340034,0.2934988960623741,0.060537852346897125,
0,260816,matched,MATCHED_Impulsive,Proposed_CA_CNN_RNND,6496,0.5234857201576233,0.41897640377283096,0.10450932197272778,
0,260816,matched,MATCHED_Impulsive,Proposed_CA_CNN_RNND,6497,0.4741438925266266,0.38578157871961594,0.08836231753230095,
0,260816,matched,MATCHED_Impulsive,Proposed_CA_CNN_RNND,6498,0.41208767890930176,0.33363891392946243,0.07844876404851675,
0,260816,matched,MATCHED_Impulsive,Proposed_CA_CNN_RNND,6499,0.4429451785981655,0.36156700551509857,0.08137817541137338,
0,260816,matched,MATCHED_Impulsive,Proposed_CA_CNN_RNND,6500,0.27056531980633736,0.2260930947959423,0.04447222431190312,
0,260816,matched,MATCHED_Impulsive,Proposed_CA_CNN_RNND,6501,0.3637141212821007,0.30219709873199463,0.06151702255010605,
0,260816,matched,MATCHED_Impulsive,Proposed_CA_CNN_RNND,6502,0.32554658874869347,0.2742553949356079,0.051291185431182384,
0,260816,matched,MATCHED_Impulsive,Proposed_CA_CNN_RNND,6503,0.39529018104076385,0.32571931183338165,0.06957087013870478,
0,260816,matched,MATCHED_Impulsive,Proposed_CA_CNN_RNND,6504,0.49928953498601913,0.4029800817370415,0.09630944859236479,
0,260816,matched,MATCHED_Impulsive,Proposed_CA_CNN_RNND,6505,0.3836218975484371,0.32052405923604965,0.06309782899916172,
0,260816,matched,MATCHED_Impulsive,Proposed_CA_CNN_RNND,6506,0.45127905905246735,0.36912934482097626,0.08214971330016851,
0,260816,matched,MATCHED_Impulsive,Proposed_CA_CNN_RNND,6507,0.503383219242096,0.40283217281103134,0.1005510464310646,
0,260816,matched,MATCHED_Impulsive,Proposed_CA_CNN_RNND,6508,0.3877522237598896,0.3256641663610935,0.06208806042559445,
0,260816,matched,MATCHED_Impulsive,Proposed_CA_CNN_RNND,6509,0.36112726107239723,0.31009501963853836,0.0510322405025363,
0,260816,matched,MATCHED_Impulsive,Proposed_CA_CNN_RNND,6510,0.38213660567998886,0.3169418126344681,0.06519479025155306,
0,260816,matched,MATCHED_Impulsive,Proposed_CA_CNN_RNND,6511,0.3870689496397972,0.3213888928294182,0.06568005494773388,
0,260816,matched,MATCHED_Impulsive,Proposed_CA_CNN_RNND,6512,0.33425211161375046,0.27450447902083397,0.05974762770347297,
0,260816,matched,MATCHED_Impulsive,Proposed_CA_CNN_RNND,6513,0.353826068341732,0.29040199518203735,0.06342408107593656,
0,260816,matched,MATCHED_Impulsive,Proposed_CA_CNN_RNND,6514,0.5832931399345398,0.46655527502298355,0.1167378518730402,
0,260816,matched,MATCHED_Impulsive,Proposed_CA_CNN_RNND,6515,0.4855520650744438,0.39039576798677444,0.09515629895031452,
0,260816,matched,MATCHED_Impulsive,Proposed_CA_CNN_RNND,6516,0.27661506459116936,0.23783574998378754,0.038779317401349545,
0,260816,matched,MATCHED_Impulsive,Proposed_CA_CNN_RNND,6517,0.2883630208671093,0.24779649078845978,0.04056653566658497,
0,260816,matched,MATCHED_Impulsive,Proposed_CA_CNN_RNND,6518,0.32751497253775597,0.2740103490650654,0.05350462673231959,
0,260816,matched,MATCHED_Impulsive,Proposed_CA_CNN_RNND,6519,0.5748379230499268,0.4594506770372391,0.11538725532591343,
0,260816,matched,MATCHED_Impulsive,Proposed_CA_CNN_RNND,6520,0.3611386939883232,0.3016291409730911,0.05950955068692565,
0,260816,matched,MATCHED_Impulsive,Proposed_CA_CNN_RNND,6521,0.4054243750870228,0.3307122327387333,0.07471213582903147,
0,260816,matched,MATCHED_Impulsive,Proposed_CA_CNN_RNND,6522,0.4260996840894222,0.3548712618649006,0.07122841710224748,
0,260816,matched,MATCHED_Impulsive,Proposed_CA_CNN_RNND,6523,0.45900459587574005,0.3728790804743767,0.08612550981342793,
0,260816,matched,MATCHED_Impulsive,Proposed_CA_CNN_RNND,6524,0.49351031333208084,0.39941731095314026,0.09409299492835999,
0,260816,matched,MATCHED_Impulsive,Proposed_CA_CNN_RNND,6525,0.38260122761130333,0.3199315816164017,0.06266964529640973,
0,260816,matched,MATCHED_Impulsive,Proposed_CA_CNN_RNND,6526,0.26117608696222305,0.231062363833189,0.030113721266388893,
0,260816,matched,MATCHED_Impulsive,Proposed_CA_CNN_RNND,6527,0.36362074315547943,0.3031664676964283,0.06045427918434143,
0,260816,matched,MATCHED_Impulsive,Proposed_CA_CNN_RNND,6528,0.3454861529171467,0.28643764182925224,0.05904850410297513,
0,260816,matched,MATCHED_Impulsive,Proposed_CA_CNN_RNND,6529,0.4581878110766411,0.3743973858654499,0.08379042148590088,
0,260816,matched,MATCHED_Impulsive,Proposed_CA_CNN_RNND,6530,0.3234618678689003,0.26681480556726456,0.05664706230163574,
0,260816,matched,MATCHED_Impulsive,Proposed_CA_CNN_RNND,6531,0.5022384002804756,0.40039342641830444,0.10184497013688087,
0,260816,matched,MATCHED_Impulsive,Proposed_CA_CNN_RNND,6532,0.4422261491417885,0.36166586726903915,0.08056028466671705,
0,260816,matched,MATCHED_Impulsive,Proposed_CA_CNN_RNND,6533,0.3924576938152313,0.32660242170095444,0.06585527863353491,
0,260816,matched,MATCHED_Impulsive,Proposed_CA_CNN_RNND,6534,0.37305887416005135,0.3115644305944443,0.06149445194751024,
0,260816,matched,MATCHED_Impulsive,Proposed_CA_CNN_RNND,6535,0.39294861257076263,0.3238407075405121,0.06910791341215372,
0,260816,matched,MATCHED_Impulsive,Proposed_CA_CNN_RNND,6536,0.43693040683865547,0.3635217249393463,0.07340868702158332,
0,260816,matched,MATCHED_Impulsive,Proposed_CA_CNN_RNND,6537,0.2942682132124901,0.2515454366803169,0.042722776997834444,
0,260816,matched,MATCHED_Impulsive,Proposed_CA_CNN_RNND,6538,0.30471694841980934,0.2641712576150894,0.04054569732397795,
0,260816,matched,MATCHED_Impulsive,Proposed_CA_CNN_RNND,6539,0.39007093384861946,0.3244399204850197,0.06563101429492235,
0,260816,matched,MATCHED_Impulsive,Proposed_CA_CNN_RNND,6540,0.2639043629169464,0.2302309088408947,0.033673454192467034,
0,260816,matched,MATCHED_Impulsive,Proposed_CA_CNN_RNND,6541,0.2574356496334076,0.22164706513285637,0.03578858356922865,
0,260816,matched,MATCHED_Impulsive,Proposed_CA_CNN_RNND,6542,0.48681726679205894,0.3849288113415241,0.10188846057280898,
0,260816,matched,MATCHED_Impulsive,Proposed_CA_CNN_RNND,6543,0.4771609306335449,0.38347863405942917,0.09368230123072863,
0,260816,matched,MATCHED_Impulsive,Proposed_CA_CNN_RNND,6544,0.3321892060339451,0.2759999781847,0.056189228780567646,
0,260816,matched,MATCHED_Impulsive,Proposed_CA_CNN_RNND,6545,0.25455811992287636,0.22297945618629456,0.031578661990351975,
0,260816,matched,MATCHED_Impulsive,Proposed_CA_CNN_RNND,6546,0.32120226323604584,0.2721122168004513,0.04909004899673164,
0,260816,matched,MATCHED_Impulsive,Proposed_CA_CNN_RNND,6547,0.4361647069454193,0.35953348129987717,0.07663123775273561,
0,260816,matched,MATCHED_Impulsive,Proposed_CA_CNN_RNND,6548,0.44194377958774567,0.36217307299375534,0.07977070659399033,
0,260816,matched,MATCHED_Impulsive,Proposed_CA_CNN_RNND,6549,0.297531820833683,0.2486894130706787,0.04884241288527846,
0,260816,matched,MATCHED_Impulsive,Proposed_CA_CNN_RNND,6550,0.36298026144504547,0.31025465577840805,0.052725608460605145,
0,260816,matched,MATCHED_Impulsive,Proposed_CA_CNN_RNND,6551,0.4108903743326664,0.3369220644235611,0.07396832015365362,
0,260816,matched,MATCHED_Impulsive,Proposed_CA_CNN_RNND,6552,0.4099999740719795,0.33479955419898033,0.07520041801035404,
0,260816,matched,MATCHED_Impulsive,Proposed_CA_CNN_RNND,6553,0.4414551109075546,0.36640455946326256,0.07505054771900177,
0,260816,matched,MATCHED_Impulsive,Proposed_CA_CNN_RNND,6554,0.5284583494067192,0.4230337142944336,0.10542463511228561,
0,260816,matched,MATCHED_Impulsive,Proposed_CA_CNN_RNND,6555,0.3355962932109833,0.28245633095502853,0.05313995946198702,
0,260816,matched,MATCHED_Impulsive,Proposed_CA_CNN_RNND,6556,0.38957279920578003,0.328974612057209,0.060598183423280716,
0,260816,matched,MATCHED_Impulsive,Proposed_CA_CNN_RNND,6557,0.49851250648498535,0.4032835438847542,0.09522895142436028,
0,260816,matched,MATCHED_Impulsive,Proposed_CA_CNN_RNND,6558,0.4031561017036438,0.3290558233857155,0.07410028018057346,
0,260816,matched,MATCHED_Impulsive,Proposed_CA_CNN_RNND,6559,0.5858718603849411,0.4585433676838875,0.12732849083840847,
0,260816,matched,MATCHED_Impulsive,Proposed_CA_CNN_RNND,6560,0.32681725174188614,0.27638886496424675,0.0504283825866878,
0,260816,matched,MATCHED_Impulsive,Proposed_CA_CNN_RNND,6561,0.4082084633409977,0.335537813603878,0.07267065718770027,
0,260816,matched,MATCHED_Impulsive,Proposed_CA_CNN_RNND,6562,0.3069746382534504,0.2536044456064701,0.05337018612772226,
0,260816,matched,MATCHED_Impulsive,Proposed_CA_CNN_RNND,6563,0.35776355490088463,0.2967180758714676,0.061045484617352486,
0,260816,matched,MATCHED_Impulsive,Proposed_CA_CNN_RNND,6564,0.4287087023258209,0.34451864659786224,0.08419006620533764,
0,260816,matched,MATCHED_Impulsive,Proposed_CA_CNN_RNND,6565,0.4554307460784912,0.37610767781734467,0.07932305987924337,
0,260816,matched,MATCHED_Impulsive,Proposed_CA_CNN_RNND,6566,0.3340546786785126,0.27711500599980354,0.05693967454135418,
0,260816,matched,MATCHED_Impulsive,Proposed_CA_CNN_RNND,6567,0.33395690843462944,0.282196082174778,0.05176082532852888,
0,260816,matched,MATCHED_Impulsive,Proposed_CA_CNN_RNND,6568,0.443962249904871,0.37144362926483154,0.07251861365512013,
0,260816,matched,MATCHED_Impulsive,Proposed_CA_CNN_RNND,6569,0.48091305792331696,0.39105720818042755,0.08985585067421198,
0,260816,matched,MATCHED_Impulsive,Proposed_CA_CNN_RNND,6570,0.5883701741695404,0.4715851917862892,0.11678498238325119,
0,260816,matched,MATCHED_Impulsive,Proposed_CA_CNN_RNND,6571,0.2944720797240734,0.24976861849427223,0.04470345750451088,
0,260816,matched,MATCHED_Impulsive,Proposed_CA_CNN_RNND,6572,0.34591373056173325,0.29085640236735344,0.055057328194379807,
0,260816,matched,MATCHED_Impulsive,Proposed_CA_CNN_RNND,6573,0.4528788551688194,0.3749036304652691,0.0779752335511148,
0,260816,matched,MATCHED_Impulsive,Proposed_CA_CNN_RNND,6574,0.6053508669137955,0.4867667183279991,0.1185841504484415,
0,260816,matched,MATCHED_Impulsive,Proposed_CA_CNN_RNND,6575,0.5015669763088226,0.4079028256237507,0.0936641376465559,
0,260816,matched,MATCHED_Impulsive,Proposed_CA_CNN_RNND,6576,0.39842336997389793,0.3265414759516716,0.07188189728185534,
0,260816,matched,MATCHED_Impulsive,Proposed_CA_CNN_RNND,6577,0.4119001552462578,0.34161948785185814,0.07028067158535123,
0,260816,matched,MATCHED_Impulsive,Proposed_CA_CNN_RNND,6578,0.341842707246542,0.28732437640428543,0.05451832991093397,
0,260816,matched,MATCHED_Impulsive,Proposed_CA_CNN_RNND,6579,0.3535158038139343,0.2966455817222595,0.05687021650373936,
0,260816,matched,MATCHED_Impulsive,Proposed_CA_CNN_RNND,6580,0.3045324571430683,0.25985418632626534,0.044678270001895726,
0,260816,matched,MATCHED_Impulsive,Proposed_CA_CNN_RNND,6581,0.3355628065764904,0.2819158211350441,0.053646983578801155,
0,260816,matched,MATCHED_Impulsive,Proposed_CA_CNN_RNND,6582,0.4246298223733902,0.34539488330483437,0.07923493720591068,
0,260816,matched,MATCHED_Impulsive,Proposed_CA_CNN_RNND,6583,0.4335012584924698,0.3574812263250351,0.07602002937346697,
0,260816,matched,MATCHED_Impulsive,Proposed_CA_CNN_RNND,6584,0.35604574531316757,0.292183343321085,0.06386240478605032,
0,260816,matched,MATCHED_Impulsive,Proposed_CA_CNN_RNND,6585,0.34454885870218277,0.2878248244524002,0.056724028661847115,
0,260816,matched,MATCHED_Impulsive,Proposed_CA_CNN_RNND,6586,0.32203508913517,0.2694350332021713,0.052600049413740635,
0,260816,matched,MATCHED_Impulsive,Proposed_CA_CNN_RNND,6587,0.45835108309984207,0.37501270323991776,0.08333838172256947,
0,260816,matched,MATCHED_Impulsive,Proposed_CA_CNN_RNND,6588,0.33431820571422577,0.27620358765125275,0.05811460968106985,
0,260816,matched,MATCHED_Impulsive,Proposed_CA_CNN_RNND,6589,0.39630817621946335,0.3357648625969887,0.060543304309248924,
0,260816,matched,MATCHED_Impulsive,Proposed_CA_CNN_RNND,6590,0.36808978393673897,0.3054341822862625,0.06265560211613774,
0,260816,matched,MATCHED_Impulsive,Proposed_CA_CNN_RNND,6591,0.5015086755156517,0.40592722594738007,0.09558146679773927,
0,260816,matched,MATCHED_Impulsive,Proposed_CA_CNN_RNND,6592,0.3290220573544502,0.2747495211660862,0.05427252687513828,
0,260816,matched,MATCHED_Impulsive,Proposed_CA_CNN_RNND,6593,0.26360122859477997,0.23307564109563828,0.030525587033480406,
0,260816,matched,MATCHED_Impulsive,Proposed_CA_CNN_RNND,6594,0.33697332069277763,0.2793608568608761,0.057612466625869274,
0,260816,matched,MATCHED_Impulsive,Proposed_CA_CNN_RNND,6595,0.3756101652979851,0.31528469175100327,0.06032548239454627,
0,260816,matched,MATCHED_Impulsive,Proposed_CA_CNN_RNND,6596,0.39294442534446716,0.3297248035669327,0.06321961898356676,
0,260816,matched,MATCHED_Impulsive,Proposed_CA_CNN_RNND,6597,0.320211049169302,0.27608468011021614,0.04412637231871486,
0,260816,matched,MATCHED_Impulsive,Proposed_CA_CNN_RNND,6598,0.4373246170580387,0.355312705039978,0.08201191062107682,
0,260816,matched,MATCHED_Impulsive,Proposed_CA_CNN_RNND,6599,0.3484097346663475,0.29780783876776695,0.05060189310461283,
0,260816,matched,MATCHED_Impulsive,Proposed_CA_CNN_RNND,6600,0.4627276733517647,0.38118161261081696,0.08154606586322188,-1.0799642639358171
0,260816,matched,MATCHED_Impulsive,Proposed_CA_CNN_RNND,6601,0.4729996845126152,0.3853331729769707,0.08766651526093483,
0,260816,matched,MATCHED_Impulsive,Proposed_CA_CNN_RNND,6602,0.37833158299326897,0.3112965151667595,0.0670350668951869,
0,260816,matched,MATCHED_Impulsive,Proposed_CA_CNN_RNND,6603,0.3147895373404026,0.2720182277262211,0.04277130914852023,
0,260816,matched,MATCHED_Impulsive,Proposed_CA_CNN_RNND,6604,0.3388715386390686,0.28717466071248055,0.051696885377168655,
0,260816,matched,MATCHED_Impulsive,Proposed_CA_CNN_RNND,6605,0.43529701232910156,0.35624242573976517,0.07905458007007837,
0,260816,matched,MATCHED_Impulsive,Proposed_CA_CNN_RNND,6606,0.32804593816399574,0.2744831442832947,0.05356279527768493,
0,260816,matched,MATCHED_Impulsive,Proposed_CA_CNN_RNND,6607,0.4195924289524555,0.3460517190396786,0.0735407187603414,
0,260816,matched,MATCHED_Impulsive,Proposed_CA_CNN_RNND,6608,0.43479009717702866,0.3631717599928379,0.07161834416911006,
0,260816,matched,MATCHED_Impulsive,Proposed_CA_CNN_RNND,6609,0.4512477144598961,0.36781035736203194,0.08343736315146089,
0,260816,matched,MATCHED_Impulsive,Proposed_CA_CNN_RNND,6610,0.43779660016298294,0.3591649904847145,0.07863161340355873,
0,260816,matched,MATCHED_Impulsive,Proposed_CA_CNN_RNND,6611,0.3258436918258667,0.2760462872684002,0.049797395477071404,
0,260816,matched,MATCHED_Impulsive,Proposed_CA_CNN_RNND,6612,0.3704303838312626,0.3078056275844574,0.06262475764378905,
0,260816,matched,MATCHED_Impulsive,Proposed_CA_CNN_RNND,6613,0.3444553576409817,0.29520414769649506,0.04925120249390602,
0,260816,matched,MATCHED_Impulsive,Proposed_CA_CNN_RNND,6614,0.405418761074543,0.34476030617952347,0.06065845116972923,
0,260816,matched,MATCHED_Impulsive,Proposed_CA_CNN_RNND,6615,0.35424254834651947,0.28839464858174324,0.0658479065168649,
0,260816,matched,MATCHED_Impulsive,Proposed_CA_CNN_RNND,6616,0.4113885164260864,0.3283725995570421,0.08301591570489109,
0,260816,matched,MATCHED_Impulsive,Proposed_CA_CNN_RNND,6617,0.26536551117897034,0.22690559178590775,0.038459924049675465,
0,260816,matched,MATCHED_Impulsive,Proposed_CA_CNN_RNND,6618,0.33565573021769524,0.28867708519101143,0.046978648751974106,
0,260816,matched,MATCHED_Impulsive,Proposed_CA_CNN_RNND,6619,0.388640645891428,0.31680329144001007,0.07183735677972436,
0,260816,matched,MATCHED_Impulsive,Proposed_CA_CNN_RNND,6620,0.35808969661593437,0.2952408716082573,0.06284882640466094,
0,260816,matched,MATCHED_Impulsive,Proposed_CA_CNN_RNND,6621,0.3320402055978775,0.28009650856256485,0.05194370215758681,
0,260816,matched,MATCHED_Impulsive,Proposed_CA_CNN_RNND,6622,0.44091416150331497,0.3626800552010536,0.0782341081649065,
0,260816,matched,MATCHED_Impulsive,Proposed_CA_CNN_RNND,6623,0.32905109599232674,0.279681745916605,0.04936934728175402,
0,260816,matched,MATCHED_Impulsive,Proposed_CA_CNN_RNND,6624,0.252525020390749,0.21561851724982262,0.03690650966018438,
0,260816,matched,MATCHED_Impulsive,Proposed_CA_CNN_RNND,6625,0.31384582445025444,0.26887279003858566,0.04497303627431393,
0,260816,matched,MATCHED_Impulsive,Proposed_CA_CNN_RNND,6626,0.37597478926181793,0.31269218772649765,0.06328259781002998,
0,260816,matched,MATCHED_Impulsive,Proposed_CA_CNN_RNND,6627,0.43527766317129135,0.3636727035045624,0.07160495966672897,
0,260816,matched,MATCHED_Impulsive,Proposed_CA_CNN_RNND,6628,0.41977421194314957,0.3427652046084404,0.07700901571661234,
0,260816,matched,MATCHED_Impulsive,Proposed_CA_CNN_RNND,6629,0.5122466683387756,0.4143512323498726,0.09789543598890305,
0,260816,matched,MATCHED_Impulsive,Proposed_CA_CNN_RNND,6630,0.23745866119861603,0.21022650226950645,0.027232157997787,
0,260816,matched,MATCHED_Impulsive,Proposed_CA_CNN_RNND,6631,0.20943789929151535,0.18809599056839943,0.021341906394809484,
0,260816,matched,MATCHED_Impulsive,Proposed_CA_CNN_RNND,6632,0.4160715490579605,0.344943106174469,0.07112845173105597,
0,260816,matched,MATCHED_Impulsive,Proposed_CA_CNN_RNND,6633,0.3830280229449272,0.31992560625076294,0.06310241110622883,
0,260816,matched,MATCHED_Impulsive,Proposed_CA_CNN_RNND,6634,0.40122294425964355,0.32913508266210556,0.07208786578848958,
0,260816,matched,MATCHED_Impulsive,Proposed_CA_CNN_RNND,6635,0.42052531987428665,0.35292478650808334,0.06760053429752588,
0,260816,matched,MATCHED_Impulsive,Proposed_CA_CNN_RNND,6636,0.37061817198991776,0.3100983016192913,0.06051987409591675,
0,260816,matched,MATCHED_Impulsive,Proposed_CA_CNN_RNND,6637,0.44377192109823227,0.3633293844759464,0.08044254453852773,
0,260816,matched,MATCHED_Impulsive,Proposed_CA_CNN_RNND,6638,0.3855341374874115,0.32122988998889923,0.06430424749851227,
0,260816,matched,MATCHED_Impulsive,Proposed_CA_CNN_RNND,6639,0.2874193750321865,0.2400987222790718,0.04732065321877599,
0,260816,matched,MATCHED_Impulsive,Proposed_CA_CNN_RNND,6640,0.3865049257874489,0.3240518122911453,0.0624531083740294,
0,260816,matched,MATCHED_Impulsive,Proposed_CA_CNN_RNND,6641,0.19903501123189926,0.17829976603388786,0.0207352451980114,
0,260816,matched,MATCHED_Impulsive,Proposed_CA_CNN_RNND,6642,0.43019623309373856,0.3501111790537834,0.08008506055921316,
0,260816,matched,MATCHED_Impulsive,Proposed_CA_CNN_RNND,6643,0.4763280227780342,0.3932937681674957,0.0830342466942966,
0,260816,matched,MATCHED_Impulsive,Proposed_CA_CNN_RNND,6644,0.3124876767396927,0.2606724314391613,0.051815254148095846,
0,260816,matched,MATCHED_Impulsive,Proposed_CA_CNN_RNND,6645,0.3585485555231571,0.3020224757492542,0.05652608023956418,
0,260816,matched,MATCHED_Impulsive,Proposed_CA_CNN_RNND,6646,0.3059871681034565,0.26476284861564636,0.041224322048947215,
0,260816,matched,MATCHED_Impulsive,Proposed_CA_CNN_RNND,6647,0.4188639745116234,0.3412741459906101,0.07758981781080365,
0,260816,matched,MATCHED_Impulsive,Proposed_CA_CNN_RNND,6648,0.5181141197681427,0.42477185279130936,0.09334227070212364,
0,260816,matched,MATCHED_Impulsive,Proposed_CA_CNN_RNND,6649,0.4221336953341961,0.3425273969769478,0.07960629649460316,
0,260816,matched,MATCHED_Impulsive,Proposed_CA_CNN_RNND,6650,0.3347608782351017,0.2835511527955532,0.05120972730219364,
0,260816,matched,MATCHED_Impulsive,Proposed_CA_CNN_RNND,6651,0.505145750939846,0.41171227395534515,0.09343345649540424,
0,260816,matched,MATCHED_Impulsive,Proposed_CA_CNN_RNND,6652,0.3851581774652004,0.32435442507267,0.06080375052988529,
0,260816,matched,MATCHED_Impulsive,Proposed_CA_CNN_RNND,6653,0.47288550063967705,0.3822849914431572,0.09060051944106817,
0,260816,matched,MATCHED_Impulsive,Proposed_CA_CNN_RNND,6654,0.4842725768685341,0.39565178006887436,0.08862080331891775,
0,260816,matched,MATCHED_Impulsive,Proposed_CA_CNN_RNND,6655,0.2704692594707012,0.23780134692788124,0.032667914405465126,
0,260816,matched,MATCHED_Impulsive,Proposed_CA_CNN_RNND,6656,0.2846630699932575,0.2429596111178398,0.04170346073806286,
0,260816,matched,MATCHED_Impulsive,Proposed_CA_CNN_RNND,6657,0.38599059730768204,0.3217988535761833,0.06419174582697451,
0,260816,matched,MATCHED_Impulsive,Proposed_CA_CNN_RNND,6658,0.2728526294231415,0.23615431413054466,0.03669831994920969,
0,260816,matched,MATCHED_Impulsive,Proposed_CA_CNN_RNND,6659,0.3227977007627487,0.2688767574727535,0.05392094096168876,
0,260816,matched,MATCHED_Impulsive,Proposed_CA_CNN_RNND,6660,0.30415674671530724,0.2660183943808079,0.03813835186883807,
0,260816,matched,MATCHED_Impulsive,Proposed_CA_CNN_RNND,6661,0.23544713109731674,0.20636188983917236,0.029085240326821804,
0,260816,matched,MATCHED_Impulsive,Proposed_CA_CNN_RNND,6662,0.33561911433935165,0.27959101647138596,0.056028096470981836,
0,260816,matched,MATCHED_Impulsive,Proposed_CA_CNN_RNND,6663,0.4079189896583557,0.33918478339910507,0.06873420625925064,
0,260816,matched,MATCHED_Impulsive,Proposed_CA_CNN_RNND,6664,0.5172273069620132,0.4184509739279747,0.09877633303403854,
0,260816,matched,MATCHED_Impulsive,Proposed_CA_CNN_RNND,6665,0.3284173160791397,0.28293172270059586,0.045485591515898705,
0,260816,matched,MATCHED_Impulsive,Proposed_CA_CNN_RNND,6666,0.3222326748073101,0.26565154269337654,0.05658112745732069,
0,260816,matched,MATCHED_Impulsive,Proposed_CA_CNN_RNND,6667,0.2457624152302742,0.20998886227607727,0.03577355341985822,
0,260816,matched,MATCHED_Impulsive,Proposed_CA_CNN_RNND,6668,0.45789067447185516,0.371057853102684,0.08683282788842916,
0,260816,matched,MATCHED_Impulsive,Proposed_CA_CNN_RNND,6669,0.3732161857187748,0.3041597902774811,0.06905639311298728,
0,260816,matched,MATCHED_Impulsive,Proposed_CA_CNN_RNND,6670,0.47134291008114815,0.3782152831554413,0.09312761761248112,
0,260816,matched,MATCHED_Impulsive,Proposed_CA_CNN_RNND,6671,0.40384259819984436,0.3356395438313484,0.06820304249413311,
0,260816,matched,MATCHED_Impulsive,Proposed_CA_CNN_RNND,6672,0.36224620789289474,0.2983185462653637,0.06392766162753105,
0,260816,matched,MATCHED_Impulsive,Proposed_CA_CNN_RNND,6673,0.36177491024136543,0.2986298017203808,0.06314510107040405,
0,260816,matched,MATCHED_Impulsive,Proposed_CA_CNN_RNND,6674,0.4145256206393242,0.33934782072901726,0.07517779991030693,
0,260816,matched,MATCHED_Impulsive,Proposed_CA_CNN_RNND,6675,0.3690609261393547,0.31201251596212387,0.05704840924590826,
0,260816,matched,MATCHED_Impulsive,Proposed_CA_CNN_RNND,6676,0.28795257210731506,0.24286026880145073,0.04509230004623532,
0,260816,matched,MATCHED_Impulsive,Proposed_CA_CNN_RNND,6677,0.37810591608285904,0.31466013193130493,0.06344578322023153,
0,260816,matched,MATCHED_Impulsive,Proposed_CA_CNN_RNND,6678,0.3983532041311264,0.32675885409116745,0.07159434631466866,
0,260816,matched,MATCHED_Impulsive,Proposed_CA_CNN_RNND,6679,0.34302566200494766,0.2852664478123188,0.05775921791791916,
0,260816,matched,MATCHED_Impulsive,Proposed_CA_CNN_RNND,6680,0.41857586801052094,0.3478703945875168,0.0707054641097784,
0,260816,matched,MATCHED_Impulsive,Proposed_CA_CNN_RNND,6681,0.4044327512383461,0.332841694355011,0.07159105385653675,
0,260816,matched,MATCHED_Impulsive,Proposed_CA_CNN_RNND,6682,0.3221660181879997,0.27822132781147957,0.043944685719907284,
0,260816,matched,MATCHED_Impulsive,Proposed_CA_CNN_RNND,6683,0.45866255462169647,0.36309684067964554,0.09556571021676064,
0,260816,matched,MATCHED_Impulsive,Proposed_CA_CNN_RNND,6684,0.40915606170892715,0.3310756981372833,0.07808036729693413,
0,260816,matched,MATCHED_Impulsive,Proposed_CA_CNN_RNND,6685,0.4543803855776787,0.37296391278505325,0.0814164625480771,
0,260816,matched,MATCHED_Impulsive,Proposed_CA_CNN_RNND,6686,0.3818177878856659,0.31995531916618347,0.061862473376095295,
0,260816,matched,MATCHED_Impulsive,Proposed_CA_CNN_RNND,6687,0.37236468866467476,0.308207917958498,0.06415677350014448,
0,260816,matched,MATCHED_Impulsive,Proposed_CA_CNN_RNND,6688,0.5329951792955399,0.4243967980146408,0.10859840270131826,
0,260816,matched,MATCHED_Impulsive,Proposed_CA_CNN_RNND,6689,0.3194953352212906,0.27083539962768555,0.04865993186831474,
0,260816,matched,MATCHED_Impulsive,Proposed_CA_CNN_RNND,6690,0.33650319278240204,0.2821069695055485,0.05439622467383742,
0,260816,matched,MATCHED_Impulsive,Proposed_CA_CNN_RNND,6691,0.2802468612790108,0.24705081433057785,0.03319604694843292,
0,260816,matched,MATCHED_Impulsive,Proposed_CA_CNN_RNND,6692,0.2758767232298851,0.24179065972566605,0.03408606303855777,
0,260816,matched,MATCHED_Impulsive,Proposed_CA_CNN_RNND,6693,0.3788936957716942,0.3232380375266075,0.05565566010773182,
0,260816,matched,MATCHED_Impulsive,Proposed_CA_CNN_RNND,6694,0.45651812851428986,0.3699835166335106,0.08653461840003729,
0,260816,matched,MATCHED_Impulsive,Proposed_CA_CNN_RNND,6695,0.40509750694036484,0.33660053834319115,0.06849697604775429,
0,260816,matched,MATCHED_Impulsive,Proposed_CA_CNN_RNND,6696,0.41440364718437195,0.3444001078605652,0.07000353559851646,
0,260816,matched,MATCHED_Impulsive,Proposed_CA_CNN_RNND,6697,0.34758802875876427,0.2921624593436718,0.05542555917054415,
0,260816,matched,MATCHED_Impulsive,Proposed_CA_CNN_RNND,6698,0.18806545436382294,0.1696869395673275,0.018378517357632518,
0,260816,matched,MATCHED_Impulsive,Proposed_CA_CNN_RNND,6699,0.451425738632679,0.3697034828364849,0.08172225765883923,
0,260816,matched,MATCHED_Impulsive,Proposed_CA_CNN_RNND,6700,0.323289405554533,0.27055440098047256,0.0527350059710443,
0,260816,matched,MATCHED_Impulsive,Proposed_CA_CNN_RNND,6701,0.4533311128616333,0.3675648868083954,0.08576622605323792,
0,260816,matched,MATCHED_Impulsive,Proposed_CA_CNN_RNND,6702,0.2523995600640774,0.21990236639976501,0.032497195061296225,
0,260816,matched,MATCHED_Impulsive,Proposed_CA_CNN_RNND,6703,0.43217097967863083,0.3390393443405628,0.09313164371997118,
0,260816,matched,MATCHED_Impulsive,Proposed_CA_CNN_RNND,6704,0.45413344725966454,0.3687458001077175,0.0853876550681889,
0,260816,matched,MATCHED_Impulsive,Proposed_CA_CNN_RNND,6705,0.3700168803334236,0.309949666261673,0.06006722059100866,
0,260816,matched,MATCHED_Impulsive,Proposed_CA_CNN_RNND,6706,0.2284579873085022,0.20713631436228752,0.02132167317904532,
0,260816,matched,MATCHED_Impulsive,Proposed_CA_CNN_RNND,6707,0.38054806739091873,0.3164602518081665,0.06408780673518777,
0,260816,matched,MATCHED_Impulsive,Proposed_CA_CNN_RNND,6708,0.25153909251093864,0.21668949350714684,0.034849598072469234,
0,260816,matched,MATCHED_Impulsive,Proposed_CA_CNN_RNND,6709,0.33647429943084717,0.2822095677256584,0.05426473682746291,
0,260816,matched,MATCHED_Impulsive,Proposed_CA_CNN_RNND,6710,0.23935548588633537,0.21296771243214607,0.02638777531683445,
0,260816,matched,MATCHED_Impulsive,Proposed_CA_CNN_RNND,6711,0.29812486842274666,0.25154733657836914,0.04657753836363554,
0,260816,matched,MATCHED_Impulsive,Proposed_CA_CNN_RNND,6712,0.394758477807045,0.325927022844553,0.06883145123720169,
0,260816,matched,MATCHED_Impulsive,Proposed_CA_CNN_RNND,6713,0.317728154361248,0.27270616218447685,0.045021992176771164,
0,260816,matched,MATCHED_Impulsive,Proposed_CA_CNN_RNND,6714,0.4095190614461899,0.33224795013666153,0.0772710982710123,
0,260816,matched,MATCHED_Impulsive,Proposed_CA_CNN_RNND,6715,0.3216371014714241,0.26580217480659485,0.0558349285274744,
0,260816,matched,MATCHED_Impulsive,Proposed_CA_CNN_RNND,6716,0.4616446793079376,0.3800005614757538,0.08164412714540958,
0,260816,matched,MATCHED_Impulsive,Proposed_CA_CNN_RNND,6717,0.3223821856081486,0.27710145339369774,0.04528072942048311,
0,260816,matched,MATCHED_Impulsive,Proposed_CA_CNN_RNND,6718,0.30154961720108986,0.2537642940878868,0.047785321599803865,
0,260816,matched,MATCHED_Impulsive,Proposed_CA_CNN_RNND,6719,0.3145923800766468,0.2663744054734707,0.04821797460317612,
0,260816,matched,MATCHED_Impulsive,Proposed_CA_CNN_RNND,6720,0.42184697464108467,0.3452458903193474,0.07660107361152768,
0,260816,matched,MATCHED_Impulsive,Proposed_CA_CNN_RNND,6721,0.4710465148091316,0.3812510184943676,0.0897954935207963,
0,260816,matched,MATCHED_Impulsive,Proposed_CA_CNN_RNND,6722,0.49972181022167206,0.411091610789299,0.0886301938444376,
0,260816,matched,MATCHED_Impulsive,Proposed_CA_CNN_RNND,6723,0.366329874843359,0.30405133590102196,0.062278526835143566,
0,260816,matched,MATCHED_Impulsive,Proposed_CA_CNN_RNND,6724,0.34623657166957855,0.29051730781793594,0.055719269905239344,
0,260816,matched,MATCHED_Impulsive,Proposed_CA_CNN_RNND,6725,0.2994380369782448,0.24793347343802452,0.05150455515831709,
0,260816,matched,MATCHED_Impulsive,Proposed_CA_CNN_RNND,6726,0.5413967594504356,0.4278801828622818,0.1135165598243475,
0,260816,matched,MATCHED_Impulsive,Proposed_CA_CNN_RNND,6727,0.4229450523853302,0.3441732991486788,0.07877175998874009,
0,260816,matched,MATCHED_Impulsive,Proposed_CA_CNN_RNND,6728,0.3509037531912327,0.2908243164420128,0.060079440707340837,
0,260816,matched,MATCHED_Impulsive,Proposed_CA_CNN_RNND,6729,0.35179197043180466,0.29148224368691444,0.060309731401503086,
0,260816,matched,MATCHED_Impulsive,Proposed_CA_CNN_RNND,6730,0.38571568205952644,0.3097510077059269,0.07596467016264796,
0,260816,matched,MATCHED_Impulsive,Proposed_CA_CNN_RNND,6731,0.24685418605804443,0.2126171514391899,0.034237032756209373,
0,260816,matched,MATCHED_Impulsive,Proposed_CA_CNN_RNND,6732,0.22606225684285164,0.19787530601024628,0.028186956886202097,
0,260816,matched,MATCHED_Impulsive,Proposed_CA_CNN_RNND,6733,0.2956671193242073,0.25569362193346024,0.039973498322069645,
0,260816,matched,MATCHED_Impulsive,Proposed_CA_CNN_RNND,6734,0.5196716859936714,0.4107170067727566,0.1089546806178987,
0,260816,matched,MATCHED_Impulsive,Proposed_CA_CNN_RNND,6735,0.37012144923210144,0.3086821660399437,0.061439281329512596,
0,260816,matched,MATCHED_Impulsive,Proposed_CA_CNN_RNND,6736,0.45303550362586975,0.37114962935447693,0.08188586961477995,
0,260816,matched,MATCHED_Impulsive,Proposed_CA_CNN_RNND,6737,0.2932715304195881,0.24758613854646683,0.045685389544814825,
0,260816,matched,MATCHED_Impulsive,Proposed_CA_CNN_RNND,6738,0.40369638055562973,0.3293396085500717,0.07435678225010633,
0,260816,matched,MATCHED_Impulsive,Proposed_CA_CNN_RNND,6739,0.437105655670166,0.3571522906422615,0.07995336316525936,
0,260816,matched,MATCHED_Impulsive,Proposed_CA_CNN_RNND,6740,0.415438748896122,0.3489963412284851,0.06644240207970142,
0,260816,matched,MATCHED_Impulsive,Proposed_CA_CNN_RNND,6741,0.1808936633169651,0.16208621859550476,0.018807443790137768,
0,260816,matched,MATCHED_Impulsive,Proposed_CA_CNN_RNND,6742,0.27156297862529755,0.23564382642507553,0.035919154062867165,
0,260816,matched,MATCHED_Impulsive,Proposed_CA_CNN_RNND,6743,0.44375815987586975,0.3743605390191078,0.0693976255133748,
0,260816,matched,MATCHED_Impulsive,Proposed_CA_CNN_RNND,6744,0.4820079132914543,0.3955802246928215,0.08642769046127796,
0,260816,matched,MATCHED_Impulsive,Proposed_CA_CNN_RNND,6745,0.35802073404192924,0.29927894100546837,0.0587417958304286,
0,260816,matched,MATCHED_Impulsive,Proposed_CA_CNN_RNND,6746,0.33013008534908295,0.27879129350185394,0.051338789984583855,
0,260816,matched,MATCHED_Impulsive,Proposed_CA_CNN_RNND,6747,0.294675100594759,0.25543351098895073,0.03924158401787281,
0,260816,matched,MATCHED_Impulsive,Proposed_CA_CNN_RNND,6748,0.2866414412856102,0.24909964948892593,0.03754178946837783,
0,260816,matched,MATCHED_Impulsive,Proposed_CA_CNN_RNND,6749,0.3655259758234024,0.3103378601372242,0.055188107304275036,
0,260816,matched,MATCHED_Impulsive,Proposed_CA_CNN_RNND,6750,0.5298394858837128,0.4311012327671051,0.09873824752867222,
0,260816,matched,MATCHED_Impulsive,Proposed_CA_CNN_RNND,6751,0.28653523698449135,0.2449016310274601,0.04163360269740224,
0,260816,matched,MATCHED_Impulsive,Proposed_CA_CNN_RNND,6752,0.4253770336508751,0.35351306945085526,0.07186396094039083,
0,260816,matched,MATCHED_Impulsive,Proposed_CA_CNN_RNND,6753,0.4813501685857773,0.3807274103164673,0.10062274895608425,
0,260816,matched,MATCHED_Impulsive,Proposed_CA_CNN_RNND,6754,0.24034562706947327,0.20357048884034157,0.03677513916045427,
0,260816,matched,MATCHED_Impulsive,Proposed_CA_CNN_RNND,6755,0.357009407132864,0.3022736795246601,0.05473573040217161,
0,260816,matched,MATCHED_Impulsive,Proposed_CA_CNN_RNND,6756,0.24450191855430603,0.21142671629786491,0.03307520132511854,
0,260816,matched,MATCHED_Impulsive,Proposed_CA_CNN_RNND,6757,0.3687502034008503,0.31080126017332077,0.05794894276186824,
0,260816,matched,MATCHED_Impulsive,Proposed_CA_CNN_RNND,6758,0.31741296872496605,0.2674662247300148,0.04994673898909241,
0,260816,matched,MATCHED_Impulsive,Proposed_CA_CNN_RNND,6759,0.2447790987789631,0.21544723585247993,0.02933186525478959,
0,260816,matched,MATCHED_Impulsive,Proposed_CA_CNN_RNND,6760,0.44604313373565674,0.36282967776060104,0.0832134592346847,
0,260816,matched,MATCHED_Impulsive,Proposed_CA_CNN_RNND,6761,0.37399253994226456,0.31266120076179504,0.061331343837082386,
0,260816,matched,MATCHED_Impulsive,Proposed_CA_CNN_RNND,6762,0.29719334840774536,0.24689535424113274,0.050297997891902924,
0,260816,matched,MATCHED_Impulsive,Proposed_CA_CNN_RNND,6763,0.330216683447361,0.2881651520729065,0.04205153323709965,
0,260816,matched,MATCHED_Impulsive,Proposed_CA_CNN_RNND,6764,0.396000511944294,0.3287661522626877,0.06723434943705797,
0,260816,matched,MATCHED_Impulsive,Proposed_CA_CNN_RNND,6765,0.4615408852696419,0.3775075525045395,0.08403332252055407,
0,260816,matched,MATCHED_Impulsive,Proposed_CA_CNN_RNND,6766,0.4705323353409767,0.3832210674881935,0.08731126599013805,
0,260816,matched,MATCHED_Impulsive,Proposed_CA_CNN_RNND,6767,0.45949795842170715,0.3739916458725929,0.08550630696117878,
0,260816,matched,MATCHED_Impulsive,Proposed_CA_CNN_RNND,6768,0.3685470297932625,0.30880336463451385,0.059743653517216444,
0,260816,matched,MATCHED_Impulsive,Proposed_CA_CNN_RNND,6769,0.33311284333467484,0.2814082130789757,0.05170463211834431,
0,260816,matched,MATCHED_Impulsive,Proposed_CA_CNN_RNND,6770,0.3767359256744385,0.3149854727089405,0.06175045110285282,
0,260816,matched,MATCHED_Impulsive,Proposed_CA_CNN_RNND,6771,0.3173944912850857,0.26996202021837234,0.04743246827274561,
0,260816,matched,MATCHED_Impulsive,Proposed_CA_CNN_RNND,6772,0.40009869635105133,0.3294150345027447,0.07068365812301636,
0,260816,matched,MATCHED_Impulsive,Proposed_CA_CNN_RNND,6773,0.34376025572419167,0.28462065756320953,0.059139607939869165,
0,260816,matched,MATCHED_Impulsive,Proposed_CA_CNN_RNND,6774,0.31956467032432556,0.26343612372875214,0.05612853867933154,
0,260816,matched,MATCHED_Impulsive,Proposed_CA_CNN_RNND,6775,0.42851078882813454,0.3549826070666313,0.0735281822271645,
0,260816,matched,MATCHED_Impulsive,Proposed_CA_CNN_RNND,6776,0.3670889139175415,0.30862365290522575,0.0584652628749609,
0,260816,matched,MATCHED_Impulsive,Proposed_CA_CNN_RNND,6777,0.4105576202273369,0.3418555408716202,0.06870208494365215,
0,260816,matched,MATCHED_Impulsive,Proposed_CA_CNN_RNND,6778,0.4219184145331383,0.35143353790044785,0.07048487477004528,
0,260816,matched,MATCHED_Impulsive,Proposed_CA_CNN_RNND,6779,0.3830767646431923,0.3186235800385475,0.06445318553596735,
0,260816,matched,MATCHED_Impulsive,Proposed_CA_CNN_RNND,6780,0.355169165879488,0.29628780484199524,0.05888135638087988,
0,260816,matched,MATCHED_Impulsive,Proposed_CA_CNN_RNND,6781,0.43782074749469757,0.36633236706256866,0.07148837414570153,
0,260816,matched,MATCHED_Impulsive,Proposed_CA_CNN_RNND,6782,0.3165319748222828,0.26799529045820236,0.04853668296709657,
0,260816,matched,MATCHED_Impulsive,Proposed_CA_CNN_RNND,6783,0.3882926031947136,0.3221063166856766,0.06618628278374672,
0,260816,matched,MATCHED_Impulsive,Proposed_CA_CNN_RNND,6784,0.42031199485063553,0.3488498106598854,0.0714621739462018,
0,260816,matched,MATCHED_Impulsive,Proposed_CA_CNN_RNND,6785,0.4095371998846531,0.3374059870839119,0.07213120977394283,
0,260816,matched,MATCHED_Impulsive,Proposed_CA_CNN_RNND,6786,0.43058544024825096,0.3513084873557091,0.07927696034312248,
0,260816,matched,MATCHED_Impulsive,Proposed_CA_CNN_RNND,6787,0.445861779153347,0.36278320103883743,0.08307856786996126,
0,260816,matched,MATCHED_Impulsive,Proposed_CA_CNN_RNND,6788,0.2596692591905594,0.2198636271059513,0.03980563790537417,
0,260816,matched,MATCHED_Impulsive,Proposed_CA_CNN_RNND,6789,0.41777685284614563,0.34220360219478607,0.07557325065135956,
0,260816,matched,MATCHED_Impulsive,Proposed_CA_CNN_RNND,6790,0.3484961539506912,0.28524693846702576,0.06324921222403646,
0,260816,matched,MATCHED_Impulsive,Proposed_CA_CNN_RNND,6791,0.494058296084404,0.39676105603575706,0.09729723818600178,
0,260816,matched,MATCHED_Impulsive,Proposed_CA_CNN_RNND,6792,0.3065546862781048,0.26049651950597763,0.04605817096307874,
0,260816,matched,MATCHED_Impulsive,Proposed_CA_CNN_RNND,6793,0.37308163940906525,0.3033021055161953,0.06977953016757965,
0,260816,matched,MATCHED_Impulsive,Proposed_CA_CNN_RNND,6794,0.3081832379102707,0.26105310395359993,0.0471301379147917,
0,260816,matched,MATCHED_Impulsive,Proposed_CA_CNN_RNND,6795,0.4499087855219841,0.373959518969059,0.07594926538877189,
0,260816,matched,MATCHED_Impulsive,Proposed_CA_CNN_RNND,6796,0.5006512403488159,0.4077276140451431,0.09292362909764051,
0,260816,matched,MATCHED_Impulsive,Proposed_CA_CNN_RNND,6797,0.3944844678044319,0.3256470561027527,0.06883741077035666,
0,260816,matched,MATCHED_Impulsive,Proposed_CA_CNN_RNND,6798,0.40126316994428635,0.3219253607094288,0.079337814822793,
0,260816,matched,MATCHED_Impulsive,Proposed_CA_CNN_RNND,6799,0.48088735342025757,0.3912734426558018,0.08961390191689134,
0,260816,matched,MATCHED_Impulsive,Proposed_CA_CNN_RNND,6800,0.4453975111246109,0.36328766494989395,0.0821098443120718,-1.0664626214694035
0,260816,matched,MATCHED_Impulsive,Proposed_CA_CNN_RNND,6801,0.46801289170980453,0.3828318789601326,0.08518099691718817,
0,260816,matched,MATCHED_Impulsive,Proposed_CA_CNN_RNND,6802,0.4771334081888199,0.38664889335632324,0.09048451110720634,
0,260816,matched,MATCHED_Impulsive,Proposed_CA_CNN_RNND,6803,0.3365032970905304,0.2827228121459484,0.053780486807227135,
0,260816,matched,MATCHED_Impulsive,Proposed_CA_CNN_RNND,6804,0.4272479712963104,0.3522101417183876,0.07503783330321312,
0,260816,matched,MATCHED_Impulsive,Proposed_CA_CNN_RNND,6805,0.41238510608673096,0.33969010785222054,0.07269498333334923,
0,260816,matched,MATCHED_Impulsive,Proposed_CA_CNN_RNND,6806,0.48113102465867996,0.38938483968377113,0.09174617566168308,
0,260816,matched,MATCHED_Impulsive,Proposed_CA_CNN_RNND,6807,0.20790395513176918,0.1813596896827221,0.02654426544904709,
0,260816,matched,MATCHED_Impulsive,Proposed_CA_CNN_RNND,6808,0.3330299109220505,0.28264638781547546,0.050383519846946,
0,260816,matched,MATCHED_Impulsive,Proposed_CA_CNN_RNND,6809,0.3875216767191887,0.3212440796196461,0.0662775905802846,
0,260816,matched,MATCHED_Impulsive,Proposed_CA_CNN_RNND,6810,0.41621675714850426,0.34108810871839523,0.07512864656746387,
0,260816,matched,MATCHED_Impulsive,Proposed_CA_CNN_RNND,6811,0.3043753243982792,0.2564859129488468,0.04788941331207752,
0,260816,matched,MATCHED_Impulsive,Proposed_CA_CNN_RNND,6812,0.4877425506711006,0.3949175961315632,0.09282495547086,
0,260816,matched,MATCHED_Impulsive,Proposed_CA_CNN_RNND,6813,0.42176028341054916,0.34651701524853706,0.07524326350539923,
0,260816,matched,MATCHED_Impulsive,Proposed_CA_CNN_RNND,6814,0.30694782733917236,0.26211002096533775,0.04483780078589916,
0,260816,matched,MATCHED_Impulsive,Proposed_CA_CNN_RNND,6815,0.38472335413098335,0.32416438311338425,0.060558969620615244,
0,260816,matched,MATCHED_Impulsive,Proposed_CA_CNN_RNND,6816,0.3495803587138653,0.28811710700392723,0.06146325636655092,
0,260816,matched,MATCHED_Impulsive,Proposed_CA_CNN_RNND,6817,0.48346009105443954,0.39649222791194916,0.08696785941720009,
0,260816,matched,MATCHED_Impulsive,Proposed_CA_CNN_RNND,6818,0.3808513171970844,0.3157082423567772,0.06514308834448457,
0,260816,matched,MATCHED_Impulsive,Proposed_CA_CNN_RNND,6819,0.3614284470677376,0.30205710232257843,0.05937134753912687,
0,260816,matched,MATCHED_Impulsive,Proposed_CA_CNN_RNND,6820,0.3727523908019066,0.30713876709342003,0.06561361998319626,
0,260816,matched,MATCHED_Impulsive,Proposed_CA_CNN_RNND,6821,0.44486241042613983,0.3634459860622883,0.08141642669215798,
0,260816,matched,MATCHED_Impulsive,Proposed_CA_CNN_RNND,6822,0.2276739589869976,0.19580382481217384,0.03187013138085604,
0,260816,matched,MATCHED_Impulsive,Proposed_CA_CNN_RNND,6823,0.2893237881362438,0.24662386253476143,0.04269992746412754,
0,260816,matched,MATCHED_Impulsive,Proposed_CA_CNN_RNND,6824,0.3138761967420578,0.2704295851290226,0.04344661394134164,
0,260816,matched,MATCHED_Impulsive,Proposed_CA_CNN_RNND,6825,0.2491893544793129,0.2130817510187626,0.03610760718584061,
0,260816,matched,MATCHED_Impulsive,Proposed_CA_CNN_RNND,6826,0.3958689346909523,0.32952676713466644,0.06634216662496328,
0,260816,matched,MATCHED_Impulsive,Proposed_CA_CNN_RNND,6827,0.4197322651743889,0.34596992656588554,0.07376233395189047,
0,260816,matched,MATCHED_Impulsive,Proposed_CA_CNN_RNND,6828,0.29853861033916473,0.2562759593129158,0.04226265149191022,
0,260816,matched,MATCHED_Impulsive,Proposed_CA_CNN_RNND,6829,0.4103219695389271,0.3297235779464245,0.08059838600456715,
0,260816,matched,MATCHED_Impulsive,Proposed_CA_CNN_RNND,6830,0.32314441725611687,0.27570047229528427,0.04744394309818745,
0,260816,matched,MATCHED_Impulsive,Proposed_CA_CNN_RNND,6831,0.29383915290236473,0.2510729730129242,0.04276618082076311,
0,260816,matched,MATCHED_Impulsive,Proposed_CA_CNN_RNND,6832,0.46127478033304214,0.3754488378763199,0.08582593686878681,
0,260816,matched,MATCHED_Impulsive,Proposed_CA_CNN_RNND,6833,0.34212853014469147,0.28378473594784737,0.0583437979221344,
0,260816,matched,MATCHED_Impulsive,Proposed_CA_CNN_RNND,6834,0.393538236618042,0.32564137876033783,0.06789684668183327,
0,260816,matched,MATCHED_Impulsive,Proposed_CA_CNN_RNND,6835,0.4796697199344635,0.39073922485113144,0.08893050625920296,
0,260816,matched,MATCHED_Impulsive,Proposed_CA_CNN_RNND,6836,0.42362818121910095,0.3503592126071453,0.07326896861195564,
0,260816,matched,MATCHED_Impulsive,Proposed_CA_CNN_RNND,6837,0.5020509138703346,0.40038110315799713,0.10166980605572462,
0,260816,matched,MATCHED_Impulsive,Proposed_CA_CNN_RNND,6838,0.5025843232870102,0.41422440111637115,0.08835992403328419,
0,260816,matched,MATCHED_Impulsive,Proposed_CA_CNN_RNND,6839,0.29696066677570343,0.2543795332312584,0.042581139830872416,
0,260816,matched,MATCHED_Impulsive,Proposed_CA_CNN_RNND,6840,0.4183233417570591,0.3409312628209591,0.07739207427948713,
0,260816,matched,MATCHED_Impulsive,Proposed_CA_CNN_RNND,6841,0.33165253698825836,0.2771473489701748,0.05450519034639001,
0,260816,matched,MATCHED_Impulsive,Proposed_CA_CNN_RNND,6842,0.40169521048665047,0.3322228454053402,0.0694723716005683,
0,260816,matched,MATCHED_Impulsive,Proposed_CA_CNN_RNND,6843,0.39337650686502457,0.33342503011226654,0.05995147954672575,
0,260816,matched,MATCHED_Impulsive,Proposed_CA_CNN_RNND,6844,0.4540168233215809,0.37043868377804756,0.08357813488692045,
0,260816,matched,MATCHED_Impulsive,Proposed_CA_CNN_RNND,6845,0.3310742452740669,0.27508722618222237,0.055987012572586536,
0,260816,matched,MATCHED_Impulsive,Proposed_CA_CNN_RNND,6846,0.42636076360940933,0.35062017291784286,0.07574059162288904,
0,260816,matched,MATCHED_Impulsive,Proposed_CA_CNN_RNND,6847,0.4052092209458351,0.33885832130908966,0.06635090056806803,
0,260816,matched,MATCHED_Impulsive,Proposed_CA_CNN_RNND,6848,0.3402346223592758,0.2842875309288502,0.05594708863645792,
0,260816,matched,MATCHED_Impulsive,Proposed_CA_CNN_RNND,6849,0.3573702648282051,0.3007211424410343,0.05664911726489663,
0,260816,matched,MATCHED_Impulsive,Proposed_CA_CNN_RNND,6850,0.3323031850159168,0.2814108431339264,0.05089233862236142,
0,260816,matched,MATCHED_Impulsive,Proposed_CA_CNN_RNND,6851,0.2865147776901722,0.24070681259036064,0.04580796463415027,
0,260816,matched,MATCHED_Impulsive,Proposed_CA_CNN_RNND,6852,0.4225567951798439,0.3525928258895874,0.06996396835893393,
0,260816,matched,MATCHED_Impulsive,Proposed_CA_CNN_RNND,6853,0.37281106412410736,0.3118928037583828,0.06091825943440199,
0,260816,matched,MATCHED_Impulsive,Proposed_CA_CNN_RNND,6854,0.3264653831720352,0.27451300621032715,0.05195237183943391,
0,260816,matched,MATCHED_Impulsive,Proposed_CA_CNN_RNND,6855,0.47521816194057465,0.38534924387931824,0.08986892644315958,
0,260816,matched,MATCHED_Impulsive,Proposed_CA_CNN_RNND,6856,0.2544277682900429,0.22147397696971893,0.03295378782786429,
0,260816,matched,MATCHED_Impulsive,Proposed_CA_CNN_RNND,6857,0.253172405064106,0.21999699622392654,0.03317541442811489,
0,260816,matched,MATCHED_Impulsive,Proposed_CA_CNN_RNND,6858,0.346045333892107,0.28907208144664764,0.05697324452921748,
0,260816,matched,MATCHED_Impulsive,Proposed_CA_CNN_RNND,6859,0.30760297179222107,0.2640361115336418,0.04356685886159539,
0,260816,matched,MATCHED_Impulsive,Proposed_CA_CNN_RNND,6860,0.3341895192861557,0.2799222320318222,0.05426729004830122,
0,260816,matched,MATCHED_Impulsive,Proposed_CA_CNN_RNND,6861,0.46880752593278885,0.38085639476776123,0.08795113395899534,
0,260816,matched,MATCHED_Impulsive,Proposed_CA_CNN_RNND,6862,0.40083640813827515,0.33353183045983315,0.06730457954108715,
0,260816,matched,MATCHED_Impulsive,Proposed_CA_CNN_RNND,6863,0.3216853365302086,0.27489615231752396,0.04678918840363622,
0,260816,matched,MATCHED_Impulsive,Proposed_CA_CNN_RNND,6864,0.3648497723042965,0.3033825755119324,0.06146718468517065,
0,260816,matched,MATCHED_Impulsive,Proposed_CA_CNN_RNND,6865,0.5101568400859833,0.41279690712690353,0.09735995344817638,
0,260816,matched,MATCHED_Impulsive,Proposed_CA_CNN_RNND,6866,0.28648587688803673,0.24147332459688187,0.04501255368813872,
0,260816,matched,MATCHED_Impulsive,Proposed_CA_CNN_RNND,6867,0.4682595878839493,0.38133667409420013,0.08692290354520082,
0,260816,matched,MATCHED_Impulsive,Proposed_CA_CNN_RNND,6868,0.5273555219173431,0.42145971208810806,0.10589580796658993,
0,260816,matched,MATCHED_Impulsive,Proposed_CA_CNN_RNND,6869,0.29647889733314514,0.25258977711200714,0.04388912161812186,
0,260816,matched,MATCHED_Impulsive,Proposed_CA_CNN_RNND,6870,0.2645588889718056,0.2298627346754074,0.03469615522772074,
0,260816,matched,MATCHED_Impulsive,Proposed_CA_CNN_RNND,6871,0.404683381319046,0.333012618124485,0.07167076179757714,
0,260816,matched,MATCHED_Impulsive,Proposed_CA_CNN_RNND,6872,0.4499878063797951,0.36806638538837433,0.0819214191287756,
0,260816,matched,MATCHED_Impulsive,Proposed_CA_CNN_RNND,6873,0.4884403720498085,0.40183984860777855,0.08660050667822361,
0,260816,matched,MATCHED_Impulsive,Proposed_CA_CNN_RNND,6874,0.19897893443703651,0.17770056426525116,0.02127836924046278,
0,260816,matched,MATCHED_Impulsive,Proposed_CA_CNN_RNND,6875,0.3205140233039856,0.2691574841737747,0.05135654052719474,
0,260816,matched,MATCHED_Impulsive,Proposed_CA_CNN_RNND,6876,0.29891547560691833,0.24891533330082893,0.05000013951212168,
0,260816,matched,MATCHED_Impulsive,Proposed_CA_CNN_RNND,6877,0.507867656648159,0.41036006063222885,0.09750759974122047,
0,260816,matched,MATCHED_Impulsive,Proposed_CA_CNN_RNND,6878,0.43903740495443344,0.363594725728035,0.07544268108904362,
0,260816,matched,MATCHED_Impulsive,Proposed_CA_CNN_RNND,6879,0.39727718755602837,0.32629308849573135,0.07098409859463573,
0,260816,matched,MATCHED_Impulsive,Proposed_CA_CNN_RNND,6880,0.3334187902510166,0.2820820286870003,0.05133675970137119,
0,260816,matched,MATCHED_Impulsive,Proposed_CA_CNN_RNND,6881,0.29606904834508896,0.24818537384271622,0.04788367776200175,
0,260816,matched,MATCHED_Impulsive,Proposed_CA_CNN_RNND,6882,0.23573654890060425,0.20392976328730583,0.031806785613298416,
0,260816,matched,MATCHED_Impulsive,Proposed_CA_CNN_RNND,6883,0.27983183413743973,0.24090921878814697,0.03892261581495404,
0,260816,matched,MATCHED_Impulsive,Proposed_CA_CNN_RNND,6884,0.40108827129006386,0.3266650512814522,0.07442321488633752,
0,260816,matched,MATCHED_Impulsive,Proposed_CA_CNN_RNND,6885,0.5294929444789886,0.4285774677991867,0.10091548226773739,
0,260816,matched,MATCHED_Impulsive,Proposed_CA_CNN_RNND,6886,0.5237280279397964,0.42109397053718567,0.10263406857848167,
0,260816,matched,MATCHED_Impulsive,Proposed_CA_CNN_RNND,6887,0.47090113908052444,0.3769076392054558,0.09399349521845579,
0,260816,matched,MATCHED_Impulsive,Proposed_CA_CNN_RNND,6888,0.1997787393629551,0.18383540213108063,0.015943336533382535,
0,260816,matched,MATCHED_Impulsive,Proposed_CA_CNN_RNND,6889,0.3462658002972603,0.28804154321551323,0.05822426546365023,
0,260816,matched,MATCHED_Impulsive,Proposed_CA_CNN_RNND,6890,0.4636143073439598,0.3807045966386795,0.08290971675887704,
0,260816,matched,MATCHED_Impulsive,Proposed_CA_CNN_RNND,6891,0.3507537581026554,0.29432814940810204,0.056425598450005054,
0,260816,matched,MATCHED_Impulsive,Proposed_CA_CNN_RNND,6892,0.3888297528028488,0.32371602207422256,0.06511372793465853,
0,260816,matched,MATCHED_Impulsive,Proposed_CA_CNN_RNND,6893,0.3823167122900486,0.31895115226507187,0.06336556747555733,
0,260816,matched,MATCHED_Impulsive,Proposed_CA_CNN_RNND,6894,0.3022487014532089,0.2638922594487667,0.038356443867087364,
0,260816,matched,MATCHED_Impulsive,Proposed_CA_CNN_RNND,6895,0.38981765508651733,0.32202209532260895,0.06779555417597294,
0,260816,matched,MATCHED_Impulsive,Proposed_CA_CNN_RNND,6896,0.30737069249153137,0.2626717910170555,0.04469891032204032,
0,260816,matched,MATCHED_Impulsive,Proposed_CA_CNN_RNND,6897,0.5077452808618546,0.410892054438591,0.0968532394617796,
0,260816,matched,MATCHED_Impulsive,Proposed_CA_CNN_RNND,6898,0.3879016153514385,0.3223021402955055,0.06559948157519102,
0,260816,matched,MATCHED_Impulsive,Proposed_CA_CNN_RNND,6899,0.43322642147541046,0.35044536367058754,0.08278105407953262,
0,260816,matched,MATCHED_Impulsive,Proposed_CA_CNN_RNND,6900,0.4477488398551941,0.3726974315941334,0.07505139103159308,
0,260816,matched,MATCHED_Impulsive,Proposed_CA_CNN_RNND,6901,0.4198777601122856,0.34962325915694237,0.07025450235232711,
0,260816,matched,MATCHED_Impulsive,Proposed_CA_CNN_RNND,6902,0.3789552189409733,0.3132830560207367,0.06567215919494629,
0,260816,matched,MATCHED_Impulsive,Proposed_CA_CNN_RNND,6903,0.36759427934885025,0.30767451599240303,0.059919762425124645,
0,260816,matched,MATCHED_Impulsive,Proposed_CA_CNN_RNND,6904,0.34004515409469604,0.2784786708652973,0.061566478572785854,
0,260816,matched,MATCHED_Impulsive,Proposed_CA_CNN_RNND,6905,0.2790442407131195,0.2358713373541832,0.04317289870232344,
0,260816,matched,MATCHED_Impulsive,Proposed_CA_CNN_RNND,6906,0.4671171233057976,0.3780384436249733,0.089078682474792,
0,260816,matched,MATCHED_Impulsive,Proposed_CA_CNN_RNND,6907,0.4302259385585785,0.3536462038755417,0.0765797384083271,
0,260816,matched,MATCHED_Impulsive,Proposed_CA_CNN_RNND,6908,0.36485400050878525,0.310686394572258,0.05416760593652725,
0,260816,matched,MATCHED_Impulsive,Proposed_CA_CNN_RNND,6909,0.30595315620303154,0.26117460057139397,0.04477856121957302,
0,260816,matched,MATCHED_Impulsive,Proposed_CA_CNN_RNND,6910,0.3854736313223839,0.3269309662282467,0.05854267394170165,
0,260816,matched,MATCHED_Impulsive,Proposed_CA_CNN_RNND,6911,0.3428437002003193,0.2866428792476654,0.056200829800218344,
0,260816,matched,MATCHED_Impulsive,Proposed_CA_CNN_RNND,6912,0.47055527567863464,0.38871095329523087,0.08184432331472635,
0,260816,matched,MATCHED_Impulsive,Proposed_CA_CNN_RNND,6913,0.5226818844676018,0.42467235028743744,0.09800952300429344,
0,260816,matched,MATCHED_Impulsive,Proposed_CA_CNN_RNND,6914,0.5389745980501175,0.43129177391529083,0.10768282040953636,
0,260816,matched,MATCHED_Impulsive,Proposed_CA_CNN_RNND,6915,0.36503954231739044,0.30939144268631935,0.05564809078350663,
0,260816,matched,MATCHED_Impulsive,Proposed_CA_CNN_RNND,6916,0.375924788415432,0.3170292004942894,0.058895595371723175,
0,260816,matched,MATCHED_Impulsive,Proposed_CA_CNN_RNND,6917,0.3478407561779022,0.29545775055885315,0.05238300282508135,
0,260816,matched,MATCHED_Impulsive,Proposed_CA_CNN_RNND,6918,0.4125610515475273,0.3397788815200329,0.07278217235580087,
0,260816,matched,MATCHED_Impulsive,Proposed_CA_CNN_RNND,6919,0.3855975568294525,0.32476553320884705,0.06083202455192804,
0,260816,matched,MATCHED_Impulsive,Proposed_CA_CNN_RNND,6920,0.525808148086071,0.42761842906475067,0.09818972274661064,
0,260816,matched,MATCHED_Impulsive,Proposed_CA_CNN_RNND,6921,0.5003461688756943,0.4065621569752693,0.0937840067781508,
0,260816,matched,MATCHED_Impulsive,Proposed_CA_CNN_RNND,6922,0.41433707624673843,0.3302070274949074,0.0841300580650568,
0,260816,matched,MATCHED_Impulsive,Proposed_CA_CNN_RNND,6923,0.36014407500624657,0.30515914410352707,0.0549849197268486,
0,260816,matched,MATCHED_Impulsive,Proposed_CA_CNN_RNND,6924,0.4974839836359024,0.39765316247940063,0.09983082488179207,
0,260816,matched,MATCHED_Impulsive,Proposed_CA_CNN_RNND,6925,0.5083743035793304,0.41378253698349,0.09459176659584045,
0,260816,matched,MATCHED_Impulsive,Proposed_CA_CNN_RNND,6926,0.3270137347280979,0.27466122806072235,0.052352504106238484,
0,260816,matched,MATCHED_Impulsive,Proposed_CA_CNN_RNND,6927,0.3412352651357651,0.2854243144392967,0.0558109472040087,
0,260816,matched,MATCHED_Impulsive,Proposed_CA_CNN_RNND,6928,0.3294166624546051,0.28349488973617554,0.04592176992446184,
0,260816,matched,MATCHED_Impulsive,Proposed_CA_CNN_RNND,6929,0.4042222872376442,0.32875583693385124,0.07546644099056721,
0,260816,matched,MATCHED_Impulsive,Proposed_CA_CNN_RNND,6930,0.3370629698038101,0.28330350667238235,0.05375946406275034,
0,260816,matched,MATCHED_Impulsive,Proposed_CA_CNN_RNND,6931,0.3659466616809368,0.30160409957170486,0.06434257328510284,
0,260816,matched,MATCHED_Impulsive,Proposed_CA_CNN_RNND,6932,0.3601410649716854,0.30258482694625854,0.057556231040507555,
0,260816,matched,MATCHED_Impulsive,Proposed_CA_CNN_RNND,6933,0.3583136387169361,0.2969440668821335,0.06136956997215748,
0,260816,matched,MATCHED_Impulsive,Proposed_CA_CNN_RNND,6934,0.20834389328956604,0.18537278100848198,0.022971114376559854,
0,260816,matched,MATCHED_Impulsive,Proposed_CA_CNN_RNND,6935,0.521276667714119,0.42560772597789764,0.09566892683506012,
0,260816,matched,MATCHED_Impulsive,Proposed_CA_CNN_RNND,6936,0.32746485993266106,0.2727716863155365,0.05469317827373743,
0,260816,matched,MATCHED_Impulsive,Proposed_CA_CNN_RNND,6937,0.3181864768266678,0.2720073387026787,0.046179133001714945,
0,260816,matched,MATCHED_Impulsive,Proposed_CA_CNN_RNND,6938,0.4399495795369148,0.36297914013266563,0.07697043754160404,
0,260816,matched,MATCHED_Impulsive,Proposed_CA_CNN_RNND,6939,0.3702676221728325,0.3066314049065113,0.06363622192293406,
0,260816,matched,MATCHED_Impulsive,Proposed_CA_CNN_RNND,6940,0.5182540193200111,0.41594403237104416,0.10230998322367668,
0,260816,matched,MATCHED_Impulsive,Proposed_CA_CNN_RNND,6941,0.32819023728370667,0.2779679261147976,0.050222307443618774,
0,260816,matched,MATCHED_Impulsive,Proposed_CA_CNN_RNND,6942,0.25773734599351883,0.22211677208542824,0.035620579961687326,
0,260816,matched,MATCHED_Impulsive,Proposed_CA_CNN_RNND,6943,0.47415558621287346,0.38307829573750496,0.09107728535309434,
0,260816,matched,MATCHED_Impulsive,Proposed_CA_CNN_RNND,6944,0.37199142575263977,0.3112773820757866,0.06071405205875635,
0,260816,matched,MATCHED_Impulsive,Proposed_CA_CNN_RNND,6945,0.4161076135933399,0.34135934710502625,0.07474826369434595,
0,260816,matched,MATCHED_Impulsive,Proposed_CA_CNN_RNND,6946,0.3977392613887787,0.330148171633482,0.06759108684491366,
0,260816,matched,MATCHED_Impulsive,Proposed_CA_CNN_RNND,6947,0.3622618094086647,0.2956821694970131,0.06657965062186122,
0,260816,matched,MATCHED_Impulsive,Proposed_CA_CNN_RNND,6948,0.30630890652537346,0.2589072696864605,0.04740162845700979,
0,260816,matched,MATCHED_Impulsive,Proposed_CA_CNN_RNND,6949,0.3770359642803669,0.3156187906861305,0.061417172430083156,
0,260816,matched,MATCHED_Impulsive,Proposed_CA_CNN_RNND,6950,0.35862670466303825,0.2995717227458954,0.05905498214997351,
0,260816,matched,MATCHED_Impulsive,Proposed_CA_CNN_RNND,6951,0.32101380825042725,0.2760521173477173,0.044961684849113226,
0,260816,matched,MATCHED_Impulsive,Proposed_CA_CNN_RNND,6952,0.30722151324152946,0.25917937606573105,0.048042142763733864,
0,260816,matched,MATCHED_Impulsive,Proposed_CA_CNN_RNND,6953,0.36622754484415054,0.3053349331021309,0.06089261174201965,
0,260816,matched,MATCHED_Impulsive,Proposed_CA_CNN_RNND,6954,0.5290677174925804,0.42504213005304337,0.1040255855768919,
0,260816,matched,MATCHED_Impulsive,Proposed_CA_CNN_RNND,6955,0.4616181179881096,0.3787834234535694,0.0828346936032176,
0,260816,matched,MATCHED_Impulsive,Proposed_CA_CNN_RNND,6956,0.4197523519396782,0.35091371089220047,0.06883864477276802,
0,260816,matched,MATCHED_Impulsive,Proposed_CA_CNN_RNND,6957,0.3296472206711769,0.28176218271255493,0.04788504168391228,
0,260816,matched,MATCHED_Impulsive,Proposed_CA_CNN_RNND,6958,0.2371758408844471,0.2062222585082054,0.03095358656719327,
0,260816,matched,MATCHED_Impulsive,Proposed_CA_CNN_RNND,6959,0.3531278073787689,0.3017791844904423,0.05134862381964922,
0,260816,matched,MATCHED_Impulsive,Proposed_CA_CNN_RNND,6960,0.42039211466908455,0.33847083896398544,0.08192128129303455,
0,260816,matched,MATCHED_Impulsive,Proposed_CA_CNN_RNND,6961,0.45112282410264015,0.37046200782060623,0.08066081581637263,
0,260816,matched,MATCHED_Impulsive,Proposed_CA_CNN_RNND,6962,0.422616608440876,0.3495917059481144,0.07302489690482616,
0,260816,matched,MATCHED_Impulsive,Proposed_CA_CNN_RNND,6963,0.35802455246448517,0.2959927171468735,0.06203183624893427,
0,260816,matched,MATCHED_Impulsive,Proposed_CA_CNN_RNND,6964,0.3843125104904175,0.3198471814393997,0.06446531927213073,
0,260816,matched,MATCHED_Impulsive,Proposed_CA_CNN_RNND,6965,0.45297031104564667,0.37183165550231934,0.0811386564746499,
0,260816,matched,MATCHED_Impulsive,Proposed_CA_CNN_RNND,6966,0.423171054571867,0.34976592659950256,0.0734051251783967,
0,260816,matched,MATCHED_Impulsive,Proposed_CA_CNN_RNND,6967,0.37768396362662315,0.3132782205939293,0.06440573092550039,
0,260816,matched,MATCHED_Impulsive,Proposed_CA_CNN_RNND,6968,0.413194477558136,0.3392406105995178,0.07395388185977936,
0,260816,matched,MATCHED_Impulsive,Proposed_CA_CNN_RNND,6969,0.39847172424197197,0.32904259115457535,0.06942912936210632,
0,260816,matched,MATCHED_Impulsive,Proposed_CA_CNN_RNND,6970,0.44273242354393005,0.36019280552864075,0.08253961987793446,
0,260816,matched,MATCHED_Impulsive,Proposed_CA_CNN_RNND,6971,0.5063273757696152,0.41103116422891617,0.09529622085392475,
0,260816,matched,MATCHED_Impulsive,Proposed_CA_CNN_RNND,6972,0.5223472416400909,0.40923353284597397,0.11311372183263302,
0,260816,matched,MATCHED_Impulsive,Proposed_CA_CNN_RNND,6973,0.503105603158474,0.40100181847810745,0.10210376791656017,
0,260816,matched,MATCHED_Impulsive,Proposed_CA_CNN_RNND,6974,0.4997822046279907,0.40715934336185455,0.09262285754084587,
0,260816,matched,MATCHED_Impulsive,Proposed_CA_CNN_RNND,6975,0.258681807667017,0.2258506678044796,0.032831137999892235,
0,260816,matched,MATCHED_Impulsive,Proposed_CA_CNN_RNND,6976,0.30349739268422127,0.25560036301612854,0.04789702408015728,
0,260816,matched,MATCHED_Impulsive,Proposed_CA_CNN_RNND,6977,0.45763658732175827,0.3744675740599632,0.08316901884973049,
0,260816,matched,MATCHED_Impulsive,Proposed_CA_CNN_RNND,6978,0.3451343849301338,0.28875185176730156,0.05638252664357424,
0,260816,matched,MATCHED_Impulsive,Proposed_CA_CNN_RNND,6979,0.28820138424634933,0.25249412655830383,0.03570725582540035,
0,260816,matched,MATCHED_Impulsive,Proposed_CA_CNN_RNND,6980,0.5790742114186287,0.46805594116449356,0.11101828701794147,
0,260816,matched,MATCHED_Impulsive,Proposed_CA_CNN_RNND,6981,0.2966478504240513,0.25310301780700684,0.04354483215138316,
0,260816,matched,MATCHED_Impulsive,Proposed_CA_CNN_RNND,6982,0.4513310268521309,0.3627643883228302,0.08856663946062326,
0,260816,matched,MATCHED_Impulsive,Proposed_CA_CNN_RNND,6983,0.35725658386945724,0.29880327731370926,0.05845330562442541,
0,260816,matched,MATCHED_Impulsive,Proposed_CA_CNN_RNND,6984,0.5084268301725388,0.4090578071773052,0.09936901740729809,
0,260816,matched,MATCHED_Impulsive,Proposed_CA_CNN_RNND,6985,0.5498812943696976,0.4383735656738281,0.1115077156573534,
0,260816,matched,MATCHED_Impulsive,Proposed_CA_CNN_RNND,6986,0.37454644218087196,0.3166035935282707,0.057942844461649656,
0,260816,matched,MATCHED_Impulsive,Proposed_CA_CNN_RNND,6987,0.3719758987426758,0.3161105066537857,0.05586539627984166,
0,260816,matched,MATCHED_Impulsive,Proposed_CA_CNN_RNND,6988,0.39437441527843475,0.3170318529009819,0.0773425679653883,
0,260816,matched,MATCHED_Impulsive,Proposed_CA_CNN_RNND,6989,0.5198842287063599,0.425190694630146,0.09469352662563324,
0,260816,matched,MATCHED_Impulsive,Proposed_CA_CNN_RNND,6990,0.3452019542455673,0.2923484444618225,0.05285350978374481,
0,260816,matched,MATCHED_Impulsive,Proposed_CA_CNN_RNND,6991,0.43390339612960815,0.3623351939022541,0.07156820222735405,
0,260816,matched,MATCHED_Impulsive,Proposed_CA_CNN_RNND,6992,0.3838949128985405,0.32117434591054916,0.06272057024762034,
0,260816,matched,MATCHED_Impulsive,Proposed_CA_CNN_RNND,6993,0.3279808610677719,0.2759277671575546,0.052053104154765606,
0,260816,matched,MATCHED_Impulsive,Proposed_CA_CNN_RNND,6994,0.45379480719566345,0.371926873922348,0.081867934204638,
0,260816,matched,MATCHED_Impulsive,Proposed_CA_CNN_RNND,6995,0.5099777802824974,0.41665079444646835,0.09332698583602905,
0,260816,matched,MATCHED_Impulsive,Proposed_CA_CNN_RNND,6996,0.4240013100206852,0.3498774990439415,0.074123814702034,
0,260816,matched,MATCHED_Impulsive,Proposed_CA_CNN_RNND,6997,0.2905542477965355,0.25472859665751457,0.035825653932988644,
0,260816,matched,MATCHED_Impulsive,Proposed_CA_CNN_RNND,6998,0.3184509612619877,0.26716822385787964,0.05128273693844676,
0,260816,matched,MATCHED_Impulsive,Proposed_CA_CNN_RNND,6999,0.34073057770729065,0.2856561914086342,0.05507439002394676,
0,260816,matched,MATCHED_Impulsive,Proposed_CA_CNN_RNND,7000,0.42947644740343094,0.349554855376482,0.07992160506546497,-1.082974884962169
0,260816,matched,MATCHED_Impulsive,Proposed_CA_CNN_RNND,7001,0.2949315197765827,0.24895212799310684,0.04597938619554043,
0,260816,matched,MATCHED_Impulsive,Proposed_CA_CNN_RNND,7002,0.353444866836071,0.29095059633255005,0.062494260258972645,
0,260816,matched,MATCHED_Impulsive,Proposed_CA_CNN_RNND,7003,0.5951925814151764,0.47464484721422195,0.12054773792624474,
0,260816,matched,MATCHED_Impulsive,Proposed_CA_CNN_RNND,7004,0.43755004927515984,0.36388853192329407,0.07366152759641409,
0,260816,matched,MATCHED_Impulsive,Proposed_CA_CNN_RNND,7005,0.39087821170687675,0.3255448043346405,0.06533340876922011,
0,260816,matched,MATCHED_Impulsive,Proposed_CA_CNN_RNND,7006,0.3547368273139,0.3028392717242241,0.05189755139872432,
0,260816,matched,MATCHED_Impulsive,Proposed_CA_CNN_RNND,7007,0.2844999320805073,0.2442816197872162,0.04021830856800079,
0,260816,matched,MATCHED_Impulsive,Proposed_CA_CNN_RNND,7008,0.2949644662439823,0.24832743778824806,0.04663702147081494,
0,260816,matched,MATCHED_Impulsive,Proposed_CA_CNN_RNND,7009,0.29578574001789093,0.25615905597805977,0.03962668310850859,
0,260816,matched,MATCHED_Impulsive,Proposed_CA_CNN_RNND,7010,0.37287289276719093,0.30607666820287704,0.06679621152579784,
0,260816,matched,MATCHED_Impulsive,Proposed_CA_CNN_RNND,7011,0.566348485648632,0.44767092913389206,0.11867756210267544,
0,260816,matched,MATCHED_Impulsive,Proposed_CA_CNN_RNND,7012,0.35930122435092926,0.30480579286813736,0.054495429154485464,
0,260816,matched,MATCHED_Impulsive,Proposed_CA_CNN_RNND,7013,0.47260666638612747,0.3803880326449871,0.09221862908452749,
0,260816,matched,MATCHED_Impulsive,Proposed_CA_CNN_RNND,7014,0.4064815044403076,0.3345339298248291,0.07194758020341396,
0,260816,matched,MATCHED_Impulsive,Proposed_CA_CNN_RNND,7015,0.4078150764107704,0.33298832923173904,0.07482675090432167,
0,260816,matched,MATCHED_Impulsive,Proposed_CA_CNN_RNND,7016,0.47415871173143387,0.3903109282255173,0.08384778769686818,
0,260816,matched,MATCHED_Impulsive,Proposed_CA_CNN_RNND,7017,0.3589812070131302,0.297530934214592,0.0614502583630383,
0,260816,matched,MATCHED_Impulsive,Proposed_CA_CNN_RNND,7018,0.46203505247831345,0.36796993017196655,0.0940651148557663,
0,260816,matched,MATCHED_Impulsive,Proposed_CA_CNN_RNND,7019,0.2717179171741009,0.2382844127714634,0.03343350812792778,
0,260816,matched,MATCHED_Impulsive,Proposed_CA_CNN_RNND,7020,0.24822331219911575,0.21828828752040863,0.029935026541352272,
0,260816,matched,MATCHED_Impulsive,Proposed_CA_CNN_RNND,7021,0.39225898310542107,0.3199380114674568,0.0723209660500288,
0,260816,matched,MATCHED_Impulsive,Proposed_CA_CNN_RNND,7022,0.3976014405488968,0.32465319335460663,0.07294824067503214,
0,260816,matched,MATCHED_Impulsive,Proposed_CA_CNN_RNND,7023,0.33868294209241867,0.2937546446919441,0.0449282992631197,
0,260816,matched,MATCHED_Impulsive,Proposed_CA_CNN_RNND,7024,0.4675041735172272,0.38460151106119156,0.08290266804397106,
0,260816,matched,MATCHED_Impulsive,Proposed_CA_CNN_RNND,7025,0.3435058929026127,0.2869214117527008,0.05658447090536356,
0,260816,matched,MATCHED_Impulsive,Proposed_CA_CNN_RNND,7026,0.28207795694470406,0.2439502440392971,0.03812771011143923,
0,260816,matched,MATCHED_Impulsive,Proposed_CA_CNN_RNND,7027,0.2755904980003834,0.232393030077219,0.043197462102398276,
0,260816,matched,MATCHED_Impulsive,Proposed_CA_CNN_RNND,7028,0.3406516797840595,0.2882274091243744,0.05242427485063672,
0,260816,matched,MATCHED_Impulsive,Proposed_CA_CNN_RNND,7029,0.4376867488026619,0.35705437511205673,0.08063238300383091,
0,260816,matched,MATCHED_Impulsive,Proposed_CA_CNN_RNND,7030,0.297309547662735,0.26015548780560493,0.03715405985713005,
0,260816,matched,MATCHED_Impulsive,Proposed_CA_CNN_RNND,7031,0.347887109965086,0.2930471133440733,0.05483999545685947,
0,260816,matched,MATCHED_Impulsive,Proposed_CA_CNN_RNND,7032,0.4914163649082184,0.4033382870256901,0.08807809045538306,
0,260816,matched,MATCHED_Impulsive,Proposed_CA_CNN_RNND,7033,0.4454561099410057,0.36249156668782234,0.08296454045921564,
0,260816,matched,MATCHED_Impulsive,Proposed_CA_CNN_RNND,7034,0.33844852074980736,0.28499114885926247,0.053457367001101375,
0,260816,matched,MATCHED_Impulsive,Proposed_CA_CNN_RNND,7035,0.3408544361591339,0.29000984877347946,0.05084459204226732,
0,260816,matched,MATCHED_Impulsive,Proposed_CA_CNN_RNND,7036,0.2691849134862423,0.23285438120365143,0.03633053041994572,
0,260816,matched,MATCHED_Impulsive,Proposed_CA_CNN_RNND,7037,0.23090369626879692,0.19985764287412167,0.031046052114106715,
0,260816,matched,MATCHED_Impulsive,Proposed_CA_CNN_RNND,7038,0.4149068258702755,0.338959913700819,0.07594690006226301,
0,260816,matched,MATCHED_Impulsive,Proposed_CA_CNN_RNND,7039,0.3802083097398281,0.3143158182501793,0.06589249661192298,
0,260816,matched,MATCHED_Impulsive,Proposed_CA_CNN_RNND,7040,0.42445242404937744,0.34757213294506073,0.07688028551638126,
0,260816,matched,MATCHED_Impulsive,Proposed_CA_CNN_RNND,7041,0.4338437095284462,0.3606327213346958,0.07321098865941167,
0,260816,matched,MATCHED_Impulsive,Proposed_CA_CNN_RNND,7042,0.3306422457098961,0.28576764464378357,0.044874598272144794,
0,260816,matched,MATCHED_Impulsive,Proposed_CA_CNN_RNND,7043,0.3392705135047436,0.2790430448949337,0.06022746441885829,
0,260816,matched,MATCHED_Impulsive,Proposed_CA_CNN_RNND,7044,0.48858486860990524,0.3892233297228813,0.09936152771115303,
0,260816,matched,MATCHED_Impulsive,Proposed_CA_CNN_RNND,7045,0.3656502738595009,0.3022891581058502,0.06336111482232809,
0,260816,matched,MATCHED_Impulsive,Proposed_CA_CNN_RNND,7046,0.32382988184690475,0.2723957821726799,0.0514341052621603,
0,260816,matched,MATCHED_Impulsive,Proposed_CA_CNN_RNND,7047,0.4156022071838379,0.33752505108714104,0.07807715912349522,
0,260816,matched,MATCHED_Impulsive,Proposed_CA_CNN_RNND,7048,0.42204395309090614,0.3447236716747284,0.07732028514146805,
0,260816,matched,MATCHED_Impulsive,Proposed_CA_CNN_RNND,7049,0.30219583213329315,0.2555680274963379,0.04662781395018101,
0,260816,matched,MATCHED_Impulsive,Proposed_CA_CNN_RNND,7050,0.41207707300782204,0.34496159106492996,0.0671154959127307,
0,260816,matched,MATCHED_Impulsive,Proposed_CA_CNN_RNND,7051,0.43192407488822937,0.3533516079187393,0.07857247116044164,
0,260816,matched,MATCHED_Impulsive,Proposed_CA_CNN_RNND,7052,0.4143628478050232,0.3335705026984215,0.08079234510660172,
0,260816,matched,MATCHED_Impulsive,Proposed_CA_CNN_RNND,7053,0.28747551515698433,0.2525099590420723,0.034965550526976585,
0,260816,matched,MATCHED_Impulsive,Proposed_CA_CNN_RNND,7054,0.39152030646800995,0.3281220905482769,0.06339822243899107,
0,260816,matched,MATCHED_Impulsive,Proposed_CA_CNN_RNND,7055,0.3891456387937069,0.3245465010404587,0.06459914101287723,
0,260816,matched,MATCHED_Impulsive,Proposed_CA_CNN_RNND,7056,0.5012520402669907,0.4058445394039154,0.09540749713778496,
0,260816,matched,MATCHED_Impulsive,Proposed_CA_CNN_RNND,7057,0.5028079450130463,0.40995071083307266,0.0928572304546833,
0,260816,matched,MATCHED_Impulsive,Proposed_CA_CNN_RNND,7058,0.4415847174823284,0.3632914833724499,0.07829323131591082,
0,260816,matched,MATCHED_Impulsive,Proposed_CA_CNN_RNND,7059,0.39156533032655716,0.3280097730457783,0.06355555634945631,
0,260816,matched,MATCHED_Impulsive,Proposed_CA_CNN_RNND,7060,0.22142567485570908,0.19417491555213928,0.027250757208094,
0,260816,matched,MATCHED_Impulsive,Proposed_CA_CNN_RNND,7061,0.31641077250242233,0.2659163847565651,0.0504943891428411,
0,260816,matched,MATCHED_Impulsive,Proposed_CA_CNN_RNND,7062,0.28080304712057114,0.2445366270840168,0.03626641957089305,
0,260816,matched,MATCHED_Impulsive,Proposed_CA_CNN_RNND,7063,0.30449434742331505,0.2617323696613312,0.04276197380386293,
0,260816,matched,MATCHED_Impulsive,Proposed_CA_CNN_RNND,7064,0.3835468515753746,0.3163726478815079,0.06717420276254416,
0,260816,matched,MATCHED_Impulsive,Proposed_CA_CNN_RNND,7065,0.4452991597354412,0.36533474177122116,0.07996441423892975,
0,260816,matched,MATCHED_Impulsive,Proposed_CA_CNN_RNND,7066,0.35405408218503,0.29681768640875816,0.05723639717325568,
0,260816,matched,MATCHED_Impulsive,Proposed_CA_CNN_RNND,7067,0.32214023172855377,0.27128512412309647,0.05085510481148958,
0,260816,matched,MATCHED_Impulsive,Proposed_CA_CNN_RNND,7068,0.2567373737692833,0.22371098026633263,0.033026397693902254,
0,260816,matched,MATCHED_Impulsive,Proposed_CA_CNN_RNND,7069,0.3624820150434971,0.3024711273610592,0.06001088675111532,
0,260816,matched,MATCHED_Impulsive,Proposed_CA_CNN_RNND,7070,0.47547755390405655,0.3835035189986229,0.09197405073791742,
0,260816,matched,MATCHED_Impulsive,Proposed_CA_CNN_RNND,7071,0.41057997196912766,0.33873023465275764,0.07184972986578941,
0,260816,matched,MATCHED_Impulsive,Proposed_CA_CNN_RNND,7072,0.3773067593574524,0.31671105325222015,0.06059569772332907,
0,260816,matched,MATCHED_Impulsive,Proposed_CA_CNN_RNND,7073,0.45807959884405136,0.37516796588897705,0.08291162643581629,
0,260816,matched,MATCHED_Impulsive,Proposed_CA_CNN_RNND,7074,0.3088724613189697,0.2614177204668522,0.0474547459743917,
0,260816,matched,MATCHED_Impulsive,Proposed_CA_CNN_RNND,7075,0.3640788421034813,0.3023044764995575,0.06177436746656895,
0,260816,matched,MATCHED_Impulsive,Proposed_CA_CNN_RNND,7076,0.3266812413930893,0.2774611860513687,0.049220053711906075,
0,260816,matched,MATCHED_Impulsive,Proposed_CA_CNN_RNND,7077,0.2495303824543953,0.21823030337691307,0.031300079077482224,
0,260816,matched,MATCHED_Impulsive,Proposed_CA_CNN_RNND,7078,0.4225814417004585,0.352634783834219,0.06994666391983628,
0,260816,matched,MATCHED_Impulsive,Proposed_CA_CNN_RNND,7079,0.30742619931697845,0.2570354752242565,0.050390731543302536,
0,260816,matched,MATCHED_Impulsive,Proposed_CA_CNN_RNND,7080,0.36966969072818756,0.3112741485238075,0.05839554267004132,
0,260816,matched,MATCHED_Impulsive,Proposed_CA_CNN_RNND,7081,0.36968469619750977,0.3050519824028015,0.0646327044814825,
0,260816,matched,MATCHED_Impulsive,Proposed_CA_CNN_RNND,7082,0.3708791956305504,0.310848668217659,0.060030517634004354,
0,260816,matched,MATCHED_Impulsive,Proposed_CA_CNN_RNND,7083,0.34637197107076645,0.29023855179548264,0.05613341694697738,
0,260816,matched,MATCHED_Impulsive,Proposed_CA_CNN_RNND,7084,0.40432510524988174,0.3394269198179245,0.06489818822592497,
0,260816,matched,MATCHED_Impulsive,Proposed_CA_CNN_RNND,7085,0.3461747467517853,0.2917751595377922,0.05439958698116243,
0,260816,matched,MATCHED_Impulsive,Proposed_CA_CNN_RNND,7086,0.3094487152993679,0.26323120296001434,0.04621752072125673,
0,260816,matched,MATCHED_Impulsive,Proposed_CA_CNN_RNND,7087,0.43711431697010994,0.3551494851708412,0.0819648401811719,
0,260816,matched,MATCHED_Impulsive,Proposed_CA_CNN_RNND,7088,0.3167440705001354,0.27050887793302536,0.04623518977314234,
0,260816,matched,MATCHED_Impulsive,Proposed_CA_CNN_RNND,7089,0.38913803175091743,0.3229583129286766,0.066179727204144,
0,260816,matched,MATCHED_Impulsive,Proposed_CA_CNN_RNND,7090,0.47107572853565216,0.3887789323925972,0.08229679614305496,
0,260816,matched,MATCHED_Impulsive,Proposed_CA_CNN_RNND,7091,0.4072701930999756,0.33815404027700424,0.0691161472350359,
0,260816,matched,MATCHED_Impulsive,Proposed_CA_CNN_RNND,7092,0.2995554096996784,0.2530614621937275,0.04649395728483796,
0,260816,matched,MATCHED_Impulsive,Proposed_CA_CNN_RNND,7093,0.6038870289921761,0.4763500317931175,0.12753699906170368,
0,260816,matched,MATCHED_Impulsive,Proposed_CA_CNN_RNND,7094,0.28320904821157455,0.24034245684742928,0.04286659648641944,
0,260816,matched,MATCHED_Impulsive,Proposed_CA_CNN_RNND,7095,0.2688329629600048,0.2283443734049797,0.040488593745976686,
0,260816,matched,MATCHED_Impulsive,Proposed_CA_CNN_RNND,7096,0.3335420750081539,0.27505001053214073,0.05849207052960992,
0,260816,matched,MATCHED_Impulsive,Proposed_CA_CNN_RNND,7097,0.48385607451200485,0.3844147063791752,0.09944135881960392,
0,260816,matched,MATCHED_Impulsive,Proposed_CA_CNN_RNND,7098,0.32243043184280396,0.26748933643102646,0.05494109517894685,
0,260816,matched,MATCHED_Impulsive,Proposed_CA_CNN_RNND,7099,0.3538043238222599,0.2992350235581398,0.05456930585205555,
0,260816,matched,MATCHED_Impulsive,Proposed_CA_CNN_RNND,7100,0.43042996525764465,0.3532658666372299,0.07716409768909216,
0,260816,matched,MATCHED_Impulsive,Proposed_CA_CNN_RNND,7101,0.35569190233945847,0.28997092321515083,0.06572097539901733,
0,260816,matched,MATCHED_Impulsive,Proposed_CA_CNN_RNND,7102,0.4498904198408127,0.3685768097639084,0.08131360076367855,
0,260816,matched,MATCHED_Impulsive,Proposed_CA_CNN_RNND,7103,0.40019360184669495,0.3243878297507763,0.07580577163025737,
0,260816,matched,MATCHED_Impulsive,Proposed_CA_CNN_RNND,7104,0.45808103308081627,0.36882421374320984,0.08925682725384831,
0,260816,matched,MATCHED_Impulsive,Proposed_CA_CNN_RNND,7105,0.590540274977684,0.4699998125433922,0.12054046243429184,
0,260816,matched,MATCHED_Impulsive,Proposed_CA_CNN_RNND,7106,0.3923494294285774,0.32480695843696594,0.06754247657954693,
0,260816,matched,MATCHED_Impulsive,Proposed_CA_CNN_RNND,7107,0.3212006613612175,0.2728876546025276,0.048313016071915627,
0,260816,matched,MATCHED_Impulsive,Proposed_CA_CNN_RNND,7108,0.493988212198019,0.39117783308029175,0.10281038098037243,
0,260816,matched,MATCHED_Impulsive,Proposed_CA_CNN_RNND,7109,0.5467017590999603,0.44045478850603104,0.10624697245657444,
0,260816,matched,MATCHED_Impulsive,Proposed_CA_CNN_RNND,7110,0.42550092935562134,0.34672579169273376,0.07877513021230698,
0,260816,matched,MATCHED_Impulsive,Proposed_CA_CNN_RNND,7111,0.35588913783431053,0.2957688644528389,0.06012027943506837,
0,260816,matched,MATCHED_Impulsive,Proposed_CA_CNN_RNND,7112,0.3381647802889347,0.2766931429505348,0.06147162802517414,
0,260816,matched,MATCHED_Impulsive,Proposed_CA_CNN_RNND,7113,0.31406328454613686,0.26321014389395714,0.05085313483141363,
0,260816,matched,MATCHED_Impulsive,Proposed_CA_CNN_RNND,7114,0.22979013994336128,0.2029822077602148,0.026807927526533604,
0,260816,matched,MATCHED_Impulsive,Proposed_CA_CNN_RNND,7115,0.3262416124343872,0.27665750682353973,0.04958411306142807,
0,260816,matched,MATCHED_Impulsive,Proposed_CA_CNN_RNND,7116,0.4373580701649189,0.35739241167902946,0.07996566337533295,
0,260816,matched,MATCHED_Impulsive,Proposed_CA_CNN_RNND,7117,0.33150866255164146,0.2840454876422882,0.047463178634643555,
0,260816,matched,MATCHED_Impulsive,Proposed_CA_CNN_RNND,7118,0.4501291997730732,0.36620113253593445,0.08392807189375162,
0,260816,matched,MATCHED_Impulsive,Proposed_CA_CNN_RNND,7119,0.26512446254491806,0.23204880207777023,0.03307566465809941,
0,260816,matched,MATCHED_Impulsive,Proposed_CA_CNN_RNND,7120,0.32447950541973114,0.2681855224072933,0.05629398487508297,
0,260816,matched,MATCHED_Impulsive,Proposed_CA_CNN_RNND,7121,0.4462692514061928,0.3615698665380478,0.08469938579946756,
0,260816,matched,MATCHED_Impulsive,Proposed_CA_CNN_RNND,7122,0.46947456523776054,0.3821444921195507,0.08733007218688726,
0,260816,matched,MATCHED_Impulsive,Proposed_CA_CNN_RNND,7123,0.46489250287413597,0.3826937600970268,0.08219874417409301,
0,260816,matched,MATCHED_Impulsive,Proposed_CA_CNN_RNND,7124,0.328604057431221,0.27636631205677986,0.052237743511796,
0,260816,matched,MATCHED_Impulsive,Proposed_CA_CNN_RNND,7125,0.29598407819867134,0.2566950283944607,0.03928905352950096,
0,260816,matched,MATCHED_Impulsive,Proposed_CA_CNN_RNND,7126,0.42024851962924004,0.3460267707705498,0.07422174979001284,
0,260816,matched,MATCHED_Impulsive,Proposed_CA_CNN_RNND,7127,0.538145050406456,0.4300055429339409,0.10813950560986996,
0,260816,matched,MATCHED_Impulsive,Proposed_CA_CNN_RNND,7128,0.27883098646998405,0.24140920490026474,0.03742178110405803,
0,260816,matched,MATCHED_Impulsive,Proposed_CA_CNN_RNND,7129,0.3283589594066143,0.27601515501737595,0.05234380764886737,
0,260816,matched,MATCHED_Impulsive,Proposed_CA_CNN_RNND,7130,0.2952815890312195,0.25435796007514,0.04092363500967622,
0,260816,matched,MATCHED_Impulsive,Proposed_CA_CNN_RNND,7131,0.39244236052036285,0.3243226520717144,0.06811970798298717,
0,260816,matched,MATCHED_Impulsive,Proposed_CA_CNN_RNND,7132,0.3050278089940548,0.2601330913603306,0.04489472392015159,
0,260816,matched,MATCHED_Impulsive,Proposed_CA_CNN_RNND,7133,0.4165141135454178,0.3447141945362091,0.07179991248995066,
0,260816,matched,MATCHED_Impulsive,Proposed_CA_CNN_RNND,7134,0.3813165873289108,0.31564443185925484,0.06567215197719634,
0,260816,matched,MATCHED_Impulsive,Proposed_CA_CNN_RNND,7135,0.3302006311714649,0.2839391864836216,0.04626144981011748,
0,260816,matched,MATCHED_Impulsive,Proposed_CA_CNN_RNND,7136,0.3970872424542904,0.3265445940196514,0.07054265262559056,
0,260816,matched,MATCHED_Impulsive,Proposed_CA_CNN_RNND,7137,0.3654535599052906,0.30449946224689484,0.060954094398766756,
0,260816,matched,MATCHED_Impulsive,Proposed_CA_CNN_RNND,7138,0.5097074508666992,0.40737129747867584,0.10233615897595882,
0,260816,matched,MATCHED_Impulsive,Proposed_CA_CNN_RNND,7139,0.35791677236557007,0.29560379683971405,0.06231296947225928,
0,260816,matched,MATCHED_Impulsive,Proposed_CA_CNN_RNND,7140,0.4863439276814461,0.39645926654338837,0.08988466765731573,
0,260816,matched,MATCHED_Impulsive,Proposed_CA_CNN_RNND,7141,0.3414987176656723,0.28657950460910797,0.05491920653730631,
0,260816,matched,MATCHED_Impulsive,Proposed_CA_CNN_RNND,7142,0.31099749729037285,0.27038997411727905,0.0406075248029083,
0,260816,matched,MATCHED_Impulsive,Proposed_CA_CNN_RNND,7143,0.4071488417685032,0.3385332152247429,0.06861563073471189,
0,260816,matched,MATCHED_Impulsive,Proposed_CA_CNN_RNND,7144,0.3120141252875328,0.26990580558776855,0.04210831690579653,
0,260816,matched,MATCHED_Impulsive,Proposed_CA_CNN_RNND,7145,0.5374063774943352,0.4318870007991791,0.10551937855780125,
0,260816,matched,MATCHED_Impulsive,Proposed_CA_CNN_RNND,7146,0.33995965123176575,0.2824253961443901,0.05753425695002079,
0,260816,matched,MATCHED_Impulsive,Proposed_CA_CNN_RNND,7147,0.4373297244310379,0.3612871319055557,0.07604258880019188,
0,260816,matched,MATCHED_Impulsive,Proposed_CA_CNN_RNND,7148,0.4141944870352745,0.3374859429895878,0.076708541251719,
0,260816,matched,MATCHED_Impulsive,Proposed_CA_CNN_RNND,7149,0.2603721544146538,0.2304755076766014,0.029896645923145115,
0,260816,matched,MATCHED_Impulsive,Proposed_CA_CNN_RNND,7150,0.33499253541231155,0.28050124645233154,0.05449129571206868,
0,260816,matched,MATCHED_Impulsive,Proposed_CA_CNN_RNND,7151,0.21887758374214172,0.1901836358010769,0.028693944215774536,
0,260816,matched,MATCHED_Impulsive,Proposed_CA_CNN_RNND,7152,0.3973797895014286,0.3320523388683796,0.06532745156437159,
0,260816,matched,MATCHED_Impulsive,Proposed_CA_CNN_RNND,7153,0.4749404564499855,0.3854810893535614,0.0894593670964241,
0,260816,matched,MATCHED_Impulsive,Proposed_CA_CNN_RNND,7154,0.40883489698171616,0.3444056734442711,0.06442922726273537,
0,260816,matched,MATCHED_Impulsive,Proposed_CA_CNN_RNND,7155,0.35945213586091995,0.2989467978477478,0.06050534453243017,
0,260816,matched,MATCHED_Impulsive,Proposed_CA_CNN_RNND,7156,0.3141430504620075,0.26511653512716293,0.04902651347219944,
0,260816,matched,MATCHED_Impulsive,Proposed_CA_CNN_RNND,7157,0.300259780138731,0.258931178599596,0.041328598745167255,
0,260816,matched,MATCHED_Impulsive,Proposed_CA_CNN_RNND,7158,0.4485122784972191,0.3690483719110489,0.07946389075368643,
0,260816,matched,MATCHED_Impulsive,Proposed_CA_CNN_RNND,7159,0.33818311244249344,0.293895710259676,0.04428740590810776,
0,260816,matched,MATCHED_Impulsive,Proposed_CA_CNN_RNND,7160,0.3842269405722618,0.31426823884248734,0.06995869101956487,
0,260816,matched,MATCHED_Impulsive,Proposed_CA_CNN_RNND,7161,0.3730091564357281,0.3118943125009537,0.06111483555287123,
0,260816,matched,MATCHED_Impulsive,Proposed_CA_CNN_RNND,7162,0.3314935378730297,0.2823602631688118,0.0491332751698792,
0,260816,matched,MATCHED_Impulsive,Proposed_CA_CNN_RNND,7163,0.5217862576246262,0.4213429242372513,0.10044332221150398,
0,260816,matched,MATCHED_Impulsive,Proposed_CA_CNN_RNND,7164,0.35046596825122833,0.2902871295809746,0.060178833082318306,
0,260816,matched,MATCHED_Impulsive,Proposed_CA_CNN_RNND,7165,0.26085836440324783,0.22504477202892303,0.035813595401123166,
0,260816,matched,MATCHED_Impulsive,Proposed_CA_CNN_RNND,7166,0.49010951817035675,0.39674246683716774,0.09336704015731812,
0,260816,matched,MATCHED_Impulsive,Proposed_CA_CNN_RNND,7167,0.2895130515098572,0.24828403070569038,0.041229027323424816,
0,260816,matched,MATCHED_Impulsive,Proposed_CA_CNN_RNND,7168,0.4874841347336769,0.3949461802840233,0.09253795817494392,
0,260816,matched,MATCHED_Impulsive,Proposed_CA_CNN_RNND,7169,0.3815320059657097,0.3213558942079544,0.06017611641436815,
0,260816,matched,MATCHED_Impulsive,Proposed_CA_CNN_RNND,7170,0.3422295115888119,0.282600462436676,0.059629036113619804,
0,260816,matched,MATCHED_Impulsive,Proposed_CA_CNN_RNND,7171,0.27341270819306374,0.23367057368159294,0.03974213032051921,
0,260816,matched,MATCHED_Impulsive,Proposed_CA_CNN_RNND,7172,0.393990620970726,0.32198330014944077,0.07200732454657555,
0,260816,matched,MATCHED_Impulsive,Proposed_CA_CNN_RNND,7173,0.30086326971650124,0.2532285712659359,0.047634700080379844,
0,260816,matched,MATCHED_Impulsive,Proposed_CA_CNN_RNND,7174,0.32248445972800255,0.26998525857925415,0.052499204874038696,
0,260816,matched,MATCHED_Impulsive,Proposed_CA_CNN_RNND,7175,0.3712434321641922,0.29950083047151566,0.07174260402098298,
0,260816,matched,MATCHED_Impulsive,Proposed_CA_CNN_RNND,7176,0.44505524449050426,0.36611976101994514,0.07893548836000264,
0,260816,matched,MATCHED_Impulsive,Proposed_CA_CNN_RNND,7177,0.44210009276866913,0.36025724560022354,0.08184283971786499,
0,260816,matched,MATCHED_Impulsive,Proposed_CA_CNN_RNND,7178,0.4132634475827217,0.3409832939505577,0.07228014525026083,
0,260816,matched,MATCHED_Impulsive,Proposed_CA_CNN_RNND,7179,0.32448800653219223,0.2788168862462044,0.04567112401127815,
0,260816,matched,MATCHED_Impulsive,Proposed_CA_CNN_RNND,7180,0.2822137400507927,0.24030489847064018,0.04190885159187019,
0,260816,matched,MATCHED_Impulsive,Proposed_CA_CNN_RNND,7181,0.3830687217414379,0.31349413841962814,0.0695745749399066,
0,260816,matched,MATCHED_Impulsive,Proposed_CA_CNN_RNND,7182,0.2517613396048546,0.2203984446823597,0.03136289748363197,
0,260816,matched,MATCHED_Impulsive,Proposed_CA_CNN_RNND,7183,0.43552233651280403,0.3565012030303478,0.07902114372700453,
0,260816,matched,MATCHED_Impulsive,Proposed_CA_CNN_RNND,7184,0.29858672991394997,0.25535815954208374,0.04322856292128563,
0,260816,matched,MATCHED_Impulsive,Proposed_CA_CNN_RNND,7185,0.4681636393070221,0.3854603134095669,0.08270332030951977,
0,260816,matched,MATCHED_Impulsive,Proposed_CA_CNN_RNND,7186,0.35290759429335594,0.2948452867567539,0.05806230986490846,
0,260816,matched,MATCHED_Impulsive,Proposed_CA_CNN_RNND,7187,0.2474898025393486,0.2141270898282528,0.03336271084845066,
0,260816,matched,MATCHED_Impulsive,Proposed_CA_CNN_RNND,7188,0.4317905530333519,0.34961744397878647,0.08217309694737196,
0,260816,matched,MATCHED_Impulsive,Proposed_CA_CNN_RNND,7189,0.35719019174575806,0.3003820739686489,0.05680812243372202,
0,260816,matched,MATCHED_Impulsive,Proposed_CA_CNN_RNND,7190,0.36558206751942635,0.30956878513097763,0.05601328518241644,
0,260816,matched,MATCHED_Impulsive,Proposed_CA_CNN_RNND,7191,0.380846094340086,0.31788962706923485,0.06295646447688341,
0,260816,matched,MATCHED_Impulsive,Proposed_CA_CNN_RNND,7192,0.35712193697690964,0.2988394536077976,0.05828248057514429,
0,260816,matched,MATCHED_Impulsive,Proposed_CA_CNN_RNND,7193,0.27843279018998146,0.24260420352220535,0.03582858853042126,
0,260816,matched,MATCHED_Impulsive,Proposed_CA_CNN_RNND,7194,0.46232369542121887,0.37364665418863297,0.08867704402655363,
0,260816,matched,MATCHED_Impulsive,Proposed_CA_CNN_RNND,7195,0.4146723449230194,0.3417501822113991,0.0729221748188138,
0,260816,matched,MATCHED_Impulsive,Proposed_CA_CNN_RNND,7196,0.43684764951467514,0.35858185589313507,0.07826579082757235,
0,260816,matched,MATCHED_Impulsive,Proposed_CA_CNN_RNND,7197,0.356783963739872,0.30932143330574036,0.04746253229677677,
0,260816,matched,MATCHED_Impulsive,Proposed_CA_CNN_RNND,7198,0.38482072949409485,0.3146505728363991,0.07017015293240547,
0,260816,matched,MATCHED_Impulsive,Proposed_CA_CNN_RNND,7199,0.3228031024336815,0.2736843638122082,0.049118733033537865,
0,260816,matched,MATCHED_Impulsive,Proposed_CA_CNN_RNND,7200,0.35450130701065063,0.2980688288807869,0.056432473473250866,-1.087828772481711
0,260816,matched,MATCHED_Impulsive,Proposed_CA_CNN_RNND,7201,0.33576927334070206,0.2765128090977669,0.05925646563991904,
0,260816,matched,MATCHED_Impulsive,Proposed_CA_CNN_RNND,7202,0.41240282356739044,0.3406367041170597,0.07176611060276628,
0,260816,matched,MATCHED_Impulsive,Proposed_CA_CNN_RNND,7203,0.49203861504793167,0.39521755278110504,0.09682106599211693,
0,260816,matched,MATCHED_Impulsive,Proposed_CA_CNN_RNND,7204,0.4964340776205063,0.4060903862118721,0.09034369420260191,
0,260816,matched,MATCHED_Impulsive,Proposed_CA_CNN_RNND,7205,0.41884665191173553,0.35262909159064293,0.06621755380183458,
0,260816,matched,MATCHED_Impulsive,Proposed_CA_CNN_RNND,7206,0.41567234694957733,0.34237612783908844,0.07329622097313404,
0,260816,matched,MATCHED_Impulsive,Proposed_CA_CNN_RNND,7207,0.39768342673778534,0.3280205950140953,0.06966284336522222,
0,260816,matched,MATCHED_Impulsive,Proposed_CA_CNN_RNND,7208,0.3632090464234352,0.3079044967889786,0.05530455382540822,
0,260816,matched,MATCHED_Impulsive,Proposed_CA_CNN_RNND,7209,0.3466602712869644,0.29371341317892075,0.05294686369597912,
0,260816,matched,MATCHED_Impulsive,Proposed_CA_CNN_RNND,7210,0.3092676028609276,0.2574639394879341,0.05180365173146129,
0,260816,matched,MATCHED_Impulsive,Proposed_CA_CNN_RNND,7211,0.3089510165154934,0.25820522755384445,0.0507457903586328,
0,260816,matched,MATCHED_Impulsive,Proposed_CA_CNN_RNND,7212,0.2623128704726696,0.22583363950252533,0.03647923329845071,
0,260816,matched,MATCHED_Impulsive,Proposed_CA_CNN_RNND,7213,0.31156405806541443,0.2635139226913452,0.048050131648778915,
0,260816,matched,MATCHED_Impulsive,Proposed_CA_CNN_RNND,7214,0.3001943975687027,0.26020698994398117,0.03998740715906024,
0,260816,matched,MATCHED_Impulsive,Proposed_CA_CNN_RNND,7215,0.5632623583078384,0.45635539293289185,0.10690696910023689,
0,260816,matched,MATCHED_Impulsive,Proposed_CA_CNN_RNND,7216,0.26417113468050957,0.2317468784749508,0.03242425876669586,
0,260816,matched,MATCHED_Impulsive,Proposed_CA_CNN_RNND,7217,0.3765220046043396,0.3178159259259701,0.05870607681572437,
0,260816,matched,MATCHED_Impulsive,Proposed_CA_CNN_RNND,7218,0.3162429481744766,0.2681554928421974,0.048087457194924355,
0,260816,matched,MATCHED_Impulsive,Proposed_CA_CNN_RNND,7219,0.3634834438562393,0.30036933347582817,0.06311411457136273,
0,260816,matched,MATCHED_Impulsive,Proposed_CA_CNN_RNND,7220,0.4495684579014778,0.3722512051463127,0.0773172378540039,
0,260816,matched,MATCHED_Impulsive,Proposed_CA_CNN_RNND,7221,0.4333046153187752,0.3537442982196808,0.07956030778586864,
0,260816,matched,MATCHED_Impulsive,Proposed_CA_CNN_RNND,7222,0.2776502799242735,0.2383265495300293,0.039323727367445827,
0,260816,matched,MATCHED_Impulsive,Proposed_CA_CNN_RNND,7223,0.45814189314842224,0.3741188645362854,0.0840230230242014,
0,260816,matched,MATCHED_Impulsive,Proposed_CA_CNN_RNND,7224,0.3878802955150604,0.31927280873060226,0.06860749423503876,
0,260816,matched,MATCHED_Impulsive,Proposed_CA_CNN_RNND,7225,0.40412937104701996,0.3371678777039051,0.06696148030459881,
0,260816,matched,MATCHED_Impulsive,Proposed_CA_CNN_RNND,7226,0.39644894003868103,0.3319878876209259,0.06446105241775513,
0,260816,matched,MATCHED_Impulsive,Proposed_CA_CNN_RNND,7227,0.3841128461062908,0.30908338725566864,0.07502946723252535,
0,260816,matched,MATCHED_Impulsive,Proposed_CA_CNN_RNND,7228,0.4031589403748512,0.3401850387454033,0.06297389883548021,
0,260816,matched,MATCHED_Impulsive,Proposed_CA_CNN_RNND,7229,0.393439881503582,0.33427510038018227,0.0591647787950933,
0,260816,matched,MATCHED_Impulsive,Proposed_CA_CNN_RNND,7230,0.4478481747210026,0.36335669457912445,0.08449147082865238,
0,260816,matched,MATCHED_Impulsive,Proposed_CA_CNN_RNND,7231,0.29277779906988144,0.24680370464920998,0.045974090695381165,
0,260816,matched,MATCHED_Impulsive,Proposed_CA_CNN_RNND,7232,0.44387349486351013,0.364070363342762,0.07980313338339329,
0,260816,matched,MATCHED_Impulsive,Proposed_CA_CNN_RNND,7233,0.38671574369072914,0.3242434039711952,0.06247234530746937,
0,260816,matched,MATCHED_Impulsive,Proposed_CA_CNN_RNND,7234,0.27518709748983383,0.233543548732996,0.041643545031547546,
0,260816,matched,MATCHED_Impulsive,Proposed_CA_CNN_RNND,7235,0.3646113872528076,0.31035035848617554,0.0542610224802047,
0,260816,matched,MATCHED_Impulsive,Proposed_CA_CNN_RNND,7236,0.44673407077789307,0.3774842470884323,0.06924982741475105,
0,260816,matched,MATCHED_Impulsive,Proposed_CA_CNN_RNND,7237,0.4978928789496422,0.4020248204469681,0.09586806502193213,
0,260816,matched,MATCHED_Impulsive,Proposed_CA_CNN_RNND,7238,0.31653284654021263,0.27297621965408325,0.043556624092161655,
0,260816,matched,MATCHED_Impulsive,Proposed_CA_CNN_RNND,7239,0.5347073301672935,0.4313044399023056,0.10340287908911705,
0,260816,matched,MATCHED_Impulsive,Proposed_CA_CNN_RNND,7240,0.4283279478549957,0.3599281311035156,0.06839981768280268,
0,260816,matched,MATCHED_Impulsive,Proposed_CA_CNN_RNND,7241,0.36523034796118736,0.3074283264577389,0.05780202569440007,
0,260816,matched,MATCHED_Impulsive,Proposed_CA_CNN_RNND,7242,0.4638967886567116,0.3845975771546364,0.0792992115020752,
0,260816,matched,MATCHED_Impulsive,Proposed_CA_CNN_RNND,7243,0.3770573362708092,0.31197746843099594,0.0650798692367971,
0,260816,matched,MATCHED_Impulsive,Proposed_CA_CNN_RNND,7244,0.32532334327697754,0.272628590464592,0.05269475094974041,
0,260816,matched,MATCHED_Impulsive,Proposed_CA_CNN_RNND,7245,0.29483605921268463,0.24624324962496758,0.04859280912205577,
0,260816,matched,MATCHED_Impulsive,Proposed_CA_CNN_RNND,7246,0.37323538213968277,0.3157597742974758,0.05747560923919082,
0,260816,matched,MATCHED_Impulsive,Proposed_CA_CNN_RNND,7247,0.29939328879117966,0.25925180315971375,0.040141493547707796,
0,260816,matched,MATCHED_Impulsive,Proposed_CA_CNN_RNND,7248,0.3713074401021004,0.31162790581583977,0.05967953568324447,
0,260816,matched,MATCHED_Impulsive,Proposed_CA_CNN_RNND,7249,0.43398914486169815,0.3580506145954132,0.0759385246783495,
0,260816,matched,MATCHED_Impulsive,Proposed_CA_CNN_RNND,7250,0.3481777757406235,0.29855599999427795,0.04962177807465196,
0,260816,matched,MATCHED_Impulsive,Proposed_CA_CNN_RNND,7251,0.41365785896778107,0.33772703260183334,0.07593083381652832,
0,260816,matched,MATCHED_Impulsive,Proposed_CA_CNN_RNND,7252,0.3408963643014431,0.28522709012031555,0.0556692760437727,
0,260816,matched,MATCHED_Impulsive,Proposed_CA_CNN_RNND,7253,0.43376031517982483,0.3489309437572956,0.0848293686285615,
0,260816,matched,MATCHED_Impulsive,Proposed_CA_CNN_RNND,7254,0.3059723675251007,0.25993043929338455,0.046041933819651604,
0,260816,matched,MATCHED_Impulsive,Proposed_CA_CNN_RNND,7255,0.30140261724591255,0.26272154226899147,0.03868107940070331,
0,260816,matched,MATCHED_Impulsive,Proposed_CA_CNN_RNND,7256,0.3870738781988621,0.32258614525198936,0.06448773667216301,
0,260816,matched,MATCHED_Impulsive,Proposed_CA_CNN_RNND,7257,0.2868769094347954,0.25091084465384483,0.0359660629183054,
0,260816,matched,MATCHED_Impulsive,Proposed_CA_CNN_RNND,7258,0.4369666911661625,0.3613005802035332,0.07566610956564546,
0,260816,matched,MATCHED_Impulsive,Proposed_CA_CNN_RNND,7259,0.32553330436348915,0.26995933055877686,0.05557396728545427,
0,260816,matched,MATCHED_Impulsive,Proposed_CA_CNN_RNND,7260,0.36396370828151703,0.3079923242330551,0.05597137659788132,
0,260816,matched,MATCHED_Impulsive,Proposed_CA_CNN_RNND,7261,0.32653163000941277,0.27275537326931953,0.05377626232802868,
0,260816,matched,MATCHED_Impulsive,Proposed_CA_CNN_RNND,7262,0.4498327672481537,0.3611528016626835,0.08867995953187346,
0,260816,matched,MATCHED_Impulsive,Proposed_CA_CNN_RNND,7263,0.35239269584417343,0.3053622394800186,0.04703045263886452,
0,260816,matched,MATCHED_Impulsive,Proposed_CA_CNN_RNND,7264,0.24582475796341896,0.2151983417570591,0.030626419931650162,
0,260816,matched,MATCHED_Impulsive,Proposed_CA_CNN_RNND,7265,0.4819377511739731,0.3944871611893177,0.08745057974010706,
0,260816,matched,MATCHED_Impulsive,Proposed_CA_CNN_RNND,7266,0.5090140923857689,0.4103515222668648,0.09866257943212986,
0,260816,matched,MATCHED_Impulsive,Proposed_CA_CNN_RNND,7267,0.32751597464084625,0.2783181965351105,0.049197775311768055,
0,260816,matched,MATCHED_Impulsive,Proposed_CA_CNN_RNND,7268,0.5233946293592453,0.410503126680851,0.11289151012897491,
0,260816,matched,MATCHED_Impulsive,Proposed_CA_CNN_RNND,7269,0.4004276171326637,0.33294615149497986,0.06748146284371614,
0,260816,matched,MATCHED_Impulsive,Proposed_CA_CNN_RNND,7270,0.20448384806513786,0.18594923615455627,0.01853460678830743,
0,260816,matched,MATCHED_Impulsive,Proposed_CA_CNN_RNND,7271,0.34904923662543297,0.2903576083481312,0.058691623620688915,
0,260816,matched,MATCHED_Impulsive,Proposed_CA_CNN_RNND,7272,0.48148153722286224,0.38740886747837067,0.09407265484333038,
0,260816,matched,MATCHED_Impulsive,Proposed_CA_CNN_RNND,7273,0.2840609736740589,0.24086245894432068,0.04319852404296398,
0,260816,matched,MATCHED_Impulsive,Proposed_CA_CNN_RNND,7274,0.3590984679758549,0.30298973619937897,0.05610872944816947,
0,260816,matched,MATCHED_Impulsive,Proposed_CA_CNN_RNND,7275,0.39297085627913475,0.32379378750920296,0.06917707435786724,
0,260816,matched,MATCHED_Impulsive,Proposed_CA_CNN_RNND,7276,0.22523729503154755,0.1966637521982193,0.028573548886924982,
0,260816,matched,MATCHED_Impulsive,Proposed_CA_CNN_RNND,7277,0.43818221241235733,0.3592951074242592,0.07888709474354982,
0,260816,matched,MATCHED_Impulsive,Proposed_CA_CNN_RNND,7278,0.4459224194288254,0.36575065180659294,0.08017177297733724,
0,260816,matched,MATCHED_Impulsive,Proposed_CA_CNN_RNND,7279,0.3468705005943775,0.28838732838630676,0.05848317081108689,
0,260816,matched,MATCHED_Impulsive,Proposed_CA_CNN_RNND,7280,0.4224621132016182,0.3480752110481262,0.07438690401613712,
0,260816,matched,MATCHED_Impulsive,Proposed_CA_CNN_RNND,7281,0.3024960458278656,0.2550411820411682,0.047454859130084515,
0,260816,matched,MATCHED_Impulsive,Proposed_CA_CNN_RNND,7282,0.37420590966939926,0.3080812282860279,0.0661246869713068,
0,260816,matched,MATCHED_Impulsive,Proposed_CA_CNN_RNND,7283,0.3322006165981293,0.2790064848959446,0.05319414124824107,
0,260816,matched,MATCHED_Impulsive,Proposed_CA_CNN_RNND,7284,0.4322473146021366,0.354405976831913,0.07784132985398173,
0,260816,matched,MATCHED_Impulsive,Proposed_CA_CNN_RNND,7285,0.37573666870594025,0.3051781579852104,0.07055850699543953,
0,260816,matched,MATCHED_Impulsive,Proposed_CA_CNN_RNND,7286,0.4452916160225868,0.3687416911125183,0.07654992211610079,
0,260816,matched,MATCHED_Impulsive,Proposed_CA_CNN_RNND,7287,0.507509384304285,0.41108059138059616,0.09642880456522107,
0,260816,matched,MATCHED_Impulsive,Proposed_CA_CNN_RNND,7288,0.35477272793650627,0.2962321490049362,0.05854056403040886,
0,260816,matched,MATCHED_Impulsive,Proposed_CA_CNN_RNND,7289,0.4701826423406601,0.37674324214458466,0.09343940205872059,
0,260816,matched,MATCHED_Impulsive,Proposed_CA_CNN_RNND,7290,0.32089295238256454,0.2704061530530453,0.05048680235631764,
0,260816,matched,MATCHED_Impulsive,Proposed_CA_CNN_RNND,7291,0.2968478798866272,0.25439421087503433,0.04245367180556059,
0,260816,matched,MATCHED_Impulsive,Proposed_CA_CNN_RNND,7292,0.4503258541226387,0.3694436699151993,0.080882185138762,
0,260816,matched,MATCHED_Impulsive,Proposed_CA_CNN_RNND,7293,0.3940857797861099,0.32890748977661133,0.06517829978838563,
0,260816,matched,MATCHED_Impulsive,Proposed_CA_CNN_RNND,7294,0.38388146832585335,0.3230680823326111,0.06081338692456484,
0,260816,matched,MATCHED_Impulsive,Proposed_CA_CNN_RNND,7295,0.4145456328988075,0.342889629304409,0.07165601290762424,
0,260816,matched,MATCHED_Impulsive,Proposed_CA_CNN_RNND,7296,0.25459714606404305,0.22174539417028427,0.032851748168468475,
0,260816,matched,MATCHED_Impulsive,Proposed_CA_CNN_RNND,7297,0.2983849048614502,0.2602052688598633,0.0381796364672482,
0,260816,matched,MATCHED_Impulsive,Proposed_CA_CNN_RNND,7298,0.4493672251701355,0.37083492055535316,0.07853231113404036,
0,260816,matched,MATCHED_Impulsive,Proposed_CA_CNN_RNND,7299,0.3455902226269245,0.28953081369400024,0.056059408001601696,
0,260816,matched,MATCHED_Impulsive,Proposed_CA_CNN_RNND,7300,0.21326298266649246,0.18894408270716667,0.024318902054801583,
0,260816,matched,MATCHED_Impulsive,Proposed_CA_CNN_RNND,7301,0.33916644379496574,0.2898246757686138,0.04934175917878747,
0,260816,matched,MATCHED_Impulsive,Proposed_CA_CNN_RNND,7302,0.4030485153198242,0.33049702271819115,0.0725514953956008,
0,260816,matched,MATCHED_Impulsive,Proposed_CA_CNN_RNND,7303,0.3071564920246601,0.265359278768301,0.041797216050326824,
0,260816,matched,MATCHED_Impulsive,Proposed_CA_CNN_RNND,7304,0.483548317104578,0.39332858100533485,0.09021973004564643,
0,260816,matched,MATCHED_Impulsive,Proposed_CA_CNN_RNND,7305,0.3270779959857464,0.2744222804903984,0.05265572480857372,
0,260816,matched,MATCHED_Impulsive,Proposed_CA_CNN_RNND,7306,0.3207726553082466,0.27284010499715805,0.04793255124241114,
0,260816,matched,MATCHED_Impulsive,Proposed_CA_CNN_RNND,7307,0.3591871149837971,0.30097441747784615,0.058212701696902514,
0,260816,matched,MATCHED_Impulsive,Proposed_CA_CNN_RNND,7308,0.39682603254914284,0.3310742788016796,0.06575175374746323,
0,260816,matched,MATCHED_Impulsive,Proposed_CA_CNN_RNND,7309,0.3586188033223152,0.302044540643692,0.056574261747300625,
0,260816,matched,MATCHED_Impulsive,Proposed_CA_CNN_RNND,7310,0.31125644594430923,0.26744846999645233,0.04380797722842544,
0,260816,matched,MATCHED_Impulsive,Proposed_CA_CNN_RNND,7311,0.2785954400897026,0.23914023116230965,0.039455207297578454,
0,260816,matched,MATCHED_Impulsive,Proposed_CA_CNN_RNND,7312,0.4144361615180969,0.34187889844179153,0.07255725772120059,
0,260816,matched,MATCHED_Impulsive,Proposed_CA_CNN_RNND,7313,0.47407297790050507,0.38208383321762085,0.09198914561420679,
0,260816,matched,MATCHED_Impulsive,Proposed_CA_CNN_RNND,7314,0.43546734005212784,0.35832633450627327,0.07714101020246744,
0,260816,matched,MATCHED_Impulsive,Proposed_CA_CNN_RNND,7315,0.49539925158023834,0.4081196039915085,0.08727965224534273,
0,260816,matched,MATCHED_Impulsive,Proposed_CA_CNN_RNND,7316,0.4866046905517578,0.40197425335645676,0.08463043440133333,
0,260816,matched,MATCHED_Impulsive,Proposed_CA_CNN_RNND,7317,0.3916266858577728,0.3188706934452057,0.07275599986314774,
0,260816,matched,MATCHED_Impulsive,Proposed_CA_CNN_RNND,7318,0.43105919659137726,0.3504777066409588,0.0805814964696765,
0,260816,matched,MATCHED_Impulsive,Proposed_CA_CNN_RNND,7319,0.457897424697876,0.3719286508858204,0.0859687589108944,
0,260816,matched,MATCHED_Impulsive,Proposed_CA_CNN_RNND,7320,0.5178225114941597,0.41490211337804794,0.1029204111546278,
0,260816,matched,MATCHED_Impulsive,Proposed_CA_CNN_RNND,7321,0.38268062844872475,0.3176291435956955,0.06505149160511792,
0,260816,matched,MATCHED_Impulsive,Proposed_CA_CNN_RNND,7322,0.4009281396865845,0.33117518573999405,0.0697529586032033,
0,260816,matched,MATCHED_Impulsive,Proposed_CA_CNN_RNND,7323,0.39156288281083107,0.320368405431509,0.0711944755166769,
0,260816,matched,MATCHED_Impulsive,Proposed_CA_CNN_RNND,7324,0.5504684597253799,0.4408336654305458,0.10963480081409216,
0,260816,matched,MATCHED_Impulsive,Proposed_CA_CNN_RNND,7325,0.2474915012717247,0.21358003094792366,0.033911469392478466,
0,260816,matched,MATCHED_Impulsive,Proposed_CA_CNN_RNND,7326,0.5117639526724815,0.4116053581237793,0.10015859454870224,
0,260816,matched,MATCHED_Impulsive,Proposed_CA_CNN_RNND,7327,0.44170229136943817,0.3653586208820343,0.07634367700666189,
0,260816,matched,MATCHED_Impulsive,Proposed_CA_CNN_RNND,7328,0.538413941860199,0.4329163357615471,0.10549759957939386,
0,260816,matched,MATCHED_Impulsive,Proposed_CA_CNN_RNND,7329,0.4498246908187866,0.36565444245934486,0.08417024370282888,
0,260816,matched,MATCHED_Impulsive,Proposed_CA_CNN_RNND,7330,0.4109002500772476,0.3415283150970936,0.06937193963676691,
0,260816,matched,MATCHED_Impulsive,Proposed_CA_CNN_RNND,7331,0.3509151302278042,0.2935207188129425,0.05739441094920039,
0,260816,matched,MATCHED_Impulsive,Proposed_CA_CNN_RNND,7332,0.3826829716563225,0.31823069602251053,0.0644522737711668,
0,260816,matched,MATCHED_Impulsive,Proposed_CA_CNN_RNND,7333,0.28125906363129616,0.24389570206403732,0.03736335947178304,
0,260816,matched,MATCHED_Impulsive,Proposed_CA_CNN_RNND,7334,0.4145083352923393,0.344307079911232,0.07020126655697823,
0,260816,matched,MATCHED_Impulsive,Proposed_CA_CNN_RNND,7335,0.29178451374173164,0.2498236857354641,0.041960824746638536,
0,260816,matched,MATCHED_Impulsive,Proposed_CA_CNN_RNND,7336,0.36810414865612984,0.31278859078884125,0.05531555553898215,
0,260816,matched,MATCHED_Impulsive,Proposed_CA_CNN_RNND,7337,0.3760150894522667,0.31777215749025345,0.05824292730540037,
0,260816,matched,MATCHED_Impulsive,Proposed_CA_CNN_RNND,7338,0.4294038340449333,0.35215236991643906,0.07725145947188139,
0,260816,matched,MATCHED_Impulsive,Proposed_CA_CNN_RNND,7339,0.42764927446842194,0.35286643356084824,0.07478284649550915,
0,260816,matched,MATCHED_Impulsive,Proposed_CA_CNN_RNND,7340,0.2953511141240597,0.25205620378255844,0.04329490661621094,
0,260816,matched,MATCHED_Impulsive,Proposed_CA_CNN_RNND,7341,0.41195017099380493,0.34353189170360565,0.06841828860342503,
0,260816,matched,MATCHED_Impulsive,Proposed_CA_CNN_RNND,7342,0.4506813585758209,0.3753577768802643,0.07532357145100832,
0,260816,matched,MATCHED_Impulsive,Proposed_CA_CNN_RNND,7343,0.4454663433134556,0.36518608033657074,0.08028026530519128,
0,260816,matched,MATCHED_Impulsive,Proposed_CA_CNN_RNND,7344,0.3577427491545677,0.2961523197591305,0.061590422643348575,
0,260816,matched,MATCHED_Impulsive,Proposed_CA_CNN_RNND,7345,0.36436986923217773,0.3051156625151634,0.05925420206040144,
0,260816,matched,MATCHED_Impulsive,Proposed_CA_CNN_RNND,7346,0.532624289393425,0.42753414809703827,0.10509014874696732,
0,260816,matched,MATCHED_Impulsive,Proposed_CA_CNN_RNND,7347,0.34748033434152603,0.291122455149889,0.056357878260314465,
0,260816,matched,MATCHED_Impulsive,Proposed_CA_CNN_RNND,7348,0.4986080229282379,0.4044322445988655,0.0941757895052433,
0,260816,matched,MATCHED_Impulsive,Proposed_CA_CNN_RNND,7349,0.3777911141514778,0.3209518566727638,0.05683924816548824,
0,260816,matched,MATCHED_Impulsive,Proposed_CA_CNN_RNND,7350,0.3322807140648365,0.2833434082567692,0.04893730813637376,
0,260816,matched,MATCHED_Impulsive,Proposed_CA_CNN_RNND,7351,0.27267875894904137,0.23599495738744736,0.036683792946860194,
0,260816,matched,MATCHED_Impulsive,Proposed_CA_CNN_RNND,7352,0.49795743077993393,0.40739692002534866,0.09056051541119814,
0,260816,matched,MATCHED_Impulsive,Proposed_CA_CNN_RNND,7353,0.4296135902404785,0.3507436364889145,0.0788699546828866,
0,260816,matched,MATCHED_Impulsive,Proposed_CA_CNN_RNND,7354,0.34251366183161736,0.29246509820222855,0.05004856549203396,
0,260816,matched,MATCHED_Impulsive,Proposed_CA_CNN_RNND,7355,0.27451757341623306,0.2376786321401596,0.03683893592096865,
0,260816,matched,MATCHED_Impulsive,Proposed_CA_CNN_RNND,7356,0.3543362133204937,0.2958720549941063,0.05846415227279067,
0,260816,matched,MATCHED_Impulsive,Proposed_CA_CNN_RNND,7357,0.3999774008989334,0.3257042206823826,0.07427319092676044,
0,260816,matched,MATCHED_Impulsive,Proposed_CA_CNN_RNND,7358,0.45168255269527435,0.375617653131485,0.07606490422040224,
0,260816,matched,MATCHED_Impulsive,Proposed_CA_CNN_RNND,7359,0.38670315220952034,0.32373539358377457,0.06296776700764894,
0,260816,matched,MATCHED_Impulsive,Proposed_CA_CNN_RNND,7360,0.3402850590646267,0.2873939499258995,0.05289111752063036,
0,260816,matched,MATCHED_Impulsive,Proposed_CA_CNN_RNND,7361,0.47988560050725937,0.3881598077714443,0.0917257983237505,
0,260816,matched,MATCHED_Impulsive,Proposed_CA_CNN_RNND,7362,0.41836294904351234,0.3509696088731289,0.06739334808662534,
0,260816,matched,MATCHED_Impulsive,Proposed_CA_CNN_RNND,7363,0.4546622931957245,0.3705061450600624,0.08415615232661366,
0,260816,matched,MATCHED_Impulsive,Proposed_CA_CNN_RNND,7364,0.4299614652991295,0.35784490406513214,0.07211655471473932,
0,260816,matched,MATCHED_Impulsive,Proposed_CA_CNN_RNND,7365,0.293505035340786,0.2553156837821007,0.03818934503942728,
0,260816,matched,MATCHED_Impulsive,Proposed_CA_CNN_RNND,7366,0.5636952221393585,0.46149203181266785,0.10220318101346493,
0,260816,matched,MATCHED_Impulsive,Proposed_CA_CNN_RNND,7367,0.40221231430768967,0.3354788310825825,0.06673348043113947,
0,260816,matched,MATCHED_Impulsive,Proposed_CA_CNN_RNND,7368,0.41372738406062126,0.34449266642332077,0.06923472601920366,
0,260816,matched,MATCHED_Impulsive,Proposed_CA_CNN_RNND,7369,0.3300216943025589,0.27928029000759125,0.050741405226290226,
0,260816,matched,MATCHED_Impulsive,Proposed_CA_CNN_RNND,7370,0.3303857445716858,0.28297994285821915,0.047405808698385954,
0,260816,matched,MATCHED_Impulsive,Proposed_CA_CNN_RNND,7371,0.4139202907681465,0.34181780740618706,0.07210248347837478,
0,260816,matched,MATCHED_Impulsive,Proposed_CA_CNN_RNND,7372,0.33076776936650276,0.2758335471153259,0.054934218525886536,
0,260816,matched,MATCHED_Impulsive,Proposed_CA_CNN_RNND,7373,0.478442057967186,0.39305298775434494,0.0853890860453248,
0,260816,matched,MATCHED_Impulsive,Proposed_CA_CNN_RNND,7374,0.3731124997138977,0.3086421862244606,0.06447031302377582,
0,260816,matched,MATCHED_Impulsive,Proposed_CA_CNN_RNND,7375,0.369938924908638,0.3037133440375328,0.0662255808711052,
0,260816,matched,MATCHED_Impulsive,Proposed_CA_CNN_RNND,7376,0.2851845249533653,0.24967412650585175,0.03551040077582002,
0,260816,matched,MATCHED_Impulsive,Proposed_CA_CNN_RNND,7377,0.32964808493852615,0.2859632596373558,0.04368482530117035,
0,260816,matched,MATCHED_Impulsive,Proposed_CA_CNN_RNND,7378,0.3404511846601963,0.28420954942703247,0.05624163616448641,
0,260816,matched,MATCHED_Impulsive,Proposed_CA_CNN_RNND,7379,0.4655265286564827,0.3752608373761177,0.09026569500565529,
0,260816,matched,MATCHED_Impulsive,Proposed_CA_CNN_RNND,7380,0.3438575267791748,0.29196979850530624,0.051887724082916975,
0,260816,matched,MATCHED_Impulsive,Proposed_CA_CNN_RNND,7381,0.3703276440501213,0.3061990663409233,0.064128577709198,
0,260816,matched,MATCHED_Impulsive,Proposed_CA_CNN_RNND,7382,0.2665007412433624,0.23467131331562996,0.03182942350395024,
0,260816,matched,MATCHED_Impulsive,Proposed_CA_CNN_RNND,7383,0.4391457736492157,0.36344343796372414,0.07570232870057225,
0,260816,matched,MATCHED_Impulsive,Proposed_CA_CNN_RNND,7384,0.4426174908876419,0.3559602349996567,0.08665726613253355,
0,260816,matched,MATCHED_Impulsive,Proposed_CA_CNN_RNND,7385,0.3021209202706814,0.2577006332576275,0.04442029166966677,
0,260816,matched,MATCHED_Impulsive,Proposed_CA_CNN_RNND,7386,0.40225619450211525,0.3290436901152134,0.07321250345557928,
0,260816,matched,MATCHED_Impulsive,Proposed_CA_CNN_RNND,7387,0.3194098621606827,0.2718459628522396,0.04756390210241079,
0,260816,matched,MATCHED_Impulsive,Proposed_CA_CNN_RNND,7388,0.4867561310529709,0.4009377136826515,0.08581841737031937,
0,260816,matched,MATCHED_Impulsive,Proposed_CA_CNN_RNND,7389,0.37707987055182457,0.3149710074067116,0.062108881771564484,
0,260816,matched,MATCHED_Impulsive,Proposed_CA_CNN_RNND,7390,0.42007477954030037,0.3427363708615303,0.07733840961009264,
0,260816,matched,MATCHED_Impulsive,Proposed_CA_CNN_RNND,7391,0.5126713812351227,0.41367699950933456,0.09899437986314297,
0,260816,matched,MATCHED_Impulsive,Proposed_CA_CNN_RNND,7392,0.3664425164461136,0.3014691285789013,0.06497338926419616,
0,260816,matched,MATCHED_Impulsive,Proposed_CA_CNN_RNND,7393,0.471198633313179,0.38837065175175667,0.0828279871493578,
0,260816,matched,MATCHED_Impulsive,Proposed_CA_CNN_RNND,7394,0.2861747443675995,0.247696653008461,0.03847808763384819,
0,260816,matched,MATCHED_Impulsive,Proposed_CA_CNN_RNND,7395,0.39270199835300446,0.3277612365782261,0.06494075246155262,
0,260816,matched,MATCHED_Impulsive,Proposed_CA_CNN_RNND,7396,0.3336034193634987,0.282897911965847,0.05070551484823227,
0,260816,matched,MATCHED_Impulsive,Proposed_CA_CNN_RNND,7397,0.32683065533638,0.26900551095604897,0.057825136464089155,
0,260816,matched,MATCHED_Impulsive,Proposed_CA_CNN_RNND,7398,0.3825191929936409,0.3145179748535156,0.06800121534615755,
0,260816,matched,MATCHED_Impulsive,Proposed_CA_CNN_RNND,7399,0.3472418785095215,0.288639172911644,0.05860270233824849,
0,260816,matched,MATCHED_Impulsive,Proposed_CA_CNN_RNND,7400,0.38573693484067917,0.32155611366033554,0.06418082024902105,-1.0810462829758107
0,260816,matched,MATCHED_Impulsive,Proposed_CA_CNN_RNND,7401,0.3356975428760052,0.2874932549893856,0.04820428229868412,
0,260816,matched,MATCHED_Impulsive,Proposed_CA_CNN_RNND,7402,0.4296695329248905,0.3542741872370243,0.07539535593241453,
0,260816,matched,MATCHED_Impulsive,Proposed_CA_CNN_RNND,7403,0.4100899063050747,0.3442418649792671,0.06584803992882371,
0,260816,matched,MATCHED_Impulsive,Proposed_CA_CNN_RNND,7404,0.3615836203098297,0.30754445120692253,0.05403917096555233,
0,260816,matched,MATCHED_Impulsive,Proposed_CA_CNN_RNND,7405,0.2957935631275177,0.25841202586889267,0.0373815402854234,
0,260816,matched,MATCHED_Impulsive,Proposed_CA_CNN_RNND,7406,0.4161057695746422,0.34131769090890884,0.07478807773441076,
0,260816,matched,MATCHED_Impulsive,Proposed_CA_CNN_RNND,7407,0.33161475881934166,0.2806159406900406,0.0509988134726882,
0,260816,matched,MATCHED_Impulsive,Proposed_CA_CNN_RNND,7408,0.32329011708498,0.2757277674973011,0.04756234725937247,
0,260816,matched,MATCHED_Impulsive,Proposed_CA_CNN_RNND,7409,0.4038415402173996,0.3299874775111675,0.07385406596586108,
0,260816,matched,MATCHED_Impulsive,Proposed_CA_CNN_RNND,7410,0.29830177500844,0.2509090267121792,0.047392747830599546,
0,260816,matched,MATCHED_Impulsive,Proposed_CA_CNN_RNND,7411,0.38141483068466187,0.3220042400062084,0.05941058974713087,
0,260816,matched,MATCHED_Impulsive,Proposed_CA_CNN_RNND,7412,0.4656081572175026,0.3709329888224602,0.09467516280710697,
0,260816,matched,MATCHED_Impulsive,Proposed_CA_CNN_RNND,7413,0.2969416379928589,0.2521401196718216,0.04480151878669858,
0,260816,matched,MATCHED_Impulsive,Proposed_CA_CNN_RNND,7414,0.29881100729107857,0.26055851206183434,0.03825249522924423,
0,260816,matched,MATCHED_Impulsive,Proposed_CA_CNN_RNND,7415,0.3635788671672344,0.2964039482176304,0.06717491848394275,
0,260816,matched,MATCHED_Impulsive,Proposed_CA_CNN_RNND,7416,0.3890394791960716,0.3225310146808624,0.0665084607899189,
0,260816,matched,MATCHED_Impulsive,Proposed_CA_CNN_RNND,7417,0.5040021501481533,0.4084431380033493,0.09555900981649756,
0,260816,matched,MATCHED_Impulsive,Proposed_CA_CNN_RNND,7418,0.38199321925640106,0.3220514953136444,0.05994171742349863,
0,260816,matched,MATCHED_Impulsive,Proposed_CA_CNN_RNND,7419,0.3069470152258873,0.2578295171260834,0.04911750229075551,
0,260816,matched,MATCHED_Impulsive,Proposed_CA_CNN_RNND,7420,0.3278520368039608,0.27676620706915855,0.05108583439141512,
0,260816,matched,MATCHED_Impulsive,Proposed_CA_CNN_RNND,7421,0.27649126574397087,0.23825620487332344,0.038235065061599016,
0,260816,matched,MATCHED_Impulsive,Proposed_CA_CNN_RNND,7422,0.4015783853828907,0.3305433951318264,0.07103498931974173,
0,260816,matched,MATCHED_Impulsive,Proposed_CA_CNN_RNND,7423,0.46086836606264114,0.3810257613658905,0.07984260469675064,
0,260816,matched,MATCHED_Impulsive,Proposed_CA_CNN_RNND,7424,0.30534080043435097,0.26115333288908005,0.04418746801093221,
0,260816,matched,MATCHED_Impulsive,Proposed_CA_CNN_RNND,7425,0.4755817987024784,0.3814360946416855,0.09414572268724442,
0,260816,matched,MATCHED_Impulsive,Proposed_CA_CNN_RNND,7426,0.21497711539268494,0.1911792941391468,0.02379781659692526,
0,260816,matched,MATCHED_Impulsive,Proposed_CA_CNN_RNND,7427,0.33833641558885574,0.28347259387373924,0.0548638254404068,
0,260816,matched,MATCHED_Impulsive,Proposed_CA_CNN_RNND,7428,0.3230101838707924,0.2690417245030403,0.05396846425719559,
0,260816,matched,MATCHED_Impulsive,Proposed_CA_CNN_RNND,7429,0.3423585221171379,0.2895706743001938,0.0527878487482667,
0,260816,matched,MATCHED_Impulsive,Proposed_CA_CNN_RNND,7430,0.22436746582388878,0.20044007524847984,0.02392739080823958,
0,260816,matched,MATCHED_Impulsive,Proposed_CA_CNN_RNND,7431,0.2938801608979702,0.25394662097096443,0.03993353992700577,
0,260816,matched,MATCHED_Impulsive,Proposed_CA_CNN_RNND,7432,0.4053885340690613,0.33729124814271927,0.06809727661311626,
0,260816,matched,MATCHED_Impulsive,Proposed_CA_CNN_RNND,7433,0.3663472980260849,0.3076874129474163,0.05865987669676542,
0,260816,matched,MATCHED_Impulsive,Proposed_CA_CNN_RNND,7434,0.3974898159503937,0.32695653662085533,0.0705332844518125,
0,260816,matched,MATCHED_Impulsive,Proposed_CA_CNN_RNND,7435,0.4599015861749649,0.3747499994933605,0.08515159646049142,
0,260816,matched,MATCHED_Impulsive,Proposed_CA_CNN_RNND,7436,0.3793266788125038,0.3196447752416134,0.059681897051632404,
0,260816,matched,MATCHED_Impulsive,Proposed_CA_CNN_RNND,7437,0.43535394221544266,0.361542284488678,0.07381166284903884,
0,260816,matched,MATCHED_Impulsive,Proposed_CA_CNN_RNND,7438,0.5566573590040207,0.446514829993248,0.1101425401866436,
0,260816,matched,MATCHED_Impulsive,Proposed_CA_CNN_RNND,7439,0.45096585899591446,0.37382522225379944,0.07714064419269562,
0,260816,matched,MATCHED_Impulsive,Proposed_CA_CNN_RNND,7440,0.5309920534491539,0.42441221326589584,0.10657983832061291,
0,260816,matched,MATCHED_Impulsive,Proposed_CA_CNN_RNND,7441,0.2719660848379135,0.24227579683065414,0.029690278694033623,
0,260816,matched,MATCHED_Impulsive,Proposed_CA_CNN_RNND,7442,0.3251529335975647,0.27303317561745644,0.052119758911430836,
0,260816,matched,MATCHED_Impulsive,Proposed_CA_CNN_RNND,7443,0.39921416342258453,0.3338560499250889,0.06535811629146338,
0,260816,matched,MATCHED_Impulsive,Proposed_CA_CNN_RNND,7444,0.4461972191929817,0.3685844838619232,0.0776127390563488,
0,260816,matched,MATCHED_Impulsive,Proposed_CA_CNN_RNND,7445,0.4323525056242943,0.35591722279787064,0.07643528562039137,
0,260816,matched,MATCHED_Impulsive,Proposed_CA_CNN_RNND,7446,0.3990371525287628,0.33184364438056946,0.06719350628554821,
0,260816,matched,MATCHED_Impulsive,Proposed_CA_CNN_RNND,7447,0.3663739748299122,0.3050018474459648,0.06137213297188282,
0,260816,matched,MATCHED_Impulsive,Proposed_CA_CNN_RNND,7448,0.2944694273173809,0.24703968688845634,0.047429745085537434,
0,260816,matched,MATCHED_Impulsive,Proposed_CA_CNN_RNND,7449,0.38043689727783203,0.3216945677995682,0.058742329478263855,
0,260816,matched,MATCHED_Impulsive,Proposed_CA_CNN_RNND,7450,0.431180477142334,0.34641850367188454,0.08476198790594935,
0,260816,matched,MATCHED_Impulsive,Proposed_CA_CNN_RNND,7451,0.49378127977252007,0.39827143773436546,0.09550983691588044,
0,260816,matched,MATCHED_Impulsive,Proposed_CA_CNN_RNND,7452,0.32281921431422234,0.27310414612293243,0.049715068424120545,
0,260816,matched,MATCHED_Impulsive,Proposed_CA_CNN_RNND,7453,0.2951628118753433,0.24867701157927513,0.046485789120197296,
0,260816,matched,MATCHED_Impulsive,Proposed_CA_CNN_RNND,7454,0.375566728413105,0.3039329797029495,0.07163374777883291,
0,260816,matched,MATCHED_Impulsive,Proposed_CA_CNN_RNND,7455,0.418786384165287,0.34561146795749664,0.07317492458969355,
0,260816,matched,MATCHED_Impulsive,Proposed_CA_CNN_RNND,7456,0.3484692648053169,0.2956843711435795,0.05278489366173744,
0,260816,matched,MATCHED_Impulsive,Proposed_CA_CNN_RNND,7457,0.3386952318251133,0.2868252918124199,0.05186994839459658,
0,260816,matched,MATCHED_Impulsive,Proposed_CA_CNN_RNND,7458,0.4401663765311241,0.3614836558699608,0.07868271879851818,
0,260816,matched,MATCHED_Impulsive,Proposed_CA_CNN_RNND,7459,0.2831936255097389,0.24423912540078163,0.03895449452102184,
0,260816,matched,MATCHED_Impulsive,Proposed_CA_CNN_RNND,7460,0.3095083273947239,0.26143309846520424,0.04807522380724549,
0,260816,matched,MATCHED_Impulsive,Proposed_CA_CNN_RNND,7461,0.5424867197871208,0.43413831293582916,0.1083484124392271,
0,260816,matched,MATCHED_Impulsive,Proposed_CA_CNN_RNND,7462,0.4931156486272812,0.39877457916736603,0.09434106759727001,
0,260816,matched,MATCHED_Impulsive,Proposed_CA_CNN_RNND,7463,0.48516641557216644,0.39521075040102005,0.08995567169040442,
0,260816,matched,MATCHED_Impulsive,Proposed_CA_CNN_RNND,7464,0.4096022956073284,0.34634068608283997,0.0632616113871336,
0,260816,matched,MATCHED_Impulsive,Proposed_CA_CNN_RNND,7465,0.42230241745710373,0.35175298899412155,0.07054943218827248,
0,260816,matched,MATCHED_Impulsive,Proposed_CA_CNN_RNND,7466,0.40606730803847313,0.34156446158885956,0.06450284738093615,
0,260816,matched,MATCHED_Impulsive,Proposed_CA_CNN_RNND,7467,0.442648209631443,0.36287741363048553,0.07977079413831234,
0,260816,matched,MATCHED_Impulsive,Proposed_CA_CNN_RNND,7468,0.3725743070244789,0.316432423889637,0.0561418728902936,
0,260816,matched,MATCHED_Impulsive,Proposed_CA_CNN_RNND,7469,0.34048067033290863,0.2884141877293587,0.05206647887825966,
0,260816,matched,MATCHED_Impulsive,Proposed_CA_CNN_RNND,7470,0.527596578001976,0.43062691390514374,0.09696967154741287,
0,260816,matched,MATCHED_Impulsive,Proposed_CA_CNN_RNND,7471,0.4978121742606163,0.4012024849653244,0.09660969022661448,
0,260816,matched,MATCHED_Impulsive,Proposed_CA_CNN_RNND,7472,0.5332453772425652,0.4242928624153137,0.10895251668989658,
0,260816,matched,MATCHED_Impulsive,Proposed_CA_CNN_RNND,7473,0.23989217728376389,0.2113129273056984,0.028579251375049353,
0,260816,matched,MATCHED_Impulsive,Proposed_CA_CNN_RNND,7474,0.23330634087324142,0.20650189369916916,0.026804449502378702,
0,260816,matched,MATCHED_Impulsive,Proposed_CA_CNN_RNND,7475,0.38972873240709305,0.3255237638950348,0.06420496292412281,
0,260816,matched,MATCHED_Impulsive,Proposed_CA_CNN_RNND,7476,0.4121604412794113,0.3448650650680065,0.06729537807404995,
0,260816,matched,MATCHED_Impulsive,Proposed_CA_CNN_RNND,7477,0.45735953003168106,0.3691684640944004,0.08819106500595808,
0,260816,matched,MATCHED_Impulsive,Proposed_CA_CNN_RNND,7478,0.45633096992969513,0.3700375556945801,0.08629342168569565,
0,260816,matched,MATCHED_Impulsive,Proposed_CA_CNN_RNND,7479,0.2324373945593834,0.20546156913042068,0.026975829619914293,
0,260816,matched,MATCHED_Impulsive,Proposed_CA_CNN_RNND,7480,0.4940400645136833,0.40434398129582405,0.08969608135521412,
0,260816,matched,MATCHED_Impulsive,Proposed_CA_CNN_RNND,7481,0.4925397038459778,0.3966784179210663,0.09586127754300833,
0,260816,matched,MATCHED_Impulsive,Proposed_CA_CNN_RNND,7482,0.3799784369766712,0.31396760791540146,0.06601081416010857,
0,260816,matched,MATCHED_Impulsive,Proposed_CA_CNN_RNND,7483,0.35689128562808037,0.2947472035884857,0.06214407877996564,
0,260816,matched,MATCHED_Impulsive,Proposed_CA_CNN_RNND,7484,0.41175552085042,0.3421359732747078,0.0696195405907929,
0,260816,matched,MATCHED_Impulsive,Proposed_CA_CNN_RNND,7485,0.3712935075163841,0.3104780949652195,0.0608154097571969,
0,260816,matched,MATCHED_Impulsive,Proposed_CA_CNN_RNND,7486,0.30769073963165283,0.26443391293287277,0.04325683228671551,
0,260816,matched,MATCHED_Impulsive,Proposed_CA_CNN_RNND,7487,0.3305808864533901,0.27369268983602524,0.056888190330937505,
0,260816,matched,MATCHED_Impulsive,Proposed_CA_CNN_RNND,7488,0.4405225068330765,0.36567842960357666,0.07484407722949982,
0,260816,matched,MATCHED_Impulsive,Proposed_CA_CNN_RNND,7489,0.3836710825562477,0.3209506943821907,0.06272038631141186,
0,260816,matched,MATCHED_Impulsive,Proposed_CA_CNN_RNND,7490,0.36786187067627907,0.3150401785969734,0.0528216902166605,
0,260816,matched,MATCHED_Impulsive,Proposed_CA_CNN_RNND,7491,0.46342770010232925,0.37993480265140533,0.0834928834810853,
0,260816,matched,MATCHED_Impulsive,Proposed_CA_CNN_RNND,7492,0.4944615736603737,0.40780310332775116,0.08665846567600965,
0,260816,matched,MATCHED_Impulsive,Proposed_CA_CNN_RNND,7493,0.5800271034240723,0.4630865678191185,0.11694052442908287,
0,260816,matched,MATCHED_Impulsive,Proposed_CA_CNN_RNND,7494,0.49618104100227356,0.39950311183929443,0.09667792916297913,
0,260816,matched,MATCHED_Impulsive,Proposed_CA_CNN_RNND,7495,0.41707978397607803,0.3465938903391361,0.07048589363694191,
0,260816,matched,MATCHED_Impulsive,Proposed_CA_CNN_RNND,7496,0.40272166579961777,0.3243185691535473,0.0784031068906188,
0,260816,matched,MATCHED_Impulsive,Proposed_CA_CNN_RNND,7497,0.45472070947289467,0.36774489283561707,0.08697581081651151,
0,260816,matched,MATCHED_Impulsive,Proposed_CA_CNN_RNND,7498,0.33905041590332985,0.28429536893963814,0.054755051620304585,
0,260816,matched,MATCHED_Impulsive,Proposed_CA_CNN_RNND,7499,0.23337216675281525,0.2016647458076477,0.031707418616861105,
0,260816,matched,MATCHED_Impulsive,Proposed_CA_CNN_RNND,7500,0.5087536573410034,0.4077567234635353,0.10099693946540356,
0,260816,matched,MATCHED_Impulsive,Proposed_CA_CNN_RNND,7501,0.3607666864991188,0.3030316084623337,0.057735082693398,
0,260816,matched,MATCHED_Impulsive,Proposed_CA_CNN_RNND,7502,0.39062777906656265,0.3229437321424484,0.06768404273316264,
0,260816,matched,MATCHED_Impulsive,Proposed_CA_CNN_RNND,7503,0.2277238368988037,0.19867384806275368,0.02904998487792909,
0,260816,matched,MATCHED_Impulsive,Proposed_CA_CNN_RNND,7504,0.3778514415025711,0.3105553314089775,0.06729611940681934,
0,260816,matched,MATCHED_Impulsive,Proposed_CA_CNN_RNND,7505,0.3381616249680519,0.28559238091111183,0.0525692505761981,
0,260816,matched,MATCHED_Impulsive,Proposed_CA_CNN_RNND,7506,0.29846568405628204,0.2557471841573715,0.042718504555523396,
0,260816,matched,MATCHED_Impulsive,Proposed_CA_CNN_RNND,7507,0.47609391063451767,0.3896399885416031,0.08645392581820488,
0,260816,matched,MATCHED_Impulsive,Proposed_CA_CNN_RNND,7508,0.3818787857890129,0.3107878156006336,0.07109096087515354,
0,260816,matched,MATCHED_Impulsive,Proposed_CA_CNN_RNND,7509,0.2459893375635147,0.21626993268728256,0.02971940767019987,
0,260816,matched,MATCHED_Impulsive,Proposed_CA_CNN_RNND,7510,0.373870350420475,0.31592825055122375,0.057942100800573826,
0,260816,matched,MATCHED_Impulsive,Proposed_CA_CNN_RNND,7511,0.3336119316518307,0.2795984670519829,0.054013453889638186,
0,260816,matched,MATCHED_Impulsive,Proposed_CA_CNN_RNND,7512,0.33292802423238754,0.28244156390428543,0.05048645660281181,
0,260816,matched,MATCHED_Impulsive,Proposed_CA_CNN_RNND,7513,0.403428565710783,0.3289637006819248,0.07446486921980977,
0,260816,matched,MATCHED_Impulsive,Proposed_CA_CNN_RNND,7514,0.3803499713540077,0.32036619260907173,0.05998377315700054,
0,260816,matched,MATCHED_Impulsive,Proposed_CA_CNN_RNND,7515,0.4314076006412506,0.3532397672533989,0.07816783897578716,
0,260816,matched,MATCHED_Impulsive,Proposed_CA_CNN_RNND,7516,0.38763563334941864,0.3219400383532047,0.06569560710340738,
0,260816,matched,MATCHED_Impulsive,Proposed_CA_CNN_RNND,7517,0.31439170241355896,0.26677846163511276,0.04761323984712362,
0,260816,matched,MATCHED_Impulsive,Proposed_CA_CNN_RNND,7518,0.38305069133639336,0.3185282349586487,0.0645224628970027,
0,260816,matched,MATCHED_Impulsive,Proposed_CA_CNN_RNND,7519,0.5487718060612679,0.43890759348869324,0.10986420884728432,
0,260816,matched,MATCHED_Impulsive,Proposed_CA_CNN_RNND,7520,0.36242835223674774,0.30709464102983475,0.05533371074125171,
0,260816,matched,MATCHED_Impulsive,Proposed_CA_CNN_RNND,7521,0.45007991045713425,0.37804650515317917,0.07203340530395508,
0,260816,matched,MATCHED_Impulsive,Proposed_CA_CNN_RNND,7522,0.40098848938941956,0.334619365632534,0.06636913027614355,
0,260816,matched,MATCHED_Impulsive,Proposed_CA_CNN_RNND,7523,0.35949114710092545,0.2998036630451679,0.05968749010935426,
0,260816,matched,MATCHED_Impulsive,Proposed_CA_CNN_RNND,7524,0.3472086936235428,0.2902214154601097,0.05698728188872337,
0,260816,matched,MATCHED_Impulsive,Proposed_CA_CNN_RNND,7525,0.43611716479063034,0.36235737055540085,0.07375980168581009,
0,260816,matched,MATCHED_Impulsive,Proposed_CA_CNN_RNND,7526,0.37543660029768944,0.3075394406914711,0.06789716053754091,
0,260816,matched,MATCHED_Impulsive,Proposed_CA_CNN_RNND,7527,0.21709098666906357,0.18988046050071716,0.02721052384003997,
0,260816,matched,MATCHED_Impulsive,Proposed_CA_CNN_RNND,7528,0.2791024446487427,0.24127862602472305,0.03782381396740675,
0,260816,matched,MATCHED_Impulsive,Proposed_CA_CNN_RNND,7529,0.37058476358652115,0.30840930715203285,0.06217545364052057,
0,260816,matched,MATCHED_Impulsive,Proposed_CA_CNN_RNND,7530,0.3143734410405159,0.2675482928752899,0.04682514944579452,
0,260816,matched,MATCHED_Impulsive,Proposed_CA_CNN_RNND,7531,0.40098051354289055,0.3363761529326439,0.06460435828194022,
0,260816,matched,MATCHED_Impulsive,Proposed_CA_CNN_RNND,7532,0.3727216385304928,0.3101266734302044,0.06259496603161097,
0,260816,matched,MATCHED_Impulsive,Proposed_CA_CNN_RNND,7533,0.35611171275377274,0.30091965198516846,0.05519206076860428,
0,260816,matched,MATCHED_Impulsive,Proposed_CA_CNN_RNND,7534,0.36281778663396835,0.3032945804297924,0.059523205272853374,
0,260816,matched,MATCHED_Impulsive,Proposed_CA_CNN_RNND,7535,0.5173296630382538,0.41049211472272873,0.10683753807097673,
0,260816,matched,MATCHED_Impulsive,Proposed_CA_CNN_RNND,7536,0.39816469326615334,0.3279814124107361,0.07018327480182052,
0,260816,matched,MATCHED_Impulsive,Proposed_CA_CNN_RNND,7537,0.3571549169719219,0.2994898408651352,0.0576650770381093,
0,260816,matched,MATCHED_Impulsive,Proposed_CA_CNN_RNND,7538,0.4656943008303642,0.3816915526986122,0.08400275185704231,
0,260816,matched,MATCHED_Impulsive,Proposed_CA_CNN_RNND,7539,0.36794140562415123,0.30787890404462814,0.060062500182539225,
0,260816,matched,MATCHED_Impulsive,Proposed_CA_CNN_RNND,7540,0.48664336651563644,0.38882436230778694,0.09781900187954307,
0,260816,matched,MATCHED_Impulsive,Proposed_CA_CNN_RNND,7541,0.37771038338541985,0.31577973812818527,0.061930648516863585,
0,260816,matched,MATCHED_Impulsive,Proposed_CA_CNN_RNND,7542,0.327803373336792,0.27892541140317917,0.04887796472758055,
0,260816,matched,MATCHED_Impulsive,Proposed_CA_CNN_RNND,7543,0.35880057513713837,0.29581504687666893,0.0629855222068727,
0,260816,matched,MATCHED_Impulsive,Proposed_CA_CNN_RNND,7544,0.3895186446607113,0.3220222517848015,0.0674963966012001,
0,260816,matched,MATCHED_Impulsive,Proposed_CA_CNN_RNND,7545,0.31532927602529526,0.2644911892712116,0.050838079769164324,
0,260816,matched,MATCHED_Impulsive,Proposed_CA_CNN_RNND,7546,0.35329636186361313,0.2904801741242409,0.06281618401408195,
0,260816,matched,MATCHED_Impulsive,Proposed_CA_CNN_RNND,7547,0.36710094287991524,0.3053913339972496,0.061709607020020485,
0,260816,matched,MATCHED_Impulsive,Proposed_CA_CNN_RNND,7548,0.3860012963414192,0.32561464235186577,0.06038665119558573,
0,260816,matched,MATCHED_Impulsive,Proposed_CA_CNN_RNND,7549,0.3658534698188305,0.30168232694268227,0.0641711512580514,
0,260816,matched,MATCHED_Impulsive,Proposed_CA_CNN_RNND,7550,0.33367519453167915,0.28865130990743637,0.04502387926913798,
0,260816,matched,MATCHED_Impulsive,Proposed_CA_CNN_RNND,7551,0.36039627343416214,0.3039645440876484,0.056431736098602414,
0,260816,matched,MATCHED_Impulsive,Proposed_CA_CNN_RNND,7552,0.3568441718816757,0.2997874245047569,0.05705674225464463,
0,260816,matched,MATCHED_Impulsive,Proposed_CA_CNN_RNND,7553,0.29460354149341583,0.24829065054655075,0.04631288815289736,
0,260816,matched,MATCHED_Impulsive,Proposed_CA_CNN_RNND,7554,0.3174552358686924,0.2700604759156704,0.047394751803949475,
0,260816,matched,MATCHED_Impulsive,Proposed_CA_CNN_RNND,7555,0.34898434206843376,0.2938227988779545,0.05516153806820512,
0,260816,matched,MATCHED_Impulsive,Proposed_CA_CNN_RNND,7556,0.32231131196022034,0.27319537103176117,0.04911593720316887,
0,260816,matched,MATCHED_Impulsive,Proposed_CA_CNN_RNND,7557,0.5036104544997215,0.41034456342458725,0.09326590225100517,
0,260816,matched,MATCHED_Impulsive,Proposed_CA_CNN_RNND,7558,0.34826409816741943,0.2940441966056824,0.054219900630414486,
0,260816,matched,MATCHED_Impulsive,Proposed_CA_CNN_RNND,7559,0.31086616963148117,0.26480353996157646,0.046062628738582134,
0,260816,matched,MATCHED_Impulsive,Proposed_CA_CNN_RNND,7560,0.35138019174337387,0.29871489107608795,0.0526652904227376,
0,260816,matched,MATCHED_Impulsive,Proposed_CA_CNN_RNND,7561,0.4254486560821533,0.3489886522293091,0.07646000850945711,
0,260816,matched,MATCHED_Impulsive,Proposed_CA_CNN_RNND,7562,0.48733871430158615,0.39631395041942596,0.09102476481348276,
0,260816,matched,MATCHED_Impulsive,Proposed_CA_CNN_RNND,7563,0.30712660029530525,0.26020845025777817,0.04691815655678511,
0,260816,matched,MATCHED_Impulsive,Proposed_CA_CNN_RNND,7564,0.3384532853960991,0.28481272980570793,0.05364054813981056,
0,260816,matched,MATCHED_Impulsive,Proposed_CA_CNN_RNND,7565,0.39402924850583076,0.3198733627796173,0.07415589271113276,
0,260816,matched,MATCHED_Impulsive,Proposed_CA_CNN_RNND,7566,0.4268069975078106,0.3474886789917946,0.07931831944733858,
0,260816,matched,MATCHED_Impulsive,Proposed_CA_CNN_RNND,7567,0.3596048280596733,0.3045578971505165,0.0550469234585762,
0,260816,matched,MATCHED_Impulsive,Proposed_CA_CNN_RNND,7568,0.4750630408525467,0.3870370462536812,0.08802598342299461,
0,260816,matched,MATCHED_Impulsive,Proposed_CA_CNN_RNND,7569,0.35385509952902794,0.2933361642062664,0.06051893159747124,
0,260816,matched,MATCHED_Impulsive,Proposed_CA_CNN_RNND,7570,0.3450010418891907,0.28302450478076935,0.061976537108421326,
0,260816,matched,MATCHED_Impulsive,Proposed_CA_CNN_RNND,7571,0.40718454867601395,0.3418830409646034,0.0653015086427331,
0,260816,matched,MATCHED_Impulsive,Proposed_CA_CNN_RNND,7572,0.44256437197327614,0.36018481850624084,0.08237955905497074,
0,260816,matched,MATCHED_Impulsive,Proposed_CA_CNN_RNND,7573,0.31919897347688675,0.2714177034795284,0.0477812709286809,
0,260816,matched,MATCHED_Impulsive,Proposed_CA_CNN_RNND,7574,0.3767186366021633,0.31685570627450943,0.05986291961744428,
0,260816,matched,MATCHED_Impulsive,Proposed_CA_CNN_RNND,7575,0.32826656848192215,0.2768317796289921,0.05143478699028492,
0,260816,matched,MATCHED_Impulsive,Proposed_CA_CNN_RNND,7576,0.43595993518829346,0.3601791486144066,0.07578078471124172,
0,260816,matched,MATCHED_Impulsive,Proposed_CA_CNN_RNND,7577,0.24585386365652084,0.218534167855978,0.027319693937897682,
0,260816,matched,MATCHED_Impulsive,Proposed_CA_CNN_RNND,7578,0.39615335315465927,0.3300666809082031,0.06608665827661753,
0,260816,matched,MATCHED_Impulsive,Proposed_CA_CNN_RNND,7579,0.3324100002646446,0.2791302502155304,0.053279755637049675,
0,260816,matched,MATCHED_Impulsive,Proposed_CA_CNN_RNND,7580,0.39659973606467247,0.3291911333799362,0.0674085970968008,
0,260816,matched,MATCHED_Impulsive,Proposed_CA_CNN_RNND,7581,0.2870054058730602,0.2409016229212284,0.046103776432573795,
0,260816,matched,MATCHED_Impulsive,Proposed_CA_CNN_RNND,7582,0.3089638315141201,0.2649894244968891,0.043974403757601976,
0,260816,matched,MATCHED_Impulsive,Proposed_CA_CNN_RNND,7583,0.475169375538826,0.3908793441951275,0.08429003972560167,
0,260816,matched,MATCHED_Impulsive,Proposed_CA_CNN_RNND,7584,0.3983127996325493,0.3328700289130211,0.0654427669942379,
0,260816,matched,MATCHED_Impulsive,Proposed_CA_CNN_RNND,7585,0.4397582411766052,0.36155326664447784,0.07820497639477253,
0,260816,matched,MATCHED_Impulsive,Proposed_CA_CNN_RNND,7586,0.5383320450782776,0.4279484674334526,0.11038357485085726,
0,260816,matched,MATCHED_Impulsive,Proposed_CA_CNN_RNND,7587,0.36269526183605194,0.298007994890213,0.06468726601451635,
0,260816,matched,MATCHED_Impulsive,Proposed_CA_CNN_RNND,7588,0.26920969784259796,0.23093044757843018,0.0382792497985065,
0,260816,matched,MATCHED_Impulsive,Proposed_CA_CNN_RNND,7589,0.390480637550354,0.32695239037275314,0.06352824345231056,
0,260816,matched,MATCHED_Impulsive,Proposed_CA_CNN_RNND,7590,0.49152716994285583,0.39572858810424805,0.09579858370125294,
0,260816,matched,MATCHED_Impulsive,Proposed_CA_CNN_RNND,7591,0.4184904396533966,0.34566526859998703,0.0728251663967967,
0,260816,matched,MATCHED_Impulsive,Proposed_CA_CNN_RNND,7592,0.4101265221834183,0.3420705981552601,0.06805591704323888,
0,260816,matched,MATCHED_Impulsive,Proposed_CA_CNN_RNND,7593,0.2760556787252426,0.23582516983151436,0.04023051541298628,
0,260816,matched,MATCHED_Impulsive,Proposed_CA_CNN_RNND,7594,0.260797705501318,0.22996578738093376,0.03083191579207778,
0,260816,matched,MATCHED_Impulsive,Proposed_CA_CNN_RNND,7595,0.39730987325310707,0.3279240131378174,0.06938586477190256,
0,260816,matched,MATCHED_Impulsive,Proposed_CA_CNN_RNND,7596,0.40443112701177597,0.3365539163351059,0.06787722185254097,
0,260816,matched,MATCHED_Impulsive,Proposed_CA_CNN_RNND,7597,0.3590148724615574,0.3027777224779129,0.05623715417459607,
0,260816,matched,MATCHED_Impulsive,Proposed_CA_CNN_RNND,7598,0.35335036739706993,0.29834603518247604,0.05500432592816651,
0,260816,matched,MATCHED_Impulsive,Proposed_CA_CNN_RNND,7599,0.5019669011235237,0.4090118184685707,0.09295508917421103,
0,260816,matched,MATCHED_Impulsive,Proposed_CA_CNN_RNND,7600,0.4936051145195961,0.3965054601430893,0.09709965018555522,-1.0949473506513019
0,260816,matched,MATCHED_Impulsive,Proposed_CA_CNN_RNND,7601,0.39207611232995987,0.3280923254787922,0.06398379523307085,
0,260816,matched,MATCHED_Impulsive,Proposed_CA_CNN_RNND,7602,0.5355276986956596,0.4289284497499466,0.10659924522042274,
0,260816,matched,MATCHED_Impulsive,Proposed_CA_CNN_RNND,7603,0.4400647208094597,0.3601566329598427,0.07990808598697186,
0,260816,matched,MATCHED_Impulsive,Proposed_CA_CNN_RNND,7604,0.3558683320879936,0.3032391518354416,0.05262917932122946,
0,260816,matched,MATCHED_Impulsive,Proposed_CA_CNN_RNND,7605,0.49003320187330246,0.40105506032705307,0.08897814340889454,
0,260816,matched,MATCHED_Impulsive,Proposed_CA_CNN_RNND,7606,0.3673383928835392,0.31337041035294533,0.0539679815992713,
0,260816,matched,MATCHED_Impulsive,Proposed_CA_CNN_RNND,7607,0.4527055621147156,0.3769034668803215,0.07580209709703922,
0,260816,matched,MATCHED_Impulsive,Proposed_CA_CNN_RNND,7608,0.46628764271736145,0.3926527798175812,0.07363485638052225,
0,260816,matched,MATCHED_Impulsive,Proposed_CA_CNN_RNND,7609,0.34331323206424713,0.288630910217762,0.05468232184648514,
0,260816,matched,MATCHED_Impulsive,Proposed_CA_CNN_RNND,7610,0.3359445258975029,0.28569313138723373,0.05025139730423689,
0,260816,matched,MATCHED_Impulsive,Proposed_CA_CNN_RNND,7611,0.39020705968141556,0.31960609555244446,0.07060096878558397,
0,260816,matched,MATCHED_Impulsive,Proposed_CA_CNN_RNND,7612,0.3134625442326069,0.266962930560112,0.046499619260430336,
0,260816,matched,MATCHED_Impulsive,Proposed_CA_CNN_RNND,7613,0.4547746703028679,0.3769351467490196,0.07783952914178371,
0,260816,matched,MATCHED_Impulsive,Proposed_CA_CNN_RNND,7614,0.4151422381401062,0.3430588096380234,0.07208343595266342,
0,260816,matched,MATCHED_Impulsive,Proposed_CA_CNN_RNND,7615,0.5043071359395981,0.40798698365688324,0.09632014110684395,
0,260816,matched,MATCHED_Impulsive,Proposed_CA_CNN_RNND,7616,0.5151679813861847,0.41693399101495743,0.09823398664593697,
0,260816,matched,MATCHED_Impulsive,Proposed_CA_CNN_RNND,7617,0.36244194209575653,0.29996559023857117,0.06247633695602417,
0,260816,matched,MATCHED_Impulsive,Proposed_CA_CNN_RNND,7618,0.3884533941745758,0.33207179978489876,0.05638160090893507,
0,260816,matched,MATCHED_Impulsive,Proposed_CA_CNN_RNND,7619,0.44213611632585526,0.366086408495903,0.07604969758540392,
0,260816,matched,MATCHED_Impulsive,Proposed_CA_CNN_RNND,7620,0.4265122786164284,0.3544312119483948,0.07208106014877558,
0,260816,matched,MATCHED_Impulsive,Proposed_CA_CNN_RNND,7621,0.45010919868946075,0.367220014333725,0.08288918994367123,
0,260816,matched,MATCHED_Impulsive,Proposed_CA_CNN_RNND,7622,0.3265465050935745,0.2806397117674351,0.04590678587555885,
0,260816,matched,MATCHED_Impulsive,Proposed_CA_CNN_RNND,7623,0.37487707287073135,0.3175710700452328,0.05730599048547447,
0,260816,matched,MATCHED_Impulsive,Proposed_CA_CNN_RNND,7624,0.4684418812394142,0.3847562074661255,0.08368567936122417,
0,260816,matched,MATCHED_Impulsive,Proposed_CA_CNN_RNND,7625,0.3410267308354378,0.28346798568964005,0.05755875678732991,
0,260816,matched,MATCHED_Impulsive,Proposed_CA_CNN_RNND,7626,0.32966434210538864,0.2748185694217682,0.0548457745462656,
0,260816,matched,MATCHED_Impulsive,Proposed_CA_CNN_RNND,7627,0.4193968176841736,0.3451642021536827,0.07423261739313602,
0,260816,matched,MATCHED_Impulsive,Proposed_CA_CNN_RNND,7628,0.4401811398565769,0.3640759512782097,0.07610518508590758,
0,260816,matched,MATCHED_Impulsive,Proposed_CA_CNN_RNND,7629,0.37431473284959793,0.3122178316116333,0.0620969096198678,
0,260816,matched,MATCHED_Impulsive,Proposed_CA_CNN_RNND,7630,0.2382650300860405,0.2129727639257908,0.025292265694588423,
0,260816,matched,MATCHED_Impulsive,Proposed_CA_CNN_RNND,7631,0.5388404279947281,0.4396793767809868,0.09916106425225735,
0,260816,matched,MATCHED_Impulsive,Proposed_CA_CNN_RNND,7632,0.374330036342144,0.3140038102865219,0.06032623164355755,
0,260816,matched,MATCHED_Impulsive,Proposed_CA_CNN_RNND,7633,0.3425190784037113,0.28547143936157227,0.05704764183610678,
0,260816,matched,MATCHED_Impulsive,Proposed_CA_CNN_RNND,7634,0.3355938121676445,0.28120193257927895,0.054391877725720406,
0,260816,matched,MATCHED_Impulsive,Proposed_CA_CNN_RNND,7635,0.43766096979379654,0.35603875666856766,0.08162220939993858,
0,260816,matched,MATCHED_Impulsive,Proposed_CA_CNN_RNND,7636,0.37008893862366676,0.31284618005156517,0.0572427473962307,
0,260816,matched,MATCHED_Impulsive,Proposed_CA_CNN_RNND,7637,0.29106248915195465,0.25025637075304985,0.040806119330227375,
0,260816,matched,MATCHED_Impulsive,Proposed_CA_CNN_RNND,7638,0.415001280605793,0.3420567661523819,0.07294451724737883,
0,260816,matched,MATCHED_Impulsive,Proposed_CA_CNN_RNND,7639,0.5299286097288132,0.42661262303590775,0.10331598855555058,
0,260816,matched,MATCHED_Impulsive,Proposed_CA_CNN_RNND,7640,0.42808736115694046,0.35084380954504013,0.07724354229867458,
0,260816,matched,MATCHED_Impulsive,Proposed_CA_CNN_RNND,7641,0.42082328349351883,0.3428204208612442,0.07800285704433918,
0,260816,matched,MATCHED_Impulsive,Proposed_CA_CNN_RNND,7642,0.38781825453042984,0.32004614919424057,0.06777211558073759,
0,260816,matched,MATCHED_Impulsive,Proposed_CA_CNN_RNND,7643,0.4567607007920742,0.3709970824420452,0.08576362207531929,
0,260816,matched,MATCHED_Impulsive,Proposed_CA_CNN_RNND,7644,0.4076310060918331,0.3357315771281719,0.07189943455159664,
0,260816,matched,MATCHED_Impulsive,Proposed_CA_CNN_RNND,7645,0.3852774389088154,0.3167863264679909,0.06849111756309867,
0,260816,matched,MATCHED_Impulsive,Proposed_CA_CNN_RNND,7646,0.1936023235321045,0.17198308184742928,0.021619240986183286,
0,260816,matched,MATCHED_Impulsive,Proposed_CA_CNN_RNND,7647,0.42543259263038635,0.3452916443347931,0.08014094922691584,
0,260816,matched,MATCHED_Impulsive,Proposed_CA_CNN_RNND,7648,0.36084456741809845,0.299008559435606,0.06183600495569408,
0,260816,matched,MATCHED_Impulsive,Proposed_CA_CNN_RNND,7649,0.34155984967947006,0.2905942089855671,0.05096563044935465,
0,260816,matched,MATCHED_Impulsive,Proposed_CA_CNN_RNND,7650,0.3768885172903538,0.3187752589583397,0.05811326391994953,
0,260816,matched,MATCHED_Impulsive,Proposed_CA_CNN_RNND,7651,0.49915216863155365,0.4055807814002037,0.09357137605547905,
0,260816,matched,MATCHED_Impulsive,Proposed_CA_CNN_RNND,7652,0.32253197580575943,0.27535898238420486,0.04717299621552229,
0,260816,matched,MATCHED_Impulsive,Proposed_CA_CNN_RNND,7653,0.4471364915370941,0.3669671192765236,0.08016937039792538,
0,260816,matched,MATCHED_Impulsive,Proposed_CA_CNN_RNND,7654,0.4567782133817673,0.3735090345144272,0.08326918911188841,
0,260816,matched,MATCHED_Impulsive,Proposed_CA_CNN_RNND,7655,0.38313285261392593,0.32178448885679245,0.06134836468845606,
0,260816,matched,MATCHED_Impulsive,Proposed_CA_CNN_RNND,7656,0.43105876445770264,0.34738872200250626,0.08367005141917616,
0,260816,matched,MATCHED_Impulsive,Proposed_CA_CNN_RNND,7657,0.41836457699537277,0.34728674218058586,0.07107783108949661,
0,260816,matched,MATCHED_Impulsive,Proposed_CA_CNN_RNND,7658,0.4072384312748909,0.34467560797929764,0.06256282469257712,
0,260816,matched,MATCHED_Impulsive,Proposed_CA_CNN_RNND,7659,0.3434174880385399,0.2867969535291195,0.05662052892148495,
0,260816,matched,MATCHED_Impulsive,Proposed_CA_CNN_RNND,7660,0.2799374721944332,0.24361927434802055,0.03631819412112236,
0,260816,matched,MATCHED_Impulsive,Proposed_CA_CNN_RNND,7661,0.32126709818840027,0.27862487733364105,0.04264222178608179,
0,260816,matched,MATCHED_Impulsive,Proposed_CA_CNN_RNND,7662,0.47185415774583817,0.3858896344900131,0.0859645213931799,
0,260816,matched,MATCHED_Impulsive,Proposed_CA_CNN_RNND,7663,0.3570288047194481,0.30047309398651123,0.05655570700764656,
0,260816,matched,MATCHED_Impulsive,Proposed_CA_CNN_RNND,7664,0.3906143978238106,0.32908903807401657,0.061525371856987476,
0,260816,matched,MATCHED_Impulsive,Proposed_CA_CNN_RNND,7665,0.3003344461321831,0.25770922005176544,0.042625227477401495,
0,260816,matched,MATCHED_Impulsive,Proposed_CA_CNN_RNND,7666,0.3688117191195488,0.30517642199993134,0.06363528920337558,
0,260816,matched,MATCHED_Impulsive,Proposed_CA_CNN_RNND,7667,0.4260679632425308,0.34148411825299263,0.08458385430276394,
0,260816,matched,MATCHED_Impulsive,Proposed_CA_CNN_RNND,7668,0.43575405329465866,0.355439405888319,0.08031465113162994,
0,260816,matched,MATCHED_Impulsive,Proposed_CA_CNN_RNND,7669,0.24381104856729507,0.21018575504422188,0.03362529864534736,
0,260816,matched,MATCHED_Impulsive,Proposed_CA_CNN_RNND,7670,0.2751491628587246,0.23326391726732254,0.04188524838536978,
0,260816,matched,MATCHED_Impulsive,Proposed_CA_CNN_RNND,7671,0.4938419461250305,0.39713872969150543,0.09670321457087994,
0,260816,matched,MATCHED_Impulsive,Proposed_CA_CNN_RNND,7672,0.3174734152853489,0.26485321298241615,0.05262019927613437,
0,260816,matched,MATCHED_Impulsive,Proposed_CA_CNN_RNND,7673,0.4658851884305477,0.3757052421569824,0.09017994441092014,
0,260816,matched,MATCHED_Impulsive,Proposed_CA_CNN_RNND,7674,0.44445542246103287,0.3622632622718811,0.08219215553253889,
0,260816,matched,MATCHED_Impulsive,Proposed_CA_CNN_RNND,7675,0.3570651039481163,0.3005044534802437,0.056560646276921034,
0,260816,matched,MATCHED_Impulsive,Proposed_CA_CNN_RNND,7676,0.4119665175676346,0.3412785977125168,0.0706879161298275,
0,260816,matched,MATCHED_Impulsive,Proposed_CA_CNN_RNND,7677,0.30592115968465805,0.2597246766090393,0.046196486335247755,
0,260816,matched,MATCHED_Impulsive,Proposed_CA_CNN_RNND,7678,0.43570150434970856,0.3520033359527588,0.08369818329811096,
0,260816,matched,MATCHED_Impulsive,Proposed_CA_CNN_RNND,7679,0.4686582088470459,0.3770577535033226,0.0916004590690136,
0,260816,matched,MATCHED_Impulsive,Proposed_CA_CNN_RNND,7680,0.29700228944420815,0.25642742589116096,0.04057485377416015,
0,260816,matched,MATCHED_Impulsive,Proposed_CA_CNN_RNND,7681,0.4239451438188553,0.35252245515584946,0.0714226858690381,
0,260816,matched,MATCHED_Impulsive,Proposed_CA_CNN_RNND,7682,0.43990396335721016,0.3598857633769512,0.08001820603385568,
0,260816,matched,MATCHED_Impulsive,Proposed_CA_CNN_RNND,7683,0.4990628808736801,0.4027147926390171,0.09634808218106627,
0,260816,matched,MATCHED_Impulsive,Proposed_CA_CNN_RNND,7684,0.40348856151103973,0.3358567915856838,0.06763176806271076,
0,260816,matched,MATCHED_Impulsive,Proposed_CA_CNN_RNND,7685,0.3157949931919575,0.2662683501839638,0.04952664114534855,
0,260816,matched,MATCHED_Impulsive,Proposed_CA_CNN_RNND,7686,0.3390302285552025,0.28591006249189377,0.053120171651244164,
0,260816,matched,MATCHED_Impulsive,Proposed_CA_CNN_RNND,7687,0.36524465680122375,0.3091377019882202,0.05610695667564869,
0,260816,matched,MATCHED_Impulsive,Proposed_CA_CNN_RNND,7688,0.3331055976450443,0.27306684851646423,0.06003874680027366,
0,260816,matched,MATCHED_Impulsive,Proposed_CA_CNN_RNND,7689,0.43457943201065063,0.3549996167421341,0.07957982271909714,
0,260816,matched,MATCHED_Impulsive,Proposed_CA_CNN_RNND,7690,0.48483964055776596,0.4000053033232689,0.08483432698994875,
0,260816,matched,MATCHED_Impulsive,Proposed_CA_CNN_RNND,7691,0.5452506095170975,0.4375710189342499,0.1076795868575573,
0,260816,matched,MATCHED_Impulsive,Proposed_CA_CNN_RNND,7692,0.27881893888115883,0.24282397329807281,0.03599497303366661,
0,260816,matched,MATCHED_Impulsive,Proposed_CA_CNN_RNND,7693,0.39487074688076973,0.3278990127146244,0.06697173276916146,
0,260816,matched,MATCHED_Impulsive,Proposed_CA_CNN_RNND,7694,0.4436279833316803,0.3594343736767769,0.08419360592961311,
0,260816,matched,MATCHED_Impulsive,Proposed_CA_CNN_RNND,7695,0.3790132850408554,0.3174365907907486,0.061576680513098836,
0,260816,matched,MATCHED_Impulsive,Proposed_CA_CNN_RNND,7696,0.41962969303131104,0.3493920862674713,0.07023759558796883,
0,260816,matched,MATCHED_Impulsive,Proposed_CA_CNN_RNND,7697,0.5997290015220642,0.47676070779561996,0.12296829745173454,
0,260816,matched,MATCHED_Impulsive,Proposed_CA_CNN_RNND,7698,0.2908329367637634,0.2532108351588249,0.037622102070599794,
0,260816,matched,MATCHED_Impulsive,Proposed_CA_CNN_RNND,7699,0.4267074018716812,0.3475564308464527,0.07915097009390593,
0,260816,matched,MATCHED_Impulsive,Proposed_CA_CNN_RNND,7700,0.33864179998636246,0.2876504696905613,0.050991336815059185,
0,260816,matched,MATCHED_Impulsive,Proposed_CA_CNN_RNND,7701,0.3504081480205059,0.29657354205846786,0.0538346110843122,
0,260816,matched,MATCHED_Impulsive,Proposed_CA_CNN_RNND,7702,0.3758026845753193,0.31178343296051025,0.06401925440877676,
0,260816,matched,MATCHED_Impulsive,Proposed_CA_CNN_RNND,7703,0.35269588977098465,0.2993628643453121,0.05333303054794669,
0,260816,matched,MATCHED_Impulsive,Proposed_CA_CNN_RNND,7704,0.4490194320678711,0.3659707009792328,0.08304873295128345,
0,260816,matched,MATCHED_Impulsive,Proposed_CA_CNN_RNND,7705,0.4375632703304291,0.362784206867218,0.07477906625717878,
0,260816,matched,MATCHED_Impulsive,Proposed_CA_CNN_RNND,7706,0.5470870733261108,0.44140155613422394,0.1056855171918869,
0,260816,matched,MATCHED_Impulsive,Proposed_CA_CNN_RNND,7707,0.4548989571630955,0.37304477393627167,0.08185417763888836,
0,260816,matched,MATCHED_Impulsive,Proposed_CA_CNN_RNND,7708,0.339061938226223,0.2854533903300762,0.053608547896146774,
0,260816,matched,MATCHED_Impulsive,Proposed_CA_CNN_RNND,7709,0.34526629373431206,0.28480708226561546,0.060459221713244915,
0,260816,matched,MATCHED_Impulsive,Proposed_CA_CNN_RNND,7710,0.3594234511256218,0.3042442202568054,0.05517922434955835,
0,260816,matched,MATCHED_Impulsive,Proposed_CA_CNN_RNND,7711,0.2598891295492649,0.22225439548492432,0.037634728592820466,
0,260816,matched,MATCHED_Impulsive,Proposed_CA_CNN_RNND,7712,0.3552311360836029,0.30190571770071983,0.053325421176850796,
0,260816,matched,MATCHED_Impulsive,Proposed_CA_CNN_RNND,7713,0.39627693593502045,0.32882455363869667,0.0674523888155818,
0,260816,matched,MATCHED_Impulsive,Proposed_CA_CNN_RNND,7714,0.3093669228255749,0.26259254664182663,0.04677436826750636,
0,260816,matched,MATCHED_Impulsive,Proposed_CA_CNN_RNND,7715,0.5168934315443039,0.41838815063238144,0.09850527532398701,
0,260816,matched,MATCHED_Impulsive,Proposed_CA_CNN_RNND,7716,0.26452067494392395,0.22891059145331383,0.03561008162796497,
0,260816,matched,MATCHED_Impulsive,Proposed_CA_CNN_RNND,7717,0.37539657577872276,0.3163505755364895,0.05904599977657199,
0,260816,matched,MATCHED_Impulsive,Proposed_CA_CNN_RNND,7718,0.2592564672231674,0.22262948751449585,0.03662698343396187,
0,260816,matched,MATCHED_Impulsive,Proposed_CA_CNN_RNND,7719,0.4369538500905037,0.35303229838609695,0.08392155356705189,
0,260816,matched,MATCHED_Impulsive,Proposed_CA_CNN_RNND,7720,0.4304916635155678,0.3558597229421139,0.07463193126022816,
0,260816,matched,MATCHED_Impulsive,Proposed_CA_CNN_RNND,7721,0.5048102289438248,0.40048158168792725,0.10432865098118782,
0,260816,matched,MATCHED_Impulsive,Proposed_CA_CNN_RNND,7722,0.513677641749382,0.41099749505519867,0.10268016252666712,
0,260816,matched,MATCHED_Impulsive,Proposed_CA_CNN_RNND,7723,0.2781977877020836,0.24062537029385567,0.03757241740822792,
0,260816,matched,MATCHED_Impulsive,Proposed_CA_CNN_RNND,7724,0.3191987834870815,0.26463349908590317,0.054565283469855785,
0,260816,matched,MATCHED_Impulsive,Proposed_CA_CNN_RNND,7725,0.5008671879768372,0.40596871823072433,0.09489848278462887,
0,260816,matched,MATCHED_Impulsive,Proposed_CA_CNN_RNND,7726,0.35462189838290215,0.2957472838461399,0.05887461360543966,
0,260816,matched,MATCHED_Impulsive,Proposed_CA_CNN_RNND,7727,0.34728989005088806,0.2898411564528942,0.05744873220100999,
0,260816,matched,MATCHED_Impulsive,Proposed_CA_CNN_RNND,7728,0.2631276361644268,0.2311687059700489,0.03195893485099077,
0,260816,matched,MATCHED_Impulsive,Proposed_CA_CNN_RNND,7729,0.4666191264986992,0.37931152805685997,0.08730760682374239,
0,260816,matched,MATCHED_Impulsive,Proposed_CA_CNN_RNND,7730,0.470960047096014,0.38748421519994736,0.08347584027796984,
0,260816,matched,MATCHED_Impulsive,Proposed_CA_CNN_RNND,7731,0.5428068786859512,0.4376459866762161,0.10516088642179966,
0,260816,matched,MATCHED_Impulsive,Proposed_CA_CNN_RNND,7732,0.34134466573596,0.2825697958469391,0.05877487175166607,
0,260816,matched,MATCHED_Impulsive,Proposed_CA_CNN_RNND,7733,0.3744982145726681,0.30940187722444534,0.06509635131806135,
0,260816,matched,MATCHED_Impulsive,Proposed_CA_CNN_RNND,7734,0.36616698652505875,0.30870742350816727,0.05745957209728658,
0,260816,matched,MATCHED_Impulsive,Proposed_CA_CNN_RNND,7735,0.4087113067507744,0.343469575047493,0.06524172984063625,
0,260816,matched,MATCHED_Impulsive,Proposed_CA_CNN_RNND,7736,0.5649046152830124,0.4519936442375183,0.11291096545755863,
0,260816,matched,MATCHED_Impulsive,Proposed_CA_CNN_RNND,7737,0.46695349365472794,0.38685445487499237,0.08009903505444527,
0,260816,matched,MATCHED_Impulsive,Proposed_CA_CNN_RNND,7738,0.5149601325392723,0.4145321846008301,0.1004279563203454,
0,260816,matched,MATCHED_Impulsive,Proposed_CA_CNN_RNND,7739,0.20241820812225342,0.18344250321388245,0.018975705606862903,
0,260816,matched,MATCHED_Impulsive,Proposed_CA_CNN_RNND,7740,0.4058625102043152,0.3360283747315407,0.06983415153808892,
0,260816,matched,MATCHED_Impulsive,Proposed_CA_CNN_RNND,7741,0.3425222337245941,0.29604070633649826,0.04648152971640229,
0,260816,matched,MATCHED_Impulsive,Proposed_CA_CNN_RNND,7742,0.36109234392642975,0.3060176707804203,0.05507468106225133,
0,260816,matched,MATCHED_Impulsive,Proposed_CA_CNN_RNND,7743,0.3731897249817848,0.3074658587574959,0.06572386249899864,
0,260816,matched,MATCHED_Impulsive,Proposed_CA_CNN_RNND,7744,0.3535117097198963,0.30167583003640175,0.05183588108047843,
0,260816,matched,MATCHED_Impulsive,Proposed_CA_CNN_RNND,7745,0.3831920772790909,0.32565033435821533,0.0575417336076498,
0,260816,matched,MATCHED_Impulsive,Proposed_CA_CNN_RNND,7746,0.260307677090168,0.22600263357162476,0.03430504025891423,
0,260816,matched,MATCHED_Impulsive,Proposed_CA_CNN_RNND,7747,0.5006202943623066,0.4132840111851692,0.08733627339825034,
0,260816,matched,MATCHED_Impulsive,Proposed_CA_CNN_RNND,7748,0.2673865668475628,0.23333824053406715,0.03404832351952791,
0,260816,matched,MATCHED_Impulsive,Proposed_CA_CNN_RNND,7749,0.4750266671180725,0.39155400544404984,0.08347266726195812,
0,260816,matched,MATCHED_Impulsive,Proposed_CA_CNN_RNND,7750,0.42090751603245735,0.34885016828775406,0.07205734960734844,
0,260816,matched,MATCHED_Impulsive,Proposed_CA_CNN_RNND,7751,0.38133570924401283,0.31331922858953476,0.06801648298278451,
0,260816,matched,MATCHED_Impulsive,Proposed_CA_CNN_RNND,7752,0.28644295409321785,0.2402321621775627,0.04621079144999385,
0,260816,matched,MATCHED_Impulsive,Proposed_CA_CNN_RNND,7753,0.5219884887337685,0.4221291020512581,0.09985939506441355,
0,260816,matched,MATCHED_Impulsive,Proposed_CA_CNN_RNND,7754,0.30242643877863884,0.2543751746416092,0.04805126041173935,
0,260816,matched,MATCHED_Impulsive,Proposed_CA_CNN_RNND,7755,0.3623979352414608,0.30128585547208786,0.0611120886169374,
0,260816,matched,MATCHED_Impulsive,Proposed_CA_CNN_RNND,7756,0.4451202563941479,0.3692782558500767,0.07584199868142605,
0,260816,matched,MATCHED_Impulsive,Proposed_CA_CNN_RNND,7757,0.36415963247418404,0.307868167757988,0.056291456799954176,
0,260816,matched,MATCHED_Impulsive,Proposed_CA_CNN_RNND,7758,0.5503137782216072,0.44218216091394424,0.10813162475824356,
0,260816,matched,MATCHED_Impulsive,Proposed_CA_CNN_RNND,7759,0.3292251080274582,0.2799505665898323,0.04927453491836786,
0,260816,matched,MATCHED_Impulsive,Proposed_CA_CNN_RNND,7760,0.3266815058887005,0.27444739639759064,0.052234101109206676,
0,260816,matched,MATCHED_Impulsive,Proposed_CA_CNN_RNND,7761,0.38434840738773346,0.3136274740099907,0.07072093337774277,
0,260816,matched,MATCHED_Impulsive,Proposed_CA_CNN_RNND,7762,0.46271562576293945,0.37521033734083176,0.0875052884221077,
0,260816,matched,MATCHED_Impulsive,Proposed_CA_CNN_RNND,7763,0.4068220257759094,0.33753741532564163,0.0692846062593162,
0,260816,matched,MATCHED_Impulsive,Proposed_CA_CNN_RNND,7764,0.35119548439979553,0.29982003569602966,0.051375444047152996,
0,260816,matched,MATCHED_Impulsive,Proposed_CA_CNN_RNND,7765,0.3378528095781803,0.2812257669866085,0.05662704072892666,
0,260816,matched,MATCHED_Impulsive,Proposed_CA_CNN_RNND,7766,0.32882681116461754,0.27978863567113876,0.049038170371204615,
0,260816,matched,MATCHED_Impulsive,Proposed_CA_CNN_RNND,7767,0.37407277524471283,0.31639111414551735,0.05768165644258261,
0,260816,matched,MATCHED_Impulsive,Proposed_CA_CNN_RNND,7768,0.4456985741853714,0.3627428412437439,0.0829557403922081,
0,260816,matched,MATCHED_Impulsive,Proposed_CA_CNN_RNND,7769,0.45429233089089394,0.3680093511939049,0.08628297364339232,
0,260816,matched,MATCHED_Impulsive,Proposed_CA_CNN_RNND,7770,0.45954109355807304,0.3733125664293766,0.08622853271663189,
0,260816,matched,MATCHED_Impulsive,Proposed_CA_CNN_RNND,7771,0.4202827960252762,0.35255254060029984,0.06773024797439575,
0,260816,matched,MATCHED_Impulsive,Proposed_CA_CNN_RNND,7772,0.4283362403512001,0.36041294783353806,0.06792328599840403,
0,260816,matched,MATCHED_Impulsive,Proposed_CA_CNN_RNND,7773,0.4020557999610901,0.33546774089336395,0.06658806093037128,
0,260816,matched,MATCHED_Impulsive,Proposed_CA_CNN_RNND,7774,0.3941531702876091,0.33494532108306885,0.059207843616604805,
0,260816,matched,MATCHED_Impulsive,Proposed_CA_CNN_RNND,7775,0.3201540969312191,0.27618180960416794,0.043972286861389875,
0,260816,matched,MATCHED_Impulsive,Proposed_CA_CNN_RNND,7776,0.3000469543039799,0.261199526488781,0.038847430841997266,
0,260816,matched,MATCHED_Impulsive,Proposed_CA_CNN_RNND,7777,0.443291824311018,0.3615777865052223,0.08171404153108597,
0,260816,matched,MATCHED_Impulsive,Proposed_CA_CNN_RNND,7778,0.5143876448273659,0.42283011972904205,0.09155752789229155,
0,260816,matched,MATCHED_Impulsive,Proposed_CA_CNN_RNND,7779,0.3028906621038914,0.25363267958164215,0.049257987877354026,
0,260816,matched,MATCHED_Impulsive,Proposed_CA_CNN_RNND,7780,0.390973474830389,0.3247414268553257,0.06623204052448273,
0,260816,matched,MATCHED_Impulsive,Proposed_CA_CNN_RNND,7781,0.2780740559101105,0.2404680885374546,0.03760596876963973,
0,260816,matched,MATCHED_Impulsive,Proposed_CA_CNN_RNND,7782,0.4471713900566101,0.37235527485609055,0.07481611520051956,
0,260816,matched,MATCHED_Impulsive,Proposed_CA_CNN_RNND,7783,0.2544172517955303,0.22161898389458656,0.03279826929792762,
0,260816,matched,MATCHED_Impulsive,Proposed_CA_CNN_RNND,7784,0.4379602521657944,0.3602711819112301,0.07768906652927399,
0,260816,matched,MATCHED_Impulsive,Proposed_CA_CNN_RNND,7785,0.38480493426322937,0.32040323317050934,0.06440169364213943,
0,260816,matched,MATCHED_Impulsive,Proposed_CA_CNN_RNND,7786,0.4289499297738075,0.3523477017879486,0.07660222984850407,
0,260816,matched,MATCHED_Impulsive,Proposed_CA_CNN_RNND,7787,0.4554310142993927,0.374549962580204,0.08088105358183384,
0,260816,matched,MATCHED_Impulsive,Proposed_CA_CNN_RNND,7788,0.5482494570314884,0.4353129379451275,0.11293651955202222,
0,260816,matched,MATCHED_Impulsive,Proposed_CA_CNN_RNND,7789,0.34011001512408257,0.28696462139487267,0.053145390935242176,
0,260816,matched,MATCHED_Impulsive,Proposed_CA_CNN_RNND,7790,0.49083540588617325,0.3994932919740677,0.09134211763739586,
0,260816,matched,MATCHED_Impulsive,Proposed_CA_CNN_RNND,7791,0.37709350138902664,0.3169979974627495,0.06009550765156746,
0,260816,matched,MATCHED_Impulsive,Proposed_CA_CNN_RNND,7792,0.41353727132081985,0.343131884932518,0.07040539104491472,
0,260816,matched,MATCHED_Impulsive,Proposed_CA_CNN_RNND,7793,0.2984110191464424,0.2502497583627701,0.04816126124933362,
0,260816,matched,MATCHED_Impulsive,Proposed_CA_CNN_RNND,7794,0.43052712082862854,0.35167038813233376,0.07885674922727048,
0,260816,matched,MATCHED_Impulsive,Proposed_CA_CNN_RNND,7795,0.34961051493883133,0.2965423986315727,0.05306811910122633,
0,260816,matched,MATCHED_Impulsive,Proposed_CA_CNN_RNND,7796,0.23346716910600662,0.20701801776885986,0.02644914877600968,
0,260816,matched,MATCHED_Impulsive,Proposed_CA_CNN_RNND,7797,0.36680592969059944,0.30578822642564774,0.061017708852887154,
0,260816,matched,MATCHED_Impulsive,Proposed_CA_CNN_RNND,7798,0.39453842490911484,0.32675912976264954,0.06777929980307817,
0,260816,matched,MATCHED_Impulsive,Proposed_CA_CNN_RNND,7799,0.24757681414484978,0.2106284759938717,0.03694834001362324,
0,260816,matched,MATCHED_Impulsive,Proposed_CA_CNN_RNND,7800,0.36169135570526123,0.2946694567799568,0.06702189613133669,-1.0864631020056168
0,260816,matched,MATCHED_Impulsive,Proposed_CA_CNN_RNND,7801,0.21979091316461563,0.1945576760917902,0.02523323241621256,
0,260816,matched,MATCHED_Impulsive,Proposed_CA_CNN_RNND,7802,0.2879681997001171,0.24384795874357224,0.04412023792974651,
0,260816,matched,MATCHED_Impulsive,Proposed_CA_CNN_RNND,7803,0.42686406522989273,0.3497956097126007,0.07706845132634044,
0,260816,matched,MATCHED_Impulsive,Proposed_CA_CNN_RNND,7804,0.4266884922981262,0.34698953479528427,0.07969895750284195,
0,260816,matched,MATCHED_Impulsive,Proposed_CA_CNN_RNND,7805,0.34475523233413696,0.2922979071736336,0.052457328885793686,
0,260816,matched,MATCHED_Impulsive,Proposed_CA_CNN_RNND,7806,0.42660192027688026,0.3548700287938118,0.0717318868264556,
0,260816,matched,MATCHED_Impulsive,Proposed_CA_CNN_RNND,7807,0.36815647408366203,0.30442235618829727,0.06373411323875189,
0,260816,matched,MATCHED_Impulsive,Proposed_CA_CNN_RNND,7808,0.40876031666994095,0.3364337086677551,0.07232661545276642,
0,260816,matched,MATCHED_Impulsive,Proposed_CA_CNN_RNND,7809,0.2392038106918335,0.21248465031385422,0.026719165965914726,
0,260816,matched,MATCHED_Impulsive,Proposed_CA_CNN_RNND,7810,0.33067305013537407,0.27673981338739395,0.05393324256874621,
0,260816,matched,MATCHED_Impulsive,Proposed_CA_CNN_RNND,7811,0.3596555255353451,0.30026647821068764,0.05938904406502843,
0,260816,matched,MATCHED_Impulsive,Proposed_CA_CNN_RNND,7812,0.5539905354380608,0.4458935633301735,0.10809696651995182,
0,260816,matched,MATCHED_Impulsive,Proposed_CA_CNN_RNND,7813,0.3778025321662426,0.31125691905617714,0.0665456154383719,
0,260816,matched,MATCHED_Impulsive,Proposed_CA_CNN_RNND,7814,0.387623094022274,0.32189563289284706,0.06572745786979795,
0,260816,matched,MATCHED_Impulsive,Proposed_CA_CNN_RNND,7815,0.30456366389989853,0.2632175162434578,0.04134615184739232,
0,260816,matched,MATCHED_Impulsive,Proposed_CA_CNN_RNND,7816,0.3102470636367798,0.26683713123202324,0.043409929145127535,
0,260816,matched,MATCHED_Impulsive,Proposed_CA_CNN_RNND,7817,0.3063621297478676,0.2637842744588852,0.042577863205224276,
0,260816,matched,MATCHED_Impulsive,Proposed_CA_CNN_RNND,7818,0.31687144935131073,0.2711453028023243,0.04572615213692188,
0,260816,matched,MATCHED_Impulsive,Proposed_CA_CNN_RNND,7819,0.4756975993514061,0.39339011162519455,0.08230749052017927,
0,260816,matched,MATCHED_Impulsive,Proposed_CA_CNN_RNND,7820,0.35173455998301506,0.2949354201555252,0.056799143087118864,
0,260816,matched,MATCHED_Impulsive,Proposed_CA_CNN_RNND,7821,0.5415460020303726,0.42854292318224907,0.11300306022167206,
0,260816,matched,MATCHED_Impulsive,Proposed_CA_CNN_RNND,7822,0.29264841973781586,0.25139765441417694,0.0412507657893002,
0,260816,matched,MATCHED_Impulsive,Proposed_CA_CNN_RNND,7823,0.23232349753379822,0.20689406618475914,0.02542943344451487,
0,260816,matched,MATCHED_Impulsive,Proposed_CA_CNN_RNND,7824,0.3826636001467705,0.31701473891735077,0.06564886635169387,
0,260816,matched,MATCHED_Impulsive,Proposed_CA_CNN_RNND,7825,0.3062787167727947,0.26175733283162117,0.044521376956254244,
0,260816,matched,MATCHED_Impulsive,Proposed_CA_CNN_RNND,7826,0.3447246849536896,0.28642556816339493,0.05829911818727851,
0,260816,matched,MATCHED_Impulsive,Proposed_CA_CNN_RNND,7827,0.4169916398823261,0.3448950760066509,0.07209656573832035,
0,260816,matched,MATCHED_Impulsive,Proposed_CA_CNN_RNND,7828,0.36897137388587,0.30747268721461296,0.061498695984482765,
0,260816,matched,MATCHED_Impulsive,Proposed_CA_CNN_RNND,7829,0.3407832607626915,0.2845725417137146,0.05621071858331561,
0,260816,matched,MATCHED_Impulsive,Proposed_CA_CNN_RNND,7830,0.44612525403499603,0.3734714165329933,0.0726538309827447,
0,260816,matched,MATCHED_Impulsive,Proposed_CA_CNN_RNND,7831,0.36435679346323013,0.30816175043582916,0.05619503743946552,
0,260816,matched,MATCHED_Impulsive,Proposed_CA_CNN_RNND,7832,0.3946172334253788,0.3221084997057915,0.07250872952863574,
0,260816,matched,MATCHED_Impulsive,Proposed_CA_CNN_RNND,7833,0.3619133047759533,0.30163175612688065,0.060281550977379084,
0,260816,matched,MATCHED_Impulsive,Proposed_CA_CNN_RNND,7834,0.4017667770385742,0.3332377076148987,0.06852906290441751,
0,260816,matched,MATCHED_Impulsive,Proposed_CA_CNN_RNND,7835,0.3665955327451229,0.30550332367420197,0.061092216754332185,
0,260816,matched,MATCHED_Impulsive,Proposed_CA_CNN_RNND,7836,0.3083634786307812,0.2637188658118248,0.04464461049064994,
0,260816,matched,MATCHED_Impulsive,Proposed_CA_CNN_RNND,7837,0.37914877384901047,0.3233684226870537,0.05578035209327936,
0,260816,matched,MATCHED_Impulsive,Proposed_CA_CNN_RNND,7838,0.48841722309589386,0.3993842154741287,0.08903300296515226,
0,260816,matched,MATCHED_Impulsive,Proposed_CA_CNN_RNND,7839,0.495619460940361,0.4000067785382271,0.0956126768141985,
0,260816,matched,MATCHED_Impulsive,Proposed_CA_CNN_RNND,7840,0.4235368147492409,0.3559967763721943,0.06754003651440144,
0,260816,matched,MATCHED_Impulsive,Proposed_CA_CNN_RNND,7841,0.3702162615954876,0.30602721869945526,0.06418905081227422,
0,260816,matched,MATCHED_Impulsive,Proposed_CA_CNN_RNND,7842,0.31583255529403687,0.2641046494245529,0.05172790540382266,
0,260816,matched,MATCHED_Impulsive,Proposed_CA_CNN_RNND,7843,0.3296874947845936,0.27860745787620544,0.051080039236694574,
0,260816,matched,MATCHED_Impulsive,Proposed_CA_CNN_RNND,7844,0.32270728051662445,0.2699110433459282,0.05279623996466398,
0,260816,matched,MATCHED_Impulsive,Proposed_CA_CNN_RNND,7845,0.3407400771975517,0.29250672087073326,0.04823335167020559,
0,260816,matched,MATCHED_Impulsive,Proposed_CA_CNN_RNND,7846,0.3957848697900772,0.3331442289054394,0.06264064600691199,
0,260816,matched,MATCHED_Impulsive,Proposed_CA_CNN_RNND,7847,0.3228624686598778,0.27711163461208344,0.04575083218514919,
0,260816,matched,MATCHED_Impulsive,Proposed_CA_CNN_RNND,7848,0.3935459554195404,0.3210901580750942,0.07245580619201064,
0,260816,matched,MATCHED_Impulsive,Proposed_CA_CNN_RNND,7849,0.4583289250731468,0.37584370747208595,0.08248523250222206,
0,260816,matched,MATCHED_Impulsive,Proposed_CA_CNN_RNND,7850,0.28347430750727654,0.246856227517128,0.03661808115430176,
0,260816,matched,MATCHED_Impulsive,Proposed_CA_CNN_RNND,7851,0.32130422070622444,0.27368321642279625,0.047621007077395916,
0,260816,matched,MATCHED_Impulsive,Proposed_CA_CNN_RNND,7852,0.28021811693906784,0.2424178421497345,0.03780027758330107,
0,260816,matched,MATCHED_Impulsive,Proposed_CA_CNN_RNND,7853,0.4028790071606636,0.3353480324149132,0.06753097847104073,
0,260816,matched,MATCHED_Impulsive,Proposed_CA_CNN_RNND,7854,0.27515096589922905,0.23778510838747025,0.03736586216837168,
0,260816,matched,MATCHED_Impulsive,Proposed_CA_CNN_RNND,7855,0.4442152567207813,0.3661890998482704,0.07802616152912378,
0,260816,matched,MATCHED_Impulsive,Proposed_CA_CNN_RNND,7856,0.326346967369318,0.27615371346473694,0.05019325390458107,
0,260816,matched,MATCHED_Impulsive,Proposed_CA_CNN_RNND,7857,0.3828485980629921,0.321695975959301,0.06115262769162655,
0,260816,matched,MATCHED_Impulsive,Proposed_CA_CNN_RNND,7858,0.2903793081641197,0.24823097884655,0.042148332111537457,
0,260816,matched,MATCHED_Impulsive,Proposed_CA_CNN_RNND,7859,0.23713386803865433,0.21018172428011894,0.026952144224196672,
0,260816,matched,MATCHED_Impulsive,Proposed_CA_CNN_RNND,7860,0.48007677495479584,0.39027103036642075,0.08980573527514935,
0,260816,matched,MATCHED_Impulsive,Proposed_CA_CNN_RNND,7861,0.31749414652585983,0.26749319955706596,0.050000949297100306,
0,260816,matched,MATCHED_Impulsive,Proposed_CA_CNN_RNND,7862,0.2529950253665447,0.21517974883317947,0.037815273739397526,
0,260816,matched,MATCHED_Impulsive,Proposed_CA_CNN_RNND,7863,0.37664755433797836,0.31180353462696075,0.06484401412308216,
0,260816,matched,MATCHED_Impulsive,Proposed_CA_CNN_RNND,7864,0.376460537314415,0.30976325273513794,0.06669729296118021,
0,260816,matched,MATCHED_Impulsive,Proposed_CA_CNN_RNND,7865,0.3223073445260525,0.2734197713434696,0.04888757271692157,
0,260816,matched,MATCHED_Impulsive,Proposed_CA_CNN_RNND,7866,0.2052394151687622,0.18173547089099884,0.023503946140408516,
0,260816,matched,MATCHED_Impulsive,Proposed_CA_CNN_RNND,7867,0.38449158146977425,0.3218761757016182,0.06261540623381734,
0,260816,matched,MATCHED_Impulsive,Proposed_CA_CNN_RNND,7868,0.2977111265063286,0.2548753134906292,0.04283581138588488,
0,260816,matched,MATCHED_Impulsive,Proposed_CA_CNN_RNND,7869,0.2847556956112385,0.2447376698255539,0.04001802811399102,
0,260816,matched,MATCHED_Impulsive,Proposed_CA_CNN_RNND,7870,0.24133843928575516,0.2118292860686779,0.029509152751415968,
0,260816,matched,MATCHED_Impulsive,Proposed_CA_CNN_RNND,7871,0.24514917843043804,0.212941475212574,0.03220770740881562,
0,260816,matched,MATCHED_Impulsive,Proposed_CA_CNN_RNND,7872,0.3840732201933861,0.3165902644395828,0.06748295668512583,
0,260816,matched,MATCHED_Impulsive,Proposed_CA_CNN_RNND,7873,0.45526376366615295,0.3701675534248352,0.0850962046533823,
0,260816,matched,MATCHED_Impulsive,Proposed_CA_CNN_RNND,7874,0.382989589124918,0.3218487724661827,0.06114081759005785,
0,260816,matched,MATCHED_Impulsive,Proposed_CA_CNN_RNND,7875,0.3598157651722431,0.3018999397754669,0.057915827725082636,
0,260816,matched,MATCHED_Impulsive,Proposed_CA_CNN_RNND,7876,0.5028251186013222,0.4046238362789154,0.09820126416161656,
0,260816,matched,MATCHED_Impulsive,Proposed_CA_CNN_RNND,7877,0.4303027205169201,0.3540021702647209,0.07630054885521531,
0,260816,matched,MATCHED_Impulsive,Proposed_CA_CNN_RNND,7878,0.6067077741026878,0.48026828467845917,0.12643947824835777,
0,260816,matched,MATCHED_Impulsive,Proposed_CA_CNN_RNND,7879,0.3371138647198677,0.289194468408823,0.04791940003633499,
0,260816,matched,MATCHED_Impulsive,Proposed_CA_CNN_RNND,7880,0.3463786356151104,0.29323844984173775,0.05314018949866295,
0,260816,matched,MATCHED_Impulsive,Proposed_CA_CNN_RNND,7881,0.2838774472475052,0.24654386192560196,0.037333582527935505,
0,260816,matched,MATCHED_Impulsive,Proposed_CA_CNN_RNND,7882,0.28336507454514503,0.2446703463792801,0.03869472513906658,
0,260816,matched,MATCHED_Impulsive,Proposed_CA_CNN_RNND,7883,0.4101455584168434,0.33903276920318604,0.07111278362572193,
0,260816,matched,MATCHED_Impulsive,Proposed_CA_CNN_RNND,7884,0.3337622098624706,0.2826632261276245,0.05109897768124938,
0,260816,matched,MATCHED_Impulsive,Proposed_CA_CNN_RNND,7885,0.2966826409101486,0.2525549344718456,0.044127699453383684,
0,260816,matched,MATCHED_Impulsive,Proposed_CA_CNN_RNND,7886,0.3835686333477497,0.320683840662241,0.06288479588693008,
0,260816,matched,MATCHED_Impulsive,Proposed_CA_CNN_RNND,7887,0.41510868072509766,0.3423110581934452,0.07279762951657176,
0,260816,matched,MATCHED_Impulsive,Proposed_CA_CNN_RNND,7888,0.3763437606394291,0.317925363779068,0.058418401051312685,
0,260816,matched,MATCHED_Impulsive,Proposed_CA_CNN_RNND,7889,0.399105716496706,0.3320958651602268,0.0670098455157131,
0,260816,matched,MATCHED_Impulsive,Proposed_CA_CNN_RNND,7890,0.3255966566503048,0.2724883556365967,0.0531082961242646,
0,260816,matched,MATCHED_Impulsive,Proposed_CA_CNN_RNND,7891,0.4303884096443653,0.3546530082821846,0.07573540648445487,
0,260816,matched,MATCHED_Impulsive,Proposed_CA_CNN_RNND,7892,0.29287610575556755,0.25348540022969246,0.039390698075294495,
0,260816,matched,MATCHED_Impulsive,Proposed_CA_CNN_RNND,7893,0.34398556500673294,0.2880196012556553,0.055965960724279284,
0,260816,matched,MATCHED_Impulsive,Proposed_CA_CNN_RNND,7894,0.23757750540971756,0.21164792403578758,0.02592958463355899,
0,260816,matched,MATCHED_Impulsive,Proposed_CA_CNN_RNND,7895,0.36265574395656586,0.3033704124391079,0.05928532313555479,
0,260816,matched,MATCHED_Impulsive,Proposed_CA_CNN_RNND,7896,0.31748252734541893,0.27612315118312836,0.041359384544193745,
0,260816,matched,MATCHED_Impulsive,Proposed_CA_CNN_RNND,7897,0.2716486304998398,0.24131139740347862,0.030337239615619183,
0,260816,matched,MATCHED_Impulsive,Proposed_CA_CNN_RNND,7898,0.45639024674892426,0.3683783821761608,0.0880118627101183,
0,260816,matched,MATCHED_Impulsive,Proposed_CA_CNN_RNND,7899,0.5461888909339905,0.447547972202301,0.09864091873168945,
0,260816,matched,MATCHED_Impulsive,Proposed_CA_CNN_RNND,7900,0.3701585382223129,0.31378985196352005,0.056368676014244556,
0,260816,matched,MATCHED_Impulsive,Proposed_CA_CNN_RNND,7901,0.3441254086792469,0.29275257885456085,0.051372827496379614,
0,260816,matched,MATCHED_Impulsive,Proposed_CA_CNN_RNND,7902,0.5076238662004471,0.40510980039834976,0.10251405462622643,
0,260816,matched,MATCHED_Impulsive,Proposed_CA_CNN_RNND,7903,0.31750090420246124,0.26862743869423866,0.04887346690520644,
0,260816,matched,MATCHED_Impulsive,Proposed_CA_CNN_RNND,7904,0.3397923484444618,0.2868301123380661,0.05296222912147641,
0,260816,matched,MATCHED_Impulsive,Proposed_CA_CNN_RNND,7905,0.2427777647972107,0.20825789123773575,0.03451987449079752,
0,260816,matched,MATCHED_Impulsive,Proposed_CA_CNN_RNND,7906,0.34098879247903824,0.29113731905817986,0.049851477378979325,
0,260816,matched,MATCHED_Impulsive,Proposed_CA_CNN_RNND,7907,0.45694318786263466,0.36383727192878723,0.09310591779649258,
0,260816,matched,MATCHED_Impulsive,Proposed_CA_CNN_RNND,7908,0.37606320157647133,0.3156886324286461,0.0603745651897043,
0,260816,matched,MATCHED_Impulsive,Proposed_CA_CNN_RNND,7909,0.3285333439707756,0.2770882062613964,0.05144514376297593,
0,260816,matched,MATCHED_Impulsive,Proposed_CA_CNN_RNND,7910,0.43552733957767487,0.3610631376504898,0.07446420192718506,
0,260816,matched,MATCHED_Impulsive,Proposed_CA_CNN_RNND,7911,0.3581263795495033,0.29829593375325203,0.059830449521541595,
0,260816,matched,MATCHED_Impulsive,Proposed_CA_CNN_RNND,7912,0.4666716828942299,0.388075590133667,0.0785960890352726,
0,260816,matched,MATCHED_Impulsive,Proposed_CA_CNN_RNND,7913,0.4193784184753895,0.34233659505844116,0.07704181969165802,
0,260816,matched,MATCHED_Impulsive,Proposed_CA_CNN_RNND,7914,0.46456944942474365,0.37606634199619293,0.08850310277193785,
0,260816,matched,MATCHED_Impulsive,Proposed_CA_CNN_RNND,7915,0.36229364946484566,0.30039674788713455,0.06189690204337239,
0,260816,matched,MATCHED_Impulsive,Proposed_CA_CNN_RNND,7916,0.45949355885386467,0.3748726546764374,0.08462090976536274,
0,260816,matched,MATCHED_Impulsive,Proposed_CA_CNN_RNND,7917,0.35464734956622124,0.29781922698020935,0.05682811886072159,
0,260816,matched,MATCHED_Impulsive,Proposed_CA_CNN_RNND,7918,0.4355126805603504,0.3622577115893364,0.07325497269630432,
0,260816,matched,MATCHED_Impulsive,Proposed_CA_CNN_RNND,7919,0.5838389173150063,0.46802397072315216,0.11581495776772499,
0,260816,matched,MATCHED_Impulsive,Proposed_CA_CNN_RNND,7920,0.5027503669261932,0.40552614629268646,0.09722421504557133,
0,260816,matched,MATCHED_Impulsive,Proposed_CA_CNN_RNND,7921,0.5300858020782471,0.42151937633752823,0.1085664201527834,
0,260816,matched,MATCHED_Impulsive,Proposed_CA_CNN_RNND,7922,0.4041623957455158,0.3317822515964508,0.07238015625625849,
0,260816,matched,MATCHED_Impulsive,Proposed_CA_CNN_RNND,7923,0.40248044952750206,0.34056001901626587,0.06192042166367173,
0,260816,matched,MATCHED_Impulsive,Proposed_CA_CNN_RNND,7924,0.26591456681489944,0.2300119772553444,0.035902583273127675,
0,260816,matched,MATCHED_Impulsive,Proposed_CA_CNN_RNND,7925,0.5176015570759773,0.4212101846933365,0.09639136679470539,
0,260816,matched,MATCHED_Impulsive,Proposed_CA_CNN_RNND,7926,0.32510560005903244,0.27427850663661957,0.0508270887658,
0,260816,matched,MATCHED_Impulsive,Proposed_CA_CNN_RNND,7927,0.47632597386837006,0.3846634700894356,0.09166249446570873,
0,260816,matched,MATCHED_Impulsive,Proposed_CA_CNN_RNND,7928,0.23041198030114174,0.20143600925803185,0.02897597337141633,
0,260816,matched,MATCHED_Impulsive,Proposed_CA_CNN_RNND,7929,0.36565386317670345,0.30072519555687904,0.06492867274209857,
0,260816,matched,MATCHED_Impulsive,Proposed_CA_CNN_RNND,7930,0.5212219208478928,0.422361359000206,0.09886055532842875,
0,260816,matched,MATCHED_Impulsive,Proposed_CA_CNN_RNND,7931,0.4429311379790306,0.36069677025079727,0.08223437843844295,
0,260816,matched,MATCHED_Impulsive,Proposed_CA_CNN_RNND,7932,0.4444200396537781,0.3629937767982483,0.08142625819891691,
0,260816,matched,MATCHED_Impulsive,Proposed_CA_CNN_RNND,7933,0.3850022293627262,0.3206890597939491,0.06431317143142223,
0,260816,matched,MATCHED_Impulsive,Proposed_CA_CNN_RNND,7934,0.4620220810174942,0.3769002705812454,0.08512181509286165,
0,260816,matched,MATCHED_Impulsive,Proposed_CA_CNN_RNND,7935,0.47712191939353943,0.3895493149757385,0.0875726118683815,
0,260816,matched,MATCHED_Impulsive,Proposed_CA_CNN_RNND,7936,0.4402029365301132,0.3630504459142685,0.07715249247848988,
0,260816,matched,MATCHED_Impulsive,Proposed_CA_CNN_RNND,7937,0.5223077461123466,0.4232044368982315,0.09910331480205059,
0,260816,matched,MATCHED_Impulsive,Proposed_CA_CNN_RNND,7938,0.42593129724264145,0.35218726098537445,0.07374402740970254,
0,260816,matched,MATCHED_Impulsive,Proposed_CA_CNN_RNND,7939,0.3550638221204281,0.29210273921489716,0.06296107964590192,
0,260816,matched,MATCHED_Impulsive,Proposed_CA_CNN_RNND,7940,0.3429366499185562,0.2882303260266781,0.0547063322737813,
0,260816,matched,MATCHED_Impulsive,Proposed_CA_CNN_RNND,7941,0.3099270351231098,0.25917626544833183,0.0507507692091167,
0,260816,matched,MATCHED_Impulsive,Proposed_CA_CNN_RNND,7942,0.5417413115501404,0.4364780858159065,0.10526324063539505,
0,260816,matched,MATCHED_Impulsive,Proposed_CA_CNN_RNND,7943,0.43285221606492996,0.3592630997300148,0.07358912006020546,
0,260816,matched,MATCHED_Impulsive,Proposed_CA_CNN_RNND,7944,0.32346300408244133,0.2706907019019127,0.052772311959415674,
0,260816,matched,MATCHED_Impulsive,Proposed_CA_CNN_RNND,7945,0.42819949984550476,0.35804733261466026,0.0701521523296833,
0,260816,matched,MATCHED_Impulsive,Proposed_CA_CNN_RNND,7946,0.3471526727080345,0.2904248982667923,0.05672777537256479,
0,260816,matched,MATCHED_Impulsive,Proposed_CA_CNN_RNND,7947,0.37648412212729454,0.3172350823879242,0.05924902530387044,
0,260816,matched,MATCHED_Impulsive,Proposed_CA_CNN_RNND,7948,0.359433613717556,0.29799026995897293,0.06144333723932505,
0,260816,matched,MATCHED_Impulsive,Proposed_CA_CNN_RNND,7949,0.304132878780365,0.2547404132783413,0.04939246829599142,
0,260816,matched,MATCHED_Impulsive,Proposed_CA_CNN_RNND,7950,0.4383460655808449,0.35401685163378716,0.08432921906933188,
0,260816,matched,MATCHED_Impulsive,Proposed_CA_CNN_RNND,7951,0.3436322920024395,0.28817636892199516,0.05545591423287988,
0,260816,matched,MATCHED_Impulsive,Proposed_CA_CNN_RNND,7952,0.5117127969861031,0.4205152839422226,0.09119750838726759,
0,260816,matched,MATCHED_Impulsive,Proposed_CA_CNN_RNND,7953,0.32034363597631454,0.2740965597331524,0.04624708369374275,
0,260816,matched,MATCHED_Impulsive,Proposed_CA_CNN_RNND,7954,0.442607618868351,0.3570679798722267,0.08553964179009199,
0,260816,matched,MATCHED_Impulsive,Proposed_CA_CNN_RNND,7955,0.4696720987558365,0.38596370071172714,0.0837083999067545,
0,260816,matched,MATCHED_Impulsive,Proposed_CA_CNN_RNND,7956,0.35786478966474533,0.29900630563497543,0.058858491480350494,
0,260816,matched,MATCHED_Impulsive,Proposed_CA_CNN_RNND,7957,0.3988547846674919,0.3291050046682358,0.06974977580830455,
0,260816,matched,MATCHED_Impulsive,Proposed_CA_CNN_RNND,7958,0.38569460064172745,0.3233724534511566,0.06232214905321598,
0,260816,matched,MATCHED_Impulsive,Proposed_CA_CNN_RNND,7959,0.4010418616235256,0.33376404643058777,0.06727780844084918,
0,260816,matched,MATCHED_Impulsive,Proposed_CA_CNN_RNND,7960,0.40590256452560425,0.33696620911359787,0.06893636472523212,
0,260816,matched,MATCHED_Impulsive,Proposed_CA_CNN_RNND,7961,0.5934090539813042,0.4702768549323082,0.12313219718635082,
0,260816,matched,MATCHED_Impulsive,Proposed_CA_CNN_RNND,7962,0.4223911762237549,0.348355770111084,0.07403540704399347,
0,260816,matched,MATCHED_Impulsive,Proposed_CA_CNN_RNND,7963,0.38963793218135834,0.3312685377895832,0.05836939811706543,
0,260816,matched,MATCHED_Impulsive,Proposed_CA_CNN_RNND,7964,0.23562880232930183,0.20654692873358727,0.029081872664391994,
0,260816,matched,MATCHED_Impulsive,Proposed_CA_CNN_RNND,7965,0.4506854861974716,0.37096941471099854,0.07971606869250536,
0,260816,matched,MATCHED_Impulsive,Proposed_CA_CNN_RNND,7966,0.5070618689060211,0.4085966497659683,0.09846521262079477,
0,260816,matched,MATCHED_Impulsive,Proposed_CA_CNN_RNND,7967,0.5489184185862541,0.4420396760106087,0.10687873698771,
0,260816,matched,MATCHED_Impulsive,Proposed_CA_CNN_RNND,7968,0.39340708404779434,0.3221488296985626,0.07125824526883662,
0,260816,matched,MATCHED_Impulsive,Proposed_CA_CNN_RNND,7969,0.22753917425870895,0.2007773071527481,0.02676186803728342,
0,260816,matched,MATCHED_Impulsive,Proposed_CA_CNN_RNND,7970,0.3349762558937073,0.27868421003222466,0.05629205144941807,
0,260816,matched,MATCHED_Impulsive,Proposed_CA_CNN_RNND,7971,0.3947220742702484,0.32495466992259026,0.06976740015670657,
0,260816,matched,MATCHED_Impulsive,Proposed_CA_CNN_RNND,7972,0.3516632504761219,0.295615840703249,0.0560474069789052,
0,260816,matched,MATCHED_Impulsive,Proposed_CA_CNN_RNND,7973,0.3778389096260071,0.3170044273138046,0.060834480449557304,
0,260816,matched,MATCHED_Impulsive,Proposed_CA_CNN_RNND,7974,0.2751963511109352,0.23475902900099754,0.040437316754832864,
0,260816,matched,MATCHED_Impulsive,Proposed_CA_CNN_RNND,7975,0.37275029346346855,0.31214601546525955,0.060604282189160585,
0,260816,matched,MATCHED_Impulsive,Proposed_CA_CNN_RNND,7976,0.36970409750938416,0.3119741678237915,0.05772992968559265,
0,260816,matched,MATCHED_Impulsive,Proposed_CA_CNN_RNND,7977,0.3001989722251892,0.26163314282894135,0.038565831957384944,
0,260816,matched,MATCHED_Impulsive,Proposed_CA_CNN_RNND,7978,0.5426537096500397,0.4381444379687309,0.10450927540659904,
0,260816,matched,MATCHED_Impulsive,Proposed_CA_CNN_RNND,7979,0.4303872808814049,0.3561353087425232,0.0742519786581397,
0,260816,matched,MATCHED_Impulsive,Proposed_CA_CNN_RNND,7980,0.41095370054244995,0.3365904130041599,0.07436327822506428,
0,260816,matched,MATCHED_Impulsive,Proposed_CA_CNN_RNND,7981,0.4906117841601372,0.4007630795240402,0.08984870836138725,
0,260816,matched,MATCHED_Impulsive,Proposed_CA_CNN_RNND,7982,0.5256946980953217,0.42524944245815277,0.10044525377452374,
0,260816,matched,MATCHED_Impulsive,Proposed_CA_CNN_RNND,7983,0.4625345356762409,0.37171370536088943,0.09082083590328693,
0,260816,matched,MATCHED_Impulsive,Proposed_CA_CNN_RNND,7984,0.49224283918738365,0.39988062903285027,0.09236219990998507,
0,260816,matched,MATCHED_Impulsive,Proposed_CA_CNN_RNND,7985,0.5270943716168404,0.42868727445602417,0.09840709902346134,
0,260816,matched,MATCHED_Impulsive,Proposed_CA_CNN_RNND,7986,0.3500389475375414,0.2971365824341774,0.05290236242581159,
0,260816,matched,MATCHED_Impulsive,Proposed_CA_CNN_RNND,7987,0.22037285193800926,0.1947212778031826,0.025651575066149235,
0,260816,matched,MATCHED_Impulsive,Proposed_CA_CNN_RNND,7988,0.29075102880597115,0.2514928840100765,0.039258144330233335,
0,260816,matched,MATCHED_Impulsive,Proposed_CA_CNN_RNND,7989,0.313100703060627,0.2624403163790703,0.050660379929468036,
0,260816,matched,MATCHED_Impulsive,Proposed_CA_CNN_RNND,7990,0.4123542383313179,0.3408229351043701,0.07153129996731877,
0,260816,matched,MATCHED_Impulsive,Proposed_CA_CNN_RNND,7991,0.28787659108638763,0.2475953809916973,0.04028121428564191,
0,260816,matched,MATCHED_Impulsive,Proposed_CA_CNN_RNND,7992,0.29580232873559,0.2586362287402153,0.037166097201406956,
0,260816,matched,MATCHED_Impulsive,Proposed_CA_CNN_RNND,7993,0.35264039784669876,0.2966528460383415,0.05598754156380892,
0,260816,matched,MATCHED_Impulsive,Proposed_CA_CNN_RNND,7994,0.3057812489569187,0.26260340958833694,0.043177833780646324,
0,260816,matched,MATCHED_Impulsive,Proposed_CA_CNN_RNND,7995,0.28327134251594543,0.2451253943145275,0.03814594727009535,
0,260816,matched,MATCHED_Impulsive,Proposed_CA_CNN_RNND,7996,0.4314349330961704,0.3514505438506603,0.07998438458889723,
0,260816,matched,MATCHED_Impulsive,Proposed_CA_CNN_RNND,7997,0.3184071183204651,0.2760545015335083,0.042352620512247086,
0,260816,matched,MATCHED_Impulsive,Proposed_CA_CNN_RNND,7998,0.27582763507962227,0.236185971647501,0.03964166296645999,
0,260816,matched,MATCHED_Impulsive,Proposed_CA_CNN_RNND,7999,0.3465251624584198,0.28816309571266174,0.05836206674575806,
0,260816,matched,MATCHED_Impulsive,Proposed_CA_CNN_RNND,8000,0.39446233212947845,0.3282041549682617,0.06625817017629743,-1.0922491046783773
