repeat,seed,regime,job_tag,method,epoch,loss,denoise_loss,decode_loss,val_log10_BER
0,260816,matched,MATCHED_Rayleigh,RNND_Zhu,1,1.9887665510177612,1.738780915737152,0.24998565763235092,-0.3097908348632529
0,260816,matched,MATCHED_Rayleigh,RNND_Zhu,2,2.9541403353214264,2.7042063176631927,0.24993405118584633,
0,260816,matched,MATCHED_Rayleigh,RNND_Zhu,3,1.8857390880584717,1.6359484195709229,0.24979066848754883,
0,260816,matched,MATCHED_Rayleigh,RNND_Zhu,4,2.026293843984604,1.776654690504074,0.24963916465640068,
0,260816,matched,MATCHED_Rayleigh,RNND_Zhu,5,1.9863216280937195,1.7368633151054382,0.24945829808712006,
0,260816,matched,MATCHED_Rayleigh,RNND_Zhu,6,1.666191816329956,1.4169950038194656,0.2491968460381031,
0,260816,matched,MATCHED_Rayleigh,RNND_Zhu,7,2.3479184210300446,2.099065899848938,0.24885249882936478,
0,260816,matched,MATCHED_Rayleigh,RNND_Zhu,8,2.655243396759033,2.4065317511558533,0.24871163070201874,
0,260816,matched,MATCHED_Rayleigh,RNND_Zhu,9,2.037433385848999,1.7894052267074585,0.2480282001197338,
0,260816,matched,MATCHED_Rayleigh,RNND_Zhu,10,1.5061880350112915,1.2590476870536804,0.24714037030935287,
0,260816,matched,MATCHED_Rayleigh,RNND_Zhu,11,1.9014989733695984,1.65501669049263,0.24648228660225868,
0,260816,matched,MATCHED_Rayleigh,RNND_Zhu,12,2.459945261478424,2.2143640220165253,0.2455812655389309,
0,260816,matched,MATCHED_Rayleigh,RNND_Zhu,13,1.5553743541240692,1.3119793087244034,0.24339503422379494,
0,260816,matched,MATCHED_Rayleigh,RNND_Zhu,14,2.047403931617737,1.8046946227550507,0.24270927160978317,
0,260816,matched,MATCHED_Rayleigh,RNND_Zhu,15,1.7607866823673248,1.5189479291439056,0.2418387569487095,
0,260816,matched,MATCHED_Rayleigh,RNND_Zhu,16,2.234938085079193,1.9941904544830322,0.2407475933432579,
0,260816,matched,MATCHED_Rayleigh,RNND_Zhu,17,1.626494973897934,1.3867525458335876,0.23974242061376572,
0,260816,matched,MATCHED_Rayleigh,RNND_Zhu,18,1.7611808776855469,1.5218293517827988,0.23935149237513542,
0,260816,matched,MATCHED_Rayleigh,RNND_Zhu,19,1.6391793489456177,1.403390422463417,0.23578892648220062,
0,260816,matched,MATCHED_Rayleigh,RNND_Zhu,20,1.8462830781936646,1.613271176815033,0.2330118790268898,
0,260816,matched,MATCHED_Rayleigh,RNND_Zhu,21,1.5281103402376175,1.2950099557638168,0.23310035839676857,
0,260816,matched,MATCHED_Rayleigh,RNND_Zhu,22,1.5387559235095978,1.3032564520835876,0.23549945652484894,
0,260816,matched,MATCHED_Rayleigh,RNND_Zhu,23,1.8839999437332153,1.6507242619991302,0.23327570408582687,
0,260816,matched,MATCHED_Rayleigh,RNND_Zhu,24,1.4455296695232391,1.2140023410320282,0.23152731731534004,
0,260816,matched,MATCHED_Rayleigh,RNND_Zhu,25,1.5989718735218048,1.3652996718883514,0.23367223143577576,
0,260816,matched,MATCHED_Rayleigh,RNND_Zhu,26,1.655712366104126,1.4266868233680725,0.22902553156018257,
0,260816,matched,MATCHED_Rayleigh,RNND_Zhu,27,1.503619834780693,1.270215630531311,0.2334042228758335,
0,260816,matched,MATCHED_Rayleigh,RNND_Zhu,28,1.7641228437423706,1.5345203578472137,0.22960247471928596,
0,260816,matched,MATCHED_Rayleigh,RNND_Zhu,29,1.658210575580597,1.4240376353263855,0.23417292535305023,
0,260816,matched,MATCHED_Rayleigh,RNND_Zhu,30,1.2971570193767548,1.0701825320720673,0.2269744798541069,
0,260816,matched,MATCHED_Rayleigh,RNND_Zhu,31,1.5098921954631805,1.2773020565509796,0.23259013146162033,
0,260816,matched,MATCHED_Rayleigh,RNND_Zhu,32,1.1293629556894302,0.9009126722812653,0.22845029830932617,
0,260816,matched,MATCHED_Rayleigh,RNND_Zhu,33,1.5613422393798828,1.3244740962982178,0.23686813190579414,
0,260816,matched,MATCHED_Rayleigh,RNND_Zhu,34,1.3325940370559692,1.1046824008226395,0.22791164368391037,
0,260816,matched,MATCHED_Rayleigh,RNND_Zhu,35,1.4279469400644302,1.20031176507473,0.2276351973414421,
0,260816,matched,MATCHED_Rayleigh,RNND_Zhu,36,1.247729241847992,1.0205614566802979,0.22716780751943588,
0,260816,matched,MATCHED_Rayleigh,RNND_Zhu,37,1.5715256035327911,1.342779591679573,0.22874599695205688,
0,260816,matched,MATCHED_Rayleigh,RNND_Zhu,38,1.317106083035469,1.0889861732721329,0.22811992838978767,
0,260816,matched,MATCHED_Rayleigh,RNND_Zhu,39,1.5544602870941162,1.324733018875122,0.22972725331783295,
0,260816,matched,MATCHED_Rayleigh,RNND_Zhu,40,1.8463887572288513,1.609028398990631,0.23736034706234932,
0,260816,matched,MATCHED_Rayleigh,RNND_Zhu,41,1.4310561120510101,1.2023398727178574,0.22871627286076546,
0,260816,matched,MATCHED_Rayleigh,RNND_Zhu,42,1.2294030487537384,1.0022179782390594,0.22718506678938866,
0,260816,matched,MATCHED_Rayleigh,RNND_Zhu,43,1.4506414234638214,1.2190369069576263,0.23160452023148537,
0,260816,matched,MATCHED_Rayleigh,RNND_Zhu,44,1.2590267360210419,1.0338525176048279,0.2251741997897625,
0,260816,matched,MATCHED_Rayleigh,RNND_Zhu,45,1.542383074760437,1.3085070550441742,0.2338760383427143,
0,260816,matched,MATCHED_Rayleigh,RNND_Zhu,46,1.0698471814393997,0.8456175327301025,0.22422966361045837,
0,260816,matched,MATCHED_Rayleigh,RNND_Zhu,47,1.553930625319481,1.3255532681941986,0.2283773384988308,
0,260816,matched,MATCHED_Rayleigh,RNND_Zhu,48,1.1428541392087936,0.9162173271179199,0.22663681954145432,
0,260816,matched,MATCHED_Rayleigh,RNND_Zhu,49,1.12153959274292,0.8964699059724808,0.22506968677043915,
0,260816,matched,MATCHED_Rayleigh,RNND_Zhu,50,1.19634810090065,0.9717386662960052,0.2246094048023224,
0,260816,matched,MATCHED_Rayleigh,RNND_Zhu,51,1.1478526592254639,0.9236030578613281,0.22424961626529694,
0,260816,matched,MATCHED_Rayleigh,RNND_Zhu,52,1.4060871601104736,1.1838428527116776,0.22224431112408638,
0,260816,matched,MATCHED_Rayleigh,RNND_Zhu,53,1.0442656874656677,0.8231898546218872,0.22107582539319992,
0,260816,matched,MATCHED_Rayleigh,RNND_Zhu,54,1.3409802615642548,1.1125756204128265,0.22840462625026703,
0,260816,matched,MATCHED_Rayleigh,RNND_Zhu,55,1.0866345763206482,0.8640154451131821,0.22261909767985344,
0,260816,matched,MATCHED_Rayleigh,RNND_Zhu,56,1.0220782458782196,0.8002314120531082,0.2218468189239502,
0,260816,matched,MATCHED_Rayleigh,RNND_Zhu,57,0.9866137057542801,0.7673390209674835,0.21927468106150627,
0,260816,matched,MATCHED_Rayleigh,RNND_Zhu,58,1.043840155005455,0.8257585316896439,0.21808160468935966,
0,260816,matched,MATCHED_Rayleigh,RNND_Zhu,59,0.9479201883077621,0.732626810669899,0.21529336646199226,
0,260816,matched,MATCHED_Rayleigh,RNND_Zhu,60,1.0635088086128235,0.8455636203289032,0.21794519573450089,
0,260816,matched,MATCHED_Rayleigh,RNND_Zhu,61,1.0851480662822723,0.8678203076124191,0.2173277698457241,
0,260816,matched,MATCHED_Rayleigh,RNND_Zhu,62,0.9042333364486694,0.6916777789592743,0.21255553886294365,
0,260816,matched,MATCHED_Rayleigh,RNND_Zhu,63,1.1159605085849762,0.8964963555335999,0.21946416795253754,
0,260816,matched,MATCHED_Rayleigh,RNND_Zhu,64,1.085863173007965,0.8680984377861023,0.2177647426724434,
0,260816,matched,MATCHED_Rayleigh,RNND_Zhu,65,1.456397920846939,1.2271240055561066,0.22927392646670341,
0,260816,matched,MATCHED_Rayleigh,RNND_Zhu,66,1.1577966511249542,0.9377759248018265,0.22002073749899864,
0,260816,matched,MATCHED_Rayleigh,RNND_Zhu,67,1.2745989263057709,1.0481699705123901,0.22642897441983223,
0,260816,matched,MATCHED_Rayleigh,RNND_Zhu,68,1.223093718290329,1.0024842321872711,0.22060948982834816,
0,260816,matched,MATCHED_Rayleigh,RNND_Zhu,69,0.9411281049251556,0.7261625826358795,0.21496552973985672,
0,260816,matched,MATCHED_Rayleigh,RNND_Zhu,70,1.1034038662910461,0.8826054483652115,0.22079841420054436,
0,260816,matched,MATCHED_Rayleigh,RNND_Zhu,71,1.2267093658447266,0.9998612999916077,0.2268480472266674,
0,260816,matched,MATCHED_Rayleigh,RNND_Zhu,72,1.1756747215986252,0.9484388530254364,0.2272358499467373,
0,260816,matched,MATCHED_Rayleigh,RNND_Zhu,73,1.1974395960569382,0.9685851633548737,0.22885442525148392,
0,260816,matched,MATCHED_Rayleigh,RNND_Zhu,74,0.9480671286582947,0.734476238489151,0.21359091624617577,
0,260816,matched,MATCHED_Rayleigh,RNND_Zhu,75,1.0921926200389862,0.8727235049009323,0.2194691188633442,
0,260816,matched,MATCHED_Rayleigh,RNND_Zhu,76,1.0043392330408096,0.7885668724775314,0.2157723717391491,
0,260816,matched,MATCHED_Rayleigh,RNND_Zhu,77,1.0120135396718979,0.7935447245836258,0.2184688225388527,
0,260816,matched,MATCHED_Rayleigh,RNND_Zhu,78,0.907079741358757,0.6911756098270416,0.2159041464328766,
0,260816,matched,MATCHED_Rayleigh,RNND_Zhu,79,1.0420325696468353,0.818886011838913,0.22314658015966415,
0,260816,matched,MATCHED_Rayleigh,RNND_Zhu,80,1.1347744762897491,0.9071673154830933,0.22760716453194618,
0,260816,matched,MATCHED_Rayleigh,RNND_Zhu,81,0.9373000860214233,0.7201156616210938,0.2171844206750393,
0,260816,matched,MATCHED_Rayleigh,RNND_Zhu,82,0.9142884016036987,0.6998775899410248,0.21441081911325455,
0,260816,matched,MATCHED_Rayleigh,RNND_Zhu,83,0.8606706857681274,0.650201678276062,0.21046900376677513,
0,260816,matched,MATCHED_Rayleigh,RNND_Zhu,84,0.9840489476919174,0.7708046734333038,0.21324429288506508,
0,260816,matched,MATCHED_Rayleigh,RNND_Zhu,85,0.9504297524690628,0.7367155849933624,0.21371416747570038,
0,260816,matched,MATCHED_Rayleigh,RNND_Zhu,86,1.1070677042007446,0.8842487931251526,0.22281887382268906,
0,260816,matched,MATCHED_Rayleigh,RNND_Zhu,87,0.9597125053405762,0.7437898963689804,0.21592259034514427,
0,260816,matched,MATCHED_Rayleigh,RNND_Zhu,88,0.9642684012651443,0.7486321032047272,0.21563630551099777,
0,260816,matched,MATCHED_Rayleigh,RNND_Zhu,89,0.9097656905651093,0.6971955597400665,0.21257012337446213,
0,260816,matched,MATCHED_Rayleigh,RNND_Zhu,90,0.9401312172412872,0.7263617366552353,0.21376948803663254,
0,260816,matched,MATCHED_Rayleigh,RNND_Zhu,91,1.074897289276123,0.85520139336586,0.21969590336084366,
0,260816,matched,MATCHED_Rayleigh,RNND_Zhu,92,0.8249032348394394,0.6206499338150024,0.20425330102443695,
0,260816,matched,MATCHED_Rayleigh,RNND_Zhu,93,0.9278022646903992,0.714849591255188,0.21295267343521118,
0,260816,matched,MATCHED_Rayleigh,RNND_Zhu,94,0.8537726998329163,0.6453496962785721,0.20842299982905388,
0,260816,matched,MATCHED_Rayleigh,RNND_Zhu,95,1.0812791287899017,0.8613782972097397,0.21990083903074265,
0,260816,matched,MATCHED_Rayleigh,RNND_Zhu,96,0.8904099315404892,0.6812558770179749,0.20915405079722404,
0,260816,matched,MATCHED_Rayleigh,RNND_Zhu,97,1.0895874202251434,0.8680909276008606,0.22149650752544403,
0,260816,matched,MATCHED_Rayleigh,RNND_Zhu,98,0.993378221988678,0.7760302126407623,0.21734800562262535,
0,260816,matched,MATCHED_Rayleigh,RNND_Zhu,99,0.8800374567508698,0.6708482950925827,0.20918915793299675,
0,260816,matched,MATCHED_Rayleigh,RNND_Zhu,100,0.9250312149524689,0.7074312269687653,0.2176000066101551,
0,260816,matched,MATCHED_Rayleigh,RNND_Zhu,101,0.8133828341960907,0.6097998172044754,0.2035830058157444,
0,260816,matched,MATCHED_Rayleigh,RNND_Zhu,102,1.061555564403534,0.8443634361028671,0.2171921357512474,
0,260816,matched,MATCHED_Rayleigh,RNND_Zhu,103,1.0622166246175766,0.8411062657833099,0.22111034393310547,
0,260816,matched,MATCHED_Rayleigh,RNND_Zhu,104,0.9012315422296524,0.6894401609897614,0.21179137751460075,
0,260816,matched,MATCHED_Rayleigh,RNND_Zhu,105,1.1213508248329163,0.8964651226997375,0.2248857170343399,
0,260816,matched,MATCHED_Rayleigh,RNND_Zhu,106,0.9798102378845215,0.7663543224334717,0.2134559080004692,
0,260816,matched,MATCHED_Rayleigh,RNND_Zhu,107,0.8691241890192032,0.6650540679693222,0.20407010987401009,
0,260816,matched,MATCHED_Rayleigh,RNND_Zhu,108,0.9303160458803177,0.7207379043102264,0.20957811921834946,
0,260816,matched,MATCHED_Rayleigh,RNND_Zhu,109,0.8154741674661636,0.6138389557600021,0.2016352191567421,
0,260816,matched,MATCHED_Rayleigh,RNND_Zhu,110,0.9328978955745697,0.7212477922439575,0.21165011450648308,
0,260816,matched,MATCHED_Rayleigh,RNND_Zhu,111,0.9381218999624252,0.7280285060405731,0.2100933976471424,
0,260816,matched,MATCHED_Rayleigh,RNND_Zhu,112,0.8730331063270569,0.6692162156105042,0.20381690189242363,
0,260816,matched,MATCHED_Rayleigh,RNND_Zhu,113,0.9172373563051224,0.7134673893451691,0.2037699818611145,
0,260816,matched,MATCHED_Rayleigh,RNND_Zhu,114,0.998444139957428,0.7805039137601852,0.21794021874666214,
0,260816,matched,MATCHED_Rayleigh,RNND_Zhu,115,1.0019367635250092,0.785762295126915,0.21617444977164268,
0,260816,matched,MATCHED_Rayleigh,RNND_Zhu,116,0.9147992134094238,0.7018304169178009,0.21296880766749382,
0,260816,matched,MATCHED_Rayleigh,RNND_Zhu,117,1.0486564487218857,0.8285104185342789,0.2201460339128971,
0,260816,matched,MATCHED_Rayleigh,RNND_Zhu,118,0.9462304562330246,0.7353475391864777,0.21088290959596634,
0,260816,matched,MATCHED_Rayleigh,RNND_Zhu,119,1.039685234427452,0.8114201724529266,0.22826505079865456,
0,260816,matched,MATCHED_Rayleigh,RNND_Zhu,120,1.0236964523792267,0.8100596964359283,0.21363676339387894,
0,260816,matched,MATCHED_Rayleigh,RNND_Zhu,121,0.923271507024765,0.7061409205198288,0.217130608856678,
0,260816,matched,MATCHED_Rayleigh,RNND_Zhu,122,0.9482298493385315,0.7340906709432602,0.2141392044723034,
0,260816,matched,MATCHED_Rayleigh,RNND_Zhu,123,1.0187591463327408,0.7954389005899429,0.22332026064395905,
0,260816,matched,MATCHED_Rayleigh,RNND_Zhu,124,1.0482260882854462,0.829234391450882,0.2189916893839836,
0,260816,matched,MATCHED_Rayleigh,RNND_Zhu,125,0.9044181704521179,0.6950867772102356,0.20933137089014053,
0,260816,matched,MATCHED_Rayleigh,RNND_Zhu,126,0.8671605288982391,0.6634656935930252,0.20369482785463333,
0,260816,matched,MATCHED_Rayleigh,RNND_Zhu,127,0.9423670917749405,0.7328261435031891,0.2095409482717514,
0,260816,matched,MATCHED_Rayleigh,RNND_Zhu,128,0.944860190153122,0.7358761578798294,0.20898404717445374,
0,260816,matched,MATCHED_Rayleigh,RNND_Zhu,129,0.8516031354665756,0.6490511149168015,0.20255202800035477,
0,260816,matched,MATCHED_Rayleigh,RNND_Zhu,130,0.861220046877861,0.660293459892273,0.20092659071087837,
0,260816,matched,MATCHED_Rayleigh,RNND_Zhu,131,0.8457336127758026,0.6441506147384644,0.20158299803733826,
0,260816,matched,MATCHED_Rayleigh,RNND_Zhu,132,0.9204332381486893,0.7119294106960297,0.2085038237273693,
0,260816,matched,MATCHED_Rayleigh,RNND_Zhu,133,0.8534023016691208,0.6555467993021011,0.19785551726818085,
0,260816,matched,MATCHED_Rayleigh,RNND_Zhu,134,0.7656546831130981,0.5718108713626862,0.193843811750412,
0,260816,matched,MATCHED_Rayleigh,RNND_Zhu,135,1.0603095591068268,0.8397257477045059,0.22058381512761116,
0,260816,matched,MATCHED_Rayleigh,RNND_Zhu,136,0.7818149328231812,0.5860104560852051,0.19580448046326637,
0,260816,matched,MATCHED_Rayleigh,RNND_Zhu,137,1.0038522779941559,0.7933847010135651,0.21046755835413933,
0,260816,matched,MATCHED_Rayleigh,RNND_Zhu,138,0.9831390380859375,0.7693408876657486,0.21379812434315681,
0,260816,matched,MATCHED_Rayleigh,RNND_Zhu,139,0.8858879208564758,0.6771167814731598,0.20877115800976753,
0,260816,matched,MATCHED_Rayleigh,RNND_Zhu,140,0.9665414839982986,0.7543779909610748,0.21216347068548203,
0,260816,matched,MATCHED_Rayleigh,RNND_Zhu,141,0.9457976669073105,0.7381098568439484,0.20768779516220093,
0,260816,matched,MATCHED_Rayleigh,RNND_Zhu,142,0.9819978773593903,0.7635351717472076,0.2184627205133438,
0,260816,matched,MATCHED_Rayleigh,RNND_Zhu,143,1.0016510784626007,0.786417156457901,0.2152339145541191,
0,260816,matched,MATCHED_Rayleigh,RNND_Zhu,144,0.8877788633108139,0.6801042854785919,0.2076745554804802,
0,260816,matched,MATCHED_Rayleigh,RNND_Zhu,145,0.9549862146377563,0.7405500411987305,0.21443616971373558,
0,260816,matched,MATCHED_Rayleigh,RNND_Zhu,146,0.877166360616684,0.6721424460411072,0.20502392202615738,
0,260816,matched,MATCHED_Rayleigh,RNND_Zhu,147,0.9095189422369003,0.7056260108947754,0.20389293506741524,
0,260816,matched,MATCHED_Rayleigh,RNND_Zhu,148,0.8317614495754242,0.6314873844385147,0.20027407631278038,
0,260816,matched,MATCHED_Rayleigh,RNND_Zhu,149,1.009268194437027,0.7949329763650894,0.21433521434664726,
0,260816,matched,MATCHED_Rayleigh,RNND_Zhu,150,0.8913538902997971,0.6850775927305222,0.2062762938439846,
0,260816,matched,MATCHED_Rayleigh,RNND_Zhu,151,0.789562314748764,0.5973313003778458,0.19223101809620857,
0,260816,matched,MATCHED_Rayleigh,RNND_Zhu,152,0.9564893990755081,0.7425904870033264,0.2138989232480526,
0,260816,matched,MATCHED_Rayleigh,RNND_Zhu,153,0.8597183078527451,0.6628630608320236,0.19685526192188263,
0,260816,matched,MATCHED_Rayleigh,RNND_Zhu,154,0.844738095998764,0.6458379477262497,0.19890016689896584,
0,260816,matched,MATCHED_Rayleigh,RNND_Zhu,155,0.9809087961912155,0.7736808061599731,0.20722797885537148,
0,260816,matched,MATCHED_Rayleigh,RNND_Zhu,156,0.8367226421833038,0.6408827602863312,0.19583987817168236,
0,260816,matched,MATCHED_Rayleigh,RNND_Zhu,157,0.9508543759584427,0.7405113503336906,0.21034302935004234,
0,260816,matched,MATCHED_Rayleigh,RNND_Zhu,158,0.8064533174037933,0.6135175675153732,0.1929357498884201,
0,260816,matched,MATCHED_Rayleigh,RNND_Zhu,159,0.8563903719186783,0.6606364250183105,0.19575397297739983,
0,260816,matched,MATCHED_Rayleigh,RNND_Zhu,160,0.9917652457952499,0.7754776626825333,0.21628759801387787,
0,260816,matched,MATCHED_Rayleigh,RNND_Zhu,161,0.8786025047302246,0.6812459975481033,0.19735649600625038,
0,260816,matched,MATCHED_Rayleigh,RNND_Zhu,162,0.9286330342292786,0.7236471027135849,0.20498595386743546,
0,260816,matched,MATCHED_Rayleigh,RNND_Zhu,163,1.0130204856395721,0.7969645857810974,0.21605592593550682,
0,260816,matched,MATCHED_Rayleigh,RNND_Zhu,164,0.7979375869035721,0.6042172610759735,0.19372033327817917,
0,260816,matched,MATCHED_Rayleigh,RNND_Zhu,165,0.8074088990688324,0.6203054785728455,0.18710343539714813,
0,260816,matched,MATCHED_Rayleigh,RNND_Zhu,166,0.8779228180646896,0.6751124262809753,0.2028103806078434,
0,260816,matched,MATCHED_Rayleigh,RNND_Zhu,167,0.8745803833007812,0.6724186688661575,0.2021617293357849,
0,260816,matched,MATCHED_Rayleigh,RNND_Zhu,168,0.8676621466875076,0.6680513918399811,0.19961076974868774,
0,260816,matched,MATCHED_Rayleigh,RNND_Zhu,169,0.9252317845821381,0.7182268053293228,0.20700497180223465,
0,260816,matched,MATCHED_Rayleigh,RNND_Zhu,170,0.9280376434326172,0.7251771539449692,0.2028605006635189,
0,260816,matched,MATCHED_Rayleigh,RNND_Zhu,171,0.9881034791469574,0.7801531851291656,0.20795031636953354,
0,260816,matched,MATCHED_Rayleigh,RNND_Zhu,172,0.8096283972263336,0.6191379278898239,0.1904904805123806,
0,260816,matched,MATCHED_Rayleigh,RNND_Zhu,173,0.8171933740377426,0.6193162649869919,0.19787709042429924,
0,260816,matched,MATCHED_Rayleigh,RNND_Zhu,174,0.8331046402454376,0.6403902173042297,0.1927144154906273,
0,260816,matched,MATCHED_Rayleigh,RNND_Zhu,175,0.8928659707307816,0.693156436085701,0.19970956444740295,
0,260816,matched,MATCHED_Rayleigh,RNND_Zhu,176,0.9576700776815414,0.7555808052420616,0.20208928734064102,
0,260816,matched,MATCHED_Rayleigh,RNND_Zhu,177,0.9032352715730667,0.6973684877157211,0.20586678013205528,
0,260816,matched,MATCHED_Rayleigh,RNND_Zhu,178,0.9540975689888,0.7449143081903458,0.20918326824903488,
0,260816,matched,MATCHED_Rayleigh,RNND_Zhu,179,0.8880524784326553,0.6921046227216721,0.19594784826040268,
0,260816,matched,MATCHED_Rayleigh,RNND_Zhu,180,0.8947375416755676,0.6979450434446335,0.19679250568151474,
0,260816,matched,MATCHED_Rayleigh,RNND_Zhu,181,0.9705880135297775,0.7625530511140823,0.208034947514534,
0,260816,matched,MATCHED_Rayleigh,RNND_Zhu,182,0.9720753580331802,0.7619573920965195,0.21011797711253166,
0,260816,matched,MATCHED_Rayleigh,RNND_Zhu,183,0.8618822693824768,0.6661636084318161,0.1957186460494995,
0,260816,matched,MATCHED_Rayleigh,RNND_Zhu,184,0.8860659152269363,0.6871505528688431,0.19891535118222237,
0,260816,matched,MATCHED_Rayleigh,RNND_Zhu,185,0.8804804235696793,0.6869203299283981,0.19356007501482964,
0,260816,matched,MATCHED_Rayleigh,RNND_Zhu,186,0.9207990616559982,0.7177714854478836,0.20302756503224373,
0,260816,matched,MATCHED_Rayleigh,RNND_Zhu,187,0.9340412616729736,0.7318128198385239,0.20222845673561096,
0,260816,matched,MATCHED_Rayleigh,RNND_Zhu,188,0.8661042600870132,0.6682918816804886,0.19781236350536346,
0,260816,matched,MATCHED_Rayleigh,RNND_Zhu,189,0.7715855687856674,0.5863063037395477,0.1852792464196682,
0,260816,matched,MATCHED_Rayleigh,RNND_Zhu,190,0.8599202781915665,0.6672964096069336,0.19262386858463287,
0,260816,matched,MATCHED_Rayleigh,RNND_Zhu,191,0.877668559551239,0.6781051605939865,0.1995634138584137,
0,260816,matched,MATCHED_Rayleigh,RNND_Zhu,192,0.898977518081665,0.6998365521430969,0.199140977114439,
0,260816,matched,MATCHED_Rayleigh,RNND_Zhu,193,0.87018021941185,0.6761718094348907,0.19400841742753983,
0,260816,matched,MATCHED_Rayleigh,RNND_Zhu,194,0.8039173781871796,0.613917201757431,0.19000017642974854,
0,260816,matched,MATCHED_Rayleigh,RNND_Zhu,195,0.7312746047973633,0.5552023500204086,0.17607226595282555,
0,260816,matched,MATCHED_Rayleigh,RNND_Zhu,196,0.9093772172927856,0.7102944701910019,0.19908272847533226,
0,260816,matched,MATCHED_Rayleigh,RNND_Zhu,197,0.8530147820711136,0.6583242118358612,0.19469056650996208,
0,260816,matched,MATCHED_Rayleigh,RNND_Zhu,198,1.004766196012497,0.7926272749900818,0.21213894709944725,
0,260816,matched,MATCHED_Rayleigh,RNND_Zhu,199,0.8671752214431763,0.6726553365588188,0.19451986998319626,
0,260816,matched,MATCHED_Rayleigh,RNND_Zhu,200,0.844801053404808,0.6556355506181717,0.18916551396250725,-0.4741042473963656
0,260816,matched,MATCHED_Rayleigh,RNND_Zhu,201,0.8648114800453186,0.6769115924835205,0.1878998875617981,
0,260816,matched,MATCHED_Rayleigh,RNND_Zhu,202,0.8761651366949081,0.6781299114227295,0.19803523272275925,
0,260816,matched,MATCHED_Rayleigh,RNND_Zhu,203,0.8608763068914413,0.660703644156456,0.20017265155911446,
0,260816,matched,MATCHED_Rayleigh,RNND_Zhu,204,0.8294768929481506,0.6425776109099388,0.18689928203821182,
0,260816,matched,MATCHED_Rayleigh,RNND_Zhu,205,0.9741910994052887,0.7662981003522873,0.2078929916024208,
0,260816,matched,MATCHED_Rayleigh,RNND_Zhu,206,0.962888777256012,0.7607048451900482,0.20218391343951225,
0,260816,matched,MATCHED_Rayleigh,RNND_Zhu,207,0.9151702523231506,0.7143402993679047,0.20082994550466537,
0,260816,matched,MATCHED_Rayleigh,RNND_Zhu,208,0.95028455555439,0.7490143179893494,0.2012702338397503,
0,260816,matched,MATCHED_Rayleigh,RNND_Zhu,209,0.8482305258512497,0.6535015404224396,0.19472899287939072,
0,260816,matched,MATCHED_Rayleigh,RNND_Zhu,210,0.9046642929315567,0.70765720307827,0.19700707122683525,
0,260816,matched,MATCHED_Rayleigh,RNND_Zhu,211,0.8616761267185211,0.664050742983818,0.19762539863586426,
0,260816,matched,MATCHED_Rayleigh,RNND_Zhu,212,0.963196873664856,0.7601117342710495,0.20308515056967735,
0,260816,matched,MATCHED_Rayleigh,RNND_Zhu,213,0.8685113489627838,0.6722047626972198,0.19630658999085426,
0,260816,matched,MATCHED_Rayleigh,RNND_Zhu,214,0.9289093911647797,0.7238167524337769,0.2050926424562931,
0,260816,matched,MATCHED_Rayleigh,RNND_Zhu,215,0.7861517518758774,0.6014334708452225,0.1847183033823967,
0,260816,matched,MATCHED_Rayleigh,RNND_Zhu,216,0.9392120242118835,0.7290634959936142,0.21014855057001114,
0,260816,matched,MATCHED_Rayleigh,RNND_Zhu,217,0.8651006370782852,0.6720083504915237,0.19309230148792267,
0,260816,matched,MATCHED_Rayleigh,RNND_Zhu,218,0.9321577996015549,0.736067920923233,0.19608986750245094,
0,260816,matched,MATCHED_Rayleigh,RNND_Zhu,219,0.8629517704248428,0.6693408042192459,0.19361096248030663,
0,260816,matched,MATCHED_Rayleigh,RNND_Zhu,220,0.8419189900159836,0.6516312658786774,0.1902877390384674,
0,260816,matched,MATCHED_Rayleigh,RNND_Zhu,221,0.8703854978084564,0.6732452809810638,0.19714022055268288,
0,260816,matched,MATCHED_Rayleigh,RNND_Zhu,222,0.811486005783081,0.6279201805591583,0.18356582894921303,
0,260816,matched,MATCHED_Rayleigh,RNND_Zhu,223,0.7657408714294434,0.5826016515493393,0.18313922360539436,
0,260816,matched,MATCHED_Rayleigh,RNND_Zhu,224,0.8731518685817719,0.6776613295078278,0.1954905427992344,
0,260816,matched,MATCHED_Rayleigh,RNND_Zhu,225,0.8058989346027374,0.621921956539154,0.18397699296474457,
0,260816,matched,MATCHED_Rayleigh,RNND_Zhu,226,0.7601523697376251,0.5810413658618927,0.17911101877689362,
0,260816,matched,MATCHED_Rayleigh,RNND_Zhu,227,0.8335835933685303,0.6426205933094025,0.1909630112349987,
0,260816,matched,MATCHED_Rayleigh,RNND_Zhu,228,0.8658014684915543,0.6672804653644562,0.1985209919512272,
0,260816,matched,MATCHED_Rayleigh,RNND_Zhu,229,0.836239829659462,0.6515507474541664,0.18468907475471497,
0,260816,matched,MATCHED_Rayleigh,RNND_Zhu,230,0.7196566313505173,0.5498440861701965,0.16981256008148193,
0,260816,matched,MATCHED_Rayleigh,RNND_Zhu,231,0.704695075750351,0.5370312184095383,0.1676638461649418,
0,260816,matched,MATCHED_Rayleigh,RNND_Zhu,232,0.8238836228847504,0.6379998624324799,0.1858837828040123,
0,260816,matched,MATCHED_Rayleigh,RNND_Zhu,233,0.8416326344013214,0.6561412215232849,0.1854914128780365,
0,260816,matched,MATCHED_Rayleigh,RNND_Zhu,234,0.7942966371774673,0.6126734018325806,0.18162322416901588,
0,260816,matched,MATCHED_Rayleigh,RNND_Zhu,235,0.8650616258382797,0.6795831769704819,0.18547844514250755,
0,260816,matched,MATCHED_Rayleigh,RNND_Zhu,236,0.8330723792314529,0.6506567373871803,0.18241562694311142,
0,260816,matched,MATCHED_Rayleigh,RNND_Zhu,237,0.8761675804853439,0.6875494569540024,0.18861812353134155,
0,260816,matched,MATCHED_Rayleigh,RNND_Zhu,238,0.9295167922973633,0.7266224026679993,0.2028943933546543,
0,260816,matched,MATCHED_Rayleigh,RNND_Zhu,239,0.7930614650249481,0.6124051213264465,0.18065635114908218,
0,260816,matched,MATCHED_Rayleigh,RNND_Zhu,240,0.8984920233488083,0.7045769393444061,0.19391509145498276,
0,260816,matched,MATCHED_Rayleigh,RNND_Zhu,241,0.7576898485422134,0.5788546502590179,0.1788352020084858,
0,260816,matched,MATCHED_Rayleigh,RNND_Zhu,242,0.7542270720005035,0.5829412639141083,0.17128578945994377,
0,260816,matched,MATCHED_Rayleigh,RNND_Zhu,243,0.8944333493709564,0.7017278671264648,0.19270548969507217,
0,260816,matched,MATCHED_Rayleigh,RNND_Zhu,244,0.8664114028215408,0.6729900240898132,0.1934213861823082,
0,260816,matched,MATCHED_Rayleigh,RNND_Zhu,245,0.8817824870347977,0.6799439340829849,0.20183854922652245,
0,260816,matched,MATCHED_Rayleigh,RNND_Zhu,246,0.7419739365577698,0.5729905217885971,0.16898339241743088,
0,260816,matched,MATCHED_Rayleigh,RNND_Zhu,247,0.8753087073564529,0.6751639395952225,0.20014476776123047,
0,260816,matched,MATCHED_Rayleigh,RNND_Zhu,248,0.9508621245622635,0.7445375174283981,0.20632460713386536,
0,260816,matched,MATCHED_Rayleigh,RNND_Zhu,249,0.9180355370044708,0.7190490365028381,0.1989864967763424,
0,260816,matched,MATCHED_Rayleigh,RNND_Zhu,250,0.7902534902095795,0.6077244430780411,0.1825290471315384,
0,260816,matched,MATCHED_Rayleigh,RNND_Zhu,251,0.905459851026535,0.7077192217111588,0.19774062931537628,
0,260816,matched,MATCHED_Rayleigh,RNND_Zhu,252,0.9383920133113861,0.7321981340646744,0.20619389414787292,
0,260816,matched,MATCHED_Rayleigh,RNND_Zhu,253,0.7941084802150726,0.6104415357112885,0.18366694450378418,
0,260816,matched,MATCHED_Rayleigh,RNND_Zhu,254,0.9184870421886444,0.7209781259298325,0.19750893488526344,
0,260816,matched,MATCHED_Rayleigh,RNND_Zhu,255,0.7879174947738647,0.6046650260686874,0.183252464979887,
0,260816,matched,MATCHED_Rayleigh,RNND_Zhu,256,0.8352249711751938,0.649306058883667,0.185918927192688,
0,260816,matched,MATCHED_Rayleigh,RNND_Zhu,257,0.8899255990982056,0.6936194151639938,0.19630618020892143,
0,260816,matched,MATCHED_Rayleigh,RNND_Zhu,258,0.8641390353441238,0.670543983578682,0.1935950443148613,
0,260816,matched,MATCHED_Rayleigh,RNND_Zhu,259,0.8133420646190643,0.6287117749452591,0.18463028222322464,
0,260816,matched,MATCHED_Rayleigh,RNND_Zhu,260,0.7814687937498093,0.6065816283226013,0.17488715425133705,
0,260816,matched,MATCHED_Rayleigh,RNND_Zhu,261,0.7830162346363068,0.6114339530467987,0.17158227413892746,
0,260816,matched,MATCHED_Rayleigh,RNND_Zhu,262,0.784052699804306,0.6063780561089516,0.17767465114593506,
0,260816,matched,MATCHED_Rayleigh,RNND_Zhu,263,0.8631291538476944,0.6772601902484894,0.18586895987391472,
0,260816,matched,MATCHED_Rayleigh,RNND_Zhu,264,0.7859353870153427,0.5957828164100647,0.1901525817811489,
0,260816,matched,MATCHED_Rayleigh,RNND_Zhu,265,0.8223020434379578,0.6453467160463333,0.17695532739162445,
0,260816,matched,MATCHED_Rayleigh,RNND_Zhu,266,0.8586959838867188,0.6745191663503647,0.18417682498693466,
0,260816,matched,MATCHED_Rayleigh,RNND_Zhu,267,0.9823423773050308,0.7797576636075974,0.20258473977446556,
0,260816,matched,MATCHED_Rayleigh,RNND_Zhu,268,0.7941267341375351,0.6209068223834038,0.17321990430355072,
0,260816,matched,MATCHED_Rayleigh,RNND_Zhu,269,0.7157200425863266,0.5463023632764816,0.16941768303513527,
0,260816,matched,MATCHED_Rayleigh,RNND_Zhu,270,0.8432659208774567,0.6517904847860336,0.19147543981671333,
0,260816,matched,MATCHED_Rayleigh,RNND_Zhu,271,0.8068228662014008,0.6299025490880013,0.1769203320145607,
0,260816,matched,MATCHED_Rayleigh,RNND_Zhu,272,0.814499631524086,0.6240036934614182,0.19049593806266785,
0,260816,matched,MATCHED_Rayleigh,RNND_Zhu,273,0.8299572914838791,0.6529151946306229,0.17704208940267563,
0,260816,matched,MATCHED_Rayleigh,RNND_Zhu,274,0.7529523372650146,0.5817050039768219,0.17124733328819275,
0,260816,matched,MATCHED_Rayleigh,RNND_Zhu,275,0.8599019795656204,0.6682633310556412,0.19163866341114044,
0,260816,matched,MATCHED_Rayleigh,RNND_Zhu,276,0.9099446833133698,0.706917405128479,0.20302727073431015,
0,260816,matched,MATCHED_Rayleigh,RNND_Zhu,277,0.8430898487567902,0.6559828668832779,0.18710697814822197,
0,260816,matched,MATCHED_Rayleigh,RNND_Zhu,278,0.8177550584077835,0.6325956881046295,0.1851593479514122,
0,260816,matched,MATCHED_Rayleigh,RNND_Zhu,279,0.9221978485584259,0.71908800303936,0.20310983434319496,
0,260816,matched,MATCHED_Rayleigh,RNND_Zhu,280,0.7130525410175323,0.5474914163351059,0.16556111723184586,
0,260816,matched,MATCHED_Rayleigh,RNND_Zhu,281,0.9406221807003021,0.7412496358156204,0.199372548609972,
0,260816,matched,MATCHED_Rayleigh,RNND_Zhu,282,0.7699411809444427,0.5879958420991898,0.1819453202188015,
0,260816,matched,MATCHED_Rayleigh,RNND_Zhu,283,0.8497570902109146,0.6552647352218628,0.19449235126376152,
0,260816,matched,MATCHED_Rayleigh,RNND_Zhu,284,0.8239753395318985,0.636254757642746,0.18772057816386223,
0,260816,matched,MATCHED_Rayleigh,RNND_Zhu,285,0.8845343142747879,0.687632143497467,0.19690216705203056,
0,260816,matched,MATCHED_Rayleigh,RNND_Zhu,286,0.8747476190328598,0.6840927451848984,0.19065488502383232,
0,260816,matched,MATCHED_Rayleigh,RNND_Zhu,287,0.8584375828504562,0.6651097908616066,0.19332779198884964,
0,260816,matched,MATCHED_Rayleigh,RNND_Zhu,288,0.8135935813188553,0.6326727420091629,0.18092084303498268,
0,260816,matched,MATCHED_Rayleigh,RNND_Zhu,289,0.7895668894052505,0.6068558692932129,0.18271102383732796,
0,260816,matched,MATCHED_Rayleigh,RNND_Zhu,290,0.8150440752506256,0.6304993033409119,0.18454477190971375,
0,260816,matched,MATCHED_Rayleigh,RNND_Zhu,291,0.8807650506496429,0.6906479150056839,0.19011714681982994,
0,260816,matched,MATCHED_Rayleigh,RNND_Zhu,292,0.8691422939300537,0.6770637929439545,0.19207851216197014,
0,260816,matched,MATCHED_Rayleigh,RNND_Zhu,293,0.815336287021637,0.6322886943817139,0.1830476000905037,
0,260816,matched,MATCHED_Rayleigh,RNND_Zhu,294,0.8978810012340546,0.7053299248218536,0.19255108758807182,
0,260816,matched,MATCHED_Rayleigh,RNND_Zhu,295,0.7698720544576645,0.6016722470521927,0.1681997962296009,
0,260816,matched,MATCHED_Rayleigh,RNND_Zhu,296,0.7427016496658325,0.5657995790243149,0.17690205574035645,
0,260816,matched,MATCHED_Rayleigh,RNND_Zhu,297,0.7964145690202713,0.6144863367080688,0.18192822113633156,
0,260816,matched,MATCHED_Rayleigh,RNND_Zhu,298,0.8458788841962814,0.6656641960144043,0.18021471053361893,
0,260816,matched,MATCHED_Rayleigh,RNND_Zhu,299,0.8719379901885986,0.6825846433639526,0.1893533393740654,
0,260816,matched,MATCHED_Rayleigh,RNND_Zhu,300,0.9090242832899094,0.710638165473938,0.19838613644242287,
0,260816,matched,MATCHED_Rayleigh,RNND_Zhu,301,0.8043001145124435,0.618424765765667,0.18587533757090569,
0,260816,matched,MATCHED_Rayleigh,RNND_Zhu,302,0.8700962662696838,0.6774379909038544,0.19265825301408768,
0,260816,matched,MATCHED_Rayleigh,RNND_Zhu,303,0.7931415289640427,0.6142981648445129,0.17884336039423943,
0,260816,matched,MATCHED_Rayleigh,RNND_Zhu,304,0.8540870845317841,0.6545535027980804,0.1995335929095745,
0,260816,matched,MATCHED_Rayleigh,RNND_Zhu,305,0.6960560828447342,0.5332882106304169,0.16276787593960762,
0,260816,matched,MATCHED_Rayleigh,RNND_Zhu,306,0.8019383549690247,0.6276727318763733,0.17426561936736107,
0,260816,matched,MATCHED_Rayleigh,RNND_Zhu,307,0.7800548076629639,0.6032886952161789,0.17676609754562378,
0,260816,matched,MATCHED_Rayleigh,RNND_Zhu,308,0.9076263010501862,0.7094712257385254,0.19815508276224136,
0,260816,matched,MATCHED_Rayleigh,RNND_Zhu,309,0.9454981833696365,0.7405511438846588,0.20494704693555832,
0,260816,matched,MATCHED_Rayleigh,RNND_Zhu,310,0.7481531649827957,0.5767059326171875,0.17144723236560822,
0,260816,matched,MATCHED_Rayleigh,RNND_Zhu,311,0.7971363663673401,0.6227169185876846,0.17441946640610695,
0,260816,matched,MATCHED_Rayleigh,RNND_Zhu,312,0.8103998452425003,0.6361203044652939,0.17427955567836761,
0,260816,matched,MATCHED_Rayleigh,RNND_Zhu,313,0.7111492902040482,0.5458759963512421,0.1652732938528061,
0,260816,matched,MATCHED_Rayleigh,RNND_Zhu,314,0.7546326220035553,0.5833407118916512,0.17129190638661385,
0,260816,matched,MATCHED_Rayleigh,RNND_Zhu,315,0.9942491054534912,0.7826216369867325,0.21162748336791992,
0,260816,matched,MATCHED_Rayleigh,RNND_Zhu,316,0.7957358658313751,0.6123648881912231,0.18337098136544228,
0,260816,matched,MATCHED_Rayleigh,RNND_Zhu,317,0.679640531539917,0.515854962170124,0.16378556936979294,
0,260816,matched,MATCHED_Rayleigh,RNND_Zhu,318,0.7430746555328369,0.5757753849029541,0.16729926690459251,
0,260816,matched,MATCHED_Rayleigh,RNND_Zhu,319,0.7583763599395752,0.5864942520856857,0.17188211902976036,
0,260816,matched,MATCHED_Rayleigh,RNND_Zhu,320,0.7467818409204483,0.5757245719432831,0.17105727270245552,
0,260816,matched,MATCHED_Rayleigh,RNND_Zhu,321,0.9469985663890839,0.7383120656013489,0.20868651196360588,
0,260816,matched,MATCHED_Rayleigh,RNND_Zhu,322,0.6804843097925186,0.5239877551794052,0.1564965546131134,
0,260816,matched,MATCHED_Rayleigh,RNND_Zhu,323,0.8010816425085068,0.627156674861908,0.17392495647072792,
0,260816,matched,MATCHED_Rayleigh,RNND_Zhu,324,0.8623012900352478,0.6781790554523468,0.184122234582901,
0,260816,matched,MATCHED_Rayleigh,RNND_Zhu,325,0.7713493257761002,0.6028488576412201,0.16850046813488007,
0,260816,matched,MATCHED_Rayleigh,RNND_Zhu,326,0.7767486423254013,0.5967494547367096,0.17999917268753052,
0,260816,matched,MATCHED_Rayleigh,RNND_Zhu,327,0.9390513151884079,0.738492488861084,0.200558852404356,
0,260816,matched,MATCHED_Rayleigh,RNND_Zhu,328,0.8270303606987,0.6350253522396088,0.1920050084590912,
0,260816,matched,MATCHED_Rayleigh,RNND_Zhu,329,0.7676546275615692,0.5983772277832031,0.1692773923277855,
0,260816,matched,MATCHED_Rayleigh,RNND_Zhu,330,0.7602959275245667,0.5878858417272568,0.17241009697318077,
0,260816,matched,MATCHED_Rayleigh,RNND_Zhu,331,0.7984425276517868,0.6174179315567017,0.18102458864450455,
0,260816,matched,MATCHED_Rayleigh,RNND_Zhu,332,0.8489667177200317,0.6665028780698776,0.1824638620018959,
0,260816,matched,MATCHED_Rayleigh,RNND_Zhu,333,0.7834325283765793,0.6079397350549698,0.1754927933216095,
0,260816,matched,MATCHED_Rayleigh,RNND_Zhu,334,0.7843821048736572,0.6091654151678085,0.1752166859805584,
0,260816,matched,MATCHED_Rayleigh,RNND_Zhu,335,0.7643296718597412,0.5930420011281967,0.1712876744568348,
0,260816,matched,MATCHED_Rayleigh,RNND_Zhu,336,0.8399564325809479,0.6480559706687927,0.19190044701099396,
0,260816,matched,MATCHED_Rayleigh,RNND_Zhu,337,0.8376628309488297,0.6464120298624039,0.19125079736113548,
0,260816,matched,MATCHED_Rayleigh,RNND_Zhu,338,0.8612694442272186,0.6675161868333817,0.19375325366854668,
0,260816,matched,MATCHED_Rayleigh,RNND_Zhu,339,0.7851513624191284,0.6032916009426117,0.18185977637767792,
0,260816,matched,MATCHED_Rayleigh,RNND_Zhu,340,0.7489327639341354,0.5767787843942642,0.1721539944410324,
0,260816,matched,MATCHED_Rayleigh,RNND_Zhu,341,0.7713441401720047,0.5976480543613434,0.1736960932612419,
0,260816,matched,MATCHED_Rayleigh,RNND_Zhu,342,0.6580138653516769,0.5026291608810425,0.15538471192121506,
0,260816,matched,MATCHED_Rayleigh,RNND_Zhu,343,0.8354117572307587,0.6519376933574677,0.18347403779625893,
0,260816,matched,MATCHED_Rayleigh,RNND_Zhu,344,0.6755072921514511,0.5176001042127609,0.15790719911456108,
0,260816,matched,MATCHED_Rayleigh,RNND_Zhu,345,0.7859213203191757,0.6158170700073242,0.1701042503118515,
0,260816,matched,MATCHED_Rayleigh,RNND_Zhu,346,0.7570153474807739,0.5841722637414932,0.1728430949151516,
0,260816,matched,MATCHED_Rayleigh,RNND_Zhu,347,0.7881450951099396,0.6074793636798859,0.1806657463312149,
0,260816,matched,MATCHED_Rayleigh,RNND_Zhu,348,0.8224011063575745,0.6373097598552704,0.18509135022759438,
0,260816,matched,MATCHED_Rayleigh,RNND_Zhu,349,0.9481042772531509,0.7471691370010376,0.20093515142798424,
0,260816,matched,MATCHED_Rayleigh,RNND_Zhu,350,0.9497303068637848,0.7496174275875092,0.20011289417743683,
0,260816,matched,MATCHED_Rayleigh,RNND_Zhu,351,0.6751961261034012,0.5142887458205223,0.16090738773345947,
0,260816,matched,MATCHED_Rayleigh,RNND_Zhu,352,0.7384806871414185,0.5702911242842674,0.16818956285715103,
0,260816,matched,MATCHED_Rayleigh,RNND_Zhu,353,0.7495213747024536,0.5835764855146408,0.1659448742866516,
0,260816,matched,MATCHED_Rayleigh,RNND_Zhu,354,0.8144364953041077,0.6291454434394836,0.18529104813933372,
0,260816,matched,MATCHED_Rayleigh,RNND_Zhu,355,0.6735710501670837,0.5159775391221046,0.1575935147702694,
0,260816,matched,MATCHED_Rayleigh,RNND_Zhu,356,0.8807660937309265,0.6888874769210815,0.19187862426042557,
0,260816,matched,MATCHED_Rayleigh,RNND_Zhu,357,0.7986690849065781,0.6165048629045486,0.18216422200202942,
0,260816,matched,MATCHED_Rayleigh,RNND_Zhu,358,0.6992373466491699,0.5358329266309738,0.1634044051170349,
0,260816,matched,MATCHED_Rayleigh,RNND_Zhu,359,0.658419206738472,0.4960666373372078,0.1623525656759739,
0,260816,matched,MATCHED_Rayleigh,RNND_Zhu,360,0.8191804587841034,0.63858662545681,0.1805937960743904,
0,260816,matched,MATCHED_Rayleigh,RNND_Zhu,361,0.703557014465332,0.5397842600941658,0.16377275437116623,
0,260816,matched,MATCHED_Rayleigh,RNND_Zhu,362,0.9095395803451538,0.7155913040041924,0.19394828751683235,
0,260816,matched,MATCHED_Rayleigh,RNND_Zhu,363,0.9286738634109497,0.7351315170526505,0.19354233145713806,
0,260816,matched,MATCHED_Rayleigh,RNND_Zhu,364,0.8293381333351135,0.6510306149721146,0.17830752208828926,
0,260816,matched,MATCHED_Rayleigh,RNND_Zhu,365,0.7532006502151489,0.5843143612146378,0.16888627409934998,
0,260816,matched,MATCHED_Rayleigh,RNND_Zhu,366,0.7506530433893204,0.5805938392877579,0.1700592003762722,
0,260816,matched,MATCHED_Rayleigh,RNND_Zhu,367,0.8200480341911316,0.6392000764608383,0.18084796145558357,
0,260816,matched,MATCHED_Rayleigh,RNND_Zhu,368,0.8069924116134644,0.6258814781904221,0.1811109259724617,
0,260816,matched,MATCHED_Rayleigh,RNND_Zhu,369,0.8388171643018723,0.6528496444225311,0.18596751987934113,
0,260816,matched,MATCHED_Rayleigh,RNND_Zhu,370,0.8055394887924194,0.6215914562344551,0.18394802510738373,
0,260816,matched,MATCHED_Rayleigh,RNND_Zhu,371,0.8420927077531815,0.6598006635904312,0.18229204788804054,
0,260816,matched,MATCHED_Rayleigh,RNND_Zhu,372,0.6825554221868515,0.5231264531612396,0.15942898020148277,
0,260816,matched,MATCHED_Rayleigh,RNND_Zhu,373,0.8884642273187637,0.6954009234905243,0.19306331500411034,
0,260816,matched,MATCHED_Rayleigh,RNND_Zhu,374,0.7115758955478668,0.5483284071087837,0.1632474809885025,
0,260816,matched,MATCHED_Rayleigh,RNND_Zhu,375,0.8419514298439026,0.6518459320068359,0.19010548666119576,
0,260816,matched,MATCHED_Rayleigh,RNND_Zhu,376,0.6460478156805038,0.49132778495550156,0.154720026999712,
0,260816,matched,MATCHED_Rayleigh,RNND_Zhu,377,0.9400672614574432,0.740376353263855,0.19969090819358826,
0,260816,matched,MATCHED_Rayleigh,RNND_Zhu,378,0.8684991151094437,0.68386060744524,0.18463848903775215,
0,260816,matched,MATCHED_Rayleigh,RNND_Zhu,379,0.7085010558366776,0.5495145916938782,0.15898646041750908,
0,260816,matched,MATCHED_Rayleigh,RNND_Zhu,380,0.7859973907470703,0.6059582233428955,0.180039182305336,
0,260816,matched,MATCHED_Rayleigh,RNND_Zhu,381,0.7627399116754532,0.5897168517112732,0.17302307859063148,
0,260816,matched,MATCHED_Rayleigh,RNND_Zhu,382,0.8193609863519669,0.6267541944980621,0.19260679557919502,
0,260816,matched,MATCHED_Rayleigh,RNND_Zhu,383,0.753578394651413,0.5853172093629837,0.16826118528842926,
0,260816,matched,MATCHED_Rayleigh,RNND_Zhu,384,0.7353491634130478,0.5644636526703835,0.17088550701737404,
0,260816,matched,MATCHED_Rayleigh,RNND_Zhu,385,0.8785987943410873,0.6845900118350983,0.1940087489783764,
0,260816,matched,MATCHED_Rayleigh,RNND_Zhu,386,0.6651957780122757,0.4970889240503311,0.16810686513781548,
0,260816,matched,MATCHED_Rayleigh,RNND_Zhu,387,0.8081235587596893,0.6347716301679611,0.1733519211411476,
0,260816,matched,MATCHED_Rayleigh,RNND_Zhu,388,0.859631136059761,0.6703193113207817,0.18931183591485023,
0,260816,matched,MATCHED_Rayleigh,RNND_Zhu,389,0.7475423812866211,0.5802102982997894,0.16733208671212196,
0,260816,matched,MATCHED_Rayleigh,RNND_Zhu,390,0.8140129595994949,0.6326434314250946,0.18136953562498093,
0,260816,matched,MATCHED_Rayleigh,RNND_Zhu,391,0.7790428996086121,0.6037797182798386,0.1752631776034832,
0,260816,matched,MATCHED_Rayleigh,RNND_Zhu,392,0.723481073975563,0.5626010149717331,0.16088005527853966,
0,260816,matched,MATCHED_Rayleigh,RNND_Zhu,393,0.884135514497757,0.6893574967980385,0.19477801769971848,
0,260816,matched,MATCHED_Rayleigh,RNND_Zhu,394,0.689438134431839,0.5259017273783684,0.16353639215230942,
0,260816,matched,MATCHED_Rayleigh,RNND_Zhu,395,0.7353088855743408,0.5682289749383926,0.16707991063594818,
0,260816,matched,MATCHED_Rayleigh,RNND_Zhu,396,0.8077448904514313,0.6304048448801041,0.17734003067016602,
0,260816,matched,MATCHED_Rayleigh,RNND_Zhu,397,0.6952621787786484,0.5319198071956635,0.16334236413240433,
0,260816,matched,MATCHED_Rayleigh,RNND_Zhu,398,0.802644893527031,0.6185165643692017,0.18412834033370018,
0,260816,matched,MATCHED_Rayleigh,RNND_Zhu,399,0.7816543579101562,0.6086664795875549,0.1729878894984722,
0,260816,matched,MATCHED_Rayleigh,RNND_Zhu,400,0.7513075619935989,0.5772647559642792,0.17404279857873917,-0.5187875281962522
0,260816,matched,MATCHED_Rayleigh,RNND_Zhu,401,0.7297613322734833,0.5565305948257446,0.17323073744773865,
0,260816,matched,MATCHED_Rayleigh,RNND_Zhu,402,0.7053190171718597,0.5402648746967316,0.16505413129925728,
0,260816,matched,MATCHED_Rayleigh,RNND_Zhu,403,0.6524643301963806,0.4990992993116379,0.15336501970887184,
0,260816,matched,MATCHED_Rayleigh,RNND_Zhu,404,0.7380305528640747,0.5695816725492477,0.16844888404011726,
0,260816,matched,MATCHED_Rayleigh,RNND_Zhu,405,0.8288183212280273,0.6462463289499283,0.18257200345396996,
0,260816,matched,MATCHED_Rayleigh,RNND_Zhu,406,0.8259892165660858,0.6454705744981766,0.18051862716674805,
0,260816,matched,MATCHED_Rayleigh,RNND_Zhu,407,0.859630674123764,0.6638964265584946,0.19573425501585007,
0,260816,matched,MATCHED_Rayleigh,RNND_Zhu,408,0.7621452063322067,0.5895416438579559,0.172603577375412,
0,260816,matched,MATCHED_Rayleigh,RNND_Zhu,409,0.6393488198518753,0.4849066957831383,0.15444212034344673,
0,260816,matched,MATCHED_Rayleigh,RNND_Zhu,410,0.7788912802934647,0.6042188853025436,0.1746724136173725,
0,260816,matched,MATCHED_Rayleigh,RNND_Zhu,411,0.7406222969293594,0.5724473744630814,0.16817493364214897,
0,260816,matched,MATCHED_Rayleigh,RNND_Zhu,412,0.9318582713603973,0.7305221855640411,0.2013360857963562,
0,260816,matched,MATCHED_Rayleigh,RNND_Zhu,413,0.7718735784292221,0.5911746695637703,0.18069890514016151,
0,260816,matched,MATCHED_Rayleigh,RNND_Zhu,414,0.7064486742019653,0.5498719811439514,0.15657667815685272,
0,260816,matched,MATCHED_Rayleigh,RNND_Zhu,415,0.6965401321649551,0.5361273512244225,0.16041280701756477,
0,260816,matched,MATCHED_Rayleigh,RNND_Zhu,416,0.7988449931144714,0.6180639415979385,0.1807810515165329,
0,260816,matched,MATCHED_Rayleigh,RNND_Zhu,417,0.7374513894319534,0.5726603418588638,0.1647910550236702,
0,260816,matched,MATCHED_Rayleigh,RNND_Zhu,418,0.8089242875576019,0.6298506110906601,0.17907367274165154,
0,260816,matched,MATCHED_Rayleigh,RNND_Zhu,419,0.7027435898780823,0.5416344106197357,0.16110918298363686,
0,260816,matched,MATCHED_Rayleigh,RNND_Zhu,420,0.7461269497871399,0.5774850845336914,0.16864187642931938,
0,260816,matched,MATCHED_Rayleigh,RNND_Zhu,421,0.8342086523771286,0.6540859043598175,0.1801227517426014,
0,260816,matched,MATCHED_Rayleigh,RNND_Zhu,422,0.6252981275320053,0.47346600890159607,0.15183213725686073,
0,260816,matched,MATCHED_Rayleigh,RNND_Zhu,423,0.7544639855623245,0.5827624276280403,0.1717015691101551,
0,260816,matched,MATCHED_Rayleigh,RNND_Zhu,424,0.65556301176548,0.5019261389970779,0.1536368653178215,
0,260816,matched,MATCHED_Rayleigh,RNND_Zhu,425,0.718112900853157,0.5545795261859894,0.16353337466716766,
0,260816,matched,MATCHED_Rayleigh,RNND_Zhu,426,0.8875879943370819,0.6946895495057106,0.192898441106081,
0,260816,matched,MATCHED_Rayleigh,RNND_Zhu,427,0.7572002559900284,0.5888593941926956,0.16834085807204247,
0,260816,matched,MATCHED_Rayleigh,RNND_Zhu,428,0.7850660979747772,0.6123415976762772,0.17272450029850006,
0,260816,matched,MATCHED_Rayleigh,RNND_Zhu,429,0.7798992991447449,0.6085558608174324,0.17134345322847366,
0,260816,matched,MATCHED_Rayleigh,RNND_Zhu,430,0.7488585114479065,0.5828366354107857,0.16602185741066933,
0,260816,matched,MATCHED_Rayleigh,RNND_Zhu,431,0.7463621199131012,0.5780392587184906,0.1683228723704815,
0,260816,matched,MATCHED_Rayleigh,RNND_Zhu,432,0.7683950364589691,0.5927832648158073,0.17561176046729088,
0,260816,matched,MATCHED_Rayleigh,RNND_Zhu,433,0.8326512426137924,0.642665445804596,0.18998579308390617,
0,260816,matched,MATCHED_Rayleigh,RNND_Zhu,434,0.8517808020114899,0.6639291271567345,0.1878516748547554,
0,260816,matched,MATCHED_Rayleigh,RNND_Zhu,435,0.7388059049844742,0.5658365115523338,0.17296941205859184,
0,260816,matched,MATCHED_Rayleigh,RNND_Zhu,436,0.7691974192857742,0.5859463810920715,0.1832510530948639,
0,260816,matched,MATCHED_Rayleigh,RNND_Zhu,437,0.8258946388959885,0.6376992017030716,0.18819542229175568,
0,260816,matched,MATCHED_Rayleigh,RNND_Zhu,438,0.6922683566808701,0.5288453102111816,0.16342304274439812,
0,260816,matched,MATCHED_Rayleigh,RNND_Zhu,439,0.785461813211441,0.6103011071681976,0.1751607172191143,
0,260816,matched,MATCHED_Rayleigh,RNND_Zhu,440,0.8003408014774323,0.6173142641782761,0.1830265372991562,
0,260816,matched,MATCHED_Rayleigh,RNND_Zhu,441,0.678313821554184,0.5140898898243904,0.16422392427921295,
0,260816,matched,MATCHED_Rayleigh,RNND_Zhu,442,0.6512128412723541,0.500120036303997,0.1510928012430668,
0,260816,matched,MATCHED_Rayleigh,RNND_Zhu,443,0.8331835269927979,0.6411124765872955,0.19207103922963142,
0,260816,matched,MATCHED_Rayleigh,RNND_Zhu,444,0.7733621150255203,0.5969819724559784,0.17638015002012253,
0,260816,matched,MATCHED_Rayleigh,RNND_Zhu,445,0.8541386872529984,0.6639373451471329,0.19020133838057518,
0,260816,matched,MATCHED_Rayleigh,RNND_Zhu,446,0.693787693977356,0.5311309844255447,0.1626567281782627,
0,260816,matched,MATCHED_Rayleigh,RNND_Zhu,447,0.6594198197126389,0.5043948143720627,0.15502499788999557,
0,260816,matched,MATCHED_Rayleigh,RNND_Zhu,448,0.5771999061107635,0.43912188708782196,0.13807803392410278,
0,260816,matched,MATCHED_Rayleigh,RNND_Zhu,449,0.7109618037939072,0.5490700751543045,0.16189172118902206,
0,260816,matched,MATCHED_Rayleigh,RNND_Zhu,450,0.8187021464109421,0.6325118988752365,0.18619023635983467,
0,260816,matched,MATCHED_Rayleigh,RNND_Zhu,451,0.7378480136394501,0.5687636137008667,0.16908438503742218,
0,260816,matched,MATCHED_Rayleigh,RNND_Zhu,452,0.8626168072223663,0.6651125252246857,0.19750426709651947,
0,260816,matched,MATCHED_Rayleigh,RNND_Zhu,453,0.7419640570878983,0.5702749341726303,0.17168912664055824,
0,260816,matched,MATCHED_Rayleigh,RNND_Zhu,454,0.7245856672525406,0.5606775432825089,0.16390814259648323,
0,260816,matched,MATCHED_Rayleigh,RNND_Zhu,455,0.7944500744342804,0.6132134348154068,0.181236632168293,
0,260816,matched,MATCHED_Rayleigh,RNND_Zhu,456,0.9260649979114532,0.7246929854154587,0.20137199386954308,
0,260816,matched,MATCHED_Rayleigh,RNND_Zhu,457,0.722389280796051,0.5617092847824097,0.16068001091480255,
0,260816,matched,MATCHED_Rayleigh,RNND_Zhu,458,0.7274274826049805,0.5563341602683067,0.17109333351254463,
0,260816,matched,MATCHED_Rayleigh,RNND_Zhu,459,0.6721547693014145,0.5157813429832458,0.15637344494462013,
0,260816,matched,MATCHED_Rayleigh,RNND_Zhu,460,0.7804363369941711,0.6005541831254959,0.17988214641809464,
0,260816,matched,MATCHED_Rayleigh,RNND_Zhu,461,0.7808317393064499,0.600810632109642,0.18002109229564667,
0,260816,matched,MATCHED_Rayleigh,RNND_Zhu,462,0.6306908130645752,0.4835270717740059,0.147163737565279,
0,260816,matched,MATCHED_Rayleigh,RNND_Zhu,463,0.823055773973465,0.6479789465665817,0.17507680505514145,
0,260816,matched,MATCHED_Rayleigh,RNND_Zhu,464,0.8514464944601059,0.6569132804870605,0.19453319907188416,
0,260816,matched,MATCHED_Rayleigh,RNND_Zhu,465,0.706331193447113,0.5423005893826485,0.16403060033917427,
0,260816,matched,MATCHED_Rayleigh,RNND_Zhu,466,0.6907665580511093,0.53213170170784,0.15863484889268875,
0,260816,matched,MATCHED_Rayleigh,RNND_Zhu,467,0.7633171528577805,0.5832855999469757,0.18003154918551445,
0,260816,matched,MATCHED_Rayleigh,RNND_Zhu,468,0.6669175326824188,0.5091181695461273,0.1577993556857109,
0,260816,matched,MATCHED_Rayleigh,RNND_Zhu,469,0.671558752655983,0.5087931454181671,0.16276560723781586,
0,260816,matched,MATCHED_Rayleigh,RNND_Zhu,470,0.6382050812244415,0.4820769280195236,0.1561281681060791,
0,260816,matched,MATCHED_Rayleigh,RNND_Zhu,471,0.7540992200374603,0.5826693475246429,0.17142987251281738,
0,260816,matched,MATCHED_Rayleigh,RNND_Zhu,472,0.605279877781868,0.4587986469268799,0.1464812308549881,
0,260816,matched,MATCHED_Rayleigh,RNND_Zhu,473,0.7339248061180115,0.5568281933665276,0.17709662020206451,
0,260816,matched,MATCHED_Rayleigh,RNND_Zhu,474,0.6783779412508011,0.5167987942695618,0.16157913953065872,
0,260816,matched,MATCHED_Rayleigh,RNND_Zhu,475,0.7507096529006958,0.5744710192084312,0.17623864114284515,
0,260816,matched,MATCHED_Rayleigh,RNND_Zhu,476,0.8392228484153748,0.6565935909748077,0.1826292648911476,
0,260816,matched,MATCHED_Rayleigh,RNND_Zhu,477,0.7110566645860672,0.5443414002656937,0.16671526059508324,
0,260816,matched,MATCHED_Rayleigh,RNND_Zhu,478,0.8087375462055206,0.6326120346784592,0.17612551525235176,
0,260816,matched,MATCHED_Rayleigh,RNND_Zhu,479,0.7677291631698608,0.5885809063911438,0.17914823815226555,
0,260816,matched,MATCHED_Rayleigh,RNND_Zhu,480,0.8334224969148636,0.6526564061641693,0.18076609447598457,
0,260816,matched,MATCHED_Rayleigh,RNND_Zhu,481,0.7769475728273392,0.6030616909265518,0.17388587445020676,
0,260816,matched,MATCHED_Rayleigh,RNND_Zhu,482,0.6773766279220581,0.51894361525774,0.1584330052137375,
0,260816,matched,MATCHED_Rayleigh,RNND_Zhu,483,0.7873451858758926,0.6096863001585007,0.17765889316797256,
0,260816,matched,MATCHED_Rayleigh,RNND_Zhu,484,0.7368786782026291,0.5607726350426674,0.1761060282588005,
0,260816,matched,MATCHED_Rayleigh,RNND_Zhu,485,0.7508422583341599,0.5732439234852791,0.17759834975004196,
0,260816,matched,MATCHED_Rayleigh,RNND_Zhu,486,0.7752342820167542,0.6048485264182091,0.17038575187325478,
0,260816,matched,MATCHED_Rayleigh,RNND_Zhu,487,0.6809997260570526,0.5161809846758842,0.16481874510645866,
0,260816,matched,MATCHED_Rayleigh,RNND_Zhu,488,0.809982568025589,0.6278866827487946,0.18209589645266533,
0,260816,matched,MATCHED_Rayleigh,RNND_Zhu,489,0.679722473025322,0.518307738006115,0.1614147461950779,
0,260816,matched,MATCHED_Rayleigh,RNND_Zhu,490,0.8043136298656464,0.6259251087903976,0.17838851362466812,
0,260816,matched,MATCHED_Rayleigh,RNND_Zhu,491,0.6110931038856506,0.46329720318317413,0.1477958932518959,
0,260816,matched,MATCHED_Rayleigh,RNND_Zhu,492,0.7649983614683151,0.5851973220705986,0.17980104312300682,
0,260816,matched,MATCHED_Rayleigh,RNND_Zhu,493,0.7641314417123795,0.5864314809441566,0.17769994586706161,
0,260816,matched,MATCHED_Rayleigh,RNND_Zhu,494,0.7108565866947174,0.5470987111330032,0.16375786438584328,
0,260816,matched,MATCHED_Rayleigh,RNND_Zhu,495,0.6692933291196823,0.5102351754903793,0.15905816480517387,
0,260816,matched,MATCHED_Rayleigh,RNND_Zhu,496,0.676600992679596,0.512209065258503,0.1643919236958027,
0,260816,matched,MATCHED_Rayleigh,RNND_Zhu,497,0.7719094753265381,0.5922456234693527,0.17966385558247566,
0,260816,matched,MATCHED_Rayleigh,RNND_Zhu,498,0.6266012489795685,0.47835178673267365,0.14824946224689484,
0,260816,matched,MATCHED_Rayleigh,RNND_Zhu,499,0.726742297410965,0.5555510818958282,0.17119120806455612,
0,260816,matched,MATCHED_Rayleigh,RNND_Zhu,500,0.8214104026556015,0.6416858583688736,0.1797245591878891,
0,260816,matched,MATCHED_Rayleigh,RNND_Zhu,501,0.6973133236169815,0.5366686135530472,0.16064471751451492,
0,260816,matched,MATCHED_Rayleigh,RNND_Zhu,502,0.6453444063663483,0.49036403000354767,0.1549803800880909,
0,260816,matched,MATCHED_Rayleigh,RNND_Zhu,503,0.7422274798154831,0.5686337500810623,0.17359371110796928,
0,260816,matched,MATCHED_Rayleigh,RNND_Zhu,504,0.807268500328064,0.6236383467912674,0.18363016843795776,
0,260816,matched,MATCHED_Rayleigh,RNND_Zhu,505,0.8254598081111908,0.6360450834035873,0.18941472843289375,
0,260816,matched,MATCHED_Rayleigh,RNND_Zhu,506,0.6099092662334442,0.45475904643535614,0.15515021607279778,
0,260816,matched,MATCHED_Rayleigh,RNND_Zhu,507,0.7134005129337311,0.5403529107570648,0.17304760590195656,
0,260816,matched,MATCHED_Rayleigh,RNND_Zhu,508,0.8054683804512024,0.6169121116399765,0.18855629488825798,
0,260816,matched,MATCHED_Rayleigh,RNND_Zhu,509,0.7173435091972351,0.5532704070210457,0.16407311707735062,
0,260816,matched,MATCHED_Rayleigh,RNND_Zhu,510,0.6087432205677032,0.45819224417209625,0.1505509689450264,
0,260816,matched,MATCHED_Rayleigh,RNND_Zhu,511,0.7289049029350281,0.5583982840180397,0.17050660774111748,
0,260816,matched,MATCHED_Rayleigh,RNND_Zhu,512,0.7388396859169006,0.5728292763233185,0.16601040586829185,
0,260816,matched,MATCHED_Rayleigh,RNND_Zhu,513,0.8050487786531448,0.6249754577875137,0.1800733208656311,
0,260816,matched,MATCHED_Rayleigh,RNND_Zhu,514,0.665229856967926,0.5120106339454651,0.15321920812129974,
0,260816,matched,MATCHED_Rayleigh,RNND_Zhu,515,0.7658255249261856,0.5933457016944885,0.17247983813285828,
0,260816,matched,MATCHED_Rayleigh,RNND_Zhu,516,0.8330208361148834,0.6483631879091263,0.18465764820575714,
0,260816,matched,MATCHED_Rayleigh,RNND_Zhu,517,0.854114755988121,0.6551827788352966,0.1989319883286953,
0,260816,matched,MATCHED_Rayleigh,RNND_Zhu,518,0.7510019987821579,0.5810334235429764,0.16996856406331062,
0,260816,matched,MATCHED_Rayleigh,RNND_Zhu,519,0.7142446637153625,0.5456917956471443,0.16855287551879883,
0,260816,matched,MATCHED_Rayleigh,RNND_Zhu,520,0.6900745630264282,0.5236279591917992,0.16644661128520966,
0,260816,matched,MATCHED_Rayleigh,RNND_Zhu,521,0.7252009510993958,0.5505268722772598,0.17467409372329712,
0,260816,matched,MATCHED_Rayleigh,RNND_Zhu,522,0.7813978046178818,0.6055346131324768,0.17586320638656616,
0,260816,matched,MATCHED_Rayleigh,RNND_Zhu,523,0.8992156237363815,0.6991265565156937,0.20008907094597816,
0,260816,matched,MATCHED_Rayleigh,RNND_Zhu,524,0.7831829637289047,0.5974854081869125,0.1856975555419922,
0,260816,matched,MATCHED_Rayleigh,RNND_Zhu,525,0.7263981699943542,0.5600693896412849,0.1663287803530693,
0,260816,matched,MATCHED_Rayleigh,RNND_Zhu,526,0.6215491592884064,0.46709591895341873,0.15445324033498764,
0,260816,matched,MATCHED_Rayleigh,RNND_Zhu,527,0.8435832262039185,0.653817668557167,0.1897655725479126,
0,260816,matched,MATCHED_Rayleigh,RNND_Zhu,528,0.6773352026939392,0.5194328054785728,0.15790240466594696,
0,260816,matched,MATCHED_Rayleigh,RNND_Zhu,529,0.8366109132766724,0.6462868303060532,0.1903241015970707,
0,260816,matched,MATCHED_Rayleigh,RNND_Zhu,530,0.6444105803966522,0.4905836284160614,0.15382694825530052,
0,260816,matched,MATCHED_Rayleigh,RNND_Zhu,531,0.6628032773733139,0.5057258456945419,0.15707743540406227,
0,260816,matched,MATCHED_Rayleigh,RNND_Zhu,532,0.7670807987451553,0.5926697924733162,0.17441101744771004,
0,260816,matched,MATCHED_Rayleigh,RNND_Zhu,533,0.636889323592186,0.4782091900706291,0.15868014469742775,
0,260816,matched,MATCHED_Rayleigh,RNND_Zhu,534,0.8200209438800812,0.6327902525663376,0.1872306913137436,
0,260816,matched,MATCHED_Rayleigh,RNND_Zhu,535,0.6525745987892151,0.5002541542053223,0.15232044458389282,
0,260816,matched,MATCHED_Rayleigh,RNND_Zhu,536,0.7872216403484344,0.605090782046318,0.1821308545768261,
0,260816,matched,MATCHED_Rayleigh,RNND_Zhu,537,0.676264613866806,0.5158074796199799,0.16045712865889072,
0,260816,matched,MATCHED_Rayleigh,RNND_Zhu,538,0.7840282768011093,0.6086644381284714,0.17536382004618645,
0,260816,matched,MATCHED_Rayleigh,RNND_Zhu,539,0.7639636546373367,0.5812205746769905,0.182743102312088,
0,260816,matched,MATCHED_Rayleigh,RNND_Zhu,540,0.7710473611950874,0.594669796526432,0.1763775646686554,
0,260816,matched,MATCHED_Rayleigh,RNND_Zhu,541,0.7631269097328186,0.589628204703331,0.1734987050294876,
0,260816,matched,MATCHED_Rayleigh,RNND_Zhu,542,0.781017392873764,0.6032171696424484,0.17780020460486412,
0,260816,matched,MATCHED_Rayleigh,RNND_Zhu,543,0.826800525188446,0.6414829194545746,0.18531760573387146,
0,260816,matched,MATCHED_Rayleigh,RNND_Zhu,544,0.8706708401441574,0.6730999946594238,0.19757086783647537,
0,260816,matched,MATCHED_Rayleigh,RNND_Zhu,545,0.6633746176958084,0.5056225284934044,0.15775207802653313,
0,260816,matched,MATCHED_Rayleigh,RNND_Zhu,546,0.8541967868804932,0.6657464802265167,0.18845030665397644,
0,260816,matched,MATCHED_Rayleigh,RNND_Zhu,547,0.700141966342926,0.538098156452179,0.16204380616545677,
0,260816,matched,MATCHED_Rayleigh,RNND_Zhu,548,0.811324343085289,0.6265137046575546,0.18481065332889557,
0,260816,matched,MATCHED_Rayleigh,RNND_Zhu,549,0.7272076904773712,0.5505680814385414,0.1766396053135395,
0,260816,matched,MATCHED_Rayleigh,RNND_Zhu,550,0.6968772560358047,0.5313319861888885,0.1655452772974968,
0,260816,matched,MATCHED_Rayleigh,RNND_Zhu,551,0.7468830794095993,0.5680143907666206,0.17886868491768837,
0,260816,matched,MATCHED_Rayleigh,RNND_Zhu,552,0.7562799602746964,0.5795844942331314,0.17669546604156494,
0,260816,matched,MATCHED_Rayleigh,RNND_Zhu,553,0.6742745786905289,0.5086637511849403,0.16561083495616913,
0,260816,matched,MATCHED_Rayleigh,RNND_Zhu,554,0.7825583964586258,0.6065697222948074,0.17598867416381836,
0,260816,matched,MATCHED_Rayleigh,RNND_Zhu,555,0.7319038510322571,0.5590501576662064,0.17285370454192162,
0,260816,matched,MATCHED_Rayleigh,RNND_Zhu,556,0.7521453648805618,0.5783943310379982,0.17375103756785393,
0,260816,matched,MATCHED_Rayleigh,RNND_Zhu,557,0.6655156463384628,0.5037910491228104,0.16172459349036217,
0,260816,matched,MATCHED_Rayleigh,RNND_Zhu,558,0.6224424839019775,0.4694531559944153,0.15298933908343315,
0,260816,matched,MATCHED_Rayleigh,RNND_Zhu,559,0.6401396542787552,0.47732578217983246,0.16281387954950333,
0,260816,matched,MATCHED_Rayleigh,RNND_Zhu,560,0.6678323596715927,0.505352571606636,0.16247979179024696,
0,260816,matched,MATCHED_Rayleigh,RNND_Zhu,561,0.6492799073457718,0.48650309443473816,0.16277679800987244,
0,260816,matched,MATCHED_Rayleigh,RNND_Zhu,562,0.7428047508001328,0.5727920159697533,0.17001274228096008,
0,260816,matched,MATCHED_Rayleigh,RNND_Zhu,563,0.7417103201150894,0.565970353782177,0.17573998123407364,
0,260816,matched,MATCHED_Rayleigh,RNND_Zhu,564,0.9187464565038681,0.7189155668020248,0.19983088970184326,
0,260816,matched,MATCHED_Rayleigh,RNND_Zhu,565,0.7089619189500809,0.5433898568153381,0.16557206213474274,
0,260816,matched,MATCHED_Rayleigh,RNND_Zhu,566,0.6694192439317703,0.5044134631752968,0.16500578820705414,
0,260816,matched,MATCHED_Rayleigh,RNND_Zhu,567,0.7319953888654709,0.5559525787830353,0.1760428138077259,
0,260816,matched,MATCHED_Rayleigh,RNND_Zhu,568,0.6055318489670753,0.45171980559825897,0.15381205081939697,
0,260816,matched,MATCHED_Rayleigh,RNND_Zhu,569,0.6633206754922867,0.49825503677129745,0.16506564244627953,
0,260816,matched,MATCHED_Rayleigh,RNND_Zhu,570,0.7290448993444443,0.5562868118286133,0.1727580986917019,
0,260816,matched,MATCHED_Rayleigh,RNND_Zhu,571,0.674611434340477,0.5122618973255157,0.16234954819083214,
0,260816,matched,MATCHED_Rayleigh,RNND_Zhu,572,0.7803488969802856,0.6000813916325569,0.18026749789714813,
0,260816,matched,MATCHED_Rayleigh,RNND_Zhu,573,0.6501442641019821,0.490558423101902,0.1595858410000801,
0,260816,matched,MATCHED_Rayleigh,RNND_Zhu,574,0.7120218276977539,0.5398436039686203,0.1721782125532627,
0,260816,matched,MATCHED_Rayleigh,RNND_Zhu,575,0.8011177033185959,0.613927885890007,0.18718981742858887,
0,260816,matched,MATCHED_Rayleigh,RNND_Zhu,576,0.81867516040802,0.6302846223115921,0.18839054182171822,
0,260816,matched,MATCHED_Rayleigh,RNND_Zhu,577,0.6760043501853943,0.5072331354022026,0.16877120733261108,
0,260816,matched,MATCHED_Rayleigh,RNND_Zhu,578,0.704414501786232,0.5352384522557259,0.16917604580521584,
0,260816,matched,MATCHED_Rayleigh,RNND_Zhu,579,0.750340923666954,0.5796138569712639,0.17072706669569016,
0,260816,matched,MATCHED_Rayleigh,RNND_Zhu,580,0.7235091179609299,0.5470730811357498,0.17643603682518005,
0,260816,matched,MATCHED_Rayleigh,RNND_Zhu,581,0.6752635985612869,0.5139296427369118,0.16133395954966545,
0,260816,matched,MATCHED_Rayleigh,RNND_Zhu,582,0.7132275551557541,0.5424770563840866,0.17075050994753838,
0,260816,matched,MATCHED_Rayleigh,RNND_Zhu,583,0.6748396009206772,0.5126820877194405,0.16215750575065613,
0,260816,matched,MATCHED_Rayleigh,RNND_Zhu,584,0.96524877846241,0.7581765353679657,0.20707222446799278,
0,260816,matched,MATCHED_Rayleigh,RNND_Zhu,585,0.6528002023696899,0.4904558062553406,0.16234440356492996,
0,260816,matched,MATCHED_Rayleigh,RNND_Zhu,586,0.7419195473194122,0.5658659040927887,0.17605364322662354,
0,260816,matched,MATCHED_Rayleigh,RNND_Zhu,587,0.7247082591056824,0.5521697849035263,0.17253847047686577,
0,260816,matched,MATCHED_Rayleigh,RNND_Zhu,588,0.6782223135232925,0.5160643830895424,0.16215790435671806,
0,260816,matched,MATCHED_Rayleigh,RNND_Zhu,589,0.6493005603551865,0.4964638501405716,0.15283670276403427,
0,260816,matched,MATCHED_Rayleigh,RNND_Zhu,590,0.8035552948713303,0.6177770644426346,0.18577823042869568,
0,260816,matched,MATCHED_Rayleigh,RNND_Zhu,591,0.6790291368961334,0.5126651898026466,0.16636395081877708,
0,260816,matched,MATCHED_Rayleigh,RNND_Zhu,592,0.6344532668590546,0.4788195788860321,0.15563368797302246,
0,260816,matched,MATCHED_Rayleigh,RNND_Zhu,593,0.6777278482913971,0.5111950635910034,0.16653278842568398,
0,260816,matched,MATCHED_Rayleigh,RNND_Zhu,594,0.8150964230298996,0.6263076066970825,0.18878881260752678,
0,260816,matched,MATCHED_Rayleigh,RNND_Zhu,595,0.8502774834632874,0.6582797169685364,0.19199776649475098,
0,260816,matched,MATCHED_Rayleigh,RNND_Zhu,596,0.7237806916236877,0.550057590007782,0.17372310534119606,
0,260816,matched,MATCHED_Rayleigh,RNND_Zhu,597,0.740754172205925,0.565096840262413,0.17565732821822166,
0,260816,matched,MATCHED_Rayleigh,RNND_Zhu,598,0.7149576544761658,0.5415863916277885,0.17337126657366753,
0,260816,matched,MATCHED_Rayleigh,RNND_Zhu,599,0.6853892058134079,0.520206481218338,0.16518272832036018,
0,260816,matched,MATCHED_Rayleigh,RNND_Zhu,600,0.8981556594371796,0.702537015080452,0.1956186592578888,-0.5255931109564502
0,260816,matched,MATCHED_Rayleigh,RNND_Zhu,601,0.7498347610235214,0.5760805904865265,0.17375416308641434,
0,260816,matched,MATCHED_Rayleigh,RNND_Zhu,602,0.7557614296674728,0.5776651352643967,0.17809628695249557,
0,260816,matched,MATCHED_Rayleigh,RNND_Zhu,603,0.540866032242775,0.40113402158021927,0.1397320181131363,
0,260816,matched,MATCHED_Rayleigh,RNND_Zhu,604,0.7156772017478943,0.550740972161293,0.16493622586131096,
0,260816,matched,MATCHED_Rayleigh,RNND_Zhu,605,0.7372774928808212,0.5629176124930382,0.17435987293720245,
0,260816,matched,MATCHED_Rayleigh,RNND_Zhu,606,0.684146836400032,0.5122375637292862,0.17190926894545555,
0,260816,matched,MATCHED_Rayleigh,RNND_Zhu,607,0.8034407198429108,0.6203831657767296,0.18305756151676178,
0,260816,matched,MATCHED_Rayleigh,RNND_Zhu,608,0.7698244452476501,0.5859097167849541,0.18391471728682518,
0,260816,matched,MATCHED_Rayleigh,RNND_Zhu,609,0.698622077703476,0.5378129556775093,0.16080912947654724,
0,260816,matched,MATCHED_Rayleigh,RNND_Zhu,610,0.8818212002515793,0.680734433233738,0.20108676329255104,
0,260816,matched,MATCHED_Rayleigh,RNND_Zhu,611,0.8158148527145386,0.6213592290878296,0.19445561990141869,
0,260816,matched,MATCHED_Rayleigh,RNND_Zhu,612,0.7569481581449509,0.5824675187468529,0.1744806356728077,
0,260816,matched,MATCHED_Rayleigh,RNND_Zhu,613,0.5919811725616455,0.44373442232608795,0.14824675396084785,
0,260816,matched,MATCHED_Rayleigh,RNND_Zhu,614,0.8163619935512543,0.6264147683978081,0.1899472177028656,
0,260816,matched,MATCHED_Rayleigh,RNND_Zhu,615,0.6172363460063934,0.4624319449067116,0.15480437874794006,
0,260816,matched,MATCHED_Rayleigh,RNND_Zhu,616,0.710421696305275,0.5407562404870987,0.16966544464230537,
0,260816,matched,MATCHED_Rayleigh,RNND_Zhu,617,0.8111274391412735,0.6264902353286743,0.18463720381259918,
0,260816,matched,MATCHED_Rayleigh,RNND_Zhu,618,0.7958922386169434,0.6107509285211563,0.18514130264520645,
0,260816,matched,MATCHED_Rayleigh,RNND_Zhu,619,0.725595086812973,0.5536821335554123,0.17191294580698013,
0,260816,matched,MATCHED_Rayleigh,RNND_Zhu,620,0.7291795164346695,0.5497150272130966,0.17946448922157288,
0,260816,matched,MATCHED_Rayleigh,RNND_Zhu,621,0.61676374822855,0.46811002492904663,0.14865373820066452,
0,260816,matched,MATCHED_Rayleigh,RNND_Zhu,622,0.6447992622852325,0.48634080588817596,0.15845846012234688,
0,260816,matched,MATCHED_Rayleigh,RNND_Zhu,623,0.7038552537560463,0.5366460233926773,0.1672092229127884,
0,260816,matched,MATCHED_Rayleigh,RNND_Zhu,624,0.6320176497101784,0.47303901612758636,0.1589786261320114,
0,260816,matched,MATCHED_Rayleigh,RNND_Zhu,625,0.7364890873432159,0.5649474412202835,0.17154165729880333,
0,260816,matched,MATCHED_Rayleigh,RNND_Zhu,626,0.6410312801599503,0.4838164374232292,0.15721485391259193,
0,260816,matched,MATCHED_Rayleigh,RNND_Zhu,627,0.6903250068426132,0.5213695764541626,0.16895542666316032,
0,260816,matched,MATCHED_Rayleigh,RNND_Zhu,628,0.6802607178688049,0.5189841762185097,0.16127653047442436,
0,260816,matched,MATCHED_Rayleigh,RNND_Zhu,629,0.7088545560836792,0.5411390736699104,0.16771547868847847,
0,260816,matched,MATCHED_Rayleigh,RNND_Zhu,630,0.7081922590732574,0.5272153541445732,0.18097689747810364,
0,260816,matched,MATCHED_Rayleigh,RNND_Zhu,631,0.6128564476966858,0.46414976567029953,0.14870667457580566,
0,260816,matched,MATCHED_Rayleigh,RNND_Zhu,632,0.587743803858757,0.4422761797904968,0.14546761848032475,
0,260816,matched,MATCHED_Rayleigh,RNND_Zhu,633,0.5523612424731255,0.40850768983364105,0.143853560090065,
0,260816,matched,MATCHED_Rayleigh,RNND_Zhu,634,0.8345895111560822,0.6476366296410561,0.186952892690897,
0,260816,matched,MATCHED_Rayleigh,RNND_Zhu,635,0.6413773000240326,0.48370204120874405,0.15767525508999825,
0,260816,matched,MATCHED_Rayleigh,RNND_Zhu,636,0.7383394241333008,0.5548299998044968,0.18350942432880402,
0,260816,matched,MATCHED_Rayleigh,RNND_Zhu,637,0.6747158914804459,0.5118770226836205,0.1628388836979866,
0,260816,matched,MATCHED_Rayleigh,RNND_Zhu,638,0.6950944513082504,0.5268354192376137,0.16825903952121735,
0,260816,matched,MATCHED_Rayleigh,RNND_Zhu,639,0.6626745164394379,0.5016205832362175,0.16105393320322037,
0,260816,matched,MATCHED_Rayleigh,RNND_Zhu,640,0.6113351806998253,0.46427467465400696,0.14706049859523773,
0,260816,matched,MATCHED_Rayleigh,RNND_Zhu,641,0.794449970126152,0.6047400534152985,0.18970990553498268,
0,260816,matched,MATCHED_Rayleigh,RNND_Zhu,642,0.8305892646312714,0.6401383578777313,0.19045089930295944,
0,260816,matched,MATCHED_Rayleigh,RNND_Zhu,643,0.7321550399065018,0.5569756925106049,0.1751793473958969,
0,260816,matched,MATCHED_Rayleigh,RNND_Zhu,644,0.7465719282627106,0.5671958029270172,0.17937614023685455,
0,260816,matched,MATCHED_Rayleigh,RNND_Zhu,645,0.6820931136608124,0.5122691094875336,0.1698239967226982,
0,260816,matched,MATCHED_Rayleigh,RNND_Zhu,646,0.8208398669958115,0.6280322968959808,0.19280755892395973,
0,260816,matched,MATCHED_Rayleigh,RNND_Zhu,647,0.636717215180397,0.47873377799987793,0.1579834409058094,
0,260816,matched,MATCHED_Rayleigh,RNND_Zhu,648,0.6511712670326233,0.4865102544426918,0.16466102749109268,
0,260816,matched,MATCHED_Rayleigh,RNND_Zhu,649,0.6502096951007843,0.4905390590429306,0.1596706509590149,
0,260816,matched,MATCHED_Rayleigh,RNND_Zhu,650,0.6656971275806427,0.5039246082305908,0.16177250817418098,
0,260816,matched,MATCHED_Rayleigh,RNND_Zhu,651,0.8091771900653839,0.6228473335504532,0.18632986396551132,
0,260816,matched,MATCHED_Rayleigh,RNND_Zhu,652,0.6522562056779861,0.49120938777923584,0.1610468029975891,
0,260816,matched,MATCHED_Rayleigh,RNND_Zhu,653,0.5682712942361832,0.4148835614323616,0.15338772907853127,
0,260816,matched,MATCHED_Rayleigh,RNND_Zhu,654,0.7394578158855438,0.5617162436246872,0.17774157226085663,
0,260816,matched,MATCHED_Rayleigh,RNND_Zhu,655,0.7006088420748711,0.5322415605187416,0.1683672983199358,
0,260816,matched,MATCHED_Rayleigh,RNND_Zhu,656,0.5671453326940536,0.42572982609272003,0.14141549542546272,
0,260816,matched,MATCHED_Rayleigh,RNND_Zhu,657,0.5556841343641281,0.4091070368885994,0.14657710120081902,
0,260816,matched,MATCHED_Rayleigh,RNND_Zhu,658,0.7772840261459351,0.5965583771467209,0.18072564899921417,
0,260816,matched,MATCHED_Rayleigh,RNND_Zhu,659,0.6154853701591492,0.4628654643893242,0.15261990949511528,
0,260816,matched,MATCHED_Rayleigh,RNND_Zhu,660,0.7808604091405869,0.5950439125299454,0.18581650033593178,
0,260816,matched,MATCHED_Rayleigh,RNND_Zhu,661,0.7368555665016174,0.5641531944274902,0.1727023720741272,
0,260816,matched,MATCHED_Rayleigh,RNND_Zhu,662,0.792976051568985,0.6050833612680435,0.18789269402623177,
0,260816,matched,MATCHED_Rayleigh,RNND_Zhu,663,0.7323189228773117,0.5577653050422668,0.17455362901091576,
0,260816,matched,MATCHED_Rayleigh,RNND_Zhu,664,0.7431761845946312,0.5724108517169952,0.17076533287763596,
0,260816,matched,MATCHED_Rayleigh,RNND_Zhu,665,0.7151369750499725,0.5445785820484161,0.1705584153532982,
0,260816,matched,MATCHED_Rayleigh,RNND_Zhu,666,0.7938952296972275,0.6047632992267609,0.1891319379210472,
0,260816,matched,MATCHED_Rayleigh,RNND_Zhu,667,0.5550683811306953,0.40822600573301315,0.14684238657355309,
0,260816,matched,MATCHED_Rayleigh,RNND_Zhu,668,0.6975430697202682,0.5273297280073166,0.17021333426237106,
0,260816,matched,MATCHED_Rayleigh,RNND_Zhu,669,0.6978384703397751,0.5255580842494965,0.17228037118911743,
0,260816,matched,MATCHED_Rayleigh,RNND_Zhu,670,0.5242583677172661,0.37827129662036896,0.14598706364631653,
0,260816,matched,MATCHED_Rayleigh,RNND_Zhu,671,0.6981302052736282,0.5280195996165276,0.17011060938239098,
0,260816,matched,MATCHED_Rayleigh,RNND_Zhu,672,0.6920696645975113,0.5290335565805435,0.16303611919283867,
0,260816,matched,MATCHED_Rayleigh,RNND_Zhu,673,0.7574503868818283,0.58134825527668,0.17610212415456772,
0,260816,matched,MATCHED_Rayleigh,RNND_Zhu,674,0.672491654753685,0.507963165640831,0.1645284965634346,
0,260816,matched,MATCHED_Rayleigh,RNND_Zhu,675,0.6124352514743805,0.454425610601902,0.1580096334218979,
0,260816,matched,MATCHED_Rayleigh,RNND_Zhu,676,0.7859013825654984,0.5961498320102692,0.18975155428051949,
0,260816,matched,MATCHED_Rayleigh,RNND_Zhu,677,0.7304712384939194,0.5617828592658043,0.16868837922811508,
0,260816,matched,MATCHED_Rayleigh,RNND_Zhu,678,0.7043298929929733,0.5299685522913933,0.17436134815216064,
0,260816,matched,MATCHED_Rayleigh,RNND_Zhu,679,0.6808347702026367,0.5160622298717499,0.16477255523204803,
0,260816,matched,MATCHED_Rayleigh,RNND_Zhu,680,0.6378794014453888,0.48326122760772705,0.15461817756295204,
0,260816,matched,MATCHED_Rayleigh,RNND_Zhu,681,0.8303016424179077,0.6439515575766563,0.18635008111596107,
0,260816,matched,MATCHED_Rayleigh,RNND_Zhu,682,0.7899578511714935,0.6061334013938904,0.18382444605231285,
0,260816,matched,MATCHED_Rayleigh,RNND_Zhu,683,0.7784878015518188,0.5935961753129959,0.18489161133766174,
0,260816,matched,MATCHED_Rayleigh,RNND_Zhu,684,0.6547784581780434,0.4903370589017868,0.16444137692451477,
0,260816,matched,MATCHED_Rayleigh,RNND_Zhu,685,0.7229415625333786,0.551287978887558,0.17165356874465942,
0,260816,matched,MATCHED_Rayleigh,RNND_Zhu,686,0.6991917341947556,0.5276047140359879,0.1715870089828968,
0,260816,matched,MATCHED_Rayleigh,RNND_Zhu,687,0.6595051735639572,0.49329763650894165,0.16620754450559616,
0,260816,matched,MATCHED_Rayleigh,RNND_Zhu,688,0.77865269780159,0.5997608825564384,0.17889181897044182,
0,260816,matched,MATCHED_Rayleigh,RNND_Zhu,689,0.7895056456327438,0.6037817448377609,0.1857238970696926,
0,260816,matched,MATCHED_Rayleigh,RNND_Zhu,690,0.5654140710830688,0.41759662330150604,0.1478174515068531,
0,260816,matched,MATCHED_Rayleigh,RNND_Zhu,691,0.6946230828762054,0.5262632519006729,0.16835983842611313,
0,260816,matched,MATCHED_Rayleigh,RNND_Zhu,692,0.7788022309541702,0.6018810272216797,0.17692121118307114,
0,260816,matched,MATCHED_Rayleigh,RNND_Zhu,693,0.5975566357374191,0.444660946726799,0.15289569273591042,
0,260816,matched,MATCHED_Rayleigh,RNND_Zhu,694,0.7129863202571869,0.540454551577568,0.17253177613019943,
0,260816,matched,MATCHED_Rayleigh,RNND_Zhu,695,0.7437862604856491,0.5681187584996223,0.17566749826073647,
0,260816,matched,MATCHED_Rayleigh,RNND_Zhu,696,0.7534630447626114,0.5861136987805367,0.16734935343265533,
0,260816,matched,MATCHED_Rayleigh,RNND_Zhu,697,0.7524111568927765,0.5735991522669792,0.17881200090050697,
0,260816,matched,MATCHED_Rayleigh,RNND_Zhu,698,0.8986653089523315,0.6886095255613327,0.21005579084157944,
0,260816,matched,MATCHED_Rayleigh,RNND_Zhu,699,0.5956700444221497,0.43972643464803696,0.1559436060488224,
0,260816,matched,MATCHED_Rayleigh,RNND_Zhu,700,0.7360935658216476,0.5588866546750069,0.17720691114664078,
0,260816,matched,MATCHED_Rayleigh,RNND_Zhu,701,0.6463993191719055,0.4869297444820404,0.1594695709645748,
0,260816,matched,MATCHED_Rayleigh,RNND_Zhu,702,0.6809457540512085,0.5199473351240158,0.1609984189271927,
0,260816,matched,MATCHED_Rayleigh,RNND_Zhu,703,0.5583628788590431,0.4109687879681587,0.1473940797150135,
0,260816,matched,MATCHED_Rayleigh,RNND_Zhu,704,0.6470542624592781,0.4813327491283417,0.16572152078151703,
0,260816,matched,MATCHED_Rayleigh,RNND_Zhu,705,0.7169551849365234,0.5419378504157066,0.1750173270702362,
0,260816,matched,MATCHED_Rayleigh,RNND_Zhu,706,0.657637357711792,0.49481309205293655,0.16282425448298454,
0,260816,matched,MATCHED_Rayleigh,RNND_Zhu,707,0.7670569121837616,0.5887458398938179,0.1783110909163952,
0,260816,matched,MATCHED_Rayleigh,RNND_Zhu,708,0.5928691998124123,0.4397575110197067,0.15311168506741524,
0,260816,matched,MATCHED_Rayleigh,RNND_Zhu,709,0.7465445697307587,0.5703557580709457,0.17618881538510323,
0,260816,matched,MATCHED_Rayleigh,RNND_Zhu,710,0.6081121265888214,0.45365190505981445,0.15446022152900696,
0,260816,matched,MATCHED_Rayleigh,RNND_Zhu,711,0.7881767898797989,0.605805054306984,0.18237173184752464,
0,260816,matched,MATCHED_Rayleigh,RNND_Zhu,712,0.6930237486958504,0.5280288457870483,0.16499490477144718,
0,260816,matched,MATCHED_Rayleigh,RNND_Zhu,713,0.6794955730438232,0.5143027827143669,0.16519280523061752,
0,260816,matched,MATCHED_Rayleigh,RNND_Zhu,714,0.644862100481987,0.4839778393507004,0.16088426485657692,
0,260816,matched,MATCHED_Rayleigh,RNND_Zhu,715,0.5969411581754684,0.4431540444493294,0.15378711745142937,
0,260816,matched,MATCHED_Rayleigh,RNND_Zhu,716,0.6948304623365402,0.5291190147399902,0.1657114289700985,
0,260816,matched,MATCHED_Rayleigh,RNND_Zhu,717,0.7129274904727936,0.5386913120746613,0.17423616349697113,
0,260816,matched,MATCHED_Rayleigh,RNND_Zhu,718,0.8081735819578171,0.6257400363683701,0.18243354931473732,
0,260816,matched,MATCHED_Rayleigh,RNND_Zhu,719,0.5543358772993088,0.40825898945331573,0.14607687294483185,
0,260816,matched,MATCHED_Rayleigh,RNND_Zhu,720,0.7243382632732391,0.5419465750455856,0.1823916807770729,
0,260816,matched,MATCHED_Rayleigh,RNND_Zhu,721,0.5094912350177765,0.3717513382434845,0.13773991167545319,
0,260816,matched,MATCHED_Rayleigh,RNND_Zhu,722,0.6188006028532982,0.45845547318458557,0.16034511849284172,
0,260816,matched,MATCHED_Rayleigh,RNND_Zhu,723,0.7601234018802643,0.5760271027684212,0.1840962916612625,
0,260816,matched,MATCHED_Rayleigh,RNND_Zhu,724,0.7644675076007843,0.5838881060481071,0.18057941272854805,
0,260816,matched,MATCHED_Rayleigh,RNND_Zhu,725,0.8149525076150894,0.6310007870197296,0.1839517094194889,
0,260816,matched,MATCHED_Rayleigh,RNND_Zhu,726,0.6458209604024887,0.4839426875114441,0.16187826544046402,
0,260816,matched,MATCHED_Rayleigh,RNND_Zhu,727,0.6939599812030792,0.5186094418168068,0.17535052821040154,
0,260816,matched,MATCHED_Rayleigh,RNND_Zhu,728,0.6680868566036224,0.5050723552703857,0.1630145013332367,
0,260816,matched,MATCHED_Rayleigh,RNND_Zhu,729,0.5820785015821457,0.42804280668497086,0.15403570234775543,
0,260816,matched,MATCHED_Rayleigh,RNND_Zhu,730,0.6925314664840698,0.5236821249127388,0.16884934529662132,
0,260816,matched,MATCHED_Rayleigh,RNND_Zhu,731,0.7311111986637115,0.5586621761322021,0.17244902998209,
0,260816,matched,MATCHED_Rayleigh,RNND_Zhu,732,0.711733341217041,0.5307862535119057,0.18094708770513535,
0,260816,matched,MATCHED_Rayleigh,RNND_Zhu,733,0.677524134516716,0.5155841559171677,0.16193997859954834,
0,260816,matched,MATCHED_Rayleigh,RNND_Zhu,734,0.7771954387426376,0.5903336405754089,0.1868617832660675,
0,260816,matched,MATCHED_Rayleigh,RNND_Zhu,735,0.6714818701148033,0.5076403617858887,0.163841487839818,
0,260816,matched,MATCHED_Rayleigh,RNND_Zhu,736,0.6693727672100067,0.5071565359830856,0.16221623495221138,
0,260816,matched,MATCHED_Rayleigh,RNND_Zhu,737,0.7867951691150665,0.5997296422719955,0.1870655193924904,
0,260816,matched,MATCHED_Rayleigh,RNND_Zhu,738,0.6957994699478149,0.5276232212781906,0.16817625612020493,
0,260816,matched,MATCHED_Rayleigh,RNND_Zhu,739,0.743713989853859,0.5617427974939346,0.18197118490934372,
0,260816,matched,MATCHED_Rayleigh,RNND_Zhu,740,0.7018865793943405,0.5348770618438721,0.16700951009988785,
0,260816,matched,MATCHED_Rayleigh,RNND_Zhu,741,0.7196930348873138,0.5466103926301003,0.1730826459825039,
0,260816,matched,MATCHED_Rayleigh,RNND_Zhu,742,0.7251583188772202,0.5502270758152008,0.17493124678730965,
0,260816,matched,MATCHED_Rayleigh,RNND_Zhu,743,0.7161638587713242,0.5424787178635597,0.17368512973189354,
0,260816,matched,MATCHED_Rayleigh,RNND_Zhu,744,0.7333264052867889,0.5539715513586998,0.17935484647750854,
0,260816,matched,MATCHED_Rayleigh,RNND_Zhu,745,0.7381567433476448,0.5564379170536995,0.1817188486456871,
0,260816,matched,MATCHED_Rayleigh,RNND_Zhu,746,0.632678359746933,0.46821895241737366,0.16445939987897873,
0,260816,matched,MATCHED_Rayleigh,RNND_Zhu,747,0.6118481457233429,0.45826440304517746,0.15358375012874603,
0,260816,matched,MATCHED_Rayleigh,RNND_Zhu,748,0.6125794053077698,0.4583016261458397,0.15427778288722038,
0,260816,matched,MATCHED_Rayleigh,RNND_Zhu,749,0.7443946450948715,0.5647875219583511,0.1796071156859398,
0,260816,matched,MATCHED_Rayleigh,RNND_Zhu,750,0.6996467560529709,0.5322353392839432,0.1674114130437374,
0,260816,matched,MATCHED_Rayleigh,RNND_Zhu,751,0.9088777452707291,0.7019700258970261,0.2069077081978321,
0,260816,matched,MATCHED_Rayleigh,RNND_Zhu,752,0.6820119023323059,0.5191687345504761,0.16284315288066864,
0,260816,matched,MATCHED_Rayleigh,RNND_Zhu,753,0.6918262094259262,0.5263453274965286,0.16548088565468788,
0,260816,matched,MATCHED_Rayleigh,RNND_Zhu,754,0.7367039620876312,0.5636041462421417,0.1730998158454895,
0,260816,matched,MATCHED_Rayleigh,RNND_Zhu,755,0.563587412238121,0.42010705173015594,0.14348037168383598,
0,260816,matched,MATCHED_Rayleigh,RNND_Zhu,756,0.5454659461975098,0.4028770551085472,0.14258889108896255,
0,260816,matched,MATCHED_Rayleigh,RNND_Zhu,757,0.670046903192997,0.5000978335738182,0.16994906589388847,
0,260816,matched,MATCHED_Rayleigh,RNND_Zhu,758,0.5627849325537682,0.41353854537010193,0.14924638345837593,
0,260816,matched,MATCHED_Rayleigh,RNND_Zhu,759,0.7108069509267807,0.5386204794049263,0.1721864677965641,
0,260816,matched,MATCHED_Rayleigh,RNND_Zhu,760,0.6794976592063904,0.5088091045618057,0.17068855091929436,
0,260816,matched,MATCHED_Rayleigh,RNND_Zhu,761,0.7548655569553375,0.5778926089406013,0.17697294056415558,
0,260816,matched,MATCHED_Rayleigh,RNND_Zhu,762,0.6938086450099945,0.5244476497173309,0.16936099901795387,
0,260816,matched,MATCHED_Rayleigh,RNND_Zhu,763,0.7519650906324387,0.5766225755214691,0.17534251511096954,
0,260816,matched,MATCHED_Rayleigh,RNND_Zhu,764,0.662696897983551,0.49586790055036545,0.16682900860905647,
0,260816,matched,MATCHED_Rayleigh,RNND_Zhu,765,0.7566701173782349,0.5656293630599976,0.191040750592947,
0,260816,matched,MATCHED_Rayleigh,RNND_Zhu,766,0.7095507457852364,0.5315758660435677,0.1779748722910881,
0,260816,matched,MATCHED_Rayleigh,RNND_Zhu,767,0.6248596534132957,0.46635808050632477,0.15850155800580978,
0,260816,matched,MATCHED_Rayleigh,RNND_Zhu,768,0.689320296049118,0.5160108208656311,0.17330948635935783,
0,260816,matched,MATCHED_Rayleigh,RNND_Zhu,769,0.6599690914154053,0.4872196838259697,0.17274940758943558,
0,260816,matched,MATCHED_Rayleigh,RNND_Zhu,770,0.7164830714464188,0.5384000688791275,0.17808301001787186,
0,260816,matched,MATCHED_Rayleigh,RNND_Zhu,771,0.7444901019334793,0.5740797519683838,0.17041034251451492,
0,260816,matched,MATCHED_Rayleigh,RNND_Zhu,772,0.5841520354151726,0.44063451886177063,0.14351750910282135,
0,260816,matched,MATCHED_Rayleigh,RNND_Zhu,773,0.5950682535767555,0.4391203224658966,0.15594793111085892,
0,260816,matched,MATCHED_Rayleigh,RNND_Zhu,774,0.7289119362831116,0.5514321029186249,0.1774798296391964,
0,260816,matched,MATCHED_Rayleigh,RNND_Zhu,775,0.7572502493858337,0.5807435810565948,0.1765066757798195,
0,260816,matched,MATCHED_Rayleigh,RNND_Zhu,776,0.723291888833046,0.5423491075634956,0.18094277754426003,
0,260816,matched,MATCHED_Rayleigh,RNND_Zhu,777,0.6556481271982193,0.49394815415143967,0.16169996932148933,
0,260816,matched,MATCHED_Rayleigh,RNND_Zhu,778,0.6931713670492172,0.5202521532773972,0.17291922494769096,
0,260816,matched,MATCHED_Rayleigh,RNND_Zhu,779,0.6516208946704865,0.48852162808179855,0.1630992628633976,
0,260816,matched,MATCHED_Rayleigh,RNND_Zhu,780,0.4900914803147316,0.3543226048350334,0.13576887920498848,
0,260816,matched,MATCHED_Rayleigh,RNND_Zhu,781,0.6387736946344376,0.4760397970676422,0.16273389384150505,
0,260816,matched,MATCHED_Rayleigh,RNND_Zhu,782,0.8059158325195312,0.6133069694042206,0.19260884076356888,
0,260816,matched,MATCHED_Rayleigh,RNND_Zhu,783,0.6994507312774658,0.5281191766262054,0.17133155465126038,
0,260816,matched,MATCHED_Rayleigh,RNND_Zhu,784,0.6364049315452576,0.4812595769762993,0.15514536201953888,
0,260816,matched,MATCHED_Rayleigh,RNND_Zhu,785,0.7589951455593109,0.5815741121768951,0.17742104455828667,
0,260816,matched,MATCHED_Rayleigh,RNND_Zhu,786,0.8998522013425827,0.6952774524688721,0.20457474142313004,
0,260816,matched,MATCHED_Rayleigh,RNND_Zhu,787,0.5835866257548332,0.43120621144771576,0.15238041058182716,
0,260816,matched,MATCHED_Rayleigh,RNND_Zhu,788,0.6227317005395889,0.45936356484889984,0.1633681319653988,
0,260816,matched,MATCHED_Rayleigh,RNND_Zhu,789,0.6828836500644684,0.5122394934296608,0.17064417898654938,
0,260816,matched,MATCHED_Rayleigh,RNND_Zhu,790,0.7889629602432251,0.6003803014755249,0.188582643866539,
0,260816,matched,MATCHED_Rayleigh,RNND_Zhu,791,0.7090439200401306,0.5273110419511795,0.18173285946249962,
0,260816,matched,MATCHED_Rayleigh,RNND_Zhu,792,0.7114073112607002,0.5376438498497009,0.1737634502351284,
0,260816,matched,MATCHED_Rayleigh,RNND_Zhu,793,0.6837224364280701,0.5095729753375053,0.17414946481585503,
0,260816,matched,MATCHED_Rayleigh,RNND_Zhu,794,0.8384443074464798,0.6473134756088257,0.19113081693649292,
0,260816,matched,MATCHED_Rayleigh,RNND_Zhu,795,0.680313840508461,0.5146114975214005,0.16570233926177025,
0,260816,matched,MATCHED_Rayleigh,RNND_Zhu,796,0.705212265253067,0.5352173522114754,0.16999491304159164,
0,260816,matched,MATCHED_Rayleigh,RNND_Zhu,797,0.773686483502388,0.5946891903877258,0.17899730056524277,
0,260816,matched,MATCHED_Rayleigh,RNND_Zhu,798,0.8038509041070938,0.616690143942833,0.18716076016426086,
0,260816,matched,MATCHED_Rayleigh,RNND_Zhu,799,0.5923036485910416,0.4391004890203476,0.15320316702127457,
0,260816,matched,MATCHED_Rayleigh,RNND_Zhu,800,0.726176306605339,0.5518430396914482,0.17433326691389084,-0.5276219354381662
0,260816,matched,MATCHED_Rayleigh,RNND_Zhu,801,0.8178329914808273,0.6318620294332504,0.1859709620475769,
0,260816,matched,MATCHED_Rayleigh,RNND_Zhu,802,0.7394365519285202,0.5584506094455719,0.1809859573841095,
0,260816,matched,MATCHED_Rayleigh,RNND_Zhu,803,0.6016781255602837,0.4387896880507469,0.1628884468227625,
0,260816,matched,MATCHED_Rayleigh,RNND_Zhu,804,0.6667169332504272,0.5016350150108337,0.1650819145143032,
0,260816,matched,MATCHED_Rayleigh,RNND_Zhu,805,0.6759076714515686,0.5144943594932556,0.16141332313418388,
0,260816,matched,MATCHED_Rayleigh,RNND_Zhu,806,0.7236076295375824,0.5422120690345764,0.18139555677771568,
0,260816,matched,MATCHED_Rayleigh,RNND_Zhu,807,0.5907442569732666,0.43896908313035965,0.15177517011761665,
0,260816,matched,MATCHED_Rayleigh,RNND_Zhu,808,0.6457757651805878,0.47786279767751694,0.16791296005249023,
0,260816,matched,MATCHED_Rayleigh,RNND_Zhu,809,0.630581334233284,0.4797796756029129,0.15080167725682259,
0,260816,matched,MATCHED_Rayleigh,RNND_Zhu,810,0.6370339319109917,0.4733123779296875,0.16372155025601387,
0,260816,matched,MATCHED_Rayleigh,RNND_Zhu,811,0.6929953843355179,0.521407000720501,0.17158836498856544,
0,260816,matched,MATCHED_Rayleigh,RNND_Zhu,812,0.6424006894230843,0.4766553044319153,0.16574538871645927,
0,260816,matched,MATCHED_Rayleigh,RNND_Zhu,813,0.6435090750455856,0.4864717423915863,0.15703731775283813,
0,260816,matched,MATCHED_Rayleigh,RNND_Zhu,814,0.7586391419172287,0.5678055807948112,0.19083356112241745,
0,260816,matched,MATCHED_Rayleigh,RNND_Zhu,815,0.6063473224639893,0.44606946408748627,0.16027786396443844,
0,260816,matched,MATCHED_Rayleigh,RNND_Zhu,816,0.6723379790782928,0.5074949264526367,0.16484304144978523,
0,260816,matched,MATCHED_Rayleigh,RNND_Zhu,817,0.6414995267987251,0.4744335114955902,0.16706601530313492,
0,260816,matched,MATCHED_Rayleigh,RNND_Zhu,818,0.615693487226963,0.4576995298266411,0.15799395367503166,
0,260816,matched,MATCHED_Rayleigh,RNND_Zhu,819,0.6556694358587265,0.4917357638478279,0.16393367014825344,
0,260816,matched,MATCHED_Rayleigh,RNND_Zhu,820,0.68607597053051,0.5211067423224449,0.16496922820806503,
0,260816,matched,MATCHED_Rayleigh,RNND_Zhu,821,0.6421266049146652,0.48300547152757645,0.15912113711237907,
0,260816,matched,MATCHED_Rayleigh,RNND_Zhu,822,0.7259517163038254,0.5471872016787529,0.17876451462507248,
0,260816,matched,MATCHED_Rayleigh,RNND_Zhu,823,0.6486498713493347,0.48974205553531647,0.15890781953930855,
0,260816,matched,MATCHED_Rayleigh,RNND_Zhu,824,0.5050398856401443,0.3644895777106285,0.14055032096803188,
0,260816,matched,MATCHED_Rayleigh,RNND_Zhu,825,0.6538296639919281,0.4816144108772278,0.17221524566411972,
0,260816,matched,MATCHED_Rayleigh,RNND_Zhu,826,0.7044757008552551,0.531729131937027,0.17274656891822815,
0,260816,matched,MATCHED_Rayleigh,RNND_Zhu,827,0.7649229466915131,0.5757773071527481,0.18914563581347466,
0,260816,matched,MATCHED_Rayleigh,RNND_Zhu,828,0.7415368407964706,0.5558817386627197,0.18565510213375092,
0,260816,matched,MATCHED_Rayleigh,RNND_Zhu,829,0.7967902719974518,0.606216162443161,0.19057410582900047,
0,260816,matched,MATCHED_Rayleigh,RNND_Zhu,830,0.5806610435247421,0.42537008225917816,0.15529096499085426,
0,260816,matched,MATCHED_Rayleigh,RNND_Zhu,831,0.6525918245315552,0.4842132106423378,0.16837861016392708,
0,260816,matched,MATCHED_Rayleigh,RNND_Zhu,832,0.7933813035488129,0.6049195677042007,0.18846175447106361,
0,260816,matched,MATCHED_Rayleigh,RNND_Zhu,833,0.61761774122715,0.45907604694366455,0.1585417091846466,
0,260816,matched,MATCHED_Rayleigh,RNND_Zhu,834,0.6764227002859116,0.5032695308327675,0.17315316945314407,
0,260816,matched,MATCHED_Rayleigh,RNND_Zhu,835,0.6414798647165298,0.47399143874645233,0.1674884296953678,
0,260816,matched,MATCHED_Rayleigh,RNND_Zhu,836,0.5563709139823914,0.4079664498567581,0.14840445294976234,
0,260816,matched,MATCHED_Rayleigh,RNND_Zhu,837,0.5885371118783951,0.43774233013391495,0.15079478919506073,
0,260816,matched,MATCHED_Rayleigh,RNND_Zhu,838,0.7356642484664917,0.5608828961849213,0.17478135228157043,
0,260816,matched,MATCHED_Rayleigh,RNND_Zhu,839,0.7206299155950546,0.5488602072000504,0.17176969349384308,
0,260816,matched,MATCHED_Rayleigh,RNND_Zhu,840,0.6245257332921028,0.455051951110363,0.1694737859070301,
0,260816,matched,MATCHED_Rayleigh,RNND_Zhu,841,0.6135261803865433,0.4579281359910965,0.15559803321957588,
0,260816,matched,MATCHED_Rayleigh,RNND_Zhu,842,0.6959833204746246,0.528241440653801,0.16774188354611397,
0,260816,matched,MATCHED_Rayleigh,RNND_Zhu,843,0.6086470186710358,0.45244406163692474,0.15620295703411102,
0,260816,matched,MATCHED_Rayleigh,RNND_Zhu,844,0.6005111783742905,0.4453389197587967,0.15517226979136467,
0,260816,matched,MATCHED_Rayleigh,RNND_Zhu,845,0.6600096076726913,0.48853418231010437,0.17147543281316757,
0,260816,matched,MATCHED_Rayleigh,RNND_Zhu,846,0.6265269890427589,0.47003142535686493,0.1564955748617649,
0,260816,matched,MATCHED_Rayleigh,RNND_Zhu,847,0.7721972912549973,0.5850417241454124,0.1871555671095848,
0,260816,matched,MATCHED_Rayleigh,RNND_Zhu,848,0.6268095821142197,0.465021587908268,0.1617879904806614,
0,260816,matched,MATCHED_Rayleigh,RNND_Zhu,849,0.728271484375,0.5564145147800446,0.17185696959495544,
0,260816,matched,MATCHED_Rayleigh,RNND_Zhu,850,0.556513287127018,0.4079977124929428,0.14851556718349457,
0,260816,matched,MATCHED_Rayleigh,RNND_Zhu,851,0.6821802854537964,0.5087177008390427,0.17346258088946342,
0,260816,matched,MATCHED_Rayleigh,RNND_Zhu,852,0.7403550148010254,0.5641468316316605,0.17620819061994553,
0,260816,matched,MATCHED_Rayleigh,RNND_Zhu,853,0.6320021152496338,0.47118303179740906,0.16081909835338593,
0,260816,matched,MATCHED_Rayleigh,RNND_Zhu,854,0.6309783384203911,0.46780284494161606,0.16317551210522652,
0,260816,matched,MATCHED_Rayleigh,RNND_Zhu,855,0.6261429190635681,0.467986561357975,0.1581563539803028,
0,260816,matched,MATCHED_Rayleigh,RNND_Zhu,856,0.756011426448822,0.5734128877520561,0.1825985386967659,
0,260816,matched,MATCHED_Rayleigh,RNND_Zhu,857,0.7056782841682434,0.5271308422088623,0.1785474270582199,
0,260816,matched,MATCHED_Rayleigh,RNND_Zhu,858,0.7017838954925537,0.5274226665496826,0.1743612252175808,
0,260816,matched,MATCHED_Rayleigh,RNND_Zhu,859,0.7196729481220245,0.5405606031417847,0.17911234498023987,
0,260816,matched,MATCHED_Rayleigh,RNND_Zhu,860,0.6675553470849991,0.5012296065688133,0.16632574424147606,
0,260816,matched,MATCHED_Rayleigh,RNND_Zhu,861,0.6947123408317566,0.5235134363174438,0.17119890078902245,
0,260816,matched,MATCHED_Rayleigh,RNND_Zhu,862,0.508740521967411,0.3658115938305855,0.14292892441153526,
0,260816,matched,MATCHED_Rayleigh,RNND_Zhu,863,0.7090004980564117,0.5254077836871147,0.18359271064400673,
0,260816,matched,MATCHED_Rayleigh,RNND_Zhu,864,0.8937695175409317,0.6899789273738861,0.2037905864417553,
0,260816,matched,MATCHED_Rayleigh,RNND_Zhu,865,0.592696025967598,0.4342038258910179,0.15849219635128975,
0,260816,matched,MATCHED_Rayleigh,RNND_Zhu,866,0.7843345552682877,0.5957826673984528,0.1885518841445446,
0,260816,matched,MATCHED_Rayleigh,RNND_Zhu,867,0.8295602947473526,0.6307697743177414,0.1987905092537403,
0,260816,matched,MATCHED_Rayleigh,RNND_Zhu,868,0.6707043275237083,0.5064735114574432,0.1642308086156845,
0,260816,matched,MATCHED_Rayleigh,RNND_Zhu,869,0.7165094316005707,0.5389159321784973,0.17759350314736366,
0,260816,matched,MATCHED_Rayleigh,RNND_Zhu,870,0.7166260629892349,0.5443835556507111,0.17224249616265297,
0,260816,matched,MATCHED_Rayleigh,RNND_Zhu,871,0.7137936949729919,0.537593811750412,0.17619988322257996,
0,260816,matched,MATCHED_Rayleigh,RNND_Zhu,872,0.6884914636611938,0.5229075849056244,0.16558386385440826,
0,260816,matched,MATCHED_Rayleigh,RNND_Zhu,873,0.6489652395248413,0.49044452607631683,0.15852071344852448,
0,260816,matched,MATCHED_Rayleigh,RNND_Zhu,874,0.7803257554769516,0.5902007967233658,0.19012494757771492,
0,260816,matched,MATCHED_Rayleigh,RNND_Zhu,875,0.5908719673752785,0.4358292669057846,0.15504270046949387,
0,260816,matched,MATCHED_Rayleigh,RNND_Zhu,876,0.6376817971467972,0.47581328451633453,0.16186850890517235,
0,260816,matched,MATCHED_Rayleigh,RNND_Zhu,877,0.655454196035862,0.4924485459923744,0.16300565004348755,
0,260816,matched,MATCHED_Rayleigh,RNND_Zhu,878,0.6951131373643875,0.5244890376925468,0.17062408849596977,
0,260816,matched,MATCHED_Rayleigh,RNND_Zhu,879,0.6121018975973129,0.4483411908149719,0.1637607179582119,
0,260816,matched,MATCHED_Rayleigh,RNND_Zhu,880,0.7452244013547897,0.5617514178156853,0.18347297608852386,
0,260816,matched,MATCHED_Rayleigh,RNND_Zhu,881,0.6152055114507675,0.45562686026096344,0.15957865491509438,
0,260816,matched,MATCHED_Rayleigh,RNND_Zhu,882,0.6463308930397034,0.48431412130594254,0.16201674938201904,
0,260816,matched,MATCHED_Rayleigh,RNND_Zhu,883,0.6555157452821732,0.4906570389866829,0.16485868394374847,
0,260816,matched,MATCHED_Rayleigh,RNND_Zhu,884,0.6472839564085007,0.4910220354795456,0.15626192465424538,
0,260816,matched,MATCHED_Rayleigh,RNND_Zhu,885,0.8098890334367752,0.6190592795610428,0.19082976877689362,
0,260816,matched,MATCHED_Rayleigh,RNND_Zhu,886,0.6711075603961945,0.501420371234417,0.1696871779859066,
0,260816,matched,MATCHED_Rayleigh,RNND_Zhu,887,0.7322466820478439,0.5521742105484009,0.18007247522473335,
0,260816,matched,MATCHED_Rayleigh,RNND_Zhu,888,0.7136421799659729,0.5424895957112312,0.17115257307887077,
0,260816,matched,MATCHED_Rayleigh,RNND_Zhu,889,0.8243347704410553,0.6310682445764542,0.19326653331518173,
0,260816,matched,MATCHED_Rayleigh,RNND_Zhu,890,0.7042533159255981,0.525317594408989,0.1789357252418995,
0,260816,matched,MATCHED_Rayleigh,RNND_Zhu,891,0.6322379484772682,0.4707590788602829,0.16147886216640472,
0,260816,matched,MATCHED_Rayleigh,RNND_Zhu,892,0.711418554186821,0.540497675538063,0.17092089354991913,
0,260816,matched,MATCHED_Rayleigh,RNND_Zhu,893,0.5925939157605171,0.43481042981147766,0.15778348222374916,
0,260816,matched,MATCHED_Rayleigh,RNND_Zhu,894,0.6643797904253006,0.4948722571134567,0.16950751841068268,
0,260816,matched,MATCHED_Rayleigh,RNND_Zhu,895,0.6247253566980362,0.46525128930807114,0.15947407856583595,
0,260816,matched,MATCHED_Rayleigh,RNND_Zhu,896,0.7060975655913353,0.5293585285544395,0.17673902958631516,
0,260816,matched,MATCHED_Rayleigh,RNND_Zhu,897,0.7332592606544495,0.5566570609807968,0.17660220339894295,
0,260816,matched,MATCHED_Rayleigh,RNND_Zhu,898,0.6046394407749176,0.4444833993911743,0.16015604510903358,
0,260816,matched,MATCHED_Rayleigh,RNND_Zhu,899,0.6883037388324738,0.5262489914894104,0.16205474361777306,
0,260816,matched,MATCHED_Rayleigh,RNND_Zhu,900,0.5805872082710266,0.43115194886922836,0.14943524077534676,
0,260816,matched,MATCHED_Rayleigh,RNND_Zhu,901,0.8401465117931366,0.6422224789857864,0.19792405143380165,
0,260816,matched,MATCHED_Rayleigh,RNND_Zhu,902,0.6540746167302132,0.4892316833138466,0.16484292969107628,
0,260816,matched,MATCHED_Rayleigh,RNND_Zhu,903,0.7404743582010269,0.5599222779273987,0.18055206909775734,
0,260816,matched,MATCHED_Rayleigh,RNND_Zhu,904,0.6460675522685051,0.47800803929567337,0.16805949807167053,
0,260816,matched,MATCHED_Rayleigh,RNND_Zhu,905,0.7130746692419052,0.5352973565459251,0.17777730524539948,
0,260816,matched,MATCHED_Rayleigh,RNND_Zhu,906,0.6969013661146164,0.5285493284463882,0.16835204884409904,
0,260816,matched,MATCHED_Rayleigh,RNND_Zhu,907,0.6339539885520935,0.4692334458231926,0.1647205352783203,
0,260816,matched,MATCHED_Rayleigh,RNND_Zhu,908,0.7243517637252808,0.5492580235004425,0.17509373277425766,
0,260816,matched,MATCHED_Rayleigh,RNND_Zhu,909,0.8490592688322067,0.6557707041501999,0.19328856840729713,
0,260816,matched,MATCHED_Rayleigh,RNND_Zhu,910,0.6297824159264565,0.46578349173069,0.16399892419576645,
0,260816,matched,MATCHED_Rayleigh,RNND_Zhu,911,0.6805534064769745,0.5100107118487358,0.17054269090294838,
0,260816,matched,MATCHED_Rayleigh,RNND_Zhu,912,0.6638204604387283,0.5000836625695229,0.16373681277036667,
0,260816,matched,MATCHED_Rayleigh,RNND_Zhu,913,0.7699337005615234,0.5880913138389587,0.1818423978984356,
0,260816,matched,MATCHED_Rayleigh,RNND_Zhu,914,0.6716760098934174,0.5030198618769646,0.1686561517417431,
0,260816,matched,MATCHED_Rayleigh,RNND_Zhu,915,0.6606172621250153,0.4959946870803833,0.16462257876992226,
0,260816,matched,MATCHED_Rayleigh,RNND_Zhu,916,0.5037851184606552,0.3649368956685066,0.1388482190668583,
0,260816,matched,MATCHED_Rayleigh,RNND_Zhu,917,0.6156970858573914,0.46339405328035355,0.1523030325770378,
0,260816,matched,MATCHED_Rayleigh,RNND_Zhu,918,0.66636823117733,0.5052800253033638,0.16108819656074047,
0,260816,matched,MATCHED_Rayleigh,RNND_Zhu,919,0.6491542682051659,0.48677924275398254,0.16237502172589302,
0,260816,matched,MATCHED_Rayleigh,RNND_Zhu,920,0.5476990640163422,0.398383304476738,0.1493157595396042,
0,260816,matched,MATCHED_Rayleigh,RNND_Zhu,921,0.6181130558252335,0.4633970260620117,0.15471602231264114,
0,260816,matched,MATCHED_Rayleigh,RNND_Zhu,922,0.641241267323494,0.4775446727871895,0.16369658336043358,
0,260816,matched,MATCHED_Rayleigh,RNND_Zhu,923,0.7191097885370255,0.5430144965648651,0.17609528824687004,
0,260816,matched,MATCHED_Rayleigh,RNND_Zhu,924,0.7091701179742813,0.532425157725811,0.1767449751496315,
0,260816,matched,MATCHED_Rayleigh,RNND_Zhu,925,0.7670295536518097,0.5787550583481789,0.18827449902892113,
0,260816,matched,MATCHED_Rayleigh,RNND_Zhu,926,0.640848383307457,0.47437286376953125,0.16647551953792572,
0,260816,matched,MATCHED_Rayleigh,RNND_Zhu,927,0.7254688814282417,0.5474447011947632,0.17802417650818825,
0,260816,matched,MATCHED_Rayleigh,RNND_Zhu,928,0.5780471712350845,0.4233258292078972,0.15472135320305824,
0,260816,matched,MATCHED_Rayleigh,RNND_Zhu,929,0.6072528809309006,0.44721217453479767,0.1600407212972641,
0,260816,matched,MATCHED_Rayleigh,RNND_Zhu,930,0.5975336283445358,0.438960000872612,0.15857362002134323,
0,260816,matched,MATCHED_Rayleigh,RNND_Zhu,931,0.6479310691356659,0.4785812944173813,0.16934975236654282,
0,260816,matched,MATCHED_Rayleigh,RNND_Zhu,932,0.757075160741806,0.5787898600101471,0.17828530818223953,
0,260816,matched,MATCHED_Rayleigh,RNND_Zhu,933,0.6517555713653564,0.48384585976600647,0.16790970787405968,
0,260816,matched,MATCHED_Rayleigh,RNND_Zhu,934,0.7658050954341888,0.5752896070480347,0.19051550701260567,
0,260816,matched,MATCHED_Rayleigh,RNND_Zhu,935,0.6735147684812546,0.50446417927742,0.16905058175325394,
0,260816,matched,MATCHED_Rayleigh,RNND_Zhu,936,0.5585405379533768,0.40458323806524277,0.1539572961628437,
0,260816,matched,MATCHED_Rayleigh,RNND_Zhu,937,0.5453578382730484,0.3923574686050415,0.1530003622174263,
0,260816,matched,MATCHED_Rayleigh,RNND_Zhu,938,0.576329305768013,0.4281128793954849,0.14821643754839897,
0,260816,matched,MATCHED_Rayleigh,RNND_Zhu,939,0.7410450875759125,0.5570585429668427,0.18398654833436012,
0,260816,matched,MATCHED_Rayleigh,RNND_Zhu,940,0.684539794921875,0.511926680803299,0.17261311039328575,
0,260816,matched,MATCHED_Rayleigh,RNND_Zhu,941,0.5783355236053467,0.42529428750276566,0.15304123610258102,
0,260816,matched,MATCHED_Rayleigh,RNND_Zhu,942,0.500118613243103,0.3618698865175247,0.1382487192749977,
0,260816,matched,MATCHED_Rayleigh,RNND_Zhu,943,0.6446503400802612,0.4797336533665657,0.16491669416427612,
0,260816,matched,MATCHED_Rayleigh,RNND_Zhu,944,0.5321296006441116,0.3876235634088516,0.1445060297846794,
0,260816,matched,MATCHED_Rayleigh,RNND_Zhu,945,0.5999766141176224,0.4429377540946007,0.1570388600230217,
0,260816,matched,MATCHED_Rayleigh,RNND_Zhu,946,0.7083671391010284,0.5286788493394852,0.17968829721212387,
0,260816,matched,MATCHED_Rayleigh,RNND_Zhu,947,0.5452582687139511,0.3992987424135208,0.1459595151245594,
0,260816,matched,MATCHED_Rayleigh,RNND_Zhu,948,0.4835554510354996,0.3474012091755867,0.13615425303578377,
0,260816,matched,MATCHED_Rayleigh,RNND_Zhu,949,0.571438230574131,0.41463740170001984,0.15680081769824028,
0,260816,matched,MATCHED_Rayleigh,RNND_Zhu,950,0.47099797427654266,0.3328072838485241,0.13819067925214767,
0,260816,matched,MATCHED_Rayleigh,RNND_Zhu,951,0.5944943726062775,0.4368174895644188,0.15767687931656837,
0,260816,matched,MATCHED_Rayleigh,RNND_Zhu,952,0.4543910473585129,0.318351648747921,0.1360393911600113,
0,260816,matched,MATCHED_Rayleigh,RNND_Zhu,953,0.5537357777357101,0.40181053429841995,0.15192524157464504,
0,260816,matched,MATCHED_Rayleigh,RNND_Zhu,954,0.7391823530197144,0.5568919479846954,0.18229039758443832,
0,260816,matched,MATCHED_Rayleigh,RNND_Zhu,955,0.6397625654935837,0.4741971641778946,0.16556540504097939,
0,260816,matched,MATCHED_Rayleigh,RNND_Zhu,956,0.5898486003279686,0.4350130036473274,0.15483559668064117,
0,260816,matched,MATCHED_Rayleigh,RNND_Zhu,957,0.6039747819304466,0.44783318042755127,0.1561416033655405,
0,260816,matched,MATCHED_Rayleigh,RNND_Zhu,958,0.762710377573967,0.5760924741625786,0.186617910861969,
0,260816,matched,MATCHED_Rayleigh,RNND_Zhu,959,0.5850431621074677,0.43191035836935043,0.15313280746340752,
0,260816,matched,MATCHED_Rayleigh,RNND_Zhu,960,0.734523244202137,0.5531604513525963,0.1813627853989601,
0,260816,matched,MATCHED_Rayleigh,RNND_Zhu,961,0.643726296722889,0.4799349680542946,0.16379133611917496,
0,260816,matched,MATCHED_Rayleigh,RNND_Zhu,962,0.5518420487642288,0.4019605964422226,0.14988145232200623,
0,260816,matched,MATCHED_Rayleigh,RNND_Zhu,963,0.5884343683719635,0.4334534928202629,0.15498086810112,
0,260816,matched,MATCHED_Rayleigh,RNND_Zhu,964,0.6781661584973335,0.5021748840808868,0.17599128186702728,
0,260816,matched,MATCHED_Rayleigh,RNND_Zhu,965,0.7216140329837799,0.5363281294703484,0.18528593331575394,
0,260816,matched,MATCHED_Rayleigh,RNND_Zhu,966,0.6158594936132431,0.45529820024967194,0.16056128591299057,
0,260816,matched,MATCHED_Rayleigh,RNND_Zhu,967,0.5163331776857376,0.36983679980039597,0.14649638161063194,
0,260816,matched,MATCHED_Rayleigh,RNND_Zhu,968,0.7889637798070908,0.5928722470998764,0.19609154760837555,
0,260816,matched,MATCHED_Rayleigh,RNND_Zhu,969,0.5690919831395149,0.40889566391706467,0.16019632667303085,
0,260816,matched,MATCHED_Rayleigh,RNND_Zhu,970,0.5715488940477371,0.41946589201688766,0.15208299458026886,
0,260816,matched,MATCHED_Rayleigh,RNND_Zhu,971,0.6713218688964844,0.497512124478817,0.1738097481429577,
0,260816,matched,MATCHED_Rayleigh,RNND_Zhu,972,0.6333424374461174,0.4654182493686676,0.1679241843521595,
0,260816,matched,MATCHED_Rayleigh,RNND_Zhu,973,0.6498282477259636,0.48263735324144363,0.16719089820981026,
0,260816,matched,MATCHED_Rayleigh,RNND_Zhu,974,0.544232465326786,0.39590151607990265,0.1483309455215931,
0,260816,matched,MATCHED_Rayleigh,RNND_Zhu,975,0.7264727205038071,0.5466106608510017,0.17986204475164413,
0,260816,matched,MATCHED_Rayleigh,RNND_Zhu,976,0.5040577799081802,0.3594631180167198,0.14459465816617012,
0,260816,matched,MATCHED_Rayleigh,RNND_Zhu,977,0.547490805387497,0.3955320343375206,0.15195877104997635,
0,260816,matched,MATCHED_Rayleigh,RNND_Zhu,978,0.6155404597520828,0.4576776996254921,0.15786276012659073,
0,260816,matched,MATCHED_Rayleigh,RNND_Zhu,979,0.6336449980735779,0.4726877510547638,0.16095726564526558,
0,260816,matched,MATCHED_Rayleigh,RNND_Zhu,980,0.5034469738602638,0.3621705546975136,0.14127641543745995,
0,260816,matched,MATCHED_Rayleigh,RNND_Zhu,981,0.6842607408761978,0.5113061964511871,0.17295454442501068,
0,260816,matched,MATCHED_Rayleigh,RNND_Zhu,982,0.5407890751957893,0.3877229765057564,0.15306609496474266,
0,260816,matched,MATCHED_Rayleigh,RNND_Zhu,983,0.6743374019861221,0.5045986771583557,0.1697387434542179,
0,260816,matched,MATCHED_Rayleigh,RNND_Zhu,984,0.6671787351369858,0.4964033216238022,0.1707754097878933,
0,260816,matched,MATCHED_Rayleigh,RNND_Zhu,985,0.6171449273824692,0.4535670727491379,0.1635778434574604,
0,260816,matched,MATCHED_Rayleigh,RNND_Zhu,986,0.761920876801014,0.5732769444584846,0.188643928617239,
0,260816,matched,MATCHED_Rayleigh,RNND_Zhu,987,0.7605084627866745,0.5745200514793396,0.1859884299337864,
0,260816,matched,MATCHED_Rayleigh,RNND_Zhu,988,0.5121208429336548,0.36137428134679794,0.15074657276272774,
0,260816,matched,MATCHED_Rayleigh,RNND_Zhu,989,0.5856137424707413,0.42677371203899384,0.15884003043174744,
0,260816,matched,MATCHED_Rayleigh,RNND_Zhu,990,0.6381621807813644,0.4761908948421478,0.1619712933897972,
0,260816,matched,MATCHED_Rayleigh,RNND_Zhu,991,0.6660233587026596,0.4960573688149452,0.16996598988771439,
0,260816,matched,MATCHED_Rayleigh,RNND_Zhu,992,0.5832282900810242,0.4254341498017311,0.15779414772987366,
0,260816,matched,MATCHED_Rayleigh,RNND_Zhu,993,0.6887984126806259,0.5141780972480774,0.17462032288312912,
0,260816,matched,MATCHED_Rayleigh,RNND_Zhu,994,0.661317378282547,0.49645186215639114,0.16486552357673645,
0,260816,matched,MATCHED_Rayleigh,RNND_Zhu,995,0.619383305311203,0.4543210417032242,0.16506226360797882,
0,260816,matched,MATCHED_Rayleigh,RNND_Zhu,996,0.7496847659349442,0.5658196806907654,0.18386506289243698,
0,260816,matched,MATCHED_Rayleigh,RNND_Zhu,997,0.686815470457077,0.5185590237379074,0.16825645044445992,
0,260816,matched,MATCHED_Rayleigh,RNND_Zhu,998,0.6111350208520889,0.4515330493450165,0.15960196778178215,
0,260816,matched,MATCHED_Rayleigh,RNND_Zhu,999,0.5304464101791382,0.37967240810394287,0.15077399834990501,
0,260816,matched,MATCHED_Rayleigh,RNND_Zhu,1000,0.6752239912748337,0.5017981976270676,0.17342578992247581,-0.5335292705320093
0,260816,matched,MATCHED_Rayleigh,RNND_Zhu,1001,0.6296827644109726,0.4720466360449791,0.1576361283659935,
0,260816,matched,MATCHED_Rayleigh,RNND_Zhu,1002,0.763639971613884,0.5766293704509735,0.18701061233878136,
0,260816,matched,MATCHED_Rayleigh,RNND_Zhu,1003,0.7352892011404037,0.5570334494113922,0.17825575172901154,
0,260816,matched,MATCHED_Rayleigh,RNND_Zhu,1004,0.5426446050405502,0.39974238723516464,0.142902210354805,
0,260816,matched,MATCHED_Rayleigh,RNND_Zhu,1005,0.6176421791315079,0.4553508087992668,0.16229136660695076,
0,260816,matched,MATCHED_Rayleigh,RNND_Zhu,1006,0.6264509856700897,0.4685377925634384,0.1579132042825222,
0,260816,matched,MATCHED_Rayleigh,RNND_Zhu,1007,0.5827779173851013,0.42081162333488464,0.16196630150079727,
0,260816,matched,MATCHED_Rayleigh,RNND_Zhu,1008,0.5839932486414909,0.4285631403326988,0.15543010085821152,
0,260816,matched,MATCHED_Rayleigh,RNND_Zhu,1009,0.5388112440705299,0.39172109216451645,0.1470901370048523,
0,260816,matched,MATCHED_Rayleigh,RNND_Zhu,1010,0.5466167777776718,0.3992292359471321,0.1473875492811203,
0,260816,matched,MATCHED_Rayleigh,RNND_Zhu,1011,0.5847196951508522,0.432921826839447,0.15179786831140518,
0,260816,matched,MATCHED_Rayleigh,RNND_Zhu,1012,0.7519300878047943,0.5725078284740448,0.1794222705066204,
0,260816,matched,MATCHED_Rayleigh,RNND_Zhu,1013,0.6250996440649033,0.4614589512348175,0.16364069655537605,
0,260816,matched,MATCHED_Rayleigh,RNND_Zhu,1014,0.6125790551304817,0.45241688936948776,0.16016216576099396,
0,260816,matched,MATCHED_Rayleigh,RNND_Zhu,1015,0.5611959397792816,0.40346362441778183,0.15773232281208038,
0,260816,matched,MATCHED_Rayleigh,RNND_Zhu,1016,0.624508872628212,0.4658765494823456,0.1586323194205761,
0,260816,matched,MATCHED_Rayleigh,RNND_Zhu,1017,0.515800341963768,0.36642903089523315,0.14937130734324455,
0,260816,matched,MATCHED_Rayleigh,RNND_Zhu,1018,0.6046654209494591,0.4392971023917198,0.16536833345890045,
0,260816,matched,MATCHED_Rayleigh,RNND_Zhu,1019,0.7490838766098022,0.5572888255119324,0.19179505109786987,
0,260816,matched,MATCHED_Rayleigh,RNND_Zhu,1020,0.6755305305123329,0.5021837279200554,0.17334679141640663,
0,260816,matched,MATCHED_Rayleigh,RNND_Zhu,1021,0.6390678957104683,0.47002214938402176,0.16904573887586594,
0,260816,matched,MATCHED_Rayleigh,RNND_Zhu,1022,0.7403207719326019,0.5581914186477661,0.18212933093309402,
0,260816,matched,MATCHED_Rayleigh,RNND_Zhu,1023,0.8245836645364761,0.6241234987974167,0.20046016946434975,
0,260816,matched,MATCHED_Rayleigh,RNND_Zhu,1024,0.5955287665128708,0.43642837554216385,0.15910039097070694,
0,260816,matched,MATCHED_Rayleigh,RNND_Zhu,1025,0.7871271222829819,0.592754140496254,0.1943729780614376,
0,260816,matched,MATCHED_Rayleigh,RNND_Zhu,1026,0.5798287987709045,0.4183337390422821,0.16149506345391273,
0,260816,matched,MATCHED_Rayleigh,RNND_Zhu,1027,0.6906897276639938,0.5204552263021469,0.17023451253771782,
0,260816,matched,MATCHED_Rayleigh,RNND_Zhu,1028,0.6489661112427711,0.4847884923219681,0.16417762264609337,
0,260816,matched,MATCHED_Rayleigh,RNND_Zhu,1029,0.6995758265256882,0.5164688602089882,0.1831069514155388,
0,260816,matched,MATCHED_Rayleigh,RNND_Zhu,1030,0.7070769518613815,0.5296963155269623,0.17738065496087074,
0,260816,matched,MATCHED_Rayleigh,RNND_Zhu,1031,0.48555082082748413,0.34492526948451996,0.14062554389238358,
0,260816,matched,MATCHED_Rayleigh,RNND_Zhu,1032,0.6493292301893234,0.47767551988363266,0.17165370285511017,
0,260816,matched,MATCHED_Rayleigh,RNND_Zhu,1033,0.6641083061695099,0.4906495064496994,0.17345880717039108,
0,260816,matched,MATCHED_Rayleigh,RNND_Zhu,1034,0.6832566857337952,0.5073142275214195,0.17594246938824654,
0,260816,matched,MATCHED_Rayleigh,RNND_Zhu,1035,0.5143848955631256,0.3696463331580162,0.1447385624051094,
0,260816,matched,MATCHED_Rayleigh,RNND_Zhu,1036,0.6962757706642151,0.5193122997879982,0.1769634708762169,
0,260816,matched,MATCHED_Rayleigh,RNND_Zhu,1037,0.704344630241394,0.5260891616344452,0.17825548350811005,
0,260816,matched,MATCHED_Rayleigh,RNND_Zhu,1038,0.6658587604761124,0.4938039034605026,0.17205485701560974,
0,260816,matched,MATCHED_Rayleigh,RNND_Zhu,1039,0.5736846998333931,0.41785816103219986,0.15582653135061264,
0,260816,matched,MATCHED_Rayleigh,RNND_Zhu,1040,0.49144166707992554,0.347665473818779,0.14377618581056595,
0,260816,matched,MATCHED_Rayleigh,RNND_Zhu,1041,0.7386529445648193,0.5581301525235176,0.18052280321717262,
0,260816,matched,MATCHED_Rayleigh,RNND_Zhu,1042,0.5426620692014694,0.3986532837152481,0.14400877431035042,
0,260816,matched,MATCHED_Rayleigh,RNND_Zhu,1043,0.7388950139284134,0.5602089986205101,0.1786860153079033,
0,260816,matched,MATCHED_Rayleigh,RNND_Zhu,1044,0.7110950201749802,0.5340103581547737,0.17708466574549675,
0,260816,matched,MATCHED_Rayleigh,RNND_Zhu,1045,0.6273821964859962,0.4661192372441292,0.16126295924186707,
0,260816,matched,MATCHED_Rayleigh,RNND_Zhu,1046,0.5757741332054138,0.4254186674952507,0.15035545080900192,
0,260816,matched,MATCHED_Rayleigh,RNND_Zhu,1047,0.7440170645713806,0.5591014474630356,0.18491562828421593,
0,260816,matched,MATCHED_Rayleigh,RNND_Zhu,1048,0.6190600097179413,0.4503101781010628,0.1687498465180397,
0,260816,matched,MATCHED_Rayleigh,RNND_Zhu,1049,0.7882551103830338,0.593885987997055,0.1943691298365593,
0,260816,matched,MATCHED_Rayleigh,RNND_Zhu,1050,0.665633961558342,0.5008778050541878,0.1647561676800251,
0,260816,matched,MATCHED_Rayleigh,RNND_Zhu,1051,0.564642071723938,0.4112313687801361,0.15341068804264069,
0,260816,matched,MATCHED_Rayleigh,RNND_Zhu,1052,0.6372313648462296,0.4731718450784683,0.16405953094363213,
0,260816,matched,MATCHED_Rayleigh,RNND_Zhu,1053,0.7242817133665085,0.5450136661529541,0.17926804721355438,
0,260816,matched,MATCHED_Rayleigh,RNND_Zhu,1054,0.6153937354683876,0.4566479027271271,0.15874582901597023,
0,260816,matched,MATCHED_Rayleigh,RNND_Zhu,1055,0.5169000625610352,0.37363580614328384,0.1432642564177513,
0,260816,matched,MATCHED_Rayleigh,RNND_Zhu,1056,0.6099362820386887,0.44916364550590515,0.1607726439833641,
0,260816,matched,MATCHED_Rayleigh,RNND_Zhu,1057,0.6961194574832916,0.5216081663966179,0.17451128736138344,
0,260816,matched,MATCHED_Rayleigh,RNND_Zhu,1058,0.5354734808206558,0.3919021114706993,0.1435713730752468,
0,260816,matched,MATCHED_Rayleigh,RNND_Zhu,1059,0.5886266976594925,0.4309876561164856,0.1576390191912651,
0,260816,matched,MATCHED_Rayleigh,RNND_Zhu,1060,0.47266387194395065,0.33300452306866646,0.1396593563258648,
0,260816,matched,MATCHED_Rayleigh,RNND_Zhu,1061,0.5779425576329231,0.42530204355716705,0.15264051407575607,
0,260816,matched,MATCHED_Rayleigh,RNND_Zhu,1062,0.5939058214426041,0.4312177151441574,0.16268809884786606,
0,260816,matched,MATCHED_Rayleigh,RNND_Zhu,1063,0.7757942080497742,0.5835057571530342,0.19228844344615936,
0,260816,matched,MATCHED_Rayleigh,RNND_Zhu,1064,0.7047224193811417,0.5327520444989204,0.17197038605809212,
0,260816,matched,MATCHED_Rayleigh,RNND_Zhu,1065,0.6397762149572372,0.48355720192193985,0.1562190130352974,
0,260816,matched,MATCHED_Rayleigh,RNND_Zhu,1066,0.6057248562574387,0.4500873386859894,0.15563752874732018,
0,260816,matched,MATCHED_Rayleigh,RNND_Zhu,1067,0.6020604372024536,0.44029700756073,0.16176342964172363,
0,260816,matched,MATCHED_Rayleigh,RNND_Zhu,1068,0.6114993914961815,0.44784677028656006,0.16365262120962143,
0,260816,matched,MATCHED_Rayleigh,RNND_Zhu,1069,0.6372612863779068,0.47488436102867126,0.16237692162394524,
0,260816,matched,MATCHED_Rayleigh,RNND_Zhu,1070,0.5903304517269135,0.4351087734103203,0.15522169694304466,
0,260816,matched,MATCHED_Rayleigh,RNND_Zhu,1071,0.5940828695893288,0.43788760900497437,0.1561952568590641,
0,260816,matched,MATCHED_Rayleigh,RNND_Zhu,1072,0.5406342297792435,0.3889087215065956,0.15172550454735756,
0,260816,matched,MATCHED_Rayleigh,RNND_Zhu,1073,0.5457498133182526,0.39318283647298813,0.15256698057055473,
0,260816,matched,MATCHED_Rayleigh,RNND_Zhu,1074,0.5633769705891609,0.4107692986726761,0.15260767564177513,
0,260816,matched,MATCHED_Rayleigh,RNND_Zhu,1075,0.6623607128858566,0.5040539652109146,0.15830673649907112,
0,260816,matched,MATCHED_Rayleigh,RNND_Zhu,1076,0.696234405040741,0.5212645158171654,0.1749698854982853,
0,260816,matched,MATCHED_Rayleigh,RNND_Zhu,1077,0.685374528169632,0.5165815129876137,0.16879302635788918,
0,260816,matched,MATCHED_Rayleigh,RNND_Zhu,1078,0.5940604954957962,0.43536269664764404,0.15869779884815216,
0,260816,matched,MATCHED_Rayleigh,RNND_Zhu,1079,0.45233065634965897,0.3097567558288574,0.14257389679551125,
0,260816,matched,MATCHED_Rayleigh,RNND_Zhu,1080,0.5567651689052582,0.4091349318623543,0.14763023890554905,
0,260816,matched,MATCHED_Rayleigh,RNND_Zhu,1081,0.6130026578903198,0.44920359551906586,0.16379908099770546,
0,260816,matched,MATCHED_Rayleigh,RNND_Zhu,1082,0.6061997190117836,0.43820109963417053,0.16799862682819366,
0,260816,matched,MATCHED_Rayleigh,RNND_Zhu,1083,0.5489468351006508,0.39559441804885864,0.15335241332650185,
0,260816,matched,MATCHED_Rayleigh,RNND_Zhu,1084,0.6008703112602234,0.44523200392723083,0.15563830733299255,
0,260816,matched,MATCHED_Rayleigh,RNND_Zhu,1085,0.6620202213525772,0.4864804670214653,0.1755397543311119,
0,260816,matched,MATCHED_Rayleigh,RNND_Zhu,1086,0.6291031688451767,0.46480755507946014,0.16429561749100685,
0,260816,matched,MATCHED_Rayleigh,RNND_Zhu,1087,0.473188653588295,0.33691366761922836,0.13627498224377632,
0,260816,matched,MATCHED_Rayleigh,RNND_Zhu,1088,0.590174213051796,0.43797653168439865,0.1521976813673973,
0,260816,matched,MATCHED_Rayleigh,RNND_Zhu,1089,0.6621985137462616,0.49040473252534866,0.17179378494620323,
0,260816,matched,MATCHED_Rayleigh,RNND_Zhu,1090,0.6332450062036514,0.46842266619205475,0.16482233628630638,
0,260816,matched,MATCHED_Rayleigh,RNND_Zhu,1091,0.5304657816886902,0.38014691323041916,0.15031887590885162,
0,260816,matched,MATCHED_Rayleigh,RNND_Zhu,1092,0.5707840397953987,0.41988224536180496,0.15090180188417435,
0,260816,matched,MATCHED_Rayleigh,RNND_Zhu,1093,0.6380353793501854,0.46169406920671463,0.17634131386876106,
0,260816,matched,MATCHED_Rayleigh,RNND_Zhu,1094,0.6371882408857346,0.4710935354232788,0.16609472408890724,
0,260816,matched,MATCHED_Rayleigh,RNND_Zhu,1095,0.55623559653759,0.4004347175359726,0.15580087527632713,
0,260816,matched,MATCHED_Rayleigh,RNND_Zhu,1096,0.5735645592212677,0.4152844324707985,0.1582801192998886,
0,260816,matched,MATCHED_Rayleigh,RNND_Zhu,1097,0.5820145457983017,0.4246809184551239,0.1573336310684681,
0,260816,matched,MATCHED_Rayleigh,RNND_Zhu,1098,0.630324050784111,0.4581180512905121,0.17220598831772804,
0,260816,matched,MATCHED_Rayleigh,RNND_Zhu,1099,0.6126546934247017,0.4554663449525833,0.15718835964798927,
0,260816,matched,MATCHED_Rayleigh,RNND_Zhu,1100,0.6156578287482262,0.45379628241062164,0.16186153143644333,
0,260816,matched,MATCHED_Rayleigh,RNND_Zhu,1101,0.5299418717622757,0.3836226910352707,0.146319180727005,
0,260816,matched,MATCHED_Rayleigh,RNND_Zhu,1102,0.6549089550971985,0.4940653294324875,0.16084362007677555,
0,260816,matched,MATCHED_Rayleigh,RNND_Zhu,1103,0.7692504823207855,0.5801544934511185,0.18909598886966705,
0,260816,matched,MATCHED_Rayleigh,RNND_Zhu,1104,0.6135872602462769,0.4498434290289879,0.16374383866786957,
0,260816,matched,MATCHED_Rayleigh,RNND_Zhu,1105,0.6123513355851173,0.44323935359716415,0.1691119745373726,
0,260816,matched,MATCHED_Rayleigh,RNND_Zhu,1106,0.6970481723546982,0.5192179083824158,0.1778302565217018,
0,260816,matched,MATCHED_Rayleigh,RNND_Zhu,1107,0.6974127292633057,0.5169882103800774,0.1804245114326477,
0,260816,matched,MATCHED_Rayleigh,RNND_Zhu,1108,0.6696465313434601,0.5029746294021606,0.16667190566658974,
0,260816,matched,MATCHED_Rayleigh,RNND_Zhu,1109,0.5679424554109573,0.4156685248017311,0.15227393433451653,
0,260816,matched,MATCHED_Rayleigh,RNND_Zhu,1110,0.6553610414266586,0.4842051938176155,0.17115584760904312,
0,260816,matched,MATCHED_Rayleigh,RNND_Zhu,1111,0.6578747183084488,0.4958176463842392,0.162057064473629,
0,260816,matched,MATCHED_Rayleigh,RNND_Zhu,1112,0.5332899838685989,0.38272374123334885,0.1505662351846695,
0,260816,matched,MATCHED_Rayleigh,RNND_Zhu,1113,0.6486068367958069,0.48705416917800903,0.16155267134308815,
0,260816,matched,MATCHED_Rayleigh,RNND_Zhu,1114,0.5758026465773582,0.42474062740802765,0.15106202103197575,
0,260816,matched,MATCHED_Rayleigh,RNND_Zhu,1115,0.5386244282126427,0.3899523429572582,0.1486720908433199,
0,260816,matched,MATCHED_Rayleigh,RNND_Zhu,1116,0.7204497754573822,0.5381031483411789,0.182346623390913,
0,260816,matched,MATCHED_Rayleigh,RNND_Zhu,1117,0.6596753895282745,0.4984709173440933,0.16120445355772972,
0,260816,matched,MATCHED_Rayleigh,RNND_Zhu,1118,0.5671965032815933,0.41584211587905884,0.1513543836772442,
0,260816,matched,MATCHED_Rayleigh,RNND_Zhu,1119,0.6397132575511932,0.47300010174512863,0.1667131632566452,
0,260816,matched,MATCHED_Rayleigh,RNND_Zhu,1120,0.6481018289923668,0.48282163590192795,0.16528020426630974,
0,260816,matched,MATCHED_Rayleigh,RNND_Zhu,1121,0.6767855733633041,0.5051217973232269,0.1716637909412384,
0,260816,matched,MATCHED_Rayleigh,RNND_Zhu,1122,0.6261626780033112,0.45952175557613373,0.16664092242717743,
0,260816,matched,MATCHED_Rayleigh,RNND_Zhu,1123,0.5568709671497345,0.4040248543024063,0.15284611284732819,
0,260816,matched,MATCHED_Rayleigh,RNND_Zhu,1124,0.6511419788002968,0.4821672663092613,0.1689747180789709,
0,260816,matched,MATCHED_Rayleigh,RNND_Zhu,1125,0.6086487919092178,0.4383610635995865,0.17028774693608284,
0,260816,matched,MATCHED_Rayleigh,RNND_Zhu,1126,0.6569948494434357,0.4878956153988838,0.16909922286868095,
0,260816,matched,MATCHED_Rayleigh,RNND_Zhu,1127,0.5889719873666763,0.42754074186086655,0.16143125668168068,
0,260816,matched,MATCHED_Rayleigh,RNND_Zhu,1128,0.7217186540365219,0.5360583961009979,0.18566026166081429,
0,260816,matched,MATCHED_Rayleigh,RNND_Zhu,1129,0.6063814461231232,0.44145745038986206,0.164924006909132,
0,260816,matched,MATCHED_Rayleigh,RNND_Zhu,1130,0.746347188949585,0.5649092346429825,0.18143795058131218,
0,260816,matched,MATCHED_Rayleigh,RNND_Zhu,1131,0.6720233336091042,0.4999116212129593,0.17211170867085457,
0,260816,matched,MATCHED_Rayleigh,RNND_Zhu,1132,0.7213610336184502,0.5402923971414566,0.18106862902641296,
0,260816,matched,MATCHED_Rayleigh,RNND_Zhu,1133,0.41530637443065643,0.2891611233353615,0.12614524364471436,
0,260816,matched,MATCHED_Rayleigh,RNND_Zhu,1134,0.6428283751010895,0.4733565226197243,0.1694718487560749,
0,260816,matched,MATCHED_Rayleigh,RNND_Zhu,1135,0.5238339155912399,0.37497203797101974,0.14886187762022018,
0,260816,matched,MATCHED_Rayleigh,RNND_Zhu,1136,0.7628266513347626,0.5797632485628128,0.18306340277194977,
0,260816,matched,MATCHED_Rayleigh,RNND_Zhu,1137,0.6444116830825806,0.4673800468444824,0.17703166231513023,
0,260816,matched,MATCHED_Rayleigh,RNND_Zhu,1138,0.5473137348890305,0.39507363736629486,0.1522400975227356,
0,260816,matched,MATCHED_Rayleigh,RNND_Zhu,1139,0.60427575558424,0.4445071667432785,0.15976860001683235,
0,260816,matched,MATCHED_Rayleigh,RNND_Zhu,1140,0.4471282586455345,0.3108076825737953,0.1363205797970295,
0,260816,matched,MATCHED_Rayleigh,RNND_Zhu,1141,0.5739089995622635,0.4204581305384636,0.1534508727490902,
0,260816,matched,MATCHED_Rayleigh,RNND_Zhu,1142,0.5465858727693558,0.39449620991945267,0.1520896479487419,
0,260816,matched,MATCHED_Rayleigh,RNND_Zhu,1143,0.6599845141172409,0.4927363842725754,0.16724812984466553,
0,260816,matched,MATCHED_Rayleigh,RNND_Zhu,1144,0.5566456094384193,0.39984576031565666,0.15679985284805298,
0,260816,matched,MATCHED_Rayleigh,RNND_Zhu,1145,0.5274156332015991,0.3766806423664093,0.15073499083518982,
0,260816,matched,MATCHED_Rayleigh,RNND_Zhu,1146,0.554899737238884,0.4022165387868881,0.15268319845199585,
0,260816,matched,MATCHED_Rayleigh,RNND_Zhu,1147,0.4631348103284836,0.32451026141643524,0.13862455263733864,
0,260816,matched,MATCHED_Rayleigh,RNND_Zhu,1148,0.5571831539273262,0.40201984345912933,0.15516331046819687,
0,260816,matched,MATCHED_Rayleigh,RNND_Zhu,1149,0.5009880810976028,0.35963024944067,0.14135782420635223,
0,260816,matched,MATCHED_Rayleigh,RNND_Zhu,1150,0.6368963420391083,0.46599192917346954,0.17090441286563873,
0,260816,matched,MATCHED_Rayleigh,RNND_Zhu,1151,0.5390388369560242,0.39045774936676025,0.14858108386397362,
0,260816,matched,MATCHED_Rayleigh,RNND_Zhu,1152,0.7526547163724899,0.5722175911068916,0.1804371364414692,
0,260816,matched,MATCHED_Rayleigh,RNND_Zhu,1153,0.46415379643440247,0.3312039002776146,0.13294988684356213,
0,260816,matched,MATCHED_Rayleigh,RNND_Zhu,1154,0.5859542042016983,0.4306770786643028,0.15527712926268578,
0,260816,matched,MATCHED_Rayleigh,RNND_Zhu,1155,0.6369616240262985,0.471680149435997,0.16528146713972092,
0,260816,matched,MATCHED_Rayleigh,RNND_Zhu,1156,0.6092686131596565,0.4472503662109375,0.16201824694871902,
0,260816,matched,MATCHED_Rayleigh,RNND_Zhu,1157,0.6229516714811325,0.45971330255270004,0.16323837265372276,
0,260816,matched,MATCHED_Rayleigh,RNND_Zhu,1158,0.5246541127562523,0.3768349438905716,0.1478191688656807,
0,260816,matched,MATCHED_Rayleigh,RNND_Zhu,1159,0.721194326877594,0.5396766662597656,0.18151766061782837,
0,260816,matched,MATCHED_Rayleigh,RNND_Zhu,1160,0.6093441769480705,0.4475332349538803,0.1618109494447708,
0,260816,matched,MATCHED_Rayleigh,RNND_Zhu,1161,0.6735414788126945,0.4990190863609314,0.17452238127589226,
0,260816,matched,MATCHED_Rayleigh,RNND_Zhu,1162,0.515643909573555,0.3643109127879143,0.1513330042362213,
0,260816,matched,MATCHED_Rayleigh,RNND_Zhu,1163,0.6125275641679764,0.4490787610411644,0.16344881430268288,
0,260816,matched,MATCHED_Rayleigh,RNND_Zhu,1164,0.6563896611332893,0.49221549928188324,0.1641741618514061,
0,260816,matched,MATCHED_Rayleigh,RNND_Zhu,1165,0.5755953714251518,0.4217640608549118,0.15383130684494972,
0,260816,matched,MATCHED_Rayleigh,RNND_Zhu,1166,0.5438753068447113,0.3884355127811432,0.1554397977888584,
0,260816,matched,MATCHED_Rayleigh,RNND_Zhu,1167,0.6381688416004181,0.4706796929240227,0.167489156126976,
0,260816,matched,MATCHED_Rayleigh,RNND_Zhu,1168,0.5297346413135529,0.38075607270002365,0.1489785686135292,
0,260816,matched,MATCHED_Rayleigh,RNND_Zhu,1169,0.6271961703896523,0.45939256995916367,0.1678035967051983,
0,260816,matched,MATCHED_Rayleigh,RNND_Zhu,1170,0.5155376419425011,0.3711155727505684,0.14442207291722298,
0,260816,matched,MATCHED_Rayleigh,RNND_Zhu,1171,0.6044467017054558,0.44286464899778366,0.16158205270767212,
0,260816,matched,MATCHED_Rayleigh,RNND_Zhu,1172,0.6239969879388809,0.45918719470500946,0.16480978950858116,
0,260816,matched,MATCHED_Rayleigh,RNND_Zhu,1173,0.6034926772117615,0.4452313408255577,0.15826132521033287,
0,260816,matched,MATCHED_Rayleigh,RNND_Zhu,1174,0.5665963888168335,0.4117925614118576,0.1548038125038147,
0,260816,matched,MATCHED_Rayleigh,RNND_Zhu,1175,0.613700196146965,0.45151690393686295,0.16218328103423119,
0,260816,matched,MATCHED_Rayleigh,RNND_Zhu,1176,0.5278180092573166,0.38328780978918076,0.14453019946813583,
0,260816,matched,MATCHED_Rayleigh,RNND_Zhu,1177,0.656395360827446,0.4853946268558502,0.17100073024630547,
0,260816,matched,MATCHED_Rayleigh,RNND_Zhu,1178,0.7921541184186935,0.6052273511886597,0.18692677095532417,
0,260816,matched,MATCHED_Rayleigh,RNND_Zhu,1179,0.6422444954514503,0.46551211178302765,0.1767323836684227,
0,260816,matched,MATCHED_Rayleigh,RNND_Zhu,1180,0.6623320877552032,0.4940904751420021,0.16824161261320114,
0,260816,matched,MATCHED_Rayleigh,RNND_Zhu,1181,0.7835859507322311,0.5892480537295341,0.1943379007279873,
0,260816,matched,MATCHED_Rayleigh,RNND_Zhu,1182,0.46225039660930634,0.33079829812049866,0.13145210593938828,
0,260816,matched,MATCHED_Rayleigh,RNND_Zhu,1183,0.6069327592849731,0.45166561752557755,0.1552671231329441,
0,260816,matched,MATCHED_Rayleigh,RNND_Zhu,1184,0.6021793931722641,0.441815510392189,0.16036388278007507,
0,260816,matched,MATCHED_Rayleigh,RNND_Zhu,1185,0.5862990468740463,0.4294766038656235,0.15682246163487434,
0,260816,matched,MATCHED_Rayleigh,RNND_Zhu,1186,0.5912187099456787,0.4261185750365257,0.1651001274585724,
0,260816,matched,MATCHED_Rayleigh,RNND_Zhu,1187,0.6469380110502243,0.4809374213218689,0.1660005785524845,
0,260816,matched,MATCHED_Rayleigh,RNND_Zhu,1188,0.5935054421424866,0.4334545433521271,0.1600508913397789,
0,260816,matched,MATCHED_Rayleigh,RNND_Zhu,1189,0.5023162215948105,0.35274285078048706,0.14957337453961372,
0,260816,matched,MATCHED_Rayleigh,RNND_Zhu,1190,0.6188665628433228,0.46297428011894226,0.15589230135083199,
0,260816,matched,MATCHED_Rayleigh,RNND_Zhu,1191,0.6290763169527054,0.45961399376392365,0.16946231946349144,
0,260816,matched,MATCHED_Rayleigh,RNND_Zhu,1192,0.7398210018873215,0.5528670251369476,0.18695396557450294,
0,260816,matched,MATCHED_Rayleigh,RNND_Zhu,1193,0.7210725545883179,0.5445120707154274,0.17656049877405167,
0,260816,matched,MATCHED_Rayleigh,RNND_Zhu,1194,0.6239794790744781,0.4575149640440941,0.16646451503038406,
0,260816,matched,MATCHED_Rayleigh,RNND_Zhu,1195,0.47740910947322845,0.33468133956193924,0.1427277736365795,
0,260816,matched,MATCHED_Rayleigh,RNND_Zhu,1196,0.5359893590211868,0.39108583331108093,0.1449035257101059,
0,260816,matched,MATCHED_Rayleigh,RNND_Zhu,1197,0.5869117677211761,0.4247495159506798,0.16216224804520607,
0,260816,matched,MATCHED_Rayleigh,RNND_Zhu,1198,0.6394078359007835,0.4761284589767456,0.16327938437461853,
0,260816,matched,MATCHED_Rayleigh,RNND_Zhu,1199,0.6164178848266602,0.44566427916288376,0.1707536093890667,
0,260816,matched,MATCHED_Rayleigh,RNND_Zhu,1200,0.594065710902214,0.43676188588142395,0.1573038175702095,-0.5401491047586172
0,260816,matched,MATCHED_Rayleigh,RNND_Zhu,1201,0.5046277791261673,0.36311134323477745,0.1415164340287447,
0,260816,matched,MATCHED_Rayleigh,RNND_Zhu,1202,0.6453595608472824,0.4772803261876106,0.16807924211025238,
0,260816,matched,MATCHED_Rayleigh,RNND_Zhu,1203,0.609031431376934,0.447278767824173,0.16175265610218048,
0,260816,matched,MATCHED_Rayleigh,RNND_Zhu,1204,0.5578526556491852,0.3989083021879196,0.15894435718655586,
0,260816,matched,MATCHED_Rayleigh,RNND_Zhu,1205,0.6287090480327606,0.46234019100666046,0.16636885330080986,
0,260816,matched,MATCHED_Rayleigh,RNND_Zhu,1206,0.5849019810557365,0.42447299510240555,0.16042898036539555,
0,260816,matched,MATCHED_Rayleigh,RNND_Zhu,1207,0.5732906013727188,0.41945719718933105,0.15383340418338776,
0,260816,matched,MATCHED_Rayleigh,RNND_Zhu,1208,0.6095778346061707,0.45037326216697693,0.15920458734035492,
0,260816,matched,MATCHED_Rayleigh,RNND_Zhu,1209,0.5579512119293213,0.40485652536153793,0.15309466794133186,
0,260816,matched,MATCHED_Rayleigh,RNND_Zhu,1210,0.4893357381224632,0.3463115245103836,0.14302420616149902,
0,260816,matched,MATCHED_Rayleigh,RNND_Zhu,1211,0.6060416027903557,0.44767580181360245,0.15836580097675323,
0,260816,matched,MATCHED_Rayleigh,RNND_Zhu,1212,0.7067141160368919,0.5229401811957359,0.183773934841156,
0,260816,matched,MATCHED_Rayleigh,RNND_Zhu,1213,0.5411098226904869,0.3926740735769272,0.14843574166297913,
0,260816,matched,MATCHED_Rayleigh,RNND_Zhu,1214,0.6446259990334511,0.4804152101278305,0.16421080194413662,
0,260816,matched,MATCHED_Rayleigh,RNND_Zhu,1215,0.567023292183876,0.40891504287719727,0.15810824185609818,
0,260816,matched,MATCHED_Rayleigh,RNND_Zhu,1216,0.43175072222948074,0.29986463487148285,0.1318860836327076,
0,260816,matched,MATCHED_Rayleigh,RNND_Zhu,1217,0.5795364677906036,0.42502738535404205,0.15450908243656158,
0,260816,matched,MATCHED_Rayleigh,RNND_Zhu,1218,0.5900417044758797,0.4342002719640732,0.1558414362370968,
0,260816,matched,MATCHED_Rayleigh,RNND_Zhu,1219,0.5228763222694397,0.37208762019872665,0.15078870579600334,
0,260816,matched,MATCHED_Rayleigh,RNND_Zhu,1220,0.5713707506656647,0.4197322800755501,0.151638463139534,
0,260816,matched,MATCHED_Rayleigh,RNND_Zhu,1221,0.617008738219738,0.4532710462808609,0.1637376993894577,
0,260816,matched,MATCHED_Rayleigh,RNND_Zhu,1222,0.6476521119475365,0.47565843164920807,0.1719936765730381,
0,260816,matched,MATCHED_Rayleigh,RNND_Zhu,1223,0.4834942892193794,0.3377222269773483,0.1457720585167408,
0,260816,matched,MATCHED_Rayleigh,RNND_Zhu,1224,0.6351724192500114,0.46575283259153366,0.16941957734525204,
0,260816,matched,MATCHED_Rayleigh,RNND_Zhu,1225,0.799008771777153,0.6118038445711136,0.18720492348074913,
0,260816,matched,MATCHED_Rayleigh,RNND_Zhu,1226,0.6133021339774132,0.45580071210861206,0.15750142559409142,
0,260816,matched,MATCHED_Rayleigh,RNND_Zhu,1227,0.6546226143836975,0.4880755618214607,0.16654707491397858,
0,260816,matched,MATCHED_Rayleigh,RNND_Zhu,1228,0.6464117839932442,0.47848938405513763,0.16792238876223564,
0,260816,matched,MATCHED_Rayleigh,RNND_Zhu,1229,0.6151235997676849,0.45733436197042465,0.1577892303466797,
0,260816,matched,MATCHED_Rayleigh,RNND_Zhu,1230,0.5858094394207001,0.431278795003891,0.15453065745532513,
0,260816,matched,MATCHED_Rayleigh,RNND_Zhu,1231,0.6677779108285904,0.4998350590467453,0.1679428331553936,
0,260816,matched,MATCHED_Rayleigh,RNND_Zhu,1232,0.5974382162094116,0.43655794113874435,0.16088027879595757,
0,260816,matched,MATCHED_Rayleigh,RNND_Zhu,1233,0.5008001327514648,0.35986360907554626,0.14093652740120888,
0,260816,matched,MATCHED_Rayleigh,RNND_Zhu,1234,0.6655174046754837,0.4904005527496338,0.17511684820055962,
0,260816,matched,MATCHED_Rayleigh,RNND_Zhu,1235,0.5687086209654808,0.4095770940184593,0.1591315157711506,
0,260816,matched,MATCHED_Rayleigh,RNND_Zhu,1236,0.5598133951425552,0.40130985528230667,0.15850352868437767,
0,260816,matched,MATCHED_Rayleigh,RNND_Zhu,1237,0.571321651339531,0.41525744646787643,0.1560642085969448,
0,260816,matched,MATCHED_Rayleigh,RNND_Zhu,1238,0.6178978532552719,0.4580635577440262,0.15983429178595543,
0,260816,matched,MATCHED_Rayleigh,RNND_Zhu,1239,0.5964347273111343,0.4396737292408943,0.15676099061965942,
0,260816,matched,MATCHED_Rayleigh,RNND_Zhu,1240,0.5151900053024292,0.3659116253256798,0.14927837252616882,
0,260816,matched,MATCHED_Rayleigh,RNND_Zhu,1241,0.6042877361178398,0.4404352977871895,0.16385244578123093,
0,260816,matched,MATCHED_Rayleigh,RNND_Zhu,1242,0.5915710479021072,0.43757762014865875,0.15399343892931938,
0,260816,matched,MATCHED_Rayleigh,RNND_Zhu,1243,0.6063558831810951,0.44342343509197235,0.16293245553970337,
0,260816,matched,MATCHED_Rayleigh,RNND_Zhu,1244,0.5862574651837349,0.42900674790143967,0.15725070983171463,
0,260816,matched,MATCHED_Rayleigh,RNND_Zhu,1245,0.5726151466369629,0.413190022110939,0.15942512825131416,
0,260816,matched,MATCHED_Rayleigh,RNND_Zhu,1246,0.510463647544384,0.3614140525460243,0.14904959499835968,
0,260816,matched,MATCHED_Rayleigh,RNND_Zhu,1247,0.6419235914945602,0.4685801863670349,0.17334341630339622,
0,260816,matched,MATCHED_Rayleigh,RNND_Zhu,1248,0.48738718032836914,0.34829557687044144,0.139091607183218,
0,260816,matched,MATCHED_Rayleigh,RNND_Zhu,1249,0.6117203533649445,0.4553830921649933,0.15633725002408028,
0,260816,matched,MATCHED_Rayleigh,RNND_Zhu,1250,0.5874819308519363,0.4286484643816948,0.15883346647024155,
0,260816,matched,MATCHED_Rayleigh,RNND_Zhu,1251,0.5226997584104538,0.3779250830411911,0.1447746679186821,
0,260816,matched,MATCHED_Rayleigh,RNND_Zhu,1252,0.5857268497347832,0.4310227707028389,0.15470408275723457,
0,260816,matched,MATCHED_Rayleigh,RNND_Zhu,1253,0.49794238805770874,0.35326608270406723,0.1446763016283512,
0,260816,matched,MATCHED_Rayleigh,RNND_Zhu,1254,0.5320688933134079,0.385062076151371,0.1470068171620369,
0,260816,matched,MATCHED_Rayleigh,RNND_Zhu,1255,0.5071981325745583,0.36944926530122757,0.13774888031184673,
0,260816,matched,MATCHED_Rayleigh,RNND_Zhu,1256,0.7334907650947571,0.5498961508274078,0.18359462171792984,
0,260816,matched,MATCHED_Rayleigh,RNND_Zhu,1257,0.4959486126899719,0.3521924614906311,0.14375615119934082,
0,260816,matched,MATCHED_Rayleigh,RNND_Zhu,1258,0.5134705379605293,0.3655105456709862,0.14795999228954315,
0,260816,matched,MATCHED_Rayleigh,RNND_Zhu,1259,0.6298042759299278,0.45694098621606827,0.17286329343914986,
0,260816,matched,MATCHED_Rayleigh,RNND_Zhu,1260,0.5300878956913948,0.37500912696123123,0.15507876500487328,
0,260816,matched,MATCHED_Rayleigh,RNND_Zhu,1261,0.5305234268307686,0.3777416720986366,0.15278175473213196,
0,260816,matched,MATCHED_Rayleigh,RNND_Zhu,1262,0.7269580364227295,0.5449419841170311,0.1820160411298275,
0,260816,matched,MATCHED_Rayleigh,RNND_Zhu,1263,0.5785983055830002,0.4198252111673355,0.15877309069037437,
0,260816,matched,MATCHED_Rayleigh,RNND_Zhu,1264,0.44445380568504333,0.31061529368162155,0.13383851572871208,
0,260816,matched,MATCHED_Rayleigh,RNND_Zhu,1265,0.6466925740242004,0.4789157435297966,0.16777684912085533,
0,260816,matched,MATCHED_Rayleigh,RNND_Zhu,1266,0.6075261384248734,0.4493403136730194,0.15818582475185394,
0,260816,matched,MATCHED_Rayleigh,RNND_Zhu,1267,0.5767404809594154,0.4239208996295929,0.15281957760453224,
0,260816,matched,MATCHED_Rayleigh,RNND_Zhu,1268,0.5053262114524841,0.3587597534060478,0.14656646735966206,
0,260816,matched,MATCHED_Rayleigh,RNND_Zhu,1269,0.6011705994606018,0.44321175664663315,0.15795883536338806,
0,260816,matched,MATCHED_Rayleigh,RNND_Zhu,1270,0.5286779850721359,0.379465714097023,0.14921225234866142,
0,260816,matched,MATCHED_Rayleigh,RNND_Zhu,1271,0.7007553577423096,0.5120598003268242,0.18869556114077568,
0,260816,matched,MATCHED_Rayleigh,RNND_Zhu,1272,0.6647050008177757,0.4918642193078995,0.17284077033400536,
0,260816,matched,MATCHED_Rayleigh,RNND_Zhu,1273,0.6211724281311035,0.45145532488822937,0.16971710324287415,
0,260816,matched,MATCHED_Rayleigh,RNND_Zhu,1274,0.5910944864153862,0.42782944440841675,0.16326505318284035,
0,260816,matched,MATCHED_Rayleigh,RNND_Zhu,1275,0.6271567195653915,0.46119868755340576,0.16595803201198578,
0,260816,matched,MATCHED_Rayleigh,RNND_Zhu,1276,0.6968356817960739,0.518200121819973,0.17863556742668152,
0,260816,matched,MATCHED_Rayleigh,RNND_Zhu,1277,0.6102087497711182,0.4529740437865257,0.15723469108343124,
0,260816,matched,MATCHED_Rayleigh,RNND_Zhu,1278,0.5103010684251785,0.361444853246212,0.14885620400309563,
0,260816,matched,MATCHED_Rayleigh,RNND_Zhu,1279,0.7194318175315857,0.5398510470986366,0.17958077788352966,
0,260816,matched,MATCHED_Rayleigh,RNND_Zhu,1280,0.5799904614686966,0.4239530935883522,0.1560373567044735,
0,260816,matched,MATCHED_Rayleigh,RNND_Zhu,1281,0.5390642806887627,0.38691388070583344,0.15215040370821953,
0,260816,matched,MATCHED_Rayleigh,RNND_Zhu,1282,0.5648998469114304,0.40999531000852585,0.1549045331776142,
0,260816,matched,MATCHED_Rayleigh,RNND_Zhu,1283,0.6468715965747833,0.475661963224411,0.1712096408009529,
0,260816,matched,MATCHED_Rayleigh,RNND_Zhu,1284,0.5345106050372124,0.3828168623149395,0.15169375389814377,
0,260816,matched,MATCHED_Rayleigh,RNND_Zhu,1285,0.5568054988980293,0.4005862697958946,0.1562192291021347,
0,260816,matched,MATCHED_Rayleigh,RNND_Zhu,1286,0.6420271545648575,0.4740377515554428,0.16798941045999527,
0,260816,matched,MATCHED_Rayleigh,RNND_Zhu,1287,0.5631025731563568,0.4099251329898834,0.15317744761705399,
0,260816,matched,MATCHED_Rayleigh,RNND_Zhu,1288,0.6207323521375656,0.4591670259833336,0.16156532242894173,
0,260816,matched,MATCHED_Rayleigh,RNND_Zhu,1289,0.4275849387049675,0.29622527211904526,0.1313596609979868,
0,260816,matched,MATCHED_Rayleigh,RNND_Zhu,1290,0.6482103019952774,0.4798468202352524,0.16836349293589592,
0,260816,matched,MATCHED_Rayleigh,RNND_Zhu,1291,0.6015506684780121,0.4419277161359787,0.1596229411661625,
0,260816,matched,MATCHED_Rayleigh,RNND_Zhu,1292,0.6956281810998917,0.5120896548032761,0.1835385262966156,
0,260816,matched,MATCHED_Rayleigh,RNND_Zhu,1293,0.575372576713562,0.4165530353784561,0.1588195450603962,
0,260816,matched,MATCHED_Rayleigh,RNND_Zhu,1294,0.6583990454673767,0.4875909462571144,0.1708080992102623,
0,260816,matched,MATCHED_Rayleigh,RNND_Zhu,1295,0.7140370905399323,0.5378410965204239,0.17619599401950836,
0,260816,matched,MATCHED_Rayleigh,RNND_Zhu,1296,0.5960709527134895,0.4374421238899231,0.15862881764769554,
0,260816,matched,MATCHED_Rayleigh,RNND_Zhu,1297,0.4472450017929077,0.3047345504164696,0.14251045137643814,
0,260816,matched,MATCHED_Rayleigh,RNND_Zhu,1298,0.5271178036928177,0.37697285413742065,0.15014494583010674,
0,260816,matched,MATCHED_Rayleigh,RNND_Zhu,1299,0.6506583392620087,0.4796532317996025,0.17100511491298676,
0,260816,matched,MATCHED_Rayleigh,RNND_Zhu,1300,0.5643521994352341,0.4036179929971695,0.16073421761393547,
0,260816,matched,MATCHED_Rayleigh,RNND_Zhu,1301,0.49616388976573944,0.3545953631401062,0.14156852662563324,
0,260816,matched,MATCHED_Rayleigh,RNND_Zhu,1302,0.5925976261496544,0.428044855594635,0.16455276682972908,
0,260816,matched,MATCHED_Rayleigh,RNND_Zhu,1303,0.537408635020256,0.39217276126146317,0.14523587003350258,
0,260816,matched,MATCHED_Rayleigh,RNND_Zhu,1304,0.5123979225754738,0.3689645379781723,0.14343339204788208,
0,260816,matched,MATCHED_Rayleigh,RNND_Zhu,1305,0.6944753676652908,0.5163440033793449,0.1781313680112362,
0,260816,matched,MATCHED_Rayleigh,RNND_Zhu,1306,0.5709429532289505,0.41522806882858276,0.15571488812565804,
0,260816,matched,MATCHED_Rayleigh,RNND_Zhu,1307,0.5574719905853271,0.4050670191645622,0.15240495651960373,
0,260816,matched,MATCHED_Rayleigh,RNND_Zhu,1308,0.6313115879893303,0.46509999781847,0.1662115901708603,
0,260816,matched,MATCHED_Rayleigh,RNND_Zhu,1309,0.6564401686191559,0.4848019927740097,0.17163816466927528,
0,260816,matched,MATCHED_Rayleigh,RNND_Zhu,1310,0.5755590870976448,0.4173279330134392,0.15823115408420563,
0,260816,matched,MATCHED_Rayleigh,RNND_Zhu,1311,0.6051455587148666,0.4398823454976082,0.16526320576667786,
0,260816,matched,MATCHED_Rayleigh,RNND_Zhu,1312,0.6899691224098206,0.5106780529022217,0.17929105833172798,
0,260816,matched,MATCHED_Rayleigh,RNND_Zhu,1313,0.6634063869714737,0.4882635027170181,0.17514288797974586,
0,260816,matched,MATCHED_Rayleigh,RNND_Zhu,1314,0.6085635125637054,0.4478931128978729,0.16067039966583252,
0,260816,matched,MATCHED_Rayleigh,RNND_Zhu,1315,0.6958288699388504,0.5157781094312668,0.1800507716834545,
0,260816,matched,MATCHED_Rayleigh,RNND_Zhu,1316,0.5233360975980759,0.3740766644477844,0.14925943687558174,
0,260816,matched,MATCHED_Rayleigh,RNND_Zhu,1317,0.6175882890820503,0.45120999217033386,0.16637830063700676,
0,260816,matched,MATCHED_Rayleigh,RNND_Zhu,1318,0.4966460019350052,0.3519504889845848,0.14469550922513008,
0,260816,matched,MATCHED_Rayleigh,RNND_Zhu,1319,0.6137625724077225,0.4508907422423363,0.162871815264225,
0,260816,matched,MATCHED_Rayleigh,RNND_Zhu,1320,0.5052069202065468,0.3560653254389763,0.1491415984928608,
0,260816,matched,MATCHED_Rayleigh,RNND_Zhu,1321,0.6390881836414337,0.4683205559849739,0.17076760903000832,
0,260816,matched,MATCHED_Rayleigh,RNND_Zhu,1322,0.6427254751324654,0.47557686269283295,0.16714860871434212,
0,260816,matched,MATCHED_Rayleigh,RNND_Zhu,1323,0.6987149566411972,0.531801387667656,0.16691358014941216,
0,260816,matched,MATCHED_Rayleigh,RNND_Zhu,1324,0.7695849239826202,0.5875495076179504,0.1820354163646698,
0,260816,matched,MATCHED_Rayleigh,RNND_Zhu,1325,0.6176199465990067,0.45679638534784317,0.16082355752587318,
0,260816,matched,MATCHED_Rayleigh,RNND_Zhu,1326,0.5685325860977173,0.4106278344988823,0.157904751598835,
0,260816,matched,MATCHED_Rayleigh,RNND_Zhu,1327,0.5484003722667694,0.39774736762046814,0.15065300092101097,
0,260816,matched,MATCHED_Rayleigh,RNND_Zhu,1328,0.5831311717629433,0.42624443024396896,0.1568867526948452,
0,260816,matched,MATCHED_Rayleigh,RNND_Zhu,1329,0.6534314081072807,0.4831034690141678,0.17032793536782265,
0,260816,matched,MATCHED_Rayleigh,RNND_Zhu,1330,0.5125151723623276,0.3617008849978447,0.15081428736448288,
0,260816,matched,MATCHED_Rayleigh,RNND_Zhu,1331,0.6185653433203697,0.45305077731609344,0.16551455110311508,
0,260816,matched,MATCHED_Rayleigh,RNND_Zhu,1332,0.5531909316778183,0.39983484148979187,0.15335607901215553,
0,260816,matched,MATCHED_Rayleigh,RNND_Zhu,1333,0.5874581634998322,0.4262823462486267,0.16117580607533455,
0,260816,matched,MATCHED_Rayleigh,RNND_Zhu,1334,0.6879305392503738,0.5135249979794025,0.1744055487215519,
0,260816,matched,MATCHED_Rayleigh,RNND_Zhu,1335,0.7207231670618057,0.5347308292984962,0.18599233031272888,
0,260816,matched,MATCHED_Rayleigh,RNND_Zhu,1336,0.5181310996413231,0.36711132526397705,0.15101976320147514,
0,260816,matched,MATCHED_Rayleigh,RNND_Zhu,1337,0.6841250956058502,0.507054053246975,0.17707104980945587,
0,260816,matched,MATCHED_Rayleigh,RNND_Zhu,1338,0.6242547184228897,0.4534124806523323,0.17084221169352531,
0,260816,matched,MATCHED_Rayleigh,RNND_Zhu,1339,0.657571330666542,0.4924236834049225,0.16514763236045837,
0,260816,matched,MATCHED_Rayleigh,RNND_Zhu,1340,0.6418715342879295,0.4798285588622093,0.1620429828763008,
0,260816,matched,MATCHED_Rayleigh,RNND_Zhu,1341,0.5429953336715698,0.3899608552455902,0.1530344858765602,
0,260816,matched,MATCHED_Rayleigh,RNND_Zhu,1342,0.5104411914944649,0.3651653602719307,0.14527582190930843,
0,260816,matched,MATCHED_Rayleigh,RNND_Zhu,1343,0.5239833444356918,0.36979924887418747,0.15418410301208496,
0,260816,matched,MATCHED_Rayleigh,RNND_Zhu,1344,0.5993068739771843,0.43389469385147095,0.16541218385100365,
0,260816,matched,MATCHED_Rayleigh,RNND_Zhu,1345,0.5477261543273926,0.3970823884010315,0.15064375661313534,
0,260816,matched,MATCHED_Rayleigh,RNND_Zhu,1346,0.5775857716798782,0.4181599020957947,0.15942586213350296,
0,260816,matched,MATCHED_Rayleigh,RNND_Zhu,1347,0.5968507528305054,0.4361000955104828,0.16075065732002258,
0,260816,matched,MATCHED_Rayleigh,RNND_Zhu,1348,0.5740209296345711,0.4094311073422432,0.16458982601761818,
0,260816,matched,MATCHED_Rayleigh,RNND_Zhu,1349,0.5313588827848434,0.3805972933769226,0.15076158940792084,
0,260816,matched,MATCHED_Rayleigh,RNND_Zhu,1350,0.6583803296089172,0.4898654967546463,0.16851483285427094,
0,260816,matched,MATCHED_Rayleigh,RNND_Zhu,1351,0.5848515555262566,0.4251251220703125,0.15972643345594406,
0,260816,matched,MATCHED_Rayleigh,RNND_Zhu,1352,0.7124765515327454,0.5364303514361382,0.1760461963713169,
0,260816,matched,MATCHED_Rayleigh,RNND_Zhu,1353,0.46123673021793365,0.32568828016519547,0.1355484500527382,
0,260816,matched,MATCHED_Rayleigh,RNND_Zhu,1354,0.5506693422794342,0.39854811877012253,0.15212121978402138,
0,260816,matched,MATCHED_Rayleigh,RNND_Zhu,1355,0.5441655963659286,0.39324145019054413,0.15092414245009422,
0,260816,matched,MATCHED_Rayleigh,RNND_Zhu,1356,0.5167740732431412,0.3738279789686203,0.14294611103832722,
0,260816,matched,MATCHED_Rayleigh,RNND_Zhu,1357,0.5540553480386734,0.4037105366587639,0.15034480206668377,
0,260816,matched,MATCHED_Rayleigh,RNND_Zhu,1358,0.49068935215473175,0.35095248743891716,0.1397368684411049,
0,260816,matched,MATCHED_Rayleigh,RNND_Zhu,1359,0.6353148594498634,0.46632660925388336,0.16898822784423828,
0,260816,matched,MATCHED_Rayleigh,RNND_Zhu,1360,0.5960947424173355,0.4336397051811218,0.16245503723621368,
0,260816,matched,MATCHED_Rayleigh,RNND_Zhu,1361,0.5199626907706261,0.36989425122737885,0.15006843209266663,
0,260816,matched,MATCHED_Rayleigh,RNND_Zhu,1362,0.5357466042041779,0.382577121257782,0.15316949412226677,
0,260816,matched,MATCHED_Rayleigh,RNND_Zhu,1363,0.516876831650734,0.37431003898382187,0.14256679639220238,
0,260816,matched,MATCHED_Rayleigh,RNND_Zhu,1364,0.5652502402663231,0.4096057787537575,0.1556444689631462,
0,260816,matched,MATCHED_Rayleigh,RNND_Zhu,1365,0.5073371529579163,0.3635184317827225,0.14381872862577438,
0,260816,matched,MATCHED_Rayleigh,RNND_Zhu,1366,0.6390324383974075,0.47577687352895737,0.16325556486845016,
0,260816,matched,MATCHED_Rayleigh,RNND_Zhu,1367,0.5643680095672607,0.40681418776512146,0.15755381807684898,
0,260816,matched,MATCHED_Rayleigh,RNND_Zhu,1368,0.6956422626972198,0.517777569591999,0.1778646782040596,
0,260816,matched,MATCHED_Rayleigh,RNND_Zhu,1369,0.5438663959503174,0.3925319015979767,0.1513344906270504,
0,260816,matched,MATCHED_Rayleigh,RNND_Zhu,1370,0.6164671331644058,0.4462011605501175,0.17026597261428833,
0,260816,matched,MATCHED_Rayleigh,RNND_Zhu,1371,0.5241179019212723,0.36768247932195663,0.15643542259931564,
0,260816,matched,MATCHED_Rayleigh,RNND_Zhu,1372,0.6137651428580284,0.4541683495044708,0.15959680080413818,
0,260816,matched,MATCHED_Rayleigh,RNND_Zhu,1373,0.6882086992263794,0.5123955234885216,0.17581318318843842,
0,260816,matched,MATCHED_Rayleigh,RNND_Zhu,1374,0.46331503987312317,0.31834347546100616,0.144971564412117,
0,260816,matched,MATCHED_Rayleigh,RNND_Zhu,1375,0.5673601925373077,0.4118330776691437,0.15552711114287376,
0,260816,matched,MATCHED_Rayleigh,RNND_Zhu,1376,0.6089159995317459,0.4487261548638344,0.16018985956907272,
0,260816,matched,MATCHED_Rayleigh,RNND_Zhu,1377,0.5631941333413124,0.40834566205739975,0.15484847500920296,
0,260816,matched,MATCHED_Rayleigh,RNND_Zhu,1378,0.5717345997691154,0.41344381868839264,0.1582907885313034,
0,260816,matched,MATCHED_Rayleigh,RNND_Zhu,1379,0.4667808637022972,0.32576699554920197,0.1410138811916113,
0,260816,matched,MATCHED_Rayleigh,RNND_Zhu,1380,0.5956601500511169,0.4343799576163292,0.16128020361065865,
0,260816,matched,MATCHED_Rayleigh,RNND_Zhu,1381,0.6715798228979111,0.49642178416252136,0.1751580387353897,
0,260816,matched,MATCHED_Rayleigh,RNND_Zhu,1382,0.715033769607544,0.5324178338050842,0.1826159544289112,
0,260816,matched,MATCHED_Rayleigh,RNND_Zhu,1383,0.5061297491192818,0.36105697602033615,0.14507276564836502,
0,260816,matched,MATCHED_Rayleigh,RNND_Zhu,1384,0.734643243253231,0.5585192143917084,0.17612402513623238,
0,260816,matched,MATCHED_Rayleigh,RNND_Zhu,1385,0.5547313764691353,0.40169066190719604,0.15304072201251984,
0,260816,matched,MATCHED_Rayleigh,RNND_Zhu,1386,0.540719747543335,0.39203227311372757,0.148687481880188,
0,260816,matched,MATCHED_Rayleigh,RNND_Zhu,1387,0.6648045182228088,0.4902958869934082,0.17450863122940063,
0,260816,matched,MATCHED_Rayleigh,RNND_Zhu,1388,0.7256352230906487,0.5502218529582024,0.1754133626818657,
0,260816,matched,MATCHED_Rayleigh,RNND_Zhu,1389,0.665311723947525,0.49266277253627777,0.17264894396066666,
0,260816,matched,MATCHED_Rayleigh,RNND_Zhu,1390,0.5177552700042725,0.375252902507782,0.14250236749649048,
0,260816,matched,MATCHED_Rayleigh,RNND_Zhu,1391,0.64133121073246,0.474523663520813,0.16680755093693733,
0,260816,matched,MATCHED_Rayleigh,RNND_Zhu,1392,0.7756755203008652,0.5937483459711075,0.1819271817803383,
0,260816,matched,MATCHED_Rayleigh,RNND_Zhu,1393,0.5597073510289192,0.4029770642518997,0.1567302979528904,
0,260816,matched,MATCHED_Rayleigh,RNND_Zhu,1394,0.6029277741909027,0.4447188600897789,0.1582089215517044,
0,260816,matched,MATCHED_Rayleigh,RNND_Zhu,1395,0.5830228179693222,0.4226515516638756,0.16037126630544662,
0,260816,matched,MATCHED_Rayleigh,RNND_Zhu,1396,0.5712012052536011,0.4213607646524906,0.14984044060111046,
0,260816,matched,MATCHED_Rayleigh,RNND_Zhu,1397,0.6687831580638885,0.4950181916356087,0.17376495525240898,
0,260816,matched,MATCHED_Rayleigh,RNND_Zhu,1398,0.568036787211895,0.41756851971149445,0.15046824887394905,
0,260816,matched,MATCHED_Rayleigh,RNND_Zhu,1399,0.5952141433954239,0.4314501956105232,0.16376394405961037,
0,260816,matched,MATCHED_Rayleigh,RNND_Zhu,1400,0.5052151307463646,0.36015115678310394,0.14506396651268005,-0.5400487174653565
0,260816,matched,MATCHED_Rayleigh,RNND_Zhu,1401,0.642918050289154,0.47498198598623276,0.1679360792040825,
0,260816,matched,MATCHED_Rayleigh,RNND_Zhu,1402,0.573887400329113,0.41861626505851746,0.15527112782001495,
0,260816,matched,MATCHED_Rayleigh,RNND_Zhu,1403,0.6206734403967857,0.4619841054081917,0.15868934243917465,
0,260816,matched,MATCHED_Rayleigh,RNND_Zhu,1404,0.6476474404335022,0.4790039733052254,0.16864345595240593,
0,260816,matched,MATCHED_Rayleigh,RNND_Zhu,1405,0.6029832884669304,0.4451255053281784,0.15785779058933258,
0,260816,matched,MATCHED_Rayleigh,RNND_Zhu,1406,0.5322099179029465,0.38736409693956375,0.14484582096338272,
0,260816,matched,MATCHED_Rayleigh,RNND_Zhu,1407,0.6983338743448257,0.5258899480104446,0.172443937510252,
0,260816,matched,MATCHED_Rayleigh,RNND_Zhu,1408,0.6525454074144363,0.4830164611339569,0.16952893882989883,
0,260816,matched,MATCHED_Rayleigh,RNND_Zhu,1409,0.6628846377134323,0.4926893711090088,0.1701952926814556,
0,260816,matched,MATCHED_Rayleigh,RNND_Zhu,1410,0.6017111986875534,0.43569859117269516,0.16601262241601944,
0,260816,matched,MATCHED_Rayleigh,RNND_Zhu,1411,0.6594362854957581,0.47674014419317245,0.1826961375772953,
0,260816,matched,MATCHED_Rayleigh,RNND_Zhu,1412,0.43692126870155334,0.29876501485705376,0.1381562538444996,
0,260816,matched,MATCHED_Rayleigh,RNND_Zhu,1413,0.5049576386809349,0.3597203269600868,0.14523731172084808,
0,260816,matched,MATCHED_Rayleigh,RNND_Zhu,1414,0.5863995552062988,0.4198862463235855,0.16651331633329391,
0,260816,matched,MATCHED_Rayleigh,RNND_Zhu,1415,0.5899834856390953,0.43136902153491974,0.15861446782946587,
0,260816,matched,MATCHED_Rayleigh,RNND_Zhu,1416,0.6180365681648254,0.45478393882513046,0.16325262747704983,
0,260816,matched,MATCHED_Rayleigh,RNND_Zhu,1417,0.6999917775392532,0.514315128326416,0.18567665666341782,
0,260816,matched,MATCHED_Rayleigh,RNND_Zhu,1418,0.5669437497854233,0.40526846051216125,0.16167528554797173,
0,260816,matched,MATCHED_Rayleigh,RNND_Zhu,1419,0.4622091129422188,0.32624420523643494,0.13596490770578384,
0,260816,matched,MATCHED_Rayleigh,RNND_Zhu,1420,0.589327834546566,0.4262540116906166,0.1630738414824009,
0,260816,matched,MATCHED_Rayleigh,RNND_Zhu,1421,0.5961002483963966,0.43073565512895584,0.1653645969927311,
0,260816,matched,MATCHED_Rayleigh,RNND_Zhu,1422,0.6605815440416336,0.491247795522213,0.16933375969529152,
0,260816,matched,MATCHED_Rayleigh,RNND_Zhu,1423,0.5688997358083725,0.4149477332830429,0.1539520099759102,
0,260816,matched,MATCHED_Rayleigh,RNND_Zhu,1424,0.5229241326451302,0.37114403396844864,0.15178010240197182,
0,260816,matched,MATCHED_Rayleigh,RNND_Zhu,1425,0.6192234307527542,0.4571365490555763,0.162086870521307,
0,260816,matched,MATCHED_Rayleigh,RNND_Zhu,1426,0.49198462814092636,0.3477424308657646,0.14424220845103264,
0,260816,matched,MATCHED_Rayleigh,RNND_Zhu,1427,0.6209760084748268,0.4576004892587662,0.16337550431489944,
0,260816,matched,MATCHED_Rayleigh,RNND_Zhu,1428,0.593497522175312,0.43341178447008133,0.1600857377052307,
0,260816,matched,MATCHED_Rayleigh,RNND_Zhu,1429,0.6267079859972,0.45484765619039536,0.17186033725738525,
0,260816,matched,MATCHED_Rayleigh,RNND_Zhu,1430,0.558679535984993,0.407095268368721,0.15158426761627197,
0,260816,matched,MATCHED_Rayleigh,RNND_Zhu,1431,0.6115026026964188,0.4430922418832779,0.16841036826372147,
0,260816,matched,MATCHED_Rayleigh,RNND_Zhu,1432,0.6062080264091492,0.44105055928230286,0.16515746340155602,
0,260816,matched,MATCHED_Rayleigh,RNND_Zhu,1433,0.6064010411500931,0.4416622444987297,0.16473879665136337,
0,260816,matched,MATCHED_Rayleigh,RNND_Zhu,1434,0.54712975025177,0.3950905278325081,0.15203922241926193,
0,260816,matched,MATCHED_Rayleigh,RNND_Zhu,1435,0.5503827184438705,0.3967356011271477,0.15364712476730347,
0,260816,matched,MATCHED_Rayleigh,RNND_Zhu,1436,0.5544715821743011,0.4022180363535881,0.15225354582071304,
0,260816,matched,MATCHED_Rayleigh,RNND_Zhu,1437,0.5433197245001793,0.3928328901529312,0.15048684366047382,
0,260816,matched,MATCHED_Rayleigh,RNND_Zhu,1438,0.6799899190664291,0.49806542694568634,0.1819244958460331,
0,260816,matched,MATCHED_Rayleigh,RNND_Zhu,1439,0.618371956050396,0.450789675116539,0.16758230328559875,
0,260816,matched,MATCHED_Rayleigh,RNND_Zhu,1440,0.6119180619716644,0.4483911842107773,0.16352688521146774,
0,260816,matched,MATCHED_Rayleigh,RNND_Zhu,1441,0.559410847723484,0.40385059267282486,0.15556025505065918,
0,260816,matched,MATCHED_Rayleigh,RNND_Zhu,1442,0.6919985413551331,0.5145218297839165,0.17747671902179718,
0,260816,matched,MATCHED_Rayleigh,RNND_Zhu,1443,0.6007397547364235,0.4427419975399971,0.1579977683722973,
0,260816,matched,MATCHED_Rayleigh,RNND_Zhu,1444,0.7144506275653839,0.5344718098640442,0.17997883260250092,
0,260816,matched,MATCHED_Rayleigh,RNND_Zhu,1445,0.5021879523992538,0.3552609048783779,0.14692704379558563,
0,260816,matched,MATCHED_Rayleigh,RNND_Zhu,1446,0.730339840054512,0.5446737483143806,0.18566609732806683,
0,260816,matched,MATCHED_Rayleigh,RNND_Zhu,1447,0.4658138230443001,0.32955027371644974,0.1362635549157858,
0,260816,matched,MATCHED_Rayleigh,RNND_Zhu,1448,0.7207049876451492,0.5378325656056404,0.18287242203950882,
0,260816,matched,MATCHED_Rayleigh,RNND_Zhu,1449,0.5684197321534157,0.414605051279068,0.1538146771490574,
0,260816,matched,MATCHED_Rayleigh,RNND_Zhu,1450,0.5748089849948883,0.4147299900650978,0.1600789949297905,
0,260816,matched,MATCHED_Rayleigh,RNND_Zhu,1451,0.7609325349330902,0.5768152475357056,0.18411728739738464,
0,260816,matched,MATCHED_Rayleigh,RNND_Zhu,1452,0.5124810636043549,0.36817844212055206,0.1443026140332222,
0,260816,matched,MATCHED_Rayleigh,RNND_Zhu,1453,0.6058131158351898,0.44480448961257935,0.16100862249732018,
0,260816,matched,MATCHED_Rayleigh,RNND_Zhu,1454,0.5770599767565727,0.42027365416288376,0.15678633376955986,
0,260816,matched,MATCHED_Rayleigh,RNND_Zhu,1455,0.5998168289661407,0.43824224174022675,0.1615746021270752,
0,260816,matched,MATCHED_Rayleigh,RNND_Zhu,1456,0.5414262339472771,0.39307548105716705,0.1483507603406906,
0,260816,matched,MATCHED_Rayleigh,RNND_Zhu,1457,0.5382521003484726,0.3832467347383499,0.15500536561012268,
0,260816,matched,MATCHED_Rayleigh,RNND_Zhu,1458,0.43206848204135895,0.2956848181784153,0.13638366013765335,
0,260816,matched,MATCHED_Rayleigh,RNND_Zhu,1459,0.6324567645788193,0.4674884006381035,0.1649683527648449,
0,260816,matched,MATCHED_Rayleigh,RNND_Zhu,1460,0.6033271104097366,0.4400680214166641,0.1632590815424919,
0,260816,matched,MATCHED_Rayleigh,RNND_Zhu,1461,0.5644882917404175,0.4095572382211685,0.15493104979395866,
0,260816,matched,MATCHED_Rayleigh,RNND_Zhu,1462,0.5013818740844727,0.3549676164984703,0.1464142557233572,
0,260816,matched,MATCHED_Rayleigh,RNND_Zhu,1463,0.544912114739418,0.3946431428194046,0.15026897564530373,
0,260816,matched,MATCHED_Rayleigh,RNND_Zhu,1464,0.4453999772667885,0.3067830801010132,0.138616893440485,
0,260816,matched,MATCHED_Rayleigh,RNND_Zhu,1465,0.47894032299518585,0.3358648046851158,0.14307551831007004,
0,260816,matched,MATCHED_Rayleigh,RNND_Zhu,1466,0.5694542676210403,0.41308775544166565,0.1563665233552456,
0,260816,matched,MATCHED_Rayleigh,RNND_Zhu,1467,0.7119402140378952,0.5357876345515251,0.17615260183811188,
0,260816,matched,MATCHED_Rayleigh,RNND_Zhu,1468,0.57589902728796,0.41825582832098007,0.15764320269227028,
0,260816,matched,MATCHED_Rayleigh,RNND_Zhu,1469,0.637009933590889,0.4714388847351074,0.16557104885578156,
0,260816,matched,MATCHED_Rayleigh,RNND_Zhu,1470,0.5650034546852112,0.4101242944598198,0.15487916767597198,
0,260816,matched,MATCHED_Rayleigh,RNND_Zhu,1471,0.7434531897306442,0.5543168559670448,0.1891363300383091,
0,260816,matched,MATCHED_Rayleigh,RNND_Zhu,1472,0.5713194012641907,0.4156372994184494,0.15568210557103157,
0,260816,matched,MATCHED_Rayleigh,RNND_Zhu,1473,0.4618287906050682,0.31859593093395233,0.14323285967111588,
0,260816,matched,MATCHED_Rayleigh,RNND_Zhu,1474,0.5529794842004776,0.39733876287937164,0.15564071759581566,
0,260816,matched,MATCHED_Rayleigh,RNND_Zhu,1475,0.564347617328167,0.41130367666482925,0.1530439294874668,
0,260816,matched,MATCHED_Rayleigh,RNND_Zhu,1476,0.566087119281292,0.40716152638196945,0.15892557799816132,
0,260816,matched,MATCHED_Rayleigh,RNND_Zhu,1477,0.5541874915361404,0.40009407699108124,0.1540934070944786,
0,260816,matched,MATCHED_Rayleigh,RNND_Zhu,1478,0.5917496383190155,0.43667852133512497,0.15507111698389053,
0,260816,matched,MATCHED_Rayleigh,RNND_Zhu,1479,0.6160498261451721,0.4462195113301277,0.1698303110897541,
0,260816,matched,MATCHED_Rayleigh,RNND_Zhu,1480,0.5310297533869743,0.3798404112458229,0.15118933096528053,
0,260816,matched,MATCHED_Rayleigh,RNND_Zhu,1481,0.7030820250511169,0.5268042981624603,0.17627772688865662,
0,260816,matched,MATCHED_Rayleigh,RNND_Zhu,1482,0.6032410264015198,0.44322243332862854,0.16001858189702034,
0,260816,matched,MATCHED_Rayleigh,RNND_Zhu,1483,0.5400962978601456,0.3849986121058464,0.15509769320487976,
0,260816,matched,MATCHED_Rayleigh,RNND_Zhu,1484,0.5329887345433235,0.3816193714737892,0.1513693630695343,
0,260816,matched,MATCHED_Rayleigh,RNND_Zhu,1485,0.604522280395031,0.44211579859256744,0.16240647807717323,
0,260816,matched,MATCHED_Rayleigh,RNND_Zhu,1486,0.670123279094696,0.49736544489860535,0.1727578304708004,
0,260816,matched,MATCHED_Rayleigh,RNND_Zhu,1487,0.5604255795478821,0.39878371357917786,0.16164186969399452,
0,260816,matched,MATCHED_Rayleigh,RNND_Zhu,1488,0.6343219578266144,0.46683719009160995,0.16748476773500443,
0,260816,matched,MATCHED_Rayleigh,RNND_Zhu,1489,0.796086773276329,0.5942100435495377,0.20187673345208168,
0,260816,matched,MATCHED_Rayleigh,RNND_Zhu,1490,0.6437614262104034,0.4768197685480118,0.16694165021181107,
0,260816,matched,MATCHED_Rayleigh,RNND_Zhu,1491,0.6822290271520615,0.5083516165614128,0.17387741804122925,
0,260816,matched,MATCHED_Rayleigh,RNND_Zhu,1492,0.6073406934738159,0.4466650038957596,0.16067568585276604,
0,260816,matched,MATCHED_Rayleigh,RNND_Zhu,1493,0.5332058668136597,0.3851969987154007,0.14800887182354927,
0,260816,matched,MATCHED_Rayleigh,RNND_Zhu,1494,0.6425927132368088,0.4783402979373932,0.1642524152994156,
0,260816,matched,MATCHED_Rayleigh,RNND_Zhu,1495,0.5852412953972816,0.4246941953897476,0.16054710373282433,
0,260816,matched,MATCHED_Rayleigh,RNND_Zhu,1496,0.5474616214632988,0.39485052973032,0.15261109173297882,
0,260816,matched,MATCHED_Rayleigh,RNND_Zhu,1497,0.5423187762498856,0.38501903787255287,0.1572997383773327,
0,260816,matched,MATCHED_Rayleigh,RNND_Zhu,1498,0.5262108817696571,0.37958699464797974,0.146623894572258,
0,260816,matched,MATCHED_Rayleigh,RNND_Zhu,1499,0.5932938307523727,0.4346056804060936,0.15868816152215004,
0,260816,matched,MATCHED_Rayleigh,RNND_Zhu,1500,0.5951416045427322,0.4355012774467468,0.15964031592011452,
0,260816,matched,MATCHED_Rayleigh,RNND_Zhu,1501,0.5831511691212654,0.42219574749469757,0.16095541790127754,
0,260816,matched,MATCHED_Rayleigh,RNND_Zhu,1502,0.5118538588285446,0.3702072575688362,0.14164660684764385,
0,260816,matched,MATCHED_Rayleigh,RNND_Zhu,1503,0.454875685274601,0.31621989607810974,0.13865578919649124,
0,260816,matched,MATCHED_Rayleigh,RNND_Zhu,1504,0.6070374324917793,0.44787393510341644,0.1591634899377823,
0,260816,matched,MATCHED_Rayleigh,RNND_Zhu,1505,0.6296216994524002,0.4687212184071541,0.16090048477053642,
0,260816,matched,MATCHED_Rayleigh,RNND_Zhu,1506,0.5669816061854362,0.40798843652009964,0.1589931882917881,
0,260816,matched,MATCHED_Rayleigh,RNND_Zhu,1507,0.5639667883515358,0.40693043544888496,0.15703635662794113,
0,260816,matched,MATCHED_Rayleigh,RNND_Zhu,1508,0.6692613214254379,0.49411875009536743,0.1751425713300705,
0,260816,matched,MATCHED_Rayleigh,RNND_Zhu,1509,0.5130395889282227,0.366197794675827,0.14684179052710533,
0,260816,matched,MATCHED_Rayleigh,RNND_Zhu,1510,0.7464429661631584,0.5606400817632675,0.1858028769493103,
0,260816,matched,MATCHED_Rayleigh,RNND_Zhu,1511,0.6243395060300827,0.45596424490213394,0.16837526485323906,
0,260816,matched,MATCHED_Rayleigh,RNND_Zhu,1512,0.49886853992938995,0.35385555028915405,0.1450129970908165,
0,260816,matched,MATCHED_Rayleigh,RNND_Zhu,1513,0.5054500102996826,0.3594764694571495,0.14597353339195251,
0,260816,matched,MATCHED_Rayleigh,RNND_Zhu,1514,0.6353066116571426,0.4707077443599701,0.16459887474775314,
0,260816,matched,MATCHED_Rayleigh,RNND_Zhu,1515,0.6123878061771393,0.4485348165035248,0.1638529747724533,
0,260816,matched,MATCHED_Rayleigh,RNND_Zhu,1516,0.566471204161644,0.4098798856139183,0.15659132227301598,
0,260816,matched,MATCHED_Rayleigh,RNND_Zhu,1517,0.5835199058055878,0.426175594329834,0.15734431147575378,
0,260816,matched,MATCHED_Rayleigh,RNND_Zhu,1518,0.5625699311494827,0.4081585854291916,0.15441135689616203,
0,260816,matched,MATCHED_Rayleigh,RNND_Zhu,1519,0.7070312052965164,0.5212416499853134,0.185789555311203,
0,260816,matched,MATCHED_Rayleigh,RNND_Zhu,1520,0.6243859976530075,0.46056290715932846,0.16382310166954994,
0,260816,matched,MATCHED_Rayleigh,RNND_Zhu,1521,0.5099373459815979,0.3653446361422539,0.14459270983934402,
0,260816,matched,MATCHED_Rayleigh,RNND_Zhu,1522,0.5523856282234192,0.39690082520246506,0.15548479184508324,
0,260816,matched,MATCHED_Rayleigh,RNND_Zhu,1523,0.6552008092403412,0.4868718907237053,0.1683289296925068,
0,260816,matched,MATCHED_Rayleigh,RNND_Zhu,1524,0.519829161465168,0.3679681345820427,0.1518610306084156,
0,260816,matched,MATCHED_Rayleigh,RNND_Zhu,1525,0.6225972026586533,0.45211468636989594,0.17048252373933792,
0,260816,matched,MATCHED_Rayleigh,RNND_Zhu,1526,0.6285939514636993,0.45450954884290695,0.1740844026207924,
0,260816,matched,MATCHED_Rayleigh,RNND_Zhu,1527,0.6799008250236511,0.5023090839385986,0.17759176343679428,
0,260816,matched,MATCHED_Rayleigh,RNND_Zhu,1528,0.643024668097496,0.47401298582553864,0.1690116971731186,
0,260816,matched,MATCHED_Rayleigh,RNND_Zhu,1529,0.42758484184741974,0.293119665235281,0.13446518033742905,
0,260816,matched,MATCHED_Rayleigh,RNND_Zhu,1530,0.5953411385416985,0.43825312703847885,0.1570880077779293,
0,260816,matched,MATCHED_Rayleigh,RNND_Zhu,1531,0.5781756192445755,0.4135332703590393,0.1646423563361168,
0,260816,matched,MATCHED_Rayleigh,RNND_Zhu,1532,0.65976682305336,0.48620230704545975,0.17356452345848083,
0,260816,matched,MATCHED_Rayleigh,RNND_Zhu,1533,0.5128907114267349,0.3627297133207321,0.1501609981060028,
0,260816,matched,MATCHED_Rayleigh,RNND_Zhu,1534,0.5537046641111374,0.39941276609897614,0.15429188311100006,
0,260816,matched,MATCHED_Rayleigh,RNND_Zhu,1535,0.5575061738491058,0.4033156782388687,0.15419050678610802,
0,260816,matched,MATCHED_Rayleigh,RNND_Zhu,1536,0.464649960398674,0.32369033992290497,0.14095962047576904,
0,260816,matched,MATCHED_Rayleigh,RNND_Zhu,1537,0.5326186716556549,0.3815446123480797,0.15107405930757523,
0,260816,matched,MATCHED_Rayleigh,RNND_Zhu,1538,0.6333105191588402,0.4638177901506424,0.16949274018406868,
0,260816,matched,MATCHED_Rayleigh,RNND_Zhu,1539,0.5399922430515289,0.3895046338438988,0.15048761293292046,
0,260816,matched,MATCHED_Rayleigh,RNND_Zhu,1540,0.572484977543354,0.4183689318597317,0.15411603637039661,
0,260816,matched,MATCHED_Rayleigh,RNND_Zhu,1541,0.5431212782859802,0.38427356630563736,0.15884770825505257,
0,260816,matched,MATCHED_Rayleigh,RNND_Zhu,1542,0.6534164324402809,0.4779506176710129,0.17546580731868744,
0,260816,matched,MATCHED_Rayleigh,RNND_Zhu,1543,0.5813333839178085,0.42328283190727234,0.1580505520105362,
0,260816,matched,MATCHED_Rayleigh,RNND_Zhu,1544,0.5825223848223686,0.4265305995941162,0.1559918001294136,
0,260816,matched,MATCHED_Rayleigh,RNND_Zhu,1545,0.590505838394165,0.4310629889369011,0.15944283455610275,
0,260816,matched,MATCHED_Rayleigh,RNND_Zhu,1546,0.615206241607666,0.4529929608106613,0.1622132658958435,
0,260816,matched,MATCHED_Rayleigh,RNND_Zhu,1547,0.6250092834234238,0.4529842510819435,0.17202502489089966,
0,260816,matched,MATCHED_Rayleigh,RNND_Zhu,1548,0.5436326414346695,0.39089295268058777,0.15273968502879143,
0,260816,matched,MATCHED_Rayleigh,RNND_Zhu,1549,0.6378726735711098,0.47897086292505264,0.15890182182192802,
0,260816,matched,MATCHED_Rayleigh,RNND_Zhu,1550,0.6554274708032608,0.4830402731895447,0.17238719388842583,
0,260816,matched,MATCHED_Rayleigh,RNND_Zhu,1551,0.5348440408706665,0.38290727883577347,0.15193676203489304,
0,260816,matched,MATCHED_Rayleigh,RNND_Zhu,1552,0.69003626704216,0.5091706663370132,0.1808655969798565,
0,260816,matched,MATCHED_Rayleigh,RNND_Zhu,1553,0.6783772259950638,0.5040257424116135,0.17435146495699883,
0,260816,matched,MATCHED_Rayleigh,RNND_Zhu,1554,0.5489733889698982,0.3984988443553448,0.1504745539277792,
0,260816,matched,MATCHED_Rayleigh,RNND_Zhu,1555,0.4867306798696518,0.34029849618673325,0.14643219113349915,
0,260816,matched,MATCHED_Rayleigh,RNND_Zhu,1556,0.6284858137369156,0.46270881220698357,0.16577699594199657,
0,260816,matched,MATCHED_Rayleigh,RNND_Zhu,1557,0.5946124494075775,0.43156102299690247,0.16305143386125565,
0,260816,matched,MATCHED_Rayleigh,RNND_Zhu,1558,0.6352891772985458,0.46883510798215866,0.16645408049225807,
0,260816,matched,MATCHED_Rayleigh,RNND_Zhu,1559,0.6271282583475113,0.46207645535469055,0.16505179926753044,
0,260816,matched,MATCHED_Rayleigh,RNND_Zhu,1560,0.7526938691735268,0.5671476721763611,0.18554618209600449,
0,260816,matched,MATCHED_Rayleigh,RNND_Zhu,1561,0.761313259601593,0.5738139003515244,0.18749936297535896,
0,260816,matched,MATCHED_Rayleigh,RNND_Zhu,1562,0.5733785033226013,0.41478364169597626,0.15859486535191536,
0,260816,matched,MATCHED_Rayleigh,RNND_Zhu,1563,0.5890911221504211,0.43337133526802063,0.15571978315711021,
0,260816,matched,MATCHED_Rayleigh,RNND_Zhu,1564,0.5653588399291039,0.41344548761844635,0.1519133485853672,
0,260816,matched,MATCHED_Rayleigh,RNND_Zhu,1565,0.4424653500318527,0.3035958260297775,0.1388695314526558,
0,260816,matched,MATCHED_Rayleigh,RNND_Zhu,1566,0.60773815959692,0.4416299983859062,0.1661081612110138,
0,260816,matched,MATCHED_Rayleigh,RNND_Zhu,1567,0.635746456682682,0.4666399136185646,0.16910654306411743,
0,260816,matched,MATCHED_Rayleigh,RNND_Zhu,1568,0.5367903858423233,0.3845769315958023,0.1522134616971016,
0,260816,matched,MATCHED_Rayleigh,RNND_Zhu,1569,0.5201701819896698,0.37204593420028687,0.14812425151467323,
0,260816,matched,MATCHED_Rayleigh,RNND_Zhu,1570,0.5085882097482681,0.36074596270918846,0.14784224517643452,
0,260816,matched,MATCHED_Rayleigh,RNND_Zhu,1571,0.5587124824523926,0.40618760883808136,0.15252487361431122,
0,260816,matched,MATCHED_Rayleigh,RNND_Zhu,1572,0.46681787073612213,0.3279867097735405,0.13883116096258163,
0,260816,matched,MATCHED_Rayleigh,RNND_Zhu,1573,0.48012837767601013,0.3385236784815788,0.1416047029197216,
0,260816,matched,MATCHED_Rayleigh,RNND_Zhu,1574,0.5818028151988983,0.4238903746008873,0.15791244059801102,
0,260816,matched,MATCHED_Rayleigh,RNND_Zhu,1575,0.5840423852205276,0.4236629828810692,0.16037941724061966,
0,260816,matched,MATCHED_Rayleigh,RNND_Zhu,1576,0.781351163983345,0.5927121564745903,0.18863901123404503,
0,260816,matched,MATCHED_Rayleigh,RNND_Zhu,1577,0.614493727684021,0.4483960345387459,0.16609768941998482,
0,260816,matched,MATCHED_Rayleigh,RNND_Zhu,1578,0.5395044758915901,0.38962893187999725,0.14987554773688316,
0,260816,matched,MATCHED_Rayleigh,RNND_Zhu,1579,0.6525538042187691,0.4887215495109558,0.16383226215839386,
0,260816,matched,MATCHED_Rayleigh,RNND_Zhu,1580,0.4578753188252449,0.3176008015871048,0.1402745172381401,
0,260816,matched,MATCHED_Rayleigh,RNND_Zhu,1581,0.5917757153511047,0.42977388203144073,0.1620018295943737,
0,260816,matched,MATCHED_Rayleigh,RNND_Zhu,1582,0.5887271985411644,0.43115660548210144,0.15757058933377266,
0,260816,matched,MATCHED_Rayleigh,RNND_Zhu,1583,0.6008846163749695,0.4352516457438469,0.1656329594552517,
0,260816,matched,MATCHED_Rayleigh,RNND_Zhu,1584,0.5534756407141685,0.3901996836066246,0.16327593475580215,
0,260816,matched,MATCHED_Rayleigh,RNND_Zhu,1585,0.5874524563550949,0.43115630745887756,0.15629614517092705,
0,260816,matched,MATCHED_Rayleigh,RNND_Zhu,1586,0.5967687889933586,0.4318164139986038,0.1649523638188839,
0,260816,matched,MATCHED_Rayleigh,RNND_Zhu,1587,0.5209160670638084,0.366604819893837,0.15431124344468117,
0,260816,matched,MATCHED_Rayleigh,RNND_Zhu,1588,0.5897431671619415,0.4286678805947304,0.1610752809792757,
0,260816,matched,MATCHED_Rayleigh,RNND_Zhu,1589,0.4900202378630638,0.3471316620707512,0.14288858324289322,
0,260816,matched,MATCHED_Rayleigh,RNND_Zhu,1590,0.5149021148681641,0.3636046350002289,0.15129748173058033,
0,260816,matched,MATCHED_Rayleigh,RNND_Zhu,1591,0.5452971011400223,0.39746958017349243,0.14782752096652985,
0,260816,matched,MATCHED_Rayleigh,RNND_Zhu,1592,0.4779061898589134,0.33756065368652344,0.1403455287218094,
0,260816,matched,MATCHED_Rayleigh,RNND_Zhu,1593,0.6497186422348022,0.4862273260951042,0.16349131241440773,
0,260816,matched,MATCHED_Rayleigh,RNND_Zhu,1594,0.6260119825601578,0.45712535083293915,0.16888663172721863,
0,260816,matched,MATCHED_Rayleigh,RNND_Zhu,1595,0.7801185548305511,0.5823971778154373,0.19772138074040413,
0,260816,matched,MATCHED_Rayleigh,RNND_Zhu,1596,0.4760659784078598,0.33629245311021805,0.139773515984416,
0,260816,matched,MATCHED_Rayleigh,RNND_Zhu,1597,0.7126033082604408,0.5290104895830154,0.18359281867742538,
0,260816,matched,MATCHED_Rayleigh,RNND_Zhu,1598,0.6773312911391258,0.5029679983854294,0.17436328902840614,
0,260816,matched,MATCHED_Rayleigh,RNND_Zhu,1599,0.5688991099596024,0.41456665098667145,0.1543324775993824,
0,260816,matched,MATCHED_Rayleigh,RNND_Zhu,1600,0.5741085708141327,0.4148002415895462,0.1593083217740059,-0.5429757574383639
0,260816,matched,MATCHED_Rayleigh,RNND_Zhu,1601,0.497962087392807,0.35599783062934875,0.14196425676345825,
0,260816,matched,MATCHED_Rayleigh,RNND_Zhu,1602,0.47320375591516495,0.33772315829992294,0.13548059202730656,
0,260816,matched,MATCHED_Rayleigh,RNND_Zhu,1603,0.582391269505024,0.42243606597185135,0.1599551998078823,
0,260816,matched,MATCHED_Rayleigh,RNND_Zhu,1604,0.5256443470716476,0.3800121545791626,0.14563218504190445,
0,260816,matched,MATCHED_Rayleigh,RNND_Zhu,1605,0.5761016830801964,0.4188535809516907,0.1572481095790863,
0,260816,matched,MATCHED_Rayleigh,RNND_Zhu,1606,0.6023873686790466,0.4381769597530365,0.16421042382717133,
0,260816,matched,MATCHED_Rayleigh,RNND_Zhu,1607,0.4478100910782814,0.30539366602897644,0.1424164306372404,
0,260816,matched,MATCHED_Rayleigh,RNND_Zhu,1608,0.5706241354346275,0.4101168066263199,0.16050730645656586,
0,260816,matched,MATCHED_Rayleigh,RNND_Zhu,1609,0.5876377075910568,0.4270976036787033,0.16054010391235352,
0,260816,matched,MATCHED_Rayleigh,RNND_Zhu,1610,0.5459218099713326,0.3943593129515648,0.15156248584389687,
0,260816,matched,MATCHED_Rayleigh,RNND_Zhu,1611,0.5650242567062378,0.41307902336120605,0.15194523334503174,
0,260816,matched,MATCHED_Rayleigh,RNND_Zhu,1612,0.6073155701160431,0.44442959874868393,0.16288597509264946,
0,260816,matched,MATCHED_Rayleigh,RNND_Zhu,1613,0.4707864969968796,0.3302917331457138,0.14049475267529488,
0,260816,matched,MATCHED_Rayleigh,RNND_Zhu,1614,0.4243035092949867,0.2979116663336754,0.1263918410986662,
0,260816,matched,MATCHED_Rayleigh,RNND_Zhu,1615,0.49883830547332764,0.3475245237350464,0.15131378546357155,
0,260816,matched,MATCHED_Rayleigh,RNND_Zhu,1616,0.5986983329057693,0.4363563805818558,0.16234194114804268,
0,260816,matched,MATCHED_Rayleigh,RNND_Zhu,1617,0.49114327877759933,0.3463318571448326,0.14481142535805702,
0,260816,matched,MATCHED_Rayleigh,RNND_Zhu,1618,0.6569906249642372,0.4826228395104408,0.1743677854537964,
0,260816,matched,MATCHED_Rayleigh,RNND_Zhu,1619,0.6456018537282944,0.4765467196702957,0.16905514523386955,
0,260816,matched,MATCHED_Rayleigh,RNND_Zhu,1620,0.5971749201416969,0.4381633475422859,0.1590115800499916,
0,260816,matched,MATCHED_Rayleigh,RNND_Zhu,1621,0.6391193866729736,0.4686262905597687,0.17049308866262436,
0,260816,matched,MATCHED_Rayleigh,RNND_Zhu,1622,0.4598149433732033,0.31443730741739273,0.14537763968110085,
0,260816,matched,MATCHED_Rayleigh,RNND_Zhu,1623,0.5638893321156502,0.4033755473792553,0.160513773560524,
0,260816,matched,MATCHED_Rayleigh,RNND_Zhu,1624,0.6135237812995911,0.4391873702406883,0.17433639988303185,
0,260816,matched,MATCHED_Rayleigh,RNND_Zhu,1625,0.5708796009421349,0.41243065148591995,0.1584489606320858,
0,260816,matched,MATCHED_Rayleigh,RNND_Zhu,1626,0.6247300133109093,0.4669518992304802,0.15777811035513878,
0,260816,matched,MATCHED_Rayleigh,RNND_Zhu,1627,0.6146271526813507,0.4565414488315582,0.15808570384979248,
0,260816,matched,MATCHED_Rayleigh,RNND_Zhu,1628,0.5456121563911438,0.3839818611741066,0.1616302952170372,
0,260816,matched,MATCHED_Rayleigh,RNND_Zhu,1629,0.5622228756546974,0.4045088589191437,0.15771402418613434,
0,260816,matched,MATCHED_Rayleigh,RNND_Zhu,1630,0.6612189412117004,0.4900091513991356,0.17120978236198425,
0,260816,matched,MATCHED_Rayleigh,RNND_Zhu,1631,0.6695848852396011,0.49548736959695816,0.17409749701619148,
0,260816,matched,MATCHED_Rayleigh,RNND_Zhu,1632,0.5810143649578094,0.41917189210653305,0.161842480301857,
0,260816,matched,MATCHED_Rayleigh,RNND_Zhu,1633,0.7017512619495392,0.5243260562419891,0.17742519453167915,
0,260816,matched,MATCHED_Rayleigh,RNND_Zhu,1634,0.4459906741976738,0.299891572445631,0.14609910547733307,
0,260816,matched,MATCHED_Rayleigh,RNND_Zhu,1635,0.5644500106573105,0.40773042291402817,0.15671958029270172,
0,260816,matched,MATCHED_Rayleigh,RNND_Zhu,1636,0.35652539134025574,0.2352398857474327,0.12128550559282303,
0,260816,matched,MATCHED_Rayleigh,RNND_Zhu,1637,0.8012825399637222,0.6042119860649109,0.19707055389881134,
0,260816,matched,MATCHED_Rayleigh,RNND_Zhu,1638,0.457736536860466,0.3159914053976536,0.14174512028694153,
0,260816,matched,MATCHED_Rayleigh,RNND_Zhu,1639,0.5858107507228851,0.42257699370384216,0.16323376446962357,
0,260816,matched,MATCHED_Rayleigh,RNND_Zhu,1640,0.6736008375883102,0.501929484307766,0.17167134582996368,
0,260816,matched,MATCHED_Rayleigh,RNND_Zhu,1641,0.6000235006213188,0.43655045330524445,0.16347303614020348,
0,260816,matched,MATCHED_Rayleigh,RNND_Zhu,1642,0.7234500348567963,0.5408645421266556,0.1825854741036892,
0,260816,matched,MATCHED_Rayleigh,RNND_Zhu,1643,0.6277797520160675,0.46086855232715607,0.16691120713949203,
0,260816,matched,MATCHED_Rayleigh,RNND_Zhu,1644,0.4706248492002487,0.33110979944467545,0.13951504603028297,
0,260816,matched,MATCHED_Rayleigh,RNND_Zhu,1645,0.6388146579265594,0.46938326954841614,0.1694313809275627,
0,260816,matched,MATCHED_Rayleigh,RNND_Zhu,1646,0.4971025437116623,0.3556591644883156,0.14144336059689522,
0,260816,matched,MATCHED_Rayleigh,RNND_Zhu,1647,0.4839004948735237,0.3432183638215065,0.1406821273267269,
0,260816,matched,MATCHED_Rayleigh,RNND_Zhu,1648,0.642072007060051,0.47600501775741577,0.1660670042037964,
0,260816,matched,MATCHED_Rayleigh,RNND_Zhu,1649,0.678801879286766,0.5033904016017914,0.17541147023439407,
0,260816,matched,MATCHED_Rayleigh,RNND_Zhu,1650,0.6228562518954277,0.4540117681026459,0.16884448006749153,
0,260816,matched,MATCHED_Rayleigh,RNND_Zhu,1651,0.5041343793272972,0.3553076721727848,0.148826714605093,
0,260816,matched,MATCHED_Rayleigh,RNND_Zhu,1652,0.6303103193640709,0.4619055986404419,0.1684047281742096,
0,260816,matched,MATCHED_Rayleigh,RNND_Zhu,1653,0.6044809818267822,0.4408249408006668,0.16365604102611542,
0,260816,matched,MATCHED_Rayleigh,RNND_Zhu,1654,0.45591089129447937,0.31761662662029266,0.138294268399477,
0,260816,matched,MATCHED_Rayleigh,RNND_Zhu,1655,0.5993038564920425,0.43443910777568817,0.16486475616693497,
0,260816,matched,MATCHED_Rayleigh,RNND_Zhu,1656,0.5739782452583313,0.4161531552672386,0.15782508626580238,
0,260816,matched,MATCHED_Rayleigh,RNND_Zhu,1657,0.7260404080152512,0.5445726662874222,0.18146774172782898,
0,260816,matched,MATCHED_Rayleigh,RNND_Zhu,1658,0.5753604546189308,0.4173465594649315,0.15801389887928963,
0,260816,matched,MATCHED_Rayleigh,RNND_Zhu,1659,0.4955742433667183,0.34697776287794113,0.14859648421406746,
0,260816,matched,MATCHED_Rayleigh,RNND_Zhu,1660,0.47405682504177094,0.3363725617527962,0.1376842688769102,
0,260816,matched,MATCHED_Rayleigh,RNND_Zhu,1661,0.6136830151081085,0.4488683491945267,0.16481466591358185,
0,260816,matched,MATCHED_Rayleigh,RNND_Zhu,1662,0.5524574816226959,0.39269084483385086,0.15976662933826447,
0,260816,matched,MATCHED_Rayleigh,RNND_Zhu,1663,0.5707634091377258,0.4132406562566757,0.1575227603316307,
0,260816,matched,MATCHED_Rayleigh,RNND_Zhu,1664,0.6146572157740593,0.457466296851635,0.15719091147184372,
0,260816,matched,MATCHED_Rayleigh,RNND_Zhu,1665,0.5802367180585861,0.4177800863981247,0.16245663538575172,
0,260816,matched,MATCHED_Rayleigh,RNND_Zhu,1666,0.5919956341385841,0.43176113069057465,0.1602345034480095,
0,260816,matched,MATCHED_Rayleigh,RNND_Zhu,1667,0.5359918177127838,0.3876757472753525,0.14831607416272163,
0,260816,matched,MATCHED_Rayleigh,RNND_Zhu,1668,0.6688903570175171,0.4939187914133072,0.1749715693295002,
0,260816,matched,MATCHED_Rayleigh,RNND_Zhu,1669,0.5124115347862244,0.3649684712290764,0.14744304865598679,
0,260816,matched,MATCHED_Rayleigh,RNND_Zhu,1670,0.4859655126929283,0.3396829143166542,0.1462826021015644,
0,260816,matched,MATCHED_Rayleigh,RNND_Zhu,1671,0.5657222494482994,0.40708593651652336,0.15863631665706635,
0,260816,matched,MATCHED_Rayleigh,RNND_Zhu,1672,0.47837501764297485,0.3397954851388931,0.13857953622937202,
0,260816,matched,MATCHED_Rayleigh,RNND_Zhu,1673,0.5534361600875854,0.40240591764450073,0.15103024244308472,
0,260816,matched,MATCHED_Rayleigh,RNND_Zhu,1674,0.6593786329030991,0.493314690887928,0.16606396436691284,
0,260816,matched,MATCHED_Rayleigh,RNND_Zhu,1675,0.6286088898777962,0.4606312960386276,0.16797758638858795,
0,260816,matched,MATCHED_Rayleigh,RNND_Zhu,1676,0.47270192950963974,0.3276549205183983,0.14504701644182205,
0,260816,matched,MATCHED_Rayleigh,RNND_Zhu,1677,0.49869389086961746,0.35536257922649384,0.14333130419254303,
0,260816,matched,MATCHED_Rayleigh,RNND_Zhu,1678,0.6817993819713593,0.5027538165450096,0.17904556170105934,
0,260816,matched,MATCHED_Rayleigh,RNND_Zhu,1679,0.670330211520195,0.4930980056524277,0.17723220214247704,
0,260816,matched,MATCHED_Rayleigh,RNND_Zhu,1680,0.4484409987926483,0.3116326667368412,0.13680832460522652,
0,260816,matched,MATCHED_Rayleigh,RNND_Zhu,1681,0.5434609949588776,0.3934169411659241,0.1500440649688244,
0,260816,matched,MATCHED_Rayleigh,RNND_Zhu,1682,0.6105631440877914,0.4484195336699486,0.16214359924197197,
0,260816,matched,MATCHED_Rayleigh,RNND_Zhu,1683,0.627501979470253,0.46318644285202026,0.16431553661823273,
0,260816,matched,MATCHED_Rayleigh,RNND_Zhu,1684,0.49137669056653976,0.3512702062726021,0.14010648801922798,
0,260816,matched,MATCHED_Rayleigh,RNND_Zhu,1685,0.5289651826024055,0.3760117068886757,0.15295347571372986,
0,260816,matched,MATCHED_Rayleigh,RNND_Zhu,1686,0.590331569314003,0.42872631549835205,0.16160525754094124,
0,260816,matched,MATCHED_Rayleigh,RNND_Zhu,1687,0.4071650430560112,0.2783057652413845,0.128859281539917,
0,260816,matched,MATCHED_Rayleigh,RNND_Zhu,1688,0.5955199897289276,0.43673017621040344,0.15878981724381447,
0,260816,matched,MATCHED_Rayleigh,RNND_Zhu,1689,0.7640451788902283,0.5782096087932587,0.1858355700969696,
0,260816,matched,MATCHED_Rayleigh,RNND_Zhu,1690,0.6379610747098923,0.46462006866931915,0.17334100604057312,
0,260816,matched,MATCHED_Rayleigh,RNND_Zhu,1691,0.5448615252971649,0.38880130648612976,0.15606021508574486,
0,260816,matched,MATCHED_Rayleigh,RNND_Zhu,1692,0.6551544591784477,0.4827810078859329,0.17237346060574055,
0,260816,matched,MATCHED_Rayleigh,RNND_Zhu,1693,0.506451740860939,0.3555212840437889,0.150930467993021,
0,260816,matched,MATCHED_Rayleigh,RNND_Zhu,1694,0.534325011074543,0.38351255655288696,0.15081246383488178,
0,260816,matched,MATCHED_Rayleigh,RNND_Zhu,1695,0.5506913289427757,0.3994702249765396,0.15122108720242977,
0,260816,matched,MATCHED_Rayleigh,RNND_Zhu,1696,0.6499906554818153,0.4785791262984276,0.17141150683164597,
0,260816,matched,MATCHED_Rayleigh,RNND_Zhu,1697,0.6595107018947601,0.48811863362789154,0.1713920645415783,
0,260816,matched,MATCHED_Rayleigh,RNND_Zhu,1698,0.4625263065099716,0.32202284783124924,0.14050346612930298,
0,260816,matched,MATCHED_Rayleigh,RNND_Zhu,1699,0.6002854555845261,0.4431491047143936,0.15713635087013245,
0,260816,matched,MATCHED_Rayleigh,RNND_Zhu,1700,0.622516542673111,0.4565174728631973,0.16599907353520393,
0,260816,matched,MATCHED_Rayleigh,RNND_Zhu,1701,0.579880103468895,0.42493920773267746,0.1549408994615078,
0,260816,matched,MATCHED_Rayleigh,RNND_Zhu,1702,0.580173023045063,0.41510646790266037,0.1650665532797575,
0,260816,matched,MATCHED_Rayleigh,RNND_Zhu,1703,0.6594599634408951,0.48774411529302597,0.1717158444225788,
0,260816,matched,MATCHED_Rayleigh,RNND_Zhu,1704,0.7038737833499908,0.5207826718688011,0.18309111148118973,
0,260816,matched,MATCHED_Rayleigh,RNND_Zhu,1705,0.6486011147499084,0.48005738109350204,0.1685437448322773,
0,260816,matched,MATCHED_Rayleigh,RNND_Zhu,1706,0.637771487236023,0.4702532887458801,0.16751819849014282,
0,260816,matched,MATCHED_Rayleigh,RNND_Zhu,1707,0.6078794151544571,0.4467511922121048,0.1611282266676426,
0,260816,matched,MATCHED_Rayleigh,RNND_Zhu,1708,0.5805879235267639,0.4188563972711563,0.1617315486073494,
0,260816,matched,MATCHED_Rayleigh,RNND_Zhu,1709,0.6072463095188141,0.4430524855852127,0.16419384256005287,
0,260816,matched,MATCHED_Rayleigh,RNND_Zhu,1710,0.7567283064126968,0.5681686699390411,0.1885596364736557,
0,260816,matched,MATCHED_Rayleigh,RNND_Zhu,1711,0.5398010015487671,0.38576640188694,0.15403460338711739,
0,260816,matched,MATCHED_Rayleigh,RNND_Zhu,1712,0.5990153104066849,0.436112143099308,0.16290316730737686,
0,260816,matched,MATCHED_Rayleigh,RNND_Zhu,1713,0.5487981587648392,0.39061039686203003,0.15818776562809944,
0,260816,matched,MATCHED_Rayleigh,RNND_Zhu,1714,0.6493526920676231,0.4806664362549782,0.16868625581264496,
0,260816,matched,MATCHED_Rayleigh,RNND_Zhu,1715,0.46266361325979233,0.3220503702759743,0.14061324670910835,
0,260816,matched,MATCHED_Rayleigh,RNND_Zhu,1716,0.5069508701562881,0.36199528723955154,0.1449555829167366,
0,260816,matched,MATCHED_Rayleigh,RNND_Zhu,1717,0.5640805065631866,0.41178179159760475,0.1522987335920334,
0,260816,matched,MATCHED_Rayleigh,RNND_Zhu,1718,0.4924914389848709,0.3499399572610855,0.1425514705479145,
0,260816,matched,MATCHED_Rayleigh,RNND_Zhu,1719,0.5195573046803474,0.3705490157008171,0.14900829270482063,
0,260816,matched,MATCHED_Rayleigh,RNND_Zhu,1720,0.5536377504467964,0.3991975486278534,0.15444019995629787,
0,260816,matched,MATCHED_Rayleigh,RNND_Zhu,1721,0.5606766268610954,0.4063221961259842,0.15435443818569183,
0,260816,matched,MATCHED_Rayleigh,RNND_Zhu,1722,0.6083720400929451,0.4436948597431183,0.16467717662453651,
0,260816,matched,MATCHED_Rayleigh,RNND_Zhu,1723,0.5730179697275162,0.4164898209273815,0.15652813389897346,
0,260816,matched,MATCHED_Rayleigh,RNND_Zhu,1724,0.618741899728775,0.4521554633975029,0.16658643633127213,
0,260816,matched,MATCHED_Rayleigh,RNND_Zhu,1725,0.5366534441709518,0.39111534506082535,0.1455380953848362,
0,260816,matched,MATCHED_Rayleigh,RNND_Zhu,1726,0.492763951420784,0.3478418290615082,0.14492212235927582,
0,260816,matched,MATCHED_Rayleigh,RNND_Zhu,1727,0.5466786846518517,0.39430686831474304,0.15237180516123772,
0,260816,matched,MATCHED_Rayleigh,RNND_Zhu,1728,0.5486648678779602,0.39404597133398056,0.15461890771985054,
0,260816,matched,MATCHED_Rayleigh,RNND_Zhu,1729,0.5529236197471619,0.3969304710626602,0.15599313750863075,
0,260816,matched,MATCHED_Rayleigh,RNND_Zhu,1730,0.5468461737036705,0.393878236413002,0.15296794474124908,
0,260816,matched,MATCHED_Rayleigh,RNND_Zhu,1731,0.4554690271615982,0.3172887861728668,0.1381802298128605,
0,260816,matched,MATCHED_Rayleigh,RNND_Zhu,1732,0.6304870173335075,0.4638684615492821,0.16661857441067696,
0,260816,matched,MATCHED_Rayleigh,RNND_Zhu,1733,0.458554282784462,0.3126825727522373,0.14587169885635376,
0,260816,matched,MATCHED_Rayleigh,RNND_Zhu,1734,0.6431949436664581,0.46944018453359604,0.1737547554075718,
0,260816,matched,MATCHED_Rayleigh,RNND_Zhu,1735,0.6327335834503174,0.46887846291065216,0.16385513544082642,
0,260816,matched,MATCHED_Rayleigh,RNND_Zhu,1736,0.5159505158662796,0.3674933761358261,0.1484571360051632,
0,260816,matched,MATCHED_Rayleigh,RNND_Zhu,1737,0.48151733726263046,0.3392888493835926,0.14222848787903786,
0,260816,matched,MATCHED_Rayleigh,RNND_Zhu,1738,0.746744230389595,0.558600589632988,0.18814364448189735,
0,260816,matched,MATCHED_Rayleigh,RNND_Zhu,1739,0.4941120371222496,0.3472229838371277,0.14688905701041222,
0,260816,matched,MATCHED_Rayleigh,RNND_Zhu,1740,0.5421103313565254,0.3891831785440445,0.15292714536190033,
0,260816,matched,MATCHED_Rayleigh,RNND_Zhu,1741,0.5983094274997711,0.43604380264878273,0.1622656285762787,
0,260816,matched,MATCHED_Rayleigh,RNND_Zhu,1742,0.4978347718715668,0.35387445241212845,0.14396031573414803,
0,260816,matched,MATCHED_Rayleigh,RNND_Zhu,1743,0.6221823394298553,0.45606759190559387,0.16611474379897118,
0,260816,matched,MATCHED_Rayleigh,RNND_Zhu,1744,0.4628114402294159,0.3220207989215851,0.1407906413078308,
0,260816,matched,MATCHED_Rayleigh,RNND_Zhu,1745,0.7226709723472595,0.539967954158783,0.18270300701260567,
0,260816,matched,MATCHED_Rayleigh,RNND_Zhu,1746,0.4737553223967552,0.32957810908555984,0.14417721144855022,
0,260816,matched,MATCHED_Rayleigh,RNND_Zhu,1747,0.6209505945444107,0.4537128806114197,0.16723771765828133,
0,260816,matched,MATCHED_Rayleigh,RNND_Zhu,1748,0.48905234038829803,0.3474738597869873,0.14157848060131073,
0,260816,matched,MATCHED_Rayleigh,RNND_Zhu,1749,0.6347744166851044,0.464372918009758,0.17040149495005608,
0,260816,matched,MATCHED_Rayleigh,RNND_Zhu,1750,0.6228026151657104,0.45287075638771057,0.16993185132741928,
0,260816,matched,MATCHED_Rayleigh,RNND_Zhu,1751,0.5992898494005203,0.4402837008237839,0.15900616720318794,
0,260816,matched,MATCHED_Rayleigh,RNND_Zhu,1752,0.5351570248603821,0.3893159478902817,0.1458410657942295,
0,260816,matched,MATCHED_Rayleigh,RNND_Zhu,1753,0.5834084302186966,0.42029333114624023,0.16311509907245636,
0,260816,matched,MATCHED_Rayleigh,RNND_Zhu,1754,0.721238449215889,0.5428362414240837,0.17840221524238586,
0,260816,matched,MATCHED_Rayleigh,RNND_Zhu,1755,0.5323917865753174,0.3805492892861366,0.15184248983860016,
0,260816,matched,MATCHED_Rayleigh,RNND_Zhu,1756,0.5538366287946701,0.4044696316123009,0.14936700649559498,
0,260816,matched,MATCHED_Rayleigh,RNND_Zhu,1757,0.610878199338913,0.4454023763537407,0.16547581925988197,
0,260816,matched,MATCHED_Rayleigh,RNND_Zhu,1758,0.6926180124282837,0.5165081024169922,0.1761099100112915,
0,260816,matched,MATCHED_Rayleigh,RNND_Zhu,1759,0.5416399389505386,0.38617973774671555,0.1554602049291134,
0,260816,matched,MATCHED_Rayleigh,RNND_Zhu,1760,0.3855085223913193,0.26436566933989525,0.12114285305142403,
0,260816,matched,MATCHED_Rayleigh,RNND_Zhu,1761,0.5283344313502312,0.3759346008300781,0.15239983052015305,
0,260816,matched,MATCHED_Rayleigh,RNND_Zhu,1762,0.4361880347132683,0.3007015623152256,0.13548647984862328,
0,260816,matched,MATCHED_Rayleigh,RNND_Zhu,1763,0.5745361149311066,0.41459210216999054,0.15994400903582573,
0,260816,matched,MATCHED_Rayleigh,RNND_Zhu,1764,0.6344393268227577,0.46301374584436417,0.17142558470368385,
0,260816,matched,MATCHED_Rayleigh,RNND_Zhu,1765,0.5309968143701553,0.38212767243385315,0.14886914566159248,
0,260816,matched,MATCHED_Rayleigh,RNND_Zhu,1766,0.6545679718255997,0.48272862285375595,0.17183935269713402,
0,260816,matched,MATCHED_Rayleigh,RNND_Zhu,1767,0.6806488111615181,0.5049775987863541,0.17567119002342224,
0,260816,matched,MATCHED_Rayleigh,RNND_Zhu,1768,0.6211165636777878,0.4590263292193413,0.1620902307331562,
0,260816,matched,MATCHED_Rayleigh,RNND_Zhu,1769,0.5537022426724434,0.39983896911144257,0.15386328101158142,
0,260816,matched,MATCHED_Rayleigh,RNND_Zhu,1770,0.5545234978199005,0.39594901353120804,0.15857447683811188,
0,260816,matched,MATCHED_Rayleigh,RNND_Zhu,1771,0.6141382828354836,0.4475172534584999,0.16662102937698364,
0,260816,matched,MATCHED_Rayleigh,RNND_Zhu,1772,0.6260912269353867,0.4585978761315346,0.16749334335327148,
0,260816,matched,MATCHED_Rayleigh,RNND_Zhu,1773,0.5348457768559456,0.3752218186855316,0.15962395444512367,
0,260816,matched,MATCHED_Rayleigh,RNND_Zhu,1774,0.6466806083917618,0.4730222672224045,0.1736583262681961,
0,260816,matched,MATCHED_Rayleigh,RNND_Zhu,1775,0.5585779994726181,0.40099721029400826,0.15758078545331955,
0,260816,matched,MATCHED_Rayleigh,RNND_Zhu,1776,0.6187877878546715,0.4515281841158867,0.1672595925629139,
0,260816,matched,MATCHED_Rayleigh,RNND_Zhu,1777,0.5692814588546753,0.41863493621349335,0.15064652636647224,
0,260816,matched,MATCHED_Rayleigh,RNND_Zhu,1778,0.6102486103773117,0.4520426243543625,0.15820597484707832,
0,260816,matched,MATCHED_Rayleigh,RNND_Zhu,1779,0.5604890286922455,0.4033275693655014,0.15716146305203438,
0,260816,matched,MATCHED_Rayleigh,RNND_Zhu,1780,0.6492040604352951,0.4740375056862831,0.17516657337546349,
0,260816,matched,MATCHED_Rayleigh,RNND_Zhu,1781,0.6344139650464058,0.46937936544418335,0.16503459960222244,
0,260816,matched,MATCHED_Rayleigh,RNND_Zhu,1782,0.4971972852945328,0.3527599349617958,0.14443735405802727,
0,260816,matched,MATCHED_Rayleigh,RNND_Zhu,1783,0.702884167432785,0.5237485021352768,0.17913566157221794,
0,260816,matched,MATCHED_Rayleigh,RNND_Zhu,1784,0.5695455446839333,0.41618308424949646,0.1533624678850174,
0,260816,matched,MATCHED_Rayleigh,RNND_Zhu,1785,0.5610826835036278,0.40531692653894424,0.15576575882732868,
0,260816,matched,MATCHED_Rayleigh,RNND_Zhu,1786,0.4598720967769623,0.31846145913004875,0.14141063392162323,
0,260816,matched,MATCHED_Rayleigh,RNND_Zhu,1787,0.568726122379303,0.4125600978732109,0.15616600960493088,
0,260816,matched,MATCHED_Rayleigh,RNND_Zhu,1788,0.5734884142875671,0.4149790480732918,0.15850936621427536,
0,260816,matched,MATCHED_Rayleigh,RNND_Zhu,1789,0.5971143767237663,0.43266575038433075,0.16444862261414528,
0,260816,matched,MATCHED_Rayleigh,RNND_Zhu,1790,0.5675822198390961,0.41188153252005577,0.1557006873190403,
0,260816,matched,MATCHED_Rayleigh,RNND_Zhu,1791,0.4278401583433151,0.2911084517836571,0.13673170283436775,
0,260816,matched,MATCHED_Rayleigh,RNND_Zhu,1792,0.5629951730370522,0.4126662313938141,0.15032894909381866,
0,260816,matched,MATCHED_Rayleigh,RNND_Zhu,1793,0.5377973541617393,0.3897003307938576,0.14809702336788177,
0,260816,matched,MATCHED_Rayleigh,RNND_Zhu,1794,0.49343207478523254,0.35293880105018616,0.14049327932298183,
0,260816,matched,MATCHED_Rayleigh,RNND_Zhu,1795,0.6504060328006744,0.4834400713443756,0.16696596890687943,
0,260816,matched,MATCHED_Rayleigh,RNND_Zhu,1796,0.5835318565368652,0.41714614629745483,0.1663857139647007,
0,260816,matched,MATCHED_Rayleigh,RNND_Zhu,1797,0.5447050109505653,0.383667454123497,0.16103753820061684,
0,260816,matched,MATCHED_Rayleigh,RNND_Zhu,1798,0.5195534825325012,0.37068749591708183,0.1488659679889679,
0,260816,matched,MATCHED_Rayleigh,RNND_Zhu,1799,0.5556646808981895,0.4010488837957382,0.15461579896509647,
0,260816,matched,MATCHED_Rayleigh,RNND_Zhu,1800,0.6049083322286606,0.4444211423397064,0.16048719361424446,-0.5458439612584237
0,260816,matched,MATCHED_Rayleigh,RNND_Zhu,1801,0.5284750163555145,0.3819160535931587,0.1465589515864849,
0,260816,matched,MATCHED_Rayleigh,RNND_Zhu,1802,0.6268623173236847,0.4595455303788185,0.16731677576899529,
0,260816,matched,MATCHED_Rayleigh,RNND_Zhu,1803,0.5407786145806313,0.38959573954343796,0.151182871311903,
0,260816,matched,MATCHED_Rayleigh,RNND_Zhu,1804,0.48594313114881516,0.34199152886867523,0.14395160600543022,
0,260816,matched,MATCHED_Rayleigh,RNND_Zhu,1805,0.4079141169786453,0.27982258796691895,0.12809152714908123,
0,260816,matched,MATCHED_Rayleigh,RNND_Zhu,1806,0.687776580452919,0.5081676095724106,0.17960895970463753,
0,260816,matched,MATCHED_Rayleigh,RNND_Zhu,1807,0.5908732265233994,0.4303906783461571,0.16048255562782288,
0,260816,matched,MATCHED_Rayleigh,RNND_Zhu,1808,0.4554812163114548,0.3187946267426014,0.13668657466769218,
0,260816,matched,MATCHED_Rayleigh,RNND_Zhu,1809,0.596419021487236,0.4375365078449249,0.1588825173676014,
0,260816,matched,MATCHED_Rayleigh,RNND_Zhu,1810,0.7372073382139206,0.5532896518707275,0.18391768261790276,
0,260816,matched,MATCHED_Rayleigh,RNND_Zhu,1811,0.4676358327269554,0.3292786478996277,0.13835719600319862,
0,260816,matched,MATCHED_Rayleigh,RNND_Zhu,1812,0.5172027871012688,0.3677971437573433,0.14940564334392548,
0,260816,matched,MATCHED_Rayleigh,RNND_Zhu,1813,0.6384284198284149,0.46798621118068695,0.17044220492243767,
0,260816,matched,MATCHED_Rayleigh,RNND_Zhu,1814,0.5529956892132759,0.40188784897327423,0.15110785141587257,
0,260816,matched,MATCHED_Rayleigh,RNND_Zhu,1815,0.49495865404605865,0.3440588489174843,0.15089980885386467,
0,260816,matched,MATCHED_Rayleigh,RNND_Zhu,1816,0.7165965288877487,0.5289845988154411,0.187611922621727,
0,260816,matched,MATCHED_Rayleigh,RNND_Zhu,1817,0.5159581005573273,0.3677571564912796,0.14820094779133797,
0,260816,matched,MATCHED_Rayleigh,RNND_Zhu,1818,0.46639586985111237,0.32407036796212196,0.1423254981637001,
0,260816,matched,MATCHED_Rayleigh,RNND_Zhu,1819,0.6682115346193314,0.4879281520843506,0.18028337508440018,
0,260816,matched,MATCHED_Rayleigh,RNND_Zhu,1820,0.5915886461734772,0.42569567263126373,0.16589298844337463,
0,260816,matched,MATCHED_Rayleigh,RNND_Zhu,1821,0.4639235883951187,0.321652177721262,0.14227141439914703,
0,260816,matched,MATCHED_Rayleigh,RNND_Zhu,1822,0.5469622761011124,0.3934236615896225,0.15353861451148987,
0,260816,matched,MATCHED_Rayleigh,RNND_Zhu,1823,0.6652950122952461,0.4918656349182129,0.17342936992645264,
0,260816,matched,MATCHED_Rayleigh,RNND_Zhu,1824,0.6318750008940697,0.470346562564373,0.16152843832969666,
0,260816,matched,MATCHED_Rayleigh,RNND_Zhu,1825,0.5325552672147751,0.38148123770952225,0.15107403323054314,
0,260816,matched,MATCHED_Rayleigh,RNND_Zhu,1826,0.6145556271076202,0.45354488492012024,0.1610107496380806,
0,260816,matched,MATCHED_Rayleigh,RNND_Zhu,1827,0.4686325490474701,0.323633573949337,0.1449989713728428,
0,260816,matched,MATCHED_Rayleigh,RNND_Zhu,1828,0.6346384882926941,0.4618262089788914,0.17281228303909302,
0,260816,matched,MATCHED_Rayleigh,RNND_Zhu,1829,0.5101423263549805,0.3697325363755226,0.14040980488061905,
0,260816,matched,MATCHED_Rayleigh,RNND_Zhu,1830,0.48822204768657684,0.3440590053796768,0.14416305348277092,
0,260816,matched,MATCHED_Rayleigh,RNND_Zhu,1831,0.6553525179624557,0.4867706671357155,0.16858185827732086,
0,260816,matched,MATCHED_Rayleigh,RNND_Zhu,1832,0.6289557218551636,0.4616512805223465,0.16730443947017193,
0,260816,matched,MATCHED_Rayleigh,RNND_Zhu,1833,0.5295962542295456,0.37825924158096313,0.15133700519800186,
0,260816,matched,MATCHED_Rayleigh,RNND_Zhu,1834,0.6362662464380264,0.4703280180692673,0.16593822836875916,
0,260816,matched,MATCHED_Rayleigh,RNND_Zhu,1835,0.5019797161221504,0.3536907508969307,0.14828897453844547,
0,260816,matched,MATCHED_Rayleigh,RNND_Zhu,1836,0.5678314939141273,0.4111594036221504,0.15667210146784782,
0,260816,matched,MATCHED_Rayleigh,RNND_Zhu,1837,0.5568143799901009,0.40430327504873276,0.1525111123919487,
0,260816,matched,MATCHED_Rayleigh,RNND_Zhu,1838,0.612323485314846,0.45254748687148094,0.1597759909927845,
0,260816,matched,MATCHED_Rayleigh,RNND_Zhu,1839,0.6999295204877853,0.5266798585653305,0.17324966937303543,
0,260816,matched,MATCHED_Rayleigh,RNND_Zhu,1840,0.6118251532316208,0.44405127316713333,0.16777389496564865,
0,260816,matched,MATCHED_Rayleigh,RNND_Zhu,1841,0.6186480447649956,0.45082177966833115,0.16782626323401928,
0,260816,matched,MATCHED_Rayleigh,RNND_Zhu,1842,0.6568306982517242,0.4877554625272751,0.16907522827386856,
0,260816,matched,MATCHED_Rayleigh,RNND_Zhu,1843,0.4846126139163971,0.34303152561187744,0.14158109202980995,
0,260816,matched,MATCHED_Rayleigh,RNND_Zhu,1844,0.5925261378288269,0.4320247769355774,0.16050134226679802,
0,260816,matched,MATCHED_Rayleigh,RNND_Zhu,1845,0.5418956428766251,0.3937324807047844,0.14816316775977612,
0,260816,matched,MATCHED_Rayleigh,RNND_Zhu,1846,0.6862048208713531,0.5067444145679474,0.17946041002869606,
0,260816,matched,MATCHED_Rayleigh,RNND_Zhu,1847,0.5667668730020523,0.40715496242046356,0.15961192175745964,
0,260816,matched,MATCHED_Rayleigh,RNND_Zhu,1848,0.5861331075429916,0.4243294298648834,0.16180366650223732,
0,260816,matched,MATCHED_Rayleigh,RNND_Zhu,1849,0.6212744489312172,0.45210353285074234,0.16917091235518456,
0,260816,matched,MATCHED_Rayleigh,RNND_Zhu,1850,0.5371540635824203,0.3826680965721607,0.15448597259819508,
0,260816,matched,MATCHED_Rayleigh,RNND_Zhu,1851,0.5569755733013153,0.401898056268692,0.1550775207579136,
0,260816,matched,MATCHED_Rayleigh,RNND_Zhu,1852,0.4922794848680496,0.34776346385478973,0.1445160210132599,
0,260816,matched,MATCHED_Rayleigh,RNND_Zhu,1853,0.7181024104356766,0.5395489484071732,0.17855345457792282,
0,260816,matched,MATCHED_Rayleigh,RNND_Zhu,1854,0.42994286864995956,0.2964650020003319,0.13347786664962769,
0,260816,matched,MATCHED_Rayleigh,RNND_Zhu,1855,0.5233923718333244,0.37394706159830093,0.1494453102350235,
0,260816,matched,MATCHED_Rayleigh,RNND_Zhu,1856,0.539697103202343,0.3813578709959984,0.1583392322063446,
0,260816,matched,MATCHED_Rayleigh,RNND_Zhu,1857,0.5495910868048668,0.3931361623108387,0.1564549282193184,
0,260816,matched,MATCHED_Rayleigh,RNND_Zhu,1858,0.5670734196901321,0.4120042845606804,0.15506913885474205,
0,260816,matched,MATCHED_Rayleigh,RNND_Zhu,1859,0.5863895490765572,0.4264548718929291,0.15993467718362808,
0,260816,matched,MATCHED_Rayleigh,RNND_Zhu,1860,0.41642550379037857,0.2840237580239773,0.13240174762904644,
0,260816,matched,MATCHED_Rayleigh,RNND_Zhu,1861,0.5820810794830322,0.4244184233248234,0.1576626617461443,
0,260816,matched,MATCHED_Rayleigh,RNND_Zhu,1862,0.6091444194316864,0.44430727511644363,0.16483715549111366,
0,260816,matched,MATCHED_Rayleigh,RNND_Zhu,1863,0.48393160104751587,0.34074288606643677,0.14318870939314365,
0,260816,matched,MATCHED_Rayleigh,RNND_Zhu,1864,0.5806860104203224,0.4140467569231987,0.16663925349712372,
0,260816,matched,MATCHED_Rayleigh,RNND_Zhu,1865,0.48390141874551773,0.34126412868499756,0.14263729006052017,
0,260816,matched,MATCHED_Rayleigh,RNND_Zhu,1866,0.6906312853097916,0.5090690329670906,0.18156225234270096,
0,260816,matched,MATCHED_Rayleigh,RNND_Zhu,1867,0.5163910686969757,0.3652893602848053,0.1511017084121704,
0,260816,matched,MATCHED_Rayleigh,RNND_Zhu,1868,0.47336603701114655,0.3335108533501625,0.13985517621040344,
0,260816,matched,MATCHED_Rayleigh,RNND_Zhu,1869,0.47298338264226913,0.3319140709936619,0.1410693135112524,
0,260816,matched,MATCHED_Rayleigh,RNND_Zhu,1870,0.6359529420733452,0.47101710736751556,0.16493584588170052,
0,260816,matched,MATCHED_Rayleigh,RNND_Zhu,1871,0.5472807511687279,0.39451001584529877,0.1527707241475582,
0,260816,matched,MATCHED_Rayleigh,RNND_Zhu,1872,0.47713954746723175,0.3389672674238682,0.13817227631807327,
0,260816,matched,MATCHED_Rayleigh,RNND_Zhu,1873,0.5115537717938423,0.36224541813135147,0.14930835366249084,
0,260816,matched,MATCHED_Rayleigh,RNND_Zhu,1874,0.5594001114368439,0.40478984266519547,0.15461027063429356,
0,260816,matched,MATCHED_Rayleigh,RNND_Zhu,1875,0.5645721554756165,0.4051178842782974,0.15945428609848022,
0,260816,matched,MATCHED_Rayleigh,RNND_Zhu,1876,0.5757335126399994,0.4139277711510658,0.16180574148893356,
0,260816,matched,MATCHED_Rayleigh,RNND_Zhu,1877,0.5518891885876656,0.3956805467605591,0.15620863065123558,
0,260816,matched,MATCHED_Rayleigh,RNND_Zhu,1878,0.5611070990562439,0.4062192887067795,0.1548878215253353,
0,260816,matched,MATCHED_Rayleigh,RNND_Zhu,1879,0.5415876284241676,0.3825458139181137,0.15904181823134422,
0,260816,matched,MATCHED_Rayleigh,RNND_Zhu,1880,0.6262790858745575,0.462472565472126,0.16380652785301208,
0,260816,matched,MATCHED_Rayleigh,RNND_Zhu,1881,0.37747183442115784,0.248822920024395,0.12864891067147255,
0,260816,matched,MATCHED_Rayleigh,RNND_Zhu,1882,0.535079188644886,0.38028158992528915,0.15479759126901627,
0,260816,matched,MATCHED_Rayleigh,RNND_Zhu,1883,0.4601721987128258,0.31551358848810196,0.14465860836207867,
0,260816,matched,MATCHED_Rayleigh,RNND_Zhu,1884,0.5365387350320816,0.3899329900741577,0.14660575613379478,
0,260816,matched,MATCHED_Rayleigh,RNND_Zhu,1885,0.4596216678619385,0.32176052778959274,0.13786114752292633,
0,260816,matched,MATCHED_Rayleigh,RNND_Zhu,1886,0.48880361020565033,0.3422199413180351,0.1465836875140667,
0,260816,matched,MATCHED_Rayleigh,RNND_Zhu,1887,0.6366449445486069,0.4720298945903778,0.16461505740880966,
0,260816,matched,MATCHED_Rayleigh,RNND_Zhu,1888,0.479549765586853,0.34229564666748047,0.13725413009524345,
0,260816,matched,MATCHED_Rayleigh,RNND_Zhu,1889,0.4897375702857971,0.34754394367337227,0.14219363406300545,
0,260816,matched,MATCHED_Rayleigh,RNND_Zhu,1890,0.5303931310772896,0.3794516772031784,0.15094143711030483,
0,260816,matched,MATCHED_Rayleigh,RNND_Zhu,1891,0.5181789472699165,0.3695361576974392,0.14864279329776764,
0,260816,matched,MATCHED_Rayleigh,RNND_Zhu,1892,0.6574966162443161,0.48714296519756317,0.17035365849733353,
0,260816,matched,MATCHED_Rayleigh,RNND_Zhu,1893,0.6608811691403389,0.4947238117456436,0.16615736484527588,
0,260816,matched,MATCHED_Rayleigh,RNND_Zhu,1894,0.45953620970249176,0.3168584257364273,0.14267779141664505,
0,260816,matched,MATCHED_Rayleigh,RNND_Zhu,1895,0.5625899583101273,0.4048617035150528,0.1577282566577196,
0,260816,matched,MATCHED_Rayleigh,RNND_Zhu,1896,0.6033865213394165,0.4353211894631386,0.16806533187627792,
0,260816,matched,MATCHED_Rayleigh,RNND_Zhu,1897,0.6543874442577362,0.4859596863389015,0.1684277579188347,
0,260816,matched,MATCHED_Rayleigh,RNND_Zhu,1898,0.49936749041080475,0.3579544126987457,0.14141309261322021,
0,260816,matched,MATCHED_Rayleigh,RNND_Zhu,1899,0.7943299859762192,0.6017371863126755,0.1925927922129631,
0,260816,matched,MATCHED_Rayleigh,RNND_Zhu,1900,0.6946659684181213,0.5194135531783104,0.17525241523981094,
0,260816,matched,MATCHED_Rayleigh,RNND_Zhu,1901,0.6148352473974228,0.44808468222618103,0.16675055772066116,
0,260816,matched,MATCHED_Rayleigh,RNND_Zhu,1902,0.5814213752746582,0.418724425137043,0.16269695945084095,
0,260816,matched,MATCHED_Rayleigh,RNND_Zhu,1903,0.49057216942310333,0.34531745314598083,0.1452547200024128,
0,260816,matched,MATCHED_Rayleigh,RNND_Zhu,1904,0.6109047383069992,0.43969522416591644,0.17120951041579247,
0,260816,matched,MATCHED_Rayleigh,RNND_Zhu,1905,0.528993733227253,0.3745812550187111,0.15441248193383217,
0,260816,matched,MATCHED_Rayleigh,RNND_Zhu,1906,0.6088563650846481,0.4443560987710953,0.16450026258826256,
0,260816,matched,MATCHED_Rayleigh,RNND_Zhu,1907,0.5702634900808334,0.416334368288517,0.15392912179231644,
0,260816,matched,MATCHED_Rayleigh,RNND_Zhu,1908,0.7061568051576614,0.5222210735082626,0.1839357241988182,
0,260816,matched,MATCHED_Rayleigh,RNND_Zhu,1909,0.5695120468735695,0.4082442969083786,0.16126775369048119,
0,260816,matched,MATCHED_Rayleigh,RNND_Zhu,1910,0.5359102413058281,0.3858174532651901,0.15009278804063797,
0,260816,matched,MATCHED_Rayleigh,RNND_Zhu,1911,0.7938742488622665,0.5912532210350037,0.20262101665139198,
0,260816,matched,MATCHED_Rayleigh,RNND_Zhu,1912,0.6785473525524139,0.5054600164294243,0.17308733239769936,
0,260816,matched,MATCHED_Rayleigh,RNND_Zhu,1913,0.5253420546650887,0.37627609074115753,0.14906596764922142,
0,260816,matched,MATCHED_Rayleigh,RNND_Zhu,1914,0.4477296993136406,0.31220970302820206,0.13551999256014824,
0,260816,matched,MATCHED_Rayleigh,RNND_Zhu,1915,0.5093710348010063,0.3615386262536049,0.14783241972327232,
0,260816,matched,MATCHED_Rayleigh,RNND_Zhu,1916,0.43267177045345306,0.29455591365695,0.13811586052179337,
0,260816,matched,MATCHED_Rayleigh,RNND_Zhu,1917,0.5259016454219818,0.37329208105802536,0.15260956436395645,
0,260816,matched,MATCHED_Rayleigh,RNND_Zhu,1918,0.6486155539751053,0.47655967622995377,0.17205587029457092,
0,260816,matched,MATCHED_Rayleigh,RNND_Zhu,1919,0.727525532245636,0.5426962375640869,0.18482929840683937,
0,260816,matched,MATCHED_Rayleigh,RNND_Zhu,1920,0.6602269560098648,0.4785509631037712,0.1816759929060936,
0,260816,matched,MATCHED_Rayleigh,RNND_Zhu,1921,0.7342890202999115,0.5542177855968475,0.18007123470306396,
0,260816,matched,MATCHED_Rayleigh,RNND_Zhu,1922,0.668487474322319,0.49134179949760437,0.17714569345116615,
0,260816,matched,MATCHED_Rayleigh,RNND_Zhu,1923,0.598575234413147,0.4333256110548973,0.16524962708353996,
0,260816,matched,MATCHED_Rayleigh,RNND_Zhu,1924,0.6547453105449677,0.4861673414707184,0.16857798397541046,
0,260816,matched,MATCHED_Rayleigh,RNND_Zhu,1925,0.5170990899205208,0.37244100868701935,0.14465807750821114,
0,260816,matched,MATCHED_Rayleigh,RNND_Zhu,1926,0.52481609582901,0.3734104335308075,0.15140565112233162,
0,260816,matched,MATCHED_Rayleigh,RNND_Zhu,1927,0.49274179339408875,0.3462074063718319,0.14653437957167625,
0,260816,matched,MATCHED_Rayleigh,RNND_Zhu,1928,0.5262615233659744,0.37466612458229065,0.15159540250897408,
0,260816,matched,MATCHED_Rayleigh,RNND_Zhu,1929,0.4734634608030319,0.33268018066883087,0.1407832745462656,
0,260816,matched,MATCHED_Rayleigh,RNND_Zhu,1930,0.6714086085557938,0.4990278407931328,0.17238076776266098,
0,260816,matched,MATCHED_Rayleigh,RNND_Zhu,1931,0.6298219636082649,0.4632640480995178,0.1665579080581665,
0,260816,matched,MATCHED_Rayleigh,RNND_Zhu,1932,0.4116063639521599,0.28156817704439163,0.1300381887704134,
0,260816,matched,MATCHED_Rayleigh,RNND_Zhu,1933,0.544518306851387,0.391137532889843,0.15338077023625374,
0,260816,matched,MATCHED_Rayleigh,RNND_Zhu,1934,0.54741420596838,0.39130860567092896,0.15610559657216072,
0,260816,matched,MATCHED_Rayleigh,RNND_Zhu,1935,0.5478798672556877,0.39111506938934326,0.15676479414105415,
0,260816,matched,MATCHED_Rayleigh,RNND_Zhu,1936,0.6088526323437691,0.4469132423400879,0.16193939000368118,
0,260816,matched,MATCHED_Rayleigh,RNND_Zhu,1937,0.7451308220624924,0.5592548549175262,0.18587598204612732,
0,260816,matched,MATCHED_Rayleigh,RNND_Zhu,1938,0.6850588321685791,0.4955330342054367,0.1895258091390133,
0,260816,matched,MATCHED_Rayleigh,RNND_Zhu,1939,0.48557402193546295,0.3451588563621044,0.14041516184806824,
0,260816,matched,MATCHED_Rayleigh,RNND_Zhu,1940,0.5090651735663414,0.3594843000173569,0.14958087168633938,
0,260816,matched,MATCHED_Rayleigh,RNND_Zhu,1941,0.7570777833461761,0.5746316686272621,0.18244611844420433,
0,260816,matched,MATCHED_Rayleigh,RNND_Zhu,1942,0.5233567953109741,0.37373998016119003,0.14961682260036469,
0,260816,matched,MATCHED_Rayleigh,RNND_Zhu,1943,0.5139667987823486,0.3639408349990845,0.15002597123384476,
0,260816,matched,MATCHED_Rayleigh,RNND_Zhu,1944,0.6738854050636292,0.4956015273928642,0.17828387394547462,
0,260816,matched,MATCHED_Rayleigh,RNND_Zhu,1945,0.5816100388765335,0.4209875240921974,0.1606225073337555,
0,260816,matched,MATCHED_Rayleigh,RNND_Zhu,1946,0.5823481380939484,0.4179181084036827,0.16443002596497536,
0,260816,matched,MATCHED_Rayleigh,RNND_Zhu,1947,0.5955609679222107,0.43142786622047424,0.16413310915231705,
0,260816,matched,MATCHED_Rayleigh,RNND_Zhu,1948,0.6736180484294891,0.49614110589027405,0.1774769425392151,
0,260816,matched,MATCHED_Rayleigh,RNND_Zhu,1949,0.6075176224112511,0.4418867528438568,0.16563086956739426,
0,260816,matched,MATCHED_Rayleigh,RNND_Zhu,1950,0.6279497593641281,0.4652986638247967,0.16265109926462173,
0,260816,matched,MATCHED_Rayleigh,RNND_Zhu,1951,0.6421884745359421,0.4774072617292404,0.16478121280670166,
0,260816,matched,MATCHED_Rayleigh,RNND_Zhu,1952,0.5223946943879128,0.37439508736133575,0.1479996033012867,
0,260816,matched,MATCHED_Rayleigh,RNND_Zhu,1953,0.5173046588897705,0.37070348113775253,0.14660117402672768,
0,260816,matched,MATCHED_Rayleigh,RNND_Zhu,1954,0.6011847630143166,0.43120942264795303,0.16997533664107323,
0,260816,matched,MATCHED_Rayleigh,RNND_Zhu,1955,0.4889957532286644,0.3368288278579712,0.1521669253706932,
0,260816,matched,MATCHED_Rayleigh,RNND_Zhu,1956,0.544207863509655,0.3855079412460327,0.15869992598891258,
0,260816,matched,MATCHED_Rayleigh,RNND_Zhu,1957,0.5554116889834404,0.40302854031324387,0.15238315612077713,
0,260816,matched,MATCHED_Rayleigh,RNND_Zhu,1958,0.5846585333347321,0.4255186878144741,0.15913984179496765,
0,260816,matched,MATCHED_Rayleigh,RNND_Zhu,1959,0.606504999101162,0.43858255073428154,0.16792244091629982,
0,260816,matched,MATCHED_Rayleigh,RNND_Zhu,1960,0.5185012817382812,0.36615124717354774,0.1523500233888626,
0,260816,matched,MATCHED_Rayleigh,RNND_Zhu,1961,0.4943908005952835,0.3501722067594528,0.1442185863852501,
0,260816,matched,MATCHED_Rayleigh,RNND_Zhu,1962,0.659490168094635,0.49376776069402695,0.16572239995002747,
0,260816,matched,MATCHED_Rayleigh,RNND_Zhu,1963,0.47327348589897156,0.33554575592279434,0.1377277374267578,
0,260816,matched,MATCHED_Rayleigh,RNND_Zhu,1964,0.5787477195262909,0.42093338444828987,0.15781435184180737,
0,260816,matched,MATCHED_Rayleigh,RNND_Zhu,1965,0.598718598484993,0.4384884387254715,0.16023015975952148,
0,260816,matched,MATCHED_Rayleigh,RNND_Zhu,1966,0.5471985787153244,0.39727727323770523,0.14992132037878036,
0,260816,matched,MATCHED_Rayleigh,RNND_Zhu,1967,0.6530109643936157,0.48235078901052475,0.17066016793251038,
0,260816,matched,MATCHED_Rayleigh,RNND_Zhu,1968,0.691620722413063,0.5158017128705978,0.1758190095424652,
0,260816,matched,MATCHED_Rayleigh,RNND_Zhu,1969,0.6169776171445847,0.4517478123307228,0.16522980481386185,
0,260816,matched,MATCHED_Rayleigh,RNND_Zhu,1970,0.5758907273411751,0.415207639336586,0.16068308800458908,
0,260816,matched,MATCHED_Rayleigh,RNND_Zhu,1971,0.49791696667671204,0.3523544371128082,0.1455625370144844,
0,260816,matched,MATCHED_Rayleigh,RNND_Zhu,1972,0.5585180819034576,0.40460749715566635,0.15391059406101704,
0,260816,matched,MATCHED_Rayleigh,RNND_Zhu,1973,0.5969264507293701,0.4321400225162506,0.1647864282131195,
0,260816,matched,MATCHED_Rayleigh,RNND_Zhu,1974,0.5572448149323463,0.40832334011793137,0.14892147853970528,
0,260816,matched,MATCHED_Rayleigh,RNND_Zhu,1975,0.6569922119379044,0.4879295155405998,0.16906269639730453,
0,260816,matched,MATCHED_Rayleigh,RNND_Zhu,1976,0.5445207580924034,0.39243798702955246,0.15208277851343155,
0,260816,matched,MATCHED_Rayleigh,RNND_Zhu,1977,0.6934651732444763,0.520436555147171,0.1730286218225956,
0,260816,matched,MATCHED_Rayleigh,RNND_Zhu,1978,0.5306902453303337,0.3831331916153431,0.14755704626441002,
0,260816,matched,MATCHED_Rayleigh,RNND_Zhu,1979,0.5077443867921829,0.36349940299987793,0.1442449763417244,
0,260816,matched,MATCHED_Rayleigh,RNND_Zhu,1980,0.5167754217982292,0.3615715280175209,0.1552038937807083,
0,260816,matched,MATCHED_Rayleigh,RNND_Zhu,1981,0.584449291229248,0.4244428388774395,0.1600064616650343,
0,260816,matched,MATCHED_Rayleigh,RNND_Zhu,1982,0.6152897775173187,0.44779352843761444,0.1674962416291237,
0,260816,matched,MATCHED_Rayleigh,RNND_Zhu,1983,0.5649568140506744,0.4126878120005131,0.15226899832487106,
0,260816,matched,MATCHED_Rayleigh,RNND_Zhu,1984,0.4259007200598717,0.2963731661438942,0.12952755764126778,
0,260816,matched,MATCHED_Rayleigh,RNND_Zhu,1985,0.6758164465427399,0.5030766874551773,0.17273975908756256,
0,260816,matched,MATCHED_Rayleigh,RNND_Zhu,1986,0.556410476565361,0.3971033915877342,0.1593070849776268,
0,260816,matched,MATCHED_Rayleigh,RNND_Zhu,1987,0.5382524952292442,0.3857354372739792,0.1525170598179102,
0,260816,matched,MATCHED_Rayleigh,RNND_Zhu,1988,0.5581781417131424,0.4066481739282608,0.1515299752354622,
0,260816,matched,MATCHED_Rayleigh,RNND_Zhu,1989,0.5103170424699783,0.3610282838344574,0.14928875118494034,
0,260816,matched,MATCHED_Rayleigh,RNND_Zhu,1990,0.5547849461436272,0.3976884037256241,0.15709653496742249,
0,260816,matched,MATCHED_Rayleigh,RNND_Zhu,1991,0.5688835605978966,0.4136360213160515,0.1552475392818451,
0,260816,matched,MATCHED_Rayleigh,RNND_Zhu,1992,0.6441087424755096,0.467498317360878,0.17661041766405106,
0,260816,matched,MATCHED_Rayleigh,RNND_Zhu,1993,0.5782505422830582,0.4225752502679825,0.15567529574036598,
0,260816,matched,MATCHED_Rayleigh,RNND_Zhu,1994,0.5327874794602394,0.3793232664465904,0.1534642055630684,
0,260816,matched,MATCHED_Rayleigh,RNND_Zhu,1995,0.5914851278066635,0.4277535229921341,0.16373161226511002,
0,260816,matched,MATCHED_Rayleigh,RNND_Zhu,1996,0.5635536909103394,0.4047321304678917,0.15882157534360886,
0,260816,matched,MATCHED_Rayleigh,RNND_Zhu,1997,0.5884123295545578,0.4308217912912369,0.15759054198861122,
0,260816,matched,MATCHED_Rayleigh,RNND_Zhu,1998,0.49543342739343643,0.3442499339580536,0.15118349716067314,
0,260816,matched,MATCHED_Rayleigh,RNND_Zhu,1999,0.513559103012085,0.36354461312294006,0.1500144936144352,
0,260816,matched,MATCHED_Rayleigh,RNND_Zhu,2000,0.5088713616132736,0.3584286868572235,0.15044268406927586,-0.5508357320927297
0,260816,matched,MATCHED_Rayleigh,RNND_Zhu,2001,0.5324183106422424,0.3847028464078903,0.1477154791355133,
0,260816,matched,MATCHED_Rayleigh,RNND_Zhu,2002,0.46978747844696045,0.323072861880064,0.14671461284160614,
0,260816,matched,MATCHED_Rayleigh,RNND_Zhu,2003,0.4809934049844742,0.33198320120573044,0.14901020005345345,
0,260816,matched,MATCHED_Rayleigh,RNND_Zhu,2004,0.45686962455511093,0.3170485273003578,0.1398211009800434,
0,260816,matched,MATCHED_Rayleigh,RNND_Zhu,2005,0.45865675061941147,0.31745167076587677,0.1412050761282444,
0,260816,matched,MATCHED_Rayleigh,RNND_Zhu,2006,0.6510270088911057,0.4781368598341942,0.17289014160633087,
0,260816,matched,MATCHED_Rayleigh,RNND_Zhu,2007,0.5642968565225601,0.4032081216573715,0.1610887460410595,
0,260816,matched,MATCHED_Rayleigh,RNND_Zhu,2008,0.4973854273557663,0.35313721001148224,0.14424822106957436,
0,260816,matched,MATCHED_Rayleigh,RNND_Zhu,2009,0.5179370045661926,0.37165774777531624,0.14627926424145699,
0,260816,matched,MATCHED_Rayleigh,RNND_Zhu,2010,0.640808142721653,0.4727417230606079,0.16806641593575478,
0,260816,matched,MATCHED_Rayleigh,RNND_Zhu,2011,0.444513663649559,0.31072039902210236,0.13379326835274696,
0,260816,matched,MATCHED_Rayleigh,RNND_Zhu,2012,0.6357815712690353,0.468820221722126,0.16696134954690933,
0,260816,matched,MATCHED_Rayleigh,RNND_Zhu,2013,0.5724577009677887,0.4178503006696701,0.1546073965728283,
0,260816,matched,MATCHED_Rayleigh,RNND_Zhu,2014,0.495845191180706,0.34493738412857056,0.15090780332684517,
0,260816,matched,MATCHED_Rayleigh,RNND_Zhu,2015,0.5233693942427635,0.3731427565217018,0.1502266228199005,
0,260816,matched,MATCHED_Rayleigh,RNND_Zhu,2016,0.5269273743033409,0.37689970433712006,0.15002768859267235,
0,260816,matched,MATCHED_Rayleigh,RNND_Zhu,2017,0.5673968642950058,0.4093482866883278,0.1580485813319683,
0,260816,matched,MATCHED_Rayleigh,RNND_Zhu,2018,0.6317585185170174,0.4582936391234398,0.17346488311886787,
0,260816,matched,MATCHED_Rayleigh,RNND_Zhu,2019,0.5006309449672699,0.3551234304904938,0.14550751820206642,
0,260816,matched,MATCHED_Rayleigh,RNND_Zhu,2020,0.6261213272809982,0.4600904807448387,0.16603084653615952,
0,260816,matched,MATCHED_Rayleigh,RNND_Zhu,2021,0.4876182824373245,0.34103915840387344,0.14657913148403168,
0,260816,matched,MATCHED_Rayleigh,RNND_Zhu,2022,0.49231497198343277,0.3486126884818077,0.14370227418839931,
0,260816,matched,MATCHED_Rayleigh,RNND_Zhu,2023,0.5000813901424408,0.35167115181684494,0.14841025322675705,
0,260816,matched,MATCHED_Rayleigh,RNND_Zhu,2024,0.5847207605838776,0.4262669160962105,0.15845385193824768,
0,260816,matched,MATCHED_Rayleigh,RNND_Zhu,2025,0.6117843985557556,0.44527310132980347,0.16651129722595215,
0,260816,matched,MATCHED_Rayleigh,RNND_Zhu,2026,0.39812713116407394,0.26816003024578094,0.1299671046435833,
0,260816,matched,MATCHED_Rayleigh,RNND_Zhu,2027,0.5887914597988129,0.4275522530078888,0.16123920679092407,
0,260816,matched,MATCHED_Rayleigh,RNND_Zhu,2028,0.5104646384716034,0.3638855218887329,0.1465791016817093,
0,260816,matched,MATCHED_Rayleigh,RNND_Zhu,2029,0.4256800711154938,0.28956643119454384,0.13611363619565964,
0,260816,matched,MATCHED_Rayleigh,RNND_Zhu,2030,0.6708139628171921,0.49844684451818466,0.17236711084842682,
0,260816,matched,MATCHED_Rayleigh,RNND_Zhu,2031,0.6361972987651825,0.4654169976711273,0.17078030109405518,
0,260816,matched,MATCHED_Rayleigh,RNND_Zhu,2032,0.6287274658679962,0.4573478177189827,0.17137964069843292,
0,260816,matched,MATCHED_Rayleigh,RNND_Zhu,2033,0.5698613375425339,0.41529053822159767,0.1545707918703556,
0,260816,matched,MATCHED_Rayleigh,RNND_Zhu,2034,0.5763170272111893,0.419597864151001,0.1567191630601883,
0,260816,matched,MATCHED_Rayleigh,RNND_Zhu,2035,0.5768661871552467,0.42103730142116547,0.15582888200879097,
0,260816,matched,MATCHED_Rayleigh,RNND_Zhu,2036,0.6055892705917358,0.43479783833026886,0.17079142481088638,
0,260816,matched,MATCHED_Rayleigh,RNND_Zhu,2037,0.5428103059530258,0.39210769161581993,0.15070262923836708,
0,260816,matched,MATCHED_Rayleigh,RNND_Zhu,2038,0.5663162618875504,0.41065094992518425,0.1556653119623661,
0,260816,matched,MATCHED_Rayleigh,RNND_Zhu,2039,0.5345706343650818,0.38645683228969574,0.14811380952596664,
0,260816,matched,MATCHED_Rayleigh,RNND_Zhu,2040,0.5634472221136093,0.4130953401327133,0.1503518782556057,
0,260816,matched,MATCHED_Rayleigh,RNND_Zhu,2041,0.5030296295881271,0.3515247628092766,0.15150486677885056,
0,260816,matched,MATCHED_Rayleigh,RNND_Zhu,2042,0.5405616089701653,0.3882162794470787,0.15234532579779625,
0,260816,matched,MATCHED_Rayleigh,RNND_Zhu,2043,0.450130432844162,0.3062412068247795,0.14388922974467278,
0,260816,matched,MATCHED_Rayleigh,RNND_Zhu,2044,0.55207110196352,0.39893844351172447,0.15313265472650528,
0,260816,matched,MATCHED_Rayleigh,RNND_Zhu,2045,0.6156443282961845,0.44903530180454254,0.1666090376675129,
0,260816,matched,MATCHED_Rayleigh,RNND_Zhu,2046,0.5226716995239258,0.37660030275583267,0.14607139490544796,
0,260816,matched,MATCHED_Rayleigh,RNND_Zhu,2047,0.4487144723534584,0.30664508044719696,0.14206939190626144,
0,260816,matched,MATCHED_Rayleigh,RNND_Zhu,2048,0.521970309317112,0.3721849173307419,0.1497853845357895,
0,260816,matched,MATCHED_Rayleigh,RNND_Zhu,2049,0.6344081610441208,0.4636646881699562,0.17074346542358398,
0,260816,matched,MATCHED_Rayleigh,RNND_Zhu,2050,0.5003823786973953,0.350728340446949,0.14965403825044632,
0,260816,matched,MATCHED_Rayleigh,RNND_Zhu,2051,0.5933498367667198,0.4326260834932327,0.1607237532734871,
0,260816,matched,MATCHED_Rayleigh,RNND_Zhu,2052,0.5999681875109673,0.4340520203113556,0.16591616347432137,
0,260816,matched,MATCHED_Rayleigh,RNND_Zhu,2053,0.46976668387651443,0.3228963539004326,0.14687034115195274,
0,260816,matched,MATCHED_Rayleigh,RNND_Zhu,2054,0.6692961677908897,0.493433877825737,0.17586228251457214,
0,260816,matched,MATCHED_Rayleigh,RNND_Zhu,2055,0.6989415660500526,0.5165998041629791,0.182341780513525,
0,260816,matched,MATCHED_Rayleigh,RNND_Zhu,2056,0.5061164125800133,0.3579677492380142,0.14814865589141846,
0,260816,matched,MATCHED_Rayleigh,RNND_Zhu,2057,0.7756126374006271,0.5846841782331467,0.19092846289277077,
0,260816,matched,MATCHED_Rayleigh,RNND_Zhu,2058,0.566740982234478,0.40837540477514267,0.15836559236049652,
0,260816,matched,MATCHED_Rayleigh,RNND_Zhu,2059,0.5863376259803772,0.4238129332661629,0.16252470389008522,
0,260816,matched,MATCHED_Rayleigh,RNND_Zhu,2060,0.5900755301117897,0.4288906753063202,0.1611848622560501,
0,260816,matched,MATCHED_Rayleigh,RNND_Zhu,2061,0.6316819190979004,0.4592699781060219,0.1724119335412979,
0,260816,matched,MATCHED_Rayleigh,RNND_Zhu,2062,0.6313629895448685,0.46156974881887436,0.1697932407259941,
0,260816,matched,MATCHED_Rayleigh,RNND_Zhu,2063,0.6534728482365608,0.48677894473075867,0.1666938979178667,
0,260816,matched,MATCHED_Rayleigh,RNND_Zhu,2064,0.4928552582859993,0.347272165119648,0.14558309316635132,
0,260816,matched,MATCHED_Rayleigh,RNND_Zhu,2065,0.4292851611971855,0.28927795961499214,0.14000720530748367,
0,260816,matched,MATCHED_Rayleigh,RNND_Zhu,2066,0.576687753200531,0.4216722249984741,0.1550155207514763,
0,260816,matched,MATCHED_Rayleigh,RNND_Zhu,2067,0.6425886750221252,0.4714221656322479,0.17116649821400642,
0,260816,matched,MATCHED_Rayleigh,RNND_Zhu,2068,0.6128281503915787,0.4476117268204689,0.16521641612052917,
0,260816,matched,MATCHED_Rayleigh,RNND_Zhu,2069,0.4359097555279732,0.2965385615825653,0.13937119767069817,
0,260816,matched,MATCHED_Rayleigh,RNND_Zhu,2070,0.5894899293780327,0.42640722543001175,0.16308270394802094,
0,260816,matched,MATCHED_Rayleigh,RNND_Zhu,2071,0.6208155900239944,0.45691780000925064,0.1638977974653244,
0,260816,matched,MATCHED_Rayleigh,RNND_Zhu,2072,0.688814140856266,0.5162397846579552,0.17257436737418175,
0,260816,matched,MATCHED_Rayleigh,RNND_Zhu,2073,0.6730438321828842,0.49703802168369293,0.17600581049919128,
0,260816,matched,MATCHED_Rayleigh,RNND_Zhu,2074,0.6530670300126076,0.4806997925043106,0.17236724123358727,
0,260816,matched,MATCHED_Rayleigh,RNND_Zhu,2075,0.6448052227497101,0.4680568724870682,0.1767483428120613,
0,260816,matched,MATCHED_Rayleigh,RNND_Zhu,2076,0.5317101329565048,0.38251151889562607,0.14919862523674965,
0,260816,matched,MATCHED_Rayleigh,RNND_Zhu,2077,0.6215140223503113,0.4599049538373947,0.16160906851291656,
0,260816,matched,MATCHED_Rayleigh,RNND_Zhu,2078,0.5059566050767899,0.36136866360902786,0.1445879340171814,
0,260816,matched,MATCHED_Rayleigh,RNND_Zhu,2079,0.6212874054908752,0.45281581580638885,0.16847160086035728,
0,260816,matched,MATCHED_Rayleigh,RNND_Zhu,2080,0.6382872313261032,0.4634305238723755,0.17485671862959862,
0,260816,matched,MATCHED_Rayleigh,RNND_Zhu,2081,0.5175702795386314,0.3723470941185951,0.1452231928706169,
0,260816,matched,MATCHED_Rayleigh,RNND_Zhu,2082,0.5273762792348862,0.3725974075496197,0.15477886609733105,
0,260816,matched,MATCHED_Rayleigh,RNND_Zhu,2083,0.6193744391202927,0.4516066312789917,0.16776781529188156,
0,260816,matched,MATCHED_Rayleigh,RNND_Zhu,2084,0.5353434681892395,0.3800874166190624,0.15525606088340282,
0,260816,matched,MATCHED_Rayleigh,RNND_Zhu,2085,0.40151821821928024,0.2674925997853279,0.13402562588453293,
0,260816,matched,MATCHED_Rayleigh,RNND_Zhu,2086,0.6204199939966202,0.4581032022833824,0.16231678426265717,
0,260816,matched,MATCHED_Rayleigh,RNND_Zhu,2087,0.5901246964931488,0.4301978126168251,0.1599268913269043,
0,260816,matched,MATCHED_Rayleigh,RNND_Zhu,2088,0.5876265987753868,0.43123627454042435,0.15639032796025276,
0,260816,matched,MATCHED_Rayleigh,RNND_Zhu,2089,0.5906119346618652,0.43495549261569977,0.15565643832087517,
0,260816,matched,MATCHED_Rayleigh,RNND_Zhu,2090,0.7202798575162888,0.5355600789189339,0.1847197711467743,
0,260816,matched,MATCHED_Rayleigh,RNND_Zhu,2091,0.517942264676094,0.3714976906776428,0.14644457399845123,
0,260816,matched,MATCHED_Rayleigh,RNND_Zhu,2092,0.510356180369854,0.36090776324272156,0.14944841340184212,
0,260816,matched,MATCHED_Rayleigh,RNND_Zhu,2093,0.6795564740896225,0.5005680397152901,0.17898841947317123,
0,260816,matched,MATCHED_Rayleigh,RNND_Zhu,2094,0.5717353373765945,0.41765597462654114,0.1540793776512146,
0,260816,matched,MATCHED_Rayleigh,RNND_Zhu,2095,0.5131431072950363,0.36767280474305153,0.1454702951014042,
0,260816,matched,MATCHED_Rayleigh,RNND_Zhu,2096,0.6159274280071259,0.4468410760164261,0.16908635199069977,
0,260816,matched,MATCHED_Rayleigh,RNND_Zhu,2097,0.49666550010442734,0.3437865525484085,0.15287893638014793,
0,260816,matched,MATCHED_Rayleigh,RNND_Zhu,2098,0.6144566833972931,0.44792401790618896,0.16653265058994293,
0,260816,matched,MATCHED_Rayleigh,RNND_Zhu,2099,0.5277796164155006,0.3820522427558899,0.1457273755222559,
0,260816,matched,MATCHED_Rayleigh,RNND_Zhu,2100,0.5393123030662537,0.3843885734677315,0.1549237258732319,
0,260816,matched,MATCHED_Rayleigh,RNND_Zhu,2101,0.6113005727529526,0.4523865729570389,0.1589139811694622,
0,260816,matched,MATCHED_Rayleigh,RNND_Zhu,2102,0.5179110765457153,0.36731214076280594,0.1505989395081997,
0,260816,matched,MATCHED_Rayleigh,RNND_Zhu,2103,0.5366408005356789,0.38497985154390335,0.15166093781590462,
0,260816,matched,MATCHED_Rayleigh,RNND_Zhu,2104,0.5418140217661858,0.3879978656768799,0.15381616353988647,
0,260816,matched,MATCHED_Rayleigh,RNND_Zhu,2105,0.5867059975862503,0.42096754908561707,0.16573843359947205,
0,260816,matched,MATCHED_Rayleigh,RNND_Zhu,2106,0.5003383010625839,0.3502000421285629,0.150138258934021,
0,260816,matched,MATCHED_Rayleigh,RNND_Zhu,2107,0.553738534450531,0.39873354882001877,0.15500496700406075,
0,260816,matched,MATCHED_Rayleigh,RNND_Zhu,2108,0.49225153028964996,0.34302040189504623,0.14923112094402313,
0,260816,matched,MATCHED_Rayleigh,RNND_Zhu,2109,0.5136552676558495,0.3621199280023575,0.15153533592820168,
0,260816,matched,MATCHED_Rayleigh,RNND_Zhu,2110,0.5660890936851501,0.4035748019814491,0.16251429542899132,
0,260816,matched,MATCHED_Rayleigh,RNND_Zhu,2111,0.5763055682182312,0.419109009206295,0.1571965552866459,
0,260816,matched,MATCHED_Rayleigh,RNND_Zhu,2112,0.7213867902755737,0.5347949713468552,0.18659182637929916,
0,260816,matched,MATCHED_Rayleigh,RNND_Zhu,2113,0.7435131520032883,0.562678337097168,0.1808348223567009,
0,260816,matched,MATCHED_Rayleigh,RNND_Zhu,2114,0.5332624167203903,0.3804646134376526,0.15279780328273773,
0,260816,matched,MATCHED_Rayleigh,RNND_Zhu,2115,0.6140364184975624,0.4405215308070183,0.17351488769054413,
0,260816,matched,MATCHED_Rayleigh,RNND_Zhu,2116,0.5592100769281387,0.40005459263920784,0.1591554805636406,
0,260816,matched,MATCHED_Rayleigh,RNND_Zhu,2117,0.6314266622066498,0.4634737856686115,0.16795287653803825,
0,260816,matched,MATCHED_Rayleigh,RNND_Zhu,2118,0.6923848912119865,0.5129280611872673,0.17945682629942894,
0,260816,matched,MATCHED_Rayleigh,RNND_Zhu,2119,0.5613076835870743,0.4071911573410034,0.15411652252078056,
0,260816,matched,MATCHED_Rayleigh,RNND_Zhu,2120,0.6520274579524994,0.48544657975435257,0.16658088192343712,
0,260816,matched,MATCHED_Rayleigh,RNND_Zhu,2121,0.6639331728219986,0.4902002885937691,0.17373286560177803,
0,260816,matched,MATCHED_Rayleigh,RNND_Zhu,2122,0.6090227514505386,0.4420967176556587,0.16692602634429932,
0,260816,matched,MATCHED_Rayleigh,RNND_Zhu,2123,0.4021741896867752,0.26854947209358215,0.13362472504377365,
0,260816,matched,MATCHED_Rayleigh,RNND_Zhu,2124,0.6815336048603058,0.5013858452439308,0.18014775961637497,
0,260816,matched,MATCHED_Rayleigh,RNND_Zhu,2125,0.5720206573605537,0.4115713760256767,0.16044927388429642,
0,260816,matched,MATCHED_Rayleigh,RNND_Zhu,2126,0.4563054144382477,0.31878844648599625,0.13751696608960629,
0,260816,matched,MATCHED_Rayleigh,RNND_Zhu,2127,0.4457613527774811,0.3058551475405693,0.13990620523691177,
0,260816,matched,MATCHED_Rayleigh,RNND_Zhu,2128,0.5474860891699791,0.3945250138640404,0.15296106785535812,
0,260816,matched,MATCHED_Rayleigh,RNND_Zhu,2129,0.6294587105512619,0.46262335777282715,0.16683536022901535,
0,260816,matched,MATCHED_Rayleigh,RNND_Zhu,2130,0.4839830547571182,0.33615026995539665,0.14783277362585068,
0,260816,matched,MATCHED_Rayleigh,RNND_Zhu,2131,0.5692577809095383,0.4062260836362839,0.1630316898226738,
0,260816,matched,MATCHED_Rayleigh,RNND_Zhu,2132,0.5998133718967438,0.4381927475333214,0.1616206355392933,
0,260816,matched,MATCHED_Rayleigh,RNND_Zhu,2133,0.6039464101195335,0.44049664586782455,0.16344976052641869,
0,260816,matched,MATCHED_Rayleigh,RNND_Zhu,2134,0.4660174027085304,0.3255395032465458,0.14047790318727493,
0,260816,matched,MATCHED_Rayleigh,RNND_Zhu,2135,0.6142380982637405,0.44915058463811874,0.1650874987244606,
0,260816,matched,MATCHED_Rayleigh,RNND_Zhu,2136,0.43468712270259857,0.29479464888572693,0.1398924645036459,
0,260816,matched,MATCHED_Rayleigh,RNND_Zhu,2137,0.6290680319070816,0.4657497853040695,0.16331824660301208,
0,260816,matched,MATCHED_Rayleigh,RNND_Zhu,2138,0.5343825817108154,0.3858843967318535,0.14849817380309105,
0,260816,matched,MATCHED_Rayleigh,RNND_Zhu,2139,0.5491548255085945,0.39722972363233566,0.15192509815096855,
0,260816,matched,MATCHED_Rayleigh,RNND_Zhu,2140,0.5555340871214867,0.4012114852666855,0.15432260558009148,
0,260816,matched,MATCHED_Rayleigh,RNND_Zhu,2141,0.5916890949010849,0.431168794631958,0.1605202779173851,
0,260816,matched,MATCHED_Rayleigh,RNND_Zhu,2142,0.5218937769532204,0.36970849335193634,0.15218528360128403,
0,260816,matched,MATCHED_Rayleigh,RNND_Zhu,2143,0.5734334737062454,0.408018596470356,0.16541487723588943,
0,260816,matched,MATCHED_Rayleigh,RNND_Zhu,2144,0.5619295462965965,0.407669797539711,0.15425975620746613,
0,260816,matched,MATCHED_Rayleigh,RNND_Zhu,2145,0.5570380538702011,0.3994379937648773,0.1576000601053238,
0,260816,matched,MATCHED_Rayleigh,RNND_Zhu,2146,0.4439231604337692,0.3013535775244236,0.14256958290934563,
0,260816,matched,MATCHED_Rayleigh,RNND_Zhu,2147,0.5357005223631859,0.3840675503015518,0.15163297578692436,
0,260816,matched,MATCHED_Rayleigh,RNND_Zhu,2148,0.6220075711607933,0.45717549324035645,0.16483207419514656,
0,260816,matched,MATCHED_Rayleigh,RNND_Zhu,2149,0.5774580985307693,0.4133390635251999,0.16411903873085976,
0,260816,matched,MATCHED_Rayleigh,RNND_Zhu,2150,0.6562505215406418,0.47624335438013077,0.18000715225934982,
0,260816,matched,MATCHED_Rayleigh,RNND_Zhu,2151,0.5432760491967201,0.3866031989455223,0.15667284652590752,
0,260816,matched,MATCHED_Rayleigh,RNND_Zhu,2152,0.537801206111908,0.38786033540964127,0.1499408856034279,
0,260816,matched,MATCHED_Rayleigh,RNND_Zhu,2153,0.5180210918188095,0.3652104288339615,0.15281065553426743,
0,260816,matched,MATCHED_Rayleigh,RNND_Zhu,2154,0.5993181243538857,0.4285072535276413,0.17081087082624435,
0,260816,matched,MATCHED_Rayleigh,RNND_Zhu,2155,0.7905899584293365,0.5994901210069656,0.1910998560488224,
0,260816,matched,MATCHED_Rayleigh,RNND_Zhu,2156,0.5187513306736946,0.36605264991521835,0.15269866585731506,
0,260816,matched,MATCHED_Rayleigh,RNND_Zhu,2157,0.4472588524222374,0.30271054431796074,0.14454831182956696,
0,260816,matched,MATCHED_Rayleigh,RNND_Zhu,2158,0.5180718526244164,0.3718711696565151,0.14620068669319153,
0,260816,matched,MATCHED_Rayleigh,RNND_Zhu,2159,0.4589424654841423,0.31939058750867844,0.13955187983810902,
0,260816,matched,MATCHED_Rayleigh,RNND_Zhu,2160,0.6707848757505417,0.4967784881591797,0.1740063801407814,
0,260816,matched,MATCHED_Rayleigh,RNND_Zhu,2161,0.626516655087471,0.45468926429748535,0.17182739078998566,
0,260816,matched,MATCHED_Rayleigh,RNND_Zhu,2162,0.7223902493715286,0.5387840494513512,0.18360619619488716,
0,260816,matched,MATCHED_Rayleigh,RNND_Zhu,2163,0.5541276782751083,0.39998408406972885,0.15414360538125038,
0,260816,matched,MATCHED_Rayleigh,RNND_Zhu,2164,0.6471443101763725,0.47863248735666275,0.16851182654500008,
0,260816,matched,MATCHED_Rayleigh,RNND_Zhu,2165,0.5779821127653122,0.41547199338674545,0.16251013427972794,
0,260816,matched,MATCHED_Rayleigh,RNND_Zhu,2166,0.5082642510533333,0.3591562807559967,0.14910795912146568,
0,260816,matched,MATCHED_Rayleigh,RNND_Zhu,2167,0.6323026865720749,0.4634782522916794,0.1688244268298149,
0,260816,matched,MATCHED_Rayleigh,RNND_Zhu,2168,0.6551515609025955,0.48041832447052,0.1747332327067852,
0,260816,matched,MATCHED_Rayleigh,RNND_Zhu,2169,0.46272212266921997,0.32165201380848885,0.14107010886073112,
0,260816,matched,MATCHED_Rayleigh,RNND_Zhu,2170,0.5367651879787445,0.38176385313272476,0.15500133112072945,
0,260816,matched,MATCHED_Rayleigh,RNND_Zhu,2171,0.6402067095041275,0.4680507779121399,0.1721559390425682,
0,260816,matched,MATCHED_Rayleigh,RNND_Zhu,2172,0.5462919175624847,0.39157748967409134,0.1547144316136837,
0,260816,matched,MATCHED_Rayleigh,RNND_Zhu,2173,0.49489761143922806,0.3508762791752815,0.14402133598923683,
0,260816,matched,MATCHED_Rayleigh,RNND_Zhu,2174,0.534147821366787,0.3787166327238083,0.15543119609355927,
0,260816,matched,MATCHED_Rayleigh,RNND_Zhu,2175,0.5155697092413902,0.3637726828455925,0.15179702639579773,
0,260816,matched,MATCHED_Rayleigh,RNND_Zhu,2176,0.6651357412338257,0.48872917145490646,0.17640657722949982,
0,260816,matched,MATCHED_Rayleigh,RNND_Zhu,2177,0.4085601717233658,0.27828164771199226,0.13027852028608322,
0,260816,matched,MATCHED_Rayleigh,RNND_Zhu,2178,0.5494274869561195,0.38941720128059387,0.16001027822494507,
0,260816,matched,MATCHED_Rayleigh,RNND_Zhu,2179,0.631148561835289,0.46394816786050797,0.16720039770007133,
0,260816,matched,MATCHED_Rayleigh,RNND_Zhu,2180,0.6583231538534164,0.4775999113917351,0.18072324618697166,
0,260816,matched,MATCHED_Rayleigh,RNND_Zhu,2181,0.4793340116739273,0.3387807458639145,0.14055325835943222,
0,260816,matched,MATCHED_Rayleigh,RNND_Zhu,2182,0.567071944475174,0.40789856016635895,0.1591733805835247,
0,260816,matched,MATCHED_Rayleigh,RNND_Zhu,2183,0.5969952568411827,0.4352787435054779,0.1617165133357048,
0,260816,matched,MATCHED_Rayleigh,RNND_Zhu,2184,0.4767654165625572,0.33514639735221863,0.1416190154850483,
0,260816,matched,MATCHED_Rayleigh,RNND_Zhu,2185,0.7141856849193573,0.527498371899128,0.18668731302022934,
0,260816,matched,MATCHED_Rayleigh,RNND_Zhu,2186,0.65606489777565,0.48262251913547516,0.17344237491488457,
0,260816,matched,MATCHED_Rayleigh,RNND_Zhu,2187,0.6122381389141083,0.44851697981357574,0.16372115910053253,
0,260816,matched,MATCHED_Rayleigh,RNND_Zhu,2188,0.6443341597914696,0.4775095507502556,0.1668246127665043,
0,260816,matched,MATCHED_Rayleigh,RNND_Zhu,2189,0.5763007700443268,0.41229743510484695,0.16400332376360893,
0,260816,matched,MATCHED_Rayleigh,RNND_Zhu,2190,0.5368872284889221,0.38262609392404556,0.1542611476033926,
0,260816,matched,MATCHED_Rayleigh,RNND_Zhu,2191,0.5117904394865036,0.35262348502874374,0.15916694700717926,
0,260816,matched,MATCHED_Rayleigh,RNND_Zhu,2192,0.5625296235084534,0.40200959146022797,0.160520039498806,
0,260816,matched,MATCHED_Rayleigh,RNND_Zhu,2193,0.5522493720054626,0.39447346329689026,0.1577759124338627,
0,260816,matched,MATCHED_Rayleigh,RNND_Zhu,2194,0.5760625153779984,0.4166303835809231,0.15943213179707527,
0,260816,matched,MATCHED_Rayleigh,RNND_Zhu,2195,0.5784222930669785,0.41907837241888046,0.159343920648098,
0,260816,matched,MATCHED_Rayleigh,RNND_Zhu,2196,0.5379279255867004,0.38950666040182114,0.1484212540090084,
0,260816,matched,MATCHED_Rayleigh,RNND_Zhu,2197,0.5563576072454453,0.3961125835776329,0.16024503111839294,
0,260816,matched,MATCHED_Rayleigh,RNND_Zhu,2198,0.5244048610329628,0.36848849803209305,0.15591635927557945,
0,260816,matched,MATCHED_Rayleigh,RNND_Zhu,2199,0.6142676174640656,0.4491522088646889,0.16511539369821548,
0,260816,matched,MATCHED_Rayleigh,RNND_Zhu,2200,0.526068851351738,0.37522532790899277,0.1508435234427452,-0.545595133399507
0,260816,matched,MATCHED_Rayleigh,RNND_Zhu,2201,0.4925628826022148,0.3482356406748295,0.14432724192738533,
0,260816,matched,MATCHED_Rayleigh,RNND_Zhu,2202,0.6142417639493942,0.4490424692630768,0.16519928351044655,
0,260816,matched,MATCHED_Rayleigh,RNND_Zhu,2203,0.5639045238494873,0.40415968745946884,0.15974482893943787,
0,260816,matched,MATCHED_Rayleigh,RNND_Zhu,2204,0.5838634520769119,0.4239424541592598,0.15992099791765213,
0,260816,matched,MATCHED_Rayleigh,RNND_Zhu,2205,0.5828387141227722,0.423734650015831,0.15910407900810242,
0,260816,matched,MATCHED_Rayleigh,RNND_Zhu,2206,0.5453809201717377,0.38701053708791733,0.15837038308382034,
0,260816,matched,MATCHED_Rayleigh,RNND_Zhu,2207,0.4775712564587593,0.33321360498666763,0.14435765147209167,
0,260816,matched,MATCHED_Rayleigh,RNND_Zhu,2208,0.49269088357686996,0.35081647336483,0.14187441393733025,
0,260816,matched,MATCHED_Rayleigh,RNND_Zhu,2209,0.5435361191630363,0.3878987580537796,0.15563735365867615,
0,260816,matched,MATCHED_Rayleigh,RNND_Zhu,2210,0.6028556525707245,0.43857304751873016,0.16428260505199432,
0,260816,matched,MATCHED_Rayleigh,RNND_Zhu,2211,0.6863418072462082,0.5085643380880356,0.17777744308114052,
0,260816,matched,MATCHED_Rayleigh,RNND_Zhu,2212,0.5518263578414917,0.39287619292736053,0.15895017236471176,
0,260816,matched,MATCHED_Rayleigh,RNND_Zhu,2213,0.6285312622785568,0.46438510715961456,0.16414616629481316,
0,260816,matched,MATCHED_Rayleigh,RNND_Zhu,2214,0.570397324860096,0.40752676129341125,0.16287057101726532,
0,260816,matched,MATCHED_Rayleigh,RNND_Zhu,2215,0.45555808395147324,0.31700196862220764,0.1385561116039753,
0,260816,matched,MATCHED_Rayleigh,RNND_Zhu,2216,0.7075676321983337,0.5243474394083023,0.18322018906474113,
0,260816,matched,MATCHED_Rayleigh,RNND_Zhu,2217,0.7112583220005035,0.5294818356633186,0.1817764826118946,
0,260816,matched,MATCHED_Rayleigh,RNND_Zhu,2218,0.6269554942846298,0.46384769678115845,0.16310778632760048,
0,260816,matched,MATCHED_Rayleigh,RNND_Zhu,2219,0.5687709301710129,0.41156740486621857,0.15720351785421371,
0,260816,matched,MATCHED_Rayleigh,RNND_Zhu,2220,0.6069615483283997,0.4415358453989029,0.16542571410536766,
0,260816,matched,MATCHED_Rayleigh,RNND_Zhu,2221,0.6101108863949776,0.44278889149427414,0.16732199862599373,
0,260816,matched,MATCHED_Rayleigh,RNND_Zhu,2222,0.46751996874809265,0.32936234027147293,0.13815762847661972,
0,260816,matched,MATCHED_Rayleigh,RNND_Zhu,2223,0.541322648525238,0.3921731561422348,0.14914949610829353,
0,260816,matched,MATCHED_Rayleigh,RNND_Zhu,2224,0.4263034835457802,0.2929687015712261,0.1333347875624895,
0,260816,matched,MATCHED_Rayleigh,RNND_Zhu,2225,0.5888215601444244,0.4263680875301361,0.16245346888899803,
0,260816,matched,MATCHED_Rayleigh,RNND_Zhu,2226,0.43672728538513184,0.2968020811676979,0.13992520421743393,
0,260816,matched,MATCHED_Rayleigh,RNND_Zhu,2227,0.6000925898551941,0.4393345043063164,0.1607580929994583,
0,260816,matched,MATCHED_Rayleigh,RNND_Zhu,2228,0.5297039747238159,0.3767155259847641,0.15298845991492271,
0,260816,matched,MATCHED_Rayleigh,RNND_Zhu,2229,0.5235397070646286,0.37074922025203705,0.15279048308730125,
0,260816,matched,MATCHED_Rayleigh,RNND_Zhu,2230,0.5950001776218414,0.42673564702272415,0.1682645082473755,
0,260816,matched,MATCHED_Rayleigh,RNND_Zhu,2231,0.5508965477347374,0.3915962725877762,0.1593002788722515,
0,260816,matched,MATCHED_Rayleigh,RNND_Zhu,2232,0.6199264600872993,0.45122940093278885,0.1686970740556717,
0,260816,matched,MATCHED_Rayleigh,RNND_Zhu,2233,0.5647259131073952,0.40421438962221146,0.1605115383863449,
0,260816,matched,MATCHED_Rayleigh,RNND_Zhu,2234,0.5608048662543297,0.403179332613945,0.15762555226683617,
0,260816,matched,MATCHED_Rayleigh,RNND_Zhu,2235,0.47804471105337143,0.3314337953925133,0.14661091938614845,
0,260816,matched,MATCHED_Rayleigh,RNND_Zhu,2236,0.5653079748153687,0.40677714720368385,0.1585308127105236,
0,260816,matched,MATCHED_Rayleigh,RNND_Zhu,2237,0.541502557694912,0.38957419991493225,0.15192836709320545,
0,260816,matched,MATCHED_Rayleigh,RNND_Zhu,2238,0.5207078531384468,0.3722801022231579,0.14842774532735348,
0,260816,matched,MATCHED_Rayleigh,RNND_Zhu,2239,0.5631659105420113,0.4072123169898987,0.15595359727740288,
0,260816,matched,MATCHED_Rayleigh,RNND_Zhu,2240,0.4815012365579605,0.3373209312558174,0.1441803090274334,
0,260816,matched,MATCHED_Rayleigh,RNND_Zhu,2241,0.552623838186264,0.39956480264663696,0.15305903926491737,
0,260816,matched,MATCHED_Rayleigh,RNND_Zhu,2242,0.6455680131912231,0.4758309870958328,0.16973702609539032,
0,260816,matched,MATCHED_Rayleigh,RNND_Zhu,2243,0.651815801858902,0.48005418479442596,0.17176161333918571,
0,260816,matched,MATCHED_Rayleigh,RNND_Zhu,2244,0.5699159875512123,0.4075922891497612,0.16232369095087051,
0,260816,matched,MATCHED_Rayleigh,RNND_Zhu,2245,0.5325678437948227,0.38220857083797455,0.15035926923155785,
0,260816,matched,MATCHED_Rayleigh,RNND_Zhu,2246,0.672291174530983,0.4952736794948578,0.17701751366257668,
0,260816,matched,MATCHED_Rayleigh,RNND_Zhu,2247,0.5671679377555847,0.41711610555648804,0.15005183964967728,
0,260816,matched,MATCHED_Rayleigh,RNND_Zhu,2248,0.6225849539041519,0.45704837888479233,0.1655365750193596,
0,260816,matched,MATCHED_Rayleigh,RNND_Zhu,2249,0.48927946388721466,0.3446955494582653,0.14458391070365906,
0,260816,matched,MATCHED_Rayleigh,RNND_Zhu,2250,0.6536439061164856,0.48294684290885925,0.17069707065820694,
0,260816,matched,MATCHED_Rayleigh,RNND_Zhu,2251,0.5653645470738411,0.4116869419813156,0.15367760881781578,
0,260816,matched,MATCHED_Rayleigh,RNND_Zhu,2252,0.6703504323959351,0.4964206963777542,0.17392975091934204,
0,260816,matched,MATCHED_Rayleigh,RNND_Zhu,2253,0.5566155314445496,0.39818067103624344,0.15843486599624157,
0,260816,matched,MATCHED_Rayleigh,RNND_Zhu,2254,0.5920030623674393,0.43233127892017365,0.15967179089784622,
0,260816,matched,MATCHED_Rayleigh,RNND_Zhu,2255,0.6791733503341675,0.5024072378873825,0.17676611244678497,
0,260816,matched,MATCHED_Rayleigh,RNND_Zhu,2256,0.5987860858440399,0.4391537457704544,0.1596323400735855,
0,260816,matched,MATCHED_Rayleigh,RNND_Zhu,2257,0.485141821205616,0.345882885158062,0.13925892859697342,
0,260816,matched,MATCHED_Rayleigh,RNND_Zhu,2258,0.5488090962171555,0.39572174847126007,0.15308735519647598,
0,260816,matched,MATCHED_Rayleigh,RNND_Zhu,2259,0.5608151853084564,0.3998449929058552,0.16097020357847214,
0,260816,matched,MATCHED_Rayleigh,RNND_Zhu,2260,0.6328410059213638,0.4632798060774803,0.16956119984388351,
0,260816,matched,MATCHED_Rayleigh,RNND_Zhu,2261,0.47255702316761017,0.3332747220993042,0.13928230479359627,
0,260816,matched,MATCHED_Rayleigh,RNND_Zhu,2262,0.6196104139089584,0.455957755446434,0.16365264728665352,
0,260816,matched,MATCHED_Rayleigh,RNND_Zhu,2263,0.5575813502073288,0.39733970537781715,0.16024162992835045,
0,260816,matched,MATCHED_Rayleigh,RNND_Zhu,2264,0.6788688972592354,0.5016763657331467,0.17719253152608871,
0,260816,matched,MATCHED_Rayleigh,RNND_Zhu,2265,0.6180444061756134,0.4514005333185196,0.1666438765823841,
0,260816,matched,MATCHED_Rayleigh,RNND_Zhu,2266,0.5623720064759254,0.4099752940237522,0.15239670500159264,
0,260816,matched,MATCHED_Rayleigh,RNND_Zhu,2267,0.4813697785139084,0.34401969611644745,0.13735008984804153,
0,260816,matched,MATCHED_Rayleigh,RNND_Zhu,2268,0.6040293425321579,0.43791550397872925,0.16611383855342865,
0,260816,matched,MATCHED_Rayleigh,RNND_Zhu,2269,0.43827712535858154,0.30274127423763275,0.1355358511209488,
0,260816,matched,MATCHED_Rayleigh,RNND_Zhu,2270,0.46139489114284515,0.3197120577096939,0.14168283343315125,
0,260816,matched,MATCHED_Rayleigh,RNND_Zhu,2271,0.5682340860366821,0.41120707988739014,0.157027006149292,
0,260816,matched,MATCHED_Rayleigh,RNND_Zhu,2272,0.5173973739147186,0.3646596744656563,0.15273769572377205,
0,260816,matched,MATCHED_Rayleigh,RNND_Zhu,2273,0.7068342417478561,0.5213417261838913,0.18549252301454544,
0,260816,matched,MATCHED_Rayleigh,RNND_Zhu,2274,0.613572396337986,0.4468982219696045,0.1666741818189621,
0,260816,matched,MATCHED_Rayleigh,RNND_Zhu,2275,0.443139873445034,0.3013279065489769,0.14181196689605713,
0,260816,matched,MATCHED_Rayleigh,RNND_Zhu,2276,0.524246484041214,0.3727385476231575,0.1515079326927662,
0,260816,matched,MATCHED_Rayleigh,RNND_Zhu,2277,0.6634135842323303,0.4903244525194168,0.17308911308646202,
0,260816,matched,MATCHED_Rayleigh,RNND_Zhu,2278,0.5622068122029305,0.4107082337141037,0.151498569175601,
0,260816,matched,MATCHED_Rayleigh,RNND_Zhu,2279,0.5772050619125366,0.4151255115866661,0.16207954846322536,
0,260816,matched,MATCHED_Rayleigh,RNND_Zhu,2280,0.6797622442245483,0.5047706812620163,0.17499154806137085,
0,260816,matched,MATCHED_Rayleigh,RNND_Zhu,2281,0.6645031571388245,0.4912625476717949,0.17324059456586838,
0,260816,matched,MATCHED_Rayleigh,RNND_Zhu,2282,0.5652358010411263,0.4122665673494339,0.15296923369169235,
0,260816,matched,MATCHED_Rayleigh,RNND_Zhu,2283,0.49306008219718933,0.34355076774954796,0.14950931817293167,
0,260816,matched,MATCHED_Rayleigh,RNND_Zhu,2284,0.6432905048131943,0.4641866013407707,0.17910390347242355,
0,260816,matched,MATCHED_Rayleigh,RNND_Zhu,2285,0.7497222125530243,0.5540369749069214,0.1956852450966835,
0,260816,matched,MATCHED_Rayleigh,RNND_Zhu,2286,0.5277155339717865,0.38084999844431877,0.14686552807688713,
0,260816,matched,MATCHED_Rayleigh,RNND_Zhu,2287,0.5093696787953377,0.36169883608818054,0.14767083898186684,
0,260816,matched,MATCHED_Rayleigh,RNND_Zhu,2288,0.615400455892086,0.4451298490166664,0.17027061060070992,
0,260816,matched,MATCHED_Rayleigh,RNND_Zhu,2289,0.6334166973829269,0.4658024460077286,0.16761425882577896,
0,260816,matched,MATCHED_Rayleigh,RNND_Zhu,2290,0.5708047300577164,0.41486815363168716,0.1559365764260292,
0,260816,matched,MATCHED_Rayleigh,RNND_Zhu,2291,0.6296558529138565,0.4632594808936119,0.166396364569664,
0,260816,matched,MATCHED_Rayleigh,RNND_Zhu,2292,0.6247561201453209,0.4605131074786186,0.16424300894141197,
0,260816,matched,MATCHED_Rayleigh,RNND_Zhu,2293,0.6933180838823318,0.5137390717864037,0.1795790195465088,
0,260816,matched,MATCHED_Rayleigh,RNND_Zhu,2294,0.48232609033584595,0.3357691019773483,0.14655698463320732,
0,260816,matched,MATCHED_Rayleigh,RNND_Zhu,2295,0.555989146232605,0.4007372558116913,0.1552518904209137,
0,260816,matched,MATCHED_Rayleigh,RNND_Zhu,2296,0.5452096313238144,0.3956052288413048,0.14960439130663872,
0,260816,matched,MATCHED_Rayleigh,RNND_Zhu,2297,0.48830344527959824,0.34866898506879807,0.13963445276021957,
0,260816,matched,MATCHED_Rayleigh,RNND_Zhu,2298,0.44666820019483566,0.3112296313047409,0.13543856516480446,
0,260816,matched,MATCHED_Rayleigh,RNND_Zhu,2299,0.4910215213894844,0.34698645770549774,0.14403505623340607,
0,260816,matched,MATCHED_Rayleigh,RNND_Zhu,2300,0.6642051339149475,0.48566335439682007,0.17854176461696625,
0,260816,matched,MATCHED_Rayleigh,RNND_Zhu,2301,0.509337805211544,0.3626878410577774,0.14664996042847633,
0,260816,matched,MATCHED_Rayleigh,RNND_Zhu,2302,0.41104840487241745,0.27848758921027184,0.13256081379950047,
0,260816,matched,MATCHED_Rayleigh,RNND_Zhu,2303,0.48237331211566925,0.3407994881272316,0.1415738258510828,
0,260816,matched,MATCHED_Rayleigh,RNND_Zhu,2304,0.4643031284213066,0.3202827349305153,0.14402038976550102,
0,260816,matched,MATCHED_Rayleigh,RNND_Zhu,2305,0.5893414989113808,0.4241590350866318,0.1651824600994587,
0,260816,matched,MATCHED_Rayleigh,RNND_Zhu,2306,0.44103802740573883,0.3019653186202049,0.1390727087855339,
0,260816,matched,MATCHED_Rayleigh,RNND_Zhu,2307,0.6278460174798965,0.4552294686436653,0.17261655256152153,
0,260816,matched,MATCHED_Rayleigh,RNND_Zhu,2308,0.48921144753694534,0.3456936962902546,0.14351776987314224,
0,260816,matched,MATCHED_Rayleigh,RNND_Zhu,2309,0.5965230762958527,0.4313661456108093,0.16515691950917244,
0,260816,matched,MATCHED_Rayleigh,RNND_Zhu,2310,0.5285224616527557,0.3762313425540924,0.15229111537337303,
0,260816,matched,MATCHED_Rayleigh,RNND_Zhu,2311,0.4849059730768204,0.3404683321714401,0.14443764090538025,
0,260816,matched,MATCHED_Rayleigh,RNND_Zhu,2312,0.518298789858818,0.3708910495042801,0.14740773662924767,
0,260816,matched,MATCHED_Rayleigh,RNND_Zhu,2313,0.5241317898035049,0.3768954575061798,0.14723632484674454,
0,260816,matched,MATCHED_Rayleigh,RNND_Zhu,2314,0.5368788838386536,0.3854905143380165,0.15138837322592735,
0,260816,matched,MATCHED_Rayleigh,RNND_Zhu,2315,0.4752982556819916,0.3283024840056896,0.14699577167630196,
0,260816,matched,MATCHED_Rayleigh,RNND_Zhu,2316,0.550936184823513,0.3910921588540077,0.1598440296947956,
0,260816,matched,MATCHED_Rayleigh,RNND_Zhu,2317,0.5555207952857018,0.39790450036525726,0.1576162911951542,
0,260816,matched,MATCHED_Rayleigh,RNND_Zhu,2318,0.5172197222709656,0.3679616004228592,0.14925811998546124,
0,260816,matched,MATCHED_Rayleigh,RNND_Zhu,2319,0.6062902808189392,0.4449923187494278,0.1612979769706726,
0,260816,matched,MATCHED_Rayleigh,RNND_Zhu,2320,0.6777301132678986,0.5009757466614246,0.17675436660647392,
0,260816,matched,MATCHED_Rayleigh,RNND_Zhu,2321,0.5373599752783775,0.3822324052453041,0.15512755885720253,
0,260816,matched,MATCHED_Rayleigh,RNND_Zhu,2322,0.605969712138176,0.4416872560977936,0.1642824448645115,
0,260816,matched,MATCHED_Rayleigh,RNND_Zhu,2323,0.5774365812540054,0.4235434979200363,0.15389309450984,
0,260816,matched,MATCHED_Rayleigh,RNND_Zhu,2324,0.561469279229641,0.41093844920396805,0.1505308300256729,
0,260816,matched,MATCHED_Rayleigh,RNND_Zhu,2325,0.5375736057758331,0.375055693089962,0.16251792013645172,
0,260816,matched,MATCHED_Rayleigh,RNND_Zhu,2326,0.49881985038518906,0.34996436536312103,0.14885549619793892,
0,260816,matched,MATCHED_Rayleigh,RNND_Zhu,2327,0.6318388506770134,0.4575307294726372,0.17430813238024712,
0,260816,matched,MATCHED_Rayleigh,RNND_Zhu,2328,0.5621172189712524,0.4040851518511772,0.15803205594420433,
0,260816,matched,MATCHED_Rayleigh,RNND_Zhu,2329,0.606613352894783,0.4410630390048027,0.16555031016469002,
0,260816,matched,MATCHED_Rayleigh,RNND_Zhu,2330,0.4456554278731346,0.3058834671974182,0.1397719718515873,
0,260816,matched,MATCHED_Rayleigh,RNND_Zhu,2331,0.5772778764367104,0.42149756103754044,0.15578030608594418,
0,260816,matched,MATCHED_Rayleigh,RNND_Zhu,2332,0.5573225021362305,0.4029361605644226,0.15438633784651756,
0,260816,matched,MATCHED_Rayleigh,RNND_Zhu,2333,0.5728963911533356,0.4190496876835823,0.15384670719504356,
0,260816,matched,MATCHED_Rayleigh,RNND_Zhu,2334,0.5565137416124344,0.4009742885828018,0.15553944557905197,
0,260816,matched,MATCHED_Rayleigh,RNND_Zhu,2335,0.6055411696434021,0.4421756938099861,0.16336549073457718,
0,260816,matched,MATCHED_Rayleigh,RNND_Zhu,2336,0.6098092794418335,0.4417167976498604,0.16809248179197311,
0,260816,matched,MATCHED_Rayleigh,RNND_Zhu,2337,0.6854649856686592,0.5141562074422836,0.17130877450108528,
0,260816,matched,MATCHED_Rayleigh,RNND_Zhu,2338,0.6777618080377579,0.5100351795554161,0.16772662848234177,
0,260816,matched,MATCHED_Rayleigh,RNND_Zhu,2339,0.576116107404232,0.4132389985024929,0.16287710145115852,
0,260816,matched,MATCHED_Rayleigh,RNND_Zhu,2340,0.48100485652685165,0.33679166436195374,0.14421319961547852,
0,260816,matched,MATCHED_Rayleigh,RNND_Zhu,2341,0.6020006686449051,0.4385976567864418,0.1634030044078827,
0,260816,matched,MATCHED_Rayleigh,RNND_Zhu,2342,0.5466648861765862,0.39594069868326187,0.15072420239448547,
0,260816,matched,MATCHED_Rayleigh,RNND_Zhu,2343,0.6281309723854065,0.46189727634191513,0.16623369976878166,
0,260816,matched,MATCHED_Rayleigh,RNND_Zhu,2344,0.6110250800848007,0.4449388459324837,0.16608623042702675,
0,260816,matched,MATCHED_Rayleigh,RNND_Zhu,2345,0.6820023581385612,0.5017151087522507,0.18028724566102028,
0,260816,matched,MATCHED_Rayleigh,RNND_Zhu,2346,0.6373545899987221,0.4724792093038559,0.16487538069486618,
0,260816,matched,MATCHED_Rayleigh,RNND_Zhu,2347,0.4561675488948822,0.31895292550325394,0.1372146289795637,
0,260816,matched,MATCHED_Rayleigh,RNND_Zhu,2348,0.5117817744612694,0.36286698281764984,0.14891478419303894,
0,260816,matched,MATCHED_Rayleigh,RNND_Zhu,2349,0.6977079212665558,0.5163871720433235,0.18132073059678078,
0,260816,matched,MATCHED_Rayleigh,RNND_Zhu,2350,0.5285857319831848,0.37250249087810516,0.15608324110507965,
0,260816,matched,MATCHED_Rayleigh,RNND_Zhu,2351,0.512829378247261,0.3591320738196373,0.15369730070233345,
0,260816,matched,MATCHED_Rayleigh,RNND_Zhu,2352,0.5682837069034576,0.41065073013305664,0.1576329693198204,
0,260816,matched,MATCHED_Rayleigh,RNND_Zhu,2353,0.7167741060256958,0.5357802510261536,0.18099386990070343,
0,260816,matched,MATCHED_Rayleigh,RNND_Zhu,2354,0.6112210750579834,0.44422315061092377,0.16699792444705963,
0,260816,matched,MATCHED_Rayleigh,RNND_Zhu,2355,0.6041160374879837,0.43670834600925446,0.16740769147872925,
0,260816,matched,MATCHED_Rayleigh,RNND_Zhu,2356,0.5424236357212067,0.38730548694729805,0.15511814691126347,
0,260816,matched,MATCHED_Rayleigh,RNND_Zhu,2357,0.5166901275515556,0.36377713829278946,0.15291298553347588,
0,260816,matched,MATCHED_Rayleigh,RNND_Zhu,2358,0.5622313916683197,0.40561535954475403,0.15661602839827538,
0,260816,matched,MATCHED_Rayleigh,RNND_Zhu,2359,0.5167450979351997,0.36515630036592484,0.1515887975692749,
0,260816,matched,MATCHED_Rayleigh,RNND_Zhu,2360,0.49313143640756607,0.34608591347932816,0.14704552292823792,
0,260816,matched,MATCHED_Rayleigh,RNND_Zhu,2361,0.5712938755750656,0.41189733892679214,0.15939652174711227,
0,260816,matched,MATCHED_Rayleigh,RNND_Zhu,2362,0.499700628221035,0.3466614782810211,0.1530391424894333,
0,260816,matched,MATCHED_Rayleigh,RNND_Zhu,2363,0.47419334203004837,0.3325977772474289,0.14159557223320007,
0,260816,matched,MATCHED_Rayleigh,RNND_Zhu,2364,0.6279260814189911,0.46266601979732513,0.16526006162166595,
0,260816,matched,MATCHED_Rayleigh,RNND_Zhu,2365,0.48177342116832733,0.33852507174015045,0.14324834197759628,
0,260816,matched,MATCHED_Rayleigh,RNND_Zhu,2366,0.5197821259498596,0.3683326840400696,0.15144945308566093,
0,260816,matched,MATCHED_Rayleigh,RNND_Zhu,2367,0.6092189103364944,0.4372636079788208,0.17195530235767365,
0,260816,matched,MATCHED_Rayleigh,RNND_Zhu,2368,0.6826287358999252,0.5131461694836617,0.16948257759213448,
0,260816,matched,MATCHED_Rayleigh,RNND_Zhu,2369,0.5087737292051315,0.3582584485411644,0.15051528438925743,
0,260816,matched,MATCHED_Rayleigh,RNND_Zhu,2370,0.6110395267605782,0.4397868439555168,0.17125268280506134,
0,260816,matched,MATCHED_Rayleigh,RNND_Zhu,2371,0.5066744312644005,0.3567851260304451,0.14988930895924568,
0,260816,matched,MATCHED_Rayleigh,RNND_Zhu,2372,0.41772128641605377,0.2856258638203144,0.13209541700780392,
0,260816,matched,MATCHED_Rayleigh,RNND_Zhu,2373,0.5667385905981064,0.41501160711050034,0.15172699093818665,
0,260816,matched,MATCHED_Rayleigh,RNND_Zhu,2374,0.4196746349334717,0.28046875819563866,0.13920588046312332,
0,260816,matched,MATCHED_Rayleigh,RNND_Zhu,2375,0.627552330493927,0.45267384499311447,0.17487847432494164,
0,260816,matched,MATCHED_Rayleigh,RNND_Zhu,2376,0.6684640720486641,0.49404701590538025,0.17441705986857414,
0,260816,matched,MATCHED_Rayleigh,RNND_Zhu,2377,0.5122741609811783,0.36220238730311394,0.15007177367806435,
0,260816,matched,MATCHED_Rayleigh,RNND_Zhu,2378,0.533750630915165,0.38389160856604576,0.14985902607440948,
0,260816,matched,MATCHED_Rayleigh,RNND_Zhu,2379,0.4849430173635483,0.3375457003712654,0.14739732816815376,
0,260816,matched,MATCHED_Rayleigh,RNND_Zhu,2380,0.5364321917295456,0.3842083290219307,0.15222384594380856,
0,260816,matched,MATCHED_Rayleigh,RNND_Zhu,2381,0.7502935528755188,0.5579868778586388,0.19230667129158974,
0,260816,matched,MATCHED_Rayleigh,RNND_Zhu,2382,0.3992983028292656,0.2638515420258045,0.13544677011668682,
0,260816,matched,MATCHED_Rayleigh,RNND_Zhu,2383,0.5665243268013,0.40654896199703217,0.15997537225484848,
0,260816,matched,MATCHED_Rayleigh,RNND_Zhu,2384,0.5981191024184227,0.4390033110976219,0.15911578014492989,
0,260816,matched,MATCHED_Rayleigh,RNND_Zhu,2385,0.6721536964178085,0.49497297406196594,0.1771807298064232,
0,260816,matched,MATCHED_Rayleigh,RNND_Zhu,2386,0.7228886485099792,0.546786367893219,0.17610228806734085,
0,260816,matched,MATCHED_Rayleigh,RNND_Zhu,2387,0.517040953040123,0.3634040728211403,0.1536368727684021,
0,260816,matched,MATCHED_Rayleigh,RNND_Zhu,2388,0.5465278550982475,0.39555706828832626,0.15097079426050186,
0,260816,matched,MATCHED_Rayleigh,RNND_Zhu,2389,0.49723024666309357,0.35331888496875763,0.1439113598316908,
0,260816,matched,MATCHED_Rayleigh,RNND_Zhu,2390,0.5886361971497536,0.41960251331329346,0.16903368011116982,
0,260816,matched,MATCHED_Rayleigh,RNND_Zhu,2391,0.6945483088493347,0.5155222415924072,0.1790260635316372,
0,260816,matched,MATCHED_Rayleigh,RNND_Zhu,2392,0.5800064727663994,0.42048946768045425,0.15951699949800968,
0,260816,matched,MATCHED_Rayleigh,RNND_Zhu,2393,0.6661894172430038,0.4972506985068321,0.16893872246146202,
0,260816,matched,MATCHED_Rayleigh,RNND_Zhu,2394,0.49912428110837936,0.34493011981248856,0.1541941650211811,
0,260816,matched,MATCHED_Rayleigh,RNND_Zhu,2395,0.4925781711935997,0.34795811772346497,0.14462004601955414,
0,260816,matched,MATCHED_Rayleigh,RNND_Zhu,2396,0.6815440654754639,0.5076308771967888,0.17391320690512657,
0,260816,matched,MATCHED_Rayleigh,RNND_Zhu,2397,0.5994938090443611,0.4456220865249634,0.15387171879410744,
0,260816,matched,MATCHED_Rayleigh,RNND_Zhu,2398,0.7660278677940369,0.5803937762975693,0.1856340803205967,
0,260816,matched,MATCHED_Rayleigh,RNND_Zhu,2399,0.5022274255752563,0.3548501133918762,0.14737732708454132,
0,260816,matched,MATCHED_Rayleigh,RNND_Zhu,2400,0.5499453246593475,0.3918433263897896,0.15810200572013855,-0.5629140613508822
0,260816,matched,MATCHED_Rayleigh,RNND_Zhu,2401,0.6024669855833054,0.43608521670103073,0.16638176515698433,
0,260816,matched,MATCHED_Rayleigh,RNND_Zhu,2402,0.5492848455905914,0.3879241533577442,0.1613606959581375,
0,260816,matched,MATCHED_Rayleigh,RNND_Zhu,2403,0.5384956449270248,0.3803815469145775,0.15811409056186676,
0,260816,matched,MATCHED_Rayleigh,RNND_Zhu,2404,0.5149635076522827,0.3654819279909134,0.14948157966136932,
0,260816,matched,MATCHED_Rayleigh,RNND_Zhu,2405,0.6643934994935989,0.4863697960972786,0.17802370712161064,
0,260816,matched,MATCHED_Rayleigh,RNND_Zhu,2406,0.6671899110078812,0.488698810338974,0.17849110439419746,
0,260816,matched,MATCHED_Rayleigh,RNND_Zhu,2407,0.5997612774372101,0.42952486127614975,0.17023640871047974,
0,260816,matched,MATCHED_Rayleigh,RNND_Zhu,2408,0.5528030544519424,0.3946172185242176,0.15818583592772484,
0,260816,matched,MATCHED_Rayleigh,RNND_Zhu,2409,0.5573562011122704,0.40660303831100464,0.15075316280126572,
0,260816,matched,MATCHED_Rayleigh,RNND_Zhu,2410,0.5540879219770432,0.3919439800083637,0.16214393079280853,
0,260816,matched,MATCHED_Rayleigh,RNND_Zhu,2411,0.4745558574795723,0.33596131950616837,0.13859454542398453,
0,260816,matched,MATCHED_Rayleigh,RNND_Zhu,2412,0.6425605192780495,0.47208525240421295,0.17047527432441711,
0,260816,matched,MATCHED_Rayleigh,RNND_Zhu,2413,0.6840230450034142,0.5013230070471764,0.1827000305056572,
0,260816,matched,MATCHED_Rayleigh,RNND_Zhu,2414,0.7789013087749481,0.5875163152813911,0.19138500839471817,
0,260816,matched,MATCHED_Rayleigh,RNND_Zhu,2415,0.4892762005329132,0.343839131295681,0.14543705061078072,
0,260816,matched,MATCHED_Rayleigh,RNND_Zhu,2416,0.5890424028038979,0.4237024411559105,0.16533995047211647,
0,260816,matched,MATCHED_Rayleigh,RNND_Zhu,2417,0.5392988994717598,0.3867172524333,0.15258164703845978,
0,260816,matched,MATCHED_Rayleigh,RNND_Zhu,2418,0.6045103147625923,0.4438573718070984,0.16065294668078423,
0,260816,matched,MATCHED_Rayleigh,RNND_Zhu,2419,0.5309952273964882,0.37577899917960167,0.15521622635424137,
0,260816,matched,MATCHED_Rayleigh,RNND_Zhu,2420,0.5621746852993965,0.41040756553411484,0.15176711603999138,
0,260816,matched,MATCHED_Rayleigh,RNND_Zhu,2421,0.5088597163558006,0.3582260459661484,0.15063367038965225,
0,260816,matched,MATCHED_Rayleigh,RNND_Zhu,2422,0.4093184545636177,0.2711230553686619,0.13819540292024612,
0,260816,matched,MATCHED_Rayleigh,RNND_Zhu,2423,0.5868889540433884,0.4221566319465637,0.16473232209682465,
0,260816,matched,MATCHED_Rayleigh,RNND_Zhu,2424,0.4352390691637993,0.29782307147979736,0.13741598650813103,
0,260816,matched,MATCHED_Rayleigh,RNND_Zhu,2425,0.6206188946962357,0.4517785981297493,0.16884031519293785,
0,260816,matched,MATCHED_Rayleigh,RNND_Zhu,2426,0.5755995064973831,0.4142199158668518,0.1613795906305313,
0,260816,matched,MATCHED_Rayleigh,RNND_Zhu,2427,0.47091487795114517,0.32717641443014145,0.14373847283422947,
0,260816,matched,MATCHED_Rayleigh,RNND_Zhu,2428,0.5041816681623459,0.3562629595398903,0.1479187160730362,
0,260816,matched,MATCHED_Rayleigh,RNND_Zhu,2429,0.4573884382843971,0.3167579732835293,0.14063047617673874,
0,260816,matched,MATCHED_Rayleigh,RNND_Zhu,2430,0.6823568269610405,0.5069684237241745,0.1753883957862854,
0,260816,matched,MATCHED_Rayleigh,RNND_Zhu,2431,0.5695923715829849,0.4059237986803055,0.16366857662796974,
0,260816,matched,MATCHED_Rayleigh,RNND_Zhu,2432,0.5929820537567139,0.4310281127691269,0.16195394843816757,
0,260816,matched,MATCHED_Rayleigh,RNND_Zhu,2433,0.5003073886036873,0.34700554609298706,0.15330183506011963,
0,260816,matched,MATCHED_Rayleigh,RNND_Zhu,2434,0.6126095429062843,0.4516702815890312,0.1609392613172531,
0,260816,matched,MATCHED_Rayleigh,RNND_Zhu,2435,0.5219188705086708,0.3717811368405819,0.15013772994279861,
0,260816,matched,MATCHED_Rayleigh,RNND_Zhu,2436,0.5520548820495605,0.39471615105867386,0.1573387160897255,
0,260816,matched,MATCHED_Rayleigh,RNND_Zhu,2437,0.5077986419200897,0.3556600287556648,0.1521386168897152,
0,260816,matched,MATCHED_Rayleigh,RNND_Zhu,2438,0.5192392766475677,0.36713269352912903,0.15210658311843872,
0,260816,matched,MATCHED_Rayleigh,RNND_Zhu,2439,0.49600523710250854,0.34791063144803047,0.14809460937976837,
0,260816,matched,MATCHED_Rayleigh,RNND_Zhu,2440,0.5225921273231506,0.36771461367607117,0.15487751364707947,
0,260816,matched,MATCHED_Rayleigh,RNND_Zhu,2441,0.43201275169849396,0.29334116727113724,0.13867157325148582,
0,260816,matched,MATCHED_Rayleigh,RNND_Zhu,2442,0.5624249130487442,0.40668417513370514,0.15574074536561966,
0,260816,matched,MATCHED_Rayleigh,RNND_Zhu,2443,0.536230206489563,0.38842396438121796,0.14780624210834503,
0,260816,matched,MATCHED_Rayleigh,RNND_Zhu,2444,0.648393839597702,0.4784663990139961,0.1699274182319641,
0,260816,matched,MATCHED_Rayleigh,RNND_Zhu,2445,0.6814960241317749,0.5042435973882675,0.1772524155676365,
0,260816,matched,MATCHED_Rayleigh,RNND_Zhu,2446,0.5021073818206787,0.36090463399887085,0.14120274409651756,
0,260816,matched,MATCHED_Rayleigh,RNND_Zhu,2447,0.7583609521389008,0.574265144765377,0.1840958185493946,
0,260816,matched,MATCHED_Rayleigh,RNND_Zhu,2448,0.6317342072725296,0.46748239547014236,0.16425181925296783,
0,260816,matched,MATCHED_Rayleigh,RNND_Zhu,2449,0.6319825798273087,0.4649929851293564,0.16698959842324257,
0,260816,matched,MATCHED_Rayleigh,RNND_Zhu,2450,0.6294226199388504,0.4542964771389961,0.17512613907456398,
0,260816,matched,MATCHED_Rayleigh,RNND_Zhu,2451,0.5648242309689522,0.41032298654317856,0.15450122952461243,
0,260816,matched,MATCHED_Rayleigh,RNND_Zhu,2452,0.5988653972744942,0.4371057227253914,0.1617596670985222,
0,260816,matched,MATCHED_Rayleigh,RNND_Zhu,2453,0.49234555661678314,0.34390249848365784,0.1484430693089962,
0,260816,matched,MATCHED_Rayleigh,RNND_Zhu,2454,0.6472755968570709,0.4691092222929001,0.17816637828946114,
0,260816,matched,MATCHED_Rayleigh,RNND_Zhu,2455,0.5765471905469894,0.4175793528556824,0.15896783024072647,
0,260816,matched,MATCHED_Rayleigh,RNND_Zhu,2456,0.4546392634510994,0.31218496337532997,0.14245430752635002,
0,260816,matched,MATCHED_Rayleigh,RNND_Zhu,2457,0.4730532616376877,0.32258687913417816,0.15046637505292892,
0,260816,matched,MATCHED_Rayleigh,RNND_Zhu,2458,0.5401476323604584,0.39033111929893494,0.14981651678681374,
0,260816,matched,MATCHED_Rayleigh,RNND_Zhu,2459,0.47482337057590485,0.3300536274909973,0.14476974308490753,
0,260816,matched,MATCHED_Rayleigh,RNND_Zhu,2460,0.4497337341308594,0.31232866644859314,0.13740507140755653,
0,260816,matched,MATCHED_Rayleigh,RNND_Zhu,2461,0.5908326655626297,0.4253665581345558,0.16546611487865448,
0,260816,matched,MATCHED_Rayleigh,RNND_Zhu,2462,0.46808724105358124,0.3263312503695488,0.14175599068403244,
0,260816,matched,MATCHED_Rayleigh,RNND_Zhu,2463,0.45584189891815186,0.3209347613155842,0.13490713387727737,
0,260816,matched,MATCHED_Rayleigh,RNND_Zhu,2464,0.5372729673981667,0.3788554295897484,0.15841754525899887,
0,260816,matched,MATCHED_Rayleigh,RNND_Zhu,2465,0.5462334603071213,0.38927190005779266,0.15696155279874802,
0,260816,matched,MATCHED_Rayleigh,RNND_Zhu,2466,0.5662633627653122,0.40945765376091003,0.15680572018027306,
0,260816,matched,MATCHED_Rayleigh,RNND_Zhu,2467,0.45142214745283127,0.3071288838982582,0.14429326355457306,
0,260816,matched,MATCHED_Rayleigh,RNND_Zhu,2468,0.5204279646277428,0.3686734437942505,0.15175452828407288,
0,260816,matched,MATCHED_Rayleigh,RNND_Zhu,2469,0.43776387721300125,0.30421044677495956,0.1335534304380417,
0,260816,matched,MATCHED_Rayleigh,RNND_Zhu,2470,0.6150162816047668,0.44803785532712936,0.16697841882705688,
0,260816,matched,MATCHED_Rayleigh,RNND_Zhu,2471,0.568045124411583,0.40857136994600296,0.15947375446558,
0,260816,matched,MATCHED_Rayleigh,RNND_Zhu,2472,0.48752182722091675,0.34362683445215225,0.1438950002193451,
0,260816,matched,MATCHED_Rayleigh,RNND_Zhu,2473,0.5972306877374649,0.4322804883122444,0.1649501956999302,
0,260816,matched,MATCHED_Rayleigh,RNND_Zhu,2474,0.4314863532781601,0.2980116084218025,0.13347474671900272,
0,260816,matched,MATCHED_Rayleigh,RNND_Zhu,2475,0.4102500453591347,0.27282343804836273,0.13742660731077194,
0,260816,matched,MATCHED_Rayleigh,RNND_Zhu,2476,0.47352292388677597,0.33034131675958633,0.14318159967660904,
0,260816,matched,MATCHED_Rayleigh,RNND_Zhu,2477,0.532348059117794,0.3800019584596157,0.15234611183404922,
0,260816,matched,MATCHED_Rayleigh,RNND_Zhu,2478,0.5575432479381561,0.39901307225227356,0.15853017941117287,
0,260816,matched,MATCHED_Rayleigh,RNND_Zhu,2479,0.405145026743412,0.2740563564002514,0.13108867406845093,
0,260816,matched,MATCHED_Rayleigh,RNND_Zhu,2480,0.6110490933060646,0.4524923749268055,0.15855672396719456,
0,260816,matched,MATCHED_Rayleigh,RNND_Zhu,2481,0.5103552937507629,0.36144255846738815,0.1489127352833748,
0,260816,matched,MATCHED_Rayleigh,RNND_Zhu,2482,0.589140385389328,0.43009378015995026,0.15904659777879715,
0,260816,matched,MATCHED_Rayleigh,RNND_Zhu,2483,0.5276220068335533,0.3744722418487072,0.15314976312220097,
0,260816,matched,MATCHED_Rayleigh,RNND_Zhu,2484,0.49101923406124115,0.3512236550450325,0.13979558274149895,
0,260816,matched,MATCHED_Rayleigh,RNND_Zhu,2485,0.5223053991794586,0.3681469261646271,0.15415847301483154,
0,260816,matched,MATCHED_Rayleigh,RNND_Zhu,2486,0.4828755706548691,0.3287758529186249,0.1540997177362442,
0,260816,matched,MATCHED_Rayleigh,RNND_Zhu,2487,0.6658340245485306,0.48253505676984787,0.1832989938557148,
0,260816,matched,MATCHED_Rayleigh,RNND_Zhu,2488,0.5653432011604309,0.408347487449646,0.1569957137107849,
0,260816,matched,MATCHED_Rayleigh,RNND_Zhu,2489,0.4668601304292679,0.3218577392399311,0.14500239677727222,
0,260816,matched,MATCHED_Rayleigh,RNND_Zhu,2490,0.47228823602199554,0.33316994458436966,0.13911830447614193,
0,260816,matched,MATCHED_Rayleigh,RNND_Zhu,2491,0.5112671554088593,0.3668982684612274,0.14436889067292213,
0,260816,matched,MATCHED_Rayleigh,RNND_Zhu,2492,0.5844514593482018,0.41727061569690704,0.1671808585524559,
0,260816,matched,MATCHED_Rayleigh,RNND_Zhu,2493,0.5844089388847351,0.42347219586372375,0.16093675792217255,
0,260816,matched,MATCHED_Rayleigh,RNND_Zhu,2494,0.5159562528133392,0.3711950033903122,0.14476124569773674,
0,260816,matched,MATCHED_Rayleigh,RNND_Zhu,2495,0.6092272624373436,0.44446665048599243,0.16476062685251236,
0,260816,matched,MATCHED_Rayleigh,RNND_Zhu,2496,0.5509617254137993,0.39742347598075867,0.15353826060891151,
0,260816,matched,MATCHED_Rayleigh,RNND_Zhu,2497,0.5954286828637123,0.4342559799551964,0.16117270290851593,
0,260816,matched,MATCHED_Rayleigh,RNND_Zhu,2498,0.5359240248799324,0.3828566074371338,0.15306740626692772,
0,260816,matched,MATCHED_Rayleigh,RNND_Zhu,2499,0.476725198328495,0.3325904496014118,0.14413475431501865,
0,260816,matched,MATCHED_Rayleigh,RNND_Zhu,2500,0.41989806294441223,0.2839229293167591,0.13597513362765312,
0,260816,matched,MATCHED_Rayleigh,RNND_Zhu,2501,0.38449572771787643,0.25463932380080223,0.1298563964664936,
0,260816,matched,MATCHED_Rayleigh,RNND_Zhu,2502,0.6158797591924667,0.4510382264852524,0.16484154015779495,
0,260816,matched,MATCHED_Rayleigh,RNND_Zhu,2503,0.5710178837180138,0.41482847183942795,0.1561894193291664,
0,260816,matched,MATCHED_Rayleigh,RNND_Zhu,2504,0.4872255027294159,0.34136345982551575,0.14586205035448074,
0,260816,matched,MATCHED_Rayleigh,RNND_Zhu,2505,0.5266553312540054,0.37333714216947556,0.15331817045807838,
0,260816,matched,MATCHED_Rayleigh,RNND_Zhu,2506,0.5251059830188751,0.38168416917324066,0.14342181012034416,
0,260816,matched,MATCHED_Rayleigh,RNND_Zhu,2507,0.6705437451601028,0.4928053766489029,0.17773834988474846,
0,260816,matched,MATCHED_Rayleigh,RNND_Zhu,2508,0.5160954147577286,0.36245521157979965,0.15364019945263863,
0,260816,matched,MATCHED_Rayleigh,RNND_Zhu,2509,0.6196037158370018,0.45252078026533127,0.16708294302225113,
0,260816,matched,MATCHED_Rayleigh,RNND_Zhu,2510,0.5390073284506798,0.3725430443882942,0.16646428778767586,
0,260816,matched,MATCHED_Rayleigh,RNND_Zhu,2511,0.4998384937644005,0.3510081544518471,0.1488303281366825,
0,260816,matched,MATCHED_Rayleigh,RNND_Zhu,2512,0.6471700146794319,0.47642073780298233,0.17074928805232048,
0,260816,matched,MATCHED_Rayleigh,RNND_Zhu,2513,0.46065428107976913,0.3166101649403572,0.14404410868883133,
0,260816,matched,MATCHED_Rayleigh,RNND_Zhu,2514,0.574761651456356,0.4176570475101471,0.15710460394620895,
0,260816,matched,MATCHED_Rayleigh,RNND_Zhu,2515,0.5860890820622444,0.42450304329395294,0.16158603504300117,
0,260816,matched,MATCHED_Rayleigh,RNND_Zhu,2516,0.6052975431084633,0.44296544045209885,0.16233211010694504,
0,260816,matched,MATCHED_Rayleigh,RNND_Zhu,2517,0.4792020544409752,0.33665549010038376,0.14254655502736568,
0,260816,matched,MATCHED_Rayleigh,RNND_Zhu,2518,0.6736503839492798,0.49791520833969116,0.17573517560958862,
0,260816,matched,MATCHED_Rayleigh,RNND_Zhu,2519,0.48435990512371063,0.3431694805622101,0.14119042083621025,
0,260816,matched,MATCHED_Rayleigh,RNND_Zhu,2520,0.6361810639500618,0.46184634417295456,0.17433472722768784,
0,260816,matched,MATCHED_Rayleigh,RNND_Zhu,2521,0.6628303676843643,0.4895586743950844,0.17327168211340904,
0,260816,matched,MATCHED_Rayleigh,RNND_Zhu,2522,0.6163389980792999,0.4439942017197609,0.17234478890895844,
0,260816,matched,MATCHED_Rayleigh,RNND_Zhu,2523,0.44564536213874817,0.3080596402287483,0.13758572563529015,
0,260816,matched,MATCHED_Rayleigh,RNND_Zhu,2524,0.63978061825037,0.46916085481643677,0.17061975225806236,
0,260816,matched,MATCHED_Rayleigh,RNND_Zhu,2525,0.5340792536735535,0.38141534477472305,0.15266390517354012,
0,260816,matched,MATCHED_Rayleigh,RNND_Zhu,2526,0.4403483122587204,0.2996037155389786,0.14074460417032242,
0,260816,matched,MATCHED_Rayleigh,RNND_Zhu,2527,0.5144351273775101,0.36500565335154533,0.14942948147654533,
0,260816,matched,MATCHED_Rayleigh,RNND_Zhu,2528,0.5507088005542755,0.3923477977514267,0.15836099162697792,
0,260816,matched,MATCHED_Rayleigh,RNND_Zhu,2529,0.5763384699821472,0.4160260558128357,0.16031242534518242,
0,260816,matched,MATCHED_Rayleigh,RNND_Zhu,2530,0.742310643196106,0.5600562244653702,0.18225444480776787,
0,260816,matched,MATCHED_Rayleigh,RNND_Zhu,2531,0.6315659955143929,0.4611900523304939,0.17037594690918922,
0,260816,matched,MATCHED_Rayleigh,RNND_Zhu,2532,0.3904758468270302,0.26294559985399246,0.12753024138510227,
0,260816,matched,MATCHED_Rayleigh,RNND_Zhu,2533,0.5422627478837967,0.384411945939064,0.15785079076886177,
0,260816,matched,MATCHED_Rayleigh,RNND_Zhu,2534,0.5475997626781464,0.38888878375291824,0.15871097519993782,
0,260816,matched,MATCHED_Rayleigh,RNND_Zhu,2535,0.741008460521698,0.5543195307254791,0.18668893724679947,
0,260816,matched,MATCHED_Rayleigh,RNND_Zhu,2536,0.5764483213424683,0.41605083271861076,0.16039749793708324,
0,260816,matched,MATCHED_Rayleigh,RNND_Zhu,2537,0.6019298583269119,0.4427126944065094,0.15921715646982193,
0,260816,matched,MATCHED_Rayleigh,RNND_Zhu,2538,0.5462985262274742,0.3879481479525566,0.1583503820002079,
0,260816,matched,MATCHED_Rayleigh,RNND_Zhu,2539,0.5227280631661415,0.36737438291311264,0.15535367652773857,
0,260816,matched,MATCHED_Rayleigh,RNND_Zhu,2540,0.5649777874350548,0.4065075069665909,0.1584702879190445,
0,260816,matched,MATCHED_Rayleigh,RNND_Zhu,2541,0.5975048840045929,0.43685007095336914,0.16065481305122375,
0,260816,matched,MATCHED_Rayleigh,RNND_Zhu,2542,0.4279393181204796,0.29520515725016594,0.13273415341973305,
0,260816,matched,MATCHED_Rayleigh,RNND_Zhu,2543,0.5543365105986595,0.40437545254826546,0.1499610524624586,
0,260816,matched,MATCHED_Rayleigh,RNND_Zhu,2544,0.5089175328612328,0.36216385662555695,0.1467536725103855,
0,260816,matched,MATCHED_Rayleigh,RNND_Zhu,2545,0.6740686446428299,0.4972257763147354,0.17684286832809448,
0,260816,matched,MATCHED_Rayleigh,RNND_Zhu,2546,0.5439130067825317,0.3878476098179817,0.1560654081404209,
0,260816,matched,MATCHED_Rayleigh,RNND_Zhu,2547,0.5508193671703339,0.396627988666296,0.15419136732816696,
0,260816,matched,MATCHED_Rayleigh,RNND_Zhu,2548,0.5161121860146523,0.36224913597106934,0.15386303514242172,
0,260816,matched,MATCHED_Rayleigh,RNND_Zhu,2549,0.5992204397916794,0.4420708119869232,0.15714963153004646,
0,260816,matched,MATCHED_Rayleigh,RNND_Zhu,2550,0.6504514515399933,0.47949352115392685,0.17095793038606644,
0,260816,matched,MATCHED_Rayleigh,RNND_Zhu,2551,0.6083420664072037,0.44387564435601234,0.16446642577648163,
0,260816,matched,MATCHED_Rayleigh,RNND_Zhu,2552,0.5064020827412605,0.35462407022714615,0.15177801623940468,
0,260816,matched,MATCHED_Rayleigh,RNND_Zhu,2553,0.46915654838085175,0.3217715732753277,0.14738497510552406,
0,260816,matched,MATCHED_Rayleigh,RNND_Zhu,2554,0.5401622131466866,0.38413749635219574,0.15602471306920052,
0,260816,matched,MATCHED_Rayleigh,RNND_Zhu,2555,0.6110377982258797,0.44622228294610977,0.1648155264556408,
0,260816,matched,MATCHED_Rayleigh,RNND_Zhu,2556,0.565313421189785,0.40348295867443085,0.16183046996593475,
0,260816,matched,MATCHED_Rayleigh,RNND_Zhu,2557,0.6017629504203796,0.4372255280613899,0.16453741863369942,
0,260816,matched,MATCHED_Rayleigh,RNND_Zhu,2558,0.5698099881410599,0.41726144403219223,0.15254852920770645,
0,260816,matched,MATCHED_Rayleigh,RNND_Zhu,2559,0.582682728767395,0.4208516851067543,0.16183103993535042,
0,260816,matched,MATCHED_Rayleigh,RNND_Zhu,2560,0.6305076032876968,0.46459271758794785,0.1659148819744587,
0,260816,matched,MATCHED_Rayleigh,RNND_Zhu,2561,0.6547288149595261,0.4826621040701866,0.17206669226288795,
0,260816,matched,MATCHED_Rayleigh,RNND_Zhu,2562,0.5045348852872849,0.35653651878237724,0.14799836836755276,
0,260816,matched,MATCHED_Rayleigh,RNND_Zhu,2563,0.5227034538984299,0.37707216292619705,0.14563128538429737,
0,260816,matched,MATCHED_Rayleigh,RNND_Zhu,2564,0.6127220988273621,0.44570599496364594,0.16701608896255493,
0,260816,matched,MATCHED_Rayleigh,RNND_Zhu,2565,0.6033024936914444,0.4385824352502823,0.1647200584411621,
0,260816,matched,MATCHED_Rayleigh,RNND_Zhu,2566,0.41709309816360474,0.2828974090516567,0.13419568724930286,
0,260816,matched,MATCHED_Rayleigh,RNND_Zhu,2567,0.5574795007705688,0.40415896475315094,0.153320524841547,
0,260816,matched,MATCHED_Rayleigh,RNND_Zhu,2568,0.5511196106672287,0.39127955585718155,0.15984005481004715,
0,260816,matched,MATCHED_Rayleigh,RNND_Zhu,2569,0.5774940550327301,0.4179620295763016,0.15953202545642853,
0,260816,matched,MATCHED_Rayleigh,RNND_Zhu,2570,0.44405584037303925,0.30063389986753464,0.14342192560434341,
0,260816,matched,MATCHED_Rayleigh,RNND_Zhu,2571,0.48188311606645584,0.3341453932225704,0.14773773401975632,
0,260816,matched,MATCHED_Rayleigh,RNND_Zhu,2572,0.5836935788393021,0.4234325923025608,0.16026099771261215,
0,260816,matched,MATCHED_Rayleigh,RNND_Zhu,2573,0.5308025628328323,0.37752214074134827,0.15328043513000011,
0,260816,matched,MATCHED_Rayleigh,RNND_Zhu,2574,0.5598926991224289,0.4045543000102043,0.15533840283751488,
0,260816,matched,MATCHED_Rayleigh,RNND_Zhu,2575,0.49698953330516815,0.3533748835325241,0.14361464604735374,
0,260816,matched,MATCHED_Rayleigh,RNND_Zhu,2576,0.587563082575798,0.4181128740310669,0.16945019736886024,
0,260816,matched,MATCHED_Rayleigh,RNND_Zhu,2577,0.438594788312912,0.2982248067855835,0.1403699778020382,
0,260816,matched,MATCHED_Rayleigh,RNND_Zhu,2578,0.5959483087062836,0.42595984786748886,0.1699884757399559,
0,260816,matched,MATCHED_Rayleigh,RNND_Zhu,2579,0.5631867200136185,0.4051285944879055,0.15805812552571297,
0,260816,matched,MATCHED_Rayleigh,RNND_Zhu,2580,0.6751258969306946,0.504066675901413,0.1710592322051525,
0,260816,matched,MATCHED_Rayleigh,RNND_Zhu,2581,0.41715753078460693,0.2838636189699173,0.13329391181468964,
0,260816,matched,MATCHED_Rayleigh,RNND_Zhu,2582,0.5498415976762772,0.39344900101423264,0.15639259666204453,
0,260816,matched,MATCHED_Rayleigh,RNND_Zhu,2583,0.6381771564483643,0.4685911238193512,0.16958603262901306,
0,260816,matched,MATCHED_Rayleigh,RNND_Zhu,2584,0.5359667614102364,0.38105639815330505,0.1549103669822216,
0,260816,matched,MATCHED_Rayleigh,RNND_Zhu,2585,0.4617221727967262,0.31886788457632065,0.14285429939627647,
0,260816,matched,MATCHED_Rayleigh,RNND_Zhu,2586,0.4587925001978874,0.3289759159088135,0.1298165824264288,
0,260816,matched,MATCHED_Rayleigh,RNND_Zhu,2587,0.5340122878551483,0.3784774914383888,0.1555348038673401,
0,260816,matched,MATCHED_Rayleigh,RNND_Zhu,2588,0.5916536301374435,0.4317658320069313,0.15988779067993164,
0,260816,matched,MATCHED_Rayleigh,RNND_Zhu,2589,0.6785743832588196,0.501816913485527,0.17675746232271194,
0,260816,matched,MATCHED_Rayleigh,RNND_Zhu,2590,0.6850478500127792,0.5067044049501419,0.17834344878792763,
0,260816,matched,MATCHED_Rayleigh,RNND_Zhu,2591,0.4937049001455307,0.3489792086184025,0.14472570084035397,
0,260816,matched,MATCHED_Rayleigh,RNND_Zhu,2592,0.4428447186946869,0.3054046221077442,0.13744009472429752,
0,260816,matched,MATCHED_Rayleigh,RNND_Zhu,2593,0.42717722058296204,0.2932383641600609,0.13393886759877205,
0,260816,matched,MATCHED_Rayleigh,RNND_Zhu,2594,0.5574881136417389,0.40244944393634796,0.15503868460655212,
0,260816,matched,MATCHED_Rayleigh,RNND_Zhu,2595,0.478430911898613,0.33752116560935974,0.14090973883867264,
0,260816,matched,MATCHED_Rayleigh,RNND_Zhu,2596,0.7325668036937714,0.5474635362625122,0.18510327860713005,
0,260816,matched,MATCHED_Rayleigh,RNND_Zhu,2597,0.5247845500707626,0.37356582283973694,0.1512187384068966,
0,260816,matched,MATCHED_Rayleigh,RNND_Zhu,2598,0.5454872846603394,0.3893723264336586,0.15611496940255165,
0,260816,matched,MATCHED_Rayleigh,RNND_Zhu,2599,0.5551707148551941,0.3975912183523178,0.15757948905229568,
0,260816,matched,MATCHED_Rayleigh,RNND_Zhu,2600,0.5659212097525597,0.4107321724295616,0.1551890391856432,-0.5629201891266232
0,260816,matched,MATCHED_Rayleigh,RNND_Zhu,2601,0.5394436120986938,0.3864591158926487,0.15298451855778694,
0,260816,matched,MATCHED_Rayleigh,RNND_Zhu,2602,0.4710001051425934,0.32816970348358154,0.14283040165901184,
0,260816,matched,MATCHED_Rayleigh,RNND_Zhu,2603,0.6537863910198212,0.48268385976552963,0.17110253125429153,
0,260816,matched,MATCHED_Rayleigh,RNND_Zhu,2604,0.4930068254470825,0.338825061917305,0.15418176725506783,
0,260816,matched,MATCHED_Rayleigh,RNND_Zhu,2605,0.605687253177166,0.4416894018650055,0.1639978587627411,
0,260816,matched,MATCHED_Rayleigh,RNND_Zhu,2606,0.5656801462173462,0.40003248304128647,0.16564766690135002,
0,260816,matched,MATCHED_Rayleigh,RNND_Zhu,2607,0.5707266479730606,0.40365300327539444,0.16707364469766617,
0,260816,matched,MATCHED_Rayleigh,RNND_Zhu,2608,0.728221520781517,0.5400645211338997,0.18815699219703674,
0,260816,matched,MATCHED_Rayleigh,RNND_Zhu,2609,0.6306019723415375,0.45607108622789383,0.17453088611364365,
0,260816,matched,MATCHED_Rayleigh,RNND_Zhu,2610,0.6646365970373154,0.4810272753238678,0.18360933288931847,
0,260816,matched,MATCHED_Rayleigh,RNND_Zhu,2611,0.47098664939403534,0.32969824597239494,0.1412883996963501,
0,260816,matched,MATCHED_Rayleigh,RNND_Zhu,2612,0.4351051524281502,0.295645572245121,0.13945958204567432,
0,260816,matched,MATCHED_Rayleigh,RNND_Zhu,2613,0.6074536442756653,0.4434885308146477,0.163965106010437,
0,260816,matched,MATCHED_Rayleigh,RNND_Zhu,2614,0.5710141882300377,0.4221668615937233,0.1488473266363144,
0,260816,matched,MATCHED_Rayleigh,RNND_Zhu,2615,0.4735613614320755,0.3311130255460739,0.14244833961129189,
0,260816,matched,MATCHED_Rayleigh,RNND_Zhu,2616,0.5498022735118866,0.39113038405776024,0.15867189690470695,
0,260816,matched,MATCHED_Rayleigh,RNND_Zhu,2617,0.6609256267547607,0.4843265190720558,0.17659911140799522,
0,260816,matched,MATCHED_Rayleigh,RNND_Zhu,2618,0.6141758114099503,0.452381893992424,0.16179391369223595,
0,260816,matched,MATCHED_Rayleigh,RNND_Zhu,2619,0.4940817952156067,0.34956078603863716,0.14452101290225983,
0,260816,matched,MATCHED_Rayleigh,RNND_Zhu,2620,0.4583996906876564,0.3092799484729767,0.14911973476409912,
0,260816,matched,MATCHED_Rayleigh,RNND_Zhu,2621,0.38843656331300735,0.25890272855758667,0.12953383289277554,
0,260816,matched,MATCHED_Rayleigh,RNND_Zhu,2622,0.6856862455606461,0.5036488547921181,0.18203740939497948,
0,260816,matched,MATCHED_Rayleigh,RNND_Zhu,2623,0.5034058541059494,0.35804834216833115,0.14535751193761826,
0,260816,matched,MATCHED_Rayleigh,RNND_Zhu,2624,0.5445384457707405,0.3906669169664383,0.15387152694165707,
0,260816,matched,MATCHED_Rayleigh,RNND_Zhu,2625,0.5120244771242142,0.36682064831256866,0.14520383812487125,
0,260816,matched,MATCHED_Rayleigh,RNND_Zhu,2626,0.43744640052318573,0.29917650297284126,0.13826989941298962,
0,260816,matched,MATCHED_Rayleigh,RNND_Zhu,2627,0.5750467777252197,0.4087468311190605,0.16629993543028831,
0,260816,matched,MATCHED_Rayleigh,RNND_Zhu,2628,0.6524604931473732,0.47947781533002853,0.17298267409205437,
0,260816,matched,MATCHED_Rayleigh,RNND_Zhu,2629,0.45215311646461487,0.3157607987523079,0.13639231771230698,
0,260816,matched,MATCHED_Rayleigh,RNND_Zhu,2630,0.5893932729959488,0.42195287346839905,0.16744040697813034,
0,260816,matched,MATCHED_Rayleigh,RNND_Zhu,2631,0.5605280846357346,0.40614841878414154,0.15437966212630272,
0,260816,matched,MATCHED_Rayleigh,RNND_Zhu,2632,0.47147102653980255,0.32830969616770744,0.1431613340973854,
0,260816,matched,MATCHED_Rayleigh,RNND_Zhu,2633,0.43696068227291107,0.29952526092529297,0.13743542321026325,
0,260816,matched,MATCHED_Rayleigh,RNND_Zhu,2634,0.45042065531015396,0.31210174411535263,0.13831890933215618,
0,260816,matched,MATCHED_Rayleigh,RNND_Zhu,2635,0.5753795653581619,0.41454458981752396,0.16083497926592827,
0,260816,matched,MATCHED_Rayleigh,RNND_Zhu,2636,0.3883137181401253,0.25588541850447655,0.13242830149829388,
0,260816,matched,MATCHED_Rayleigh,RNND_Zhu,2637,0.5368571355938911,0.3850543648004532,0.15180278196930885,
0,260816,matched,MATCHED_Rayleigh,RNND_Zhu,2638,0.42251138389110565,0.28553224354982376,0.1369791366159916,
0,260816,matched,MATCHED_Rayleigh,RNND_Zhu,2639,0.6619803458452225,0.4877914860844612,0.17418886348605156,
0,260816,matched,MATCHED_Rayleigh,RNND_Zhu,2640,0.5661465153098106,0.4082832932472229,0.15786322578787804,
0,260816,matched,MATCHED_Rayleigh,RNND_Zhu,2641,0.6198351979255676,0.45409344136714935,0.16574176028370857,
0,260816,matched,MATCHED_Rayleigh,RNND_Zhu,2642,0.5857498273253441,0.4223172292113304,0.16343260183930397,
0,260816,matched,MATCHED_Rayleigh,RNND_Zhu,2643,0.4437624290585518,0.3073556572198868,0.13640677370131016,
0,260816,matched,MATCHED_Rayleigh,RNND_Zhu,2644,0.5841968804597855,0.4222172498703003,0.16197964176535606,
0,260816,matched,MATCHED_Rayleigh,RNND_Zhu,2645,0.4892885386943817,0.34542345255613327,0.14386508986353874,
0,260816,matched,MATCHED_Rayleigh,RNND_Zhu,2646,0.5523611903190613,0.3948032520711422,0.15755794569849968,
0,260816,matched,MATCHED_Rayleigh,RNND_Zhu,2647,0.6182434260845184,0.4539845883846283,0.16425884142518044,
0,260816,matched,MATCHED_Rayleigh,RNND_Zhu,2648,0.5624260157346725,0.4003472775220871,0.16207873448729515,
0,260816,matched,MATCHED_Rayleigh,RNND_Zhu,2649,0.5527811124920845,0.39360494166612625,0.15917615592479706,
0,260816,matched,MATCHED_Rayleigh,RNND_Zhu,2650,0.5657297745347023,0.4155568778514862,0.1501728892326355,
0,260816,matched,MATCHED_Rayleigh,RNND_Zhu,2651,0.5989098474383354,0.43240514397621155,0.16650471463799477,
0,260816,matched,MATCHED_Rayleigh,RNND_Zhu,2652,0.5299615114927292,0.38128238171339035,0.14867914095520973,
0,260816,matched,MATCHED_Rayleigh,RNND_Zhu,2653,0.5876897573471069,0.4234946370124817,0.16419512033462524,
0,260816,matched,MATCHED_Rayleigh,RNND_Zhu,2654,0.5940550044178963,0.43147048354148865,0.16258452460169792,
0,260816,matched,MATCHED_Rayleigh,RNND_Zhu,2655,0.47176235914230347,0.3288368433713913,0.14292551018297672,
0,260816,matched,MATCHED_Rayleigh,RNND_Zhu,2656,0.5481164827942848,0.39089060574769974,0.15722587890923023,
0,260816,matched,MATCHED_Rayleigh,RNND_Zhu,2657,0.5753525719046593,0.4193776175379753,0.15597494691610336,
0,260816,matched,MATCHED_Rayleigh,RNND_Zhu,2658,0.4931678995490074,0.35015465691685677,0.14301323890686035,
0,260816,matched,MATCHED_Rayleigh,RNND_Zhu,2659,0.4786113500595093,0.3317524567246437,0.14685888960957527,
0,260816,matched,MATCHED_Rayleigh,RNND_Zhu,2660,0.5450498461723328,0.38862860202789307,0.1564212553203106,
0,260816,matched,MATCHED_Rayleigh,RNND_Zhu,2661,0.5631648823618889,0.40421443432569504,0.1589504573494196,
0,260816,matched,MATCHED_Rayleigh,RNND_Zhu,2662,0.5450397729873657,0.39067789539694786,0.15436187386512756,
0,260816,matched,MATCHED_Rayleigh,RNND_Zhu,2663,0.5196468681097031,0.36709563434123993,0.15255123004317284,
0,260816,matched,MATCHED_Rayleigh,RNND_Zhu,2664,0.6655099242925644,0.4915536120533943,0.17395630478858948,
0,260816,matched,MATCHED_Rayleigh,RNND_Zhu,2665,0.52003213763237,0.3713498115539551,0.14868232607841492,
0,260816,matched,MATCHED_Rayleigh,RNND_Zhu,2666,0.5713163316249847,0.4135434329509735,0.15777290239930153,
0,260816,matched,MATCHED_Rayleigh,RNND_Zhu,2667,0.532034620642662,0.38243912905454636,0.149595495313406,
0,260816,matched,MATCHED_Rayleigh,RNND_Zhu,2668,0.5946814939379692,0.43444016575813293,0.16024132817983627,
0,260816,matched,MATCHED_Rayleigh,RNND_Zhu,2669,0.5663772895932198,0.4006582573056221,0.16571901366114616,
0,260816,matched,MATCHED_Rayleigh,RNND_Zhu,2670,0.5429432615637779,0.38769692182540894,0.155246339738369,
0,260816,matched,MATCHED_Rayleigh,RNND_Zhu,2671,0.5455359518527985,0.390253446996212,0.15528250858187675,
0,260816,matched,MATCHED_Rayleigh,RNND_Zhu,2672,0.5580031871795654,0.4029598757624626,0.1550433114171028,
0,260816,matched,MATCHED_Rayleigh,RNND_Zhu,2673,0.5410646796226501,0.3912578299641609,0.14980685710906982,
0,260816,matched,MATCHED_Rayleigh,RNND_Zhu,2674,0.5087534263730049,0.35612739622592926,0.15262603387236595,
0,260816,matched,MATCHED_Rayleigh,RNND_Zhu,2675,0.49113865196704865,0.3484039194881916,0.14273473247885704,
0,260816,matched,MATCHED_Rayleigh,RNND_Zhu,2676,0.6460621654987335,0.4729239195585251,0.17313822731375694,
0,260816,matched,MATCHED_Rayleigh,RNND_Zhu,2677,0.6373009830713272,0.46887845546007156,0.16842252761125565,
0,260816,matched,MATCHED_Rayleigh,RNND_Zhu,2678,0.6319974362850189,0.4618680663406849,0.17012937366962433,
0,260816,matched,MATCHED_Rayleigh,RNND_Zhu,2679,0.5361612439155579,0.38666882365942,0.14949240908026695,
0,260816,matched,MATCHED_Rayleigh,RNND_Zhu,2680,0.486720010638237,0.3401819095015526,0.14653810672461987,
0,260816,matched,MATCHED_Rayleigh,RNND_Zhu,2681,0.5111761093139648,0.36446403712034225,0.1467120759189129,
0,260816,matched,MATCHED_Rayleigh,RNND_Zhu,2682,0.6607011705636978,0.4962308779358864,0.16447028517723083,
0,260816,matched,MATCHED_Rayleigh,RNND_Zhu,2683,0.5819771438837051,0.41349633783102036,0.16848080232739449,
0,260816,matched,MATCHED_Rayleigh,RNND_Zhu,2684,0.540083572268486,0.3882896974682808,0.15179387852549553,
0,260816,matched,MATCHED_Rayleigh,RNND_Zhu,2685,0.5535808503627777,0.40411507338285446,0.14946576952934265,
0,260816,matched,MATCHED_Rayleigh,RNND_Zhu,2686,0.5067725256085396,0.3535647951066494,0.15320773795247078,
0,260816,matched,MATCHED_Rayleigh,RNND_Zhu,2687,0.5871810913085938,0.4288686625659466,0.15831241384148598,
0,260816,matched,MATCHED_Rayleigh,RNND_Zhu,2688,0.5616455227136612,0.40981410443782806,0.15183141455054283,
0,260816,matched,MATCHED_Rayleigh,RNND_Zhu,2689,0.5300366133451462,0.3787880465388298,0.15124858170747757,
0,260816,matched,MATCHED_Rayleigh,RNND_Zhu,2690,0.46700555086135864,0.32907650619745255,0.1379290521144867,
0,260816,matched,MATCHED_Rayleigh,RNND_Zhu,2691,0.5209441483020782,0.36996030807495117,0.15098383650183678,
0,260816,matched,MATCHED_Rayleigh,RNND_Zhu,2692,0.5189708396792412,0.36834510415792465,0.15062573179602623,
0,260816,matched,MATCHED_Rayleigh,RNND_Zhu,2693,0.5685614570975304,0.4039687141776085,0.16459273919463158,
0,260816,matched,MATCHED_Rayleigh,RNND_Zhu,2694,0.661958210170269,0.4827064946293831,0.17925170063972473,
0,260816,matched,MATCHED_Rayleigh,RNND_Zhu,2695,0.4818219095468521,0.3327983394265175,0.14902356080710888,
0,260816,matched,MATCHED_Rayleigh,RNND_Zhu,2696,0.4799097329378128,0.34207382798194885,0.13783590123057365,
0,260816,matched,MATCHED_Rayleigh,RNND_Zhu,2697,0.48382771760225296,0.3385246694087982,0.14530304446816444,
0,260816,matched,MATCHED_Rayleigh,RNND_Zhu,2698,0.6360240951180458,0.4639924131333828,0.172031681984663,
0,260816,matched,MATCHED_Rayleigh,RNND_Zhu,2699,0.4361496865749359,0.2994552552700043,0.13669444248080254,
0,260816,matched,MATCHED_Rayleigh,RNND_Zhu,2700,0.6378636509180069,0.4740874096751213,0.16377625614404678,
0,260816,matched,MATCHED_Rayleigh,RNND_Zhu,2701,0.43776776641607285,0.2993977814912796,0.13836998865008354,
0,260816,matched,MATCHED_Rayleigh,RNND_Zhu,2702,0.4840116426348686,0.3395984098315239,0.14441323652863503,
0,260816,matched,MATCHED_Rayleigh,RNND_Zhu,2703,0.5967944413423538,0.42965685576200485,0.16713760048151016,
0,260816,matched,MATCHED_Rayleigh,RNND_Zhu,2704,0.6436821967363358,0.4707893058657646,0.17289287969470024,
0,260816,matched,MATCHED_Rayleigh,RNND_Zhu,2705,0.485618457198143,0.34308722615242004,0.1425312403589487,
0,260816,matched,MATCHED_Rayleigh,RNND_Zhu,2706,0.5606828331947327,0.4050908461213112,0.15559198334813118,
0,260816,matched,MATCHED_Rayleigh,RNND_Zhu,2707,0.5402850285172462,0.3877420462667942,0.1525429841130972,
0,260816,matched,MATCHED_Rayleigh,RNND_Zhu,2708,0.4526354670524597,0.31507963687181473,0.13755583576858044,
0,260816,matched,MATCHED_Rayleigh,RNND_Zhu,2709,0.46765710413455963,0.3259574770927429,0.14169962517917156,
0,260816,matched,MATCHED_Rayleigh,RNND_Zhu,2710,0.5315692946314812,0.377493254840374,0.15407604351639748,
0,260816,matched,MATCHED_Rayleigh,RNND_Zhu,2711,0.5024573728442192,0.3556191027164459,0.14683827757835388,
0,260816,matched,MATCHED_Rayleigh,RNND_Zhu,2712,0.49270910769701004,0.3424699679017067,0.15023913607001305,
0,260816,matched,MATCHED_Rayleigh,RNND_Zhu,2713,0.5742582604289055,0.4147212728857994,0.15953699126839638,
0,260816,matched,MATCHED_Rayleigh,RNND_Zhu,2714,0.41160959750413895,0.26535286009311676,0.1462567336857319,
0,260816,matched,MATCHED_Rayleigh,RNND_Zhu,2715,0.5194142907857895,0.37080638855695724,0.14860789850354195,
0,260816,matched,MATCHED_Rayleigh,RNND_Zhu,2716,0.5165192112326622,0.3727341294288635,0.14378508180379868,
0,260816,matched,MATCHED_Rayleigh,RNND_Zhu,2717,0.5981413871049881,0.42692678421735764,0.17121460288763046,
0,260816,matched,MATCHED_Rayleigh,RNND_Zhu,2718,0.4087229296565056,0.28002937138080597,0.12869356200098991,
0,260816,matched,MATCHED_Rayleigh,RNND_Zhu,2719,0.5088915675878525,0.3596373125910759,0.14925425499677658,
0,260816,matched,MATCHED_Rayleigh,RNND_Zhu,2720,0.48933445662260056,0.3473658710718155,0.14196858555078506,
0,260816,matched,MATCHED_Rayleigh,RNND_Zhu,2721,0.4504852965474129,0.317196361720562,0.1332889422774315,
0,260816,matched,MATCHED_Rayleigh,RNND_Zhu,2722,0.5905322283506393,0.4337562471628189,0.15677599050104618,
0,260816,matched,MATCHED_Rayleigh,RNND_Zhu,2723,0.4965924918651581,0.3532853350043297,0.1433071419596672,
0,260816,matched,MATCHED_Rayleigh,RNND_Zhu,2724,0.57423335313797,0.4203045517206192,0.15392881073057652,
0,260816,matched,MATCHED_Rayleigh,RNND_Zhu,2725,0.49246473610401154,0.3425087332725525,0.14995600283145905,
0,260816,matched,MATCHED_Rayleigh,RNND_Zhu,2726,0.5082439333200455,0.3573223128914833,0.15092161670327187,
0,260816,matched,MATCHED_Rayleigh,RNND_Zhu,2727,0.5706154778599739,0.41517482697963715,0.15544065460562706,
0,260816,matched,MATCHED_Rayleigh,RNND_Zhu,2728,0.6197346150875092,0.4524109289050102,0.16732368245720863,
0,260816,matched,MATCHED_Rayleigh,RNND_Zhu,2729,0.5607559084892273,0.40549105405807495,0.15526486560702324,
0,260816,matched,MATCHED_Rayleigh,RNND_Zhu,2730,0.5621633380651474,0.4011368378996849,0.1610265076160431,
0,260816,matched,MATCHED_Rayleigh,RNND_Zhu,2731,0.47438517212867737,0.32946671545505524,0.14491845667362213,
0,260816,matched,MATCHED_Rayleigh,RNND_Zhu,2732,0.6234004348516464,0.45335478335618973,0.1700456589460373,
0,260816,matched,MATCHED_Rayleigh,RNND_Zhu,2733,0.5190817564725876,0.3701872453093529,0.1488945223391056,
0,260816,matched,MATCHED_Rayleigh,RNND_Zhu,2734,0.5753452107310295,0.4204271286725998,0.15491808950901031,
0,260816,matched,MATCHED_Rayleigh,RNND_Zhu,2735,0.6465269029140472,0.46863947808742523,0.1778874173760414,
0,260816,matched,MATCHED_Rayleigh,RNND_Zhu,2736,0.5289069712162018,0.3780149817466736,0.1508919969201088,
0,260816,matched,MATCHED_Rayleigh,RNND_Zhu,2737,0.40496230125427246,0.27249348536133766,0.13246881030499935,
0,260816,matched,MATCHED_Rayleigh,RNND_Zhu,2738,0.4065895527601242,0.27948112413287163,0.12710844725370407,
0,260816,matched,MATCHED_Rayleigh,RNND_Zhu,2739,0.5000421777367592,0.356304045766592,0.1437381450086832,
0,260816,matched,MATCHED_Rayleigh,RNND_Zhu,2740,0.5925134718418121,0.4294408857822418,0.16307258792221546,
0,260816,matched,MATCHED_Rayleigh,RNND_Zhu,2741,0.679577186703682,0.5056189373135567,0.17395825684070587,
0,260816,matched,MATCHED_Rayleigh,RNND_Zhu,2742,0.49531425535678864,0.35231855511665344,0.1429957002401352,
0,260816,matched,MATCHED_Rayleigh,RNND_Zhu,2743,0.5389858335256577,0.3894847556948662,0.14950108900666237,
0,260816,matched,MATCHED_Rayleigh,RNND_Zhu,2744,0.6569985896348953,0.48490791767835617,0.17209066450595856,
0,260816,matched,MATCHED_Rayleigh,RNND_Zhu,2745,0.6908672899007797,0.5140243098139763,0.17684298381209373,
0,260816,matched,MATCHED_Rayleigh,RNND_Zhu,2746,0.6612411737442017,0.4853895977139473,0.17585157230496407,
0,260816,matched,MATCHED_Rayleigh,RNND_Zhu,2747,0.6519437730312347,0.48491116613149643,0.1670326143503189,
0,260816,matched,MATCHED_Rayleigh,RNND_Zhu,2748,0.4575562998652458,0.3188245892524719,0.13873171992599964,
0,260816,matched,MATCHED_Rayleigh,RNND_Zhu,2749,0.44204898178577423,0.30843503028154373,0.13361394591629505,
0,260816,matched,MATCHED_Rayleigh,RNND_Zhu,2750,0.5255628824234009,0.37037789449095726,0.15518498793244362,
0,260816,matched,MATCHED_Rayleigh,RNND_Zhu,2751,0.6126192882657051,0.4446040913462639,0.16801520064473152,
0,260816,matched,MATCHED_Rayleigh,RNND_Zhu,2752,0.6001549437642097,0.4409576505422592,0.15919729694724083,
0,260816,matched,MATCHED_Rayleigh,RNND_Zhu,2753,0.5758557468652725,0.41447537764906883,0.1613803692162037,
0,260816,matched,MATCHED_Rayleigh,RNND_Zhu,2754,0.463578462600708,0.3241391181945801,0.13943934254348278,
0,260816,matched,MATCHED_Rayleigh,RNND_Zhu,2755,0.46770454198122025,0.3254586011171341,0.14224592968821526,
0,260816,matched,MATCHED_Rayleigh,RNND_Zhu,2756,0.6368275210261345,0.46082090586423874,0.1760066207498312,
0,260816,matched,MATCHED_Rayleigh,RNND_Zhu,2757,0.4626308083534241,0.3276924267411232,0.13493837974965572,
0,260816,matched,MATCHED_Rayleigh,RNND_Zhu,2758,0.6263953298330307,0.4539438858628273,0.17245145328342915,
0,260816,matched,MATCHED_Rayleigh,RNND_Zhu,2759,0.6312501356005669,0.4664456248283386,0.16480449959635735,
0,260816,matched,MATCHED_Rayleigh,RNND_Zhu,2760,0.5292491689324379,0.37864842265844345,0.15060073509812355,
0,260816,matched,MATCHED_Rayleigh,RNND_Zhu,2761,0.5791463553905487,0.4234611317515373,0.15568523108959198,
0,260816,matched,MATCHED_Rayleigh,RNND_Zhu,2762,0.6878056079149246,0.5175769031047821,0.17022870853543282,
0,260816,matched,MATCHED_Rayleigh,RNND_Zhu,2763,0.5283650904893875,0.37805821001529694,0.15030688047409058,
0,260816,matched,MATCHED_Rayleigh,RNND_Zhu,2764,0.601684108376503,0.43216026574373245,0.16952384263277054,
0,260816,matched,MATCHED_Rayleigh,RNND_Zhu,2765,0.5430086776614189,0.3916628956794739,0.15134579315781593,
0,260816,matched,MATCHED_Rayleigh,RNND_Zhu,2766,0.4859272465109825,0.3413355425000191,0.14459170028567314,
0,260816,matched,MATCHED_Rayleigh,RNND_Zhu,2767,0.5784964114427567,0.4177648723125458,0.16073153167963028,
0,260816,matched,MATCHED_Rayleigh,RNND_Zhu,2768,0.4150000363588333,0.2813721150159836,0.13362793065607548,
0,260816,matched,MATCHED_Rayleigh,RNND_Zhu,2769,0.5992470756173134,0.43840914964675903,0.16083793714642525,
0,260816,matched,MATCHED_Rayleigh,RNND_Zhu,2770,0.5903807356953621,0.42740942910313606,0.16297131031751633,
0,260816,matched,MATCHED_Rayleigh,RNND_Zhu,2771,0.5104301124811172,0.3604399561882019,0.1499901469796896,
0,260816,matched,MATCHED_Rayleigh,RNND_Zhu,2772,0.3947281017899513,0.26954592391848564,0.12518218718469143,
0,260816,matched,MATCHED_Rayleigh,RNND_Zhu,2773,0.4549013748764992,0.3183502182364464,0.1365511603653431,
0,260816,matched,MATCHED_Rayleigh,RNND_Zhu,2774,0.46555234491825104,0.3234110251069069,0.142141317948699,
0,260816,matched,MATCHED_Rayleigh,RNND_Zhu,2775,0.6857731640338898,0.5070216357707977,0.17875152826309204,
0,260816,matched,MATCHED_Rayleigh,RNND_Zhu,2776,0.587219275534153,0.43073541298508644,0.1564838718622923,
0,260816,matched,MATCHED_Rayleigh,RNND_Zhu,2777,0.6372921615839005,0.46745559573173523,0.16983656585216522,
0,260816,matched,MATCHED_Rayleigh,RNND_Zhu,2778,0.5773438289761543,0.4245467931032181,0.15279704332351685,
0,260816,matched,MATCHED_Rayleigh,RNND_Zhu,2779,0.580680251121521,0.4209132120013237,0.15976704098284245,
0,260816,matched,MATCHED_Rayleigh,RNND_Zhu,2780,0.4315746799111366,0.3013286888599396,0.13024599477648735,
0,260816,matched,MATCHED_Rayleigh,RNND_Zhu,2781,0.5683868899941444,0.4155341759324074,0.1528527121990919,
0,260816,matched,MATCHED_Rayleigh,RNND_Zhu,2782,0.5626415386795998,0.4095076024532318,0.1531339306384325,
0,260816,matched,MATCHED_Rayleigh,RNND_Zhu,2783,0.5649110153317451,0.404459185898304,0.16045182943344116,
0,260816,matched,MATCHED_Rayleigh,RNND_Zhu,2784,0.5360458493232727,0.38138674572110176,0.1546591129153967,
0,260816,matched,MATCHED_Rayleigh,RNND_Zhu,2785,0.5332305058836937,0.38747935742139816,0.14575114473700523,
0,260816,matched,MATCHED_Rayleigh,RNND_Zhu,2786,0.6278215199708939,0.46868013218045235,0.1591413989663124,
0,260816,matched,MATCHED_Rayleigh,RNND_Zhu,2787,0.49363119900226593,0.3518872410058975,0.1417439617216587,
0,260816,matched,MATCHED_Rayleigh,RNND_Zhu,2788,0.5108942165970802,0.3662213869392872,0.14467284083366394,
0,260816,matched,MATCHED_Rayleigh,RNND_Zhu,2789,0.5822712033987045,0.4170573726296425,0.16521383449435234,
0,260816,matched,MATCHED_Rayleigh,RNND_Zhu,2790,0.42795925587415695,0.2961850166320801,0.13177423179149628,
0,260816,matched,MATCHED_Rayleigh,RNND_Zhu,2791,0.5733290910720825,0.417864341288805,0.1554647497832775,
0,260816,matched,MATCHED_Rayleigh,RNND_Zhu,2792,0.5625575333833694,0.40223217755556107,0.16032534465193748,
0,260816,matched,MATCHED_Rayleigh,RNND_Zhu,2793,0.5751330032944679,0.41671348735690117,0.1584195103496313,
0,260816,matched,MATCHED_Rayleigh,RNND_Zhu,2794,0.7124857157468796,0.5324727147817612,0.180013008415699,
0,260816,matched,MATCHED_Rayleigh,RNND_Zhu,2795,0.5782579928636551,0.4183254763484001,0.15993253886699677,
0,260816,matched,MATCHED_Rayleigh,RNND_Zhu,2796,0.5245563462376595,0.3762015327811241,0.14835481345653534,
0,260816,matched,MATCHED_Rayleigh,RNND_Zhu,2797,0.6474587768316269,0.47874846309423447,0.16871032118797302,
0,260816,matched,MATCHED_Rayleigh,RNND_Zhu,2798,0.6494244337081909,0.48478471487760544,0.16463972628116608,
0,260816,matched,MATCHED_Rayleigh,RNND_Zhu,2799,0.6133755370974541,0.4547228589653969,0.15865267626941204,
0,260816,matched,MATCHED_Rayleigh,RNND_Zhu,2800,0.6723512411117554,0.4979448840022087,0.17440634593367577,-0.5986327470359734
0,260816,matched,MATCHED_Rayleigh,RNND_Zhu,2801,0.56212417781353,0.4085344783961773,0.15358969569206238,
0,260816,matched,MATCHED_Rayleigh,RNND_Zhu,2802,0.6629880517721176,0.487285852432251,0.17570221051573753,
0,260816,matched,MATCHED_Rayleigh,RNND_Zhu,2803,0.5471112206578255,0.38951270282268524,0.15759851038455963,
0,260816,matched,MATCHED_Rayleigh,RNND_Zhu,2804,0.4366370439529419,0.30343738198280334,0.13319966197013855,
0,260816,matched,MATCHED_Rayleigh,RNND_Zhu,2805,0.5179722607135773,0.36970335617661476,0.14826891012489796,
0,260816,matched,MATCHED_Rayleigh,RNND_Zhu,2806,0.6185767203569412,0.4479715824127197,0.1706051416695118,
0,260816,matched,MATCHED_Rayleigh,RNND_Zhu,2807,0.6031316816806793,0.4380207620561123,0.16511091962456703,
0,260816,matched,MATCHED_Rayleigh,RNND_Zhu,2808,0.5866058468818665,0.430804580450058,0.15580128133296967,
0,260816,matched,MATCHED_Rayleigh,RNND_Zhu,2809,0.4949924647808075,0.3527313321828842,0.14226114749908447,
0,260816,matched,MATCHED_Rayleigh,RNND_Zhu,2810,0.5904667973518372,0.42789342254400253,0.16257338225841522,
0,260816,matched,MATCHED_Rayleigh,RNND_Zhu,2811,0.5668472498655319,0.41518010199069977,0.15166715905070305,
0,260816,matched,MATCHED_Rayleigh,RNND_Zhu,2812,0.5037761852145195,0.35513652861118317,0.14863965287804604,
0,260816,matched,MATCHED_Rayleigh,RNND_Zhu,2813,0.6141858398914337,0.45266328006982803,0.16152257099747658,
0,260816,matched,MATCHED_Rayleigh,RNND_Zhu,2814,0.654486894607544,0.4904738813638687,0.16401300579309464,
0,260816,matched,MATCHED_Rayleigh,RNND_Zhu,2815,0.3775368481874466,0.2549187131226063,0.12261813506484032,
0,260816,matched,MATCHED_Rayleigh,RNND_Zhu,2816,0.489979051053524,0.34869179874658585,0.14128724671900272,
0,260816,matched,MATCHED_Rayleigh,RNND_Zhu,2817,0.522465355694294,0.3745867758989334,0.14787857607007027,
0,260816,matched,MATCHED_Rayleigh,RNND_Zhu,2818,0.6154195368289948,0.4505559355020523,0.16486359760165215,
0,260816,matched,MATCHED_Rayleigh,RNND_Zhu,2819,0.5924268588423729,0.428500771522522,0.16392608359456062,
0,260816,matched,MATCHED_Rayleigh,RNND_Zhu,2820,0.5825052335858345,0.4221928343176842,0.16031240113079548,
0,260816,matched,MATCHED_Rayleigh,RNND_Zhu,2821,0.5855764746665955,0.425067737698555,0.16050874441862106,
0,260816,matched,MATCHED_Rayleigh,RNND_Zhu,2822,0.4551718458533287,0.31736525148153305,0.13780659064650536,
0,260816,matched,MATCHED_Rayleigh,RNND_Zhu,2823,0.6667554825544357,0.4921592026948929,0.17459627985954285,
0,260816,matched,MATCHED_Rayleigh,RNND_Zhu,2824,0.4696485698223114,0.3267087824642658,0.14293978922069073,
0,260816,matched,MATCHED_Rayleigh,RNND_Zhu,2825,0.5251743569970131,0.3680895008146763,0.15708485059440136,
0,260816,matched,MATCHED_Rayleigh,RNND_Zhu,2826,0.49200277030467987,0.34805120527744293,0.14395155012607574,
0,260816,matched,MATCHED_Rayleigh,RNND_Zhu,2827,0.5551671236753464,0.4049481004476547,0.1502190288156271,
0,260816,matched,MATCHED_Rayleigh,RNND_Zhu,2828,0.5608826726675034,0.40242616832256317,0.15845651924610138,
0,260816,matched,MATCHED_Rayleigh,RNND_Zhu,2829,0.5728650391101837,0.41028886288404465,0.16257617995142937,
0,260816,matched,MATCHED_Rayleigh,RNND_Zhu,2830,0.5091564580798149,0.35865436494350433,0.15050210803747177,
0,260816,matched,MATCHED_Rayleigh,RNND_Zhu,2831,0.7082387953996658,0.5228816270828247,0.18535716459155083,
0,260816,matched,MATCHED_Rayleigh,RNND_Zhu,2832,0.48944030702114105,0.34283628687262535,0.1466040275990963,
0,260816,matched,MATCHED_Rayleigh,RNND_Zhu,2833,0.6442214772105217,0.4685447998344898,0.17567668110132217,
0,260816,matched,MATCHED_Rayleigh,RNND_Zhu,2834,0.5309486463665962,0.37905389070510864,0.15189474821090698,
0,260816,matched,MATCHED_Rayleigh,RNND_Zhu,2835,0.4024471342563629,0.28016455471515656,0.12228257767856121,
0,260816,matched,MATCHED_Rayleigh,RNND_Zhu,2836,0.5548808351159096,0.40246182680130005,0.15241901017725468,
0,260816,matched,MATCHED_Rayleigh,RNND_Zhu,2837,0.43487995862960815,0.30540693178772926,0.12947302870452404,
0,260816,matched,MATCHED_Rayleigh,RNND_Zhu,2838,0.5751913189888,0.4271659553050995,0.14802535995841026,
0,260816,matched,MATCHED_Rayleigh,RNND_Zhu,2839,0.5694497525691986,0.4052700996398926,0.16417965665459633,
0,260816,matched,MATCHED_Rayleigh,RNND_Zhu,2840,0.5226980075240135,0.37780890241265297,0.14488909766077995,
0,260816,matched,MATCHED_Rayleigh,RNND_Zhu,2841,0.5050414130091667,0.3547392971813679,0.1503021102398634,
0,260816,matched,MATCHED_Rayleigh,RNND_Zhu,2842,0.5535291135311127,0.40228471159935,0.151244405657053,
0,260816,matched,MATCHED_Rayleigh,RNND_Zhu,2843,0.5443731099367142,0.3937136009335518,0.15065950714051723,
0,260816,matched,MATCHED_Rayleigh,RNND_Zhu,2844,0.5015509873628616,0.35779348760843277,0.14375750347971916,
0,260816,matched,MATCHED_Rayleigh,RNND_Zhu,2845,0.364100806415081,0.2482595406472683,0.11584126204252243,
0,260816,matched,MATCHED_Rayleigh,RNND_Zhu,2846,0.506910152733326,0.3553595691919327,0.15155058354139328,
0,260816,matched,MATCHED_Rayleigh,RNND_Zhu,2847,0.5079645439982414,0.36778682470321655,0.14017771556973457,
0,260816,matched,MATCHED_Rayleigh,RNND_Zhu,2848,0.6552536636590958,0.48898205161094666,0.16627159900963306,
0,260816,matched,MATCHED_Rayleigh,RNND_Zhu,2849,0.5164232179522514,0.3684084936976433,0.14801472797989845,
0,260816,matched,MATCHED_Rayleigh,RNND_Zhu,2850,0.45305800437927246,0.32196272164583206,0.1310952715575695,
0,260816,matched,MATCHED_Rayleigh,RNND_Zhu,2851,0.5110353156924248,0.37030624598264694,0.14072906412184238,
0,260816,matched,MATCHED_Rayleigh,RNND_Zhu,2852,0.609195314347744,0.4451664909720421,0.1640288084745407,
0,260816,matched,MATCHED_Rayleigh,RNND_Zhu,2853,0.48978734761476517,0.3433349132537842,0.14645244367420673,
0,260816,matched,MATCHED_Rayleigh,RNND_Zhu,2854,0.5731188133358955,0.4208843559026718,0.15223447047173977,
0,260816,matched,MATCHED_Rayleigh,RNND_Zhu,2855,0.5056065917015076,0.3515832833945751,0.15402331575751305,
0,260816,matched,MATCHED_Rayleigh,RNND_Zhu,2856,0.6114554107189178,0.4532473087310791,0.15820810943841934,
0,260816,matched,MATCHED_Rayleigh,RNND_Zhu,2857,0.5387460887432098,0.38665589690208435,0.1520901806652546,
0,260816,matched,MATCHED_Rayleigh,RNND_Zhu,2858,0.5089587196707726,0.362675067037344,0.14628365822136402,
0,260816,matched,MATCHED_Rayleigh,RNND_Zhu,2859,0.673542782664299,0.49451810866594315,0.17902468889951706,
0,260816,matched,MATCHED_Rayleigh,RNND_Zhu,2860,0.5886796712875366,0.42457418143749237,0.16410550102591515,
0,260816,matched,MATCHED_Rayleigh,RNND_Zhu,2861,0.5096554160118103,0.3672812879085541,0.14237412996590137,
0,260816,matched,MATCHED_Rayleigh,RNND_Zhu,2862,0.518499918282032,0.3631705082952976,0.15532942116260529,
0,260816,matched,MATCHED_Rayleigh,RNND_Zhu,2863,0.6402210146188736,0.4652924984693527,0.17492851242423058,
0,260816,matched,MATCHED_Rayleigh,RNND_Zhu,2864,0.5524694845080376,0.4027762860059738,0.14969317987561226,
0,260816,matched,MATCHED_Rayleigh,RNND_Zhu,2865,0.5465442761778831,0.3913968838751316,0.15514739975333214,
0,260816,matched,MATCHED_Rayleigh,RNND_Zhu,2866,0.41189341247081757,0.28539468348026276,0.12649873085319996,
0,260816,matched,MATCHED_Rayleigh,RNND_Zhu,2867,0.5280914455652237,0.3785094581544399,0.14958197996020317,
0,260816,matched,MATCHED_Rayleigh,RNND_Zhu,2868,0.5091189742088318,0.36113278567790985,0.1479861829429865,
0,260816,matched,MATCHED_Rayleigh,RNND_Zhu,2869,0.5839837267994881,0.41997918486595154,0.16400453820824623,
0,260816,matched,MATCHED_Rayleigh,RNND_Zhu,2870,0.4595690369606018,0.3202146477997303,0.13935438357293606,
0,260816,matched,MATCHED_Rayleigh,RNND_Zhu,2871,0.5380844622850418,0.38374462351202965,0.15433983877301216,
0,260816,matched,MATCHED_Rayleigh,RNND_Zhu,2872,0.5762272700667381,0.41861405223608017,0.1576132159680128,
0,260816,matched,MATCHED_Rayleigh,RNND_Zhu,2873,0.47147221863269806,0.32880936563014984,0.14266284927725792,
0,260816,matched,MATCHED_Rayleigh,RNND_Zhu,2874,0.6066336110234261,0.44511497765779495,0.1615186370909214,
0,260816,matched,MATCHED_Rayleigh,RNND_Zhu,2875,0.5523729026317596,0.3951370343565941,0.15723585337400436,
0,260816,matched,MATCHED_Rayleigh,RNND_Zhu,2876,0.5688952803611755,0.4081497937440872,0.1607455015182495,
0,260816,matched,MATCHED_Rayleigh,RNND_Zhu,2877,0.5331145823001862,0.3823689594864845,0.15074563026428223,
0,260816,matched,MATCHED_Rayleigh,RNND_Zhu,2878,0.3954392373561859,0.2715355232357979,0.12390370666980743,
0,260816,matched,MATCHED_Rayleigh,RNND_Zhu,2879,0.444980226457119,0.3081599473953247,0.13682027533650398,
0,260816,matched,MATCHED_Rayleigh,RNND_Zhu,2880,0.5729519128799438,0.4168066829442978,0.15614521503448486,
0,260816,matched,MATCHED_Rayleigh,RNND_Zhu,2881,0.683205857872963,0.5102275013923645,0.17297834903001785,
0,260816,matched,MATCHED_Rayleigh,RNND_Zhu,2882,0.5202131047844887,0.3806740641593933,0.1395390499383211,
0,260816,matched,MATCHED_Rayleigh,RNND_Zhu,2883,0.5347163006663322,0.3887159079313278,0.14600038528442383,
0,260816,matched,MATCHED_Rayleigh,RNND_Zhu,2884,0.5461149588227272,0.39924356341362,0.1468713991343975,
0,260816,matched,MATCHED_Rayleigh,RNND_Zhu,2885,0.5994783192873001,0.43832993507385254,0.16114838048815727,
0,260816,matched,MATCHED_Rayleigh,RNND_Zhu,2886,0.509967565536499,0.3678155988454819,0.14215198904275894,
0,260816,matched,MATCHED_Rayleigh,RNND_Zhu,2887,0.4509036988019943,0.3208508864045143,0.1300528161227703,
0,260816,matched,MATCHED_Rayleigh,RNND_Zhu,2888,0.6003400683403015,0.4375573843717575,0.1627826727926731,
0,260816,matched,MATCHED_Rayleigh,RNND_Zhu,2889,0.5441931784152985,0.39378276467323303,0.15041040629148483,
0,260816,matched,MATCHED_Rayleigh,RNND_Zhu,2890,0.4937460571527481,0.35263337939977646,0.14111267030239105,
0,260816,matched,MATCHED_Rayleigh,RNND_Zhu,2891,0.6222228035330772,0.45962903648614883,0.1625937558710575,
0,260816,matched,MATCHED_Rayleigh,RNND_Zhu,2892,0.4851115494966507,0.3431883454322815,0.1419232152402401,
0,260816,matched,MATCHED_Rayleigh,RNND_Zhu,2893,0.5495326444506645,0.40146996825933456,0.1480626706033945,
0,260816,matched,MATCHED_Rayleigh,RNND_Zhu,2894,0.6840788125991821,0.5096689909696579,0.17440979927778244,
0,260816,matched,MATCHED_Rayleigh,RNND_Zhu,2895,0.5450470075011253,0.399710051715374,0.14533695578575134,
0,260816,matched,MATCHED_Rayleigh,RNND_Zhu,2896,0.6464820951223373,0.47972875088453293,0.1667533554136753,
0,260816,matched,MATCHED_Rayleigh,RNND_Zhu,2897,0.5212908312678337,0.3724771477282047,0.14881367981433868,
0,260816,matched,MATCHED_Rayleigh,RNND_Zhu,2898,0.490972675383091,0.347974494099617,0.14299817197024822,
0,260816,matched,MATCHED_Rayleigh,RNND_Zhu,2899,0.6410765945911407,0.4696574807167053,0.17141911387443542,
0,260816,matched,MATCHED_Rayleigh,RNND_Zhu,2900,0.6844204217195511,0.5121161565184593,0.17230424657464027,
0,260816,matched,MATCHED_Rayleigh,RNND_Zhu,2901,0.42707153409719467,0.2986633889377117,0.12840814143419266,
0,260816,matched,MATCHED_Rayleigh,RNND_Zhu,2902,0.5123553723096848,0.36512085050344467,0.14723452180624008,
0,260816,matched,MATCHED_Rayleigh,RNND_Zhu,2903,0.5690949037671089,0.41227172687649727,0.15682318434119225,
0,260816,matched,MATCHED_Rayleigh,RNND_Zhu,2904,0.58620485663414,0.4258914589881897,0.16031339019536972,
0,260816,matched,MATCHED_Rayleigh,RNND_Zhu,2905,0.5326679274439812,0.38285325840115547,0.1498146690428257,
0,260816,matched,MATCHED_Rayleigh,RNND_Zhu,2906,0.47964274883270264,0.3366481624543667,0.14299458265304565,
0,260816,matched,MATCHED_Rayleigh,RNND_Zhu,2907,0.6210777088999748,0.4563494473695755,0.16472826898097992,
0,260816,matched,MATCHED_Rayleigh,RNND_Zhu,2908,0.5098075866699219,0.3696584552526474,0.14014913514256477,
0,260816,matched,MATCHED_Rayleigh,RNND_Zhu,2909,0.522680789232254,0.3778776526451111,0.14480313658714294,
0,260816,matched,MATCHED_Rayleigh,RNND_Zhu,2910,0.6262925267219543,0.4621472656726837,0.16414526477456093,
0,260816,matched,MATCHED_Rayleigh,RNND_Zhu,2911,0.6181313991546631,0.45445626974105835,0.16367512941360474,
0,260816,matched,MATCHED_Rayleigh,RNND_Zhu,2912,0.5849747210741043,0.41984906792640686,0.16512565314769745,
0,260816,matched,MATCHED_Rayleigh,RNND_Zhu,2913,0.4280662462115288,0.29464973509311676,0.13341650366783142,
0,260816,matched,MATCHED_Rayleigh,RNND_Zhu,2914,0.5526944026350975,0.39543260633945465,0.15726178511977196,
0,260816,matched,MATCHED_Rayleigh,RNND_Zhu,2915,0.4701397866010666,0.331580713391304,0.13855906948447227,
0,260816,matched,MATCHED_Rayleigh,RNND_Zhu,2916,0.6500732824206352,0.48239274322986603,0.1676805466413498,
0,260816,matched,MATCHED_Rayleigh,RNND_Zhu,2917,0.5674341470003128,0.42314697429537773,0.14428716152906418,
0,260816,matched,MATCHED_Rayleigh,RNND_Zhu,2918,0.37971632182598114,0.2608397752046585,0.11887654848396778,
0,260816,matched,MATCHED_Rayleigh,RNND_Zhu,2919,0.5099407732486725,0.3730675242841244,0.13687323592603207,
0,260816,matched,MATCHED_Rayleigh,RNND_Zhu,2920,0.5100474581122398,0.3591770529747009,0.1508704088628292,
0,260816,matched,MATCHED_Rayleigh,RNND_Zhu,2921,0.6302031651139259,0.46538909524679184,0.1648140773177147,
0,260816,matched,MATCHED_Rayleigh,RNND_Zhu,2922,0.5842540711164474,0.4267081096768379,0.15754597634077072,
0,260816,matched,MATCHED_Rayleigh,RNND_Zhu,2923,0.5719258636236191,0.4157122038304806,0.1562136560678482,
0,260816,matched,MATCHED_Rayleigh,RNND_Zhu,2924,0.630674347281456,0.46280670911073685,0.16786764934659004,
0,260816,matched,MATCHED_Rayleigh,RNND_Zhu,2925,0.5580239593982697,0.4018845297396183,0.15613942220807076,
0,260816,matched,MATCHED_Rayleigh,RNND_Zhu,2926,0.6605468988418579,0.47539933025836945,0.18514757603406906,
0,260816,matched,MATCHED_Rayleigh,RNND_Zhu,2927,0.47464315593242645,0.33756567537784576,0.13707748614251614,
0,260816,matched,MATCHED_Rayleigh,RNND_Zhu,2928,0.5766049101948738,0.4160326272249222,0.16057227179408073,
0,260816,matched,MATCHED_Rayleigh,RNND_Zhu,2929,0.5719255432486534,0.413024440407753,0.15890110656619072,
0,260816,matched,MATCHED_Rayleigh,RNND_Zhu,2930,0.5078927800059319,0.3601952791213989,0.14769749715924263,
0,260816,matched,MATCHED_Rayleigh,RNND_Zhu,2931,0.5221082344651222,0.3795652836561203,0.14254296757280827,
0,260816,matched,MATCHED_Rayleigh,RNND_Zhu,2932,0.5981200635433197,0.4424828812479973,0.15563716366887093,
0,260816,matched,MATCHED_Rayleigh,RNND_Zhu,2933,0.5000891238451004,0.36025988683104515,0.1398292277008295,
0,260816,matched,MATCHED_Rayleigh,RNND_Zhu,2934,0.4838404282927513,0.3395606689155102,0.14427976310253143,
0,260816,matched,MATCHED_Rayleigh,RNND_Zhu,2935,0.49214504659175873,0.3591068610548973,0.13303818181157112,
0,260816,matched,MATCHED_Rayleigh,RNND_Zhu,2936,0.47965477406978607,0.3418554812669754,0.13779928162693977,
0,260816,matched,MATCHED_Rayleigh,RNND_Zhu,2937,0.389459028840065,0.26634935289621353,0.12310967221856117,
0,260816,matched,MATCHED_Rayleigh,RNND_Zhu,2938,0.4774820804595947,0.3435231000185013,0.1339589785784483,
0,260816,matched,MATCHED_Rayleigh,RNND_Zhu,2939,0.679090678691864,0.502265103161335,0.17682558670639992,
0,260816,matched,MATCHED_Rayleigh,RNND_Zhu,2940,0.6673236191272736,0.4983643442392349,0.16895927116274834,
0,260816,matched,MATCHED_Rayleigh,RNND_Zhu,2941,0.45329834520816803,0.3168087974190712,0.13648955710232258,
0,260816,matched,MATCHED_Rayleigh,RNND_Zhu,2942,0.5454189479351044,0.3968798592686653,0.14853909239172935,
0,260816,matched,MATCHED_Rayleigh,RNND_Zhu,2943,0.5090833157300949,0.35770151764154434,0.15138178318738937,
0,260816,matched,MATCHED_Rayleigh,RNND_Zhu,2944,0.5420182049274445,0.39413005858659744,0.1478881537914276,
0,260816,matched,MATCHED_Rayleigh,RNND_Zhu,2945,0.5737796723842621,0.41754795238375664,0.15623171254992485,
0,260816,matched,MATCHED_Rayleigh,RNND_Zhu,2946,0.5647297874093056,0.41042759642004967,0.154302179813385,
0,260816,matched,MATCHED_Rayleigh,RNND_Zhu,2947,0.7169213443994522,0.5329816937446594,0.1839396469295025,
0,260816,matched,MATCHED_Rayleigh,RNND_Zhu,2948,0.3734373301267624,0.2577717825770378,0.11566554754972458,
0,260816,matched,MATCHED_Rayleigh,RNND_Zhu,2949,0.5259915292263031,0.3802657052874565,0.14572583325207233,
0,260816,matched,MATCHED_Rayleigh,RNND_Zhu,2950,0.5757485181093216,0.4265048913657665,0.14924362301826477,
0,260816,matched,MATCHED_Rayleigh,RNND_Zhu,2951,0.5289265811443329,0.38492074608802795,0.14400583691895008,
0,260816,matched,MATCHED_Rayleigh,RNND_Zhu,2952,0.5398324877023697,0.3871001675724983,0.15273231267929077,
0,260816,matched,MATCHED_Rayleigh,RNND_Zhu,2953,0.5786046087741852,0.4206078574061394,0.1579967588186264,
0,260816,matched,MATCHED_Rayleigh,RNND_Zhu,2954,0.6117854565382004,0.45070433616638184,0.16108112037181854,
0,260816,matched,MATCHED_Rayleigh,RNND_Zhu,2955,0.5518817231059074,0.4099651500582695,0.14191657304763794,
0,260816,matched,MATCHED_Rayleigh,RNND_Zhu,2956,0.4154735878109932,0.2901744842529297,0.12529911287128925,
0,260816,matched,MATCHED_Rayleigh,RNND_Zhu,2957,0.45440296083688736,0.31707149744033813,0.13733146339654922,
0,260816,matched,MATCHED_Rayleigh,RNND_Zhu,2958,0.5973633974790573,0.43682391941547394,0.16053947433829308,
0,260816,matched,MATCHED_Rayleigh,RNND_Zhu,2959,0.5073662549257278,0.36437998339533806,0.14298625476658344,
0,260816,matched,MATCHED_Rayleigh,RNND_Zhu,2960,0.5481647253036499,0.3987882062792778,0.1493765227496624,
0,260816,matched,MATCHED_Rayleigh,RNND_Zhu,2961,0.4127241224050522,0.286255918443203,0.12646820209920406,
0,260816,matched,MATCHED_Rayleigh,RNND_Zhu,2962,0.5081382393836975,0.3691667169332504,0.13897152617573738,
0,260816,matched,MATCHED_Rayleigh,RNND_Zhu,2963,0.4356735572218895,0.301512211561203,0.1341613456606865,
0,260816,matched,MATCHED_Rayleigh,RNND_Zhu,2964,0.5336314514279366,0.3816613033413887,0.1519701611250639,
0,260816,matched,MATCHED_Rayleigh,RNND_Zhu,2965,0.5837623775005341,0.426391176879406,0.15737120434641838,
0,260816,matched,MATCHED_Rayleigh,RNND_Zhu,2966,0.49522338807582855,0.36216623336076736,0.13305715285241604,
0,260816,matched,MATCHED_Rayleigh,RNND_Zhu,2967,0.5140902251005173,0.3734007552266121,0.14068946242332458,
0,260816,matched,MATCHED_Rayleigh,RNND_Zhu,2968,0.5255937576293945,0.37322036921977997,0.15237338468432426,
0,260816,matched,MATCHED_Rayleigh,RNND_Zhu,2969,0.4411134496331215,0.3135712891817093,0.1275421641767025,
0,260816,matched,MATCHED_Rayleigh,RNND_Zhu,2970,0.5137498453259468,0.3627298176288605,0.15102003514766693,
0,260816,matched,MATCHED_Rayleigh,RNND_Zhu,2971,0.38624924421310425,0.2700621075928211,0.11618714034557343,
0,260816,matched,MATCHED_Rayleigh,RNND_Zhu,2972,0.4464593604207039,0.31374313682317734,0.13271623104810715,
0,260816,matched,MATCHED_Rayleigh,RNND_Zhu,2973,0.4910888597369194,0.3501146659255028,0.14097418822348118,
0,260816,matched,MATCHED_Rayleigh,RNND_Zhu,2974,0.6612217575311661,0.48254629969596863,0.17867545783519745,
0,260816,matched,MATCHED_Rayleigh,RNND_Zhu,2975,0.5331518724560738,0.38654185086488724,0.14661002159118652,
0,260816,matched,MATCHED_Rayleigh,RNND_Zhu,2976,0.4799579381942749,0.34837450832128525,0.13158341869711876,
0,260816,matched,MATCHED_Rayleigh,RNND_Zhu,2977,0.5950123518705368,0.43070362135767937,0.16430872678756714,
0,260816,matched,MATCHED_Rayleigh,RNND_Zhu,2978,0.48021722584962845,0.3439367711544037,0.1362804528325796,
0,260816,matched,MATCHED_Rayleigh,RNND_Zhu,2979,0.5497923269867897,0.39709368348121643,0.15269864536821842,
0,260816,matched,MATCHED_Rayleigh,RNND_Zhu,2980,0.5664479732513428,0.41174761205911636,0.1547003537416458,
0,260816,matched,MATCHED_Rayleigh,RNND_Zhu,2981,0.6231469511985779,0.45367366820573807,0.16947327926754951,
0,260816,matched,MATCHED_Rayleigh,RNND_Zhu,2982,0.5081218630075455,0.36564329266548157,0.1424785628914833,
0,260816,matched,MATCHED_Rayleigh,RNND_Zhu,2983,0.4751867577433586,0.33695442974567413,0.13823232613503933,
0,260816,matched,MATCHED_Rayleigh,RNND_Zhu,2984,0.6052269637584686,0.44007547199726105,0.16515149548649788,
0,260816,matched,MATCHED_Rayleigh,RNND_Zhu,2985,0.5056752189993858,0.3617445379495621,0.1439306829124689,
0,260816,matched,MATCHED_Rayleigh,RNND_Zhu,2986,0.6648802608251572,0.49299127608537674,0.17188898846507072,
0,260816,matched,MATCHED_Rayleigh,RNND_Zhu,2987,0.3734711706638336,0.24970693141222,0.12376423925161362,
0,260816,matched,MATCHED_Rayleigh,RNND_Zhu,2988,0.4801950752735138,0.3476821966469288,0.1325128749012947,
0,260816,matched,MATCHED_Rayleigh,RNND_Zhu,2989,0.6313007473945618,0.4544543996453285,0.17684637010097504,
0,260816,matched,MATCHED_Rayleigh,RNND_Zhu,2990,0.5471393167972565,0.3975764214992523,0.14956288412213326,
0,260816,matched,MATCHED_Rayleigh,RNND_Zhu,2991,0.5345196425914764,0.3878580182790756,0.14666160196065903,
0,260816,matched,MATCHED_Rayleigh,RNND_Zhu,2992,0.49718696624040604,0.35888609290122986,0.13830087520182133,
0,260816,matched,MATCHED_Rayleigh,RNND_Zhu,2993,0.41465631127357483,0.29100558161735535,0.12365072220563889,
0,260816,matched,MATCHED_Rayleigh,RNND_Zhu,2994,0.4438743218779564,0.3125929981470108,0.1312813237309456,
0,260816,matched,MATCHED_Rayleigh,RNND_Zhu,2995,0.4390939921140671,0.30565037950873375,0.13344362005591393,
0,260816,matched,MATCHED_Rayleigh,RNND_Zhu,2996,0.44111280888319016,0.31835637614130974,0.12275642901659012,
0,260816,matched,MATCHED_Rayleigh,RNND_Zhu,2997,0.5354126766324043,0.3870704546570778,0.14834223315119743,
0,260816,matched,MATCHED_Rayleigh,RNND_Zhu,2998,0.6058317348361015,0.4423108696937561,0.16352088749408722,
0,260816,matched,MATCHED_Rayleigh,RNND_Zhu,2999,0.4659600928425789,0.3327978514134884,0.1331622339785099,
0,260816,matched,MATCHED_Rayleigh,RNND_Zhu,3000,0.4916369244456291,0.3582662269473076,0.1333706881850958,-0.6170216023307139
0,260816,matched,MATCHED_Rayleigh,RNND_Zhu,3001,0.5064384713768959,0.36465509980916977,0.1417833622545004,
0,260816,matched,MATCHED_Rayleigh,RNND_Zhu,3002,0.5990746766328812,0.43425285816192627,0.1648218147456646,
0,260816,matched,MATCHED_Rayleigh,RNND_Zhu,3003,0.5549896135926247,0.40340860188007355,0.15158100984990597,
0,260816,matched,MATCHED_Rayleigh,RNND_Zhu,3004,0.49415958672761917,0.3507947027683258,0.14336488582193851,
0,260816,matched,MATCHED_Rayleigh,RNND_Zhu,3005,0.48281050473451614,0.34350475668907166,0.13930574990808964,
0,260816,matched,MATCHED_Rayleigh,RNND_Zhu,3006,0.6125277355313301,0.44871091842651367,0.1638168077915907,
0,260816,matched,MATCHED_Rayleigh,RNND_Zhu,3007,0.3969542235136032,0.27369410172104836,0.12326012179255486,
0,260816,matched,MATCHED_Rayleigh,RNND_Zhu,3008,0.5119105651974678,0.3631277233362198,0.1487828530371189,
0,260816,matched,MATCHED_Rayleigh,RNND_Zhu,3009,0.4603118598461151,0.3271358460187912,0.1331760138273239,
0,260816,matched,MATCHED_Rayleigh,RNND_Zhu,3010,0.5468735918402672,0.39532578736543655,0.15154780820012093,
0,260816,matched,MATCHED_Rayleigh,RNND_Zhu,3011,0.5646852478384972,0.4139329791069031,0.15075227059423923,
0,260816,matched,MATCHED_Rayleigh,RNND_Zhu,3012,0.4928932189941406,0.35089848935604095,0.14199473708868027,
0,260816,matched,MATCHED_Rayleigh,RNND_Zhu,3013,0.5969604626297951,0.4358261227607727,0.16113433055579662,
0,260816,matched,MATCHED_Rayleigh,RNND_Zhu,3014,0.5139221027493477,0.36839354783296585,0.14552855119109154,
0,260816,matched,MATCHED_Rayleigh,RNND_Zhu,3015,0.5469717532396317,0.39804304763674736,0.14892870746552944,
0,260816,matched,MATCHED_Rayleigh,RNND_Zhu,3016,0.5552032813429832,0.40884269773960114,0.14636056683957577,
0,260816,matched,MATCHED_Rayleigh,RNND_Zhu,3017,0.5851615816354752,0.4246229827404022,0.16053860634565353,
0,260816,matched,MATCHED_Rayleigh,RNND_Zhu,3018,0.4917299896478653,0.35043275728821754,0.141297223046422,
0,260816,matched,MATCHED_Rayleigh,RNND_Zhu,3019,0.5764205008745193,0.4260614141821861,0.15035909414291382,
0,260816,matched,MATCHED_Rayleigh,RNND_Zhu,3020,0.573453813791275,0.41961128264665604,0.1538425348699093,
0,260816,matched,MATCHED_Rayleigh,RNND_Zhu,3021,0.5888900682330132,0.4339691363275051,0.15492093190550804,
0,260816,matched,MATCHED_Rayleigh,RNND_Zhu,3022,0.5712769329547882,0.4225602522492409,0.14871668443083763,
0,260816,matched,MATCHED_Rayleigh,RNND_Zhu,3023,0.46425947546958923,0.33067233860492706,0.13358713686466217,
0,260816,matched,MATCHED_Rayleigh,RNND_Zhu,3024,0.4868243932723999,0.3488030917942524,0.1380212940275669,
0,260816,matched,MATCHED_Rayleigh,RNND_Zhu,3025,0.5026139616966248,0.3626984655857086,0.13991549611091614,
0,260816,matched,MATCHED_Rayleigh,RNND_Zhu,3026,0.6493012979626656,0.4776308014988899,0.17167050763964653,
0,260816,matched,MATCHED_Rayleigh,RNND_Zhu,3027,0.5747449845075607,0.4140395298600197,0.16070545092225075,
0,260816,matched,MATCHED_Rayleigh,RNND_Zhu,3028,0.6082732826471329,0.44628577679395676,0.161987517029047,
0,260816,matched,MATCHED_Rayleigh,RNND_Zhu,3029,0.4645771086215973,0.32887981459498405,0.13569729402661324,
0,260816,matched,MATCHED_Rayleigh,RNND_Zhu,3030,0.5558823198080063,0.3995397612452507,0.15634256601333618,
0,260816,matched,MATCHED_Rayleigh,RNND_Zhu,3031,0.5251482352614403,0.37239162623882294,0.15275660902261734,
0,260816,matched,MATCHED_Rayleigh,RNND_Zhu,3032,0.5200120434165001,0.37730009108781815,0.14271194115281105,
0,260816,matched,MATCHED_Rayleigh,RNND_Zhu,3033,0.34374525398015976,0.23991771414875984,0.10382754169404507,
0,260816,matched,MATCHED_Rayleigh,RNND_Zhu,3034,0.6759037971496582,0.4967622011899948,0.1791415996849537,
0,260816,matched,MATCHED_Rayleigh,RNND_Zhu,3035,0.5135504007339478,0.36924202367663383,0.14430837705731392,
0,260816,matched,MATCHED_Rayleigh,RNND_Zhu,3036,0.516735702753067,0.3698241859674454,0.14691152423620224,
0,260816,matched,MATCHED_Rayleigh,RNND_Zhu,3037,0.5640641897916794,0.41025225073099136,0.1538119539618492,
0,260816,matched,MATCHED_Rayleigh,RNND_Zhu,3038,0.5177631601691246,0.376431442797184,0.1413317173719406,
0,260816,matched,MATCHED_Rayleigh,RNND_Zhu,3039,0.5268440172076225,0.37730348482728004,0.14954053238034248,
0,260816,matched,MATCHED_Rayleigh,RNND_Zhu,3040,0.657138466835022,0.49542006850242615,0.16171837970614433,
0,260816,matched,MATCHED_Rayleigh,RNND_Zhu,3041,0.5556140765547752,0.4076302945613861,0.14798377640545368,
0,260816,matched,MATCHED_Rayleigh,RNND_Zhu,3042,0.5417288541793823,0.39127397537231445,0.15045488253235817,
0,260816,matched,MATCHED_Rayleigh,RNND_Zhu,3043,0.4488205537199974,0.32153961062431335,0.1272809375077486,
0,260816,matched,MATCHED_Rayleigh,RNND_Zhu,3044,0.609560027718544,0.4537694379687309,0.15579059720039368,
0,260816,matched,MATCHED_Rayleigh,RNND_Zhu,3045,0.5138078555464745,0.37056177854537964,0.14324608072638512,
0,260816,matched,MATCHED_Rayleigh,RNND_Zhu,3046,0.6461227834224701,0.4812202677130699,0.16490252688527107,
0,260816,matched,MATCHED_Rayleigh,RNND_Zhu,3047,0.5394138246774673,0.4006693363189697,0.13874448463320732,
0,260816,matched,MATCHED_Rayleigh,RNND_Zhu,3048,0.4704515263438225,0.3354467637836933,0.13500476256012917,
0,260816,matched,MATCHED_Rayleigh,RNND_Zhu,3049,0.661711759865284,0.49644622951745987,0.1652655452489853,
0,260816,matched,MATCHED_Rayleigh,RNND_Zhu,3050,0.4198688343167305,0.300229474902153,0.11963934637606144,
0,260816,matched,MATCHED_Rayleigh,RNND_Zhu,3051,0.6211316138505936,0.45773202925920486,0.1633995845913887,
0,260816,matched,MATCHED_Rayleigh,RNND_Zhu,3052,0.47491374611854553,0.34486618638038635,0.13004755228757858,
0,260816,matched,MATCHED_Rayleigh,RNND_Zhu,3053,0.5974678620696068,0.4405468553304672,0.15692101046442986,
0,260816,matched,MATCHED_Rayleigh,RNND_Zhu,3054,0.4079888090491295,0.28316256776452065,0.12482623942196369,
0,260816,matched,MATCHED_Rayleigh,RNND_Zhu,3055,0.48426374047994614,0.3478187434375286,0.13644499704241753,
0,260816,matched,MATCHED_Rayleigh,RNND_Zhu,3056,0.5157194286584854,0.3663599118590355,0.14935952052474022,
0,260816,matched,MATCHED_Rayleigh,RNND_Zhu,3057,0.6671033427119255,0.500860221683979,0.16624311916530132,
0,260816,matched,MATCHED_Rayleigh,RNND_Zhu,3058,0.5540229231119156,0.4102488309144974,0.1437740921974182,
0,260816,matched,MATCHED_Rayleigh,RNND_Zhu,3059,0.6401109546422958,0.46878916025161743,0.1713217981159687,
0,260816,matched,MATCHED_Rayleigh,RNND_Zhu,3060,0.6912283450365067,0.5146796554327011,0.17654869705438614,
0,260816,matched,MATCHED_Rayleigh,RNND_Zhu,3061,0.5670208409428596,0.4146645963191986,0.15235623344779015,
0,260816,matched,MATCHED_Rayleigh,RNND_Zhu,3062,0.6485621109604836,0.4827504903078079,0.16581161506474018,
0,260816,matched,MATCHED_Rayleigh,RNND_Zhu,3063,0.4126901179552078,0.28716080263257027,0.12552931904792786,
0,260816,matched,MATCHED_Rayleigh,RNND_Zhu,3064,0.4340403154492378,0.30698324739933014,0.12705708108842373,
0,260816,matched,MATCHED_Rayleigh,RNND_Zhu,3065,0.5244477763772011,0.38215532898902893,0.14229245111346245,
0,260816,matched,MATCHED_Rayleigh,RNND_Zhu,3066,0.6959955841302872,0.5138953477144241,0.18210022896528244,
0,260816,matched,MATCHED_Rayleigh,RNND_Zhu,3067,0.45284146815538406,0.32386408001184464,0.12897738441824913,
0,260816,matched,MATCHED_Rayleigh,RNND_Zhu,3068,0.48653625696897507,0.35009831190109253,0.13643795624375343,
0,260816,matched,MATCHED_Rayleigh,RNND_Zhu,3069,0.6026799976825714,0.44251395016908646,0.16016604378819466,
0,260816,matched,MATCHED_Rayleigh,RNND_Zhu,3070,0.524178609251976,0.38222257047891617,0.14195603504776955,
0,260816,matched,MATCHED_Rayleigh,RNND_Zhu,3071,0.4942314624786377,0.3586238771677017,0.13560757227241993,
0,260816,matched,MATCHED_Rayleigh,RNND_Zhu,3072,0.5827196761965752,0.42828378081321716,0.1544358879327774,
0,260816,matched,MATCHED_Rayleigh,RNND_Zhu,3073,0.6182682439684868,0.4559180662035942,0.16235016472637653,
0,260816,matched,MATCHED_Rayleigh,RNND_Zhu,3074,0.5540030896663666,0.40489277243614197,0.14911030419170856,
0,260816,matched,MATCHED_Rayleigh,RNND_Zhu,3075,0.511746346950531,0.3659925274550915,0.14575381577014923,
0,260816,matched,MATCHED_Rayleigh,RNND_Zhu,3076,0.5388218015432358,0.391560323536396,0.1472614798694849,
0,260816,matched,MATCHED_Rayleigh,RNND_Zhu,3077,0.4922020882368088,0.35276947170495987,0.13943262211978436,
0,260816,matched,MATCHED_Rayleigh,RNND_Zhu,3078,0.49607226252555847,0.3576153591275215,0.13845689967274666,
0,260816,matched,MATCHED_Rayleigh,RNND_Zhu,3079,0.7093356400728226,0.5277605876326561,0.18157505616545677,
0,260816,matched,MATCHED_Rayleigh,RNND_Zhu,3080,0.5300252735614777,0.3892814517021179,0.14074381813406944,
0,260816,matched,MATCHED_Rayleigh,RNND_Zhu,3081,0.45959658175706863,0.32661695405840874,0.13297961838543415,
0,260816,matched,MATCHED_Rayleigh,RNND_Zhu,3082,0.526964470744133,0.3770996183156967,0.14986486360430717,
0,260816,matched,MATCHED_Rayleigh,RNND_Zhu,3083,0.5672003999352455,0.4129476323723793,0.1542527712881565,
0,260816,matched,MATCHED_Rayleigh,RNND_Zhu,3084,0.5288147404789925,0.3872280716896057,0.14158666133880615,
0,260816,matched,MATCHED_Rayleigh,RNND_Zhu,3085,0.5718100666999817,0.4163505285978317,0.15545954182744026,
0,260816,matched,MATCHED_Rayleigh,RNND_Zhu,3086,0.605055958032608,0.4465972110629082,0.15845874696969986,
0,260816,matched,MATCHED_Rayleigh,RNND_Zhu,3087,0.4562900513410568,0.32622016221284866,0.13006988167762756,
0,260816,matched,MATCHED_Rayleigh,RNND_Zhu,3088,0.5345657616853714,0.39153728261590004,0.1430284883826971,
0,260816,matched,MATCHED_Rayleigh,RNND_Zhu,3089,0.5808487087488174,0.42299984395504,0.15784887596964836,
0,260816,matched,MATCHED_Rayleigh,RNND_Zhu,3090,0.5039773285388947,0.3631163015961647,0.14086102694272995,
0,260816,matched,MATCHED_Rayleigh,RNND_Zhu,3091,0.3895757868885994,0.26938851177692413,0.12018726021051407,
0,260816,matched,MATCHED_Rayleigh,RNND_Zhu,3092,0.47898663580417633,0.34382086247205734,0.13516577519476414,
0,260816,matched,MATCHED_Rayleigh,RNND_Zhu,3093,0.46563342213630676,0.32979171723127365,0.13584170304238796,
0,260816,matched,MATCHED_Rayleigh,RNND_Zhu,3094,0.56155676394701,0.40895141661167145,0.1526053473353386,
0,260816,matched,MATCHED_Rayleigh,RNND_Zhu,3095,0.5624429434537888,0.4136495143175125,0.1487934347242117,
0,260816,matched,MATCHED_Rayleigh,RNND_Zhu,3096,0.5605647265911102,0.40737055987119675,0.15319416299462318,
0,260816,matched,MATCHED_Rayleigh,RNND_Zhu,3097,0.5408494845032692,0.395513191819191,0.14533628895878792,
0,260816,matched,MATCHED_Rayleigh,RNND_Zhu,3098,0.49160103499889374,0.3523329719901085,0.1392680611461401,
0,260816,matched,MATCHED_Rayleigh,RNND_Zhu,3099,0.5527686700224876,0.4010946899652481,0.15167398191988468,
0,260816,matched,MATCHED_Rayleigh,RNND_Zhu,3100,0.6256362944841385,0.46466581523418427,0.16097047924995422,
0,260816,matched,MATCHED_Rayleigh,RNND_Zhu,3101,0.5412736907601357,0.39736074954271317,0.14391293562948704,
0,260816,matched,MATCHED_Rayleigh,RNND_Zhu,3102,0.39636413007974625,0.2720208764076233,0.1243432592600584,
0,260816,matched,MATCHED_Rayleigh,RNND_Zhu,3103,0.56407780200243,0.41736628860235214,0.14671150967478752,
0,260816,matched,MATCHED_Rayleigh,RNND_Zhu,3104,0.6391566842794418,0.4704050347208977,0.16875164955854416,
0,260816,matched,MATCHED_Rayleigh,RNND_Zhu,3105,0.6040273159742355,0.4439663141965866,0.16006100922822952,
0,260816,matched,MATCHED_Rayleigh,RNND_Zhu,3106,0.41678740084171295,0.2948792465031147,0.12190813943743706,
0,260816,matched,MATCHED_Rayleigh,RNND_Zhu,3107,0.3788924068212509,0.2599596232175827,0.11893278919160366,
0,260816,matched,MATCHED_Rayleigh,RNND_Zhu,3108,0.6610582321882248,0.48618732392787933,0.17487091943621635,
0,260816,matched,MATCHED_Rayleigh,RNND_Zhu,3109,0.40500300377607346,0.2866365425288677,0.11836645938456059,
0,260816,matched,MATCHED_Rayleigh,RNND_Zhu,3110,0.48791801929473877,0.35322947427630424,0.13468853756785393,
0,260816,matched,MATCHED_Rayleigh,RNND_Zhu,3111,0.5689254701137543,0.4115016832947731,0.15742377005517483,
0,260816,matched,MATCHED_Rayleigh,RNND_Zhu,3112,0.5262630507349968,0.3828400522470474,0.14342301152646542,
0,260816,matched,MATCHED_Rayleigh,RNND_Zhu,3113,0.5566134005784988,0.4052635245025158,0.15134988725185394,
0,260816,matched,MATCHED_Rayleigh,RNND_Zhu,3114,0.5651603192090988,0.4052181988954544,0.1599421203136444,
0,260816,matched,MATCHED_Rayleigh,RNND_Zhu,3115,0.49545932561159134,0.350591816008091,0.14486750587821007,
0,260816,matched,MATCHED_Rayleigh,RNND_Zhu,3116,0.6078447252511978,0.4381994232535362,0.169645294547081,
0,260816,matched,MATCHED_Rayleigh,RNND_Zhu,3117,0.5360654219985008,0.3900822140276432,0.14598320052027702,
0,260816,matched,MATCHED_Rayleigh,RNND_Zhu,3118,0.5777978301048279,0.4222393035888672,0.155558530241251,
0,260816,matched,MATCHED_Rayleigh,RNND_Zhu,3119,0.5315932705998421,0.38844702392816544,0.1431462410837412,
0,260816,matched,MATCHED_Rayleigh,RNND_Zhu,3120,0.49054519087076187,0.353900782763958,0.1366444230079651,
0,260816,matched,MATCHED_Rayleigh,RNND_Zhu,3121,0.4755498394370079,0.34269678592681885,0.13285306841135025,
0,260816,matched,MATCHED_Rayleigh,RNND_Zhu,3122,0.5181417763233185,0.3705211952328682,0.1476205736398697,
0,260816,matched,MATCHED_Rayleigh,RNND_Zhu,3123,0.48008719831705093,0.34213943034410477,0.13794776611030102,
0,260816,matched,MATCHED_Rayleigh,RNND_Zhu,3124,0.3866621404886246,0.27039458230137825,0.11626756191253662,
0,260816,matched,MATCHED_Rayleigh,RNND_Zhu,3125,0.4207832142710686,0.29780470579862595,0.12297850474715233,
0,260816,matched,MATCHED_Rayleigh,RNND_Zhu,3126,0.4210282191634178,0.2960436940193176,0.12498453445732594,
0,260816,matched,MATCHED_Rayleigh,RNND_Zhu,3127,0.6862433403730392,0.5048789456486702,0.18136439844965935,
0,260816,matched,MATCHED_Rayleigh,RNND_Zhu,3128,0.49902841448783875,0.35198256745934486,0.14704583026468754,
0,260816,matched,MATCHED_Rayleigh,RNND_Zhu,3129,0.660175234079361,0.4893652871251106,0.17080995067954063,
0,260816,matched,MATCHED_Rayleigh,RNND_Zhu,3130,0.570233166217804,0.41441279649734497,0.1558203622698784,
0,260816,matched,MATCHED_Rayleigh,RNND_Zhu,3131,0.4218172952532768,0.29575885459780693,0.12605844624340534,
0,260816,matched,MATCHED_Rayleigh,RNND_Zhu,3132,0.45893479883670807,0.33098171278834343,0.12795309722423553,
0,260816,matched,MATCHED_Rayleigh,RNND_Zhu,3133,0.5233755707740784,0.37773850560188293,0.14563706144690514,
0,260816,matched,MATCHED_Rayleigh,RNND_Zhu,3134,0.7117076069116592,0.5272521153092384,0.1844554916024208,
0,260816,matched,MATCHED_Rayleigh,RNND_Zhu,3135,0.3505778908729553,0.24050723016262054,0.11007064953446388,
0,260816,matched,MATCHED_Rayleigh,RNND_Zhu,3136,0.5514520481228828,0.40291671454906464,0.14853534288704395,
0,260816,matched,MATCHED_Rayleigh,RNND_Zhu,3137,0.5555131956934929,0.40377985686063766,0.15173332765698433,
0,260816,matched,MATCHED_Rayleigh,RNND_Zhu,3138,0.5721631795167923,0.42025207728147507,0.15191111341118813,
0,260816,matched,MATCHED_Rayleigh,RNND_Zhu,3139,0.6156935393810272,0.4547398239374161,0.16095371544361115,
0,260816,matched,MATCHED_Rayleigh,RNND_Zhu,3140,0.5189396515488625,0.37673815339803696,0.14220150373876095,
0,260816,matched,MATCHED_Rayleigh,RNND_Zhu,3141,0.4393746927380562,0.3143164739012718,0.12505821511149406,
0,260816,matched,MATCHED_Rayleigh,RNND_Zhu,3142,0.4931947961449623,0.3512328863143921,0.14196191355586052,
0,260816,matched,MATCHED_Rayleigh,RNND_Zhu,3143,0.5989602953195572,0.4401046857237816,0.1588556095957756,
0,260816,matched,MATCHED_Rayleigh,RNND_Zhu,3144,0.6255860030651093,0.4649154469370842,0.16067055985331535,
0,260816,matched,MATCHED_Rayleigh,RNND_Zhu,3145,0.5655549392104149,0.41404739767313004,0.15150754898786545,
0,260816,matched,MATCHED_Rayleigh,RNND_Zhu,3146,0.5289317145943642,0.37870678305625916,0.1502249352633953,
0,260816,matched,MATCHED_Rayleigh,RNND_Zhu,3147,0.509809136390686,0.3690047822892666,0.14080436900258064,
0,260816,matched,MATCHED_Rayleigh,RNND_Zhu,3148,0.6018187403678894,0.45002956688404083,0.15178919024765491,
0,260816,matched,MATCHED_Rayleigh,RNND_Zhu,3149,0.44066517800092697,0.30883780121803284,0.13182737864553928,
0,260816,matched,MATCHED_Rayleigh,RNND_Zhu,3150,0.5705900639295578,0.4162966310977936,0.15429344400763512,
0,260816,matched,MATCHED_Rayleigh,RNND_Zhu,3151,0.5702090114355087,0.42602455615997314,0.1441844440996647,
0,260816,matched,MATCHED_Rayleigh,RNND_Zhu,3152,0.6595375537872314,0.4825005829334259,0.17703697457909584,
0,260816,matched,MATCHED_Rayleigh,RNND_Zhu,3153,0.4964505508542061,0.362248957157135,0.13420159369707108,
0,260816,matched,MATCHED_Rayleigh,RNND_Zhu,3154,0.6054591313004494,0.44443202018737793,0.1610271092504263,
0,260816,matched,MATCHED_Rayleigh,RNND_Zhu,3155,0.5940508916974068,0.43101272732019424,0.16303816810250282,
0,260816,matched,MATCHED_Rayleigh,RNND_Zhu,3156,0.5231594294309616,0.382050983607769,0.1411084644496441,
0,260816,matched,MATCHED_Rayleigh,RNND_Zhu,3157,0.41817809641361237,0.29340196773409843,0.12477613799273968,
0,260816,matched,MATCHED_Rayleigh,RNND_Zhu,3158,0.46100374311208725,0.3308596685528755,0.13014406338334084,
0,260816,matched,MATCHED_Rayleigh,RNND_Zhu,3159,0.5448552444577217,0.3983975276350975,0.1464577130973339,
0,260816,matched,MATCHED_Rayleigh,RNND_Zhu,3160,0.4397156834602356,0.30727123469114304,0.132444454357028,
0,260816,matched,MATCHED_Rayleigh,RNND_Zhu,3161,0.4341520220041275,0.30831552669405937,0.12583648040890694,
0,260816,matched,MATCHED_Rayleigh,RNND_Zhu,3162,0.49996377527713776,0.36022599041461945,0.1397378034889698,
0,260816,matched,MATCHED_Rayleigh,RNND_Zhu,3163,0.6889173835515976,0.513889953494072,0.17502743378281593,
0,260816,matched,MATCHED_Rayleigh,RNND_Zhu,3164,0.6009015440940857,0.44566306471824646,0.15523847565054893,
0,260816,matched,MATCHED_Rayleigh,RNND_Zhu,3165,0.5271031931042671,0.3763357549905777,0.15076744556427002,
0,260816,matched,MATCHED_Rayleigh,RNND_Zhu,3166,0.3677457720041275,0.25443774089217186,0.11330803669989109,
0,260816,matched,MATCHED_Rayleigh,RNND_Zhu,3167,0.5151049941778183,0.37102821469306946,0.14407676830887794,
0,260816,matched,MATCHED_Rayleigh,RNND_Zhu,3168,0.4852343201637268,0.35250015556812286,0.13273416459560394,
0,260816,matched,MATCHED_Rayleigh,RNND_Zhu,3169,0.7101854234933853,0.5382240265607834,0.17196141183376312,
0,260816,matched,MATCHED_Rayleigh,RNND_Zhu,3170,0.5341606140136719,0.3893623426556587,0.14479827508330345,
0,260816,matched,MATCHED_Rayleigh,RNND_Zhu,3171,0.42946524173021317,0.30653851479291916,0.122926726937294,
0,260816,matched,MATCHED_Rayleigh,RNND_Zhu,3172,0.4582972750067711,0.33072540163993835,0.12757186591625214,
0,260816,matched,MATCHED_Rayleigh,RNND_Zhu,3173,0.40978817641735077,0.28992441296577454,0.11986377090215683,
0,260816,matched,MATCHED_Rayleigh,RNND_Zhu,3174,0.4302894026041031,0.3050817474722862,0.12520764768123627,
0,260816,matched,MATCHED_Rayleigh,RNND_Zhu,3175,0.5040551126003265,0.36880015581846237,0.13525496795773506,
0,260816,matched,MATCHED_Rayleigh,RNND_Zhu,3176,0.5367256551980972,0.3859034851193428,0.15082216262817383,
0,260816,matched,MATCHED_Rayleigh,RNND_Zhu,3177,0.6190494075417519,0.45532160997390747,0.1637278012931347,
0,260816,matched,MATCHED_Rayleigh,RNND_Zhu,3178,0.42693085223436356,0.3097173795104027,0.11721347272396088,
0,260816,matched,MATCHED_Rayleigh,RNND_Zhu,3179,0.6007621809840202,0.4435903951525688,0.15717178583145142,
0,260816,matched,MATCHED_Rayleigh,RNND_Zhu,3180,0.4296727180480957,0.3033333159983158,0.1263394057750702,
0,260816,matched,MATCHED_Rayleigh,RNND_Zhu,3181,0.4542831555008888,0.32621394097805023,0.12806921266019344,
0,260816,matched,MATCHED_Rayleigh,RNND_Zhu,3182,0.5023230910301208,0.3680134266614914,0.1343096550554037,
0,260816,matched,MATCHED_Rayleigh,RNND_Zhu,3183,0.5285438150167465,0.3840649127960205,0.144478902220726,
0,260816,matched,MATCHED_Rayleigh,RNND_Zhu,3184,0.5387344658374786,0.4003957509994507,0.13833872973918915,
0,260816,matched,MATCHED_Rayleigh,RNND_Zhu,3185,0.5416936874389648,0.4018724858760834,0.13982121273875237,
0,260816,matched,MATCHED_Rayleigh,RNND_Zhu,3186,0.4674506410956383,0.3379090540111065,0.12954160384833813,
0,260816,matched,MATCHED_Rayleigh,RNND_Zhu,3187,0.590971827507019,0.43416859954595566,0.15680322796106339,
0,260816,matched,MATCHED_Rayleigh,RNND_Zhu,3188,0.55307886749506,0.39946356415748596,0.153615303337574,
0,260816,matched,MATCHED_Rayleigh,RNND_Zhu,3189,0.4806976765394211,0.3558458276093006,0.12485185451805592,
0,260816,matched,MATCHED_Rayleigh,RNND_Zhu,3190,0.542442113161087,0.3953956738114357,0.14704645052552223,
0,260816,matched,MATCHED_Rayleigh,RNND_Zhu,3191,0.44854536652565,0.3216264843940735,0.12691889330744743,
0,260816,matched,MATCHED_Rayleigh,RNND_Zhu,3192,0.4777354598045349,0.34758980199694633,0.13014565780758858,
0,260816,matched,MATCHED_Rayleigh,RNND_Zhu,3193,0.47273146361112595,0.3455314412713051,0.1272000279277563,
0,260816,matched,MATCHED_Rayleigh,RNND_Zhu,3194,0.4356440007686615,0.3173748776316643,0.11826913990080357,
0,260816,matched,MATCHED_Rayleigh,RNND_Zhu,3195,0.5512270480394363,0.39217813313007355,0.1590489111840725,
0,260816,matched,MATCHED_Rayleigh,RNND_Zhu,3196,0.48044420033693314,0.34645839408040047,0.13398580439388752,
0,260816,matched,MATCHED_Rayleigh,RNND_Zhu,3197,0.617882177233696,0.45258717983961105,0.16529499739408493,
0,260816,matched,MATCHED_Rayleigh,RNND_Zhu,3198,0.4515797793865204,0.32241692766547203,0.1291628610342741,
0,260816,matched,MATCHED_Rayleigh,RNND_Zhu,3199,0.3874754458665848,0.2647726535797119,0.12270279042422771,
0,260816,matched,MATCHED_Rayleigh,RNND_Zhu,3200,0.5088775530457497,0.3648509606719017,0.14402657561004162,-0.6452173905591502
0,260816,matched,MATCHED_Rayleigh,RNND_Zhu,3201,0.5953849405050278,0.43663159757852554,0.15875333547592163,
0,260816,matched,MATCHED_Rayleigh,RNND_Zhu,3202,0.4297149181365967,0.3107203021645546,0.11899461224675179,
0,260816,matched,MATCHED_Rayleigh,RNND_Zhu,3203,0.4484226629137993,0.31162742897868156,0.13679523766040802,
0,260816,matched,MATCHED_Rayleigh,RNND_Zhu,3204,0.690532773733139,0.5120103880763054,0.17852239310741425,
0,260816,matched,MATCHED_Rayleigh,RNND_Zhu,3205,0.6582533791661263,0.49301203340291977,0.16524134576320648,
0,260816,matched,MATCHED_Rayleigh,RNND_Zhu,3206,0.46103253215551376,0.33335357904434204,0.12767894752323627,
0,260816,matched,MATCHED_Rayleigh,RNND_Zhu,3207,0.5722272023558617,0.41784513369202614,0.15438208729028702,
0,260816,matched,MATCHED_Rayleigh,RNND_Zhu,3208,0.5180119350552559,0.3789382874965668,0.13907365128397942,
0,260816,matched,MATCHED_Rayleigh,RNND_Zhu,3209,0.601767972111702,0.4464629739522934,0.15530498698353767,
0,260816,matched,MATCHED_Rayleigh,RNND_Zhu,3210,0.5846723541617393,0.42982088029384613,0.15485148131847382,
0,260816,matched,MATCHED_Rayleigh,RNND_Zhu,3211,0.5226671695709229,0.3782539963722229,0.14441318437457085,
0,260816,matched,MATCHED_Rayleigh,RNND_Zhu,3212,0.5624236315488815,0.4105862155556679,0.15183741226792336,
0,260816,matched,MATCHED_Rayleigh,RNND_Zhu,3213,0.4401018023490906,0.3129726052284241,0.1271291859447956,
0,260816,matched,MATCHED_Rayleigh,RNND_Zhu,3214,0.6618455797433853,0.47919611632823944,0.18264946341514587,
0,260816,matched,MATCHED_Rayleigh,RNND_Zhu,3215,0.4261053055524826,0.2961709313094616,0.12993437983095646,
0,260816,matched,MATCHED_Rayleigh,RNND_Zhu,3216,0.39498671144247055,0.28085823357105255,0.1141284815967083,
0,260816,matched,MATCHED_Rayleigh,RNND_Zhu,3217,0.5456957817077637,0.3940001204609871,0.15169566869735718,
0,260816,matched,MATCHED_Rayleigh,RNND_Zhu,3218,0.44586431235074997,0.31692105159163475,0.12894325703382492,
0,260816,matched,MATCHED_Rayleigh,RNND_Zhu,3219,0.5917553454637527,0.43257059156894684,0.1591847538948059,
0,260816,matched,MATCHED_Rayleigh,RNND_Zhu,3220,0.5714339315891266,0.41817111521959305,0.15326281264424324,
0,260816,matched,MATCHED_Rayleigh,RNND_Zhu,3221,0.4262595847249031,0.30287035927176476,0.1233892384916544,
0,260816,matched,MATCHED_Rayleigh,RNND_Zhu,3222,0.38007182627916336,0.2676149010658264,0.1124569196254015,
0,260816,matched,MATCHED_Rayleigh,RNND_Zhu,3223,0.5121334344148636,0.37249530851840973,0.13963812962174416,
0,260816,matched,MATCHED_Rayleigh,RNND_Zhu,3224,0.5141589269042015,0.3684922978281975,0.14566662348806858,
0,260816,matched,MATCHED_Rayleigh,RNND_Zhu,3225,0.4431004300713539,0.3165806569159031,0.12651976943016052,
0,260816,matched,MATCHED_Rayleigh,RNND_Zhu,3226,0.5552841648459435,0.40543799847364426,0.1498461812734604,
0,260816,matched,MATCHED_Rayleigh,RNND_Zhu,3227,0.6137917637825012,0.45015699416399,0.1636347658932209,
0,260816,matched,MATCHED_Rayleigh,RNND_Zhu,3228,0.44893984496593475,0.31946440786123276,0.1294754445552826,
0,260816,matched,MATCHED_Rayleigh,RNND_Zhu,3229,0.48864027112722397,0.35431118682026863,0.1343290824443102,
0,260816,matched,MATCHED_Rayleigh,RNND_Zhu,3230,0.6001954823732376,0.4424143210053444,0.15778116881847382,
0,260816,matched,MATCHED_Rayleigh,RNND_Zhu,3231,0.43051932752132416,0.3108527734875679,0.11966654285788536,
0,260816,matched,MATCHED_Rayleigh,RNND_Zhu,3232,0.5686230584979057,0.4229414686560631,0.1456815917044878,
0,260816,matched,MATCHED_Rayleigh,RNND_Zhu,3233,0.4625231847167015,0.32770875096321106,0.13481443002820015,
0,260816,matched,MATCHED_Rayleigh,RNND_Zhu,3234,0.44932612776756287,0.3248419463634491,0.12448417581617832,
0,260816,matched,MATCHED_Rayleigh,RNND_Zhu,3235,0.3990299627184868,0.2802685722708702,0.11876138858497143,
0,260816,matched,MATCHED_Rayleigh,RNND_Zhu,3236,0.4765091985464096,0.34634603187441826,0.13016316667199135,
0,260816,matched,MATCHED_Rayleigh,RNND_Zhu,3237,0.5238431766629219,0.38326531648635864,0.14057785645127296,
0,260816,matched,MATCHED_Rayleigh,RNND_Zhu,3238,0.6229214370250702,0.45028699934482574,0.17263444140553474,
0,260816,matched,MATCHED_Rayleigh,RNND_Zhu,3239,0.6387374401092529,0.4662860631942749,0.17245137877762318,
0,260816,matched,MATCHED_Rayleigh,RNND_Zhu,3240,0.5237157642841339,0.3841070234775543,0.13960873894393444,
0,260816,matched,MATCHED_Rayleigh,RNND_Zhu,3241,0.432117760181427,0.3162904754281044,0.11582727916538715,
0,260816,matched,MATCHED_Rayleigh,RNND_Zhu,3242,0.48332683742046356,0.34987131506204605,0.1334555260837078,
0,260816,matched,MATCHED_Rayleigh,RNND_Zhu,3243,0.7033376693725586,0.5205497890710831,0.18278788030147552,
0,260816,matched,MATCHED_Rayleigh,RNND_Zhu,3244,0.5751989111304283,0.42439473420381546,0.15080417692661285,
0,260816,matched,MATCHED_Rayleigh,RNND_Zhu,3245,0.5026961788535118,0.359946645796299,0.14274954423308372,
0,260816,matched,MATCHED_Rayleigh,RNND_Zhu,3246,0.5091037675738335,0.36484137922525406,0.1442624069750309,
0,260816,matched,MATCHED_Rayleigh,RNND_Zhu,3247,0.5333259329199791,0.385795421898365,0.14753049984574318,
0,260816,matched,MATCHED_Rayleigh,RNND_Zhu,3248,0.4121203050017357,0.30074428394436836,0.11137601174414158,
0,260816,matched,MATCHED_Rayleigh,RNND_Zhu,3249,0.5128277614712715,0.3748883455991745,0.13793940655887127,
0,260816,matched,MATCHED_Rayleigh,RNND_Zhu,3250,0.5646730661392212,0.41118182986974716,0.15349122695624828,
0,260816,matched,MATCHED_Rayleigh,RNND_Zhu,3251,0.6060544401407242,0.4466836303472519,0.159370806068182,
0,260816,matched,MATCHED_Rayleigh,RNND_Zhu,3252,0.39380214363336563,0.27629001066088676,0.11751213110983372,
0,260816,matched,MATCHED_Rayleigh,RNND_Zhu,3253,0.5424676015973091,0.4010948985815048,0.1413727104663849,
0,260816,matched,MATCHED_Rayleigh,RNND_Zhu,3254,0.5863136351108551,0.4278833642601967,0.15843027085065842,
0,260816,matched,MATCHED_Rayleigh,RNND_Zhu,3255,0.41387341171503067,0.2928686700761318,0.12100474908947945,
0,260816,matched,MATCHED_Rayleigh,RNND_Zhu,3256,0.6754976511001587,0.5087509229779243,0.16674672439694405,
0,260816,matched,MATCHED_Rayleigh,RNND_Zhu,3257,0.5516975820064545,0.4017746150493622,0.14992296695709229,
0,260816,matched,MATCHED_Rayleigh,RNND_Zhu,3258,0.4374230280518532,0.3157273270189762,0.12169568985700607,
0,260816,matched,MATCHED_Rayleigh,RNND_Zhu,3259,0.48713311553001404,0.3552832156419754,0.13184989616274834,
0,260816,matched,MATCHED_Rayleigh,RNND_Zhu,3260,0.6912875920534134,0.5164782181382179,0.17480936273932457,
0,260816,matched,MATCHED_Rayleigh,RNND_Zhu,3261,0.42431917041540146,0.30201637744903564,0.12230278737843037,
0,260816,matched,MATCHED_Rayleigh,RNND_Zhu,3262,0.45491112768650055,0.32683637738227844,0.1280747465789318,
0,260816,matched,MATCHED_Rayleigh,RNND_Zhu,3263,0.4806111678481102,0.3531065508723259,0.12750461138784885,
0,260816,matched,MATCHED_Rayleigh,RNND_Zhu,3264,0.5699706524610519,0.41885165870189667,0.15111899748444557,
0,260816,matched,MATCHED_Rayleigh,RNND_Zhu,3265,0.5524741411209106,0.4002319276332855,0.15224221907556057,
0,260816,matched,MATCHED_Rayleigh,RNND_Zhu,3266,0.6130236685276031,0.45053334534168243,0.1624903306365013,
0,260816,matched,MATCHED_Rayleigh,RNND_Zhu,3267,0.41542528569698334,0.30232831835746765,0.11309696175158024,
0,260816,matched,MATCHED_Rayleigh,RNND_Zhu,3268,0.5746990442276001,0.41942476481199265,0.15527428314089775,
0,260816,matched,MATCHED_Rayleigh,RNND_Zhu,3269,0.652061253786087,0.48691944032907486,0.16514180973172188,
0,260816,matched,MATCHED_Rayleigh,RNND_Zhu,3270,0.6496512666344643,0.4777623862028122,0.17188888788223267,
0,260816,matched,MATCHED_Rayleigh,RNND_Zhu,3271,0.5639798194169998,0.4129375331103802,0.15104228630661964,
0,260816,matched,MATCHED_Rayleigh,RNND_Zhu,3272,0.5530545860528946,0.4088151305913925,0.14423945173621178,
0,260816,matched,MATCHED_Rayleigh,RNND_Zhu,3273,0.5876429378986359,0.4312787465751171,0.15636418759822845,
0,260816,matched,MATCHED_Rayleigh,RNND_Zhu,3274,0.5413855314254761,0.39819029718637466,0.14319522306323051,
0,260816,matched,MATCHED_Rayleigh,RNND_Zhu,3275,0.4004185125231743,0.28322046622633934,0.11719803512096405,
0,260816,matched,MATCHED_Rayleigh,RNND_Zhu,3276,0.624649316072464,0.46363818645477295,0.161011116579175,
0,260816,matched,MATCHED_Rayleigh,RNND_Zhu,3277,0.5335545539855957,0.3917423076927662,0.14181222766637802,
0,260816,matched,MATCHED_Rayleigh,RNND_Zhu,3278,0.5168409943580627,0.37809741497039795,0.1387435831129551,
0,260816,matched,MATCHED_Rayleigh,RNND_Zhu,3279,0.5144054144620895,0.3735090270638466,0.14089637249708176,
0,260816,matched,MATCHED_Rayleigh,RNND_Zhu,3280,0.5225871205329895,0.37809383124113083,0.14449328929185867,
0,260816,matched,MATCHED_Rayleigh,RNND_Zhu,3281,0.498296819627285,0.3604305386543274,0.1378662995994091,
0,260816,matched,MATCHED_Rayleigh,RNND_Zhu,3282,0.4853292554616928,0.3514663390815258,0.13386291079223156,
0,260816,matched,MATCHED_Rayleigh,RNND_Zhu,3283,0.5380645394325256,0.3944447226822376,0.143619816750288,
0,260816,matched,MATCHED_Rayleigh,RNND_Zhu,3284,0.49775607883930206,0.35763589292764664,0.14012018963694572,
0,260816,matched,MATCHED_Rayleigh,RNND_Zhu,3285,0.4725692644715309,0.33661307767033577,0.13595618680119514,
0,260816,matched,MATCHED_Rayleigh,RNND_Zhu,3286,0.47886404395103455,0.34150660037994385,0.137357447296381,
0,260816,matched,MATCHED_Rayleigh,RNND_Zhu,3287,0.6452327221632004,0.4812449663877487,0.16398777067661285,
0,260816,matched,MATCHED_Rayleigh,RNND_Zhu,3288,0.6853611469268799,0.5121361911296844,0.17322495207190514,
0,260816,matched,MATCHED_Rayleigh,RNND_Zhu,3289,0.5897293835878372,0.434902086853981,0.1548272967338562,
0,260816,matched,MATCHED_Rayleigh,RNND_Zhu,3290,0.5313701927661896,0.38439813256263733,0.14697206392884254,
0,260816,matched,MATCHED_Rayleigh,RNND_Zhu,3291,0.4976257234811783,0.35836634039878845,0.13925938867032528,
0,260816,matched,MATCHED_Rayleigh,RNND_Zhu,3292,0.4891357272863388,0.3447950854897499,0.1443406492471695,
0,260816,matched,MATCHED_Rayleigh,RNND_Zhu,3293,0.5748208239674568,0.42179569602012634,0.15302512794733047,
0,260816,matched,MATCHED_Rayleigh,RNND_Zhu,3294,0.6113369539380074,0.4510250687599182,0.16031187772750854,
0,260816,matched,MATCHED_Rayleigh,RNND_Zhu,3295,0.5983018651604652,0.44864723458886147,0.14965463802218437,
0,260816,matched,MATCHED_Rayleigh,RNND_Zhu,3296,0.5283423662185669,0.3864547796547413,0.1418875865638256,
0,260816,matched,MATCHED_Rayleigh,RNND_Zhu,3297,0.5932526215910912,0.43904656171798706,0.1542060561478138,
0,260816,matched,MATCHED_Rayleigh,RNND_Zhu,3298,0.6228776127099991,0.4538071006536484,0.1690705232322216,
0,260816,matched,MATCHED_Rayleigh,RNND_Zhu,3299,0.686518669128418,0.510753870010376,0.1757648065686226,
0,260816,matched,MATCHED_Rayleigh,RNND_Zhu,3300,0.48116684705018997,0.35043706744909286,0.1307297796010971,
0,260816,matched,MATCHED_Rayleigh,RNND_Zhu,3301,0.47022102028131485,0.3446046933531761,0.12561632320284843,
0,260816,matched,MATCHED_Rayleigh,RNND_Zhu,3302,0.42852406203746796,0.31668440997600555,0.1118396520614624,
0,260816,matched,MATCHED_Rayleigh,RNND_Zhu,3303,0.48196959495544434,0.35019469633698463,0.13177490793168545,
0,260816,matched,MATCHED_Rayleigh,RNND_Zhu,3304,0.5276632234454155,0.38511254638433456,0.14255067706108093,
0,260816,matched,MATCHED_Rayleigh,RNND_Zhu,3305,0.5000449493527412,0.3657514117658138,0.13429354317486286,
0,260816,matched,MATCHED_Rayleigh,RNND_Zhu,3306,0.45687033981084824,0.3314248286187649,0.12544551119208336,
0,260816,matched,MATCHED_Rayleigh,RNND_Zhu,3307,0.5842259973287582,0.4294958636164665,0.15473013371229172,
0,260816,matched,MATCHED_Rayleigh,RNND_Zhu,3308,0.4278136044740677,0.31603460013866425,0.1117789950221777,
0,260816,matched,MATCHED_Rayleigh,RNND_Zhu,3309,0.5935415774583817,0.43892960995435715,0.15461197681725025,
0,260816,matched,MATCHED_Rayleigh,RNND_Zhu,3310,0.4881773218512535,0.35981470718979836,0.1283626276999712,
0,260816,matched,MATCHED_Rayleigh,RNND_Zhu,3311,0.5226507633924484,0.3838731423020363,0.13877761363983154,
0,260816,matched,MATCHED_Rayleigh,RNND_Zhu,3312,0.530152291059494,0.38025547564029694,0.14989681728184223,
0,260816,matched,MATCHED_Rayleigh,RNND_Zhu,3313,0.6721159219741821,0.5028036534786224,0.1693122833967209,
0,260816,matched,MATCHED_Rayleigh,RNND_Zhu,3314,0.4202117696404457,0.3056352511048317,0.11457651481032372,
0,260816,matched,MATCHED_Rayleigh,RNND_Zhu,3315,0.40246571600437164,0.29193897172808647,0.11052675172686577,
0,260816,matched,MATCHED_Rayleigh,RNND_Zhu,3316,0.5612584128975868,0.41162484139204025,0.14963356778025627,
0,260816,matched,MATCHED_Rayleigh,RNND_Zhu,3317,0.586066797375679,0.43251243978738785,0.15355435386300087,
0,260816,matched,MATCHED_Rayleigh,RNND_Zhu,3318,0.4915516898036003,0.3609972111880779,0.13055448420345783,
0,260816,matched,MATCHED_Rayleigh,RNND_Zhu,3319,0.5065649822354317,0.368281826376915,0.1382831335067749,
0,260816,matched,MATCHED_Rayleigh,RNND_Zhu,3320,0.5265638828277588,0.38232917338609695,0.14423471316695213,
0,260816,matched,MATCHED_Rayleigh,RNND_Zhu,3321,0.4167848974466324,0.29432760551571846,0.12245729565620422,
0,260816,matched,MATCHED_Rayleigh,RNND_Zhu,3322,0.49997010082006454,0.3677068501710892,0.13226325437426567,
0,260816,matched,MATCHED_Rayleigh,RNND_Zhu,3323,0.43449175357818604,0.31206633895635605,0.12242540903389454,
0,260816,matched,MATCHED_Rayleigh,RNND_Zhu,3324,0.4477488324046135,0.3298496752977371,0.11789915151894093,
0,260816,matched,MATCHED_Rayleigh,RNND_Zhu,3325,0.49044979363679886,0.3598288595676422,0.1306209396570921,
0,260816,matched,MATCHED_Rayleigh,RNND_Zhu,3326,0.5163800790905952,0.37795937806367874,0.13842071034014225,
0,260816,matched,MATCHED_Rayleigh,RNND_Zhu,3327,0.5341500490903854,0.3873261362314224,0.1468239314854145,
0,260816,matched,MATCHED_Rayleigh,RNND_Zhu,3328,0.43305789679288864,0.31351224333047867,0.11954566091299057,
0,260816,matched,MATCHED_Rayleigh,RNND_Zhu,3329,0.634690910577774,0.4722416177392006,0.1624492984265089,
0,260816,matched,MATCHED_Rayleigh,RNND_Zhu,3330,0.49214640259742737,0.3534303456544876,0.13871606439352036,
0,260816,matched,MATCHED_Rayleigh,RNND_Zhu,3331,0.6223903447389603,0.45311760902404785,0.1692727506160736,
0,260816,matched,MATCHED_Rayleigh,RNND_Zhu,3332,0.54783945530653,0.401819184422493,0.14602026157081127,
0,260816,matched,MATCHED_Rayleigh,RNND_Zhu,3333,0.5708557665348053,0.4150637909770012,0.155791986733675,
0,260816,matched,MATCHED_Rayleigh,RNND_Zhu,3334,0.588034950196743,0.43413762748241425,0.15389732643961906,
0,260816,matched,MATCHED_Rayleigh,RNND_Zhu,3335,0.4255038648843765,0.31295345723629,0.11255041137337685,
0,260816,matched,MATCHED_Rayleigh,RNND_Zhu,3336,0.6378202885389328,0.4668732136487961,0.17094706185162067,
0,260816,matched,MATCHED_Rayleigh,RNND_Zhu,3337,0.5903142616152763,0.42626624554395676,0.16404802165925503,
0,260816,matched,MATCHED_Rayleigh,RNND_Zhu,3338,0.4958018288016319,0.3584270030260086,0.13737482205033302,
0,260816,matched,MATCHED_Rayleigh,RNND_Zhu,3339,0.6296148225665092,0.4649038538336754,0.16471096500754356,
0,260816,matched,MATCHED_Rayleigh,RNND_Zhu,3340,0.48752932250499725,0.35263267159461975,0.1348966434597969,
0,260816,matched,MATCHED_Rayleigh,RNND_Zhu,3341,0.523671917617321,0.37989968806505203,0.14377223141491413,
0,260816,matched,MATCHED_Rayleigh,RNND_Zhu,3342,0.42551689594984055,0.3041677214205265,0.12134917639195919,
0,260816,matched,MATCHED_Rayleigh,RNND_Zhu,3343,0.6181504651904106,0.45172516629099846,0.16642530634999275,
0,260816,matched,MATCHED_Rayleigh,RNND_Zhu,3344,0.5439168214797974,0.3988109230995178,0.1451059002429247,
0,260816,matched,MATCHED_Rayleigh,RNND_Zhu,3345,0.6219099760055542,0.4570460915565491,0.16486387699842453,
0,260816,matched,MATCHED_Rayleigh,RNND_Zhu,3346,0.41155193746089935,0.289306178689003,0.12224577367305756,
0,260816,matched,MATCHED_Rayleigh,RNND_Zhu,3347,0.4086017534136772,0.2949005663394928,0.11370119079947472,
0,260816,matched,MATCHED_Rayleigh,RNND_Zhu,3348,0.4964805692434311,0.37157852947711945,0.12490203604102135,
0,260816,matched,MATCHED_Rayleigh,RNND_Zhu,3349,0.47827862203121185,0.34876344352960587,0.12951518036425114,
0,260816,matched,MATCHED_Rayleigh,RNND_Zhu,3350,0.4943363890051842,0.36138302832841873,0.13295334950089455,
0,260816,matched,MATCHED_Rayleigh,RNND_Zhu,3351,0.47229989618062973,0.33905304223299026,0.13324685208499432,
0,260816,matched,MATCHED_Rayleigh,RNND_Zhu,3352,0.5293129980564117,0.386975459754467,0.14233754016458988,
0,260816,matched,MATCHED_Rayleigh,RNND_Zhu,3353,0.5322702005505562,0.38947101682424545,0.14279917813837528,
0,260816,matched,MATCHED_Rayleigh,RNND_Zhu,3354,0.5697462260723114,0.413050040602684,0.15669618919491768,
0,260816,matched,MATCHED_Rayleigh,RNND_Zhu,3355,0.5689100027084351,0.4079500436782837,0.16095996275544167,
0,260816,matched,MATCHED_Rayleigh,RNND_Zhu,3356,0.5018729194998741,0.3733431473374367,0.1285297702997923,
0,260816,matched,MATCHED_Rayleigh,RNND_Zhu,3357,0.5844055414199829,0.4334524795413017,0.15095307677984238,
0,260816,matched,MATCHED_Rayleigh,RNND_Zhu,3358,0.5973434150218964,0.4392048865556717,0.15813853591680527,
0,260816,matched,MATCHED_Rayleigh,RNND_Zhu,3359,0.48521582782268524,0.35456712543964386,0.13064870610833168,
0,260816,matched,MATCHED_Rayleigh,RNND_Zhu,3360,0.4490386173129082,0.32539305090904236,0.12364556826651096,
0,260816,matched,MATCHED_Rayleigh,RNND_Zhu,3361,0.5599896609783173,0.411080040037632,0.14890962094068527,
0,260816,matched,MATCHED_Rayleigh,RNND_Zhu,3362,0.5689399540424347,0.41182829439640045,0.15711165592074394,
0,260816,matched,MATCHED_Rayleigh,RNND_Zhu,3363,0.5953900665044785,0.438204824924469,0.15718524903059006,
0,260816,matched,MATCHED_Rayleigh,RNND_Zhu,3364,0.5301895812153816,0.39439384639263153,0.13579574041068554,
0,260816,matched,MATCHED_Rayleigh,RNND_Zhu,3365,0.686148501932621,0.51357801258564,0.17257048562169075,
0,260816,matched,MATCHED_Rayleigh,RNND_Zhu,3366,0.4478858858346939,0.32481030374765396,0.12307557463645935,
0,260816,matched,MATCHED_Rayleigh,RNND_Zhu,3367,0.4414222463965416,0.31883613020181656,0.12258610874414444,
0,260816,matched,MATCHED_Rayleigh,RNND_Zhu,3368,0.6187249422073364,0.4663601666688919,0.15236477553844452,
0,260816,matched,MATCHED_Rayleigh,RNND_Zhu,3369,0.4464793801307678,0.316044844686985,0.13043453358113766,
0,260816,matched,MATCHED_Rayleigh,RNND_Zhu,3370,0.501965843141079,0.3624270334839821,0.13953880220651627,
0,260816,matched,MATCHED_Rayleigh,RNND_Zhu,3371,0.5146327316761017,0.3808031752705574,0.13382955268025398,
0,260816,matched,MATCHED_Rayleigh,RNND_Zhu,3372,0.4851202219724655,0.3463803194463253,0.1387399062514305,
0,260816,matched,MATCHED_Rayleigh,RNND_Zhu,3373,0.7698590010404587,0.5804933905601501,0.18936559185385704,
0,260816,matched,MATCHED_Rayleigh,RNND_Zhu,3374,0.5637816786766052,0.41821663826704025,0.14556504227221012,
0,260816,matched,MATCHED_Rayleigh,RNND_Zhu,3375,0.5620765686035156,0.4070272594690323,0.15504930540919304,
0,260816,matched,MATCHED_Rayleigh,RNND_Zhu,3376,0.3843076750636101,0.28294702619314194,0.10136065632104874,
0,260816,matched,MATCHED_Rayleigh,RNND_Zhu,3377,0.5175035297870636,0.38341378420591354,0.13408973440527916,
0,260816,matched,MATCHED_Rayleigh,RNND_Zhu,3378,0.36746418476104736,0.2597617506980896,0.10770243965089321,
0,260816,matched,MATCHED_Rayleigh,RNND_Zhu,3379,0.5559024587273598,0.4124148041009903,0.14348766207695007,
0,260816,matched,MATCHED_Rayleigh,RNND_Zhu,3380,0.4778148755431175,0.3450850024819374,0.13272987492382526,
0,260816,matched,MATCHED_Rayleigh,RNND_Zhu,3381,0.4277886152267456,0.3042186498641968,0.12356995977461338,
0,260816,matched,MATCHED_Rayleigh,RNND_Zhu,3382,0.5853073671460152,0.42993613332509995,0.15537124313414097,
0,260816,matched,MATCHED_Rayleigh,RNND_Zhu,3383,0.5731761530041695,0.4248874709010124,0.1482886727899313,
0,260816,matched,MATCHED_Rayleigh,RNND_Zhu,3384,0.6105838865041733,0.4520622566342354,0.1585216224193573,
0,260816,matched,MATCHED_Rayleigh,RNND_Zhu,3385,0.4840695299208164,0.3551054745912552,0.12896405905485153,
0,260816,matched,MATCHED_Rayleigh,RNND_Zhu,3386,0.5060009732842445,0.3693380132317543,0.13666295818984509,
0,260816,matched,MATCHED_Rayleigh,RNND_Zhu,3387,0.540427029132843,0.4003973826766014,0.1400296315550804,
0,260816,matched,MATCHED_Rayleigh,RNND_Zhu,3388,0.4901930242776871,0.3535405918955803,0.13665244355797768,
0,260816,matched,MATCHED_Rayleigh,RNND_Zhu,3389,0.39714521914720535,0.28335457295179367,0.11379065364599228,
0,260816,matched,MATCHED_Rayleigh,RNND_Zhu,3390,0.41602564603090286,0.29924414306879044,0.11678149737417698,
0,260816,matched,MATCHED_Rayleigh,RNND_Zhu,3391,0.4569007679820061,0.33304985612630844,0.12385090067982674,
0,260816,matched,MATCHED_Rayleigh,RNND_Zhu,3392,0.3572733774781227,0.25025932490825653,0.10701404511928558,
0,260816,matched,MATCHED_Rayleigh,RNND_Zhu,3393,0.4315020963549614,0.31580934673547745,0.11569273471832275,
0,260816,matched,MATCHED_Rayleigh,RNND_Zhu,3394,0.6219902634620667,0.46160200983285904,0.16038824245333672,
0,260816,matched,MATCHED_Rayleigh,RNND_Zhu,3395,0.687483936548233,0.5257461965084076,0.16173774376511574,
0,260816,matched,MATCHED_Rayleigh,RNND_Zhu,3396,0.43623340874910355,0.3136751726269722,0.12255823612213135,
0,260816,matched,MATCHED_Rayleigh,RNND_Zhu,3397,0.6797123774886131,0.5040895491838455,0.1756228245794773,
0,260816,matched,MATCHED_Rayleigh,RNND_Zhu,3398,0.42439571022987366,0.3067846819758415,0.11761103197932243,
0,260816,matched,MATCHED_Rayleigh,RNND_Zhu,3399,0.6450344175100327,0.478785865008831,0.16624855622649193,
0,260816,matched,MATCHED_Rayleigh,RNND_Zhu,3400,0.5168804973363876,0.37993621826171875,0.13694427348673344,-0.6801533440188228
0,260816,matched,MATCHED_Rayleigh,RNND_Zhu,3401,0.6276367157697678,0.4705599397420883,0.15707675740122795,
0,260816,matched,MATCHED_Rayleigh,RNND_Zhu,3402,0.46622494608163834,0.34148822724819183,0.1247367300093174,
0,260816,matched,MATCHED_Rayleigh,RNND_Zhu,3403,0.5996460169553757,0.4476373642683029,0.15200864151120186,
0,260816,matched,MATCHED_Rayleigh,RNND_Zhu,3404,0.4238154888153076,0.3133101537823677,0.11050533130764961,
0,260816,matched,MATCHED_Rayleigh,RNND_Zhu,3405,0.5533214434981346,0.4060140997171402,0.14730734191834927,
0,260816,matched,MATCHED_Rayleigh,RNND_Zhu,3406,0.6332731395959854,0.4742921367287636,0.15898099541664124,
0,260816,matched,MATCHED_Rayleigh,RNND_Zhu,3407,0.5490384921431541,0.40149615705013275,0.14754235185682774,
0,260816,matched,MATCHED_Rayleigh,RNND_Zhu,3408,0.5427494868636131,0.39544061571359634,0.14730888418853283,
0,260816,matched,MATCHED_Rayleigh,RNND_Zhu,3409,0.6420715153217316,0.4824291318655014,0.15964237973093987,
0,260816,matched,MATCHED_Rayleigh,RNND_Zhu,3410,0.4346828907728195,0.3134874850511551,0.12119539640843868,
0,260816,matched,MATCHED_Rayleigh,RNND_Zhu,3411,0.48687566816806793,0.3600982055068016,0.12677746266126633,
0,260816,matched,MATCHED_Rayleigh,RNND_Zhu,3412,0.5374567657709122,0.39941293746232986,0.138043824583292,
0,260816,matched,MATCHED_Rayleigh,RNND_Zhu,3413,0.544426754117012,0.4040610194206238,0.1403657365590334,
0,260816,matched,MATCHED_Rayleigh,RNND_Zhu,3414,0.5026120319962502,0.3710794001817703,0.13153263926506042,
0,260816,matched,MATCHED_Rayleigh,RNND_Zhu,3415,0.4278470277786255,0.3157898783683777,0.11205714754760265,
0,260816,matched,MATCHED_Rayleigh,RNND_Zhu,3416,0.6795657053589821,0.5070436224341393,0.17252207919955254,
0,260816,matched,MATCHED_Rayleigh,RNND_Zhu,3417,0.5516315549612045,0.4059857092797756,0.1456458419561386,
0,260816,matched,MATCHED_Rayleigh,RNND_Zhu,3418,0.4733619689941406,0.34660350531339645,0.12675846554338932,
0,260816,matched,MATCHED_Rayleigh,RNND_Zhu,3419,0.5390180796384811,0.3989442363381386,0.1400738339871168,
0,260816,matched,MATCHED_Rayleigh,RNND_Zhu,3420,0.614295095205307,0.4572741165757179,0.15702097862958908,
0,260816,matched,MATCHED_Rayleigh,RNND_Zhu,3421,0.5437214374542236,0.39519553631544113,0.1485258936882019,
0,260816,matched,MATCHED_Rayleigh,RNND_Zhu,3422,0.5456124544143677,0.3994143269956112,0.14619813300669193,
0,260816,matched,MATCHED_Rayleigh,RNND_Zhu,3423,0.5211202055215836,0.3787520006299019,0.14236820861697197,
0,260816,matched,MATCHED_Rayleigh,RNND_Zhu,3424,0.5815636068582535,0.4287903755903244,0.15277324244379997,
0,260816,matched,MATCHED_Rayleigh,RNND_Zhu,3425,0.4222492128610611,0.3026568777859211,0.11959233693778515,
0,260816,matched,MATCHED_Rayleigh,RNND_Zhu,3426,0.6551711559295654,0.48833926767110825,0.16683188825845718,
0,260816,matched,MATCHED_Rayleigh,RNND_Zhu,3427,0.5606033354997635,0.41507090255618095,0.14553242176771164,
0,260816,matched,MATCHED_Rayleigh,RNND_Zhu,3428,0.5243922472000122,0.3816400095820427,0.14275222085416317,
0,260816,matched,MATCHED_Rayleigh,RNND_Zhu,3429,0.5480225086212158,0.4094625487923622,0.1385599598288536,
0,260816,matched,MATCHED_Rayleigh,RNND_Zhu,3430,0.45656292140483856,0.335484080016613,0.1210788581520319,
0,260816,matched,MATCHED_Rayleigh,RNND_Zhu,3431,0.5372472479939461,0.39682502299547195,0.14042222499847412,
0,260816,matched,MATCHED_Rayleigh,RNND_Zhu,3432,0.5086006969213486,0.37547076493501663,0.13312992826104164,
0,260816,matched,MATCHED_Rayleigh,RNND_Zhu,3433,0.3535897135734558,0.25269973278045654,0.10088997893035412,
0,260816,matched,MATCHED_Rayleigh,RNND_Zhu,3434,0.51463233679533,0.38498274981975555,0.12964957393705845,
0,260816,matched,MATCHED_Rayleigh,RNND_Zhu,3435,0.6412976235151291,0.48221397399902344,0.15908363461494446,
0,260816,matched,MATCHED_Rayleigh,RNND_Zhu,3436,0.5944546908140182,0.4431658089160919,0.15128888189792633,
0,260816,matched,MATCHED_Rayleigh,RNND_Zhu,3437,0.6181116700172424,0.46044260263442993,0.1576690524816513,
0,260816,matched,MATCHED_Rayleigh,RNND_Zhu,3438,0.5629486218094826,0.421474888920784,0.14147373288869858,
0,260816,matched,MATCHED_Rayleigh,RNND_Zhu,3439,0.4780132845044136,0.34601760283112526,0.13199568912386894,
0,260816,matched,MATCHED_Rayleigh,RNND_Zhu,3440,0.5117925852537155,0.37740111351013184,0.13439146988093853,
0,260816,matched,MATCHED_Rayleigh,RNND_Zhu,3441,0.362483449280262,0.25672367587685585,0.10575976967811584,
0,260816,matched,MATCHED_Rayleigh,RNND_Zhu,3442,0.43852633982896805,0.32047006487846375,0.11805627308785915,
0,260816,matched,MATCHED_Rayleigh,RNND_Zhu,3443,0.6380065158009529,0.47853178530931473,0.15947472862899303,
0,260816,matched,MATCHED_Rayleigh,RNND_Zhu,3444,0.625375896692276,0.4624714106321335,0.16290448978543282,
0,260816,matched,MATCHED_Rayleigh,RNND_Zhu,3445,0.5209840387105942,0.3851877748966217,0.13579626381397247,
0,260816,matched,MATCHED_Rayleigh,RNND_Zhu,3446,0.6580742746591568,0.49119266122579575,0.16688161343336105,
0,260816,matched,MATCHED_Rayleigh,RNND_Zhu,3447,0.5994036123156548,0.4467102028429508,0.15269341319799423,
0,260816,matched,MATCHED_Rayleigh,RNND_Zhu,3448,0.7397196143865585,0.5531626641750336,0.18655693158507347,
0,260816,matched,MATCHED_Rayleigh,RNND_Zhu,3449,0.517664447426796,0.3825637102127075,0.1351007390767336,
0,260816,matched,MATCHED_Rayleigh,RNND_Zhu,3450,0.6375109106302261,0.4784666895866394,0.15904421731829643,
0,260816,matched,MATCHED_Rayleigh,RNND_Zhu,3451,0.5487320944666862,0.4089687913656235,0.13976330682635307,
0,260816,matched,MATCHED_Rayleigh,RNND_Zhu,3452,0.49022276699543,0.3565688729286194,0.1336538903415203,
0,260816,matched,MATCHED_Rayleigh,RNND_Zhu,3453,0.41460156440734863,0.2989610582590103,0.11564050428569317,
0,260816,matched,MATCHED_Rayleigh,RNND_Zhu,3454,0.5873926430940628,0.4373082295060158,0.15008442103862762,
0,260816,matched,MATCHED_Rayleigh,RNND_Zhu,3455,0.45239362865686417,0.33653290569782257,0.11586072482168674,
0,260816,matched,MATCHED_Rayleigh,RNND_Zhu,3456,0.5049399957060814,0.36725808680057526,0.13768191263079643,
0,260816,matched,MATCHED_Rayleigh,RNND_Zhu,3457,0.5143956020474434,0.3820326589047909,0.13236293382942677,
0,260816,matched,MATCHED_Rayleigh,RNND_Zhu,3458,0.6709205210208893,0.5026748031377792,0.16824572160840034,
0,260816,matched,MATCHED_Rayleigh,RNND_Zhu,3459,0.4610620439052582,0.33151503652334213,0.12954698875546455,
0,260816,matched,MATCHED_Rayleigh,RNND_Zhu,3460,0.6483509913086891,0.4836488366127014,0.16470216773450375,
0,260816,matched,MATCHED_Rayleigh,RNND_Zhu,3461,0.6377183347940445,0.4794870838522911,0.15823123790323734,
0,260816,matched,MATCHED_Rayleigh,RNND_Zhu,3462,0.4813970774412155,0.35206445306539536,0.129332622513175,
0,260816,matched,MATCHED_Rayleigh,RNND_Zhu,3463,0.5444352775812149,0.40247682482004166,0.14195844903588295,
0,260816,matched,MATCHED_Rayleigh,RNND_Zhu,3464,0.38793300092220306,0.28355300799012184,0.10437998920679092,
0,260816,matched,MATCHED_Rayleigh,RNND_Zhu,3465,0.5932442396879196,0.4438103139400482,0.149433933198452,
0,260816,matched,MATCHED_Rayleigh,RNND_Zhu,3466,0.5118908360600471,0.37464994937181473,0.13724090717732906,
0,260816,matched,MATCHED_Rayleigh,RNND_Zhu,3467,0.5683628842234612,0.42600080370903015,0.1423620916903019,
0,260816,matched,MATCHED_Rayleigh,RNND_Zhu,3468,0.4889349266886711,0.3631829582154751,0.12575196474790573,
0,260816,matched,MATCHED_Rayleigh,RNND_Zhu,3469,0.5674770921468735,0.4151744544506073,0.15230264142155647,
0,260816,matched,MATCHED_Rayleigh,RNND_Zhu,3470,0.5622257962822914,0.41187867522239685,0.15034711547195911,
0,260816,matched,MATCHED_Rayleigh,RNND_Zhu,3471,0.5147723779082298,0.3741009756922722,0.14067140221595764,
0,260816,matched,MATCHED_Rayleigh,RNND_Zhu,3472,0.38174518942832947,0.27555910125374794,0.10618609003722668,
0,260816,matched,MATCHED_Rayleigh,RNND_Zhu,3473,0.4805639758706093,0.35517146438360214,0.12539252266287804,
0,260816,matched,MATCHED_Rayleigh,RNND_Zhu,3474,0.5775127485394478,0.42657604068517685,0.15093670971691608,
0,260816,matched,MATCHED_Rayleigh,RNND_Zhu,3475,0.5131861791014671,0.37567322328686714,0.13751295022666454,
0,260816,matched,MATCHED_Rayleigh,RNND_Zhu,3476,0.5733835846185684,0.4241870865225792,0.14919649064540863,
0,260816,matched,MATCHED_Rayleigh,RNND_Zhu,3477,0.6518517285585403,0.48416224122047424,0.1676894910633564,
0,260816,matched,MATCHED_Rayleigh,RNND_Zhu,3478,0.38113414496183395,0.2777312248945236,0.10340292379260063,
0,260816,matched,MATCHED_Rayleigh,RNND_Zhu,3479,0.38931331038475037,0.28227609768509865,0.10703720711171627,
0,260816,matched,MATCHED_Rayleigh,RNND_Zhu,3480,0.4550558477640152,0.3311084806919098,0.12394736334681511,
0,260816,matched,MATCHED_Rayleigh,RNND_Zhu,3481,0.33950910717248917,0.24797550588846207,0.09153360687196255,
0,260816,matched,MATCHED_Rayleigh,RNND_Zhu,3482,0.39955519139766693,0.2891297712922096,0.11042542569339275,
0,260816,matched,MATCHED_Rayleigh,RNND_Zhu,3483,0.38844768702983856,0.28123537451028824,0.10721232369542122,
0,260816,matched,MATCHED_Rayleigh,RNND_Zhu,3484,0.5341994315385818,0.3929668143391609,0.14123262837529182,
0,260816,matched,MATCHED_Rayleigh,RNND_Zhu,3485,0.43772079050540924,0.32640018314123154,0.1113206297159195,
0,260816,matched,MATCHED_Rayleigh,RNND_Zhu,3486,0.5668904855847359,0.4191528633236885,0.14773761481046677,
0,260816,matched,MATCHED_Rayleigh,RNND_Zhu,3487,0.5366244167089462,0.3993617855012417,0.13726262003183365,
0,260816,matched,MATCHED_Rayleigh,RNND_Zhu,3488,0.5415020138025284,0.39943308383226395,0.14206892251968384,
0,260816,matched,MATCHED_Rayleigh,RNND_Zhu,3489,0.5353813618421555,0.39057963714003563,0.14480172842741013,
0,260816,matched,MATCHED_Rayleigh,RNND_Zhu,3490,0.5398987606167793,0.4017343074083328,0.1381644420325756,
0,260816,matched,MATCHED_Rayleigh,RNND_Zhu,3491,0.48796407133340836,0.35813960433006287,0.12982446514070034,
0,260816,matched,MATCHED_Rayleigh,RNND_Zhu,3492,0.4947282448410988,0.35824792832136154,0.13648032397031784,
0,260816,matched,MATCHED_Rayleigh,RNND_Zhu,3493,0.43685563653707504,0.31688325852155685,0.11997237056493759,
0,260816,matched,MATCHED_Rayleigh,RNND_Zhu,3494,0.5027701780200005,0.36044347658753395,0.14232669211924076,
0,260816,matched,MATCHED_Rayleigh,RNND_Zhu,3495,0.44710080325603485,0.3223251923918724,0.12477562576532364,
0,260816,matched,MATCHED_Rayleigh,RNND_Zhu,3496,0.6338006108999252,0.4753410369157791,0.15845957025885582,
0,260816,matched,MATCHED_Rayleigh,RNND_Zhu,3497,0.5175535380840302,0.38785015791654587,0.1297033689916134,
0,260816,matched,MATCHED_Rayleigh,RNND_Zhu,3498,0.464075930416584,0.3355281203985214,0.12854781933128834,
0,260816,matched,MATCHED_Rayleigh,RNND_Zhu,3499,0.4782233014702797,0.3528388850390911,0.12538442760705948,
0,260816,matched,MATCHED_Rayleigh,RNND_Zhu,3500,0.4880620464682579,0.35694310814142227,0.13111893832683563,
0,260816,matched,MATCHED_Rayleigh,RNND_Zhu,3501,0.4685891643166542,0.3461226373910904,0.12246652320027351,
0,260816,matched,MATCHED_Rayleigh,RNND_Zhu,3502,0.5188062116503716,0.38014622777700424,0.13865997269749641,
0,260816,matched,MATCHED_Rayleigh,RNND_Zhu,3503,0.5200081616640091,0.37370987236499786,0.14629829302430153,
0,260816,matched,MATCHED_Rayleigh,RNND_Zhu,3504,0.40319056063890457,0.29484478384256363,0.1083457712084055,
0,260816,matched,MATCHED_Rayleigh,RNND_Zhu,3505,0.6079141497612,0.45379023253917694,0.1541239097714424,
0,260816,matched,MATCHED_Rayleigh,RNND_Zhu,3506,0.5089956894516945,0.37332818657159805,0.13566750288009644,
0,260816,matched,MATCHED_Rayleigh,RNND_Zhu,3507,0.5021804124116898,0.36909564584493637,0.13308477401733398,
0,260816,matched,MATCHED_Rayleigh,RNND_Zhu,3508,0.33440718054771423,0.24281249195337296,0.09159467555582523,
0,260816,matched,MATCHED_Rayleigh,RNND_Zhu,3509,0.561199277639389,0.4218022972345352,0.13939698413014412,
0,260816,matched,MATCHED_Rayleigh,RNND_Zhu,3510,0.5917008966207504,0.43678273260593414,0.15491816401481628,
0,260816,matched,MATCHED_Rayleigh,RNND_Zhu,3511,0.3708145171403885,0.2699802815914154,0.10083423741161823,
0,260816,matched,MATCHED_Rayleigh,RNND_Zhu,3512,0.5600627586245537,0.4089930020272732,0.1510697491466999,
0,260816,matched,MATCHED_Rayleigh,RNND_Zhu,3513,0.5632834509015083,0.4234415963292122,0.13984186574816704,
0,260816,matched,MATCHED_Rayleigh,RNND_Zhu,3514,0.5260843113064766,0.3918003812432289,0.13428391329944134,
0,260816,matched,MATCHED_Rayleigh,RNND_Zhu,3515,0.426518514752388,0.31467192620038986,0.11184658855199814,
0,260816,matched,MATCHED_Rayleigh,RNND_Zhu,3516,0.47314849495887756,0.3430718258023262,0.1300766672939062,
0,260816,matched,MATCHED_Rayleigh,RNND_Zhu,3517,0.35679447650909424,0.2596031427383423,0.09719133004546165,
0,260816,matched,MATCHED_Rayleigh,RNND_Zhu,3518,0.35611797124147415,0.26344702765345573,0.09267093613743782,
0,260816,matched,MATCHED_Rayleigh,RNND_Zhu,3519,0.4341735541820526,0.3188650943338871,0.11530846171081066,
0,260816,matched,MATCHED_Rayleigh,RNND_Zhu,3520,0.4462848901748657,0.33366725593805313,0.112617626786232,
0,260816,matched,MATCHED_Rayleigh,RNND_Zhu,3521,0.4431304633617401,0.3235885798931122,0.11954187974333763,
0,260816,matched,MATCHED_Rayleigh,RNND_Zhu,3522,0.5016671195626259,0.36865323036909103,0.13301388174295425,
0,260816,matched,MATCHED_Rayleigh,RNND_Zhu,3523,0.4167748838663101,0.3014293946325779,0.11534548923373222,
0,260816,matched,MATCHED_Rayleigh,RNND_Zhu,3524,0.5272072479128838,0.384279228746891,0.14292802475392818,
0,260816,matched,MATCHED_Rayleigh,RNND_Zhu,3525,0.5743410512804985,0.4192356988787651,0.15510534681379795,
0,260816,matched,MATCHED_Rayleigh,RNND_Zhu,3526,0.47019369900226593,0.3494661897420883,0.12072750553488731,
0,260816,matched,MATCHED_Rayleigh,RNND_Zhu,3527,0.5757969170808792,0.4287221282720566,0.14707478880882263,
0,260816,matched,MATCHED_Rayleigh,RNND_Zhu,3528,0.4983843266963959,0.3738648518919945,0.1245194748044014,
0,260816,matched,MATCHED_Rayleigh,RNND_Zhu,3529,0.4813646972179413,0.35887813568115234,0.12248655594885349,
0,260816,matched,MATCHED_Rayleigh,RNND_Zhu,3530,0.6273873448371887,0.46467969566583633,0.1627076379954815,
0,260816,matched,MATCHED_Rayleigh,RNND_Zhu,3531,0.4907435402274132,0.35474031791090965,0.13600322790443897,
0,260816,matched,MATCHED_Rayleigh,RNND_Zhu,3532,0.5008400976657867,0.3762926161289215,0.12454748712480068,
0,260816,matched,MATCHED_Rayleigh,RNND_Zhu,3533,0.654746487736702,0.4952647313475609,0.15948176942765713,
0,260816,matched,MATCHED_Rayleigh,RNND_Zhu,3534,0.41272199898958206,0.29937856644392014,0.11334343068301678,
0,260816,matched,MATCHED_Rayleigh,RNND_Zhu,3535,0.5510222539305687,0.40330327674746513,0.1477189790457487,
0,260816,matched,MATCHED_Rayleigh,RNND_Zhu,3536,0.5444294810295105,0.4047361686825752,0.13969330862164497,
0,260816,matched,MATCHED_Rayleigh,RNND_Zhu,3537,0.6439569443464279,0.4832215830683708,0.1607353426516056,
0,260816,matched,MATCHED_Rayleigh,RNND_Zhu,3538,0.4512530788779259,0.324929378926754,0.12632369622588158,
0,260816,matched,MATCHED_Rayleigh,RNND_Zhu,3539,0.6826785951852798,0.512757733464241,0.16992085427045822,
0,260816,matched,MATCHED_Rayleigh,RNND_Zhu,3540,0.5206063538789749,0.3825121819972992,0.13809417188167572,
0,260816,matched,MATCHED_Rayleigh,RNND_Zhu,3541,0.5296733230352402,0.39678730070590973,0.13288601860404015,
0,260816,matched,MATCHED_Rayleigh,RNND_Zhu,3542,0.4290739819407463,0.31784452497959137,0.11122946441173553,
0,260816,matched,MATCHED_Rayleigh,RNND_Zhu,3543,0.7016591876745224,0.5230397284030914,0.17861945368349552,
0,260816,matched,MATCHED_Rayleigh,RNND_Zhu,3544,0.5898382067680359,0.44887642562389374,0.14096178114414215,
0,260816,matched,MATCHED_Rayleigh,RNND_Zhu,3545,0.42656542360782623,0.31765712425112724,0.10890830308198929,
0,260816,matched,MATCHED_Rayleigh,RNND_Zhu,3546,0.4884682819247246,0.3620811179280281,0.12638716027140617,
0,260816,matched,MATCHED_Rayleigh,RNND_Zhu,3547,0.38977643102407455,0.28536223620176315,0.10441420413553715,
0,260816,matched,MATCHED_Rayleigh,RNND_Zhu,3548,0.35031475126743317,0.2529948838055134,0.09731987491250038,
0,260816,matched,MATCHED_Rayleigh,RNND_Zhu,3549,0.48024024814367294,0.3598805144429207,0.120359743013978,
0,260816,matched,MATCHED_Rayleigh,RNND_Zhu,3550,0.47700338810682297,0.3446677029132843,0.13233568891882896,
0,260816,matched,MATCHED_Rayleigh,RNND_Zhu,3551,0.5487308651208878,0.4040667563676834,0.1446640994399786,
0,260816,matched,MATCHED_Rayleigh,RNND_Zhu,3552,0.5040264204144478,0.37335940450429916,0.13066701218485832,
0,260816,matched,MATCHED_Rayleigh,RNND_Zhu,3553,0.4584069550037384,0.33464323729276657,0.12376371212303638,
0,260816,matched,MATCHED_Rayleigh,RNND_Zhu,3554,0.44053786993026733,0.3254818730056286,0.11505600810050964,
0,260816,matched,MATCHED_Rayleigh,RNND_Zhu,3555,0.519739180803299,0.37947359681129456,0.14026558957993984,
0,260816,matched,MATCHED_Rayleigh,RNND_Zhu,3556,0.428286150097847,0.31689706444740295,0.11138909496366978,
0,260816,matched,MATCHED_Rayleigh,RNND_Zhu,3557,0.6101063042879105,0.4553266316652298,0.15477967634797096,
0,260816,matched,MATCHED_Rayleigh,RNND_Zhu,3558,0.6244069188833237,0.4738360047340393,0.1505709122866392,
0,260816,matched,MATCHED_Rayleigh,RNND_Zhu,3559,0.6628075242042542,0.4970725327730179,0.16573498770594597,
0,260816,matched,MATCHED_Rayleigh,RNND_Zhu,3560,0.4020519405603409,0.28928355872631073,0.11276837438344955,
0,260816,matched,MATCHED_Rayleigh,RNND_Zhu,3561,0.4204331710934639,0.3122895807027817,0.10814359597861767,
0,260816,matched,MATCHED_Rayleigh,RNND_Zhu,3562,0.6022268384695053,0.44462719559669495,0.15759964287281036,
0,260816,matched,MATCHED_Rayleigh,RNND_Zhu,3563,0.4809979051351547,0.35527389496564865,0.12572401016950607,
0,260816,matched,MATCHED_Rayleigh,RNND_Zhu,3564,0.4992009401321411,0.3696816638112068,0.1295192800462246,
0,260816,matched,MATCHED_Rayleigh,RNND_Zhu,3565,0.3032730892300606,0.22272143885493279,0.08055164478719234,
0,260816,matched,MATCHED_Rayleigh,RNND_Zhu,3566,0.3795500136911869,0.2759855166077614,0.10356449708342552,
0,260816,matched,MATCHED_Rayleigh,RNND_Zhu,3567,0.5783243998885155,0.43504074215888977,0.14328366331756115,
0,260816,matched,MATCHED_Rayleigh,RNND_Zhu,3568,0.3903263732790947,0.28727420419454575,0.1030521783977747,
0,260816,matched,MATCHED_Rayleigh,RNND_Zhu,3569,0.5604714900255203,0.410396933555603,0.1500745713710785,
0,260816,matched,MATCHED_Rayleigh,RNND_Zhu,3570,0.6091196238994598,0.4496789947152138,0.15944061987102032,
0,260816,matched,MATCHED_Rayleigh,RNND_Zhu,3571,0.5124539583921432,0.3727792948484421,0.13967466540634632,
0,260816,matched,MATCHED_Rayleigh,RNND_Zhu,3572,0.5082545131444931,0.36891013383865356,0.13934437930583954,
0,260816,matched,MATCHED_Rayleigh,RNND_Zhu,3573,0.6508497446775436,0.4856383502483368,0.16521140560507774,
0,260816,matched,MATCHED_Rayleigh,RNND_Zhu,3574,0.5859866663813591,0.43432170897722244,0.15166495740413666,
0,260816,matched,MATCHED_Rayleigh,RNND_Zhu,3575,0.41333917528390884,0.31387367844581604,0.09946549870073795,
0,260816,matched,MATCHED_Rayleigh,RNND_Zhu,3576,0.49529124051332474,0.3632272556424141,0.13206398859620094,
0,260816,matched,MATCHED_Rayleigh,RNND_Zhu,3577,0.6033102497458458,0.45932550728321075,0.14398474618792534,
0,260816,matched,MATCHED_Rayleigh,RNND_Zhu,3578,0.5538709908723831,0.4017481356859207,0.1521228477358818,
0,260816,matched,MATCHED_Rayleigh,RNND_Zhu,3579,0.6014989465475082,0.447583444416523,0.15391550585627556,
0,260816,matched,MATCHED_Rayleigh,RNND_Zhu,3580,0.45211416482925415,0.33841104805469513,0.11370313167572021,
0,260816,matched,MATCHED_Rayleigh,RNND_Zhu,3581,0.5592674314975739,0.41942743957042694,0.1398399956524372,
0,260816,matched,MATCHED_Rayleigh,RNND_Zhu,3582,0.4473121836781502,0.32900887727737427,0.11830330453813076,
0,260816,matched,MATCHED_Rayleigh,RNND_Zhu,3583,0.6100403815507889,0.4529861956834793,0.15705419331789017,
0,260816,matched,MATCHED_Rayleigh,RNND_Zhu,3584,0.6396143436431885,0.47842687368392944,0.161187456920743,
0,260816,matched,MATCHED_Rayleigh,RNND_Zhu,3585,0.5035931766033173,0.3654450997710228,0.13814807124435902,
0,260816,matched,MATCHED_Rayleigh,RNND_Zhu,3586,0.5026010274887085,0.3633388727903366,0.139262143522501,
0,260816,matched,MATCHED_Rayleigh,RNND_Zhu,3587,0.5105635970830917,0.3739390894770622,0.1366245038807392,
0,260816,matched,MATCHED_Rayleigh,RNND_Zhu,3588,0.44309382140636444,0.32526421546936035,0.11782960221171379,
0,260816,matched,MATCHED_Rayleigh,RNND_Zhu,3589,0.566041462123394,0.4217211604118347,0.1443202905356884,
0,260816,matched,MATCHED_Rayleigh,RNND_Zhu,3590,0.5052707865834236,0.37254399061203003,0.13272679410874844,
0,260816,matched,MATCHED_Rayleigh,RNND_Zhu,3591,0.43491507321596146,0.319993756711483,0.11492130998522043,
0,260816,matched,MATCHED_Rayleigh,RNND_Zhu,3592,0.45642754435539246,0.3334980010986328,0.12292954325675964,
0,260816,matched,MATCHED_Rayleigh,RNND_Zhu,3593,0.519059345126152,0.3888101130723953,0.1302492320537567,
0,260816,matched,MATCHED_Rayleigh,RNND_Zhu,3594,0.56649000197649,0.4208476096391678,0.14564239419996738,
0,260816,matched,MATCHED_Rayleigh,RNND_Zhu,3595,0.5625802353024483,0.4167916178703308,0.1457886192947626,
0,260816,matched,MATCHED_Rayleigh,RNND_Zhu,3596,0.5101844668388367,0.37742821127176285,0.13275625929236412,
0,260816,matched,MATCHED_Rayleigh,RNND_Zhu,3597,0.6311937421560287,0.4605252146720886,0.17066851258277893,
0,260816,matched,MATCHED_Rayleigh,RNND_Zhu,3598,0.4726365655660629,0.35032036900520325,0.12231619097292423,
0,260816,matched,MATCHED_Rayleigh,RNND_Zhu,3599,0.6122176349163055,0.45391248911619186,0.15830514952540398,
0,260816,matched,MATCHED_Rayleigh,RNND_Zhu,3600,0.5111600607633591,0.3762090131640434,0.1349510531872511,-0.6972734496441622
0,260816,matched,MATCHED_Rayleigh,RNND_Zhu,3601,0.5766798928380013,0.43105440586805344,0.14562549628317356,
0,260816,matched,MATCHED_Rayleigh,RNND_Zhu,3602,0.6158253848552704,0.467023529112339,0.14880185201764107,
0,260816,matched,MATCHED_Rayleigh,RNND_Zhu,3603,0.5284149944782257,0.3928099423646927,0.13560504466295242,
0,260816,matched,MATCHED_Rayleigh,RNND_Zhu,3604,0.35471897572278976,0.2629888840019703,0.09173008985817432,
0,260816,matched,MATCHED_Rayleigh,RNND_Zhu,3605,0.43912631273269653,0.3261144757270813,0.11301184073090553,
0,260816,matched,MATCHED_Rayleigh,RNND_Zhu,3606,0.5291101112961769,0.3927582614123821,0.13635184988379478,
0,260816,matched,MATCHED_Rayleigh,RNND_Zhu,3607,0.535724438726902,0.3936900421977043,0.1420343965291977,
0,260816,matched,MATCHED_Rayleigh,RNND_Zhu,3608,0.47123824805021286,0.35420289263129234,0.11703534610569477,
0,260816,matched,MATCHED_Rayleigh,RNND_Zhu,3609,0.5406787842512131,0.40171148627996445,0.13896731100976467,
0,260816,matched,MATCHED_Rayleigh,RNND_Zhu,3610,0.5564725995063782,0.41684889048337936,0.1396237127482891,
0,260816,matched,MATCHED_Rayleigh,RNND_Zhu,3611,0.4091227203607559,0.3039100877940655,0.105212626978755,
0,260816,matched,MATCHED_Rayleigh,RNND_Zhu,3612,0.4976835921406746,0.36646752059459686,0.13121606782078743,
0,260816,matched,MATCHED_Rayleigh,RNND_Zhu,3613,0.3707359805703163,0.271833386272192,0.09890260174870491,
0,260816,matched,MATCHED_Rayleigh,RNND_Zhu,3614,0.37643593549728394,0.27661992236971855,0.09981601871550083,
0,260816,matched,MATCHED_Rayleigh,RNND_Zhu,3615,0.5768906623125076,0.42663589119911194,0.1502547562122345,
0,260816,matched,MATCHED_Rayleigh,RNND_Zhu,3616,0.4748607501387596,0.35335929691791534,0.12150146067142487,
0,260816,matched,MATCHED_Rayleigh,RNND_Zhu,3617,0.5659116506576538,0.4227347858250141,0.14317686855793,
0,260816,matched,MATCHED_Rayleigh,RNND_Zhu,3618,0.5724296420812607,0.42328376322984695,0.14914587512612343,
0,260816,matched,MATCHED_Rayleigh,RNND_Zhu,3619,0.41655591130256653,0.30659595876932144,0.10995994880795479,
0,260816,matched,MATCHED_Rayleigh,RNND_Zhu,3620,0.528218187391758,0.3933055177330971,0.1349126622080803,
0,260816,matched,MATCHED_Rayleigh,RNND_Zhu,3621,0.4940950646996498,0.36412280797958374,0.12997224368155003,
0,260816,matched,MATCHED_Rayleigh,RNND_Zhu,3622,0.4937567561864853,0.36519213020801544,0.128564627841115,
0,260816,matched,MATCHED_Rayleigh,RNND_Zhu,3623,0.3962160274386406,0.2886679023504257,0.10754812695086002,
0,260816,matched,MATCHED_Rayleigh,RNND_Zhu,3624,0.41133836656808853,0.30595947429537773,0.105378907173872,
0,260816,matched,MATCHED_Rayleigh,RNND_Zhu,3625,0.4817614182829857,0.3534848093986511,0.12827660515904427,
0,260816,matched,MATCHED_Rayleigh,RNND_Zhu,3626,0.31017814576625824,0.2268090397119522,0.08336910605430603,
0,260816,matched,MATCHED_Rayleigh,RNND_Zhu,3627,0.5340409800410271,0.39502061158418655,0.13902036100625992,
0,260816,matched,MATCHED_Rayleigh,RNND_Zhu,3628,0.4663727805018425,0.3432884216308594,0.12308436259627342,
0,260816,matched,MATCHED_Rayleigh,RNND_Zhu,3629,0.4527192711830139,0.33310114964842796,0.1196181233972311,
0,260816,matched,MATCHED_Rayleigh,RNND_Zhu,3630,0.4454845190048218,0.32042156159877777,0.1250629648566246,
0,260816,matched,MATCHED_Rayleigh,RNND_Zhu,3631,0.5800485461950302,0.4312494397163391,0.1487990953028202,
0,260816,matched,MATCHED_Rayleigh,RNND_Zhu,3632,0.5383669584989548,0.39782748371362686,0.1405394710600376,
0,260816,matched,MATCHED_Rayleigh,RNND_Zhu,3633,0.4705299660563469,0.34550271928310394,0.1250272411853075,
0,260816,matched,MATCHED_Rayleigh,RNND_Zhu,3634,0.6137324720621109,0.46278465539216995,0.1509478110820055,
0,260816,matched,MATCHED_Rayleigh,RNND_Zhu,3635,0.5175225511193275,0.3814069516956806,0.13611559942364693,
0,260816,matched,MATCHED_Rayleigh,RNND_Zhu,3636,0.5234675854444504,0.3892635777592659,0.13420399650931358,
0,260816,matched,MATCHED_Rayleigh,RNND_Zhu,3637,0.5675085186958313,0.42049331963062286,0.14701521396636963,
0,260816,matched,MATCHED_Rayleigh,RNND_Zhu,3638,0.41065313667058945,0.3022165820002556,0.10843655653297901,
0,260816,matched,MATCHED_Rayleigh,RNND_Zhu,3639,0.5483547300100327,0.4122866913676262,0.13606803305447102,
0,260816,matched,MATCHED_Rayleigh,RNND_Zhu,3640,0.5223341509699821,0.3840939849615097,0.1382401641458273,
0,260816,matched,MATCHED_Rayleigh,RNND_Zhu,3641,0.5165436044335365,0.38793783634901047,0.12860575690865517,
0,260816,matched,MATCHED_Rayleigh,RNND_Zhu,3642,0.5948230400681496,0.4391093775629997,0.1557136494666338,
0,260816,matched,MATCHED_Rayleigh,RNND_Zhu,3643,0.44108113646507263,0.32364796102046967,0.11743317730724812,
0,260816,matched,MATCHED_Rayleigh,RNND_Zhu,3644,0.4711974263191223,0.3497963808476925,0.12140105850994587,
0,260816,matched,MATCHED_Rayleigh,RNND_Zhu,3645,0.4956836923956871,0.37120089679956436,0.1244827788323164,
0,260816,matched,MATCHED_Rayleigh,RNND_Zhu,3646,0.5272767394781113,0.3981592282652855,0.12911751121282578,
0,260816,matched,MATCHED_Rayleigh,RNND_Zhu,3647,0.6388920322060585,0.48023565858602524,0.1586563792079687,
0,260816,matched,MATCHED_Rayleigh,RNND_Zhu,3648,0.5122669637203217,0.38566142320632935,0.1266055330634117,
0,260816,matched,MATCHED_Rayleigh,RNND_Zhu,3649,0.5699890293180943,0.4269262067973614,0.14306281507015228,
0,260816,matched,MATCHED_Rayleigh,RNND_Zhu,3650,0.5171991735696793,0.3832777291536331,0.13392142578959465,
0,260816,matched,MATCHED_Rayleigh,RNND_Zhu,3651,0.7003949731588364,0.5274975299835205,0.17289745062589645,
0,260816,matched,MATCHED_Rayleigh,RNND_Zhu,3652,0.5817219913005829,0.4319596141576767,0.1497623808681965,
0,260816,matched,MATCHED_Rayleigh,RNND_Zhu,3653,0.5113147124648094,0.37693100422620773,0.13438371196389198,
0,260816,matched,MATCHED_Rayleigh,RNND_Zhu,3654,0.349051833152771,0.25190941989421844,0.09714240953326225,
0,260816,matched,MATCHED_Rayleigh,RNND_Zhu,3655,0.361292339861393,0.26046330481767654,0.10082903131842613,
0,260816,matched,MATCHED_Rayleigh,RNND_Zhu,3656,0.5559384971857071,0.4122105911374092,0.14372791908681393,
0,260816,matched,MATCHED_Rayleigh,RNND_Zhu,3657,0.41784748435020447,0.3098720572888851,0.10797541961073875,
0,260816,matched,MATCHED_Rayleigh,RNND_Zhu,3658,0.5850668549537659,0.43047792464494705,0.15458891168236732,
0,260816,matched,MATCHED_Rayleigh,RNND_Zhu,3659,0.6099908500909805,0.4582771435379982,0.15171372890472412,
0,260816,matched,MATCHED_Rayleigh,RNND_Zhu,3660,0.4390788748860359,0.32617806643247604,0.11290080659091473,
0,260816,matched,MATCHED_Rayleigh,RNND_Zhu,3661,0.3485651984810829,0.2519124709069729,0.09665272384881973,
0,260816,matched,MATCHED_Rayleigh,RNND_Zhu,3662,0.5506662204861641,0.41136862337589264,0.13929758965969086,
0,260816,matched,MATCHED_Rayleigh,RNND_Zhu,3663,0.40740682929754257,0.29934216290712357,0.10806466080248356,
0,260816,matched,MATCHED_Rayleigh,RNND_Zhu,3664,0.3840274214744568,0.28248104453086853,0.101546386256814,
0,260816,matched,MATCHED_Rayleigh,RNND_Zhu,3665,0.4807364493608475,0.3555727005004883,0.1251637488603592,
0,260816,matched,MATCHED_Rayleigh,RNND_Zhu,3666,0.4714415967464447,0.3454457186162472,0.12599587440490723,
0,260816,matched,MATCHED_Rayleigh,RNND_Zhu,3667,0.528827928006649,0.3914768397808075,0.13735110312700272,
0,260816,matched,MATCHED_Rayleigh,RNND_Zhu,3668,0.4316089376807213,0.31790101528167725,0.11370792519301176,
0,260816,matched,MATCHED_Rayleigh,RNND_Zhu,3669,0.5743510872125626,0.42391856759786606,0.1504325270652771,
0,260816,matched,MATCHED_Rayleigh,RNND_Zhu,3670,0.46129048615694046,0.34234991669654846,0.11894057877361774,
0,260816,matched,MATCHED_Rayleigh,RNND_Zhu,3671,0.45498186349868774,0.33162878453731537,0.12335308454930782,
0,260816,matched,MATCHED_Rayleigh,RNND_Zhu,3672,0.45789535343647003,0.3372260108590126,0.12066934071481228,
0,260816,matched,MATCHED_Rayleigh,RNND_Zhu,3673,0.663230836391449,0.4975023716688156,0.16572846472263336,
0,260816,matched,MATCHED_Rayleigh,RNND_Zhu,3674,0.5050654262304306,0.369745209813118,0.13532021082937717,
0,260816,matched,MATCHED_Rayleigh,RNND_Zhu,3675,0.5772132575511932,0.42962535470724106,0.14758791029453278,
0,260816,matched,MATCHED_Rayleigh,RNND_Zhu,3676,0.3568376451730728,0.2582366615533829,0.09860098361968994,
0,260816,matched,MATCHED_Rayleigh,RNND_Zhu,3677,0.44001104682683945,0.3302775099873543,0.10973354242742062,
0,260816,matched,MATCHED_Rayleigh,RNND_Zhu,3678,0.4583083540201187,0.344243124127388,0.11406522244215012,
0,260816,matched,MATCHED_Rayleigh,RNND_Zhu,3679,0.42477016150951385,0.31389977782964706,0.11087038554251194,
0,260816,matched,MATCHED_Rayleigh,RNND_Zhu,3680,0.5270148441195488,0.39381981641054153,0.1331950295716524,
0,260816,matched,MATCHED_Rayleigh,RNND_Zhu,3681,0.45331892371177673,0.33717699348926544,0.1161419190466404,
0,260816,matched,MATCHED_Rayleigh,RNND_Zhu,3682,0.3267602249979973,0.23833489790558815,0.08842533268034458,
0,260816,matched,MATCHED_Rayleigh,RNND_Zhu,3683,0.491603747010231,0.36538065969944,0.12622309103608131,
0,260816,matched,MATCHED_Rayleigh,RNND_Zhu,3684,0.5833210796117783,0.42881378531455994,0.15450728498399258,
0,260816,matched,MATCHED_Rayleigh,RNND_Zhu,3685,0.6457911431789398,0.46574878692626953,0.18004234693944454,
0,260816,matched,MATCHED_Rayleigh,RNND_Zhu,3686,0.5130240023136139,0.38186776265501976,0.13115623965859413,
0,260816,matched,MATCHED_Rayleigh,RNND_Zhu,3687,0.6221616119146347,0.46866510808467865,0.1534965056926012,
0,260816,matched,MATCHED_Rayleigh,RNND_Zhu,3688,0.5959458276629448,0.44117866456508636,0.15476715378463268,
0,260816,matched,MATCHED_Rayleigh,RNND_Zhu,3689,0.5990494340658188,0.4371504634618759,0.16189897432923317,
0,260816,matched,MATCHED_Rayleigh,RNND_Zhu,3690,0.3804684281349182,0.28145839273929596,0.09901003539562225,
0,260816,matched,MATCHED_Rayleigh,RNND_Zhu,3691,0.3804844841361046,0.27280711382627487,0.10767736658453941,
0,260816,matched,MATCHED_Rayleigh,RNND_Zhu,3692,0.5776127204298973,0.43723346292972565,0.1403792630881071,
0,260816,matched,MATCHED_Rayleigh,RNND_Zhu,3693,0.6118068099021912,0.46416163444519043,0.14764517545700073,
0,260816,matched,MATCHED_Rayleigh,RNND_Zhu,3694,0.5653304532170296,0.41454239189624786,0.150788065046072,
0,260816,matched,MATCHED_Rayleigh,RNND_Zhu,3695,0.602625273168087,0.44671153277158737,0.15591374039649963,
0,260816,matched,MATCHED_Rayleigh,RNND_Zhu,3696,0.46159204095602036,0.3375120908021927,0.12407995015382767,
0,260816,matched,MATCHED_Rayleigh,RNND_Zhu,3697,0.5317317470908165,0.39838865399360657,0.13334309495985508,
0,260816,matched,MATCHED_Rayleigh,RNND_Zhu,3698,0.5031228214502335,0.38182806223630905,0.12129475548863411,
0,260816,matched,MATCHED_Rayleigh,RNND_Zhu,3699,0.5430375039577484,0.39890267327427864,0.14413483254611492,
0,260816,matched,MATCHED_Rayleigh,RNND_Zhu,3700,0.35682330653071404,0.2589672766625881,0.09785603266209364,
0,260816,matched,MATCHED_Rayleigh,RNND_Zhu,3701,0.44904694706201553,0.33418845385313034,0.11485848017036915,
0,260816,matched,MATCHED_Rayleigh,RNND_Zhu,3702,0.6168861575424671,0.46320895478129387,0.15367721393704414,
0,260816,matched,MATCHED_Rayleigh,RNND_Zhu,3703,0.41474703699350357,0.3103390783071518,0.10440796054899693,
0,260816,matched,MATCHED_Rayleigh,RNND_Zhu,3704,0.6239499747753143,0.46517830714583397,0.15877168998122215,
0,260816,matched,MATCHED_Rayleigh,RNND_Zhu,3705,0.6286331862211227,0.4726587235927582,0.15597447752952576,
0,260816,matched,MATCHED_Rayleigh,RNND_Zhu,3706,0.4649262875318527,0.34282682090997696,0.12209946662187576,
0,260816,matched,MATCHED_Rayleigh,RNND_Zhu,3707,0.49314624816179276,0.36072561144828796,0.1324206255376339,
0,260816,matched,MATCHED_Rayleigh,RNND_Zhu,3708,0.48668915778398514,0.355677705258131,0.131011463701725,
0,260816,matched,MATCHED_Rayleigh,RNND_Zhu,3709,0.6034562587738037,0.4608919471502304,0.1425643190741539,
0,260816,matched,MATCHED_Rayleigh,RNND_Zhu,3710,0.5803128182888031,0.4270615093410015,0.1532513089478016,
0,260816,matched,MATCHED_Rayleigh,RNND_Zhu,3711,0.38322945684194565,0.2889845557510853,0.09424491040408611,
0,260816,matched,MATCHED_Rayleigh,RNND_Zhu,3712,0.5778815597295761,0.43487023562192917,0.1430113259702921,
0,260816,matched,MATCHED_Rayleigh,RNND_Zhu,3713,0.5956181958317757,0.439607173204422,0.15601102262735367,
0,260816,matched,MATCHED_Rayleigh,RNND_Zhu,3714,0.50616205483675,0.379907451570034,0.1262546144425869,
0,260816,matched,MATCHED_Rayleigh,RNND_Zhu,3715,0.5994080603122711,0.4452449083328247,0.1541631482541561,
0,260816,matched,MATCHED_Rayleigh,RNND_Zhu,3716,0.4493144527077675,0.3353450559079647,0.11396940238773823,
0,260816,matched,MATCHED_Rayleigh,RNND_Zhu,3717,0.44925571233034134,0.3289946988224983,0.12026101164519787,
0,260816,matched,MATCHED_Rayleigh,RNND_Zhu,3718,0.42526987195014954,0.31950728967785835,0.10576258786022663,
0,260816,matched,MATCHED_Rayleigh,RNND_Zhu,3719,0.4483883008360863,0.3258456513285637,0.12254264019429684,
0,260816,matched,MATCHED_Rayleigh,RNND_Zhu,3720,0.3118749111890793,0.22910631448030472,0.08276859112083912,
0,260816,matched,MATCHED_Rayleigh,RNND_Zhu,3721,0.3981277793645859,0.2958476096391678,0.10228017345070839,
0,260816,matched,MATCHED_Rayleigh,RNND_Zhu,3722,0.44483432173728943,0.33487316593527794,0.10996116325259209,
0,260816,matched,MATCHED_Rayleigh,RNND_Zhu,3723,0.6071163713932037,0.4425836428999901,0.16453273966908455,
0,260816,matched,MATCHED_Rayleigh,RNND_Zhu,3724,0.530416451394558,0.39330436289310455,0.137112095952034,
0,260816,matched,MATCHED_Rayleigh,RNND_Zhu,3725,0.5426406711339951,0.406770683825016,0.13586999662220478,
0,260816,matched,MATCHED_Rayleigh,RNND_Zhu,3726,0.5581655725836754,0.41150329262018204,0.1466622818261385,
0,260816,matched,MATCHED_Rayleigh,RNND_Zhu,3727,0.5338199287652969,0.4072399139404297,0.12658001855015755,
0,260816,matched,MATCHED_Rayleigh,RNND_Zhu,3728,0.44553324580192566,0.32767999917268753,0.11785324290394783,
0,260816,matched,MATCHED_Rayleigh,RNND_Zhu,3729,0.566996343433857,0.41744211316108704,0.14955421537160873,
0,260816,matched,MATCHED_Rayleigh,RNND_Zhu,3730,0.5016542449593544,0.3674589991569519,0.13419524766504765,
0,260816,matched,MATCHED_Rayleigh,RNND_Zhu,3731,0.454057976603508,0.3278466761112213,0.12621130421757698,
0,260816,matched,MATCHED_Rayleigh,RNND_Zhu,3732,0.38067150861024857,0.2889784313738346,0.09169308003038168,
0,260816,matched,MATCHED_Rayleigh,RNND_Zhu,3733,0.3519800752401352,0.26634055003523827,0.08563952520489693,
0,260816,matched,MATCHED_Rayleigh,RNND_Zhu,3734,0.6396342813968658,0.48009510710835457,0.15953915938735008,
0,260816,matched,MATCHED_Rayleigh,RNND_Zhu,3735,0.5521650314331055,0.406757615506649,0.14540741220116615,
0,260816,matched,MATCHED_Rayleigh,RNND_Zhu,3736,0.5605621412396431,0.4206162691116333,0.13994587399065495,
0,260816,matched,MATCHED_Rayleigh,RNND_Zhu,3737,0.4372851699590683,0.32203515619039536,0.1152500119060278,
0,260816,matched,MATCHED_Rayleigh,RNND_Zhu,3738,0.5666390880942345,0.425841860473156,0.1407972201704979,
0,260816,matched,MATCHED_Rayleigh,RNND_Zhu,3739,0.4032893106341362,0.29450977221131325,0.1087795440107584,
0,260816,matched,MATCHED_Rayleigh,RNND_Zhu,3740,0.43101054430007935,0.3139081411063671,0.11710240319371223,
0,260816,matched,MATCHED_Rayleigh,RNND_Zhu,3741,0.6848726272583008,0.5175710842013359,0.16730154305696487,
0,260816,matched,MATCHED_Rayleigh,RNND_Zhu,3742,0.437681932002306,0.31781666725873947,0.11986526940017939,
0,260816,matched,MATCHED_Rayleigh,RNND_Zhu,3743,0.49202900379896164,0.363536112010479,0.12849288806319237,
0,260816,matched,MATCHED_Rayleigh,RNND_Zhu,3744,0.4695335477590561,0.35093099623918533,0.1186025645583868,
0,260816,matched,MATCHED_Rayleigh,RNND_Zhu,3745,0.4888380393385887,0.3670467399060726,0.12179129384458065,
0,260816,matched,MATCHED_Rayleigh,RNND_Zhu,3746,0.43302298337221146,0.32635485753417015,0.10666812211275101,
0,260816,matched,MATCHED_Rayleigh,RNND_Zhu,3747,0.4062785506248474,0.29394787177443504,0.11233068443834782,
0,260816,matched,MATCHED_Rayleigh,RNND_Zhu,3748,0.4617318734526634,0.3408456780016422,0.1208861954510212,
0,260816,matched,MATCHED_Rayleigh,RNND_Zhu,3749,0.6390226185321808,0.476968452334404,0.1620541736483574,
0,260816,matched,MATCHED_Rayleigh,RNND_Zhu,3750,0.46895237267017365,0.35498861223459244,0.11396376602351665,
0,260816,matched,MATCHED_Rayleigh,RNND_Zhu,3751,0.4410783126950264,0.3268020823597908,0.1142762303352356,
0,260816,matched,MATCHED_Rayleigh,RNND_Zhu,3752,0.4145199805498123,0.30864011496305466,0.10587986558675766,
0,260816,matched,MATCHED_Rayleigh,RNND_Zhu,3753,0.4617117643356323,0.3464164137840271,0.11529535800218582,
0,260816,matched,MATCHED_Rayleigh,RNND_Zhu,3754,0.4625290334224701,0.3445272743701935,0.11800176650285721,
0,260816,matched,MATCHED_Rayleigh,RNND_Zhu,3755,0.46292950958013535,0.33959390968084335,0.12333560921251774,
0,260816,matched,MATCHED_Rayleigh,RNND_Zhu,3756,0.42357004433870316,0.31661781296133995,0.1069522425532341,
0,260816,matched,MATCHED_Rayleigh,RNND_Zhu,3757,0.5748151540756226,0.4292241707444191,0.14559098333120346,
0,260816,matched,MATCHED_Rayleigh,RNND_Zhu,3758,0.604796513915062,0.443155400454998,0.16164112463593483,
0,260816,matched,MATCHED_Rayleigh,RNND_Zhu,3759,0.5431592464447021,0.4054159000515938,0.13774334825575352,
0,260816,matched,MATCHED_Rayleigh,RNND_Zhu,3760,0.5322107598185539,0.3900064080953598,0.14220435917377472,
0,260816,matched,MATCHED_Rayleigh,RNND_Zhu,3761,0.48248104006052017,0.35890644788742065,0.12357458472251892,
0,260816,matched,MATCHED_Rayleigh,RNND_Zhu,3762,0.37974534928798676,0.2776600308716297,0.10208531841635704,
0,260816,matched,MATCHED_Rayleigh,RNND_Zhu,3763,0.5154819637537003,0.3844957500696182,0.13098622485995293,
0,260816,matched,MATCHED_Rayleigh,RNND_Zhu,3764,0.5317606180906296,0.39445196092128754,0.1373086515814066,
0,260816,matched,MATCHED_Rayleigh,RNND_Zhu,3765,0.5945289507508278,0.45072825998067856,0.14380069449543953,
0,260816,matched,MATCHED_Rayleigh,RNND_Zhu,3766,0.5677605718374252,0.42589811235666275,0.1418624445796013,
0,260816,matched,MATCHED_Rayleigh,RNND_Zhu,3767,0.48569347709417343,0.36355896294116974,0.12213451974093914,
0,260816,matched,MATCHED_Rayleigh,RNND_Zhu,3768,0.5190023556351662,0.3811137191951275,0.13788864389061928,
0,260816,matched,MATCHED_Rayleigh,RNND_Zhu,3769,0.4625144451856613,0.3401852622628212,0.12232918478548527,
0,260816,matched,MATCHED_Rayleigh,RNND_Zhu,3770,0.5503523200750351,0.41058821231126785,0.13976411893963814,
0,260816,matched,MATCHED_Rayleigh,RNND_Zhu,3771,0.5045762062072754,0.3752755783498287,0.12930063717067242,
0,260816,matched,MATCHED_Rayleigh,RNND_Zhu,3772,0.5832693725824356,0.4312313124537468,0.1520380564033985,
0,260816,matched,MATCHED_Rayleigh,RNND_Zhu,3773,0.5344332233071327,0.3940497487783432,0.14038347452878952,
0,260816,matched,MATCHED_Rayleigh,RNND_Zhu,3774,0.6096966490149498,0.45717500150203705,0.15252165496349335,
0,260816,matched,MATCHED_Rayleigh,RNND_Zhu,3775,0.5041982680559158,0.3752572759985924,0.1289409901946783,
0,260816,matched,MATCHED_Rayleigh,RNND_Zhu,3776,0.5737966448068619,0.4280153512954712,0.14578129351139069,
0,260816,matched,MATCHED_Rayleigh,RNND_Zhu,3777,0.6174551993608475,0.464458167552948,0.15299701690673828,
0,260816,matched,MATCHED_Rayleigh,RNND_Zhu,3778,0.43887750059366226,0.3278840333223343,0.11099346168339252,
0,260816,matched,MATCHED_Rayleigh,RNND_Zhu,3779,0.41210877150297165,0.31050753220915794,0.10160123743116856,
0,260816,matched,MATCHED_Rayleigh,RNND_Zhu,3780,0.40932077169418335,0.30165326595306396,0.10766750201582909,
0,260816,matched,MATCHED_Rayleigh,RNND_Zhu,3781,0.4140329957008362,0.3071018047630787,0.10693119652569294,
0,260816,matched,MATCHED_Rayleigh,RNND_Zhu,3782,0.4760313481092453,0.3595432862639427,0.11648804321885109,
0,260816,matched,MATCHED_Rayleigh,RNND_Zhu,3783,0.4830077551305294,0.3600856475532055,0.12292211502790451,
0,260816,matched,MATCHED_Rayleigh,RNND_Zhu,3784,0.52767613530159,0.39833926409482956,0.12933687679469585,
0,260816,matched,MATCHED_Rayleigh,RNND_Zhu,3785,0.59678053855896,0.44095246493816376,0.1558280810713768,
0,260816,matched,MATCHED_Rayleigh,RNND_Zhu,3786,0.5336178094148636,0.4067750722169876,0.12684274278581142,
0,260816,matched,MATCHED_Rayleigh,RNND_Zhu,3787,0.5241812020540237,0.3873438686132431,0.13683731853961945,
0,260816,matched,MATCHED_Rayleigh,RNND_Zhu,3788,0.40305180102586746,0.3037165552377701,0.09933524392545223,
0,260816,matched,MATCHED_Rayleigh,RNND_Zhu,3789,0.6062809824943542,0.463549442589283,0.14273154735565186,
0,260816,matched,MATCHED_Rayleigh,RNND_Zhu,3790,0.4774786978960037,0.35208963602781296,0.1253890674561262,
0,260816,matched,MATCHED_Rayleigh,RNND_Zhu,3791,0.39217593893408775,0.2901977337896824,0.1019781967625022,
0,260816,matched,MATCHED_Rayleigh,RNND_Zhu,3792,0.5399673581123352,0.4029010385274887,0.13706632889807224,
0,260816,matched,MATCHED_Rayleigh,RNND_Zhu,3793,0.4123893827199936,0.31248778849840164,0.0999015960842371,
0,260816,matched,MATCHED_Rayleigh,RNND_Zhu,3794,0.48760396242141724,0.3651937022805214,0.12241025641560555,
0,260816,matched,MATCHED_Rayleigh,RNND_Zhu,3795,0.6118792816996574,0.4566411226987839,0.15523815155029297,
0,260816,matched,MATCHED_Rayleigh,RNND_Zhu,3796,0.5471958145499229,0.4067331477999687,0.14046266302466393,
0,260816,matched,MATCHED_Rayleigh,RNND_Zhu,3797,0.35703764855861664,0.2612004056572914,0.09583723917603493,
0,260816,matched,MATCHED_Rayleigh,RNND_Zhu,3798,0.6255311369895935,0.47117120772600174,0.15435991808772087,
0,260816,matched,MATCHED_Rayleigh,RNND_Zhu,3799,0.45143382251262665,0.33378902077674866,0.11764481663703918,
0,260816,matched,MATCHED_Rayleigh,RNND_Zhu,3800,0.5584399849176407,0.41967295855283737,0.13876704312860966,-0.7084779264595813
0,260816,matched,MATCHED_Rayleigh,RNND_Zhu,3801,0.46782244741916656,0.34222349897027016,0.12559894658625126,
0,260816,matched,MATCHED_Rayleigh,RNND_Zhu,3802,0.44630228728055954,0.32982370257377625,0.11647859774529934,
0,260816,matched,MATCHED_Rayleigh,RNND_Zhu,3803,0.4548496678471565,0.3338688611984253,0.12098080478608608,
0,260816,matched,MATCHED_Rayleigh,RNND_Zhu,3804,0.3866640478372574,0.2807341441512108,0.10592990927398205,
0,260816,matched,MATCHED_Rayleigh,RNND_Zhu,3805,0.6239613890647888,0.4631810858845711,0.16078032180666924,
0,260816,matched,MATCHED_Rayleigh,RNND_Zhu,3806,0.5813156440854073,0.434939444065094,0.1463762130588293,
0,260816,matched,MATCHED_Rayleigh,RNND_Zhu,3807,0.5952858850359917,0.4417971298098564,0.1534887533634901,
0,260816,matched,MATCHED_Rayleigh,RNND_Zhu,3808,0.4589163586497307,0.34303663671016693,0.11587972939014435,
0,260816,matched,MATCHED_Rayleigh,RNND_Zhu,3809,0.4389033615589142,0.32604916393756866,0.11285419017076492,
0,260816,matched,MATCHED_Rayleigh,RNND_Zhu,3810,0.7172042280435562,0.5321758836507797,0.1850283369421959,
0,260816,matched,MATCHED_Rayleigh,RNND_Zhu,3811,0.5049179121851921,0.36227354407310486,0.14264437556266785,
0,260816,matched,MATCHED_Rayleigh,RNND_Zhu,3812,0.514424130320549,0.38544751703739166,0.12897660583257675,
0,260816,matched,MATCHED_Rayleigh,RNND_Zhu,3813,0.4562688320875168,0.3450264558196068,0.11124236509203911,
0,260816,matched,MATCHED_Rayleigh,RNND_Zhu,3814,0.5724781379103661,0.42120645195245743,0.15127167291939259,
0,260816,matched,MATCHED_Rayleigh,RNND_Zhu,3815,0.5377392396330833,0.39372584223747253,0.1440133973956108,
0,260816,matched,MATCHED_Rayleigh,RNND_Zhu,3816,0.5603847615420818,0.4235552176833153,0.13682953268289566,
0,260816,matched,MATCHED_Rayleigh,RNND_Zhu,3817,0.45309609174728394,0.3359558954834938,0.11714020930230618,
0,260816,matched,MATCHED_Rayleigh,RNND_Zhu,3818,0.5701382532715797,0.4191681519150734,0.150970121845603,
0,260816,matched,MATCHED_Rayleigh,RNND_Zhu,3819,0.3885844722390175,0.288217518478632,0.10036695748567581,
0,260816,matched,MATCHED_Rayleigh,RNND_Zhu,3820,0.6218333095312119,0.46326877921819687,0.15856453031301498,
0,260816,matched,MATCHED_Rayleigh,RNND_Zhu,3821,0.4034898802638054,0.3052728474140167,0.09821703098714352,
0,260816,matched,MATCHED_Rayleigh,RNND_Zhu,3822,0.3596765249967575,0.26600249856710434,0.09367402456700802,
0,260816,matched,MATCHED_Rayleigh,RNND_Zhu,3823,0.38582243770360947,0.29258376732468605,0.09323866944760084,
0,260816,matched,MATCHED_Rayleigh,RNND_Zhu,3824,0.5205601677298546,0.3923058360815048,0.12825433164834976,
0,260816,matched,MATCHED_Rayleigh,RNND_Zhu,3825,0.5316778793931007,0.4019160568714142,0.12976181507110596,
0,260816,matched,MATCHED_Rayleigh,RNND_Zhu,3826,0.4601988419890404,0.34411536157131195,0.11608347482979298,
0,260816,matched,MATCHED_Rayleigh,RNND_Zhu,3827,0.5182567834854126,0.38353829085826874,0.1347184907644987,
0,260816,matched,MATCHED_Rayleigh,RNND_Zhu,3828,0.5260788425803185,0.39682840555906296,0.1292504370212555,
0,260816,matched,MATCHED_Rayleigh,RNND_Zhu,3829,0.46045759320259094,0.3472876474261284,0.11316995322704315,
0,260816,matched,MATCHED_Rayleigh,RNND_Zhu,3830,0.4576592892408371,0.33844877779483795,0.11921050772070885,
0,260816,matched,MATCHED_Rayleigh,RNND_Zhu,3831,0.420899897813797,0.3133038282394409,0.10759606957435608,
0,260816,matched,MATCHED_Rayleigh,RNND_Zhu,3832,0.49471747875213623,0.3666082099080086,0.1281092669814825,
0,260816,matched,MATCHED_Rayleigh,RNND_Zhu,3833,0.5734192132949829,0.42868155241012573,0.14473765902221203,
0,260816,matched,MATCHED_Rayleigh,RNND_Zhu,3834,0.5383665263652802,0.4075872525572777,0.13077927753329277,
0,260816,matched,MATCHED_Rayleigh,RNND_Zhu,3835,0.5247801169753075,0.39647795632481575,0.12830215319991112,
0,260816,matched,MATCHED_Rayleigh,RNND_Zhu,3836,0.5387692898511887,0.4032454863190651,0.13552380353212357,
0,260816,matched,MATCHED_Rayleigh,RNND_Zhu,3837,0.5271732285618782,0.3900052532553673,0.13716798089444637,
0,260816,matched,MATCHED_Rayleigh,RNND_Zhu,3838,0.36648524552583694,0.2735339179635048,0.092951325699687,
0,260816,matched,MATCHED_Rayleigh,RNND_Zhu,3839,0.32932186871767044,0.24105406180024147,0.08826780691742897,
0,260816,matched,MATCHED_Rayleigh,RNND_Zhu,3840,0.6227760463953018,0.4652004539966583,0.15757561102509499,
0,260816,matched,MATCHED_Rayleigh,RNND_Zhu,3841,0.45738811790943146,0.33441973477602005,0.12296838313341141,
0,260816,matched,MATCHED_Rayleigh,RNND_Zhu,3842,0.37442005425691605,0.2783096767961979,0.09611037187278271,
0,260816,matched,MATCHED_Rayleigh,RNND_Zhu,3843,0.5442262887954712,0.4043259844183922,0.139900304377079,
0,260816,matched,MATCHED_Rayleigh,RNND_Zhu,3844,0.6543363779783249,0.49657510221004486,0.15776126831769943,
0,260816,matched,MATCHED_Rayleigh,RNND_Zhu,3845,0.6437880545854568,0.4759458266198635,0.16784223355352879,
0,260816,matched,MATCHED_Rayleigh,RNND_Zhu,3846,0.41651903837919235,0.3164358474314213,0.10008319653570652,
0,260816,matched,MATCHED_Rayleigh,RNND_Zhu,3847,0.5939437001943588,0.44593099504709244,0.14801269583404064,
0,260816,matched,MATCHED_Rayleigh,RNND_Zhu,3848,0.3696638196706772,0.2775800824165344,0.09208373911678791,
0,260816,matched,MATCHED_Rayleigh,RNND_Zhu,3849,0.39178767055273056,0.2863912209868431,0.10539643839001656,
0,260816,matched,MATCHED_Rayleigh,RNND_Zhu,3850,0.5992465764284134,0.4433869794011116,0.1558595895767212,
0,260816,matched,MATCHED_Rayleigh,RNND_Zhu,3851,0.4163450747728348,0.3124820552766323,0.10386300273239613,
0,260816,matched,MATCHED_Rayleigh,RNND_Zhu,3852,0.6381043344736099,0.4778643697500229,0.1602399554103613,
0,260816,matched,MATCHED_Rayleigh,RNND_Zhu,3853,0.5229934304952621,0.3906440883874893,0.13234933093190193,
0,260816,matched,MATCHED_Rayleigh,RNND_Zhu,3854,0.5434790849685669,0.4055882543325424,0.13789084181189537,
0,260816,matched,MATCHED_Rayleigh,RNND_Zhu,3855,0.4432467520236969,0.3346799835562706,0.1085667759180069,
0,260816,matched,MATCHED_Rayleigh,RNND_Zhu,3856,0.3961885794997215,0.30041246861219406,0.09577611275017262,
0,260816,matched,MATCHED_Rayleigh,RNND_Zhu,3857,0.4933907985687256,0.36790426820516586,0.12548652663826942,
0,260816,matched,MATCHED_Rayleigh,RNND_Zhu,3858,0.343589186668396,0.2581658847630024,0.08542331214994192,
0,260816,matched,MATCHED_Rayleigh,RNND_Zhu,3859,0.471690334379673,0.3527868762612343,0.11890346184372902,
0,260816,matched,MATCHED_Rayleigh,RNND_Zhu,3860,0.5595459640026093,0.4165395498275757,0.14300641790032387,
0,260816,matched,MATCHED_Rayleigh,RNND_Zhu,3861,0.5051531046628952,0.37879886850714684,0.12635423615574837,
0,260816,matched,MATCHED_Rayleigh,RNND_Zhu,3862,0.6229148656129837,0.4655045047402382,0.1574103757739067,
0,260816,matched,MATCHED_Rayleigh,RNND_Zhu,3863,0.39083540067076683,0.29207736998796463,0.09875803999602795,
0,260816,matched,MATCHED_Rayleigh,RNND_Zhu,3864,0.31464529410004616,0.23036648705601692,0.08427880425006151,
0,260816,matched,MATCHED_Rayleigh,RNND_Zhu,3865,0.3119191601872444,0.23687098920345306,0.07504817470908165,
0,260816,matched,MATCHED_Rayleigh,RNND_Zhu,3866,0.488493449985981,0.3593938574194908,0.12909958325326443,
0,260816,matched,MATCHED_Rayleigh,RNND_Zhu,3867,0.633916400372982,0.47386933118104935,0.16004707850515842,
0,260816,matched,MATCHED_Rayleigh,RNND_Zhu,3868,0.5054593980312347,0.37568899989128113,0.12977040372788906,
0,260816,matched,MATCHED_Rayleigh,RNND_Zhu,3869,0.4843577817082405,0.362068772315979,0.12228901498019695,
0,260816,matched,MATCHED_Rayleigh,RNND_Zhu,3870,0.5122985020279884,0.3802410140633583,0.13205749541521072,
0,260816,matched,MATCHED_Rayleigh,RNND_Zhu,3871,0.5245162472128868,0.3942873664200306,0.1302288882434368,
0,260816,matched,MATCHED_Rayleigh,RNND_Zhu,3872,0.43127069622278214,0.3241453878581524,0.10712529998272657,
0,260816,matched,MATCHED_Rayleigh,RNND_Zhu,3873,0.5097973346710205,0.3758029118180275,0.13399442099034786,
0,260816,matched,MATCHED_Rayleigh,RNND_Zhu,3874,0.5064445808529854,0.38411548361182213,0.12232910841703415,
0,260816,matched,MATCHED_Rayleigh,RNND_Zhu,3875,0.5563205927610397,0.4214678630232811,0.13485271483659744,
0,260816,matched,MATCHED_Rayleigh,RNND_Zhu,3876,0.6282501742243767,0.4690875858068466,0.15916259214282036,
0,260816,matched,MATCHED_Rayleigh,RNND_Zhu,3877,0.510748103260994,0.3809182792901993,0.12982983142137527,
0,260816,matched,MATCHED_Rayleigh,RNND_Zhu,3878,0.5859836637973785,0.44179562479257584,0.14418803714215755,
0,260816,matched,MATCHED_Rayleigh,RNND_Zhu,3879,0.5134613886475563,0.3895125910639763,0.12394880317151546,
0,260816,matched,MATCHED_Rayleigh,RNND_Zhu,3880,0.5267925783991814,0.387819517403841,0.1389730516821146,
0,260816,matched,MATCHED_Rayleigh,RNND_Zhu,3881,0.5450842380523682,0.4063595309853554,0.1387247033417225,
0,260816,matched,MATCHED_Rayleigh,RNND_Zhu,3882,0.35343438386917114,0.2574579603970051,0.09597641974687576,
0,260816,matched,MATCHED_Rayleigh,RNND_Zhu,3883,0.44043871760368347,0.328523688018322,0.11191502586007118,
0,260816,matched,MATCHED_Rayleigh,RNND_Zhu,3884,0.551832765340805,0.4145634397864342,0.13726931437849998,
0,260816,matched,MATCHED_Rayleigh,RNND_Zhu,3885,0.6021449565887451,0.45275475084781647,0.14939021691679955,
0,260816,matched,MATCHED_Rayleigh,RNND_Zhu,3886,0.5609634667634964,0.41631436720490456,0.14464909583330154,
0,260816,matched,MATCHED_Rayleigh,RNND_Zhu,3887,0.6341145411133766,0.4751983806490898,0.15891616977751255,
0,260816,matched,MATCHED_Rayleigh,RNND_Zhu,3888,0.47722796350717545,0.35733526945114136,0.11989269405603409,
0,260816,matched,MATCHED_Rayleigh,RNND_Zhu,3889,0.453596618026495,0.3400176949799061,0.11357891652733088,
0,260816,matched,MATCHED_Rayleigh,RNND_Zhu,3890,0.41152893751859665,0.3044366426765919,0.10709228925406933,
0,260816,matched,MATCHED_Rayleigh,RNND_Zhu,3891,0.3205939568579197,0.2439807392656803,0.07661321945488453,
0,260816,matched,MATCHED_Rayleigh,RNND_Zhu,3892,0.5196579992771149,0.38529155775904655,0.1343664489686489,
0,260816,matched,MATCHED_Rayleigh,RNND_Zhu,3893,0.5568953827023506,0.4152505248785019,0.14164485037326813,
0,260816,matched,MATCHED_Rayleigh,RNND_Zhu,3894,0.5816294550895691,0.4377147778868675,0.14391467534005642,
0,260816,matched,MATCHED_Rayleigh,RNND_Zhu,3895,0.5672492533922195,0.4287239797413349,0.13852526620030403,
0,260816,matched,MATCHED_Rayleigh,RNND_Zhu,3896,0.4901333823800087,0.3707791343331337,0.1193542443215847,
0,260816,matched,MATCHED_Rayleigh,RNND_Zhu,3897,0.5879148989915848,0.44721630960702896,0.14069857820868492,
0,260816,matched,MATCHED_Rayleigh,RNND_Zhu,3898,0.5308192670345306,0.3910980746150017,0.1397211868315935,
0,260816,matched,MATCHED_Rayleigh,RNND_Zhu,3899,0.3904401659965515,0.29094916209578514,0.09949100576341152,
0,260816,matched,MATCHED_Rayleigh,RNND_Zhu,3900,0.4867635630071163,0.36280857771635056,0.12395498808473349,
0,260816,matched,MATCHED_Rayleigh,RNND_Zhu,3901,0.4564686715602875,0.34403008595108986,0.11243857815861702,
0,260816,matched,MATCHED_Rayleigh,RNND_Zhu,3902,0.35073916614055634,0.25890495628118515,0.09183420799672604,
0,260816,matched,MATCHED_Rayleigh,RNND_Zhu,3903,0.5225449427962303,0.3977092579007149,0.12483569607138634,
0,260816,matched,MATCHED_Rayleigh,RNND_Zhu,3904,0.4116109311580658,0.30071303620934486,0.11089789494872093,
0,260816,matched,MATCHED_Rayleigh,RNND_Zhu,3905,0.564214788377285,0.4225626438856125,0.1416521556675434,
0,260816,matched,MATCHED_Rayleigh,RNND_Zhu,3906,0.6308278813958168,0.4701150581240654,0.16071281395852566,
0,260816,matched,MATCHED_Rayleigh,RNND_Zhu,3907,0.499467633664608,0.37825698405504227,0.12121064029633999,
0,260816,matched,MATCHED_Rayleigh,RNND_Zhu,3908,0.377611868083477,0.28459928929805756,0.09301256947219372,
0,260816,matched,MATCHED_Rayleigh,RNND_Zhu,3909,0.3626812547445297,0.26476577669382095,0.09791548363864422,
0,260816,matched,MATCHED_Rayleigh,RNND_Zhu,3910,0.4512772262096405,0.33892127126455307,0.11235595680773258,
0,260816,matched,MATCHED_Rayleigh,RNND_Zhu,3911,0.5061048045754433,0.3745593801140785,0.1315454225987196,
0,260816,matched,MATCHED_Rayleigh,RNND_Zhu,3912,0.44667451083660126,0.33220286667346954,0.11447164602577686,
0,260816,matched,MATCHED_Rayleigh,RNND_Zhu,3913,0.3278198651969433,0.24217376112937927,0.08564610127359629,
0,260816,matched,MATCHED_Rayleigh,RNND_Zhu,3914,0.36194564029574394,0.2702650688588619,0.0916805723682046,
0,260816,matched,MATCHED_Rayleigh,RNND_Zhu,3915,0.6696788817644119,0.49851907044649124,0.17115982063114643,
0,260816,matched,MATCHED_Rayleigh,RNND_Zhu,3916,0.5690053477883339,0.4326203763484955,0.13638497702777386,
0,260816,matched,MATCHED_Rayleigh,RNND_Zhu,3917,0.4782410264015198,0.3533184267580509,0.12492261081933975,
0,260816,matched,MATCHED_Rayleigh,RNND_Zhu,3918,0.470853716135025,0.3493248261511326,0.121528884395957,
0,260816,matched,MATCHED_Rayleigh,RNND_Zhu,3919,0.6442622542381287,0.48527003824710846,0.1589922271668911,
0,260816,matched,MATCHED_Rayleigh,RNND_Zhu,3920,0.41088683158159256,0.31180547177791595,0.09908136166632175,
0,260816,matched,MATCHED_Rayleigh,RNND_Zhu,3921,0.488577239215374,0.37511054426431656,0.11346670053899288,
0,260816,matched,MATCHED_Rayleigh,RNND_Zhu,3922,0.48982682079076767,0.36758270487189293,0.12224412336945534,
0,260816,matched,MATCHED_Rayleigh,RNND_Zhu,3923,0.5261258110404015,0.3961382582783699,0.12998755648732185,
0,260816,matched,MATCHED_Rayleigh,RNND_Zhu,3924,0.39334557950496674,0.2867000550031662,0.10664552636444569,
0,260816,matched,MATCHED_Rayleigh,RNND_Zhu,3925,0.4473540782928467,0.33358854800462723,0.113765524700284,
0,260816,matched,MATCHED_Rayleigh,RNND_Zhu,3926,0.36485762894153595,0.2724314369261265,0.09242620132863522,
0,260816,matched,MATCHED_Rayleigh,RNND_Zhu,3927,0.567870169878006,0.43185918405652046,0.13601099886000156,
0,260816,matched,MATCHED_Rayleigh,RNND_Zhu,3928,0.4392073079943657,0.32493507489562035,0.1142722275108099,
0,260816,matched,MATCHED_Rayleigh,RNND_Zhu,3929,0.43964024633169174,0.3291320130228996,0.11050823144614697,
0,260816,matched,MATCHED_Rayleigh,RNND_Zhu,3930,0.4842784255743027,0.3633653074502945,0.12091311439871788,
0,260816,matched,MATCHED_Rayleigh,RNND_Zhu,3931,0.6127031296491623,0.4614233151078224,0.15127981640398502,
0,260816,matched,MATCHED_Rayleigh,RNND_Zhu,3932,0.503809928894043,0.37451912835240364,0.12929080985486507,
0,260816,matched,MATCHED_Rayleigh,RNND_Zhu,3933,0.458208367228508,0.3361884877085686,0.12201988138258457,
0,260816,matched,MATCHED_Rayleigh,RNND_Zhu,3934,0.4733968451619148,0.3461332954466343,0.12726356647908688,
0,260816,matched,MATCHED_Rayleigh,RNND_Zhu,3935,0.568590372800827,0.4184149354696274,0.15017544478178024,
0,260816,matched,MATCHED_Rayleigh,RNND_Zhu,3936,0.38552406430244446,0.29085783660411835,0.09466621652245522,
0,260816,matched,MATCHED_Rayleigh,RNND_Zhu,3937,0.41490110009908676,0.3052059896290302,0.10969511792063713,
0,260816,matched,MATCHED_Rayleigh,RNND_Zhu,3938,0.43747619539499283,0.3231348730623722,0.11434132419526577,
0,260816,matched,MATCHED_Rayleigh,RNND_Zhu,3939,0.4007369875907898,0.29965686053037643,0.10108013823628426,
0,260816,matched,MATCHED_Rayleigh,RNND_Zhu,3940,0.5184265896677971,0.39381177723407745,0.12461481243371964,
0,260816,matched,MATCHED_Rayleigh,RNND_Zhu,3941,0.4607315957546234,0.3477156050503254,0.11301599070429802,
0,260816,matched,MATCHED_Rayleigh,RNND_Zhu,3942,0.6630944311618805,0.49825505912303925,0.16483936458826065,
0,260816,matched,MATCHED_Rayleigh,RNND_Zhu,3943,0.5017368346452713,0.3755936101078987,0.1261432208120823,
0,260816,matched,MATCHED_Rayleigh,RNND_Zhu,3944,0.4194694384932518,0.3122209273278713,0.10724851302802563,
0,260816,matched,MATCHED_Rayleigh,RNND_Zhu,3945,0.5563835725188255,0.41432738304138184,0.14205619506537914,
0,260816,matched,MATCHED_Rayleigh,RNND_Zhu,3946,0.5334652364253998,0.3931218981742859,0.1403433494269848,
0,260816,matched,MATCHED_Rayleigh,RNND_Zhu,3947,0.5569871738553047,0.4180351123213768,0.13895205035805702,
0,260816,matched,MATCHED_Rayleigh,RNND_Zhu,3948,0.6699221134185791,0.5012475252151489,0.16867459192872047,
0,260816,matched,MATCHED_Rayleigh,RNND_Zhu,3949,0.493507444858551,0.3705465644598007,0.1229608803987503,
0,260816,matched,MATCHED_Rayleigh,RNND_Zhu,3950,0.42947156727313995,0.32026513293385506,0.10920644551515579,
0,260816,matched,MATCHED_Rayleigh,RNND_Zhu,3951,0.4921582341194153,0.3708418942987919,0.12131634820252657,
0,260816,matched,MATCHED_Rayleigh,RNND_Zhu,3952,0.3942362144589424,0.29362233728170395,0.10061387903988361,
0,260816,matched,MATCHED_Rayleigh,RNND_Zhu,3953,0.4172918200492859,0.3046107068657875,0.11268111132085323,
0,260816,matched,MATCHED_Rayleigh,RNND_Zhu,3954,0.4928390830755234,0.3727809935808182,0.1200580969452858,
0,260816,matched,MATCHED_Rayleigh,RNND_Zhu,3955,0.48543085530400276,0.37234481424093246,0.1130860447883606,
0,260816,matched,MATCHED_Rayleigh,RNND_Zhu,3956,0.3744998797774315,0.28002290427684784,0.0944769773632288,
0,260816,matched,MATCHED_Rayleigh,RNND_Zhu,3957,0.5148977190256119,0.3844158425927162,0.13048188760876656,
0,260816,matched,MATCHED_Rayleigh,RNND_Zhu,3958,0.3713018596172333,0.28781336173415184,0.08348848670721054,
0,260816,matched,MATCHED_Rayleigh,RNND_Zhu,3959,0.5017315968871117,0.374021552503109,0.12771005742251873,
0,260816,matched,MATCHED_Rayleigh,RNND_Zhu,3960,0.5704698115587234,0.4224788621068001,0.14799097552895546,
0,260816,matched,MATCHED_Rayleigh,RNND_Zhu,3961,0.4970439001917839,0.37712934613227844,0.11991455033421516,
0,260816,matched,MATCHED_Rayleigh,RNND_Zhu,3962,0.4472406134009361,0.3333623707294464,0.11387824453413486,
0,260816,matched,MATCHED_Rayleigh,RNND_Zhu,3963,0.3762405663728714,0.27884555608034134,0.09739500097930431,
0,260816,matched,MATCHED_Rayleigh,RNND_Zhu,3964,0.5113250762224197,0.37777312099933624,0.1335519589483738,
0,260816,matched,MATCHED_Rayleigh,RNND_Zhu,3965,0.4193606674671173,0.3081318363547325,0.11122883297502995,
0,260816,matched,MATCHED_Rayleigh,RNND_Zhu,3966,0.3860575929284096,0.2870350554585457,0.09902253188192844,
0,260816,matched,MATCHED_Rayleigh,RNND_Zhu,3967,0.4074808247387409,0.3109857067465782,0.0964951179921627,
0,260816,matched,MATCHED_Rayleigh,RNND_Zhu,3968,0.5106101557612419,0.3827107772231102,0.12789938412606716,
0,260816,matched,MATCHED_Rayleigh,RNND_Zhu,3969,0.5038643479347229,0.3780672550201416,0.12579709477722645,
0,260816,matched,MATCHED_Rayleigh,RNND_Zhu,3970,0.41862769424915314,0.3127729445695877,0.10585474967956543,
0,260816,matched,MATCHED_Rayleigh,RNND_Zhu,3971,0.5355670303106308,0.39531199634075165,0.14025502651929855,
0,260816,matched,MATCHED_Rayleigh,RNND_Zhu,3972,0.5863366574048996,0.4366706758737564,0.14966598898172379,
0,260816,matched,MATCHED_Rayleigh,RNND_Zhu,3973,0.5233984291553497,0.3943989984691143,0.12899941951036453,
0,260816,matched,MATCHED_Rayleigh,RNND_Zhu,3974,0.5269409045577049,0.39649898558855057,0.13044191524386406,
0,260816,matched,MATCHED_Rayleigh,RNND_Zhu,3975,0.325880765914917,0.24652212113142014,0.07935865223407745,
0,260816,matched,MATCHED_Rayleigh,RNND_Zhu,3976,0.47537968307733536,0.35767335072159767,0.11770632676780224,
0,260816,matched,MATCHED_Rayleigh,RNND_Zhu,3977,0.45394203066825867,0.34274235740303993,0.11119967326521873,
0,260816,matched,MATCHED_Rayleigh,RNND_Zhu,3978,0.47196000814437866,0.3523726128041744,0.11958740465342999,
0,260816,matched,MATCHED_Rayleigh,RNND_Zhu,3979,0.5592046901583672,0.41213519871234894,0.14706949889659882,
0,260816,matched,MATCHED_Rayleigh,RNND_Zhu,3980,0.4918432757258415,0.3738491162657738,0.1179941538721323,
0,260816,matched,MATCHED_Rayleigh,RNND_Zhu,3981,0.4631132334470749,0.3442370928823948,0.1188761442899704,
0,260816,matched,MATCHED_Rayleigh,RNND_Zhu,3982,0.47744783759117126,0.35141390934586525,0.1260339394211769,
0,260816,matched,MATCHED_Rayleigh,RNND_Zhu,3983,0.44296006858348846,0.3255181796848774,0.11744187958538532,
0,260816,matched,MATCHED_Rayleigh,RNND_Zhu,3984,0.38674309104681015,0.2923786975443363,0.09436438418924809,
0,260816,matched,MATCHED_Rayleigh,RNND_Zhu,3985,0.6880742609500885,0.5149461925029755,0.17312806099653244,
0,260816,matched,MATCHED_Rayleigh,RNND_Zhu,3986,0.4474440813064575,0.3415117412805557,0.10593234188854694,
0,260816,matched,MATCHED_Rayleigh,RNND_Zhu,3987,0.5707736611366272,0.4278828427195549,0.14289080165326595,
0,260816,matched,MATCHED_Rayleigh,RNND_Zhu,3988,0.4454083815217018,0.33850057423114777,0.1069078017026186,
0,260816,matched,MATCHED_Rayleigh,RNND_Zhu,3989,0.44358328729867935,0.32540009170770645,0.11818319745361805,
0,260816,matched,MATCHED_Rayleigh,RNND_Zhu,3990,0.5219074040651321,0.39318589121103287,0.12872149981558323,
0,260816,matched,MATCHED_Rayleigh,RNND_Zhu,3991,0.5258125588297844,0.3942588046193123,0.13155376445502043,
0,260816,matched,MATCHED_Rayleigh,RNND_Zhu,3992,0.471923291683197,0.35218072682619095,0.11974256858229637,
0,260816,matched,MATCHED_Rayleigh,RNND_Zhu,3993,0.591352641582489,0.4333651438355446,0.15798749402165413,
0,260816,matched,MATCHED_Rayleigh,RNND_Zhu,3994,0.4307042881846428,0.3147841766476631,0.11592011712491512,
0,260816,matched,MATCHED_Rayleigh,RNND_Zhu,3995,0.5546468570828438,0.40950798615813255,0.14513886719942093,
0,260816,matched,MATCHED_Rayleigh,RNND_Zhu,3996,0.4813322499394417,0.3651226870715618,0.11620955727994442,
0,260816,matched,MATCHED_Rayleigh,RNND_Zhu,3997,0.45062290132045746,0.3332413509488106,0.11738154850900173,
0,260816,matched,MATCHED_Rayleigh,RNND_Zhu,3998,0.45269767194986343,0.3336753509938717,0.11902230978012085,
0,260816,matched,MATCHED_Rayleigh,RNND_Zhu,3999,0.4122176766395569,0.3109000697731972,0.10131761245429516,
0,260816,matched,MATCHED_Rayleigh,RNND_Zhu,4000,0.4184922017157078,0.30998172983527184,0.1085104662925005,-0.7268639892802107
0,260816,matched,MATCHED_Rayleigh,RNND_Zhu,4001,0.4738325700163841,0.3515912815928459,0.1222412995994091,
0,260816,matched,MATCHED_Rayleigh,RNND_Zhu,4002,0.5830128267407417,0.43685393035411835,0.14615890011191368,
0,260816,matched,MATCHED_Rayleigh,RNND_Zhu,4003,0.6419374793767929,0.48073355853557587,0.16120392829179764,
0,260816,matched,MATCHED_Rayleigh,RNND_Zhu,4004,0.4182964563369751,0.31631627306342125,0.10198018327355385,
0,260816,matched,MATCHED_Rayleigh,RNND_Zhu,4005,0.4647676423192024,0.3505752757191658,0.11419236660003662,
0,260816,matched,MATCHED_Rayleigh,RNND_Zhu,4006,0.3083473816514015,0.2341308332979679,0.07421654928475618,
0,260816,matched,MATCHED_Rayleigh,RNND_Zhu,4007,0.4844677969813347,0.3594188168644905,0.12504898570477962,
0,260816,matched,MATCHED_Rayleigh,RNND_Zhu,4008,0.4889604151248932,0.3647584430873394,0.12420197948813438,
0,260816,matched,MATCHED_Rayleigh,RNND_Zhu,4009,0.44522708654403687,0.32833778485655785,0.11688929796218872,
0,260816,matched,MATCHED_Rayleigh,RNND_Zhu,4010,0.46947989612817764,0.3484164774417877,0.12106341868638992,
0,260816,matched,MATCHED_Rayleigh,RNND_Zhu,4011,0.5299492329359055,0.38658006489276886,0.143369160592556,
0,260816,matched,MATCHED_Rayleigh,RNND_Zhu,4012,0.5213559418916702,0.3918534517288208,0.12950248271226883,
0,260816,matched,MATCHED_Rayleigh,RNND_Zhu,4013,0.4850315600633621,0.36342090368270874,0.12161064520478249,
0,260816,matched,MATCHED_Rayleigh,RNND_Zhu,4014,0.49270275235176086,0.3786790147423744,0.114023732021451,
0,260816,matched,MATCHED_Rayleigh,RNND_Zhu,4015,0.49435611069202423,0.36298397183418274,0.1313721425831318,
0,260816,matched,MATCHED_Rayleigh,RNND_Zhu,4016,0.6021263152360916,0.4512694403529167,0.1508568823337555,
0,260816,matched,MATCHED_Rayleigh,RNND_Zhu,4017,0.5135171264410019,0.38307424634695053,0.1304428745061159,
0,260816,matched,MATCHED_Rayleigh,RNND_Zhu,4018,0.6000391989946365,0.4380795955657959,0.16195960342884064,
0,260816,matched,MATCHED_Rayleigh,RNND_Zhu,4019,0.38905147463083267,0.29525500908493996,0.09379645995795727,
0,260816,matched,MATCHED_Rayleigh,RNND_Zhu,4020,0.40330012142658234,0.3032938167452812,0.10000630840659142,
0,260816,matched,MATCHED_Rayleigh,RNND_Zhu,4021,0.42416631430387497,0.31197789683938026,0.1121884174644947,
0,260816,matched,MATCHED_Rayleigh,RNND_Zhu,4022,0.5285396873950958,0.3970087692141533,0.13153092004358768,
0,260816,matched,MATCHED_Rayleigh,RNND_Zhu,4023,0.4821599870920181,0.3597976341843605,0.12236234359443188,
0,260816,matched,MATCHED_Rayleigh,RNND_Zhu,4024,0.49377531558275223,0.3671882897615433,0.12658703327178955,
0,260816,matched,MATCHED_Rayleigh,RNND_Zhu,4025,0.42357243597507477,0.31335216388106346,0.11022028140723705,
0,260816,matched,MATCHED_Rayleigh,RNND_Zhu,4026,0.2694280669093132,0.19952093809843063,0.06990712508559227,
0,260816,matched,MATCHED_Rayleigh,RNND_Zhu,4027,0.4061087965965271,0.305440504103899,0.1006682887673378,
0,260816,matched,MATCHED_Rayleigh,RNND_Zhu,4028,0.5163967534899712,0.3881104364991188,0.12828632816672325,
0,260816,matched,MATCHED_Rayleigh,RNND_Zhu,4029,0.5021580383181572,0.37654413282871246,0.12561389990150928,
0,260816,matched,MATCHED_Rayleigh,RNND_Zhu,4030,0.5126077979803085,0.38186977058649063,0.1307380348443985,
0,260816,matched,MATCHED_Rayleigh,RNND_Zhu,4031,0.3709559217095375,0.2798403389751911,0.09111559018492699,
0,260816,matched,MATCHED_Rayleigh,RNND_Zhu,4032,0.4336828291416168,0.3272687792778015,0.10641404986381531,
0,260816,matched,MATCHED_Rayleigh,RNND_Zhu,4033,0.569427140057087,0.42195889353752136,0.14746824651956558,
0,260816,matched,MATCHED_Rayleigh,RNND_Zhu,4034,0.5737960338592529,0.42727264016866684,0.14652338437736034,
0,260816,matched,MATCHED_Rayleigh,RNND_Zhu,4035,0.6050603985786438,0.4560261517763138,0.14903424307703972,
0,260816,matched,MATCHED_Rayleigh,RNND_Zhu,4036,0.35454805195331573,0.27122800052165985,0.08332006260752678,
0,260816,matched,MATCHED_Rayleigh,RNND_Zhu,4037,0.5423431470990181,0.40532684326171875,0.13701629173010588,
0,260816,matched,MATCHED_Rayleigh,RNND_Zhu,4038,0.45954935252666473,0.342890664935112,0.11665868200361729,
0,260816,matched,MATCHED_Rayleigh,RNND_Zhu,4039,0.47731350362300873,0.3653815761208534,0.111931923776865,
0,260816,matched,MATCHED_Rayleigh,RNND_Zhu,4040,0.45755811035633087,0.343824177980423,0.1137339435517788,
0,260816,matched,MATCHED_Rayleigh,RNND_Zhu,4041,0.5332465246319771,0.3952285647392273,0.13801795430481434,
0,260816,matched,MATCHED_Rayleigh,RNND_Zhu,4042,0.38970785588026047,0.2894515283405781,0.10025632195174694,
0,260816,matched,MATCHED_Rayleigh,RNND_Zhu,4043,0.35819292068481445,0.27465683221817017,0.08353608567267656,
0,260816,matched,MATCHED_Rayleigh,RNND_Zhu,4044,0.5522047504782677,0.41274604201316833,0.13945871032774448,
0,260816,matched,MATCHED_Rayleigh,RNND_Zhu,4045,0.5189024955034256,0.3921134024858475,0.12678909674286842,
0,260816,matched,MATCHED_Rayleigh,RNND_Zhu,4046,0.5117288082838058,0.3883109986782074,0.12341780215501785,
0,260816,matched,MATCHED_Rayleigh,RNND_Zhu,4047,0.4428778439760208,0.33510149270296097,0.10777635127305984,
0,260816,matched,MATCHED_Rayleigh,RNND_Zhu,4048,0.4452398717403412,0.33059120178222656,0.11464867182075977,
0,260816,matched,MATCHED_Rayleigh,RNND_Zhu,4049,0.42076775431632996,0.31263207644224167,0.10813566669821739,
0,260816,matched,MATCHED_Rayleigh,RNND_Zhu,4050,0.67330651730299,0.5164367333054543,0.156869787722826,
0,260816,matched,MATCHED_Rayleigh,RNND_Zhu,4051,0.497914619743824,0.37188149243593216,0.12603314220905304,
0,260816,matched,MATCHED_Rayleigh,RNND_Zhu,4052,0.6618089899420738,0.49724727123975754,0.16456174105405807,
0,260816,matched,MATCHED_Rayleigh,RNND_Zhu,4053,0.46227817982435226,0.34476616233587265,0.11751201562583447,
0,260816,matched,MATCHED_Rayleigh,RNND_Zhu,4054,0.448194295167923,0.3365922123193741,0.11160208284854889,
0,260816,matched,MATCHED_Rayleigh,RNND_Zhu,4055,0.5686195939779282,0.4241916760802269,0.14442791789770126,
0,260816,matched,MATCHED_Rayleigh,RNND_Zhu,4056,0.48622339963912964,0.3570556305348873,0.12916776165366173,
0,260816,matched,MATCHED_Rayleigh,RNND_Zhu,4057,0.6594788953661919,0.4857935383915901,0.17368536069989204,
0,260816,matched,MATCHED_Rayleigh,RNND_Zhu,4058,0.5040535181760788,0.37390316277742386,0.13015034422278404,
0,260816,matched,MATCHED_Rayleigh,RNND_Zhu,4059,0.4661840870976448,0.34984230622649193,0.11634178087115288,
0,260816,matched,MATCHED_Rayleigh,RNND_Zhu,4060,0.38330450654029846,0.2853897958993912,0.09791470319032669,
0,260816,matched,MATCHED_Rayleigh,RNND_Zhu,4061,0.5150730162858963,0.38782353699207306,0.1272494774311781,
0,260816,matched,MATCHED_Rayleigh,RNND_Zhu,4062,0.3658919855952263,0.27224965393543243,0.0936423297971487,
0,260816,matched,MATCHED_Rayleigh,RNND_Zhu,4063,0.5079660043120384,0.38065143674612045,0.12731456756591797,
0,260816,matched,MATCHED_Rayleigh,RNND_Zhu,4064,0.3594890832901001,0.27232808619737625,0.0871610026806593,
0,260816,matched,MATCHED_Rayleigh,RNND_Zhu,4065,0.3701556548476219,0.2811686247587204,0.08898702077567577,
0,260816,matched,MATCHED_Rayleigh,RNND_Zhu,4066,0.37385355681180954,0.28067245334386826,0.09318110067397356,
0,260816,matched,MATCHED_Rayleigh,RNND_Zhu,4067,0.5175860673189163,0.3838375508785248,0.1337485108524561,
0,260816,matched,MATCHED_Rayleigh,RNND_Zhu,4068,0.5309729874134064,0.3982550911605358,0.13271789252758026,
0,260816,matched,MATCHED_Rayleigh,RNND_Zhu,4069,0.5539578124880791,0.419193547219038,0.1347642671316862,
0,260816,matched,MATCHED_Rayleigh,RNND_Zhu,4070,0.47132377326488495,0.3603094667196274,0.1110142869874835,
0,260816,matched,MATCHED_Rayleigh,RNND_Zhu,4071,0.4914010018110275,0.3647158108651638,0.1266852030530572,
0,260816,matched,MATCHED_Rayleigh,RNND_Zhu,4072,0.48404650390148163,0.35862407088279724,0.12542244233191013,
0,260816,matched,MATCHED_Rayleigh,RNND_Zhu,4073,0.4300948604941368,0.3222009316086769,0.10789392795413733,
0,260816,matched,MATCHED_Rayleigh,RNND_Zhu,4074,0.4833986312150955,0.35798682644963264,0.12541180290281773,
0,260816,matched,MATCHED_Rayleigh,RNND_Zhu,4075,0.47128888964653015,0.3484448194503784,0.12284407205879688,
0,260816,matched,MATCHED_Rayleigh,RNND_Zhu,4076,0.43253175914287567,0.3200705125927925,0.11246124841272831,
0,260816,matched,MATCHED_Rayleigh,RNND_Zhu,4077,0.5286191254854202,0.39303336292505264,0.13558575883507729,
0,260816,matched,MATCHED_Rayleigh,RNND_Zhu,4078,0.3948395177721977,0.2934437543153763,0.10139576531946659,
0,260816,matched,MATCHED_Rayleigh,RNND_Zhu,4079,0.5131217390298843,0.38715193420648575,0.1259698085486889,
0,260816,matched,MATCHED_Rayleigh,RNND_Zhu,4080,0.41200559586286545,0.31123239174485207,0.10077320225536823,
0,260816,matched,MATCHED_Rayleigh,RNND_Zhu,4081,0.4951537624001503,0.3729173541069031,0.12223640829324722,
0,260816,matched,MATCHED_Rayleigh,RNND_Zhu,4082,0.4531484693288803,0.3411842882633209,0.11196419037878513,
0,260816,matched,MATCHED_Rayleigh,RNND_Zhu,4083,0.5498635023832321,0.4139365777373314,0.13592692464590073,
0,260816,matched,MATCHED_Rayleigh,RNND_Zhu,4084,0.5973551794886589,0.44671741127967834,0.15063777193427086,
0,260816,matched,MATCHED_Rayleigh,RNND_Zhu,4085,0.5110691040754318,0.3806420713663101,0.1304270513355732,
0,260816,matched,MATCHED_Rayleigh,RNND_Zhu,4086,0.4000172093510628,0.30172882974147797,0.0982883833348751,
0,260816,matched,MATCHED_Rayleigh,RNND_Zhu,4087,0.3697175830602646,0.2805192768573761,0.08919830247759819,
0,260816,matched,MATCHED_Rayleigh,RNND_Zhu,4088,0.31654535233974457,0.23712164163589478,0.07942371815443039,
0,260816,matched,MATCHED_Rayleigh,RNND_Zhu,4089,0.5366315990686417,0.3962140195071697,0.14041757583618164,
0,260816,matched,MATCHED_Rayleigh,RNND_Zhu,4090,0.5892957709729671,0.4411698803305626,0.14812588226050138,
0,260816,matched,MATCHED_Rayleigh,RNND_Zhu,4091,0.417720228433609,0.3129362352192402,0.10478399135172367,
0,260816,matched,MATCHED_Rayleigh,RNND_Zhu,4092,0.6476103812456131,0.47927211970090866,0.16833825781941414,
0,260816,matched,MATCHED_Rayleigh,RNND_Zhu,4093,0.33684829622507095,0.25029356777668,0.08655472658574581,
0,260816,matched,MATCHED_Rayleigh,RNND_Zhu,4094,0.5195096954703331,0.38944272696971893,0.13006696663796902,
0,260816,matched,MATCHED_Rayleigh,RNND_Zhu,4095,0.5033773854374886,0.3717061057686806,0.13167127408087254,
0,260816,matched,MATCHED_Rayleigh,RNND_Zhu,4096,0.4998834803700447,0.37273384630680084,0.12714963220059872,
0,260816,matched,MATCHED_Rayleigh,RNND_Zhu,4097,0.4785754382610321,0.3612102195620537,0.11736520752310753,
0,260816,matched,MATCHED_Rayleigh,RNND_Zhu,4098,0.5169504731893539,0.3818970024585724,0.13505347445607185,
0,260816,matched,MATCHED_Rayleigh,RNND_Zhu,4099,0.41473957151174545,0.3044961728155613,0.11024338938295841,
0,260816,matched,MATCHED_Rayleigh,RNND_Zhu,4100,0.47322823479771614,0.3544061556458473,0.11882207728922367,
0,260816,matched,MATCHED_Rayleigh,RNND_Zhu,4101,0.5224195569753647,0.39173489063978195,0.1306846532970667,
0,260816,matched,MATCHED_Rayleigh,RNND_Zhu,4102,0.47124718129634857,0.35300012677907944,0.11824706196784973,
0,260816,matched,MATCHED_Rayleigh,RNND_Zhu,4103,0.4015657380223274,0.2998906299471855,0.1016751118004322,
0,260816,matched,MATCHED_Rayleigh,RNND_Zhu,4104,0.42483264952898026,0.31620168685913086,0.1086309626698494,
0,260816,matched,MATCHED_Rayleigh,RNND_Zhu,4105,0.5987991467118263,0.4445158392190933,0.1542833112180233,
0,260816,matched,MATCHED_Rayleigh,RNND_Zhu,4106,0.4820598065853119,0.36323027312755585,0.11882954277098179,
0,260816,matched,MATCHED_Rayleigh,RNND_Zhu,4107,0.5452514737844467,0.410713754594326,0.1345377154648304,
0,260816,matched,MATCHED_Rayleigh,RNND_Zhu,4108,0.3634379133582115,0.26848817616701126,0.09494973532855511,
0,260816,matched,MATCHED_Rayleigh,RNND_Zhu,4109,0.6143628805875778,0.4579552635550499,0.15640762634575367,
0,260816,matched,MATCHED_Rayleigh,RNND_Zhu,4110,0.5673642009496689,0.42364076524972916,0.14372344315052032,
0,260816,matched,MATCHED_Rayleigh,RNND_Zhu,4111,0.4459916949272156,0.34018147736787796,0.10581022314727306,
0,260816,matched,MATCHED_Rayleigh,RNND_Zhu,4112,0.3981521278619766,0.29994915425777435,0.09820298478007317,
0,260816,matched,MATCHED_Rayleigh,RNND_Zhu,4113,0.5888217836618423,0.4423843324184418,0.14643744006752968,
0,260816,matched,MATCHED_Rayleigh,RNND_Zhu,4114,0.4351901337504387,0.32107511162757874,0.1141150239855051,
0,260816,matched,MATCHED_Rayleigh,RNND_Zhu,4115,0.5082506611943245,0.37797708436846733,0.1302735786885023,
0,260816,matched,MATCHED_Rayleigh,RNND_Zhu,4116,0.4782600477337837,0.353825218975544,0.12443481385707855,
0,260816,matched,MATCHED_Rayleigh,RNND_Zhu,4117,0.5300350189208984,0.39929062873125076,0.13074438273906708,
0,260816,matched,MATCHED_Rayleigh,RNND_Zhu,4118,0.26609037443995476,0.2039179764688015,0.062172397039830685,
0,260816,matched,MATCHED_Rayleigh,RNND_Zhu,4119,0.5219067484140396,0.3960549533367157,0.1258518025279045,
0,260816,matched,MATCHED_Rayleigh,RNND_Zhu,4120,0.48281923681497574,0.36476001143455505,0.11805923841893673,
0,260816,matched,MATCHED_Rayleigh,RNND_Zhu,4121,0.4685709550976753,0.34713801369071007,0.12143294140696526,
0,260816,matched,MATCHED_Rayleigh,RNND_Zhu,4122,0.3926732465624809,0.2946665324270725,0.0980067178606987,
0,260816,matched,MATCHED_Rayleigh,RNND_Zhu,4123,0.4896972328424454,0.3674374669790268,0.12225976400077343,
0,260816,matched,MATCHED_Rayleigh,RNND_Zhu,4124,0.6074688583612442,0.45536111295223236,0.15210774540901184,
0,260816,matched,MATCHED_Rayleigh,RNND_Zhu,4125,0.4425099790096283,0.33010319620370865,0.11240679770708084,
0,260816,matched,MATCHED_Rayleigh,RNND_Zhu,4126,0.4261423796415329,0.32228346914052963,0.10385890491306782,
0,260816,matched,MATCHED_Rayleigh,RNND_Zhu,4127,0.4938666895031929,0.37624043598771095,0.1176262442022562,
0,260816,matched,MATCHED_Rayleigh,RNND_Zhu,4128,0.5013128966093063,0.3784638047218323,0.12284909561276436,
0,260816,matched,MATCHED_Rayleigh,RNND_Zhu,4129,0.6632137447595596,0.4952831417322159,0.16793059185147285,
0,260816,matched,MATCHED_Rayleigh,RNND_Zhu,4130,0.4245818480849266,0.325893871486187,0.09868797473609447,
0,260816,matched,MATCHED_Rayleigh,RNND_Zhu,4131,0.4926072061061859,0.36894040554761887,0.12366680800914764,
0,260816,matched,MATCHED_Rayleigh,RNND_Zhu,4132,0.4697609841823578,0.35545799881219864,0.11430298537015915,
0,260816,matched,MATCHED_Rayleigh,RNND_Zhu,4133,0.49302592128515244,0.37009476125240326,0.12293115817010403,
0,260816,matched,MATCHED_Rayleigh,RNND_Zhu,4134,0.3803876154124737,0.2843435928225517,0.09604402724653482,
0,260816,matched,MATCHED_Rayleigh,RNND_Zhu,4135,0.42417606711387634,0.3201136961579323,0.10406237747520208,
0,260816,matched,MATCHED_Rayleigh,RNND_Zhu,4136,0.37529200315475464,0.27857182174921036,0.09672019071877003,
0,260816,matched,MATCHED_Rayleigh,RNND_Zhu,4137,0.514071598649025,0.3916110619902611,0.12246052548289299,
0,260816,matched,MATCHED_Rayleigh,RNND_Zhu,4138,0.51690873503685,0.3888094574213028,0.12809926457703114,
0,260816,matched,MATCHED_Rayleigh,RNND_Zhu,4139,0.5713424384593964,0.4284251257777214,0.14291730895638466,
0,260816,matched,MATCHED_Rayleigh,RNND_Zhu,4140,0.5062712728977203,0.3818836137652397,0.12438766285777092,
0,260816,matched,MATCHED_Rayleigh,RNND_Zhu,4141,0.42613327503204346,0.3174198754131794,0.10871339030563831,
0,260816,matched,MATCHED_Rayleigh,RNND_Zhu,4142,0.5121735669672489,0.3902229592204094,0.12195060402154922,
0,260816,matched,MATCHED_Rayleigh,RNND_Zhu,4143,0.4985191822052002,0.37687137722969055,0.1216477956622839,
0,260816,matched,MATCHED_Rayleigh,RNND_Zhu,4144,0.36081475764513016,0.27384140342473984,0.08697335980832577,
0,260816,matched,MATCHED_Rayleigh,RNND_Zhu,4145,0.37957558780908585,0.28938908874988556,0.09018649533390999,
0,260816,matched,MATCHED_Rayleigh,RNND_Zhu,4146,0.4086194932460785,0.30323272198438644,0.10538677498698235,
0,260816,matched,MATCHED_Rayleigh,RNND_Zhu,4147,0.6493848115205765,0.48672930151224136,0.1626555249094963,
0,260816,matched,MATCHED_Rayleigh,RNND_Zhu,4148,0.5012372881174088,0.3757789880037308,0.12545831315219402,
0,260816,matched,MATCHED_Rayleigh,RNND_Zhu,4149,0.512162409722805,0.38775182515382767,0.12441057898104191,
0,260816,matched,MATCHED_Rayleigh,RNND_Zhu,4150,0.5852231904864311,0.4326790049672127,0.15254418551921844,
0,260816,matched,MATCHED_Rayleigh,RNND_Zhu,4151,0.46959976106882095,0.3437431827187538,0.12585658207535744,
0,260816,matched,MATCHED_Rayleigh,RNND_Zhu,4152,0.444840207695961,0.329514492303133,0.11532570980489254,
0,260816,matched,MATCHED_Rayleigh,RNND_Zhu,4153,0.495420403778553,0.36095816642045975,0.13446223177015781,
0,260816,matched,MATCHED_Rayleigh,RNND_Zhu,4154,0.41351722180843353,0.3115130737423897,0.1020041536539793,
0,260816,matched,MATCHED_Rayleigh,RNND_Zhu,4155,0.4620659165084362,0.34751973301172256,0.11454618908464909,
0,260816,matched,MATCHED_Rayleigh,RNND_Zhu,4156,0.5250446945428848,0.3862408772110939,0.13880380615592003,
0,260816,matched,MATCHED_Rayleigh,RNND_Zhu,4157,0.6009330898523331,0.4515870586037636,0.1493460237979889,
0,260816,matched,MATCHED_Rayleigh,RNND_Zhu,4158,0.4980483762919903,0.3725385554134846,0.12550981901586056,
0,260816,matched,MATCHED_Rayleigh,RNND_Zhu,4159,0.5839855968952179,0.43696561455726624,0.1470199767500162,
0,260816,matched,MATCHED_Rayleigh,RNND_Zhu,4160,0.4101002365350723,0.3047930784523487,0.10530715063214302,
0,260816,matched,MATCHED_Rayleigh,RNND_Zhu,4161,0.5985023230314255,0.4552727937698364,0.14322950690984726,
0,260816,matched,MATCHED_Rayleigh,RNND_Zhu,4162,0.5077679008245468,0.3866034373641014,0.1211644746363163,
0,260816,matched,MATCHED_Rayleigh,RNND_Zhu,4163,0.41593562811613083,0.31554318964481354,0.10039244405925274,
0,260816,matched,MATCHED_Rayleigh,RNND_Zhu,4164,0.6555024087429047,0.48907510191202164,0.16642731055617332,
0,260816,matched,MATCHED_Rayleigh,RNND_Zhu,4165,0.5193340927362442,0.3868570066988468,0.13247708603739738,
0,260816,matched,MATCHED_Rayleigh,RNND_Zhu,4166,0.5996452420949936,0.4475174695253372,0.15212776884436607,
0,260816,matched,MATCHED_Rayleigh,RNND_Zhu,4167,0.3855113126337528,0.28554457426071167,0.099966736510396,
0,260816,matched,MATCHED_Rayleigh,RNND_Zhu,4168,0.7162139862775803,0.5448926240205765,0.17132136970758438,
0,260816,matched,MATCHED_Rayleigh,RNND_Zhu,4169,0.5391642227768898,0.40695373713970184,0.1322104912251234,
0,260816,matched,MATCHED_Rayleigh,RNND_Zhu,4170,0.5374029725790024,0.4015558063983917,0.1358471717685461,
0,260816,matched,MATCHED_Rayleigh,RNND_Zhu,4171,0.4391978606581688,0.3336472660303116,0.10555059462785721,
0,260816,matched,MATCHED_Rayleigh,RNND_Zhu,4172,0.542594313621521,0.4122035875916481,0.1303907223045826,
0,260816,matched,MATCHED_Rayleigh,RNND_Zhu,4173,0.4346710443496704,0.32660456001758575,0.10806649178266525,
0,260816,matched,MATCHED_Rayleigh,RNND_Zhu,4174,0.7234115898609161,0.5401130020618439,0.18329857289791107,
0,260816,matched,MATCHED_Rayleigh,RNND_Zhu,4175,0.49279217422008514,0.3674796558916569,0.12531251646578312,
0,260816,matched,MATCHED_Rayleigh,RNND_Zhu,4176,0.47968748956918716,0.35762546956539154,0.1220620172098279,
0,260816,matched,MATCHED_Rayleigh,RNND_Zhu,4177,0.5115454643964767,0.3866359367966652,0.12490951269865036,
0,260816,matched,MATCHED_Rayleigh,RNND_Zhu,4178,0.49776384234428406,0.37611227482557297,0.12165156379342079,
0,260816,matched,MATCHED_Rayleigh,RNND_Zhu,4179,0.6322679072618484,0.4737145006656647,0.15855339914560318,
0,260816,matched,MATCHED_Rayleigh,RNND_Zhu,4180,0.5154276639223099,0.39676379412412643,0.11866387724876404,
0,260816,matched,MATCHED_Rayleigh,RNND_Zhu,4181,0.40309419482946396,0.3078748434782028,0.09521934576332569,
0,260816,matched,MATCHED_Rayleigh,RNND_Zhu,4182,0.619281992316246,0.4704742282629013,0.14880777150392532,
0,260816,matched,MATCHED_Rayleigh,RNND_Zhu,4183,0.4643811360001564,0.35462311655282974,0.10975802689790726,
0,260816,matched,MATCHED_Rayleigh,RNND_Zhu,4184,0.5868799611926079,0.4410363510251045,0.14584362134337425,
0,260816,matched,MATCHED_Rayleigh,RNND_Zhu,4185,0.441901333630085,0.3295335918664932,0.11236773990094662,
0,260816,matched,MATCHED_Rayleigh,RNND_Zhu,4186,0.3774164170026779,0.28311001136898994,0.09430641122162342,
0,260816,matched,MATCHED_Rayleigh,RNND_Zhu,4187,0.6599772125482559,0.4954170435667038,0.16456017270684242,
0,260816,matched,MATCHED_Rayleigh,RNND_Zhu,4188,0.3738889917731285,0.28080035001039505,0.0930886548012495,
0,260816,matched,MATCHED_Rayleigh,RNND_Zhu,4189,0.478274829685688,0.3569660261273384,0.12130879983305931,
0,260816,matched,MATCHED_Rayleigh,RNND_Zhu,4190,0.6164171248674393,0.46667488664388657,0.1497422233223915,
0,260816,matched,MATCHED_Rayleigh,RNND_Zhu,4191,0.46911121904850006,0.3583630733191967,0.11074814852327108,
0,260816,matched,MATCHED_Rayleigh,RNND_Zhu,4192,0.3936849981546402,0.2941417098045349,0.09954329021275043,
0,260816,matched,MATCHED_Rayleigh,RNND_Zhu,4193,0.550722025334835,0.412337563931942,0.13838445208966732,
0,260816,matched,MATCHED_Rayleigh,RNND_Zhu,4194,0.6251298934221268,0.4707721248269081,0.1543577704578638,
0,260816,matched,MATCHED_Rayleigh,RNND_Zhu,4195,0.46781644970178604,0.3485626056790352,0.11925382912158966,
0,260816,matched,MATCHED_Rayleigh,RNND_Zhu,4196,0.5699035227298737,0.42848971486091614,0.14141380973160267,
0,260816,matched,MATCHED_Rayleigh,RNND_Zhu,4197,0.5852282494306564,0.43740423768758774,0.1478240117430687,
0,260816,matched,MATCHED_Rayleigh,RNND_Zhu,4198,0.5545698702335358,0.4174232482910156,0.13714662566781044,
0,260816,matched,MATCHED_Rayleigh,RNND_Zhu,4199,0.49802303314208984,0.3702108636498451,0.12781218253076077,
0,260816,matched,MATCHED_Rayleigh,RNND_Zhu,4200,0.4659196436405182,0.3482704907655716,0.11764915101230145,-0.738214900228579
0,260816,matched,MATCHED_Rayleigh,RNND_Zhu,4201,0.49451303482055664,0.37290672957897186,0.12160629965364933,
0,260816,matched,MATCHED_Rayleigh,RNND_Zhu,4202,0.41220033168792725,0.31343256682157516,0.09876775648444891,
0,260816,matched,MATCHED_Rayleigh,RNND_Zhu,4203,0.4430690333247185,0.3330894708633423,0.10997956246137619,
0,260816,matched,MATCHED_Rayleigh,RNND_Zhu,4204,0.5428090691566467,0.4082710072398186,0.13453805819153786,
0,260816,matched,MATCHED_Rayleigh,RNND_Zhu,4205,0.3742942437529564,0.2804713398218155,0.09382290951907635,
0,260816,matched,MATCHED_Rayleigh,RNND_Zhu,4206,0.5423118472099304,0.4026167429983616,0.13969509862363338,
0,260816,matched,MATCHED_Rayleigh,RNND_Zhu,4207,0.5005262792110443,0.3715064898133278,0.12901980429887772,
0,260816,matched,MATCHED_Rayleigh,RNND_Zhu,4208,0.508985199034214,0.3818340227007866,0.12715117074549198,
0,260816,matched,MATCHED_Rayleigh,RNND_Zhu,4209,0.5770843252539635,0.43347200006246567,0.1436123326420784,
0,260816,matched,MATCHED_Rayleigh,RNND_Zhu,4210,0.5091022700071335,0.3799927718937397,0.1291094906628132,
0,260816,matched,MATCHED_Rayleigh,RNND_Zhu,4211,0.44376011937856674,0.3327939733862877,0.11096614226698875,
0,260816,matched,MATCHED_Rayleigh,RNND_Zhu,4212,0.4761582911014557,0.35843775421380997,0.11772054806351662,
0,260816,matched,MATCHED_Rayleigh,RNND_Zhu,4213,0.5253087878227234,0.39551980793476105,0.12978897243738174,
0,260816,matched,MATCHED_Rayleigh,RNND_Zhu,4214,0.6031684279441833,0.45468372106552124,0.1484847106039524,
0,260816,matched,MATCHED_Rayleigh,RNND_Zhu,4215,0.4989861845970154,0.37436826154589653,0.12461793422698975,
0,260816,matched,MATCHED_Rayleigh,RNND_Zhu,4216,0.3357023373246193,0.25321852788329124,0.08248381316661835,
0,260816,matched,MATCHED_Rayleigh,RNND_Zhu,4217,0.3857716731727123,0.29961466044187546,0.08615702111274004,
0,260816,matched,MATCHED_Rayleigh,RNND_Zhu,4218,0.5027174651622772,0.3756961040198803,0.12702135555446148,
0,260816,matched,MATCHED_Rayleigh,RNND_Zhu,4219,0.5373515337705612,0.4047125354409218,0.13263899832963943,
0,260816,matched,MATCHED_Rayleigh,RNND_Zhu,4220,0.45743462443351746,0.3463425971567631,0.11109203100204468,
0,260816,matched,MATCHED_Rayleigh,RNND_Zhu,4221,0.3577515408396721,0.26773159205913544,0.0900199506431818,
0,260816,matched,MATCHED_Rayleigh,RNND_Zhu,4222,0.4697765037417412,0.3512132167816162,0.11856328509747982,
0,260816,matched,MATCHED_Rayleigh,RNND_Zhu,4223,0.3890940397977829,0.2899150066077709,0.09917902015149593,
0,260816,matched,MATCHED_Rayleigh,RNND_Zhu,4224,0.48190033063292503,0.36301346123218536,0.1188868721947074,
0,260816,matched,MATCHED_Rayleigh,RNND_Zhu,4225,0.4995392933487892,0.3757205307483673,0.12381877563893795,
0,260816,matched,MATCHED_Rayleigh,RNND_Zhu,4226,0.5543207451701164,0.4212203100323677,0.13310044258832932,
0,260816,matched,MATCHED_Rayleigh,RNND_Zhu,4227,0.338545348495245,0.25197263434529305,0.08657270856201649,
0,260816,matched,MATCHED_Rayleigh,RNND_Zhu,4228,0.3431246653199196,0.25927016139030457,0.08385450951755047,
0,260816,matched,MATCHED_Rayleigh,RNND_Zhu,4229,0.6731646955013275,0.5007277652621269,0.1724369116127491,
0,260816,matched,MATCHED_Rayleigh,RNND_Zhu,4230,0.507765606045723,0.38416794687509537,0.1235976554453373,
0,260816,matched,MATCHED_Rayleigh,RNND_Zhu,4231,0.548483669757843,0.414501428604126,0.13398224487900734,
0,260816,matched,MATCHED_Rayleigh,RNND_Zhu,4232,0.4883895516395569,0.36799005791544914,0.12039949372410774,
0,260816,matched,MATCHED_Rayleigh,RNND_Zhu,4233,0.5472587943077087,0.41315924376249313,0.13409955985844135,
0,260816,matched,MATCHED_Rayleigh,RNND_Zhu,4234,0.3903798833489418,0.2946951687335968,0.09568470902740955,
0,260816,matched,MATCHED_Rayleigh,RNND_Zhu,4235,0.3563285917043686,0.2681301385164261,0.08819845505058765,
0,260816,matched,MATCHED_Rayleigh,RNND_Zhu,4236,0.43202517181634903,0.32316847890615463,0.10885669849812984,
0,260816,matched,MATCHED_Rayleigh,RNND_Zhu,4237,0.48181045800447464,0.3682446554303169,0.11356580257415771,
0,260816,matched,MATCHED_Rayleigh,RNND_Zhu,4238,0.5408926159143448,0.40251829475164413,0.1383743155747652,
0,260816,matched,MATCHED_Rayleigh,RNND_Zhu,4239,0.5169613808393478,0.38985295593738556,0.12710843048989773,
0,260816,matched,MATCHED_Rayleigh,RNND_Zhu,4240,0.4570247679948807,0.3435430973768234,0.1134816687554121,
0,260816,matched,MATCHED_Rayleigh,RNND_Zhu,4241,0.41236426681280136,0.31255079433321953,0.09981347434222698,
0,260816,matched,MATCHED_Rayleigh,RNND_Zhu,4242,0.40037399530410767,0.30056244134902954,0.09981155022978783,
0,260816,matched,MATCHED_Rayleigh,RNND_Zhu,4243,0.4302767440676689,0.32168662548065186,0.1085901279002428,
0,260816,matched,MATCHED_Rayleigh,RNND_Zhu,4244,0.5244311541318893,0.3917735889554024,0.13265756703913212,
0,260816,matched,MATCHED_Rayleigh,RNND_Zhu,4245,0.43432290852069855,0.3325941152870655,0.10172880347818136,
0,260816,matched,MATCHED_Rayleigh,RNND_Zhu,4246,0.4016979858279228,0.3088669180870056,0.0928310751914978,
0,260816,matched,MATCHED_Rayleigh,RNND_Zhu,4247,0.4941282644867897,0.37014248967170715,0.12398577481508255,
0,260816,matched,MATCHED_Rayleigh,RNND_Zhu,4248,0.5187779515981674,0.3967227563261986,0.12205520085990429,
0,260816,matched,MATCHED_Rayleigh,RNND_Zhu,4249,0.4053809195756912,0.3023054748773575,0.10307543817907572,
0,260816,matched,MATCHED_Rayleigh,RNND_Zhu,4250,0.5369439423084259,0.4037866033613682,0.13315734639763832,
0,260816,matched,MATCHED_Rayleigh,RNND_Zhu,4251,0.49120674282312393,0.35840561240911484,0.1328011192381382,
0,260816,matched,MATCHED_Rayleigh,RNND_Zhu,4252,0.5241392254829407,0.39131050184369087,0.1328287161886692,
0,260816,matched,MATCHED_Rayleigh,RNND_Zhu,4253,0.4280053600668907,0.32822278141975403,0.09978258237242699,
0,260816,matched,MATCHED_Rayleigh,RNND_Zhu,4254,0.3988996148109436,0.3010626807808876,0.09783693589270115,
0,260816,matched,MATCHED_Rayleigh,RNND_Zhu,4255,0.4690053164958954,0.35587048158049583,0.11313483491539955,
0,260816,matched,MATCHED_Rayleigh,RNND_Zhu,4256,0.38576118648052216,0.28932392597198486,0.09643725492060184,
0,260816,matched,MATCHED_Rayleigh,RNND_Zhu,4257,0.575731098651886,0.433866024017334,0.1418650820851326,
0,260816,matched,MATCHED_Rayleigh,RNND_Zhu,4258,0.39127323031425476,0.28956061601638794,0.10171261802315712,
0,260816,matched,MATCHED_Rayleigh,RNND_Zhu,4259,0.5425582677125931,0.407695047557354,0.13486321829259396,
0,260816,matched,MATCHED_Rayleigh,RNND_Zhu,4260,0.5470708161592484,0.4093253165483475,0.13774550333619118,
0,260816,matched,MATCHED_Rayleigh,RNND_Zhu,4261,0.45801738649606705,0.35173365473747253,0.10628373362123966,
0,260816,matched,MATCHED_Rayleigh,RNND_Zhu,4262,0.4107002764940262,0.31611600145697594,0.0945842657238245,
0,260816,matched,MATCHED_Rayleigh,RNND_Zhu,4263,0.4750276058912277,0.35680633038282394,0.11822129413485527,
0,260816,matched,MATCHED_Rayleigh,RNND_Zhu,4264,0.4811641499400139,0.3577941358089447,0.12337000854313374,
0,260816,matched,MATCHED_Rayleigh,RNND_Zhu,4265,0.502481147646904,0.3752344474196434,0.12724669836461544,
0,260816,matched,MATCHED_Rayleigh,RNND_Zhu,4266,0.5695085674524307,0.42521002888679504,0.14429855346679688,
0,260816,matched,MATCHED_Rayleigh,RNND_Zhu,4267,0.44287942349910736,0.3333379700779915,0.10954144410789013,
0,260816,matched,MATCHED_Rayleigh,RNND_Zhu,4268,0.4716832637786865,0.35129111260175705,0.12039215490221977,
0,260816,matched,MATCHED_Rayleigh,RNND_Zhu,4269,0.5548719316720963,0.40663114190101624,0.14824078045785427,
0,260816,matched,MATCHED_Rayleigh,RNND_Zhu,4270,0.4742749109864235,0.3560376986861229,0.1182372160255909,
0,260816,matched,MATCHED_Rayleigh,RNND_Zhu,4271,0.46135322749614716,0.3498595207929611,0.11149371229112148,
0,260816,matched,MATCHED_Rayleigh,RNND_Zhu,4272,0.525177463889122,0.39912866801023483,0.12604878470301628,
0,260816,matched,MATCHED_Rayleigh,RNND_Zhu,4273,0.37924402952194214,0.2843960337340832,0.09484798647463322,
0,260816,matched,MATCHED_Rayleigh,RNND_Zhu,4274,0.5001483596861362,0.3803541511297226,0.1197941992431879,
0,260816,matched,MATCHED_Rayleigh,RNND_Zhu,4275,0.47850942611694336,0.3606629818677902,0.11784646660089493,
0,260816,matched,MATCHED_Rayleigh,RNND_Zhu,4276,0.3870542198419571,0.290070503950119,0.09698371775448322,
0,260816,matched,MATCHED_Rayleigh,RNND_Zhu,4277,0.5521871820092201,0.41513095796108246,0.13705621846020222,
0,260816,matched,MATCHED_Rayleigh,RNND_Zhu,4278,0.5499919801950455,0.41298994421958923,0.13700202479958534,
0,260816,matched,MATCHED_Rayleigh,RNND_Zhu,4279,0.6961547583341599,0.5187193006277084,0.17743543907999992,
0,260816,matched,MATCHED_Rayleigh,RNND_Zhu,4280,0.4876827821135521,0.3651565760374069,0.12252620421350002,
0,260816,matched,MATCHED_Rayleigh,RNND_Zhu,4281,0.43644095212221146,0.3303891271352768,0.10605182871222496,
0,260816,matched,MATCHED_Rayleigh,RNND_Zhu,4282,0.6327367871999741,0.476086363196373,0.15665042586624622,
0,260816,matched,MATCHED_Rayleigh,RNND_Zhu,4283,0.583960734307766,0.4409274682402611,0.1430332474410534,
0,260816,matched,MATCHED_Rayleigh,RNND_Zhu,4284,0.3321712538599968,0.2515418455004692,0.08062940649688244,
0,260816,matched,MATCHED_Rayleigh,RNND_Zhu,4285,0.4157685339450836,0.31428857892751694,0.10147995315492153,
0,260816,matched,MATCHED_Rayleigh,RNND_Zhu,4286,0.44836748391389847,0.3357994817197323,0.11256800219416618,
0,260816,matched,MATCHED_Rayleigh,RNND_Zhu,4287,0.6118586361408234,0.4689196050167084,0.142939031124115,
0,260816,matched,MATCHED_Rayleigh,RNND_Zhu,4288,0.41347210109233856,0.3021393269300461,0.11133278161287308,
0,260816,matched,MATCHED_Rayleigh,RNND_Zhu,4289,0.49617449939250946,0.37047500908374786,0.1256994940340519,
0,260816,matched,MATCHED_Rayleigh,RNND_Zhu,4290,0.3931990936398506,0.2930106893181801,0.10018840618431568,
0,260816,matched,MATCHED_Rayleigh,RNND_Zhu,4291,0.5643512457609177,0.4278676211833954,0.13648361712694168,
0,260816,matched,MATCHED_Rayleigh,RNND_Zhu,4292,0.3377099372446537,0.25136449933052063,0.08634543977677822,
0,260816,matched,MATCHED_Rayleigh,RNND_Zhu,4293,0.27002156525850296,0.20411891862750053,0.06590264942497015,
0,260816,matched,MATCHED_Rayleigh,RNND_Zhu,4294,0.47870640456676483,0.3612741008400917,0.11743230372667313,
0,260816,matched,MATCHED_Rayleigh,RNND_Zhu,4295,0.5113010406494141,0.37842896953225136,0.13287206925451756,
0,260816,matched,MATCHED_Rayleigh,RNND_Zhu,4296,0.42829523235559464,0.3186842128634453,0.1096110250800848,
0,260816,matched,MATCHED_Rayleigh,RNND_Zhu,4297,0.4530452713370323,0.3394838944077492,0.11356138624250889,
0,260816,matched,MATCHED_Rayleigh,RNND_Zhu,4298,0.4323126897215843,0.32588066533207893,0.10643202066421509,
0,260816,matched,MATCHED_Rayleigh,RNND_Zhu,4299,0.3975168615579605,0.2954006865620613,0.1021161861717701,
0,260816,matched,MATCHED_Rayleigh,RNND_Zhu,4300,0.4552110880613327,0.34453004598617554,0.11068104859441519,
0,260816,matched,MATCHED_Rayleigh,RNND_Zhu,4301,0.5188488438725471,0.39064735174179077,0.12820149026811123,
0,260816,matched,MATCHED_Rayleigh,RNND_Zhu,4302,0.6264219954609871,0.4673502519726753,0.15907173044979572,
0,260816,matched,MATCHED_Rayleigh,RNND_Zhu,4303,0.5752914175391197,0.4258792772889137,0.14941214211285114,
0,260816,matched,MATCHED_Rayleigh,RNND_Zhu,4304,0.42429567128419876,0.31929780542850494,0.10499787144362926,
0,260816,matched,MATCHED_Rayleigh,RNND_Zhu,4305,0.4870830476284027,0.36725063621997833,0.11983240954577923,
0,260816,matched,MATCHED_Rayleigh,RNND_Zhu,4306,0.3565750829875469,0.27235936000943184,0.08421572297811508,
0,260816,matched,MATCHED_Rayleigh,RNND_Zhu,4307,0.5164890214800835,0.3827359527349472,0.13375306501984596,
0,260816,matched,MATCHED_Rayleigh,RNND_Zhu,4308,0.6836250573396683,0.5119090676307678,0.17171599715948105,
0,260816,matched,MATCHED_Rayleigh,RNND_Zhu,4309,0.35834360122680664,0.2734178900718689,0.08492571674287319,
0,260816,matched,MATCHED_Rayleigh,RNND_Zhu,4310,0.5507702529430389,0.41770564019680023,0.13306459598243237,
0,260816,matched,MATCHED_Rayleigh,RNND_Zhu,4311,0.42233170568943024,0.3150872066617012,0.10724450182169676,
0,260816,matched,MATCHED_Rayleigh,RNND_Zhu,4312,0.47141166031360626,0.3593341261148453,0.11207753419876099,
0,260816,matched,MATCHED_Rayleigh,RNND_Zhu,4313,0.41267380863428116,0.3050030581653118,0.10767075791954994,
0,260816,matched,MATCHED_Rayleigh,RNND_Zhu,4314,0.49471594393253326,0.37280210480093956,0.12191383168101311,
0,260816,matched,MATCHED_Rayleigh,RNND_Zhu,4315,0.4861585423350334,0.3613039404153824,0.12485459633171558,
0,260816,matched,MATCHED_Rayleigh,RNND_Zhu,4316,0.3747505396604538,0.27940862625837326,0.09534191340208054,
0,260816,matched,MATCHED_Rayleigh,RNND_Zhu,4317,0.3382214866578579,0.25947868451476097,0.0787428030744195,
0,260816,matched,MATCHED_Rayleigh,RNND_Zhu,4318,0.5136520341038704,0.3785250037908554,0.13512703031301498,
0,260816,matched,MATCHED_Rayleigh,RNND_Zhu,4319,0.5321862250566483,0.4019411504268646,0.13024508021771908,
0,260816,matched,MATCHED_Rayleigh,RNND_Zhu,4320,0.41151367872953415,0.31255708262324333,0.09895659424364567,
0,260816,matched,MATCHED_Rayleigh,RNND_Zhu,4321,0.40859751403331757,0.3085172586143017,0.10008025728166103,
0,260816,matched,MATCHED_Rayleigh,RNND_Zhu,4322,0.4219681844115257,0.32124990224838257,0.10071826726198196,
0,260816,matched,MATCHED_Rayleigh,RNND_Zhu,4323,0.39913663268089294,0.30065030977129936,0.09848631918430328,
0,260816,matched,MATCHED_Rayleigh,RNND_Zhu,4324,0.5202512294054031,0.3982417657971382,0.12200945243239403,
0,260816,matched,MATCHED_Rayleigh,RNND_Zhu,4325,0.5980305299162865,0.45141763985157013,0.14661289006471634,
0,260816,matched,MATCHED_Rayleigh,RNND_Zhu,4326,0.44494006782770157,0.3312733806669712,0.11366669833660126,
0,260816,matched,MATCHED_Rayleigh,RNND_Zhu,4327,0.530123345553875,0.3959738314151764,0.13414952345192432,
0,260816,matched,MATCHED_Rayleigh,RNND_Zhu,4328,0.4841844439506531,0.3694528341293335,0.11473162192851305,
0,260816,matched,MATCHED_Rayleigh,RNND_Zhu,4329,0.5220325887203217,0.39363716542720795,0.12839543633162975,
0,260816,matched,MATCHED_Rayleigh,RNND_Zhu,4330,0.4244709685444832,0.318472184240818,0.10599877871572971,
0,260816,matched,MATCHED_Rayleigh,RNND_Zhu,4331,0.43295595422387123,0.3244394436478615,0.1085165161639452,
0,260816,matched,MATCHED_Rayleigh,RNND_Zhu,4332,0.47480398416519165,0.36154887825250626,0.11325511336326599,
0,260816,matched,MATCHED_Rayleigh,RNND_Zhu,4333,0.4485130310058594,0.3370923437178135,0.11142069473862648,
0,260816,matched,MATCHED_Rayleigh,RNND_Zhu,4334,0.5017325207591057,0.3764060065150261,0.12532651238143444,
0,260816,matched,MATCHED_Rayleigh,RNND_Zhu,4335,0.2688068374991417,0.20265613496303558,0.06615069881081581,
0,260816,matched,MATCHED_Rayleigh,RNND_Zhu,4336,0.5394828245043755,0.401089183986187,0.13839363306760788,
0,260816,matched,MATCHED_Rayleigh,RNND_Zhu,4337,0.3238755017518997,0.24847018718719482,0.07540531735867262,
0,260816,matched,MATCHED_Rayleigh,RNND_Zhu,4338,0.5216230005025864,0.39201662689447403,0.12960637919604778,
0,260816,matched,MATCHED_Rayleigh,RNND_Zhu,4339,0.6375962272286415,0.48130278289318085,0.15629344061017036,
0,260816,matched,MATCHED_Rayleigh,RNND_Zhu,4340,0.6011883467435837,0.45219139754772186,0.14899695478379726,
0,260816,matched,MATCHED_Rayleigh,RNND_Zhu,4341,0.3547736927866936,0.268952377140522,0.0858213184401393,
0,260816,matched,MATCHED_Rayleigh,RNND_Zhu,4342,0.6169572025537491,0.45988284051418304,0.15707437321543694,
0,260816,matched,MATCHED_Rayleigh,RNND_Zhu,4343,0.5085417479276657,0.383476085960865,0.12506566010415554,
0,260816,matched,MATCHED_Rayleigh,RNND_Zhu,4344,0.47764573991298676,0.359009075909853,0.11863666027784348,
0,260816,matched,MATCHED_Rayleigh,RNND_Zhu,4345,0.5157178491353989,0.3862195871770382,0.12949826195836067,
0,260816,matched,MATCHED_Rayleigh,RNND_Zhu,4346,0.3955095112323761,0.2965766526758671,0.09893285389989614,
0,260816,matched,MATCHED_Rayleigh,RNND_Zhu,4347,0.41708002239465714,0.31581302732229233,0.10126698948442936,
0,260816,matched,MATCHED_Rayleigh,RNND_Zhu,4348,0.6370384246110916,0.484129823744297,0.15290861204266548,
0,260816,matched,MATCHED_Rayleigh,RNND_Zhu,4349,0.4435523599386215,0.33533598110079765,0.10821638442575932,
0,260816,matched,MATCHED_Rayleigh,RNND_Zhu,4350,0.4816330298781395,0.36447639018297195,0.11715663876384497,
0,260816,matched,MATCHED_Rayleigh,RNND_Zhu,4351,0.5967011004686356,0.45157356560230255,0.1451275423169136,
0,260816,matched,MATCHED_Rayleigh,RNND_Zhu,4352,0.3922000750899315,0.2943406440317631,0.09785942733287811,
0,260816,matched,MATCHED_Rayleigh,RNND_Zhu,4353,0.48617564886808395,0.36187594383955,0.12429970502853394,
0,260816,matched,MATCHED_Rayleigh,RNND_Zhu,4354,0.5291530191898346,0.4012098163366318,0.12794320099055767,
0,260816,matched,MATCHED_Rayleigh,RNND_Zhu,4355,0.4522908814251423,0.3402758538722992,0.11201503034681082,
0,260816,matched,MATCHED_Rayleigh,RNND_Zhu,4356,0.46450890600681305,0.35027846693992615,0.11423042975366116,
0,260816,matched,MATCHED_Rayleigh,RNND_Zhu,4357,0.44960568472743034,0.33756276220083237,0.11204291880130768,
0,260816,matched,MATCHED_Rayleigh,RNND_Zhu,4358,0.40554263815283775,0.3050862140953541,0.10045643523335457,
0,260816,matched,MATCHED_Rayleigh,RNND_Zhu,4359,0.4787776619195938,0.3611438497900963,0.11763380374759436,
0,260816,matched,MATCHED_Rayleigh,RNND_Zhu,4360,0.5588816925883293,0.4140752740204334,0.1448064036667347,
0,260816,matched,MATCHED_Rayleigh,RNND_Zhu,4361,0.5892559066414833,0.44305960834026337,0.1461962889879942,
0,260816,matched,MATCHED_Rayleigh,RNND_Zhu,4362,0.6137382686138153,0.4635171592235565,0.1502211019396782,
0,260816,matched,MATCHED_Rayleigh,RNND_Zhu,4363,0.5446535423398018,0.40940722078084946,0.13524632528424263,
0,260816,matched,MATCHED_Rayleigh,RNND_Zhu,4364,0.44903869926929474,0.3407193049788475,0.10831939987838268,
0,260816,matched,MATCHED_Rayleigh,RNND_Zhu,4365,0.6875901967287064,0.5083897560834885,0.1792004369199276,
0,260816,matched,MATCHED_Rayleigh,RNND_Zhu,4366,0.44980190694332123,0.33371444046497345,0.11608747020363808,
0,260816,matched,MATCHED_Rayleigh,RNND_Zhu,4367,0.5338055863976479,0.40774863958358765,0.1260569579899311,
0,260816,matched,MATCHED_Rayleigh,RNND_Zhu,4368,0.5143051147460938,0.3934232071042061,0.12088190391659737,
0,260816,matched,MATCHED_Rayleigh,RNND_Zhu,4369,0.6166738122701645,0.4637039080262184,0.15296989679336548,
0,260816,matched,MATCHED_Rayleigh,RNND_Zhu,4370,0.40576617419719696,0.3019225299358368,0.10384364984929562,
0,260816,matched,MATCHED_Rayleigh,RNND_Zhu,4371,0.30357494205236435,0.23005592823028564,0.07351900730282068,
0,260816,matched,MATCHED_Rayleigh,RNND_Zhu,4372,0.4109276905655861,0.30524536222219467,0.10568232834339142,
0,260816,matched,MATCHED_Rayleigh,RNND_Zhu,4373,0.5231036022305489,0.3879975825548172,0.1351060215383768,
0,260816,matched,MATCHED_Rayleigh,RNND_Zhu,4374,0.31570690870285034,0.24200238287448883,0.07370452396571636,
0,260816,matched,MATCHED_Rayleigh,RNND_Zhu,4375,0.3099774457514286,0.23621343821287155,0.07376401498913765,
0,260816,matched,MATCHED_Rayleigh,RNND_Zhu,4376,0.5052883103489876,0.3770347647368908,0.12825354747474194,
0,260816,matched,MATCHED_Rayleigh,RNND_Zhu,4377,0.3637671694159508,0.2792827934026718,0.08448437415063381,
0,260816,matched,MATCHED_Rayleigh,RNND_Zhu,4378,0.39867573976516724,0.30403832346200943,0.0946374200284481,
0,260816,matched,MATCHED_Rayleigh,RNND_Zhu,4379,0.5956482142210007,0.4508204758167267,0.14482774585485458,
0,260816,matched,MATCHED_Rayleigh,RNND_Zhu,4380,0.45061546564102173,0.34077878296375275,0.10983669385313988,
0,260816,matched,MATCHED_Rayleigh,RNND_Zhu,4381,0.35595449805259705,0.26961517333984375,0.08633933030068874,
0,260816,matched,MATCHED_Rayleigh,RNND_Zhu,4382,0.5969534367322922,0.44822828471660614,0.1487251464277506,
0,260816,matched,MATCHED_Rayleigh,RNND_Zhu,4383,0.5503288730978966,0.411216102540493,0.13911275751888752,
0,260816,matched,MATCHED_Rayleigh,RNND_Zhu,4384,0.36835311353206635,0.277551494538784,0.09080163016915321,
0,260816,matched,MATCHED_Rayleigh,RNND_Zhu,4385,0.5215556249022484,0.39246906340122223,0.1290865670889616,
0,260816,matched,MATCHED_Rayleigh,RNND_Zhu,4386,0.4110853001475334,0.3106015920639038,0.10048369504511356,
0,260816,matched,MATCHED_Rayleigh,RNND_Zhu,4387,0.38113389164209366,0.2903021536767483,0.09083174169063568,
0,260816,matched,MATCHED_Rayleigh,RNND_Zhu,4388,0.491172194480896,0.3702479749917984,0.1209242232143879,
0,260816,matched,MATCHED_Rayleigh,RNND_Zhu,4389,0.34344451129436493,0.2608497440814972,0.08259475976228714,
0,260816,matched,MATCHED_Rayleigh,RNND_Zhu,4390,0.411111019551754,0.31479816138744354,0.09631284885108471,
0,260816,matched,MATCHED_Rayleigh,RNND_Zhu,4391,0.5871874690055847,0.44207654893398285,0.14511091262102127,
0,260816,matched,MATCHED_Rayleigh,RNND_Zhu,4392,0.44067931920289993,0.33198826014995575,0.10869105439633131,
0,260816,matched,MATCHED_Rayleigh,RNND_Zhu,4393,0.5751292854547501,0.4325159192085266,0.1426133681088686,
0,260816,matched,MATCHED_Rayleigh,RNND_Zhu,4394,0.5844819992780685,0.43961210548877716,0.14486989378929138,
0,260816,matched,MATCHED_Rayleigh,RNND_Zhu,4395,0.5535434857010841,0.4095834791660309,0.14396000653505325,
0,260816,matched,MATCHED_Rayleigh,RNND_Zhu,4396,0.5635358095169067,0.42143869400024414,0.1420971341431141,
0,260816,matched,MATCHED_Rayleigh,RNND_Zhu,4397,0.5201473757624626,0.38694626092910767,0.1332011092454195,
0,260816,matched,MATCHED_Rayleigh,RNND_Zhu,4398,0.49390454590320587,0.3693448305130005,0.12455971166491508,
0,260816,matched,MATCHED_Rayleigh,RNND_Zhu,4399,0.5502514094114304,0.40758325904607773,0.14266814664006233,
0,260816,matched,MATCHED_Rayleigh,RNND_Zhu,4400,0.34205086529254913,0.25425927340984344,0.08779159374535084,-0.7399798357521856
0,260816,matched,MATCHED_Rayleigh,RNND_Zhu,4401,0.44854218512773514,0.3410751670598984,0.10746701434254646,
0,260816,matched,MATCHED_Rayleigh,RNND_Zhu,4402,0.4523060768842697,0.344688355922699,0.10761772096157074,
0,260816,matched,MATCHED_Rayleigh,RNND_Zhu,4403,0.43834953755140305,0.3272213637828827,0.1111281756311655,
0,260816,matched,MATCHED_Rayleigh,RNND_Zhu,4404,0.5847090780735016,0.44095999747514725,0.14374907687306404,
0,260816,matched,MATCHED_Rayleigh,RNND_Zhu,4405,0.48428937047719955,0.3625940643250942,0.12169531360268593,
0,260816,matched,MATCHED_Rayleigh,RNND_Zhu,4406,0.500987209379673,0.37572916597127914,0.1252580415457487,
0,260816,matched,MATCHED_Rayleigh,RNND_Zhu,4407,0.46130573004484177,0.3524709492921829,0.10883478634059429,
0,260816,matched,MATCHED_Rayleigh,RNND_Zhu,4408,0.5114162415266037,0.3803892955183983,0.13102694414556026,
0,260816,matched,MATCHED_Rayleigh,RNND_Zhu,4409,0.39019719511270523,0.2911612018942833,0.09903598017990589,
0,260816,matched,MATCHED_Rayleigh,RNND_Zhu,4410,0.39282606542110443,0.2943035513162613,0.09852251037955284,
0,260816,matched,MATCHED_Rayleigh,RNND_Zhu,4411,0.7042421400547028,0.5266691297292709,0.17757300660014153,
0,260816,matched,MATCHED_Rayleigh,RNND_Zhu,4412,0.44456222653388977,0.3370583653450012,0.10750386212021112,
0,260816,matched,MATCHED_Rayleigh,RNND_Zhu,4413,0.4957929328083992,0.3761339858174324,0.1196589507162571,
0,260816,matched,MATCHED_Rayleigh,RNND_Zhu,4414,0.5590182691812515,0.4230845421552658,0.13593371771275997,
0,260816,matched,MATCHED_Rayleigh,RNND_Zhu,4415,0.47851503640413284,0.3609054535627365,0.11760956980288029,
0,260816,matched,MATCHED_Rayleigh,RNND_Zhu,4416,0.5445665344595909,0.40946077927947044,0.13510575890541077,
0,260816,matched,MATCHED_Rayleigh,RNND_Zhu,4417,0.4704121798276901,0.352923683822155,0.11748849786818027,
0,260816,matched,MATCHED_Rayleigh,RNND_Zhu,4418,0.4617079868912697,0.347825288772583,0.11388270743191242,
0,260816,matched,MATCHED_Rayleigh,RNND_Zhu,4419,0.42424312233924866,0.31452956795692444,0.10971355438232422,
0,260816,matched,MATCHED_Rayleigh,RNND_Zhu,4420,0.611683763563633,0.4661821648478508,0.14550158753991127,
0,260816,matched,MATCHED_Rayleigh,RNND_Zhu,4421,0.485687717795372,0.36521411687135696,0.1204735916107893,
0,260816,matched,MATCHED_Rayleigh,RNND_Zhu,4422,0.3874202370643616,0.29530851915478706,0.09211171977221966,
0,260816,matched,MATCHED_Rayleigh,RNND_Zhu,4423,0.4108072444796562,0.30467501282691956,0.10613223724067211,
0,260816,matched,MATCHED_Rayleigh,RNND_Zhu,4424,0.41582319885492325,0.3097615912556648,0.10606161504983902,
0,260816,matched,MATCHED_Rayleigh,RNND_Zhu,4425,0.39171184599399567,0.2971571087837219,0.0945547353476286,
0,260816,matched,MATCHED_Rayleigh,RNND_Zhu,4426,0.4091385379433632,0.31020673364400864,0.09893180988729,
0,260816,matched,MATCHED_Rayleigh,RNND_Zhu,4427,0.49831923097372055,0.3690105155110359,0.12930870056152344,
0,260816,matched,MATCHED_Rayleigh,RNND_Zhu,4428,0.6023019328713417,0.4399043247103691,0.16239760257303715,
0,260816,matched,MATCHED_Rayleigh,RNND_Zhu,4429,0.5138998180627823,0.39033636823296547,0.12356343865394592,
0,260816,matched,MATCHED_Rayleigh,RNND_Zhu,4430,0.4827997386455536,0.3575965091586113,0.12520322762429714,
0,260816,matched,MATCHED_Rayleigh,RNND_Zhu,4431,0.4041990526020527,0.3070441484451294,0.0971549041569233,
0,260816,matched,MATCHED_Rayleigh,RNND_Zhu,4432,0.3669203370809555,0.27542251348495483,0.09149782359600067,
0,260816,matched,MATCHED_Rayleigh,RNND_Zhu,4433,0.4355044886469841,0.3266608566045761,0.10884363390505314,
0,260816,matched,MATCHED_Rayleigh,RNND_Zhu,4434,0.4676459953188896,0.3521989434957504,0.11544705554842949,
0,260816,matched,MATCHED_Rayleigh,RNND_Zhu,4435,0.4326769858598709,0.33215637877583504,0.10052061639726162,
0,260816,matched,MATCHED_Rayleigh,RNND_Zhu,4436,0.5755590349435806,0.43506088107824326,0.14049815014004707,
0,260816,matched,MATCHED_Rayleigh,RNND_Zhu,4437,0.4698372557759285,0.35243943333625793,0.11739782616496086,
0,260816,matched,MATCHED_Rayleigh,RNND_Zhu,4438,0.371743556112051,0.2802968695759773,0.09144669584929943,
0,260816,matched,MATCHED_Rayleigh,RNND_Zhu,4439,0.5170593559741974,0.38143738359212875,0.13562197983264923,
0,260816,matched,MATCHED_Rayleigh,RNND_Zhu,4440,0.5859907120466232,0.43661876022815704,0.1493719480931759,
0,260816,matched,MATCHED_Rayleigh,RNND_Zhu,4441,0.49353375285863876,0.37303004413843155,0.12050370872020721,
0,260816,matched,MATCHED_Rayleigh,RNND_Zhu,4442,0.5200808495283127,0.39562252163887024,0.12445833534002304,
0,260816,matched,MATCHED_Rayleigh,RNND_Zhu,4443,0.4711176007986069,0.3567309081554413,0.11438668705523014,
0,260816,matched,MATCHED_Rayleigh,RNND_Zhu,4444,0.5049757212400436,0.3872763589024544,0.11769934743642807,
0,260816,matched,MATCHED_Rayleigh,RNND_Zhu,4445,0.43917836248874664,0.32939498871564865,0.1097833663225174,
0,260816,matched,MATCHED_Rayleigh,RNND_Zhu,4446,0.5294642820954323,0.40237706899642944,0.127087214961648,
0,260816,matched,MATCHED_Rayleigh,RNND_Zhu,4447,0.5948797762393951,0.4403810352087021,0.1544987540692091,
0,260816,matched,MATCHED_Rayleigh,RNND_Zhu,4448,0.4851166158914566,0.36653952300548553,0.11857709661126137,
0,260816,matched,MATCHED_Rayleigh,RNND_Zhu,4449,0.534797765314579,0.40055612474679947,0.13424163311719894,
0,260816,matched,MATCHED_Rayleigh,RNND_Zhu,4450,0.5744267925620079,0.42955081909894943,0.14487597532570362,
0,260816,matched,MATCHED_Rayleigh,RNND_Zhu,4451,0.4571981579065323,0.3438496105372906,0.11334855295717716,
0,260816,matched,MATCHED_Rayleigh,RNND_Zhu,4452,0.536742202937603,0.4078047163784504,0.12893748097121716,
0,260816,matched,MATCHED_Rayleigh,RNND_Zhu,4453,0.40795155614614487,0.314401987940073,0.09354956541210413,
0,260816,matched,MATCHED_Rayleigh,RNND_Zhu,4454,0.5015223249793053,0.38440585136413574,0.11711647547781467,
0,260816,matched,MATCHED_Rayleigh,RNND_Zhu,4455,0.4301821067929268,0.3166479617357254,0.11353415064513683,
0,260816,matched,MATCHED_Rayleigh,RNND_Zhu,4456,0.587331086397171,0.4444057121872902,0.14292537607252598,
0,260816,matched,MATCHED_Rayleigh,RNND_Zhu,4457,0.48824064433574677,0.36691346019506454,0.12132718227803707,
0,260816,matched,MATCHED_Rayleigh,RNND_Zhu,4458,0.5061606764793396,0.3807968720793724,0.1253638081252575,
0,260816,matched,MATCHED_Rayleigh,RNND_Zhu,4459,0.5008294880390167,0.3785688802599907,0.12226059660315514,
0,260816,matched,MATCHED_Rayleigh,RNND_Zhu,4460,0.5084186717867851,0.3822227045893669,0.1261959671974182,
0,260816,matched,MATCHED_Rayleigh,RNND_Zhu,4461,0.5016919523477554,0.3714819625020027,0.1302099972963333,
0,260816,matched,MATCHED_Rayleigh,RNND_Zhu,4462,0.6572431698441505,0.489046111702919,0.16819705069065094,
0,260816,matched,MATCHED_Rayleigh,RNND_Zhu,4463,0.48368629813194275,0.3708924278616905,0.11279387027025223,
0,260816,matched,MATCHED_Rayleigh,RNND_Zhu,4464,0.5239776223897934,0.39267730712890625,0.13130032643675804,
0,260816,matched,MATCHED_Rayleigh,RNND_Zhu,4465,0.49100731313228607,0.3733918368816376,0.11761548556387424,
0,260816,matched,MATCHED_Rayleigh,RNND_Zhu,4466,0.3882743567228317,0.29255905747413635,0.09571528621017933,
0,260816,matched,MATCHED_Rayleigh,RNND_Zhu,4467,0.4100453481078148,0.3080642409622669,0.10198110435158014,
0,260816,matched,MATCHED_Rayleigh,RNND_Zhu,4468,0.3984750285744667,0.30418187379837036,0.09429315105080605,
0,260816,matched,MATCHED_Rayleigh,RNND_Zhu,4469,0.47896508872509,0.3572080582380295,0.12175703421235085,
0,260816,matched,MATCHED_Rayleigh,RNND_Zhu,4470,0.5236938297748566,0.3960274010896683,0.1276664286851883,
0,260816,matched,MATCHED_Rayleigh,RNND_Zhu,4471,0.37721095979213715,0.2804712727665901,0.0967396916821599,
0,260816,matched,MATCHED_Rayleigh,RNND_Zhu,4472,0.5030157193541527,0.38138723373413086,0.12162847630679607,
0,260816,matched,MATCHED_Rayleigh,RNND_Zhu,4473,0.3717842996120453,0.27868108078837395,0.09310322068631649,
0,260816,matched,MATCHED_Rayleigh,RNND_Zhu,4474,0.5325334258377552,0.4028557687997818,0.1296776495873928,
0,260816,matched,MATCHED_Rayleigh,RNND_Zhu,4475,0.6592430472373962,0.4895881861448288,0.16965485364198685,
0,260816,matched,MATCHED_Rayleigh,RNND_Zhu,4476,0.5792071223258972,0.44016658514738083,0.13904053159058094,
0,260816,matched,MATCHED_Rayleigh,RNND_Zhu,4477,0.4652227647602558,0.34775230661034584,0.11747046653181314,
0,260816,matched,MATCHED_Rayleigh,RNND_Zhu,4478,0.43941280245780945,0.3310435861349106,0.10836921446025372,
0,260816,matched,MATCHED_Rayleigh,RNND_Zhu,4479,0.5422229766845703,0.3985223099589348,0.14370067790150642,
0,260816,matched,MATCHED_Rayleigh,RNND_Zhu,4480,0.6226003915071487,0.4620042219758034,0.16059617325663567,
0,260816,matched,MATCHED_Rayleigh,RNND_Zhu,4481,0.486751914024353,0.36957961693406105,0.11717230454087257,
0,260816,matched,MATCHED_Rayleigh,RNND_Zhu,4482,0.5020508244633675,0.3753541633486748,0.12669667415320873,
0,260816,matched,MATCHED_Rayleigh,RNND_Zhu,4483,0.50638098269701,0.3785236068069935,0.12785737589001656,
0,260816,matched,MATCHED_Rayleigh,RNND_Zhu,4484,0.5816435515880585,0.4309922829270363,0.1506512686610222,
0,260816,matched,MATCHED_Rayleigh,RNND_Zhu,4485,0.42982107400894165,0.3318718299269676,0.09794924594461918,
0,260816,matched,MATCHED_Rayleigh,RNND_Zhu,4486,0.45657042413949966,0.34189634397625923,0.11467408016324043,
0,260816,matched,MATCHED_Rayleigh,RNND_Zhu,4487,0.40639325976371765,0.3041563220322132,0.10223694145679474,
0,260816,matched,MATCHED_Rayleigh,RNND_Zhu,4488,0.4901520907878876,0.3668183162808418,0.12333378475159407,
0,260816,matched,MATCHED_Rayleigh,RNND_Zhu,4489,0.4349917694926262,0.3292847275733948,0.10570703912526369,
0,260816,matched,MATCHED_Rayleigh,RNND_Zhu,4490,0.4489959329366684,0.3277912512421608,0.1212046854197979,
0,260816,matched,MATCHED_Rayleigh,RNND_Zhu,4491,0.5085560530424118,0.38058703765273094,0.12796900980174541,
0,260816,matched,MATCHED_Rayleigh,RNND_Zhu,4492,0.47957436367869377,0.3617120087146759,0.11786235868930817,
0,260816,matched,MATCHED_Rayleigh,RNND_Zhu,4493,0.5072121694684029,0.37962664663791656,0.127585519105196,
0,260816,matched,MATCHED_Rayleigh,RNND_Zhu,4494,0.5303458049893379,0.4025971181690693,0.12774869985878468,
0,260816,matched,MATCHED_Rayleigh,RNND_Zhu,4495,0.6973120868206024,0.5248977020382881,0.1724143959581852,
0,260816,matched,MATCHED_Rayleigh,RNND_Zhu,4496,0.5535247325897217,0.4119408577680588,0.14158388040959835,
0,260816,matched,MATCHED_Rayleigh,RNND_Zhu,4497,0.6158877983689308,0.4618188962340355,0.15406890586018562,
0,260816,matched,MATCHED_Rayleigh,RNND_Zhu,4498,0.48852144181728363,0.3691384792327881,0.11938297376036644,
0,260816,matched,MATCHED_Rayleigh,RNND_Zhu,4499,0.569240152835846,0.4357014447450638,0.13353870809078217,
0,260816,matched,MATCHED_Rayleigh,RNND_Zhu,4500,0.49220120161771774,0.37246622145175934,0.11973498575389385,
0,260816,matched,MATCHED_Rayleigh,RNND_Zhu,4501,0.5436690524220467,0.4106982722878456,0.1329707708209753,
0,260816,matched,MATCHED_Rayleigh,RNND_Zhu,4502,0.49271731823682785,0.3777746185660362,0.11494269222021103,
0,260816,matched,MATCHED_Rayleigh,RNND_Zhu,4503,0.6193020865321159,0.46833088248968124,0.15097121335566044,
0,260816,matched,MATCHED_Rayleigh,RNND_Zhu,4504,0.44285184144973755,0.33774151280522346,0.10511032305657864,
0,260816,matched,MATCHED_Rayleigh,RNND_Zhu,4505,0.4678720310330391,0.35148006677627563,0.11639196798205376,
0,260816,matched,MATCHED_Rayleigh,RNND_Zhu,4506,0.3999256566166878,0.3046765848994255,0.09524906426668167,
0,260816,matched,MATCHED_Rayleigh,RNND_Zhu,4507,0.6255504339933395,0.4761316031217575,0.14941881597042084,
0,260816,matched,MATCHED_Rayleigh,RNND_Zhu,4508,0.4006830304861069,0.3077038787305355,0.09297914803028107,
0,260816,matched,MATCHED_Rayleigh,RNND_Zhu,4509,0.39224447309970856,0.2905748821794987,0.10166959650814533,
0,260816,matched,MATCHED_Rayleigh,RNND_Zhu,4510,0.43472567200660706,0.33063139766454697,0.10409426130354404,
0,260816,matched,MATCHED_Rayleigh,RNND_Zhu,4511,0.45224060118198395,0.33585409075021744,0.11638650856912136,
0,260816,matched,MATCHED_Rayleigh,RNND_Zhu,4512,0.45990943908691406,0.34682855755090714,0.11308088712394238,
0,260816,matched,MATCHED_Rayleigh,RNND_Zhu,4513,0.47750212252140045,0.3552340231835842,0.12226810678839684,
0,260816,matched,MATCHED_Rayleigh,RNND_Zhu,4514,0.31359608471393585,0.2399486005306244,0.07364748418331146,
0,260816,matched,MATCHED_Rayleigh,RNND_Zhu,4515,0.4490022286772728,0.3456995487213135,0.10330267809331417,
0,260816,matched,MATCHED_Rayleigh,RNND_Zhu,4516,0.4923793002963066,0.36831575632095337,0.12406354211270809,
0,260816,matched,MATCHED_Rayleigh,RNND_Zhu,4517,0.520327240228653,0.3913733437657356,0.12895390763878822,
0,260816,matched,MATCHED_Rayleigh,RNND_Zhu,4518,0.5757877305150032,0.4353809505701065,0.14040677063167095,
0,260816,matched,MATCHED_Rayleigh,RNND_Zhu,4519,0.44871003180742264,0.33931122720241547,0.10939880926162004,
0,260816,matched,MATCHED_Rayleigh,RNND_Zhu,4520,0.4158188924193382,0.3138507828116417,0.10196811333298683,
0,260816,matched,MATCHED_Rayleigh,RNND_Zhu,4521,0.5341215804219246,0.39631662517786026,0.1378049422055483,
0,260816,matched,MATCHED_Rayleigh,RNND_Zhu,4522,0.5008163750171661,0.38259419798851013,0.11822217330336571,
0,260816,matched,MATCHED_Rayleigh,RNND_Zhu,4523,0.511709176003933,0.38659483566880226,0.1251143328845501,
0,260816,matched,MATCHED_Rayleigh,RNND_Zhu,4524,0.4569290950894356,0.34416626021265984,0.1127628143876791,
0,260816,matched,MATCHED_Rayleigh,RNND_Zhu,4525,0.654547929763794,0.48791858553886414,0.1666293516755104,
0,260816,matched,MATCHED_Rayleigh,RNND_Zhu,4526,0.39843734353780746,0.3015788085758686,0.09685853123664856,
0,260816,matched,MATCHED_Rayleigh,RNND_Zhu,4527,0.5312183052301407,0.4024365358054638,0.12878177128732204,
0,260816,matched,MATCHED_Rayleigh,RNND_Zhu,4528,0.5981585830450058,0.44896019250154495,0.14919839054346085,
0,260816,matched,MATCHED_Rayleigh,RNND_Zhu,4529,0.36512256413698196,0.2838105261325836,0.0813120249658823,
0,260816,matched,MATCHED_Rayleigh,RNND_Zhu,4530,0.545663982629776,0.4087867848575115,0.13687719218432903,
0,260816,matched,MATCHED_Rayleigh,RNND_Zhu,4531,0.3751540333032608,0.28025732934474945,0.0948967132717371,
0,260816,matched,MATCHED_Rayleigh,RNND_Zhu,4532,0.49593162536621094,0.3714320547878742,0.12449954822659492,
0,260816,matched,MATCHED_Rayleigh,RNND_Zhu,4533,0.3945598378777504,0.30071187019348145,0.09384796861559153,
0,260816,matched,MATCHED_Rayleigh,RNND_Zhu,4534,0.3764166533946991,0.2790795713663101,0.09733708575367928,
0,260816,matched,MATCHED_Rayleigh,RNND_Zhu,4535,0.3719087392091751,0.27729517966508865,0.09461355581879616,
0,260816,matched,MATCHED_Rayleigh,RNND_Zhu,4536,0.4828811287879944,0.3596526011824608,0.1232285164296627,
0,260816,matched,MATCHED_Rayleigh,RNND_Zhu,4537,0.6140151023864746,0.47132275998592377,0.14269234240055084,
0,260816,matched,MATCHED_Rayleigh,RNND_Zhu,4538,0.532191701233387,0.395933173596859,0.13625852018594742,
0,260816,matched,MATCHED_Rayleigh,RNND_Zhu,4539,0.47317519783973694,0.3585818372666836,0.11459335684776306,
0,260816,matched,MATCHED_Rayleigh,RNND_Zhu,4540,0.5443703234195709,0.41035914421081543,0.1340111829340458,
0,260816,matched,MATCHED_Rayleigh,RNND_Zhu,4541,0.5561589002609253,0.4171053618192673,0.13905353099107742,
0,260816,matched,MATCHED_Rayleigh,RNND_Zhu,4542,0.544249139726162,0.4098915606737137,0.13435758464038372,
0,260816,matched,MATCHED_Rayleigh,RNND_Zhu,4543,0.414530374109745,0.31144262105226517,0.10308775678277016,
0,260816,matched,MATCHED_Rayleigh,RNND_Zhu,4544,0.4097394049167633,0.30878518894314766,0.10095420479774475,
0,260816,matched,MATCHED_Rayleigh,RNND_Zhu,4545,0.5538766235113144,0.41304949671030045,0.14082712307572365,
0,260816,matched,MATCHED_Rayleigh,RNND_Zhu,4546,0.5589530169963837,0.42125002294778824,0.13770298101007938,
0,260816,matched,MATCHED_Rayleigh,RNND_Zhu,4547,0.6133779361844063,0.46823085844516754,0.14514708705246449,
0,260816,matched,MATCHED_Rayleigh,RNND_Zhu,4548,0.5472483411431313,0.4140944331884384,0.13315390422940254,
0,260816,matched,MATCHED_Rayleigh,RNND_Zhu,4549,0.37804387882351875,0.2860441021621227,0.09199977945536375,
0,260816,matched,MATCHED_Rayleigh,RNND_Zhu,4550,0.5139515250921249,0.3851681798696518,0.128783343359828,
0,260816,matched,MATCHED_Rayleigh,RNND_Zhu,4551,0.5138620436191559,0.38438641279935837,0.1294756382703781,
0,260816,matched,MATCHED_Rayleigh,RNND_Zhu,4552,0.4119368940591812,0.31032269820570946,0.10161420051008463,
0,260816,matched,MATCHED_Rayleigh,RNND_Zhu,4553,0.43849262595176697,0.3308641090989113,0.10762851312756538,
0,260816,matched,MATCHED_Rayleigh,RNND_Zhu,4554,0.352628156542778,0.2672746926546097,0.08535346202552319,
0,260816,matched,MATCHED_Rayleigh,RNND_Zhu,4555,0.42971600592136383,0.32325490936636925,0.10646110586822033,
0,260816,matched,MATCHED_Rayleigh,RNND_Zhu,4556,0.4631347805261612,0.34085239470005035,0.12228239513933659,
0,260816,matched,MATCHED_Rayleigh,RNND_Zhu,4557,0.5012898407876492,0.3815002404153347,0.11978960875421762,
0,260816,matched,MATCHED_Rayleigh,RNND_Zhu,4558,0.45371683314442635,0.3394635021686554,0.11425333004444838,
0,260816,matched,MATCHED_Rayleigh,RNND_Zhu,4559,0.5076435208320618,0.3888196051120758,0.11882391758263111,
0,260816,matched,MATCHED_Rayleigh,RNND_Zhu,4560,0.37884383648633957,0.2880242392420769,0.0908195935189724,
0,260816,matched,MATCHED_Rayleigh,RNND_Zhu,4561,0.4967504069209099,0.3770419508218765,0.11970845609903336,
0,260816,matched,MATCHED_Rayleigh,RNND_Zhu,4562,0.41779498755931854,0.3197004348039627,0.09809454903006554,
0,260816,matched,MATCHED_Rayleigh,RNND_Zhu,4563,0.3976917825639248,0.30216357111930847,0.09552821144461632,
0,260816,matched,MATCHED_Rayleigh,RNND_Zhu,4564,0.41239435970783234,0.3106168136000633,0.10177755728363991,
0,260816,matched,MATCHED_Rayleigh,RNND_Zhu,4565,0.47172780334949493,0.3583149090409279,0.1134128924459219,
0,260816,matched,MATCHED_Rayleigh,RNND_Zhu,4566,0.4720226004719734,0.35499487817287445,0.11702773161232471,
0,260816,matched,MATCHED_Rayleigh,RNND_Zhu,4567,0.42607923597097397,0.32004037499427795,0.10603886283934116,
0,260816,matched,MATCHED_Rayleigh,RNND_Zhu,4568,0.5516440197825432,0.41462041437625885,0.13702359609305859,
0,260816,matched,MATCHED_Rayleigh,RNND_Zhu,4569,0.547300361096859,0.4151898957788944,0.1321104560047388,
0,260816,matched,MATCHED_Rayleigh,RNND_Zhu,4570,0.46538956835865974,0.3502809442579746,0.1151086250320077,
0,260816,matched,MATCHED_Rayleigh,RNND_Zhu,4571,0.43950413912534714,0.3239075057208538,0.11559662222862244,
0,260816,matched,MATCHED_Rayleigh,RNND_Zhu,4572,0.4873003289103508,0.3676648959517479,0.11963543109595776,
0,260816,matched,MATCHED_Rayleigh,RNND_Zhu,4573,0.48706868290901184,0.3661145828664303,0.12095408514142036,
0,260816,matched,MATCHED_Rayleigh,RNND_Zhu,4574,0.4267513155937195,0.32192113995552063,0.104830177500844,
0,260816,matched,MATCHED_Rayleigh,RNND_Zhu,4575,0.5249188989400864,0.39603741466999054,0.12888148613274097,
0,260816,matched,MATCHED_Rayleigh,RNND_Zhu,4576,0.4037078619003296,0.30165913328528404,0.1020487267524004,
0,260816,matched,MATCHED_Rayleigh,RNND_Zhu,4577,0.479763925075531,0.36129922792315483,0.11846469528973103,
0,260816,matched,MATCHED_Rayleigh,RNND_Zhu,4578,0.4995742440223694,0.3757304176688194,0.1238438282161951,
0,260816,matched,MATCHED_Rayleigh,RNND_Zhu,4579,0.41854796186089516,0.30717983096838,0.11136813834309578,
0,260816,matched,MATCHED_Rayleigh,RNND_Zhu,4580,0.5379408225417137,0.3999374285340309,0.13800339214503765,
0,260816,matched,MATCHED_Rayleigh,RNND_Zhu,4581,0.5194332599639893,0.38413167744874954,0.13530157878994942,
0,260816,matched,MATCHED_Rayleigh,RNND_Zhu,4582,0.4984302669763565,0.3695680946111679,0.1288621798157692,
0,260816,matched,MATCHED_Rayleigh,RNND_Zhu,4583,0.503559198230505,0.38392651826143265,0.11963267903774977,
0,260816,matched,MATCHED_Rayleigh,RNND_Zhu,4584,0.3765585795044899,0.28237420320510864,0.09418436884880066,
0,260816,matched,MATCHED_Rayleigh,RNND_Zhu,4585,0.39517320692539215,0.29794665053486824,0.09722655825316906,
0,260816,matched,MATCHED_Rayleigh,RNND_Zhu,4586,0.4084983840584755,0.30961838364601135,0.09888001158833504,
0,260816,matched,MATCHED_Rayleigh,RNND_Zhu,4587,0.4585399329662323,0.34770485013723373,0.11083509400486946,
0,260816,matched,MATCHED_Rayleigh,RNND_Zhu,4588,0.41619153320789337,0.3101175054907799,0.1060740314424038,
0,260816,matched,MATCHED_Rayleigh,RNND_Zhu,4589,0.4405093193054199,0.3340625576674938,0.10644677095115185,
0,260816,matched,MATCHED_Rayleigh,RNND_Zhu,4590,0.46488437056541443,0.3546193316578865,0.11026503704488277,
0,260816,matched,MATCHED_Rayleigh,RNND_Zhu,4591,0.5427278056740761,0.4107866510748863,0.1319411564618349,
0,260816,matched,MATCHED_Rayleigh,RNND_Zhu,4592,0.4468941017985344,0.33488208055496216,0.11201202217489481,
0,260816,matched,MATCHED_Rayleigh,RNND_Zhu,4593,0.43968498706817627,0.32741212472319603,0.11227285768836737,
0,260816,matched,MATCHED_Rayleigh,RNND_Zhu,4594,0.49027322232723236,0.36743565648794174,0.12283755838871002,
0,260816,matched,MATCHED_Rayleigh,RNND_Zhu,4595,0.4788520559668541,0.36262252926826477,0.11622951738536358,
0,260816,matched,MATCHED_Rayleigh,RNND_Zhu,4596,0.501738041639328,0.3840065114200115,0.11773153580725193,
0,260816,matched,MATCHED_Rayleigh,RNND_Zhu,4597,0.5752260833978653,0.42914751172065735,0.14607857912778854,
0,260816,matched,MATCHED_Rayleigh,RNND_Zhu,4598,0.3550758324563503,0.2670084536075592,0.08806738536804914,
0,260816,matched,MATCHED_Rayleigh,RNND_Zhu,4599,0.5061584152281284,0.38048967719078064,0.12566874083131552,
0,260816,matched,MATCHED_Rayleigh,RNND_Zhu,4600,0.41627800464630127,0.3160675950348377,0.10021041706204414,-0.7523715824612064
0,260816,matched,MATCHED_Rayleigh,RNND_Zhu,4601,0.6487132534384727,0.48228466510772705,0.1664285883307457,
0,260816,matched,MATCHED_Rayleigh,RNND_Zhu,4602,0.42246784269809723,0.3209061324596405,0.10156171023845673,
0,260816,matched,MATCHED_Rayleigh,RNND_Zhu,4603,0.3439790867269039,0.259367648512125,0.08461143542081118,
0,260816,matched,MATCHED_Rayleigh,RNND_Zhu,4604,0.5734063908457756,0.4263107627630234,0.14709562622010708,
0,260816,matched,MATCHED_Rayleigh,RNND_Zhu,4605,0.46423400938510895,0.3527945205569267,0.11143949255347252,
0,260816,matched,MATCHED_Rayleigh,RNND_Zhu,4606,0.43575770407915115,0.33003075420856476,0.10572694521397352,
0,260816,matched,MATCHED_Rayleigh,RNND_Zhu,4607,0.40816671401262283,0.3061291575431824,0.10203755833208561,
0,260816,matched,MATCHED_Rayleigh,RNND_Zhu,4608,0.5684791579842567,0.4300294928252697,0.13844968378543854,
0,260816,matched,MATCHED_Rayleigh,RNND_Zhu,4609,0.5221020132303238,0.39153461530804634,0.1305673997849226,
0,260816,matched,MATCHED_Rayleigh,RNND_Zhu,4610,0.47453226894140244,0.3589048609137535,0.11562741734087467,
0,260816,matched,MATCHED_Rayleigh,RNND_Zhu,4611,0.4441422373056412,0.335125844925642,0.10901639796793461,
0,260816,matched,MATCHED_Rayleigh,RNND_Zhu,4612,0.44374512135982513,0.3371092900633812,0.10663583315908909,
0,260816,matched,MATCHED_Rayleigh,RNND_Zhu,4613,0.38305965065956116,0.2926082909107208,0.09045135788619518,
0,260816,matched,MATCHED_Rayleigh,RNND_Zhu,4614,0.5776115730404854,0.4417074918746948,0.13590408489108086,
0,260816,matched,MATCHED_Rayleigh,RNND_Zhu,4615,0.5311806052923203,0.400819331407547,0.13036125525832176,
0,260816,matched,MATCHED_Rayleigh,RNND_Zhu,4616,0.5554198324680328,0.41328976303339005,0.1421300657093525,
0,260816,matched,MATCHED_Rayleigh,RNND_Zhu,4617,0.4803150147199631,0.3640640527009964,0.11625097319483757,
0,260816,matched,MATCHED_Rayleigh,RNND_Zhu,4618,0.4847930297255516,0.36757128685712814,0.11722174286842346,
0,260816,matched,MATCHED_Rayleigh,RNND_Zhu,4619,0.5103093981742859,0.392732210457325,0.1175771951675415,
0,260816,matched,MATCHED_Rayleigh,RNND_Zhu,4620,0.41838546469807625,0.3212132230401039,0.09717224072664976,
0,260816,matched,MATCHED_Rayleigh,RNND_Zhu,4621,0.4600454196333885,0.34895550459623337,0.1110899168998003,
0,260816,matched,MATCHED_Rayleigh,RNND_Zhu,4622,0.45546043664216995,0.34687890112400055,0.10858153738081455,
0,260816,matched,MATCHED_Rayleigh,RNND_Zhu,4623,0.5616906434297562,0.4201262891292572,0.14156435057520866,
0,260816,matched,MATCHED_Rayleigh,RNND_Zhu,4624,0.3843492828309536,0.29236147925257683,0.0919877989217639,
0,260816,matched,MATCHED_Rayleigh,RNND_Zhu,4625,0.5405112132430077,0.4080996438860893,0.13241156563162804,
0,260816,matched,MATCHED_Rayleigh,RNND_Zhu,4626,0.45537107437849045,0.340625524520874,0.11474554613232613,
0,260816,matched,MATCHED_Rayleigh,RNND_Zhu,4627,0.48723503947257996,0.368476215749979,0.11875882744789124,
0,260816,matched,MATCHED_Rayleigh,RNND_Zhu,4628,0.5123681798577309,0.383670162409544,0.12869801186025143,
0,260816,matched,MATCHED_Rayleigh,RNND_Zhu,4629,0.3812999501824379,0.2851942889392376,0.0961056537926197,
0,260816,matched,MATCHED_Rayleigh,RNND_Zhu,4630,0.45180969685316086,0.34239523857831955,0.10941445827484131,
0,260816,matched,MATCHED_Rayleigh,RNND_Zhu,4631,0.49600987136363983,0.36653443798422813,0.1294754408299923,
0,260816,matched,MATCHED_Rayleigh,RNND_Zhu,4632,0.555545948445797,0.4134243614971638,0.14212159160524607,
0,260816,matched,MATCHED_Rayleigh,RNND_Zhu,4633,0.3855893164873123,0.29651500284671783,0.08907430805265903,
0,260816,matched,MATCHED_Rayleigh,RNND_Zhu,4634,0.6218312531709671,0.4688519984483719,0.15297924727201462,
0,260816,matched,MATCHED_Rayleigh,RNND_Zhu,4635,0.40969104692339897,0.31153830513358116,0.09815274085849524,
0,260816,matched,MATCHED_Rayleigh,RNND_Zhu,4636,0.5795001834630966,0.43722688406705856,0.1422733049839735,
0,260816,matched,MATCHED_Rayleigh,RNND_Zhu,4637,0.5746888667345047,0.44036491960287094,0.13432394340634346,
0,260816,matched,MATCHED_Rayleigh,RNND_Zhu,4638,0.5258541703224182,0.3943048492074013,0.13154933042824268,
0,260816,matched,MATCHED_Rayleigh,RNND_Zhu,4639,0.5473434180021286,0.4087284952402115,0.13861492089927197,
0,260816,matched,MATCHED_Rayleigh,RNND_Zhu,4640,0.5746221393346786,0.4299851544201374,0.1446370016783476,
0,260816,matched,MATCHED_Rayleigh,RNND_Zhu,4641,0.49530191719532013,0.37163981050252914,0.12366209365427494,
0,260816,matched,MATCHED_Rayleigh,RNND_Zhu,4642,0.42057424783706665,0.3151562958955765,0.10541796125471592,
0,260816,matched,MATCHED_Rayleigh,RNND_Zhu,4643,0.5483539402484894,0.41425129026174545,0.13410265743732452,
0,260816,matched,MATCHED_Rayleigh,RNND_Zhu,4644,0.4248877912759781,0.3262638486921787,0.09862393699586391,
0,260816,matched,MATCHED_Rayleigh,RNND_Zhu,4645,0.4956829249858856,0.3729613348841667,0.12272157520055771,
0,260816,matched,MATCHED_Rayleigh,RNND_Zhu,4646,0.4497937262058258,0.34352002665400505,0.10627368278801441,
0,260816,matched,MATCHED_Rayleigh,RNND_Zhu,4647,0.494366317987442,0.36700892448425293,0.12735740467905998,
0,260816,matched,MATCHED_Rayleigh,RNND_Zhu,4648,0.46232549101114273,0.3480196110904217,0.11430587992072105,
0,260816,matched,MATCHED_Rayleigh,RNND_Zhu,4649,0.4624071270227432,0.34874580428004265,0.11366132460534573,
0,260816,matched,MATCHED_Rayleigh,RNND_Zhu,4650,0.4334004819393158,0.3288058340549469,0.1045946404337883,
0,260816,matched,MATCHED_Rayleigh,RNND_Zhu,4651,0.6267808377742767,0.47009678184986115,0.15668407082557678,
0,260816,matched,MATCHED_Rayleigh,RNND_Zhu,4652,0.4767966568470001,0.3569043353199959,0.11989233084022999,
0,260816,matched,MATCHED_Rayleigh,RNND_Zhu,4653,0.49640601873397827,0.37046415358781815,0.12594186142086983,
0,260816,matched,MATCHED_Rayleigh,RNND_Zhu,4654,0.39725880697369576,0.2986430525779724,0.09861575160175562,
0,260816,matched,MATCHED_Rayleigh,RNND_Zhu,4655,0.48064006865024567,0.35926008224487305,0.12137998454272747,
0,260816,matched,MATCHED_Rayleigh,RNND_Zhu,4656,0.45233341306447983,0.34530118107795715,0.10703223384916782,
0,260816,matched,MATCHED_Rayleigh,RNND_Zhu,4657,0.45753834396600723,0.3455635607242584,0.11197478882968426,
0,260816,matched,MATCHED_Rayleigh,RNND_Zhu,4658,0.5114357173442841,0.38251732289791107,0.12891839258372784,
0,260816,matched,MATCHED_Rayleigh,RNND_Zhu,4659,0.44032618030905724,0.33156242594122887,0.10876374691724777,
0,260816,matched,MATCHED_Rayleigh,RNND_Zhu,4660,0.411642886698246,0.3110845163464546,0.10055836569517851,
0,260816,matched,MATCHED_Rayleigh,RNND_Zhu,4661,0.43904023617506027,0.3284042999148369,0.11063594743609428,
0,260816,matched,MATCHED_Rayleigh,RNND_Zhu,4662,0.5096569955348969,0.3782763257622719,0.13138066790997982,
0,260816,matched,MATCHED_Rayleigh,RNND_Zhu,4663,0.45754172652959824,0.34684044122695923,0.1107012890279293,
0,260816,matched,MATCHED_Rayleigh,RNND_Zhu,4664,0.5332062989473343,0.39967988431453705,0.1335264090448618,
0,260816,matched,MATCHED_Rayleigh,RNND_Zhu,4665,0.4302843138575554,0.3289806395769119,0.10130367428064346,
0,260816,matched,MATCHED_Rayleigh,RNND_Zhu,4666,0.5479822903871536,0.4095764644443989,0.13840583711862564,
0,260816,matched,MATCHED_Rayleigh,RNND_Zhu,4667,0.6400696113705635,0.4849714934825897,0.15509812720119953,
0,260816,matched,MATCHED_Rayleigh,RNND_Zhu,4668,0.4774968922138214,0.35604872554540634,0.12144816294312477,
0,260816,matched,MATCHED_Rayleigh,RNND_Zhu,4669,0.5634790807962418,0.42545630782842636,0.138022780418396,
0,260816,matched,MATCHED_Rayleigh,RNND_Zhu,4670,0.38184016942977905,0.2893756926059723,0.09246448054909706,
0,260816,matched,MATCHED_Rayleigh,RNND_Zhu,4671,0.46479640901088715,0.35085611417889595,0.1139402985572815,
0,260816,matched,MATCHED_Rayleigh,RNND_Zhu,4672,0.5302130728960037,0.3988787531852722,0.1313343197107315,
0,260816,matched,MATCHED_Rayleigh,RNND_Zhu,4673,0.36407777667045593,0.27469848096370697,0.08937929943203926,
0,260816,matched,MATCHED_Rayleigh,RNND_Zhu,4674,0.33779142796993256,0.25250643491744995,0.08528498560190201,
0,260816,matched,MATCHED_Rayleigh,RNND_Zhu,4675,0.5995885729789734,0.44927870482206345,0.15030986443161964,
0,260816,matched,MATCHED_Rayleigh,RNND_Zhu,4676,0.4101470112800598,0.31144513562321663,0.09870187379419804,
0,260816,matched,MATCHED_Rayleigh,RNND_Zhu,4677,0.45457547903060913,0.3392488807439804,0.11532659828662872,
0,260816,matched,MATCHED_Rayleigh,RNND_Zhu,4678,0.4241735711693764,0.32535260915756226,0.09882094897329807,
0,260816,matched,MATCHED_Rayleigh,RNND_Zhu,4679,0.5191654413938522,0.38723428547382355,0.13193115964531898,
0,260816,matched,MATCHED_Rayleigh,RNND_Zhu,4680,0.3755853995680809,0.28596560657024384,0.08961979113519192,
0,260816,matched,MATCHED_Rayleigh,RNND_Zhu,4681,0.4644151106476784,0.3535704091191292,0.11084469221532345,
0,260816,matched,MATCHED_Rayleigh,RNND_Zhu,4682,0.32531843334436417,0.24752679839730263,0.07779163122177124,
0,260816,matched,MATCHED_Rayleigh,RNND_Zhu,4683,0.33810167014598846,0.26190343871712685,0.07619822770357132,
0,260816,matched,MATCHED_Rayleigh,RNND_Zhu,4684,0.4877088591456413,0.36786241456866264,0.11984643898904324,
0,260816,matched,MATCHED_Rayleigh,RNND_Zhu,4685,0.5418087989091873,0.40967851877212524,0.13213027641177177,
0,260816,matched,MATCHED_Rayleigh,RNND_Zhu,4686,0.34500904381275177,0.25441792979836464,0.09059111773967743,
0,260816,matched,MATCHED_Rayleigh,RNND_Zhu,4687,0.317074716091156,0.23976003378629684,0.07731468323618174,
0,260816,matched,MATCHED_Rayleigh,RNND_Zhu,4688,0.4759102016687393,0.36343274265527725,0.11247745715081692,
0,260816,matched,MATCHED_Rayleigh,RNND_Zhu,4689,0.4440304711461067,0.32874444127082825,0.11528602428734303,
0,260816,matched,MATCHED_Rayleigh,RNND_Zhu,4690,0.5114059671759605,0.39056504517793655,0.12084092199802399,
0,260816,matched,MATCHED_Rayleigh,RNND_Zhu,4691,0.43915656208992004,0.32948779687285423,0.10966876335442066,
0,260816,matched,MATCHED_Rayleigh,RNND_Zhu,4692,0.582043781876564,0.44395167380571365,0.13809209689497948,
0,260816,matched,MATCHED_Rayleigh,RNND_Zhu,4693,0.5189981311559677,0.38913194462656975,0.12986617907881737,
0,260816,matched,MATCHED_Rayleigh,RNND_Zhu,4694,0.4256727620959282,0.32550327852368355,0.10016947612166405,
0,260816,matched,MATCHED_Rayleigh,RNND_Zhu,4695,0.5098544731736183,0.3863416276872158,0.12351283803582191,
0,260816,matched,MATCHED_Rayleigh,RNND_Zhu,4696,0.47016382217407227,0.35232309997081757,0.1178407296538353,
0,260816,matched,MATCHED_Rayleigh,RNND_Zhu,4697,0.5233924090862274,0.3916024938225746,0.1317899227142334,
0,260816,matched,MATCHED_Rayleigh,RNND_Zhu,4698,0.41319357603788376,0.31462929770350456,0.09856428019702435,
0,260816,matched,MATCHED_Rayleigh,RNND_Zhu,4699,0.5486635342240334,0.4146004542708397,0.13406306691467762,
0,260816,matched,MATCHED_Rayleigh,RNND_Zhu,4700,0.3672836795449257,0.27864720299839973,0.08863647282123566,
0,260816,matched,MATCHED_Rayleigh,RNND_Zhu,4701,0.5370723307132721,0.40441812947392464,0.13265419378876686,
0,260816,matched,MATCHED_Rayleigh,RNND_Zhu,4702,0.3808196783065796,0.2889896221458912,0.0918300487101078,
0,260816,matched,MATCHED_Rayleigh,RNND_Zhu,4703,0.24563584476709366,0.18848176673054695,0.05715407710522413,
0,260816,matched,MATCHED_Rayleigh,RNND_Zhu,4704,0.43437986820936203,0.33014442026615143,0.10423543862998486,
0,260816,matched,MATCHED_Rayleigh,RNND_Zhu,4705,0.5082866251468658,0.38497133553028107,0.12331530451774597,
0,260816,matched,MATCHED_Rayleigh,RNND_Zhu,4706,0.42151229083538055,0.30999985337257385,0.1115124449133873,
0,260816,matched,MATCHED_Rayleigh,RNND_Zhu,4707,0.3546932116150856,0.27013759315013885,0.0845556054264307,
0,260816,matched,MATCHED_Rayleigh,RNND_Zhu,4708,0.39542118459939957,0.29458069801330566,0.10084048472344875,
0,260816,matched,MATCHED_Rayleigh,RNND_Zhu,4709,0.6228554993867874,0.4585900902748108,0.16426541283726692,
0,260816,matched,MATCHED_Rayleigh,RNND_Zhu,4710,0.5424499586224556,0.4079436585307121,0.13450630940496922,
0,260816,matched,MATCHED_Rayleigh,RNND_Zhu,4711,0.3917134627699852,0.2977083958685398,0.09400506410747766,
0,260816,matched,MATCHED_Rayleigh,RNND_Zhu,4712,0.48507148772478104,0.37066055089235306,0.11441094614565372,
0,260816,matched,MATCHED_Rayleigh,RNND_Zhu,4713,0.3524308577179909,0.2648179456591606,0.08761290740221739,
0,260816,matched,MATCHED_Rayleigh,RNND_Zhu,4714,0.39950937032699585,0.304665882140398,0.09484349377453327,
0,260816,matched,MATCHED_Rayleigh,RNND_Zhu,4715,0.5355101600289345,0.40642307698726654,0.12908707559108734,
0,260816,matched,MATCHED_Rayleigh,RNND_Zhu,4716,0.5323360934853554,0.4027642160654068,0.12957187183201313,
0,260816,matched,MATCHED_Rayleigh,RNND_Zhu,4717,0.39028872549533844,0.2896591126918793,0.10062961094081402,
0,260816,matched,MATCHED_Rayleigh,RNND_Zhu,4718,0.5072705894708633,0.3875822350382805,0.1196883749216795,
0,260816,matched,MATCHED_Rayleigh,RNND_Zhu,4719,0.4686358720064163,0.35454098135232925,0.11409490555524826,
0,260816,matched,MATCHED_Rayleigh,RNND_Zhu,4720,0.542708270251751,0.41953833028674126,0.12316993623971939,
0,260816,matched,MATCHED_Rayleigh,RNND_Zhu,4721,0.4121881499886513,0.31769198924303055,0.09449615329504013,
0,260816,matched,MATCHED_Rayleigh,RNND_Zhu,4722,0.5305227339267731,0.3980712667107582,0.1324514728039503,
0,260816,matched,MATCHED_Rayleigh,RNND_Zhu,4723,0.48754163086414337,0.3649629279971123,0.1225787065923214,
0,260816,matched,MATCHED_Rayleigh,RNND_Zhu,4724,0.47463905811309814,0.3583671972155571,0.11627187766134739,
0,260816,matched,MATCHED_Rayleigh,RNND_Zhu,4725,0.38232000917196274,0.2960703559219837,0.08624965138733387,
0,260816,matched,MATCHED_Rayleigh,RNND_Zhu,4726,0.47922397777438164,0.36253345012664795,0.11669052392244339,
0,260816,matched,MATCHED_Rayleigh,RNND_Zhu,4727,0.44063960760831833,0.33161455392837524,0.10902504436671734,
0,260816,matched,MATCHED_Rayleigh,RNND_Zhu,4728,0.4565022587776184,0.3446449004113674,0.11185735836625099,
0,260816,matched,MATCHED_Rayleigh,RNND_Zhu,4729,0.5965303182601929,0.4458376094698906,0.15069270506501198,
0,260816,matched,MATCHED_Rayleigh,RNND_Zhu,4730,0.4392104595899582,0.33023250102996826,0.10897795297205448,
0,260816,matched,MATCHED_Rayleigh,RNND_Zhu,4731,0.49056605249643326,0.3701387867331505,0.12042728438973427,
0,260816,matched,MATCHED_Rayleigh,RNND_Zhu,4732,0.5843416750431061,0.4464103505015373,0.13793131336569786,
0,260816,matched,MATCHED_Rayleigh,RNND_Zhu,4733,0.5513327419757843,0.42036254703998566,0.1309701967984438,
0,260816,matched,MATCHED_Rayleigh,RNND_Zhu,4734,0.5129995942115784,0.3840734288096428,0.12892615981400013,
0,260816,matched,MATCHED_Rayleigh,RNND_Zhu,4735,0.40335386991500854,0.3028498478233814,0.10050401464104652,
0,260816,matched,MATCHED_Rayleigh,RNND_Zhu,4736,0.5071132183074951,0.3782058209180832,0.12890740483999252,
0,260816,matched,MATCHED_Rayleigh,RNND_Zhu,4737,0.432870227843523,0.3271435983479023,0.1057266378775239,
0,260816,matched,MATCHED_Rayleigh,RNND_Zhu,4738,0.7327190041542053,0.5493007600307465,0.18341825157403946,
0,260816,matched,MATCHED_Rayleigh,RNND_Zhu,4739,0.4297894686460495,0.32667533680796623,0.10311412811279297,
0,260816,matched,MATCHED_Rayleigh,RNND_Zhu,4740,0.521746315062046,0.396354328840971,0.1253919843584299,
0,260816,matched,MATCHED_Rayleigh,RNND_Zhu,4741,0.5285733491182327,0.40492160990834236,0.12365175038576126,
0,260816,matched,MATCHED_Rayleigh,RNND_Zhu,4742,0.4303886480629444,0.32366281747817993,0.10672582779079676,
0,260816,matched,MATCHED_Rayleigh,RNND_Zhu,4743,0.4538509175181389,0.34243709594011307,0.11141383275389671,
0,260816,matched,MATCHED_Rayleigh,RNND_Zhu,4744,0.45814933627843857,0.3501991890370846,0.10795015841722488,
0,260816,matched,MATCHED_Rayleigh,RNND_Zhu,4745,0.5723191127181053,0.4371221996843815,0.13519691675901413,
0,260816,matched,MATCHED_Rayleigh,RNND_Zhu,4746,0.4868435487151146,0.37756597250699997,0.10927757248282433,
0,260816,matched,MATCHED_Rayleigh,RNND_Zhu,4747,0.4842424765229225,0.36853745207190514,0.11570501141250134,
0,260816,matched,MATCHED_Rayleigh,RNND_Zhu,4748,0.6067667752504349,0.45542312413454056,0.15134364366531372,
0,260816,matched,MATCHED_Rayleigh,RNND_Zhu,4749,0.45027702301740646,0.33856291323900223,0.11171411164104939,
0,260816,matched,MATCHED_Rayleigh,RNND_Zhu,4750,0.4777808412909508,0.3609825111925602,0.11679831612855196,
0,260816,matched,MATCHED_Rayleigh,RNND_Zhu,4751,0.4584791287779808,0.3510514348745346,0.10742770880460739,
0,260816,matched,MATCHED_Rayleigh,RNND_Zhu,4752,0.4706343710422516,0.3547537326812744,0.11588064208626747,
0,260816,matched,MATCHED_Rayleigh,RNND_Zhu,4753,0.3314686343073845,0.2559345178306103,0.07553410716354847,
0,260816,matched,MATCHED_Rayleigh,RNND_Zhu,4754,0.32486456632614136,0.25409067422151566,0.07077389862388372,
0,260816,matched,MATCHED_Rayleigh,RNND_Zhu,4755,0.3982168212532997,0.29613592475652695,0.10208089649677277,
0,260816,matched,MATCHED_Rayleigh,RNND_Zhu,4756,0.43761786818504333,0.3321373611688614,0.10548051167279482,
0,260816,matched,MATCHED_Rayleigh,RNND_Zhu,4757,0.47258978337049484,0.3551291413605213,0.11746063083410263,
0,260816,matched,MATCHED_Rayleigh,RNND_Zhu,4758,0.4650239869952202,0.3455396704375744,0.1194843202829361,
0,260816,matched,MATCHED_Rayleigh,RNND_Zhu,4759,0.33806098252534866,0.2586321271955967,0.07942885998636484,
0,260816,matched,MATCHED_Rayleigh,RNND_Zhu,4760,0.5144239217042923,0.39262643083930016,0.1217974778264761,
0,260816,matched,MATCHED_Rayleigh,RNND_Zhu,4761,0.5272126346826553,0.39295266568660736,0.13425998389720917,
0,260816,matched,MATCHED_Rayleigh,RNND_Zhu,4762,0.5922609753906727,0.4433497488498688,0.14891121536493301,
0,260816,matched,MATCHED_Rayleigh,RNND_Zhu,4763,0.48052235692739487,0.3582378327846527,0.12228452414274216,
0,260816,matched,MATCHED_Rayleigh,RNND_Zhu,4764,0.4603387340903282,0.3454052582383156,0.11493347585201263,
0,260816,matched,MATCHED_Rayleigh,RNND_Zhu,4765,0.7949249148368835,0.6015675961971283,0.19335732609033585,
0,260816,matched,MATCHED_Rayleigh,RNND_Zhu,4766,0.4918346181511879,0.37141241878271103,0.12042219750583172,
0,260816,matched,MATCHED_Rayleigh,RNND_Zhu,4767,0.5149946957826614,0.3877842351794243,0.1272104550153017,
0,260816,matched,MATCHED_Rayleigh,RNND_Zhu,4768,0.3950892202556133,0.3045479282736778,0.09054129477590322,
0,260816,matched,MATCHED_Rayleigh,RNND_Zhu,4769,0.4326478876173496,0.3265998885035515,0.10604799631983042,
0,260816,matched,MATCHED_Rayleigh,RNND_Zhu,4770,0.4798966944217682,0.3550308048725128,0.12486589420586824,
0,260816,matched,MATCHED_Rayleigh,RNND_Zhu,4771,0.4038483500480652,0.3024186044931412,0.10142974741756916,
0,260816,matched,MATCHED_Rayleigh,RNND_Zhu,4772,0.42593007534742355,0.32497188076376915,0.10095819644629955,
0,260816,matched,MATCHED_Rayleigh,RNND_Zhu,4773,0.41631215065717697,0.31612738966941833,0.10018476098775864,
0,260816,matched,MATCHED_Rayleigh,RNND_Zhu,4774,0.49718379974365234,0.3751036152243614,0.12208018824458122,
0,260816,matched,MATCHED_Rayleigh,RNND_Zhu,4775,0.5037232637405396,0.38285215198993683,0.12087112851440907,
0,260816,matched,MATCHED_Rayleigh,RNND_Zhu,4776,0.3678487539291382,0.2778402864933014,0.09000846743583679,
0,260816,matched,MATCHED_Rayleigh,RNND_Zhu,4777,0.6386123821139336,0.4839359447360039,0.15467644110321999,
0,260816,matched,MATCHED_Rayleigh,RNND_Zhu,4778,0.5066148862242699,0.38371915370225906,0.12289573159068823,
0,260816,matched,MATCHED_Rayleigh,RNND_Zhu,4779,0.5482129827141762,0.4149148315191269,0.13329813815653324,
0,260816,matched,MATCHED_Rayleigh,RNND_Zhu,4780,0.3262362480163574,0.24451467767357826,0.08172156661748886,
0,260816,matched,MATCHED_Rayleigh,RNND_Zhu,4781,0.6035105437040329,0.4596398174762726,0.14387070760130882,
0,260816,matched,MATCHED_Rayleigh,RNND_Zhu,4782,0.5555891543626785,0.4178222045302391,0.13776694610714912,
0,260816,matched,MATCHED_Rayleigh,RNND_Zhu,4783,0.5811950340867043,0.4436051547527313,0.13758987747132778,
0,260816,matched,MATCHED_Rayleigh,RNND_Zhu,4784,0.4797084927558899,0.35736480355262756,0.12234369665384293,
0,260816,matched,MATCHED_Rayleigh,RNND_Zhu,4785,0.4477508142590523,0.3378433436155319,0.10990746226161718,
0,260816,matched,MATCHED_Rayleigh,RNND_Zhu,4786,0.5791614055633545,0.4405920282006264,0.13856937736272812,
0,260816,matched,MATCHED_Rayleigh,RNND_Zhu,4787,0.6615255624055862,0.4964620769023895,0.16506348922848701,
0,260816,matched,MATCHED_Rayleigh,RNND_Zhu,4788,0.5225326418876648,0.394538052380085,0.1279946006834507,
0,260816,matched,MATCHED_Rayleigh,RNND_Zhu,4789,0.4200170859694481,0.3142499588429928,0.10576712526381016,
0,260816,matched,MATCHED_Rayleigh,RNND_Zhu,4790,0.502327524125576,0.3773105964064598,0.12501694075763226,
0,260816,matched,MATCHED_Rayleigh,RNND_Zhu,4791,0.4965900406241417,0.3737613670527935,0.12282867357134819,
0,260816,matched,MATCHED_Rayleigh,RNND_Zhu,4792,0.49271687492728233,0.3670298010110855,0.12568707950413227,
0,260816,matched,MATCHED_Rayleigh,RNND_Zhu,4793,0.5213238075375557,0.3918108195066452,0.12951297871768475,
0,260816,matched,MATCHED_Rayleigh,RNND_Zhu,4794,0.3023047186434269,0.23448702320456505,0.0678177047520876,
0,260816,matched,MATCHED_Rayleigh,RNND_Zhu,4795,0.35229749605059624,0.27168846130371094,0.08060903009027243,
0,260816,matched,MATCHED_Rayleigh,RNND_Zhu,4796,0.3991471529006958,0.30398352444171906,0.09516361355781555,
0,260816,matched,MATCHED_Rayleigh,RNND_Zhu,4797,0.37945857644081116,0.2955237552523613,0.0839348342269659,
0,260816,matched,MATCHED_Rayleigh,RNND_Zhu,4798,0.41597286611795425,0.3164999410510063,0.09947292599827051,
0,260816,matched,MATCHED_Rayleigh,RNND_Zhu,4799,0.46815839409828186,0.35299691185355186,0.11516148783266544,
0,260816,matched,MATCHED_Rayleigh,RNND_Zhu,4800,0.3115973062813282,0.23870013281702995,0.07289717718958855,-0.7606543438012057
0,260816,matched,MATCHED_Rayleigh,RNND_Zhu,4801,0.3830173537135124,0.2866118252277374,0.09640552662312984,
0,260816,matched,MATCHED_Rayleigh,RNND_Zhu,4802,0.4109213203191757,0.3130260407924652,0.09789528138935566,
0,260816,matched,MATCHED_Rayleigh,RNND_Zhu,4803,0.34592174738645554,0.25748590007424355,0.08843583799898624,
0,260816,matched,MATCHED_Rayleigh,RNND_Zhu,4804,0.45450572669506073,0.3409912437200546,0.11351447179913521,
0,260816,matched,MATCHED_Rayleigh,RNND_Zhu,4805,0.4639449343085289,0.3552723079919815,0.10867263190448284,
0,260816,matched,MATCHED_Rayleigh,RNND_Zhu,4806,0.4345088191330433,0.3252086490392685,0.10930016916245222,
0,260816,matched,MATCHED_Rayleigh,RNND_Zhu,4807,0.4678630828857422,0.3521873988211155,0.11567567102611065,
0,260816,matched,MATCHED_Rayleigh,RNND_Zhu,4808,0.6500989943742752,0.4893179386854172,0.16078104451298714,
0,260816,matched,MATCHED_Rayleigh,RNND_Zhu,4809,0.511702299118042,0.38622409105300903,0.12547820061445236,
0,260816,matched,MATCHED_Rayleigh,RNND_Zhu,4810,0.3917176201939583,0.2941576838493347,0.09755994193255901,
0,260816,matched,MATCHED_Rayleigh,RNND_Zhu,4811,0.4063384458422661,0.30994662269949913,0.09639182779937983,
0,260816,matched,MATCHED_Rayleigh,RNND_Zhu,4812,0.5021120607852936,0.38315802812576294,0.11895402800291777,
0,260816,matched,MATCHED_Rayleigh,RNND_Zhu,4813,0.4358299523591995,0.32511263340711594,0.11071731708943844,
0,260816,matched,MATCHED_Rayleigh,RNND_Zhu,4814,0.6318413615226746,0.4706568643450737,0.16118449345231056,
0,260816,matched,MATCHED_Rayleigh,RNND_Zhu,4815,0.36642319709062576,0.27866601943969727,0.0877571776509285,
0,260816,matched,MATCHED_Rayleigh,RNND_Zhu,4816,0.5268499404191971,0.39861800894141197,0.1282319277524948,
0,260816,matched,MATCHED_Rayleigh,RNND_Zhu,4817,0.5806714296340942,0.4389791488647461,0.14169227331876755,
0,260816,matched,MATCHED_Rayleigh,RNND_Zhu,4818,0.40900948643684387,0.30617932975292206,0.10283014550805092,
0,260816,matched,MATCHED_Rayleigh,RNND_Zhu,4819,0.4683849513530731,0.3548697307705879,0.1135152243077755,
0,260816,matched,MATCHED_Rayleigh,RNND_Zhu,4820,0.4264075681567192,0.3258555680513382,0.10055200103670359,
0,260816,matched,MATCHED_Rayleigh,RNND_Zhu,4821,0.6676674485206604,0.49501919746398926,0.17264822125434875,
0,260816,matched,MATCHED_Rayleigh,RNND_Zhu,4822,0.5716456323862076,0.42827968299388885,0.14336594939231873,
0,260816,matched,MATCHED_Rayleigh,RNND_Zhu,4823,0.5822303518652916,0.43715688586235046,0.14507346134632826,
0,260816,matched,MATCHED_Rayleigh,RNND_Zhu,4824,0.3904588371515274,0.29097626730799675,0.09948256611824036,
0,260816,matched,MATCHED_Rayleigh,RNND_Zhu,4825,0.5621081367135048,0.42241962999105453,0.13968850299715996,
0,260816,matched,MATCHED_Rayleigh,RNND_Zhu,4826,0.4984428435564041,0.3718838058412075,0.12655905075371265,
0,260816,matched,MATCHED_Rayleigh,RNND_Zhu,4827,0.4963248148560524,0.3779091462492943,0.11841567419469357,
0,260816,matched,MATCHED_Rayleigh,RNND_Zhu,4828,0.40981625020504,0.3135812506079674,0.09623500052839518,
0,260816,matched,MATCHED_Rayleigh,RNND_Zhu,4829,0.46054523438215256,0.3491312712430954,0.11141396313905716,
0,260816,matched,MATCHED_Rayleigh,RNND_Zhu,4830,0.4625454694032669,0.3544578328728676,0.10808763466775417,
0,260816,matched,MATCHED_Rayleigh,RNND_Zhu,4831,0.4409653916954994,0.3394581452012062,0.10150724835693836,
0,260816,matched,MATCHED_Rayleigh,RNND_Zhu,4832,0.6108699440956116,0.45320814847946167,0.1576617881655693,
0,260816,matched,MATCHED_Rayleigh,RNND_Zhu,4833,0.6309754103422165,0.47684551030397415,0.1541299093514681,
0,260816,matched,MATCHED_Rayleigh,RNND_Zhu,4834,0.48850029706954956,0.3693670853972435,0.11913321167230606,
0,260816,matched,MATCHED_Rayleigh,RNND_Zhu,4835,0.5442397892475128,0.4110063463449478,0.13323345221579075,
0,260816,matched,MATCHED_Rayleigh,RNND_Zhu,4836,0.40832167118787766,0.31159669905900955,0.09672497771680355,
0,260816,matched,MATCHED_Rayleigh,RNND_Zhu,4837,0.589419811964035,0.4403683990240097,0.14905142411589622,
0,260816,matched,MATCHED_Rayleigh,RNND_Zhu,4838,0.6057787835597992,0.4516412764787674,0.1541375108063221,
0,260816,matched,MATCHED_Rayleigh,RNND_Zhu,4839,0.6414297521114349,0.4825863912701607,0.15884337201714516,
0,260816,matched,MATCHED_Rayleigh,RNND_Zhu,4840,0.3954712301492691,0.3016563765704632,0.09381486102938652,
0,260816,matched,MATCHED_Rayleigh,RNND_Zhu,4841,0.46613478660583496,0.35201485827565193,0.11411993391811848,
0,260816,matched,MATCHED_Rayleigh,RNND_Zhu,4842,0.4236791245639324,0.32060470059514046,0.10307442862540483,
0,260816,matched,MATCHED_Rayleigh,RNND_Zhu,4843,0.3023083433508873,0.2226555161178112,0.07965282816439867,
0,260816,matched,MATCHED_Rayleigh,RNND_Zhu,4844,0.5288944058120251,0.4001324586570263,0.12876195274293423,
0,260816,matched,MATCHED_Rayleigh,RNND_Zhu,4845,0.5355418100953102,0.4044113978743553,0.13113041035830975,
0,260816,matched,MATCHED_Rayleigh,RNND_Zhu,4846,0.34046684950590134,0.25484540313482285,0.08562144823372364,
0,260816,matched,MATCHED_Rayleigh,RNND_Zhu,4847,0.38498248904943466,0.2949766740202904,0.09000580478459597,
0,260816,matched,MATCHED_Rayleigh,RNND_Zhu,4848,0.3990667462348938,0.29757653921842575,0.10149021167308092,
0,260816,matched,MATCHED_Rayleigh,RNND_Zhu,4849,0.45936714857816696,0.3477586731314659,0.1116084810346365,
0,260816,matched,MATCHED_Rayleigh,RNND_Zhu,4850,0.4667368456721306,0.3599364124238491,0.10680044256150723,
0,260816,matched,MATCHED_Rayleigh,RNND_Zhu,4851,0.46141425520181656,0.35116730257868767,0.11024694889783859,
0,260816,matched,MATCHED_Rayleigh,RNND_Zhu,4852,0.3635656535625458,0.28422780334949493,0.07933785207569599,
0,260816,matched,MATCHED_Rayleigh,RNND_Zhu,4853,0.3966676741838455,0.3015020787715912,0.09516559541225433,
0,260816,matched,MATCHED_Rayleigh,RNND_Zhu,4854,0.46796804293990135,0.3513817563652992,0.11658627819269896,
0,260816,matched,MATCHED_Rayleigh,RNND_Zhu,4855,0.4462472274899483,0.33502041175961494,0.11122682690620422,
0,260816,matched,MATCHED_Rayleigh,RNND_Zhu,4856,0.6055246591567993,0.4521116092801094,0.15341304242610931,
0,260816,matched,MATCHED_Rayleigh,RNND_Zhu,4857,0.5495963543653488,0.41845372319221497,0.1311426293104887,
0,260816,matched,MATCHED_Rayleigh,RNND_Zhu,4858,0.4521597847342491,0.34236693382263184,0.10979285091161728,
0,260816,matched,MATCHED_Rayleigh,RNND_Zhu,4859,0.39538127183914185,0.3023938313126564,0.09298745356500149,
0,260816,matched,MATCHED_Rayleigh,RNND_Zhu,4860,0.5198392122983932,0.39307571202516556,0.126763503998518,
0,260816,matched,MATCHED_Rayleigh,RNND_Zhu,4861,0.48173555731773376,0.3593556731939316,0.12237988226115704,
0,260816,matched,MATCHED_Rayleigh,RNND_Zhu,4862,0.3059602379798889,0.23406421393156052,0.07189601473510265,
0,260816,matched,MATCHED_Rayleigh,RNND_Zhu,4863,0.5367041379213333,0.4074637442827225,0.12924038618803024,
0,260816,matched,MATCHED_Rayleigh,RNND_Zhu,4864,0.4912596046924591,0.3699200451374054,0.12133955396711826,
0,260816,matched,MATCHED_Rayleigh,RNND_Zhu,4865,0.6004218608140945,0.4557230770587921,0.14469878748059273,
0,260816,matched,MATCHED_Rayleigh,RNND_Zhu,4866,0.5581823885440826,0.4245418384671211,0.13364055380225182,
0,260816,matched,MATCHED_Rayleigh,RNND_Zhu,4867,0.45480068027973175,0.3436327204108238,0.11116794869303703,
0,260816,matched,MATCHED_Rayleigh,RNND_Zhu,4868,0.4924187436699867,0.37270381301641464,0.11971492134034634,
0,260816,matched,MATCHED_Rayleigh,RNND_Zhu,4869,0.48818615823984146,0.3686007186770439,0.11958545446395874,
0,260816,matched,MATCHED_Rayleigh,RNND_Zhu,4870,0.49265256524086,0.37159930169582367,0.12105327285826206,
0,260816,matched,MATCHED_Rayleigh,RNND_Zhu,4871,0.2809269651770592,0.21560093387961388,0.06532602943480015,
0,260816,matched,MATCHED_Rayleigh,RNND_Zhu,4872,0.5702816918492317,0.4280421733856201,0.14223952405154705,
0,260816,matched,MATCHED_Rayleigh,RNND_Zhu,4873,0.5074450150132179,0.38369573652744293,0.12374928221106529,
0,260816,matched,MATCHED_Rayleigh,RNND_Zhu,4874,0.47176259756088257,0.35614163428545,0.11562095396220684,
0,260816,matched,MATCHED_Rayleigh,RNND_Zhu,4875,0.5283254384994507,0.3999115452170372,0.12841389887034893,
0,260816,matched,MATCHED_Rayleigh,RNND_Zhu,4876,0.521440178155899,0.38927458971738815,0.1321655921638012,
0,260816,matched,MATCHED_Rayleigh,RNND_Zhu,4877,0.550029069185257,0.41758447885513306,0.1324445866048336,
0,260816,matched,MATCHED_Rayleigh,RNND_Zhu,4878,0.5898552089929581,0.44339387118816376,0.1464613452553749,
0,260816,matched,MATCHED_Rayleigh,RNND_Zhu,4879,0.6166514456272125,0.4689210057258606,0.14773044735193253,
0,260816,matched,MATCHED_Rayleigh,RNND_Zhu,4880,0.5928943753242493,0.44558946043252945,0.14730491116642952,
0,260816,matched,MATCHED_Rayleigh,RNND_Zhu,4881,0.31660983711481094,0.2386142574250698,0.07799557596445084,
0,260816,matched,MATCHED_Rayleigh,RNND_Zhu,4882,0.4486240968108177,0.3349589630961418,0.11366513930261135,
0,260816,matched,MATCHED_Rayleigh,RNND_Zhu,4883,0.6339842677116394,0.4820307195186615,0.1519535519182682,
0,260816,matched,MATCHED_Rayleigh,RNND_Zhu,4884,0.5670876950025558,0.4222269877791405,0.14486071467399597,
0,260816,matched,MATCHED_Rayleigh,RNND_Zhu,4885,0.7273005247116089,0.5446508973836899,0.1826496198773384,
0,260816,matched,MATCHED_Rayleigh,RNND_Zhu,4886,0.5319603681564331,0.40063728392124176,0.13132308050990105,
0,260816,matched,MATCHED_Rayleigh,RNND_Zhu,4887,0.55108193308115,0.40967296063899994,0.14140898175537586,
0,260816,matched,MATCHED_Rayleigh,RNND_Zhu,4888,0.5549729466438293,0.41794922202825546,0.13702373206615448,
0,260816,matched,MATCHED_Rayleigh,RNND_Zhu,4889,0.4565143585205078,0.3497758060693741,0.10673855058848858,
0,260816,matched,MATCHED_Rayleigh,RNND_Zhu,4890,0.5383038893342018,0.41027772426605225,0.12802617065608501,
0,260816,matched,MATCHED_Rayleigh,RNND_Zhu,4891,0.4678048752248287,0.35059186443686485,0.11721300426870584,
0,260816,matched,MATCHED_Rayleigh,RNND_Zhu,4892,0.5931325405836105,0.44540777057409286,0.14772478118538857,
0,260816,matched,MATCHED_Rayleigh,RNND_Zhu,4893,0.5921148248016834,0.45378483831882477,0.13832998555153608,
0,260816,matched,MATCHED_Rayleigh,RNND_Zhu,4894,0.5795073509216309,0.43561623990535736,0.1438911110162735,
0,260816,matched,MATCHED_Rayleigh,RNND_Zhu,4895,0.46549584716558456,0.3504045605659485,0.11509129032492638,
0,260816,matched,MATCHED_Rayleigh,RNND_Zhu,4896,0.48861711472272873,0.36893995106220245,0.11967715434730053,
0,260816,matched,MATCHED_Rayleigh,RNND_Zhu,4897,0.37195489928126335,0.2848828285932541,0.08707206975668669,
0,260816,matched,MATCHED_Rayleigh,RNND_Zhu,4898,0.5970531180500984,0.4507257677614689,0.14632735587656498,
0,260816,matched,MATCHED_Rayleigh,RNND_Zhu,4899,0.46359267085790634,0.3472865857183933,0.11630608141422272,
0,260816,matched,MATCHED_Rayleigh,RNND_Zhu,4900,0.49287156388163567,0.3755657449364662,0.11730582267045975,
0,260816,matched,MATCHED_Rayleigh,RNND_Zhu,4901,0.39921117573976517,0.30503498017787933,0.09417619463056326,
0,260816,matched,MATCHED_Rayleigh,RNND_Zhu,4902,0.6221649348735809,0.4693046137690544,0.15286032669246197,
0,260816,matched,MATCHED_Rayleigh,RNND_Zhu,4903,0.5333478152751923,0.39676740020513535,0.13658041693270206,
0,260816,matched,MATCHED_Rayleigh,RNND_Zhu,4904,0.47838621586561203,0.36448661983013153,0.11389958672225475,
0,260816,matched,MATCHED_Rayleigh,RNND_Zhu,4905,0.37979908287525177,0.29041536897420883,0.08938371110707521,
0,260816,matched,MATCHED_Rayleigh,RNND_Zhu,4906,0.48768170177936554,0.3747679963707924,0.11291370633989573,
0,260816,matched,MATCHED_Rayleigh,RNND_Zhu,4907,0.6463180929422379,0.4946812465786934,0.15163685381412506,
0,260816,matched,MATCHED_Rayleigh,RNND_Zhu,4908,0.3475535288453102,0.2676350548863411,0.07991847582161427,
0,260816,matched,MATCHED_Rayleigh,RNND_Zhu,4909,0.3590974435210228,0.27626292034983635,0.0828345287591219,
0,260816,matched,MATCHED_Rayleigh,RNND_Zhu,4910,0.4702962189912796,0.35566147044301033,0.11463474482297897,
0,260816,matched,MATCHED_Rayleigh,RNND_Zhu,4911,0.5872857049107552,0.44611668586730957,0.14116902090609074,
0,260816,matched,MATCHED_Rayleigh,RNND_Zhu,4912,0.43797704577445984,0.3297256529331207,0.10825139377266169,
0,260816,matched,MATCHED_Rayleigh,RNND_Zhu,4913,0.44224289804697037,0.33407334983348846,0.10816954262554646,
0,260816,matched,MATCHED_Rayleigh,RNND_Zhu,4914,0.46323538571596146,0.34855933487415314,0.11467605270445347,
0,260816,matched,MATCHED_Rayleigh,RNND_Zhu,4915,0.442643404006958,0.3389338105916977,0.10370959155261517,
0,260816,matched,MATCHED_Rayleigh,RNND_Zhu,4916,0.41922831907868385,0.32418135553598404,0.09504696447402239,
0,260816,matched,MATCHED_Rayleigh,RNND_Zhu,4917,0.4886616989970207,0.36097898334264755,0.12768271006643772,
0,260816,matched,MATCHED_Rayleigh,RNND_Zhu,4918,0.47069521248340607,0.35166988521814346,0.119025319814682,
0,260816,matched,MATCHED_Rayleigh,RNND_Zhu,4919,0.5586027279496193,0.42067761719226837,0.13792511820793152,
0,260816,matched,MATCHED_Rayleigh,RNND_Zhu,4920,0.4510185867547989,0.3430033102631569,0.10801527462899685,
0,260816,matched,MATCHED_Rayleigh,RNND_Zhu,4921,0.49884316325187683,0.37849385291337967,0.12034930661320686,
0,260816,matched,MATCHED_Rayleigh,RNND_Zhu,4922,0.3626841902732849,0.2692137435078621,0.09347044304013252,
0,260816,matched,MATCHED_Rayleigh,RNND_Zhu,4923,0.5276443809270859,0.39553698897361755,0.1321073928847909,
0,260816,matched,MATCHED_Rayleigh,RNND_Zhu,4924,0.505587138235569,0.3834708146750927,0.12211633380502462,
0,260816,matched,MATCHED_Rayleigh,RNND_Zhu,4925,0.5058249235153198,0.3826897516846657,0.12313519418239594,
0,260816,matched,MATCHED_Rayleigh,RNND_Zhu,4926,0.5030036270618439,0.38266993686556816,0.12033370323479176,
0,260816,matched,MATCHED_Rayleigh,RNND_Zhu,4927,0.42328953742980957,0.3198571428656578,0.10343238152563572,
0,260816,matched,MATCHED_Rayleigh,RNND_Zhu,4928,0.4064580127596855,0.3150100037455559,0.09144800622016191,
0,260816,matched,MATCHED_Rayleigh,RNND_Zhu,4929,0.5635431110858917,0.4238012731075287,0.13974184170365334,
0,260816,matched,MATCHED_Rayleigh,RNND_Zhu,4930,0.5644802004098892,0.42515022307634354,0.13932998850941658,
0,260816,matched,MATCHED_Rayleigh,RNND_Zhu,4931,0.5655606389045715,0.42727382481098175,0.13828681409358978,
0,260816,matched,MATCHED_Rayleigh,RNND_Zhu,4932,0.5003218576312065,0.3808789774775505,0.11944288946688175,
0,260816,matched,MATCHED_Rayleigh,RNND_Zhu,4933,0.4309459924697876,0.32740721106529236,0.10353878326714039,
0,260816,matched,MATCHED_Rayleigh,RNND_Zhu,4934,0.480819895863533,0.35874709486961365,0.12207279354333878,
0,260816,matched,MATCHED_Rayleigh,RNND_Zhu,4935,0.5129502639174461,0.3864043802022934,0.126545874401927,
0,260816,matched,MATCHED_Rayleigh,RNND_Zhu,4936,0.5706923827528954,0.43128088116645813,0.13941150531172752,
0,260816,matched,MATCHED_Rayleigh,RNND_Zhu,4937,0.49546679854393005,0.3683876022696495,0.12707919999957085,
0,260816,matched,MATCHED_Rayleigh,RNND_Zhu,4938,0.5422587171196938,0.40578893572092056,0.1364697888493538,
0,260816,matched,MATCHED_Rayleigh,RNND_Zhu,4939,0.4065972566604614,0.304350845515728,0.10224640555679798,
0,260816,matched,MATCHED_Rayleigh,RNND_Zhu,4940,0.6165243461728096,0.4578647240996361,0.15865961648523808,
0,260816,matched,MATCHED_Rayleigh,RNND_Zhu,4941,0.7056251615285873,0.5283009856939316,0.17732418328523636,
0,260816,matched,MATCHED_Rayleigh,RNND_Zhu,4942,0.30727551132440567,0.2318507619202137,0.07542475033551455,
0,260816,matched,MATCHED_Rayleigh,RNND_Zhu,4943,0.4499342292547226,0.33785996958613396,0.11207426153123379,
0,260816,matched,MATCHED_Rayleigh,RNND_Zhu,4944,0.4069947525858879,0.3056448884308338,0.10134986974298954,
0,260816,matched,MATCHED_Rayleigh,RNND_Zhu,4945,0.4583771675825119,0.3467674180865288,0.11160974763333797,
0,260816,matched,MATCHED_Rayleigh,RNND_Zhu,4946,0.35028089582920074,0.26570386439561844,0.0845770351588726,
0,260816,matched,MATCHED_Rayleigh,RNND_Zhu,4947,0.528288796544075,0.40088481083512306,0.12740398570895195,
0,260816,matched,MATCHED_Rayleigh,RNND_Zhu,4948,0.6483300626277924,0.4968685358762741,0.1514615323394537,
0,260816,matched,MATCHED_Rayleigh,RNND_Zhu,4949,0.5446798130869865,0.41296909004449844,0.1317107230424881,
0,260816,matched,MATCHED_Rayleigh,RNND_Zhu,4950,0.5665136724710464,0.4305991753935814,0.13591450080275536,
0,260816,matched,MATCHED_Rayleigh,RNND_Zhu,4951,0.46991441398859024,0.35337577015161514,0.11653864290565252,
0,260816,matched,MATCHED_Rayleigh,RNND_Zhu,4952,0.4108970910310745,0.31448232382535934,0.09641477465629578,
0,260816,matched,MATCHED_Rayleigh,RNND_Zhu,4953,0.6654706597328186,0.4992507994174957,0.16621987521648407,
0,260816,matched,MATCHED_Rayleigh,RNND_Zhu,4954,0.45562995225191116,0.34955862909555435,0.10607132688164711,
0,260816,matched,MATCHED_Rayleigh,RNND_Zhu,4955,0.5294393077492714,0.3963363841176033,0.1331029236316681,
0,260816,matched,MATCHED_Rayleigh,RNND_Zhu,4956,0.43637894093990326,0.3369453512132168,0.0994335925206542,
0,260816,matched,MATCHED_Rayleigh,RNND_Zhu,4957,0.6816636323928833,0.5100033581256866,0.17166026681661606,
0,260816,matched,MATCHED_Rayleigh,RNND_Zhu,4958,0.45523207634687424,0.34799207746982574,0.10724000073969364,
0,260816,matched,MATCHED_Rayleigh,RNND_Zhu,4959,0.4585294798016548,0.3444524258375168,0.11407705396413803,
0,260816,matched,MATCHED_Rayleigh,RNND_Zhu,4960,0.6393205597996712,0.4705216661095619,0.16879889369010925,
0,260816,matched,MATCHED_Rayleigh,RNND_Zhu,4961,0.4746136963367462,0.3559429459273815,0.1186707504093647,
0,260816,matched,MATCHED_Rayleigh,RNND_Zhu,4962,0.4758332744240761,0.36524274200201035,0.11059053428471088,
0,260816,matched,MATCHED_Rayleigh,RNND_Zhu,4963,0.4832473620772362,0.3628767654299736,0.12037060223519802,
0,260816,matched,MATCHED_Rayleigh,RNND_Zhu,4964,0.43286949396133423,0.3240245543420315,0.10884493589401245,
0,260816,matched,MATCHED_Rayleigh,RNND_Zhu,4965,0.4223940819501877,0.3104153349995613,0.11197874881327152,
0,260816,matched,MATCHED_Rayleigh,RNND_Zhu,4966,0.4553886204957962,0.34604375436902046,0.10934486240148544,
0,260816,matched,MATCHED_Rayleigh,RNND_Zhu,4967,0.4842933267354965,0.3633619472384453,0.12093138881027699,
0,260816,matched,MATCHED_Rayleigh,RNND_Zhu,4968,0.34514187276363373,0.25991325080394745,0.08522862382233143,
0,260816,matched,MATCHED_Rayleigh,RNND_Zhu,4969,0.359489556401968,0.2741956226527691,0.08529393561184406,
0,260816,matched,MATCHED_Rayleigh,RNND_Zhu,4970,0.29678280651569366,0.22883161157369614,0.0679511921480298,
0,260816,matched,MATCHED_Rayleigh,RNND_Zhu,4971,0.47995634377002716,0.36029236763715744,0.11966397054493427,
0,260816,matched,MATCHED_Rayleigh,RNND_Zhu,4972,0.5342330485582352,0.3996307700872421,0.13460228592157364,
0,260816,matched,MATCHED_Rayleigh,RNND_Zhu,4973,0.5245699882507324,0.3925209380686283,0.1320490362122655,
0,260816,matched,MATCHED_Rayleigh,RNND_Zhu,4974,0.38191860914230347,0.28590887784957886,0.09600972756743431,
0,260816,matched,MATCHED_Rayleigh,RNND_Zhu,4975,0.37662580609321594,0.2798030599951744,0.09682274237275124,
0,260816,matched,MATCHED_Rayleigh,RNND_Zhu,4976,0.47034626826643944,0.3506886623799801,0.11965760681778193,
0,260816,matched,MATCHED_Rayleigh,RNND_Zhu,4977,0.5479462370276451,0.4140169471502304,0.1339292973279953,
0,260816,matched,MATCHED_Rayleigh,RNND_Zhu,4978,0.5744153410196304,0.43012338876724243,0.1442919671535492,
0,260816,matched,MATCHED_Rayleigh,RNND_Zhu,4979,0.5725525170564651,0.4266745299100876,0.14587798714637756,
0,260816,matched,MATCHED_Rayleigh,RNND_Zhu,4980,0.3668116182088852,0.27828022092580795,0.08853139542043209,
0,260816,matched,MATCHED_Rayleigh,RNND_Zhu,4981,0.4447571933269501,0.33528316766023636,0.10947402566671371,
0,260816,matched,MATCHED_Rayleigh,RNND_Zhu,4982,0.4713045507669449,0.349206555634737,0.12209800258278847,
0,260816,matched,MATCHED_Rayleigh,RNND_Zhu,4983,0.40622102469205856,0.3052830845117569,0.10093794390559196,
0,260816,matched,MATCHED_Rayleigh,RNND_Zhu,4984,0.709926575422287,0.535258337855339,0.17466823384165764,
0,260816,matched,MATCHED_Rayleigh,RNND_Zhu,4985,0.5362164452672005,0.39938443526625633,0.1368319969624281,
0,260816,matched,MATCHED_Rayleigh,RNND_Zhu,4986,0.37074531614780426,0.2743897959589958,0.09635551273822784,
0,260816,matched,MATCHED_Rayleigh,RNND_Zhu,4987,0.4821132570505142,0.36216870322823524,0.11994455382227898,
0,260816,matched,MATCHED_Rayleigh,RNND_Zhu,4988,0.360244520008564,0.27528854459524155,0.0849559735506773,
0,260816,matched,MATCHED_Rayleigh,RNND_Zhu,4989,0.40131495147943497,0.3065279871225357,0.09478695504367352,
0,260816,matched,MATCHED_Rayleigh,RNND_Zhu,4990,0.4201449304819107,0.3142973519861698,0.10584756731987,
0,260816,matched,MATCHED_Rayleigh,RNND_Zhu,4991,0.6163936406373978,0.46388592571020126,0.1525077037513256,
0,260816,matched,MATCHED_Rayleigh,RNND_Zhu,4992,0.48094016313552856,0.3643394112586975,0.11660075839608908,
0,260816,matched,MATCHED_Rayleigh,RNND_Zhu,4993,0.4486737363040447,0.3404848575592041,0.10818888619542122,
0,260816,matched,MATCHED_Rayleigh,RNND_Zhu,4994,0.5650761723518372,0.4222469627857208,0.14282920584082603,
0,260816,matched,MATCHED_Rayleigh,RNND_Zhu,4995,0.48320192098617554,0.36483167111873627,0.11837024614214897,
0,260816,matched,MATCHED_Rayleigh,RNND_Zhu,4996,0.5796441435813904,0.4373401999473572,0.1423039585351944,
0,260816,matched,MATCHED_Rayleigh,RNND_Zhu,4997,0.4477483034133911,0.33069486171007156,0.1170534286648035,
0,260816,matched,MATCHED_Rayleigh,RNND_Zhu,4998,0.48211178556084633,0.36530400812625885,0.11680778302252293,
0,260816,matched,MATCHED_Rayleigh,RNND_Zhu,4999,0.521008238196373,0.390970803797245,0.13003741949796677,
0,260816,matched,MATCHED_Rayleigh,RNND_Zhu,5000,0.5422941446304321,0.41011201590299606,0.13218211196362972,-0.7656576543683096
0,260816,matched,MATCHED_Rayleigh,RNND_Zhu,5001,0.5889217406511307,0.43959224224090576,0.14932949841022491,
0,260816,matched,MATCHED_Rayleigh,RNND_Zhu,5002,0.46783681958913803,0.35283660888671875,0.11500022001564503,
0,260816,matched,MATCHED_Rayleigh,RNND_Zhu,5003,0.42881379276514053,0.325569212436676,0.10324457008391619,
0,260816,matched,MATCHED_Rayleigh,RNND_Zhu,5004,0.3450957201421261,0.2636427730321884,0.0814529424533248,
0,260816,matched,MATCHED_Rayleigh,RNND_Zhu,5005,0.5005420073866844,0.3774966187775135,0.12304538581520319,
0,260816,matched,MATCHED_Rayleigh,RNND_Zhu,5006,0.47445325180888176,0.3627105839550495,0.11174266319721937,
0,260816,matched,MATCHED_Rayleigh,RNND_Zhu,5007,0.42218027263879776,0.3205167315900326,0.10166354291141033,
0,260816,matched,MATCHED_Rayleigh,RNND_Zhu,5008,0.4305214434862137,0.3293718062341213,0.10114963538944721,
0,260816,matched,MATCHED_Rayleigh,RNND_Zhu,5009,0.6019041314721107,0.45185671746730804,0.15004741214215755,
0,260816,matched,MATCHED_Rayleigh,RNND_Zhu,5010,0.6023780703544617,0.45214155316352844,0.15023652091622353,
0,260816,matched,MATCHED_Rayleigh,RNND_Zhu,5011,0.5373383238911629,0.40733954310417175,0.12999877706170082,
0,260816,matched,MATCHED_Rayleigh,RNND_Zhu,5012,0.5454246290028095,0.41348277032375336,0.13194185309112072,
0,260816,matched,MATCHED_Rayleigh,RNND_Zhu,5013,0.496267206966877,0.3753937557339668,0.12087344005703926,
0,260816,matched,MATCHED_Rayleigh,RNND_Zhu,5014,0.32011208683252335,0.2446800321340561,0.07543205469846725,
0,260816,matched,MATCHED_Rayleigh,RNND_Zhu,5015,0.46069207787513733,0.352579977363348,0.10811210796236992,
0,260816,matched,MATCHED_Rayleigh,RNND_Zhu,5016,0.4099671207368374,0.3073243051767349,0.10264281183481216,
0,260816,matched,MATCHED_Rayleigh,RNND_Zhu,5017,0.4932730607688427,0.3786778375506401,0.11459523346275091,
0,260816,matched,MATCHED_Rayleigh,RNND_Zhu,5018,0.4786383882164955,0.35916199535131454,0.11947640404105186,
0,260816,matched,MATCHED_Rayleigh,RNND_Zhu,5019,0.48952507972717285,0.3661707490682602,0.12335433065891266,
0,260816,matched,MATCHED_Rayleigh,RNND_Zhu,5020,0.31747138500213623,0.23824119940400124,0.079230185598135,
0,260816,matched,MATCHED_Rayleigh,RNND_Zhu,5021,0.3588266298174858,0.2738516069948673,0.08497501909732819,
0,260816,matched,MATCHED_Rayleigh,RNND_Zhu,5022,0.5776185914874077,0.43642590939998627,0.14119266718626022,
0,260816,matched,MATCHED_Rayleigh,RNND_Zhu,5023,0.5061271786689758,0.37892650067806244,0.12720069102942944,
0,260816,matched,MATCHED_Rayleigh,RNND_Zhu,5024,0.5339633151888847,0.39992064610123634,0.1340426690876484,
0,260816,matched,MATCHED_Rayleigh,RNND_Zhu,5025,0.38584962487220764,0.2908117547631264,0.09503788128495216,
0,260816,matched,MATCHED_Rayleigh,RNND_Zhu,5026,0.32513920962810516,0.2463776022195816,0.07876160554587841,
0,260816,matched,MATCHED_Rayleigh,RNND_Zhu,5027,0.571913830935955,0.4396175593137741,0.1322962734848261,
0,260816,matched,MATCHED_Rayleigh,RNND_Zhu,5028,0.41648779809474945,0.31365901604294777,0.10282878577709198,
0,260816,matched,MATCHED_Rayleigh,RNND_Zhu,5029,0.3728068694472313,0.27991267666220665,0.0928941909223795,
0,260816,matched,MATCHED_Rayleigh,RNND_Zhu,5030,0.5463813245296478,0.409978412091732,0.1364029161632061,
0,260816,matched,MATCHED_Rayleigh,RNND_Zhu,5031,0.5080362446606159,0.3766590356826782,0.1313772238790989,
0,260816,matched,MATCHED_Rayleigh,RNND_Zhu,5032,0.5090867653489113,0.3913605697453022,0.11772620864212513,
0,260816,matched,MATCHED_Rayleigh,RNND_Zhu,5033,0.391403466463089,0.2951040379703045,0.09629942290484905,
0,260816,matched,MATCHED_Rayleigh,RNND_Zhu,5034,0.5069772824645042,0.38045622035861015,0.12652106955647469,
0,260816,matched,MATCHED_Rayleigh,RNND_Zhu,5035,0.5432093292474747,0.40871788561344147,0.1344914473593235,
0,260816,matched,MATCHED_Rayleigh,RNND_Zhu,5036,0.5549667701125145,0.41489167138934135,0.140075096860528,
0,260816,matched,MATCHED_Rayleigh,RNND_Zhu,5037,0.44639870524406433,0.3328140564262867,0.11358465068042278,
0,260816,matched,MATCHED_Rayleigh,RNND_Zhu,5038,0.35482338815927505,0.2731049545109272,0.08171843737363815,
0,260816,matched,MATCHED_Rayleigh,RNND_Zhu,5039,0.40873927623033524,0.31695014610886574,0.0917891338467598,
0,260816,matched,MATCHED_Rayleigh,RNND_Zhu,5040,0.47213251143693924,0.3603147603571415,0.11181775201112032,
0,260816,matched,MATCHED_Rayleigh,RNND_Zhu,5041,0.5142712965607643,0.3813161253929138,0.13295517303049564,
0,260816,matched,MATCHED_Rayleigh,RNND_Zhu,5042,0.36688388511538506,0.27863963320851326,0.08824425470083952,
0,260816,matched,MATCHED_Rayleigh,RNND_Zhu,5043,0.5548439025878906,0.4227556958794594,0.13208820298314095,
0,260816,matched,MATCHED_Rayleigh,RNND_Zhu,5044,0.4947044476866722,0.3731810599565506,0.12152338586747646,
0,260816,matched,MATCHED_Rayleigh,RNND_Zhu,5045,0.44733696430921555,0.32692812383174896,0.12040884606540203,
0,260816,matched,MATCHED_Rayleigh,RNND_Zhu,5046,0.46165071427822113,0.3518524169921875,0.1097982982173562,
0,260816,matched,MATCHED_Rayleigh,RNND_Zhu,5047,0.5005984306335449,0.3726748451590538,0.12792358547449112,
0,260816,matched,MATCHED_Rayleigh,RNND_Zhu,5048,0.542487621307373,0.4127865619957447,0.12970104347914457,
0,260816,matched,MATCHED_Rayleigh,RNND_Zhu,5049,0.415231429040432,0.3111911118030548,0.10404030978679657,
0,260816,matched,MATCHED_Rayleigh,RNND_Zhu,5050,0.5552855730056763,0.4137615039944649,0.1415240503847599,
0,260816,matched,MATCHED_Rayleigh,RNND_Zhu,5051,0.4050779789686203,0.3058711998164654,0.09920678101480007,
0,260816,matched,MATCHED_Rayleigh,RNND_Zhu,5052,0.3711395114660263,0.28415321931242943,0.08698628842830658,
0,260816,matched,MATCHED_Rayleigh,RNND_Zhu,5053,0.4657354801893234,0.35291602835059166,0.11281945370137691,
0,260816,matched,MATCHED_Rayleigh,RNND_Zhu,5054,0.308126974850893,0.23316966369748116,0.07495731115341187,
0,260816,matched,MATCHED_Rayleigh,RNND_Zhu,5055,0.44382044672966003,0.3418387994170189,0.10198164917528629,
0,260816,matched,MATCHED_Rayleigh,RNND_Zhu,5056,0.5644214376807213,0.42824265360832214,0.1361787784844637,
0,260816,matched,MATCHED_Rayleigh,RNND_Zhu,5057,0.3814321681857109,0.2918442040681839,0.08958796318620443,
0,260816,matched,MATCHED_Rayleigh,RNND_Zhu,5058,0.5084934681653976,0.3799911364912987,0.12850232608616352,
0,260816,matched,MATCHED_Rayleigh,RNND_Zhu,5059,0.42577870935201645,0.3211447410285473,0.10463395901024342,
0,260816,matched,MATCHED_Rayleigh,RNND_Zhu,5060,0.3962862268090248,0.29698551818728447,0.09930072352290154,
0,260816,matched,MATCHED_Rayleigh,RNND_Zhu,5061,0.6284830570220947,0.47208888828754425,0.15639416500926018,
0,260816,matched,MATCHED_Rayleigh,RNND_Zhu,5062,0.46163439750671387,0.3459421917796135,0.11569220945239067,
0,260816,matched,MATCHED_Rayleigh,RNND_Zhu,5063,0.6105413436889648,0.45625076442956924,0.15429056994616985,
0,260816,matched,MATCHED_Rayleigh,RNND_Zhu,5064,0.7401650846004486,0.562139481306076,0.17802562192082405,
0,260816,matched,MATCHED_Rayleigh,RNND_Zhu,5065,0.5337758511304855,0.4008299931883812,0.1329458560794592,
0,260816,matched,MATCHED_Rayleigh,RNND_Zhu,5066,0.5302753895521164,0.39887992292642593,0.13139547035098076,
0,260816,matched,MATCHED_Rayleigh,RNND_Zhu,5067,0.48045821487903595,0.36501728743314743,0.11544092744588852,
0,260816,matched,MATCHED_Rayleigh,RNND_Zhu,5068,0.5025828257203102,0.3830726854503155,0.11951014213263988,
0,260816,matched,MATCHED_Rayleigh,RNND_Zhu,5069,0.6104901134967804,0.4521486312150955,0.15834147855639458,
0,260816,matched,MATCHED_Rayleigh,RNND_Zhu,5070,0.5595088452100754,0.4176258519291878,0.14188299886882305,
0,260816,matched,MATCHED_Rayleigh,RNND_Zhu,5071,0.3992335647344589,0.30257758498191833,0.09665598161518574,
0,260816,matched,MATCHED_Rayleigh,RNND_Zhu,5072,0.4044235348701477,0.30861009657382965,0.0958134327083826,
0,260816,matched,MATCHED_Rayleigh,RNND_Zhu,5073,0.33426501229405403,0.2546943500638008,0.07957065664231777,
0,260816,matched,MATCHED_Rayleigh,RNND_Zhu,5074,0.364282563328743,0.2761640287935734,0.0881185308098793,
0,260816,matched,MATCHED_Rayleigh,RNND_Zhu,5075,0.4638952314853668,0.34783031046390533,0.11606492102146149,
0,260816,matched,MATCHED_Rayleigh,RNND_Zhu,5076,0.4819531738758087,0.3610505610704422,0.12090260908007622,
0,260816,matched,MATCHED_Rayleigh,RNND_Zhu,5077,0.5053138956427574,0.38450005650520325,0.12081385031342506,
0,260816,matched,MATCHED_Rayleigh,RNND_Zhu,5078,0.648542732000351,0.4861534386873245,0.16238929703831673,
0,260816,matched,MATCHED_Rayleigh,RNND_Zhu,5079,0.35493841022253036,0.27794987335801125,0.07698852941393852,
0,260816,matched,MATCHED_Rayleigh,RNND_Zhu,5080,0.4656936302781105,0.3555154502391815,0.11017816886305809,
0,260816,matched,MATCHED_Rayleigh,RNND_Zhu,5081,0.41715429723262787,0.3147694393992424,0.10238486900925636,
0,260816,matched,MATCHED_Rayleigh,RNND_Zhu,5082,0.514224536716938,0.38062411174178123,0.13360043615102768,
0,260816,matched,MATCHED_Rayleigh,RNND_Zhu,5083,0.5511771515011787,0.4215400889515877,0.129637086763978,
0,260816,matched,MATCHED_Rayleigh,RNND_Zhu,5084,0.6190688833594322,0.46957215666770935,0.14949672669172287,
0,260816,matched,MATCHED_Rayleigh,RNND_Zhu,5085,0.5431078523397446,0.41227520257234573,0.13083264976739883,
0,260816,matched,MATCHED_Rayleigh,RNND_Zhu,5086,0.35816700011491776,0.2703895792365074,0.08777742460370064,
0,260816,matched,MATCHED_Rayleigh,RNND_Zhu,5087,0.31582802534103394,0.23904240131378174,0.07678562495857477,
0,260816,matched,MATCHED_Rayleigh,RNND_Zhu,5088,0.56102454662323,0.42795906215906143,0.133065490052104,
0,260816,matched,MATCHED_Rayleigh,RNND_Zhu,5089,0.5165713280439377,0.38569390028715134,0.13087743148207664,
0,260816,matched,MATCHED_Rayleigh,RNND_Zhu,5090,0.40896226465702057,0.30616387724876404,0.10279838182032108,
0,260816,matched,MATCHED_Rayleigh,RNND_Zhu,5091,0.4500153437256813,0.331312358379364,0.11870298720896244,
0,260816,matched,MATCHED_Rayleigh,RNND_Zhu,5092,0.5976116135716438,0.4503771886229515,0.14723442494869232,
0,260816,matched,MATCHED_Rayleigh,RNND_Zhu,5093,0.5282116234302521,0.39827822893857956,0.12993339635431767,
0,260816,matched,MATCHED_Rayleigh,RNND_Zhu,5094,0.41305355727672577,0.31084178760647774,0.10221176594495773,
0,260816,matched,MATCHED_Rayleigh,RNND_Zhu,5095,0.462094321846962,0.3500088304281235,0.11208548955619335,
0,260816,matched,MATCHED_Rayleigh,RNND_Zhu,5096,0.4871729761362076,0.36526381224393845,0.12190917134284973,
0,260816,matched,MATCHED_Rayleigh,RNND_Zhu,5097,0.49021656811237335,0.3687310665845871,0.12148550525307655,
0,260816,matched,MATCHED_Rayleigh,RNND_Zhu,5098,0.4591168910264969,0.35016725212335587,0.10894964076578617,
0,260816,matched,MATCHED_Rayleigh,RNND_Zhu,5099,0.39332375675439835,0.2998449243605137,0.09347883239388466,
0,260816,matched,MATCHED_Rayleigh,RNND_Zhu,5100,0.5175691321492195,0.3950873911380768,0.12248175218701363,
0,260816,matched,MATCHED_Rayleigh,RNND_Zhu,5101,0.5321654081344604,0.3996562734246254,0.1325091440230608,
0,260816,matched,MATCHED_Rayleigh,RNND_Zhu,5102,0.5037328600883484,0.3841486871242523,0.11958417482674122,
0,260816,matched,MATCHED_Rayleigh,RNND_Zhu,5103,0.49917279183864594,0.38057422637939453,0.11859855428338051,
0,260816,matched,MATCHED_Rayleigh,RNND_Zhu,5104,0.49054189026355743,0.375058326870203,0.11548355966806412,
0,260816,matched,MATCHED_Rayleigh,RNND_Zhu,5105,0.4292600378394127,0.3294585049152374,0.09980152919888496,
0,260816,matched,MATCHED_Rayleigh,RNND_Zhu,5106,0.5525497868657112,0.41310111060738564,0.13944866321980953,
0,260816,matched,MATCHED_Rayleigh,RNND_Zhu,5107,0.529246598482132,0.40017927438020706,0.12906732596457005,
0,260816,matched,MATCHED_Rayleigh,RNND_Zhu,5108,0.5538494139909744,0.41639444231987,0.13745497539639473,
0,260816,matched,MATCHED_Rayleigh,RNND_Zhu,5109,0.49831533432006836,0.3717721700668335,0.12654316611588,
0,260816,matched,MATCHED_Rayleigh,RNND_Zhu,5110,0.41623422503471375,0.313418872654438,0.10281535983085632,
0,260816,matched,MATCHED_Rayleigh,RNND_Zhu,5111,0.530374564230442,0.403254009783268,0.12712056562304497,
0,260816,matched,MATCHED_Rayleigh,RNND_Zhu,5112,0.6226481348276138,0.4645681828260422,0.15807994827628136,
0,260816,matched,MATCHED_Rayleigh,RNND_Zhu,5113,0.5627668350934982,0.42597947269678116,0.13678736798465252,
0,260816,matched,MATCHED_Rayleigh,RNND_Zhu,5114,0.5692237168550491,0.43022090196609497,0.13900281116366386,
0,260816,matched,MATCHED_Rayleigh,RNND_Zhu,5115,0.33647065982222557,0.2559772729873657,0.080493388697505,
0,260816,matched,MATCHED_Rayleigh,RNND_Zhu,5116,0.49045779556035995,0.37217525392770767,0.11828254908323288,
0,260816,matched,MATCHED_Rayleigh,RNND_Zhu,5117,0.5318286046385765,0.4008161649107933,0.13101244531571865,
0,260816,matched,MATCHED_Rayleigh,RNND_Zhu,5118,0.43962661921977997,0.33224065601825714,0.10738595388829708,
0,260816,matched,MATCHED_Rayleigh,RNND_Zhu,5119,0.5609407126903534,0.4208042770624161,0.14013643749058247,
0,260816,matched,MATCHED_Rayleigh,RNND_Zhu,5120,0.5127772092819214,0.38275744020938873,0.1300197709351778,
0,260816,matched,MATCHED_Rayleigh,RNND_Zhu,5121,0.42132171243429184,0.32082849740982056,0.10049322061240673,
0,260816,matched,MATCHED_Rayleigh,RNND_Zhu,5122,0.38660621643066406,0.294402614235878,0.09220360592007637,
0,260816,matched,MATCHED_Rayleigh,RNND_Zhu,5123,0.4110531210899353,0.31025174260139465,0.1008013766258955,
0,260816,matched,MATCHED_Rayleigh,RNND_Zhu,5124,0.37961118668317795,0.28411388769745827,0.09549729526042938,
0,260816,matched,MATCHED_Rayleigh,RNND_Zhu,5125,0.4743691459298134,0.3579429164528847,0.11642622016370296,
0,260816,matched,MATCHED_Rayleigh,RNND_Zhu,5126,0.47583575546741486,0.3620513901114464,0.11378436163067818,
0,260816,matched,MATCHED_Rayleigh,RNND_Zhu,5127,0.5554793179035187,0.4218979477882385,0.1335813757032156,
0,260816,matched,MATCHED_Rayleigh,RNND_Zhu,5128,0.5740985125303268,0.4333575814962387,0.14074093475937843,
0,260816,matched,MATCHED_Rayleigh,RNND_Zhu,5129,0.45450999587774277,0.34519777446985245,0.10931222885847092,
0,260816,matched,MATCHED_Rayleigh,RNND_Zhu,5130,0.4448853135108948,0.336181104183197,0.1087042186409235,
0,260816,matched,MATCHED_Rayleigh,RNND_Zhu,5131,0.5750046148896217,0.43185754865407944,0.1431470513343811,
0,260816,matched,MATCHED_Rayleigh,RNND_Zhu,5132,0.49917928129434586,0.3818562924861908,0.11732298694550991,
0,260816,matched,MATCHED_Rayleigh,RNND_Zhu,5133,0.4982944652438164,0.37739575654268265,0.12089869752526283,
0,260816,matched,MATCHED_Rayleigh,RNND_Zhu,5134,0.4768221825361252,0.3583613485097885,0.11846084333956242,
0,260816,matched,MATCHED_Rayleigh,RNND_Zhu,5135,0.5585219189524651,0.4174070954322815,0.14111481979489326,
0,260816,matched,MATCHED_Rayleigh,RNND_Zhu,5136,0.6020558029413223,0.4494590163230896,0.15259678289294243,
0,260816,matched,MATCHED_Rayleigh,RNND_Zhu,5137,0.3716563358902931,0.28542039915919304,0.08623593486845493,
0,260816,matched,MATCHED_Rayleigh,RNND_Zhu,5138,0.5987073630094528,0.4560062289237976,0.1427011415362358,
0,260816,matched,MATCHED_Rayleigh,RNND_Zhu,5139,0.42987778782844543,0.32541966810822487,0.10445811413228512,
0,260816,matched,MATCHED_Rayleigh,RNND_Zhu,5140,0.38644570112228394,0.29362907633185387,0.09281662292778492,
0,260816,matched,MATCHED_Rayleigh,RNND_Zhu,5141,0.385365791618824,0.29130710661411285,0.09405868500471115,
0,260816,matched,MATCHED_Rayleigh,RNND_Zhu,5142,0.5455036610364914,0.41258232295513153,0.13292134180665016,
0,260816,matched,MATCHED_Rayleigh,RNND_Zhu,5143,0.6019742339849472,0.45660174638032913,0.14537249878048897,
0,260816,matched,MATCHED_Rayleigh,RNND_Zhu,5144,0.37911494821310043,0.28277552872896194,0.09633942693471909,
0,260816,matched,MATCHED_Rayleigh,RNND_Zhu,5145,0.43243860453367233,0.33009785041213036,0.10234074480831623,
0,260816,matched,MATCHED_Rayleigh,RNND_Zhu,5146,0.43442827463150024,0.330007154494524,0.10442112572491169,
0,260816,matched,MATCHED_Rayleigh,RNND_Zhu,5147,0.5820173472166061,0.4378341808915138,0.14418317936360836,
0,260816,matched,MATCHED_Rayleigh,RNND_Zhu,5148,0.4606589674949646,0.35286205261945724,0.10779692232608795,
0,260816,matched,MATCHED_Rayleigh,RNND_Zhu,5149,0.44084231927990913,0.3361445777118206,0.10469774063676596,
0,260816,matched,MATCHED_Rayleigh,RNND_Zhu,5150,0.3952314555644989,0.30004535615444183,0.09518610499799252,
0,260816,matched,MATCHED_Rayleigh,RNND_Zhu,5151,0.5870570540428162,0.43914884328842163,0.14790821820497513,
0,260816,matched,MATCHED_Rayleigh,RNND_Zhu,5152,0.6887951791286469,0.5212578102946281,0.1675373800098896,
0,260816,matched,MATCHED_Rayleigh,RNND_Zhu,5153,0.36998240649700165,0.28290240094065666,0.08708000183105469,
0,260816,matched,MATCHED_Rayleigh,RNND_Zhu,5154,0.6182026788592339,0.4672240763902664,0.15097860246896744,
0,260816,matched,MATCHED_Rayleigh,RNND_Zhu,5155,0.651203379034996,0.4910195395350456,0.1601838506758213,
0,260816,matched,MATCHED_Rayleigh,RNND_Zhu,5156,0.5599910095334053,0.41797293722629547,0.14201805740594864,
0,260816,matched,MATCHED_Rayleigh,RNND_Zhu,5157,0.5452028438448906,0.4133078455924988,0.13189498707652092,
0,260816,matched,MATCHED_Rayleigh,RNND_Zhu,5158,0.4858406111598015,0.36479805409908295,0.12104256823658943,
0,260816,matched,MATCHED_Rayleigh,RNND_Zhu,5159,0.42413126677274704,0.32263264060020447,0.10149862244725227,
0,260816,matched,MATCHED_Rayleigh,RNND_Zhu,5160,0.398863285779953,0.29739052802324295,0.1014727596193552,
0,260816,matched,MATCHED_Rayleigh,RNND_Zhu,5161,0.4525398164987564,0.3447820656001568,0.10775776393711567,
0,260816,matched,MATCHED_Rayleigh,RNND_Zhu,5162,0.4738125801086426,0.35631052404642105,0.11750204861164093,
0,260816,matched,MATCHED_Rayleigh,RNND_Zhu,5163,0.6652191430330276,0.50529845058918,0.15992069244384766,
0,260816,matched,MATCHED_Rayleigh,RNND_Zhu,5164,0.6088160574436188,0.4541689604520798,0.1546471044421196,
0,260816,matched,MATCHED_Rayleigh,RNND_Zhu,5165,0.3870803862810135,0.28921547159552574,0.09786490723490715,
0,260816,matched,MATCHED_Rayleigh,RNND_Zhu,5166,0.5159481540322304,0.387339748442173,0.12860842049121857,
0,260816,matched,MATCHED_Rayleigh,RNND_Zhu,5167,0.4889240339398384,0.37570343539118767,0.11322060413658619,
0,260816,matched,MATCHED_Rayleigh,RNND_Zhu,5168,0.5436465218663216,0.40734222903847694,0.13630429655313492,
0,260816,matched,MATCHED_Rayleigh,RNND_Zhu,5169,0.5777585208415985,0.43594275414943695,0.14181577041745186,
0,260816,matched,MATCHED_Rayleigh,RNND_Zhu,5170,0.4653804898262024,0.3565518483519554,0.10882865265011787,
0,260816,matched,MATCHED_Rayleigh,RNND_Zhu,5171,0.3330951817333698,0.25305603444576263,0.08003915008157492,
0,260816,matched,MATCHED_Rayleigh,RNND_Zhu,5172,0.40638567507267,0.3065738193690777,0.09981186129152775,
0,260816,matched,MATCHED_Rayleigh,RNND_Zhu,5173,0.5774305686354637,0.43032287806272507,0.14710769802331924,
0,260816,matched,MATCHED_Rayleigh,RNND_Zhu,5174,0.5581153184175491,0.42003554105758667,0.1380797866731882,
0,260816,matched,MATCHED_Rayleigh,RNND_Zhu,5175,0.4843031316995621,0.3640675023198128,0.12023562751710415,
0,260816,matched,MATCHED_Rayleigh,RNND_Zhu,5176,0.45809782296419144,0.3483571670949459,0.10974065214395523,
0,260816,matched,MATCHED_Rayleigh,RNND_Zhu,5177,0.5312890931963921,0.4001256376504898,0.1311634611338377,
0,260816,matched,MATCHED_Rayleigh,RNND_Zhu,5178,0.33183475583791733,0.24888921529054642,0.08294553868472576,
0,260816,matched,MATCHED_Rayleigh,RNND_Zhu,5179,0.4424567297101021,0.33372529596090317,0.10873144306242466,
0,260816,matched,MATCHED_Rayleigh,RNND_Zhu,5180,0.5254344195127487,0.40201473608613014,0.12341969087719917,
0,260816,matched,MATCHED_Rayleigh,RNND_Zhu,5181,0.5354407206177711,0.4033154249191284,0.13212529011070728,
0,260816,matched,MATCHED_Rayleigh,RNND_Zhu,5182,0.4751054048538208,0.3567153587937355,0.118390042334795,
0,260816,matched,MATCHED_Rayleigh,RNND_Zhu,5183,0.36304905265569687,0.2763788476586342,0.08667020499706268,
0,260816,matched,MATCHED_Rayleigh,RNND_Zhu,5184,0.5254853367805481,0.3978555202484131,0.12762982584536076,
0,260816,matched,MATCHED_Rayleigh,RNND_Zhu,5185,0.4759148582816124,0.3610451817512512,0.11486967280507088,
0,260816,matched,MATCHED_Rayleigh,RNND_Zhu,5186,0.5065588504076004,0.38601064682006836,0.12054820358753204,
0,260816,matched,MATCHED_Rayleigh,RNND_Zhu,5187,0.593213677406311,0.44893406331539154,0.1442796066403389,
0,260816,matched,MATCHED_Rayleigh,RNND_Zhu,5188,0.42955806851387024,0.3243079409003258,0.10525012575089931,
0,260816,matched,MATCHED_Rayleigh,RNND_Zhu,5189,0.3054081127047539,0.23473813012242317,0.07066998351365328,
0,260816,matched,MATCHED_Rayleigh,RNND_Zhu,5190,0.374219685792923,0.2765629068017006,0.09765677526593208,
0,260816,matched,MATCHED_Rayleigh,RNND_Zhu,5191,0.28208599984645844,0.21781108528375626,0.06427490618079901,
0,260816,matched,MATCHED_Rayleigh,RNND_Zhu,5192,0.5156278684735298,0.38758963346481323,0.12803824059665203,
0,260816,matched,MATCHED_Rayleigh,RNND_Zhu,5193,0.5255819410085678,0.3992216885089874,0.12636025249958038,
0,260816,matched,MATCHED_Rayleigh,RNND_Zhu,5194,0.529777392745018,0.4035298563539982,0.12624754197895527,
0,260816,matched,MATCHED_Rayleigh,RNND_Zhu,5195,0.3840782269835472,0.28683873265981674,0.09723949804902077,
0,260816,matched,MATCHED_Rayleigh,RNND_Zhu,5196,0.4056490957736969,0.3069310560822487,0.09871803782880306,
0,260816,matched,MATCHED_Rayleigh,RNND_Zhu,5197,0.5506116300821304,0.4177960529923439,0.13281558454036713,
0,260816,matched,MATCHED_Rayleigh,RNND_Zhu,5198,0.3006994500756264,0.23084301501512527,0.06985642854124308,
0,260816,matched,MATCHED_Rayleigh,RNND_Zhu,5199,0.5124527662992477,0.3817603886127472,0.13069237396121025,
0,260816,matched,MATCHED_Rayleigh,RNND_Zhu,5200,0.5604061633348465,0.4215885028243065,0.13881765492260456,-0.7683546927486341
0,260816,matched,MATCHED_Rayleigh,RNND_Zhu,5201,0.588326558470726,0.4523487240076065,0.13597784005105495,
0,260816,matched,MATCHED_Rayleigh,RNND_Zhu,5202,0.4268155097961426,0.31339091807603836,0.11342459917068481,
0,260816,matched,MATCHED_Rayleigh,RNND_Zhu,5203,0.6127999722957611,0.4668366499245167,0.14596333168447018,
0,260816,matched,MATCHED_Rayleigh,RNND_Zhu,5204,0.484324611723423,0.36949052661657333,0.11483409069478512,
0,260816,matched,MATCHED_Rayleigh,RNND_Zhu,5205,0.4200029820203781,0.31827471777796745,0.10172827169299126,
0,260816,matched,MATCHED_Rayleigh,RNND_Zhu,5206,0.4480599984526634,0.34449003636837006,0.10356997419148684,
0,260816,matched,MATCHED_Rayleigh,RNND_Zhu,5207,0.3718803822994232,0.281086228787899,0.09079415630549192,
0,260816,matched,MATCHED_Rayleigh,RNND_Zhu,5208,0.5617689192295074,0.4228687807917595,0.1389001440256834,
0,260816,matched,MATCHED_Rayleigh,RNND_Zhu,5209,0.3663370907306671,0.27487389743328094,0.09146319702267647,
0,260816,matched,MATCHED_Rayleigh,RNND_Zhu,5210,0.5971294045448303,0.44281138479709625,0.15431801974773407,
0,260816,matched,MATCHED_Rayleigh,RNND_Zhu,5211,0.6787843257188797,0.5097164660692215,0.1690678559243679,
0,260816,matched,MATCHED_Rayleigh,RNND_Zhu,5212,0.5900395661592484,0.443216972053051,0.14682257734239101,
0,260816,matched,MATCHED_Rayleigh,RNND_Zhu,5213,0.4683689922094345,0.3550899364054203,0.11327905766665936,
0,260816,matched,MATCHED_Rayleigh,RNND_Zhu,5214,0.5030773282051086,0.3778471425175667,0.12523017451167107,
0,260816,matched,MATCHED_Rayleigh,RNND_Zhu,5215,0.3453311324119568,0.2618563584983349,0.0834747813642025,
0,260816,matched,MATCHED_Rayleigh,RNND_Zhu,5216,0.41591040790081024,0.31650883704423904,0.0994015708565712,
0,260816,matched,MATCHED_Rayleigh,RNND_Zhu,5217,0.5241041034460068,0.3996012657880783,0.12450284324586391,
0,260816,matched,MATCHED_Rayleigh,RNND_Zhu,5218,0.4478328302502632,0.3402901627123356,0.10754267498850822,
0,260816,matched,MATCHED_Rayleigh,RNND_Zhu,5219,0.3630923368036747,0.2745552286505699,0.08853710629045963,
0,260816,matched,MATCHED_Rayleigh,RNND_Zhu,5220,0.5356582626700401,0.4079955741763115,0.12766269408166409,
0,260816,matched,MATCHED_Rayleigh,RNND_Zhu,5221,0.33679619058966637,0.25370800867676735,0.08308817259967327,
0,260816,matched,MATCHED_Rayleigh,RNND_Zhu,5222,0.5238047987222672,0.3957854323089123,0.12801937013864517,
0,260816,matched,MATCHED_Rayleigh,RNND_Zhu,5223,0.5090862102806568,0.3860241696238518,0.12306203320622444,
0,260816,matched,MATCHED_Rayleigh,RNND_Zhu,5224,0.5647689253091812,0.4303737282752991,0.1343951802700758,
0,260816,matched,MATCHED_Rayleigh,RNND_Zhu,5225,0.39802835136651993,0.30248258262872696,0.09554576873779297,
0,260816,matched,MATCHED_Rayleigh,RNND_Zhu,5226,0.5401357486844063,0.4118684157729149,0.12826733756810427,
0,260816,matched,MATCHED_Rayleigh,RNND_Zhu,5227,0.39032112061977386,0.29306747764348984,0.09725363738834858,
0,260816,matched,MATCHED_Rayleigh,RNND_Zhu,5228,0.5854754596948624,0.4445311576128006,0.14094430208206177,
0,260816,matched,MATCHED_Rayleigh,RNND_Zhu,5229,0.6016985028982162,0.4636713117361069,0.13802720606327057,
0,260816,matched,MATCHED_Rayleigh,RNND_Zhu,5230,0.5790227949619293,0.43584033846855164,0.14318244345486164,
0,260816,matched,MATCHED_Rayleigh,RNND_Zhu,5231,0.5659278407692909,0.42424462735652924,0.141683217138052,
0,260816,matched,MATCHED_Rayleigh,RNND_Zhu,5232,0.4692751169204712,0.35141878575086594,0.11785632185637951,
0,260816,matched,MATCHED_Rayleigh,RNND_Zhu,5233,0.5580465495586395,0.41471555083990097,0.1433309968560934,
0,260816,matched,MATCHED_Rayleigh,RNND_Zhu,5234,0.46032072976231575,0.35040823370218277,0.10991250164806843,
0,260816,matched,MATCHED_Rayleigh,RNND_Zhu,5235,0.38224755227565765,0.29227782040834427,0.08996973000466824,
0,260816,matched,MATCHED_Rayleigh,RNND_Zhu,5236,0.44963524490594864,0.33546993881464005,0.11416531167924404,
0,260816,matched,MATCHED_Rayleigh,RNND_Zhu,5237,0.6255730390548706,0.4687027037143707,0.15687033534049988,
0,260816,matched,MATCHED_Rayleigh,RNND_Zhu,5238,0.5910298712551594,0.4463312141597271,0.14469866082072258,
0,260816,matched,MATCHED_Rayleigh,RNND_Zhu,5239,0.46599654853343964,0.3530329652130604,0.11296358704566956,
0,260816,matched,MATCHED_Rayleigh,RNND_Zhu,5240,0.4115820527076721,0.30708716809749603,0.10449488647282124,
0,260816,matched,MATCHED_Rayleigh,RNND_Zhu,5241,0.49695076048374176,0.37730318307876587,0.11964758858084679,
0,260816,matched,MATCHED_Rayleigh,RNND_Zhu,5242,0.3792080506682396,0.2891232557594776,0.09008479118347168,
0,260816,matched,MATCHED_Rayleigh,RNND_Zhu,5243,0.5260277390480042,0.3950200304389,0.1310077104717493,
0,260816,matched,MATCHED_Rayleigh,RNND_Zhu,5244,0.4919869229197502,0.3681776188313961,0.12380929291248322,
0,260816,matched,MATCHED_Rayleigh,RNND_Zhu,5245,0.5106177553534508,0.3850841708481312,0.12553359009325504,
0,260816,matched,MATCHED_Rayleigh,RNND_Zhu,5246,0.3766859918832779,0.2846958190202713,0.09199017286300659,
0,260816,matched,MATCHED_Rayleigh,RNND_Zhu,5247,0.5683435350656509,0.42722950875759125,0.1411140225827694,
0,260816,matched,MATCHED_Rayleigh,RNND_Zhu,5248,0.6487754881381989,0.48879721015691757,0.15997827798128128,
0,260816,matched,MATCHED_Rayleigh,RNND_Zhu,5249,0.4228125810623169,0.31901851296424866,0.10379406996071339,
0,260816,matched,MATCHED_Rayleigh,RNND_Zhu,5250,0.45747632533311844,0.34425899013876915,0.11321734450757504,
0,260816,matched,MATCHED_Rayleigh,RNND_Zhu,5251,0.4542454481124878,0.34495308995246887,0.10929235443472862,
0,260816,matched,MATCHED_Rayleigh,RNND_Zhu,5252,0.4864869937300682,0.3700249530375004,0.11646205373108387,
0,260816,matched,MATCHED_Rayleigh,RNND_Zhu,5253,0.5439313054084778,0.4150826223194599,0.12884868308901787,
0,260816,matched,MATCHED_Rayleigh,RNND_Zhu,5254,0.44591644406318665,0.3339652717113495,0.11195116862654686,
0,260816,matched,MATCHED_Rayleigh,RNND_Zhu,5255,0.33573728799819946,0.25380822643637657,0.08192905597388744,
0,260816,matched,MATCHED_Rayleigh,RNND_Zhu,5256,0.4404107704758644,0.3332566134631634,0.10715416353195906,
0,260816,matched,MATCHED_Rayleigh,RNND_Zhu,5257,0.43275944888591766,0.32574809342622757,0.1070113480091095,
0,260816,matched,MATCHED_Rayleigh,RNND_Zhu,5258,0.34628377109766006,0.26469142735004425,0.08159233815968037,
0,260816,matched,MATCHED_Rayleigh,RNND_Zhu,5259,0.5449889078736305,0.40649860352277756,0.13849032297730446,
0,260816,matched,MATCHED_Rayleigh,RNND_Zhu,5260,0.47487856447696686,0.36134249344468117,0.11353607848286629,
0,260816,matched,MATCHED_Rayleigh,RNND_Zhu,5261,0.46361468732357025,0.35006237775087357,0.11355231702327728,
0,260816,matched,MATCHED_Rayleigh,RNND_Zhu,5262,0.4722774475812912,0.36098507791757584,0.11129236780107021,
0,260816,matched,MATCHED_Rayleigh,RNND_Zhu,5263,0.38521812856197357,0.2946920171380043,0.09052611701190472,
0,260816,matched,MATCHED_Rayleigh,RNND_Zhu,5264,0.4655638411641121,0.35509831458330154,0.1104655209928751,
0,260816,matched,MATCHED_Rayleigh,RNND_Zhu,5265,0.43411099165678024,0.32741905003786087,0.10669193416833878,
0,260816,matched,MATCHED_Rayleigh,RNND_Zhu,5266,0.4780222252011299,0.3659997582435608,0.11202248279005289,
0,260816,matched,MATCHED_Rayleigh,RNND_Zhu,5267,0.40467747300863266,0.31341952085494995,0.09125795029103756,
0,260816,matched,MATCHED_Rayleigh,RNND_Zhu,5268,0.48770884424448013,0.3699793443083763,0.1177295008674264,
0,260816,matched,MATCHED_Rayleigh,RNND_Zhu,5269,0.31986524164676666,0.24008690938353539,0.07977833785116673,
0,260816,matched,MATCHED_Rayleigh,RNND_Zhu,5270,0.4773564115166664,0.360102042555809,0.11725437827408314,
0,260816,matched,MATCHED_Rayleigh,RNND_Zhu,5271,0.42340730875730515,0.3206171691417694,0.10279014334082603,
0,260816,matched,MATCHED_Rayleigh,RNND_Zhu,5272,0.5381302461028099,0.40314991772174835,0.13498033583164215,
0,260816,matched,MATCHED_Rayleigh,RNND_Zhu,5273,0.48085854947566986,0.3558194041252136,0.12503913044929504,
0,260816,matched,MATCHED_Rayleigh,RNND_Zhu,5274,0.3215188831090927,0.24895833805203438,0.07256054226309061,
0,260816,matched,MATCHED_Rayleigh,RNND_Zhu,5275,0.40049292147159576,0.296183742582798,0.10430918633937836,
0,260816,matched,MATCHED_Rayleigh,RNND_Zhu,5276,0.507652536034584,0.3750402554869652,0.13261226937174797,
0,260816,matched,MATCHED_Rayleigh,RNND_Zhu,5277,0.46180516481399536,0.3506372384727001,0.11116793192923069,
0,260816,matched,MATCHED_Rayleigh,RNND_Zhu,5278,0.6882318705320358,0.520702414214611,0.16752945631742477,
0,260816,matched,MATCHED_Rayleigh,RNND_Zhu,5279,0.5628327056765556,0.4188747704029083,0.143957931548357,
0,260816,matched,MATCHED_Rayleigh,RNND_Zhu,5280,0.4527686908841133,0.3442215472459793,0.10854715295135975,
0,260816,matched,MATCHED_Rayleigh,RNND_Zhu,5281,0.586506299674511,0.4332583397626877,0.15324796922504902,
0,260816,matched,MATCHED_Rayleigh,RNND_Zhu,5282,0.29498597979545593,0.2290564551949501,0.06592952646315098,
0,260816,matched,MATCHED_Rayleigh,RNND_Zhu,5283,0.46476948261260986,0.34995312988758087,0.11481635645031929,
0,260816,matched,MATCHED_Rayleigh,RNND_Zhu,5284,0.37325748801231384,0.29317762702703476,0.08007986005395651,
0,260816,matched,MATCHED_Rayleigh,RNND_Zhu,5285,0.36691030859947205,0.27788469940423965,0.08902561850845814,
0,260816,matched,MATCHED_Rayleigh,RNND_Zhu,5286,0.6248129233717918,0.4647105038166046,0.16010242700576782,
0,260816,matched,MATCHED_Rayleigh,RNND_Zhu,5287,0.433537594974041,0.33136849850416183,0.10216910019516945,
0,260816,matched,MATCHED_Rayleigh,RNND_Zhu,5288,0.40423091128468513,0.3083268515765667,0.09590406809002161,
0,260816,matched,MATCHED_Rayleigh,RNND_Zhu,5289,0.3767535015940666,0.2859667204320431,0.0907867643982172,
0,260816,matched,MATCHED_Rayleigh,RNND_Zhu,5290,0.5246470421552658,0.3907550722360611,0.1338919699192047,
0,260816,matched,MATCHED_Rayleigh,RNND_Zhu,5291,0.3877941071987152,0.29314111173152924,0.09465298987925053,
0,260816,matched,MATCHED_Rayleigh,RNND_Zhu,5292,0.5030612796545029,0.38170674070715904,0.12135452684015036,
0,260816,matched,MATCHED_Rayleigh,RNND_Zhu,5293,0.6080362051725388,0.4614192210137844,0.14661699254065752,
0,260816,matched,MATCHED_Rayleigh,RNND_Zhu,5294,0.5239611938595772,0.39654891192913055,0.12741229124367237,
0,260816,matched,MATCHED_Rayleigh,RNND_Zhu,5295,0.535981722176075,0.3994132950901985,0.13656842894852161,
0,260816,matched,MATCHED_Rayleigh,RNND_Zhu,5296,0.4365127794444561,0.3205559030175209,0.11595688667148352,
0,260816,matched,MATCHED_Rayleigh,RNND_Zhu,5297,0.3259652778506279,0.24459438771009445,0.0813708957284689,
0,260816,matched,MATCHED_Rayleigh,RNND_Zhu,5298,0.42534835636615753,0.3222432993352413,0.10310506261885166,
0,260816,matched,MATCHED_Rayleigh,RNND_Zhu,5299,0.337408222258091,0.253713421523571,0.08369479980319738,
0,260816,matched,MATCHED_Rayleigh,RNND_Zhu,5300,0.5104482620954514,0.39153333753347397,0.11891491804271936,
0,260816,matched,MATCHED_Rayleigh,RNND_Zhu,5301,0.4947538375854492,0.37223781645298004,0.12251603603363037,
0,260816,matched,MATCHED_Rayleigh,RNND_Zhu,5302,0.32129476964473724,0.245354775339365,0.07593999616801739,
0,260816,matched,MATCHED_Rayleigh,RNND_Zhu,5303,0.37401381880044937,0.2836345545947552,0.09037925861775875,
0,260816,matched,MATCHED_Rayleigh,RNND_Zhu,5304,0.5253662541508675,0.39893577992916107,0.12643047235906124,
0,260816,matched,MATCHED_Rayleigh,RNND_Zhu,5305,0.32223693653941154,0.25483444705605507,0.06740249134600163,
0,260816,matched,MATCHED_Rayleigh,RNND_Zhu,5306,0.4259937107563019,0.3207375630736351,0.10525614954531193,
0,260816,matched,MATCHED_Rayleigh,RNND_Zhu,5307,0.6247237175703049,0.4708152264356613,0.15390846319496632,
0,260816,matched,MATCHED_Rayleigh,RNND_Zhu,5308,0.5314866676926613,0.39949020743370056,0.1319964537397027,
0,260816,matched,MATCHED_Rayleigh,RNND_Zhu,5309,0.5675157904624939,0.42276163399219513,0.14475415833294392,
0,260816,matched,MATCHED_Rayleigh,RNND_Zhu,5310,0.50629822909832,0.38561826571822166,0.1206799577921629,
0,260816,matched,MATCHED_Rayleigh,RNND_Zhu,5311,0.4733612462878227,0.3638942092657089,0.10946703515946865,
0,260816,matched,MATCHED_Rayleigh,RNND_Zhu,5312,0.5944486260414124,0.44263532757759094,0.1518133133649826,
0,260816,matched,MATCHED_Rayleigh,RNND_Zhu,5313,0.32615353539586067,0.24734481424093246,0.07880872115492821,
0,260816,matched,MATCHED_Rayleigh,RNND_Zhu,5314,0.32111896574497223,0.2418242022395134,0.07929476257413626,
0,260816,matched,MATCHED_Rayleigh,RNND_Zhu,5315,0.4220678433775902,0.3145691081881523,0.10749872401356697,
0,260816,matched,MATCHED_Rayleigh,RNND_Zhu,5316,0.5099326707422733,0.3883839026093483,0.12154875975102186,
0,260816,matched,MATCHED_Rayleigh,RNND_Zhu,5317,0.3551812097430229,0.2645699232816696,0.0906112901866436,
0,260816,matched,MATCHED_Rayleigh,RNND_Zhu,5318,0.4337509460747242,0.3299502991139889,0.1038006478920579,
0,260816,matched,MATCHED_Rayleigh,RNND_Zhu,5319,0.5371934846043587,0.40036749839782715,0.13682598061859608,
0,260816,matched,MATCHED_Rayleigh,RNND_Zhu,5320,0.44863052666187286,0.34077778458595276,0.10785273090004921,
0,260816,matched,MATCHED_Rayleigh,RNND_Zhu,5321,0.49790117144584656,0.3766595423221588,0.12124162167310715,
0,260816,matched,MATCHED_Rayleigh,RNND_Zhu,5322,0.43115203082561493,0.3249562382698059,0.10619579255580902,
0,260816,matched,MATCHED_Rayleigh,RNND_Zhu,5323,0.47465259581804276,0.3606919124722481,0.11396066565066576,
0,260816,matched,MATCHED_Rayleigh,RNND_Zhu,5324,0.4815199077129364,0.3585887551307678,0.12293114326894283,
0,260816,matched,MATCHED_Rayleigh,RNND_Zhu,5325,0.5303822979331017,0.40411069989204407,0.12627160176634789,
0,260816,matched,MATCHED_Rayleigh,RNND_Zhu,5326,0.5129906386137009,0.384446382522583,0.12854426354169846,
0,260816,matched,MATCHED_Rayleigh,RNND_Zhu,5327,0.5366890504956245,0.39872457832098007,0.13796446658670902,
0,260816,matched,MATCHED_Rayleigh,RNND_Zhu,5328,0.34575799107551575,0.2642604224383831,0.0814975704997778,
0,260816,matched,MATCHED_Rayleigh,RNND_Zhu,5329,0.4746893495321274,0.36278652399778366,0.11190281622111797,
0,260816,matched,MATCHED_Rayleigh,RNND_Zhu,5330,0.48000579327344894,0.3661849722266197,0.11382082663476467,
0,260816,matched,MATCHED_Rayleigh,RNND_Zhu,5331,0.46500733494758606,0.3484211154282093,0.11658621951937675,
0,260816,matched,MATCHED_Rayleigh,RNND_Zhu,5332,0.44965554028749466,0.3376932665705681,0.1119622616097331,
0,260816,matched,MATCHED_Rayleigh,RNND_Zhu,5333,0.4085368476808071,0.3137211576104164,0.09481567610055208,
0,260816,matched,MATCHED_Rayleigh,RNND_Zhu,5334,0.5509634241461754,0.4082479625940323,0.1427154652774334,
0,260816,matched,MATCHED_Rayleigh,RNND_Zhu,5335,0.3462313860654831,0.2675267569720745,0.07870462629944086,
0,260816,matched,MATCHED_Rayleigh,RNND_Zhu,5336,0.5710095316171646,0.43126974254846573,0.13973979279398918,
0,260816,matched,MATCHED_Rayleigh,RNND_Zhu,5337,0.5420451611280441,0.41085390001535416,0.13119125179946423,
0,260816,matched,MATCHED_Rayleigh,RNND_Zhu,5338,0.3947056606411934,0.30504292249679565,0.08966273441910744,
0,260816,matched,MATCHED_Rayleigh,RNND_Zhu,5339,0.3085043430328369,0.23585651814937592,0.07264783047139645,
0,260816,matched,MATCHED_Rayleigh,RNND_Zhu,5340,0.5328758656978607,0.4003468230366707,0.13252904079854488,
0,260816,matched,MATCHED_Rayleigh,RNND_Zhu,5341,0.5240240544080734,0.39652127400040627,0.1275027859956026,
0,260816,matched,MATCHED_Rayleigh,RNND_Zhu,5342,0.5563732534646988,0.42148035764694214,0.1348928865045309,
0,260816,matched,MATCHED_Rayleigh,RNND_Zhu,5343,0.49942246079444885,0.37609492242336273,0.12332754582166672,
0,260816,matched,MATCHED_Rayleigh,RNND_Zhu,5344,0.5252283737063408,0.39895353466272354,0.12627482414245605,
0,260816,matched,MATCHED_Rayleigh,RNND_Zhu,5345,0.45957207679748535,0.3563651293516159,0.1032069455832243,
0,260816,matched,MATCHED_Rayleigh,RNND_Zhu,5346,0.4890171065926552,0.37029851973056793,0.11871858965605497,
0,260816,matched,MATCHED_Rayleigh,RNND_Zhu,5347,0.4226130321621895,0.3256355859339237,0.09697745181620121,
0,260816,matched,MATCHED_Rayleigh,RNND_Zhu,5348,0.5121227651834488,0.38441889733076096,0.12770387157797813,
0,260816,matched,MATCHED_Rayleigh,RNND_Zhu,5349,0.60275499522686,0.4528151974081993,0.14993978664278984,
0,260816,matched,MATCHED_Rayleigh,RNND_Zhu,5350,0.36498551815748215,0.2729758769273758,0.09200964402407408,
0,260816,matched,MATCHED_Rayleigh,RNND_Zhu,5351,0.5595926195383072,0.4226650819182396,0.1369275413453579,
0,260816,matched,MATCHED_Rayleigh,RNND_Zhu,5352,0.3956266939640045,0.30480794608592987,0.09081874042749405,
0,260816,matched,MATCHED_Rayleigh,RNND_Zhu,5353,0.49261291325092316,0.37115979939699173,0.1214531036093831,
0,260816,matched,MATCHED_Rayleigh,RNND_Zhu,5354,0.4289957284927368,0.3242170289158821,0.10477869771420956,
0,260816,matched,MATCHED_Rayleigh,RNND_Zhu,5355,0.4899274557828903,0.370620921254158,0.1193065419793129,
0,260816,matched,MATCHED_Rayleigh,RNND_Zhu,5356,0.5864067152142525,0.4428744912147522,0.14353222586214542,
0,260816,matched,MATCHED_Rayleigh,RNND_Zhu,5357,0.4233953431248665,0.3224450424313545,0.10095029883086681,
0,260816,matched,MATCHED_Rayleigh,RNND_Zhu,5358,0.447846420109272,0.34205616265535355,0.10579025000333786,
0,260816,matched,MATCHED_Rayleigh,RNND_Zhu,5359,0.3501080423593521,0.261752724647522,0.08835531771183014,
0,260816,matched,MATCHED_Rayleigh,RNND_Zhu,5360,0.47690267115831375,0.36514098197221756,0.11176168825477362,
0,260816,matched,MATCHED_Rayleigh,RNND_Zhu,5361,0.5870326608419418,0.4438723847270012,0.14316027238965034,
0,260816,matched,MATCHED_Rayleigh,RNND_Zhu,5362,0.5219003781676292,0.3963281437754631,0.1255722288042307,
0,260816,matched,MATCHED_Rayleigh,RNND_Zhu,5363,0.4306841641664505,0.3289562128484249,0.10172794200479984,
0,260816,matched,MATCHED_Rayleigh,RNND_Zhu,5364,0.45895304530858994,0.3484873026609421,0.11046574264764786,
0,260816,matched,MATCHED_Rayleigh,RNND_Zhu,5365,0.4886294826865196,0.3671778440475464,0.12145164795219898,
0,260816,matched,MATCHED_Rayleigh,RNND_Zhu,5366,0.5571980997920036,0.42162472754716873,0.1355733722448349,
0,260816,matched,MATCHED_Rayleigh,RNND_Zhu,5367,0.48844199627637863,0.36903073266148567,0.11941126361489296,
0,260816,matched,MATCHED_Rayleigh,RNND_Zhu,5368,0.5111325308680534,0.38321583718061447,0.12791669182479382,
0,260816,matched,MATCHED_Rayleigh,RNND_Zhu,5369,0.5435494631528854,0.4165928140282631,0.12695664539933205,
0,260816,matched,MATCHED_Rayleigh,RNND_Zhu,5370,0.4853249117732048,0.3623759597539902,0.12294895388185978,
0,260816,matched,MATCHED_Rayleigh,RNND_Zhu,5371,0.40647196769714355,0.3091055527329445,0.09736642241477966,
0,260816,matched,MATCHED_Rayleigh,RNND_Zhu,5372,0.5705880001187325,0.4295867383480072,0.1410012636333704,
0,260816,matched,MATCHED_Rayleigh,RNND_Zhu,5373,0.4468960203230381,0.33831730857491493,0.10857869870960712,
0,260816,matched,MATCHED_Rayleigh,RNND_Zhu,5374,0.39604944735765457,0.30257488042116165,0.09347457066178322,
0,260816,matched,MATCHED_Rayleigh,RNND_Zhu,5375,0.5782877951860428,0.4302879497408867,0.1479998528957367,
0,260816,matched,MATCHED_Rayleigh,RNND_Zhu,5376,0.5440472662448883,0.41092217713594437,0.13312509655952454,
0,260816,matched,MATCHED_Rayleigh,RNND_Zhu,5377,0.557660661637783,0.42087971419095993,0.13678094744682312,
0,260816,matched,MATCHED_Rayleigh,RNND_Zhu,5378,0.4448527321219444,0.3348092809319496,0.11004344746470451,
0,260816,matched,MATCHED_Rayleigh,RNND_Zhu,5379,0.44208111613988876,0.3356171324849129,0.10646398365497589,
0,260816,matched,MATCHED_Rayleigh,RNND_Zhu,5380,0.4322321340441704,0.3247981145977974,0.10743401385843754,
0,260816,matched,MATCHED_Rayleigh,RNND_Zhu,5381,0.5553601533174515,0.420608252286911,0.13475188612937927,
0,260816,matched,MATCHED_Rayleigh,RNND_Zhu,5382,0.3587033078074455,0.27487559989094734,0.08382770791649818,
0,260816,matched,MATCHED_Rayleigh,RNND_Zhu,5383,0.29702846333384514,0.2295035496354103,0.06752492021769285,
0,260816,matched,MATCHED_Rayleigh,RNND_Zhu,5384,0.38443247601389885,0.29529378563165665,0.08913869317620993,
0,260816,matched,MATCHED_Rayleigh,RNND_Zhu,5385,0.46254095807671547,0.34441374987363815,0.11812721006572247,
0,260816,matched,MATCHED_Rayleigh,RNND_Zhu,5386,0.6247127428650856,0.4691297188401222,0.15558302402496338,
0,260816,matched,MATCHED_Rayleigh,RNND_Zhu,5387,0.3073856644332409,0.23572775349020958,0.07165791001170874,
0,260816,matched,MATCHED_Rayleigh,RNND_Zhu,5388,0.5134999379515648,0.3852411136031151,0.12825882807374,
0,260816,matched,MATCHED_Rayleigh,RNND_Zhu,5389,0.4702572599053383,0.3485258221626282,0.12173143215477467,
0,260816,matched,MATCHED_Rayleigh,RNND_Zhu,5390,0.362894743680954,0.28102975338697433,0.0818649921566248,
0,260816,matched,MATCHED_Rayleigh,RNND_Zhu,5391,0.4200146347284317,0.31514864414930344,0.10486599244177341,
0,260816,matched,MATCHED_Rayleigh,RNND_Zhu,5392,0.4291580989956856,0.3204227201640606,0.10873537696897984,
0,260816,matched,MATCHED_Rayleigh,RNND_Zhu,5393,0.35389112681150436,0.2698533460497856,0.08403777331113815,
0,260816,matched,MATCHED_Rayleigh,RNND_Zhu,5394,0.4498758316040039,0.3425423800945282,0.10733344964683056,
0,260816,matched,MATCHED_Rayleigh,RNND_Zhu,5395,0.3698180615901947,0.28150758147239685,0.08831047266721725,
0,260816,matched,MATCHED_Rayleigh,RNND_Zhu,5396,0.46795642375946045,0.3547273427248001,0.11322907730937004,
0,260816,matched,MATCHED_Rayleigh,RNND_Zhu,5397,0.474505752325058,0.3569187596440315,0.1175870019942522,
0,260816,matched,MATCHED_Rayleigh,RNND_Zhu,5398,0.5217573195695877,0.39937808364629745,0.12237923964858055,
0,260816,matched,MATCHED_Rayleigh,RNND_Zhu,5399,0.49793561547994614,0.37398745864629745,0.12394814752042294,
0,260816,matched,MATCHED_Rayleigh,RNND_Zhu,5400,0.4932249188423157,0.3680254742503166,0.12519943714141846,-0.7734109832675429
0,260816,matched,MATCHED_Rayleigh,RNND_Zhu,5401,0.5903491228818893,0.4436863660812378,0.14666274935007095,
0,260816,matched,MATCHED_Rayleigh,RNND_Zhu,5402,0.4567261338233948,0.3439474105834961,0.11277873255312443,
0,260816,matched,MATCHED_Rayleigh,RNND_Zhu,5403,0.39473531395196915,0.29744531214237213,0.09729000367224216,
0,260816,matched,MATCHED_Rayleigh,RNND_Zhu,5404,0.48622991144657135,0.3668460175395012,0.11938390135765076,
0,260816,matched,MATCHED_Rayleigh,RNND_Zhu,5405,0.5911590903997421,0.4472400099039078,0.14391907677054405,
0,260816,matched,MATCHED_Rayleigh,RNND_Zhu,5406,0.3878229260444641,0.28872064128518105,0.09910227824002504,
0,260816,matched,MATCHED_Rayleigh,RNND_Zhu,5407,0.5121376067399979,0.3818368464708328,0.1303007509559393,
0,260816,matched,MATCHED_Rayleigh,RNND_Zhu,5408,0.4897470921278,0.37191250175237656,0.11783459782600403,
0,260816,matched,MATCHED_Rayleigh,RNND_Zhu,5409,0.437653511762619,0.3303985185921192,0.1072549894452095,
0,260816,matched,MATCHED_Rayleigh,RNND_Zhu,5410,0.5529603883624077,0.41632431000471115,0.13663607649505138,
0,260816,matched,MATCHED_Rayleigh,RNND_Zhu,5411,0.4879710078239441,0.37447936460375786,0.11349164135754108,
0,260816,matched,MATCHED_Rayleigh,RNND_Zhu,5412,0.5318060368299484,0.4030924662947655,0.12871358171105385,
0,260816,matched,MATCHED_Rayleigh,RNND_Zhu,5413,0.6376169621944427,0.49273184686899185,0.1448850892484188,
0,260816,matched,MATCHED_Rayleigh,RNND_Zhu,5414,0.3981988951563835,0.3033916912972927,0.09480720199644566,
0,260816,matched,MATCHED_Rayleigh,RNND_Zhu,5415,0.5154082402586937,0.3900110237300396,0.12539721000939608,
0,260816,matched,MATCHED_Rayleigh,RNND_Zhu,5416,0.35344282537698746,0.27441680803894997,0.07902602478861809,
0,260816,matched,MATCHED_Rayleigh,RNND_Zhu,5417,0.4537544995546341,0.34769057482481003,0.10606393218040466,
0,260816,matched,MATCHED_Rayleigh,RNND_Zhu,5418,0.4363001622259617,0.3345852792263031,0.10171487741172314,
0,260816,matched,MATCHED_Rayleigh,RNND_Zhu,5419,0.5611164048314095,0.42139702290296555,0.139719370752573,
0,260816,matched,MATCHED_Rayleigh,RNND_Zhu,5420,0.3422965928912163,0.262810293585062,0.07948629651218653,
0,260816,matched,MATCHED_Rayleigh,RNND_Zhu,5421,0.5398914143443108,0.40876585245132446,0.13112556003034115,
0,260816,matched,MATCHED_Rayleigh,RNND_Zhu,5422,0.46485497802495956,0.35363634675741196,0.11121862381696701,
0,260816,matched,MATCHED_Rayleigh,RNND_Zhu,5423,0.5003879740834236,0.3775496445596218,0.1228383220732212,
0,260816,matched,MATCHED_Rayleigh,RNND_Zhu,5424,0.42821186035871506,0.32646768540143967,0.10174417868256569,
0,260816,matched,MATCHED_Rayleigh,RNND_Zhu,5425,0.522538036108017,0.3927782289683819,0.12975981645286083,
0,260816,matched,MATCHED_Rayleigh,RNND_Zhu,5426,0.6222236305475235,0.47194670885801315,0.15027692168951035,
0,260816,matched,MATCHED_Rayleigh,RNND_Zhu,5427,0.42537762969732285,0.31843507662415504,0.10694254748523235,
0,260816,matched,MATCHED_Rayleigh,RNND_Zhu,5428,0.35789476335048676,0.2763821482658386,0.08151261601597071,
0,260816,matched,MATCHED_Rayleigh,RNND_Zhu,5429,0.45292828977108,0.3464243859052658,0.1065039113163948,
0,260816,matched,MATCHED_Rayleigh,RNND_Zhu,5430,0.3983311131596565,0.2996249198913574,0.0987061895430088,
0,260816,matched,MATCHED_Rayleigh,RNND_Zhu,5431,0.41967206075787544,0.3126259222626686,0.10704614035785198,
0,260816,matched,MATCHED_Rayleigh,RNND_Zhu,5432,0.5010663568973541,0.3788813501596451,0.12218501605093479,
0,260816,matched,MATCHED_Rayleigh,RNND_Zhu,5433,0.2945586256682873,0.2317778803408146,0.06278075370937586,
0,260816,matched,MATCHED_Rayleigh,RNND_Zhu,5434,0.4330260455608368,0.32980524003505707,0.10322079993784428,
0,260816,matched,MATCHED_Rayleigh,RNND_Zhu,5435,0.523379847407341,0.4017599821090698,0.12161986157298088,
0,260816,matched,MATCHED_Rayleigh,RNND_Zhu,5436,0.4794846400618553,0.3654925227165222,0.1139921210706234,
0,260816,matched,MATCHED_Rayleigh,RNND_Zhu,5437,0.47810085862874985,0.3649916686117649,0.11310920491814613,
0,260816,matched,MATCHED_Rayleigh,RNND_Zhu,5438,0.4695257097482681,0.35787731409072876,0.11164839938282967,
0,260816,matched,MATCHED_Rayleigh,RNND_Zhu,5439,0.527179591357708,0.3976222276687622,0.12955736182630062,
0,260816,matched,MATCHED_Rayleigh,RNND_Zhu,5440,0.5124129429459572,0.3840566501021385,0.12835628725588322,
0,260816,matched,MATCHED_Rayleigh,RNND_Zhu,5441,0.43685612827539444,0.3295384645462036,0.107317672111094,
0,260816,matched,MATCHED_Rayleigh,RNND_Zhu,5442,0.40335798263549805,0.3052303232252598,0.09812766034156084,
0,260816,matched,MATCHED_Rayleigh,RNND_Zhu,5443,0.30725398659706116,0.23705866932868958,0.07019532192498446,
0,260816,matched,MATCHED_Rayleigh,RNND_Zhu,5444,0.5604361817240715,0.4210086651146412,0.1394275203347206,
0,260816,matched,MATCHED_Rayleigh,RNND_Zhu,5445,0.47532712668180466,0.3535245433449745,0.12180258426815271,
0,260816,matched,MATCHED_Rayleigh,RNND_Zhu,5446,0.42875833809375763,0.32805221527814865,0.10070611163973808,
0,260816,matched,MATCHED_Rayleigh,RNND_Zhu,5447,0.4276652932167053,0.32698022574186325,0.10068506747484207,
0,260816,matched,MATCHED_Rayleigh,RNND_Zhu,5448,0.49838995933532715,0.37611082941293716,0.12227913364768028,
0,260816,matched,MATCHED_Rayleigh,RNND_Zhu,5449,0.3995548486709595,0.30227677896618843,0.09727807343006134,
0,260816,matched,MATCHED_Rayleigh,RNND_Zhu,5450,0.4586673974990845,0.34647127985954285,0.11219611205160618,
0,260816,matched,MATCHED_Rayleigh,RNND_Zhu,5451,0.6298362165689468,0.472114197909832,0.15772201865911484,
0,260816,matched,MATCHED_Rayleigh,RNND_Zhu,5452,0.5173617899417877,0.38596659898757935,0.13139519095420837,
0,260816,matched,MATCHED_Rayleigh,RNND_Zhu,5453,0.46531713753938675,0.34564173966646194,0.11967539973556995,
0,260816,matched,MATCHED_Rayleigh,RNND_Zhu,5454,0.6313101053237915,0.4779280498623848,0.1533820480108261,
0,260816,matched,MATCHED_Rayleigh,RNND_Zhu,5455,0.3107621371746063,0.23987996950745583,0.07088217698037624,
0,260816,matched,MATCHED_Rayleigh,RNND_Zhu,5456,0.4727177172899246,0.36053915694355965,0.11217855848371983,
0,260816,matched,MATCHED_Rayleigh,RNND_Zhu,5457,0.5472167581319809,0.4118506908416748,0.13536606170237064,
0,260816,matched,MATCHED_Rayleigh,RNND_Zhu,5458,0.47985969483852386,0.3550668731331825,0.12479283288121223,
0,260816,matched,MATCHED_Rayleigh,RNND_Zhu,5459,0.4914807267487049,0.36927206441760063,0.12220865022391081,
0,260816,matched,MATCHED_Rayleigh,RNND_Zhu,5460,0.47792384773492813,0.3613474518060684,0.11657639779150486,
0,260816,matched,MATCHED_Rayleigh,RNND_Zhu,5461,0.49783989787101746,0.3792678713798523,0.11857203766703606,
0,260816,matched,MATCHED_Rayleigh,RNND_Zhu,5462,0.5060353949666023,0.38312121480703354,0.12291417643427849,
0,260816,matched,MATCHED_Rayleigh,RNND_Zhu,5463,0.5665197521448135,0.4277188628911972,0.13880088552832603,
0,260816,matched,MATCHED_Rayleigh,RNND_Zhu,5464,0.44351930171251297,0.3335399478673935,0.10997936315834522,
0,260816,matched,MATCHED_Rayleigh,RNND_Zhu,5465,0.45544976741075516,0.3448931649327278,0.11055659502744675,
0,260816,matched,MATCHED_Rayleigh,RNND_Zhu,5466,0.45889588445425034,0.3541069030761719,0.10478898324072361,
0,260816,matched,MATCHED_Rayleigh,RNND_Zhu,5467,0.6224594563245773,0.4680727645754814,0.15438667684793472,
0,260816,matched,MATCHED_Rayleigh,RNND_Zhu,5468,0.5336996838450432,0.4027033671736717,0.1309963222593069,
0,260816,matched,MATCHED_Rayleigh,RNND_Zhu,5469,0.4665791317820549,0.352252721786499,0.11432639695703983,
0,260816,matched,MATCHED_Rayleigh,RNND_Zhu,5470,0.4314779192209244,0.33093780279159546,0.10054010711610317,
0,260816,matched,MATCHED_Rayleigh,RNND_Zhu,5471,0.42977674305438995,0.3269988149404526,0.10277792997658253,
0,260816,matched,MATCHED_Rayleigh,RNND_Zhu,5472,0.5446711629629135,0.4143281392753124,0.13034303672611713,
0,260816,matched,MATCHED_Rayleigh,RNND_Zhu,5473,0.5629392564296722,0.42225634306669235,0.1406829059123993,
0,260816,matched,MATCHED_Rayleigh,RNND_Zhu,5474,0.5759613662958145,0.43674951791763306,0.13921184837818146,
0,260816,matched,MATCHED_Rayleigh,RNND_Zhu,5475,0.5435790568590164,0.40852873772382736,0.13505032286047935,
0,260816,matched,MATCHED_Rayleigh,RNND_Zhu,5476,0.45364533364772797,0.3431731164455414,0.11047221533954144,
0,260816,matched,MATCHED_Rayleigh,RNND_Zhu,5477,0.5789728313684464,0.4425942078232765,0.13637861981987953,
0,260816,matched,MATCHED_Rayleigh,RNND_Zhu,5478,0.7131526619195938,0.5345669388771057,0.1785857118666172,
0,260816,matched,MATCHED_Rayleigh,RNND_Zhu,5479,0.4860941842198372,0.37057245522737503,0.11552173085510731,
0,260816,matched,MATCHED_Rayleigh,RNND_Zhu,5480,0.4588927999138832,0.34945516288280487,0.10943763516843319,
0,260816,matched,MATCHED_Rayleigh,RNND_Zhu,5481,0.5591840147972107,0.4236418604850769,0.1355421282351017,
0,260816,matched,MATCHED_Rayleigh,RNND_Zhu,5482,0.4520295411348343,0.3464031219482422,0.10562641732394695,
0,260816,matched,MATCHED_Rayleigh,RNND_Zhu,5483,0.5393570587038994,0.4080611392855644,0.131295932456851,
0,260816,matched,MATCHED_Rayleigh,RNND_Zhu,5484,0.5786586478352547,0.44053012877702713,0.13812851160764694,
0,260816,matched,MATCHED_Rayleigh,RNND_Zhu,5485,0.4499036818742752,0.34041620045900345,0.1094874944537878,
0,260816,matched,MATCHED_Rayleigh,RNND_Zhu,5486,0.35503000766038895,0.27182968333363533,0.08320032246410847,
0,260816,matched,MATCHED_Rayleigh,RNND_Zhu,5487,0.4013909697532654,0.30293702334165573,0.09845394268631935,
0,260816,matched,MATCHED_Rayleigh,RNND_Zhu,5488,0.40157125145196915,0.3075464516878128,0.09402479790151119,
0,260816,matched,MATCHED_Rayleigh,RNND_Zhu,5489,0.29780471324920654,0.2255171723663807,0.07228753343224525,
0,260816,matched,MATCHED_Rayleigh,RNND_Zhu,5490,0.5421673506498337,0.4103701785206795,0.1317971721291542,
0,260816,matched,MATCHED_Rayleigh,RNND_Zhu,5491,0.4629140943288803,0.3502913564443588,0.11262273043394089,
0,260816,matched,MATCHED_Rayleigh,RNND_Zhu,5492,0.414177592843771,0.31772463396191597,0.09645296726375818,
0,260816,matched,MATCHED_Rayleigh,RNND_Zhu,5493,0.43159275129437447,0.3264525420963764,0.10514020826667547,
0,260816,matched,MATCHED_Rayleigh,RNND_Zhu,5494,0.46641579270362854,0.3464202582836151,0.11999553628265858,
0,260816,matched,MATCHED_Rayleigh,RNND_Zhu,5495,0.4187542423605919,0.31702324002981186,0.10173100512474775,
0,260816,matched,MATCHED_Rayleigh,RNND_Zhu,5496,0.4316340312361717,0.3292349651455879,0.10239906795322895,
0,260816,matched,MATCHED_Rayleigh,RNND_Zhu,5497,0.3912016376852989,0.2950107455253601,0.09619089681655169,
0,260816,matched,MATCHED_Rayleigh,RNND_Zhu,5498,0.6149277314543724,0.45832593739032745,0.1566017847508192,
0,260816,matched,MATCHED_Rayleigh,RNND_Zhu,5499,0.3850186616182327,0.29595835506916046,0.08906031027436256,
0,260816,matched,MATCHED_Rayleigh,RNND_Zhu,5500,0.49991588294506073,0.37650589644908905,0.12340997904539108,
0,260816,matched,MATCHED_Rayleigh,RNND_Zhu,5501,0.5777150988578796,0.4331827387213707,0.14453235641121864,
0,260816,matched,MATCHED_Rayleigh,RNND_Zhu,5502,0.4626283794641495,0.3460378050804138,0.11659056693315506,
0,260816,matched,MATCHED_Rayleigh,RNND_Zhu,5503,0.3784012570977211,0.2918813228607178,0.0865199277177453,
0,260816,matched,MATCHED_Rayleigh,RNND_Zhu,5504,0.4993564039468765,0.37231074273586273,0.1270456612110138,
0,260816,matched,MATCHED_Rayleigh,RNND_Zhu,5505,0.42503665015101433,0.3236766755580902,0.10135997459292412,
0,260816,matched,MATCHED_Rayleigh,RNND_Zhu,5506,0.5139886662364006,0.3905414044857025,0.12344725616276264,
0,260816,matched,MATCHED_Rayleigh,RNND_Zhu,5507,0.5425066575407982,0.4122154079377651,0.13029123470187187,
0,260816,matched,MATCHED_Rayleigh,RNND_Zhu,5508,0.5224906802177429,0.39345183223485947,0.12903884798288345,
0,260816,matched,MATCHED_Rayleigh,RNND_Zhu,5509,0.42971768230199814,0.3202403821051121,0.10947731323540211,
0,260816,matched,MATCHED_Rayleigh,RNND_Zhu,5510,0.42626526206731796,0.3244330659508705,0.10183219891041517,
0,260816,matched,MATCHED_Rayleigh,RNND_Zhu,5511,0.5599270612001419,0.41686708480119705,0.14305997639894485,
0,260816,matched,MATCHED_Rayleigh,RNND_Zhu,5512,0.5087722688913345,0.3841126933693886,0.12465957924723625,
0,260816,matched,MATCHED_Rayleigh,RNND_Zhu,5513,0.3385700285434723,0.25632036849856377,0.08224966563284397,
0,260816,matched,MATCHED_Rayleigh,RNND_Zhu,5514,0.32706496864557266,0.2519810199737549,0.07508394494652748,
0,260816,matched,MATCHED_Rayleigh,RNND_Zhu,5515,0.42453957349061966,0.322726733982563,0.10181283764541149,
0,260816,matched,MATCHED_Rayleigh,RNND_Zhu,5516,0.34429851174354553,0.2646244093775749,0.07967410888522863,
0,260816,matched,MATCHED_Rayleigh,RNND_Zhu,5517,0.45792822167277336,0.34694259241223335,0.11098562460392714,
0,260816,matched,MATCHED_Rayleigh,RNND_Zhu,5518,0.7040900439023972,0.525291882455349,0.1787981614470482,
0,260816,matched,MATCHED_Rayleigh,RNND_Zhu,5519,0.4329909309744835,0.3282833620905876,0.10470757633447647,
0,260816,matched,MATCHED_Rayleigh,RNND_Zhu,5520,0.6008630022406578,0.44879279285669327,0.1520701851695776,
0,260816,matched,MATCHED_Rayleigh,RNND_Zhu,5521,0.6629773676395416,0.49967894703149796,0.16329840198159218,
0,260816,matched,MATCHED_Rayleigh,RNND_Zhu,5522,0.33938346803188324,0.2603165730834007,0.07906689215451479,
0,260816,matched,MATCHED_Rayleigh,RNND_Zhu,5523,0.385036863386631,0.28872569650411606,0.09631116781383753,
0,260816,matched,MATCHED_Rayleigh,RNND_Zhu,5524,0.4073997065424919,0.30730516090989113,0.10009454563260078,
0,260816,matched,MATCHED_Rayleigh,RNND_Zhu,5525,0.5282371342182159,0.39610423892736435,0.1321328952908516,
0,260816,matched,MATCHED_Rayleigh,RNND_Zhu,5526,0.4447920322418213,0.34012532606720924,0.10466669499874115,
0,260816,matched,MATCHED_Rayleigh,RNND_Zhu,5527,0.5668715387582779,0.43219006806612015,0.13468145579099655,
0,260816,matched,MATCHED_Rayleigh,RNND_Zhu,5528,0.5975351557135582,0.44959597289562225,0.14793918281793594,
0,260816,matched,MATCHED_Rayleigh,RNND_Zhu,5529,0.3252814784646034,0.2529306747019291,0.07235079817473888,
0,260816,matched,MATCHED_Rayleigh,RNND_Zhu,5530,0.37984393537044525,0.292342908680439,0.08750102017074823,
0,260816,matched,MATCHED_Rayleigh,RNND_Zhu,5531,0.6821004301309586,0.5141436159610748,0.16795682907104492,
0,260816,matched,MATCHED_Rayleigh,RNND_Zhu,5532,0.6321771889925003,0.4758202061057091,0.15635697729885578,
0,260816,matched,MATCHED_Rayleigh,RNND_Zhu,5533,0.43485990166664124,0.32671836018562317,0.10814153961837292,
0,260816,matched,MATCHED_Rayleigh,RNND_Zhu,5534,0.44829510897397995,0.33924539387226105,0.10904970578849316,
0,260816,matched,MATCHED_Rayleigh,RNND_Zhu,5535,0.568494938313961,0.42986007779836655,0.13863485306501389,
0,260816,matched,MATCHED_Rayleigh,RNND_Zhu,5536,0.3640338256955147,0.2762550562620163,0.08777876198291779,
0,260816,matched,MATCHED_Rayleigh,RNND_Zhu,5537,0.4797501489520073,0.3588706851005554,0.12087945453822613,
0,260816,matched,MATCHED_Rayleigh,RNND_Zhu,5538,0.5508919656276703,0.4112042672932148,0.1396876946091652,
0,260816,matched,MATCHED_Rayleigh,RNND_Zhu,5539,0.3821876794099808,0.29115284234285355,0.09103483706712723,
0,260816,matched,MATCHED_Rayleigh,RNND_Zhu,5540,0.5658177435398102,0.42913780361413956,0.13667992502450943,
0,260816,matched,MATCHED_Rayleigh,RNND_Zhu,5541,0.48620985820889473,0.36925170570611954,0.11695814970880747,
0,260816,matched,MATCHED_Rayleigh,RNND_Zhu,5542,0.456253245472908,0.349141888320446,0.10711135528981686,
0,260816,matched,MATCHED_Rayleigh,RNND_Zhu,5543,0.47186651453375816,0.3565508723258972,0.11531564220786095,
0,260816,matched,MATCHED_Rayleigh,RNND_Zhu,5544,0.49065371602773666,0.36816444247961044,0.12248927354812622,
0,260816,matched,MATCHED_Rayleigh,RNND_Zhu,5545,0.5966806709766388,0.4451849162578583,0.15149575471878052,
0,260816,matched,MATCHED_Rayleigh,RNND_Zhu,5546,0.6230320930480957,0.46680957078933716,0.1562225203961134,
0,260816,matched,MATCHED_Rayleigh,RNND_Zhu,5547,0.4480128511786461,0.3359527550637722,0.11206009704619646,
0,260816,matched,MATCHED_Rayleigh,RNND_Zhu,5548,0.43871691077947617,0.33441856503486633,0.10429834015667439,
0,260816,matched,MATCHED_Rayleigh,RNND_Zhu,5549,0.4034731164574623,0.30448589473962784,0.09898722730576992,
0,260816,matched,MATCHED_Rayleigh,RNND_Zhu,5550,0.49483034014701843,0.37702634930610657,0.11780399456620216,
0,260816,matched,MATCHED_Rayleigh,RNND_Zhu,5551,0.6140510886907578,0.458419069647789,0.15563201531767845,
0,260816,matched,MATCHED_Rayleigh,RNND_Zhu,5552,0.49600718915462494,0.3779752105474472,0.11803197674453259,
0,260816,matched,MATCHED_Rayleigh,RNND_Zhu,5553,0.32989100739359856,0.2551218643784523,0.07476914301514626,
0,260816,matched,MATCHED_Rayleigh,RNND_Zhu,5554,0.513970747590065,0.3865290880203247,0.1274416446685791,
0,260816,matched,MATCHED_Rayleigh,RNND_Zhu,5555,0.5039878338575363,0.37539491057395935,0.12859291583299637,
0,260816,matched,MATCHED_Rayleigh,RNND_Zhu,5556,0.47096601128578186,0.3545580245554447,0.11640799045562744,
0,260816,matched,MATCHED_Rayleigh,RNND_Zhu,5557,0.5003638751804829,0.38050106540322304,0.11986280977725983,
0,260816,matched,MATCHED_Rayleigh,RNND_Zhu,5558,0.5825015902519226,0.43866437673568726,0.14383721724152565,
0,260816,matched,MATCHED_Rayleigh,RNND_Zhu,5559,0.44708943739533424,0.3349463529884815,0.11214307881891727,
0,260816,matched,MATCHED_Rayleigh,RNND_Zhu,5560,0.6054855473339558,0.4564513713121414,0.14903417695313692,
0,260816,matched,MATCHED_Rayleigh,RNND_Zhu,5561,0.4427185207605362,0.34074652194976807,0.10197199881076813,
0,260816,matched,MATCHED_Rayleigh,RNND_Zhu,5562,0.391923189163208,0.2975252494215965,0.09439794719219208,
0,260816,matched,MATCHED_Rayleigh,RNND_Zhu,5563,0.5596480816602707,0.42019089311361313,0.13945718109607697,
0,260816,matched,MATCHED_Rayleigh,RNND_Zhu,5564,0.5090563222765923,0.3848996013402939,0.12415671907365322,
0,260816,matched,MATCHED_Rayleigh,RNND_Zhu,5565,0.4921644479036331,0.36852318048477173,0.1236412562429905,
0,260816,matched,MATCHED_Rayleigh,RNND_Zhu,5566,0.42354585230350494,0.32024332880973816,0.10330252163112164,
0,260816,matched,MATCHED_Rayleigh,RNND_Zhu,5567,0.4166171997785568,0.3131178244948387,0.1034993827342987,
0,260816,matched,MATCHED_Rayleigh,RNND_Zhu,5568,0.41402672976255417,0.31555888056755066,0.09846785478293896,
0,260816,matched,MATCHED_Rayleigh,RNND_Zhu,5569,0.4677169695496559,0.34920134767889977,0.11851561814546585,
0,260816,matched,MATCHED_Rayleigh,RNND_Zhu,5570,0.36029140278697014,0.2701147459447384,0.09017666336148977,
0,260816,matched,MATCHED_Rayleigh,RNND_Zhu,5571,0.35167961940169334,0.2687322124838829,0.08294740505516529,
0,260816,matched,MATCHED_Rayleigh,RNND_Zhu,5572,0.5440817847847939,0.41455528885126114,0.1295265108346939,
0,260816,matched,MATCHED_Rayleigh,RNND_Zhu,5573,0.29092713445425034,0.22121917456388474,0.0697079487144947,
0,260816,matched,MATCHED_Rayleigh,RNND_Zhu,5574,0.3647249676287174,0.2819119058549404,0.0828130692243576,
0,260816,matched,MATCHED_Rayleigh,RNND_Zhu,5575,0.5847799479961395,0.44348835945129395,0.14129159040749073,
0,260816,matched,MATCHED_Rayleigh,RNND_Zhu,5576,0.4980120062828064,0.3744330666959286,0.12357893399894238,
0,260816,matched,MATCHED_Rayleigh,RNND_Zhu,5577,0.5296855270862579,0.3995978906750679,0.13008764199912548,
0,260816,matched,MATCHED_Rayleigh,RNND_Zhu,5578,0.4311099424958229,0.3346061483025551,0.09650379978120327,
0,260816,matched,MATCHED_Rayleigh,RNND_Zhu,5579,0.4682401269674301,0.3531387634575367,0.11510137282311916,
0,260816,matched,MATCHED_Rayleigh,RNND_Zhu,5580,0.42595019191503525,0.3215724788606167,0.10437772609293461,
0,260816,matched,MATCHED_Rayleigh,RNND_Zhu,5581,0.337135449051857,0.2560558542609215,0.08107959013432264,
0,260816,matched,MATCHED_Rayleigh,RNND_Zhu,5582,0.3984593264758587,0.3000888004899025,0.09837052412331104,
0,260816,matched,MATCHED_Rayleigh,RNND_Zhu,5583,0.6346309185028076,0.47273728996515274,0.16189360991120338,
0,260816,matched,MATCHED_Rayleigh,RNND_Zhu,5584,0.5493922680616379,0.407863974571228,0.14152829349040985,
0,260816,matched,MATCHED_Rayleigh,RNND_Zhu,5585,0.5387313887476921,0.40300219878554344,0.13572918623685837,
0,260816,matched,MATCHED_Rayleigh,RNND_Zhu,5586,0.4956180527806282,0.3752409517765045,0.12037710845470428,
0,260816,matched,MATCHED_Rayleigh,RNND_Zhu,5587,0.5060556381940842,0.3788972496986389,0.12715839222073555,
0,260816,matched,MATCHED_Rayleigh,RNND_Zhu,5588,0.4531344026327133,0.3452572822570801,0.10787711292505264,
0,260816,matched,MATCHED_Rayleigh,RNND_Zhu,5589,0.524185873568058,0.39278024807572365,0.13140561617910862,
0,260816,matched,MATCHED_Rayleigh,RNND_Zhu,5590,0.5257417112588882,0.3899516686797142,0.13579003512859344,
0,260816,matched,MATCHED_Rayleigh,RNND_Zhu,5591,0.491465300321579,0.36786341667175293,0.12360188737511635,
0,260816,matched,MATCHED_Rayleigh,RNND_Zhu,5592,0.36562780290842056,0.280354805290699,0.08527299575507641,
0,260816,matched,MATCHED_Rayleigh,RNND_Zhu,5593,0.5770425572991371,0.43267472088336945,0.14436784200370312,
0,260816,matched,MATCHED_Rayleigh,RNND_Zhu,5594,0.5425582677125931,0.40475522726774216,0.13780303671956062,
0,260816,matched,MATCHED_Rayleigh,RNND_Zhu,5595,0.42146167904138565,0.32005420327186584,0.10140747390687466,
0,260816,matched,MATCHED_Rayleigh,RNND_Zhu,5596,0.4205118417739868,0.3215505890548229,0.09896125830709934,
0,260816,matched,MATCHED_Rayleigh,RNND_Zhu,5597,0.5812889784574509,0.4372837170958519,0.14400526136159897,
0,260816,matched,MATCHED_Rayleigh,RNND_Zhu,5598,0.46945059299468994,0.36133380234241486,0.10811679065227509,
0,260816,matched,MATCHED_Rayleigh,RNND_Zhu,5599,0.5843527168035507,0.44325312972068787,0.14109959080815315,
0,260816,matched,MATCHED_Rayleigh,RNND_Zhu,5600,0.55870570987463,0.4254456087946892,0.1332600973546505,-0.7704261549797072
0,260816,matched,MATCHED_Rayleigh,RNND_Zhu,5601,0.6083258986473083,0.4553372785449028,0.15298863500356674,
0,260816,matched,MATCHED_Rayleigh,RNND_Zhu,5602,0.5448650568723679,0.4139077812433243,0.1309572821483016,
0,260816,matched,MATCHED_Rayleigh,RNND_Zhu,5603,0.4521898180246353,0.3395213447511196,0.1126684695482254,
0,260816,matched,MATCHED_Rayleigh,RNND_Zhu,5604,0.49196314811706543,0.3719518780708313,0.12001127749681473,
0,260816,matched,MATCHED_Rayleigh,RNND_Zhu,5605,0.2806817591190338,0.21609817817807198,0.06458358373492956,
0,260816,matched,MATCHED_Rayleigh,RNND_Zhu,5606,0.4567768946290016,0.3484581708908081,0.10831873118877411,
0,260816,matched,MATCHED_Rayleigh,RNND_Zhu,5607,0.3279487378895283,0.2537328042089939,0.07421594299376011,
0,260816,matched,MATCHED_Rayleigh,RNND_Zhu,5608,0.4773966073989868,0.36022747308015823,0.11716913245618343,
0,260816,matched,MATCHED_Rayleigh,RNND_Zhu,5609,0.2941621169447899,0.22805163264274597,0.06611048430204391,
0,260816,matched,MATCHED_Rayleigh,RNND_Zhu,5610,0.3228156454861164,0.2473086714744568,0.0755069749429822,
0,260816,matched,MATCHED_Rayleigh,RNND_Zhu,5611,0.4807281121611595,0.36539263650774956,0.11533547565340996,
0,260816,matched,MATCHED_Rayleigh,RNND_Zhu,5612,0.28479061275720596,0.21634326502680779,0.06844734493643045,
0,260816,matched,MATCHED_Rayleigh,RNND_Zhu,5613,0.4932178370654583,0.3744252771139145,0.11879255436360836,
0,260816,matched,MATCHED_Rayleigh,RNND_Zhu,5614,0.5191805809736252,0.39502403140068054,0.12415654584765434,
0,260816,matched,MATCHED_Rayleigh,RNND_Zhu,5615,0.43104761838912964,0.32561835274100304,0.10542927123606205,
0,260816,matched,MATCHED_Rayleigh,RNND_Zhu,5616,0.62546207010746,0.47416796907782555,0.15129409544169903,
0,260816,matched,MATCHED_Rayleigh,RNND_Zhu,5617,0.6012794226408005,0.4594557024538517,0.14182371273636818,
0,260816,matched,MATCHED_Rayleigh,RNND_Zhu,5618,0.4323065057396889,0.334729328751564,0.0975771714001894,
0,260816,matched,MATCHED_Rayleigh,RNND_Zhu,5619,0.40940340608358383,0.3098663501441479,0.09953705873340368,
0,260816,matched,MATCHED_Rayleigh,RNND_Zhu,5620,0.5482487007975578,0.4140055626630783,0.13424313254654408,
0,260816,matched,MATCHED_Rayleigh,RNND_Zhu,5621,0.4861428216099739,0.3728996366262436,0.11324318312108517,
0,260816,matched,MATCHED_Rayleigh,RNND_Zhu,5622,0.522852897644043,0.39296072348952293,0.12989217787981033,
0,260816,matched,MATCHED_Rayleigh,RNND_Zhu,5623,0.3846028670668602,0.294376403093338,0.09022645372897387,
0,260816,matched,MATCHED_Rayleigh,RNND_Zhu,5624,0.5293668806552887,0.3985340930521488,0.13083279505372047,
0,260816,matched,MATCHED_Rayleigh,RNND_Zhu,5625,0.5175959095358849,0.39136555790901184,0.12623036094009876,
0,260816,matched,MATCHED_Rayleigh,RNND_Zhu,5626,0.4454766884446144,0.3348291739821434,0.11064751632511616,
0,260816,matched,MATCHED_Rayleigh,RNND_Zhu,5627,0.49673212319612503,0.37328510358929634,0.12344701960682869,
0,260816,matched,MATCHED_Rayleigh,RNND_Zhu,5628,0.3907192386686802,0.2982853278517723,0.09243390522897243,
0,260816,matched,MATCHED_Rayleigh,RNND_Zhu,5629,0.555552251636982,0.4252071902155876,0.1303450632840395,
0,260816,matched,MATCHED_Rayleigh,RNND_Zhu,5630,0.5516586005687714,0.4208569750189781,0.1308016236871481,
0,260816,matched,MATCHED_Rayleigh,RNND_Zhu,5631,0.39825868606567383,0.30513712018728256,0.09312156494706869,
0,260816,matched,MATCHED_Rayleigh,RNND_Zhu,5632,0.5449201017618179,0.4132370129227638,0.131683100014925,
0,260816,matched,MATCHED_Rayleigh,RNND_Zhu,5633,0.4884388595819473,0.37187084183096886,0.11656800843775272,
0,260816,matched,MATCHED_Rayleigh,RNND_Zhu,5634,0.4914691001176834,0.3718394711613655,0.1196296364068985,
0,260816,matched,MATCHED_Rayleigh,RNND_Zhu,5635,0.5146528333425522,0.3992736041545868,0.11537923105061054,
0,260816,matched,MATCHED_Rayleigh,RNND_Zhu,5636,0.5516636483371258,0.41608876734972,0.13557490427047014,
0,260816,matched,MATCHED_Rayleigh,RNND_Zhu,5637,0.3869621753692627,0.2939974442124367,0.09296472556889057,
0,260816,matched,MATCHED_Rayleigh,RNND_Zhu,5638,0.5712911784648895,0.43350011855363846,0.13779105991125107,
0,260816,matched,MATCHED_Rayleigh,RNND_Zhu,5639,0.5125366821885109,0.38647186011075974,0.12606483325362206,
0,260816,matched,MATCHED_Rayleigh,RNND_Zhu,5640,0.542096808552742,0.4099886640906334,0.1321081481873989,
0,260816,matched,MATCHED_Rayleigh,RNND_Zhu,5641,0.5842306986451149,0.43738920241594315,0.14684150367975235,
0,260816,matched,MATCHED_Rayleigh,RNND_Zhu,5642,0.3216926082968712,0.24812594428658485,0.07356665283441544,
0,260816,matched,MATCHED_Rayleigh,RNND_Zhu,5643,0.4199736937880516,0.3169146925210953,0.10305899940431118,
0,260816,matched,MATCHED_Rayleigh,RNND_Zhu,5644,0.4376811385154724,0.3289007842540741,0.10878035984933376,
0,260816,matched,MATCHED_Rayleigh,RNND_Zhu,5645,0.5085483565926552,0.38067764788866043,0.1278707031160593,
0,260816,matched,MATCHED_Rayleigh,RNND_Zhu,5646,0.595805361866951,0.45470088720321655,0.14110447652637959,
0,260816,matched,MATCHED_Rayleigh,RNND_Zhu,5647,0.4000297710299492,0.31047273427248,0.08955704048275948,
0,260816,matched,MATCHED_Rayleigh,RNND_Zhu,5648,0.6155857890844345,0.461316742002964,0.1542690470814705,
0,260816,matched,MATCHED_Rayleigh,RNND_Zhu,5649,0.35585885867476463,0.2738404646515846,0.08201839495450258,
0,260816,matched,MATCHED_Rayleigh,RNND_Zhu,5650,0.4425302967429161,0.3299357332289219,0.11259456910192966,
0,260816,matched,MATCHED_Rayleigh,RNND_Zhu,5651,0.4261015057563782,0.32438982278108597,0.10171168111264706,
0,260816,matched,MATCHED_Rayleigh,RNND_Zhu,5652,0.5157146751880646,0.3947313725948334,0.12098330166190863,
0,260816,matched,MATCHED_Rayleigh,RNND_Zhu,5653,0.49325333535671234,0.372539684176445,0.12071364186704159,
0,260816,matched,MATCHED_Rayleigh,RNND_Zhu,5654,0.4454854428768158,0.3418773412704468,0.10360810812562704,
0,260816,matched,MATCHED_Rayleigh,RNND_Zhu,5655,0.3473685383796692,0.2684818021953106,0.07888673711568117,
0,260816,matched,MATCHED_Rayleigh,RNND_Zhu,5656,0.3025323674082756,0.23112037405371666,0.07141199801117182,
0,260816,matched,MATCHED_Rayleigh,RNND_Zhu,5657,0.4855298697948456,0.35811399668455124,0.12741587683558464,
0,260816,matched,MATCHED_Rayleigh,RNND_Zhu,5658,0.45055873692035675,0.3380226790904999,0.11253605224192142,
0,260816,matched,MATCHED_Rayleigh,RNND_Zhu,5659,0.49352721869945526,0.3784817159175873,0.11504549533128738,
0,260816,matched,MATCHED_Rayleigh,RNND_Zhu,5660,0.3726110979914665,0.28647448495030403,0.08613660652190447,
0,260816,matched,MATCHED_Rayleigh,RNND_Zhu,5661,0.5723751112818718,0.4356745332479477,0.13670057989656925,
0,260816,matched,MATCHED_Rayleigh,RNND_Zhu,5662,0.497175395488739,0.37336958199739456,0.12380582839250565,
0,260816,matched,MATCHED_Rayleigh,RNND_Zhu,5663,0.42074041813611984,0.3214549124240875,0.09928550105541945,
0,260816,matched,MATCHED_Rayleigh,RNND_Zhu,5664,0.39337533712387085,0.2999311722815037,0.09344417043030262,
0,260816,matched,MATCHED_Rayleigh,RNND_Zhu,5665,0.33188796788454056,0.25265372544527054,0.07923424616456032,
0,260816,matched,MATCHED_Rayleigh,RNND_Zhu,5666,0.5837085545063019,0.4419889375567436,0.14171961322426796,
0,260816,matched,MATCHED_Rayleigh,RNND_Zhu,5667,0.5361659601330757,0.40982377529144287,0.1263421792536974,
0,260816,matched,MATCHED_Rayleigh,RNND_Zhu,5668,0.5383927300572395,0.4060600847005844,0.13233264349400997,
0,260816,matched,MATCHED_Rayleigh,RNND_Zhu,5669,0.5169650614261627,0.3916623294353485,0.1253027245402336,
0,260816,matched,MATCHED_Rayleigh,RNND_Zhu,5670,0.4350346401333809,0.3303038813173771,0.10473075415939093,
0,260816,matched,MATCHED_Rayleigh,RNND_Zhu,5671,0.4762433022260666,0.3637649938464165,0.11247831024229527,
0,260816,matched,MATCHED_Rayleigh,RNND_Zhu,5672,0.5526960417628288,0.4203210026025772,0.13237503916025162,
0,260816,matched,MATCHED_Rayleigh,RNND_Zhu,5673,0.43929189443588257,0.32262175530195236,0.11667013168334961,
0,260816,matched,MATCHED_Rayleigh,RNND_Zhu,5674,0.37928561121225357,0.28451690822839737,0.09476869739592075,
0,260816,matched,MATCHED_Rayleigh,RNND_Zhu,5675,0.2775264084339142,0.2161833681166172,0.061343041248619556,
0,260816,matched,MATCHED_Rayleigh,RNND_Zhu,5676,0.49758098646998405,0.371372826397419,0.12620815355330706,
0,260816,matched,MATCHED_Rayleigh,RNND_Zhu,5677,0.42348838970065117,0.3187049813568592,0.10478341206908226,
0,260816,matched,MATCHED_Rayleigh,RNND_Zhu,5678,0.5270977690815926,0.401802122592926,0.1252956334501505,
0,260816,matched,MATCHED_Rayleigh,RNND_Zhu,5679,0.4668888598680496,0.3536086603999138,0.11328019574284554,
0,260816,matched,MATCHED_Rayleigh,RNND_Zhu,5680,0.55340526252985,0.41788342222571373,0.13552183099091053,
0,260816,matched,MATCHED_Rayleigh,RNND_Zhu,5681,0.36311183497309685,0.2810433581471443,0.08206847496330738,
0,260816,matched,MATCHED_Rayleigh,RNND_Zhu,5682,0.49546269327402115,0.3726002499461174,0.12286243960261345,
0,260816,matched,MATCHED_Rayleigh,RNND_Zhu,5683,0.4491671770811081,0.3395412787795067,0.10962589271366596,
0,260816,matched,MATCHED_Rayleigh,RNND_Zhu,5684,0.4364244118332863,0.3359870985150337,0.10043731704354286,
0,260816,matched,MATCHED_Rayleigh,RNND_Zhu,5685,0.6180177852511406,0.4661692902445793,0.15184848569333553,
0,260816,matched,MATCHED_Rayleigh,RNND_Zhu,5686,0.5514711141586304,0.40925876796245575,0.14221234805881977,
0,260816,matched,MATCHED_Rayleigh,RNND_Zhu,5687,0.4111618548631668,0.31330639123916626,0.0978554654866457,
0,260816,matched,MATCHED_Rayleigh,RNND_Zhu,5688,0.3782559335231781,0.2856493145227432,0.09260661900043488,
0,260816,matched,MATCHED_Rayleigh,RNND_Zhu,5689,0.4567723944783211,0.34865330159664154,0.10811907798051834,
0,260816,matched,MATCHED_Rayleigh,RNND_Zhu,5690,0.42393550276756287,0.31566182151436806,0.10827367939054966,
0,260816,matched,MATCHED_Rayleigh,RNND_Zhu,5691,0.3934447839856148,0.30453598126769066,0.08890881016850471,
0,260816,matched,MATCHED_Rayleigh,RNND_Zhu,5692,0.5027803108096123,0.3780590072274208,0.12472130917012691,
0,260816,matched,MATCHED_Rayleigh,RNND_Zhu,5693,0.4511432349681854,0.3406019061803818,0.11054133251309395,
0,260816,matched,MATCHED_Rayleigh,RNND_Zhu,5694,0.5829843655228615,0.4462306573987007,0.13675370626151562,
0,260816,matched,MATCHED_Rayleigh,RNND_Zhu,5695,0.4740609712898731,0.3568584844470024,0.11720249429345131,
0,260816,matched,MATCHED_Rayleigh,RNND_Zhu,5696,0.5302944779396057,0.39586886763572693,0.13442561402916908,
0,260816,matched,MATCHED_Rayleigh,RNND_Zhu,5697,0.43590763956308365,0.32393553853034973,0.11197209917008877,
0,260816,matched,MATCHED_Rayleigh,RNND_Zhu,5698,0.4284374825656414,0.3299313001334667,0.09850617684423923,
0,260816,matched,MATCHED_Rayleigh,RNND_Zhu,5699,0.4598706066608429,0.35492419451475143,0.10494641214609146,
0,260816,matched,MATCHED_Rayleigh,RNND_Zhu,5700,0.4223737269639969,0.31723974645137787,0.10513398982584476,
0,260816,matched,MATCHED_Rayleigh,RNND_Zhu,5701,0.45346131175756454,0.34285440668463707,0.11060691066086292,
0,260816,matched,MATCHED_Rayleigh,RNND_Zhu,5702,0.4477461352944374,0.34146761894226074,0.10627850703895092,
0,260816,matched,MATCHED_Rayleigh,RNND_Zhu,5703,0.4914875328540802,0.37022221088409424,0.12126532569527626,
0,260816,matched,MATCHED_Rayleigh,RNND_Zhu,5704,0.5424297004938126,0.40745194256305695,0.13497775606811047,
0,260816,matched,MATCHED_Rayleigh,RNND_Zhu,5705,0.37385597825050354,0.28645144030451775,0.0874045342206955,
0,260816,matched,MATCHED_Rayleigh,RNND_Zhu,5706,0.4826558828353882,0.36835869029164314,0.11429719440639019,
0,260816,matched,MATCHED_Rayleigh,RNND_Zhu,5707,0.4974013715982437,0.37707214057445526,0.12032923474907875,
0,260816,matched,MATCHED_Rayleigh,RNND_Zhu,5708,0.44926513731479645,0.33447595685720444,0.11478917859494686,
0,260816,matched,MATCHED_Rayleigh,RNND_Zhu,5709,0.4801090583205223,0.3654867559671402,0.11462229304015636,
0,260816,matched,MATCHED_Rayleigh,RNND_Zhu,5710,0.37148839235305786,0.2831442542374134,0.0883441362529993,
0,260816,matched,MATCHED_Rayleigh,RNND_Zhu,5711,0.29893776401877403,0.2353280410170555,0.06360972672700882,
0,260816,matched,MATCHED_Rayleigh,RNND_Zhu,5712,0.40237821638584137,0.3126255162060261,0.08975270017981529,
0,260816,matched,MATCHED_Rayleigh,RNND_Zhu,5713,0.3869900777935982,0.3016160763800144,0.08537401258945465,
0,260816,matched,MATCHED_Rayleigh,RNND_Zhu,5714,0.500276617705822,0.3729960732161999,0.12728054728358984,
0,260816,matched,MATCHED_Rayleigh,RNND_Zhu,5715,0.4651430994272232,0.35426853597164154,0.1108745550736785,
0,260816,matched,MATCHED_Rayleigh,RNND_Zhu,5716,0.4817791245877743,0.3690556213259697,0.11272349115461111,
0,260816,matched,MATCHED_Rayleigh,RNND_Zhu,5717,0.4614531397819519,0.3384585976600647,0.1229945495724678,
0,260816,matched,MATCHED_Rayleigh,RNND_Zhu,5718,0.5842447429895401,0.43934427946805954,0.14490044862031937,
0,260816,matched,MATCHED_Rayleigh,RNND_Zhu,5719,0.3125690817832947,0.2368006519973278,0.07576843351125717,
0,260816,matched,MATCHED_Rayleigh,RNND_Zhu,5720,0.3109051324427128,0.23397789895534515,0.07692723348736763,
0,260816,matched,MATCHED_Rayleigh,RNND_Zhu,5721,0.4217336103320122,0.32088471949100494,0.10084889642894268,
0,260816,matched,MATCHED_Rayleigh,RNND_Zhu,5722,0.4446752443909645,0.3377702794969082,0.10690495744347572,
0,260816,matched,MATCHED_Rayleigh,RNND_Zhu,5723,0.39542121440172195,0.2971918508410454,0.09822935611009598,
0,260816,matched,MATCHED_Rayleigh,RNND_Zhu,5724,0.38436073064804077,0.29569947347044945,0.08866126835346222,
0,260816,matched,MATCHED_Rayleigh,RNND_Zhu,5725,0.5139122232794762,0.3942257687449455,0.11968646291643381,
0,260816,matched,MATCHED_Rayleigh,RNND_Zhu,5726,0.39739302545785904,0.301433302462101,0.09595972113311291,
0,260816,matched,MATCHED_Rayleigh,RNND_Zhu,5727,0.35868028178811073,0.27745577692985535,0.08122450020164251,
0,260816,matched,MATCHED_Rayleigh,RNND_Zhu,5728,0.48070719838142395,0.359351746737957,0.1213554535061121,
0,260816,matched,MATCHED_Rayleigh,RNND_Zhu,5729,0.45165248960256577,0.3465491384267807,0.10510335490107536,
0,260816,matched,MATCHED_Rayleigh,RNND_Zhu,5730,0.5401004552841187,0.4048660025000572,0.13523446209728718,
0,260816,matched,MATCHED_Rayleigh,RNND_Zhu,5731,0.43197667598724365,0.3227054998278618,0.10927119012922049,
0,260816,matched,MATCHED_Rayleigh,RNND_Zhu,5732,0.4206077978014946,0.31416256725788116,0.10644524078816175,
0,260816,matched,MATCHED_Rayleigh,RNND_Zhu,5733,0.5549759343266487,0.4156568944454193,0.13931903429329395,
0,260816,matched,MATCHED_Rayleigh,RNND_Zhu,5734,0.4719225689768791,0.35349685698747635,0.11842570081353188,
0,260816,matched,MATCHED_Rayleigh,RNND_Zhu,5735,0.5384167581796646,0.3967529237270355,0.1416638381779194,
0,260816,matched,MATCHED_Rayleigh,RNND_Zhu,5736,0.4963294193148613,0.3749002665281296,0.12142914533615112,
0,260816,matched,MATCHED_Rayleigh,RNND_Zhu,5737,0.5626909583806992,0.41980208456516266,0.14288887940347195,
0,260816,matched,MATCHED_Rayleigh,RNND_Zhu,5738,0.4649866074323654,0.3492837883532047,0.11570280976593494,
0,260816,matched,MATCHED_Rayleigh,RNND_Zhu,5739,0.3641515076160431,0.27821750938892365,0.08593399822711945,
0,260816,matched,MATCHED_Rayleigh,RNND_Zhu,5740,0.5292219594120979,0.39564817026257515,0.13357378635555506,
0,260816,matched,MATCHED_Rayleigh,RNND_Zhu,5741,0.25183171406388283,0.19587601721286774,0.055955697782337666,
0,260816,matched,MATCHED_Rayleigh,RNND_Zhu,5742,0.5671764761209488,0.42251472920179367,0.14466175436973572,
0,260816,matched,MATCHED_Rayleigh,RNND_Zhu,5743,0.5907548815011978,0.4410470128059387,0.14970787055790424,
0,260816,matched,MATCHED_Rayleigh,RNND_Zhu,5744,0.5948325395584106,0.4411906823515892,0.15364185720682144,
0,260816,matched,MATCHED_Rayleigh,RNND_Zhu,5745,0.33966027945280075,0.2598084919154644,0.0798517931252718,
0,260816,matched,MATCHED_Rayleigh,RNND_Zhu,5746,0.533955916762352,0.40674757957458496,0.12720835208892822,
0,260816,matched,MATCHED_Rayleigh,RNND_Zhu,5747,0.3902484104037285,0.2962196059525013,0.09402880445122719,
0,260816,matched,MATCHED_Rayleigh,RNND_Zhu,5748,0.4053688496351242,0.3076351508498192,0.09773369319736958,
0,260816,matched,MATCHED_Rayleigh,RNND_Zhu,5749,0.5774118974804878,0.43727172166109085,0.14014016650617123,
0,260816,matched,MATCHED_Rayleigh,RNND_Zhu,5750,0.4874938502907753,0.36788856238126755,0.11960528418421745,
0,260816,matched,MATCHED_Rayleigh,RNND_Zhu,5751,0.4348115026950836,0.32832280918955803,0.10648869909346104,
0,260816,matched,MATCHED_Rayleigh,RNND_Zhu,5752,0.6464149877429008,0.4868503212928772,0.15956467017531395,
0,260816,matched,MATCHED_Rayleigh,RNND_Zhu,5753,0.45156512409448624,0.340119831264019,0.11144530028104782,
0,260816,matched,MATCHED_Rayleigh,RNND_Zhu,5754,0.41024142876267433,0.31383107602596283,0.0964103527367115,
0,260816,matched,MATCHED_Rayleigh,RNND_Zhu,5755,0.5646201819181442,0.4274078458547592,0.1372123323380947,
0,260816,matched,MATCHED_Rayleigh,RNND_Zhu,5756,0.3770497515797615,0.2854767143726349,0.09157304372638464,
0,260816,matched,MATCHED_Rayleigh,RNND_Zhu,5757,0.4059257358312607,0.3091546632349491,0.09677107073366642,
0,260816,matched,MATCHED_Rayleigh,RNND_Zhu,5758,0.4428774118423462,0.3403453677892685,0.1025320403277874,
0,260816,matched,MATCHED_Rayleigh,RNND_Zhu,5759,0.4641648083925247,0.3537524715065956,0.11041233129799366,
0,260816,matched,MATCHED_Rayleigh,RNND_Zhu,5760,0.5256365686655045,0.3935561254620552,0.1320804376155138,
0,260816,matched,MATCHED_Rayleigh,RNND_Zhu,5761,0.41656477376818657,0.3151734098792076,0.10139135643839836,
0,260816,matched,MATCHED_Rayleigh,RNND_Zhu,5762,0.36195799708366394,0.2766842916607857,0.08527370914816856,
0,260816,matched,MATCHED_Rayleigh,RNND_Zhu,5763,0.43767185881733894,0.32694995403289795,0.11072191223502159,
0,260816,matched,MATCHED_Rayleigh,RNND_Zhu,5764,0.5032820776104927,0.3775666430592537,0.12571543641388416,
0,260816,matched,MATCHED_Rayleigh,RNND_Zhu,5765,0.4234332963824272,0.32050059363245964,0.10293269716203213,
0,260816,matched,MATCHED_Rayleigh,RNND_Zhu,5766,0.40777021646499634,0.3099561035633087,0.09781411569565535,
0,260816,matched,MATCHED_Rayleigh,RNND_Zhu,5767,0.4994935095310211,0.3793206661939621,0.12017284892499447,
0,260816,matched,MATCHED_Rayleigh,RNND_Zhu,5768,0.3950851261615753,0.29974257573485374,0.0953425457701087,
0,260816,matched,MATCHED_Rayleigh,RNND_Zhu,5769,0.42505326122045517,0.32087309658527374,0.10418017767369747,
0,260816,matched,MATCHED_Rayleigh,RNND_Zhu,5770,0.5018066614866257,0.380814541131258,0.12099211476743221,
0,260816,matched,MATCHED_Rayleigh,RNND_Zhu,5771,0.5045964792370796,0.385971300303936,0.11862518545240164,
0,260816,matched,MATCHED_Rayleigh,RNND_Zhu,5772,0.4651377499103546,0.34998923167586327,0.11514852195978165,
0,260816,matched,MATCHED_Rayleigh,RNND_Zhu,5773,0.4630770981311798,0.34583332762122154,0.11724377609789371,
0,260816,matched,MATCHED_Rayleigh,RNND_Zhu,5774,0.6353489905595779,0.4784771800041199,0.15687180310487747,
0,260816,matched,MATCHED_Rayleigh,RNND_Zhu,5775,0.41273146867752075,0.31706487387418747,0.09566659852862358,
0,260816,matched,MATCHED_Rayleigh,RNND_Zhu,5776,0.4734058380126953,0.363285556435585,0.11012027598917484,
0,260816,matched,MATCHED_Rayleigh,RNND_Zhu,5777,0.5511972606182098,0.41184432804584503,0.1393529437482357,
0,260816,matched,MATCHED_Rayleigh,RNND_Zhu,5778,0.5162776485085487,0.3838069289922714,0.1324707167223096,
0,260816,matched,MATCHED_Rayleigh,RNND_Zhu,5779,0.3651170954108238,0.28023606166243553,0.08488103281706572,
0,260816,matched,MATCHED_Rayleigh,RNND_Zhu,5780,0.40309613570570946,0.30424825102090836,0.0988478846848011,
0,260816,matched,MATCHED_Rayleigh,RNND_Zhu,5781,0.6028199046850204,0.45676830410957336,0.14605159685015678,
0,260816,matched,MATCHED_Rayleigh,RNND_Zhu,5782,0.5021982565522194,0.38353292644023895,0.11866533942520618,
0,260816,matched,MATCHED_Rayleigh,RNND_Zhu,5783,0.43834560364484787,0.32918085902929306,0.10916474927216768,
0,260816,matched,MATCHED_Rayleigh,RNND_Zhu,5784,0.40742019563913345,0.31777992844581604,0.08964025788009167,
0,260816,matched,MATCHED_Rayleigh,RNND_Zhu,5785,0.6130779385566711,0.4638810157775879,0.14919691160321236,
0,260816,matched,MATCHED_Rayleigh,RNND_Zhu,5786,0.3485899902880192,0.2608083672821522,0.08778161555528641,
0,260816,matched,MATCHED_Rayleigh,RNND_Zhu,5787,0.40136750787496567,0.30219414830207825,0.09917336516082287,
0,260816,matched,MATCHED_Rayleigh,RNND_Zhu,5788,0.4197647124528885,0.3232863321900368,0.09647838026285172,
0,260816,matched,MATCHED_Rayleigh,RNND_Zhu,5789,0.5511028990149498,0.4187248647212982,0.13237803056836128,
0,260816,matched,MATCHED_Rayleigh,RNND_Zhu,5790,0.4406638666987419,0.33034250512719154,0.11032136715948582,
0,260816,matched,MATCHED_Rayleigh,RNND_Zhu,5791,0.5986775755882263,0.4551514536142349,0.1435261182487011,
0,260816,matched,MATCHED_Rayleigh,RNND_Zhu,5792,0.5672311037778854,0.4275103136897087,0.13972077891230583,
0,260816,matched,MATCHED_Rayleigh,RNND_Zhu,5793,0.313960038125515,0.24524937942624092,0.06871066428720951,
0,260816,matched,MATCHED_Rayleigh,RNND_Zhu,5794,0.44056514650583267,0.33527442812919617,0.10529072768986225,
0,260816,matched,MATCHED_Rayleigh,RNND_Zhu,5795,0.43743425607681274,0.33178839832544327,0.10564585402607918,
0,260816,matched,MATCHED_Rayleigh,RNND_Zhu,5796,0.6298666894435883,0.475640706717968,0.15422596782445908,
0,260816,matched,MATCHED_Rayleigh,RNND_Zhu,5797,0.36328965425491333,0.2718668170273304,0.0914228418841958,
0,260816,matched,MATCHED_Rayleigh,RNND_Zhu,5798,0.4853522330522537,0.3682703450322151,0.1170818991959095,
0,260816,matched,MATCHED_Rayleigh,RNND_Zhu,5799,0.6300160735845566,0.4797288589179516,0.15028721652925014,
0,260816,matched,MATCHED_Rayleigh,RNND_Zhu,5800,0.6299168169498444,0.47042564302682877,0.1594911739230156,-0.7725714425409456
0,260816,matched,MATCHED_Rayleigh,RNND_Zhu,5801,0.5275112390518188,0.396309994161129,0.1312012504786253,
0,260816,matched,MATCHED_Rayleigh,RNND_Zhu,5802,0.531483456492424,0.40098120272159576,0.13050223514437675,
0,260816,matched,MATCHED_Rayleigh,RNND_Zhu,5803,0.5999365895986557,0.44799089431762695,0.15194569528102875,
0,260816,matched,MATCHED_Rayleigh,RNND_Zhu,5804,0.4833357408642769,0.36379142850637436,0.11954430304467678,
0,260816,matched,MATCHED_Rayleigh,RNND_Zhu,5805,0.5682723820209503,0.4272608757019043,0.14101151749491692,
0,260816,matched,MATCHED_Rayleigh,RNND_Zhu,5806,0.5870302245020866,0.44158966839313507,0.14544054865837097,
0,260816,matched,MATCHED_Rayleigh,RNND_Zhu,5807,0.48918501287698746,0.3693949691951275,0.11979004181921482,
0,260816,matched,MATCHED_Rayleigh,RNND_Zhu,5808,0.5919613987207413,0.440772108733654,0.15118929371237755,
0,260816,matched,MATCHED_Rayleigh,RNND_Zhu,5809,0.44606977701187134,0.3363281860947609,0.10974158719182014,
0,260816,matched,MATCHED_Rayleigh,RNND_Zhu,5810,0.4205077141523361,0.315328910946846,0.10517880320549011,
0,260816,matched,MATCHED_Rayleigh,RNND_Zhu,5811,0.42567457631230354,0.32032763957977295,0.10534694045782089,
0,260816,matched,MATCHED_Rayleigh,RNND_Zhu,5812,0.5660453736782074,0.42376480251550674,0.14228058606386185,
0,260816,matched,MATCHED_Rayleigh,RNND_Zhu,5813,0.40723828971385956,0.31455325707793236,0.09268502425402403,
0,260816,matched,MATCHED_Rayleigh,RNND_Zhu,5814,0.3904297649860382,0.30145660042762756,0.08897315338253975,
0,260816,matched,MATCHED_Rayleigh,RNND_Zhu,5815,0.3152032867074013,0.241126149892807,0.07407713402062654,
0,260816,matched,MATCHED_Rayleigh,RNND_Zhu,5816,0.44944290816783905,0.3436778485774994,0.10576505307108164,
0,260816,matched,MATCHED_Rayleigh,RNND_Zhu,5817,0.537570983171463,0.4057696834206581,0.1318013034760952,
0,260816,matched,MATCHED_Rayleigh,RNND_Zhu,5818,0.4600590765476227,0.3480193093419075,0.11203976348042488,
0,260816,matched,MATCHED_Rayleigh,RNND_Zhu,5819,0.5181183740496635,0.38974589109420776,0.12837247177958488,
0,260816,matched,MATCHED_Rayleigh,RNND_Zhu,5820,0.5237651616334915,0.3966786041855812,0.1270865760743618,
0,260816,matched,MATCHED_Rayleigh,RNND_Zhu,5821,0.46936996281147003,0.3533492311835289,0.11602073907852173,
0,260816,matched,MATCHED_Rayleigh,RNND_Zhu,5822,0.4006004072725773,0.30829864740371704,0.0923017468303442,
0,260816,matched,MATCHED_Rayleigh,RNND_Zhu,5823,0.3569501154124737,0.2669924348592758,0.08995767589658499,
0,260816,matched,MATCHED_Rayleigh,RNND_Zhu,5824,0.4956696927547455,0.36937929689884186,0.12629038281738758,
0,260816,matched,MATCHED_Rayleigh,RNND_Zhu,5825,0.47029631584882736,0.35399356484413147,0.11630275659263134,
0,260816,matched,MATCHED_Rayleigh,RNND_Zhu,5826,0.5124735161662102,0.37983306497335434,0.13264044374227524,
0,260816,matched,MATCHED_Rayleigh,RNND_Zhu,5827,0.5123685747385025,0.3823327273130417,0.13003584183752537,
0,260816,matched,MATCHED_Rayleigh,RNND_Zhu,5828,0.5108062326908112,0.3852027878165245,0.12560345232486725,
0,260816,matched,MATCHED_Rayleigh,RNND_Zhu,5829,0.650167278945446,0.49065809696912766,0.1595091838389635,
0,260816,matched,MATCHED_Rayleigh,RNND_Zhu,5830,0.5099830627441406,0.3805603012442589,0.12942275777459145,
0,260816,matched,MATCHED_Rayleigh,RNND_Zhu,5831,0.4504969194531441,0.33777303993701935,0.11272387206554413,
0,260816,matched,MATCHED_Rayleigh,RNND_Zhu,5832,0.41341712325811386,0.3159967288374901,0.09742038883268833,
0,260816,matched,MATCHED_Rayleigh,RNND_Zhu,5833,0.3810541331768036,0.2925730533897877,0.08848106674849987,
0,260816,matched,MATCHED_Rayleigh,RNND_Zhu,5834,0.6202119141817093,0.4634722024202347,0.156739704310894,
0,260816,matched,MATCHED_Rayleigh,RNND_Zhu,5835,0.43321364372968674,0.32645536214113235,0.10675828158855438,
0,260816,matched,MATCHED_Rayleigh,RNND_Zhu,5836,0.37889374047517776,0.2930728681385517,0.08582087885588408,
0,260816,matched,MATCHED_Rayleigh,RNND_Zhu,5837,0.4243165999650955,0.3237171359360218,0.10059946030378342,
0,260816,matched,MATCHED_Rayleigh,RNND_Zhu,5838,0.6312359943985939,0.4725940376520157,0.1586419716477394,
0,260816,matched,MATCHED_Rayleigh,RNND_Zhu,5839,0.4555664509534836,0.3466513268649578,0.10891512036323547,
0,260816,matched,MATCHED_Rayleigh,RNND_Zhu,5840,0.5738967135548592,0.42821482568979263,0.14568189531564713,
0,260816,matched,MATCHED_Rayleigh,RNND_Zhu,5841,0.5680301561951637,0.4306626059114933,0.13736755400896072,
0,260816,matched,MATCHED_Rayleigh,RNND_Zhu,5842,0.5457319915294647,0.41273119673132896,0.13300078548491,
0,260816,matched,MATCHED_Rayleigh,RNND_Zhu,5843,0.48584790527820587,0.3719795048236847,0.11386838555335999,
0,260816,matched,MATCHED_Rayleigh,RNND_Zhu,5844,0.4918164759874344,0.37139031291007996,0.12042617239058018,
0,260816,matched,MATCHED_Rayleigh,RNND_Zhu,5845,0.5602674931287766,0.4252210110425949,0.13504647836089134,
0,260816,matched,MATCHED_Rayleigh,RNND_Zhu,5846,0.37080637365579605,0.2849730886518955,0.08583328500390053,
0,260816,matched,MATCHED_Rayleigh,RNND_Zhu,5847,0.4902149364352226,0.373021200299263,0.11719374172389507,
0,260816,matched,MATCHED_Rayleigh,RNND_Zhu,5848,0.31247200816869736,0.2389357015490532,0.07353630755096674,
0,260816,matched,MATCHED_Rayleigh,RNND_Zhu,5849,0.4768949821591377,0.36143088713288307,0.1154641080647707,
0,260816,matched,MATCHED_Rayleigh,RNND_Zhu,5850,0.46509284153580666,0.3495783805847168,0.11551446374505758,
0,260816,matched,MATCHED_Rayleigh,RNND_Zhu,5851,0.505160253494978,0.3882827162742615,0.11687752604484558,
0,260816,matched,MATCHED_Rayleigh,RNND_Zhu,5852,0.5000703111290932,0.3753174990415573,0.12475281208753586,
0,260816,matched,MATCHED_Rayleigh,RNND_Zhu,5853,0.2911869063973427,0.2264195829629898,0.06476732529699802,
0,260816,matched,MATCHED_Rayleigh,RNND_Zhu,5854,0.5280373990535736,0.3951290659606457,0.13290832936763763,
0,260816,matched,MATCHED_Rayleigh,RNND_Zhu,5855,0.3202083483338356,0.24272792786359787,0.07748042047023773,
0,260816,matched,MATCHED_Rayleigh,RNND_Zhu,5856,0.49351343512535095,0.3704851269721985,0.12302829697728157,
0,260816,matched,MATCHED_Rayleigh,RNND_Zhu,5857,0.39797137677669525,0.2986995056271553,0.09927187021821737,
0,260816,matched,MATCHED_Rayleigh,RNND_Zhu,5858,0.43558622896671295,0.3295307420194149,0.1060554813593626,
0,260816,matched,MATCHED_Rayleigh,RNND_Zhu,5859,0.4085640162229538,0.3099157325923443,0.09864827990531921,
0,260816,matched,MATCHED_Rayleigh,RNND_Zhu,5860,0.4684421345591545,0.3590393215417862,0.10940281301736832,
0,260816,matched,MATCHED_Rayleigh,RNND_Zhu,5861,0.5038455724716187,0.3842647336423397,0.1195808444172144,
0,260816,matched,MATCHED_Rayleigh,RNND_Zhu,5862,0.5531425401568413,0.4185822531580925,0.13456029258668423,
0,260816,matched,MATCHED_Rayleigh,RNND_Zhu,5863,0.44778604805469513,0.3400326073169708,0.10775343608111143,
0,260816,matched,MATCHED_Rayleigh,RNND_Zhu,5864,0.39564698189496994,0.30150942504405975,0.09413755685091019,
0,260816,matched,MATCHED_Rayleigh,RNND_Zhu,5865,0.3916977345943451,0.29923857003450394,0.0924591664224863,
0,260816,matched,MATCHED_Rayleigh,RNND_Zhu,5866,0.4665946960449219,0.3586978614330292,0.1078968420624733,
0,260816,matched,MATCHED_Rayleigh,RNND_Zhu,5867,0.5816332772374153,0.4324350655078888,0.14919820427894592,
0,260816,matched,MATCHED_Rayleigh,RNND_Zhu,5868,0.4638685882091522,0.3477610684931278,0.1161075234413147,
0,260816,matched,MATCHED_Rayleigh,RNND_Zhu,5869,0.4338555410504341,0.33350948244333267,0.10034605860710144,
0,260816,matched,MATCHED_Rayleigh,RNND_Zhu,5870,0.4350536838173866,0.33083921670913696,0.10421446897089481,
0,260816,matched,MATCHED_Rayleigh,RNND_Zhu,5871,0.5515140146017075,0.4199097156524658,0.13160430453717709,
0,260816,matched,MATCHED_Rayleigh,RNND_Zhu,5872,0.502513699233532,0.3768065646290779,0.1257071327418089,
0,260816,matched,MATCHED_Rayleigh,RNND_Zhu,5873,0.5585423558950424,0.42360831424593925,0.13493403978645802,
0,260816,matched,MATCHED_Rayleigh,RNND_Zhu,5874,0.414657898247242,0.31466807425022125,0.09998982585966587,
0,260816,matched,MATCHED_Rayleigh,RNND_Zhu,5875,0.619745209813118,0.458900511264801,0.16084469854831696,
0,260816,matched,MATCHED_Rayleigh,RNND_Zhu,5876,0.2636924050748348,0.20151682943105698,0.06217557657510042,
0,260816,matched,MATCHED_Rayleigh,RNND_Zhu,5877,0.5772230327129364,0.4302259087562561,0.1469971276819706,
0,260816,matched,MATCHED_Rayleigh,RNND_Zhu,5878,0.4609678015112877,0.3514096550643444,0.10955813713371754,
0,260816,matched,MATCHED_Rayleigh,RNND_Zhu,5879,0.4668991416692734,0.355028472840786,0.11187066417187452,
0,260816,matched,MATCHED_Rayleigh,RNND_Zhu,5880,0.4915807321667671,0.3723808228969574,0.11919990554451942,
0,260816,matched,MATCHED_Rayleigh,RNND_Zhu,5881,0.5270339362323284,0.40191828459501266,0.12511565536260605,
0,260816,matched,MATCHED_Rayleigh,RNND_Zhu,5882,0.4758899584412575,0.3591459318995476,0.11674402467906475,
0,260816,matched,MATCHED_Rayleigh,RNND_Zhu,5883,0.42814622819423676,0.3219091147184372,0.10623711161315441,
0,260816,matched,MATCHED_Rayleigh,RNND_Zhu,5884,0.5141853764653206,0.3820711635053158,0.1321142092347145,
0,260816,matched,MATCHED_Rayleigh,RNND_Zhu,5885,0.4951643571257591,0.37316905707120895,0.12199528515338898,
0,260816,matched,MATCHED_Rayleigh,RNND_Zhu,5886,0.5037025213241577,0.377695944160223,0.12600658275187016,
0,260816,matched,MATCHED_Rayleigh,RNND_Zhu,5887,0.4147639870643616,0.317838191986084,0.09692579135298729,
0,260816,matched,MATCHED_Rayleigh,RNND_Zhu,5888,0.5494355484843254,0.41731733828783035,0.13211821764707565,
0,260816,matched,MATCHED_Rayleigh,RNND_Zhu,5889,0.38342173025012016,0.2887761741876602,0.0946455579251051,
0,260816,matched,MATCHED_Rayleigh,RNND_Zhu,5890,0.4018993675708771,0.29939256981015205,0.10250679031014442,
0,260816,matched,MATCHED_Rayleigh,RNND_Zhu,5891,0.32558079808950424,0.24794522672891617,0.07763558812439442,
0,260816,matched,MATCHED_Rayleigh,RNND_Zhu,5892,0.38922661542892456,0.2959607020020485,0.09326591622084379,
0,260816,matched,MATCHED_Rayleigh,RNND_Zhu,5893,0.4861854463815689,0.3644222989678383,0.12176314182579517,
0,260816,matched,MATCHED_Rayleigh,RNND_Zhu,5894,0.4550866037607193,0.34246766194701195,0.11261893063783646,
0,260816,matched,MATCHED_Rayleigh,RNND_Zhu,5895,0.4528616741299629,0.3407234400510788,0.11213822662830353,
0,260816,matched,MATCHED_Rayleigh,RNND_Zhu,5896,0.5783981457352638,0.4363640397787094,0.1420341171324253,
0,260816,matched,MATCHED_Rayleigh,RNND_Zhu,5897,0.4600709229707718,0.3494664281606674,0.11060448177158833,
0,260816,matched,MATCHED_Rayleigh,RNND_Zhu,5898,0.4739780053496361,0.3585050031542778,0.11547300033271313,
0,260816,matched,MATCHED_Rayleigh,RNND_Zhu,5899,0.6585257053375244,0.494414821267128,0.16411087661981583,
0,260816,matched,MATCHED_Rayleigh,RNND_Zhu,5900,0.6170901879668236,0.4685263857245445,0.1485638003796339,
0,260816,matched,MATCHED_Rayleigh,RNND_Zhu,5901,0.32767267525196075,0.24722355976700783,0.08044911175966263,
0,260816,matched,MATCHED_Rayleigh,RNND_Zhu,5902,0.5938989967107773,0.45471546798944473,0.1391835305839777,
0,260816,matched,MATCHED_Rayleigh,RNND_Zhu,5903,0.4287320524454117,0.3261234275996685,0.10260863788425922,
0,260816,matched,MATCHED_Rayleigh,RNND_Zhu,5904,0.42279182374477386,0.3228326588869095,0.09995915647596121,
0,260816,matched,MATCHED_Rayleigh,RNND_Zhu,5905,0.4370376914739609,0.33342866227030754,0.10360903013497591,
0,260816,matched,MATCHED_Rayleigh,RNND_Zhu,5906,0.5449262112379074,0.41147245466709137,0.13345375284552574,
0,260816,matched,MATCHED_Rayleigh,RNND_Zhu,5907,0.4538937658071518,0.3389318212866783,0.11496195010840893,
0,260816,matched,MATCHED_Rayleigh,RNND_Zhu,5908,0.38363924250006676,0.2945025861263275,0.08913666009902954,
0,260816,matched,MATCHED_Rayleigh,RNND_Zhu,5909,0.5501081943511963,0.4122554734349251,0.1378527283668518,
0,260816,matched,MATCHED_Rayleigh,RNND_Zhu,5910,0.49085184931755066,0.3749145120382309,0.11593733541667461,
0,260816,matched,MATCHED_Rayleigh,RNND_Zhu,5911,0.4254951514303684,0.32654597237706184,0.09894918277859688,
0,260816,matched,MATCHED_Rayleigh,RNND_Zhu,5912,0.4905102625489235,0.3715044781565666,0.11900578439235687,
0,260816,matched,MATCHED_Rayleigh,RNND_Zhu,5913,0.4604996219277382,0.3440599888563156,0.11643962748348713,
0,260816,matched,MATCHED_Rayleigh,RNND_Zhu,5914,0.2902581989765167,0.22481711581349373,0.06544107757508755,
0,260816,matched,MATCHED_Rayleigh,RNND_Zhu,5915,0.6052632704377174,0.45775720477104187,0.14750606939196587,
0,260816,matched,MATCHED_Rayleigh,RNND_Zhu,5916,0.4602557495236397,0.35251786559820175,0.10773788206279278,
0,260816,matched,MATCHED_Rayleigh,RNND_Zhu,5917,0.5021325871348381,0.3752785585820675,0.12685401365160942,
0,260816,matched,MATCHED_Rayleigh,RNND_Zhu,5918,0.4646526798605919,0.3421006053686142,0.12255208473652601,
0,260816,matched,MATCHED_Rayleigh,RNND_Zhu,5919,0.5536603331565857,0.4155435934662819,0.13811673037707806,
0,260816,matched,MATCHED_Rayleigh,RNND_Zhu,5920,0.4833744019269943,0.3694446012377739,0.11392980255186558,
0,260816,matched,MATCHED_Rayleigh,RNND_Zhu,5921,0.4138405993580818,0.3173798397183418,0.09646074939519167,
0,260816,matched,MATCHED_Rayleigh,RNND_Zhu,5922,0.4989525154232979,0.3740326762199402,0.1249198243021965,
0,260816,matched,MATCHED_Rayleigh,RNND_Zhu,5923,0.3606269396841526,0.28136179596185684,0.07926514372229576,
0,260816,matched,MATCHED_Rayleigh,RNND_Zhu,5924,0.4082604795694351,0.3114854171872139,0.09677507169544697,
0,260816,matched,MATCHED_Rayleigh,RNND_Zhu,5925,0.39648058265447617,0.30581558868288994,0.09066500701010227,
0,260816,matched,MATCHED_Rayleigh,RNND_Zhu,5926,0.4206942655146122,0.3187558762729168,0.10193839203566313,
0,260816,matched,MATCHED_Rayleigh,RNND_Zhu,5927,0.28638073429465294,0.22119169682264328,0.06518903840333223,
0,260816,matched,MATCHED_Rayleigh,RNND_Zhu,5928,0.42855125665664673,0.3295208774507046,0.09903036244213581,
0,260816,matched,MATCHED_Rayleigh,RNND_Zhu,5929,0.4438958764076233,0.3348509781062603,0.10904489457607269,
0,260816,matched,MATCHED_Rayleigh,RNND_Zhu,5930,0.4474205747246742,0.3329041227698326,0.11451644450426102,
0,260816,matched,MATCHED_Rayleigh,RNND_Zhu,5931,0.5578668415546417,0.41701001673936844,0.1408568173646927,
0,260816,matched,MATCHED_Rayleigh,RNND_Zhu,5932,0.43600764125585556,0.33168184012174606,0.10432579554617405,
0,260816,matched,MATCHED_Rayleigh,RNND_Zhu,5933,0.578382208943367,0.4393291771411896,0.13905303366482258,
0,260816,matched,MATCHED_Rayleigh,RNND_Zhu,5934,0.5137651599943638,0.39026496931910515,0.12350021209567785,
0,260816,matched,MATCHED_Rayleigh,RNND_Zhu,5935,0.35167010873556137,0.2687418721616268,0.08292823098599911,
0,260816,matched,MATCHED_Rayleigh,RNND_Zhu,5936,0.4377126917243004,0.3223782256245613,0.11533446982502937,
0,260816,matched,MATCHED_Rayleigh,RNND_Zhu,5937,0.5254638567566872,0.39806823432445526,0.12739562056958675,
0,260816,matched,MATCHED_Rayleigh,RNND_Zhu,5938,0.5034485831856728,0.3754796236753464,0.12796895764768124,
0,260816,matched,MATCHED_Rayleigh,RNND_Zhu,5939,0.49751725047826767,0.37785525992512703,0.11966200172901154,
0,260816,matched,MATCHED_Rayleigh,RNND_Zhu,5940,0.5640368461608887,0.4269530326128006,0.13708381168544292,
0,260816,matched,MATCHED_Rayleigh,RNND_Zhu,5941,0.5271099731326103,0.39502882584929466,0.13208115845918655,
0,260816,matched,MATCHED_Rayleigh,RNND_Zhu,5942,0.5722304806113243,0.4391753450036049,0.13305513188242912,
0,260816,matched,MATCHED_Rayleigh,RNND_Zhu,5943,0.44671908766031265,0.34078001230955124,0.10593906976282597,
0,260816,matched,MATCHED_Rayleigh,RNND_Zhu,5944,0.468013733625412,0.3506188914179802,0.1173948273062706,
0,260816,matched,MATCHED_Rayleigh,RNND_Zhu,5945,0.5017783790826797,0.37891819328069687,0.12286019884049892,
0,260816,matched,MATCHED_Rayleigh,RNND_Zhu,5946,0.5082630813121796,0.3785194605588913,0.12974363006651402,
0,260816,matched,MATCHED_Rayleigh,RNND_Zhu,5947,0.49050531536340714,0.3690481409430504,0.12145717442035675,
0,260816,matched,MATCHED_Rayleigh,RNND_Zhu,5948,0.5496114492416382,0.4187166728079319,0.13089479506015778,
0,260816,matched,MATCHED_Rayleigh,RNND_Zhu,5949,0.45168451219797134,0.34752585738897324,0.10415865294635296,
0,260816,matched,MATCHED_Rayleigh,RNND_Zhu,5950,0.49367688596248627,0.37625905126333237,0.11741784028708935,
0,260816,matched,MATCHED_Rayleigh,RNND_Zhu,5951,0.5495096370577812,0.41487936303019524,0.13463027961552143,
0,260816,matched,MATCHED_Rayleigh,RNND_Zhu,5952,0.3889419808983803,0.2937401458621025,0.09520183876156807,
0,260816,matched,MATCHED_Rayleigh,RNND_Zhu,5953,0.3734408840537071,0.2865259125828743,0.08691497147083282,
0,260816,matched,MATCHED_Rayleigh,RNND_Zhu,5954,0.4383193328976631,0.33395998924970627,0.1043593492358923,
0,260816,matched,MATCHED_Rayleigh,RNND_Zhu,5955,0.564683273434639,0.42463091015815735,0.14005236513912678,
0,260816,matched,MATCHED_Rayleigh,RNND_Zhu,5956,0.37332604080438614,0.28926731646060944,0.08405872993171215,
0,260816,matched,MATCHED_Rayleigh,RNND_Zhu,5957,0.4508141353726387,0.34801802039146423,0.10279611218720675,
0,260816,matched,MATCHED_Rayleigh,RNND_Zhu,5958,0.4460805803537369,0.3367421254515648,0.10933845676481724,
0,260816,matched,MATCHED_Rayleigh,RNND_Zhu,5959,0.5450520515441895,0.414408877491951,0.13064318150281906,
0,260816,matched,MATCHED_Rayleigh,RNND_Zhu,5960,0.3225550018250942,0.25105759501457214,0.07149740774184465,
0,260816,matched,MATCHED_Rayleigh,RNND_Zhu,5961,0.4434594288468361,0.341671422123909,0.10178799740970135,
0,260816,matched,MATCHED_Rayleigh,RNND_Zhu,5962,0.403337799012661,0.3096582740545273,0.09367951564490795,
0,260816,matched,MATCHED_Rayleigh,RNND_Zhu,5963,0.5658840909600258,0.4263574928045273,0.13952659629285336,
0,260816,matched,MATCHED_Rayleigh,RNND_Zhu,5964,0.4343579187989235,0.33148812502622604,0.102869788184762,
0,260816,matched,MATCHED_Rayleigh,RNND_Zhu,5965,0.3800850212574005,0.2868131212890148,0.0932718962430954,
0,260816,matched,MATCHED_Rayleigh,RNND_Zhu,5966,0.5390393063426018,0.40759360790252686,0.13144568353891373,
0,260816,matched,MATCHED_Rayleigh,RNND_Zhu,5967,0.5717823505401611,0.4304473362863064,0.14133502542972565,
0,260816,matched,MATCHED_Rayleigh,RNND_Zhu,5968,0.47412803769111633,0.35564839094877243,0.1184796579182148,
0,260816,matched,MATCHED_Rayleigh,RNND_Zhu,5969,0.5114028230309486,0.3832867443561554,0.12811607867479324,
0,260816,matched,MATCHED_Rayleigh,RNND_Zhu,5970,0.3341914862394333,0.25841325521469116,0.07577823847532272,
0,260816,matched,MATCHED_Rayleigh,RNND_Zhu,5971,0.377514086663723,0.28695496916770935,0.09055911935865879,
0,260816,matched,MATCHED_Rayleigh,RNND_Zhu,5972,0.4470600560307503,0.3399088904261589,0.10715116746723652,
0,260816,matched,MATCHED_Rayleigh,RNND_Zhu,5973,0.39419426023960114,0.29610179737210274,0.09809247218072414,
0,260816,matched,MATCHED_Rayleigh,RNND_Zhu,5974,0.4522646814584732,0.3465665429830551,0.10569814033806324,
0,260816,matched,MATCHED_Rayleigh,RNND_Zhu,5975,0.4794081673026085,0.3638349771499634,0.11557317897677422,
0,260816,matched,MATCHED_Rayleigh,RNND_Zhu,5976,0.49005255103111267,0.3666536509990692,0.12339889630675316,
0,260816,matched,MATCHED_Rayleigh,RNND_Zhu,5977,0.49335090816020966,0.37710579484701157,0.11624511517584324,
0,260816,matched,MATCHED_Rayleigh,RNND_Zhu,5978,0.48272038996219635,0.36781470105051994,0.11490568332374096,
0,260816,matched,MATCHED_Rayleigh,RNND_Zhu,5979,0.41104479879140854,0.3092930391430855,0.10175175778567791,
0,260816,matched,MATCHED_Rayleigh,RNND_Zhu,5980,0.566807471215725,0.43265140801668167,0.13415606319904327,
0,260816,matched,MATCHED_Rayleigh,RNND_Zhu,5981,0.40788833796977997,0.3044241927564144,0.10346415173262358,
0,260816,matched,MATCHED_Rayleigh,RNND_Zhu,5982,0.44044818729162216,0.332374632358551,0.10807356610894203,
0,260816,matched,MATCHED_Rayleigh,RNND_Zhu,5983,0.47716476768255234,0.36068157106637955,0.11648319475352764,
0,260816,matched,MATCHED_Rayleigh,RNND_Zhu,5984,0.49398210644721985,0.3732505515217781,0.12073155678808689,
0,260816,matched,MATCHED_Rayleigh,RNND_Zhu,5985,0.4705883786082268,0.35639970749616623,0.1141886543482542,
0,260816,matched,MATCHED_Rayleigh,RNND_Zhu,5986,0.5080262795090675,0.3845144361257553,0.12351186294108629,
0,260816,matched,MATCHED_Rayleigh,RNND_Zhu,5987,0.46428433060646057,0.3486055061221123,0.11567882262170315,
0,260816,matched,MATCHED_Rayleigh,RNND_Zhu,5988,0.5287643298506737,0.4030710682272911,0.12569326534867287,
0,260816,matched,MATCHED_Rayleigh,RNND_Zhu,5989,0.39952120929956436,0.30770428851246834,0.09181691240519285,
0,260816,matched,MATCHED_Rayleigh,RNND_Zhu,5990,0.4283335283398628,0.3224070183932781,0.10592650808393955,
0,260816,matched,MATCHED_Rayleigh,RNND_Zhu,5991,0.4278092458844185,0.3298667222261429,0.0979425199329853,
0,260816,matched,MATCHED_Rayleigh,RNND_Zhu,5992,0.374984972178936,0.28329701721668243,0.09168796427547932,
0,260816,matched,MATCHED_Rayleigh,RNND_Zhu,5993,0.5116158947348595,0.3800221048295498,0.13159377127885818,
0,260816,matched,MATCHED_Rayleigh,RNND_Zhu,5994,0.40571003407239914,0.3099048063158989,0.09580523148179054,
0,260816,matched,MATCHED_Rayleigh,RNND_Zhu,5995,0.3629535101354122,0.2799196392297745,0.08303386718034744,
0,260816,matched,MATCHED_Rayleigh,RNND_Zhu,5996,0.5842969566583633,0.4393584132194519,0.14493852853775024,
0,260816,matched,MATCHED_Rayleigh,RNND_Zhu,5997,0.501805305480957,0.3796566240489483,0.1221486758440733,
0,260816,matched,MATCHED_Rayleigh,RNND_Zhu,5998,0.3623960092663765,0.2727630026638508,0.08963301219046116,
0,260816,matched,MATCHED_Rayleigh,RNND_Zhu,5999,0.5984577387571335,0.45319922268390656,0.14525851979851723,
0,260816,matched,MATCHED_Rayleigh,RNND_Zhu,6000,0.37885770946741104,0.29364604502916336,0.08521166816353798,-0.7771545230425518
0,260816,matched,MATCHED_Rayleigh,RNND_Zhu,6001,0.43514375388622284,0.3272149823606014,0.10792877525091171,
0,260816,matched,MATCHED_Rayleigh,RNND_Zhu,6002,0.3001015782356262,0.235374066978693,0.06472750939428806,
0,260816,matched,MATCHED_Rayleigh,RNND_Zhu,6003,0.48169760406017303,0.3654349260032177,0.11626268178224564,
0,260816,matched,MATCHED_Rayleigh,RNND_Zhu,6004,0.6099204272031784,0.4624062180519104,0.1475142128765583,
0,260816,matched,MATCHED_Rayleigh,RNND_Zhu,6005,0.5551154688000679,0.421388141810894,0.13372732512652874,
0,260816,matched,MATCHED_Rayleigh,RNND_Zhu,6006,0.5463947057723999,0.4084910452365875,0.13790365681052208,
0,260816,matched,MATCHED_Rayleigh,RNND_Zhu,6007,0.5758288875222206,0.4374614655971527,0.13836743216961622,
0,260816,matched,MATCHED_Rayleigh,RNND_Zhu,6008,0.45658867061138153,0.34442149475216866,0.11216717679053545,
0,260816,matched,MATCHED_Rayleigh,RNND_Zhu,6009,0.49307456612586975,0.37224356457591057,0.12083099782466888,
0,260816,matched,MATCHED_Rayleigh,RNND_Zhu,6010,0.3672678768634796,0.2764675244688988,0.09080035146325827,
0,260816,matched,MATCHED_Rayleigh,RNND_Zhu,6011,0.47491589933633804,0.36560866236686707,0.10930724442005157,
0,260816,matched,MATCHED_Rayleigh,RNND_Zhu,6012,0.3240352049469948,0.2505490779876709,0.07348612323403358,
0,260816,matched,MATCHED_Rayleigh,RNND_Zhu,6013,0.5593590512871742,0.42150139436125755,0.13785766251385212,
0,260816,matched,MATCHED_Rayleigh,RNND_Zhu,6014,0.5029153376817703,0.37249337136745453,0.13042196445167065,
0,260816,matched,MATCHED_Rayleigh,RNND_Zhu,6015,0.45091239362955093,0.3402629718184471,0.11064941622316837,
0,260816,matched,MATCHED_Rayleigh,RNND_Zhu,6016,0.5440222099423409,0.4065597280859947,0.13746247626841068,
0,260816,matched,MATCHED_Rayleigh,RNND_Zhu,6017,0.3290250152349472,0.25687170028686523,0.07215331867337227,
0,260816,matched,MATCHED_Rayleigh,RNND_Zhu,6018,0.4505123272538185,0.3397134467959404,0.11079888045787811,
0,260816,matched,MATCHED_Rayleigh,RNND_Zhu,6019,0.6195598542690277,0.461991123855114,0.15756871551275253,
0,260816,matched,MATCHED_Rayleigh,RNND_Zhu,6020,0.4623786583542824,0.35193707793951035,0.11044156737625599,
0,260816,matched,MATCHED_Rayleigh,RNND_Zhu,6021,0.4754856079816818,0.3599292263388634,0.1155563909560442,
0,260816,matched,MATCHED_Rayleigh,RNND_Zhu,6022,0.6517080664634705,0.4921427518129349,0.15956533327698708,
0,260816,matched,MATCHED_Rayleigh,RNND_Zhu,6023,0.6280597746372223,0.47454535961151123,0.15351440384984016,
0,260816,matched,MATCHED_Rayleigh,RNND_Zhu,6024,0.53715780377388,0.40671033412218094,0.13044747710227966,
0,260816,matched,MATCHED_Rayleigh,RNND_Zhu,6025,0.48238346725702286,0.3616965562105179,0.12068690732121468,
0,260816,matched,MATCHED_Rayleigh,RNND_Zhu,6026,0.5063543990254402,0.38966743648052216,0.11668695416301489,
0,260816,matched,MATCHED_Rayleigh,RNND_Zhu,6027,0.405352421104908,0.31060898676514626,0.09474342875182629,
0,260816,matched,MATCHED_Rayleigh,RNND_Zhu,6028,0.33372310549020767,0.25831032171845436,0.07541278190910816,
0,260816,matched,MATCHED_Rayleigh,RNND_Zhu,6029,0.49423520267009735,0.3719097971916199,0.12232539616525173,
0,260816,matched,MATCHED_Rayleigh,RNND_Zhu,6030,0.5993528217077255,0.4566800147294998,0.14267280884087086,
0,260816,matched,MATCHED_Rayleigh,RNND_Zhu,6031,0.5075840651988983,0.3866993449628353,0.12088471930474043,
0,260816,matched,MATCHED_Rayleigh,RNND_Zhu,6032,0.5871884748339653,0.4491736516356468,0.13801482506096363,
0,260816,matched,MATCHED_Rayleigh,RNND_Zhu,6033,0.3336816802620888,0.2547973766922951,0.07888430915772915,
0,260816,matched,MATCHED_Rayleigh,RNND_Zhu,6034,0.4812718853354454,0.36910053342580795,0.11217134911566973,
0,260816,matched,MATCHED_Rayleigh,RNND_Zhu,6035,0.5688946023583412,0.4241841919720173,0.1447103898972273,
0,260816,matched,MATCHED_Rayleigh,RNND_Zhu,6036,0.3465726748108864,0.2652513086795807,0.08132135588675737,
0,260816,matched,MATCHED_Rayleigh,RNND_Zhu,6037,0.5884257704019547,0.4450400248169899,0.14338574931025505,
0,260816,matched,MATCHED_Rayleigh,RNND_Zhu,6038,0.39146672934293747,0.2921326085925102,0.0993341263383627,
0,260816,matched,MATCHED_Rayleigh,RNND_Zhu,6039,0.38700656220316887,0.29798775911331177,0.08901880029588938,
0,260816,matched,MATCHED_Rayleigh,RNND_Zhu,6040,0.4572916552424431,0.3557415008544922,0.1015501618385315,
0,260816,matched,MATCHED_Rayleigh,RNND_Zhu,6041,0.4764760062098503,0.3582124039530754,0.11826359666883945,
0,260816,matched,MATCHED_Rayleigh,RNND_Zhu,6042,0.4676075726747513,0.34777968749403954,0.11982788145542145,
0,260816,matched,MATCHED_Rayleigh,RNND_Zhu,6043,0.5264587625861168,0.39041823148727417,0.13604054413735867,
0,260816,matched,MATCHED_Rayleigh,RNND_Zhu,6044,0.4854114130139351,0.3705837354063988,0.11482767760753632,
0,260816,matched,MATCHED_Rayleigh,RNND_Zhu,6045,0.44138670340180397,0.33155421540141106,0.10983248706907034,
0,260816,matched,MATCHED_Rayleigh,RNND_Zhu,6046,0.3577086329460144,0.27774855121970177,0.07996008172631264,
0,260816,matched,MATCHED_Rayleigh,RNND_Zhu,6047,0.3602597936987877,0.2697754353284836,0.09048436302691698,
0,260816,matched,MATCHED_Rayleigh,RNND_Zhu,6048,0.5031877234578133,0.3808896318078041,0.1222980935126543,
0,260816,matched,MATCHED_Rayleigh,RNND_Zhu,6049,0.5182073190808296,0.3905782178044319,0.12762909196317196,
0,260816,matched,MATCHED_Rayleigh,RNND_Zhu,6050,0.4541666507720947,0.3408641666173935,0.11330248601734638,
0,260816,matched,MATCHED_Rayleigh,RNND_Zhu,6051,0.5923187583684921,0.44395478069782257,0.14836397767066956,
0,260816,matched,MATCHED_Rayleigh,RNND_Zhu,6052,0.44310515373945236,0.3331528678536415,0.10995228961110115,
0,260816,matched,MATCHED_Rayleigh,RNND_Zhu,6053,0.6552840322256088,0.5040299594402313,0.1512540765106678,
0,260816,matched,MATCHED_Rayleigh,RNND_Zhu,6054,0.383654348552227,0.28719954565167427,0.09645479544997215,
0,260816,matched,MATCHED_Rayleigh,RNND_Zhu,6055,0.357720285654068,0.26509201899170876,0.09262827783823013,
0,260816,matched,MATCHED_Rayleigh,RNND_Zhu,6056,0.5978920757770538,0.4522079899907112,0.14568407833576202,
0,260816,matched,MATCHED_Rayleigh,RNND_Zhu,6057,0.48858392983675003,0.37460846453905106,0.1139754643663764,
0,260816,matched,MATCHED_Rayleigh,RNND_Zhu,6058,0.3600681498646736,0.2829565815627575,0.07711156457662582,
0,260816,matched,MATCHED_Rayleigh,RNND_Zhu,6059,0.5058831200003624,0.3783859461545944,0.12749717757105827,
0,260816,matched,MATCHED_Rayleigh,RNND_Zhu,6060,0.4158148393034935,0.31392475217580795,0.10189009085297585,
0,260816,matched,MATCHED_Rayleigh,RNND_Zhu,6061,0.43503763526678085,0.33011414483189583,0.10492348298430443,
0,260816,matched,MATCHED_Rayleigh,RNND_Zhu,6062,0.4550691395998001,0.345995157957077,0.10907398536801338,
0,260816,matched,MATCHED_Rayleigh,RNND_Zhu,6063,0.42240092903375626,0.32511545717716217,0.09728547558188438,
0,260816,matched,MATCHED_Rayleigh,RNND_Zhu,6064,0.4892829805612564,0.37086255475878716,0.11842042952775955,
0,260816,matched,MATCHED_Rayleigh,RNND_Zhu,6065,0.3755359351634979,0.2848191633820534,0.09071677736938,
0,260816,matched,MATCHED_Rayleigh,RNND_Zhu,6066,0.48867423087358475,0.361894354224205,0.12677988037467003,
0,260816,matched,MATCHED_Rayleigh,RNND_Zhu,6067,0.6463465541601181,0.487467385828495,0.15887917578220367,
0,260816,matched,MATCHED_Rayleigh,RNND_Zhu,6068,0.4697910100221634,0.35870078206062317,0.11109023541212082,
0,260816,matched,MATCHED_Rayleigh,RNND_Zhu,6069,0.5420585349202156,0.40976496040821075,0.13229358196258545,
0,260816,matched,MATCHED_Rayleigh,RNND_Zhu,6070,0.40526944398880005,0.3068428263068199,0.09842661023139954,
0,260816,matched,MATCHED_Rayleigh,RNND_Zhu,6071,0.4443866088986397,0.34179046005010605,0.10259614884853363,
0,260816,matched,MATCHED_Rayleigh,RNND_Zhu,6072,0.5880354791879654,0.44568780064582825,0.1423476692289114,
0,260816,matched,MATCHED_Rayleigh,RNND_Zhu,6073,0.3551131710410118,0.27233629673719406,0.08277688920497894,
0,260816,matched,MATCHED_Rayleigh,RNND_Zhu,6074,0.5743085145950317,0.43658842146396637,0.13772009126842022,
0,260816,matched,MATCHED_Rayleigh,RNND_Zhu,6075,0.42466822266578674,0.32836757600307465,0.0963006503880024,
0,260816,matched,MATCHED_Rayleigh,RNND_Zhu,6076,0.5144077837467194,0.3906642682850361,0.12374351546168327,
0,260816,matched,MATCHED_Rayleigh,RNND_Zhu,6077,0.515080951154232,0.39504311233758926,0.12003783881664276,
0,260816,matched,MATCHED_Rayleigh,RNND_Zhu,6078,0.5366977229714394,0.4112946391105652,0.12540308572351933,
0,260816,matched,MATCHED_Rayleigh,RNND_Zhu,6079,0.5313510447740555,0.409054160118103,0.12229689955711365,
0,260816,matched,MATCHED_Rayleigh,RNND_Zhu,6080,0.6384360641241074,0.48443083465099335,0.15400521829724312,
0,260816,matched,MATCHED_Rayleigh,RNND_Zhu,6081,0.4368126764893532,0.32742512598633766,0.10938756354153156,
0,260816,matched,MATCHED_Rayleigh,RNND_Zhu,6082,0.43075471371412277,0.32929419353604317,0.10146051831543446,
0,260816,matched,MATCHED_Rayleigh,RNND_Zhu,6083,0.4803136959671974,0.36035048961639404,0.11996320635080338,
0,260816,matched,MATCHED_Rayleigh,RNND_Zhu,6084,0.44711389392614365,0.3408431112766266,0.10627078451216221,
0,260816,matched,MATCHED_Rayleigh,RNND_Zhu,6085,0.39250751584768295,0.29748300462961197,0.09502451308071613,
0,260816,matched,MATCHED_Rayleigh,RNND_Zhu,6086,0.49966826289892197,0.38395092636346817,0.11571735329926014,
0,260816,matched,MATCHED_Rayleigh,RNND_Zhu,6087,0.6350299790501595,0.47164228558540344,0.16338769905269146,
0,260816,matched,MATCHED_Rayleigh,RNND_Zhu,6088,0.4628203511238098,0.34500736743211746,0.11781297624111176,
0,260816,matched,MATCHED_Rayleigh,RNND_Zhu,6089,0.49827802181243896,0.38102909177541733,0.11724894773215055,
0,260816,matched,MATCHED_Rayleigh,RNND_Zhu,6090,0.5368941947817802,0.40390125289559364,0.1329929493367672,
0,260816,matched,MATCHED_Rayleigh,RNND_Zhu,6091,0.5262850672006607,0.3934169337153435,0.13286813348531723,
0,260816,matched,MATCHED_Rayleigh,RNND_Zhu,6092,0.3695075958967209,0.2838253527879715,0.08568224031478167,
0,260816,matched,MATCHED_Rayleigh,RNND_Zhu,6093,0.5085597187280655,0.3833167776465416,0.12524294666945934,
0,260816,matched,MATCHED_Rayleigh,RNND_Zhu,6094,0.6030436307191849,0.4538547322154045,0.14918890595436096,
0,260816,matched,MATCHED_Rayleigh,RNND_Zhu,6095,0.5269796252250671,0.39429906010627747,0.13268056511878967,
0,260816,matched,MATCHED_Rayleigh,RNND_Zhu,6096,0.6070689111948013,0.4661058783531189,0.14096304215490818,
0,260816,matched,MATCHED_Rayleigh,RNND_Zhu,6097,0.6268155500292778,0.47053397446870804,0.15628159418702126,
0,260816,matched,MATCHED_Rayleigh,RNND_Zhu,6098,0.5043568983674049,0.3850605934858322,0.11929630115628242,
0,260816,matched,MATCHED_Rayleigh,RNND_Zhu,6099,0.5841373652219772,0.4421995058655739,0.14193785563111305,
0,260816,matched,MATCHED_Rayleigh,RNND_Zhu,6100,0.4166247472167015,0.31842368841171265,0.09820105694234371,
0,260816,matched,MATCHED_Rayleigh,RNND_Zhu,6101,0.557281531393528,0.4204784780740738,0.13680305890738964,
0,260816,matched,MATCHED_Rayleigh,RNND_Zhu,6102,0.4602581337094307,0.35188497975468636,0.10837316699326038,
0,260816,matched,MATCHED_Rayleigh,RNND_Zhu,6103,0.5263020247220993,0.3989342749118805,0.12736775539815426,
0,260816,matched,MATCHED_Rayleigh,RNND_Zhu,6104,0.5557069927453995,0.4198559522628784,0.13585103675723076,
0,260816,matched,MATCHED_Rayleigh,RNND_Zhu,6105,0.4226107895374298,0.3180535137653351,0.10455727390944958,
0,260816,matched,MATCHED_Rayleigh,RNND_Zhu,6106,0.5604557767510414,0.4219776391983032,0.13847813569009304,
0,260816,matched,MATCHED_Rayleigh,RNND_Zhu,6107,0.4002630040049553,0.3072888217866421,0.09297418780624866,
0,260816,matched,MATCHED_Rayleigh,RNND_Zhu,6108,0.4476640000939369,0.34013282135128975,0.10753117501735687,
0,260816,matched,MATCHED_Rayleigh,RNND_Zhu,6109,0.5618106871843338,0.4276360049843788,0.1341746784746647,
0,260816,matched,MATCHED_Rayleigh,RNND_Zhu,6110,0.4332338646054268,0.32350820302963257,0.10972566064447165,
0,260816,matched,MATCHED_Rayleigh,RNND_Zhu,6111,0.48454201221466064,0.3590550795197487,0.125486945733428,
0,260816,matched,MATCHED_Rayleigh,RNND_Zhu,6112,0.5216687023639679,0.3945428244769573,0.12712588161230087,
0,260816,matched,MATCHED_Rayleigh,RNND_Zhu,6113,0.5646408200263977,0.4198489189147949,0.1447918862104416,
0,260816,matched,MATCHED_Rayleigh,RNND_Zhu,6114,0.49414458125829697,0.37288639694452286,0.12125819735229015,
0,260816,matched,MATCHED_Rayleigh,RNND_Zhu,6115,0.6079796925187111,0.4547606222331524,0.15321906097233295,
0,260816,matched,MATCHED_Rayleigh,RNND_Zhu,6116,0.5218841582536697,0.39840659499168396,0.12347756326198578,
0,260816,matched,MATCHED_Rayleigh,RNND_Zhu,6117,0.4373634494841099,0.3253828026354313,0.11198064498603344,
0,260816,matched,MATCHED_Rayleigh,RNND_Zhu,6118,0.49808894097805023,0.381205715239048,0.11688322760164738,
0,260816,matched,MATCHED_Rayleigh,RNND_Zhu,6119,0.4853845611214638,0.3735925331711769,0.11179202608764172,
0,260816,matched,MATCHED_Rayleigh,RNND_Zhu,6120,0.39493783563375473,0.30042511969804764,0.09451272711157799,
0,260816,matched,MATCHED_Rayleigh,RNND_Zhu,6121,0.5314189121127129,0.41064293682575226,0.12077597714960575,
0,260816,matched,MATCHED_Rayleigh,RNND_Zhu,6122,0.58986596763134,0.4519752711057663,0.13789069280028343,
0,260816,matched,MATCHED_Rayleigh,RNND_Zhu,6123,0.4948556274175644,0.38114411383867264,0.11371151264756918,
0,260816,matched,MATCHED_Rayleigh,RNND_Zhu,6124,0.38224469497799873,0.2892353683710098,0.09300933592021465,
0,260816,matched,MATCHED_Rayleigh,RNND_Zhu,6125,0.5635801330208778,0.42364370077848434,0.1399364359676838,
0,260816,matched,MATCHED_Rayleigh,RNND_Zhu,6126,0.5307268649339676,0.4062846377491951,0.12444221880286932,
0,260816,matched,MATCHED_Rayleigh,RNND_Zhu,6127,0.5644650608301163,0.43047501891851425,0.13399004191160202,
0,260816,matched,MATCHED_Rayleigh,RNND_Zhu,6128,0.5208758264780045,0.3944682814180851,0.12640754133462906,
0,260816,matched,MATCHED_Rayleigh,RNND_Zhu,6129,0.5494230538606644,0.4142727255821228,0.13515033572912216,
0,260816,matched,MATCHED_Rayleigh,RNND_Zhu,6130,0.4335770756006241,0.33396055176854134,0.09961651265621185,
0,260816,matched,MATCHED_Rayleigh,RNND_Zhu,6131,0.41120924055576324,0.3098645620048046,0.10134468600153923,
0,260816,matched,MATCHED_Rayleigh,RNND_Zhu,6132,0.4482109770178795,0.3455243296921253,0.10268664918839931,
0,260816,matched,MATCHED_Rayleigh,RNND_Zhu,6133,0.3589015007019043,0.2760748788714409,0.08282662741839886,
0,260816,matched,MATCHED_Rayleigh,RNND_Zhu,6134,0.5245889872312546,0.3978031426668167,0.12678584642708302,
0,260816,matched,MATCHED_Rayleigh,RNND_Zhu,6135,0.5455053150653839,0.40877293795347214,0.13673239387571812,
0,260816,matched,MATCHED_Rayleigh,RNND_Zhu,6136,0.4642919525504112,0.35682835429906845,0.10746359638869762,
0,260816,matched,MATCHED_Rayleigh,RNND_Zhu,6137,0.3764501288533211,0.28184154629707336,0.09460857696831226,
0,260816,matched,MATCHED_Rayleigh,RNND_Zhu,6138,0.3905656039714813,0.2906014211475849,0.09996417537331581,
0,260816,matched,MATCHED_Rayleigh,RNND_Zhu,6139,0.4054720811545849,0.30403798446059227,0.10143409296870232,
0,260816,matched,MATCHED_Rayleigh,RNND_Zhu,6140,0.3267494663596153,0.254299309104681,0.07245015539228916,
0,260816,matched,MATCHED_Rayleigh,RNND_Zhu,6141,0.5165770500898361,0.38588734716176987,0.13068971410393715,
0,260816,matched,MATCHED_Rayleigh,RNND_Zhu,6142,0.5687176808714867,0.4248717948794365,0.14384587854146957,
0,260816,matched,MATCHED_Rayleigh,RNND_Zhu,6143,0.3414371907711029,0.2605815902352333,0.08085560146719217,
0,260816,matched,MATCHED_Rayleigh,RNND_Zhu,6144,0.5781934484839439,0.43767593055963516,0.14051752910017967,
0,260816,matched,MATCHED_Rayleigh,RNND_Zhu,6145,0.3208323232829571,0.24608688056468964,0.07474544271826744,
0,260816,matched,MATCHED_Rayleigh,RNND_Zhu,6146,0.6361795961856842,0.4761789068579674,0.16000069677829742,
0,260816,matched,MATCHED_Rayleigh,RNND_Zhu,6147,0.456543430685997,0.350043848156929,0.10649958811700344,
0,260816,matched,MATCHED_Rayleigh,RNND_Zhu,6148,0.45844145119190216,0.3483359217643738,0.11010552942752838,
0,260816,matched,MATCHED_Rayleigh,RNND_Zhu,6149,0.5379020422697067,0.4114973843097687,0.12640466913580894,
0,260816,matched,MATCHED_Rayleigh,RNND_Zhu,6150,0.4255787283182144,0.3295280896127224,0.09605062752962112,
0,260816,matched,MATCHED_Rayleigh,RNND_Zhu,6151,0.5088022872805595,0.3820742070674896,0.12672807089984417,
0,260816,matched,MATCHED_Rayleigh,RNND_Zhu,6152,0.5195284560322762,0.3919118754565716,0.12761657871305943,
0,260816,matched,MATCHED_Rayleigh,RNND_Zhu,6153,0.5230022370815277,0.39626792818307877,0.12673430517315865,
0,260816,matched,MATCHED_Rayleigh,RNND_Zhu,6154,0.4713461101055145,0.3598676510155201,0.11147846654057503,
0,260816,matched,MATCHED_Rayleigh,RNND_Zhu,6155,0.35090386122465134,0.2730575427412987,0.07784632593393326,
0,260816,matched,MATCHED_Rayleigh,RNND_Zhu,6156,0.5668145269155502,0.43295110762119293,0.13386341743171215,
0,260816,matched,MATCHED_Rayleigh,RNND_Zhu,6157,0.41885942965745926,0.3126326873898506,0.106226721778512,
0,260816,matched,MATCHED_Rayleigh,RNND_Zhu,6158,0.6159919649362564,0.46331410855054855,0.15267786383628845,
0,260816,matched,MATCHED_Rayleigh,RNND_Zhu,6159,0.43343570828437805,0.3266424760222435,0.10679322388023138,
0,260816,matched,MATCHED_Rayleigh,RNND_Zhu,6160,0.3409287631511688,0.26079554855823517,0.08013321552425623,
0,260816,matched,MATCHED_Rayleigh,RNND_Zhu,6161,0.5398940742015839,0.40683336928486824,0.13306071609258652,
0,260816,matched,MATCHED_Rayleigh,RNND_Zhu,6162,0.4793414771556854,0.357253510504961,0.12208796665072441,
0,260816,matched,MATCHED_Rayleigh,RNND_Zhu,6163,0.42501046508550644,0.32672687619924545,0.09828360006213188,
0,260816,matched,MATCHED_Rayleigh,RNND_Zhu,6164,0.4444924592971802,0.33593836054205894,0.10855410806834698,
0,260816,matched,MATCHED_Rayleigh,RNND_Zhu,6165,0.4256693795323372,0.32483091950416565,0.10083845630288124,
0,260816,matched,MATCHED_Rayleigh,RNND_Zhu,6166,0.5846914649009705,0.4428136274218559,0.14187782257795334,
0,260816,matched,MATCHED_Rayleigh,RNND_Zhu,6167,0.37005510926246643,0.28337154909968376,0.08668356202542782,
0,260816,matched,MATCHED_Rayleigh,RNND_Zhu,6168,0.4967764988541603,0.3783743679523468,0.11840212717652321,
0,260816,matched,MATCHED_Rayleigh,RNND_Zhu,6169,0.505311481654644,0.3785611540079117,0.12675032764673233,
0,260816,matched,MATCHED_Rayleigh,RNND_Zhu,6170,0.5426952354609966,0.41525058075785637,0.12744465004652739,
0,260816,matched,MATCHED_Rayleigh,RNND_Zhu,6171,0.5763860493898392,0.42988788336515427,0.14649818651378155,
0,260816,matched,MATCHED_Rayleigh,RNND_Zhu,6172,0.3230314701795578,0.24542760103940964,0.07760386168956757,
0,260816,matched,MATCHED_Rayleigh,RNND_Zhu,6173,0.5234778895974159,0.39570821821689606,0.12776967138051987,
0,260816,matched,MATCHED_Rayleigh,RNND_Zhu,6174,0.509830504655838,0.3875011019408703,0.12232940830290318,
0,260816,matched,MATCHED_Rayleigh,RNND_Zhu,6175,0.576136440038681,0.42682165652513504,0.1493147723376751,
0,260816,matched,MATCHED_Rayleigh,RNND_Zhu,6176,0.24089283123612404,0.18786175176501274,0.05303107760846615,
0,260816,matched,MATCHED_Rayleigh,RNND_Zhu,6177,0.30429599434137344,0.23588921502232552,0.0684067839756608,
0,260816,matched,MATCHED_Rayleigh,RNND_Zhu,6178,0.5659189820289612,0.4245358929038048,0.1413830816745758,
0,260816,matched,MATCHED_Rayleigh,RNND_Zhu,6179,0.4636828489601612,0.3540869355201721,0.10959591064602137,
0,260816,matched,MATCHED_Rayleigh,RNND_Zhu,6180,0.6612928137183189,0.49504314363002777,0.16624967381358147,
0,260816,matched,MATCHED_Rayleigh,RNND_Zhu,6181,0.5141246244311333,0.3831261098384857,0.13099850714206696,
0,260816,matched,MATCHED_Rayleigh,RNND_Zhu,6182,0.4124758914113045,0.31173093616962433,0.1007449496537447,
0,260816,matched,MATCHED_Rayleigh,RNND_Zhu,6183,0.3800722807645798,0.29258089512586594,0.08749140053987503,
0,260816,matched,MATCHED_Rayleigh,RNND_Zhu,6184,0.46284735947847366,0.3408418968319893,0.12200546450912952,
0,260816,matched,MATCHED_Rayleigh,RNND_Zhu,6185,0.33509691804647446,0.25389759987592697,0.08119931444525719,
0,260816,matched,MATCHED_Rayleigh,RNND_Zhu,6186,0.4887232929468155,0.369547002017498,0.11917629465460777,
0,260816,matched,MATCHED_Rayleigh,RNND_Zhu,6187,0.3135859742760658,0.23972900956869125,0.07385696098208427,
0,260816,matched,MATCHED_Rayleigh,RNND_Zhu,6188,0.35138192772865295,0.2685483247041702,0.0828336076810956,
0,260816,matched,MATCHED_Rayleigh,RNND_Zhu,6189,0.6541419327259064,0.4931696280837059,0.16097228974103928,
0,260816,matched,MATCHED_Rayleigh,RNND_Zhu,6190,0.32242901995778084,0.24928409233689308,0.07314492110162973,
0,260816,matched,MATCHED_Rayleigh,RNND_Zhu,6191,0.5085967928171158,0.38424817100167274,0.12434861436486244,
0,260816,matched,MATCHED_Rayleigh,RNND_Zhu,6192,0.4612995311617851,0.34567391872406006,0.11562560498714447,
0,260816,matched,MATCHED_Rayleigh,RNND_Zhu,6193,0.4278275966644287,0.31994742527604103,0.10788016952574253,
0,260816,matched,MATCHED_Rayleigh,RNND_Zhu,6194,0.6373257488012314,0.4783123731613159,0.15901337936520576,
0,260816,matched,MATCHED_Rayleigh,RNND_Zhu,6195,0.6140593439340591,0.4664223976433277,0.14763695374131203,
0,260816,matched,MATCHED_Rayleigh,RNND_Zhu,6196,0.4615304097533226,0.35756775736808777,0.10396264959126711,
0,260816,matched,MATCHED_Rayleigh,RNND_Zhu,6197,0.3943756967782974,0.29610392451286316,0.09827176295220852,
0,260816,matched,MATCHED_Rayleigh,RNND_Zhu,6198,0.43205706030130386,0.3287633880972862,0.10329367220401764,
0,260816,matched,MATCHED_Rayleigh,RNND_Zhu,6199,0.34476031363010406,0.2659633010625839,0.07879701256752014,
0,260816,matched,MATCHED_Rayleigh,RNND_Zhu,6200,0.5203743726015091,0.39105425775051117,0.12932010553777218,-0.783635076273826
0,260816,matched,MATCHED_Rayleigh,RNND_Zhu,6201,0.38009534776210785,0.2941496968269348,0.08594565652310848,
0,260816,matched,MATCHED_Rayleigh,RNND_Zhu,6202,0.6451011449098587,0.4846944436430931,0.160406693816185,
0,260816,matched,MATCHED_Rayleigh,RNND_Zhu,6203,0.5335287377238274,0.40407881140708923,0.12944993004202843,
0,260816,matched,MATCHED_Rayleigh,RNND_Zhu,6204,0.6504561230540276,0.4935680627822876,0.15688806027173996,
0,260816,matched,MATCHED_Rayleigh,RNND_Zhu,6205,0.4926675446331501,0.366556104272604,0.12611143570393324,
0,260816,matched,MATCHED_Rayleigh,RNND_Zhu,6206,0.3574504926800728,0.2660161890089512,0.09143430832773447,
0,260816,matched,MATCHED_Rayleigh,RNND_Zhu,6207,0.39592570066452026,0.2970198318362236,0.09890587255358696,
0,260816,matched,MATCHED_Rayleigh,RNND_Zhu,6208,0.5640761032700539,0.42646650969982147,0.1376095749437809,
0,260816,matched,MATCHED_Rayleigh,RNND_Zhu,6209,0.5812132507562637,0.4346854239702225,0.14652781188488007,
0,260816,matched,MATCHED_Rayleigh,RNND_Zhu,6210,0.49643854796886444,0.37847478687763214,0.11796376667916775,
0,260816,matched,MATCHED_Rayleigh,RNND_Zhu,6211,0.45434410125017166,0.3400660827755928,0.11427801847457886,
0,260816,matched,MATCHED_Rayleigh,RNND_Zhu,6212,0.5332507155835629,0.40452225878834724,0.12872845400124788,
0,260816,matched,MATCHED_Rayleigh,RNND_Zhu,6213,0.3841899037361145,0.2930787578225136,0.09111114591360092,
0,260816,matched,MATCHED_Rayleigh,RNND_Zhu,6214,0.40401045233011246,0.31237364932894707,0.09163681231439114,
0,260816,matched,MATCHED_Rayleigh,RNND_Zhu,6215,0.4818112626671791,0.36482982337474823,0.11698142625391483,
0,260816,matched,MATCHED_Rayleigh,RNND_Zhu,6216,0.3604942560195923,0.2725556902587414,0.0879385694861412,
0,260816,matched,MATCHED_Rayleigh,RNND_Zhu,6217,0.4662267528474331,0.3523228354752064,0.11390392109751701,
0,260816,matched,MATCHED_Rayleigh,RNND_Zhu,6218,0.5246579647064209,0.3919568620622158,0.1327011063694954,
0,260816,matched,MATCHED_Rayleigh,RNND_Zhu,6219,0.3673632889986038,0.27933405712246895,0.08802923560142517,
0,260816,matched,MATCHED_Rayleigh,RNND_Zhu,6220,0.37137527763843536,0.27932243049144745,0.09205284900963306,
0,260816,matched,MATCHED_Rayleigh,RNND_Zhu,6221,0.6158159971237183,0.4670509770512581,0.14876502007246017,
0,260816,matched,MATCHED_Rayleigh,RNND_Zhu,6222,0.33262842893600464,0.26129183173179626,0.0713366037234664,
0,260816,matched,MATCHED_Rayleigh,RNND_Zhu,6223,0.4534166008234024,0.3457840234041214,0.10763257369399071,
0,260816,matched,MATCHED_Rayleigh,RNND_Zhu,6224,0.496320977807045,0.37564435601234436,0.12067661993205547,
0,260816,matched,MATCHED_Rayleigh,RNND_Zhu,6225,0.6004256904125214,0.4527887850999832,0.1476368959993124,
0,260816,matched,MATCHED_Rayleigh,RNND_Zhu,6226,0.3775036893785,0.28822530806064606,0.0892783785238862,
0,260816,matched,MATCHED_Rayleigh,RNND_Zhu,6227,0.5327015668153763,0.39876170456409454,0.1339398641139269,
0,260816,matched,MATCHED_Rayleigh,RNND_Zhu,6228,0.48940808326005936,0.36887019127607346,0.12053789757192135,
0,260816,matched,MATCHED_Rayleigh,RNND_Zhu,6229,0.43953943997621536,0.3289048932492733,0.11063453182578087,
0,260816,matched,MATCHED_Rayleigh,RNND_Zhu,6230,0.43665680289268494,0.3285912573337555,0.10806555021554232,
0,260816,matched,MATCHED_Rayleigh,RNND_Zhu,6231,0.6034237965941429,0.45233820378780365,0.15108557790517807,
0,260816,matched,MATCHED_Rayleigh,RNND_Zhu,6232,0.47592707723379135,0.35629671812057495,0.1196303628385067,
0,260816,matched,MATCHED_Rayleigh,RNND_Zhu,6233,0.48769333958625793,0.3688085675239563,0.11888477765023708,
0,260816,matched,MATCHED_Rayleigh,RNND_Zhu,6234,0.6979032903909683,0.5245579853653908,0.17334530502557755,
0,260816,matched,MATCHED_Rayleigh,RNND_Zhu,6235,0.48769671097397804,0.37274011969566345,0.114956583827734,
0,260816,matched,MATCHED_Rayleigh,RNND_Zhu,6236,0.45191488042473793,0.3465098738670349,0.10540502052754164,
0,260816,matched,MATCHED_Rayleigh,RNND_Zhu,6237,0.32604601234197617,0.2533249408006668,0.07272107433527708,
0,260816,matched,MATCHED_Rayleigh,RNND_Zhu,6238,0.376651369035244,0.2853146456182003,0.09133671969175339,
0,260816,matched,MATCHED_Rayleigh,RNND_Zhu,6239,0.3890106827020645,0.29432786256074905,0.09468282386660576,
0,260816,matched,MATCHED_Rayleigh,RNND_Zhu,6240,0.5529676452279091,0.4154529944062233,0.13751464150846004,
0,260816,matched,MATCHED_Rayleigh,RNND_Zhu,6241,0.47518225759267807,0.3594377599656582,0.11574450321495533,
0,260816,matched,MATCHED_Rayleigh,RNND_Zhu,6242,0.5942715629935265,0.44176921993494034,0.15250234492123127,
0,260816,matched,MATCHED_Rayleigh,RNND_Zhu,6243,0.48740918189287186,0.36987558007240295,0.1175336018204689,
0,260816,matched,MATCHED_Rayleigh,RNND_Zhu,6244,0.5474513918161392,0.41415297985076904,0.13329841569066048,
0,260816,matched,MATCHED_Rayleigh,RNND_Zhu,6245,0.41579923033714294,0.3217756673693657,0.09402355924248695,
0,260816,matched,MATCHED_Rayleigh,RNND_Zhu,6246,0.4090450704097748,0.30884113907814026,0.10020394250750542,
0,260816,matched,MATCHED_Rayleigh,RNND_Zhu,6247,0.47778838872909546,0.3563833348453045,0.12140504643321037,
0,260816,matched,MATCHED_Rayleigh,RNND_Zhu,6248,0.48166850209236145,0.35829274356365204,0.12337576597929001,
0,260816,matched,MATCHED_Rayleigh,RNND_Zhu,6249,0.47874845564365387,0.3653171956539154,0.11343126650899649,
0,260816,matched,MATCHED_Rayleigh,RNND_Zhu,6250,0.30055687576532364,0.23182063177227974,0.06873624492436647,
0,260816,matched,MATCHED_Rayleigh,RNND_Zhu,6251,0.4460908845067024,0.33641722798347473,0.10967364721000195,
0,260816,matched,MATCHED_Rayleigh,RNND_Zhu,6252,0.5593312904238701,0.41989871859550476,0.13943255878984928,
0,260816,matched,MATCHED_Rayleigh,RNND_Zhu,6253,0.39608772471547127,0.3052167631685734,0.09087095223367214,
0,260816,matched,MATCHED_Rayleigh,RNND_Zhu,6254,0.5929530113935471,0.441391721367836,0.15156130492687225,
0,260816,matched,MATCHED_Rayleigh,RNND_Zhu,6255,0.655132494866848,0.49608445912599564,0.1590480227023363,
0,260816,matched,MATCHED_Rayleigh,RNND_Zhu,6256,0.4616987928748131,0.3479062356054783,0.1137925572693348,
0,260816,matched,MATCHED_Rayleigh,RNND_Zhu,6257,0.5277373045682907,0.4010612294077873,0.1266760639846325,
0,260816,matched,MATCHED_Rayleigh,RNND_Zhu,6258,0.36750631779432297,0.27822188287973404,0.08928443863987923,
0,260816,matched,MATCHED_Rayleigh,RNND_Zhu,6259,0.5505921617150307,0.4156794585287571,0.13491271622478962,
0,260816,matched,MATCHED_Rayleigh,RNND_Zhu,6260,0.5794778019189835,0.43550073355436325,0.1439770869910717,
0,260816,matched,MATCHED_Rayleigh,RNND_Zhu,6261,0.5191057249903679,0.3923388421535492,0.12676688469946384,
0,260816,matched,MATCHED_Rayleigh,RNND_Zhu,6262,0.4081854820251465,0.3098098486661911,0.09837563149631023,
0,260816,matched,MATCHED_Rayleigh,RNND_Zhu,6263,0.439954224973917,0.3343590795993805,0.10559514537453651,
0,260816,matched,MATCHED_Rayleigh,RNND_Zhu,6264,0.3400229215621948,0.26255960762500763,0.07746330928057432,
0,260816,matched,MATCHED_Rayleigh,RNND_Zhu,6265,0.36594468727707863,0.2790028192102909,0.08694186806678772,
0,260816,matched,MATCHED_Rayleigh,RNND_Zhu,6266,0.5931794047355652,0.4474058076739311,0.14577361196279526,
0,260816,matched,MATCHED_Rayleigh,RNND_Zhu,6267,0.33708301186561584,0.2581651955842972,0.07891780696809292,
0,260816,matched,MATCHED_Rayleigh,RNND_Zhu,6268,0.6938682049512863,0.5253513902425766,0.16851680725812912,
0,260816,matched,MATCHED_Rayleigh,RNND_Zhu,6269,0.38079605624079704,0.2930379584431648,0.08775810245424509,
0,260816,matched,MATCHED_Rayleigh,RNND_Zhu,6270,0.3450902961194515,0.26008618250489235,0.08500410616397858,
0,260816,matched,MATCHED_Rayleigh,RNND_Zhu,6271,0.4719756469130516,0.35712930560112,0.11484633944928646,
0,260816,matched,MATCHED_Rayleigh,RNND_Zhu,6272,0.5023629069328308,0.37991583347320557,0.12244707904756069,
0,260816,matched,MATCHED_Rayleigh,RNND_Zhu,6273,0.4021717458963394,0.310699999332428,0.09147174656391144,
0,260816,matched,MATCHED_Rayleigh,RNND_Zhu,6274,0.4701555445790291,0.35644325986504555,0.11371227912604809,
0,260816,matched,MATCHED_Rayleigh,RNND_Zhu,6275,0.4801088273525238,0.36720288544893265,0.11290594562888145,
0,260816,matched,MATCHED_Rayleigh,RNND_Zhu,6276,0.37823595851659775,0.28867052868008614,0.08956542424857616,
0,260816,matched,MATCHED_Rayleigh,RNND_Zhu,6277,0.5016923658549786,0.3795759156346321,0.12211644649505615,
0,260816,matched,MATCHED_Rayleigh,RNND_Zhu,6278,0.4286893606185913,0.3243531994521618,0.10433616116642952,
0,260816,matched,MATCHED_Rayleigh,RNND_Zhu,6279,0.46953200548887253,0.35902557149529457,0.11050643771886826,
0,260816,matched,MATCHED_Rayleigh,RNND_Zhu,6280,0.4916822239756584,0.38331201300024986,0.10837021935731173,
0,260816,matched,MATCHED_Rayleigh,RNND_Zhu,6281,0.5166337937116623,0.3843833953142166,0.13225038722157478,
0,260816,matched,MATCHED_Rayleigh,RNND_Zhu,6282,0.34285835921764374,0.2622920125722885,0.08056634850800037,
0,260816,matched,MATCHED_Rayleigh,RNND_Zhu,6283,0.5242436453700066,0.38954947143793106,0.13469419162720442,
0,260816,matched,MATCHED_Rayleigh,RNND_Zhu,6284,0.5209831520915031,0.4010595306754112,0.11992362700402737,
0,260816,matched,MATCHED_Rayleigh,RNND_Zhu,6285,0.4993675425648689,0.3753235787153244,0.12404396571218967,
0,260816,matched,MATCHED_Rayleigh,RNND_Zhu,6286,0.45061495155096054,0.33799614012241364,0.11261880770325661,
0,260816,matched,MATCHED_Rayleigh,RNND_Zhu,6287,0.5019250959157944,0.37730418518185616,0.12462090700864792,
0,260816,matched,MATCHED_Rayleigh,RNND_Zhu,6288,0.39174671471118927,0.29976847767829895,0.09197823703289032,
0,260816,matched,MATCHED_Rayleigh,RNND_Zhu,6289,0.41099464520812035,0.31615154072642326,0.09484310168772936,
0,260816,matched,MATCHED_Rayleigh,RNND_Zhu,6290,0.5211406946182251,0.39578597992658615,0.125354727730155,
0,260816,matched,MATCHED_Rayleigh,RNND_Zhu,6291,0.4923606812953949,0.3661009669303894,0.1262597180902958,
0,260816,matched,MATCHED_Rayleigh,RNND_Zhu,6292,0.4149702861905098,0.3092844970524311,0.10568579379469156,
0,260816,matched,MATCHED_Rayleigh,RNND_Zhu,6293,0.4672131910920143,0.3574625290930271,0.10975064616650343,
0,260816,matched,MATCHED_Rayleigh,RNND_Zhu,6294,0.488747775554657,0.3704386465251446,0.11830913182348013,
0,260816,matched,MATCHED_Rayleigh,RNND_Zhu,6295,0.5039234459400177,0.383668914437294,0.12025453895330429,
0,260816,matched,MATCHED_Rayleigh,RNND_Zhu,6296,0.46209200471639633,0.34940075129270554,0.11269125249236822,
0,260816,matched,MATCHED_Rayleigh,RNND_Zhu,6297,0.42346735298633575,0.31500665470957756,0.10846070013940334,
0,260816,matched,MATCHED_Rayleigh,RNND_Zhu,6298,0.509572260081768,0.3846057280898094,0.1249665291979909,
0,260816,matched,MATCHED_Rayleigh,RNND_Zhu,6299,0.3477087840437889,0.26617974415421486,0.0815290529280901,
0,260816,matched,MATCHED_Rayleigh,RNND_Zhu,6300,0.4400537461042404,0.331609059125185,0.10844467952847481,
0,260816,matched,MATCHED_Rayleigh,RNND_Zhu,6301,0.6553328409790993,0.49202896654605865,0.16330388002097607,
0,260816,matched,MATCHED_Rayleigh,RNND_Zhu,6302,0.5332430303096771,0.40392009913921356,0.12932293862104416,
0,260816,matched,MATCHED_Rayleigh,RNND_Zhu,6303,0.48980335891246796,0.371832937002182,0.1179704237729311,
0,260816,matched,MATCHED_Rayleigh,RNND_Zhu,6304,0.43126271665096283,0.32690148055553436,0.10436123050749302,
0,260816,matched,MATCHED_Rayleigh,RNND_Zhu,6305,0.6762113720178604,0.5117274448275566,0.1644839309155941,
0,260816,matched,MATCHED_Rayleigh,RNND_Zhu,6306,0.49354588985443115,0.37820906192064285,0.11533683352172375,
0,260816,matched,MATCHED_Rayleigh,RNND_Zhu,6307,0.48311498761177063,0.36927804350852966,0.11383693665266037,
0,260816,matched,MATCHED_Rayleigh,RNND_Zhu,6308,0.5875750482082367,0.439744770526886,0.1478302739560604,
0,260816,matched,MATCHED_Rayleigh,RNND_Zhu,6309,0.40726107358932495,0.30502188578248024,0.10223918966948986,
0,260816,matched,MATCHED_Rayleigh,RNND_Zhu,6310,0.4887295439839363,0.3740943521261215,0.11463519372045994,
0,260816,matched,MATCHED_Rayleigh,RNND_Zhu,6311,0.39213068410754204,0.29993604868650436,0.09219462983310223,
0,260816,matched,MATCHED_Rayleigh,RNND_Zhu,6312,0.45449327677488327,0.3351605460047722,0.11933272890746593,
0,260816,matched,MATCHED_Rayleigh,RNND_Zhu,6313,0.5730070397257805,0.42900198698043823,0.14400506485253572,
0,260816,matched,MATCHED_Rayleigh,RNND_Zhu,6314,0.44672320038080215,0.3414083458483219,0.1053148452192545,
0,260816,matched,MATCHED_Rayleigh,RNND_Zhu,6315,0.38333242014050484,0.2933185286819935,0.09001389611512423,
0,260816,matched,MATCHED_Rayleigh,RNND_Zhu,6316,0.26122042164206505,0.202990360558033,0.058230056427419186,
0,260816,matched,MATCHED_Rayleigh,RNND_Zhu,6317,0.41662225127220154,0.309569388628006,0.1070528645068407,
0,260816,matched,MATCHED_Rayleigh,RNND_Zhu,6318,0.6374306082725525,0.48543691635131836,0.15199371241033077,
0,260816,matched,MATCHED_Rayleigh,RNND_Zhu,6319,0.5519930832087994,0.4133593738079071,0.13863369915634394,
0,260816,matched,MATCHED_Rayleigh,RNND_Zhu,6320,0.4906715452671051,0.37349821627140045,0.11717332154512405,
0,260816,matched,MATCHED_Rayleigh,RNND_Zhu,6321,0.465108722448349,0.35145001858472824,0.11365871597081423,
0,260816,matched,MATCHED_Rayleigh,RNND_Zhu,6322,0.6491582989692688,0.4862571433186531,0.162901159375906,
0,260816,matched,MATCHED_Rayleigh,RNND_Zhu,6323,0.5020470544695854,0.38310448825359344,0.11894255131483078,
0,260816,matched,MATCHED_Rayleigh,RNND_Zhu,6324,0.49932636320590973,0.38209736347198486,0.11722900345921516,
0,260816,matched,MATCHED_Rayleigh,RNND_Zhu,6325,0.5091386809945107,0.3817969225347042,0.12734176218509674,
0,260816,matched,MATCHED_Rayleigh,RNND_Zhu,6326,0.3761129379272461,0.2853921875357628,0.09072074666619301,
0,260816,matched,MATCHED_Rayleigh,RNND_Zhu,6327,0.5296522676944733,0.39759717881679535,0.13205508701503277,
0,260816,matched,MATCHED_Rayleigh,RNND_Zhu,6328,0.4250703454017639,0.3233684003353119,0.10170194786041975,
0,260816,matched,MATCHED_Rayleigh,RNND_Zhu,6329,0.3028157874941826,0.236393541097641,0.066422238945961,
0,260816,matched,MATCHED_Rayleigh,RNND_Zhu,6330,0.4892798140645027,0.37052614241838455,0.11875368095934391,
0,260816,matched,MATCHED_Rayleigh,RNND_Zhu,6331,0.4842313751578331,0.36277758330106735,0.1214537974447012,
0,260816,matched,MATCHED_Rayleigh,RNND_Zhu,6332,0.49904724210500717,0.3795497715473175,0.11949747614562511,
0,260816,matched,MATCHED_Rayleigh,RNND_Zhu,6333,0.5034478157758713,0.38727443665266037,0.11617337726056576,
0,260816,matched,MATCHED_Rayleigh,RNND_Zhu,6334,0.5241162031888962,0.39195262640714645,0.13216358795762062,
0,260816,matched,MATCHED_Rayleigh,RNND_Zhu,6335,0.5476593673229218,0.421028196811676,0.12663115933537483,
0,260816,matched,MATCHED_Rayleigh,RNND_Zhu,6336,0.5528573840856552,0.4226701632142067,0.13018721994012594,
0,260816,matched,MATCHED_Rayleigh,RNND_Zhu,6337,0.5506793633103371,0.41221262514591217,0.13846674747765064,
0,260816,matched,MATCHED_Rayleigh,RNND_Zhu,6338,0.38853270560503006,0.28986241295933723,0.09867029264569283,
0,260816,matched,MATCHED_Rayleigh,RNND_Zhu,6339,0.4152650162577629,0.3164355158805847,0.09882949851453304,
0,260816,matched,MATCHED_Rayleigh,RNND_Zhu,6340,0.4479975551366806,0.33758166432380676,0.11041588522493839,
0,260816,matched,MATCHED_Rayleigh,RNND_Zhu,6341,0.4467827007174492,0.3402930423617363,0.10648965183645487,
0,260816,matched,MATCHED_Rayleigh,RNND_Zhu,6342,0.5191903337836266,0.3970744200050831,0.12211590819060802,
0,260816,matched,MATCHED_Rayleigh,RNND_Zhu,6343,0.5194188058376312,0.3966634199023247,0.122755391523242,
0,260816,matched,MATCHED_Rayleigh,RNND_Zhu,6344,0.4370865821838379,0.32341427356004715,0.1136722955852747,
0,260816,matched,MATCHED_Rayleigh,RNND_Zhu,6345,0.6147306114435196,0.4632893204689026,0.1514413096010685,
0,260816,matched,MATCHED_Rayleigh,RNND_Zhu,6346,0.6213354766368866,0.47176335752010345,0.14957212656736374,
0,260816,matched,MATCHED_Rayleigh,RNND_Zhu,6347,0.4329793453216553,0.331210620701313,0.10176872089505196,
0,260816,matched,MATCHED_Rayleigh,RNND_Zhu,6348,0.5968925058841705,0.45042384415864944,0.1464686617255211,
0,260816,matched,MATCHED_Rayleigh,RNND_Zhu,6349,0.4268828555941582,0.31864728033542633,0.10823557339608669,
0,260816,matched,MATCHED_Rayleigh,RNND_Zhu,6350,0.5033123418688774,0.37482113763689995,0.12849119771271944,
0,260816,matched,MATCHED_Rayleigh,RNND_Zhu,6351,0.49906594306230545,0.37420447915792465,0.1248614713549614,
0,260816,matched,MATCHED_Rayleigh,RNND_Zhu,6352,0.5770526379346848,0.4410240054130554,0.13602864556014538,
0,260816,matched,MATCHED_Rayleigh,RNND_Zhu,6353,0.4651528298854828,0.34641579538583755,0.1187370428815484,
0,260816,matched,MATCHED_Rayleigh,RNND_Zhu,6354,0.6130356341600418,0.4632418751716614,0.14979376643896103,
0,260816,matched,MATCHED_Rayleigh,RNND_Zhu,6355,0.5416201502084732,0.4093949422240257,0.13222520984709263,
0,260816,matched,MATCHED_Rayleigh,RNND_Zhu,6356,0.4054173454642296,0.3070434182882309,0.09837393555790186,
0,260816,matched,MATCHED_Rayleigh,RNND_Zhu,6357,0.3183606378734112,0.2447253167629242,0.07363531924784184,
0,260816,matched,MATCHED_Rayleigh,RNND_Zhu,6358,0.5279493108391762,0.3993387445807457,0.12861057557165623,
0,260816,matched,MATCHED_Rayleigh,RNND_Zhu,6359,0.33158332109451294,0.25657037273049355,0.07501294743269682,
0,260816,matched,MATCHED_Rayleigh,RNND_Zhu,6360,0.5048013255000114,0.3866007477045059,0.11820058338344097,
0,260816,matched,MATCHED_Rayleigh,RNND_Zhu,6361,0.4968959838151932,0.38135261461138725,0.11554338689893484,
0,260816,matched,MATCHED_Rayleigh,RNND_Zhu,6362,0.5470991209149361,0.414447657763958,0.13265147060155869,
0,260816,matched,MATCHED_Rayleigh,RNND_Zhu,6363,0.38383837044239044,0.2981656640768051,0.08567272033542395,
0,260816,matched,MATCHED_Rayleigh,RNND_Zhu,6364,0.4005987346172333,0.2992369793355465,0.10136175528168678,
0,260816,matched,MATCHED_Rayleigh,RNND_Zhu,6365,0.5356586948037148,0.4052502512931824,0.13040845468640327,
0,260816,matched,MATCHED_Rayleigh,RNND_Zhu,6366,0.45633750408887863,0.3460497558116913,0.1102877426892519,
0,260816,matched,MATCHED_Rayleigh,RNND_Zhu,6367,0.48384790122509,0.3691149353981018,0.11473296023905277,
0,260816,matched,MATCHED_Rayleigh,RNND_Zhu,6368,0.38550832867622375,0.29632970690727234,0.08917861897498369,
0,260816,matched,MATCHED_Rayleigh,RNND_Zhu,6369,0.4971489980816841,0.3739171698689461,0.12323182635009289,
0,260816,matched,MATCHED_Rayleigh,RNND_Zhu,6370,0.46350011974573135,0.34902460128068924,0.11447551287710667,
0,260816,matched,MATCHED_Rayleigh,RNND_Zhu,6371,0.5228367149829865,0.39595457911491394,0.12688215263187885,
0,260816,matched,MATCHED_Rayleigh,RNND_Zhu,6372,0.45770324766635895,0.3410147428512573,0.11668851040303707,
0,260816,matched,MATCHED_Rayleigh,RNND_Zhu,6373,0.4532117396593094,0.3394744358956814,0.11373731028288603,
0,260816,matched,MATCHED_Rayleigh,RNND_Zhu,6374,0.4695018380880356,0.35682324320077896,0.1126785920932889,
0,260816,matched,MATCHED_Rayleigh,RNND_Zhu,6375,0.42100489139556885,0.315797358751297,0.10520753357559443,
0,260816,matched,MATCHED_Rayleigh,RNND_Zhu,6376,0.5038975104689598,0.380888007581234,0.12300950475037098,
0,260816,matched,MATCHED_Rayleigh,RNND_Zhu,6377,0.5273320227861404,0.39944130927324295,0.12789071537554264,
0,260816,matched,MATCHED_Rayleigh,RNND_Zhu,6378,0.5423064976930618,0.4085848033428192,0.13372169621288776,
0,260816,matched,MATCHED_Rayleigh,RNND_Zhu,6379,0.37978996336460114,0.29014328494668007,0.08964668121188879,
0,260816,matched,MATCHED_Rayleigh,RNND_Zhu,6380,0.3401328846812248,0.25736959651112556,0.08276329282671213,
0,260816,matched,MATCHED_Rayleigh,RNND_Zhu,6381,0.46055859327316284,0.3477104902267456,0.11284810677170753,
0,260816,matched,MATCHED_Rayleigh,RNND_Zhu,6382,0.5869390591979027,0.4376930892467499,0.1492459587752819,
0,260816,matched,MATCHED_Rayleigh,RNND_Zhu,6383,0.4481803923845291,0.3392331004142761,0.10894728545099497,
0,260816,matched,MATCHED_Rayleigh,RNND_Zhu,6384,0.4837745428085327,0.3635459169745445,0.12022862024605274,
0,260816,matched,MATCHED_Rayleigh,RNND_Zhu,6385,0.48706407845020294,0.37284260243177414,0.1142214834690094,
0,260816,matched,MATCHED_Rayleigh,RNND_Zhu,6386,0.43276119232177734,0.3293786533176899,0.10338254272937775,
0,260816,matched,MATCHED_Rayleigh,RNND_Zhu,6387,0.47316253930330276,0.362319640815258,0.11084291152656078,
0,260816,matched,MATCHED_Rayleigh,RNND_Zhu,6388,0.4102565497159958,0.313079297542572,0.09717725683003664,
0,260816,matched,MATCHED_Rayleigh,RNND_Zhu,6389,0.5909606218338013,0.43945755809545517,0.1515030637383461,
0,260816,matched,MATCHED_Rayleigh,RNND_Zhu,6390,0.4417341277003288,0.33221497386693954,0.10951914824545383,
0,260816,matched,MATCHED_Rayleigh,RNND_Zhu,6391,0.35254447162151337,0.26977576315402985,0.08276870474219322,
0,260816,matched,MATCHED_Rayleigh,RNND_Zhu,6392,0.5197578817605972,0.39290110766887665,0.12685677409172058,
0,260816,matched,MATCHED_Rayleigh,RNND_Zhu,6393,0.5013494864106178,0.3853784203529358,0.11597106419503689,
0,260816,matched,MATCHED_Rayleigh,RNND_Zhu,6394,0.518217109143734,0.3896200656890869,0.1285970490425825,
0,260816,matched,MATCHED_Rayleigh,RNND_Zhu,6395,0.4718987047672272,0.3576452434062958,0.11425345204770565,
0,260816,matched,MATCHED_Rayleigh,RNND_Zhu,6396,0.41000285372138023,0.31158648058772087,0.09841636475175619,
0,260816,matched,MATCHED_Rayleigh,RNND_Zhu,6397,0.5455503091216087,0.41376843303442,0.13178187422454357,
0,260816,matched,MATCHED_Rayleigh,RNND_Zhu,6398,0.3991202563047409,0.3033830262720585,0.09573722630739212,
0,260816,matched,MATCHED_Rayleigh,RNND_Zhu,6399,0.3525814637541771,0.2695825472474098,0.08299891836941242,
0,260816,matched,MATCHED_Rayleigh,RNND_Zhu,6400,0.3827677220106125,0.2915885001420975,0.09117922373116016,-0.7800334650494163
0,260816,matched,MATCHED_Rayleigh,RNND_Zhu,6401,0.47142627090215683,0.3589349016547203,0.11249137297272682,
0,260816,matched,MATCHED_Rayleigh,RNND_Zhu,6402,0.5053727179765701,0.3816205784678459,0.12375215068459511,
0,260816,matched,MATCHED_Rayleigh,RNND_Zhu,6403,0.3549073413014412,0.2693093903362751,0.08559795655310154,
0,260816,matched,MATCHED_Rayleigh,RNND_Zhu,6404,0.5458723083138466,0.4104158878326416,0.13545641861855984,
0,260816,matched,MATCHED_Rayleigh,RNND_Zhu,6405,0.46069037914276123,0.34694502502679825,0.11374534480273724,
0,260816,matched,MATCHED_Rayleigh,RNND_Zhu,6406,0.569145955145359,0.43439675495028496,0.13474919646978378,
0,260816,matched,MATCHED_Rayleigh,RNND_Zhu,6407,0.4019921347498894,0.30784134939312935,0.09415078349411488,
0,260816,matched,MATCHED_Rayleigh,RNND_Zhu,6408,0.38950978219509125,0.2976936250925064,0.09181615896522999,
0,260816,matched,MATCHED_Rayleigh,RNND_Zhu,6409,0.42724450677633286,0.32342860475182533,0.10381589829921722,
0,260816,matched,MATCHED_Rayleigh,RNND_Zhu,6410,0.5879809260368347,0.4415581226348877,0.14642281085252762,
0,260816,matched,MATCHED_Rayleigh,RNND_Zhu,6411,0.5247488543391228,0.3946031183004379,0.13014571741223335,
0,260816,matched,MATCHED_Rayleigh,RNND_Zhu,6412,0.6646125018596649,0.5057850927114487,0.15882740542292595,
0,260816,matched,MATCHED_Rayleigh,RNND_Zhu,6413,0.5111393705010414,0.38314393162727356,0.12799544632434845,
0,260816,matched,MATCHED_Rayleigh,RNND_Zhu,6414,0.3409990146756172,0.261014387011528,0.07998463232070208,
0,260816,matched,MATCHED_Rayleigh,RNND_Zhu,6415,0.5193752273917198,0.3954559341073036,0.1239192932844162,
0,260816,matched,MATCHED_Rayleigh,RNND_Zhu,6416,0.36084552854299545,0.27377908676862717,0.08706643711775541,
0,260816,matched,MATCHED_Rayleigh,RNND_Zhu,6417,0.4717404618859291,0.358418345451355,0.11332212015986443,
0,260816,matched,MATCHED_Rayleigh,RNND_Zhu,6418,0.4680616594851017,0.3538772538304329,0.11418440286070108,
0,260816,matched,MATCHED_Rayleigh,RNND_Zhu,6419,0.5215923935174942,0.3949067257344723,0.12668566405773163,
0,260816,matched,MATCHED_Rayleigh,RNND_Zhu,6420,0.4101127162575722,0.3100803531706333,0.1000323686748743,
0,260816,matched,MATCHED_Rayleigh,RNND_Zhu,6421,0.4472193196415901,0.33742649480700493,0.10979282855987549,
0,260816,matched,MATCHED_Rayleigh,RNND_Zhu,6422,0.4920734688639641,0.3747042044997215,0.117369269952178,
0,260816,matched,MATCHED_Rayleigh,RNND_Zhu,6423,0.4167409911751747,0.3222043514251709,0.09453664813190699,
0,260816,matched,MATCHED_Rayleigh,RNND_Zhu,6424,0.3195223696529865,0.2440652996301651,0.07545706909149885,
0,260816,matched,MATCHED_Rayleigh,RNND_Zhu,6425,0.40503570437431335,0.3123510107398033,0.09268469549715519,
0,260816,matched,MATCHED_Rayleigh,RNND_Zhu,6426,0.3683086112141609,0.27927590161561966,0.08903271332383156,
0,260816,matched,MATCHED_Rayleigh,RNND_Zhu,6427,0.3933563753962517,0.3004736639559269,0.09288271050900221,
0,260816,matched,MATCHED_Rayleigh,RNND_Zhu,6428,0.6735851690173149,0.5148738473653793,0.15871131420135498,
0,260816,matched,MATCHED_Rayleigh,RNND_Zhu,6429,0.46475866436958313,0.35221847891807556,0.11254018358886242,
0,260816,matched,MATCHED_Rayleigh,RNND_Zhu,6430,0.5283397436141968,0.4014724791049957,0.12686724960803986,
0,260816,matched,MATCHED_Rayleigh,RNND_Zhu,6431,0.4750985652208328,0.36320627480745316,0.11189228668808937,
0,260816,matched,MATCHED_Rayleigh,RNND_Zhu,6432,0.32826168835163116,0.2465417981147766,0.08171989023685455,
0,260816,matched,MATCHED_Rayleigh,RNND_Zhu,6433,0.4397257789969444,0.3313057944178581,0.10841999389231205,
0,260816,matched,MATCHED_Rayleigh,RNND_Zhu,6434,0.27422424778342247,0.2127693109214306,0.061454933136701584,
0,260816,matched,MATCHED_Rayleigh,RNND_Zhu,6435,0.3940077871084213,0.29725363850593567,0.09675414487719536,
0,260816,matched,MATCHED_Rayleigh,RNND_Zhu,6436,0.2752871438860893,0.21464502438902855,0.06064212042838335,
0,260816,matched,MATCHED_Rayleigh,RNND_Zhu,6437,0.4549884796142578,0.3383301720023155,0.11665829829871655,
0,260816,matched,MATCHED_Rayleigh,RNND_Zhu,6438,0.4793551117181778,0.3673352710902691,0.11201983876526356,
0,260816,matched,MATCHED_Rayleigh,RNND_Zhu,6439,0.6229582130908966,0.4697020649909973,0.1532561406493187,
0,260816,matched,MATCHED_Rayleigh,RNND_Zhu,6440,0.48734473437070847,0.3716225102543831,0.11572222504764795,
0,260816,matched,MATCHED_Rayleigh,RNND_Zhu,6441,0.5804927498102188,0.4364716187119484,0.14402112551033497,
0,260816,matched,MATCHED_Rayleigh,RNND_Zhu,6442,0.4621674567461014,0.3506012260913849,0.11156623065471649,
0,260816,matched,MATCHED_Rayleigh,RNND_Zhu,6443,0.3917587026953697,0.3004322126507759,0.09132649935781956,
0,260816,matched,MATCHED_Rayleigh,RNND_Zhu,6444,0.25871654599905014,0.19891343265771866,0.05980310868471861,
0,260816,matched,MATCHED_Rayleigh,RNND_Zhu,6445,0.6297146528959274,0.4739434942603111,0.1557711511850357,
0,260816,matched,MATCHED_Rayleigh,RNND_Zhu,6446,0.45935293287038803,0.3481063209474087,0.1112466212362051,
0,260816,matched,MATCHED_Rayleigh,RNND_Zhu,6447,0.6727445870637894,0.506929986178875,0.1658146008849144,
0,260816,matched,MATCHED_Rayleigh,RNND_Zhu,6448,0.5522486567497253,0.4184834808111191,0.1337651675567031,
0,260816,matched,MATCHED_Rayleigh,RNND_Zhu,6449,0.46020714938640594,0.3497968651354313,0.11041028052568436,
0,260816,matched,MATCHED_Rayleigh,RNND_Zhu,6450,0.35335564240813255,0.2708265483379364,0.082529092207551,
0,260816,matched,MATCHED_Rayleigh,RNND_Zhu,6451,0.3511013835668564,0.27174054086208344,0.0793608371168375,
0,260816,matched,MATCHED_Rayleigh,RNND_Zhu,6452,0.5193912237882614,0.39426644146442413,0.12512478418648243,
0,260816,matched,MATCHED_Rayleigh,RNND_Zhu,6453,0.5045101493597031,0.3874588571488857,0.11705128848552704,
0,260816,matched,MATCHED_Rayleigh,RNND_Zhu,6454,0.5296509154140949,0.4008052907884121,0.1288456367328763,
0,260816,matched,MATCHED_Rayleigh,RNND_Zhu,6455,0.3187796473503113,0.2444462738931179,0.07433338277041912,
0,260816,matched,MATCHED_Rayleigh,RNND_Zhu,6456,0.456350140273571,0.3498320206999779,0.1065181102603674,
0,260816,matched,MATCHED_Rayleigh,RNND_Zhu,6457,0.45553083345294,0.3441709168255329,0.1113599156960845,
0,260816,matched,MATCHED_Rayleigh,RNND_Zhu,6458,0.4725029692053795,0.35181910544633865,0.12068387493491173,
0,260816,matched,MATCHED_Rayleigh,RNND_Zhu,6459,0.5356655567884445,0.40587566792964935,0.12978988140821457,
0,260816,matched,MATCHED_Rayleigh,RNND_Zhu,6460,0.5893324092030525,0.4484425336122513,0.14088988862931728,
0,260816,matched,MATCHED_Rayleigh,RNND_Zhu,6461,0.47453662753105164,0.3665921464562416,0.10794446989893913,
0,260816,matched,MATCHED_Rayleigh,RNND_Zhu,6462,0.454084612429142,0.3413347527384758,0.1127498596906662,
0,260816,matched,MATCHED_Rayleigh,RNND_Zhu,6463,0.32805493474006653,0.2529655545949936,0.07508938014507294,
0,260816,matched,MATCHED_Rayleigh,RNND_Zhu,6464,0.3003745414316654,0.23533117026090622,0.06504336558282375,
0,260816,matched,MATCHED_Rayleigh,RNND_Zhu,6465,0.6751823276281357,0.5056359693408012,0.16954637318849564,
0,260816,matched,MATCHED_Rayleigh,RNND_Zhu,6466,0.360744159668684,0.27811017632484436,0.08263398427516222,
0,260816,matched,MATCHED_Rayleigh,RNND_Zhu,6467,0.4158329591155052,0.3170236311852932,0.09880933165550232,
0,260816,matched,MATCHED_Rayleigh,RNND_Zhu,6468,0.5583931282162666,0.4176540970802307,0.14073901623487473,
0,260816,matched,MATCHED_Rayleigh,RNND_Zhu,6469,0.4543583355844021,0.3405717462301254,0.11378659214824438,
0,260816,matched,MATCHED_Rayleigh,RNND_Zhu,6470,0.6025335043668747,0.45021044462919235,0.1523230727761984,
0,260816,matched,MATCHED_Rayleigh,RNND_Zhu,6471,0.4062388241291046,0.3115701898932457,0.09466863237321377,
0,260816,matched,MATCHED_Rayleigh,RNND_Zhu,6472,0.4707566574215889,0.35072529315948486,0.12003136985003948,
0,260816,matched,MATCHED_Rayleigh,RNND_Zhu,6473,0.6420620828866959,0.4855649694800377,0.15649711713194847,
0,260816,matched,MATCHED_Rayleigh,RNND_Zhu,6474,0.5255876183509827,0.39934979379177094,0.12623781897127628,
0,260816,matched,MATCHED_Rayleigh,RNND_Zhu,6475,0.48290833085775375,0.36288072168827057,0.12002758961170912,
0,260816,matched,MATCHED_Rayleigh,RNND_Zhu,6476,0.47440820187330246,0.3611021563410759,0.11330605112016201,
0,260816,matched,MATCHED_Rayleigh,RNND_Zhu,6477,0.46087026596069336,0.3509957529604435,0.10987451300024986,
0,260816,matched,MATCHED_Rayleigh,RNND_Zhu,6478,0.43066300451755524,0.32429618388414383,0.10636681318283081,
0,260816,matched,MATCHED_Rayleigh,RNND_Zhu,6479,0.4375638961791992,0.3329351581633091,0.10462873429059982,
0,260816,matched,MATCHED_Rayleigh,RNND_Zhu,6480,0.6245277374982834,0.47961702942848206,0.14491068944334984,
0,260816,matched,MATCHED_Rayleigh,RNND_Zhu,6481,0.47442127019166946,0.35826941579580307,0.11615186184644699,
0,260816,matched,MATCHED_Rayleigh,RNND_Zhu,6482,0.4872853308916092,0.371874388307333,0.11541093792766333,
0,260816,matched,MATCHED_Rayleigh,RNND_Zhu,6483,0.5028630718588829,0.37799689173698425,0.1248661857098341,
0,260816,matched,MATCHED_Rayleigh,RNND_Zhu,6484,0.4815711975097656,0.3640231639146805,0.11754803359508514,
0,260816,matched,MATCHED_Rayleigh,RNND_Zhu,6485,0.3752625659108162,0.28281423449516296,0.09244833700358868,
0,260816,matched,MATCHED_Rayleigh,RNND_Zhu,6486,0.39640170335769653,0.3050682209432125,0.09133347682654858,
0,260816,matched,MATCHED_Rayleigh,RNND_Zhu,6487,0.3460041508078575,0.26582827791571617,0.08017586916685104,
0,260816,matched,MATCHED_Rayleigh,RNND_Zhu,6488,0.49414001405239105,0.37369416654109955,0.12044585403054953,
0,260816,matched,MATCHED_Rayleigh,RNND_Zhu,6489,0.4608748033642769,0.3419303148984909,0.11894449777901173,
0,260816,matched,MATCHED_Rayleigh,RNND_Zhu,6490,0.4728970304131508,0.3575165122747421,0.11538052558898926,
0,260816,matched,MATCHED_Rayleigh,RNND_Zhu,6491,0.6291842386126518,0.47997766360640526,0.14920658059418201,
0,260816,matched,MATCHED_Rayleigh,RNND_Zhu,6492,0.514472559094429,0.3858213350176811,0.12865122221410275,
0,260816,matched,MATCHED_Rayleigh,RNND_Zhu,6493,0.3216061294078827,0.2456347942352295,0.0759713314473629,
0,260816,matched,MATCHED_Rayleigh,RNND_Zhu,6494,0.5566389411687851,0.42209870368242264,0.1345402430742979,
0,260816,matched,MATCHED_Rayleigh,RNND_Zhu,6495,0.5580495446920395,0.4251776821911335,0.1328718699514866,
0,260816,matched,MATCHED_Rayleigh,RNND_Zhu,6496,0.42244522273540497,0.3177432306110859,0.10470198653638363,
0,260816,matched,MATCHED_Rayleigh,RNND_Zhu,6497,0.46612926572561264,0.35606324672698975,0.11006602272391319,
0,260816,matched,MATCHED_Rayleigh,RNND_Zhu,6498,0.4340927079319954,0.32912104576826096,0.10497166775166988,
0,260816,matched,MATCHED_Rayleigh,RNND_Zhu,6499,0.5372440963983536,0.4039110541343689,0.13333305157721043,
0,260816,matched,MATCHED_Rayleigh,RNND_Zhu,6500,0.4478457570075989,0.3436725586652756,0.10417320020496845,
0,260816,matched,MATCHED_Rayleigh,RNND_Zhu,6501,0.5795847252011299,0.4369894228875637,0.14259531069546938,
0,260816,matched,MATCHED_Rayleigh,RNND_Zhu,6502,0.5253957957029343,0.3936803452670574,0.13171545043587685,
0,260816,matched,MATCHED_Rayleigh,RNND_Zhu,6503,0.40989047288894653,0.31346695125102997,0.09642352908849716,
0,260816,matched,MATCHED_Rayleigh,RNND_Zhu,6504,0.4493418037891388,0.33825690671801567,0.11108490824699402,
0,260816,matched,MATCHED_Rayleigh,RNND_Zhu,6505,0.5375071465969086,0.39797232300043106,0.1395348347723484,
0,260816,matched,MATCHED_Rayleigh,RNND_Zhu,6506,0.4897650331258774,0.3679722622036934,0.12179277092218399,
0,260816,matched,MATCHED_Rayleigh,RNND_Zhu,6507,0.4154844284057617,0.31196898221969604,0.10351545549929142,
0,260816,matched,MATCHED_Rayleigh,RNND_Zhu,6508,0.5664013177156448,0.433789387345314,0.1326119266450405,
0,260816,matched,MATCHED_Rayleigh,RNND_Zhu,6509,0.4671500250697136,0.3514382317662239,0.11571179144084454,
0,260816,matched,MATCHED_Rayleigh,RNND_Zhu,6510,0.3975728079676628,0.30054445564746857,0.0970283504575491,
0,260816,matched,MATCHED_Rayleigh,RNND_Zhu,6511,0.5393023565411568,0.41274330765008926,0.1265590488910675,
0,260816,matched,MATCHED_Rayleigh,RNND_Zhu,6512,0.5134324319660664,0.38559628650546074,0.12783613614737988,
0,260816,matched,MATCHED_Rayleigh,RNND_Zhu,6513,0.548154778778553,0.4040496498346329,0.14410512149333954,
0,260816,matched,MATCHED_Rayleigh,RNND_Zhu,6514,0.49546731263399124,0.3661707453429699,0.1292965542525053,
0,260816,matched,MATCHED_Rayleigh,RNND_Zhu,6515,0.40571020916104317,0.31151560321450233,0.09419461153447628,
0,260816,matched,MATCHED_Rayleigh,RNND_Zhu,6516,0.47128431499004364,0.35438355803489685,0.11690075695514679,
0,260816,matched,MATCHED_Rayleigh,RNND_Zhu,6517,0.4917220026254654,0.3701629266142845,0.12155907414853573,
0,260816,matched,MATCHED_Rayleigh,RNND_Zhu,6518,0.4658718556165695,0.34362369775772095,0.12224814854562283,
0,260816,matched,MATCHED_Rayleigh,RNND_Zhu,6519,0.28350868076086044,0.21265804022550583,0.07085063681006432,
0,260816,matched,MATCHED_Rayleigh,RNND_Zhu,6520,0.4877351075410843,0.36399125307798386,0.12374385073781013,
0,260816,matched,MATCHED_Rayleigh,RNND_Zhu,6521,0.6132719218730927,0.461030937731266,0.15224098414182663,
0,260816,matched,MATCHED_Rayleigh,RNND_Zhu,6522,0.4703493043780327,0.3551425039768219,0.11520678550004959,
0,260816,matched,MATCHED_Rayleigh,RNND_Zhu,6523,0.38421735912561417,0.2935884892940521,0.09062887541949749,
0,260816,matched,MATCHED_Rayleigh,RNND_Zhu,6524,0.4227190650999546,0.3251899592578411,0.0975290983915329,
0,260816,matched,MATCHED_Rayleigh,RNND_Zhu,6525,0.30265092104673386,0.23267843201756477,0.06997248716652393,
0,260816,matched,MATCHED_Rayleigh,RNND_Zhu,6526,0.531970351934433,0.3984060287475586,0.13356432132422924,
0,260816,matched,MATCHED_Rayleigh,RNND_Zhu,6527,0.6055883094668388,0.45342424511909485,0.1521640568971634,
0,260816,matched,MATCHED_Rayleigh,RNND_Zhu,6528,0.544115275144577,0.4101097136735916,0.13400555402040482,
0,260816,matched,MATCHED_Rayleigh,RNND_Zhu,6529,0.3361056037247181,0.2576795071363449,0.07842609472572803,
0,260816,matched,MATCHED_Rayleigh,RNND_Zhu,6530,0.43104037642478943,0.3237100914120674,0.10733028873801231,
0,260816,matched,MATCHED_Rayleigh,RNND_Zhu,6531,0.4827038422226906,0.3657906502485275,0.11691318824887276,
0,260816,matched,MATCHED_Rayleigh,RNND_Zhu,6532,0.2903490476310253,0.2220039814710617,0.06834506615996361,
0,260816,matched,MATCHED_Rayleigh,RNND_Zhu,6533,0.470604844391346,0.34903663396835327,0.12156820297241211,
0,260816,matched,MATCHED_Rayleigh,RNND_Zhu,6534,0.5983614027500153,0.45193784683942795,0.14642356615513563,
0,260816,matched,MATCHED_Rayleigh,RNND_Zhu,6535,0.4819921776652336,0.3672943413257599,0.11469783820211887,
0,260816,matched,MATCHED_Rayleigh,RNND_Zhu,6536,0.5662604123353958,0.42907679080963135,0.13718362525105476,
0,260816,matched,MATCHED_Rayleigh,RNND_Zhu,6537,0.5962842404842377,0.4527101442217827,0.1435740925371647,
0,260816,matched,MATCHED_Rayleigh,RNND_Zhu,6538,0.39675889909267426,0.29484565556049347,0.10191324539482594,
0,260816,matched,MATCHED_Rayleigh,RNND_Zhu,6539,0.45775156468153,0.35390808433294296,0.10384346731007099,
0,260816,matched,MATCHED_Rayleigh,RNND_Zhu,6540,0.41410668939352036,0.3169216513633728,0.09718504548072815,
0,260816,matched,MATCHED_Rayleigh,RNND_Zhu,6541,0.4791237413883209,0.35835717618465424,0.12076657079160213,
0,260816,matched,MATCHED_Rayleigh,RNND_Zhu,6542,0.5664930492639542,0.42402709275484085,0.14246595464646816,
0,260816,matched,MATCHED_Rayleigh,RNND_Zhu,6543,0.3895513266324997,0.2907813675701618,0.09876994788646698,
0,260816,matched,MATCHED_Rayleigh,RNND_Zhu,6544,0.5473977997899055,0.41041114926338196,0.13698663748800755,
0,260816,matched,MATCHED_Rayleigh,RNND_Zhu,6545,0.35538337379693985,0.2681116946041584,0.08727167267352343,
0,260816,matched,MATCHED_Rayleigh,RNND_Zhu,6546,0.5248275250196457,0.39257892221212387,0.13224858790636063,
0,260816,matched,MATCHED_Rayleigh,RNND_Zhu,6547,0.374560110270977,0.28177978843450546,0.09278033208101988,
0,260816,matched,MATCHED_Rayleigh,RNND_Zhu,6548,0.39274097979068756,0.29997827112674713,0.09276270400732756,
0,260816,matched,MATCHED_Rayleigh,RNND_Zhu,6549,0.33555688336491585,0.26129598170518875,0.07426090352237225,
0,260816,matched,MATCHED_Rayleigh,RNND_Zhu,6550,0.43051519244909286,0.32892490178346634,0.10159029252827168,
0,260816,matched,MATCHED_Rayleigh,RNND_Zhu,6551,0.5479375347495079,0.4090026840567589,0.13893486931920052,
0,260816,matched,MATCHED_Rayleigh,RNND_Zhu,6552,0.3477657362818718,0.26467231661081314,0.0830934178084135,
0,260816,matched,MATCHED_Rayleigh,RNND_Zhu,6553,0.588362492620945,0.44933367520570755,0.13902882672846317,
0,260816,matched,MATCHED_Rayleigh,RNND_Zhu,6554,0.5743562281131744,0.42675187438726425,0.14760436490178108,
0,260816,matched,MATCHED_Rayleigh,RNND_Zhu,6555,0.4149608463048935,0.31862351670861244,0.09633734077215195,
0,260816,matched,MATCHED_Rayleigh,RNND_Zhu,6556,0.5080014765262604,0.3841293938457966,0.12387207895517349,
0,260816,matched,MATCHED_Rayleigh,RNND_Zhu,6557,0.541760191321373,0.39898306876420975,0.14277713000774384,
0,260816,matched,MATCHED_Rayleigh,RNND_Zhu,6558,0.3288147300481796,0.25138719752430916,0.07742752879858017,
0,260816,matched,MATCHED_Rayleigh,RNND_Zhu,6559,0.49290239810943604,0.36743761226534843,0.1254647746682167,
0,260816,matched,MATCHED_Rayleigh,RNND_Zhu,6560,0.6165669038891792,0.46627379208803177,0.15029311925172806,
0,260816,matched,MATCHED_Rayleigh,RNND_Zhu,6561,0.63130983710289,0.47550155222415924,0.15580826625227928,
0,260816,matched,MATCHED_Rayleigh,RNND_Zhu,6562,0.31958474963903427,0.2445431873202324,0.07504156604409218,
0,260816,matched,MATCHED_Rayleigh,RNND_Zhu,6563,0.5447107329964638,0.415649950504303,0.129060797393322,
0,260816,matched,MATCHED_Rayleigh,RNND_Zhu,6564,0.4544868767261505,0.34602927044034004,0.10845760069787502,
0,260816,matched,MATCHED_Rayleigh,RNND_Zhu,6565,0.4290943369269371,0.3260476514697075,0.10304667800664902,
0,260816,matched,MATCHED_Rayleigh,RNND_Zhu,6566,0.457817479968071,0.35146213322877884,0.10635535512119532,
0,260816,matched,MATCHED_Rayleigh,RNND_Zhu,6567,0.5076320618391037,0.37957847118377686,0.12805359438061714,
0,260816,matched,MATCHED_Rayleigh,RNND_Zhu,6568,0.4792330712080002,0.3610812611877918,0.11815182119607925,
0,260816,matched,MATCHED_Rayleigh,RNND_Zhu,6569,0.6057659760117531,0.4554964527487755,0.15026952512562275,
0,260816,matched,MATCHED_Rayleigh,RNND_Zhu,6570,0.41731585562229156,0.31996244937181473,0.09735340625047684,
0,260816,matched,MATCHED_Rayleigh,RNND_Zhu,6571,0.5479335710406303,0.4123673811554909,0.13556618802249432,
0,260816,matched,MATCHED_Rayleigh,RNND_Zhu,6572,0.4647071957588196,0.3521829694509506,0.11252422258257866,
0,260816,matched,MATCHED_Rayleigh,RNND_Zhu,6573,0.5968518331646919,0.44815556704998016,0.14869624935090542,
0,260816,matched,MATCHED_Rayleigh,RNND_Zhu,6574,0.37912818789482117,0.29008622467517853,0.08904197625815868,
0,260816,matched,MATCHED_Rayleigh,RNND_Zhu,6575,0.5872940942645073,0.43049517646431923,0.15679891407489777,
0,260816,matched,MATCHED_Rayleigh,RNND_Zhu,6576,0.5769941955804825,0.43651818484067917,0.14047602005302906,
0,260816,matched,MATCHED_Rayleigh,RNND_Zhu,6577,0.5872603058815002,0.44082076102495193,0.14643952623009682,
0,260816,matched,MATCHED_Rayleigh,RNND_Zhu,6578,0.4685651436448097,0.35331402346491814,0.11525112576782703,
0,260816,matched,MATCHED_Rayleigh,RNND_Zhu,6579,0.3836444243788719,0.29260898008942604,0.0910354470834136,
0,260816,matched,MATCHED_Rayleigh,RNND_Zhu,6580,0.6117030084133148,0.45873256772756577,0.15297044441103935,
0,260816,matched,MATCHED_Rayleigh,RNND_Zhu,6581,0.49870337545871735,0.3723500594496727,0.1263533178716898,
0,260816,matched,MATCHED_Rayleigh,RNND_Zhu,6582,0.41684821993112564,0.3159932717680931,0.10085493698716164,
0,260816,matched,MATCHED_Rayleigh,RNND_Zhu,6583,0.6197816282510757,0.4614984095096588,0.15828321874141693,
0,260816,matched,MATCHED_Rayleigh,RNND_Zhu,6584,0.4761623367667198,0.3557925447821617,0.1203697957098484,
0,260816,matched,MATCHED_Rayleigh,RNND_Zhu,6585,0.5728407129645348,0.4363427385687828,0.13649797067046165,
0,260816,matched,MATCHED_Rayleigh,RNND_Zhu,6586,0.5037870556116104,0.3754599392414093,0.12832710333168507,
0,260816,matched,MATCHED_Rayleigh,RNND_Zhu,6587,0.3576343506574631,0.2732882387936115,0.08434611558914185,
0,260816,matched,MATCHED_Rayleigh,RNND_Zhu,6588,0.4365653842687607,0.33075861632823944,0.10580677166581154,
0,260816,matched,MATCHED_Rayleigh,RNND_Zhu,6589,0.540853351354599,0.4016028121113777,0.13925053738057613,
0,260816,matched,MATCHED_Rayleigh,RNND_Zhu,6590,0.4483165368437767,0.3402867689728737,0.10802976693958044,
0,260816,matched,MATCHED_Rayleigh,RNND_Zhu,6591,0.3812076523900032,0.2878994047641754,0.09330825135111809,
0,260816,matched,MATCHED_Rayleigh,RNND_Zhu,6592,0.563166156411171,0.4220479801297188,0.14111819304525852,
0,260816,matched,MATCHED_Rayleigh,RNND_Zhu,6593,0.6341706663370132,0.48197606950998306,0.15219460800290108,
0,260816,matched,MATCHED_Rayleigh,RNND_Zhu,6594,0.602414958178997,0.4592334032058716,0.1431815568357706,
0,260816,matched,MATCHED_Rayleigh,RNND_Zhu,6595,0.5434462428092957,0.4042956829071045,0.13915056362748146,
0,260816,matched,MATCHED_Rayleigh,RNND_Zhu,6596,0.42242471128702164,0.31824689731001854,0.1041778177022934,
0,260816,matched,MATCHED_Rayleigh,RNND_Zhu,6597,0.441095020622015,0.3393825367093086,0.10171248205006123,
0,260816,matched,MATCHED_Rayleigh,RNND_Zhu,6598,0.4928090199828148,0.3686424493789673,0.12416656780987978,
0,260816,matched,MATCHED_Rayleigh,RNND_Zhu,6599,0.4456651508808136,0.3332403302192688,0.1124248206615448,
0,260816,matched,MATCHED_Rayleigh,RNND_Zhu,6600,0.5027431845664978,0.37260061129927635,0.13014258444309235,-0.7839158876337988
0,260816,matched,MATCHED_Rayleigh,RNND_Zhu,6601,0.293445885181427,0.2271631807088852,0.06628270260989666,
0,260816,matched,MATCHED_Rayleigh,RNND_Zhu,6602,0.45802024379372597,0.35464662313461304,0.10337361507117748,
0,260816,matched,MATCHED_Rayleigh,RNND_Zhu,6603,0.5422411412000656,0.4106547608971596,0.13158638216555119,
0,260816,matched,MATCHED_Rayleigh,RNND_Zhu,6604,0.49583272263407707,0.37338507547974586,0.12244764063507318,
0,260816,matched,MATCHED_Rayleigh,RNND_Zhu,6605,0.5943758822977543,0.44833432137966156,0.1460415618494153,
0,260816,matched,MATCHED_Rayleigh,RNND_Zhu,6606,0.3927314206957817,0.2955019883811474,0.09722943045198917,
0,260816,matched,MATCHED_Rayleigh,RNND_Zhu,6607,0.3720736727118492,0.2856977619230747,0.08637590613216162,
0,260816,matched,MATCHED_Rayleigh,RNND_Zhu,6608,0.4748494252562523,0.3590286076068878,0.11582082882523537,
0,260816,matched,MATCHED_Rayleigh,RNND_Zhu,6609,0.46377377957105637,0.3509770631790161,0.11279669776558876,
0,260816,matched,MATCHED_Rayleigh,RNND_Zhu,6610,0.34766286611557007,0.26509786397218704,0.0825650067999959,
0,260816,matched,MATCHED_Rayleigh,RNND_Zhu,6611,0.39631323516368866,0.30348313599824905,0.09283009730279446,
0,260816,matched,MATCHED_Rayleigh,RNND_Zhu,6612,0.4274998903274536,0.32286959141492844,0.10463030450046062,
0,260816,matched,MATCHED_Rayleigh,RNND_Zhu,6613,0.363351434469223,0.2758353725075722,0.08751606568694115,
0,260816,matched,MATCHED_Rayleigh,RNND_Zhu,6614,0.42124443873763084,0.3176090121269226,0.10363543126732111,
0,260816,matched,MATCHED_Rayleigh,RNND_Zhu,6615,0.4931744337081909,0.37379340082407,0.11938102915883064,
0,260816,matched,MATCHED_Rayleigh,RNND_Zhu,6616,0.5829278528690338,0.4374430552124977,0.1454847939312458,
0,260816,matched,MATCHED_Rayleigh,RNND_Zhu,6617,0.38701557368040085,0.29040011391043663,0.09661545418202877,
0,260816,matched,MATCHED_Rayleigh,RNND_Zhu,6618,0.46472301334142685,0.3533948138356209,0.11132819950580597,
0,260816,matched,MATCHED_Rayleigh,RNND_Zhu,6619,0.3867509514093399,0.29802682623267174,0.08872412610799074,
0,260816,matched,MATCHED_Rayleigh,RNND_Zhu,6620,0.3949779197573662,0.30131562799215317,0.09366229735314846,
0,260816,matched,MATCHED_Rayleigh,RNND_Zhu,6621,0.5381217002868652,0.40674329921603203,0.13137840665876865,
0,260816,matched,MATCHED_Rayleigh,RNND_Zhu,6622,0.5372481122612953,0.4104183241724968,0.12682978436350822,
0,260816,matched,MATCHED_Rayleigh,RNND_Zhu,6623,0.4007803052663803,0.3091593608260155,0.09162094723433256,
0,260816,matched,MATCHED_Rayleigh,RNND_Zhu,6624,0.5118990987539291,0.3950679898262024,0.11683109402656555,
0,260816,matched,MATCHED_Rayleigh,RNND_Zhu,6625,0.3427081070840359,0.2692221440374851,0.07348596211522818,
0,260816,matched,MATCHED_Rayleigh,RNND_Zhu,6626,0.33260131254792213,0.2563454620540142,0.07625584956258535,
0,260816,matched,MATCHED_Rayleigh,RNND_Zhu,6627,0.4363216832280159,0.3279564678668976,0.10836522188037634,
0,260816,matched,MATCHED_Rayleigh,RNND_Zhu,6628,0.4825165420770645,0.3654273897409439,0.1170891597867012,
0,260816,matched,MATCHED_Rayleigh,RNND_Zhu,6629,0.47149819135665894,0.3564460575580597,0.11505212634801865,
0,260816,matched,MATCHED_Rayleigh,RNND_Zhu,6630,0.5152130797505379,0.3800124228000641,0.13520066067576408,
0,260816,matched,MATCHED_Rayleigh,RNND_Zhu,6631,0.3157387413084507,0.2436676099896431,0.07207113970071077,
0,260816,matched,MATCHED_Rayleigh,RNND_Zhu,6632,0.38505787402391434,0.29021960124373436,0.09483828023076057,
0,260816,matched,MATCHED_Rayleigh,RNND_Zhu,6633,0.38451606780290604,0.29146744310855865,0.09304863587021828,
0,260816,matched,MATCHED_Rayleigh,RNND_Zhu,6634,0.5773642361164093,0.4323563948273659,0.14500784501433372,
0,260816,matched,MATCHED_Rayleigh,RNND_Zhu,6635,0.496745552867651,0.3774525299668312,0.11929301917552948,
0,260816,matched,MATCHED_Rayleigh,RNND_Zhu,6636,0.3801083266735077,0.2906819321215153,0.08942639082670212,
0,260816,matched,MATCHED_Rayleigh,RNND_Zhu,6637,0.43081678450107574,0.3278254233300686,0.10299135651439428,
0,260816,matched,MATCHED_Rayleigh,RNND_Zhu,6638,0.42197754234075546,0.3206172101199627,0.10136033594608307,
0,260816,matched,MATCHED_Rayleigh,RNND_Zhu,6639,0.43437210842967033,0.3315565921366215,0.10281551629304886,
0,260816,matched,MATCHED_Rayleigh,RNND_Zhu,6640,0.4874531701207161,0.3694446533918381,0.11800851114094257,
0,260816,matched,MATCHED_Rayleigh,RNND_Zhu,6641,0.6405505612492561,0.4899502247571945,0.15060033276677132,
0,260816,matched,MATCHED_Rayleigh,RNND_Zhu,6642,0.37509050592780113,0.28149133920669556,0.09359916392713785,
0,260816,matched,MATCHED_Rayleigh,RNND_Zhu,6643,0.5202020555734634,0.38740386813879013,0.13279817812144756,
0,260816,matched,MATCHED_Rayleigh,RNND_Zhu,6644,0.3540140688419342,0.2650626599788666,0.08895141258835793,
0,260816,matched,MATCHED_Rayleigh,RNND_Zhu,6645,0.3890998065471649,0.29889780655503273,0.09020199626684189,
0,260816,matched,MATCHED_Rayleigh,RNND_Zhu,6646,0.5702350288629532,0.4296988770365715,0.14053614810109138,
0,260816,matched,MATCHED_Rayleigh,RNND_Zhu,6647,0.3621632568538189,0.27674539387226105,0.08541786670684814,
0,260816,matched,MATCHED_Rayleigh,RNND_Zhu,6648,0.5124229043722153,0.3911418244242668,0.12128109112381935,
0,260816,matched,MATCHED_Rayleigh,RNND_Zhu,6649,0.4070665016770363,0.30505162104964256,0.102014877833426,
0,260816,matched,MATCHED_Rayleigh,RNND_Zhu,6650,0.4375191181898117,0.32807692512869835,0.10944220051169395,
0,260816,matched,MATCHED_Rayleigh,RNND_Zhu,6651,0.47408273816108704,0.36061326414346695,0.11346948519349098,
0,260816,matched,MATCHED_Rayleigh,RNND_Zhu,6652,0.5038443505764008,0.3832777440547943,0.12056659534573555,
0,260816,matched,MATCHED_Rayleigh,RNND_Zhu,6653,0.47551000863313675,0.36308884620666504,0.11242116242647171,
0,260816,matched,MATCHED_Rayleigh,RNND_Zhu,6654,0.3393362835049629,0.2582138106226921,0.08112246729433537,
0,260816,matched,MATCHED_Rayleigh,RNND_Zhu,6655,0.4481107369065285,0.3376338444650173,0.11047689616680145,
0,260816,matched,MATCHED_Rayleigh,RNND_Zhu,6656,0.4152910150587559,0.3157411850988865,0.09954983461648226,
0,260816,matched,MATCHED_Rayleigh,RNND_Zhu,6657,0.4690335765480995,0.35554518923163414,0.11348839104175568,
0,260816,matched,MATCHED_Rayleigh,RNND_Zhu,6658,0.39661185815930367,0.3002949729561806,0.09631689358502626,
0,260816,matched,MATCHED_Rayleigh,RNND_Zhu,6659,0.401542529463768,0.3082595579326153,0.09328297153115273,
0,260816,matched,MATCHED_Rayleigh,RNND_Zhu,6660,0.4949680045247078,0.3768612816929817,0.1181067256256938,
0,260816,matched,MATCHED_Rayleigh,RNND_Zhu,6661,0.49690837785601616,0.38520944863557816,0.11169891804456711,
0,260816,matched,MATCHED_Rayleigh,RNND_Zhu,6662,0.4731202498078346,0.3528783321380615,0.1202419139444828,
0,260816,matched,MATCHED_Rayleigh,RNND_Zhu,6663,0.5132264271378517,0.3909885957837105,0.12223782949149609,
0,260816,matched,MATCHED_Rayleigh,RNND_Zhu,6664,0.386788547039032,0.2943667992949486,0.0924217626452446,
0,260816,matched,MATCHED_Rayleigh,RNND_Zhu,6665,0.40189699828624725,0.30488476529717445,0.0970122367143631,
0,260816,matched,MATCHED_Rayleigh,RNND_Zhu,6666,0.4970453679561615,0.3738412410020828,0.12320413161069155,
0,260816,matched,MATCHED_Rayleigh,RNND_Zhu,6667,0.35396838933229446,0.2720477059483528,0.0819206815212965,
0,260816,matched,MATCHED_Rayleigh,RNND_Zhu,6668,0.5068618431687355,0.37294812500476837,0.13391371257603168,
0,260816,matched,MATCHED_Rayleigh,RNND_Zhu,6669,0.49615220725536346,0.3806590884923935,0.11549310572445393,
0,260816,matched,MATCHED_Rayleigh,RNND_Zhu,6670,0.46120408177375793,0.346049003303051,0.11515507474541664,
0,260816,matched,MATCHED_Rayleigh,RNND_Zhu,6671,0.43088916689157486,0.3261886090040207,0.10470055602490902,
0,260816,matched,MATCHED_Rayleigh,RNND_Zhu,6672,0.503839410841465,0.37721550464630127,0.12662389874458313,
0,260816,matched,MATCHED_Rayleigh,RNND_Zhu,6673,0.5335170105099678,0.4033776745200157,0.1301393173635006,
0,260816,matched,MATCHED_Rayleigh,RNND_Zhu,6674,0.4705510586500168,0.35633061826229095,0.11422045156359673,
0,260816,matched,MATCHED_Rayleigh,RNND_Zhu,6675,0.5521222651004791,0.42221222817897797,0.12991002947092056,
0,260816,matched,MATCHED_Rayleigh,RNND_Zhu,6676,0.5154089145362377,0.3887617215514183,0.1266471752896905,
0,260816,matched,MATCHED_Rayleigh,RNND_Zhu,6677,0.3434058129787445,0.2645339295268059,0.07887188531458378,
0,260816,matched,MATCHED_Rayleigh,RNND_Zhu,6678,0.49689722061157227,0.3775389567017555,0.11935826018452644,
0,260816,matched,MATCHED_Rayleigh,RNND_Zhu,6679,0.4745623469352722,0.3591248318552971,0.11543750762939453,
0,260816,matched,MATCHED_Rayleigh,RNND_Zhu,6680,0.3594169430434704,0.27975792065262794,0.07965902797877789,
0,260816,matched,MATCHED_Rayleigh,RNND_Zhu,6681,0.4954361915588379,0.3770785480737686,0.11835765093564987,
0,260816,matched,MATCHED_Rayleigh,RNND_Zhu,6682,0.41003982722759247,0.307715505361557,0.10232430882751942,
0,260816,matched,MATCHED_Rayleigh,RNND_Zhu,6683,0.459372878074646,0.3445259816944599,0.11484689265489578,
0,260816,matched,MATCHED_Rayleigh,RNND_Zhu,6684,0.37329258769750595,0.28960807621479034,0.08368451707065105,
0,260816,matched,MATCHED_Rayleigh,RNND_Zhu,6685,0.43136563152074814,0.32425007596611977,0.10711556114256382,
0,260816,matched,MATCHED_Rayleigh,RNND_Zhu,6686,0.3074304237961769,0.23533108085393906,0.07209934387356043,
0,260816,matched,MATCHED_Rayleigh,RNND_Zhu,6687,0.35425174981355667,0.26909346133470535,0.0851582856848836,
0,260816,matched,MATCHED_Rayleigh,RNND_Zhu,6688,0.49658821895718575,0.37654710933566093,0.12004110403358936,
0,260816,matched,MATCHED_Rayleigh,RNND_Zhu,6689,0.5267235934734344,0.40478694438934326,0.12193664535880089,
0,260816,matched,MATCHED_Rayleigh,RNND_Zhu,6690,0.5973612442612648,0.44973257184028625,0.1476286593824625,
0,260816,matched,MATCHED_Rayleigh,RNND_Zhu,6691,0.3875872865319252,0.2929726056754589,0.09461467061191797,
0,260816,matched,MATCHED_Rayleigh,RNND_Zhu,6692,0.48269713670015335,0.36935752257704735,0.1133396252989769,
0,260816,matched,MATCHED_Rayleigh,RNND_Zhu,6693,0.5261836424469948,0.39248809963464737,0.133695550262928,
0,260816,matched,MATCHED_Rayleigh,RNND_Zhu,6694,0.5869202241301537,0.4371696934103966,0.14975053444504738,
0,260816,matched,MATCHED_Rayleigh,RNND_Zhu,6695,0.3793603405356407,0.288472019135952,0.090888318605721,
0,260816,matched,MATCHED_Rayleigh,RNND_Zhu,6696,0.5045191496610641,0.375853955745697,0.12866519205272198,
0,260816,matched,MATCHED_Rayleigh,RNND_Zhu,6697,0.6330317854881287,0.4771559461951256,0.15587584115564823,
0,260816,matched,MATCHED_Rayleigh,RNND_Zhu,6698,0.5094718709588051,0.3852125182747841,0.12425936013460159,
0,260816,matched,MATCHED_Rayleigh,RNND_Zhu,6699,0.43324992060661316,0.32602956146001816,0.10722035728394985,
0,260816,matched,MATCHED_Rayleigh,RNND_Zhu,6700,0.40185120701789856,0.3058195300400257,0.0960316751152277,
0,260816,matched,MATCHED_Rayleigh,RNND_Zhu,6701,0.5594632029533386,0.4220951423048973,0.13736805319786072,
0,260816,matched,MATCHED_Rayleigh,RNND_Zhu,6702,0.351729191839695,0.2688359394669533,0.08289325423538685,
0,260816,matched,MATCHED_Rayleigh,RNND_Zhu,6703,0.4017743766307831,0.3065616972744465,0.09521267749369144,
0,260816,matched,MATCHED_Rayleigh,RNND_Zhu,6704,0.44192153960466385,0.33731408044695854,0.10460746195167303,
0,260816,matched,MATCHED_Rayleigh,RNND_Zhu,6705,0.5593426078557968,0.4248354136943817,0.1345071755349636,
0,260816,matched,MATCHED_Rayleigh,RNND_Zhu,6706,0.4419936314225197,0.3332599699497223,0.1087336540222168,
0,260816,matched,MATCHED_Rayleigh,RNND_Zhu,6707,0.418167807161808,0.3176092281937599,0.1005585752427578,
0,260816,matched,MATCHED_Rayleigh,RNND_Zhu,6708,0.6326974928379059,0.4756428599357605,0.15705463290214539,
0,260816,matched,MATCHED_Rayleigh,RNND_Zhu,6709,0.41222846508026123,0.3105030730366707,0.10172539949417114,
0,260816,matched,MATCHED_Rayleigh,RNND_Zhu,6710,0.5489263832569122,0.41234030574560165,0.13658607006072998,
0,260816,matched,MATCHED_Rayleigh,RNND_Zhu,6711,0.5644415766000748,0.4283694475889206,0.13607213087379932,
0,260816,matched,MATCHED_Rayleigh,RNND_Zhu,6712,0.46851902455091476,0.36489545553922653,0.10362356156110764,
0,260816,matched,MATCHED_Rayleigh,RNND_Zhu,6713,0.5915271490812302,0.4411838985979557,0.1503432523459196,
0,260816,matched,MATCHED_Rayleigh,RNND_Zhu,6714,0.4063110500574112,0.3088060952723026,0.09750494360923767,
0,260816,matched,MATCHED_Rayleigh,RNND_Zhu,6715,0.5247636213898659,0.39300471544265747,0.13175890408456326,
0,260816,matched,MATCHED_Rayleigh,RNND_Zhu,6716,0.4081074222922325,0.31096234172582626,0.09714507684111595,
0,260816,matched,MATCHED_Rayleigh,RNND_Zhu,6717,0.4743855819106102,0.35998087376356125,0.11440470814704895,
0,260816,matched,MATCHED_Rayleigh,RNND_Zhu,6718,0.39825886487960815,0.3060602732002735,0.09219858609139919,
0,260816,matched,MATCHED_Rayleigh,RNND_Zhu,6719,0.4278346076607704,0.3301423639059067,0.09769223444163799,
0,260816,matched,MATCHED_Rayleigh,RNND_Zhu,6720,0.5549466982483864,0.4273087680339813,0.1276379320770502,
0,260816,matched,MATCHED_Rayleigh,RNND_Zhu,6721,0.37619372829794884,0.2864652909338474,0.08972843363881111,
0,260816,matched,MATCHED_Rayleigh,RNND_Zhu,6722,0.35658690333366394,0.27008187025785446,0.0865050321444869,
0,260816,matched,MATCHED_Rayleigh,RNND_Zhu,6723,0.4994857460260391,0.37863142043352127,0.12085432559251785,
0,260816,matched,MATCHED_Rayleigh,RNND_Zhu,6724,0.45405537635087967,0.34204206615686417,0.11201330460608006,
0,260816,matched,MATCHED_Rayleigh,RNND_Zhu,6725,0.547792375087738,0.41586143523454666,0.13193093426525593,
0,260816,matched,MATCHED_Rayleigh,RNND_Zhu,6726,0.6176687404513359,0.46806834638118744,0.14960038848221302,
0,260816,matched,MATCHED_Rayleigh,RNND_Zhu,6727,0.3353511579334736,0.26150500774383545,0.07384615391492844,
0,260816,matched,MATCHED_Rayleigh,RNND_Zhu,6728,0.41061609983444214,0.3191470801830292,0.09146901778876781,
0,260816,matched,MATCHED_Rayleigh,RNND_Zhu,6729,0.41519320756196976,0.3177839554846287,0.09740925393998623,
0,260816,matched,MATCHED_Rayleigh,RNND_Zhu,6730,0.4290812537074089,0.3275076523423195,0.10157359950244427,
0,260816,matched,MATCHED_Rayleigh,RNND_Zhu,6731,0.515021950006485,0.3883161321282387,0.12670581974089146,
0,260816,matched,MATCHED_Rayleigh,RNND_Zhu,6732,0.5447390526533127,0.41194725781679153,0.1327917892485857,
0,260816,matched,MATCHED_Rayleigh,RNND_Zhu,6733,0.5038058683276176,0.37746620923280716,0.1263396553695202,
0,260816,matched,MATCHED_Rayleigh,RNND_Zhu,6734,0.43510281294584274,0.32976797223091125,0.10533485002815723,
0,260816,matched,MATCHED_Rayleigh,RNND_Zhu,6735,0.44231271743774414,0.3293975740671158,0.11291512660682201,
0,260816,matched,MATCHED_Rayleigh,RNND_Zhu,6736,0.47821319103240967,0.3591497428715229,0.11906343698501587,
0,260816,matched,MATCHED_Rayleigh,RNND_Zhu,6737,0.4030795842409134,0.3004705607891083,0.10260903090238571,
0,260816,matched,MATCHED_Rayleigh,RNND_Zhu,6738,0.39864955842494965,0.30177318677306175,0.09687638003379107,
0,260816,matched,MATCHED_Rayleigh,RNND_Zhu,6739,0.5839532017707825,0.4412250816822052,0.14272812940180302,
0,260816,matched,MATCHED_Rayleigh,RNND_Zhu,6740,0.45416857302188873,0.3388696387410164,0.11529893800616264,
0,260816,matched,MATCHED_Rayleigh,RNND_Zhu,6741,0.4910529926419258,0.37438011541962624,0.11667289212346077,
0,260816,matched,MATCHED_Rayleigh,RNND_Zhu,6742,0.42995987087488174,0.33162590861320496,0.09833396412432194,
0,260816,matched,MATCHED_Rayleigh,RNND_Zhu,6743,0.5561715438961983,0.4150102958083153,0.141161248087883,
0,260816,matched,MATCHED_Rayleigh,RNND_Zhu,6744,0.49177585542201996,0.37719541415572166,0.11458044499158859,
0,260816,matched,MATCHED_Rayleigh,RNND_Zhu,6745,0.41066524758934975,0.31186340004205704,0.09880184847861528,
0,260816,matched,MATCHED_Rayleigh,RNND_Zhu,6746,0.45963940769433975,0.3529003970324993,0.1067389976233244,
0,260816,matched,MATCHED_Rayleigh,RNND_Zhu,6747,0.38170183449983597,0.29215793311595917,0.08954389579594135,
0,260816,matched,MATCHED_Rayleigh,RNND_Zhu,6748,0.5214148312807083,0.3914986699819565,0.12991615012288094,
0,260816,matched,MATCHED_Rayleigh,RNND_Zhu,6749,0.413464680314064,0.3105425387620926,0.10292214713990688,
0,260816,matched,MATCHED_Rayleigh,RNND_Zhu,6750,0.4171450436115265,0.3198101334273815,0.09733490645885468,
0,260816,matched,MATCHED_Rayleigh,RNND_Zhu,6751,0.5472900420427322,0.4112226366996765,0.13606742024421692,
0,260816,matched,MATCHED_Rayleigh,RNND_Zhu,6752,0.4692893922328949,0.3588832877576351,0.11040611192584038,
0,260816,matched,MATCHED_Rayleigh,RNND_Zhu,6753,0.39514441788196564,0.3044794984161854,0.09066491574048996,
0,260816,matched,MATCHED_Rayleigh,RNND_Zhu,6754,0.2951098345220089,0.22307762503623962,0.07203221414238214,
0,260816,matched,MATCHED_Rayleigh,RNND_Zhu,6755,0.5140117928385735,0.3938867822289467,0.12012499198317528,
0,260816,matched,MATCHED_Rayleigh,RNND_Zhu,6756,0.41800830885767937,0.31038159504532814,0.10762670636177063,
0,260816,matched,MATCHED_Rayleigh,RNND_Zhu,6757,0.40426867455244064,0.3058188706636429,0.09844978712499142,
0,260816,matched,MATCHED_Rayleigh,RNND_Zhu,6758,0.4307869225740433,0.32797253876924515,0.1028143921867013,
0,260816,matched,MATCHED_Rayleigh,RNND_Zhu,6759,0.5660239979624748,0.4257197305560112,0.14030426740646362,
0,260816,matched,MATCHED_Rayleigh,RNND_Zhu,6760,0.3759581074118614,0.2872972749173641,0.08866083435714245,
0,260816,matched,MATCHED_Rayleigh,RNND_Zhu,6761,0.40635424852371216,0.30968719348311424,0.09666705876588821,
0,260816,matched,MATCHED_Rayleigh,RNND_Zhu,6762,0.43079498410224915,0.3196726515889168,0.11112233623862267,
0,260816,matched,MATCHED_Rayleigh,RNND_Zhu,6763,0.5388241410255432,0.40494436025619507,0.13387977704405785,
0,260816,matched,MATCHED_Rayleigh,RNND_Zhu,6764,0.3801499009132385,0.2922949232161045,0.08785498514771461,
0,260816,matched,MATCHED_Rayleigh,RNND_Zhu,6765,0.4992656037211418,0.38038207590579987,0.11888352781534195,
0,260816,matched,MATCHED_Rayleigh,RNND_Zhu,6766,0.34333527833223343,0.264485452324152,0.07884981855750084,
0,260816,matched,MATCHED_Rayleigh,RNND_Zhu,6767,0.34834033995866776,0.26954886317253113,0.07879147958010435,
0,260816,matched,MATCHED_Rayleigh,RNND_Zhu,6768,0.47411029040813446,0.36283740401268005,0.11127289570868015,
0,260816,matched,MATCHED_Rayleigh,RNND_Zhu,6769,0.46840790659189224,0.3516029976308346,0.11680490709841251,
0,260816,matched,MATCHED_Rayleigh,RNND_Zhu,6770,0.338426798582077,0.26007888093590736,0.07834791019558907,
0,260816,matched,MATCHED_Rayleigh,RNND_Zhu,6771,0.5792829468846321,0.4381924718618393,0.14109047316014767,
0,260816,matched,MATCHED_Rayleigh,RNND_Zhu,6772,0.600602388381958,0.4565775841474533,0.14402479492127895,
0,260816,matched,MATCHED_Rayleigh,RNND_Zhu,6773,0.4987710565328598,0.3856210857629776,0.1131499744951725,
0,260816,matched,MATCHED_Rayleigh,RNND_Zhu,6774,0.4674045667052269,0.35031959787011147,0.1170849772170186,
0,260816,matched,MATCHED_Rayleigh,RNND_Zhu,6775,0.5025353729724884,0.38191986829042435,0.12061550933867693,
0,260816,matched,MATCHED_Rayleigh,RNND_Zhu,6776,0.35196223109960556,0.2717680335044861,0.08019419386982918,
0,260816,matched,MATCHED_Rayleigh,RNND_Zhu,6777,0.4327668771147728,0.32503537833690643,0.10773150436580181,
0,260816,matched,MATCHED_Rayleigh,RNND_Zhu,6778,0.49958544969558716,0.3735811114311218,0.12600434571504593,
0,260816,matched,MATCHED_Rayleigh,RNND_Zhu,6779,0.31163907051086426,0.2453591786324978,0.06627988908439875,
0,260816,matched,MATCHED_Rayleigh,RNND_Zhu,6780,0.4957834556698799,0.3724430128931999,0.12334043346345425,
0,260816,matched,MATCHED_Rayleigh,RNND_Zhu,6781,0.3869243189692497,0.2986403927206993,0.08828393556177616,
0,260816,matched,MATCHED_Rayleigh,RNND_Zhu,6782,0.4640381783246994,0.3554925322532654,0.10854566283524036,
0,260816,matched,MATCHED_Rayleigh,RNND_Zhu,6783,0.5663451105356216,0.42220794409513474,0.14413716830313206,
0,260816,matched,MATCHED_Rayleigh,RNND_Zhu,6784,0.4347020238637924,0.3283304125070572,0.10637161880731583,
0,260816,matched,MATCHED_Rayleigh,RNND_Zhu,6785,0.5606996864080429,0.4251035302877426,0.1355961561203003,
0,260816,matched,MATCHED_Rayleigh,RNND_Zhu,6786,0.5576235130429268,0.41951780766248703,0.1381057072430849,
0,260816,matched,MATCHED_Rayleigh,RNND_Zhu,6787,0.32619673758745193,0.24880049377679825,0.07739625312387943,
0,260816,matched,MATCHED_Rayleigh,RNND_Zhu,6788,0.4120794013142586,0.3145325221121311,0.09754687733948231,
0,260816,matched,MATCHED_Rayleigh,RNND_Zhu,6789,0.4256153665482998,0.3236045688390732,0.10201079770922661,
0,260816,matched,MATCHED_Rayleigh,RNND_Zhu,6790,0.5081396251916885,0.38072552531957626,0.12741410732269287,
0,260816,matched,MATCHED_Rayleigh,RNND_Zhu,6791,0.40956639498472214,0.31009967997670174,0.09946670942008495,
0,260816,matched,MATCHED_Rayleigh,RNND_Zhu,6792,0.5648568235337734,0.4214898459613323,0.1433669775724411,
0,260816,matched,MATCHED_Rayleigh,RNND_Zhu,6793,0.4193081706762314,0.32148731499910355,0.09782084636390209,
0,260816,matched,MATCHED_Rayleigh,RNND_Zhu,6794,0.6552004516124725,0.4901361018419266,0.16506434977054596,
0,260816,matched,MATCHED_Rayleigh,RNND_Zhu,6795,0.4187591075897217,0.3146808296442032,0.10407827887684107,
0,260816,matched,MATCHED_Rayleigh,RNND_Zhu,6796,0.41180628538131714,0.31189827248454094,0.0999080166220665,
0,260816,matched,MATCHED_Rayleigh,RNND_Zhu,6797,0.6641737073659897,0.5015285536646843,0.1626451425254345,
0,260816,matched,MATCHED_Rayleigh,RNND_Zhu,6798,0.5090580806136131,0.38793957233428955,0.12111851572990417,
0,260816,matched,MATCHED_Rayleigh,RNND_Zhu,6799,0.5275193825364113,0.40359995514154434,0.12391943484544754,
0,260816,matched,MATCHED_Rayleigh,RNND_Zhu,6800,0.6629070937633514,0.4992377832531929,0.16366933286190033,-0.7785941272232345
0,260816,matched,MATCHED_Rayleigh,RNND_Zhu,6801,0.5997629165649414,0.46058233082294464,0.13918059319257736,
0,260816,matched,MATCHED_Rayleigh,RNND_Zhu,6802,0.4003528878092766,0.29851021617650986,0.10184267349541187,
0,260816,matched,MATCHED_Rayleigh,RNND_Zhu,6803,0.293064896017313,0.2272806651890278,0.0657842280343175,
0,260816,matched,MATCHED_Rayleigh,RNND_Zhu,6804,0.5498627573251724,0.4189199209213257,0.1309428382664919,
0,260816,matched,MATCHED_Rayleigh,RNND_Zhu,6805,0.45700255781412125,0.34664183109998703,0.11036073230206966,
0,260816,matched,MATCHED_Rayleigh,RNND_Zhu,6806,0.527006734162569,0.40087295323610306,0.12613377813249826,
0,260816,matched,MATCHED_Rayleigh,RNND_Zhu,6807,0.5090291723608971,0.3848404288291931,0.1241887491196394,
0,260816,matched,MATCHED_Rayleigh,RNND_Zhu,6808,0.5602438896894455,0.4241938441991806,0.1360500454902649,
0,260816,matched,MATCHED_Rayleigh,RNND_Zhu,6809,0.4292146675288677,0.32689567655324936,0.10231898073107004,
0,260816,matched,MATCHED_Rayleigh,RNND_Zhu,6810,0.5218486785888672,0.3928745165467262,0.1289741601794958,
0,260816,matched,MATCHED_Rayleigh,RNND_Zhu,6811,0.510390467941761,0.3855411931872368,0.12484927847981453,
0,260816,matched,MATCHED_Rayleigh,RNND_Zhu,6812,0.3828808292746544,0.2952365539968014,0.08764428179711103,
0,260816,matched,MATCHED_Rayleigh,RNND_Zhu,6813,0.5447975993156433,0.4069470763206482,0.13785052299499512,
0,260816,matched,MATCHED_Rayleigh,RNND_Zhu,6814,0.5414271354675293,0.4106729179620743,0.13075422495603561,
0,260816,matched,MATCHED_Rayleigh,RNND_Zhu,6815,0.34036537259817123,0.25595326721668243,0.08441210351884365,
0,260816,matched,MATCHED_Rayleigh,RNND_Zhu,6816,0.40409131348133087,0.30472446233034134,0.09936683624982834,
0,260816,matched,MATCHED_Rayleigh,RNND_Zhu,6817,0.5003937855362892,0.3777197301387787,0.12267404794692993,
0,260816,matched,MATCHED_Rayleigh,RNND_Zhu,6818,0.4710148423910141,0.3548010177910328,0.11621383018791676,
0,260816,matched,MATCHED_Rayleigh,RNND_Zhu,6819,0.5220875591039658,0.3970804288983345,0.1250071246176958,
0,260816,matched,MATCHED_Rayleigh,RNND_Zhu,6820,0.4537334516644478,0.3490579016506672,0.10467554070055485,
0,260816,matched,MATCHED_Rayleigh,RNND_Zhu,6821,0.3890376389026642,0.2938740812242031,0.09516355209052563,
0,260816,matched,MATCHED_Rayleigh,RNND_Zhu,6822,0.504537545144558,0.381826214492321,0.12271133810281754,
0,260816,matched,MATCHED_Rayleigh,RNND_Zhu,6823,0.5302224233746529,0.39462971687316895,0.1355927176773548,
0,260816,matched,MATCHED_Rayleigh,RNND_Zhu,6824,0.484648622572422,0.37427425384521484,0.1103743826970458,
0,260816,matched,MATCHED_Rayleigh,RNND_Zhu,6825,0.4927487373352051,0.3719601482152939,0.12078859284520149,
0,260816,matched,MATCHED_Rayleigh,RNND_Zhu,6826,0.3392632380127907,0.2582411468029022,0.08102210238575935,
0,260816,matched,MATCHED_Rayleigh,RNND_Zhu,6827,0.49276479333639145,0.3755851276218891,0.11717964522540569,
0,260816,matched,MATCHED_Rayleigh,RNND_Zhu,6828,0.40427975356578827,0.3069976679980755,0.09728208556771278,
0,260816,matched,MATCHED_Rayleigh,RNND_Zhu,6829,0.33800890669226646,0.2600610703229904,0.07794783636927605,
0,260816,matched,MATCHED_Rayleigh,RNND_Zhu,6830,0.30568253993988037,0.23742960020899773,0.06825293693691492,
0,260816,matched,MATCHED_Rayleigh,RNND_Zhu,6831,0.4491143077611923,0.34708212316036224,0.10203219205141068,
0,260816,matched,MATCHED_Rayleigh,RNND_Zhu,6832,0.34387123584747314,0.265071377158165,0.07879985123872757,
0,260816,matched,MATCHED_Rayleigh,RNND_Zhu,6833,0.461750753223896,0.3499068543314934,0.1118439082056284,
0,260816,matched,MATCHED_Rayleigh,RNND_Zhu,6834,0.3695056140422821,0.28304682672023773,0.08645878918468952,
0,260816,matched,MATCHED_Rayleigh,RNND_Zhu,6835,0.4567272812128067,0.3451913744211197,0.11153590865433216,
0,260816,matched,MATCHED_Rayleigh,RNND_Zhu,6836,0.4651256129145622,0.34733566269278526,0.11778995767235756,
0,260816,matched,MATCHED_Rayleigh,RNND_Zhu,6837,0.5047320872545242,0.3801446780562401,0.12458742782473564,
0,260816,matched,MATCHED_Rayleigh,RNND_Zhu,6838,0.3934299796819687,0.3004249557852745,0.09300501644611359,
0,260816,matched,MATCHED_Rayleigh,RNND_Zhu,6839,0.406748928129673,0.31435495615005493,0.09239397384226322,
0,260816,matched,MATCHED_Rayleigh,RNND_Zhu,6840,0.44470569491386414,0.32996107265353203,0.11474461108446121,
0,260816,matched,MATCHED_Rayleigh,RNND_Zhu,6841,0.4415317103266716,0.34297583997249603,0.09855586104094982,
0,260816,matched,MATCHED_Rayleigh,RNND_Zhu,6842,0.31263087689876556,0.24086499214172363,0.07176587730646133,
0,260816,matched,MATCHED_Rayleigh,RNND_Zhu,6843,0.4061329700052738,0.30903666093945503,0.09709630068391562,
0,260816,matched,MATCHED_Rayleigh,RNND_Zhu,6844,0.41423074156045914,0.31329675763845444,0.100933987647295,
0,260816,matched,MATCHED_Rayleigh,RNND_Zhu,6845,0.5744291394948959,0.4253333769738674,0.14909576438367367,
0,260816,matched,MATCHED_Rayleigh,RNND_Zhu,6846,0.37436719983816147,0.2809881530702114,0.09337904863059521,
0,260816,matched,MATCHED_Rayleigh,RNND_Zhu,6847,0.48973356932401657,0.37803298979997635,0.11170057393610477,
0,260816,matched,MATCHED_Rayleigh,RNND_Zhu,6848,0.5905855819582939,0.453817754983902,0.13676781579852104,
0,260816,matched,MATCHED_Rayleigh,RNND_Zhu,6849,0.40196045488119125,0.3085981458425522,0.09336232021450996,
0,260816,matched,MATCHED_Rayleigh,RNND_Zhu,6850,0.2719869092106819,0.2131279557943344,0.05885895434767008,
0,260816,matched,MATCHED_Rayleigh,RNND_Zhu,6851,0.3853774406015873,0.2964082509279251,0.08896919060498476,
0,260816,matched,MATCHED_Rayleigh,RNND_Zhu,6852,0.5015840902924538,0.3814101070165634,0.1201739925891161,
0,260816,matched,MATCHED_Rayleigh,RNND_Zhu,6853,0.41009199619293213,0.31317218393087387,0.09691980667412281,
0,260816,matched,MATCHED_Rayleigh,RNND_Zhu,6854,0.34877070784568787,0.27327123284339905,0.07549946941435337,
0,260816,matched,MATCHED_Rayleigh,RNND_Zhu,6855,0.514641247689724,0.3860739395022392,0.1285673137754202,
0,260816,matched,MATCHED_Rayleigh,RNND_Zhu,6856,0.5598710253834724,0.4241493381559849,0.13572167418897152,
0,260816,matched,MATCHED_Rayleigh,RNND_Zhu,6857,0.4671998471021652,0.3626653887331486,0.1045344602316618,
0,260816,matched,MATCHED_Rayleigh,RNND_Zhu,6858,0.47688139602541924,0.36209937930107117,0.11478201486170292,
0,260816,matched,MATCHED_Rayleigh,RNND_Zhu,6859,0.5611522942781448,0.4240400269627571,0.13711227476596832,
0,260816,matched,MATCHED_Rayleigh,RNND_Zhu,6860,0.5129968523979187,0.3906865268945694,0.12231033109128475,
0,260816,matched,MATCHED_Rayleigh,RNND_Zhu,6861,0.39433199912309647,0.30323368683457375,0.09109830856323242,
0,260816,matched,MATCHED_Rayleigh,RNND_Zhu,6862,0.47050533443689346,0.35380252078175545,0.11670280806720257,
0,260816,matched,MATCHED_Rayleigh,RNND_Zhu,6863,0.5725609064102173,0.4320691004395485,0.1404918022453785,
0,260816,matched,MATCHED_Rayleigh,RNND_Zhu,6864,0.625420406460762,0.46605196595191956,0.15936844795942307,
0,260816,matched,MATCHED_Rayleigh,RNND_Zhu,6865,0.4708709046244621,0.35202110931277275,0.11884979158639908,
0,260816,matched,MATCHED_Rayleigh,RNND_Zhu,6866,0.47969721257686615,0.36344102025032043,0.11625618860125542,
0,260816,matched,MATCHED_Rayleigh,RNND_Zhu,6867,0.6156909018754959,0.46625224500894547,0.1494386699050665,
0,260816,matched,MATCHED_Rayleigh,RNND_Zhu,6868,0.5429024770855904,0.41504716873168945,0.12785531766712666,
0,260816,matched,MATCHED_Rayleigh,RNND_Zhu,6869,0.48119571059942245,0.36191892623901367,0.11927678622305393,
0,260816,matched,MATCHED_Rayleigh,RNND_Zhu,6870,0.5758767500519753,0.4366700276732445,0.13920671679079533,
0,260816,matched,MATCHED_Rayleigh,RNND_Zhu,6871,0.5679591745138168,0.4253210723400116,0.14263809472322464,
0,260816,matched,MATCHED_Rayleigh,RNND_Zhu,6872,0.43346191197633743,0.3334115594625473,0.10005034599453211,
0,260816,matched,MATCHED_Rayleigh,RNND_Zhu,6873,0.2957509532570839,0.22746587172150612,0.06828508526086807,
0,260816,matched,MATCHED_Rayleigh,RNND_Zhu,6874,0.4701118618249893,0.3533150553703308,0.11679680924862623,
0,260816,matched,MATCHED_Rayleigh,RNND_Zhu,6875,0.49886901676654816,0.3774324581027031,0.12143656238913536,
0,260816,matched,MATCHED_Rayleigh,RNND_Zhu,6876,0.28854628652334213,0.2261025793850422,0.06244371086359024,
0,260816,matched,MATCHED_Rayleigh,RNND_Zhu,6877,0.3945475295186043,0.3046284168958664,0.08991910982877016,
0,260816,matched,MATCHED_Rayleigh,RNND_Zhu,6878,0.35788364708423615,0.2779197618365288,0.07996388152241707,
0,260816,matched,MATCHED_Rayleigh,RNND_Zhu,6879,0.385197289288044,0.2902114875614643,0.09498580079525709,
0,260816,matched,MATCHED_Rayleigh,RNND_Zhu,6880,0.6215412095189095,0.4631328284740448,0.15840837731957436,
0,260816,matched,MATCHED_Rayleigh,RNND_Zhu,6881,0.5256960019469261,0.3989869952201843,0.1267090030014515,
0,260816,matched,MATCHED_Rayleigh,RNND_Zhu,6882,0.5164891704916954,0.3903900906443596,0.12609908916056156,
0,260816,matched,MATCHED_Rayleigh,RNND_Zhu,6883,0.5157194659113884,0.38872332498431206,0.1269961316138506,
0,260816,matched,MATCHED_Rayleigh,RNND_Zhu,6884,0.3930583819746971,0.2976437993347645,0.09541458263993263,
0,260816,matched,MATCHED_Rayleigh,RNND_Zhu,6885,0.3465694934129715,0.26403090357780457,0.08253858610987663,
0,260816,matched,MATCHED_Rayleigh,RNND_Zhu,6886,0.37384023517370224,0.2892598323523998,0.08458040468394756,
0,260816,matched,MATCHED_Rayleigh,RNND_Zhu,6887,0.4042089581489563,0.3108005076646805,0.09340846166014671,
0,260816,matched,MATCHED_Rayleigh,RNND_Zhu,6888,0.3217059224843979,0.24721448123455048,0.07449145056307316,
0,260816,matched,MATCHED_Rayleigh,RNND_Zhu,6889,0.44155505672097206,0.333866685628891,0.1076883701607585,
0,260816,matched,MATCHED_Rayleigh,RNND_Zhu,6890,0.4550422877073288,0.346346415579319,0.1086958758533001,
0,260816,matched,MATCHED_Rayleigh,RNND_Zhu,6891,0.5008194446563721,0.3746538832783699,0.12616556324064732,
0,260816,matched,MATCHED_Rayleigh,RNND_Zhu,6892,0.3534362204372883,0.27465127408504486,0.07878494542092085,
0,260816,matched,MATCHED_Rayleigh,RNND_Zhu,6893,0.5360074937343597,0.4104193449020386,0.1255881581455469,
0,260816,matched,MATCHED_Rayleigh,RNND_Zhu,6894,0.5249347761273384,0.3947330117225647,0.13020176626741886,
0,260816,matched,MATCHED_Rayleigh,RNND_Zhu,6895,0.4831552803516388,0.3661033920943737,0.11705188639461994,
0,260816,matched,MATCHED_Rayleigh,RNND_Zhu,6896,0.5868227928876877,0.445903480052948,0.14091931469738483,
0,260816,matched,MATCHED_Rayleigh,RNND_Zhu,6897,0.5123831033706665,0.39184458926320076,0.1205385085195303,
0,260816,matched,MATCHED_Rayleigh,RNND_Zhu,6898,0.5279122442007065,0.3960518166422844,0.1318604238331318,
0,260816,matched,MATCHED_Rayleigh,RNND_Zhu,6899,0.5447586551308632,0.4087049588561058,0.13605370000004768,
0,260816,matched,MATCHED_Rayleigh,RNND_Zhu,6900,0.5493404492735863,0.4135492406785488,0.13579120486974716,
0,260816,matched,MATCHED_Rayleigh,RNND_Zhu,6901,0.4460989162325859,0.3425596058368683,0.10353931039571762,
0,260816,matched,MATCHED_Rayleigh,RNND_Zhu,6902,0.43111685663461685,0.3313331753015518,0.09978367947041988,
0,260816,matched,MATCHED_Rayleigh,RNND_Zhu,6903,0.34672096371650696,0.2706611417233944,0.07605982664972544,
0,260816,matched,MATCHED_Rayleigh,RNND_Zhu,6904,0.3076472021639347,0.23254217207431793,0.07510503008961678,
0,260816,matched,MATCHED_Rayleigh,RNND_Zhu,6905,0.4475648030638695,0.34375613182783127,0.10380867682397366,
0,260816,matched,MATCHED_Rayleigh,RNND_Zhu,6906,0.5202654898166656,0.39563149213790894,0.12463399581611156,
0,260816,matched,MATCHED_Rayleigh,RNND_Zhu,6907,0.633010059595108,0.48123395442962646,0.15177611261606216,
0,260816,matched,MATCHED_Rayleigh,RNND_Zhu,6908,0.44181082397699356,0.33298521488904953,0.10882559977471828,
0,260816,matched,MATCHED_Rayleigh,RNND_Zhu,6909,0.41421137750148773,0.3161718286573887,0.09803955443203449,
0,260816,matched,MATCHED_Rayleigh,RNND_Zhu,6910,0.42896653711795807,0.3286842815577984,0.10028224997222424,
0,260816,matched,MATCHED_Rayleigh,RNND_Zhu,6911,0.41909773647785187,0.32223761081695557,0.0968601293861866,
0,260816,matched,MATCHED_Rayleigh,RNND_Zhu,6912,0.49443360418081284,0.37434879317879677,0.12008481100201607,
0,260816,matched,MATCHED_Rayleigh,RNND_Zhu,6913,0.5371787995100021,0.40792981535196304,0.1292489841580391,
0,260816,matched,MATCHED_Rayleigh,RNND_Zhu,6914,0.4512644112110138,0.34140459820628166,0.1098598288372159,
0,260816,matched,MATCHED_Rayleigh,RNND_Zhu,6915,0.4301833435893059,0.3249605894088745,0.10522275418043137,
0,260816,matched,MATCHED_Rayleigh,RNND_Zhu,6916,0.4328104630112648,0.3299410045146942,0.10286944545805454,
0,260816,matched,MATCHED_Rayleigh,RNND_Zhu,6917,0.6217923611402512,0.46671437472105026,0.1550779938697815,
0,260816,matched,MATCHED_Rayleigh,RNND_Zhu,6918,0.4315330758690834,0.33052579686045647,0.10100727155804634,
0,260816,matched,MATCHED_Rayleigh,RNND_Zhu,6919,0.4931971877813339,0.36549534648656845,0.12770184129476547,
0,260816,matched,MATCHED_Rayleigh,RNND_Zhu,6920,0.46069321781396866,0.3513021357357502,0.10939107462763786,
0,260816,matched,MATCHED_Rayleigh,RNND_Zhu,6921,0.2840602658689022,0.2228081412613392,0.06125212833285332,
0,260816,matched,MATCHED_Rayleigh,RNND_Zhu,6922,0.5455104671418667,0.42084817588329315,0.12466228287667036,
0,260816,matched,MATCHED_Rayleigh,RNND_Zhu,6923,0.44382280856370926,0.33609315007925034,0.10772965010255575,
0,260816,matched,MATCHED_Rayleigh,RNND_Zhu,6924,0.38533829897642136,0.2959572374820709,0.08938107267022133,
0,260816,matched,MATCHED_Rayleigh,RNND_Zhu,6925,0.5101571455597878,0.3858233392238617,0.12433381006121635,
0,260816,matched,MATCHED_Rayleigh,RNND_Zhu,6926,0.506552167236805,0.38672225177288055,0.1198299191892147,
0,260816,matched,MATCHED_Rayleigh,RNND_Zhu,6927,0.5830066502094269,0.4303518235683441,0.15265482664108276,
0,260816,matched,MATCHED_Rayleigh,RNND_Zhu,6928,0.511947512626648,0.3867628797888756,0.12518463842570782,
0,260816,matched,MATCHED_Rayleigh,RNND_Zhu,6929,0.3993348255753517,0.3033199794590473,0.09601483214646578,
0,260816,matched,MATCHED_Rayleigh,RNND_Zhu,6930,0.4779913052916527,0.356880322098732,0.12111098505556583,
0,260816,matched,MATCHED_Rayleigh,RNND_Zhu,6931,0.527098223567009,0.40309150516986847,0.12400672025978565,
0,260816,matched,MATCHED_Rayleigh,RNND_Zhu,6932,0.6195617020130157,0.4741014465689659,0.14546026289463043,
0,260816,matched,MATCHED_Rayleigh,RNND_Zhu,6933,0.35509252548217773,0.2722651734948158,0.08282734919339418,
0,260816,matched,MATCHED_Rayleigh,RNND_Zhu,6934,0.5682460516691208,0.43156981468200684,0.13667622581124306,
0,260816,matched,MATCHED_Rayleigh,RNND_Zhu,6935,0.48228851705789566,0.3750615380704403,0.10722698085010052,
0,260816,matched,MATCHED_Rayleigh,RNND_Zhu,6936,0.4728725850582123,0.35992713645100594,0.11294545419514179,
0,260816,matched,MATCHED_Rayleigh,RNND_Zhu,6937,0.3527674004435539,0.27487635985016823,0.07789104245603085,
0,260816,matched,MATCHED_Rayleigh,RNND_Zhu,6938,0.5172358304262161,0.39022887870669365,0.12700694147497416,
0,260816,matched,MATCHED_Rayleigh,RNND_Zhu,6939,0.3584592640399933,0.2699914798140526,0.0884677842259407,
0,260816,matched,MATCHED_Rayleigh,RNND_Zhu,6940,0.3889283128082752,0.2979985252022743,0.09092977829277515,
0,260816,matched,MATCHED_Rayleigh,RNND_Zhu,6941,0.5456848070025444,0.4108038395643234,0.13488096185028553,
0,260816,matched,MATCHED_Rayleigh,RNND_Zhu,6942,0.5796320289373398,0.4416704699397087,0.13796153850853443,
0,260816,matched,MATCHED_Rayleigh,RNND_Zhu,6943,0.4896000251173973,0.36510369181632996,0.1244963277131319,
0,260816,matched,MATCHED_Rayleigh,RNND_Zhu,6944,0.4469064623117447,0.3420886695384979,0.10481778718531132,
0,260816,matched,MATCHED_Rayleigh,RNND_Zhu,6945,0.45731041580438614,0.35101839154958725,0.10629202611744404,
0,260816,matched,MATCHED_Rayleigh,RNND_Zhu,6946,0.4473887085914612,0.33779216557741165,0.10959654301404953,
0,260816,matched,MATCHED_Rayleigh,RNND_Zhu,6947,0.5393212661147118,0.4049034155905247,0.13441786356270313,
0,260816,matched,MATCHED_Rayleigh,RNND_Zhu,6948,0.564170315861702,0.42407357692718506,0.1400967314839363,
0,260816,matched,MATCHED_Rayleigh,RNND_Zhu,6949,0.582452304661274,0.44252993166446686,0.1399223692715168,
0,260816,matched,MATCHED_Rayleigh,RNND_Zhu,6950,0.3998331017792225,0.3076259642839432,0.09220713004469872,
0,260816,matched,MATCHED_Rayleigh,RNND_Zhu,6951,0.47073493897914886,0.3547546789050102,0.11598027125000954,
0,260816,matched,MATCHED_Rayleigh,RNND_Zhu,6952,0.5880772694945335,0.44535593688488007,0.14272131957113743,
0,260816,matched,MATCHED_Rayleigh,RNND_Zhu,6953,0.4022257551550865,0.3016752190887928,0.10055053234100342,
0,260816,matched,MATCHED_Rayleigh,RNND_Zhu,6954,0.4176076352596283,0.31967172771692276,0.09793589729815722,
0,260816,matched,MATCHED_Rayleigh,RNND_Zhu,6955,0.4903723746538162,0.37329670041799545,0.11707567237317562,
0,260816,matched,MATCHED_Rayleigh,RNND_Zhu,6956,0.409401997923851,0.3126688748598099,0.09673312492668629,
0,260816,matched,MATCHED_Rayleigh,RNND_Zhu,6957,0.34950508922338486,0.27031804248690605,0.0791870541870594,
0,260816,matched,MATCHED_Rayleigh,RNND_Zhu,6958,0.49387865513563156,0.3767806217074394,0.11709804274141788,
0,260816,matched,MATCHED_Rayleigh,RNND_Zhu,6959,0.563165545463562,0.42881055176258087,0.13435500487685204,
0,260816,matched,MATCHED_Rayleigh,RNND_Zhu,6960,0.44334912300109863,0.33917514979839325,0.10417395643889904,
0,260816,matched,MATCHED_Rayleigh,RNND_Zhu,6961,0.286596205085516,0.22467083856463432,0.06192535627633333,
0,260816,matched,MATCHED_Rayleigh,RNND_Zhu,6962,0.44052688777446747,0.32894863933324814,0.11157825589179993,
0,260816,matched,MATCHED_Rayleigh,RNND_Zhu,6963,0.37600265070796013,0.2886109836399555,0.08739166334271431,
0,260816,matched,MATCHED_Rayleigh,RNND_Zhu,6964,0.3339802399277687,0.25214381515979767,0.08183642383664846,
0,260816,matched,MATCHED_Rayleigh,RNND_Zhu,6965,0.4326368272304535,0.3218788802623749,0.11075795814394951,
0,260816,matched,MATCHED_Rayleigh,RNND_Zhu,6966,0.44446852803230286,0.3377734199166298,0.10669511929154396,
0,260816,matched,MATCHED_Rayleigh,RNND_Zhu,6967,0.4199267774820328,0.31719987094402313,0.10272690653800964,
0,260816,matched,MATCHED_Rayleigh,RNND_Zhu,6968,0.5044653043150902,0.37403010576963425,0.13043520413339138,
0,260816,matched,MATCHED_Rayleigh,RNND_Zhu,6969,0.5126389488577843,0.38805466145277023,0.12458428740501404,
0,260816,matched,MATCHED_Rayleigh,RNND_Zhu,6970,0.4647666849195957,0.35563256591558456,0.10913411155343056,
0,260816,matched,MATCHED_Rayleigh,RNND_Zhu,6971,0.48450829088687897,0.36340345442295074,0.12110482528805733,
0,260816,matched,MATCHED_Rayleigh,RNND_Zhu,6972,0.4574947878718376,0.34398334845900536,0.11351144220679998,
0,260816,matched,MATCHED_Rayleigh,RNND_Zhu,6973,0.5408587381243706,0.4118266776204109,0.12903204932808876,
0,260816,matched,MATCHED_Rayleigh,RNND_Zhu,6974,0.39636335521936417,0.3030830807983875,0.09328026045113802,
0,260816,matched,MATCHED_Rayleigh,RNND_Zhu,6975,0.3469635546207428,0.26768212392926216,0.07928143069148064,
0,260816,matched,MATCHED_Rayleigh,RNND_Zhu,6976,0.4101940020918846,0.3137057311832905,0.09648826345801353,
0,260816,matched,MATCHED_Rayleigh,RNND_Zhu,6977,0.38016193360090256,0.2937418520450592,0.0864200871437788,
0,260816,matched,MATCHED_Rayleigh,RNND_Zhu,6978,0.6079700440168381,0.45680156350135803,0.15116847306489944,
0,260816,matched,MATCHED_Rayleigh,RNND_Zhu,6979,0.45813853293657303,0.3509889766573906,0.10714956000447273,
0,260816,matched,MATCHED_Rayleigh,RNND_Zhu,6980,0.5256911963224411,0.39722806215286255,0.1284631285816431,
0,260816,matched,MATCHED_Rayleigh,RNND_Zhu,6981,0.35772130638360977,0.27208106964826584,0.08564024791121483,
0,260816,matched,MATCHED_Rayleigh,RNND_Zhu,6982,0.326058104634285,0.2504381574690342,0.07561994437128305,
0,260816,matched,MATCHED_Rayleigh,RNND_Zhu,6983,0.5780674666166306,0.4362727254629135,0.14179474860429764,
0,260816,matched,MATCHED_Rayleigh,RNND_Zhu,6984,0.4081132858991623,0.31101685017347336,0.09709643293172121,
0,260816,matched,MATCHED_Rayleigh,RNND_Zhu,6985,0.38867078348994255,0.29903583228588104,0.0896349549293518,
0,260816,matched,MATCHED_Rayleigh,RNND_Zhu,6986,0.5420891419053078,0.40847089886665344,0.13361824303865433,
0,260816,matched,MATCHED_Rayleigh,RNND_Zhu,6987,0.5333096906542778,0.4073604866862297,0.1259492039680481,
0,260816,matched,MATCHED_Rayleigh,RNND_Zhu,6988,0.38948915898799896,0.2969588339328766,0.09253032878041267,
0,260816,matched,MATCHED_Rayleigh,RNND_Zhu,6989,0.35999566316604614,0.27585606649518013,0.08413960132747889,
0,260816,matched,MATCHED_Rayleigh,RNND_Zhu,6990,0.5142283588647842,0.3850029781460762,0.12922538444399834,
0,260816,matched,MATCHED_Rayleigh,RNND_Zhu,6991,0.5227531865239143,0.3952396735548973,0.12751352228224277,
0,260816,matched,MATCHED_Rayleigh,RNND_Zhu,6992,0.43577344715595245,0.33857086300849915,0.09720258042216301,
0,260816,matched,MATCHED_Rayleigh,RNND_Zhu,6993,0.37871719151735306,0.2820940911769867,0.09662309288978577,
0,260816,matched,MATCHED_Rayleigh,RNND_Zhu,6994,0.28866568952798843,0.22585538029670715,0.06281031388789415,
0,260816,matched,MATCHED_Rayleigh,RNND_Zhu,6995,0.4430325776338577,0.336870763450861,0.1061618197709322,
0,260816,matched,MATCHED_Rayleigh,RNND_Zhu,6996,0.6045929342508316,0.4587358459830284,0.1458570845425129,
0,260816,matched,MATCHED_Rayleigh,RNND_Zhu,6997,0.4333440884947777,0.3312874287366867,0.10205665696412325,
0,260816,matched,MATCHED_Rayleigh,RNND_Zhu,6998,0.4594755470752716,0.3448454290628433,0.11463012732565403,
0,260816,matched,MATCHED_Rayleigh,RNND_Zhu,6999,0.5413047224283218,0.41593678295612335,0.12536795437335968,
0,260816,matched,MATCHED_Rayleigh,RNND_Zhu,7000,0.4911094605922699,0.37544115632772446,0.11566830612719059,-0.7859013575101796
0,260816,matched,MATCHED_Rayleigh,RNND_Zhu,7001,0.2851359024643898,0.21577797457575798,0.0693579250946641,
0,260816,matched,MATCHED_Rayleigh,RNND_Zhu,7002,0.4009286165237427,0.31052912026643753,0.09039950184524059,
0,260816,matched,MATCHED_Rayleigh,RNND_Zhu,7003,0.4511984586715698,0.34565017372369766,0.10554829984903336,
0,260816,matched,MATCHED_Rayleigh,RNND_Zhu,7004,0.40016280859708786,0.3060002103447914,0.0941626038402319,
0,260816,matched,MATCHED_Rayleigh,RNND_Zhu,7005,0.5830751210451126,0.4500700607895851,0.1330050602555275,
0,260816,matched,MATCHED_Rayleigh,RNND_Zhu,7006,0.38897937536239624,0.2988388165831566,0.09014054667204618,
0,260816,matched,MATCHED_Rayleigh,RNND_Zhu,7007,0.453194260597229,0.33913372457027435,0.1140605341643095,
0,260816,matched,MATCHED_Rayleigh,RNND_Zhu,7008,0.6910291165113449,0.5158391073346138,0.1751900129020214,
0,260816,matched,MATCHED_Rayleigh,RNND_Zhu,7009,0.46308310329914093,0.3522268384695053,0.11085627507418394,
0,260816,matched,MATCHED_Rayleigh,RNND_Zhu,7010,0.4685528874397278,0.35138535499572754,0.11716753989458084,
0,260816,matched,MATCHED_Rayleigh,RNND_Zhu,7011,0.5213239938020706,0.4001907706260681,0.12113322969526052,
0,260816,matched,MATCHED_Rayleigh,RNND_Zhu,7012,0.4763750061392784,0.3612843230366707,0.11509068869054317,
0,260816,matched,MATCHED_Rayleigh,RNND_Zhu,7013,0.4480013735592365,0.3469507060945034,0.10105066746473312,
0,260816,matched,MATCHED_Rayleigh,RNND_Zhu,7014,0.5788174793124199,0.4343565106391907,0.14446095377206802,
0,260816,matched,MATCHED_Rayleigh,RNND_Zhu,7015,0.5084352493286133,0.39026156812906265,0.11817368026822805,
0,260816,matched,MATCHED_Rayleigh,RNND_Zhu,7016,0.44110431522130966,0.3401092067360878,0.10099509544670582,
0,260816,matched,MATCHED_Rayleigh,RNND_Zhu,7017,0.5476853996515274,0.41221003234386444,0.1354753691703081,
0,260816,matched,MATCHED_Rayleigh,RNND_Zhu,7018,0.4096203073859215,0.3075249046087265,0.10209541209042072,
0,260816,matched,MATCHED_Rayleigh,RNND_Zhu,7019,0.5374977514147758,0.4077734276652336,0.1297243181616068,
0,260816,matched,MATCHED_Rayleigh,RNND_Zhu,7020,0.5722121000289917,0.43328091502189636,0.13893118873238564,
0,260816,matched,MATCHED_Rayleigh,RNND_Zhu,7021,0.4290786311030388,0.3199286572635174,0.10914996266365051,
0,260816,matched,MATCHED_Rayleigh,RNND_Zhu,7022,0.4033280462026596,0.3097591660916805,0.09356887452304363,
0,260816,matched,MATCHED_Rayleigh,RNND_Zhu,7023,0.468371219933033,0.3536485359072685,0.11472268588840961,
0,260816,matched,MATCHED_Rayleigh,RNND_Zhu,7024,0.4510281831026077,0.3492627404630184,0.10176543518900871,
0,260816,matched,MATCHED_Rayleigh,RNND_Zhu,7025,0.5073939934372902,0.3837110549211502,0.12368293479084969,
0,260816,matched,MATCHED_Rayleigh,RNND_Zhu,7026,0.3586680330336094,0.27337196841835976,0.08529606740921736,
0,260816,matched,MATCHED_Rayleigh,RNND_Zhu,7027,0.5848394557833672,0.44085095822811127,0.14398850873112679,
0,260816,matched,MATCHED_Rayleigh,RNND_Zhu,7028,0.4291076362133026,0.32397834584116936,0.1051292922347784,
0,260816,matched,MATCHED_Rayleigh,RNND_Zhu,7029,0.5111774206161499,0.3835807777941227,0.1275966502726078,
0,260816,matched,MATCHED_Rayleigh,RNND_Zhu,7030,0.30149591341614723,0.23356521502137184,0.06793069932609797,
0,260816,matched,MATCHED_Rayleigh,RNND_Zhu,7031,0.3084985464811325,0.24114300310611725,0.06735553778707981,
0,260816,matched,MATCHED_Rayleigh,RNND_Zhu,7032,0.6984481066465378,0.5260210037231445,0.17242711782455444,
0,260816,matched,MATCHED_Rayleigh,RNND_Zhu,7033,0.48010650277137756,0.37562164664268494,0.10448484122753143,
0,260816,matched,MATCHED_Rayleigh,RNND_Zhu,7034,0.4893268570303917,0.37255003303289413,0.11677681468427181,
0,260816,matched,MATCHED_Rayleigh,RNND_Zhu,7035,0.3870740309357643,0.2951021045446396,0.09197192825376987,
0,260816,matched,MATCHED_Rayleigh,RNND_Zhu,7036,0.4893300235271454,0.3678433857858181,0.12148663587868214,
0,260816,matched,MATCHED_Rayleigh,RNND_Zhu,7037,0.45254404097795486,0.34152673929929733,0.11101731937378645,
0,260816,matched,MATCHED_Rayleigh,RNND_Zhu,7038,0.4975031167268753,0.38114989548921585,0.11635323334485292,
0,260816,matched,MATCHED_Rayleigh,RNND_Zhu,7039,0.512230034917593,0.3839152194559574,0.12831481266766787,
0,260816,matched,MATCHED_Rayleigh,RNND_Zhu,7040,0.442174568772316,0.3365320414304733,0.10564251709729433,
0,260816,matched,MATCHED_Rayleigh,RNND_Zhu,7041,0.4297182261943817,0.3262839540839195,0.10343426652252674,
0,260816,matched,MATCHED_Rayleigh,RNND_Zhu,7042,0.4188534766435623,0.32130199670791626,0.09755148459225893,
0,260816,matched,MATCHED_Rayleigh,RNND_Zhu,7043,0.42729003727436066,0.3250732757151127,0.10221676994115114,
0,260816,matched,MATCHED_Rayleigh,RNND_Zhu,7044,0.4755270257592201,0.36067645996809006,0.11485056206583977,
0,260816,matched,MATCHED_Rayleigh,RNND_Zhu,7045,0.5150962769985199,0.38993897289037704,0.125157305970788,
0,260816,matched,MATCHED_Rayleigh,RNND_Zhu,7046,0.4812295734882355,0.3634483590722084,0.11778122000396252,
0,260816,matched,MATCHED_Rayleigh,RNND_Zhu,7047,0.5637873858213425,0.42563167959451675,0.13815569877624512,
0,260816,matched,MATCHED_Rayleigh,RNND_Zhu,7048,0.47355981916189194,0.36288411915302277,0.11067570745944977,
0,260816,matched,MATCHED_Rayleigh,RNND_Zhu,7049,0.4708508998155594,0.3567292392253876,0.11412166152149439,
0,260816,matched,MATCHED_Rayleigh,RNND_Zhu,7050,0.4877191223204136,0.36495737731456757,0.12276173382997513,
0,260816,matched,MATCHED_Rayleigh,RNND_Zhu,7051,0.5556248873472214,0.4178200885653496,0.1378048174083233,
0,260816,matched,MATCHED_Rayleigh,RNND_Zhu,7052,0.4640982672572136,0.34892216324806213,0.11517610307782888,
0,260816,matched,MATCHED_Rayleigh,RNND_Zhu,7053,0.27759699523448944,0.22125180810689926,0.056345184333622456,
0,260816,matched,MATCHED_Rayleigh,RNND_Zhu,7054,0.5318816527724266,0.4057869128882885,0.1260947398841381,
0,260816,matched,MATCHED_Rayleigh,RNND_Zhu,7055,0.4257756918668747,0.3197217844426632,0.10605389811098576,
0,260816,matched,MATCHED_Rayleigh,RNND_Zhu,7056,0.49104486405849457,0.3653590455651283,0.1256858129054308,
0,260816,matched,MATCHED_Rayleigh,RNND_Zhu,7057,0.5063000917434692,0.3819012865424156,0.12439880333840847,
0,260816,matched,MATCHED_Rayleigh,RNND_Zhu,7058,0.5315908715128899,0.4006761610507965,0.13091471418738365,
0,260816,matched,MATCHED_Rayleigh,RNND_Zhu,7059,0.4816214255988598,0.3613706976175308,0.12025072425603867,
0,260816,matched,MATCHED_Rayleigh,RNND_Zhu,7060,0.48190512508153915,0.3685486391186714,0.11335650086402893,
0,260816,matched,MATCHED_Rayleigh,RNND_Zhu,7061,0.41490190476179123,0.3182424455881119,0.0966594722121954,
0,260816,matched,MATCHED_Rayleigh,RNND_Zhu,7062,0.41318953037261963,0.31510159000754356,0.09808792546391487,
0,260816,matched,MATCHED_Rayleigh,RNND_Zhu,7063,0.3895416408777237,0.29958532750606537,0.08995632268488407,
0,260816,matched,MATCHED_Rayleigh,RNND_Zhu,7064,0.49285849183797836,0.37073900550603867,0.1221194863319397,
0,260816,matched,MATCHED_Rayleigh,RNND_Zhu,7065,0.43859337270259857,0.33042021840810776,0.10817315988242626,
0,260816,matched,MATCHED_Rayleigh,RNND_Zhu,7066,0.4559211805462837,0.34794702380895615,0.10797415673732758,
0,260816,matched,MATCHED_Rayleigh,RNND_Zhu,7067,0.40311646461486816,0.30837006121873856,0.09474639873951674,
0,260816,matched,MATCHED_Rayleigh,RNND_Zhu,7068,0.3241904303431511,0.24778006970882416,0.07641036622226238,
0,260816,matched,MATCHED_Rayleigh,RNND_Zhu,7069,0.4503864571452141,0.34469272941350937,0.10569372680038214,
0,260816,matched,MATCHED_Rayleigh,RNND_Zhu,7070,0.5702458471059799,0.4374290704727173,0.13281678035855293,
0,260816,matched,MATCHED_Rayleigh,RNND_Zhu,7071,0.5916208326816559,0.44419245421886444,0.14742837846279144,
0,260816,matched,MATCHED_Rayleigh,RNND_Zhu,7072,0.49175533652305603,0.3749150410294533,0.1168403010815382,
0,260816,matched,MATCHED_Rayleigh,RNND_Zhu,7073,0.302250511944294,0.23411276936531067,0.0681377425789833,
0,260816,matched,MATCHED_Rayleigh,RNND_Zhu,7074,0.5310682058334351,0.4047268480062485,0.12634135410189629,
0,260816,matched,MATCHED_Rayleigh,RNND_Zhu,7075,0.503259714692831,0.3851638734340668,0.11809584312140942,
0,260816,matched,MATCHED_Rayleigh,RNND_Zhu,7076,0.48546288162469864,0.3681114986538887,0.11735137738287449,
0,260816,matched,MATCHED_Rayleigh,RNND_Zhu,7077,0.4385925307869911,0.3385390527546406,0.10005347430706024,
0,260816,matched,MATCHED_Rayleigh,RNND_Zhu,7078,0.5665200874209404,0.42176057025790215,0.14475950598716736,
0,260816,matched,MATCHED_Rayleigh,RNND_Zhu,7079,0.5374381989240646,0.40248100459575653,0.1349571906030178,
0,260816,matched,MATCHED_Rayleigh,RNND_Zhu,7080,0.5025432407855988,0.3804065212607384,0.12213671673089266,
0,260816,matched,MATCHED_Rayleigh,RNND_Zhu,7081,0.4350583329796791,0.3267199955880642,0.10833833925426006,
0,260816,matched,MATCHED_Rayleigh,RNND_Zhu,7082,0.457956038415432,0.3505895845592022,0.10736645199358463,
0,260816,matched,MATCHED_Rayleigh,RNND_Zhu,7083,0.5572823509573936,0.4179108440876007,0.1393714975565672,
0,260816,matched,MATCHED_Rayleigh,RNND_Zhu,7084,0.530028447508812,0.4017830342054367,0.12824540957808495,
0,260816,matched,MATCHED_Rayleigh,RNND_Zhu,7085,0.5141450986266136,0.3848259188234806,0.1293191770091653,
0,260816,matched,MATCHED_Rayleigh,RNND_Zhu,7086,0.36151402443647385,0.2748672813177109,0.08664674684405327,
0,260816,matched,MATCHED_Rayleigh,RNND_Zhu,7087,0.4777744486927986,0.3656655214726925,0.11210892722010612,
0,260816,matched,MATCHED_Rayleigh,RNND_Zhu,7088,0.45222338289022446,0.33777688443660736,0.1144464984536171,
0,260816,matched,MATCHED_Rayleigh,RNND_Zhu,7089,0.5167429894208908,0.38825294375419617,0.12849005311727524,
0,260816,matched,MATCHED_Rayleigh,RNND_Zhu,7090,0.42554202675819397,0.32327137514948845,0.10227064043283463,
0,260816,matched,MATCHED_Rayleigh,RNND_Zhu,7091,0.4974133148789406,0.37764590233564377,0.11976741813123226,
0,260816,matched,MATCHED_Rayleigh,RNND_Zhu,7092,0.2993745058774948,0.23106006532907486,0.06831444054841995,
0,260816,matched,MATCHED_Rayleigh,RNND_Zhu,7093,0.4799466133117676,0.360287606716156,0.11965900659561157,
0,260816,matched,MATCHED_Rayleigh,RNND_Zhu,7094,0.35144349932670593,0.2709529399871826,0.08049055933952332,
0,260816,matched,MATCHED_Rayleigh,RNND_Zhu,7095,0.47441670298576355,0.36323169991374016,0.1111849918961525,
0,260816,matched,MATCHED_Rayleigh,RNND_Zhu,7096,0.3359338343143463,0.2532809227705002,0.08265291340649128,
0,260816,matched,MATCHED_Rayleigh,RNND_Zhu,7097,0.40131060034036636,0.30631376802921295,0.09499683417379856,
0,260816,matched,MATCHED_Rayleigh,RNND_Zhu,7098,0.3383358120918274,0.25674837082624435,0.08158743940293789,
0,260816,matched,MATCHED_Rayleigh,RNND_Zhu,7099,0.4793936088681221,0.365718599408865,0.11367499269545078,
0,260816,matched,MATCHED_Rayleigh,RNND_Zhu,7100,0.4986415505409241,0.38254495710134506,0.1160966046154499,
0,260816,matched,MATCHED_Rayleigh,RNND_Zhu,7101,0.5745629966259003,0.4323032796382904,0.14225971512496471,
0,260816,matched,MATCHED_Rayleigh,RNND_Zhu,7102,0.4902052767574787,0.37750961259007454,0.11269567254930735,
0,260816,matched,MATCHED_Rayleigh,RNND_Zhu,7103,0.5767861008644104,0.4335981085896492,0.1431879922747612,
0,260816,matched,MATCHED_Rayleigh,RNND_Zhu,7104,0.348837174475193,0.26238566264510155,0.08645151648670435,
0,260816,matched,MATCHED_Rayleigh,RNND_Zhu,7105,0.3331519141793251,0.2535979002714157,0.07955401763319969,
0,260816,matched,MATCHED_Rayleigh,RNND_Zhu,7106,0.35732895135879517,0.2724022641777992,0.0849266815930605,
0,260816,matched,MATCHED_Rayleigh,RNND_Zhu,7107,0.4911860376596451,0.37650565430521965,0.11468037683516741,
0,260816,matched,MATCHED_Rayleigh,RNND_Zhu,7108,0.5864292345941067,0.4456971697509289,0.1407320648431778,
0,260816,matched,MATCHED_Rayleigh,RNND_Zhu,7109,0.3570634722709656,0.270777128636837,0.08628633804619312,
0,260816,matched,MATCHED_Rayleigh,RNND_Zhu,7110,0.526153951883316,0.40059102326631546,0.12556293979287148,
0,260816,matched,MATCHED_Rayleigh,RNND_Zhu,7111,0.412353552877903,0.305821780115366,0.1065317690372467,
0,260816,matched,MATCHED_Rayleigh,RNND_Zhu,7112,0.4548403397202492,0.3496565669775009,0.10518378112465143,
0,260816,matched,MATCHED_Rayleigh,RNND_Zhu,7113,0.4404291808605194,0.336566798388958,0.10386239178478718,
0,260816,matched,MATCHED_Rayleigh,RNND_Zhu,7114,0.3873145580291748,0.29221275821328163,0.09510180726647377,
0,260816,matched,MATCHED_Rayleigh,RNND_Zhu,7115,0.47465772926807404,0.3647528700530529,0.10990485269576311,
0,260816,matched,MATCHED_Rayleigh,RNND_Zhu,7116,0.46941569447517395,0.3496582582592964,0.11975743807852268,
0,260816,matched,MATCHED_Rayleigh,RNND_Zhu,7117,0.42909957468509674,0.3227297179400921,0.10636986512690783,
0,260816,matched,MATCHED_Rayleigh,RNND_Zhu,7118,0.5062368959188461,0.3800552412867546,0.12618165835738182,
0,260816,matched,MATCHED_Rayleigh,RNND_Zhu,7119,0.39422715827822685,0.2952527329325676,0.09897443186491728,
0,260816,matched,MATCHED_Rayleigh,RNND_Zhu,7120,0.5082996785640717,0.38277045637369156,0.1255292259156704,
0,260816,matched,MATCHED_Rayleigh,RNND_Zhu,7121,0.48586292564868927,0.3675852231681347,0.11827770434319973,
0,260816,matched,MATCHED_Rayleigh,RNND_Zhu,7122,0.3080866150557995,0.23763522878289223,0.07045138254761696,
0,260816,matched,MATCHED_Rayleigh,RNND_Zhu,7123,0.652995228767395,0.4941660016775131,0.1588292233645916,
0,260816,matched,MATCHED_Rayleigh,RNND_Zhu,7124,0.46159762889146805,0.35067766159772873,0.1109199644997716,
0,260816,matched,MATCHED_Rayleigh,RNND_Zhu,7125,0.3796684890985489,0.2890562638640404,0.09061222523450851,
0,260816,matched,MATCHED_Rayleigh,RNND_Zhu,7126,0.5469308346509933,0.4105067141354084,0.1364241261035204,
0,260816,matched,MATCHED_Rayleigh,RNND_Zhu,7127,0.617071807384491,0.4607635363936424,0.1563082691282034,
0,260816,matched,MATCHED_Rayleigh,RNND_Zhu,7128,0.44234534353017807,0.3361128829419613,0.10623247176408768,
0,260816,matched,MATCHED_Rayleigh,RNND_Zhu,7129,0.5326776057481766,0.4008123055100441,0.13186530768871307,
0,260816,matched,MATCHED_Rayleigh,RNND_Zhu,7130,0.42907053604722023,0.3306008204817772,0.09846970997750759,
0,260816,matched,MATCHED_Rayleigh,RNND_Zhu,7131,0.4970100373029709,0.3800979554653168,0.11691208370029926,
0,260816,matched,MATCHED_Rayleigh,RNND_Zhu,7132,0.42053378373384476,0.318880096077919,0.10165368299931288,
0,260816,matched,MATCHED_Rayleigh,RNND_Zhu,7133,0.5440361425280571,0.41845229268074036,0.1255838368088007,
0,260816,matched,MATCHED_Rayleigh,RNND_Zhu,7134,0.4626319855451584,0.3479197099804878,0.11471226811408997,
0,260816,matched,MATCHED_Rayleigh,RNND_Zhu,7135,0.3159201741218567,0.24561048671603203,0.07030968554317951,
0,260816,matched,MATCHED_Rayleigh,RNND_Zhu,7136,0.4477018043398857,0.33183368295431137,0.11586812511086464,
0,260816,matched,MATCHED_Rayleigh,RNND_Zhu,7137,0.5484633818268776,0.41332197189331055,0.13514140620827675,
0,260816,matched,MATCHED_Rayleigh,RNND_Zhu,7138,0.49875298887491226,0.37631233036518097,0.12244065664708614,
0,260816,matched,MATCHED_Rayleigh,RNND_Zhu,7139,0.4491787999868393,0.34072843194007874,0.10845036618411541,
0,260816,matched,MATCHED_Rayleigh,RNND_Zhu,7140,0.32182759419083595,0.2501080259680748,0.07171957474201918,
0,260816,matched,MATCHED_Rayleigh,RNND_Zhu,7141,0.38687028735876083,0.2931528277695179,0.09371746145188808,
0,260816,matched,MATCHED_Rayleigh,RNND_Zhu,7142,0.4330674707889557,0.3283599093556404,0.104707564227283,
0,260816,matched,MATCHED_Rayleigh,RNND_Zhu,7143,0.5131796821951866,0.3786408379673958,0.13453884050250053,
0,260816,matched,MATCHED_Rayleigh,RNND_Zhu,7144,0.4842817336320877,0.359371542930603,0.12491019070148468,
0,260816,matched,MATCHED_Rayleigh,RNND_Zhu,7145,0.4982525035738945,0.37681425362825394,0.12143823318183422,
0,260816,matched,MATCHED_Rayleigh,RNND_Zhu,7146,0.5636336207389832,0.4250441864132881,0.13858942314982414,
0,260816,matched,MATCHED_Rayleigh,RNND_Zhu,7147,0.4802948608994484,0.36879515647888184,0.11149970628321171,
0,260816,matched,MATCHED_Rayleigh,RNND_Zhu,7148,0.5896303579211235,0.44672878086566925,0.14290157798677683,
0,260816,matched,MATCHED_Rayleigh,RNND_Zhu,7149,0.5099551603198051,0.3813934847712517,0.1285616885870695,
0,260816,matched,MATCHED_Rayleigh,RNND_Zhu,7150,0.4108807146549225,0.30722659826278687,0.10365410707890987,
0,260816,matched,MATCHED_Rayleigh,RNND_Zhu,7151,0.6696801632642746,0.5064298063516617,0.16325035877525806,
0,260816,matched,MATCHED_Rayleigh,RNND_Zhu,7152,0.5270616635680199,0.39729050546884537,0.12977115996181965,
0,260816,matched,MATCHED_Rayleigh,RNND_Zhu,7153,0.38862625882029533,0.2887438125908375,0.09988244157284498,
0,260816,matched,MATCHED_Rayleigh,RNND_Zhu,7154,0.5067721828818321,0.3913716971874237,0.11540048383176327,
0,260816,matched,MATCHED_Rayleigh,RNND_Zhu,7155,0.4562438279390335,0.3494153916835785,0.10682842880487442,
0,260816,matched,MATCHED_Rayleigh,RNND_Zhu,7156,0.39396508783102036,0.30048389732837677,0.09348118305206299,
0,260816,matched,MATCHED_Rayleigh,RNND_Zhu,7157,0.4079177528619766,0.31654728576540947,0.09137046430259943,
0,260816,matched,MATCHED_Rayleigh,RNND_Zhu,7158,0.46359995752573013,0.35521550476551056,0.10838445276021957,
0,260816,matched,MATCHED_Rayleigh,RNND_Zhu,7159,0.48129763826727867,0.36577122285962105,0.1155264051631093,
0,260816,matched,MATCHED_Rayleigh,RNND_Zhu,7160,0.4413644000887871,0.3314426429569721,0.10992176365107298,
0,260816,matched,MATCHED_Rayleigh,RNND_Zhu,7161,0.3813859224319458,0.2922649160027504,0.08912100177258253,
0,260816,matched,MATCHED_Rayleigh,RNND_Zhu,7162,0.5022187754511833,0.38428502529859543,0.11793375574052334,
0,260816,matched,MATCHED_Rayleigh,RNND_Zhu,7163,0.4824719801545143,0.36904146149754524,0.11343050934374332,
0,260816,matched,MATCHED_Rayleigh,RNND_Zhu,7164,0.4424824193120003,0.3355589881539345,0.10692341811954975,
0,260816,matched,MATCHED_Rayleigh,RNND_Zhu,7165,0.5352834537625313,0.4088888354599476,0.1263946145772934,
0,260816,matched,MATCHED_Rayleigh,RNND_Zhu,7166,0.5458564795553684,0.4163646921515465,0.12949180137366056,
0,260816,matched,MATCHED_Rayleigh,RNND_Zhu,7167,0.5778827965259552,0.43687788397073746,0.14100490882992744,
0,260816,matched,MATCHED_Rayleigh,RNND_Zhu,7168,0.3976694718003273,0.30169010162353516,0.0959793720394373,
0,260816,matched,MATCHED_Rayleigh,RNND_Zhu,7169,0.5265841595828533,0.39997807145118713,0.12660609930753708,
0,260816,matched,MATCHED_Rayleigh,RNND_Zhu,7170,0.37646330147981644,0.29072773084044456,0.08573557063937187,
0,260816,matched,MATCHED_Rayleigh,RNND_Zhu,7171,0.43068522214889526,0.3297261744737625,0.10095904394984245,
0,260816,matched,MATCHED_Rayleigh,RNND_Zhu,7172,0.3969682529568672,0.30373823642730713,0.0932300053536892,
0,260816,matched,MATCHED_Rayleigh,RNND_Zhu,7173,0.45511801540851593,0.34640996903181076,0.10870804823935032,
0,260816,matched,MATCHED_Rayleigh,RNND_Zhu,7174,0.29498106986284256,0.22981276363134384,0.06516831740736961,
0,260816,matched,MATCHED_Rayleigh,RNND_Zhu,7175,0.4819425791501999,0.3638192191720009,0.11812335811555386,
0,260816,matched,MATCHED_Rayleigh,RNND_Zhu,7176,0.46341101825237274,0.34629057347774506,0.11712044104933739,
0,260816,matched,MATCHED_Rayleigh,RNND_Zhu,7177,0.47947849333286285,0.3653729781508446,0.11410550400614738,
0,260816,matched,MATCHED_Rayleigh,RNND_Zhu,7178,0.4826525002717972,0.37037143111228943,0.11228106543421745,
0,260816,matched,MATCHED_Rayleigh,RNND_Zhu,7179,0.5688344091176987,0.43218088895082474,0.13665351085364819,
0,260816,matched,MATCHED_Rayleigh,RNND_Zhu,7180,0.5120516866445541,0.3872234523296356,0.12482824921607971,
0,260816,matched,MATCHED_Rayleigh,RNND_Zhu,7181,0.43355050310492516,0.32935870438814163,0.10419178940355778,
0,260816,matched,MATCHED_Rayleigh,RNND_Zhu,7182,0.3319215476512909,0.2522616945207119,0.07965985592454672,
0,260816,matched,MATCHED_Rayleigh,RNND_Zhu,7183,0.4767879396677017,0.35376186296343803,0.12302608601748943,
0,260816,matched,MATCHED_Rayleigh,RNND_Zhu,7184,0.4896363765001297,0.37445760518312454,0.1151787806302309,
0,260816,matched,MATCHED_Rayleigh,RNND_Zhu,7185,0.49524156004190445,0.377887561917305,0.11735400184988976,
0,260816,matched,MATCHED_Rayleigh,RNND_Zhu,7186,0.5496873036026955,0.4134305864572525,0.13625669851899147,
0,260816,matched,MATCHED_Rayleigh,RNND_Zhu,7187,0.4911996200680733,0.37301696091890335,0.11818265449255705,
0,260816,matched,MATCHED_Rayleigh,RNND_Zhu,7188,0.3860996477305889,0.2980436645448208,0.0880559841170907,
0,260816,matched,MATCHED_Rayleigh,RNND_Zhu,7189,0.47010044753551483,0.35336732119321823,0.11673313193023205,
0,260816,matched,MATCHED_Rayleigh,RNND_Zhu,7190,0.6361241936683655,0.4817277118563652,0.15439647436141968,
0,260816,matched,MATCHED_Rayleigh,RNND_Zhu,7191,0.5222397446632385,0.39684052765369415,0.12539921328425407,
0,260816,matched,MATCHED_Rayleigh,RNND_Zhu,7192,0.4376131668686867,0.33142659068107605,0.10618656873703003,
0,260816,matched,MATCHED_Rayleigh,RNND_Zhu,7193,0.38589104264974594,0.2930776998400688,0.09281334839761257,
0,260816,matched,MATCHED_Rayleigh,RNND_Zhu,7194,0.48402247577905655,0.3617643788456917,0.12225809134542942,
0,260816,matched,MATCHED_Rayleigh,RNND_Zhu,7195,0.35028189048171043,0.2643326371908188,0.0859492551535368,
0,260816,matched,MATCHED_Rayleigh,RNND_Zhu,7196,0.37129100412130356,0.28708717226982117,0.08420383092015982,
0,260816,matched,MATCHED_Rayleigh,RNND_Zhu,7197,0.556414607912302,0.42422449588775635,0.13219011947512627,
0,260816,matched,MATCHED_Rayleigh,RNND_Zhu,7198,0.35834356769919395,0.27286919951438904,0.08547437191009521,
0,260816,matched,MATCHED_Rayleigh,RNND_Zhu,7199,0.4843273460865021,0.35995853692293167,0.1243688091635704,
0,260816,matched,MATCHED_Rayleigh,RNND_Zhu,7200,0.4792563393712044,0.3611401468515396,0.11811619438230991,-0.7745459434894008
0,260816,matched,MATCHED_Rayleigh,RNND_Zhu,7201,0.2951679825782776,0.2248133011162281,0.07035467773675919,
0,260816,matched,MATCHED_Rayleigh,RNND_Zhu,7202,0.5975436121225357,0.45138079673051834,0.14616281911730766,
0,260816,matched,MATCHED_Rayleigh,RNND_Zhu,7203,0.49119433760643005,0.3715853691101074,0.11960897967219353,
0,260816,matched,MATCHED_Rayleigh,RNND_Zhu,7204,0.4770803190767765,0.358257494866848,0.11882282048463821,
0,260816,matched,MATCHED_Rayleigh,RNND_Zhu,7205,0.5977726355195045,0.45562343299388885,0.1421491950750351,
0,260816,matched,MATCHED_Rayleigh,RNND_Zhu,7206,0.46358389407396317,0.34585510939359665,0.11772877164185047,
0,260816,matched,MATCHED_Rayleigh,RNND_Zhu,7207,0.40623894333839417,0.3085194528102875,0.09771948307752609,
0,260816,matched,MATCHED_Rayleigh,RNND_Zhu,7208,0.49783284962177277,0.3744247443974018,0.12340809963643551,
0,260816,matched,MATCHED_Rayleigh,RNND_Zhu,7209,0.4835468828678131,0.3658207207918167,0.117726169526577,
0,260816,matched,MATCHED_Rayleigh,RNND_Zhu,7210,0.5575331076979637,0.4180327281355858,0.13950037956237793,
0,260816,matched,MATCHED_Rayleigh,RNND_Zhu,7211,0.6299549415707588,0.48297494649887085,0.14697999320924282,
0,260816,matched,MATCHED_Rayleigh,RNND_Zhu,7212,0.39474324882030487,0.3026113547384739,0.09213189035654068,
0,260816,matched,MATCHED_Rayleigh,RNND_Zhu,7213,0.35710444673895836,0.27432697638869286,0.08277747314423323,
0,260816,matched,MATCHED_Rayleigh,RNND_Zhu,7214,0.44261589646339417,0.3389545567333698,0.10366134345531464,
0,260816,matched,MATCHED_Rayleigh,RNND_Zhu,7215,0.47404809668660164,0.35507509857416153,0.11897299904376268,
0,260816,matched,MATCHED_Rayleigh,RNND_Zhu,7216,0.6113401800394058,0.46245814487338066,0.14888201747089624,
0,260816,matched,MATCHED_Rayleigh,RNND_Zhu,7217,0.40410834550857544,0.31071440130472183,0.09339394979178905,
0,260816,matched,MATCHED_Rayleigh,RNND_Zhu,7218,0.5118320882320404,0.38299456238746643,0.12883753143250942,
0,260816,matched,MATCHED_Rayleigh,RNND_Zhu,7219,0.5137314200401306,0.3857124075293541,0.12801899760961533,
0,260816,matched,MATCHED_Rayleigh,RNND_Zhu,7220,0.47177424281835556,0.36037036776542664,0.11140387877821922,
0,260816,matched,MATCHED_Rayleigh,RNND_Zhu,7221,0.4266948476433754,0.32568418234586716,0.10101066902279854,
0,260816,matched,MATCHED_Rayleigh,RNND_Zhu,7222,0.4271872490644455,0.3299805745482445,0.09720666892826557,
0,260816,matched,MATCHED_Rayleigh,RNND_Zhu,7223,0.4648810476064682,0.3541348800063133,0.11074616573750973,
0,260816,matched,MATCHED_Rayleigh,RNND_Zhu,7224,0.4096073508262634,0.31267039477825165,0.09693695977330208,
0,260816,matched,MATCHED_Rayleigh,RNND_Zhu,7225,0.4204312339425087,0.3210202157497406,0.0994110219180584,
0,260816,matched,MATCHED_Rayleigh,RNND_Zhu,7226,0.3556286096572876,0.2753250412642956,0.08030356001108885,
0,260816,matched,MATCHED_Rayleigh,RNND_Zhu,7227,0.5116763710975647,0.3851024955511093,0.12657389044761658,
0,260816,matched,MATCHED_Rayleigh,RNND_Zhu,7228,0.5602010786533356,0.4169854000210762,0.14321567490696907,
0,260816,matched,MATCHED_Rayleigh,RNND_Zhu,7229,0.5582298710942268,0.423012875020504,0.13521699979901314,
0,260816,matched,MATCHED_Rayleigh,RNND_Zhu,7230,0.4349325820803642,0.33591220527887344,0.09902038425207138,
0,260816,matched,MATCHED_Rayleigh,RNND_Zhu,7231,0.43380754441022873,0.33479948341846466,0.09900806099176407,
0,260816,matched,MATCHED_Rayleigh,RNND_Zhu,7232,0.4961300417780876,0.3765505254268646,0.11957951635122299,
0,260816,matched,MATCHED_Rayleigh,RNND_Zhu,7233,0.3142335042357445,0.23963559418916702,0.074597904458642,
0,260816,matched,MATCHED_Rayleigh,RNND_Zhu,7234,0.393998846411705,0.2993651442229748,0.09463369660079479,
0,260816,matched,MATCHED_Rayleigh,RNND_Zhu,7235,0.5805129632353783,0.4343454986810684,0.14616746827960014,
0,260816,matched,MATCHED_Rayleigh,RNND_Zhu,7236,0.41491030901670456,0.3196219354867935,0.09528837725520134,
0,260816,matched,MATCHED_Rayleigh,RNND_Zhu,7237,0.4480901062488556,0.34381117299199104,0.10427893977612257,
0,260816,matched,MATCHED_Rayleigh,RNND_Zhu,7238,0.5529132857918739,0.42161402106285095,0.13129925541579723,
0,260816,matched,MATCHED_Rayleigh,RNND_Zhu,7239,0.5806006863713264,0.43463579565286636,0.14596489630639553,
0,260816,matched,MATCHED_Rayleigh,RNND_Zhu,7240,0.3729373589158058,0.2818317711353302,0.09110558591783047,
0,260816,matched,MATCHED_Rayleigh,RNND_Zhu,7241,0.41399528086185455,0.3181214705109596,0.09587381966412067,
0,260816,matched,MATCHED_Rayleigh,RNND_Zhu,7242,0.3804703876376152,0.2904910519719124,0.08997933566570282,
0,260816,matched,MATCHED_Rayleigh,RNND_Zhu,7243,0.5795090794563293,0.43406323343515396,0.14544584229588509,
0,260816,matched,MATCHED_Rayleigh,RNND_Zhu,7244,0.45850157737731934,0.3518366664648056,0.10666490253061056,
0,260816,matched,MATCHED_Rayleigh,RNND_Zhu,7245,0.47503118962049484,0.36523081362247467,0.10980039089918137,
0,260816,matched,MATCHED_Rayleigh,RNND_Zhu,7246,0.5383042767643929,0.4089823290705681,0.12932194862514734,
0,260816,matched,MATCHED_Rayleigh,RNND_Zhu,7247,0.4626799374818802,0.35631999745965004,0.1063599456101656,
0,260816,matched,MATCHED_Rayleigh,RNND_Zhu,7248,0.57357457280159,0.43572209775447845,0.1378524610772729,
0,260816,matched,MATCHED_Rayleigh,RNND_Zhu,7249,0.5543468147516251,0.41882242262363434,0.13552438840270042,
0,260816,matched,MATCHED_Rayleigh,RNND_Zhu,7250,0.562655046582222,0.4237059913575649,0.13894905429333448,
0,260816,matched,MATCHED_Rayleigh,RNND_Zhu,7251,0.4575793743133545,0.3490794152021408,0.10849996376782656,
0,260816,matched,MATCHED_Rayleigh,RNND_Zhu,7252,0.41411060094833374,0.3179839327931404,0.09612666256725788,
0,260816,matched,MATCHED_Rayleigh,RNND_Zhu,7253,0.3944525681436062,0.3027382753789425,0.09171428438276052,
0,260816,matched,MATCHED_Rayleigh,RNND_Zhu,7254,0.45698969066143036,0.34287232905626297,0.11411735787987709,
0,260816,matched,MATCHED_Rayleigh,RNND_Zhu,7255,0.5847585797309875,0.4394795522093773,0.14527903124690056,
0,260816,matched,MATCHED_Rayleigh,RNND_Zhu,7256,0.5438070744276047,0.41156794130802155,0.13223914429545403,
0,260816,matched,MATCHED_Rayleigh,RNND_Zhu,7257,0.42772577330470085,0.31953948736190796,0.10818628594279289,
0,260816,matched,MATCHED_Rayleigh,RNND_Zhu,7258,0.5537307411432266,0.42162469774484634,0.13210604153573513,
0,260816,matched,MATCHED_Rayleigh,RNND_Zhu,7259,0.4053274765610695,0.30750425159931183,0.09782322868704796,
0,260816,matched,MATCHED_Rayleigh,RNND_Zhu,7260,0.4745144136250019,0.35765793919563293,0.11685646511614323,
0,260816,matched,MATCHED_Rayleigh,RNND_Zhu,7261,0.5501701086759567,0.4210760369896889,0.12909407913684845,
0,260816,matched,MATCHED_Rayleigh,RNND_Zhu,7262,0.33640826866030693,0.2632615864276886,0.07314667198807001,
0,260816,matched,MATCHED_Rayleigh,RNND_Zhu,7263,0.5352300703525543,0.4051217958331108,0.1301082782447338,
0,260816,matched,MATCHED_Rayleigh,RNND_Zhu,7264,0.35863009840250015,0.26547379791736603,0.0931563014164567,
0,260816,matched,MATCHED_Rayleigh,RNND_Zhu,7265,0.612360842525959,0.46514900028705597,0.14721183478832245,
0,260816,matched,MATCHED_Rayleigh,RNND_Zhu,7266,0.5422029942274094,0.41354332119226456,0.1286596804857254,
0,260816,matched,MATCHED_Rayleigh,RNND_Zhu,7267,0.3343491479754448,0.2570062465965748,0.07734290137887001,
0,260816,matched,MATCHED_Rayleigh,RNND_Zhu,7268,0.540468480437994,0.40759844332933426,0.13287004549056292,
0,260816,matched,MATCHED_Rayleigh,RNND_Zhu,7269,0.545147493481636,0.4119596481323242,0.13318785093724728,
0,260816,matched,MATCHED_Rayleigh,RNND_Zhu,7270,0.3919105678796768,0.29530754685401917,0.09660300426185131,
0,260816,matched,MATCHED_Rayleigh,RNND_Zhu,7271,0.5189882591366768,0.38993779569864273,0.12905045878142118,
0,260816,matched,MATCHED_Rayleigh,RNND_Zhu,7272,0.4493972882628441,0.34122809395194054,0.10816919803619385,
0,260816,matched,MATCHED_Rayleigh,RNND_Zhu,7273,0.3850548639893532,0.29516512900590897,0.08988974057137966,
0,260816,matched,MATCHED_Rayleigh,RNND_Zhu,7274,0.5147048532962799,0.39425434172153473,0.12045051157474518,
0,260816,matched,MATCHED_Rayleigh,RNND_Zhu,7275,0.5027095004916191,0.3838565871119499,0.11885291710495949,
0,260816,matched,MATCHED_Rayleigh,RNND_Zhu,7276,0.552774578332901,0.42025820538401604,0.1325163785368204,
0,260816,matched,MATCHED_Rayleigh,RNND_Zhu,7277,0.36988722532987595,0.276663601398468,0.09322362393140793,
0,260816,matched,MATCHED_Rayleigh,RNND_Zhu,7278,0.37090514227747917,0.2834986746311188,0.0874064676463604,
0,260816,matched,MATCHED_Rayleigh,RNND_Zhu,7279,0.3413037098944187,0.2635391689836979,0.07776453625410795,
0,260816,matched,MATCHED_Rayleigh,RNND_Zhu,7280,0.5542856678366661,0.4209628403186798,0.1333228312432766,
0,260816,matched,MATCHED_Rayleigh,RNND_Zhu,7281,0.4613841772079468,0.3478139713406563,0.1135702021420002,
0,260816,matched,MATCHED_Rayleigh,RNND_Zhu,7282,0.4698442816734314,0.3527435176074505,0.11710076779127121,
0,260816,matched,MATCHED_Rayleigh,RNND_Zhu,7283,0.43306726962327957,0.33650678023695946,0.09656048286706209,
0,260816,matched,MATCHED_Rayleigh,RNND_Zhu,7284,0.5682190842926502,0.43296796828508377,0.13525109831243753,
0,260816,matched,MATCHED_Rayleigh,RNND_Zhu,7285,0.4309067018330097,0.3292123004794121,0.10169440414756536,
0,260816,matched,MATCHED_Rayleigh,RNND_Zhu,7286,0.4124165028333664,0.31842000037431717,0.09399650245904922,
0,260816,matched,MATCHED_Rayleigh,RNND_Zhu,7287,0.4283595271408558,0.3304735757410526,0.09788595791906118,
0,260816,matched,MATCHED_Rayleigh,RNND_Zhu,7288,0.4650571718811989,0.35790401697158813,0.10715314745903015,
0,260816,matched,MATCHED_Rayleigh,RNND_Zhu,7289,0.5391360968351364,0.4029187448322773,0.1362173669040203,
0,260816,matched,MATCHED_Rayleigh,RNND_Zhu,7290,0.42626112699508667,0.33158812671899796,0.09467300958931446,
0,260816,matched,MATCHED_Rayleigh,RNND_Zhu,7291,0.2501363046467304,0.1974240206182003,0.052712283097207546,
0,260816,matched,MATCHED_Rayleigh,RNND_Zhu,7292,0.23918844386935234,0.1874963864684105,0.05169205740094185,
0,260816,matched,MATCHED_Rayleigh,RNND_Zhu,7293,0.6734160929918289,0.5054479762911797,0.16796812042593956,
0,260816,matched,MATCHED_Rayleigh,RNND_Zhu,7294,0.3918907940387726,0.2991839125752449,0.09270687587559223,
0,260816,matched,MATCHED_Rayleigh,RNND_Zhu,7295,0.5266831293702126,0.39482662081718445,0.1318565085530281,
0,260816,matched,MATCHED_Rayleigh,RNND_Zhu,7296,0.4839687868952751,0.3639870062470436,0.11998176574707031,
0,260816,matched,MATCHED_Rayleigh,RNND_Zhu,7297,0.37880125641822815,0.2927851267158985,0.08601612411439419,
0,260816,matched,MATCHED_Rayleigh,RNND_Zhu,7298,0.4911609888076782,0.375064130872488,0.1160968653857708,
0,260816,matched,MATCHED_Rayleigh,RNND_Zhu,7299,0.4663528576493263,0.35574623942375183,0.11060663685202599,
0,260816,matched,MATCHED_Rayleigh,RNND_Zhu,7300,0.44826947152614594,0.3434740751981735,0.10479540750384331,
0,260816,matched,MATCHED_Rayleigh,RNND_Zhu,7301,0.3618832677602768,0.2781401127576828,0.08374316059052944,
0,260816,matched,MATCHED_Rayleigh,RNND_Zhu,7302,0.4049436189234257,0.30483178794384,0.10011184308677912,
0,260816,matched,MATCHED_Rayleigh,RNND_Zhu,7303,0.533404104411602,0.4015268534421921,0.13187724724411964,
0,260816,matched,MATCHED_Rayleigh,RNND_Zhu,7304,0.4719126969575882,0.3520716279745102,0.11984107457101345,
0,260816,matched,MATCHED_Rayleigh,RNND_Zhu,7305,0.5019963458180428,0.379011332988739,0.12298500537872314,
0,260816,matched,MATCHED_Rayleigh,RNND_Zhu,7306,0.6495340317487717,0.49922122061252594,0.15031281113624573,
0,260816,matched,MATCHED_Rayleigh,RNND_Zhu,7307,0.3758758455514908,0.2879815362393856,0.08789431862533092,
0,260816,matched,MATCHED_Rayleigh,RNND_Zhu,7308,0.46083876490592957,0.3449877053499222,0.11585106328129768,
0,260816,matched,MATCHED_Rayleigh,RNND_Zhu,7309,0.5210960805416107,0.3888827711343765,0.13221330381929874,
0,260816,matched,MATCHED_Rayleigh,RNND_Zhu,7310,0.6259521991014481,0.46819495409727097,0.157757256180048,
0,260816,matched,MATCHED_Rayleigh,RNND_Zhu,7311,0.49832509458065033,0.3792242258787155,0.11910086497664452,
0,260816,matched,MATCHED_Rayleigh,RNND_Zhu,7312,0.5135588869452477,0.38692209124565125,0.12663678638637066,
0,260816,matched,MATCHED_Rayleigh,RNND_Zhu,7313,0.4836222901940346,0.36795613169670105,0.1156661668792367,
0,260816,matched,MATCHED_Rayleigh,RNND_Zhu,7314,0.56623175740242,0.42118842899799347,0.14504333958029747,
0,260816,matched,MATCHED_Rayleigh,RNND_Zhu,7315,0.5033063590526581,0.3813974894583225,0.12190885841846466,
0,260816,matched,MATCHED_Rayleigh,RNND_Zhu,7316,0.5143672972917557,0.39466723799705505,0.11970007233321667,
0,260816,matched,MATCHED_Rayleigh,RNND_Zhu,7317,0.3648717924952507,0.27681970223784447,0.08805208466947079,
0,260816,matched,MATCHED_Rayleigh,RNND_Zhu,7318,0.4151822477579117,0.3179493099451065,0.09723293967545033,
0,260816,matched,MATCHED_Rayleigh,RNND_Zhu,7319,0.47321245074272156,0.35846249386668205,0.1147499606013298,
0,260816,matched,MATCHED_Rayleigh,RNND_Zhu,7320,0.5965544432401657,0.44403906911611557,0.15251536667346954,
0,260816,matched,MATCHED_Rayleigh,RNND_Zhu,7321,0.49841877818107605,0.3805791437625885,0.11783963348716497,
0,260816,matched,MATCHED_Rayleigh,RNND_Zhu,7322,0.47548846900463104,0.361687358468771,0.11380111612379551,
0,260816,matched,MATCHED_Rayleigh,RNND_Zhu,7323,0.547779344022274,0.4118177406489849,0.13596158660948277,
0,260816,matched,MATCHED_Rayleigh,RNND_Zhu,7324,0.6145035028457642,0.46095144003629684,0.15355206653475761,
0,260816,matched,MATCHED_Rayleigh,RNND_Zhu,7325,0.3230297639966011,0.24408981949090958,0.07893995009362698,
0,260816,matched,MATCHED_Rayleigh,RNND_Zhu,7326,0.32267675921320915,0.25010087713599205,0.0725758783519268,
0,260816,matched,MATCHED_Rayleigh,RNND_Zhu,7327,0.2526359148323536,0.19128817319869995,0.06134773697704077,
0,260816,matched,MATCHED_Rayleigh,RNND_Zhu,7328,0.38794559612870216,0.2938396632671356,0.09410594031214714,
0,260816,matched,MATCHED_Rayleigh,RNND_Zhu,7329,0.5381630510091782,0.4081145003437996,0.13004855811595917,
0,260816,matched,MATCHED_Rayleigh,RNND_Zhu,7330,0.4705711677670479,0.3580036349594593,0.11256753280758858,
0,260816,matched,MATCHED_Rayleigh,RNND_Zhu,7331,0.3746354505419731,0.29017348960042,0.08446196094155312,
0,260816,matched,MATCHED_Rayleigh,RNND_Zhu,7332,0.390217624604702,0.30161210894584656,0.08860552497208118,
0,260816,matched,MATCHED_Rayleigh,RNND_Zhu,7333,0.43012020364403725,0.32168420404195786,0.10843599494546652,
0,260816,matched,MATCHED_Rayleigh,RNND_Zhu,7334,0.3094669058918953,0.24068506807088852,0.06878183595836163,
0,260816,matched,MATCHED_Rayleigh,RNND_Zhu,7335,0.39368705451488495,0.2986469008028507,0.09504016116261482,
0,260816,matched,MATCHED_Rayleigh,RNND_Zhu,7336,0.48056960850954056,0.3623718060553074,0.1181978015229106,
0,260816,matched,MATCHED_Rayleigh,RNND_Zhu,7337,0.5923335999250412,0.4423859715461731,0.14994762651622295,
0,260816,matched,MATCHED_Rayleigh,RNND_Zhu,7338,0.5363034456968307,0.39672546833753586,0.1395779848098755,
0,260816,matched,MATCHED_Rayleigh,RNND_Zhu,7339,0.3635011911392212,0.2784179486334324,0.08508323319256306,
0,260816,matched,MATCHED_Rayleigh,RNND_Zhu,7340,0.6479892358183861,0.4886922612786293,0.15929697826504707,
0,260816,matched,MATCHED_Rayleigh,RNND_Zhu,7341,0.45719577372074127,0.3508591428399086,0.10633662715554237,
0,260816,matched,MATCHED_Rayleigh,RNND_Zhu,7342,0.5555979013442993,0.42243172973394394,0.13316617161035538,
0,260816,matched,MATCHED_Rayleigh,RNND_Zhu,7343,0.4722926840186119,0.35850150883197784,0.11379118636250496,
0,260816,matched,MATCHED_Rayleigh,RNND_Zhu,7344,0.44595540314912796,0.3364246040582657,0.10953080467879772,
0,260816,matched,MATCHED_Rayleigh,RNND_Zhu,7345,0.5461655259132385,0.40902040153741837,0.1371451187878847,
0,260816,matched,MATCHED_Rayleigh,RNND_Zhu,7346,0.42469683289527893,0.3174270763993263,0.10726974904537201,
0,260816,matched,MATCHED_Rayleigh,RNND_Zhu,7347,0.4830060303211212,0.3684341013431549,0.11457192897796631,
0,260816,matched,MATCHED_Rayleigh,RNND_Zhu,7348,0.3901146836578846,0.29765260964632034,0.09246206469833851,
0,260816,matched,MATCHED_Rayleigh,RNND_Zhu,7349,0.5224268659949303,0.3938090354204178,0.1286178156733513,
0,260816,matched,MATCHED_Rayleigh,RNND_Zhu,7350,0.6078197434544563,0.45131010562181473,0.1565096452832222,
0,260816,matched,MATCHED_Rayleigh,RNND_Zhu,7351,0.5509946197271347,0.4193444326519966,0.1316501945257187,
0,260816,matched,MATCHED_Rayleigh,RNND_Zhu,7352,0.5265520215034485,0.40143535286188126,0.12511667050421238,
0,260816,matched,MATCHED_Rayleigh,RNND_Zhu,7353,0.32335949689149857,0.24963504821062088,0.07372445706278086,
0,260816,matched,MATCHED_Rayleigh,RNND_Zhu,7354,0.41964660584926605,0.31730829551815987,0.10233829729259014,
0,260816,matched,MATCHED_Rayleigh,RNND_Zhu,7355,0.3736683204770088,0.2875734902918339,0.08609483204782009,
0,260816,matched,MATCHED_Rayleigh,RNND_Zhu,7356,0.6155214905738831,0.46169427782297134,0.15382720343768597,
0,260816,matched,MATCHED_Rayleigh,RNND_Zhu,7357,0.34930043667554855,0.2695659175515175,0.07973451353609562,
0,260816,matched,MATCHED_Rayleigh,RNND_Zhu,7358,0.39194145053625107,0.2953411415219307,0.09660030622035265,
0,260816,matched,MATCHED_Rayleigh,RNND_Zhu,7359,0.4647285006940365,0.3508972115814686,0.1138312891125679,
0,260816,matched,MATCHED_Rayleigh,RNND_Zhu,7360,0.31080878898501396,0.24233343824744225,0.06847536005079746,
0,260816,matched,MATCHED_Rayleigh,RNND_Zhu,7361,0.3464989401400089,0.2646026611328125,0.08189627062529325,
0,260816,matched,MATCHED_Rayleigh,RNND_Zhu,7362,0.6178367882966995,0.4662518948316574,0.15158489346504211,
0,260816,matched,MATCHED_Rayleigh,RNND_Zhu,7363,0.6814769506454468,0.5145605653524399,0.1669163778424263,
0,260816,matched,MATCHED_Rayleigh,RNND_Zhu,7364,0.5583883821964264,0.42384156212210655,0.13454682938754559,
0,260816,matched,MATCHED_Rayleigh,RNND_Zhu,7365,0.5888036340475082,0.4459861144423485,0.14281753078103065,
0,260816,matched,MATCHED_Rayleigh,RNND_Zhu,7366,0.6161377392709255,0.4630995914340019,0.1530381515622139,
0,260816,matched,MATCHED_Rayleigh,RNND_Zhu,7367,0.3494877517223358,0.26860564574599266,0.0808821078389883,
0,260816,matched,MATCHED_Rayleigh,RNND_Zhu,7368,0.6667008474469185,0.50311229377985,0.16358855739235878,
0,260816,matched,MATCHED_Rayleigh,RNND_Zhu,7369,0.5427816286683083,0.4180133417248726,0.12476828135550022,
0,260816,matched,MATCHED_Rayleigh,RNND_Zhu,7370,0.37930355221033096,0.29274795576930046,0.08655560202896595,
0,260816,matched,MATCHED_Rayleigh,RNND_Zhu,7371,0.5967857465147972,0.455556757748127,0.14122898690402508,
0,260816,matched,MATCHED_Rayleigh,RNND_Zhu,7372,0.2925671562552452,0.22660568729043007,0.06596146896481514,
0,260816,matched,MATCHED_Rayleigh,RNND_Zhu,7373,0.3618618883192539,0.27329353615641594,0.08856835030019283,
0,260816,matched,MATCHED_Rayleigh,RNND_Zhu,7374,0.32311776280403137,0.24979061633348465,0.07332714647054672,
0,260816,matched,MATCHED_Rayleigh,RNND_Zhu,7375,0.5502421036362648,0.4121868833899498,0.1380552165210247,
0,260816,matched,MATCHED_Rayleigh,RNND_Zhu,7376,0.4586668089032173,0.3455655798316002,0.11310121789574623,
0,260816,matched,MATCHED_Rayleigh,RNND_Zhu,7377,0.4473208338022232,0.33572036772966385,0.11160045862197876,
0,260816,matched,MATCHED_Rayleigh,RNND_Zhu,7378,0.46937455981969833,0.3572743684053421,0.11210018768906593,
0,260816,matched,MATCHED_Rayleigh,RNND_Zhu,7379,0.3006933331489563,0.23371504619717598,0.06697828229516745,
0,260816,matched,MATCHED_Rayleigh,RNND_Zhu,7380,0.5138658732175827,0.3866474851965904,0.12721838802099228,
0,260816,matched,MATCHED_Rayleigh,RNND_Zhu,7381,0.446632020175457,0.3454713225364685,0.10116070508956909,
0,260816,matched,MATCHED_Rayleigh,RNND_Zhu,7382,0.3801945298910141,0.2910250090062618,0.0891695162281394,
0,260816,matched,MATCHED_Rayleigh,RNND_Zhu,7383,0.6107307225465775,0.4582216963171959,0.15250904113054276,
0,260816,matched,MATCHED_Rayleigh,RNND_Zhu,7384,0.45842741429805756,0.34925102442502975,0.1091763861477375,
0,260816,matched,MATCHED_Rayleigh,RNND_Zhu,7385,0.4911610260605812,0.3679702579975128,0.12319077271968126,
0,260816,matched,MATCHED_Rayleigh,RNND_Zhu,7386,0.3087288998067379,0.2381799779832363,0.07054892182350159,
0,260816,matched,MATCHED_Rayleigh,RNND_Zhu,7387,0.5974628999829292,0.44803034514188766,0.1494325716048479,
0,260816,matched,MATCHED_Rayleigh,RNND_Zhu,7388,0.39565155655145645,0.29927461594343185,0.09637693129479885,
0,260816,matched,MATCHED_Rayleigh,RNND_Zhu,7389,0.47980280220508575,0.35728487372398376,0.12251792661845684,
0,260816,matched,MATCHED_Rayleigh,RNND_Zhu,7390,0.3911135010421276,0.3006220571696758,0.0904914541170001,
0,260816,matched,MATCHED_Rayleigh,RNND_Zhu,7391,0.36879856139421463,0.2794314995408058,0.08936706557869911,
0,260816,matched,MATCHED_Rayleigh,RNND_Zhu,7392,0.43844323605298996,0.3347817026078701,0.10366153437644243,
0,260816,matched,MATCHED_Rayleigh,RNND_Zhu,7393,0.39176374673843384,0.3018147423863411,0.08994899317622185,
0,260816,matched,MATCHED_Rayleigh,RNND_Zhu,7394,0.4834376499056816,0.3696574717760086,0.1137801818549633,
0,260816,matched,MATCHED_Rayleigh,RNND_Zhu,7395,0.4157969579100609,0.315511342138052,0.1002856157720089,
0,260816,matched,MATCHED_Rayleigh,RNND_Zhu,7396,0.3703908249735832,0.2854774072766304,0.08491342049092054,
0,260816,matched,MATCHED_Rayleigh,RNND_Zhu,7397,0.5194173231720924,0.39485953003168106,0.12455778755247593,
0,260816,matched,MATCHED_Rayleigh,RNND_Zhu,7398,0.4619411677122116,0.35518867149949074,0.1067524952813983,
0,260816,matched,MATCHED_Rayleigh,RNND_Zhu,7399,0.5559393465518951,0.4178471788764,0.13809214904904366,
0,260816,matched,MATCHED_Rayleigh,RNND_Zhu,7400,0.5877746939659119,0.44565343111753464,0.14212126284837723,-0.7895667855488548
0,260816,matched,MATCHED_Rayleigh,RNND_Zhu,7401,0.39521337300539017,0.2962643429636955,0.09894903562963009,
0,260816,matched,MATCHED_Rayleigh,RNND_Zhu,7402,0.3753821700811386,0.28793564438819885,0.08744652755558491,
0,260816,matched,MATCHED_Rayleigh,RNND_Zhu,7403,0.6172540336847305,0.4750213548541069,0.14223267883062363,
0,260816,matched,MATCHED_Rayleigh,RNND_Zhu,7404,0.4502504989504814,0.339304082095623,0.11094642244279385,
0,260816,matched,MATCHED_Rayleigh,RNND_Zhu,7405,0.4019943103194237,0.3039230667054653,0.09807123802602291,
0,260816,matched,MATCHED_Rayleigh,RNND_Zhu,7406,0.3016151711344719,0.23730548098683357,0.06430968549102545,
0,260816,matched,MATCHED_Rayleigh,RNND_Zhu,7407,0.5483856797218323,0.4206102192401886,0.12777547538280487,
0,260816,matched,MATCHED_Rayleigh,RNND_Zhu,7408,0.44809720292687416,0.33751512318849564,0.11058207182213664,
0,260816,matched,MATCHED_Rayleigh,RNND_Zhu,7409,0.42028235644102097,0.32304275780916214,0.09723959304392338,
0,260816,matched,MATCHED_Rayleigh,RNND_Zhu,7410,0.4729892686009407,0.3569115921854973,0.11607766523957253,
0,260816,matched,MATCHED_Rayleigh,RNND_Zhu,7411,0.4288209304213524,0.32675115019083023,0.10206978023052216,
0,260816,matched,MATCHED_Rayleigh,RNND_Zhu,7412,0.4458361491560936,0.33553506806492805,0.1103010792285204,
0,260816,matched,MATCHED_Rayleigh,RNND_Zhu,7413,0.5649815648794174,0.4302714690566063,0.13471010327339172,
0,260816,matched,MATCHED_Rayleigh,RNND_Zhu,7414,0.47008149325847626,0.3523496352136135,0.1177318636327982,
0,260816,matched,MATCHED_Rayleigh,RNND_Zhu,7415,0.39511938765645027,0.2990303039550781,0.09608908277004957,
0,260816,matched,MATCHED_Rayleigh,RNND_Zhu,7416,0.43471404910087585,0.3285697512328625,0.10614429414272308,
0,260816,matched,MATCHED_Rayleigh,RNND_Zhu,7417,0.6158419251441956,0.46053458005189896,0.1553073450922966,
0,260816,matched,MATCHED_Rayleigh,RNND_Zhu,7418,0.5311867296695709,0.39847173541784286,0.1327149961143732,
0,260816,matched,MATCHED_Rayleigh,RNND_Zhu,7419,0.45956508070230484,0.3467257022857666,0.11283939145505428,
0,260816,matched,MATCHED_Rayleigh,RNND_Zhu,7420,0.6350156292319298,0.4772795960307121,0.1577360201627016,
0,260816,matched,MATCHED_Rayleigh,RNND_Zhu,7421,0.5563750267028809,0.4285991042852402,0.12777592428028584,
0,260816,matched,MATCHED_Rayleigh,RNND_Zhu,7422,0.39369210600852966,0.30151742696762085,0.09217467159032822,
0,260816,matched,MATCHED_Rayleigh,RNND_Zhu,7423,0.5565548539161682,0.4175209701061249,0.13903389312326908,
0,260816,matched,MATCHED_Rayleigh,RNND_Zhu,7424,0.4036918133497238,0.3044600412249565,0.0992317721247673,
0,260816,matched,MATCHED_Rayleigh,RNND_Zhu,7425,0.6175732612609863,0.46579673513770103,0.1517765149474144,
0,260816,matched,MATCHED_Rayleigh,RNND_Zhu,7426,0.41804221272468567,0.315094955265522,0.10294725559651852,
0,260816,matched,MATCHED_Rayleigh,RNND_Zhu,7427,0.31390299648046494,0.23975876718759537,0.07414422743022442,
0,260816,matched,MATCHED_Rayleigh,RNND_Zhu,7428,0.4095676392316818,0.3072582744061947,0.10230937600135803,
0,260816,matched,MATCHED_Rayleigh,RNND_Zhu,7429,0.4946535602211952,0.3782462254166603,0.11640733107924461,
0,260816,matched,MATCHED_Rayleigh,RNND_Zhu,7430,0.3986465595662594,0.30394671857357025,0.094699845649302,
0,260816,matched,MATCHED_Rayleigh,RNND_Zhu,7431,0.5817379131913185,0.4457772970199585,0.13596060499548912,
0,260816,matched,MATCHED_Rayleigh,RNND_Zhu,7432,0.4978863075375557,0.373428538441658,0.12445778399705887,
0,260816,matched,MATCHED_Rayleigh,RNND_Zhu,7433,0.4486863687634468,0.344857819378376,0.10382856242358685,
0,260816,matched,MATCHED_Rayleigh,RNND_Zhu,7434,0.46842414885759354,0.35240980610251427,0.11601434275507927,
0,260816,matched,MATCHED_Rayleigh,RNND_Zhu,7435,0.6168938279151917,0.4639624059200287,0.15293141826987267,
0,260816,matched,MATCHED_Rayleigh,RNND_Zhu,7436,0.4751332998275757,0.3581088148057461,0.11702449433505535,
0,260816,matched,MATCHED_Rayleigh,RNND_Zhu,7437,0.5621746927499771,0.42643432319164276,0.13574037328362465,
0,260816,matched,MATCHED_Rayleigh,RNND_Zhu,7438,0.5006521418690681,0.37772826850414276,0.12292385846376419,
0,260816,matched,MATCHED_Rayleigh,RNND_Zhu,7439,0.3452801965177059,0.2660049721598625,0.07927521597594023,
0,260816,matched,MATCHED_Rayleigh,RNND_Zhu,7440,0.5357709527015686,0.4029316008090973,0.1328393630683422,
0,260816,matched,MATCHED_Rayleigh,RNND_Zhu,7441,0.40047183632850647,0.31146129220724106,0.08901054132729769,
0,260816,matched,MATCHED_Rayleigh,RNND_Zhu,7442,0.39893239736557007,0.3037056103348732,0.09522678982466459,
0,260816,matched,MATCHED_Rayleigh,RNND_Zhu,7443,0.45165903121232986,0.3413432240486145,0.11031580343842506,
0,260816,matched,MATCHED_Rayleigh,RNND_Zhu,7444,0.4652520641684532,0.35365549474954605,0.11159656755626202,
0,260816,matched,MATCHED_Rayleigh,RNND_Zhu,7445,0.40787552297115326,0.3086977005004883,0.09917782992124557,
0,260816,matched,MATCHED_Rayleigh,RNND_Zhu,7446,0.30278730764985085,0.23198840394616127,0.07079890090972185,
0,260816,matched,MATCHED_Rayleigh,RNND_Zhu,7447,0.43457436189055443,0.33399730175733566,0.10057706013321877,
0,260816,matched,MATCHED_Rayleigh,RNND_Zhu,7448,0.4724581092596054,0.35726355761289597,0.11519454419612885,
0,260816,matched,MATCHED_Rayleigh,RNND_Zhu,7449,0.47297101467847824,0.3596532382071018,0.11331778950989246,
0,260816,matched,MATCHED_Rayleigh,RNND_Zhu,7450,0.3688330240547657,0.2781161367893219,0.09071689564734697,
0,260816,matched,MATCHED_Rayleigh,RNND_Zhu,7451,0.5061021745204926,0.3849806487560272,0.12112152483314276,
0,260816,matched,MATCHED_Rayleigh,RNND_Zhu,7452,0.34263549000024796,0.26037945598363876,0.08225603494793177,
0,260816,matched,MATCHED_Rayleigh,RNND_Zhu,7453,0.5186953917145729,0.39699070900678635,0.12170468457043171,
0,260816,matched,MATCHED_Rayleigh,RNND_Zhu,7454,0.5291884988546371,0.40123580396175385,0.1279526874423027,
0,260816,matched,MATCHED_Rayleigh,RNND_Zhu,7455,0.5941491350531578,0.4448455199599266,0.1493035964667797,
0,260816,matched,MATCHED_Rayleigh,RNND_Zhu,7456,0.4472992867231369,0.3404051288962364,0.1068941606208682,
0,260816,matched,MATCHED_Rayleigh,RNND_Zhu,7457,0.5282247886061668,0.3993523046374321,0.1288724783807993,
0,260816,matched,MATCHED_Rayleigh,RNND_Zhu,7458,0.4105878919363022,0.3104221820831299,0.10016570426523685,
0,260816,matched,MATCHED_Rayleigh,RNND_Zhu,7459,0.5690923556685448,0.43456026166677475,0.13453209027647972,
0,260816,matched,MATCHED_Rayleigh,RNND_Zhu,7460,0.3829969987273216,0.2992563992738724,0.0837405975908041,
0,260816,matched,MATCHED_Rayleigh,RNND_Zhu,7461,0.4996565505862236,0.3769247904419899,0.122731763869524,
0,260816,matched,MATCHED_Rayleigh,RNND_Zhu,7462,0.43569986522197723,0.33518923074007034,0.10051062796264887,
0,260816,matched,MATCHED_Rayleigh,RNND_Zhu,7463,0.5355099439620972,0.4010334387421608,0.13447649404406548,
0,260816,matched,MATCHED_Rayleigh,RNND_Zhu,7464,0.45427147299051285,0.3413407579064369,0.11293072067201138,
0,260816,matched,MATCHED_Rayleigh,RNND_Zhu,7465,0.3463113307952881,0.2657097317278385,0.08060159720480442,
0,260816,matched,MATCHED_Rayleigh,RNND_Zhu,7466,0.4967585355043411,0.3762495778501034,0.12050894927233458,
0,260816,matched,MATCHED_Rayleigh,RNND_Zhu,7467,0.4164283648133278,0.3222905993461609,0.0941377691924572,
0,260816,matched,MATCHED_Rayleigh,RNND_Zhu,7468,0.5355862528085709,0.4050690829753876,0.13051716424524784,
0,260816,matched,MATCHED_Rayleigh,RNND_Zhu,7469,0.3302096575498581,0.25517885759472847,0.07503080181777477,
0,260816,matched,MATCHED_Rayleigh,RNND_Zhu,7470,0.46265194192528725,0.34733809530735016,0.11531385779380798,
0,260816,matched,MATCHED_Rayleigh,RNND_Zhu,7471,0.44307174533605576,0.3327523171901703,0.11031942442059517,
0,260816,matched,MATCHED_Rayleigh,RNND_Zhu,7472,0.48625487089157104,0.36271288245916367,0.12354198656976223,
0,260816,matched,MATCHED_Rayleigh,RNND_Zhu,7473,0.2951853647828102,0.2292325235903263,0.06595284678041935,
0,260816,matched,MATCHED_Rayleigh,RNND_Zhu,7474,0.6274358481168747,0.4671816751360893,0.16025416180491447,
0,260816,matched,MATCHED_Rayleigh,RNND_Zhu,7475,0.4981471076607704,0.37845995277166367,0.1196871530264616,
0,260816,matched,MATCHED_Rayleigh,RNND_Zhu,7476,0.38907933235168457,0.3011550195515156,0.08792431280016899,
0,260816,matched,MATCHED_Rayleigh,RNND_Zhu,7477,0.4634466990828514,0.34448564797639847,0.11896104831248522,
0,260816,matched,MATCHED_Rayleigh,RNND_Zhu,7478,0.40421783179044724,0.30211684852838516,0.10210098139941692,
0,260816,matched,MATCHED_Rayleigh,RNND_Zhu,7479,0.46683940291404724,0.3507416471838951,0.11609775573015213,
0,260816,matched,MATCHED_Rayleigh,RNND_Zhu,7480,0.49714256078004837,0.37493180483579636,0.12221075594425201,
0,260816,matched,MATCHED_Rayleigh,RNND_Zhu,7481,0.48461782932281494,0.36087116599082947,0.12374668009579182,
0,260816,matched,MATCHED_Rayleigh,RNND_Zhu,7482,0.43990739434957504,0.3331218287348747,0.10678557679057121,
0,260816,matched,MATCHED_Rayleigh,RNND_Zhu,7483,0.39610448479652405,0.3065029866993427,0.08960150927305222,
0,260816,matched,MATCHED_Rayleigh,RNND_Zhu,7484,0.4080313444137573,0.3070976845920086,0.10093365656211972,
0,260816,matched,MATCHED_Rayleigh,RNND_Zhu,7485,0.4382752850651741,0.33067770674824715,0.10759757738560438,
0,260816,matched,MATCHED_Rayleigh,RNND_Zhu,7486,0.3056313246488571,0.2411452792584896,0.06448604306206107,
0,260816,matched,MATCHED_Rayleigh,RNND_Zhu,7487,0.5076085180044174,0.3860768899321556,0.12153162993490696,
0,260816,matched,MATCHED_Rayleigh,RNND_Zhu,7488,0.30806322023272514,0.2342062033712864,0.07385702058672905,
0,260816,matched,MATCHED_Rayleigh,RNND_Zhu,7489,0.7429643720388412,0.5605026930570602,0.1824616715312004,
0,260816,matched,MATCHED_Rayleigh,RNND_Zhu,7490,0.4379090182483196,0.3335234373807907,0.10438558086752892,
0,260816,matched,MATCHED_Rayleigh,RNND_Zhu,7491,0.4510001204907894,0.3424862213432789,0.10851389542222023,
0,260816,matched,MATCHED_Rayleigh,RNND_Zhu,7492,0.2798538915812969,0.2098034992814064,0.07005039788782597,
0,260816,matched,MATCHED_Rayleigh,RNND_Zhu,7493,0.5818968266248703,0.4396585002541542,0.1422383300960064,
0,260816,matched,MATCHED_Rayleigh,RNND_Zhu,7494,0.571625392884016,0.42892174422740936,0.14270364586263895,
0,260816,matched,MATCHED_Rayleigh,RNND_Zhu,7495,0.5577933043241501,0.41812605783343315,0.13966726139187813,
0,260816,matched,MATCHED_Rayleigh,RNND_Zhu,7496,0.48088615760207176,0.3628377839922905,0.11804836988449097,
0,260816,matched,MATCHED_Rayleigh,RNND_Zhu,7497,0.3659665174782276,0.279853880405426,0.0861126258969307,
0,260816,matched,MATCHED_Rayleigh,RNND_Zhu,7498,0.3178784102201462,0.23712630197405815,0.08075210824608803,
0,260816,matched,MATCHED_Rayleigh,RNND_Zhu,7499,0.5188390538096428,0.39420583099126816,0.12463321536779404,
0,260816,matched,MATCHED_Rayleigh,RNND_Zhu,7500,0.5832742899656296,0.43346409499645233,0.14981019496917725,
0,260816,matched,MATCHED_Rayleigh,RNND_Zhu,7501,0.3853123411536217,0.293008167296648,0.09230417851358652,
0,260816,matched,MATCHED_Rayleigh,RNND_Zhu,7502,0.5075821503996849,0.3858704939484596,0.12171165738254786,
0,260816,matched,MATCHED_Rayleigh,RNND_Zhu,7503,0.5694935545325279,0.42372865229845047,0.14576489850878716,
0,260816,matched,MATCHED_Rayleigh,RNND_Zhu,7504,0.5174168199300766,0.3869355320930481,0.13048129342496395,
0,260816,matched,MATCHED_Rayleigh,RNND_Zhu,7505,0.41141585260629654,0.31119197607040405,0.10022388398647308,
0,260816,matched,MATCHED_Rayleigh,RNND_Zhu,7506,0.4249507337808609,0.3233933486044407,0.10155737772583961,
0,260816,matched,MATCHED_Rayleigh,RNND_Zhu,7507,0.560086227953434,0.4239693135023117,0.13611692190170288,
0,260816,matched,MATCHED_Rayleigh,RNND_Zhu,7508,0.4281548038125038,0.32595139369368553,0.10220341198146343,
0,260816,matched,MATCHED_Rayleigh,RNND_Zhu,7509,0.5878816992044449,0.44633593410253525,0.14154576137661934,
0,260816,matched,MATCHED_Rayleigh,RNND_Zhu,7510,0.41461125761270523,0.316263560205698,0.09834769181907177,
0,260816,matched,MATCHED_Rayleigh,RNND_Zhu,7511,0.6097152605652809,0.4677622690796852,0.14195300079882145,
0,260816,matched,MATCHED_Rayleigh,RNND_Zhu,7512,0.3971950113773346,0.3053326942026615,0.09186232183128595,
0,260816,matched,MATCHED_Rayleigh,RNND_Zhu,7513,0.4210506081581116,0.3231665939092636,0.09788402449339628,
0,260816,matched,MATCHED_Rayleigh,RNND_Zhu,7514,0.5368391275405884,0.4002037085592747,0.1366354189813137,
0,260816,matched,MATCHED_Rayleigh,RNND_Zhu,7515,0.4553847163915634,0.3489937484264374,0.10639096237719059,
0,260816,matched,MATCHED_Rayleigh,RNND_Zhu,7516,0.5429008230566978,0.4123767986893654,0.13052403554320335,
0,260816,matched,MATCHED_Rayleigh,RNND_Zhu,7517,0.37050923705101013,0.2813033163547516,0.08920591790229082,
0,260816,matched,MATCHED_Rayleigh,RNND_Zhu,7518,0.5105047151446342,0.38401950150728226,0.12648520432412624,
0,260816,matched,MATCHED_Rayleigh,RNND_Zhu,7519,0.4598201960325241,0.3495887219905853,0.11023147590458393,
0,260816,matched,MATCHED_Rayleigh,RNND_Zhu,7520,0.32308104261755943,0.24875876307487488,0.07432227861136198,
0,260816,matched,MATCHED_Rayleigh,RNND_Zhu,7521,0.5623850747942924,0.4317712262272835,0.13061384297907352,
0,260816,matched,MATCHED_Rayleigh,RNND_Zhu,7522,0.36954422295093536,0.28527283295989037,0.08427138812839985,
0,260816,matched,MATCHED_Rayleigh,RNND_Zhu,7523,0.4243428371846676,0.32271962240338326,0.10162320686504245,
0,260816,matched,MATCHED_Rayleigh,RNND_Zhu,7524,0.4468177556991577,0.33719518408179283,0.10962257720530033,
0,260816,matched,MATCHED_Rayleigh,RNND_Zhu,7525,0.4762472063302994,0.3666129820048809,0.10963421873748302,
0,260816,matched,MATCHED_Rayleigh,RNND_Zhu,7526,0.6544548571109772,0.4899534285068512,0.16450142115354538,
0,260816,matched,MATCHED_Rayleigh,RNND_Zhu,7527,0.5186502709984779,0.3981624245643616,0.12048785015940666,
0,260816,matched,MATCHED_Rayleigh,RNND_Zhu,7528,0.437082439661026,0.3308681398630142,0.10621430445462465,
0,260816,matched,MATCHED_Rayleigh,RNND_Zhu,7529,0.564153254032135,0.4218120127916336,0.1423412375152111,
0,260816,matched,MATCHED_Rayleigh,RNND_Zhu,7530,0.4631311073899269,0.35561686009168625,0.10751424357295036,
0,260816,matched,MATCHED_Rayleigh,RNND_Zhu,7531,0.520067572593689,0.39220884442329407,0.12785872630774975,
0,260816,matched,MATCHED_Rayleigh,RNND_Zhu,7532,0.5858170464634895,0.4357259199023247,0.1500911321491003,
0,260816,matched,MATCHED_Rayleigh,RNND_Zhu,7533,0.4774545505642891,0.3664085641503334,0.11104598455131054,
0,260816,matched,MATCHED_Rayleigh,RNND_Zhu,7534,0.4050417020916939,0.3078658878803253,0.09717581234872341,
0,260816,matched,MATCHED_Rayleigh,RNND_Zhu,7535,0.5741220563650131,0.4362652450799942,0.13785682618618011,
0,260816,matched,MATCHED_Rayleigh,RNND_Zhu,7536,0.609408438205719,0.463248573243618,0.14615987055003643,
0,260816,matched,MATCHED_Rayleigh,RNND_Zhu,7537,0.4912671148777008,0.3762912377715111,0.11497588269412518,
0,260816,matched,MATCHED_Rayleigh,RNND_Zhu,7538,0.3617454171180725,0.2763942554593086,0.08535116165876389,
0,260816,matched,MATCHED_Rayleigh,RNND_Zhu,7539,0.42386535555124283,0.31853068992495537,0.10533466562628746,
0,260816,matched,MATCHED_Rayleigh,RNND_Zhu,7540,0.5686252117156982,0.4261561334133148,0.14246907457709312,
0,260816,matched,MATCHED_Rayleigh,RNND_Zhu,7541,0.6097825616598129,0.46087563782930374,0.14890693500638008,
0,260816,matched,MATCHED_Rayleigh,RNND_Zhu,7542,0.40144743025302887,0.3038259521126747,0.09762148652225733,
0,260816,matched,MATCHED_Rayleigh,RNND_Zhu,7543,0.5221540331840515,0.400534488260746,0.12161955796182156,
0,260816,matched,MATCHED_Rayleigh,RNND_Zhu,7544,0.39974018931388855,0.29901668429374695,0.1007235087454319,
0,260816,matched,MATCHED_Rayleigh,RNND_Zhu,7545,0.49646320939064026,0.3814805820584297,0.11498263105750084,
0,260816,matched,MATCHED_Rayleigh,RNND_Zhu,7546,0.3276400715112686,0.25014830380678177,0.07749176397919655,
0,260816,matched,MATCHED_Rayleigh,RNND_Zhu,7547,0.4395269453525543,0.3298328220844269,0.10969412233680487,
0,260816,matched,MATCHED_Rayleigh,RNND_Zhu,7548,0.3994811549782753,0.30871179699897766,0.09076936729252338,
0,260816,matched,MATCHED_Rayleigh,RNND_Zhu,7549,0.4630242586135864,0.35949616879224777,0.10352809727191925,
0,260816,matched,MATCHED_Rayleigh,RNND_Zhu,7550,0.40915462374687195,0.31373288482427597,0.09542174264788628,
0,260816,matched,MATCHED_Rayleigh,RNND_Zhu,7551,0.39885298535227776,0.30885402858257294,0.08999895304441452,
0,260816,matched,MATCHED_Rayleigh,RNND_Zhu,7552,0.5247582271695137,0.40261314809322357,0.12214506976306438,
0,260816,matched,MATCHED_Rayleigh,RNND_Zhu,7553,0.48368385806679726,0.3644086644053459,0.11927518667653203,
0,260816,matched,MATCHED_Rayleigh,RNND_Zhu,7554,0.41692470759153366,0.3173961155116558,0.0995285902172327,
0,260816,matched,MATCHED_Rayleigh,RNND_Zhu,7555,0.39117611944675446,0.30037568509578705,0.090800441801548,
0,260816,matched,MATCHED_Rayleigh,RNND_Zhu,7556,0.3248896822333336,0.25254248827695847,0.07234719023108482,
0,260816,matched,MATCHED_Rayleigh,RNND_Zhu,7557,0.3985343798995018,0.30316880345344543,0.09536557458341122,
0,260816,matched,MATCHED_Rayleigh,RNND_Zhu,7558,0.41688666120171547,0.31556179374456406,0.10132486745715141,
0,260816,matched,MATCHED_Rayleigh,RNND_Zhu,7559,0.4482140988111496,0.3446750044822693,0.10353909805417061,
0,260816,matched,MATCHED_Rayleigh,RNND_Zhu,7560,0.4216299504041672,0.3202716112136841,0.1013583317399025,
0,260816,matched,MATCHED_Rayleigh,RNND_Zhu,7561,0.4467039927840233,0.33812520280480385,0.10857879184186459,
0,260816,matched,MATCHED_Rayleigh,RNND_Zhu,7562,0.476002037525177,0.36392172798514366,0.11208031140267849,
0,260816,matched,MATCHED_Rayleigh,RNND_Zhu,7563,0.6821867525577545,0.5191415920853615,0.16304515674710274,
0,260816,matched,MATCHED_Rayleigh,RNND_Zhu,7564,0.4319711700081825,0.3329939842224121,0.09897718578577042,
0,260816,matched,MATCHED_Rayleigh,RNND_Zhu,7565,0.36772146821022034,0.2843952439725399,0.08332622610032558,
0,260816,matched,MATCHED_Rayleigh,RNND_Zhu,7566,0.40322087705135345,0.30761127546429634,0.09560960065573454,
0,260816,matched,MATCHED_Rayleigh,RNND_Zhu,7567,0.45961296558380127,0.3476172462105751,0.11199573241174221,
0,260816,matched,MATCHED_Rayleigh,RNND_Zhu,7568,0.3652541786432266,0.28449686989188194,0.08075731340795755,
0,260816,matched,MATCHED_Rayleigh,RNND_Zhu,7569,0.43449144810438156,0.3345523849129677,0.09993906319141388,
0,260816,matched,MATCHED_Rayleigh,RNND_Zhu,7570,0.46430861204862595,0.3553001508116722,0.10900846403092146,
0,260816,matched,MATCHED_Rayleigh,RNND_Zhu,7571,0.39578748494386673,0.30188801884651184,0.09389946982264519,
0,260816,matched,MATCHED_Rayleigh,RNND_Zhu,7572,0.37465646117925644,0.2851720154285431,0.0894844438880682,
0,260816,matched,MATCHED_Rayleigh,RNND_Zhu,7573,0.4163070619106293,0.31303656101226807,0.10327049531042576,
0,260816,matched,MATCHED_Rayleigh,RNND_Zhu,7574,0.40685879811644554,0.3060246706008911,0.10083412937819958,
0,260816,matched,MATCHED_Rayleigh,RNND_Zhu,7575,0.3195704221725464,0.24658973515033722,0.07298068515956402,
0,260816,matched,MATCHED_Rayleigh,RNND_Zhu,7576,0.5134535655379295,0.3881847746670246,0.12526878900825977,
0,260816,matched,MATCHED_Rayleigh,RNND_Zhu,7577,0.4816751480102539,0.36304299533367157,0.11863216012716293,
0,260816,matched,MATCHED_Rayleigh,RNND_Zhu,7578,0.547693632543087,0.41239582747220993,0.13529779203236103,
0,260816,matched,MATCHED_Rayleigh,RNND_Zhu,7579,0.48909901082515717,0.3723459392786026,0.11675308458507061,
0,260816,matched,MATCHED_Rayleigh,RNND_Zhu,7580,0.5035954788327217,0.38304294645786285,0.12055252678692341,
0,260816,matched,MATCHED_Rayleigh,RNND_Zhu,7581,0.5277110561728477,0.3913840986788273,0.13632696494460106,
0,260816,matched,MATCHED_Rayleigh,RNND_Zhu,7582,0.33484190329909325,0.25831684842705727,0.07652505487203598,
0,260816,matched,MATCHED_Rayleigh,RNND_Zhu,7583,0.4557651951909065,0.3442669250071049,0.11149827670305967,
0,260816,matched,MATCHED_Rayleigh,RNND_Zhu,7584,0.4276704415678978,0.32198238372802734,0.1056880559772253,
0,260816,matched,MATCHED_Rayleigh,RNND_Zhu,7585,0.4906133711338043,0.36851469427347183,0.12209868431091309,
0,260816,matched,MATCHED_Rayleigh,RNND_Zhu,7586,0.5488916039466858,0.41805311292409897,0.13083847612142563,
0,260816,matched,MATCHED_Rayleigh,RNND_Zhu,7587,0.3844495937228203,0.2947545684874058,0.08969502244144678,
0,260816,matched,MATCHED_Rayleigh,RNND_Zhu,7588,0.5027567222714424,0.3815336525440216,0.1212230734527111,
0,260816,matched,MATCHED_Rayleigh,RNND_Zhu,7589,0.3885173797607422,0.29250891506671906,0.09600846562534571,
0,260816,matched,MATCHED_Rayleigh,RNND_Zhu,7590,0.43645574897527695,0.3327222540974617,0.10373347997665405,
0,260816,matched,MATCHED_Rayleigh,RNND_Zhu,7591,0.4400382563471794,0.3353364169597626,0.10470183379948139,
0,260816,matched,MATCHED_Rayleigh,RNND_Zhu,7592,0.38838107511401176,0.2928750738501549,0.09550598822534084,
0,260816,matched,MATCHED_Rayleigh,RNND_Zhu,7593,0.32975343614816666,0.2532350718975067,0.0765183586627245,
0,260816,matched,MATCHED_Rayleigh,RNND_Zhu,7594,0.538159042596817,0.401901938021183,0.1362570933997631,
0,260816,matched,MATCHED_Rayleigh,RNND_Zhu,7595,0.5205624513328075,0.3904934972524643,0.1300689671188593,
0,260816,matched,MATCHED_Rayleigh,RNND_Zhu,7596,0.4896004796028137,0.37240374833345413,0.11719673685729504,
0,260816,matched,MATCHED_Rayleigh,RNND_Zhu,7597,0.3770059496164322,0.29261478409171104,0.08439116179943085,
0,260816,matched,MATCHED_Rayleigh,RNND_Zhu,7598,0.4789970591664314,0.35824183002114296,0.12075522541999817,
0,260816,matched,MATCHED_Rayleigh,RNND_Zhu,7599,0.578055627644062,0.43473172932863235,0.14332390762865543,
0,260816,matched,MATCHED_Rayleigh,RNND_Zhu,7600,0.6462593227624893,0.482614167034626,0.16364514827728271,-0.7945518799074374
0,260816,matched,MATCHED_Rayleigh,RNND_Zhu,7601,0.44729602336883545,0.33912527561187744,0.10817074775695801,
0,260816,matched,MATCHED_Rayleigh,RNND_Zhu,7602,0.3930436111986637,0.3027132451534271,0.09033037070184946,
0,260816,matched,MATCHED_Rayleigh,RNND_Zhu,7603,0.49798550456762314,0.37614474445581436,0.12184076569974422,
0,260816,matched,MATCHED_Rayleigh,RNND_Zhu,7604,0.4170456528663635,0.320042721927166,0.09700291603803635,
0,260816,matched,MATCHED_Rayleigh,RNND_Zhu,7605,0.49807361513376236,0.371668953448534,0.12640466913580894,
0,260816,matched,MATCHED_Rayleigh,RNND_Zhu,7606,0.5111038684844971,0.387907437980175,0.12319644540548325,
0,260816,matched,MATCHED_Rayleigh,RNND_Zhu,7607,0.574067622423172,0.43794532120227814,0.13612230494618416,
0,260816,matched,MATCHED_Rayleigh,RNND_Zhu,7608,0.33995091915130615,0.2614700309932232,0.07848088629543781,
0,260816,matched,MATCHED_Rayleigh,RNND_Zhu,7609,0.36897219344973564,0.2886626273393631,0.08030956657603383,
0,260816,matched,MATCHED_Rayleigh,RNND_Zhu,7610,0.44662533700466156,0.34229909628629684,0.10432624444365501,
0,260816,matched,MATCHED_Rayleigh,RNND_Zhu,7611,0.6194938719272614,0.4651034399867058,0.15439042821526527,
0,260816,matched,MATCHED_Rayleigh,RNND_Zhu,7612,0.3146262392401695,0.2413901537656784,0.0732360864058137,
0,260816,matched,MATCHED_Rayleigh,RNND_Zhu,7613,0.595978669822216,0.44681164249777794,0.14916702639311552,
0,260816,matched,MATCHED_Rayleigh,RNND_Zhu,7614,0.39721088856458664,0.3048781752586365,0.09233271889388561,
0,260816,matched,MATCHED_Rayleigh,RNND_Zhu,7615,0.4049135595560074,0.3139703758060932,0.09094318747520447,
0,260816,matched,MATCHED_Rayleigh,RNND_Zhu,7616,0.421022467315197,0.32149429619312286,0.0995281720533967,
0,260816,matched,MATCHED_Rayleigh,RNND_Zhu,7617,0.5404122397303581,0.4106893762946129,0.12972285225987434,
0,260816,matched,MATCHED_Rayleigh,RNND_Zhu,7618,0.3868941441178322,0.30507346987724304,0.0818206686526537,
0,260816,matched,MATCHED_Rayleigh,RNND_Zhu,7619,0.5362123921513557,0.4032764136791229,0.13293599896132946,
0,260816,matched,MATCHED_Rayleigh,RNND_Zhu,7620,0.6330402344465256,0.4814997613430023,0.1515404786914587,
0,260816,matched,MATCHED_Rayleigh,RNND_Zhu,7621,0.41958997398614883,0.31616876646876335,0.10342120844870806,
0,260816,matched,MATCHED_Rayleigh,RNND_Zhu,7622,0.41301126778125763,0.3140980675816536,0.09891319647431374,
0,260816,matched,MATCHED_Rayleigh,RNND_Zhu,7623,0.4302791357040405,0.31729427352547646,0.11298486404120922,
0,260816,matched,MATCHED_Rayleigh,RNND_Zhu,7624,0.3395194485783577,0.25962845236063004,0.07989099714905024,
0,260816,matched,MATCHED_Rayleigh,RNND_Zhu,7625,0.5434016138315201,0.4196152538061142,0.12378636375069618,
0,260816,matched,MATCHED_Rayleigh,RNND_Zhu,7626,0.4190364480018616,0.3184701092541218,0.10056634154170752,
0,260816,matched,MATCHED_Rayleigh,RNND_Zhu,7627,0.4057232365012169,0.31021010875701904,0.0955131333321333,
0,260816,matched,MATCHED_Rayleigh,RNND_Zhu,7628,0.44012290239334106,0.3391510061919689,0.10097190365195274,
0,260816,matched,MATCHED_Rayleigh,RNND_Zhu,7629,0.3970513120293617,0.30651072040200233,0.09054058790206909,
0,260816,matched,MATCHED_Rayleigh,RNND_Zhu,7630,0.5553299561142921,0.4230736121535301,0.13225635327398777,
0,260816,matched,MATCHED_Rayleigh,RNND_Zhu,7631,0.4236699193716049,0.32098185643553734,0.10268806666135788,
0,260816,matched,MATCHED_Rayleigh,RNND_Zhu,7632,0.4325759559869766,0.329964529722929,0.10261142067611217,
0,260816,matched,MATCHED_Rayleigh,RNND_Zhu,7633,0.4389680214226246,0.3363438844680786,0.10262414161115885,
0,260816,matched,MATCHED_Rayleigh,RNND_Zhu,7634,0.34100401028990746,0.2590767927467823,0.08192721568048,
0,260816,matched,MATCHED_Rayleigh,RNND_Zhu,7635,0.44458406418561935,0.33196111768484116,0.11262294836342335,
0,260816,matched,MATCHED_Rayleigh,RNND_Zhu,7636,0.40194401890039444,0.3018900156021118,0.10005400329828262,
0,260816,matched,MATCHED_Rayleigh,RNND_Zhu,7637,0.6039322763681412,0.45592987537384033,0.14800238981842995,
0,260816,matched,MATCHED_Rayleigh,RNND_Zhu,7638,0.47883205860853195,0.3685416989028454,0.11029036156833172,
0,260816,matched,MATCHED_Rayleigh,RNND_Zhu,7639,0.4946144372224808,0.3673183023929596,0.12729613296687603,
0,260816,matched,MATCHED_Rayleigh,RNND_Zhu,7640,0.41867056488990784,0.32088540866971016,0.0977851590141654,
0,260816,matched,MATCHED_Rayleigh,RNND_Zhu,7641,0.45579124242067337,0.34655454009771347,0.10923670046031475,
0,260816,matched,MATCHED_Rayleigh,RNND_Zhu,7642,0.44098734855651855,0.3404098153114319,0.10057752765715122,
0,260816,matched,MATCHED_Rayleigh,RNND_Zhu,7643,0.5030589699745178,0.3816821128129959,0.12137685623019934,
0,260816,matched,MATCHED_Rayleigh,RNND_Zhu,7644,0.36166777461767197,0.27619652077555656,0.08547125849872828,
0,260816,matched,MATCHED_Rayleigh,RNND_Zhu,7645,0.3992011323571205,0.30274320393800735,0.0964579340070486,
0,260816,matched,MATCHED_Rayleigh,RNND_Zhu,7646,0.5470048561692238,0.41191060841083527,0.13509424403309822,
0,260816,matched,MATCHED_Rayleigh,RNND_Zhu,7647,0.37850815430283546,0.28695761784911156,0.09155053459107876,
0,260816,matched,MATCHED_Rayleigh,RNND_Zhu,7648,0.42830317467451096,0.32104484736919403,0.10725833289325237,
0,260816,matched,MATCHED_Rayleigh,RNND_Zhu,7649,0.5484982579946518,0.42175060138106346,0.12674764916300774,
0,260816,matched,MATCHED_Rayleigh,RNND_Zhu,7650,0.42535585537552834,0.32533325254917145,0.10002260003238916,
0,260816,matched,MATCHED_Rayleigh,RNND_Zhu,7651,0.3660655915737152,0.2805643044412136,0.0855012871325016,
0,260816,matched,MATCHED_Rayleigh,RNND_Zhu,7652,0.40683963149785995,0.30925027653574944,0.09758934378623962,
0,260816,matched,MATCHED_Rayleigh,RNND_Zhu,7653,0.5856552869081497,0.4403688535094261,0.145286425948143,
0,260816,matched,MATCHED_Rayleigh,RNND_Zhu,7654,0.5505969524383545,0.41594231873750687,0.13465463928878307,
0,260816,matched,MATCHED_Rayleigh,RNND_Zhu,7655,0.5662802532315254,0.43055057525634766,0.1357296910136938,
0,260816,matched,MATCHED_Rayleigh,RNND_Zhu,7656,0.3126569204032421,0.23687737435102463,0.07577954977750778,
0,260816,matched,MATCHED_Rayleigh,RNND_Zhu,7657,0.4973580315709114,0.3794587478041649,0.11789927445352077,
0,260816,matched,MATCHED_Rayleigh,RNND_Zhu,7658,0.3860868290066719,0.29246099665760994,0.09362582676112652,
0,260816,matched,MATCHED_Rayleigh,RNND_Zhu,7659,0.47660253942012787,0.35612693428993225,0.12047560419887304,
0,260816,matched,MATCHED_Rayleigh,RNND_Zhu,7660,0.4389655590057373,0.3321302905678749,0.1068352609872818,
0,260816,matched,MATCHED_Rayleigh,RNND_Zhu,7661,0.44557614251971245,0.33580707758665085,0.1097690723836422,
0,260816,matched,MATCHED_Rayleigh,RNND_Zhu,7662,0.48786943405866623,0.3707674741744995,0.11710195615887642,
0,260816,matched,MATCHED_Rayleigh,RNND_Zhu,7663,0.4296089857816696,0.3305846005678177,0.09902438521385193,
0,260816,matched,MATCHED_Rayleigh,RNND_Zhu,7664,0.4930998608469963,0.37366117164492607,0.11943869292736053,
0,260816,matched,MATCHED_Rayleigh,RNND_Zhu,7665,0.4025419056415558,0.30194511264562607,0.10059679485857487,
0,260816,matched,MATCHED_Rayleigh,RNND_Zhu,7666,0.5978187173604965,0.44992532581090927,0.14789339154958725,
0,260816,matched,MATCHED_Rayleigh,RNND_Zhu,7667,0.42995720356702805,0.3270409256219864,0.10291627049446106,
0,260816,matched,MATCHED_Rayleigh,RNND_Zhu,7668,0.485486201941967,0.3662821352481842,0.11920405644923449,
0,260816,matched,MATCHED_Rayleigh,RNND_Zhu,7669,0.5567696765065193,0.4251495227217674,0.13162016868591309,
0,260816,matched,MATCHED_Rayleigh,RNND_Zhu,7670,0.5100641176104546,0.3909555561840534,0.11910857167094946,
0,260816,matched,MATCHED_Rayleigh,RNND_Zhu,7671,0.45765570551157,0.3450223580002785,0.11263334564864635,
0,260816,matched,MATCHED_Rayleigh,RNND_Zhu,7672,0.5741373896598816,0.4395495615899563,0.13458783365786076,
0,260816,matched,MATCHED_Rayleigh,RNND_Zhu,7673,0.3840501606464386,0.29292410612106323,0.09112604334950447,
0,260816,matched,MATCHED_Rayleigh,RNND_Zhu,7674,0.44707728177309036,0.3371248319745064,0.10995245724916458,
0,260816,matched,MATCHED_Rayleigh,RNND_Zhu,7675,0.38250885903835297,0.2879227176308632,0.09458613488823175,
0,260816,matched,MATCHED_Rayleigh,RNND_Zhu,7676,0.513051226735115,0.3891594782471657,0.12389173358678818,
0,260816,matched,MATCHED_Rayleigh,RNND_Zhu,7677,0.582740880548954,0.4314844012260437,0.15125648863613605,
0,260816,matched,MATCHED_Rayleigh,RNND_Zhu,7678,0.5257702097296715,0.3987225741147995,0.12704762257635593,
0,260816,matched,MATCHED_Rayleigh,RNND_Zhu,7679,0.5429271012544632,0.4090600833296776,0.13386701978743076,
0,260816,matched,MATCHED_Rayleigh,RNND_Zhu,7680,0.5327932983636856,0.4069516435265541,0.12584165669977665,
0,260816,matched,MATCHED_Rayleigh,RNND_Zhu,7681,0.4088832139968872,0.3165301978588104,0.09235301241278648,
0,260816,matched,MATCHED_Rayleigh,RNND_Zhu,7682,0.40439343452453613,0.3068178668618202,0.09757556393742561,
0,260816,matched,MATCHED_Rayleigh,RNND_Zhu,7683,0.6622188985347748,0.5043201297521591,0.15789875760674477,
0,260816,matched,MATCHED_Rayleigh,RNND_Zhu,7684,0.4896750971674919,0.37199602648615837,0.11767907440662384,
0,260816,matched,MATCHED_Rayleigh,RNND_Zhu,7685,0.5917070508003235,0.44559236615896225,0.14611468091607094,
0,260816,matched,MATCHED_Rayleigh,RNND_Zhu,7686,0.5587662756443024,0.4242778904736042,0.13448839262127876,
0,260816,matched,MATCHED_Rayleigh,RNND_Zhu,7687,0.5297119617462158,0.39657653868198395,0.13313540816307068,
0,260816,matched,MATCHED_Rayleigh,RNND_Zhu,7688,0.4078940749168396,0.3085295222699642,0.09936455078423023,
0,260816,matched,MATCHED_Rayleigh,RNND_Zhu,7689,0.4853968732059002,0.3740505166351795,0.1113463630899787,
0,260816,matched,MATCHED_Rayleigh,RNND_Zhu,7690,0.37246404960751534,0.2883211150765419,0.08414292708039284,
0,260816,matched,MATCHED_Rayleigh,RNND_Zhu,7691,0.5309048593044281,0.4053192809224129,0.12558557093143463,
0,260816,matched,MATCHED_Rayleigh,RNND_Zhu,7692,0.5908801704645157,0.45259084552526474,0.13828932121396065,
0,260816,matched,MATCHED_Rayleigh,RNND_Zhu,7693,0.4838382452726364,0.36898666620254517,0.1148515809327364,
0,260816,matched,MATCHED_Rayleigh,RNND_Zhu,7694,0.4316883385181427,0.33181121572852135,0.09987712278962135,
0,260816,matched,MATCHED_Rayleigh,RNND_Zhu,7695,0.42976997792720795,0.3263690173625946,0.10340095870196819,
0,260816,matched,MATCHED_Rayleigh,RNND_Zhu,7696,0.4407382383942604,0.3363092802464962,0.10442894510924816,
0,260816,matched,MATCHED_Rayleigh,RNND_Zhu,7697,0.46858422830700874,0.35300085321068764,0.11558337043970823,
0,260816,matched,MATCHED_Rayleigh,RNND_Zhu,7698,0.40963421761989594,0.3072708621621132,0.10236335545778275,
0,260816,matched,MATCHED_Rayleigh,RNND_Zhu,7699,0.34324266389012337,0.2610868513584137,0.0821558153256774,
0,260816,matched,MATCHED_Rayleigh,RNND_Zhu,7700,0.42600125819444656,0.3254465088248253,0.100554752163589,
0,260816,matched,MATCHED_Rayleigh,RNND_Zhu,7701,0.48878805339336395,0.369926817715168,0.11886122263967991,
0,260816,matched,MATCHED_Rayleigh,RNND_Zhu,7702,0.40597669780254364,0.3131626397371292,0.09281405620276928,
0,260816,matched,MATCHED_Rayleigh,RNND_Zhu,7703,0.5432089120149612,0.4135536253452301,0.12965529039502144,
0,260816,matched,MATCHED_Rayleigh,RNND_Zhu,7704,0.5371192544698715,0.40466471016407013,0.1324545294046402,
0,260816,matched,MATCHED_Rayleigh,RNND_Zhu,7705,0.4007518142461777,0.300336629152298,0.1004151850938797,
0,260816,matched,MATCHED_Rayleigh,RNND_Zhu,7706,0.5064645409584045,0.3864770159125328,0.11998752690851688,
0,260816,matched,MATCHED_Rayleigh,RNND_Zhu,7707,0.26743967831134796,0.20707515999674797,0.060364509001374245,
0,260816,matched,MATCHED_Rayleigh,RNND_Zhu,7708,0.4240403473377228,0.3248186782002449,0.09922166168689728,
0,260816,matched,MATCHED_Rayleigh,RNND_Zhu,7709,0.3759330064058304,0.2833627313375473,0.09257028251886368,
0,260816,matched,MATCHED_Rayleigh,RNND_Zhu,7710,0.4868355393409729,0.36290760338306427,0.12392793595790863,
0,260816,matched,MATCHED_Rayleigh,RNND_Zhu,7711,0.3243451192975044,0.24490859359502792,0.0794365219771862,
0,260816,matched,MATCHED_Rayleigh,RNND_Zhu,7712,0.5406153798103333,0.41260431334376335,0.12801106832921505,
0,260816,matched,MATCHED_Rayleigh,RNND_Zhu,7713,0.44723131507635117,0.34443024918437004,0.10280106589198112,
0,260816,matched,MATCHED_Rayleigh,RNND_Zhu,7714,0.4743320867419243,0.35637596249580383,0.11795612797141075,
0,260816,matched,MATCHED_Rayleigh,RNND_Zhu,7715,0.32380472123622894,0.24531084671616554,0.07849387358874083,
0,260816,matched,MATCHED_Rayleigh,RNND_Zhu,7716,0.47736959904432297,0.35684023424983025,0.12052936665713787,
0,260816,matched,MATCHED_Rayleigh,RNND_Zhu,7717,0.44667334854602814,0.34599972516298294,0.100673608481884,
0,260816,matched,MATCHED_Rayleigh,RNND_Zhu,7718,0.5465739518404007,0.4176342561841011,0.128939688205719,
0,260816,matched,MATCHED_Rayleigh,RNND_Zhu,7719,0.362840861082077,0.2800242379307747,0.08281663060188293,
0,260816,matched,MATCHED_Rayleigh,RNND_Zhu,7720,0.5115808770060539,0.38904454559087753,0.12253633234649897,
0,260816,matched,MATCHED_Rayleigh,RNND_Zhu,7721,0.4013171009719372,0.30059050768613815,0.1007266016677022,
0,260816,matched,MATCHED_Rayleigh,RNND_Zhu,7722,0.3734082132577896,0.28865985944867134,0.08474835474044085,
0,260816,matched,MATCHED_Rayleigh,RNND_Zhu,7723,0.39864594489336014,0.30246738344430923,0.09617856424301863,
0,260816,matched,MATCHED_Rayleigh,RNND_Zhu,7724,0.39370930194854736,0.2987801134586334,0.09492919966578484,
0,260816,matched,MATCHED_Rayleigh,RNND_Zhu,7725,0.4101145416498184,0.3095892518758774,0.10052529256790876,
0,260816,matched,MATCHED_Rayleigh,RNND_Zhu,7726,0.3348065949976444,0.25814542919397354,0.07666116952896118,
0,260816,matched,MATCHED_Rayleigh,RNND_Zhu,7727,0.4450249969959259,0.3439262732863426,0.10109871998429298,
0,260816,matched,MATCHED_Rayleigh,RNND_Zhu,7728,0.581619068980217,0.4388342797756195,0.14278478175401688,
0,260816,matched,MATCHED_Rayleigh,RNND_Zhu,7729,0.5336364507675171,0.4049415662884712,0.12869488261640072,
0,260816,matched,MATCHED_Rayleigh,RNND_Zhu,7730,0.27249956130981445,0.21292641386389732,0.059573154896497726,
0,260816,matched,MATCHED_Rayleigh,RNND_Zhu,7731,0.34555094689130783,0.2591281980276108,0.0864227619022131,
0,260816,matched,MATCHED_Rayleigh,RNND_Zhu,7732,0.399172805249691,0.30685707181692123,0.09231573157012463,
0,260816,matched,MATCHED_Rayleigh,RNND_Zhu,7733,0.31324484199285507,0.24389652162790298,0.06934832502156496,
0,260816,matched,MATCHED_Rayleigh,RNND_Zhu,7734,0.4990451782941818,0.37913940846920013,0.11990578286349773,
0,260816,matched,MATCHED_Rayleigh,RNND_Zhu,7735,0.561667300760746,0.42452792823314667,0.13713937252759933,
0,260816,matched,MATCHED_Rayleigh,RNND_Zhu,7736,0.4021729454398155,0.3082871437072754,0.09388580732047558,
0,260816,matched,MATCHED_Rayleigh,RNND_Zhu,7737,0.5891851484775543,0.4445340633392334,0.14465107396245003,
0,260816,matched,MATCHED_Rayleigh,RNND_Zhu,7738,0.4480440132319927,0.3388282395899296,0.10921577736735344,
0,260816,matched,MATCHED_Rayleigh,RNND_Zhu,7739,0.5010908097028732,0.3777819201350212,0.12330888584256172,
0,260816,matched,MATCHED_Rayleigh,RNND_Zhu,7740,0.4233740344643593,0.3205984830856323,0.1027755569666624,
0,260816,matched,MATCHED_Rayleigh,RNND_Zhu,7741,0.33521657437086105,0.25898419320583344,0.07623238302767277,
0,260816,matched,MATCHED_Rayleigh,RNND_Zhu,7742,0.24609842151403427,0.19549228996038437,0.05060612503439188,
0,260816,matched,MATCHED_Rayleigh,RNND_Zhu,7743,0.49081578850746155,0.3732517212629318,0.11756406724452972,
0,260816,matched,MATCHED_Rayleigh,RNND_Zhu,7744,0.5692521259188652,0.42169319093227386,0.14755892381072044,
0,260816,matched,MATCHED_Rayleigh,RNND_Zhu,7745,0.45754987746477127,0.33916058391332626,0.11838929913938046,
0,260816,matched,MATCHED_Rayleigh,RNND_Zhu,7746,0.4964981898665428,0.37128500640392303,0.12521318811923265,
0,260816,matched,MATCHED_Rayleigh,RNND_Zhu,7747,0.46421168744564056,0.3582196831703186,0.10599200334399939,
0,260816,matched,MATCHED_Rayleigh,RNND_Zhu,7748,0.399686299264431,0.3060939237475395,0.09359237551689148,
0,260816,matched,MATCHED_Rayleigh,RNND_Zhu,7749,0.45219702273607254,0.33785194903612137,0.1143450764939189,
0,260816,matched,MATCHED_Rayleigh,RNND_Zhu,7750,0.42204203456640244,0.3177548125386238,0.10428722761571407,
0,260816,matched,MATCHED_Rayleigh,RNND_Zhu,7751,0.4051608219742775,0.31354159861803055,0.0916192326694727,
0,260816,matched,MATCHED_Rayleigh,RNND_Zhu,7752,0.4169025868177414,0.3207424320280552,0.09616014361381531,
0,260816,matched,MATCHED_Rayleigh,RNND_Zhu,7753,0.49219004064798355,0.3696514144539833,0.12253863923251629,
0,260816,matched,MATCHED_Rayleigh,RNND_Zhu,7754,0.5390539765357971,0.3971462696790695,0.1419077105820179,
0,260816,matched,MATCHED_Rayleigh,RNND_Zhu,7755,0.5983752757310867,0.45076968893408775,0.14760558679699898,
0,260816,matched,MATCHED_Rayleigh,RNND_Zhu,7756,0.2875477746129036,0.22172081097960472,0.06582695990800858,
0,260816,matched,MATCHED_Rayleigh,RNND_Zhu,7757,0.5851297229528427,0.43005480617284775,0.15507491305470467,
0,260816,matched,MATCHED_Rayleigh,RNND_Zhu,7758,0.3100830316543579,0.2350561060011387,0.07502692379057407,
0,260816,matched,MATCHED_Rayleigh,RNND_Zhu,7759,0.3210243955254555,0.24820370972156525,0.0728206867352128,
0,260816,matched,MATCHED_Rayleigh,RNND_Zhu,7760,0.5479018613696098,0.41324514895677567,0.13465671613812447,
0,260816,matched,MATCHED_Rayleigh,RNND_Zhu,7761,0.45788975805044174,0.3473409339785576,0.1105488259345293,
0,260816,matched,MATCHED_Rayleigh,RNND_Zhu,7762,0.49586576595902443,0.3749297000467777,0.12093606311827898,
0,260816,matched,MATCHED_Rayleigh,RNND_Zhu,7763,0.41476185619831085,0.3169024772942066,0.09785936959087849,
0,260816,matched,MATCHED_Rayleigh,RNND_Zhu,7764,0.598603680729866,0.44848693162202835,0.15011675655841827,
0,260816,matched,MATCHED_Rayleigh,RNND_Zhu,7765,0.45048609375953674,0.3434041514992714,0.1070819403976202,
0,260816,matched,MATCHED_Rayleigh,RNND_Zhu,7766,0.6247977092862129,0.46876027435064316,0.15603743307292461,
0,260816,matched,MATCHED_Rayleigh,RNND_Zhu,7767,0.5092101693153381,0.38981541618704796,0.11939474754035473,
0,260816,matched,MATCHED_Rayleigh,RNND_Zhu,7768,0.4184296764433384,0.31994103267788887,0.0984886446967721,
0,260816,matched,MATCHED_Rayleigh,RNND_Zhu,7769,0.4820830821990967,0.3639802411198616,0.11810284294188023,
0,260816,matched,MATCHED_Rayleigh,RNND_Zhu,7770,0.659429743885994,0.5000982359051704,0.1593315154314041,
0,260816,matched,MATCHED_Rayleigh,RNND_Zhu,7771,0.5265456438064575,0.3952639326453209,0.13128171116113663,
0,260816,matched,MATCHED_Rayleigh,RNND_Zhu,7772,0.5535911619663239,0.4140489622950554,0.13954220339655876,
0,260816,matched,MATCHED_Rayleigh,RNND_Zhu,7773,0.5856523960828781,0.4426885098218918,0.14296389371156693,
0,260816,matched,MATCHED_Rayleigh,RNND_Zhu,7774,0.3944341093301773,0.29653093963861465,0.09790316130965948,
0,260816,matched,MATCHED_Rayleigh,RNND_Zhu,7775,0.5266081243753433,0.395796500146389,0.13081162981688976,
0,260816,matched,MATCHED_Rayleigh,RNND_Zhu,7776,0.44096021354198456,0.33989325910806656,0.1010669469833374,
0,260816,matched,MATCHED_Rayleigh,RNND_Zhu,7777,0.3912530839443207,0.30302663147449493,0.08822644967585802,
0,260816,matched,MATCHED_Rayleigh,RNND_Zhu,7778,0.40208785235881805,0.30305149778723717,0.09903635829687119,
0,260816,matched,MATCHED_Rayleigh,RNND_Zhu,7779,0.32073021680116653,0.24903231859207153,0.07169790286570787,
0,260816,matched,MATCHED_Rayleigh,RNND_Zhu,7780,0.4435858279466629,0.34213608503341675,0.10144975781440735,
0,260816,matched,MATCHED_Rayleigh,RNND_Zhu,7781,0.28115369006991386,0.21674373000860214,0.06440996192395687,
0,260816,matched,MATCHED_Rayleigh,RNND_Zhu,7782,0.5153060033917427,0.3854500502347946,0.1298559382557869,
0,260816,matched,MATCHED_Rayleigh,RNND_Zhu,7783,0.39425118267536163,0.3031652718782425,0.09108591359108686,
0,260816,matched,MATCHED_Rayleigh,RNND_Zhu,7784,0.458253413438797,0.34266386926174164,0.11558954417705536,
0,260816,matched,MATCHED_Rayleigh,RNND_Zhu,7785,0.5229469686746597,0.3953794203698635,0.12756755389273167,
0,260816,matched,MATCHED_Rayleigh,RNND_Zhu,7786,0.38716691732406616,0.2949087545275688,0.09225815907120705,
0,260816,matched,MATCHED_Rayleigh,RNND_Zhu,7787,0.5719084367156029,0.43903491273522377,0.13287353515625,
0,260816,matched,MATCHED_Rayleigh,RNND_Zhu,7788,0.5626615285873413,0.4205659255385399,0.14209559746086597,
0,260816,matched,MATCHED_Rayleigh,RNND_Zhu,7789,0.5657353848218918,0.43465186282992363,0.1310835126787424,
0,260816,matched,MATCHED_Rayleigh,RNND_Zhu,7790,0.5602661818265915,0.42055098339915276,0.13971521332859993,
0,260816,matched,MATCHED_Rayleigh,RNND_Zhu,7791,0.5106031447649002,0.38405199348926544,0.1265511717647314,
0,260816,matched,MATCHED_Rayleigh,RNND_Zhu,7792,0.49619925394654274,0.378210611641407,0.11798864137381315,
0,260816,matched,MATCHED_Rayleigh,RNND_Zhu,7793,0.4028223976492882,0.3058605119585991,0.09696188382804394,
0,260816,matched,MATCHED_Rayleigh,RNND_Zhu,7794,0.43707315251231194,0.332996629178524,0.10407651215791702,
0,260816,matched,MATCHED_Rayleigh,RNND_Zhu,7795,0.5382563769817352,0.4011446014046669,0.13711177930235863,
0,260816,matched,MATCHED_Rayleigh,RNND_Zhu,7796,0.5783839598298073,0.43454378098249435,0.14384018629789352,
0,260816,matched,MATCHED_Rayleigh,RNND_Zhu,7797,0.39150068536400795,0.3016494885087013,0.08985120337456465,
0,260816,matched,MATCHED_Rayleigh,RNND_Zhu,7798,0.28976258635520935,0.22299113497138023,0.06677144952118397,
0,260816,matched,MATCHED_Rayleigh,RNND_Zhu,7799,0.5506496429443359,0.4241959676146507,0.12645368836820126,
0,260816,matched,MATCHED_Rayleigh,RNND_Zhu,7800,0.5057471394538879,0.37914612889289856,0.12660100869834423,-0.795604391346998
0,260816,matched,MATCHED_Rayleigh,RNND_Zhu,7801,0.3476381190121174,0.27080027759075165,0.07683783303946257,
0,260816,matched,MATCHED_Rayleigh,RNND_Zhu,7802,0.5239981263875961,0.39054351300001144,0.13345461152493954,
0,260816,matched,MATCHED_Rayleigh,RNND_Zhu,7803,0.41108599305152893,0.31294845789670944,0.09813752118498087,
0,260816,matched,MATCHED_Rayleigh,RNND_Zhu,7804,0.5449384860694408,0.4107692316174507,0.13416925352066755,
0,260816,matched,MATCHED_Rayleigh,RNND_Zhu,7805,0.5749362856149673,0.424163818359375,0.15077247470617294,
0,260816,matched,MATCHED_Rayleigh,RNND_Zhu,7806,0.40536943823099136,0.3114696480333805,0.09389978274703026,
0,260816,matched,MATCHED_Rayleigh,RNND_Zhu,7807,0.3769744113087654,0.2984221279621124,0.07855228148400784,
0,260816,matched,MATCHED_Rayleigh,RNND_Zhu,7808,0.41017818450927734,0.313831876963377,0.09634632058441639,
0,260816,matched,MATCHED_Rayleigh,RNND_Zhu,7809,0.48226673901081085,0.3675387427210808,0.11472800001502037,
0,260816,matched,MATCHED_Rayleigh,RNND_Zhu,7810,0.482040099799633,0.37034573405981064,0.11169437319040298,
0,260816,matched,MATCHED_Rayleigh,RNND_Zhu,7811,0.4892779588699341,0.3707112558186054,0.11856671050190926,
0,260816,matched,MATCHED_Rayleigh,RNND_Zhu,7812,0.4110771715641022,0.3136315234005451,0.0974456425756216,
0,260816,matched,MATCHED_Rayleigh,RNND_Zhu,7813,0.48833152651786804,0.36342617124319077,0.12490534782409668,
0,260816,matched,MATCHED_Rayleigh,RNND_Zhu,7814,0.4723013788461685,0.3542202115058899,0.11808116361498833,
0,260816,matched,MATCHED_Rayleigh,RNND_Zhu,7815,0.49077108502388,0.3643318973481655,0.12643918674439192,
0,260816,matched,MATCHED_Rayleigh,RNND_Zhu,7816,0.39954257383942604,0.30352596193552017,0.09601660259068012,
0,260816,matched,MATCHED_Rayleigh,RNND_Zhu,7817,0.5183984488248825,0.3971053324639797,0.12129311077296734,
0,260816,matched,MATCHED_Rayleigh,RNND_Zhu,7818,0.37143199145793915,0.2818573787808418,0.08957461453974247,
0,260816,matched,MATCHED_Rayleigh,RNND_Zhu,7819,0.37113114446401596,0.28262709826231003,0.08850405178964138,
0,260816,matched,MATCHED_Rayleigh,RNND_Zhu,7820,0.4537660703063011,0.34530770778656006,0.10845836438238621,
0,260816,matched,MATCHED_Rayleigh,RNND_Zhu,7821,0.5106418430805206,0.3839208483695984,0.1267210002988577,
0,260816,matched,MATCHED_Rayleigh,RNND_Zhu,7822,0.6067840605974197,0.4559280127286911,0.15085606463253498,
0,260816,matched,MATCHED_Rayleigh,RNND_Zhu,7823,0.39661935344338417,0.3009413629770279,0.0956780007109046,
0,260816,matched,MATCHED_Rayleigh,RNND_Zhu,7824,0.5666975229978561,0.4197012782096863,0.1469962541013956,
0,260816,matched,MATCHED_Rayleigh,RNND_Zhu,7825,0.5663930028676987,0.4340917319059372,0.13230128027498722,
0,260816,matched,MATCHED_Rayleigh,RNND_Zhu,7826,0.6567485556006432,0.49297546595335007,0.16377309896051884,
0,260816,matched,MATCHED_Rayleigh,RNND_Zhu,7827,0.5039724558591843,0.37931565195322037,0.124656792730093,
0,260816,matched,MATCHED_Rayleigh,RNND_Zhu,7828,0.5991954654455185,0.45647110790014267,0.14272434636950493,
0,260816,matched,MATCHED_Rayleigh,RNND_Zhu,7829,0.372063972055912,0.28137416765093803,0.09068980533629656,
0,260816,matched,MATCHED_Rayleigh,RNND_Zhu,7830,0.40430156886577606,0.3038930967450142,0.10040847398340702,
0,260816,matched,MATCHED_Rayleigh,RNND_Zhu,7831,0.45583149790763855,0.3453126847743988,0.11051881313323975,
0,260816,matched,MATCHED_Rayleigh,RNND_Zhu,7832,0.45315660536289215,0.3431709259748459,0.10998567752540112,
0,260816,matched,MATCHED_Rayleigh,RNND_Zhu,7833,0.5550257600843906,0.42415672540664673,0.13086904864758253,
0,260816,matched,MATCHED_Rayleigh,RNND_Zhu,7834,0.5184150114655495,0.39779552072286606,0.12061949633061886,
0,260816,matched,MATCHED_Rayleigh,RNND_Zhu,7835,0.6183919757604599,0.4707632213830948,0.1476287581026554,
0,260816,matched,MATCHED_Rayleigh,RNND_Zhu,7836,0.5168217904865742,0.38959354534745216,0.12722824607044458,
0,260816,matched,MATCHED_Rayleigh,RNND_Zhu,7837,0.44675399363040924,0.34361108392477036,0.10314291529357433,
0,260816,matched,MATCHED_Rayleigh,RNND_Zhu,7838,0.5505168586969376,0.4192054234445095,0.13131143432110548,
0,260816,matched,MATCHED_Rayleigh,RNND_Zhu,7839,0.48522309213876724,0.37452515959739685,0.11069793440401554,
0,260816,matched,MATCHED_Rayleigh,RNND_Zhu,7840,0.4110042005777359,0.3172583319246769,0.09374586306512356,
0,260816,matched,MATCHED_Rayleigh,RNND_Zhu,7841,0.32903648912906647,0.24852455407381058,0.08051193878054619,
0,260816,matched,MATCHED_Rayleigh,RNND_Zhu,7842,0.47222457081079483,0.3564101830124855,0.11581439711153507,
0,260816,matched,MATCHED_Rayleigh,RNND_Zhu,7843,0.5902893245220184,0.4445294365286827,0.14575988799333572,
0,260816,matched,MATCHED_Rayleigh,RNND_Zhu,7844,0.545362614095211,0.40838009491562843,0.1369825229048729,
0,260816,matched,MATCHED_Rayleigh,RNND_Zhu,7845,0.479681633412838,0.36878860369324684,0.11089302692562342,
0,260816,matched,MATCHED_Rayleigh,RNND_Zhu,7846,0.5221975743770599,0.4022151231765747,0.11998245678842068,
0,260816,matched,MATCHED_Rayleigh,RNND_Zhu,7847,0.36909525841474533,0.283760491758585,0.08533476665616035,
0,260816,matched,MATCHED_Rayleigh,RNND_Zhu,7848,0.6673700213432312,0.5065673366189003,0.1608027070760727,
0,260816,matched,MATCHED_Rayleigh,RNND_Zhu,7849,0.3572826199233532,0.2709645926952362,0.08631802070885897,
0,260816,matched,MATCHED_Rayleigh,RNND_Zhu,7850,0.4262768551707268,0.3228122219443321,0.10346463229507208,
0,260816,matched,MATCHED_Rayleigh,RNND_Zhu,7851,0.5506012141704559,0.4137531444430351,0.1368480734527111,
0,260816,matched,MATCHED_Rayleigh,RNND_Zhu,7852,0.3701811507344246,0.27650339901447296,0.09367775544524193,
0,260816,matched,MATCHED_Rayleigh,RNND_Zhu,7853,0.42389170825481415,0.3258616402745247,0.09803006425499916,
0,260816,matched,MATCHED_Rayleigh,RNND_Zhu,7854,0.3732951432466507,0.2838330864906311,0.08946205675601959,
0,260816,matched,MATCHED_Rayleigh,RNND_Zhu,7855,0.46603190898895264,0.35397667437791824,0.11205522529780865,
0,260816,matched,MATCHED_Rayleigh,RNND_Zhu,7856,0.48044154047966003,0.3597950041294098,0.12064654380083084,
0,260816,matched,MATCHED_Rayleigh,RNND_Zhu,7857,0.23955529183149338,0.18851446732878685,0.0510408254340291,
0,260816,matched,MATCHED_Rayleigh,RNND_Zhu,7858,0.44294795393943787,0.3368924632668495,0.1060554888099432,
0,260816,matched,MATCHED_Rayleigh,RNND_Zhu,7859,0.5608739852905273,0.4263227730989456,0.1345512205734849,
0,260816,matched,MATCHED_Rayleigh,RNND_Zhu,7860,0.4586673974990845,0.34217292815446854,0.11649446561932564,
0,260816,matched,MATCHED_Rayleigh,RNND_Zhu,7861,0.41250450164079666,0.311967670917511,0.10053683072328568,
0,260816,matched,MATCHED_Rayleigh,RNND_Zhu,7862,0.5771287977695465,0.4356229603290558,0.14150584116578102,
0,260816,matched,MATCHED_Rayleigh,RNND_Zhu,7863,0.567714124917984,0.4334757775068283,0.1342383436858654,
0,260816,matched,MATCHED_Rayleigh,RNND_Zhu,7864,0.4467144161462784,0.3353923000395298,0.11132211610674858,
0,260816,matched,MATCHED_Rayleigh,RNND_Zhu,7865,0.46454765647649765,0.3528559282422066,0.11169171426445246,
0,260816,matched,MATCHED_Rayleigh,RNND_Zhu,7866,0.4545539990067482,0.3482222184538841,0.10633178800344467,
0,260816,matched,MATCHED_Rayleigh,RNND_Zhu,7867,0.4201899319887161,0.3192029856145382,0.10098694451153278,
0,260816,matched,MATCHED_Rayleigh,RNND_Zhu,7868,0.45177722722291946,0.3439144715666771,0.10786276310682297,
0,260816,matched,MATCHED_Rayleigh,RNND_Zhu,7869,0.3834798261523247,0.29242923855781555,0.09105058014392853,
0,260816,matched,MATCHED_Rayleigh,RNND_Zhu,7870,0.42162997648119926,0.32316984981298447,0.09846012108027935,
0,260816,matched,MATCHED_Rayleigh,RNND_Zhu,7871,0.4926484227180481,0.3777092918753624,0.11493912525475025,
0,260816,matched,MATCHED_Rayleigh,RNND_Zhu,7872,0.5971032977104187,0.4548124894499779,0.14229081757366657,
0,260816,matched,MATCHED_Rayleigh,RNND_Zhu,7873,0.5214836522936821,0.3994854986667633,0.12199814803898335,
0,260816,matched,MATCHED_Rayleigh,RNND_Zhu,7874,0.5119865536689758,0.37961964309215546,0.13236691243946552,
0,260816,matched,MATCHED_Rayleigh,RNND_Zhu,7875,0.5853272825479507,0.44619156420230865,0.1391357034444809,
0,260816,matched,MATCHED_Rayleigh,RNND_Zhu,7876,0.47339826822280884,0.3618016429245472,0.11159662902355194,
0,260816,matched,MATCHED_Rayleigh,RNND_Zhu,7877,0.35838495939970016,0.27364660054445267,0.08473835792392492,
0,260816,matched,MATCHED_Rayleigh,RNND_Zhu,7878,0.33467981964349747,0.25673432275652885,0.07794549129903316,
0,260816,matched,MATCHED_Rayleigh,RNND_Zhu,7879,0.4710933268070221,0.35733049362897873,0.11376282572746277,
0,260816,matched,MATCHED_Rayleigh,RNND_Zhu,7880,0.485768124461174,0.3671967387199402,0.11857138574123383,
0,260816,matched,MATCHED_Rayleigh,RNND_Zhu,7881,0.6343391090631485,0.48951295018196106,0.14482615888118744,
0,260816,matched,MATCHED_Rayleigh,RNND_Zhu,7882,0.551240935921669,0.41109035164117813,0.14015058055520058,
0,260816,matched,MATCHED_Rayleigh,RNND_Zhu,7883,0.4098992496728897,0.31237636506557465,0.09752287901937962,
0,260816,matched,MATCHED_Rayleigh,RNND_Zhu,7884,0.4217449873685837,0.3215293884277344,0.1002156063914299,
0,260816,matched,MATCHED_Rayleigh,RNND_Zhu,7885,0.44396064057946205,0.3445846475660801,0.09937600139528513,
0,260816,matched,MATCHED_Rayleigh,RNND_Zhu,7886,0.39143380522727966,0.294842254370451,0.09659154899418354,
0,260816,matched,MATCHED_Rayleigh,RNND_Zhu,7887,0.36620084941387177,0.2817556820809841,0.08444517012685537,
0,260816,matched,MATCHED_Rayleigh,RNND_Zhu,7888,0.4335273951292038,0.3258063718676567,0.10772102512419224,
0,260816,matched,MATCHED_Rayleigh,RNND_Zhu,7889,0.4527967646718025,0.35083305835723877,0.10196371749043465,
0,260816,matched,MATCHED_Rayleigh,RNND_Zhu,7890,0.4571860507130623,0.3428183048963547,0.1143677569925785,
0,260816,matched,MATCHED_Rayleigh,RNND_Zhu,7891,0.4583022929728031,0.34533100575208664,0.11297128163278103,
0,260816,matched,MATCHED_Rayleigh,RNND_Zhu,7892,0.3388039916753769,0.25511832162737846,0.08368566818535328,
0,260816,matched,MATCHED_Rayleigh,RNND_Zhu,7893,0.41691868007183075,0.3134080544114113,0.10351062379777431,
0,260816,matched,MATCHED_Rayleigh,RNND_Zhu,7894,0.5610372498631477,0.4254099950194359,0.13562725484371185,
0,260816,matched,MATCHED_Rayleigh,RNND_Zhu,7895,0.3355455994606018,0.25509872287511826,0.08044687379151583,
0,260816,matched,MATCHED_Rayleigh,RNND_Zhu,7896,0.4524149149656296,0.3404168635606766,0.111998051404953,
0,260816,matched,MATCHED_Rayleigh,RNND_Zhu,7897,0.3927740231156349,0.306364968419075,0.08640905097126961,
0,260816,matched,MATCHED_Rayleigh,RNND_Zhu,7898,0.6133411377668381,0.46567336842417717,0.1476677767932415,
0,260816,matched,MATCHED_Rayleigh,RNND_Zhu,7899,0.5043159127235413,0.37970178574323654,0.12461413256824017,
0,260816,matched,MATCHED_Rayleigh,RNND_Zhu,7900,0.4705854505300522,0.3537288159132004,0.11685662623494864,
0,260816,matched,MATCHED_Rayleigh,RNND_Zhu,7901,0.3978471867740154,0.30358483269810677,0.09426236152648926,
0,260816,matched,MATCHED_Rayleigh,RNND_Zhu,7902,0.5216018259525299,0.38720743358135223,0.13439439982175827,
0,260816,matched,MATCHED_Rayleigh,RNND_Zhu,7903,0.4948740787804127,0.371139258146286,0.12373482715338469,
0,260816,matched,MATCHED_Rayleigh,RNND_Zhu,7904,0.41555432975292206,0.3149202689528465,0.10063405241817236,
0,260816,matched,MATCHED_Rayleigh,RNND_Zhu,7905,0.42822205275297165,0.32022687047719955,0.10799519531428814,
0,260816,matched,MATCHED_Rayleigh,RNND_Zhu,7906,0.41248422861099243,0.3170960023999214,0.09538822527974844,
0,260816,matched,MATCHED_Rayleigh,RNND_Zhu,7907,0.5304589122533798,0.4010644778609276,0.12939443439245224,
0,260816,matched,MATCHED_Rayleigh,RNND_Zhu,7908,0.5013466626405716,0.3800940103828907,0.1212526485323906,
0,260816,matched,MATCHED_Rayleigh,RNND_Zhu,7909,0.3626379519701004,0.2770201377570629,0.08561782259494066,
0,260816,matched,MATCHED_Rayleigh,RNND_Zhu,7910,0.37561892718076706,0.2897692322731018,0.08584969863295555,
0,260816,matched,MATCHED_Rayleigh,RNND_Zhu,7911,0.4438995346426964,0.33641961216926575,0.10747990943491459,
0,260816,matched,MATCHED_Rayleigh,RNND_Zhu,7912,0.433227751404047,0.33026039227843285,0.10296736005693674,
0,260816,matched,MATCHED_Rayleigh,RNND_Zhu,7913,0.3189772740006447,0.24853845685720444,0.07043881714344025,
0,260816,matched,MATCHED_Rayleigh,RNND_Zhu,7914,0.463771216571331,0.35506507009267807,0.1087061520665884,
0,260816,matched,MATCHED_Rayleigh,RNND_Zhu,7915,0.4991246946156025,0.37249231711030006,0.12663237657397985,
0,260816,matched,MATCHED_Rayleigh,RNND_Zhu,7916,0.4198692515492439,0.3200075253844261,0.09986172895878553,
0,260816,matched,MATCHED_Rayleigh,RNND_Zhu,7917,0.3777466267347336,0.29225515201687813,0.08549147192388773,
0,260816,matched,MATCHED_Rayleigh,RNND_Zhu,7918,0.48207955807447433,0.3575979694724083,0.12448158301413059,
0,260816,matched,MATCHED_Rayleigh,RNND_Zhu,7919,0.3463457226753235,0.26886752620339394,0.07747820019721985,
0,260816,matched,MATCHED_Rayleigh,RNND_Zhu,7920,0.389407217502594,0.3006744123995304,0.08873281255364418,
0,260816,matched,MATCHED_Rayleigh,RNND_Zhu,7921,0.4470379054546356,0.33747370541095734,0.10956419911235571,
0,260816,matched,MATCHED_Rayleigh,RNND_Zhu,7922,0.3402960002422333,0.262340422719717,0.07795557007193565,
0,260816,matched,MATCHED_Rayleigh,RNND_Zhu,7923,0.410502627491951,0.3129637762904167,0.09753885492682457,
0,260816,matched,MATCHED_Rayleigh,RNND_Zhu,7924,0.4207252115011215,0.3201878070831299,0.10053740255534649,
0,260816,matched,MATCHED_Rayleigh,RNND_Zhu,7925,0.4408860132098198,0.3305486738681793,0.11033734679222107,
0,260816,matched,MATCHED_Rayleigh,RNND_Zhu,7926,0.3989415764808655,0.30247901380062103,0.09646255988627672,
0,260816,matched,MATCHED_Rayleigh,RNND_Zhu,7927,0.4190328121185303,0.32332826405763626,0.09570454619824886,
0,260816,matched,MATCHED_Rayleigh,RNND_Zhu,7928,0.45694674924016,0.34900930523872375,0.10793744213879108,
0,260816,matched,MATCHED_Rayleigh,RNND_Zhu,7929,0.33242110162973404,0.25267716124653816,0.07974394038319588,
0,260816,matched,MATCHED_Rayleigh,RNND_Zhu,7930,0.4141082093119621,0.3109907954931259,0.10311741009354591,
0,260816,matched,MATCHED_Rayleigh,RNND_Zhu,7931,0.5778968185186386,0.4319475591182709,0.14594924077391624,
0,260816,matched,MATCHED_Rayleigh,RNND_Zhu,7932,0.5331866443157196,0.40252210199832916,0.13066454231739044,
0,260816,matched,MATCHED_Rayleigh,RNND_Zhu,7933,0.4309425503015518,0.33022265136241913,0.10071989800781012,
0,260816,matched,MATCHED_Rayleigh,RNND_Zhu,7934,0.5073658600449562,0.3798173516988754,0.12754849717020988,
0,260816,matched,MATCHED_Rayleigh,RNND_Zhu,7935,0.4115621745586395,0.31439607962965965,0.09716609120368958,
0,260816,matched,MATCHED_Rayleigh,RNND_Zhu,7936,0.3613518550992012,0.27741607278585434,0.08393578790128231,
0,260816,matched,MATCHED_Rayleigh,RNND_Zhu,7937,0.6217614561319351,0.46792757511138916,0.15383389219641685,
0,260816,matched,MATCHED_Rayleigh,RNND_Zhu,7938,0.40770595520734787,0.3109191805124283,0.09678677283227444,
0,260816,matched,MATCHED_Rayleigh,RNND_Zhu,7939,0.380814865231514,0.2888692766427994,0.091945581138134,
0,260816,matched,MATCHED_Rayleigh,RNND_Zhu,7940,0.4465591236948967,0.33979661390185356,0.10676250979304314,
0,260816,matched,MATCHED_Rayleigh,RNND_Zhu,7941,0.5789570510387421,0.4343489930033684,0.14460805524140596,
0,260816,matched,MATCHED_Rayleigh,RNND_Zhu,7942,0.5092341676354408,0.385443314909935,0.12379085645079613,
0,260816,matched,MATCHED_Rayleigh,RNND_Zhu,7943,0.6104357317090034,0.46073368191719055,0.1497020609676838,
0,260816,matched,MATCHED_Rayleigh,RNND_Zhu,7944,0.6132786870002747,0.4627237543463707,0.15055491775274277,
0,260816,matched,MATCHED_Rayleigh,RNND_Zhu,7945,0.5471629127860069,0.4089333899319172,0.13822952192276716,
0,260816,matched,MATCHED_Rayleigh,RNND_Zhu,7946,0.5136547833681107,0.38558991998434067,0.1280648671090603,
0,260816,matched,MATCHED_Rayleigh,RNND_Zhu,7947,0.5322310328483582,0.4028639644384384,0.12936706468462944,
0,260816,matched,MATCHED_Rayleigh,RNND_Zhu,7948,0.48855624720454216,0.36922282353043556,0.11933343019336462,
0,260816,matched,MATCHED_Rayleigh,RNND_Zhu,7949,0.43663427233695984,0.33143897354602814,0.10519530437886715,
0,260816,matched,MATCHED_Rayleigh,RNND_Zhu,7950,0.4612014815211296,0.35040169954299927,0.1107997726649046,
0,260816,matched,MATCHED_Rayleigh,RNND_Zhu,7951,0.562846951186657,0.42786310240626335,0.13498385529965162,
0,260816,matched,MATCHED_Rayleigh,RNND_Zhu,7952,0.3748815804719925,0.2867455370724201,0.08813603967428207,
0,260816,matched,MATCHED_Rayleigh,RNND_Zhu,7953,0.5520328432321548,0.40778065472841263,0.14425218850374222,
0,260816,matched,MATCHED_Rayleigh,RNND_Zhu,7954,0.43746308237314224,0.3331037797033787,0.10435930266976357,
0,260816,matched,MATCHED_Rayleigh,RNND_Zhu,7955,0.34104305505752563,0.263055969029665,0.07798709347844124,
0,260816,matched,MATCHED_Rayleigh,RNND_Zhu,7956,0.34913814067840576,0.2643961124122143,0.08474202174693346,
0,260816,matched,MATCHED_Rayleigh,RNND_Zhu,7957,0.4800426736474037,0.3648082986474037,0.11523436568677425,
0,260816,matched,MATCHED_Rayleigh,RNND_Zhu,7958,0.41900578141212463,0.3192020244896412,0.09980376064777374,
0,260816,matched,MATCHED_Rayleigh,RNND_Zhu,7959,0.5064504891633987,0.3785698488354683,0.1278806384652853,
0,260816,matched,MATCHED_Rayleigh,RNND_Zhu,7960,0.47925209254026413,0.361029788851738,0.11822230741381645,
0,260816,matched,MATCHED_Rayleigh,RNND_Zhu,7961,0.4973015896975994,0.37792133539915085,0.11938027013093233,
0,260816,matched,MATCHED_Rayleigh,RNND_Zhu,7962,0.42623569816350937,0.3239308185875416,0.10230487771332264,
0,260816,matched,MATCHED_Rayleigh,RNND_Zhu,7963,0.5387785881757736,0.4068293794989586,0.13194920867681503,
0,260816,matched,MATCHED_Rayleigh,RNND_Zhu,7964,0.4230128154158592,0.31898364052176476,0.10402917303144932,
0,260816,matched,MATCHED_Rayleigh,RNND_Zhu,7965,0.704452782869339,0.5309827327728271,0.17347003892064095,
0,260816,matched,MATCHED_Rayleigh,RNND_Zhu,7966,0.583780437707901,0.43991392105817795,0.14386652037501335,
0,260816,matched,MATCHED_Rayleigh,RNND_Zhu,7967,0.401706300675869,0.3051368370652199,0.09656944684684277,
0,260816,matched,MATCHED_Rayleigh,RNND_Zhu,7968,0.573868103325367,0.4325822591781616,0.1412858385592699,
0,260816,matched,MATCHED_Rayleigh,RNND_Zhu,7969,0.4381139725446701,0.33771050721406937,0.10040347278118134,
0,260816,matched,MATCHED_Rayleigh,RNND_Zhu,7970,0.3666161894798279,0.2794341444969177,0.08718204312026501,
0,260816,matched,MATCHED_Rayleigh,RNND_Zhu,7971,0.5809878148138523,0.4358264282345772,0.1451613800600171,
0,260816,matched,MATCHED_Rayleigh,RNND_Zhu,7972,0.3844011351466179,0.29576602578163147,0.08863511681556702,
0,260816,matched,MATCHED_Rayleigh,RNND_Zhu,7973,0.5379206240177155,0.40530557557940483,0.13261505961418152,
0,260816,matched,MATCHED_Rayleigh,RNND_Zhu,7974,0.38418566435575485,0.2943660765886307,0.08981957845389843,
0,260816,matched,MATCHED_Rayleigh,RNND_Zhu,7975,0.40791403502225876,0.3128676563501358,0.09504637867212296,
0,260816,matched,MATCHED_Rayleigh,RNND_Zhu,7976,0.4727869778871536,0.3539750427007675,0.11881194077432156,
0,260816,matched,MATCHED_Rayleigh,RNND_Zhu,7977,0.45522943139076233,0.34380196034908295,0.11142747104167938,
0,260816,matched,MATCHED_Rayleigh,RNND_Zhu,7978,0.5369963198900223,0.4017065353691578,0.1352897770702839,
0,260816,matched,MATCHED_Rayleigh,RNND_Zhu,7979,0.6284895911812782,0.47592634707689285,0.15256325155496597,
0,260816,matched,MATCHED_Rayleigh,RNND_Zhu,7980,0.4444121867418289,0.33951912820339203,0.10489306319504976,
0,260816,matched,MATCHED_Rayleigh,RNND_Zhu,7981,0.4552875682711601,0.34185463935136795,0.11343293078243732,
0,260816,matched,MATCHED_Rayleigh,RNND_Zhu,7982,0.49631211906671524,0.37794819474220276,0.11836391873657703,
0,260816,matched,MATCHED_Rayleigh,RNND_Zhu,7983,0.3852577954530716,0.29702671989798546,0.08823106158524752,
0,260816,matched,MATCHED_Rayleigh,RNND_Zhu,7984,0.4441070258617401,0.3392382264137268,0.10486879758536816,
0,260816,matched,MATCHED_Rayleigh,RNND_Zhu,7985,0.35643475130200386,0.2716384008526802,0.08479634206742048,
0,260816,matched,MATCHED_Rayleigh,RNND_Zhu,7986,0.5628222525119781,0.41995037347078323,0.14287187159061432,
0,260816,matched,MATCHED_Rayleigh,RNND_Zhu,7987,0.3953087031841278,0.30053620785474777,0.09477249439805746,
0,260816,matched,MATCHED_Rayleigh,RNND_Zhu,7988,0.3751663975417614,0.28595100343227386,0.08921539783477783,
0,260816,matched,MATCHED_Rayleigh,RNND_Zhu,7989,0.359707560390234,0.27866140380501747,0.08104614540934563,
0,260816,matched,MATCHED_Rayleigh,RNND_Zhu,7990,0.38308146595954895,0.2946014478802681,0.0884800236672163,
0,260816,matched,MATCHED_Rayleigh,RNND_Zhu,7991,0.44010768085718155,0.33056533336639404,0.10954234283417463,
0,260816,matched,MATCHED_Rayleigh,RNND_Zhu,7992,0.6252036243677139,0.47113732248544693,0.1540662907063961,
0,260816,matched,MATCHED_Rayleigh,RNND_Zhu,7993,0.4931615740060806,0.37276842072606087,0.12039314955472946,
0,260816,matched,MATCHED_Rayleigh,RNND_Zhu,7994,0.6874491721391678,0.5171144157648087,0.17033477872610092,
0,260816,matched,MATCHED_Rayleigh,RNND_Zhu,7995,0.48862773925065994,0.3682545907795429,0.12037314474582672,
0,260816,matched,MATCHED_Rayleigh,RNND_Zhu,7996,0.37397050485014915,0.2926641143858433,0.08130637835711241,
0,260816,matched,MATCHED_Rayleigh,RNND_Zhu,7997,0.5180428624153137,0.3949834182858467,0.12305944226682186,
0,260816,matched,MATCHED_Rayleigh,RNND_Zhu,7998,0.4272582456469536,0.31806856393814087,0.10918967612087727,
0,260816,matched,MATCHED_Rayleigh,RNND_Zhu,7999,0.5009622052311897,0.3840632662177086,0.11689895391464233,
0,260816,matched,MATCHED_Rayleigh,RNND_Zhu,8000,0.49751289933919907,0.3730640411376953,0.12444886192679405,-0.7924175403233727
