repeat,seed,regime,job_tag,method,epoch,loss,denoise_loss,decode_loss,val_log10_BER
0,260816,matched,MATCHED_RicianLOS,Proposed_CA_CNN_RNND,1,0.871486708521843,0.6214282885193825,0.2500584200024605,-0.3147648339550071
0,260816,matched,MATCHED_RicianLOS,Proposed_CA_CNN_RNND,2,1.3162039816379547,1.066274806857109,0.24992914870381355,
0,260816,matched,MATCHED_RicianLOS,Proposed_CA_CNN_RNND,3,1.2269960194826126,0.9771797508001328,0.24981627240777016,
0,260816,matched,MATCHED_RicianLOS,Proposed_CA_CNN_RNND,4,1.1680505722761154,0.9183719679713249,0.24967863783240318,
0,260816,matched,MATCHED_RicianLOS,Proposed_CA_CNN_RNND,5,1.1160564720630646,0.8664908185601234,0.24956567585468292,
0,260816,matched,MATCHED_RicianLOS,Proposed_CA_CNN_RNND,6,0.7473955750465393,0.4980858489871025,0.2493097372353077,
0,260816,matched,MATCHED_RicianLOS,Proposed_CA_CNN_RNND,7,0.7584460079669952,0.5092030093073845,0.24924299865961075,
0,260816,matched,MATCHED_RicianLOS,Proposed_CA_CNN_RNND,8,0.7786473333835602,0.529791533946991,0.2488558068871498,
0,260816,matched,MATCHED_RicianLOS,Proposed_CA_CNN_RNND,9,0.9819207787513733,0.733626201748848,0.24829459190368652,
0,260816,matched,MATCHED_RicianLOS,Proposed_CA_CNN_RNND,10,0.7436642497777939,0.49610212445259094,0.24756211787462234,
0,260816,matched,MATCHED_RicianLOS,Proposed_CA_CNN_RNND,11,0.7855722904205322,0.5390180796384811,0.2465541958808899,
0,260816,matched,MATCHED_RicianLOS,Proposed_CA_CNN_RNND,12,0.7611148506402969,0.5160331279039383,0.24508170410990715,
0,260816,matched,MATCHED_RicianLOS,Proposed_CA_CNN_RNND,13,0.7661224603652954,0.522465705871582,0.24365675821900368,
0,260816,matched,MATCHED_RicianLOS,Proposed_CA_CNN_RNND,14,0.7068657577037811,0.466830849647522,0.24003488570451736,
0,260816,matched,MATCHED_RicianLOS,Proposed_CA_CNN_RNND,15,0.772662878036499,0.5337633714079857,0.23889951407909393,
0,260816,matched,MATCHED_RicianLOS,Proposed_CA_CNN_RNND,16,0.6311910301446915,0.39619433134794235,0.23499668762087822,
0,260816,matched,MATCHED_RicianLOS,Proposed_CA_CNN_RNND,17,0.6784595996141434,0.442654587328434,0.23580501601099968,
0,260816,matched,MATCHED_RicianLOS,Proposed_CA_CNN_RNND,18,0.6763038337230682,0.4440006911754608,0.23230314254760742,
0,260816,matched,MATCHED_RicianLOS,Proposed_CA_CNN_RNND,19,0.5742535591125488,0.3466383144259453,0.22761524468660355,
0,260816,matched,MATCHED_RicianLOS,Proposed_CA_CNN_RNND,20,0.5931296944618225,0.36587631702423096,0.22725336998701096,
0,260816,matched,MATCHED_RicianLOS,Proposed_CA_CNN_RNND,21,0.5834829956293106,0.35763832926750183,0.22584468871355057,
0,260816,matched,MATCHED_RicianLOS,Proposed_CA_CNN_RNND,22,0.7670553773641586,0.5323906540870667,0.23466473817825317,
0,260816,matched,MATCHED_RicianLOS,Proposed_CA_CNN_RNND,23,0.5728848204016685,0.3478994034230709,0.22498542070388794,
0,260816,matched,MATCHED_RicianLOS,Proposed_CA_CNN_RNND,24,0.5667053312063217,0.3433244228363037,0.2233809046447277,
0,260816,matched,MATCHED_RicianLOS,Proposed_CA_CNN_RNND,25,0.6494880467653275,0.423308290541172,0.22617976367473602,
0,260816,matched,MATCHED_RicianLOS,Proposed_CA_CNN_RNND,26,0.5434407219290733,0.3257344514131546,0.21770627051591873,
0,260816,matched,MATCHED_RicianLOS,Proposed_CA_CNN_RNND,27,0.6261776387691498,0.40000125020742416,0.22617638483643532,
0,260816,matched,MATCHED_RicianLOS,Proposed_CA_CNN_RNND,28,0.5909057408571243,0.36745720356702805,0.22344852983951569,
0,260816,matched,MATCHED_RicianLOS,Proposed_CA_CNN_RNND,29,0.6692205891013145,0.4450354501605034,0.22418515384197235,
0,260816,matched,MATCHED_RicianLOS,Proposed_CA_CNN_RNND,30,0.510599210858345,0.29541731625795364,0.2151818946003914,
0,260816,matched,MATCHED_RicianLOS,Proposed_CA_CNN_RNND,31,0.5507784187793732,0.3366069383919239,0.21417146921157837,
0,260816,matched,MATCHED_RicianLOS,Proposed_CA_CNN_RNND,32,0.5614086091518402,0.34634436666965485,0.21506424620747566,
0,260816,matched,MATCHED_RicianLOS,Proposed_CA_CNN_RNND,33,0.6009815335273743,0.38616733253002167,0.2148142158985138,
0,260816,matched,MATCHED_RicianLOS,Proposed_CA_CNN_RNND,34,0.5773827582597733,0.3660460598766804,0.21133670210838318,
0,260816,matched,MATCHED_RicianLOS,Proposed_CA_CNN_RNND,35,0.648163914680481,0.4340043291449547,0.21415957435965538,
0,260816,matched,MATCHED_RicianLOS,Proposed_CA_CNN_RNND,36,0.4982738196849823,0.2952733784914017,0.20300043746829033,
0,260816,matched,MATCHED_RicianLOS,Proposed_CA_CNN_RNND,37,0.5342933237552643,0.3278241828083992,0.20646914094686508,
0,260816,matched,MATCHED_RicianLOS,Proposed_CA_CNN_RNND,38,0.49392183125019073,0.29725997149944305,0.19666184857487679,
0,260816,matched,MATCHED_RicianLOS,Proposed_CA_CNN_RNND,39,0.46483057737350464,0.26920895650982857,0.19562162086367607,
0,260816,matched,MATCHED_RicianLOS,Proposed_CA_CNN_RNND,40,0.623548299074173,0.41665615886449814,0.20689214766025543,
0,260816,matched,MATCHED_RicianLOS,Proposed_CA_CNN_RNND,41,0.48252689093351364,0.286675576120615,0.19585131481289864,
0,260816,matched,MATCHED_RicianLOS,Proposed_CA_CNN_RNND,42,0.6787527203559875,0.4725082144141197,0.20624448731541634,
0,260816,matched,MATCHED_RicianLOS,Proposed_CA_CNN_RNND,43,0.5129447877407074,0.3181593790650368,0.19478540867567062,
0,260816,matched,MATCHED_RicianLOS,Proposed_CA_CNN_RNND,44,0.5098905116319656,0.3131146728992462,0.19677583500742912,
0,260816,matched,MATCHED_RicianLOS,Proposed_CA_CNN_RNND,45,0.5240796357393265,0.3322592116892338,0.1918204426765442,
0,260816,matched,MATCHED_RicianLOS,Proposed_CA_CNN_RNND,46,0.5463575422763824,0.34759946167469025,0.1987580880522728,
0,260816,matched,MATCHED_RicianLOS,Proposed_CA_CNN_RNND,47,0.6491600722074509,0.44508345425128937,0.2040766403079033,
0,260816,matched,MATCHED_RicianLOS,Proposed_CA_CNN_RNND,48,0.6161429286003113,0.41493089497089386,0.20121202617883682,
0,260816,matched,MATCHED_RicianLOS,Proposed_CA_CNN_RNND,49,0.39069685339927673,0.20997285470366478,0.18072399869561195,
0,260816,matched,MATCHED_RicianLOS,Proposed_CA_CNN_RNND,50,0.5028717741370201,0.31512612104415894,0.18774566426873207,
0,260816,matched,MATCHED_RicianLOS,Proposed_CA_CNN_RNND,51,0.5188210010528564,0.32933563366532326,0.1894853673875332,
0,260816,matched,MATCHED_RicianLOS,Proposed_CA_CNN_RNND,52,0.5742544829845428,0.3824901059269905,0.19176437705755234,
0,260816,matched,MATCHED_RicianLOS,Proposed_CA_CNN_RNND,53,0.5605330243706703,0.37175096571445465,0.18878206238150597,
0,260816,matched,MATCHED_RicianLOS,Proposed_CA_CNN_RNND,54,0.49914369732141495,0.31321635469794273,0.1859273500740528,
0,260816,matched,MATCHED_RicianLOS,Proposed_CA_CNN_RNND,55,0.436511367559433,0.25534678995609283,0.18116457760334015,
0,260816,matched,MATCHED_RicianLOS,Proposed_CA_CNN_RNND,56,0.48533543199300766,0.3064718618988991,0.17886357009410858,
0,260816,matched,MATCHED_RicianLOS,Proposed_CA_CNN_RNND,57,0.3765437453985214,0.20451048016548157,0.17203326523303986,
0,260816,matched,MATCHED_RicianLOS,Proposed_CA_CNN_RNND,58,0.46151378750801086,0.2833392433822155,0.17817454040050507,
0,260816,matched,MATCHED_RicianLOS,Proposed_CA_CNN_RNND,59,0.5591111928224564,0.3737439885735512,0.1853671930730343,
0,260816,matched,MATCHED_RicianLOS,Proposed_CA_CNN_RNND,60,0.5461448580026627,0.3631962686777115,0.18294858559966087,
0,260816,matched,MATCHED_RicianLOS,Proposed_CA_CNN_RNND,61,0.5623292401432991,0.3740396499633789,0.1882895901799202,
0,260816,matched,MATCHED_RicianLOS,Proposed_CA_CNN_RNND,62,0.4087518900632858,0.2396337166428566,0.16911817714571953,
0,260816,matched,MATCHED_RicianLOS,Proposed_CA_CNN_RNND,63,0.4956139177083969,0.3150494918227196,0.18056443333625793,
0,260816,matched,MATCHED_RicianLOS,Proposed_CA_CNN_RNND,64,0.5536970421671867,0.36724433675408363,0.1864526979625225,
0,260816,matched,MATCHED_RicianLOS,Proposed_CA_CNN_RNND,65,0.5207715034484863,0.3414272293448448,0.1793442778289318,
0,260816,matched,MATCHED_RicianLOS,Proposed_CA_CNN_RNND,66,0.42161209881305695,0.2553802356123924,0.16623186692595482,
0,260816,matched,MATCHED_RicianLOS,Proposed_CA_CNN_RNND,67,0.5899805277585983,0.40744906663894653,0.1825314462184906,
0,260816,matched,MATCHED_RicianLOS,Proposed_CA_CNN_RNND,68,0.5623033046722412,0.3802862800657749,0.182017020881176,
0,260816,matched,MATCHED_RicianLOS,Proposed_CA_CNN_RNND,69,0.5712490826845169,0.39029841497540474,0.18095066025853157,
0,260816,matched,MATCHED_RicianLOS,Proposed_CA_CNN_RNND,70,0.5275808647274971,0.35377926379442215,0.17380160093307495,
0,260816,matched,MATCHED_RicianLOS,Proposed_CA_CNN_RNND,71,0.4195862039923668,0.2510085813701153,0.1685776263475418,
0,260816,matched,MATCHED_RicianLOS,Proposed_CA_CNN_RNND,72,0.39843063056468964,0.23837640136480331,0.16005422174930573,
0,260816,matched,MATCHED_RicianLOS,Proposed_CA_CNN_RNND,73,0.4576253741979599,0.2906256690621376,0.1669997163116932,
0,260816,matched,MATCHED_RicianLOS,Proposed_CA_CNN_RNND,74,0.5159729719161987,0.34163766354322433,0.1743353009223938,
0,260816,matched,MATCHED_RicianLOS,Proposed_CA_CNN_RNND,75,0.4401465654373169,0.2780817598104477,0.1620647981762886,
0,260816,matched,MATCHED_RicianLOS,Proposed_CA_CNN_RNND,76,0.3532166853547096,0.20042561367154121,0.152791079133749,
0,260816,matched,MATCHED_RicianLOS,Proposed_CA_CNN_RNND,77,0.5941943377256393,0.41572942584753036,0.17846490442752838,
0,260816,matched,MATCHED_RicianLOS,Proposed_CA_CNN_RNND,78,0.4535774737596512,0.2950776666402817,0.1584998071193695,
0,260816,matched,MATCHED_RicianLOS,Proposed_CA_CNN_RNND,79,0.541826419532299,0.36923152953386307,0.17259488999843597,
0,260816,matched,MATCHED_RicianLOS,Proposed_CA_CNN_RNND,80,0.45479968190193176,0.29616717249155045,0.15863250195980072,
0,260816,matched,MATCHED_RicianLOS,Proposed_CA_CNN_RNND,81,0.4268075153231621,0.27065736800432205,0.15615015476942062,
0,260816,matched,MATCHED_RicianLOS,Proposed_CA_CNN_RNND,82,0.5462265759706497,0.37544824182987213,0.17077834531664848,
0,260816,matched,MATCHED_RicianLOS,Proposed_CA_CNN_RNND,83,0.4963892847299576,0.32997048646211624,0.16641881316900253,
0,260816,matched,MATCHED_RicianLOS,Proposed_CA_CNN_RNND,84,0.4845719262957573,0.32134736329317093,0.16322455555200577,
0,260816,matched,MATCHED_RicianLOS,Proposed_CA_CNN_RNND,85,0.5397443398833275,0.373018242418766,0.16672610491514206,
0,260816,matched,MATCHED_RicianLOS,Proposed_CA_CNN_RNND,86,0.4636857435107231,0.3035613186657429,0.16012443229556084,
0,260816,matched,MATCHED_RicianLOS,Proposed_CA_CNN_RNND,87,0.3556830883026123,0.21083245798945427,0.14485063031315804,
0,260816,matched,MATCHED_RicianLOS,Proposed_CA_CNN_RNND,88,0.372723713517189,0.22421424463391304,0.14850947260856628,
0,260816,matched,MATCHED_RicianLOS,Proposed_CA_CNN_RNND,89,0.4632839038968086,0.30391348898410797,0.15937041491270065,
0,260816,matched,MATCHED_RicianLOS,Proposed_CA_CNN_RNND,90,0.6229597181081772,0.44604843109846115,0.17691127583384514,
0,260816,matched,MATCHED_RicianLOS,Proposed_CA_CNN_RNND,91,0.4256393611431122,0.27257493510842323,0.15306442603468895,
0,260816,matched,MATCHED_RicianLOS,Proposed_CA_CNN_RNND,92,0.341852031648159,0.20770838484168053,0.1341436393558979,
0,260816,matched,MATCHED_RicianLOS,Proposed_CA_CNN_RNND,93,0.3713109940290451,0.23171793296933174,0.13959305733442307,
0,260816,matched,MATCHED_RicianLOS,Proposed_CA_CNN_RNND,94,0.410048745572567,0.26370128244161606,0.14634746313095093,
0,260816,matched,MATCHED_RicianLOS,Proposed_CA_CNN_RNND,95,0.4974485710263252,0.33971818909049034,0.15773038566112518,
0,260816,matched,MATCHED_RicianLOS,Proposed_CA_CNN_RNND,96,0.3053929805755615,0.17427483573555946,0.13111814856529236,
0,260816,matched,MATCHED_RicianLOS,Proposed_CA_CNN_RNND,97,0.4946014955639839,0.3368481956422329,0.15775329619646072,
0,260816,matched,MATCHED_RicianLOS,Proposed_CA_CNN_RNND,98,0.6360978037118912,0.4642956852912903,0.1718021184206009,
0,260816,matched,MATCHED_RicianLOS,Proposed_CA_CNN_RNND,99,0.4845002666115761,0.3334335386753082,0.15106672421097755,
0,260816,matched,MATCHED_RicianLOS,Proposed_CA_CNN_RNND,100,0.44302912801504135,0.29475612938404083,0.14827299490571022,
0,260816,matched,MATCHED_RicianLOS,Proposed_CA_CNN_RNND,101,0.4512677863240242,0.30119774118065834,0.15007004886865616,
0,260816,matched,MATCHED_RicianLOS,Proposed_CA_CNN_RNND,102,0.49718617647886276,0.3426961936056614,0.15448998659849167,
0,260816,matched,MATCHED_RicianLOS,Proposed_CA_CNN_RNND,103,0.394763745367527,0.25037337094545364,0.1443903762847185,
0,260816,matched,MATCHED_RicianLOS,Proposed_CA_CNN_RNND,104,0.5002107992768288,0.34274330362677574,0.15746749937534332,
0,260816,matched,MATCHED_RicianLOS,Proposed_CA_CNN_RNND,105,0.6064707785844803,0.43736252188682556,0.16910823807120323,
0,260816,matched,MATCHED_RicianLOS,Proposed_CA_CNN_RNND,106,0.4314160645008087,0.287111084908247,0.14430499449372292,
0,260816,matched,MATCHED_RicianLOS,Proposed_CA_CNN_RNND,107,0.48453906923532486,0.3332455977797508,0.15129348635673523,
0,260816,matched,MATCHED_RicianLOS,Proposed_CA_CNN_RNND,108,0.514036551117897,0.3556501232087612,0.15838642418384552,
0,260816,matched,MATCHED_RicianLOS,Proposed_CA_CNN_RNND,109,0.3540593385696411,0.2219441533088684,0.1321151778101921,
0,260816,matched,MATCHED_RicianLOS,Proposed_CA_CNN_RNND,110,0.5033009722828865,0.3476972319185734,0.15560374408960342,
0,260816,matched,MATCHED_RicianLOS,Proposed_CA_CNN_RNND,111,0.5416017025709152,0.38102301955223083,0.1605786830186844,
0,260816,matched,MATCHED_RicianLOS,Proposed_CA_CNN_RNND,112,0.41936443746089935,0.2793207950890064,0.14004364237189293,
0,260816,matched,MATCHED_RicianLOS,Proposed_CA_CNN_RNND,113,0.4107155054807663,0.27257220819592476,0.13814328983426094,
0,260816,matched,MATCHED_RicianLOS,Proposed_CA_CNN_RNND,114,0.4664156958460808,0.31944725289940834,0.1469684299081564,
0,260816,matched,MATCHED_RicianLOS,Proposed_CA_CNN_RNND,115,0.39312849193811417,0.25677378848195076,0.1363547034561634,
0,260816,matched,MATCHED_RicianLOS,Proposed_CA_CNN_RNND,116,0.492998369038105,0.34160372614860535,0.15139464661478996,
0,260816,matched,MATCHED_RicianLOS,Proposed_CA_CNN_RNND,117,0.5332775786519051,0.3725983276963234,0.16067925840616226,
0,260816,matched,MATCHED_RicianLOS,Proposed_CA_CNN_RNND,118,0.5608487874269485,0.3897663354873657,0.17108245566487312,
0,260816,matched,MATCHED_RicianLOS,Proposed_CA_CNN_RNND,119,0.53078892827034,0.3754228912293911,0.15536602586507797,
0,260816,matched,MATCHED_RicianLOS,Proposed_CA_CNN_RNND,120,0.33844322711229324,0.21055646613240242,0.12788676470518112,
0,260816,matched,MATCHED_RicianLOS,Proposed_CA_CNN_RNND,121,0.4849891662597656,0.3337681256234646,0.15122103318572044,
0,260816,matched,MATCHED_RicianLOS,Proposed_CA_CNN_RNND,122,0.5424243211746216,0.383974090218544,0.15845023095607758,
0,260816,matched,MATCHED_RicianLOS,Proposed_CA_CNN_RNND,123,0.43070175498723984,0.2953137680888176,0.1353879775851965,
0,260816,matched,MATCHED_RicianLOS,Proposed_CA_CNN_RNND,124,0.43366914242506027,0.29516834020614624,0.13850079476833344,
0,260816,matched,MATCHED_RicianLOS,Proposed_CA_CNN_RNND,125,0.34724684804677963,0.22154471278190613,0.1257021278142929,
0,260816,matched,MATCHED_RicianLOS,Proposed_CA_CNN_RNND,126,0.5075867176055908,0.35436735302209854,0.15321934968233109,
0,260816,matched,MATCHED_RicianLOS,Proposed_CA_CNN_RNND,127,0.4321259781718254,0.2933596186339855,0.1387663520872593,
0,260816,matched,MATCHED_RicianLOS,Proposed_CA_CNN_RNND,128,0.3837783485651016,0.2512423247098923,0.13253603130578995,
0,260816,matched,MATCHED_RicianLOS,Proposed_CA_CNN_RNND,129,0.37882205471396446,0.24873126298189163,0.13009079359471798,
0,260816,matched,MATCHED_RicianLOS,Proposed_CA_CNN_RNND,130,0.4853544980287552,0.33641281351447105,0.14894168823957443,
0,260816,matched,MATCHED_RicianLOS,Proposed_CA_CNN_RNND,131,0.6196462064981461,0.44990549236536026,0.1697407104074955,
0,260816,matched,MATCHED_RicianLOS,Proposed_CA_CNN_RNND,132,0.421382300555706,0.28069259971380234,0.14068970456719398,
0,260816,matched,MATCHED_RicianLOS,Proposed_CA_CNN_RNND,133,0.4670219048857689,0.32547011971473694,0.14155178144574165,
0,260816,matched,MATCHED_RicianLOS,Proposed_CA_CNN_RNND,134,0.38674260675907135,0.253006711602211,0.13373589515686035,
0,260816,matched,MATCHED_RicianLOS,Proposed_CA_CNN_RNND,135,0.38927409797906876,0.2576523795723915,0.13162170350551605,
0,260816,matched,MATCHED_RicianLOS,Proposed_CA_CNN_RNND,136,0.37513212114572525,0.24429528415203094,0.1308368481695652,
0,260816,matched,MATCHED_RicianLOS,Proposed_CA_CNN_RNND,137,0.49402083456516266,0.3391963317990303,0.15482449159026146,
0,260816,matched,MATCHED_RicianLOS,Proposed_CA_CNN_RNND,138,0.5092269033193588,0.3609311878681183,0.148295721039176,
0,260816,matched,MATCHED_RicianLOS,Proposed_CA_CNN_RNND,139,0.42574622482061386,0.2903715409338474,0.13537468574941158,
0,260816,matched,MATCHED_RicianLOS,Proposed_CA_CNN_RNND,140,0.5944418013095856,0.43232033401727676,0.1621214747428894,
0,260816,matched,MATCHED_RicianLOS,Proposed_CA_CNN_RNND,141,0.3977098762989044,0.2680738978087902,0.12963598035275936,
0,260816,matched,MATCHED_RicianLOS,Proposed_CA_CNN_RNND,142,0.4569447934627533,0.31805597245693207,0.13888882286846638,
0,260816,matched,MATCHED_RicianLOS,Proposed_CA_CNN_RNND,143,0.5473821759223938,0.389942180365324,0.15744001045823097,
0,260816,matched,MATCHED_RicianLOS,Proposed_CA_CNN_RNND,144,0.46802861988544464,0.3153942674398422,0.15263435989618301,
0,260816,matched,MATCHED_RicianLOS,Proposed_CA_CNN_RNND,145,0.3168580122292042,0.19208389148116112,0.12477411329746246,
0,260816,matched,MATCHED_RicianLOS,Proposed_CA_CNN_RNND,146,0.5545982420444489,0.39741097390651703,0.15718726813793182,
0,260816,matched,MATCHED_RicianLOS,Proposed_CA_CNN_RNND,147,0.4362318441271782,0.30117349326610565,0.13505834713578224,
0,260816,matched,MATCHED_RicianLOS,Proposed_CA_CNN_RNND,148,0.4700564220547676,0.33214543759822845,0.13791097328066826,
0,260816,matched,MATCHED_RicianLOS,Proposed_CA_CNN_RNND,149,0.3614355996251106,0.23667936772108078,0.1247562300413847,
0,260816,matched,MATCHED_RicianLOS,Proposed_CA_CNN_RNND,150,0.38062335550785065,0.25581807270646095,0.1248052828013897,
0,260816,matched,MATCHED_RicianLOS,Proposed_CA_CNN_RNND,151,0.47372864186763763,0.33346348628401756,0.14026515372097492,
0,260816,matched,MATCHED_RicianLOS,Proposed_CA_CNN_RNND,152,0.39765363186597824,0.26196619123220444,0.1356874406337738,
0,260816,matched,MATCHED_RicianLOS,Proposed_CA_CNN_RNND,153,0.4175392985343933,0.2856723479926586,0.131866954267025,
0,260816,matched,MATCHED_RicianLOS,Proposed_CA_CNN_RNND,154,0.45775139331817627,0.3125627525150776,0.14518862962722778,
0,260816,matched,MATCHED_RicianLOS,Proposed_CA_CNN_RNND,155,0.47031356021761894,0.327659223228693,0.14265433698892593,
0,260816,matched,MATCHED_RicianLOS,Proposed_CA_CNN_RNND,156,0.5390477478504181,0.3862140104174614,0.1528337486088276,
0,260816,matched,MATCHED_RicianLOS,Proposed_CA_CNN_RNND,157,0.43630486726760864,0.302351713180542,0.13395315408706665,
0,260816,matched,MATCHED_RicianLOS,Proposed_CA_CNN_RNND,158,0.524446502327919,0.3725416287779808,0.1519048810005188,
0,260816,matched,MATCHED_RicianLOS,Proposed_CA_CNN_RNND,159,0.373654093593359,0.24621417745947838,0.12743990495800972,
0,260816,matched,MATCHED_RicianLOS,Proposed_CA_CNN_RNND,160,0.4356558248400688,0.298036128282547,0.13761970773339272,
0,260816,matched,MATCHED_RicianLOS,Proposed_CA_CNN_RNND,161,0.36655013263225555,0.24622965976595879,0.12032047472894192,
0,260816,matched,MATCHED_RicianLOS,Proposed_CA_CNN_RNND,162,0.35120875388383865,0.22989509999752045,0.12131365574896336,
0,260816,matched,MATCHED_RicianLOS,Proposed_CA_CNN_RNND,163,0.3767787516117096,0.25319649279117584,0.1235822644084692,
0,260816,matched,MATCHED_RicianLOS,Proposed_CA_CNN_RNND,164,0.4712827280163765,0.33627067878842354,0.13501204177737236,
0,260816,matched,MATCHED_RicianLOS,Proposed_CA_CNN_RNND,165,0.4757009893655777,0.3352660499513149,0.14043493382632732,
0,260816,matched,MATCHED_RicianLOS,Proposed_CA_CNN_RNND,166,0.4356767386198044,0.29832111671566963,0.1373556163161993,
0,260816,matched,MATCHED_RicianLOS,Proposed_CA_CNN_RNND,167,0.459874264895916,0.32450639456510544,0.13536787778139114,
0,260816,matched,MATCHED_RicianLOS,Proposed_CA_CNN_RNND,168,0.45145823061466217,0.3099229894578457,0.14153524860739708,
0,260816,matched,MATCHED_RicianLOS,Proposed_CA_CNN_RNND,169,0.3898208513855934,0.26315005868673325,0.12667079269886017,
0,260816,matched,MATCHED_RicianLOS,Proposed_CA_CNN_RNND,170,0.48635316640138626,0.34768424183130264,0.13866892084479332,
0,260816,matched,MATCHED_RicianLOS,Proposed_CA_CNN_RNND,171,0.4926501251757145,0.34611740708351135,0.14653270691633224,
0,260816,matched,MATCHED_RicianLOS,Proposed_CA_CNN_RNND,172,0.39339809119701385,0.26171518862247467,0.13168290629982948,
0,260816,matched,MATCHED_RicianLOS,Proposed_CA_CNN_RNND,173,0.4468301832675934,0.3108633793890476,0.1359668094664812,
0,260816,matched,MATCHED_RicianLOS,Proposed_CA_CNN_RNND,174,0.5104675143957138,0.36436493694782257,0.14610258117318153,
0,260816,matched,MATCHED_RicianLOS,Proposed_CA_CNN_RNND,175,0.44356001913547516,0.30654438957571983,0.13701562397181988,
0,260816,matched,MATCHED_RicianLOS,Proposed_CA_CNN_RNND,176,0.4345466420054436,0.29995857179164886,0.1345880813896656,
0,260816,matched,MATCHED_RicianLOS,Proposed_CA_CNN_RNND,177,0.3726491555571556,0.2502809204161167,0.1223682388663292,
0,260816,matched,MATCHED_RicianLOS,Proposed_CA_CNN_RNND,178,0.44000130891799927,0.304325208067894,0.13567609898746014,
0,260816,matched,MATCHED_RicianLOS,Proposed_CA_CNN_RNND,179,0.370098352432251,0.24802790582180023,0.1220704484730959,
0,260816,matched,MATCHED_RicianLOS,Proposed_CA_CNN_RNND,180,0.41258135437965393,0.2823703773319721,0.1302109658718109,
0,260816,matched,MATCHED_RicianLOS,Proposed_CA_CNN_RNND,181,0.3764277324080467,0.2567043900489807,0.11972334608435631,
0,260816,matched,MATCHED_RicianLOS,Proposed_CA_CNN_RNND,182,0.48090914636850357,0.3412966802716255,0.13961245864629745,
0,260816,matched,MATCHED_RicianLOS,Proposed_CA_CNN_RNND,183,0.4934493973851204,0.3484470173716545,0.14500239863991737,
0,260816,matched,MATCHED_RicianLOS,Proposed_CA_CNN_RNND,184,0.37038473039865494,0.2468949742615223,0.1234897505491972,
0,260816,matched,MATCHED_RicianLOS,Proposed_CA_CNN_RNND,185,0.4759558215737343,0.3318396732211113,0.14411615580320358,
0,260816,matched,MATCHED_RicianLOS,Proposed_CA_CNN_RNND,186,0.5156358629465103,0.36653129756450653,0.14910456165671349,
0,260816,matched,MATCHED_RicianLOS,Proposed_CA_CNN_RNND,187,0.6547484397888184,0.48328833281993866,0.1714601069688797,
0,260816,matched,MATCHED_RicianLOS,Proposed_CA_CNN_RNND,188,0.47941965609788895,0.34338925033807755,0.1360304057598114,
0,260816,matched,MATCHED_RicianLOS,Proposed_CA_CNN_RNND,189,0.5855894684791565,0.4309098422527313,0.15467962250113487,
0,260816,matched,MATCHED_RicianLOS,Proposed_CA_CNN_RNND,190,0.3573096841573715,0.23519303649663925,0.12211664393544197,
0,260816,matched,MATCHED_RicianLOS,Proposed_CA_CNN_RNND,191,0.48826614767313004,0.3461854085326195,0.14208072796463966,
0,260816,matched,MATCHED_RicianLOS,Proposed_CA_CNN_RNND,192,0.3625066354870796,0.2392197586596012,0.12328686937689781,
0,260816,matched,MATCHED_RicianLOS,Proposed_CA_CNN_RNND,193,0.4137246310710907,0.2806158661842346,0.13310875743627548,
0,260816,matched,MATCHED_RicianLOS,Proposed_CA_CNN_RNND,194,0.2910303846001625,0.17962071299552917,0.11140967160463333,
0,260816,matched,MATCHED_RicianLOS,Proposed_CA_CNN_RNND,195,0.5048556625843048,0.35487376898527145,0.14998189732432365,
0,260816,matched,MATCHED_RicianLOS,Proposed_CA_CNN_RNND,196,0.37302984297275543,0.2463236078619957,0.12670623511075974,
0,260816,matched,MATCHED_RicianLOS,Proposed_CA_CNN_RNND,197,0.32144785672426224,0.20535912364721298,0.11608874052762985,
0,260816,matched,MATCHED_RicianLOS,Proposed_CA_CNN_RNND,198,0.4928198382258415,0.346113882958889,0.14670596458017826,
0,260816,matched,MATCHED_RicianLOS,Proposed_CA_CNN_RNND,199,0.44066964089870453,0.3101842328906059,0.13048540614545345,
0,260816,matched,MATCHED_RicianLOS,Proposed_CA_CNN_RNND,200,0.4881681203842163,0.3513638824224472,0.1368042416870594,-0.6110066065688874
0,260816,matched,MATCHED_RicianLOS,Proposed_CA_CNN_RNND,201,0.4258396774530411,0.294340830296278,0.13149884901940823,
0,260816,matched,MATCHED_RicianLOS,Proposed_CA_CNN_RNND,202,0.46438679099082947,0.3256329707801342,0.13875382021069527,
0,260816,matched,MATCHED_RicianLOS,Proposed_CA_CNN_RNND,203,0.4415776953101158,0.3041548691689968,0.13742283172905445,
0,260816,matched,MATCHED_RicianLOS,Proposed_CA_CNN_RNND,204,0.3369590826332569,0.21664099395275116,0.12031808495521545,
0,260816,matched,MATCHED_RicianLOS,Proposed_CA_CNN_RNND,205,0.5407517179846764,0.3895820677280426,0.15116965025663376,
0,260816,matched,MATCHED_RicianLOS,Proposed_CA_CNN_RNND,206,0.4128867909312248,0.28107354789972305,0.13181323744356632,
0,260816,matched,MATCHED_RicianLOS,Proposed_CA_CNN_RNND,207,0.49967966973781586,0.3534352704882622,0.14624438807368279,
0,260816,matched,MATCHED_RicianLOS,Proposed_CA_CNN_RNND,208,0.48430638015270233,0.33875781670212746,0.14554856531322002,
0,260816,matched,MATCHED_RicianLOS,Proposed_CA_CNN_RNND,209,0.6026933491230011,0.4383612498641014,0.1643320918083191,
0,260816,matched,MATCHED_RicianLOS,Proposed_CA_CNN_RNND,210,0.5621946752071381,0.4122062548995018,0.14998841658234596,
0,260816,matched,MATCHED_RicianLOS,Proposed_CA_CNN_RNND,211,0.4388947859406471,0.3030253201723099,0.13586946576833725,
0,260816,matched,MATCHED_RicianLOS,Proposed_CA_CNN_RNND,212,0.435097835958004,0.3025794103741646,0.13251842185854912,
0,260816,matched,MATCHED_RicianLOS,Proposed_CA_CNN_RNND,213,0.5280865728855133,0.38252662122249603,0.14555995166301727,
0,260816,matched,MATCHED_RicianLOS,Proposed_CA_CNN_RNND,214,0.5074846372008324,0.36855724453926086,0.1389273963868618,
0,260816,matched,MATCHED_RicianLOS,Proposed_CA_CNN_RNND,215,0.36268266290426254,0.23987988755106926,0.12280277535319328,
0,260816,matched,MATCHED_RicianLOS,Proposed_CA_CNN_RNND,216,0.48594310134649277,0.3457428738474846,0.14020022749900818,
0,260816,matched,MATCHED_RicianLOS,Proposed_CA_CNN_RNND,217,0.4328866973519325,0.2997594363987446,0.13312726095318794,
0,260816,matched,MATCHED_RicianLOS,Proposed_CA_CNN_RNND,218,0.4302246458828449,0.2941129468381405,0.13611169159412384,
0,260816,matched,MATCHED_RicianLOS,Proposed_CA_CNN_RNND,219,0.38285932689905167,0.2587268650531769,0.12413246184587479,
0,260816,matched,MATCHED_RicianLOS,Proposed_CA_CNN_RNND,220,0.5057044997811317,0.35923926532268524,0.1464652419090271,
0,260816,matched,MATCHED_RicianLOS,Proposed_CA_CNN_RNND,221,0.3546147719025612,0.23746781051158905,0.11714695766568184,
0,260816,matched,MATCHED_RicianLOS,Proposed_CA_CNN_RNND,222,0.47818274796009064,0.33614739775657654,0.1420353502035141,
0,260816,matched,MATCHED_RicianLOS,Proposed_CA_CNN_RNND,223,0.5093590840697289,0.3650161921977997,0.14434289559721947,
0,260816,matched,MATCHED_RicianLOS,Proposed_CA_CNN_RNND,224,0.4372106194496155,0.3069193363189697,0.13029128313064575,
0,260816,matched,MATCHED_RicianLOS,Proposed_CA_CNN_RNND,225,0.4316907972097397,0.30428488180041313,0.1274059172719717,
0,260816,matched,MATCHED_RicianLOS,Proposed_CA_CNN_RNND,226,0.3857657164335251,0.25528018921613693,0.130485525354743,
0,260816,matched,MATCHED_RicianLOS,Proposed_CA_CNN_RNND,227,0.3640539348125458,0.24251054227352142,0.12154338881373405,
0,260816,matched,MATCHED_RicianLOS,Proposed_CA_CNN_RNND,228,0.3613086938858032,0.24036021530628204,0.12094847112894058,
0,260816,matched,MATCHED_RicianLOS,Proposed_CA_CNN_RNND,229,0.4288771450519562,0.2975347079336643,0.1313424315303564,
0,260816,matched,MATCHED_RicianLOS,Proposed_CA_CNN_RNND,230,0.37163183093070984,0.2456844113767147,0.12594741769134998,
0,260816,matched,MATCHED_RicianLOS,Proposed_CA_CNN_RNND,231,0.3144410774111748,0.20079299807548523,0.11364807561039925,
0,260816,matched,MATCHED_RicianLOS,Proposed_CA_CNN_RNND,232,0.4398461580276489,0.30403340235352516,0.13581274822354317,
0,260816,matched,MATCHED_RicianLOS,Proposed_CA_CNN_RNND,233,0.4773951843380928,0.33276740834116936,0.14462777972221375,
0,260816,matched,MATCHED_RicianLOS,Proposed_CA_CNN_RNND,234,0.36978837847709656,0.24971847981214523,0.12006990052759647,
0,260816,matched,MATCHED_RicianLOS,Proposed_CA_CNN_RNND,235,0.3665401414036751,0.24860644340515137,0.11793369799852371,
0,260816,matched,MATCHED_RicianLOS,Proposed_CA_CNN_RNND,236,0.38379307463765144,0.2575674280524254,0.1262256484478712,
0,260816,matched,MATCHED_RicianLOS,Proposed_CA_CNN_RNND,237,0.443760946393013,0.3137681186199188,0.12999283522367477,
0,260816,matched,MATCHED_RicianLOS,Proposed_CA_CNN_RNND,238,0.4740196242928505,0.337304525077343,0.1367151103913784,
0,260816,matched,MATCHED_RicianLOS,Proposed_CA_CNN_RNND,239,0.36078399419784546,0.2404656745493412,0.1203183215111494,
0,260816,matched,MATCHED_RicianLOS,Proposed_CA_CNN_RNND,240,0.3297833800315857,0.21622607856988907,0.11355730704963207,
0,260816,matched,MATCHED_RicianLOS,Proposed_CA_CNN_RNND,241,0.4335666224360466,0.29946697875857353,0.13409963808953762,
0,260816,matched,MATCHED_RicianLOS,Proposed_CA_CNN_RNND,242,0.5655889213085175,0.4136497229337692,0.15193919837474823,
0,260816,matched,MATCHED_RicianLOS,Proposed_CA_CNN_RNND,243,0.5558696836233139,0.40702006965875626,0.14884961768984795,
0,260816,matched,MATCHED_RicianLOS,Proposed_CA_CNN_RNND,244,0.4000285677611828,0.27446668967604637,0.12556186690926552,
0,260816,matched,MATCHED_RicianLOS,Proposed_CA_CNN_RNND,245,0.56454037129879,0.4122442454099655,0.15229612216353416,
0,260816,matched,MATCHED_RicianLOS,Proposed_CA_CNN_RNND,246,0.531222403049469,0.3836192339658737,0.14760318025946617,
0,260816,matched,MATCHED_RicianLOS,Proposed_CA_CNN_RNND,247,0.56210957467556,0.4127306565642357,0.1493789181113243,
0,260816,matched,MATCHED_RicianLOS,Proposed_CA_CNN_RNND,248,0.5655758529901505,0.4124838709831238,0.15309198759496212,
0,260816,matched,MATCHED_RicianLOS,Proposed_CA_CNN_RNND,249,0.5103358551859856,0.3674089014530182,0.14292695373296738,
0,260816,matched,MATCHED_RicianLOS,Proposed_CA_CNN_RNND,250,0.49686121195554733,0.35015633702278137,0.14670486748218536,
0,260816,matched,MATCHED_RicianLOS,Proposed_CA_CNN_RNND,251,0.3463062271475792,0.2294631525874138,0.1168430857360363,
0,260816,matched,MATCHED_RicianLOS,Proposed_CA_CNN_RNND,252,0.4385656490921974,0.3079386577010155,0.13062700629234314,
0,260816,matched,MATCHED_RicianLOS,Proposed_CA_CNN_RNND,253,0.48377595841884613,0.3472050726413727,0.1365708876401186,
0,260816,matched,MATCHED_RicianLOS,Proposed_CA_CNN_RNND,254,0.5088494792580605,0.3654501400887966,0.14339934661984444,
0,260816,matched,MATCHED_RicianLOS,Proposed_CA_CNN_RNND,255,0.39459674060344696,0.27242254838347435,0.12217419221997261,
0,260816,matched,MATCHED_RicianLOS,Proposed_CA_CNN_RNND,256,0.45651502162218094,0.3196571506559849,0.1368578691035509,
0,260816,matched,MATCHED_RicianLOS,Proposed_CA_CNN_RNND,257,0.511008694767952,0.36985113471746445,0.14115756377577782,
0,260816,matched,MATCHED_RicianLOS,Proposed_CA_CNN_RNND,258,0.42270728945732117,0.2929239571094513,0.12978332862257957,
0,260816,matched,MATCHED_RicianLOS,Proposed_CA_CNN_RNND,259,0.38502442464232445,0.2635396383702755,0.12148478627204895,
0,260816,matched,MATCHED_RicianLOS,Proposed_CA_CNN_RNND,260,0.4110203795135021,0.28563641756772995,0.12538396939635277,
0,260816,matched,MATCHED_RicianLOS,Proposed_CA_CNN_RNND,261,0.4147651568055153,0.2859863005578518,0.1287788562476635,
0,260816,matched,MATCHED_RicianLOS,Proposed_CA_CNN_RNND,262,0.5283597707748413,0.3789602443575859,0.14939951337873936,
0,260816,matched,MATCHED_RicianLOS,Proposed_CA_CNN_RNND,263,0.38188377022743225,0.25829192250967026,0.12359185703098774,
0,260816,matched,MATCHED_RicianLOS,Proposed_CA_CNN_RNND,264,0.38643012940883636,0.26739106699824333,0.11903906986117363,
0,260816,matched,MATCHED_RicianLOS,Proposed_CA_CNN_RNND,265,0.45853325724601746,0.32226530835032463,0.13626794144511223,
0,260816,matched,MATCHED_RicianLOS,Proposed_CA_CNN_RNND,266,0.38151001185178757,0.25265640765428543,0.12885361351072788,
0,260816,matched,MATCHED_RicianLOS,Proposed_CA_CNN_RNND,267,0.3820257894694805,0.25426508858799934,0.12776069715619087,
0,260816,matched,MATCHED_RicianLOS,Proposed_CA_CNN_RNND,268,0.33390218019485474,0.21550888940691948,0.11839329823851585,
0,260816,matched,MATCHED_RicianLOS,Proposed_CA_CNN_RNND,269,0.4648912027478218,0.3271835297346115,0.1377076767385006,
0,260816,matched,MATCHED_RicianLOS,Proposed_CA_CNN_RNND,270,0.4985150769352913,0.36211100220680237,0.13640407100319862,
0,260816,matched,MATCHED_RicianLOS,Proposed_CA_CNN_RNND,271,0.40743238478899,0.28021396696567535,0.12721841409802437,
0,260816,matched,MATCHED_RicianLOS,Proposed_CA_CNN_RNND,272,0.5187923237681389,0.36909590661525726,0.14969642646610737,
0,260816,matched,MATCHED_RicianLOS,Proposed_CA_CNN_RNND,273,0.4826347306370735,0.3419928066432476,0.14064192213118076,
0,260816,matched,MATCHED_RicianLOS,Proposed_CA_CNN_RNND,274,0.3806541860103607,0.25500959903001785,0.1256445925682783,
0,260816,matched,MATCHED_RicianLOS,Proposed_CA_CNN_RNND,275,0.4493769481778145,0.3180525600910187,0.1313243843615055,
0,260816,matched,MATCHED_RicianLOS,Proposed_CA_CNN_RNND,276,0.43993015587329865,0.3086859695613384,0.13124418258666992,
0,260816,matched,MATCHED_RicianLOS,Proposed_CA_CNN_RNND,277,0.5241467580199242,0.3818717822432518,0.14227497577667236,
0,260816,matched,MATCHED_RicianLOS,Proposed_CA_CNN_RNND,278,0.3778647109866142,0.25661980733275414,0.12124490924179554,
0,260816,matched,MATCHED_RicianLOS,Proposed_CA_CNN_RNND,279,0.5432653427124023,0.3988676145672798,0.14439772814512253,
0,260816,matched,MATCHED_RicianLOS,Proposed_CA_CNN_RNND,280,0.42965518683195114,0.2985253259539604,0.13112987019121647,
0,260816,matched,MATCHED_RicianLOS,Proposed_CA_CNN_RNND,281,0.4775255024433136,0.33862365782260895,0.13890184462070465,
0,260816,matched,MATCHED_RicianLOS,Proposed_CA_CNN_RNND,282,0.3659053444862366,0.2441602200269699,0.12174511514604092,
0,260816,matched,MATCHED_RicianLOS,Proposed_CA_CNN_RNND,283,0.35743213444948196,0.240812785923481,0.11661935411393642,
0,260816,matched,MATCHED_RicianLOS,Proposed_CA_CNN_RNND,284,0.48003070056438446,0.34058455377817154,0.13944615796208382,
0,260816,matched,MATCHED_RicianLOS,Proposed_CA_CNN_RNND,285,0.4228111170232296,0.29219961538910866,0.13061150163412094,
0,260816,matched,MATCHED_RicianLOS,Proposed_CA_CNN_RNND,286,0.5208388566970825,0.37762850522994995,0.14321036636829376,
0,260816,matched,MATCHED_RicianLOS,Proposed_CA_CNN_RNND,287,0.46841636300086975,0.3359594941139221,0.13245687820017338,
0,260816,matched,MATCHED_RicianLOS,Proposed_CA_CNN_RNND,288,0.38918326050043106,0.26610092446208,0.12308233045041561,
0,260816,matched,MATCHED_RicianLOS,Proposed_CA_CNN_RNND,289,0.6573124527931213,0.48847905546426773,0.1688334085047245,
0,260816,matched,MATCHED_RicianLOS,Proposed_CA_CNN_RNND,290,0.3405539020895958,0.2275642454624176,0.11298966221511364,
0,260816,matched,MATCHED_RicianLOS,Proposed_CA_CNN_RNND,291,0.42239950597286224,0.2977047264575958,0.12469477206468582,
0,260816,matched,MATCHED_RicianLOS,Proposed_CA_CNN_RNND,292,0.45606302469968796,0.32334908843040466,0.1327139399945736,
0,260816,matched,MATCHED_RicianLOS,Proposed_CA_CNN_RNND,293,0.43651751428842545,0.30983205884695053,0.12668545171618462,
0,260816,matched,MATCHED_RicianLOS,Proposed_CA_CNN_RNND,294,0.3997412174940109,0.27605099976062775,0.12369021773338318,
0,260816,matched,MATCHED_RicianLOS,Proposed_CA_CNN_RNND,295,0.37800831347703934,0.2578618861734867,0.12014641985297203,
0,260816,matched,MATCHED_RicianLOS,Proposed_CA_CNN_RNND,296,0.5516791716217995,0.39812447130680084,0.15355469286441803,
0,260816,matched,MATCHED_RicianLOS,Proposed_CA_CNN_RNND,297,0.4872032254934311,0.34712309390306473,0.14008012041449547,
0,260816,matched,MATCHED_RicianLOS,Proposed_CA_CNN_RNND,298,0.45894870162010193,0.3270501494407654,0.1318985503166914,
0,260816,matched,MATCHED_RicianLOS,Proposed_CA_CNN_RNND,299,0.4513980373740196,0.3135186806321144,0.13787935115396976,
0,260816,matched,MATCHED_RicianLOS,Proposed_CA_CNN_RNND,300,0.3987105041742325,0.2767178788781166,0.12199262902140617,
0,260816,matched,MATCHED_RicianLOS,Proposed_CA_CNN_RNND,301,0.40165741741657257,0.2796538695693016,0.12200355157256126,
0,260816,matched,MATCHED_RicianLOS,Proposed_CA_CNN_RNND,302,0.43615737929940224,0.3041005879640579,0.13205678388476372,
0,260816,matched,MATCHED_RicianLOS,Proposed_CA_CNN_RNND,303,0.3345246911048889,0.2194366194307804,0.1150880791246891,
0,260816,matched,MATCHED_RicianLOS,Proposed_CA_CNN_RNND,304,0.3328711688518524,0.21583662182092667,0.11703454703092575,
0,260816,matched,MATCHED_RicianLOS,Proposed_CA_CNN_RNND,305,0.38867679983377457,0.2639368027448654,0.1247399915009737,
0,260816,matched,MATCHED_RicianLOS,Proposed_CA_CNN_RNND,306,0.3623514845967293,0.2365926206111908,0.12575885839760303,
0,260816,matched,MATCHED_RicianLOS,Proposed_CA_CNN_RNND,307,0.47982414811849594,0.3423907943069935,0.1374333593994379,
0,260816,matched,MATCHED_RicianLOS,Proposed_CA_CNN_RNND,308,0.44821932911872864,0.3141564913094044,0.13406283780932426,
0,260816,matched,MATCHED_RicianLOS,Proposed_CA_CNN_RNND,309,0.39198940992355347,0.26716087758541107,0.12482852302491665,
0,260816,matched,MATCHED_RicianLOS,Proposed_CA_CNN_RNND,310,0.4353659152984619,0.3011949956417084,0.13417090848088264,
0,260816,matched,MATCHED_RicianLOS,Proposed_CA_CNN_RNND,311,0.2846312187612057,0.1752434317022562,0.10938778892159462,
0,260816,matched,MATCHED_RicianLOS,Proposed_CA_CNN_RNND,312,0.44085798412561417,0.3116929195821285,0.12916507571935654,
0,260816,matched,MATCHED_RicianLOS,Proposed_CA_CNN_RNND,313,0.42841729521751404,0.3031725399196148,0.12524474784731865,
0,260816,matched,MATCHED_RicianLOS,Proposed_CA_CNN_RNND,314,0.45484083890914917,0.32112517580389977,0.1337156593799591,
0,260816,matched,MATCHED_RicianLOS,Proposed_CA_CNN_RNND,315,0.3783278688788414,0.2572236657142639,0.12110420502722263,
0,260816,matched,MATCHED_RicianLOS,Proposed_CA_CNN_RNND,316,0.4414876773953438,0.3116980642080307,0.12978960759937763,
0,260816,matched,MATCHED_RicianLOS,Proposed_CA_CNN_RNND,317,0.33963388204574585,0.22532620839774609,0.11430766247212887,
0,260816,matched,MATCHED_RicianLOS,Proposed_CA_CNN_RNND,318,0.46513456851243973,0.3273089528083801,0.13782561011612415,
0,260816,matched,MATCHED_RicianLOS,Proposed_CA_CNN_RNND,319,0.4851969927549362,0.348774679005146,0.1364223137497902,
0,260816,matched,MATCHED_RicianLOS,Proposed_CA_CNN_RNND,320,0.43088407814502716,0.30387984216213226,0.1270042285323143,
0,260816,matched,MATCHED_RicianLOS,Proposed_CA_CNN_RNND,321,0.39452726393938065,0.26672009006142616,0.12780717015266418,
0,260816,matched,MATCHED_RicianLOS,Proposed_CA_CNN_RNND,322,0.5038497596979141,0.3639195114374161,0.13993024453520775,
0,260816,matched,MATCHED_RicianLOS,Proposed_CA_CNN_RNND,323,0.3487633392214775,0.23075983300805092,0.11800350807607174,
0,260816,matched,MATCHED_RicianLOS,Proposed_CA_CNN_RNND,324,0.49227233976125717,0.35618335008621216,0.13608897849917412,
0,260816,matched,MATCHED_RicianLOS,Proposed_CA_CNN_RNND,325,0.550697848200798,0.4039151445031166,0.14678269997239113,
0,260816,matched,MATCHED_RicianLOS,Proposed_CA_CNN_RNND,326,0.38596920669078827,0.2619592696428299,0.12400992959737778,
0,260816,matched,MATCHED_RicianLOS,Proposed_CA_CNN_RNND,327,0.3458773083984852,0.2293530125170946,0.11652429774403572,
0,260816,matched,MATCHED_RicianLOS,Proposed_CA_CNN_RNND,328,0.4366050437092781,0.31006545200943947,0.12653959542512894,
0,260816,matched,MATCHED_RicianLOS,Proposed_CA_CNN_RNND,329,0.5780760198831558,0.4260409027338028,0.15203512087464333,
0,260816,matched,MATCHED_RicianLOS,Proposed_CA_CNN_RNND,330,0.4553537219762802,0.32210395112633705,0.13324977457523346,
0,260816,matched,MATCHED_RicianLOS,Proposed_CA_CNN_RNND,331,0.3673008903861046,0.24430618062615395,0.12299471348524094,
0,260816,matched,MATCHED_RicianLOS,Proposed_CA_CNN_RNND,332,0.38991672545671463,0.2650071978569031,0.12490952014923096,
0,260816,matched,MATCHED_RicianLOS,Proposed_CA_CNN_RNND,333,0.2800426594913006,0.1692119464278221,0.11083071492612362,
0,260816,matched,MATCHED_RicianLOS,Proposed_CA_CNN_RNND,334,0.284297127276659,0.175868172198534,0.108428955078125,
0,260816,matched,MATCHED_RicianLOS,Proposed_CA_CNN_RNND,335,0.42129580676555634,0.29124947637319565,0.13004633225500584,
0,260816,matched,MATCHED_RicianLOS,Proposed_CA_CNN_RNND,336,0.4152703359723091,0.28559397906064987,0.12967636436223984,
0,260816,matched,MATCHED_RicianLOS,Proposed_CA_CNN_RNND,337,0.474180705845356,0.33438706770539284,0.1397936549037695,
0,260816,matched,MATCHED_RicianLOS,Proposed_CA_CNN_RNND,338,0.38816236704587936,0.2651219069957733,0.1230404581874609,
0,260816,matched,MATCHED_RicianLOS,Proposed_CA_CNN_RNND,339,0.4011760577559471,0.2709539532661438,0.13022210448980331,
0,260816,matched,MATCHED_RicianLOS,Proposed_CA_CNN_RNND,340,0.3499031811952591,0.2291681468486786,0.1207350306212902,
0,260816,matched,MATCHED_RicianLOS,Proposed_CA_CNN_RNND,341,0.4742495119571686,0.3367869034409523,0.13746261224150658,
0,260816,matched,MATCHED_RicianLOS,Proposed_CA_CNN_RNND,342,0.3622700199484825,0.24146833084523678,0.12080169282853603,
0,260816,matched,MATCHED_RicianLOS,Proposed_CA_CNN_RNND,343,0.4498426392674446,0.3183927536010742,0.1314498819410801,
0,260816,matched,MATCHED_RicianLOS,Proposed_CA_CNN_RNND,344,0.4816567748785019,0.34251705184578896,0.13913972303271294,
0,260816,matched,MATCHED_RicianLOS,Proposed_CA_CNN_RNND,345,0.5244600623846054,0.38128089159727097,0.14317916706204414,
0,260816,matched,MATCHED_RicianLOS,Proposed_CA_CNN_RNND,346,0.3837808892130852,0.2602390795946121,0.12354179844260216,
0,260816,matched,MATCHED_RicianLOS,Proposed_CA_CNN_RNND,347,0.5396856889128685,0.3915199302136898,0.1481657661497593,
0,260816,matched,MATCHED_RicianLOS,Proposed_CA_CNN_RNND,348,0.331907756626606,0.21385061368346214,0.11805713549256325,
0,260816,matched,MATCHED_RicianLOS,Proposed_CA_CNN_RNND,349,0.3852456137537956,0.2632816843688488,0.12196392565965652,
0,260816,matched,MATCHED_RicianLOS,Proposed_CA_CNN_RNND,350,0.3413708359003067,0.22503463923931122,0.11633619293570518,
0,260816,matched,MATCHED_RicianLOS,Proposed_CA_CNN_RNND,351,0.43969957530498505,0.30851226300001144,0.1311873197555542,
0,260816,matched,MATCHED_RicianLOS,Proposed_CA_CNN_RNND,352,0.4522732198238373,0.3160983771085739,0.13617483340203762,
0,260816,matched,MATCHED_RicianLOS,Proposed_CA_CNN_RNND,353,0.343222476541996,0.22559840604662895,0.1176240723580122,
0,260816,matched,MATCHED_RicianLOS,Proposed_CA_CNN_RNND,354,0.5041246637701988,0.36331363767385483,0.1408110335469246,
0,260816,matched,MATCHED_RicianLOS,Proposed_CA_CNN_RNND,355,0.3203323930501938,0.2073049657046795,0.113027423620224,
0,260816,matched,MATCHED_RicianLOS,Proposed_CA_CNN_RNND,356,0.416527159512043,0.29522867128252983,0.12129849195480347,
0,260816,matched,MATCHED_RicianLOS,Proposed_CA_CNN_RNND,357,0.44560880213975906,0.3172752447426319,0.12833356484770775,
0,260816,matched,MATCHED_RicianLOS,Proposed_CA_CNN_RNND,358,0.41409821063280106,0.2870993837714195,0.12699882686138153,
0,260816,matched,MATCHED_RicianLOS,Proposed_CA_CNN_RNND,359,0.3871379792690277,0.2633093558251858,0.12382862344384193,
0,260816,matched,MATCHED_RicianLOS,Proposed_CA_CNN_RNND,360,0.4653685614466667,0.3270135745406151,0.13835499621927738,
0,260816,matched,MATCHED_RicianLOS,Proposed_CA_CNN_RNND,361,0.35861579701304436,0.23909920454025269,0.11951659619808197,
0,260816,matched,MATCHED_RicianLOS,Proposed_CA_CNN_RNND,362,0.4771067351102829,0.3415205702185631,0.13558616675436497,
0,260816,matched,MATCHED_RicianLOS,Proposed_CA_CNN_RNND,363,0.4036686345934868,0.2817065641283989,0.12196206487715244,
0,260816,matched,MATCHED_RicianLOS,Proposed_CA_CNN_RNND,364,0.42075205594301224,0.2901837192475796,0.13056833669543266,
0,260816,matched,MATCHED_RicianLOS,Proposed_CA_CNN_RNND,365,0.5075737610459328,0.36508678644895554,0.14248698204755783,
0,260816,matched,MATCHED_RicianLOS,Proposed_CA_CNN_RNND,366,0.3191891312599182,0.20419007912278175,0.11499905772507191,
0,260816,matched,MATCHED_RicianLOS,Proposed_CA_CNN_RNND,367,0.40828079730272293,0.279341746121645,0.12893905490636826,
0,260816,matched,MATCHED_RicianLOS,Proposed_CA_CNN_RNND,368,0.5440432131290436,0.3911297097802162,0.15291349589824677,
0,260816,matched,MATCHED_RicianLOS,Proposed_CA_CNN_RNND,369,0.3800750896334648,0.25668733194470406,0.1233877670019865,
0,260816,matched,MATCHED_RicianLOS,Proposed_CA_CNN_RNND,370,0.4119699075818062,0.28257327899336815,0.12939662858843803,
0,260816,matched,MATCHED_RicianLOS,Proposed_CA_CNN_RNND,371,0.34599122777581215,0.22991886734962463,0.11607235670089722,
0,260816,matched,MATCHED_RicianLOS,Proposed_CA_CNN_RNND,372,0.3832644820213318,0.2650587260723114,0.11820576339960098,
0,260816,matched,MATCHED_RicianLOS,Proposed_CA_CNN_RNND,373,0.4763608053326607,0.340281181037426,0.13607963174581528,
0,260816,matched,MATCHED_RicianLOS,Proposed_CA_CNN_RNND,374,0.42438673228025436,0.2958257123827934,0.1285610143095255,
0,260816,matched,MATCHED_RicianLOS,Proposed_CA_CNN_RNND,375,0.6014742851257324,0.4471835121512413,0.15429076924920082,
0,260816,matched,MATCHED_RicianLOS,Proposed_CA_CNN_RNND,376,0.4782429412007332,0.33724597096443176,0.14099697209894657,
0,260816,matched,MATCHED_RicianLOS,Proposed_CA_CNN_RNND,377,0.3775491714477539,0.26077667623758316,0.1167725007981062,
0,260816,matched,MATCHED_RicianLOS,Proposed_CA_CNN_RNND,378,0.348956860601902,0.23161254450678825,0.11734431609511375,
0,260816,matched,MATCHED_RicianLOS,Proposed_CA_CNN_RNND,379,0.4248400628566742,0.2923585996031761,0.13248145207762718,
0,260816,matched,MATCHED_RicianLOS,Proposed_CA_CNN_RNND,380,0.30726267024874687,0.19682122021913528,0.11044144630432129,
0,260816,matched,MATCHED_RicianLOS,Proposed_CA_CNN_RNND,381,0.3424141891300678,0.22400574386119843,0.1184084378182888,
0,260816,matched,MATCHED_RicianLOS,Proposed_CA_CNN_RNND,382,0.4284733980894089,0.29666442424058914,0.13180897384881973,
0,260816,matched,MATCHED_RicianLOS,Proposed_CA_CNN_RNND,383,0.38598211109638214,0.2680998146533966,0.11788230016827583,
0,260816,matched,MATCHED_RicianLOS,Proposed_CA_CNN_RNND,384,0.34230320900678635,0.22617268189787865,0.1161305233836174,
0,260816,matched,MATCHED_RicianLOS,Proposed_CA_CNN_RNND,385,0.32738975435495377,0.2136266715824604,0.11376308277249336,
0,260816,matched,MATCHED_RicianLOS,Proposed_CA_CNN_RNND,386,0.47627533227205276,0.33472930639982224,0.14154602587223053,
0,260816,matched,MATCHED_RicianLOS,Proposed_CA_CNN_RNND,387,0.4742571786046028,0.3402601145207882,0.13399707153439522,
0,260816,matched,MATCHED_RicianLOS,Proposed_CA_CNN_RNND,388,0.467201117426157,0.3303828537464142,0.13681825250387192,
0,260816,matched,MATCHED_RicianLOS,Proposed_CA_CNN_RNND,389,0.6096529588103294,0.4528222754597664,0.15683067962527275,
0,260816,matched,MATCHED_RicianLOS,Proposed_CA_CNN_RNND,390,0.42684226483106613,0.30582295358181,0.12101931124925613,
0,260816,matched,MATCHED_RicianLOS,Proposed_CA_CNN_RNND,391,0.5092008411884308,0.37096886336803436,0.13823200017213821,
0,260816,matched,MATCHED_RicianLOS,Proposed_CA_CNN_RNND,392,0.4679074212908745,0.3357565477490425,0.13215086795389652,
0,260816,matched,MATCHED_RicianLOS,Proposed_CA_CNN_RNND,393,0.37674276530742645,0.253449197858572,0.12329356372356415,
0,260816,matched,MATCHED_RicianLOS,Proposed_CA_CNN_RNND,394,0.32024137675762177,0.20918992534279823,0.11105145327746868,
0,260816,matched,MATCHED_RicianLOS,Proposed_CA_CNN_RNND,395,0.4535524323582649,0.3147621192038059,0.138790313154459,
0,260816,matched,MATCHED_RicianLOS,Proposed_CA_CNN_RNND,396,0.46179594844579697,0.3295198529958725,0.13227610476315022,
0,260816,matched,MATCHED_RicianLOS,Proposed_CA_CNN_RNND,397,0.5150891095399857,0.3709006607532501,0.14418845064938068,
0,260816,matched,MATCHED_RicianLOS,Proposed_CA_CNN_RNND,398,0.2970001883804798,0.18831199780106544,0.10868818499147892,
0,260816,matched,MATCHED_RicianLOS,Proposed_CA_CNN_RNND,399,0.4777030870318413,0.3403085023164749,0.13739457912743092,
0,260816,matched,MATCHED_RicianLOS,Proposed_CA_CNN_RNND,400,0.4574061632156372,0.3237576186656952,0.13364854641258717,-0.6366430012151015
0,260816,matched,MATCHED_RicianLOS,Proposed_CA_CNN_RNND,401,0.5095502734184265,0.36849965900182724,0.14105062372982502,
0,260816,matched,MATCHED_RicianLOS,Proposed_CA_CNN_RNND,402,0.43266957253217697,0.30182626098394394,0.13084331527352333,
0,260816,matched,MATCHED_RicianLOS,Proposed_CA_CNN_RNND,403,0.3396410308778286,0.22311106324195862,0.11652996949851513,
0,260816,matched,MATCHED_RicianLOS,Proposed_CA_CNN_RNND,404,0.3866896405816078,0.26194383203983307,0.12474581971764565,
0,260816,matched,MATCHED_RicianLOS,Proposed_CA_CNN_RNND,405,0.4121515080332756,0.2854551188647747,0.12669638730585575,
0,260816,matched,MATCHED_RicianLOS,Proposed_CA_CNN_RNND,406,0.49883296340703964,0.3648599609732628,0.13397299870848656,
0,260816,matched,MATCHED_RicianLOS,Proposed_CA_CNN_RNND,407,0.43511880934238434,0.3068014308810234,0.12831738591194153,
0,260816,matched,MATCHED_RicianLOS,Proposed_CA_CNN_RNND,408,0.48403868079185486,0.3472655192017555,0.13677316159009933,
0,260816,matched,MATCHED_RicianLOS,Proposed_CA_CNN_RNND,409,0.5407086685299873,0.3944944441318512,0.14621422439813614,
0,260816,matched,MATCHED_RicianLOS,Proposed_CA_CNN_RNND,410,0.4637807682156563,0.32611434534192085,0.13766642659902573,
0,260816,matched,MATCHED_RicianLOS,Proposed_CA_CNN_RNND,411,0.5219276994466782,0.3754502981901169,0.14647739753127098,
0,260816,matched,MATCHED_RicianLOS,Proposed_CA_CNN_RNND,412,0.40532223135232925,0.28125084191560745,0.12407139502465725,
0,260816,matched,MATCHED_RicianLOS,Proposed_CA_CNN_RNND,413,0.37170735001564026,0.25336796045303345,0.11833938769996166,
0,260816,matched,MATCHED_RicianLOS,Proposed_CA_CNN_RNND,414,0.4340660497546196,0.3045796789228916,0.12948637828230858,
0,260816,matched,MATCHED_RicianLOS,Proposed_CA_CNN_RNND,415,0.43584898114204407,0.30014878883957863,0.13570019602775574,
0,260816,matched,MATCHED_RicianLOS,Proposed_CA_CNN_RNND,416,0.4930233359336853,0.3523726165294647,0.14065071940422058,
0,260816,matched,MATCHED_RicianLOS,Proposed_CA_CNN_RNND,417,0.439417764544487,0.3052942305803299,0.1341235339641571,
0,260816,matched,MATCHED_RicianLOS,Proposed_CA_CNN_RNND,418,0.5380615666508675,0.39016755670309067,0.1478940099477768,
0,260816,matched,MATCHED_RicianLOS,Proposed_CA_CNN_RNND,419,0.5562065169215202,0.4115296006202698,0.14467691257596016,
0,260816,matched,MATCHED_RicianLOS,Proposed_CA_CNN_RNND,420,0.4300933852791786,0.3010786809027195,0.12901469133794308,
0,260816,matched,MATCHED_RicianLOS,Proposed_CA_CNN_RNND,421,0.36910926923155785,0.252796683460474,0.11631258390843868,
0,260816,matched,MATCHED_RicianLOS,Proposed_CA_CNN_RNND,422,0.37011735886335373,0.2512178160250187,0.11889953352510929,
0,260816,matched,MATCHED_RicianLOS,Proposed_CA_CNN_RNND,423,0.3556481897830963,0.2400311566889286,0.11561702750623226,
0,260816,matched,MATCHED_RicianLOS,Proposed_CA_CNN_RNND,424,0.5096041411161423,0.3720592185854912,0.1375449113547802,
0,260816,matched,MATCHED_RicianLOS,Proposed_CA_CNN_RNND,425,0.51870346814394,0.37849192321300507,0.1402115486562252,
0,260816,matched,MATCHED_RicianLOS,Proposed_CA_CNN_RNND,426,0.464715912938118,0.3348397985100746,0.12987611815333366,
0,260816,matched,MATCHED_RicianLOS,Proposed_CA_CNN_RNND,427,0.4235435873270035,0.2941664010286331,0.12937719374895096,
0,260816,matched,MATCHED_RicianLOS,Proposed_CA_CNN_RNND,428,0.5491834804415703,0.4062201827764511,0.14296327903866768,
0,260816,matched,MATCHED_RicianLOS,Proposed_CA_CNN_RNND,429,0.4369063600897789,0.3103458136320114,0.12656055018305779,
0,260816,matched,MATCHED_RicianLOS,Proposed_CA_CNN_RNND,430,0.46503549069166183,0.3276704102754593,0.1373650711029768,
0,260816,matched,MATCHED_RicianLOS,Proposed_CA_CNN_RNND,431,0.44368545711040497,0.30956993252038956,0.13411551341414452,
0,260816,matched,MATCHED_RicianLOS,Proposed_CA_CNN_RNND,432,0.3483198210597038,0.23118885606527328,0.11713097244501114,
0,260816,matched,MATCHED_RicianLOS,Proposed_CA_CNN_RNND,433,0.42405208945274353,0.2992582395672798,0.12479385174810886,
0,260816,matched,MATCHED_RicianLOS,Proposed_CA_CNN_RNND,434,0.5603366866707802,0.4100786969065666,0.15025796741247177,
0,260816,matched,MATCHED_RicianLOS,Proposed_CA_CNN_RNND,435,0.410833977162838,0.2833121828734875,0.1275218054652214,
0,260816,matched,MATCHED_RicianLOS,Proposed_CA_CNN_RNND,436,0.46757493913173676,0.33398444950580597,0.13359050080180168,
0,260816,matched,MATCHED_RicianLOS,Proposed_CA_CNN_RNND,437,0.4662507623434067,0.33870629966259,0.1275444645434618,
0,260816,matched,MATCHED_RicianLOS,Proposed_CA_CNN_RNND,438,0.4759780690073967,0.3405950479209423,0.13538303785026073,
0,260816,matched,MATCHED_RicianLOS,Proposed_CA_CNN_RNND,439,0.5450336411595345,0.3881472386419773,0.15688639506697655,
0,260816,matched,MATCHED_RicianLOS,Proposed_CA_CNN_RNND,440,0.429535448551178,0.29721565544605255,0.13231977447867393,
0,260816,matched,MATCHED_RicianLOS,Proposed_CA_CNN_RNND,441,0.36077965795993805,0.2370033636689186,0.12377629429101944,
0,260816,matched,MATCHED_RicianLOS,Proposed_CA_CNN_RNND,442,0.4116769954562187,0.28400981426239014,0.12766718864440918,
0,260816,matched,MATCHED_RicianLOS,Proposed_CA_CNN_RNND,443,0.508277103304863,0.36751971393823624,0.1407573912292719,
0,260816,matched,MATCHED_RicianLOS,Proposed_CA_CNN_RNND,444,0.4939369559288025,0.35591958463191986,0.13801737502217293,
0,260816,matched,MATCHED_RicianLOS,Proposed_CA_CNN_RNND,445,0.47626301646232605,0.3379077725112438,0.13835524767637253,
0,260816,matched,MATCHED_RicianLOS,Proposed_CA_CNN_RNND,446,0.399622343480587,0.2742769196629524,0.12534542940557003,
0,260816,matched,MATCHED_RicianLOS,Proposed_CA_CNN_RNND,447,0.5333001464605331,0.38861656188964844,0.1446835808455944,
0,260816,matched,MATCHED_RicianLOS,Proposed_CA_CNN_RNND,448,0.48898983001708984,0.35216818004846573,0.13682164810597897,
0,260816,matched,MATCHED_RicianLOS,Proposed_CA_CNN_RNND,449,0.412899486720562,0.27964965626597404,0.13324983417987823,
0,260816,matched,MATCHED_RicianLOS,Proposed_CA_CNN_RNND,450,0.40412837639451027,0.27795587480068207,0.12617250345647335,
0,260816,matched,MATCHED_RicianLOS,Proposed_CA_CNN_RNND,451,0.456097275018692,0.3222828730940819,0.13381440192461014,
0,260816,matched,MATCHED_RicianLOS,Proposed_CA_CNN_RNND,452,0.44586510211229324,0.31713173538446426,0.12873336486518383,
0,260816,matched,MATCHED_RicianLOS,Proposed_CA_CNN_RNND,453,0.4625125527381897,0.32874423637986183,0.13376831263303757,
0,260816,matched,MATCHED_RicianLOS,Proposed_CA_CNN_RNND,454,0.3574652373790741,0.24077511951327324,0.11669012531638145,
0,260816,matched,MATCHED_RicianLOS,Proposed_CA_CNN_RNND,455,0.39902132749557495,0.27602873742580414,0.12299258634448051,
0,260816,matched,MATCHED_RicianLOS,Proposed_CA_CNN_RNND,456,0.4776670038700104,0.3488854318857193,0.12878156080842018,
0,260816,matched,MATCHED_RicianLOS,Proposed_CA_CNN_RNND,457,0.3841100409626961,0.2637796401977539,0.12033040076494217,
0,260816,matched,MATCHED_RicianLOS,Proposed_CA_CNN_RNND,458,0.3598430007696152,0.24026022851467133,0.1195827778428793,
0,260816,matched,MATCHED_RicianLOS,Proposed_CA_CNN_RNND,459,0.5162842199206352,0.3715350516140461,0.14474916830658913,
0,260816,matched,MATCHED_RicianLOS,Proposed_CA_CNN_RNND,460,0.42367997020483017,0.2902270294725895,0.13345293141901493,
0,260816,matched,MATCHED_RicianLOS,Proposed_CA_CNN_RNND,461,0.41627901419997215,0.29340431094169617,0.12287470325827599,
0,260816,matched,MATCHED_RicianLOS,Proposed_CA_CNN_RNND,462,0.4466211348772049,0.3100104033946991,0.1366107389330864,
0,260816,matched,MATCHED_RicianLOS,Proposed_CA_CNN_RNND,463,0.41640176996588707,0.28641030192375183,0.12999146059155464,
0,260816,matched,MATCHED_RicianLOS,Proposed_CA_CNN_RNND,464,0.5245475322008133,0.3865681663155556,0.13797935098409653,
0,260816,matched,MATCHED_RicianLOS,Proposed_CA_CNN_RNND,465,0.48576362431049347,0.34126897156238556,0.1444946601986885,
0,260816,matched,MATCHED_RicianLOS,Proposed_CA_CNN_RNND,466,0.4918936640024185,0.35115402191877365,0.14073964208364487,
0,260816,matched,MATCHED_RicianLOS,Proposed_CA_CNN_RNND,467,0.4119008630514145,0.28889816254377365,0.12300270795822144,
0,260816,matched,MATCHED_RicianLOS,Proposed_CA_CNN_RNND,468,0.3830505236983299,0.2642184607684612,0.11883206106722355,
0,260816,matched,MATCHED_RicianLOS,Proposed_CA_CNN_RNND,469,0.4311106353998184,0.3015816994011402,0.1295289322733879,
0,260816,matched,MATCHED_RicianLOS,Proposed_CA_CNN_RNND,470,0.4333336725831032,0.30768949910998344,0.12564418092370033,
0,260816,matched,MATCHED_RicianLOS,Proposed_CA_CNN_RNND,471,0.4379998743534088,0.30070995911955833,0.13728990405797958,
0,260816,matched,MATCHED_RicianLOS,Proposed_CA_CNN_RNND,472,0.36640094220638275,0.24898510053753853,0.11741583794355392,
0,260816,matched,MATCHED_RicianLOS,Proposed_CA_CNN_RNND,473,0.4343998357653618,0.3006157651543617,0.13378405570983887,
0,260816,matched,MATCHED_RicianLOS,Proposed_CA_CNN_RNND,474,0.5169589146971703,0.3734891712665558,0.14346973970532417,
0,260816,matched,MATCHED_RicianLOS,Proposed_CA_CNN_RNND,475,0.39315565675497055,0.2662922143936157,0.12686343863606453,
0,260816,matched,MATCHED_RicianLOS,Proposed_CA_CNN_RNND,476,0.44949861615896225,0.3203345537185669,0.1291640568524599,
0,260816,matched,MATCHED_RicianLOS,Proposed_CA_CNN_RNND,477,0.3531721606850624,0.23527336865663528,0.11789879202842712,
0,260816,matched,MATCHED_RicianLOS,Proposed_CA_CNN_RNND,478,0.3439566045999527,0.22777081653475761,0.11618577688932419,
0,260816,matched,MATCHED_RicianLOS,Proposed_CA_CNN_RNND,479,0.3617275431752205,0.2451407089829445,0.1165868304669857,
0,260816,matched,MATCHED_RicianLOS,Proposed_CA_CNN_RNND,480,0.3755177669227123,0.25189779326319695,0.12361996620893478,
0,260816,matched,MATCHED_RicianLOS,Proposed_CA_CNN_RNND,481,0.396079421043396,0.2666834332048893,0.1293959841132164,
0,260816,matched,MATCHED_RicianLOS,Proposed_CA_CNN_RNND,482,0.35273680835962296,0.2320566512644291,0.12068015150725842,
0,260816,matched,MATCHED_RicianLOS,Proposed_CA_CNN_RNND,483,0.4353451728820801,0.3039548024535179,0.13139036297798157,
0,260816,matched,MATCHED_RicianLOS,Proposed_CA_CNN_RNND,484,0.4045468717813492,0.273584745824337,0.13096212223172188,
0,260816,matched,MATCHED_RicianLOS,Proposed_CA_CNN_RNND,485,0.345753438770771,0.23350446671247482,0.11224897392094135,
0,260816,matched,MATCHED_RicianLOS,Proposed_CA_CNN_RNND,486,0.43515925109386444,0.3074770048260689,0.12768223881721497,
0,260816,matched,MATCHED_RicianLOS,Proposed_CA_CNN_RNND,487,0.49890701472759247,0.35786400362849236,0.141043022274971,
0,260816,matched,MATCHED_RicianLOS,Proposed_CA_CNN_RNND,488,0.4422445744276047,0.315135158598423,0.12710942141711712,
0,260816,matched,MATCHED_RicianLOS,Proposed_CA_CNN_RNND,489,0.37603338807821274,0.25332603603601456,0.12270735576748848,
0,260816,matched,MATCHED_RicianLOS,Proposed_CA_CNN_RNND,490,0.41078677400946617,0.2834406644105911,0.12734611332416534,
0,260816,matched,MATCHED_RicianLOS,Proposed_CA_CNN_RNND,491,0.35264988988637924,0.22892738692462444,0.1237224992364645,
0,260816,matched,MATCHED_RicianLOS,Proposed_CA_CNN_RNND,492,0.34877415001392365,0.23212029039859772,0.11665385589003563,
0,260816,matched,MATCHED_RicianLOS,Proposed_CA_CNN_RNND,493,0.3795147053897381,0.2557405009865761,0.12377420626580715,
0,260816,matched,MATCHED_RicianLOS,Proposed_CA_CNN_RNND,494,0.36822863668203354,0.2470008321106434,0.1212278064340353,
0,260816,matched,MATCHED_RicianLOS,Proposed_CA_CNN_RNND,495,0.2836417555809021,0.17264942452311516,0.11099233850836754,
0,260816,matched,MATCHED_RicianLOS,Proposed_CA_CNN_RNND,496,0.49799811840057373,0.3543512523174286,0.14364685863256454,
0,260816,matched,MATCHED_RicianLOS,Proposed_CA_CNN_RNND,497,0.4078814685344696,0.282716304063797,0.1251651681959629,
0,260816,matched,MATCHED_RicianLOS,Proposed_CA_CNN_RNND,498,0.5067117661237717,0.37167809158563614,0.13503369316458702,
0,260816,matched,MATCHED_RicianLOS,Proposed_CA_CNN_RNND,499,0.3566362112760544,0.2396203614771366,0.11701584234833717,
0,260816,matched,MATCHED_RicianLOS,Proposed_CA_CNN_RNND,500,0.5228240862488747,0.3816462606191635,0.1411778200417757,
0,260816,matched,MATCHED_RicianLOS,Proposed_CA_CNN_RNND,501,0.4435808137059212,0.31282372027635574,0.13075708970427513,
0,260816,matched,MATCHED_RicianLOS,Proposed_CA_CNN_RNND,502,0.45060570538043976,0.3186621367931366,0.13194357603788376,
0,260816,matched,MATCHED_RicianLOS,Proposed_CA_CNN_RNND,503,0.5607216879725456,0.4155172109603882,0.1452044751495123,
0,260816,matched,MATCHED_RicianLOS,Proposed_CA_CNN_RNND,504,0.31210287660360336,0.19937265664339066,0.11273022554814816,
0,260816,matched,MATCHED_RicianLOS,Proposed_CA_CNN_RNND,505,0.32835955172777176,0.2122577466070652,0.116101810708642,
0,260816,matched,MATCHED_RicianLOS,Proposed_CA_CNN_RNND,506,0.3580192103981972,0.23706775903701782,0.12095145136117935,
0,260816,matched,MATCHED_RicianLOS,Proposed_CA_CNN_RNND,507,0.43131085485219955,0.30657681077718735,0.12473404221236706,
0,260816,matched,MATCHED_RicianLOS,Proposed_CA_CNN_RNND,508,0.44136179983615875,0.3096012808382511,0.1317605134099722,
0,260816,matched,MATCHED_RicianLOS,Proposed_CA_CNN_RNND,509,0.41123706847429276,0.2859365791082382,0.12530048191547394,
0,260816,matched,MATCHED_RicianLOS,Proposed_CA_CNN_RNND,510,0.3316976800560951,0.21556071937084198,0.116136958822608,
0,260816,matched,MATCHED_RicianLOS,Proposed_CA_CNN_RNND,511,0.5049998313188553,0.3675502762198448,0.13744955137372017,
0,260816,matched,MATCHED_RicianLOS,Proposed_CA_CNN_RNND,512,0.3888339549303055,0.2722996100783348,0.11653434485197067,
0,260816,matched,MATCHED_RicianLOS,Proposed_CA_CNN_RNND,513,0.4681783840060234,0.3271425813436508,0.14103580452501774,
0,260816,matched,MATCHED_RicianLOS,Proposed_CA_CNN_RNND,514,0.49259186163544655,0.35290293768048286,0.13968893885612488,
0,260816,matched,MATCHED_RicianLOS,Proposed_CA_CNN_RNND,515,0.4250156059861183,0.3051074892282486,0.11990811116993427,
0,260816,matched,MATCHED_RicianLOS,Proposed_CA_CNN_RNND,516,0.47628629207611084,0.3407794274389744,0.1355068627744913,
0,260816,matched,MATCHED_RicianLOS,Proposed_CA_CNN_RNND,517,0.48595160990953445,0.35471129417419434,0.13124032504856586,
0,260816,matched,MATCHED_RicianLOS,Proposed_CA_CNN_RNND,518,0.3180444911122322,0.20325282216072083,0.11479166895151138,
0,260816,matched,MATCHED_RicianLOS,Proposed_CA_CNN_RNND,519,0.4797763228416443,0.3465200364589691,0.13325629569590092,
0,260816,matched,MATCHED_RicianLOS,Proposed_CA_CNN_RNND,520,0.3752255067229271,0.25289085134863853,0.12233464419841766,
0,260816,matched,MATCHED_RicianLOS,Proposed_CA_CNN_RNND,521,0.5018020644783974,0.3626286908984184,0.1391733791679144,
0,260816,matched,MATCHED_RicianLOS,Proposed_CA_CNN_RNND,522,0.47411227971315384,0.34064509719610214,0.133467186242342,
0,260816,matched,MATCHED_RicianLOS,Proposed_CA_CNN_RNND,523,0.4362678900361061,0.30877165868878365,0.12749624252319336,
0,260816,matched,MATCHED_RicianLOS,Proposed_CA_CNN_RNND,524,0.4544239267706871,0.3215978667140007,0.1328260600566864,
0,260816,matched,MATCHED_RicianLOS,Proposed_CA_CNN_RNND,525,0.4500962868332863,0.32413334399461746,0.12596293538808823,
0,260816,matched,MATCHED_RicianLOS,Proposed_CA_CNN_RNND,526,0.44511664658784866,0.31326281651854515,0.13185382820665836,
0,260816,matched,MATCHED_RicianLOS,Proposed_CA_CNN_RNND,527,0.3704814836382866,0.2522384896874428,0.11824297718703747,
0,260816,matched,MATCHED_RicianLOS,Proposed_CA_CNN_RNND,528,0.3594088926911354,0.23928871378302574,0.12012018263339996,
0,260816,matched,MATCHED_RicianLOS,Proposed_CA_CNN_RNND,529,0.46031343191862106,0.32281970605254173,0.13749372772872448,
0,260816,matched,MATCHED_RicianLOS,Proposed_CA_CNN_RNND,530,0.4045328348875046,0.27977459877729416,0.12475822865962982,
0,260816,matched,MATCHED_RicianLOS,Proposed_CA_CNN_RNND,531,0.31303901597857475,0.19991860538721085,0.11312041245400906,
0,260816,matched,MATCHED_RicianLOS,Proposed_CA_CNN_RNND,532,0.4637134447693825,0.32658322900533676,0.13713021390140057,
0,260816,matched,MATCHED_RicianLOS,Proposed_CA_CNN_RNND,533,0.38646848499774933,0.26357659697532654,0.12289187870919704,
0,260816,matched,MATCHED_RicianLOS,Proposed_CA_CNN_RNND,534,0.4007773660123348,0.27342046797275543,0.12735690549016,
0,260816,matched,MATCHED_RicianLOS,Proposed_CA_CNN_RNND,535,0.33428262174129486,0.21869401261210442,0.115588603541255,
0,260816,matched,MATCHED_RicianLOS,Proposed_CA_CNN_RNND,536,0.4572720527648926,0.33353399485349655,0.12373804859817028,
0,260816,matched,MATCHED_RicianLOS,Proposed_CA_CNN_RNND,537,0.49691666662693024,0.35772673785686493,0.1391899324953556,
0,260816,matched,MATCHED_RicianLOS,Proposed_CA_CNN_RNND,538,0.3517277240753174,0.23144240491092205,0.12028532847762108,
0,260816,matched,MATCHED_RicianLOS,Proposed_CA_CNN_RNND,539,0.40992453694343567,0.2847945839166641,0.1251299623399973,
0,260816,matched,MATCHED_RicianLOS,Proposed_CA_CNN_RNND,540,0.37657223641872406,0.252034779638052,0.12453745119273663,
0,260816,matched,MATCHED_RicianLOS,Proposed_CA_CNN_RNND,541,0.4912680462002754,0.3560468927025795,0.13522115349769592,
0,260816,matched,MATCHED_RicianLOS,Proposed_CA_CNN_RNND,542,0.352338507771492,0.2370850071310997,0.115253496915102,
0,260816,matched,MATCHED_RicianLOS,Proposed_CA_CNN_RNND,543,0.3287094980478287,0.21736297011375427,0.11134652607142925,
0,260816,matched,MATCHED_RicianLOS,Proposed_CA_CNN_RNND,544,0.432321198284626,0.30446795374155045,0.1278532426804304,
0,260816,matched,MATCHED_RicianLOS,Proposed_CA_CNN_RNND,545,0.3901815637946129,0.26313094049692154,0.12705062329769135,
0,260816,matched,MATCHED_RicianLOS,Proposed_CA_CNN_RNND,546,0.44032829254865646,0.3121536523103714,0.12817465141415596,
0,260816,matched,MATCHED_RicianLOS,Proposed_CA_CNN_RNND,547,0.48779406398534775,0.3562769666314125,0.1315170917659998,
0,260816,matched,MATCHED_RicianLOS,Proposed_CA_CNN_RNND,548,0.3148683235049248,0.2026843260973692,0.11218399368226528,
0,260816,matched,MATCHED_RicianLOS,Proposed_CA_CNN_RNND,549,0.35941582173109055,0.2439557909965515,0.11546003445982933,
0,260816,matched,MATCHED_RicianLOS,Proposed_CA_CNN_RNND,550,0.42826268821954727,0.29854608327150345,0.12971661798655987,
0,260816,matched,MATCHED_RicianLOS,Proposed_CA_CNN_RNND,551,0.41492892801761627,0.2845796123147011,0.13034932129085064,
0,260816,matched,MATCHED_RicianLOS,Proposed_CA_CNN_RNND,552,0.5038122609257698,0.3709476590156555,0.1328645944595337,
0,260816,matched,MATCHED_RicianLOS,Proposed_CA_CNN_RNND,553,0.31764624267816544,0.2049584500491619,0.11268778704106808,
0,260816,matched,MATCHED_RicianLOS,Proposed_CA_CNN_RNND,554,0.5097646713256836,0.3715241812169552,0.1382404901087284,
0,260816,matched,MATCHED_RicianLOS,Proposed_CA_CNN_RNND,555,0.34339143335819244,0.23214398697018623,0.11124744825065136,
0,260816,matched,MATCHED_RicianLOS,Proposed_CA_CNN_RNND,556,0.41277386993169785,0.2869444936513901,0.12582938186824322,
0,260816,matched,MATCHED_RicianLOS,Proposed_CA_CNN_RNND,557,0.33282531052827835,0.22344939410686493,0.10937591642141342,
0,260816,matched,MATCHED_RicianLOS,Proposed_CA_CNN_RNND,558,0.3444063067436218,0.23092656582593918,0.11347973346710205,
0,260816,matched,MATCHED_RicianLOS,Proposed_CA_CNN_RNND,559,0.482841894030571,0.3407779335975647,0.14206397533416748,
0,260816,matched,MATCHED_RicianLOS,Proposed_CA_CNN_RNND,560,0.3786480948328972,0.25931839272379875,0.11932970397174358,
0,260816,matched,MATCHED_RicianLOS,Proposed_CA_CNN_RNND,561,0.4757799655199051,0.3365181237459183,0.13926182687282562,
0,260816,matched,MATCHED_RicianLOS,Proposed_CA_CNN_RNND,562,0.4154635965824127,0.2936469167470932,0.12181668169796467,
0,260816,matched,MATCHED_RicianLOS,Proposed_CA_CNN_RNND,563,0.5214442908763885,0.3842449113726616,0.13719938322901726,
0,260816,matched,MATCHED_RicianLOS,Proposed_CA_CNN_RNND,564,0.3734222762286663,0.253723181784153,0.11969909816980362,
0,260816,matched,MATCHED_RicianLOS,Proposed_CA_CNN_RNND,565,0.4975682944059372,0.3607235886156559,0.1368446983397007,
0,260816,matched,MATCHED_RicianLOS,Proposed_CA_CNN_RNND,566,0.40709301084280014,0.2805638238787651,0.12652919255197048,
0,260816,matched,MATCHED_RicianLOS,Proposed_CA_CNN_RNND,567,0.3980233073234558,0.2767259404063225,0.12129736691713333,
0,260816,matched,MATCHED_RicianLOS,Proposed_CA_CNN_RNND,568,0.48142506927251816,0.3473818972706795,0.13404317572712898,
0,260816,matched,MATCHED_RicianLOS,Proposed_CA_CNN_RNND,569,0.5077463239431381,0.36963338032364845,0.13811295479536057,
0,260816,matched,MATCHED_RicianLOS,Proposed_CA_CNN_RNND,570,0.45576079189777374,0.320799607783556,0.13496118038892746,
0,260816,matched,MATCHED_RicianLOS,Proposed_CA_CNN_RNND,571,0.5426510311663151,0.3978329338133335,0.14481807872653008,
0,260816,matched,MATCHED_RicianLOS,Proposed_CA_CNN_RNND,572,0.3712671622633934,0.2504996173083782,0.12076753936707973,
0,260816,matched,MATCHED_RicianLOS,Proposed_CA_CNN_RNND,573,0.5543623715639114,0.4134241044521332,0.14093826711177826,
0,260816,matched,MATCHED_RicianLOS,Proposed_CA_CNN_RNND,574,0.43038536608219147,0.3021707460284233,0.1282146330922842,
0,260816,matched,MATCHED_RicianLOS,Proposed_CA_CNN_RNND,575,0.37442750483751297,0.2564907856285572,0.11793672293424606,
0,260816,matched,MATCHED_RicianLOS,Proposed_CA_CNN_RNND,576,0.45905832946300507,0.3259661793708801,0.13309215940535069,
0,260816,matched,MATCHED_RicianLOS,Proposed_CA_CNN_RNND,577,0.4949285537004471,0.35499707981944084,0.13993147388100624,
0,260816,matched,MATCHED_RicianLOS,Proposed_CA_CNN_RNND,578,0.3730021268129349,0.2513878159224987,0.12161431275308132,
0,260816,matched,MATCHED_RicianLOS,Proposed_CA_CNN_RNND,579,0.44534358382225037,0.3148261271417141,0.13051746040582657,
0,260816,matched,MATCHED_RicianLOS,Proposed_CA_CNN_RNND,580,0.4027250148355961,0.2766024246811867,0.1261225789785385,
0,260816,matched,MATCHED_RicianLOS,Proposed_CA_CNN_RNND,581,0.39561984688043594,0.26934779435396194,0.126272052526474,
0,260816,matched,MATCHED_RicianLOS,Proposed_CA_CNN_RNND,582,0.5029454380273819,0.3650338873267174,0.13791155815124512,
0,260816,matched,MATCHED_RicianLOS,Proposed_CA_CNN_RNND,583,0.45952108502388,0.32932551950216293,0.13019555434584618,
0,260816,matched,MATCHED_RicianLOS,Proposed_CA_CNN_RNND,584,0.47714608162641525,0.34013544395565987,0.13701063953340054,
0,260816,matched,MATCHED_RicianLOS,Proposed_CA_CNN_RNND,585,0.45391572266817093,0.32457728311419487,0.12933842651546001,
0,260816,matched,MATCHED_RicianLOS,Proposed_CA_CNN_RNND,586,0.4025091528892517,0.27785345911979675,0.1246556993573904,
0,260816,matched,MATCHED_RicianLOS,Proposed_CA_CNN_RNND,587,0.4027894362807274,0.28171858936548233,0.12107083387672901,
0,260816,matched,MATCHED_RicianLOS,Proposed_CA_CNN_RNND,588,0.41839440912008286,0.29165637493133545,0.126738041639328,
0,260816,matched,MATCHED_RicianLOS,Proposed_CA_CNN_RNND,589,0.3865823708474636,0.2662258595228195,0.12035651504993439,
0,260816,matched,MATCHED_RicianLOS,Proposed_CA_CNN_RNND,590,0.47980623692274094,0.3439745530486107,0.135831693187356,
0,260816,matched,MATCHED_RicianLOS,Proposed_CA_CNN_RNND,591,0.45587295293807983,0.3252207599580288,0.1306521836668253,
0,260816,matched,MATCHED_RicianLOS,Proposed_CA_CNN_RNND,592,0.43898437917232513,0.3141310065984726,0.12485336884856224,
0,260816,matched,MATCHED_RicianLOS,Proposed_CA_CNN_RNND,593,0.5362749025225639,0.3865445852279663,0.14973031915724277,
0,260816,matched,MATCHED_RicianLOS,Proposed_CA_CNN_RNND,594,0.3111495301127434,0.2018853724002838,0.10926416143774986,
0,260816,matched,MATCHED_RicianLOS,Proposed_CA_CNN_RNND,595,0.42704935371875763,0.3023899793624878,0.12465936504304409,
0,260816,matched,MATCHED_RicianLOS,Proposed_CA_CNN_RNND,596,0.3478025496006012,0.2329157441854477,0.1148868054151535,
0,260816,matched,MATCHED_RicianLOS,Proposed_CA_CNN_RNND,597,0.5302386432886124,0.3882589228451252,0.14197972416877747,
0,260816,matched,MATCHED_RicianLOS,Proposed_CA_CNN_RNND,598,0.5097404345870018,0.3697624020278454,0.1399780437350273,
0,260816,matched,MATCHED_RicianLOS,Proposed_CA_CNN_RNND,599,0.3182375431060791,0.20789918676018715,0.11033836007118225,
0,260816,matched,MATCHED_RicianLOS,Proposed_CA_CNN_RNND,600,0.317569088190794,0.20731492713093758,0.11025416851043701,-0.6490600893655026
0,260816,matched,MATCHED_RicianLOS,Proposed_CA_CNN_RNND,601,0.38348666578531265,0.2589576318860054,0.12452903389930725,
0,260816,matched,MATCHED_RicianLOS,Proposed_CA_CNN_RNND,602,0.3795948326587677,0.2613048255443573,0.11829000897705555,
0,260816,matched,MATCHED_RicianLOS,Proposed_CA_CNN_RNND,603,0.49919676035642624,0.3636403828859329,0.1355563886463642,
0,260816,matched,MATCHED_RicianLOS,Proposed_CA_CNN_RNND,604,0.3340286687016487,0.222306989133358,0.11172168701887131,
0,260816,matched,MATCHED_RicianLOS,Proposed_CA_CNN_RNND,605,0.5137679353356361,0.3722165524959564,0.14155136793851852,
0,260816,matched,MATCHED_RicianLOS,Proposed_CA_CNN_RNND,606,0.41864557564258575,0.29114411398768425,0.12750145234167576,
0,260816,matched,MATCHED_RicianLOS,Proposed_CA_CNN_RNND,607,0.32263439893722534,0.20638579688966274,0.1162486094981432,
0,260816,matched,MATCHED_RicianLOS,Proposed_CA_CNN_RNND,608,0.47396907955408096,0.34395089000463486,0.13001819141209126,
0,260816,matched,MATCHED_RicianLOS,Proposed_CA_CNN_RNND,609,0.35308506712317467,0.23268558830022812,0.1203994769603014,
0,260816,matched,MATCHED_RicianLOS,Proposed_CA_CNN_RNND,610,0.4906170144677162,0.35327958315610886,0.13733743503689766,
0,260816,matched,MATCHED_RicianLOS,Proposed_CA_CNN_RNND,611,0.35889073461294174,0.24442839063704014,0.11446232907474041,
0,260816,matched,MATCHED_RicianLOS,Proposed_CA_CNN_RNND,612,0.3968026265501976,0.2792026326060295,0.11760000139474869,
0,260816,matched,MATCHED_RicianLOS,Proposed_CA_CNN_RNND,613,0.4216049462556839,0.29146572947502136,0.13013922050595284,
0,260816,matched,MATCHED_RicianLOS,Proposed_CA_CNN_RNND,614,0.4279422238469124,0.2988351210951805,0.12910709902644157,
0,260816,matched,MATCHED_RicianLOS,Proposed_CA_CNN_RNND,615,0.44758162647485733,0.314912885427475,0.1326687429100275,
0,260816,matched,MATCHED_RicianLOS,Proposed_CA_CNN_RNND,616,0.3765728995203972,0.25680384412407875,0.11976905725896358,
0,260816,matched,MATCHED_RicianLOS,Proposed_CA_CNN_RNND,617,0.3703920319676399,0.2516899071633816,0.1187021154910326,
0,260816,matched,MATCHED_RicianLOS,Proposed_CA_CNN_RNND,618,0.48509427160024643,0.34625571221113205,0.13883856683969498,
0,260816,matched,MATCHED_RicianLOS,Proposed_CA_CNN_RNND,619,0.41567475348711014,0.29182854294776917,0.12384620122611523,
0,260816,matched,MATCHED_RicianLOS,Proposed_CA_CNN_RNND,620,0.4495299980044365,0.3156692311167717,0.1338607631623745,
0,260816,matched,MATCHED_RicianLOS,Proposed_CA_CNN_RNND,621,0.4712890163064003,0.337354589253664,0.13393443450331688,
0,260816,matched,MATCHED_RicianLOS,Proposed_CA_CNN_RNND,622,0.4435318037867546,0.312651626765728,0.13088016957044601,
0,260816,matched,MATCHED_RicianLOS,Proposed_CA_CNN_RNND,623,0.4647395983338356,0.3332996740937233,0.13143992610275745,
0,260816,matched,MATCHED_RicianLOS,Proposed_CA_CNN_RNND,624,0.4513310566544533,0.3241835758090019,0.1271474901586771,
0,260816,matched,MATCHED_RicianLOS,Proposed_CA_CNN_RNND,625,0.44437679648399353,0.31210559234023094,0.1322712041437626,
0,260816,matched,MATCHED_RicianLOS,Proposed_CA_CNN_RNND,626,0.32591232657432556,0.2131635993719101,0.11274873279035091,
0,260816,matched,MATCHED_RicianLOS,Proposed_CA_CNN_RNND,627,0.356865294277668,0.24100622907280922,0.11585906893014908,
0,260816,matched,MATCHED_RicianLOS,Proposed_CA_CNN_RNND,628,0.5043271854519844,0.36619266867637634,0.13813450932502747,
0,260816,matched,MATCHED_RicianLOS,Proposed_CA_CNN_RNND,629,0.46343327313661575,0.3283214569091797,0.13511181436479092,
0,260816,matched,MATCHED_RicianLOS,Proposed_CA_CNN_RNND,630,0.4175765886902809,0.2923407815396786,0.12523580715060234,
0,260816,matched,MATCHED_RicianLOS,Proposed_CA_CNN_RNND,631,0.4347553327679634,0.3117530345916748,0.1230022981762886,
0,260816,matched,MATCHED_RicianLOS,Proposed_CA_CNN_RNND,632,0.44474080204963684,0.3160408213734627,0.12869997881352901,
0,260816,matched,MATCHED_RicianLOS,Proposed_CA_CNN_RNND,633,0.33863169699907303,0.221417136490345,0.11721455678343773,
0,260816,matched,MATCHED_RicianLOS,Proposed_CA_CNN_RNND,634,0.38887113332748413,0.2570476923137903,0.13182344660162926,
0,260816,matched,MATCHED_RicianLOS,Proposed_CA_CNN_RNND,635,0.4040631018579006,0.2777799665927887,0.12628313712775707,
0,260816,matched,MATCHED_RicianLOS,Proposed_CA_CNN_RNND,636,0.4068210497498512,0.2788849323987961,0.1279361266642809,
0,260816,matched,MATCHED_RicianLOS,Proposed_CA_CNN_RNND,637,0.44229356199502945,0.3068302199244499,0.13546334393322468,
0,260816,matched,MATCHED_RicianLOS,Proposed_CA_CNN_RNND,638,0.3846402019262314,0.2610982768237591,0.1235419251024723,
0,260816,matched,MATCHED_RicianLOS,Proposed_CA_CNN_RNND,639,0.4202825725078583,0.29631806164979935,0.12396449968218803,
0,260816,matched,MATCHED_RicianLOS,Proposed_CA_CNN_RNND,640,0.32897765189409256,0.2158130779862404,0.11316457577049732,
0,260816,matched,MATCHED_RicianLOS,Proposed_CA_CNN_RNND,641,0.4578627422451973,0.3184017091989517,0.13946104235947132,
0,260816,matched,MATCHED_RicianLOS,Proposed_CA_CNN_RNND,642,0.448866568505764,0.32378576695919037,0.1250808071345091,
0,260816,matched,MATCHED_RicianLOS,Proposed_CA_CNN_RNND,643,0.37464942038059235,0.25589998066425323,0.11874944344162941,
0,260816,matched,MATCHED_RicianLOS,Proposed_CA_CNN_RNND,644,0.5459022745490074,0.4066837430000305,0.1392185389995575,
0,260816,matched,MATCHED_RicianLOS,Proposed_CA_CNN_RNND,645,0.4577125459909439,0.32334037870168686,0.13437215983867645,
0,260816,matched,MATCHED_RicianLOS,Proposed_CA_CNN_RNND,646,0.3959982246160507,0.27423604764044285,0.12176217511296272,
0,260816,matched,MATCHED_RicianLOS,Proposed_CA_CNN_RNND,647,0.3545645996928215,0.2376565933227539,0.1169080100953579,
0,260816,matched,MATCHED_RicianLOS,Proposed_CA_CNN_RNND,648,0.3325918950140476,0.21730376966297626,0.1152881346642971,
0,260816,matched,MATCHED_RicianLOS,Proposed_CA_CNN_RNND,649,0.4534158259630203,0.33004578575491905,0.12337003834545612,
0,260816,matched,MATCHED_RicianLOS,Proposed_CA_CNN_RNND,650,0.4180258587002754,0.2940654754638672,0.12396037206053734,
0,260816,matched,MATCHED_RicianLOS,Proposed_CA_CNN_RNND,651,0.4712984785437584,0.3371216505765915,0.1341768130660057,
0,260816,matched,MATCHED_RicianLOS,Proposed_CA_CNN_RNND,652,0.386489599943161,0.2671711854636669,0.11931841634213924,
0,260816,matched,MATCHED_RicianLOS,Proposed_CA_CNN_RNND,653,0.4372737407684326,0.30873017758131027,0.1285435687750578,
0,260816,matched,MATCHED_RicianLOS,Proposed_CA_CNN_RNND,654,0.49548372626304626,0.36098600178956985,0.134497731924057,
0,260816,matched,MATCHED_RicianLOS,Proposed_CA_CNN_RNND,655,0.4612380862236023,0.32387281209230423,0.13736527413129807,
0,260816,matched,MATCHED_RicianLOS,Proposed_CA_CNN_RNND,656,0.5422421395778656,0.39906013011932373,0.14318201318383217,
0,260816,matched,MATCHED_RicianLOS,Proposed_CA_CNN_RNND,657,0.5102282911539078,0.3709448277950287,0.13928346522152424,
0,260816,matched,MATCHED_RicianLOS,Proposed_CA_CNN_RNND,658,0.3922901153564453,0.2731402702629566,0.11914983205497265,
0,260816,matched,MATCHED_RicianLOS,Proposed_CA_CNN_RNND,659,0.43978244811296463,0.3101891353726387,0.12959331274032593,
0,260816,matched,MATCHED_RicianLOS,Proposed_CA_CNN_RNND,660,0.48070039600133896,0.3492700681090355,0.13143033534288406,
0,260816,matched,MATCHED_RicianLOS,Proposed_CA_CNN_RNND,661,0.4071585088968277,0.29051121324300766,0.11664729006588459,
0,260816,matched,MATCHED_RicianLOS,Proposed_CA_CNN_RNND,662,0.3169255405664444,0.20328156650066376,0.11364397034049034,
0,260816,matched,MATCHED_RicianLOS,Proposed_CA_CNN_RNND,663,0.5318235829472542,0.39041171222925186,0.14141188003122807,
0,260816,matched,MATCHED_RicianLOS,Proposed_CA_CNN_RNND,664,0.44322358816862106,0.3125714436173439,0.13065214082598686,
0,260816,matched,MATCHED_RicianLOS,Proposed_CA_CNN_RNND,665,0.4159538298845291,0.28669826313853264,0.12925555929541588,
0,260816,matched,MATCHED_RicianLOS,Proposed_CA_CNN_RNND,666,0.423774104565382,0.29367315024137497,0.13010093569755554,
0,260816,matched,MATCHED_RicianLOS,Proposed_CA_CNN_RNND,667,0.4198496527969837,0.2906348519027233,0.1292147859930992,
0,260816,matched,MATCHED_RicianLOS,Proposed_CA_CNN_RNND,668,0.37222688645124435,0.2551476061344147,0.11707927845418453,
0,260816,matched,MATCHED_RicianLOS,Proposed_CA_CNN_RNND,669,0.5043540075421333,0.36730579286813736,0.13704821467399597,
0,260816,matched,MATCHED_RicianLOS,Proposed_CA_CNN_RNND,670,0.4320995584130287,0.3093223311007023,0.12277723290026188,
0,260816,matched,MATCHED_RicianLOS,Proposed_CA_CNN_RNND,671,0.3581458181142807,0.23601944372057915,0.12212637439370155,
0,260816,matched,MATCHED_RicianLOS,Proposed_CA_CNN_RNND,672,0.3994884416460991,0.2743310425430536,0.12515739165246487,
0,260816,matched,MATCHED_RicianLOS,Proposed_CA_CNN_RNND,673,0.3599502816796303,0.24019688367843628,0.11975339613854885,
0,260816,matched,MATCHED_RicianLOS,Proposed_CA_CNN_RNND,674,0.37272828072309494,0.25487368553876877,0.11785459145903587,
0,260816,matched,MATCHED_RicianLOS,Proposed_CA_CNN_RNND,675,0.5703340917825699,0.4210609421133995,0.14927314594388008,
0,260816,matched,MATCHED_RicianLOS,Proposed_CA_CNN_RNND,676,0.3729143887758255,0.2499960921704769,0.12291829474270344,
0,260816,matched,MATCHED_RicianLOS,Proposed_CA_CNN_RNND,677,0.34293096512556076,0.22488507628440857,0.11804588697850704,
0,260816,matched,MATCHED_RicianLOS,Proposed_CA_CNN_RNND,678,0.40271130204200745,0.27905645594000816,0.12365484982728958,
0,260816,matched,MATCHED_RicianLOS,Proposed_CA_CNN_RNND,679,0.3556734025478363,0.23538608103990555,0.1202873270958662,
0,260816,matched,MATCHED_RicianLOS,Proposed_CA_CNN_RNND,680,0.4240989685058594,0.29544590786099434,0.12865306250751019,
0,260816,matched,MATCHED_RicianLOS,Proposed_CA_CNN_RNND,681,0.35122744366526604,0.23164314217865467,0.11958430334925652,
0,260816,matched,MATCHED_RicianLOS,Proposed_CA_CNN_RNND,682,0.47448278218507767,0.33756859600543976,0.1369141899049282,
0,260816,matched,MATCHED_RicianLOS,Proposed_CA_CNN_RNND,683,0.3376489505171776,0.22423220053315163,0.1134167481213808,
0,260816,matched,MATCHED_RicianLOS,Proposed_CA_CNN_RNND,684,0.5121176540851593,0.3733179420232773,0.13879971764981747,
0,260816,matched,MATCHED_RicianLOS,Proposed_CA_CNN_RNND,685,0.4434835612773895,0.31277809105813503,0.13070547208189964,
0,260816,matched,MATCHED_RicianLOS,Proposed_CA_CNN_RNND,686,0.40945442020893097,0.28255318105220795,0.12690123915672302,
0,260816,matched,MATCHED_RicianLOS,Proposed_CA_CNN_RNND,687,0.3949347212910652,0.2713867947459221,0.12354792281985283,
0,260816,matched,MATCHED_RicianLOS,Proposed_CA_CNN_RNND,688,0.4097817502915859,0.28594817221164703,0.12383357807993889,
0,260816,matched,MATCHED_RicianLOS,Proposed_CA_CNN_RNND,689,0.6276521384716034,0.46725089848041534,0.16040123999118805,
0,260816,matched,MATCHED_RicianLOS,Proposed_CA_CNN_RNND,690,0.47283386439085007,0.3436852879822254,0.12914858385920525,
0,260816,matched,MATCHED_RicianLOS,Proposed_CA_CNN_RNND,691,0.4000049903988838,0.2803947329521179,0.11961027048528194,
0,260816,matched,MATCHED_RicianLOS,Proposed_CA_CNN_RNND,692,0.49987052381038666,0.362037718296051,0.13783278688788414,
0,260816,matched,MATCHED_RicianLOS,Proposed_CA_CNN_RNND,693,0.578992135822773,0.4284650385379791,0.15052708983421326,
0,260816,matched,MATCHED_RicianLOS,Proposed_CA_CNN_RNND,694,0.43879472464323044,0.30885160341858864,0.1299431174993515,
0,260816,matched,MATCHED_RicianLOS,Proposed_CA_CNN_RNND,695,0.34998752176761627,0.23733549937605858,0.11265202611684799,
0,260816,matched,MATCHED_RicianLOS,Proposed_CA_CNN_RNND,696,0.516291007399559,0.376626655459404,0.13966436684131622,
0,260816,matched,MATCHED_RicianLOS,Proposed_CA_CNN_RNND,697,0.4991613030433655,0.36317721754312515,0.13598409108817577,
0,260816,matched,MATCHED_RicianLOS,Proposed_CA_CNN_RNND,698,0.391538817435503,0.2675389423966408,0.12399986386299133,
0,260816,matched,MATCHED_RicianLOS,Proposed_CA_CNN_RNND,699,0.3620041757822037,0.2479560822248459,0.11404809169471264,
0,260816,matched,MATCHED_RicianLOS,Proposed_CA_CNN_RNND,700,0.493252769112587,0.3582080714404583,0.13504471443593502,
0,260816,matched,MATCHED_RicianLOS,Proposed_CA_CNN_RNND,701,0.40208928287029266,0.28224384412169456,0.1198454387485981,
0,260816,matched,MATCHED_RicianLOS,Proposed_CA_CNN_RNND,702,0.4964248538017273,0.3559422716498375,0.14048257656395435,
0,260816,matched,MATCHED_RicianLOS,Proposed_CA_CNN_RNND,703,0.4188811182975769,0.29628198593854904,0.12259912863373756,
0,260816,matched,MATCHED_RicianLOS,Proposed_CA_CNN_RNND,704,0.40513791143894196,0.28491513058543205,0.12022278644144535,
0,260816,matched,MATCHED_RicianLOS,Proposed_CA_CNN_RNND,705,0.34554073959589005,0.2276935614645481,0.11784718558192253,
0,260816,matched,MATCHED_RicianLOS,Proposed_CA_CNN_RNND,706,0.36612240225076675,0.2509729936718941,0.11514940671622753,
0,260816,matched,MATCHED_RicianLOS,Proposed_CA_CNN_RNND,707,0.3818462938070297,0.26163243502378464,0.12021385878324509,
0,260816,matched,MATCHED_RicianLOS,Proposed_CA_CNN_RNND,708,0.36871545761823654,0.2539972625672817,0.11471819505095482,
0,260816,matched,MATCHED_RicianLOS,Proposed_CA_CNN_RNND,709,0.4693008288741112,0.33239154890179634,0.1369092706590891,
0,260816,matched,MATCHED_RicianLOS,Proposed_CA_CNN_RNND,710,0.34548576921224594,0.22977127134799957,0.11571450345218182,
0,260816,matched,MATCHED_RicianLOS,Proposed_CA_CNN_RNND,711,0.552239179611206,0.406044103205204,0.14619508013129234,
0,260816,matched,MATCHED_RicianLOS,Proposed_CA_CNN_RNND,712,0.40795327350497246,0.2788108419626951,0.12914243526756763,
0,260816,matched,MATCHED_RicianLOS,Proposed_CA_CNN_RNND,713,0.43595460057258606,0.3103296719491482,0.12562493421137333,
0,260816,matched,MATCHED_RicianLOS,Proposed_CA_CNN_RNND,714,0.37749625742435455,0.25878407806158066,0.11871218495070934,
0,260816,matched,MATCHED_RicianLOS,Proposed_CA_CNN_RNND,715,0.5203476548194885,0.38012076169252396,0.14022689312696457,
0,260816,matched,MATCHED_RicianLOS,Proposed_CA_CNN_RNND,716,0.3014838844537735,0.19074973836541176,0.11073414608836174,
0,260816,matched,MATCHED_RicianLOS,Proposed_CA_CNN_RNND,717,0.34715451672673225,0.23229843378067017,0.11485607922077179,
0,260816,matched,MATCHED_RicianLOS,Proposed_CA_CNN_RNND,718,0.4565742090344429,0.32723473757505417,0.12933947332203388,
0,260816,matched,MATCHED_RicianLOS,Proposed_CA_CNN_RNND,719,0.47761422395706177,0.3418288677930832,0.13578535616397858,
0,260816,matched,MATCHED_RicianLOS,Proposed_CA_CNN_RNND,720,0.36784304678440094,0.250935647636652,0.11690739542245865,
0,260816,matched,MATCHED_RicianLOS,Proposed_CA_CNN_RNND,721,0.27052873745560646,0.1694127582013607,0.10111597739160061,
0,260816,matched,MATCHED_RicianLOS,Proposed_CA_CNN_RNND,722,0.4618920534849167,0.33417895063757896,0.12771311029791832,
0,260816,matched,MATCHED_RicianLOS,Proposed_CA_CNN_RNND,723,0.3109946623444557,0.19856924191117287,0.11242541670799255,
0,260816,matched,MATCHED_RicianLOS,Proposed_CA_CNN_RNND,724,0.3228265568614006,0.20855136215686798,0.11427519284188747,
0,260816,matched,MATCHED_RicianLOS,Proposed_CA_CNN_RNND,725,0.49230798333883286,0.35784608125686646,0.13446190766990185,
0,260816,matched,MATCHED_RicianLOS,Proposed_CA_CNN_RNND,726,0.39922184497117996,0.278355922549963,0.12086592428386211,
0,260816,matched,MATCHED_RicianLOS,Proposed_CA_CNN_RNND,727,0.48727141693234444,0.35302089899778366,0.13425051048398018,
0,260816,matched,MATCHED_RicianLOS,Proposed_CA_CNN_RNND,728,0.5561520829796791,0.4046524912118912,0.15149958431720734,
0,260816,matched,MATCHED_RicianLOS,Proposed_CA_CNN_RNND,729,0.4324757978320122,0.3006158024072647,0.13185999915003777,
0,260816,matched,MATCHED_RicianLOS,Proposed_CA_CNN_RNND,730,0.35615022480487823,0.24049914255738258,0.11565108597278595,
0,260816,matched,MATCHED_RicianLOS,Proposed_CA_CNN_RNND,731,0.409049928188324,0.28565753623843193,0.1233923863619566,
0,260816,matched,MATCHED_RicianLOS,Proposed_CA_CNN_RNND,732,0.4015571065247059,0.2785022556781769,0.12305485084652901,
0,260816,matched,MATCHED_RicianLOS,Proposed_CA_CNN_RNND,733,0.5236435607075691,0.37935787811875343,0.14428567700088024,
0,260816,matched,MATCHED_RicianLOS,Proposed_CA_CNN_RNND,734,0.40227870643138885,0.278360515832901,0.12391817942261696,
0,260816,matched,MATCHED_RicianLOS,Proposed_CA_CNN_RNND,735,0.4155237227678299,0.2877819612622261,0.1277417577803135,
0,260816,matched,MATCHED_RicianLOS,Proposed_CA_CNN_RNND,736,0.44758838415145874,0.3230921998620033,0.12449619360268116,
0,260816,matched,MATCHED_RicianLOS,Proposed_CA_CNN_RNND,737,0.42867031693458557,0.3021043986082077,0.12656590715050697,
0,260816,matched,MATCHED_RicianLOS,Proposed_CA_CNN_RNND,738,0.4949289709329605,0.3606324940919876,0.13429648242890835,
0,260816,matched,MATCHED_RicianLOS,Proposed_CA_CNN_RNND,739,0.40805402398109436,0.2794574052095413,0.1285966094583273,
0,260816,matched,MATCHED_RicianLOS,Proposed_CA_CNN_RNND,740,0.47680647671222687,0.3417884223163128,0.13501804694533348,
0,260816,matched,MATCHED_RicianLOS,Proposed_CA_CNN_RNND,741,0.36506370455026627,0.24755844473838806,0.11750526912510395,
0,260816,matched,MATCHED_RicianLOS,Proposed_CA_CNN_RNND,742,0.44106224924325943,0.3143306262791157,0.1267316173762083,
0,260816,matched,MATCHED_RicianLOS,Proposed_CA_CNN_RNND,743,0.38595735281705856,0.2650585100054741,0.12089883536100388,
0,260816,matched,MATCHED_RicianLOS,Proposed_CA_CNN_RNND,744,0.41269826143980026,0.29004962742328644,0.12264863215386868,
0,260816,matched,MATCHED_RicianLOS,Proposed_CA_CNN_RNND,745,0.3619643822312355,0.24334393814206123,0.11862043850123882,
0,260816,matched,MATCHED_RicianLOS,Proposed_CA_CNN_RNND,746,0.39454106241464615,0.27532507106661797,0.11921598017215729,
0,260816,matched,MATCHED_RicianLOS,Proposed_CA_CNN_RNND,747,0.4830702394247055,0.35336392372846603,0.12970631197094917,
0,260816,matched,MATCHED_RicianLOS,Proposed_CA_CNN_RNND,748,0.31132157519459724,0.20125462859869003,0.11006695218384266,
0,260816,matched,MATCHED_RicianLOS,Proposed_CA_CNN_RNND,749,0.45243509858846664,0.3215816169977188,0.13085348717868328,
0,260816,matched,MATCHED_RicianLOS,Proposed_CA_CNN_RNND,750,0.4977506995201111,0.35939037054777145,0.13836033642292023,
0,260816,matched,MATCHED_RicianLOS,Proposed_CA_CNN_RNND,751,0.44365526735782623,0.31893162429332733,0.1247236356139183,
0,260816,matched,MATCHED_RicianLOS,Proposed_CA_CNN_RNND,752,0.3397924453020096,0.2250504307448864,0.11474201641976833,
0,260816,matched,MATCHED_RicianLOS,Proposed_CA_CNN_RNND,753,0.43423883616924286,0.3066921569406986,0.12754668667912483,
0,260816,matched,MATCHED_RicianLOS,Proposed_CA_CNN_RNND,754,0.5021512880921364,0.3674157112836838,0.1347355879843235,
0,260816,matched,MATCHED_RicianLOS,Proposed_CA_CNN_RNND,755,0.39722560346126556,0.2748953141272068,0.12233029678463936,
0,260816,matched,MATCHED_RicianLOS,Proposed_CA_CNN_RNND,756,0.5259711518883705,0.3887680470943451,0.13720310293138027,
0,260816,matched,MATCHED_RicianLOS,Proposed_CA_CNN_RNND,757,0.3572511300444603,0.24116947874426842,0.11608165688812733,
0,260816,matched,MATCHED_RicianLOS,Proposed_CA_CNN_RNND,758,0.40612179785966873,0.2864070348441601,0.1197147723287344,
0,260816,matched,MATCHED_RicianLOS,Proposed_CA_CNN_RNND,759,0.4826316386461258,0.3508608639240265,0.1317707747220993,
0,260816,matched,MATCHED_RicianLOS,Proposed_CA_CNN_RNND,760,0.421920008957386,0.30215832591056824,0.11976167745888233,
0,260816,matched,MATCHED_RicianLOS,Proposed_CA_CNN_RNND,761,0.4269775003194809,0.29841386526823044,0.12856364250183105,
0,260816,matched,MATCHED_RicianLOS,Proposed_CA_CNN_RNND,762,0.35479018837213516,0.2400893270969391,0.11470086127519608,
0,260816,matched,MATCHED_RicianLOS,Proposed_CA_CNN_RNND,763,0.4784247726202011,0.34157027676701546,0.1368545014411211,
0,260816,matched,MATCHED_RicianLOS,Proposed_CA_CNN_RNND,764,0.44947174191474915,0.32534315437078476,0.12412858195602894,
0,260816,matched,MATCHED_RicianLOS,Proposed_CA_CNN_RNND,765,0.30213750898838043,0.1956920363008976,0.10644547641277313,
0,260816,matched,MATCHED_RicianLOS,Proposed_CA_CNN_RNND,766,0.40999484434723854,0.28638967126607895,0.12360518239438534,
0,260816,matched,MATCHED_RicianLOS,Proposed_CA_CNN_RNND,767,0.4874577522277832,0.35378754138946533,0.13367021828889847,
0,260816,matched,MATCHED_RicianLOS,Proposed_CA_CNN_RNND,768,0.383838951587677,0.271707396954298,0.11213155090808868,
0,260816,matched,MATCHED_RicianLOS,Proposed_CA_CNN_RNND,769,0.49974262714385986,0.3571380749344826,0.14260456524789333,
0,260816,matched,MATCHED_RicianLOS,Proposed_CA_CNN_RNND,770,0.40102677792310715,0.27901901863515377,0.12200776860117912,
0,260816,matched,MATCHED_RicianLOS,Proposed_CA_CNN_RNND,771,0.39955154061317444,0.27924203872680664,0.12030950374901295,
0,260816,matched,MATCHED_RicianLOS,Proposed_CA_CNN_RNND,772,0.3707359805703163,0.25490470230579376,0.1158312801271677,
0,260816,matched,MATCHED_RicianLOS,Proposed_CA_CNN_RNND,773,0.4889284819364548,0.3539089784026146,0.13501950167119503,
0,260816,matched,MATCHED_RicianLOS,Proposed_CA_CNN_RNND,774,0.3837714269757271,0.2611871622502804,0.1225842610001564,
0,260816,matched,MATCHED_RicianLOS,Proposed_CA_CNN_RNND,775,0.41400007903575897,0.2902338467538357,0.12376623600721359,
0,260816,matched,MATCHED_RicianLOS,Proposed_CA_CNN_RNND,776,0.3362336754798889,0.22606610879302025,0.11016757227480412,
0,260816,matched,MATCHED_RicianLOS,Proposed_CA_CNN_RNND,777,0.3675682879984379,0.24683785066008568,0.1207304410636425,
0,260816,matched,MATCHED_RicianLOS,Proposed_CA_CNN_RNND,778,0.473056361079216,0.3415256217122078,0.13153074495494366,
0,260816,matched,MATCHED_RicianLOS,Proposed_CA_CNN_RNND,779,0.47020740807056427,0.33326858282089233,0.13693882152438164,
0,260816,matched,MATCHED_RicianLOS,Proposed_CA_CNN_RNND,780,0.3558106869459152,0.24352245032787323,0.11228824034333229,
0,260816,matched,MATCHED_RicianLOS,Proposed_CA_CNN_RNND,781,0.4804869666695595,0.3435564525425434,0.13693050853908062,
0,260816,matched,MATCHED_RicianLOS,Proposed_CA_CNN_RNND,782,0.41784869134426117,0.28761810064315796,0.13023059256374836,
0,260816,matched,MATCHED_RicianLOS,Proposed_CA_CNN_RNND,783,0.39638105034828186,0.27435512095689774,0.12202591821551323,
0,260816,matched,MATCHED_RicianLOS,Proposed_CA_CNN_RNND,784,0.4539002701640129,0.32190199196338654,0.13199827447533607,
0,260816,matched,MATCHED_RicianLOS,Proposed_CA_CNN_RNND,785,0.38205182552337646,0.2560846135020256,0.12596721202135086,
0,260816,matched,MATCHED_RicianLOS,Proposed_CA_CNN_RNND,786,0.41601648181676865,0.2911207601428032,0.12489572539925575,
0,260816,matched,MATCHED_RicianLOS,Proposed_CA_CNN_RNND,787,0.402889184653759,0.2840026766061783,0.11888650059700012,
0,260816,matched,MATCHED_RicianLOS,Proposed_CA_CNN_RNND,788,0.3589848726987839,0.24698690697550774,0.11199797689914703,
0,260816,matched,MATCHED_RicianLOS,Proposed_CA_CNN_RNND,789,0.5021947696805,0.36427663639187813,0.1379181332886219,
0,260816,matched,MATCHED_RicianLOS,Proposed_CA_CNN_RNND,790,0.39015861600637436,0.26521046832203865,0.12494813837110996,
0,260816,matched,MATCHED_RicianLOS,Proposed_CA_CNN_RNND,791,0.32807838171720505,0.21441292017698288,0.11366545408964157,
0,260816,matched,MATCHED_RicianLOS,Proposed_CA_CNN_RNND,792,0.35274917259812355,0.23854059353470802,0.11420857720077038,
0,260816,matched,MATCHED_RicianLOS,Proposed_CA_CNN_RNND,793,0.4485553801059723,0.319353349506855,0.12920203059911728,
0,260816,matched,MATCHED_RicianLOS,Proposed_CA_CNN_RNND,794,0.3498135507106781,0.23234050907194614,0.11747304908931255,
0,260816,matched,MATCHED_RicianLOS,Proposed_CA_CNN_RNND,795,0.3860204666852951,0.2612791545689106,0.12474131025373936,
0,260816,matched,MATCHED_RicianLOS,Proposed_CA_CNN_RNND,796,0.4755428805947304,0.3443854823708534,0.13115739822387695,
0,260816,matched,MATCHED_RicianLOS,Proposed_CA_CNN_RNND,797,0.34856483340263367,0.23571106791496277,0.11285376362502575,
0,260816,matched,MATCHED_RicianLOS,Proposed_CA_CNN_RNND,798,0.497873030602932,0.3605782091617584,0.13729482144117355,
0,260816,matched,MATCHED_RicianLOS,Proposed_CA_CNN_RNND,799,0.4434693157672882,0.3210277408361435,0.12244156561791897,
0,260816,matched,MATCHED_RicianLOS,Proposed_CA_CNN_RNND,800,0.3973456844687462,0.26991981267929077,0.12742586620151997,-0.6618918152126672
0,260816,matched,MATCHED_RicianLOS,Proposed_CA_CNN_RNND,801,0.3303045853972435,0.21681974828243256,0.11348484084010124,
0,260816,matched,MATCHED_RicianLOS,Proposed_CA_CNN_RNND,802,0.43436357751488686,0.30478115379810333,0.12958241812884808,
0,260816,matched,MATCHED_RicianLOS,Proposed_CA_CNN_RNND,803,0.3679138869047165,0.2506174147129059,0.1172964796423912,
0,260816,matched,MATCHED_RicianLOS,Proposed_CA_CNN_RNND,804,0.38067223131656647,0.26397643238306046,0.11669579893350601,
0,260816,matched,MATCHED_RicianLOS,Proposed_CA_CNN_RNND,805,0.39649155735969543,0.27080032229423523,0.125691220164299,
0,260816,matched,MATCHED_RicianLOS,Proposed_CA_CNN_RNND,806,0.34673283249139786,0.22638512402772903,0.12034771218895912,
0,260816,matched,MATCHED_RicianLOS,Proposed_CA_CNN_RNND,807,0.29516541957855225,0.19116567447781563,0.10399974510073662,
0,260816,matched,MATCHED_RicianLOS,Proposed_CA_CNN_RNND,808,0.5506694093346596,0.40529799461364746,0.14537141099572182,
0,260816,matched,MATCHED_RicianLOS,Proposed_CA_CNN_RNND,809,0.365606639534235,0.25063978508114815,0.114966856315732,
0,260816,matched,MATCHED_RicianLOS,Proposed_CA_CNN_RNND,810,0.4191902354359627,0.28921572864055634,0.12997451052069664,
0,260816,matched,MATCHED_RicianLOS,Proposed_CA_CNN_RNND,811,0.4546668827533722,0.3214171528816223,0.13324973359704018,
0,260816,matched,MATCHED_RicianLOS,Proposed_CA_CNN_RNND,812,0.3292559012770653,0.21418626978993416,0.11506963148713112,
0,260816,matched,MATCHED_RicianLOS,Proposed_CA_CNN_RNND,813,0.45020386576652527,0.3237016946077347,0.12650218233466148,
0,260816,matched,MATCHED_RicianLOS,Proposed_CA_CNN_RNND,814,0.42537132650613785,0.2958584502339363,0.12951287254691124,
0,260816,matched,MATCHED_RicianLOS,Proposed_CA_CNN_RNND,815,0.4378640204668045,0.30703015998005867,0.13083386048674583,
0,260816,matched,MATCHED_RicianLOS,Proposed_CA_CNN_RNND,816,0.5088549554347992,0.37503325194120407,0.13382172025740147,
0,260816,matched,MATCHED_RicianLOS,Proposed_CA_CNN_RNND,817,0.4379767030477524,0.3122696802020073,0.1257070116698742,
0,260816,matched,MATCHED_RicianLOS,Proposed_CA_CNN_RNND,818,0.3855304569005966,0.26873379573225975,0.11679665930569172,
0,260816,matched,MATCHED_RicianLOS,Proposed_CA_CNN_RNND,819,0.4696161076426506,0.33670810610055923,0.13290801085531712,
0,260816,matched,MATCHED_RicianLOS,Proposed_CA_CNN_RNND,820,0.5141981095075607,0.37343405187129974,0.14076406694948673,
0,260816,matched,MATCHED_RicianLOS,Proposed_CA_CNN_RNND,821,0.3245930075645447,0.21214019134640694,0.11245281994342804,
0,260816,matched,MATCHED_RicianLOS,Proposed_CA_CNN_RNND,822,0.4561068117618561,0.3235636427998543,0.1325431764125824,
0,260816,matched,MATCHED_RicianLOS,Proposed_CA_CNN_RNND,823,0.42171818763017654,0.2931802775710821,0.12853790074586868,
0,260816,matched,MATCHED_RicianLOS,Proposed_CA_CNN_RNND,824,0.2725156806409359,0.1689605452120304,0.10355513729155064,
0,260816,matched,MATCHED_RicianLOS,Proposed_CA_CNN_RNND,825,0.4572700560092926,0.3296096920967102,0.1276603639125824,
0,260816,matched,MATCHED_RicianLOS,Proposed_CA_CNN_RNND,826,0.5024393796920776,0.3630988523364067,0.13934053853154182,
0,260816,matched,MATCHED_RicianLOS,Proposed_CA_CNN_RNND,827,0.43279628455638885,0.3096235916018486,0.12317268922924995,
0,260816,matched,MATCHED_RicianLOS,Proposed_CA_CNN_RNND,828,0.396515317261219,0.2711034193634987,0.12541189044713974,
0,260816,matched,MATCHED_RicianLOS,Proposed_CA_CNN_RNND,829,0.36756740882992744,0.24822081625461578,0.11934659630060196,
0,260816,matched,MATCHED_RicianLOS,Proposed_CA_CNN_RNND,830,0.41531214863061905,0.2951783686876297,0.12013377249240875,
0,260816,matched,MATCHED_RicianLOS,Proposed_CA_CNN_RNND,831,0.4808092266321182,0.34773721545934677,0.13307202607393265,
0,260816,matched,MATCHED_RicianLOS,Proposed_CA_CNN_RNND,832,0.48966817557811737,0.35531965643167496,0.1343485228717327,
0,260816,matched,MATCHED_RicianLOS,Proposed_CA_CNN_RNND,833,0.39976079389452934,0.27987906336784363,0.11988172866404057,
0,260816,matched,MATCHED_RicianLOS,Proposed_CA_CNN_RNND,834,0.4043417349457741,0.27728818356990814,0.12705353647470474,
0,260816,matched,MATCHED_RicianLOS,Proposed_CA_CNN_RNND,835,0.42514461651444435,0.29359347745776176,0.13155114278197289,
0,260816,matched,MATCHED_RicianLOS,Proposed_CA_CNN_RNND,836,0.4115685299038887,0.29559968411922455,0.115968843922019,
0,260816,matched,MATCHED_RicianLOS,Proposed_CA_CNN_RNND,837,0.3310867249965668,0.21657386422157288,0.1145128570497036,
0,260816,matched,MATCHED_RicianLOS,Proposed_CA_CNN_RNND,838,0.3380013145506382,0.2267741858959198,0.11122712679207325,
0,260816,matched,MATCHED_RicianLOS,Proposed_CA_CNN_RNND,839,0.3919229060411453,0.27338311448693275,0.11853978969156742,
0,260816,matched,MATCHED_RicianLOS,Proposed_CA_CNN_RNND,840,0.2905048541724682,0.184547271579504,0.10595758818089962,
0,260816,matched,MATCHED_RicianLOS,Proposed_CA_CNN_RNND,841,0.42489612102508545,0.3014640100300312,0.12343211844563484,
0,260816,matched,MATCHED_RicianLOS,Proposed_CA_CNN_RNND,842,0.26955873519182205,0.16161729767918587,0.10794144310057163,
0,260816,matched,MATCHED_RicianLOS,Proposed_CA_CNN_RNND,843,0.35881639271974564,0.24332396313548088,0.1154924277216196,
0,260816,matched,MATCHED_RicianLOS,Proposed_CA_CNN_RNND,844,0.3520408309996128,0.24351122602820396,0.10852960869669914,
0,260816,matched,MATCHED_RicianLOS,Proposed_CA_CNN_RNND,845,0.3670024797320366,0.25195080414414406,0.11505167372524738,
0,260816,matched,MATCHED_RicianLOS,Proposed_CA_CNN_RNND,846,0.43428806215524673,0.3036580290645361,0.13063004240393639,
0,260816,matched,MATCHED_RicianLOS,Proposed_CA_CNN_RNND,847,0.4444587975740433,0.31197404116392136,0.13248474895954132,
0,260816,matched,MATCHED_RicianLOS,Proposed_CA_CNN_RNND,848,0.341932687908411,0.23015255853533745,0.11178012378513813,
0,260816,matched,MATCHED_RicianLOS,Proposed_CA_CNN_RNND,849,0.3430080786347389,0.22937070950865746,0.11363736540079117,
0,260816,matched,MATCHED_RicianLOS,Proposed_CA_CNN_RNND,850,0.4191373437643051,0.29242877289652824,0.12670856341719627,
0,260816,matched,MATCHED_RicianLOS,Proposed_CA_CNN_RNND,851,0.29032760113477707,0.1851192880421877,0.10520831122994423,
0,260816,matched,MATCHED_RicianLOS,Proposed_CA_CNN_RNND,852,0.49435532838106155,0.3632194921374321,0.13113583624362946,
0,260816,matched,MATCHED_RicianLOS,Proposed_CA_CNN_RNND,853,0.3775392770767212,0.26067400723695755,0.11686527542769909,
0,260816,matched,MATCHED_RicianLOS,Proposed_CA_CNN_RNND,854,0.3267066329717636,0.2130591757595539,0.1136474572122097,
0,260816,matched,MATCHED_RicianLOS,Proposed_CA_CNN_RNND,855,0.3131256401538849,0.20353342592716217,0.10959221236407757,
0,260816,matched,MATCHED_RicianLOS,Proposed_CA_CNN_RNND,856,0.4101448059082031,0.28631456941366196,0.12383023463189602,
0,260816,matched,MATCHED_RicianLOS,Proposed_CA_CNN_RNND,857,0.3245079070329666,0.2144037000834942,0.11010421067476273,
0,260816,matched,MATCHED_RicianLOS,Proposed_CA_CNN_RNND,858,0.3486159220337868,0.23112952336668968,0.11748639307916164,
0,260816,matched,MATCHED_RicianLOS,Proposed_CA_CNN_RNND,859,0.44266920536756516,0.3111022487282753,0.13156694546341896,
0,260816,matched,MATCHED_RicianLOS,Proposed_CA_CNN_RNND,860,0.4482746198773384,0.32132531702518463,0.12694931402802467,
0,260816,matched,MATCHED_RicianLOS,Proposed_CA_CNN_RNND,861,0.4137013256549835,0.28814534842967987,0.1255559716373682,
0,260816,matched,MATCHED_RicianLOS,Proposed_CA_CNN_RNND,862,0.42795876413583755,0.3052375763654709,0.12272119149565697,
0,260816,matched,MATCHED_RicianLOS,Proposed_CA_CNN_RNND,863,0.5063505992293358,0.3698081225156784,0.13654248416423798,
0,260816,matched,MATCHED_RicianLOS,Proposed_CA_CNN_RNND,864,0.37113063782453537,0.25939643383026123,0.11173421889543533,
0,260816,matched,MATCHED_RicianLOS,Proposed_CA_CNN_RNND,865,0.4171041324734688,0.2839016690850258,0.13320246152579784,
0,260816,matched,MATCHED_RicianLOS,Proposed_CA_CNN_RNND,866,0.40138058364391327,0.2794855162501335,0.1218950692564249,
0,260816,matched,MATCHED_RicianLOS,Proposed_CA_CNN_RNND,867,0.4970058649778366,0.35196421295404434,0.14504165202379227,
0,260816,matched,MATCHED_RicianLOS,Proposed_CA_CNN_RNND,868,0.36029018461704254,0.24511298909783363,0.11517720110714436,
0,260816,matched,MATCHED_RicianLOS,Proposed_CA_CNN_RNND,869,0.4743032529950142,0.3382621333003044,0.13604113087058067,
0,260816,matched,MATCHED_RicianLOS,Proposed_CA_CNN_RNND,870,0.38550446555018425,0.2686339542269707,0.11687051132321358,
0,260816,matched,MATCHED_RicianLOS,Proposed_CA_CNN_RNND,871,0.3552621267735958,0.24103064090013504,0.11423148959875107,
0,260816,matched,MATCHED_RicianLOS,Proposed_CA_CNN_RNND,872,0.48786136507987976,0.35673630982637405,0.13112504966557026,
0,260816,matched,MATCHED_RicianLOS,Proposed_CA_CNN_RNND,873,0.35471413284540176,0.24100157618522644,0.11371254362165928,
0,260816,matched,MATCHED_RicianLOS,Proposed_CA_CNN_RNND,874,0.42727234587073326,0.29973335191607475,0.1275389902293682,
0,260816,matched,MATCHED_RicianLOS,Proposed_CA_CNN_RNND,875,0.5033813714981079,0.36587393283843994,0.13750743865966797,
0,260816,matched,MATCHED_RicianLOS,Proposed_CA_CNN_RNND,876,0.5485815852880478,0.3925106152892113,0.15607096254825592,
0,260816,matched,MATCHED_RicianLOS,Proposed_CA_CNN_RNND,877,0.474103681743145,0.338469997048378,0.1356336921453476,
0,260816,matched,MATCHED_RicianLOS,Proposed_CA_CNN_RNND,878,0.4829118698835373,0.3463572636246681,0.13655458763241768,
0,260816,matched,MATCHED_RicianLOS,Proposed_CA_CNN_RNND,879,0.40753326565027237,0.28394265472888947,0.1235906183719635,
0,260816,matched,MATCHED_RicianLOS,Proposed_CA_CNN_RNND,880,0.3948117345571518,0.2718040756881237,0.12300765328109264,
0,260816,matched,MATCHED_RicianLOS,Proposed_CA_CNN_RNND,881,0.38905683904886246,0.26824239641427994,0.12081444077193737,
0,260816,matched,MATCHED_RicianLOS,Proposed_CA_CNN_RNND,882,0.32231654971838,0.21579179912805557,0.10652474500238895,
0,260816,matched,MATCHED_RicianLOS,Proposed_CA_CNN_RNND,883,0.46543748676776886,0.3418498821556568,0.12358758971095085,
0,260816,matched,MATCHED_RicianLOS,Proposed_CA_CNN_RNND,884,0.4350789710879326,0.3121939152479172,0.12288505397737026,
0,260816,matched,MATCHED_RicianLOS,Proposed_CA_CNN_RNND,885,0.39871983975172043,0.2756695970892906,0.12305024266242981,
0,260816,matched,MATCHED_RicianLOS,Proposed_CA_CNN_RNND,886,0.3419448807835579,0.22511735931038857,0.11682752333581448,
0,260816,matched,MATCHED_RicianLOS,Proposed_CA_CNN_RNND,887,0.4692211300134659,0.3380587622523308,0.1311623640358448,
0,260816,matched,MATCHED_RicianLOS,Proposed_CA_CNN_RNND,888,0.3966667428612709,0.27493254840373993,0.12173418514430523,
0,260816,matched,MATCHED_RicianLOS,Proposed_CA_CNN_RNND,889,0.36661696434020996,0.2490898035466671,0.11752716079354286,
0,260816,matched,MATCHED_RicianLOS,Proposed_CA_CNN_RNND,890,0.43474777787923813,0.3050519898533821,0.12969578616321087,
0,260816,matched,MATCHED_RicianLOS,Proposed_CA_CNN_RNND,891,0.37818070873618126,0.25726107880473137,0.12091963551938534,
0,260816,matched,MATCHED_RicianLOS,Proposed_CA_CNN_RNND,892,0.5565997734665871,0.4109962396323681,0.14560353569686413,
0,260816,matched,MATCHED_RicianLOS,Proposed_CA_CNN_RNND,893,0.407209187746048,0.2826123535633087,0.12459682673215866,
0,260816,matched,MATCHED_RicianLOS,Proposed_CA_CNN_RNND,894,0.4947334751486778,0.3547311909496784,0.14000229351222515,
0,260816,matched,MATCHED_RicianLOS,Proposed_CA_CNN_RNND,895,0.39129672199487686,0.27537135034799576,0.11592537350952625,
0,260816,matched,MATCHED_RicianLOS,Proposed_CA_CNN_RNND,896,0.4337860979139805,0.30836664140224457,0.1254194676876068,
0,260816,matched,MATCHED_RicianLOS,Proposed_CA_CNN_RNND,897,0.38170602172613144,0.2605523616075516,0.12115366756916046,
0,260816,matched,MATCHED_RicianLOS,Proposed_CA_CNN_RNND,898,0.43561694025993347,0.3112606443464756,0.12435629032552242,
0,260816,matched,MATCHED_RicianLOS,Proposed_CA_CNN_RNND,899,0.36013321578502655,0.24879629164934158,0.11133693531155586,
0,260816,matched,MATCHED_RicianLOS,Proposed_CA_CNN_RNND,900,0.439908429980278,0.3151128888130188,0.12479553930461407,
0,260816,matched,MATCHED_RicianLOS,Proposed_CA_CNN_RNND,901,0.4478408768773079,0.3165895603597164,0.13125132583081722,
0,260816,matched,MATCHED_RicianLOS,Proposed_CA_CNN_RNND,902,0.3142132982611656,0.20727147907018661,0.1069418154656887,
0,260816,matched,MATCHED_RicianLOS,Proposed_CA_CNN_RNND,903,0.41298841685056686,0.2879770379513502,0.1250113770365715,
0,260816,matched,MATCHED_RicianLOS,Proposed_CA_CNN_RNND,904,0.3553595691919327,0.23841693624854088,0.1169426403939724,
0,260816,matched,MATCHED_RicianLOS,Proposed_CA_CNN_RNND,905,0.4666411727666855,0.33590107411146164,0.1307401116937399,
0,260816,matched,MATCHED_RicianLOS,Proposed_CA_CNN_RNND,906,0.4495644271373749,0.3221299909055233,0.12743443995714188,
0,260816,matched,MATCHED_RicianLOS,Proposed_CA_CNN_RNND,907,0.4516018107533455,0.3218979984521866,0.12970381788909435,
0,260816,matched,MATCHED_RicianLOS,Proposed_CA_CNN_RNND,908,0.34774088114500046,0.2360517531633377,0.11168913170695305,
0,260816,matched,MATCHED_RicianLOS,Proposed_CA_CNN_RNND,909,0.442336805164814,0.31228531897068024,0.13005147874355316,
0,260816,matched,MATCHED_RicianLOS,Proposed_CA_CNN_RNND,910,0.46225589513778687,0.33135412633419037,0.13090176321566105,
0,260816,matched,MATCHED_RicianLOS,Proposed_CA_CNN_RNND,911,0.46970681846141815,0.33718255162239075,0.13252427242696285,
0,260816,matched,MATCHED_RicianLOS,Proposed_CA_CNN_RNND,912,0.5086888335645199,0.3637193664908409,0.14496945962309837,
0,260816,matched,MATCHED_RicianLOS,Proposed_CA_CNN_RNND,913,0.4951452910900116,0.36334654316306114,0.13179874420166016,
0,260816,matched,MATCHED_RicianLOS,Proposed_CA_CNN_RNND,914,0.3693580627441406,0.2484973445534706,0.12086071632802486,
0,260816,matched,MATCHED_RicianLOS,Proposed_CA_CNN_RNND,915,0.3460841476917267,0.2343758661299944,0.11170828156173229,
0,260816,matched,MATCHED_RicianLOS,Proposed_CA_CNN_RNND,916,0.30124980956315994,0.19638977944850922,0.10486002825200558,
0,260816,matched,MATCHED_RicianLOS,Proposed_CA_CNN_RNND,917,0.4597957506775856,0.3269375190138817,0.13285822793841362,
0,260816,matched,MATCHED_RicianLOS,Proposed_CA_CNN_RNND,918,0.38992057740688324,0.2709103934466839,0.1190101895481348,
0,260816,matched,MATCHED_RicianLOS,Proposed_CA_CNN_RNND,919,0.3929501622915268,0.26971737667918205,0.12323278188705444,
0,260816,matched,MATCHED_RicianLOS,Proposed_CA_CNN_RNND,920,0.4114419221878052,0.29057031124830246,0.12087160907685757,
0,260816,matched,MATCHED_RicianLOS,Proposed_CA_CNN_RNND,921,0.38673270866274834,0.2701295390725136,0.11660317331552505,
0,260816,matched,MATCHED_RicianLOS,Proposed_CA_CNN_RNND,922,0.35643116384744644,0.23770650289952755,0.11872465535998344,
0,260816,matched,MATCHED_RicianLOS,Proposed_CA_CNN_RNND,923,0.4882560968399048,0.3537073992192745,0.1345486994832754,
0,260816,matched,MATCHED_RicianLOS,Proposed_CA_CNN_RNND,924,0.3791304901242256,0.26254594698548317,0.1165845412760973,
0,260816,matched,MATCHED_RicianLOS,Proposed_CA_CNN_RNND,925,0.3779732808470726,0.2621617838740349,0.11581149697303772,
0,260816,matched,MATCHED_RicianLOS,Proposed_CA_CNN_RNND,926,0.3464418537914753,0.23707439005374908,0.10936746187508106,
0,260816,matched,MATCHED_RicianLOS,Proposed_CA_CNN_RNND,927,0.3676842972636223,0.2534703128039837,0.1142139844596386,
0,260816,matched,MATCHED_RicianLOS,Proposed_CA_CNN_RNND,928,0.42193925380706787,0.2968020550906658,0.1251371931284666,
0,260816,matched,MATCHED_RicianLOS,Proposed_CA_CNN_RNND,929,0.40276917070150375,0.28228704258799553,0.12048212625086308,
0,260816,matched,MATCHED_RicianLOS,Proposed_CA_CNN_RNND,930,0.41446705162525177,0.29202519729733467,0.12244185246527195,
0,260816,matched,MATCHED_RicianLOS,Proposed_CA_CNN_RNND,931,0.47948258370161057,0.34809108078479767,0.1313915140926838,
0,260816,matched,MATCHED_RicianLOS,Proposed_CA_CNN_RNND,932,0.2914061024785042,0.19013813510537148,0.10126796551048756,
0,260816,matched,MATCHED_RicianLOS,Proposed_CA_CNN_RNND,933,0.44675499200820923,0.32280760630965233,0.1239473856985569,
0,260816,matched,MATCHED_RicianLOS,Proposed_CA_CNN_RNND,934,0.46236684918403625,0.3302433118224144,0.13212353736162186,
0,260816,matched,MATCHED_RicianLOS,Proposed_CA_CNN_RNND,935,0.3972022160887718,0.2870032414793968,0.11019896157085896,
0,260816,matched,MATCHED_RicianLOS,Proposed_CA_CNN_RNND,936,0.3773995041847229,0.2618240788578987,0.11557542160153389,
0,260816,matched,MATCHED_RicianLOS,Proposed_CA_CNN_RNND,937,0.31456292048096657,0.21115266345441341,0.1034102588891983,
0,260816,matched,MATCHED_RicianLOS,Proposed_CA_CNN_RNND,938,0.3904786705970764,0.2701870948076248,0.1202915869653225,
0,260816,matched,MATCHED_RicianLOS,Proposed_CA_CNN_RNND,939,0.4198799207806587,0.2971537783741951,0.12272614985704422,
0,260816,matched,MATCHED_RicianLOS,Proposed_CA_CNN_RNND,940,0.45908059924840927,0.3318653181195259,0.12721527740359306,
0,260816,matched,MATCHED_RicianLOS,Proposed_CA_CNN_RNND,941,0.4841976910829544,0.355463158339262,0.1287345252931118,
0,260816,matched,MATCHED_RicianLOS,Proposed_CA_CNN_RNND,942,0.4453953169286251,0.3176857419312,0.12770957127213478,
0,260816,matched,MATCHED_RicianLOS,Proposed_CA_CNN_RNND,943,0.3871832974255085,0.2641568798571825,0.123026417568326,
0,260816,matched,MATCHED_RicianLOS,Proposed_CA_CNN_RNND,944,0.38955672830343246,0.27368953078985214,0.11586720310151577,
0,260816,matched,MATCHED_RicianLOS,Proposed_CA_CNN_RNND,945,0.4513537734746933,0.32384103164076805,0.12751273065805435,
0,260816,matched,MATCHED_RicianLOS,Proposed_CA_CNN_RNND,946,0.46759629249572754,0.33795372024178505,0.12964258156716824,
0,260816,matched,MATCHED_RicianLOS,Proposed_CA_CNN_RNND,947,0.33476291596889496,0.22862299904227257,0.10613991878926754,
0,260816,matched,MATCHED_RicianLOS,Proposed_CA_CNN_RNND,948,0.2903852015733719,0.18503566086292267,0.10534953698515892,
0,260816,matched,MATCHED_RicianLOS,Proposed_CA_CNN_RNND,949,0.471972718834877,0.3367144763469696,0.135258249938488,
0,260816,matched,MATCHED_RicianLOS,Proposed_CA_CNN_RNND,950,0.33385270088911057,0.22676054760813713,0.10709215700626373,
0,260816,matched,MATCHED_RicianLOS,Proposed_CA_CNN_RNND,951,0.44227640330791473,0.3134690746665001,0.12880733609199524,
0,260816,matched,MATCHED_RicianLOS,Proposed_CA_CNN_RNND,952,0.35304833203554153,0.2358638383448124,0.11718450300395489,
0,260816,matched,MATCHED_RicianLOS,Proposed_CA_CNN_RNND,953,0.49051642417907715,0.3565443567931652,0.13397207856178284,
0,260816,matched,MATCHED_RicianLOS,Proposed_CA_CNN_RNND,954,0.3085538223385811,0.19990140572190285,0.10865242034196854,
0,260816,matched,MATCHED_RicianLOS,Proposed_CA_CNN_RNND,955,0.49452126771211624,0.3575728237628937,0.13694843649864197,
0,260816,matched,MATCHED_RicianLOS,Proposed_CA_CNN_RNND,956,0.4463171511888504,0.3202787786722183,0.12603837251663208,
0,260816,matched,MATCHED_RicianLOS,Proposed_CA_CNN_RNND,957,0.3829724080860615,0.2568335644900799,0.1261388435959816,
0,260816,matched,MATCHED_RicianLOS,Proposed_CA_CNN_RNND,958,0.3542342036962509,0.24130753427743912,0.1129266694188118,
0,260816,matched,MATCHED_RicianLOS,Proposed_CA_CNN_RNND,959,0.4581584483385086,0.3306804411113262,0.12747800908982754,
0,260816,matched,MATCHED_RicianLOS,Proposed_CA_CNN_RNND,960,0.3627345710992813,0.25044573843479156,0.1122888308018446,
0,260816,matched,MATCHED_RicianLOS,Proposed_CA_CNN_RNND,961,0.3195369988679886,0.21392617747187614,0.10561082884669304,
0,260816,matched,MATCHED_RicianLOS,Proposed_CA_CNN_RNND,962,0.45343104004859924,0.32598385587334633,0.12744718417525291,
0,260816,matched,MATCHED_RicianLOS,Proposed_CA_CNN_RNND,963,0.4436289966106415,0.3175229877233505,0.12610600143671036,
0,260816,matched,MATCHED_RicianLOS,Proposed_CA_CNN_RNND,964,0.28995227068662643,0.18740196526050568,0.10255030356347561,
0,260816,matched,MATCHED_RicianLOS,Proposed_CA_CNN_RNND,965,0.3276986591517925,0.22025540471076965,0.10744324699044228,
0,260816,matched,MATCHED_RicianLOS,Proposed_CA_CNN_RNND,966,0.2553246393799782,0.16125431656837463,0.09407032281160355,
0,260816,matched,MATCHED_RicianLOS,Proposed_CA_CNN_RNND,967,0.3732898011803627,0.25139594450592995,0.1218938585370779,
0,260816,matched,MATCHED_RicianLOS,Proposed_CA_CNN_RNND,968,0.3604995533823967,0.25171734765172005,0.10878221690654755,
0,260816,matched,MATCHED_RicianLOS,Proposed_CA_CNN_RNND,969,0.4244381785392761,0.30391189828515053,0.1205262802541256,
0,260816,matched,MATCHED_RicianLOS,Proposed_CA_CNN_RNND,970,0.5347673445940018,0.39336153864860535,0.14140579476952553,
0,260816,matched,MATCHED_RicianLOS,Proposed_CA_CNN_RNND,971,0.512886293232441,0.37377069890499115,0.13911560364067554,
0,260816,matched,MATCHED_RicianLOS,Proposed_CA_CNN_RNND,972,0.35717371106147766,0.24815129861235619,0.10902240872383118,
0,260816,matched,MATCHED_RicianLOS,Proposed_CA_CNN_RNND,973,0.28357914462685585,0.1824171543121338,0.10116199590265751,
0,260816,matched,MATCHED_RicianLOS,Proposed_CA_CNN_RNND,974,0.42765451967716217,0.3058615028858185,0.12179302051663399,
0,260816,matched,MATCHED_RicianLOS,Proposed_CA_CNN_RNND,975,0.5223486348986626,0.389315128326416,0.1330334935337305,
0,260816,matched,MATCHED_RicianLOS,Proposed_CA_CNN_RNND,976,0.3833184950053692,0.26660215482115746,0.11671633459627628,
0,260816,matched,MATCHED_RicianLOS,Proposed_CA_CNN_RNND,977,0.2966585159301758,0.19491131603717804,0.10174720175564289,
0,260816,matched,MATCHED_RicianLOS,Proposed_CA_CNN_RNND,978,0.43225397914648056,0.312279611825943,0.11997436732053757,
0,260816,matched,MATCHED_RicianLOS,Proposed_CA_CNN_RNND,979,0.39485451206564903,0.2772447243332863,0.11760979518294334,
0,260816,matched,MATCHED_RicianLOS,Proposed_CA_CNN_RNND,980,0.38366318494081497,0.27397092059254646,0.10969226807355881,
0,260816,matched,MATCHED_RicianLOS,Proposed_CA_CNN_RNND,981,0.3805009201169014,0.26315635815262794,0.1173445638269186,
0,260816,matched,MATCHED_RicianLOS,Proposed_CA_CNN_RNND,982,0.45728956162929535,0.3294816389679909,0.12780792266130447,
0,260816,matched,MATCHED_RicianLOS,Proposed_CA_CNN_RNND,983,0.4620601609349251,0.33451374992728233,0.12754640355706215,
0,260816,matched,MATCHED_RicianLOS,Proposed_CA_CNN_RNND,984,0.3671261854469776,0.2542758956551552,0.11285028979182243,
0,260816,matched,MATCHED_RicianLOS,Proposed_CA_CNN_RNND,985,0.442841749638319,0.31849973648786545,0.12434201315045357,
0,260816,matched,MATCHED_RicianLOS,Proposed_CA_CNN_RNND,986,0.5599654912948608,0.41596323996782303,0.14400224387645721,
0,260816,matched,MATCHED_RicianLOS,Proposed_CA_CNN_RNND,987,0.27838849648833275,0.1792129911482334,0.09917550534009933,
0,260816,matched,MATCHED_RicianLOS,Proposed_CA_CNN_RNND,988,0.23183684423565865,0.13771605119109154,0.09412079118192196,
0,260816,matched,MATCHED_RicianLOS,Proposed_CA_CNN_RNND,989,0.36203355342149734,0.24537870287895203,0.11665485799312592,
0,260816,matched,MATCHED_RicianLOS,Proposed_CA_CNN_RNND,990,0.44139867275953293,0.3147546835243702,0.12664398923516273,
0,260816,matched,MATCHED_RicianLOS,Proposed_CA_CNN_RNND,991,0.34566181898117065,0.23434443771839142,0.11131738498806953,
0,260816,matched,MATCHED_RicianLOS,Proposed_CA_CNN_RNND,992,0.40131060779094696,0.2856721840798855,0.11563842557370663,
0,260816,matched,MATCHED_RicianLOS,Proposed_CA_CNN_RNND,993,0.4234376661479473,0.3020934611558914,0.12134420499205589,
0,260816,matched,MATCHED_RicianLOS,Proposed_CA_CNN_RNND,994,0.4138411208987236,0.29574358463287354,0.11809754744172096,
0,260816,matched,MATCHED_RicianLOS,Proposed_CA_CNN_RNND,995,0.45377810299396515,0.3206966258585453,0.13308147341012955,
0,260816,matched,MATCHED_RicianLOS,Proposed_CA_CNN_RNND,996,0.4064923971891403,0.2928722985088825,0.1136201024055481,
0,260816,matched,MATCHED_RicianLOS,Proposed_CA_CNN_RNND,997,0.43768947944045067,0.3146112263202667,0.12307826057076454,
0,260816,matched,MATCHED_RicianLOS,Proposed_CA_CNN_RNND,998,0.4619041234254837,0.3286508396267891,0.1332532837986946,
0,260816,matched,MATCHED_RicianLOS,Proposed_CA_CNN_RNND,999,0.4126087427139282,0.29440151900053024,0.11820721998810768,
0,260816,matched,MATCHED_RicianLOS,Proposed_CA_CNN_RNND,1000,0.2931595966219902,0.19263586215674877,0.10052373073995113,-0.723137688441462
0,260816,matched,MATCHED_RicianLOS,Proposed_CA_CNN_RNND,1001,0.30437641590833664,0.20465582609176636,0.09972058981657028,
0,260816,matched,MATCHED_RicianLOS,Proposed_CA_CNN_RNND,1002,0.3946438767015934,0.282272320240736,0.11237156949937344,
0,260816,matched,MATCHED_RicianLOS,Proposed_CA_CNN_RNND,1003,0.32239051163196564,0.21810376271605492,0.10428675822913647,
0,260816,matched,MATCHED_RicianLOS,Proposed_CA_CNN_RNND,1004,0.36040791124105453,0.2518410123884678,0.1085669044405222,
0,260816,matched,MATCHED_RicianLOS,Proposed_CA_CNN_RNND,1005,0.46904272586107254,0.34059354290366173,0.1284491904079914,
0,260816,matched,MATCHED_RicianLOS,Proposed_CA_CNN_RNND,1006,0.44988157227635384,0.3238871544599533,0.12599442899227142,
0,260816,matched,MATCHED_RicianLOS,Proposed_CA_CNN_RNND,1007,0.4537734091281891,0.32675545662641525,0.12701795808970928,
0,260816,matched,MATCHED_RicianLOS,Proposed_CA_CNN_RNND,1008,0.42991167679429054,0.3031879663467407,0.12672371789813042,
0,260816,matched,MATCHED_RicianLOS,Proposed_CA_CNN_RNND,1009,0.3838840499520302,0.2705453857779503,0.1133386641740799,
0,260816,matched,MATCHED_RicianLOS,Proposed_CA_CNN_RNND,1010,0.5218485891819,0.38547132164239883,0.13637727312743664,
0,260816,matched,MATCHED_RicianLOS,Proposed_CA_CNN_RNND,1011,0.3323364481329918,0.22195496782660484,0.1103814821690321,
0,260816,matched,MATCHED_RicianLOS,Proposed_CA_CNN_RNND,1012,0.32496970519423485,0.22149644792079926,0.1034732535481453,
0,260816,matched,MATCHED_RicianLOS,Proposed_CA_CNN_RNND,1013,0.43192753195762634,0.3092113435268402,0.12271617725491524,
0,260816,matched,MATCHED_RicianLOS,Proposed_CA_CNN_RNND,1014,0.5025589615106583,0.37151527404785156,0.1310436874628067,
0,260816,matched,MATCHED_RicianLOS,Proposed_CA_CNN_RNND,1015,0.4165009558200836,0.29826846718788147,0.1182324830442667,
0,260816,matched,MATCHED_RicianLOS,Proposed_CA_CNN_RNND,1016,0.3423806205391884,0.23578161746263504,0.1065990049391985,
0,260816,matched,MATCHED_RicianLOS,Proposed_CA_CNN_RNND,1017,0.38477618247270584,0.2690918482840061,0.11568433977663517,
0,260816,matched,MATCHED_RicianLOS,Proposed_CA_CNN_RNND,1018,0.3121149130165577,0.2070784606039524,0.10503645427525043,
0,260816,matched,MATCHED_RicianLOS,Proposed_CA_CNN_RNND,1019,0.43486448377370834,0.31173814460635185,0.12312633357942104,
0,260816,matched,MATCHED_RicianLOS,Proposed_CA_CNN_RNND,1020,0.35660915449261665,0.24435263127088547,0.11225652322173119,
0,260816,matched,MATCHED_RicianLOS,Proposed_CA_CNN_RNND,1021,0.3211684413254261,0.2164495326578617,0.10471890680491924,
0,260816,matched,MATCHED_RicianLOS,Proposed_CA_CNN_RNND,1022,0.36835090816020966,0.25609588250517845,0.1122550256550312,
0,260816,matched,MATCHED_RicianLOS,Proposed_CA_CNN_RNND,1023,0.5078360289335251,0.37795376032590866,0.12988227978348732,
0,260816,matched,MATCHED_RicianLOS,Proposed_CA_CNN_RNND,1024,0.3372121602296829,0.228461392223835,0.10875076428055763,
0,260816,matched,MATCHED_RicianLOS,Proposed_CA_CNN_RNND,1025,0.4675319567322731,0.3344052582979202,0.13312668725848198,
0,260816,matched,MATCHED_RicianLOS,Proposed_CA_CNN_RNND,1026,0.3904820866882801,0.2781776823103428,0.11230441182851791,
0,260816,matched,MATCHED_RicianLOS,Proposed_CA_CNN_RNND,1027,0.48902276158332825,0.36099861189723015,0.1280241571366787,
0,260816,matched,MATCHED_RicianLOS,Proposed_CA_CNN_RNND,1028,0.43802064284682274,0.31111984327435493,0.1269007883965969,
0,260816,matched,MATCHED_RicianLOS,Proposed_CA_CNN_RNND,1029,0.3567662015557289,0.2522459700703621,0.10452023521065712,
0,260816,matched,MATCHED_RicianLOS,Proposed_CA_CNN_RNND,1030,0.4170554466545582,0.30144424736499786,0.11561120115220547,
0,260816,matched,MATCHED_RicianLOS,Proposed_CA_CNN_RNND,1031,0.3573570176959038,0.24374965950846672,0.11360736191272736,
0,260816,matched,MATCHED_RicianLOS,Proposed_CA_CNN_RNND,1032,0.5113955438137054,0.37891459465026855,0.13248094730079174,
0,260816,matched,MATCHED_RicianLOS,Proposed_CA_CNN_RNND,1033,0.46915625780820847,0.33846769481897354,0.13068856485188007,
0,260816,matched,MATCHED_RicianLOS,Proposed_CA_CNN_RNND,1034,0.5115641802549362,0.37258052080869675,0.13898365944623947,
0,260816,matched,MATCHED_RicianLOS,Proposed_CA_CNN_RNND,1035,0.4644022583961487,0.33545583486557007,0.1289464309811592,
0,260816,matched,MATCHED_RicianLOS,Proposed_CA_CNN_RNND,1036,0.4514565095305443,0.32911577075719833,0.12234072759747505,
0,260816,matched,MATCHED_RicianLOS,Proposed_CA_CNN_RNND,1037,0.48423346877098083,0.35334964469075203,0.1308838278055191,
0,260816,matched,MATCHED_RicianLOS,Proposed_CA_CNN_RNND,1038,0.43775805085897446,0.31088582053780556,0.1268722228705883,
0,260816,matched,MATCHED_RicianLOS,Proposed_CA_CNN_RNND,1039,0.4258183240890503,0.30884476378560066,0.11697356775403023,
0,260816,matched,MATCHED_RicianLOS,Proposed_CA_CNN_RNND,1040,0.39438626915216446,0.27678586542606354,0.11760040558874607,
0,260816,matched,MATCHED_RicianLOS,Proposed_CA_CNN_RNND,1041,0.44478489458560944,0.3179888539016247,0.12679603695869446,
0,260816,matched,MATCHED_RicianLOS,Proposed_CA_CNN_RNND,1042,0.2855490371584892,0.19257083162665367,0.092978211119771,
0,260816,matched,MATCHED_RicianLOS,Proposed_CA_CNN_RNND,1043,0.5279942899942398,0.3909628391265869,0.1370314471423626,
0,260816,matched,MATCHED_RicianLOS,Proposed_CA_CNN_RNND,1044,0.3809121772646904,0.2703740205615759,0.11053816042840481,
0,260816,matched,MATCHED_RicianLOS,Proposed_CA_CNN_RNND,1045,0.32455065846443176,0.22383538261055946,0.100715272128582,
0,260816,matched,MATCHED_RicianLOS,Proposed_CA_CNN_RNND,1046,0.25720829144120216,0.1648409105837345,0.09236737713217735,
0,260816,matched,MATCHED_RicianLOS,Proposed_CA_CNN_RNND,1047,0.3039711192250252,0.20292423851788044,0.10104688256978989,
0,260816,matched,MATCHED_RicianLOS,Proposed_CA_CNN_RNND,1048,0.4014943316578865,0.28721095249056816,0.1142833698540926,
0,260816,matched,MATCHED_RicianLOS,Proposed_CA_CNN_RNND,1049,0.3441227972507477,0.2449626289308071,0.09916016273200512,
0,260816,matched,MATCHED_RicianLOS,Proposed_CA_CNN_RNND,1050,0.4566621966660023,0.32971226423978806,0.12694993242621422,
0,260816,matched,MATCHED_RicianLOS,Proposed_CA_CNN_RNND,1051,0.34494461491703987,0.24071551859378815,0.10422910004854202,
0,260816,matched,MATCHED_RicianLOS,Proposed_CA_CNN_RNND,1052,0.4656442552804947,0.3461705297231674,0.11947371065616608,
0,260816,matched,MATCHED_RicianLOS,Proposed_CA_CNN_RNND,1053,0.3556544557213783,0.2486131675541401,0.10704128444194794,
0,260816,matched,MATCHED_RicianLOS,Proposed_CA_CNN_RNND,1054,0.5079751312732697,0.3750030994415283,0.13297204487025738,
0,260816,matched,MATCHED_RicianLOS,Proposed_CA_CNN_RNND,1055,0.4679555892944336,0.3451455309987068,0.12281005457043648,
0,260816,matched,MATCHED_RicianLOS,Proposed_CA_CNN_RNND,1056,0.32472263276576996,0.22288867086172104,0.10183396749198437,
0,260816,matched,MATCHED_RicianLOS,Proposed_CA_CNN_RNND,1057,0.3348822593688965,0.23491710051894188,0.09996516071259975,
0,260816,matched,MATCHED_RicianLOS,Proposed_CA_CNN_RNND,1058,0.35560138151049614,0.253677174448967,0.10192420892417431,
0,260816,matched,MATCHED_RicianLOS,Proposed_CA_CNN_RNND,1059,0.3525399789214134,0.24693257361650467,0.10560740530490875,
0,260816,matched,MATCHED_RicianLOS,Proposed_CA_CNN_RNND,1060,0.4763936549425125,0.3513678088784218,0.12502583861351013,
0,260816,matched,MATCHED_RicianLOS,Proposed_CA_CNN_RNND,1061,0.414825014770031,0.298704132437706,0.11612088605761528,
0,260816,matched,MATCHED_RicianLOS,Proposed_CA_CNN_RNND,1062,0.543409138917923,0.40041761100292206,0.14299153164029121,
0,260816,matched,MATCHED_RicianLOS,Proposed_CA_CNN_RNND,1063,0.46214356273412704,0.34421156346797943,0.11793199554085732,
0,260816,matched,MATCHED_RicianLOS,Proposed_CA_CNN_RNND,1064,0.3508511371910572,0.2442651353776455,0.10658600181341171,
0,260816,matched,MATCHED_RicianLOS,Proposed_CA_CNN_RNND,1065,0.29826392978429794,0.20492392778396606,0.09334000013768673,
0,260816,matched,MATCHED_RicianLOS,Proposed_CA_CNN_RNND,1066,0.37506456300616264,0.2640013135969639,0.11106325872242451,
0,260816,matched,MATCHED_RicianLOS,Proposed_CA_CNN_RNND,1067,0.36480027437210083,0.25752998888492584,0.10727028548717499,
0,260816,matched,MATCHED_RicianLOS,Proposed_CA_CNN_RNND,1068,0.4471255838871002,0.32639471627771854,0.12073085084557533,
0,260816,matched,MATCHED_RicianLOS,Proposed_CA_CNN_RNND,1069,0.4002251848578453,0.2869770862162113,0.11324809491634369,
0,260816,matched,MATCHED_RicianLOS,Proposed_CA_CNN_RNND,1070,0.514682874083519,0.38059408962726593,0.13408879190683365,
0,260816,matched,MATCHED_RicianLOS,Proposed_CA_CNN_RNND,1071,0.4437346085906029,0.31491540372371674,0.12881920859217644,
0,260816,matched,MATCHED_RicianLOS,Proposed_CA_CNN_RNND,1072,0.5587478280067444,0.4132567346096039,0.14549109525978565,
0,260816,matched,MATCHED_RicianLOS,Proposed_CA_CNN_RNND,1073,0.4851110801100731,0.34864938631653786,0.13646169379353523,
0,260816,matched,MATCHED_RicianLOS,Proposed_CA_CNN_RNND,1074,0.36745642870664597,0.25616377778351307,0.11129264533519745,
0,260816,matched,MATCHED_RicianLOS,Proposed_CA_CNN_RNND,1075,0.3272380009293556,0.22929726541042328,0.09794073179364204,
0,260816,matched,MATCHED_RicianLOS,Proposed_CA_CNN_RNND,1076,0.3112584054470062,0.21305865794420242,0.09819974936544895,
0,260816,matched,MATCHED_RicianLOS,Proposed_CA_CNN_RNND,1077,0.42947225272655487,0.31526411697268486,0.11420813389122486,
0,260816,matched,MATCHED_RicianLOS,Proposed_CA_CNN_RNND,1078,0.4698375314474106,0.34108804538846016,0.12874948978424072,
0,260816,matched,MATCHED_RicianLOS,Proposed_CA_CNN_RNND,1079,0.3328613340854645,0.2333526760339737,0.09950865618884563,
0,260816,matched,MATCHED_RicianLOS,Proposed_CA_CNN_RNND,1080,0.41322413086891174,0.2987121343612671,0.11451198905706406,
0,260816,matched,MATCHED_RicianLOS,Proposed_CA_CNN_RNND,1081,0.36566902697086334,0.2577511668205261,0.10791785828769207,
0,260816,matched,MATCHED_RicianLOS,Proposed_CA_CNN_RNND,1082,0.3836709149181843,0.2739073783159256,0.10976354219019413,
0,260816,matched,MATCHED_RicianLOS,Proposed_CA_CNN_RNND,1083,0.3595879226922989,0.2555106282234192,0.1040772832930088,
0,260816,matched,MATCHED_RicianLOS,Proposed_CA_CNN_RNND,1084,0.5637232661247253,0.42464660853147507,0.13907666318118572,
0,260816,matched,MATCHED_RicianLOS,Proposed_CA_CNN_RNND,1085,0.3694576472043991,0.26015274971723557,0.10930489748716354,
0,260816,matched,MATCHED_RicianLOS,Proposed_CA_CNN_RNND,1086,0.4391232579946518,0.3231327347457409,0.11599051579833031,
0,260816,matched,MATCHED_RicianLOS,Proposed_CA_CNN_RNND,1087,0.34225983917713165,0.23616011813282967,0.10609971545636654,
0,260816,matched,MATCHED_RicianLOS,Proposed_CA_CNN_RNND,1088,0.3562670648097992,0.24980425834655762,0.10646281018853188,
0,260816,matched,MATCHED_RicianLOS,Proposed_CA_CNN_RNND,1089,0.3091983310878277,0.21594079583883286,0.09325753524899483,
0,260816,matched,MATCHED_RicianLOS,Proposed_CA_CNN_RNND,1090,0.5681814551353455,0.42625733092427254,0.14192412607371807,
0,260816,matched,MATCHED_RicianLOS,Proposed_CA_CNN_RNND,1091,0.4858273044228554,0.3556724414229393,0.13015486672520638,
0,260816,matched,MATCHED_RicianLOS,Proposed_CA_CNN_RNND,1092,0.43264928460121155,0.316605556756258,0.11604372970759869,
0,260816,matched,MATCHED_RicianLOS,Proposed_CA_CNN_RNND,1093,0.34693580865859985,0.24851928278803825,0.09841653145849705,
0,260816,matched,MATCHED_RicianLOS,Proposed_CA_CNN_RNND,1094,0.42956043034791946,0.3155975826084614,0.11396285705268383,
0,260816,matched,MATCHED_RicianLOS,Proposed_CA_CNN_RNND,1095,0.4761413410305977,0.3524806946516037,0.12366064265370369,
0,260816,matched,MATCHED_RicianLOS,Proposed_CA_CNN_RNND,1096,0.3564481809735298,0.251367911696434,0.10508026368916035,
0,260816,matched,MATCHED_RicianLOS,Proposed_CA_CNN_RNND,1097,0.33067817240953445,0.22898323833942413,0.10169493779540062,
0,260816,matched,MATCHED_RicianLOS,Proposed_CA_CNN_RNND,1098,0.30277157574892044,0.2093870248645544,0.09338454715907574,
0,260816,matched,MATCHED_RicianLOS,Proposed_CA_CNN_RNND,1099,0.4803561680018902,0.3572734147310257,0.12308274954557419,
0,260816,matched,MATCHED_RicianLOS,Proposed_CA_CNN_RNND,1100,0.39509473741054535,0.2837972156703472,0.11129753477871418,
0,260816,matched,MATCHED_RicianLOS,Proposed_CA_CNN_RNND,1101,0.32124029844999313,0.2269885465502739,0.09425174817442894,
0,260816,matched,MATCHED_RicianLOS,Proposed_CA_CNN_RNND,1102,0.3375953361392021,0.23444904386997223,0.103146281093359,
0,260816,matched,MATCHED_RicianLOS,Proposed_CA_CNN_RNND,1103,0.3377780131995678,0.23554633930325508,0.10223167762160301,
0,260816,matched,MATCHED_RicianLOS,Proposed_CA_CNN_RNND,1104,0.38385745137929916,0.2731059566140175,0.11075150035321712,
0,260816,matched,MATCHED_RicianLOS,Proposed_CA_CNN_RNND,1105,0.31090880930423737,0.21591274999082088,0.09499605558812618,
0,260816,matched,MATCHED_RicianLOS,Proposed_CA_CNN_RNND,1106,0.277821347117424,0.19061879813671112,0.08720255084335804,
0,260816,matched,MATCHED_RicianLOS,Proposed_CA_CNN_RNND,1107,0.41822660714387894,0.30448126047849655,0.11374534852802753,
0,260816,matched,MATCHED_RicianLOS,Proposed_CA_CNN_RNND,1108,0.5429946854710579,0.3999253585934639,0.14306932128965855,
0,260816,matched,MATCHED_RicianLOS,Proposed_CA_CNN_RNND,1109,0.43323367089033127,0.31413406133651733,0.11909960024058819,
0,260816,matched,MATCHED_RicianLOS,Proposed_CA_CNN_RNND,1110,0.2783420532941818,0.18995605036616325,0.08838600479066372,
0,260816,matched,MATCHED_RicianLOS,Proposed_CA_CNN_RNND,1111,0.43831006437540054,0.31952162086963654,0.11878843978047371,
0,260816,matched,MATCHED_RicianLOS,Proposed_CA_CNN_RNND,1112,0.25502051413059235,0.17026039958000183,0.08476011268794537,
0,260816,matched,MATCHED_RicianLOS,Proposed_CA_CNN_RNND,1113,0.43307457119226456,0.3167095258831978,0.11636504717171192,
0,260816,matched,MATCHED_RicianLOS,Proposed_CA_CNN_RNND,1114,0.362819317728281,0.25748543441295624,0.10533387213945389,
0,260816,matched,MATCHED_RicianLOS,Proposed_CA_CNN_RNND,1115,0.32305537909269333,0.22570689395070076,0.09734848327934742,
0,260816,matched,MATCHED_RicianLOS,Proposed_CA_CNN_RNND,1116,0.5669972077012062,0.42540276050567627,0.14159445837140083,
0,260816,matched,MATCHED_RicianLOS,Proposed_CA_CNN_RNND,1117,0.4059489816427231,0.29710095189511776,0.10884802974760532,
0,260816,matched,MATCHED_RicianLOS,Proposed_CA_CNN_RNND,1118,0.40529439970850945,0.29646254889667034,0.10883185639977455,
0,260816,matched,MATCHED_RicianLOS,Proposed_CA_CNN_RNND,1119,0.4471493437886238,0.32709528505802155,0.12005405314266682,
0,260816,matched,MATCHED_RicianLOS,Proposed_CA_CNN_RNND,1120,0.4220978617668152,0.31749046966433525,0.10460739023983479,
0,260816,matched,MATCHED_RicianLOS,Proposed_CA_CNN_RNND,1121,0.38202913850545883,0.2835637666285038,0.09846536442637444,
0,260816,matched,MATCHED_RicianLOS,Proposed_CA_CNN_RNND,1122,0.32877732813358307,0.2338087111711502,0.09496861696243286,
0,260816,matched,MATCHED_RicianLOS,Proposed_CA_CNN_RNND,1123,0.4093666225671768,0.30149491503834724,0.10787170566618443,
0,260816,matched,MATCHED_RicianLOS,Proposed_CA_CNN_RNND,1124,0.5277489796280861,0.3970584273338318,0.1306905448436737,
0,260816,matched,MATCHED_RicianLOS,Proposed_CA_CNN_RNND,1125,0.25022074207663536,0.1692907027900219,0.08093003742396832,
0,260816,matched,MATCHED_RicianLOS,Proposed_CA_CNN_RNND,1126,0.4889186844229698,0.3589722253382206,0.12994645908474922,
0,260816,matched,MATCHED_RicianLOS,Proposed_CA_CNN_RNND,1127,0.46302877366542816,0.34743715077638626,0.1155916228890419,
0,260816,matched,MATCHED_RicianLOS,Proposed_CA_CNN_RNND,1128,0.5489179342985153,0.40714091062545776,0.14177701249718666,
0,260816,matched,MATCHED_RicianLOS,Proposed_CA_CNN_RNND,1129,0.3218555115163326,0.2217346616089344,0.10012085177004337,
0,260816,matched,MATCHED_RicianLOS,Proposed_CA_CNN_RNND,1130,0.44334323704242706,0.32531892508268356,0.1180243082344532,
0,260816,matched,MATCHED_RicianLOS,Proposed_CA_CNN_RNND,1131,0.43120431154966354,0.31382498517632484,0.1173793263733387,
0,260816,matched,MATCHED_RicianLOS,Proposed_CA_CNN_RNND,1132,0.4581165723502636,0.33884672075510025,0.11926986277103424,
0,260816,matched,MATCHED_RicianLOS,Proposed_CA_CNN_RNND,1133,0.3454514928162098,0.24613995477557182,0.09931153617799282,
0,260816,matched,MATCHED_RicianLOS,Proposed_CA_CNN_RNND,1134,0.394686933606863,0.2877524867653847,0.1069344412535429,
0,260816,matched,MATCHED_RicianLOS,Proposed_CA_CNN_RNND,1135,0.5057594627141953,0.3758425787091255,0.12991687655448914,
0,260816,matched,MATCHED_RicianLOS,Proposed_CA_CNN_RNND,1136,0.3764151968061924,0.27097856625914574,0.10543663427233696,
0,260816,matched,MATCHED_RicianLOS,Proposed_CA_CNN_RNND,1137,0.5228148400783539,0.3848821297287941,0.13793270848691463,
0,260816,matched,MATCHED_RicianLOS,Proposed_CA_CNN_RNND,1138,0.3761265277862549,0.27004954032599926,0.10607698559761047,
0,260816,matched,MATCHED_RicianLOS,Proposed_CA_CNN_RNND,1139,0.4475153759121895,0.32441072165966034,0.12310465425252914,
0,260816,matched,MATCHED_RicianLOS,Proposed_CA_CNN_RNND,1140,0.5150477662682533,0.38298600912094116,0.13206174969673157,
0,260816,matched,MATCHED_RicianLOS,Proposed_CA_CNN_RNND,1141,0.3635143116116524,0.2627492845058441,0.10076502151787281,
0,260816,matched,MATCHED_RicianLOS,Proposed_CA_CNN_RNND,1142,0.46081065386533737,0.3428746983408928,0.11793595738708973,
0,260816,matched,MATCHED_RicianLOS,Proposed_CA_CNN_RNND,1143,0.4493022449314594,0.33060334995388985,0.11869888938963413,
0,260816,matched,MATCHED_RicianLOS,Proposed_CA_CNN_RNND,1144,0.3956998810172081,0.28955788910388947,0.10614199191331863,
0,260816,matched,MATCHED_RicianLOS,Proposed_CA_CNN_RNND,1145,0.5115126445889473,0.381180576980114,0.1303320676088333,
0,260816,matched,MATCHED_RicianLOS,Proposed_CA_CNN_RNND,1146,0.41907595843076706,0.3042018860578537,0.1148740816861391,
0,260816,matched,MATCHED_RicianLOS,Proposed_CA_CNN_RNND,1147,0.34842418134212494,0.24253857880830765,0.10588559880852699,
0,260816,matched,MATCHED_RicianLOS,Proposed_CA_CNN_RNND,1148,0.425151240080595,0.306643720716238,0.11850752495229244,
0,260816,matched,MATCHED_RicianLOS,Proposed_CA_CNN_RNND,1149,0.45546523481607437,0.34275703877210617,0.11270819418132305,
0,260816,matched,MATCHED_RicianLOS,Proposed_CA_CNN_RNND,1150,0.49665041267871857,0.37148725986480713,0.12516314163804054,
0,260816,matched,MATCHED_RicianLOS,Proposed_CA_CNN_RNND,1151,0.3956137076020241,0.28811590000987053,0.10749781504273415,
0,260816,matched,MATCHED_RicianLOS,Proposed_CA_CNN_RNND,1152,0.33482570201158524,0.24166351184248924,0.0931621864438057,
0,260816,matched,MATCHED_RicianLOS,Proposed_CA_CNN_RNND,1153,0.42726730555295944,0.31526604294776917,0.11200126446783543,
0,260816,matched,MATCHED_RicianLOS,Proposed_CA_CNN_RNND,1154,0.4538577049970627,0.335232749581337,0.11862494796514511,
0,260816,matched,MATCHED_RicianLOS,Proposed_CA_CNN_RNND,1155,0.4418173059821129,0.32726192101836205,0.11455538496375084,
0,260816,matched,MATCHED_RicianLOS,Proposed_CA_CNN_RNND,1156,0.47091852873563766,0.3464597761631012,0.12445874884724617,
0,260816,matched,MATCHED_RicianLOS,Proposed_CA_CNN_RNND,1157,0.4425646960735321,0.32816797494888306,0.11439671367406845,
0,260816,matched,MATCHED_RicianLOS,Proposed_CA_CNN_RNND,1158,0.4302213117480278,0.32004842907190323,0.11017289198935032,
0,260816,matched,MATCHED_RicianLOS,Proposed_CA_CNN_RNND,1159,0.40392857044935226,0.2913146950304508,0.11261386796832085,
0,260816,matched,MATCHED_RicianLOS,Proposed_CA_CNN_RNND,1160,0.36348283290863037,0.2598310820758343,0.10365173779428005,
0,260816,matched,MATCHED_RicianLOS,Proposed_CA_CNN_RNND,1161,0.45248109847307205,0.3380817174911499,0.1143993902951479,
0,260816,matched,MATCHED_RicianLOS,Proposed_CA_CNN_RNND,1162,0.4188011661171913,0.3099282756447792,0.10887289047241211,
0,260816,matched,MATCHED_RicianLOS,Proposed_CA_CNN_RNND,1163,0.44913965463638306,0.32141629979014397,0.1277233585715294,
0,260816,matched,MATCHED_RicianLOS,Proposed_CA_CNN_RNND,1164,0.21369178220629692,0.14427150785923004,0.06942027620971203,
0,260816,matched,MATCHED_RicianLOS,Proposed_CA_CNN_RNND,1165,0.39851437881588936,0.28938136994838715,0.10913300514221191,
0,260816,matched,MATCHED_RicianLOS,Proposed_CA_CNN_RNND,1166,0.49596545845270157,0.3683142811059952,0.1276511810719967,
0,260816,matched,MATCHED_RicianLOS,Proposed_CA_CNN_RNND,1167,0.32500479370355606,0.2333798073232174,0.09162499383091927,
0,260816,matched,MATCHED_RicianLOS,Proposed_CA_CNN_RNND,1168,0.3865497410297394,0.27921347320079803,0.10733626782894135,
0,260816,matched,MATCHED_RicianLOS,Proposed_CA_CNN_RNND,1169,0.45713386684656143,0.3344721607863903,0.12266170606017113,
0,260816,matched,MATCHED_RicianLOS,Proposed_CA_CNN_RNND,1170,0.35847579687833786,0.25992562994360924,0.09855017066001892,
0,260816,matched,MATCHED_RicianLOS,Proposed_CA_CNN_RNND,1171,0.32480379939079285,0.2376604750752449,0.0871433224529028,
0,260816,matched,MATCHED_RicianLOS,Proposed_CA_CNN_RNND,1172,0.49211812764406204,0.364480122923851,0.12763800472021103,
0,260816,matched,MATCHED_RicianLOS,Proposed_CA_CNN_RNND,1173,0.4944434016942978,0.36647777259349823,0.1279656384140253,
0,260816,matched,MATCHED_RicianLOS,Proposed_CA_CNN_RNND,1174,0.37104738131165504,0.27062276378273964,0.100424624979496,
0,260816,matched,MATCHED_RicianLOS,Proposed_CA_CNN_RNND,1175,0.46422258019447327,0.3458954691886902,0.11832711286842823,
0,260816,matched,MATCHED_RicianLOS,Proposed_CA_CNN_RNND,1176,0.4064086377620697,0.2979656308889389,0.10844300128519535,
0,260816,matched,MATCHED_RicianLOS,Proposed_CA_CNN_RNND,1177,0.33449335396289825,0.24269889295101166,0.091794453561306,
0,260816,matched,MATCHED_RicianLOS,Proposed_CA_CNN_RNND,1178,0.3009914979338646,0.21261462941765785,0.08837687037885189,
0,260816,matched,MATCHED_RicianLOS,Proposed_CA_CNN_RNND,1179,0.463179387152195,0.3380426801741123,0.1251367088407278,
0,260816,matched,MATCHED_RicianLOS,Proposed_CA_CNN_RNND,1180,0.42982493340969086,0.31309839710593224,0.11672653816640377,
0,260816,matched,MATCHED_RicianLOS,Proposed_CA_CNN_RNND,1181,0.3255675211548805,0.23457976803183556,0.09098774939775467,
0,260816,matched,MATCHED_RicianLOS,Proposed_CA_CNN_RNND,1182,0.3869236968457699,0.28194474428892136,0.10497896000742912,
0,260816,matched,MATCHED_RicianLOS,Proposed_CA_CNN_RNND,1183,0.4686572551727295,0.34644317626953125,0.12221407890319824,
0,260816,matched,MATCHED_RicianLOS,Proposed_CA_CNN_RNND,1184,0.3573418967425823,0.26026468351483345,0.09707721695303917,
0,260816,matched,MATCHED_RicianLOS,Proposed_CA_CNN_RNND,1185,0.31664367765188217,0.22234933078289032,0.09429433383047581,
0,260816,matched,MATCHED_RicianLOS,Proposed_CA_CNN_RNND,1186,0.29760172218084335,0.21009328588843346,0.0875084362924099,
0,260816,matched,MATCHED_RicianLOS,Proposed_CA_CNN_RNND,1187,0.35994765907526016,0.26483185589313507,0.09511580131947994,
0,260816,matched,MATCHED_RicianLOS,Proposed_CA_CNN_RNND,1188,0.43944526836276054,0.3296418786048889,0.10980338975787163,
0,260816,matched,MATCHED_RicianLOS,Proposed_CA_CNN_RNND,1189,0.49057484045624733,0.36780743300914764,0.12276740372180939,
0,260816,matched,MATCHED_RicianLOS,Proposed_CA_CNN_RNND,1190,0.35995854437351227,0.26248854771256447,0.09746999852359295,
0,260816,matched,MATCHED_RicianLOS,Proposed_CA_CNN_RNND,1191,0.37870918586850166,0.2685984782874584,0.11011070013046265,
0,260816,matched,MATCHED_RicianLOS,Proposed_CA_CNN_RNND,1192,0.3295016773045063,0.237483948469162,0.09201773814857006,
0,260816,matched,MATCHED_RicianLOS,Proposed_CA_CNN_RNND,1193,0.3953395411372185,0.28624315559864044,0.10909637995064259,
0,260816,matched,MATCHED_RicianLOS,Proposed_CA_CNN_RNND,1194,0.2425835132598877,0.16912790201604366,0.07345560938119888,
0,260816,matched,MATCHED_RicianLOS,Proposed_CA_CNN_RNND,1195,0.29307587817311287,0.20997395366430283,0.08310193289071321,
0,260816,matched,MATCHED_RicianLOS,Proposed_CA_CNN_RNND,1196,0.3543894328176975,0.2592029497027397,0.09518647566437721,
0,260816,matched,MATCHED_RicianLOS,Proposed_CA_CNN_RNND,1197,0.3469131402671337,0.25124748796224594,0.09566565230488777,
0,260816,matched,MATCHED_RicianLOS,Proposed_CA_CNN_RNND,1198,0.3508836477994919,0.25880544632673264,0.09207820147275925,
0,260816,matched,MATCHED_RicianLOS,Proposed_CA_CNN_RNND,1199,0.33489950746297836,0.2480020523071289,0.08689744770526886,
0,260816,matched,MATCHED_RicianLOS,Proposed_CA_CNN_RNND,1200,0.307742428034544,0.22300036996603012,0.08474205806851387,-0.8071725274197943
0,260816,matched,MATCHED_RicianLOS,Proposed_CA_CNN_RNND,1201,0.40927285701036453,0.2945472151041031,0.11472564935684204,
0,260816,matched,MATCHED_RicianLOS,Proposed_CA_CNN_RNND,1202,0.4561455175280571,0.33827434852719307,0.11787116155028343,
0,260816,matched,MATCHED_RicianLOS,Proposed_CA_CNN_RNND,1203,0.37573015689849854,0.279410183429718,0.09631997160613537,
0,260816,matched,MATCHED_RicianLOS,Proposed_CA_CNN_RNND,1204,0.47781024128198624,0.3633458614349365,0.11446438357234001,
0,260816,matched,MATCHED_RicianLOS,Proposed_CA_CNN_RNND,1205,0.4337308034300804,0.3187270760536194,0.11500371806323528,
0,260816,matched,MATCHED_RicianLOS,Proposed_CA_CNN_RNND,1206,0.3648236431181431,0.26631272584199905,0.09851092286407948,
0,260816,matched,MATCHED_RicianLOS,Proposed_CA_CNN_RNND,1207,0.3203652985394001,0.2372635081410408,0.0831017903983593,
0,260816,matched,MATCHED_RicianLOS,Proposed_CA_CNN_RNND,1208,0.3376525714993477,0.2449188493192196,0.0927337110042572,
0,260816,matched,MATCHED_RicianLOS,Proposed_CA_CNN_RNND,1209,0.33382028341293335,0.24650535359978676,0.08731492422521114,
0,260816,matched,MATCHED_RicianLOS,Proposed_CA_CNN_RNND,1210,0.2838161326944828,0.20069457218050957,0.08312156051397324,
0,260816,matched,MATCHED_RicianLOS,Proposed_CA_CNN_RNND,1211,0.42698656022548676,0.32360803335905075,0.10337852500379086,
0,260816,matched,MATCHED_RicianLOS,Proposed_CA_CNN_RNND,1212,0.3179415576159954,0.22860867530107498,0.08933289162814617,
0,260816,matched,MATCHED_RicianLOS,Proposed_CA_CNN_RNND,1213,0.42677561193704605,0.31246496364474297,0.11431064642965794,
0,260816,matched,MATCHED_RicianLOS,Proposed_CA_CNN_RNND,1214,0.28958960250020027,0.20230234414339066,0.08728725835680962,
0,260816,matched,MATCHED_RicianLOS,Proposed_CA_CNN_RNND,1215,0.484183132648468,0.36406291276216507,0.12012023106217384,
0,260816,matched,MATCHED_RicianLOS,Proposed_CA_CNN_RNND,1216,0.430638212710619,0.3175196722149849,0.11311853118240833,
0,260816,matched,MATCHED_RicianLOS,Proposed_CA_CNN_RNND,1217,0.48334308713674545,0.3624839037656784,0.120859170332551,
0,260816,matched,MATCHED_RicianLOS,Proposed_CA_CNN_RNND,1218,0.41395919024944305,0.30499181896448135,0.108967375010252,
0,260816,matched,MATCHED_RicianLOS,Proposed_CA_CNN_RNND,1219,0.3528755120933056,0.26494403928518295,0.08793146722018719,
0,260816,matched,MATCHED_RicianLOS,Proposed_CA_CNN_RNND,1220,0.3353964760899544,0.2388913594186306,0.09650510735809803,
0,260816,matched,MATCHED_RicianLOS,Proposed_CA_CNN_RNND,1221,0.5356711447238922,0.40638820081949234,0.12928293645381927,
0,260816,matched,MATCHED_RicianLOS,Proposed_CA_CNN_RNND,1222,0.3526986315846443,0.25614921376109123,0.09654942713677883,
0,260816,matched,MATCHED_RicianLOS,Proposed_CA_CNN_RNND,1223,0.381683848798275,0.27953459694981575,0.10214924067258835,
0,260816,matched,MATCHED_RicianLOS,Proposed_CA_CNN_RNND,1224,0.3837975971400738,0.2844783738255501,0.099319227039814,
0,260816,matched,MATCHED_RicianLOS,Proposed_CA_CNN_RNND,1225,0.4312903806567192,0.3179684020578861,0.11332198791205883,
0,260816,matched,MATCHED_RicianLOS,Proposed_CA_CNN_RNND,1226,0.29699911922216415,0.21171016246080399,0.08528895955532789,
0,260816,matched,MATCHED_RicianLOS,Proposed_CA_CNN_RNND,1227,0.5446018725633621,0.41263265162706375,0.13196922279894352,
0,260816,matched,MATCHED_RicianLOS,Proposed_CA_CNN_RNND,1228,0.31919801607728004,0.23059796169400215,0.08860005997121334,
0,260816,matched,MATCHED_RicianLOS,Proposed_CA_CNN_RNND,1229,0.3498087078332901,0.2604221124202013,0.0893865916877985,
0,260816,matched,MATCHED_RicianLOS,Proposed_CA_CNN_RNND,1230,0.3713991045951843,0.2760833911597729,0.0953157115727663,
0,260816,matched,MATCHED_RicianLOS,Proposed_CA_CNN_RNND,1231,0.4054984524846077,0.3024503365159035,0.10304811410605907,
0,260816,matched,MATCHED_RicianLOS,Proposed_CA_CNN_RNND,1232,0.5684477239847183,0.424740195274353,0.1437075212597847,
0,260816,matched,MATCHED_RicianLOS,Proposed_CA_CNN_RNND,1233,0.48960644751787186,0.36488985270261765,0.1247166059911251,
0,260816,matched,MATCHED_RicianLOS,Proposed_CA_CNN_RNND,1234,0.3356102406978607,0.24586013704538345,0.08975009620189667,
0,260816,matched,MATCHED_RicianLOS,Proposed_CA_CNN_RNND,1235,0.5007795989513397,0.37702295184135437,0.12375665828585625,
0,260816,matched,MATCHED_RicianLOS,Proposed_CA_CNN_RNND,1236,0.3725001886487007,0.2731446288526058,0.09935556165874004,
0,260816,matched,MATCHED_RicianLOS,Proposed_CA_CNN_RNND,1237,0.32520437985658646,0.2398654744029045,0.0853389073163271,
0,260816,matched,MATCHED_RicianLOS,Proposed_CA_CNN_RNND,1238,0.4718821942806244,0.3551747351884842,0.1167074702680111,
0,260816,matched,MATCHED_RicianLOS,Proposed_CA_CNN_RNND,1239,0.22737053409218788,0.15535307675600052,0.07201745174825191,
0,260816,matched,MATCHED_RicianLOS,Proposed_CA_CNN_RNND,1240,0.42613325268030167,0.31660643219947815,0.10952682234346867,
0,260816,matched,MATCHED_RicianLOS,Proposed_CA_CNN_RNND,1241,0.4388524182140827,0.3274058848619461,0.11144654080271721,
0,260816,matched,MATCHED_RicianLOS,Proposed_CA_CNN_RNND,1242,0.2992948666214943,0.2195231281220913,0.07977173291146755,
0,260816,matched,MATCHED_RicianLOS,Proposed_CA_CNN_RNND,1243,0.4356447830796242,0.3272184804081917,0.1084262952208519,
0,260816,matched,MATCHED_RicianLOS,Proposed_CA_CNN_RNND,1244,0.3657888285815716,0.2686720471829176,0.09711677022278309,
0,260816,matched,MATCHED_RicianLOS,Proposed_CA_CNN_RNND,1245,0.3556790426373482,0.25809889659285545,0.09758015535771847,
0,260816,matched,MATCHED_RicianLOS,Proposed_CA_CNN_RNND,1246,0.4527040496468544,0.33612846583127975,0.1165755894035101,
0,260816,matched,MATCHED_RicianLOS,Proposed_CA_CNN_RNND,1247,0.40616340935230255,0.290730869397521,0.11543255299329758,
0,260816,matched,MATCHED_RicianLOS,Proposed_CA_CNN_RNND,1248,0.43220122158527374,0.32489971071481705,0.1073015108704567,
0,260816,matched,MATCHED_RicianLOS,Proposed_CA_CNN_RNND,1249,0.3208211548626423,0.23311712220311165,0.08770403452217579,
0,260816,matched,MATCHED_RicianLOS,Proposed_CA_CNN_RNND,1250,0.43289732933044434,0.32045000046491623,0.11244733072817326,
0,260816,matched,MATCHED_RicianLOS,Proposed_CA_CNN_RNND,1251,0.3429470434784889,0.24961009994149208,0.09333694353699684,
0,260816,matched,MATCHED_RicianLOS,Proposed_CA_CNN_RNND,1252,0.3550102449953556,0.2555957231670618,0.09941452089697123,
0,260816,matched,MATCHED_RicianLOS,Proposed_CA_CNN_RNND,1253,0.36023859307169914,0.267527487128973,0.09271111339330673,
0,260816,matched,MATCHED_RicianLOS,Proposed_CA_CNN_RNND,1254,0.23039788007736206,0.15907004848122597,0.0713278315961361,
0,260816,matched,MATCHED_RicianLOS,Proposed_CA_CNN_RNND,1255,0.24027584493160248,0.17279991135001183,0.06747593078762293,
0,260816,matched,MATCHED_RicianLOS,Proposed_CA_CNN_RNND,1256,0.31651023775339127,0.2314957156777382,0.08501452952623367,
0,260816,matched,MATCHED_RicianLOS,Proposed_CA_CNN_RNND,1257,0.37479642778635025,0.28258972242474556,0.09220671094954014,
0,260816,matched,MATCHED_RicianLOS,Proposed_CA_CNN_RNND,1258,0.3461471050977707,0.25782201811671257,0.088325091637671,
0,260816,matched,MATCHED_RicianLOS,Proposed_CA_CNN_RNND,1259,0.4486945569515228,0.3288981392979622,0.11979641020298004,
0,260816,matched,MATCHED_RicianLOS,Proposed_CA_CNN_RNND,1260,0.49867309629917145,0.37750811874866486,0.12116497941315174,
0,260816,matched,MATCHED_RicianLOS,Proposed_CA_CNN_RNND,1261,0.28780344873666763,0.20865539088845253,0.0791480541229248,
0,260816,matched,MATCHED_RicianLOS,Proposed_CA_CNN_RNND,1262,0.34052931144833565,0.2556205466389656,0.08490876667201519,
0,260816,matched,MATCHED_RicianLOS,Proposed_CA_CNN_RNND,1263,0.5910837799310684,0.4399903267621994,0.15109345689415932,
0,260816,matched,MATCHED_RicianLOS,Proposed_CA_CNN_RNND,1264,0.30092694982886314,0.21852022036910057,0.08240672759711742,
0,260816,matched,MATCHED_RicianLOS,Proposed_CA_CNN_RNND,1265,0.38237006589770317,0.2877635136246681,0.09460655972361565,
0,260816,matched,MATCHED_RicianLOS,Proposed_CA_CNN_RNND,1266,0.3225608207285404,0.2337893508374691,0.08877147175371647,
0,260816,matched,MATCHED_RicianLOS,Proposed_CA_CNN_RNND,1267,0.4090494439005852,0.3087660074234009,0.10028345137834549,
0,260816,matched,MATCHED_RicianLOS,Proposed_CA_CNN_RNND,1268,0.4548625946044922,0.34461160004138947,0.11025099642574787,
0,260816,matched,MATCHED_RicianLOS,Proposed_CA_CNN_RNND,1269,0.31710902228951454,0.23142575100064278,0.08568326570093632,
0,260816,matched,MATCHED_RicianLOS,Proposed_CA_CNN_RNND,1270,0.44939083606004715,0.3389132395386696,0.11047758907079697,
0,260816,matched,MATCHED_RicianLOS,Proposed_CA_CNN_RNND,1271,0.3424532935023308,0.2554961182177067,0.08695717714726925,
0,260816,matched,MATCHED_RicianLOS,Proposed_CA_CNN_RNND,1272,0.3887549079954624,0.2900328189134598,0.09872209746390581,
0,260816,matched,MATCHED_RicianLOS,Proposed_CA_CNN_RNND,1273,0.39781657606363297,0.29926932603120804,0.09854724816977978,
0,260816,matched,MATCHED_RicianLOS,Proposed_CA_CNN_RNND,1274,0.4561432972550392,0.35121629759669304,0.10492700524628162,
0,260816,matched,MATCHED_RicianLOS,Proposed_CA_CNN_RNND,1275,0.3128073625266552,0.2319202721118927,0.0808870866894722,
0,260816,matched,MATCHED_RicianLOS,Proposed_CA_CNN_RNND,1276,0.3987179547548294,0.2941797859966755,0.10453817434608936,
0,260816,matched,MATCHED_RicianLOS,Proposed_CA_CNN_RNND,1277,0.41609466820955276,0.3083762377500534,0.10771842859685421,
0,260816,matched,MATCHED_RicianLOS,Proposed_CA_CNN_RNND,1278,0.3455806076526642,0.25559197179973125,0.08998864330351353,
0,260816,matched,MATCHED_RicianLOS,Proposed_CA_CNN_RNND,1279,0.4498421624302864,0.3390661031007767,0.11077605560421944,
0,260816,matched,MATCHED_RicianLOS,Proposed_CA_CNN_RNND,1280,0.36761436611413956,0.2712182328104973,0.09639613516628742,
0,260816,matched,MATCHED_RicianLOS,Proposed_CA_CNN_RNND,1281,0.35890061408281326,0.26230962201952934,0.09659099578857422,
0,260816,matched,MATCHED_RicianLOS,Proposed_CA_CNN_RNND,1282,0.440954115241766,0.3349064588546753,0.10604765545576811,
0,260816,matched,MATCHED_RicianLOS,Proposed_CA_CNN_RNND,1283,0.4887978285551071,0.3702832758426666,0.1185145452618599,
0,260816,matched,MATCHED_RicianLOS,Proposed_CA_CNN_RNND,1284,0.4323640577495098,0.3198958318680525,0.11246823333203793,
0,260816,matched,MATCHED_RicianLOS,Proposed_CA_CNN_RNND,1285,0.31408917158842087,0.23174677044153214,0.08234241046011448,
0,260816,matched,MATCHED_RicianLOS,Proposed_CA_CNN_RNND,1286,0.5308644846081734,0.3994075432419777,0.13145694136619568,
0,260816,matched,MATCHED_RicianLOS,Proposed_CA_CNN_RNND,1287,0.4210723415017128,0.3091948926448822,0.1118774451315403,
0,260816,matched,MATCHED_RicianLOS,Proposed_CA_CNN_RNND,1288,0.37666766345500946,0.27563366293907166,0.10103400703519583,
0,260816,matched,MATCHED_RicianLOS,Proposed_CA_CNN_RNND,1289,0.3242117315530777,0.23505766317248344,0.08915406465530396,
0,260816,matched,MATCHED_RicianLOS,Proposed_CA_CNN_RNND,1290,0.38943926244974136,0.2889408692717552,0.10049838945269585,
0,260816,matched,MATCHED_RicianLOS,Proposed_CA_CNN_RNND,1291,0.43617796897888184,0.33084969967603683,0.10532825998961926,
0,260816,matched,MATCHED_RicianLOS,Proposed_CA_CNN_RNND,1292,0.4033901244401932,0.3003960885107517,0.10299402289092541,
0,260816,matched,MATCHED_RicianLOS,Proposed_CA_CNN_RNND,1293,0.4169122278690338,0.31399105489254,0.10292116738855839,
0,260816,matched,MATCHED_RicianLOS,Proposed_CA_CNN_RNND,1294,0.4464715048670769,0.33524758741259575,0.11122390255331993,
0,260816,matched,MATCHED_RicianLOS,Proposed_CA_CNN_RNND,1295,0.3184799477458,0.2336775902658701,0.08480236306786537,
0,260816,matched,MATCHED_RicianLOS,Proposed_CA_CNN_RNND,1296,0.5109486430883408,0.3886920064687729,0.12225663289427757,
0,260816,matched,MATCHED_RicianLOS,Proposed_CA_CNN_RNND,1297,0.3266086280345917,0.23267478123307228,0.09393383748829365,
0,260816,matched,MATCHED_RicianLOS,Proposed_CA_CNN_RNND,1298,0.3690014183521271,0.2712327279150486,0.09776869416236877,
0,260816,matched,MATCHED_RicianLOS,Proposed_CA_CNN_RNND,1299,0.3340677507221699,0.24709050729870796,0.08697724528610706,
0,260816,matched,MATCHED_RicianLOS,Proposed_CA_CNN_RNND,1300,0.5214924439787865,0.39239951968193054,0.12909292243421078,
0,260816,matched,MATCHED_RicianLOS,Proposed_CA_CNN_RNND,1301,0.33696435391902924,0.2503447122871876,0.08661963231861591,
0,260816,matched,MATCHED_RicianLOS,Proposed_CA_CNN_RNND,1302,0.20672402530908585,0.14803602173924446,0.05868799798190594,
0,260816,matched,MATCHED_RicianLOS,Proposed_CA_CNN_RNND,1303,0.4402162432670593,0.33433735370635986,0.10587889328598976,
0,260816,matched,MATCHED_RicianLOS,Proposed_CA_CNN_RNND,1304,0.5637349933385849,0.42851562798023224,0.13521936535835266,
0,260816,matched,MATCHED_RicianLOS,Proposed_CA_CNN_RNND,1305,0.31763164699077606,0.23901434242725372,0.07861730456352234,
0,260816,matched,MATCHED_RicianLOS,Proposed_CA_CNN_RNND,1306,0.29263850301504135,0.21563569456338882,0.07700280845165253,
0,260816,matched,MATCHED_RicianLOS,Proposed_CA_CNN_RNND,1307,0.22883883491158485,0.16523614525794983,0.06360268779098988,
0,260816,matched,MATCHED_RicianLOS,Proposed_CA_CNN_RNND,1308,0.5033959299325943,0.3804429918527603,0.12295294180512428,
0,260816,matched,MATCHED_RicianLOS,Proposed_CA_CNN_RNND,1309,0.2365485318005085,0.17054853774607182,0.06599999498575926,
0,260816,matched,MATCHED_RicianLOS,Proposed_CA_CNN_RNND,1310,0.3715372532606125,0.2821998670697212,0.08933738432824612,
0,260816,matched,MATCHED_RicianLOS,Proposed_CA_CNN_RNND,1311,0.3003959432244301,0.22395634278655052,0.07643960788846016,
0,260816,matched,MATCHED_RicianLOS,Proposed_CA_CNN_RNND,1312,0.36409587785601616,0.27486884593963623,0.0892270365729928,
0,260816,matched,MATCHED_RicianLOS,Proposed_CA_CNN_RNND,1313,0.3176703117787838,0.23954572156071663,0.07812458835542202,
0,260816,matched,MATCHED_RicianLOS,Proposed_CA_CNN_RNND,1314,0.35800593718886375,0.2739717774093151,0.08403415977954865,
0,260816,matched,MATCHED_RicianLOS,Proposed_CA_CNN_RNND,1315,0.20431865006685257,0.1464280728250742,0.05789058096706867,
0,260816,matched,MATCHED_RicianLOS,Proposed_CA_CNN_RNND,1316,0.36631885170936584,0.28165988996624947,0.08465896174311638,
0,260816,matched,MATCHED_RicianLOS,Proposed_CA_CNN_RNND,1317,0.42921389639377594,0.3272571563720703,0.10195672884583473,
0,260816,matched,MATCHED_RicianLOS,Proposed_CA_CNN_RNND,1318,0.39407769590616226,0.3034362271428108,0.09064146876335144,
0,260816,matched,MATCHED_RicianLOS,Proposed_CA_CNN_RNND,1319,0.34903017431497574,0.2596970237791538,0.08933315612375736,
0,260816,matched,MATCHED_RicianLOS,Proposed_CA_CNN_RNND,1320,0.3005826994776726,0.21868709847331047,0.0818956010043621,
0,260816,matched,MATCHED_RicianLOS,Proposed_CA_CNN_RNND,1321,0.3698216713964939,0.2818071022629738,0.08801456913352013,
0,260816,matched,MATCHED_RicianLOS,Proposed_CA_CNN_RNND,1322,0.5002977252006531,0.3788960576057434,0.12140166386961937,
0,260816,matched,MATCHED_RicianLOS,Proposed_CA_CNN_RNND,1323,0.4724348783493042,0.3603563979268074,0.1120784804224968,
0,260816,matched,MATCHED_RicianLOS,Proposed_CA_CNN_RNND,1324,0.30560123547911644,0.22597802616655827,0.07962320931255817,
0,260816,matched,MATCHED_RicianLOS,Proposed_CA_CNN_RNND,1325,0.39271120727062225,0.2931370586156845,0.09957414586097002,
0,260816,matched,MATCHED_RicianLOS,Proposed_CA_CNN_RNND,1326,0.5663052350282669,0.429473340511322,0.13683189451694489,
0,260816,matched,MATCHED_RicianLOS,Proposed_CA_CNN_RNND,1327,0.4408193305134773,0.3344590589404106,0.10636027716100216,
0,260816,matched,MATCHED_RicianLOS,Proposed_CA_CNN_RNND,1328,0.269336462020874,0.199883371591568,0.06945309601724148,
0,260816,matched,MATCHED_RicianLOS,Proposed_CA_CNN_RNND,1329,0.40454964339733124,0.31350027769804,0.09104936197400093,
0,260816,matched,MATCHED_RicianLOS,Proposed_CA_CNN_RNND,1330,0.48963505402207375,0.3744974359869957,0.11513762082904577,
0,260816,matched,MATCHED_RicianLOS,Proposed_CA_CNN_RNND,1331,0.4342440813779831,0.3275672607123852,0.10667682066559792,
0,260816,matched,MATCHED_RicianLOS,Proposed_CA_CNN_RNND,1332,0.37539656460285187,0.2815932556986809,0.09380331449210644,
0,260816,matched,MATCHED_RicianLOS,Proposed_CA_CNN_RNND,1333,0.38752327859401703,0.2919652536511421,0.09555802308022976,
0,260816,matched,MATCHED_RicianLOS,Proposed_CA_CNN_RNND,1334,0.41571491956710815,0.3148443289101124,0.10087059251964092,
0,260816,matched,MATCHED_RicianLOS,Proposed_CA_CNN_RNND,1335,0.43442197516560555,0.32662011310458183,0.10780187230557203,
0,260816,matched,MATCHED_RicianLOS,Proposed_CA_CNN_RNND,1336,0.4086548760533333,0.3074924126267433,0.10116247646510601,
0,260816,matched,MATCHED_RicianLOS,Proposed_CA_CNN_RNND,1337,0.21111684292554855,0.15817056968808174,0.05294627416878939,
0,260816,matched,MATCHED_RicianLOS,Proposed_CA_CNN_RNND,1338,0.40573495626449585,0.3044328987598419,0.10130205564200878,
0,260816,matched,MATCHED_RicianLOS,Proposed_CA_CNN_RNND,1339,0.3855447918176651,0.29718781262636185,0.08835697174072266,
0,260816,matched,MATCHED_RicianLOS,Proposed_CA_CNN_RNND,1340,0.4506451487541199,0.34175121784210205,0.10889392998069525,
0,260816,matched,MATCHED_RicianLOS,Proposed_CA_CNN_RNND,1341,0.252549909055233,0.1870010606944561,0.06554885301738977,
0,260816,matched,MATCHED_RicianLOS,Proposed_CA_CNN_RNND,1342,0.43698159605264664,0.33182617276906967,0.10515542142093182,
0,260816,matched,MATCHED_RicianLOS,Proposed_CA_CNN_RNND,1343,0.3603682108223438,0.27335013449192047,0.08701807260513306,
0,260816,matched,MATCHED_RicianLOS,Proposed_CA_CNN_RNND,1344,0.3697003982961178,0.2786919176578522,0.09100848063826561,
0,260816,matched,MATCHED_RicianLOS,Proposed_CA_CNN_RNND,1345,0.4200303666293621,0.31754584796726704,0.10248451121151447,
0,260816,matched,MATCHED_RicianLOS,Proposed_CA_CNN_RNND,1346,0.3209311254322529,0.24775207415223122,0.07317905500531197,
0,260816,matched,MATCHED_RicianLOS,Proposed_CA_CNN_RNND,1347,0.33170798420906067,0.24676566198468208,0.08494232408702374,
0,260816,matched,MATCHED_RicianLOS,Proposed_CA_CNN_RNND,1348,0.6080727279186249,0.46049539744853973,0.14757732674479485,
0,260816,matched,MATCHED_RicianLOS,Proposed_CA_CNN_RNND,1349,0.4974360764026642,0.3723757043480873,0.12506036832928658,
0,260816,matched,MATCHED_RicianLOS,Proposed_CA_CNN_RNND,1350,0.4795011952519417,0.36984679847955704,0.10965438932180405,
0,260816,matched,MATCHED_RicianLOS,Proposed_CA_CNN_RNND,1351,0.40678471326828003,0.30468687787652016,0.10209784284234047,
0,260816,matched,MATCHED_RicianLOS,Proposed_CA_CNN_RNND,1352,0.2802821584045887,0.21106990054249763,0.06921225413680077,
0,260816,matched,MATCHED_RicianLOS,Proposed_CA_CNN_RNND,1353,0.29684798792004585,0.22675641253590584,0.07009157910943031,
0,260816,matched,MATCHED_RicianLOS,Proposed_CA_CNN_RNND,1354,0.35218777507543564,0.2634667418897152,0.08872103877365589,
0,260816,matched,MATCHED_RicianLOS,Proposed_CA_CNN_RNND,1355,0.3261556513607502,0.25099164992570877,0.07516399957239628,
0,260816,matched,MATCHED_RicianLOS,Proposed_CA_CNN_RNND,1356,0.37329522520303726,0.28418588638305664,0.08910934161394835,
0,260816,matched,MATCHED_RicianLOS,Proposed_CA_CNN_RNND,1357,0.44842351600527763,0.3348300904035568,0.11359341442584991,
0,260816,matched,MATCHED_RicianLOS,Proposed_CA_CNN_RNND,1358,0.3324175216257572,0.24684301018714905,0.08557451330125332,
0,260816,matched,MATCHED_RicianLOS,Proposed_CA_CNN_RNND,1359,0.40461208671331406,0.30587088316679,0.09874120354652405,
0,260816,matched,MATCHED_RicianLOS,Proposed_CA_CNN_RNND,1360,0.3324812576174736,0.25120116770267487,0.08128009922802448,
0,260816,matched,MATCHED_RicianLOS,Proposed_CA_CNN_RNND,1361,0.3283493146300316,0.24875621497631073,0.079593101516366,
0,260816,matched,MATCHED_RicianLOS,Proposed_CA_CNN_RNND,1362,0.4762396849691868,0.36582300439476967,0.11041669640690088,
0,260816,matched,MATCHED_RicianLOS,Proposed_CA_CNN_RNND,1363,0.2708505429327488,0.20261610113084316,0.06823444366455078,
0,260816,matched,MATCHED_RicianLOS,Proposed_CA_CNN_RNND,1364,0.2908681109547615,0.22093286737799644,0.06993524730205536,
0,260816,matched,MATCHED_RicianLOS,Proposed_CA_CNN_RNND,1365,0.3912608176469803,0.29893552511930466,0.09232529532164335,
0,260816,matched,MATCHED_RicianLOS,Proposed_CA_CNN_RNND,1366,0.40794047713279724,0.3123456500470638,0.09559481684118509,
0,260816,matched,MATCHED_RicianLOS,Proposed_CA_CNN_RNND,1367,0.2803941182792187,0.20881347730755806,0.07158063910901546,
0,260816,matched,MATCHED_RicianLOS,Proposed_CA_CNN_RNND,1368,0.3641204312443733,0.2794410362839699,0.08467939496040344,
0,260816,matched,MATCHED_RicianLOS,Proposed_CA_CNN_RNND,1369,0.2695361189544201,0.20579812489449978,0.06373799964785576,
0,260816,matched,MATCHED_RicianLOS,Proposed_CA_CNN_RNND,1370,0.3355657495558262,0.25337282940745354,0.08219292387366295,
0,260816,matched,MATCHED_RicianLOS,Proposed_CA_CNN_RNND,1371,0.3047337047755718,0.23368707299232483,0.07104663085192442,
0,260816,matched,MATCHED_RicianLOS,Proposed_CA_CNN_RNND,1372,0.3809274286031723,0.2952166423201561,0.0857107862830162,
0,260816,matched,MATCHED_RicianLOS,Proposed_CA_CNN_RNND,1373,0.3210962489247322,0.24703898280858994,0.07405726239085197,
0,260816,matched,MATCHED_RicianLOS,Proposed_CA_CNN_RNND,1374,0.4593154639005661,0.35393770039081573,0.10537775792181492,
0,260816,matched,MATCHED_RicianLOS,Proposed_CA_CNN_RNND,1375,0.4358912408351898,0.3346398249268532,0.10125141590833664,
0,260816,matched,MATCHED_RicianLOS,Proposed_CA_CNN_RNND,1376,0.4277857542037964,0.31973477080464363,0.1080509815365076,
0,260816,matched,MATCHED_RicianLOS,Proposed_CA_CNN_RNND,1377,0.4054660387337208,0.3017475623637438,0.10371847357600927,
0,260816,matched,MATCHED_RicianLOS,Proposed_CA_CNN_RNND,1378,0.543675996363163,0.4178585782647133,0.1258174292743206,
0,260816,matched,MATCHED_RicianLOS,Proposed_CA_CNN_RNND,1379,0.4723019003868103,0.36630259454250336,0.10599930956959724,
0,260816,matched,MATCHED_RicianLOS,Proposed_CA_CNN_RNND,1380,0.42636219039559364,0.32482923567295074,0.10153294820338488,
0,260816,matched,MATCHED_RicianLOS,Proposed_CA_CNN_RNND,1381,0.4082416743040085,0.30789298564195633,0.10034867934882641,
0,260816,matched,MATCHED_RicianLOS,Proposed_CA_CNN_RNND,1382,0.4003601744771004,0.30769316107034683,0.09266701433807611,
0,260816,matched,MATCHED_RicianLOS,Proposed_CA_CNN_RNND,1383,0.37972528114914894,0.2886758930981159,0.09104937873780727,
0,260816,matched,MATCHED_RicianLOS,Proposed_CA_CNN_RNND,1384,0.4682205989956856,0.3588383197784424,0.10938227362930775,
0,260816,matched,MATCHED_RicianLOS,Proposed_CA_CNN_RNND,1385,0.34527216851711273,0.2681419737637043,0.07713020220398903,
0,260816,matched,MATCHED_RicianLOS,Proposed_CA_CNN_RNND,1386,0.27208446338772774,0.2025068663060665,0.06957759894430637,
0,260816,matched,MATCHED_RicianLOS,Proposed_CA_CNN_RNND,1387,0.5030917227268219,0.3863098546862602,0.11678185313940048,
0,260816,matched,MATCHED_RicianLOS,Proposed_CA_CNN_RNND,1388,0.30302121117711067,0.22816011123359203,0.07486109994351864,
0,260816,matched,MATCHED_RicianLOS,Proposed_CA_CNN_RNND,1389,0.32730431109666824,0.2456432618200779,0.0816610474139452,
0,260816,matched,MATCHED_RicianLOS,Proposed_CA_CNN_RNND,1390,0.4595004804432392,0.35397869348526,0.10552179533988237,
0,260816,matched,MATCHED_RicianLOS,Proposed_CA_CNN_RNND,1391,0.314836248755455,0.23846876621246338,0.07636748440563679,
0,260816,matched,MATCHED_RicianLOS,Proposed_CA_CNN_RNND,1392,0.4682875946164131,0.35794612392783165,0.11034147255122662,
0,260816,matched,MATCHED_RicianLOS,Proposed_CA_CNN_RNND,1393,0.38202815875411034,0.2906266786158085,0.09140148013830185,
0,260816,matched,MATCHED_RicianLOS,Proposed_CA_CNN_RNND,1394,0.3708779215812683,0.28350580111145973,0.08737212046980858,
0,260816,matched,MATCHED_RicianLOS,Proposed_CA_CNN_RNND,1395,0.2928226739168167,0.22676068171858788,0.06606199406087399,
0,260816,matched,MATCHED_RicianLOS,Proposed_CA_CNN_RNND,1396,0.41963891685009,0.32297077402472496,0.09666814096271992,
0,260816,matched,MATCHED_RicianLOS,Proposed_CA_CNN_RNND,1397,0.3929967097938061,0.3001232333481312,0.09287347458302975,
0,260816,matched,MATCHED_RicianLOS,Proposed_CA_CNN_RNND,1398,0.41784196719527245,0.31803055480122566,0.09981140121817589,
0,260816,matched,MATCHED_RicianLOS,Proposed_CA_CNN_RNND,1399,0.42386050522327423,0.3285096436738968,0.09535086154937744,
0,260816,matched,MATCHED_RicianLOS,Proposed_CA_CNN_RNND,1400,0.3588705249130726,0.27580345422029495,0.08306707069277763,-0.9185992066454072
0,260816,matched,MATCHED_RicianLOS,Proposed_CA_CNN_RNND,1401,0.3644690103828907,0.2750323489308357,0.08943665958940983,
0,260816,matched,MATCHED_RicianLOS,Proposed_CA_CNN_RNND,1402,0.25664645433425903,0.20013226196169853,0.056514193303883076,
0,260816,matched,MATCHED_RicianLOS,Proposed_CA_CNN_RNND,1403,0.35569918155670166,0.27358196675777435,0.08211720548570156,
0,260816,matched,MATCHED_RicianLOS,Proposed_CA_CNN_RNND,1404,0.3177510127425194,0.24500179290771484,0.07274921610951424,
0,260816,matched,MATCHED_RicianLOS,Proposed_CA_CNN_RNND,1405,0.4874556064605713,0.37968629598617554,0.1077693123370409,
0,260816,matched,MATCHED_RicianLOS,Proposed_CA_CNN_RNND,1406,0.4963502883911133,0.37896641343832016,0.11738386005163193,
0,260816,matched,MATCHED_RicianLOS,Proposed_CA_CNN_RNND,1407,0.3565038666129112,0.2733098641037941,0.08319399878382683,
0,260816,matched,MATCHED_RicianLOS,Proposed_CA_CNN_RNND,1408,0.4631989374756813,0.3516780659556389,0.11152087710797787,
0,260816,matched,MATCHED_RicianLOS,Proposed_CA_CNN_RNND,1409,0.4134141132235527,0.32136787846684456,0.09204624406993389,
0,260816,matched,MATCHED_RicianLOS,Proposed_CA_CNN_RNND,1410,0.37135539948940277,0.2853879779577255,0.0859674159437418,
0,260816,matched,MATCHED_RicianLOS,Proposed_CA_CNN_RNND,1411,0.39320508018136024,0.3017386794090271,0.09146639797836542,
0,260816,matched,MATCHED_RicianLOS,Proposed_CA_CNN_RNND,1412,0.5017768144607544,0.38843509554862976,0.11334171704947948,
0,260816,matched,MATCHED_RicianLOS,Proposed_CA_CNN_RNND,1413,0.36390959843993187,0.2756568565964699,0.08825274091213942,
0,260816,matched,MATCHED_RicianLOS,Proposed_CA_CNN_RNND,1414,0.36481498181819916,0.281579215079546,0.08323576673865318,
0,260816,matched,MATCHED_RicianLOS,Proposed_CA_CNN_RNND,1415,0.34827491641044617,0.2721768990159035,0.07609800714999437,
0,260816,matched,MATCHED_RicianLOS,Proposed_CA_CNN_RNND,1416,0.2851843908429146,0.22036892548203468,0.06481546349823475,
0,260816,matched,MATCHED_RicianLOS,Proposed_CA_CNN_RNND,1417,0.4870980679988861,0.38385147601366043,0.10324659198522568,
0,260816,matched,MATCHED_RicianLOS,Proposed_CA_CNN_RNND,1418,0.42757290229201317,0.3307284563779831,0.09684444591403008,
0,260816,matched,MATCHED_RicianLOS,Proposed_CA_CNN_RNND,1419,0.40866097807884216,0.3221738412976265,0.08648713864386082,
0,260816,matched,MATCHED_RicianLOS,Proposed_CA_CNN_RNND,1420,0.44933946430683136,0.34449784457683563,0.10484162718057632,
0,260816,matched,MATCHED_RicianLOS,Proposed_CA_CNN_RNND,1421,0.43405093997716904,0.3298901133239269,0.10416082479059696,
0,260816,matched,MATCHED_RicianLOS,Proposed_CA_CNN_RNND,1422,0.4191582128405571,0.3243917003273964,0.09476650133728981,
0,260816,matched,MATCHED_RicianLOS,Proposed_CA_CNN_RNND,1423,0.3516094833612442,0.2695940285921097,0.08201545663177967,
0,260816,matched,MATCHED_RicianLOS,Proposed_CA_CNN_RNND,1424,0.3406563587486744,0.25974922627210617,0.08090713527053595,
0,260816,matched,MATCHED_RicianLOS,Proposed_CA_CNN_RNND,1425,0.32415539771318436,0.24850725382566452,0.07564814295619726,
0,260816,matched,MATCHED_RicianLOS,Proposed_CA_CNN_RNND,1426,0.34299370646476746,0.2561056800186634,0.08688803017139435,
0,260816,matched,MATCHED_RicianLOS,Proposed_CA_CNN_RNND,1427,0.5187764167785645,0.4054750129580498,0.1133014215156436,
0,260816,matched,MATCHED_RicianLOS,Proposed_CA_CNN_RNND,1428,0.3582039922475815,0.27438582479953766,0.08381817117333412,
0,260816,matched,MATCHED_RicianLOS,Proposed_CA_CNN_RNND,1429,0.38802358508110046,0.298490509390831,0.08953306637704372,
0,260816,matched,MATCHED_RicianLOS,Proposed_CA_CNN_RNND,1430,0.34720200300216675,0.27108584716916084,0.07611616281792521,
0,260816,matched,MATCHED_RicianLOS,Proposed_CA_CNN_RNND,1431,0.390180341899395,0.29550860822200775,0.09467173926532269,
0,260816,matched,MATCHED_RicianLOS,Proposed_CA_CNN_RNND,1432,0.4063240960240364,0.31414178386330605,0.09218230843544006,
0,260816,matched,MATCHED_RicianLOS,Proposed_CA_CNN_RNND,1433,0.33612267300486565,0.25970078632235527,0.07642188388854265,
0,260816,matched,MATCHED_RicianLOS,Proposed_CA_CNN_RNND,1434,0.3580990210175514,0.2794872708618641,0.0786117548123002,
0,260816,matched,MATCHED_RicianLOS,Proposed_CA_CNN_RNND,1435,0.4940003231167793,0.37843089550733566,0.11556942760944366,
0,260816,matched,MATCHED_RicianLOS,Proposed_CA_CNN_RNND,1436,0.40842727199196815,0.31415486708283424,0.09427239932119846,
0,260816,matched,MATCHED_RicianLOS,Proposed_CA_CNN_RNND,1437,0.4119957685470581,0.3152051195502281,0.09679065085947514,
0,260816,matched,MATCHED_RicianLOS,Proposed_CA_CNN_RNND,1438,0.38504233211278915,0.29402750730514526,0.09101481549441814,
0,260816,matched,MATCHED_RicianLOS,Proposed_CA_CNN_RNND,1439,0.36908478289842606,0.28624533116817474,0.08283944614231586,
0,260816,matched,MATCHED_RicianLOS,Proposed_CA_CNN_RNND,1440,0.3505390025675297,0.2738110199570656,0.0767279826104641,
0,260816,matched,MATCHED_RicianLOS,Proposed_CA_CNN_RNND,1441,0.34412717819213867,0.2680649980902672,0.07606217451393604,
0,260816,matched,MATCHED_RicianLOS,Proposed_CA_CNN_RNND,1442,0.45573607832193375,0.35128995403647423,0.10444612987339497,
0,260816,matched,MATCHED_RicianLOS,Proposed_CA_CNN_RNND,1443,0.28888170421123505,0.22043469920754433,0.06844701245427132,
0,260816,matched,MATCHED_RicianLOS,Proposed_CA_CNN_RNND,1444,0.21307788416743279,0.1642250344157219,0.04885284882038832,
0,260816,matched,MATCHED_RicianLOS,Proposed_CA_CNN_RNND,1445,0.41651732474565506,0.3183894008398056,0.09812792669981718,
0,260816,matched,MATCHED_RicianLOS,Proposed_CA_CNN_RNND,1446,0.4100595787167549,0.3172054924070835,0.09285408724099398,
0,260816,matched,MATCHED_RicianLOS,Proposed_CA_CNN_RNND,1447,0.4859922528266907,0.36831437051296234,0.11767786741256714,
0,260816,matched,MATCHED_RicianLOS,Proposed_CA_CNN_RNND,1448,0.44049477204680443,0.3417568653821945,0.09873788896948099,
0,260816,matched,MATCHED_RicianLOS,Proposed_CA_CNN_RNND,1449,0.3144784942269325,0.24379291385412216,0.07068557571619749,
0,260816,matched,MATCHED_RicianLOS,Proposed_CA_CNN_RNND,1450,0.4671938642859459,0.3620000407099724,0.10519382543861866,
0,260816,matched,MATCHED_RicianLOS,Proposed_CA_CNN_RNND,1451,0.3716363199055195,0.28774064406752586,0.0838956655934453,
0,260816,matched,MATCHED_RicianLOS,Proposed_CA_CNN_RNND,1452,0.46747031062841415,0.3626891225576401,0.10478118993341923,
0,260816,matched,MATCHED_RicianLOS,Proposed_CA_CNN_RNND,1453,0.45668672770261765,0.35495414212346077,0.1017325771972537,
0,260816,matched,MATCHED_RicianLOS,Proposed_CA_CNN_RNND,1454,0.3949114978313446,0.30821121856570244,0.08670028019696474,
0,260816,matched,MATCHED_RicianLOS,Proposed_CA_CNN_RNND,1455,0.5195006728172302,0.40298622846603394,0.11651443876326084,
0,260816,matched,MATCHED_RicianLOS,Proposed_CA_CNN_RNND,1456,0.3043823130428791,0.236032847315073,0.06834946759045124,
0,260816,matched,MATCHED_RicianLOS,Proposed_CA_CNN_RNND,1457,0.4361857697367668,0.33809785544872284,0.09808791056275368,
0,260816,matched,MATCHED_RicianLOS,Proposed_CA_CNN_RNND,1458,0.33415841683745384,0.26624593511223793,0.06791249290108681,
0,260816,matched,MATCHED_RicianLOS,Proposed_CA_CNN_RNND,1459,0.27274467423558235,0.2103460729122162,0.062398605048656464,
0,260816,matched,MATCHED_RicianLOS,Proposed_CA_CNN_RNND,1460,0.2951698638498783,0.2313922494649887,0.06377761531621218,
0,260816,matched,MATCHED_RicianLOS,Proposed_CA_CNN_RNND,1461,0.31977391242980957,0.24998672306537628,0.06978718936443329,
0,260816,matched,MATCHED_RicianLOS,Proposed_CA_CNN_RNND,1462,0.29557205736637115,0.2360953949391842,0.059476664289832115,
0,260816,matched,MATCHED_RicianLOS,Proposed_CA_CNN_RNND,1463,0.3734763599932194,0.28265799954533577,0.09081835113465786,
0,260816,matched,MATCHED_RicianLOS,Proposed_CA_CNN_RNND,1464,0.35144732147455215,0.2668292596936226,0.08461805991828442,
0,260816,matched,MATCHED_RicianLOS,Proposed_CA_CNN_RNND,1465,0.39527328312397003,0.30301832035183907,0.09225497394800186,
0,260816,matched,MATCHED_RicianLOS,Proposed_CA_CNN_RNND,1466,0.42088326811790466,0.33252255246043205,0.08836071938276291,
0,260816,matched,MATCHED_RicianLOS,Proposed_CA_CNN_RNND,1467,0.4048839807510376,0.31491997838020325,0.0899639967828989,
0,260816,matched,MATCHED_RicianLOS,Proposed_CA_CNN_RNND,1468,0.40272581949830055,0.3058891352266073,0.09683668706566095,
0,260816,matched,MATCHED_RicianLOS,Proposed_CA_CNN_RNND,1469,0.4435913413763046,0.3457855135202408,0.0978058185428381,
0,260816,matched,MATCHED_RicianLOS,Proposed_CA_CNN_RNND,1470,0.4827715530991554,0.3762778602540493,0.10649370029568672,
0,260816,matched,MATCHED_RicianLOS,Proposed_CA_CNN_RNND,1471,0.43999961018562317,0.34811627864837646,0.091883335262537,
0,260816,matched,MATCHED_RicianLOS,Proposed_CA_CNN_RNND,1472,0.3688053786754608,0.28936057910323143,0.07944480143487453,
0,260816,matched,MATCHED_RicianLOS,Proposed_CA_CNN_RNND,1473,0.3932514972984791,0.30701185390353203,0.08623963966965675,
0,260816,matched,MATCHED_RicianLOS,Proposed_CA_CNN_RNND,1474,0.3001423478126526,0.23380964994430542,0.06633270345628262,
0,260816,matched,MATCHED_RicianLOS,Proposed_CA_CNN_RNND,1475,0.3837876096367836,0.303048737347126,0.08073887601494789,
0,260816,matched,MATCHED_RicianLOS,Proposed_CA_CNN_RNND,1476,0.4240555167198181,0.3329201489686966,0.09113536216318607,
0,260816,matched,MATCHED_RicianLOS,Proposed_CA_CNN_RNND,1477,0.20029271766543388,0.15835169330239296,0.04194102808833122,
0,260816,matched,MATCHED_RicianLOS,Proposed_CA_CNN_RNND,1478,0.2548205889761448,0.19831031933426857,0.05651026964187622,
0,260816,matched,MATCHED_RicianLOS,Proposed_CA_CNN_RNND,1479,0.3243037685751915,0.24915878474712372,0.07514498196542263,
0,260816,matched,MATCHED_RicianLOS,Proposed_CA_CNN_RNND,1480,0.4499526396393776,0.34746576100587845,0.102486876770854,
0,260816,matched,MATCHED_RicianLOS,Proposed_CA_CNN_RNND,1481,0.40837373584508896,0.3164872005581856,0.09188653901219368,
0,260816,matched,MATCHED_RicianLOS,Proposed_CA_CNN_RNND,1482,0.2846088260412216,0.2267831787467003,0.05782564263790846,
0,260816,matched,MATCHED_RicianLOS,Proposed_CA_CNN_RNND,1483,0.3747393526136875,0.2939835637807846,0.08075578603893518,
0,260816,matched,MATCHED_RicianLOS,Proposed_CA_CNN_RNND,1484,0.30826449766755104,0.23774853721261024,0.0705159567296505,
0,260816,matched,MATCHED_RicianLOS,Proposed_CA_CNN_RNND,1485,0.509086012840271,0.3891636021435261,0.11992241255939007,
0,260816,matched,MATCHED_RicianLOS,Proposed_CA_CNN_RNND,1486,0.456026092171669,0.354616180062294,0.1014099083840847,
0,260816,matched,MATCHED_RicianLOS,Proposed_CA_CNN_RNND,1487,0.5062513574957848,0.4042757898569107,0.1019755732268095,
0,260816,matched,MATCHED_RicianLOS,Proposed_CA_CNN_RNND,1488,0.2953624203801155,0.2355148121714592,0.05984760820865631,
0,260816,matched,MATCHED_RicianLOS,Proposed_CA_CNN_RNND,1489,0.46397966146469116,0.3631376624107361,0.10084199905395508,
0,260816,matched,MATCHED_RicianLOS,Proposed_CA_CNN_RNND,1490,0.29630089923739433,0.23300905153155327,0.06329184677451849,
0,260816,matched,MATCHED_RicianLOS,Proposed_CA_CNN_RNND,1491,0.4183276742696762,0.3248515799641609,0.09347608685493469,
0,260816,matched,MATCHED_RicianLOS,Proposed_CA_CNN_RNND,1492,0.36282817274332047,0.28989818692207336,0.07292999420315027,
0,260816,matched,MATCHED_RicianLOS,Proposed_CA_CNN_RNND,1493,0.4030039384961128,0.3073553256690502,0.09564861375838518,
0,260816,matched,MATCHED_RicianLOS,Proposed_CA_CNN_RNND,1494,0.17672225460410118,0.14224028959870338,0.03448196221143007,
0,260816,matched,MATCHED_RicianLOS,Proposed_CA_CNN_RNND,1495,0.5460361540317535,0.4213441535830498,0.12469200789928436,
0,260816,matched,MATCHED_RicianLOS,Proposed_CA_CNN_RNND,1496,0.2906483933329582,0.223607886582613,0.06704051233828068,
0,260816,matched,MATCHED_RicianLOS,Proposed_CA_CNN_RNND,1497,0.3931867405772209,0.3022524081170559,0.09093433152884245,
0,260816,matched,MATCHED_RicianLOS,Proposed_CA_CNN_RNND,1498,0.39346443861722946,0.3075971156358719,0.08586732298135757,
0,260816,matched,MATCHED_RicianLOS,Proposed_CA_CNN_RNND,1499,0.4073040969669819,0.321919322013855,0.08538477681577206,
0,260816,matched,MATCHED_RicianLOS,Proposed_CA_CNN_RNND,1500,0.2895590364933014,0.22843613475561142,0.06112290173768997,
0,260816,matched,MATCHED_RicianLOS,Proposed_CA_CNN_RNND,1501,0.22978688031435013,0.17693176865577698,0.05285510886460543,
0,260816,matched,MATCHED_RicianLOS,Proposed_CA_CNN_RNND,1502,0.4555494636297226,0.3546333722770214,0.10091608017683029,
0,260816,matched,MATCHED_RicianLOS,Proposed_CA_CNN_RNND,1503,0.4809935837984085,0.3743889555335045,0.10660462640225887,
0,260816,matched,MATCHED_RicianLOS,Proposed_CA_CNN_RNND,1504,0.41368140280246735,0.32051583006978035,0.09316557459533215,
0,260816,matched,MATCHED_RicianLOS,Proposed_CA_CNN_RNND,1505,0.3530484139919281,0.27461256831884384,0.07843584660440683,
0,260816,matched,MATCHED_RicianLOS,Proposed_CA_CNN_RNND,1506,0.4020360894501209,0.3123786225914955,0.08965746872127056,
0,260816,matched,MATCHED_RicianLOS,Proposed_CA_CNN_RNND,1507,0.3967200927436352,0.3105988036841154,0.08612127788364887,
0,260816,matched,MATCHED_RicianLOS,Proposed_CA_CNN_RNND,1508,0.31845732405781746,0.2504923418164253,0.06796497851610184,
0,260816,matched,MATCHED_RicianLOS,Proposed_CA_CNN_RNND,1509,0.46486300230026245,0.36176174879074097,0.10310126468539238,
0,260816,matched,MATCHED_RicianLOS,Proposed_CA_CNN_RNND,1510,0.4085050895810127,0.3199516609311104,0.08855342958122492,
0,260816,matched,MATCHED_RicianLOS,Proposed_CA_CNN_RNND,1511,0.45241744816303253,0.35635025054216385,0.09606719948351383,
0,260816,matched,MATCHED_RicianLOS,Proposed_CA_CNN_RNND,1512,0.4546806812286377,0.35274990648031235,0.10193076729774475,
0,260816,matched,MATCHED_RicianLOS,Proposed_CA_CNN_RNND,1513,0.41028929874300957,0.3271634504199028,0.08312584925442934,
0,260816,matched,MATCHED_RicianLOS,Proposed_CA_CNN_RNND,1514,0.46658720821142197,0.3650340214371681,0.101553188636899,
0,260816,matched,MATCHED_RicianLOS,Proposed_CA_CNN_RNND,1515,0.3277924060821533,0.25989146903157234,0.06790092773735523,
0,260816,matched,MATCHED_RicianLOS,Proposed_CA_CNN_RNND,1516,0.3801753409206867,0.29962582141160965,0.08054951252415776,
0,260816,matched,MATCHED_RicianLOS,Proposed_CA_CNN_RNND,1517,0.3003198876976967,0.24282760173082352,0.05749229155480862,
0,260816,matched,MATCHED_RicianLOS,Proposed_CA_CNN_RNND,1518,0.290534071624279,0.226158257573843,0.0643758149817586,
0,260816,matched,MATCHED_RicianLOS,Proposed_CA_CNN_RNND,1519,0.3507722020149231,0.2732349708676338,0.07753722742199898,
0,260816,matched,MATCHED_RicianLOS,Proposed_CA_CNN_RNND,1520,0.35298170149326324,0.27984553575515747,0.07313616294413805,
0,260816,matched,MATCHED_RicianLOS,Proposed_CA_CNN_RNND,1521,0.39604704082012177,0.31373611465096474,0.08231092570349574,
0,260816,matched,MATCHED_RicianLOS,Proposed_CA_CNN_RNND,1522,0.5169098973274231,0.400465726852417,0.1164441667497158,
0,260816,matched,MATCHED_RicianLOS,Proposed_CA_CNN_RNND,1523,0.35734347999095917,0.2811651788651943,0.07617830578237772,
0,260816,matched,MATCHED_RicianLOS,Proposed_CA_CNN_RNND,1524,0.48391156643629074,0.3694205731153488,0.11449099890887737,
0,260816,matched,MATCHED_RicianLOS,Proposed_CA_CNN_RNND,1525,0.34758801758289337,0.2746146619319916,0.07297334680333734,
0,260816,matched,MATCHED_RicianLOS,Proposed_CA_CNN_RNND,1526,0.41244061663746834,0.32739562541246414,0.08504498610273004,
0,260816,matched,MATCHED_RicianLOS,Proposed_CA_CNN_RNND,1527,0.3413119614124298,0.2715822923928499,0.06972967693582177,
0,260816,matched,MATCHED_RicianLOS,Proposed_CA_CNN_RNND,1528,0.41412167251110077,0.32224857434630394,0.09187310747802258,
0,260816,matched,MATCHED_RicianLOS,Proposed_CA_CNN_RNND,1529,0.42226943001151085,0.33012065663933754,0.09214878641068935,
0,260816,matched,MATCHED_RicianLOS,Proposed_CA_CNN_RNND,1530,0.3666951209306717,0.2884087711572647,0.07828634697943926,
0,260816,matched,MATCHED_RicianLOS,Proposed_CA_CNN_RNND,1531,0.266476109623909,0.20797512121498585,0.0585009902715683,
0,260816,matched,MATCHED_RicianLOS,Proposed_CA_CNN_RNND,1532,0.33619143813848495,0.26567037776112556,0.07052105758339167,
0,260816,matched,MATCHED_RicianLOS,Proposed_CA_CNN_RNND,1533,0.40129468590021133,0.31411153450608253,0.0871831476688385,
0,260816,matched,MATCHED_RicianLOS,Proposed_CA_CNN_RNND,1534,0.44145743548870087,0.3472864627838135,0.09417097456753254,
0,260816,matched,MATCHED_RicianLOS,Proposed_CA_CNN_RNND,1535,0.42727260664105415,0.33048786222934723,0.0967847490683198,
0,260816,matched,MATCHED_RicianLOS,Proposed_CA_CNN_RNND,1536,0.3629268407821655,0.2836393937468529,0.0792874414473772,
0,260816,matched,MATCHED_RicianLOS,Proposed_CA_CNN_RNND,1537,0.39647234231233597,0.31144503131508827,0.08502729702740908,
0,260816,matched,MATCHED_RicianLOS,Proposed_CA_CNN_RNND,1538,0.26017118990421295,0.2069339156150818,0.05323726823553443,
0,260816,matched,MATCHED_RicianLOS,Proposed_CA_CNN_RNND,1539,0.18293975666165352,0.14801177754998207,0.03492797911167145,
0,260816,matched,MATCHED_RicianLOS,Proposed_CA_CNN_RNND,1540,0.3451186828315258,0.2739683464169502,0.071150335483253,
0,260816,matched,MATCHED_RicianLOS,Proposed_CA_CNN_RNND,1541,0.38247814774513245,0.30345558375120163,0.07902257144451141,
0,260816,matched,MATCHED_RicianLOS,Proposed_CA_CNN_RNND,1542,0.30870921164751053,0.2477688267827034,0.06094038300216198,
0,260816,matched,MATCHED_RicianLOS,Proposed_CA_CNN_RNND,1543,0.2054319977760315,0.1644113678485155,0.04102062899619341,
0,260816,matched,MATCHED_RicianLOS,Proposed_CA_CNN_RNND,1544,0.4129471555352211,0.32294244319200516,0.0900047030299902,
0,260816,matched,MATCHED_RicianLOS,Proposed_CA_CNN_RNND,1545,0.28971610963344574,0.22865582257509232,0.061060285195708275,
0,260816,matched,MATCHED_RicianLOS,Proposed_CA_CNN_RNND,1546,0.26279719173908234,0.21175146475434303,0.0510457307100296,
0,260816,matched,MATCHED_RicianLOS,Proposed_CA_CNN_RNND,1547,0.458966962993145,0.35653029195964336,0.10243667289614677,
0,260816,matched,MATCHED_RicianLOS,Proposed_CA_CNN_RNND,1548,0.42810183390975,0.3299359939992428,0.09816584177315235,
0,260816,matched,MATCHED_RicianLOS,Proposed_CA_CNN_RNND,1549,0.381935752928257,0.3045899271965027,0.07734583038836718,
0,260816,matched,MATCHED_RicianLOS,Proposed_CA_CNN_RNND,1550,0.38219111785292625,0.2932222783565521,0.08896883949637413,
0,260816,matched,MATCHED_RicianLOS,Proposed_CA_CNN_RNND,1551,0.4277465492486954,0.3414146229624748,0.0863319169729948,
0,260816,matched,MATCHED_RicianLOS,Proposed_CA_CNN_RNND,1552,0.38588768243789673,0.3058660551905632,0.08002163842320442,
0,260816,matched,MATCHED_RicianLOS,Proposed_CA_CNN_RNND,1553,0.2274697609245777,0.18643510714173317,0.04103465657681227,
0,260816,matched,MATCHED_RicianLOS,Proposed_CA_CNN_RNND,1554,0.35605811700224876,0.2861300893127918,0.06992802862077951,
0,260816,matched,MATCHED_RicianLOS,Proposed_CA_CNN_RNND,1555,0.3691467121243477,0.29830484464764595,0.07084187027066946,
0,260816,matched,MATCHED_RicianLOS,Proposed_CA_CNN_RNND,1556,0.31264371797442436,0.24843448027968407,0.06420923396945,
0,260816,matched,MATCHED_RicianLOS,Proposed_CA_CNN_RNND,1557,0.3548337109386921,0.2851499356329441,0.06968377623707056,
0,260816,matched,MATCHED_RicianLOS,Proposed_CA_CNN_RNND,1558,0.47073252499103546,0.36787673085927963,0.10285578668117523,
0,260816,matched,MATCHED_RicianLOS,Proposed_CA_CNN_RNND,1559,0.4885435104370117,0.37737538665533066,0.11116812843829393,
0,260816,matched,MATCHED_RicianLOS,Proposed_CA_CNN_RNND,1560,0.25897078216075897,0.21088460087776184,0.04808617848902941,
0,260816,matched,MATCHED_RicianLOS,Proposed_CA_CNN_RNND,1561,0.4462858811020851,0.3435293287038803,0.1027565561234951,
0,260816,matched,MATCHED_RicianLOS,Proposed_CA_CNN_RNND,1562,0.3179810605943203,0.2526635341346264,0.06531752832233906,
0,260816,matched,MATCHED_RicianLOS,Proposed_CA_CNN_RNND,1563,0.32553625106811523,0.25681081786751747,0.06872543226927519,
0,260816,matched,MATCHED_RicianLOS,Proposed_CA_CNN_RNND,1564,0.4391966760158539,0.34771527349948883,0.09148140624165535,
0,260816,matched,MATCHED_RicianLOS,Proposed_CA_CNN_RNND,1565,0.4630877859890461,0.3634525090456009,0.09963528160005808,
0,260816,matched,MATCHED_RicianLOS,Proposed_CA_CNN_RNND,1566,0.27781832963228226,0.22586265206336975,0.05195567989721894,
0,260816,matched,MATCHED_RicianLOS,Proposed_CA_CNN_RNND,1567,0.5168205201625824,0.4014468304812908,0.11537369713187218,
0,260816,matched,MATCHED_RicianLOS,Proposed_CA_CNN_RNND,1568,0.25959913432598114,0.2135728970170021,0.046026239171624184,
0,260816,matched,MATCHED_RicianLOS,Proposed_CA_CNN_RNND,1569,0.2952856868505478,0.23970702290534973,0.05557866767048836,
0,260816,matched,MATCHED_RicianLOS,Proposed_CA_CNN_RNND,1570,0.4592147171497345,0.35859761014580727,0.10061710420995951,
0,260816,matched,MATCHED_RicianLOS,Proposed_CA_CNN_RNND,1571,0.40150927007198334,0.30509108304977417,0.09641820332035422,
0,260816,matched,MATCHED_RicianLOS,Proposed_CA_CNN_RNND,1572,0.36571212112903595,0.28764837235212326,0.07806374784559011,
0,260816,matched,MATCHED_RicianLOS,Proposed_CA_CNN_RNND,1573,0.26151250675320625,0.20977090299129486,0.05174159863963723,
0,260816,matched,MATCHED_RicianLOS,Proposed_CA_CNN_RNND,1574,0.3276067227125168,0.25925443321466446,0.06835228949785233,
0,260816,matched,MATCHED_RicianLOS,Proposed_CA_CNN_RNND,1575,0.2489839307963848,0.20463331043720245,0.044350617565214634,
0,260816,matched,MATCHED_RicianLOS,Proposed_CA_CNN_RNND,1576,0.4786917194724083,0.3731480613350868,0.10554365534335375,
0,260816,matched,MATCHED_RicianLOS,Proposed_CA_CNN_RNND,1577,0.3306596465408802,0.2673037089407444,0.06335593340918422,
0,260816,matched,MATCHED_RicianLOS,Proposed_CA_CNN_RNND,1578,0.2795230969786644,0.22093081660568714,0.05859227804467082,
0,260816,matched,MATCHED_RicianLOS,Proposed_CA_CNN_RNND,1579,0.24847428873181343,0.20189649797976017,0.0465777930803597,
0,260816,matched,MATCHED_RicianLOS,Proposed_CA_CNN_RNND,1580,0.38612669706344604,0.3075094074010849,0.07861728593707085,
0,260816,matched,MATCHED_RicianLOS,Proposed_CA_CNN_RNND,1581,0.336150411516428,0.2656531371176243,0.07049726881086826,
0,260816,matched,MATCHED_RicianLOS,Proposed_CA_CNN_RNND,1582,0.3568715304136276,0.2861410900950432,0.070730437990278,
0,260816,matched,MATCHED_RicianLOS,Proposed_CA_CNN_RNND,1583,0.35904843360185623,0.28868892788887024,0.07035950105637312,
0,260816,matched,MATCHED_RicianLOS,Proposed_CA_CNN_RNND,1584,0.27451496198773384,0.22348670661449432,0.051028250716626644,
0,260816,matched,MATCHED_RicianLOS,Proposed_CA_CNN_RNND,1585,0.2865130454301834,0.23209350183606148,0.05441954545676708,
0,260816,matched,MATCHED_RicianLOS,Proposed_CA_CNN_RNND,1586,0.5122434943914413,0.39305751770734787,0.11918598413467407,
0,260816,matched,MATCHED_RicianLOS,Proposed_CA_CNN_RNND,1587,0.4256783202290535,0.32713643461465836,0.09854187397286296,
0,260816,matched,MATCHED_RicianLOS,Proposed_CA_CNN_RNND,1588,0.4230015501379967,0.3242112323641777,0.09879031497985125,
0,260816,matched,MATCHED_RicianLOS,Proposed_CA_CNN_RNND,1589,0.31606970727443695,0.2532900497317314,0.06277965381741524,
0,260816,matched,MATCHED_RicianLOS,Proposed_CA_CNN_RNND,1590,0.26781057193875313,0.21913189813494682,0.04867867100983858,
0,260816,matched,MATCHED_RicianLOS,Proposed_CA_CNN_RNND,1591,0.35481634736061096,0.27892737090587616,0.0758889727294445,
0,260816,matched,MATCHED_RicianLOS,Proposed_CA_CNN_RNND,1592,0.3579476922750473,0.27843815833330154,0.07950953580439091,
0,260816,matched,MATCHED_RicianLOS,Proposed_CA_CNN_RNND,1593,0.45173633843660355,0.3529631830751896,0.0987731534987688,
0,260816,matched,MATCHED_RicianLOS,Proposed_CA_CNN_RNND,1594,0.3648611456155777,0.2921844646334648,0.07267667725682259,
0,260816,matched,MATCHED_RicianLOS,Proposed_CA_CNN_RNND,1595,0.43854352459311485,0.3534279018640518,0.08511561807245016,
0,260816,matched,MATCHED_RicianLOS,Proposed_CA_CNN_RNND,1596,0.33126192539930344,0.2594992592930794,0.0717626721598208,
0,260816,matched,MATCHED_RicianLOS,Proposed_CA_CNN_RNND,1597,0.49001386761665344,0.3843104727566242,0.10570338182151318,
0,260816,matched,MATCHED_RicianLOS,Proposed_CA_CNN_RNND,1598,0.2944398447871208,0.2330814003944397,0.06135844253003597,
0,260816,matched,MATCHED_RicianLOS,Proposed_CA_CNN_RNND,1599,0.20614013075828552,0.17102929390966892,0.035110830795019865,
0,260816,matched,MATCHED_RicianLOS,Proposed_CA_CNN_RNND,1600,0.2500488981604576,0.20269063115119934,0.04735826747491956,-0.9962360912120931
0,260816,matched,MATCHED_RicianLOS,Proposed_CA_CNN_RNND,1601,0.36423757672309875,0.29118357226252556,0.07305400352925062,
0,260816,matched,MATCHED_RicianLOS,Proposed_CA_CNN_RNND,1602,0.3206975907087326,0.26157889142632484,0.059118703939020634,
0,260816,matched,MATCHED_RicianLOS,Proposed_CA_CNN_RNND,1603,0.33113954961299896,0.26427099853754044,0.066868563182652,
0,260816,matched,MATCHED_RicianLOS,Proposed_CA_CNN_RNND,1604,0.4193408749997616,0.32596103101968765,0.09337983606383204,
0,260816,matched,MATCHED_RicianLOS,Proposed_CA_CNN_RNND,1605,0.40140870213508606,0.31889713555574417,0.08251155819743872,
0,260816,matched,MATCHED_RicianLOS,Proposed_CA_CNN_RNND,1606,0.3248343877494335,0.2596961595118046,0.06513822777196765,
0,260816,matched,MATCHED_RicianLOS,Proposed_CA_CNN_RNND,1607,0.5159396007657051,0.40568722784519196,0.11025238037109375,
0,260816,matched,MATCHED_RicianLOS,Proposed_CA_CNN_RNND,1608,0.3329509496688843,0.2684459201991558,0.06450502574443817,
0,260816,matched,MATCHED_RicianLOS,Proposed_CA_CNN_RNND,1609,0.44184446334838867,0.339298740029335,0.10254573076963425,
0,260816,matched,MATCHED_RicianLOS,Proposed_CA_CNN_RNND,1610,0.36760077625513077,0.2827093116939068,0.08489145897328854,
0,260816,matched,MATCHED_RicianLOS,Proposed_CA_CNN_RNND,1611,0.4064270853996277,0.318055622279644,0.08837146777659655,
0,260816,matched,MATCHED_RicianLOS,Proposed_CA_CNN_RNND,1612,0.3128114491701126,0.2494815979152918,0.0633298521861434,
0,260816,matched,MATCHED_RicianLOS,Proposed_CA_CNN_RNND,1613,0.44076308235526085,0.34670429676771164,0.09405877720564604,
0,260816,matched,MATCHED_RicianLOS,Proposed_CA_CNN_RNND,1614,0.4379189684987068,0.3500334173440933,0.08788555953651667,
0,260816,matched,MATCHED_RicianLOS,Proposed_CA_CNN_RNND,1615,0.38507894799113274,0.2997188828885555,0.08536005951464176,
0,260816,matched,MATCHED_RicianLOS,Proposed_CA_CNN_RNND,1616,0.2468150146305561,0.20008012279868126,0.04673488950356841,
0,260816,matched,MATCHED_RicianLOS,Proposed_CA_CNN_RNND,1617,0.34886592626571655,0.28024911880493164,0.06861680373549461,
0,260816,matched,MATCHED_RicianLOS,Proposed_CA_CNN_RNND,1618,0.38401227816939354,0.30736249685287476,0.07664978969842196,
0,260816,matched,MATCHED_RicianLOS,Proposed_CA_CNN_RNND,1619,0.3088502921164036,0.24674513936042786,0.06210514064878225,
0,260816,matched,MATCHED_RicianLOS,Proposed_CA_CNN_RNND,1620,0.329248771071434,0.2667393796145916,0.06250938307493925,
0,260816,matched,MATCHED_RicianLOS,Proposed_CA_CNN_RNND,1621,0.46111833304166794,0.35812854021787643,0.10298978723585606,
0,260816,matched,MATCHED_RicianLOS,Proposed_CA_CNN_RNND,1622,0.31742510944604874,0.25813111290335655,0.059293994680047035,
0,260816,matched,MATCHED_RicianLOS,Proposed_CA_CNN_RNND,1623,0.4357282184064388,0.3392644450068474,0.09646376501768827,
0,260816,matched,MATCHED_RicianLOS,Proposed_CA_CNN_RNND,1624,0.3605837970972061,0.28368134424090385,0.07690245704725385,
0,260816,matched,MATCHED_RicianLOS,Proposed_CA_CNN_RNND,1625,0.20283465459942818,0.17016389966011047,0.03267075680196285,
0,260816,matched,MATCHED_RicianLOS,Proposed_CA_CNN_RNND,1626,0.546684630215168,0.4167163148522377,0.1299683153629303,
0,260816,matched,MATCHED_RicianLOS,Proposed_CA_CNN_RNND,1627,0.3517807126045227,0.2833098769187927,0.068470842204988,
0,260816,matched,MATCHED_RicianLOS,Proposed_CA_CNN_RNND,1628,0.2798980474472046,0.2287891674786806,0.05110887112095952,
0,260816,matched,MATCHED_RicianLOS,Proposed_CA_CNN_RNND,1629,0.43921253830194473,0.3532016649842262,0.0860108733177185,
0,260816,matched,MATCHED_RicianLOS,Proposed_CA_CNN_RNND,1630,0.3407307118177414,0.26766685768961906,0.0730638550594449,
0,260816,matched,MATCHED_RicianLOS,Proposed_CA_CNN_RNND,1631,0.46373623609542847,0.3672775775194168,0.09645866230130196,
0,260816,matched,MATCHED_RicianLOS,Proposed_CA_CNN_RNND,1632,0.37723061442375183,0.29929524660110474,0.07793536689132452,
0,260816,matched,MATCHED_RicianLOS,Proposed_CA_CNN_RNND,1633,0.3716013543307781,0.28850124031305313,0.08310011029243469,
0,260816,matched,MATCHED_RicianLOS,Proposed_CA_CNN_RNND,1634,0.4338713064789772,0.3447696641087532,0.0891016460955143,
0,260816,matched,MATCHED_RicianLOS,Proposed_CA_CNN_RNND,1635,0.3135949783027172,0.2531733363866806,0.060421647503972054,
0,260816,matched,MATCHED_RicianLOS,Proposed_CA_CNN_RNND,1636,0.3577563352882862,0.2832521125674248,0.07450421527028084,
0,260816,matched,MATCHED_RicianLOS,Proposed_CA_CNN_RNND,1637,0.4532509706914425,0.361869715154171,0.09138125367462635,
0,260816,matched,MATCHED_RicianLOS,Proposed_CA_CNN_RNND,1638,0.391705647110939,0.31567252799868584,0.07603311538696289,
0,260816,matched,MATCHED_RicianLOS,Proposed_CA_CNN_RNND,1639,0.19437991455197334,0.15995291247963905,0.03442700486630201,
0,260816,matched,MATCHED_RicianLOS,Proposed_CA_CNN_RNND,1640,0.2996366247534752,0.24212808161973953,0.05750854220241308,
0,260816,matched,MATCHED_RicianLOS,Proposed_CA_CNN_RNND,1641,0.4260752871632576,0.3364192098379135,0.08965607453137636,
0,260816,matched,MATCHED_RicianLOS,Proposed_CA_CNN_RNND,1642,0.4043857604265213,0.32526277005672455,0.07912298571318388,
0,260816,matched,MATCHED_RicianLOS,Proposed_CA_CNN_RNND,1643,0.44025979936122894,0.34753311425447464,0.09272667672485113,
0,260816,matched,MATCHED_RicianLOS,Proposed_CA_CNN_RNND,1644,0.24437865987420082,0.19926459714770317,0.04511405620723963,
0,260816,matched,MATCHED_RicianLOS,Proposed_CA_CNN_RNND,1645,0.3796911798417568,0.30820242315530777,0.07148875575512648,
0,260816,matched,MATCHED_RicianLOS,Proposed_CA_CNN_RNND,1646,0.46745285019278526,0.3640209175646305,0.10343194007873535,
0,260816,matched,MATCHED_RicianLOS,Proposed_CA_CNN_RNND,1647,0.3197856619954109,0.25108228996396065,0.06870336644351482,
0,260816,matched,MATCHED_RicianLOS,Proposed_CA_CNN_RNND,1648,0.30098720639944077,0.24329779297113419,0.057689405512064695,
0,260816,matched,MATCHED_RicianLOS,Proposed_CA_CNN_RNND,1649,0.4285719767212868,0.3473472185432911,0.08122475072741508,
0,260816,matched,MATCHED_RicianLOS,Proposed_CA_CNN_RNND,1650,0.29181844741106033,0.2323155291378498,0.059502916410565376,
0,260816,matched,MATCHED_RicianLOS,Proposed_CA_CNN_RNND,1651,0.2706768959760666,0.2160988673567772,0.0545780286192894,
0,260816,matched,MATCHED_RicianLOS,Proposed_CA_CNN_RNND,1652,0.49866484105587006,0.38974712044000626,0.1089177168905735,
0,260816,matched,MATCHED_RicianLOS,Proposed_CA_CNN_RNND,1653,0.3959835022687912,0.3143737055361271,0.08160981070250273,
0,260816,matched,MATCHED_RicianLOS,Proposed_CA_CNN_RNND,1654,0.3687295466661453,0.2930007688701153,0.07572877779603004,
0,260816,matched,MATCHED_RicianLOS,Proposed_CA_CNN_RNND,1655,0.35665808245539665,0.2906579915434122,0.06600009743124247,
0,260816,matched,MATCHED_RicianLOS,Proposed_CA_CNN_RNND,1656,0.3405620940029621,0.2742505185306072,0.06631157407537103,
0,260816,matched,MATCHED_RicianLOS,Proposed_CA_CNN_RNND,1657,0.527780719101429,0.4141131266951561,0.11366758123040199,
0,260816,matched,MATCHED_RicianLOS,Proposed_CA_CNN_RNND,1658,0.292781051248312,0.23557187244296074,0.057209188118577003,
0,260816,matched,MATCHED_RicianLOS,Proposed_CA_CNN_RNND,1659,0.36458252370357513,0.29062364995479584,0.07395886816084385,
0,260816,matched,MATCHED_RicianLOS,Proposed_CA_CNN_RNND,1660,0.4075911194086075,0.32472648471593857,0.08286463376134634,
0,260816,matched,MATCHED_RicianLOS,Proposed_CA_CNN_RNND,1661,0.45260070264339447,0.35856354981660843,0.09403714817017317,
0,260816,matched,MATCHED_RicianLOS,Proposed_CA_CNN_RNND,1662,0.4456492066383362,0.3476850986480713,0.09796410612761974,
0,260816,matched,MATCHED_RicianLOS,Proposed_CA_CNN_RNND,1663,0.4407171756029129,0.3474145457148552,0.09330262988805771,
0,260816,matched,MATCHED_RicianLOS,Proposed_CA_CNN_RNND,1664,0.5503269135951996,0.4303453117609024,0.11998160928487778,
0,260816,matched,MATCHED_RicianLOS,Proposed_CA_CNN_RNND,1665,0.4351378194987774,0.3474230542778969,0.08771476615220308,
0,260816,matched,MATCHED_RicianLOS,Proposed_CA_CNN_RNND,1666,0.30428313836455345,0.24568962305784225,0.05859351437538862,
0,260816,matched,MATCHED_RicianLOS,Proposed_CA_CNN_RNND,1667,0.31242309510707855,0.24768392741680145,0.0647391676902771,
0,260816,matched,MATCHED_RicianLOS,Proposed_CA_CNN_RNND,1668,0.19775607995688915,0.16538057290017605,0.032375507056713104,
0,260816,matched,MATCHED_RicianLOS,Proposed_CA_CNN_RNND,1669,0.27156904339790344,0.21706530451774597,0.05450373515486717,
0,260816,matched,MATCHED_RicianLOS,Proposed_CA_CNN_RNND,1670,0.3512968383729458,0.2817898988723755,0.06950693996623158,
0,260816,matched,MATCHED_RicianLOS,Proposed_CA_CNN_RNND,1671,0.383038904517889,0.29720089957118034,0.08583799749612808,
0,260816,matched,MATCHED_RicianLOS,Proposed_CA_CNN_RNND,1672,0.33356885239481926,0.27119452878832817,0.06237432546913624,
0,260816,matched,MATCHED_RicianLOS,Proposed_CA_CNN_RNND,1673,0.3527993708848953,0.281800352036953,0.07099902117624879,
0,260816,matched,MATCHED_RicianLOS,Proposed_CA_CNN_RNND,1674,0.4350382797420025,0.3481844887137413,0.0868538049980998,
0,260816,matched,MATCHED_RicianLOS,Proposed_CA_CNN_RNND,1675,0.34902174025774,0.2869921028614044,0.0620296373963356,
0,260816,matched,MATCHED_RicianLOS,Proposed_CA_CNN_RNND,1676,0.3619000241160393,0.29395244270563126,0.06794757675379515,
0,260816,matched,MATCHED_RicianLOS,Proposed_CA_CNN_RNND,1677,0.3965287506580353,0.31115809082984924,0.08537065237760544,
0,260816,matched,MATCHED_RicianLOS,Proposed_CA_CNN_RNND,1678,0.4808218404650688,0.38432465493679047,0.0964971762150526,
0,260816,matched,MATCHED_RicianLOS,Proposed_CA_CNN_RNND,1679,0.3666733205318451,0.29729196056723595,0.06938135530799627,
0,260816,matched,MATCHED_RicianLOS,Proposed_CA_CNN_RNND,1680,0.3626696728169918,0.2905989792197943,0.07207068521529436,
0,260816,matched,MATCHED_RicianLOS,Proposed_CA_CNN_RNND,1681,0.40776918828487396,0.3181969076395035,0.08957228157669306,
0,260816,matched,MATCHED_RicianLOS,Proposed_CA_CNN_RNND,1682,0.28717227280139923,0.23663593083620071,0.05053634336218238,
0,260816,matched,MATCHED_RicianLOS,Proposed_CA_CNN_RNND,1683,0.41133395954966545,0.32340309023857117,0.08793087024241686,
0,260816,matched,MATCHED_RicianLOS,Proposed_CA_CNN_RNND,1684,0.17687157914042473,0.14853909239172935,0.02833248721435666,
0,260816,matched,MATCHED_RicianLOS,Proposed_CA_CNN_RNND,1685,0.41574086993932724,0.33213913068175316,0.08360173460096121,
0,260816,matched,MATCHED_RicianLOS,Proposed_CA_CNN_RNND,1686,0.31301184371113777,0.25052328035235405,0.06248855357989669,
0,260816,matched,MATCHED_RicianLOS,Proposed_CA_CNN_RNND,1687,0.4528595805168152,0.35868290439248085,0.09417667891830206,
0,260816,matched,MATCHED_RicianLOS,Proposed_CA_CNN_RNND,1688,0.49211525171995163,0.38102977722883224,0.11108547914773226,
0,260816,matched,MATCHED_RicianLOS,Proposed_CA_CNN_RNND,1689,0.34011876955628395,0.26755356043577194,0.07256521470844746,
0,260816,matched,MATCHED_RicianLOS,Proposed_CA_CNN_RNND,1690,0.314643993973732,0.2593381702899933,0.05530582647770643,
0,260816,matched,MATCHED_RicianLOS,Proposed_CA_CNN_RNND,1691,0.3862433098256588,0.3041001334786415,0.08214318146929145,
0,260816,matched,MATCHED_RicianLOS,Proposed_CA_CNN_RNND,1692,0.4527788460254669,0.3483077511191368,0.10447109211236238,
0,260816,matched,MATCHED_RicianLOS,Proposed_CA_CNN_RNND,1693,0.3852076679468155,0.31147540360689163,0.07373226154595613,
0,260816,matched,MATCHED_RicianLOS,Proposed_CA_CNN_RNND,1694,0.3598843961954117,0.29194196686148643,0.0679424274712801,
0,260816,matched,MATCHED_RicianLOS,Proposed_CA_CNN_RNND,1695,0.38153812289237976,0.3011605218052864,0.0803776087705046,
0,260816,matched,MATCHED_RicianLOS,Proposed_CA_CNN_RNND,1696,0.19214783608913422,0.161674028262496,0.03047380642965436,
0,260816,matched,MATCHED_RicianLOS,Proposed_CA_CNN_RNND,1697,0.2900746613740921,0.2360716499388218,0.054003006778657436,
0,260816,matched,MATCHED_RicianLOS,Proposed_CA_CNN_RNND,1698,0.3240642249584198,0.2629210017621517,0.061143225990235806,
0,260816,matched,MATCHED_RicianLOS,Proposed_CA_CNN_RNND,1699,0.4254555217921734,0.33448298647999763,0.0909725409001112,
0,260816,matched,MATCHED_RicianLOS,Proposed_CA_CNN_RNND,1700,0.4358345568180084,0.34849629551172256,0.08733825664967299,
0,260816,matched,MATCHED_RicianLOS,Proposed_CA_CNN_RNND,1701,0.3697061166167259,0.2966381348669529,0.07306797849014401,
0,260816,matched,MATCHED_RicianLOS,Proposed_CA_CNN_RNND,1702,0.3691725321114063,0.2960374727845192,0.07313506212085485,
0,260816,matched,MATCHED_RicianLOS,Proposed_CA_CNN_RNND,1703,0.3453396037220955,0.27669189125299454,0.06864770501852036,
0,260816,matched,MATCHED_RicianLOS,Proposed_CA_CNN_RNND,1704,0.31874581053853035,0.2574538141489029,0.06129200290888548,
0,260816,matched,MATCHED_RicianLOS,Proposed_CA_CNN_RNND,1705,0.4091266132891178,0.32223957777023315,0.08688703551888466,
0,260816,matched,MATCHED_RicianLOS,Proposed_CA_CNN_RNND,1706,0.4803394377231598,0.37981681525707245,0.1005226168781519,
0,260816,matched,MATCHED_RicianLOS,Proposed_CA_CNN_RNND,1707,0.4142986610531807,0.3275013640522957,0.08679730631411076,
0,260816,matched,MATCHED_RicianLOS,Proposed_CA_CNN_RNND,1708,0.3706503100693226,0.2951231189072132,0.0755271827802062,
0,260816,matched,MATCHED_RicianLOS,Proposed_CA_CNN_RNND,1709,0.4876793622970581,0.38245241343975067,0.10522696003317833,
0,260816,matched,MATCHED_RicianLOS,Proposed_CA_CNN_RNND,1710,0.34142371639609337,0.2739049792289734,0.0675187329761684,
0,260816,matched,MATCHED_RicianLOS,Proposed_CA_CNN_RNND,1711,0.4300047308206558,0.3401367887854576,0.08986793458461761,
0,260816,matched,MATCHED_RicianLOS,Proposed_CA_CNN_RNND,1712,0.3365229405462742,0.27116212993860245,0.06536082131788135,
0,260816,matched,MATCHED_RicianLOS,Proposed_CA_CNN_RNND,1713,0.2996399477124214,0.24448174610733986,0.055158205796033144,
0,260816,matched,MATCHED_RicianLOS,Proposed_CA_CNN_RNND,1714,0.3907457962632179,0.30839966237545013,0.08234612457454205,
0,260816,matched,MATCHED_RicianLOS,Proposed_CA_CNN_RNND,1715,0.32229870185256004,0.26019660755991936,0.06210208963602781,
0,260816,matched,MATCHED_RicianLOS,Proposed_CA_CNN_RNND,1716,0.5000694394111633,0.39189615845680237,0.10817328142002225,
0,260816,matched,MATCHED_RicianLOS,Proposed_CA_CNN_RNND,1717,0.40158066153526306,0.32098930329084396,0.0805913619697094,
0,260816,matched,MATCHED_RicianLOS,Proposed_CA_CNN_RNND,1718,0.3363838791847229,0.26806795224547386,0.06831592600792646,
0,260816,matched,MATCHED_RicianLOS,Proposed_CA_CNN_RNND,1719,0.3202548772096634,0.2545140329748392,0.06574084656313062,
0,260816,matched,MATCHED_RicianLOS,Proposed_CA_CNN_RNND,1720,0.43416527658700943,0.3418056406080723,0.09235963225364685,
0,260816,matched,MATCHED_RicianLOS,Proposed_CA_CNN_RNND,1721,0.24785466492176056,0.2001725435256958,0.04768212465569377,
0,260816,matched,MATCHED_RicianLOS,Proposed_CA_CNN_RNND,1722,0.4411981627345085,0.3540956676006317,0.08710248861461878,
0,260816,matched,MATCHED_RicianLOS,Proposed_CA_CNN_RNND,1723,0.2679867260158062,0.21862627938389778,0.04936044802889228,
0,260816,matched,MATCHED_RicianLOS,Proposed_CA_CNN_RNND,1724,0.5408334955573082,0.42843133956193924,0.11240214668214321,
0,260816,matched,MATCHED_RicianLOS,Proposed_CA_CNN_RNND,1725,0.38459887355566025,0.30710816755890846,0.0774907055310905,
0,260816,matched,MATCHED_RicianLOS,Proposed_CA_CNN_RNND,1726,0.41216805949807167,0.3306282013654709,0.08153985254466534,
0,260816,matched,MATCHED_RicianLOS,Proposed_CA_CNN_RNND,1727,0.47987504303455353,0.38406069949269295,0.09581435192376375,
0,260816,matched,MATCHED_RicianLOS,Proposed_CA_CNN_RNND,1728,0.4331488609313965,0.34227053821086884,0.09087831899523735,
0,260816,matched,MATCHED_RicianLOS,Proposed_CA_CNN_RNND,1729,0.2849249877035618,0.23066214844584465,0.05426284484565258,
0,260816,matched,MATCHED_RicianLOS,Proposed_CA_CNN_RNND,1730,0.3817175626754761,0.30574738420546055,0.07597017707303166,
0,260816,matched,MATCHED_RicianLOS,Proposed_CA_CNN_RNND,1731,0.4180587939918041,0.3290003091096878,0.08905849722214043,
0,260816,matched,MATCHED_RicianLOS,Proposed_CA_CNN_RNND,1732,0.3079517185688019,0.25328169018030167,0.054670031648129225,
0,260816,matched,MATCHED_RicianLOS,Proposed_CA_CNN_RNND,1733,0.23560044169425964,0.19259708374738693,0.04300335794687271,
0,260816,matched,MATCHED_RicianLOS,Proposed_CA_CNN_RNND,1734,0.42215093970298767,0.33004848659038544,0.09210244566202164,
0,260816,matched,MATCHED_RicianLOS,Proposed_CA_CNN_RNND,1735,0.35238873958587646,0.2861408293247223,0.06624791398644447,
0,260816,matched,MATCHED_RicianLOS,Proposed_CA_CNN_RNND,1736,0.40455900877714157,0.3242923244833946,0.08026668522506952,
0,260816,matched,MATCHED_RicianLOS,Proposed_CA_CNN_RNND,1737,0.4559822678565979,0.3590377941727638,0.09694448485970497,
0,260816,matched,MATCHED_RicianLOS,Proposed_CA_CNN_RNND,1738,0.4481753557920456,0.3540463522076607,0.09412901662290096,
0,260816,matched,MATCHED_RicianLOS,Proposed_CA_CNN_RNND,1739,0.4208957776427269,0.34017178416252136,0.08072400093078613,
0,260816,matched,MATCHED_RicianLOS,Proposed_CA_CNN_RNND,1740,0.3277299739420414,0.2627355493605137,0.0649944320321083,
0,260816,matched,MATCHED_RicianLOS,Proposed_CA_CNN_RNND,1741,0.46627281606197357,0.3657940700650215,0.10047874040901661,
0,260816,matched,MATCHED_RicianLOS,Proposed_CA_CNN_RNND,1742,0.3035360462963581,0.2467278465628624,0.05680820485576987,
0,260816,matched,MATCHED_RicianLOS,Proposed_CA_CNN_RNND,1743,0.33718156069517136,0.2749450281262398,0.06223652698099613,
0,260816,matched,MATCHED_RicianLOS,Proposed_CA_CNN_RNND,1744,0.24127590283751488,0.19720705598592758,0.04406885011121631,
0,260816,matched,MATCHED_RicianLOS,Proposed_CA_CNN_RNND,1745,0.3101242743432522,0.24963633343577385,0.06048794696107507,
0,260816,matched,MATCHED_RicianLOS,Proposed_CA_CNN_RNND,1746,0.37911250442266464,0.30205386504530907,0.07705863565206528,
0,260816,matched,MATCHED_RicianLOS,Proposed_CA_CNN_RNND,1747,0.3643343150615692,0.2908135801553726,0.0735207349061966,
0,260816,matched,MATCHED_RicianLOS,Proposed_CA_CNN_RNND,1748,0.632121354341507,0.49628081172704697,0.1358405537903309,
0,260816,matched,MATCHED_RicianLOS,Proposed_CA_CNN_RNND,1749,0.3717827573418617,0.29136814922094345,0.08041461603716016,
0,260816,matched,MATCHED_RicianLOS,Proposed_CA_CNN_RNND,1750,0.4089396521449089,0.3243568725883961,0.08458277629688382,
0,260816,matched,MATCHED_RicianLOS,Proposed_CA_CNN_RNND,1751,0.2792147547006607,0.23182568326592445,0.047389072831720114,
0,260816,matched,MATCHED_RicianLOS,Proposed_CA_CNN_RNND,1752,0.36131651699543,0.29134590551257133,0.06997060775756836,
0,260816,matched,MATCHED_RicianLOS,Proposed_CA_CNN_RNND,1753,0.26492496579885483,0.2176228053867817,0.047302158549427986,
0,260816,matched,MATCHED_RicianLOS,Proposed_CA_CNN_RNND,1754,0.21647918224334717,0.18153754621744156,0.03494163788855076,
0,260816,matched,MATCHED_RicianLOS,Proposed_CA_CNN_RNND,1755,0.41926201432943344,0.33907872065901756,0.08018329925835133,
0,260816,matched,MATCHED_RicianLOS,Proposed_CA_CNN_RNND,1756,0.22932175919413567,0.19002380222082138,0.03929795324802399,
0,260816,matched,MATCHED_RicianLOS,Proposed_CA_CNN_RNND,1757,0.28592953458428383,0.23387442715466022,0.05205510463565588,
0,260816,matched,MATCHED_RicianLOS,Proposed_CA_CNN_RNND,1758,0.2776126563549042,0.22754354402422905,0.0500691095367074,
0,260816,matched,MATCHED_RicianLOS,Proposed_CA_CNN_RNND,1759,0.4826163426041603,0.3823966458439827,0.10021967720240355,
0,260816,matched,MATCHED_RicianLOS,Proposed_CA_CNN_RNND,1760,0.3095500245690346,0.25313662365078926,0.056413399055600166,
0,260816,matched,MATCHED_RicianLOS,Proposed_CA_CNN_RNND,1761,0.3300537057220936,0.274257056415081,0.055796644650399685,
0,260816,matched,MATCHED_RicianLOS,Proposed_CA_CNN_RNND,1762,0.28559041395783424,0.22825801372528076,0.05733239371329546,
0,260816,matched,MATCHED_RicianLOS,Proposed_CA_CNN_RNND,1763,0.2637929469347,0.2148074097931385,0.04898552969098091,
0,260816,matched,MATCHED_RicianLOS,Proposed_CA_CNN_RNND,1764,0.47771265357732773,0.3712223693728447,0.10649027582257986,
0,260816,matched,MATCHED_RicianLOS,Proposed_CA_CNN_RNND,1765,0.27898865565657616,0.22414645180106163,0.05484220618382096,
0,260816,matched,MATCHED_RicianLOS,Proposed_CA_CNN_RNND,1766,0.3064011335372925,0.250865638256073,0.05553549434989691,
0,260816,matched,MATCHED_RicianLOS,Proposed_CA_CNN_RNND,1767,0.4333500564098358,0.33609461784362793,0.09725542180240154,
0,260816,matched,MATCHED_RicianLOS,Proposed_CA_CNN_RNND,1768,0.4483753442764282,0.3536514639854431,0.09472388029098511,
0,260816,matched,MATCHED_RicianLOS,Proposed_CA_CNN_RNND,1769,0.445079080760479,0.3550218939781189,0.09005718119442463,
0,260816,matched,MATCHED_RicianLOS,Proposed_CA_CNN_RNND,1770,0.4353441223502159,0.3414316773414612,0.09391243662685156,
0,260816,matched,MATCHED_RicianLOS,Proposed_CA_CNN_RNND,1771,0.3647002875804901,0.2925166115164757,0.07218368723988533,
0,260816,matched,MATCHED_RicianLOS,Proposed_CA_CNN_RNND,1772,0.31343261897563934,0.2483040764927864,0.06512853549793363,
0,260816,matched,MATCHED_RicianLOS,Proposed_CA_CNN_RNND,1773,0.41008594259619713,0.32787027582526207,0.08221566351130605,
0,260816,matched,MATCHED_RicianLOS,Proposed_CA_CNN_RNND,1774,0.2600298151373863,0.21126358583569527,0.04876622371375561,
0,260816,matched,MATCHED_RicianLOS,Proposed_CA_CNN_RNND,1775,0.43867582827806473,0.34573449194431305,0.09294133633375168,
0,260816,matched,MATCHED_RicianLOS,Proposed_CA_CNN_RNND,1776,0.41660115867853165,0.3343709409236908,0.0822302158921957,
0,260816,matched,MATCHED_RicianLOS,Proposed_CA_CNN_RNND,1777,0.33419423922896385,0.2734273374080658,0.060766905546188354,
0,260816,matched,MATCHED_RicianLOS,Proposed_CA_CNN_RNND,1778,0.2985953390598297,0.24359480291604996,0.055000536143779755,
0,260816,matched,MATCHED_RicianLOS,Proposed_CA_CNN_RNND,1779,0.3887896090745926,0.3062768168747425,0.08251279080286622,
0,260816,matched,MATCHED_RicianLOS,Proposed_CA_CNN_RNND,1780,0.48209672421216965,0.38834650069475174,0.09375023655593395,
0,260816,matched,MATCHED_RicianLOS,Proposed_CA_CNN_RNND,1781,0.36174214631319046,0.2877853438258171,0.07395680109038949,
0,260816,matched,MATCHED_RicianLOS,Proposed_CA_CNN_RNND,1782,0.2604795955121517,0.2139699086546898,0.04650968313217163,
0,260816,matched,MATCHED_RicianLOS,Proposed_CA_CNN_RNND,1783,0.49525483325123787,0.3851943127810955,0.11006050929427147,
0,260816,matched,MATCHED_RicianLOS,Proposed_CA_CNN_RNND,1784,0.41005653887987137,0.323450967669487,0.08660556841641665,
0,260816,matched,MATCHED_RicianLOS,Proposed_CA_CNN_RNND,1785,0.4161290228366852,0.33554884046316147,0.08058017026633024,
0,260816,matched,MATCHED_RicianLOS,Proposed_CA_CNN_RNND,1786,0.3628512732684612,0.29256436228752136,0.07028691656887531,
0,260816,matched,MATCHED_RicianLOS,Proposed_CA_CNN_RNND,1787,0.5200279951095581,0.41555407643318176,0.10447390377521515,
0,260816,matched,MATCHED_RicianLOS,Proposed_CA_CNN_RNND,1788,0.33279185742139816,0.27545418962836266,0.05733766593039036,
0,260816,matched,MATCHED_RicianLOS,Proposed_CA_CNN_RNND,1789,0.2394523322582245,0.20122618041932583,0.038226157426834106,
0,260816,matched,MATCHED_RicianLOS,Proposed_CA_CNN_RNND,1790,0.38705381751060486,0.3150034472346306,0.07205037772655487,
0,260816,matched,MATCHED_RicianLOS,Proposed_CA_CNN_RNND,1791,0.41825712472200394,0.3361300230026245,0.0821271101012826,
0,260816,matched,MATCHED_RicianLOS,Proposed_CA_CNN_RNND,1792,0.3879476711153984,0.30893072858452797,0.07901693601161242,
0,260816,matched,MATCHED_RicianLOS,Proposed_CA_CNN_RNND,1793,0.35084186866879463,0.289508655667305,0.061333215329796076,
0,260816,matched,MATCHED_RicianLOS,Proposed_CA_CNN_RNND,1794,0.39078284054994583,0.3090919479727745,0.08169089257717133,
0,260816,matched,MATCHED_RicianLOS,Proposed_CA_CNN_RNND,1795,0.40338117629289627,0.31481947749853134,0.08856169087812304,
0,260816,matched,MATCHED_RicianLOS,Proposed_CA_CNN_RNND,1796,0.3491276949644089,0.2824516110122204,0.06667608954012394,
0,260816,matched,MATCHED_RicianLOS,Proposed_CA_CNN_RNND,1797,0.31511642783880234,0.2599708177149296,0.05514560919255018,
0,260816,matched,MATCHED_RicianLOS,Proposed_CA_CNN_RNND,1798,0.25765616074204445,0.21581663936376572,0.041839520912617445,
0,260816,matched,MATCHED_RicianLOS,Proposed_CA_CNN_RNND,1799,0.5021070316433907,0.3993975818157196,0.10270946007221937,
0,260816,matched,MATCHED_RicianLOS,Proposed_CA_CNN_RNND,1800,0.5372123792767525,0.4132108949124813,0.12400148995220661,-1.0373725812584431
0,260816,matched,MATCHED_RicianLOS,Proposed_CA_CNN_RNND,1801,0.45968491584062576,0.3586137369275093,0.10107117891311646,
0,260816,matched,MATCHED_RicianLOS,Proposed_CA_CNN_RNND,1802,0.4017981141805649,0.32467688620090485,0.07712121866643429,
0,260816,matched,MATCHED_RicianLOS,Proposed_CA_CNN_RNND,1803,0.2847215235233307,0.23433099687099457,0.050390529446303844,
0,260816,matched,MATCHED_RicianLOS,Proposed_CA_CNN_RNND,1804,0.364079013466835,0.29676809906959534,0.06731090974062681,
0,260816,matched,MATCHED_RicianLOS,Proposed_CA_CNN_RNND,1805,0.42671558260917664,0.3352949842810631,0.091420603916049,
0,260816,matched,MATCHED_RicianLOS,Proposed_CA_CNN_RNND,1806,0.49561790004372597,0.38630127161741257,0.10931663680821657,
0,260816,matched,MATCHED_RicianLOS,Proposed_CA_CNN_RNND,1807,0.19369247928261757,0.16552193462848663,0.028170547913759947,
0,260816,matched,MATCHED_RicianLOS,Proposed_CA_CNN_RNND,1808,0.33248674124479294,0.2680055908858776,0.06448114267550409,
0,260816,matched,MATCHED_RicianLOS,Proposed_CA_CNN_RNND,1809,0.3103933371603489,0.24716007709503174,0.06323324982076883,
0,260816,matched,MATCHED_RicianLOS,Proposed_CA_CNN_RNND,1810,0.4072750546038151,0.31862446665763855,0.0886505888774991,
0,260816,matched,MATCHED_RicianLOS,Proposed_CA_CNN_RNND,1811,0.3618233874440193,0.2995351701974869,0.06228822097182274,
0,260816,matched,MATCHED_RicianLOS,Proposed_CA_CNN_RNND,1812,0.18083784356713295,0.147842675447464,0.03299517370760441,
0,260816,matched,MATCHED_RicianLOS,Proposed_CA_CNN_RNND,1813,0.30748843029141426,0.24852903559803963,0.058959391666576266,
0,260816,matched,MATCHED_RicianLOS,Proposed_CA_CNN_RNND,1814,0.256969939917326,0.2199585847556591,0.03701135120354593,
0,260816,matched,MATCHED_RicianLOS,Proposed_CA_CNN_RNND,1815,0.36892877146601677,0.2939172424376011,0.07501152716577053,
0,260816,matched,MATCHED_RicianLOS,Proposed_CA_CNN_RNND,1816,0.2711893543601036,0.22391744330525398,0.047271911054849625,
0,260816,matched,MATCHED_RicianLOS,Proposed_CA_CNN_RNND,1817,0.3218134921044111,0.25968032516539097,0.06213316903449595,
0,260816,matched,MATCHED_RicianLOS,Proposed_CA_CNN_RNND,1818,0.3356703519821167,0.2750492952764034,0.060621051117777824,
0,260816,matched,MATCHED_RicianLOS,Proposed_CA_CNN_RNND,1819,0.4041682183742523,0.3274521231651306,0.076716098934412,
0,260816,matched,MATCHED_RicianLOS,Proposed_CA_CNN_RNND,1820,0.2808833420276642,0.23166412115097046,0.0492192143574357,
0,260816,matched,MATCHED_RicianLOS,Proposed_CA_CNN_RNND,1821,0.3293561823666096,0.2629062421619892,0.06644993415102363,
0,260816,matched,MATCHED_RicianLOS,Proposed_CA_CNN_RNND,1822,0.5190207660198212,0.40664929524064064,0.1123714717105031,
0,260816,matched,MATCHED_RicianLOS,Proposed_CA_CNN_RNND,1823,0.25730473175644875,0.21624234318733215,0.04106238321401179,
0,260816,matched,MATCHED_RicianLOS,Proposed_CA_CNN_RNND,1824,0.36805056780576706,0.2924528680741787,0.07559769693762064,
0,260816,matched,MATCHED_RicianLOS,Proposed_CA_CNN_RNND,1825,0.3919348940253258,0.3181571401655674,0.07377775479108095,
0,260816,matched,MATCHED_RicianLOS,Proposed_CA_CNN_RNND,1826,0.3779839724302292,0.3067219406366348,0.07126203831285238,
0,260816,matched,MATCHED_RicianLOS,Proposed_CA_CNN_RNND,1827,0.39359497278928757,0.311190165579319,0.08240480860695243,
0,260816,matched,MATCHED_RicianLOS,Proposed_CA_CNN_RNND,1828,0.4390503577888012,0.35277368873357773,0.08627666905522346,
0,260816,matched,MATCHED_RicianLOS,Proposed_CA_CNN_RNND,1829,0.4103541150689125,0.33145375549793243,0.0789003660902381,
0,260816,matched,MATCHED_RicianLOS,Proposed_CA_CNN_RNND,1830,0.2938276305794716,0.2415829412639141,0.05224469071254134,
0,260816,matched,MATCHED_RicianLOS,Proposed_CA_CNN_RNND,1831,0.3458074517548084,0.28257452696561813,0.06323292292654514,
0,260816,matched,MATCHED_RicianLOS,Proposed_CA_CNN_RNND,1832,0.47817735373973846,0.3756997250020504,0.10247763991355896,
0,260816,matched,MATCHED_RicianLOS,Proposed_CA_CNN_RNND,1833,0.3014724962413311,0.24778128042817116,0.05369122186675668,
0,260816,matched,MATCHED_RicianLOS,Proposed_CA_CNN_RNND,1834,0.28963229432702065,0.24016031622886658,0.04947197437286377,
0,260816,matched,MATCHED_RicianLOS,Proposed_CA_CNN_RNND,1835,0.18541993759572506,0.15866049006581306,0.02675945172086358,
0,260816,matched,MATCHED_RicianLOS,Proposed_CA_CNN_RNND,1836,0.41959722340106964,0.3334490805864334,0.08614814467728138,
0,260816,matched,MATCHED_RicianLOS,Proposed_CA_CNN_RNND,1837,0.3117256499826908,0.24976449459791183,0.06196115119382739,
0,260816,matched,MATCHED_RicianLOS,Proposed_CA_CNN_RNND,1838,0.3409881144762039,0.2718247324228287,0.06916337786242366,
0,260816,matched,MATCHED_RicianLOS,Proposed_CA_CNN_RNND,1839,0.44592177867889404,0.354450985789299,0.09147078730165958,
0,260816,matched,MATCHED_RicianLOS,Proposed_CA_CNN_RNND,1840,0.4189937449991703,0.33367152139544487,0.08532221708446741,
0,260816,matched,MATCHED_RicianLOS,Proposed_CA_CNN_RNND,1841,0.3579978831112385,0.288637638092041,0.06936024595052004,
0,260816,matched,MATCHED_RicianLOS,Proposed_CA_CNN_RNND,1842,0.208226777613163,0.17677946388721466,0.031447316985577345,
0,260816,matched,MATCHED_RicianLOS,Proposed_CA_CNN_RNND,1843,0.3929610289633274,0.31475887447595596,0.07820214796811342,
0,260816,matched,MATCHED_RicianLOS,Proposed_CA_CNN_RNND,1844,0.36516987532377243,0.29428068548440933,0.07088918797671795,
0,260816,matched,MATCHED_RicianLOS,Proposed_CA_CNN_RNND,1845,0.353010144084692,0.2803497165441513,0.07266042847186327,
0,260816,matched,MATCHED_RicianLOS,Proposed_CA_CNN_RNND,1846,0.4589415118098259,0.36048291623592377,0.09845860209316015,
0,260816,matched,MATCHED_RicianLOS,Proposed_CA_CNN_RNND,1847,0.2676199749112129,0.2234419770538807,0.04417799459770322,
0,260816,matched,MATCHED_RicianLOS,Proposed_CA_CNN_RNND,1848,0.4539810121059418,0.3625960424542427,0.09138497710227966,
0,260816,matched,MATCHED_RicianLOS,Proposed_CA_CNN_RNND,1849,0.41420263797044754,0.329935759305954,0.08426688611507416,
0,260816,matched,MATCHED_RicianLOS,Proposed_CA_CNN_RNND,1850,0.39989203959703445,0.319459218531847,0.08043282385915518,
0,260816,matched,MATCHED_RicianLOS,Proposed_CA_CNN_RNND,1851,0.32932718843221664,0.26293719932436943,0.06638998724520206,
0,260816,matched,MATCHED_RicianLOS,Proposed_CA_CNN_RNND,1852,0.3738855607807636,0.3070017024874687,0.06688386108726263,
0,260816,matched,MATCHED_RicianLOS,Proposed_CA_CNN_RNND,1853,0.30052288994193077,0.24866694957017899,0.05185593385249376,
0,260816,matched,MATCHED_RicianLOS,Proposed_CA_CNN_RNND,1854,0.4436616376042366,0.35088858008384705,0.09277304820716381,
0,260816,matched,MATCHED_RicianLOS,Proposed_CA_CNN_RNND,1855,0.3058782145380974,0.2462197132408619,0.05965849803760648,
0,260816,matched,MATCHED_RicianLOS,Proposed_CA_CNN_RNND,1856,0.18429430201649666,0.15619729086756706,0.02809701068326831,
0,260816,matched,MATCHED_RicianLOS,Proposed_CA_CNN_RNND,1857,0.2523842453956604,0.21334614232182503,0.039038104470819235,
0,260816,matched,MATCHED_RicianLOS,Proposed_CA_CNN_RNND,1858,0.3943871594965458,0.3173399195075035,0.07704724092036486,
0,260816,matched,MATCHED_RicianLOS,Proposed_CA_CNN_RNND,1859,0.329895980656147,0.2690543010830879,0.06084167957305908,
0,260816,matched,MATCHED_RicianLOS,Proposed_CA_CNN_RNND,1860,0.3938804231584072,0.3248174861073494,0.06906293192878366,
0,260816,matched,MATCHED_RicianLOS,Proposed_CA_CNN_RNND,1861,0.32270995154976845,0.2628515511751175,0.05985840270295739,
0,260816,matched,MATCHED_RicianLOS,Proposed_CA_CNN_RNND,1862,0.4157428406178951,0.3387964069843292,0.0769464336335659,
0,260816,matched,MATCHED_RicianLOS,Proposed_CA_CNN_RNND,1863,0.3153500221669674,0.25200678780674934,0.06334323529154062,
0,260816,matched,MATCHED_RicianLOS,Proposed_CA_CNN_RNND,1864,0.2655338831245899,0.2135840468108654,0.05194983119145036,
0,260816,matched,MATCHED_RicianLOS,Proposed_CA_CNN_RNND,1865,0.4839111194014549,0.3794965259730816,0.10441459901630878,
0,260816,matched,MATCHED_RicianLOS,Proposed_CA_CNN_RNND,1866,0.4014575853943825,0.32448358088731766,0.07697401009500027,
0,260816,matched,MATCHED_RicianLOS,Proposed_CA_CNN_RNND,1867,0.4075583014637232,0.32697686180472374,0.08058144710958004,
0,260816,matched,MATCHED_RicianLOS,Proposed_CA_CNN_RNND,1868,0.38301121443510056,0.31082073599100113,0.07219047052785754,
0,260816,matched,MATCHED_RicianLOS,Proposed_CA_CNN_RNND,1869,0.4575469885021448,0.36138096638023853,0.09616601839661598,
0,260816,matched,MATCHED_RicianLOS,Proposed_CA_CNN_RNND,1870,0.3354867920279503,0.28016652911901474,0.05532027315348387,
0,260816,matched,MATCHED_RicianLOS,Proposed_CA_CNN_RNND,1871,0.2858342155814171,0.2371106781065464,0.048723537009209394,
0,260816,matched,MATCHED_RicianLOS,Proposed_CA_CNN_RNND,1872,0.343423955142498,0.2785600759088993,0.06486387178301811,
0,260816,matched,MATCHED_RicianLOS,Proposed_CA_CNN_RNND,1873,0.35499927401542664,0.28512467071413994,0.06987460888922215,
0,260816,matched,MATCHED_RicianLOS,Proposed_CA_CNN_RNND,1874,0.41370008885860443,0.32474689185619354,0.08895320259034634,
0,260816,matched,MATCHED_RicianLOS,Proposed_CA_CNN_RNND,1875,0.5419597700238228,0.42506277561187744,0.11689699441194534,
0,260816,matched,MATCHED_RicianLOS,Proposed_CA_CNN_RNND,1876,0.47975438833236694,0.3835930898785591,0.09616128820925951,
0,260816,matched,MATCHED_RicianLOS,Proposed_CA_CNN_RNND,1877,0.26750874891877174,0.21787690371274948,0.04963184334337711,
0,260816,matched,MATCHED_RicianLOS,Proposed_CA_CNN_RNND,1878,0.3193122483789921,0.25223052874207497,0.0670817201025784,
0,260816,matched,MATCHED_RicianLOS,Proposed_CA_CNN_RNND,1879,0.4151599481701851,0.32930245250463486,0.08585749939084053,
0,260816,matched,MATCHED_RicianLOS,Proposed_CA_CNN_RNND,1880,0.337269838899374,0.27639153599739075,0.06087830662727356,
0,260816,matched,MATCHED_RicianLOS,Proposed_CA_CNN_RNND,1881,0.2516750767827034,0.2128731608390808,0.03880191408097744,
0,260816,matched,MATCHED_RicianLOS,Proposed_CA_CNN_RNND,1882,0.2764502577483654,0.23131246492266655,0.045137793524190784,
0,260816,matched,MATCHED_RicianLOS,Proposed_CA_CNN_RNND,1883,0.40946175903081894,0.33299650251865387,0.0764652593061328,
0,260816,matched,MATCHED_RicianLOS,Proposed_CA_CNN_RNND,1884,0.392414640635252,0.31260447204113007,0.07981017138808966,
0,260816,matched,MATCHED_RicianLOS,Proposed_CA_CNN_RNND,1885,0.3204013742506504,0.26291538774967194,0.0574859871994704,
0,260816,matched,MATCHED_RicianLOS,Proposed_CA_CNN_RNND,1886,0.19966309517621994,0.1694100759923458,0.030253016855567694,
0,260816,matched,MATCHED_RicianLOS,Proposed_CA_CNN_RNND,1887,0.2621599845588207,0.21551852859556675,0.0466414587572217,
0,260816,matched,MATCHED_RicianLOS,Proposed_CA_CNN_RNND,1888,0.42778168991208076,0.3375883009284735,0.09019338968209922,
0,260816,matched,MATCHED_RicianLOS,Proposed_CA_CNN_RNND,1889,0.33100541681051254,0.271865114569664,0.059140306897461414,
0,260816,matched,MATCHED_RicianLOS,Proposed_CA_CNN_RNND,1890,0.19155989214777946,0.16406908631324768,0.027490809094160795,
0,260816,matched,MATCHED_RicianLOS,Proposed_CA_CNN_RNND,1891,0.2555556297302246,0.22007567808032036,0.03547995584085584,
0,260816,matched,MATCHED_RicianLOS,Proposed_CA_CNN_RNND,1892,0.44623280316591263,0.3521205298602581,0.0941122742369771,
0,260816,matched,MATCHED_RicianLOS,Proposed_CA_CNN_RNND,1893,0.38545141369104385,0.3160160183906555,0.06943539436906576,
0,260816,matched,MATCHED_RicianLOS,Proposed_CA_CNN_RNND,1894,0.25961311161518097,0.2152339145541191,0.04437920032069087,
0,260816,matched,MATCHED_RicianLOS,Proposed_CA_CNN_RNND,1895,0.2695349454879761,0.22776826843619347,0.04176667984575033,
0,260816,matched,MATCHED_RicianLOS,Proposed_CA_CNN_RNND,1896,0.3894040249288082,0.3175707794725895,0.07183323428034782,
0,260816,matched,MATCHED_RicianLOS,Proposed_CA_CNN_RNND,1897,0.39992666244506836,0.31945400685071945,0.08047265559434891,
0,260816,matched,MATCHED_RicianLOS,Proposed_CA_CNN_RNND,1898,0.2884131334722042,0.24207815527915955,0.04633497633039951,
0,260816,matched,MATCHED_RicianLOS,Proposed_CA_CNN_RNND,1899,0.3554808013141155,0.2804686278104782,0.07501217210665345,
0,260816,matched,MATCHED_RicianLOS,Proposed_CA_CNN_RNND,1900,0.2904125154018402,0.2385920137166977,0.051820503547787666,
0,260816,matched,MATCHED_RicianLOS,Proposed_CA_CNN_RNND,1901,0.3089897446334362,0.25121167302131653,0.05777807394042611,
0,260816,matched,MATCHED_RicianLOS,Proposed_CA_CNN_RNND,1902,0.6008831113576889,0.4696797728538513,0.13120334595441818,
0,260816,matched,MATCHED_RicianLOS,Proposed_CA_CNN_RNND,1903,0.4048254266381264,0.3312818296253681,0.07354358397424221,
0,260816,matched,MATCHED_RicianLOS,Proposed_CA_CNN_RNND,1904,0.4938832186162472,0.37736618518829346,0.11651703994721174,
0,260816,matched,MATCHED_RicianLOS,Proposed_CA_CNN_RNND,1905,0.46477536112070084,0.36399133689701557,0.10078403213992715,
0,260816,matched,MATCHED_RicianLOS,Proposed_CA_CNN_RNND,1906,0.29817338287830353,0.2497391439974308,0.04843423911370337,
0,260816,matched,MATCHED_RicianLOS,Proposed_CA_CNN_RNND,1907,0.3329934626817703,0.2742951810359955,0.05869827838614583,
0,260816,matched,MATCHED_RicianLOS,Proposed_CA_CNN_RNND,1908,0.38430948182940483,0.30488837137818336,0.07942111324518919,
0,260816,matched,MATCHED_RicianLOS,Proposed_CA_CNN_RNND,1909,0.17316333577036858,0.1482589840888977,0.024904349353164434,
0,260816,matched,MATCHED_RicianLOS,Proposed_CA_CNN_RNND,1910,0.45386575907468796,0.35777638107538223,0.09608937334269285,
0,260816,matched,MATCHED_RicianLOS,Proposed_CA_CNN_RNND,1911,0.5313465222716331,0.41697143018245697,0.11437509953975677,
0,260816,matched,MATCHED_RicianLOS,Proposed_CA_CNN_RNND,1912,0.4448254704475403,0.36052267253398895,0.08430280070751905,
0,260816,matched,MATCHED_RicianLOS,Proposed_CA_CNN_RNND,1913,0.30245890468358994,0.24704252928495407,0.05541638098657131,
0,260816,matched,MATCHED_RicianLOS,Proposed_CA_CNN_RNND,1914,0.45246458426117897,0.3580864183604717,0.09437816496938467,
0,260816,matched,MATCHED_RicianLOS,Proposed_CA_CNN_RNND,1915,0.208091763779521,0.17997229471802711,0.02811947325244546,
0,260816,matched,MATCHED_RicianLOS,Proposed_CA_CNN_RNND,1916,0.3634585253894329,0.29606208205223083,0.06739644147455692,
0,260816,matched,MATCHED_RicianLOS,Proposed_CA_CNN_RNND,1917,0.3470883034169674,0.2852454371750355,0.06184285692870617,
0,260816,matched,MATCHED_RicianLOS,Proposed_CA_CNN_RNND,1918,0.19207413867115974,0.1647743545472622,0.02729978458955884,
0,260816,matched,MATCHED_RicianLOS,Proposed_CA_CNN_RNND,1919,0.34192468971014023,0.28130781278014183,0.0606168694794178,
0,260816,matched,MATCHED_RicianLOS,Proposed_CA_CNN_RNND,1920,0.3155401758849621,0.2631246969103813,0.052415470127016306,
0,260816,matched,MATCHED_RicianLOS,Proposed_CA_CNN_RNND,1921,0.4268718287348747,0.3471365198493004,0.0797353032976389,
0,260816,matched,MATCHED_RicianLOS,Proposed_CA_CNN_RNND,1922,0.3789697717875242,0.3047797717154026,0.07419000379741192,
0,260816,matched,MATCHED_RicianLOS,Proposed_CA_CNN_RNND,1923,0.25666119903326035,0.2188034988939762,0.03785769920796156,
0,260816,matched,MATCHED_RicianLOS,Proposed_CA_CNN_RNND,1924,0.21511682122945786,0.18164505064487457,0.033471766859292984,
0,260816,matched,MATCHED_RicianLOS,Proposed_CA_CNN_RNND,1925,0.3273678608238697,0.2641102708876133,0.06325758108869195,
0,260816,matched,MATCHED_RicianLOS,Proposed_CA_CNN_RNND,1926,0.35532302781939507,0.2857847474515438,0.0695382859557867,
0,260816,matched,MATCHED_RicianLOS,Proposed_CA_CNN_RNND,1927,0.2315945290029049,0.1982549987733364,0.03333952696993947,
0,260816,matched,MATCHED_RicianLOS,Proposed_CA_CNN_RNND,1928,0.3791509009897709,0.3037504553794861,0.07540043536573648,
0,260816,matched,MATCHED_RicianLOS,Proposed_CA_CNN_RNND,1929,0.2530891075730324,0.209682434797287,0.04340667254291475,
0,260816,matched,MATCHED_RicianLOS,Proposed_CA_CNN_RNND,1930,0.35229916870594025,0.28392309322953224,0.068376075476408,
0,260816,matched,MATCHED_RicianLOS,Proposed_CA_CNN_RNND,1931,0.3489196449518204,0.2833273187279701,0.06559233041480184,
0,260816,matched,MATCHED_RicianLOS,Proposed_CA_CNN_RNND,1932,0.2807000204920769,0.22892563790082932,0.05177438631653786,
0,260816,matched,MATCHED_RicianLOS,Proposed_CA_CNN_RNND,1933,0.33273741602897644,0.27212537825107574,0.0606120340526104,
0,260816,matched,MATCHED_RicianLOS,Proposed_CA_CNN_RNND,1934,0.4013311266899109,0.32379066199064255,0.07754046656191349,
0,260816,matched,MATCHED_RicianLOS,Proposed_CA_CNN_RNND,1935,0.347777359187603,0.28173133730888367,0.06604601535946131,
0,260816,matched,MATCHED_RicianLOS,Proposed_CA_CNN_RNND,1936,0.24867058172821999,0.2080218568444252,0.0406487244181335,
0,260816,matched,MATCHED_RicianLOS,Proposed_CA_CNN_RNND,1937,0.5221833512187004,0.4022340327501297,0.11994930543005466,
0,260816,matched,MATCHED_RicianLOS,Proposed_CA_CNN_RNND,1938,0.3626990430057049,0.29713258147239685,0.06556645967066288,
0,260816,matched,MATCHED_RicianLOS,Proposed_CA_CNN_RNND,1939,0.5320277437567711,0.4193646311759949,0.11266312282532454,
0,260816,matched,MATCHED_RicianLOS,Proposed_CA_CNN_RNND,1940,0.3323395289480686,0.27324462682008743,0.059094893746078014,
0,260816,matched,MATCHED_RicianLOS,Proposed_CA_CNN_RNND,1941,0.4134857952594757,0.329164732247591,0.0843210625462234,
0,260816,matched,MATCHED_RicianLOS,Proposed_CA_CNN_RNND,1942,0.3155459612607956,0.25534218177199364,0.0602037888020277,
0,260816,matched,MATCHED_RicianLOS,Proposed_CA_CNN_RNND,1943,0.43656860291957855,0.3441106677055359,0.09245794638991356,
0,260816,matched,MATCHED_RicianLOS,Proposed_CA_CNN_RNND,1944,0.381074883043766,0.311695609241724,0.06937927100807428,
0,260816,matched,MATCHED_RicianLOS,Proposed_CA_CNN_RNND,1945,0.20694297924637794,0.17055941000580788,0.03638357017189264,
0,260816,matched,MATCHED_RicianLOS,Proposed_CA_CNN_RNND,1946,0.40404458343982697,0.3307660296559334,0.07327855005860329,
0,260816,matched,MATCHED_RicianLOS,Proposed_CA_CNN_RNND,1947,0.3550666272640228,0.2818445414304733,0.07322208769619465,
0,260816,matched,MATCHED_RicianLOS,Proposed_CA_CNN_RNND,1948,0.41910820454359055,0.33424992114305496,0.08485828898847103,
0,260816,matched,MATCHED_RicianLOS,Proposed_CA_CNN_RNND,1949,0.391550749540329,0.3165145143866539,0.0750362379476428,
0,260816,matched,MATCHED_RicianLOS,Proposed_CA_CNN_RNND,1950,0.3022584617137909,0.24802184849977493,0.054236617404967546,
0,260816,matched,MATCHED_RicianLOS,Proposed_CA_CNN_RNND,1951,0.3694616034626961,0.30306314677000046,0.06639845483005047,
0,260816,matched,MATCHED_RicianLOS,Proposed_CA_CNN_RNND,1952,0.3857235461473465,0.3041132315993309,0.08161031641066074,
0,260816,matched,MATCHED_RicianLOS,Proposed_CA_CNN_RNND,1953,0.2448163814842701,0.2078072875738144,0.03700909670442343,
0,260816,matched,MATCHED_RicianLOS,Proposed_CA_CNN_RNND,1954,0.3359929099678993,0.27389150857925415,0.062101397197693586,
0,260816,matched,MATCHED_RicianLOS,Proposed_CA_CNN_RNND,1955,0.27612113021314144,0.2296150103211403,0.046506125130690634,
0,260816,matched,MATCHED_RicianLOS,Proposed_CA_CNN_RNND,1956,0.246249470859766,0.2097606286406517,0.036488843616098166,
0,260816,matched,MATCHED_RicianLOS,Proposed_CA_CNN_RNND,1957,0.3489440605044365,0.2704288177192211,0.0785152455791831,
0,260816,matched,MATCHED_RicianLOS,Proposed_CA_CNN_RNND,1958,0.4891389310359955,0.38417431339621544,0.10496461018919945,
0,260816,matched,MATCHED_RicianLOS,Proposed_CA_CNN_RNND,1959,0.4657384231686592,0.3725002035498619,0.09323822055011988,
0,260816,matched,MATCHED_RicianLOS,Proposed_CA_CNN_RNND,1960,0.5204856693744659,0.40626977384090424,0.1142158955335617,
0,260816,matched,MATCHED_RicianLOS,Proposed_CA_CNN_RNND,1961,0.4654466472566128,0.3724385015666485,0.09300815220922232,
0,260816,matched,MATCHED_RicianLOS,Proposed_CA_CNN_RNND,1962,0.3797491155564785,0.30905380472540855,0.07069530710577965,
0,260816,matched,MATCHED_RicianLOS,Proposed_CA_CNN_RNND,1963,0.4705159477889538,0.3727218359708786,0.09779410669580102,
0,260816,matched,MATCHED_RicianLOS,Proposed_CA_CNN_RNND,1964,0.401049692183733,0.32258687913417816,0.07846281211823225,
0,260816,matched,MATCHED_RicianLOS,Proposed_CA_CNN_RNND,1965,0.2707420438528061,0.22318348288536072,0.04755856702104211,
0,260816,matched,MATCHED_RicianLOS,Proposed_CA_CNN_RNND,1966,0.28709688037633896,0.23702475987374783,0.050072118639945984,
0,260816,matched,MATCHED_RicianLOS,Proposed_CA_CNN_RNND,1967,0.4466233029961586,0.35046933591365814,0.09615396056324244,
0,260816,matched,MATCHED_RicianLOS,Proposed_CA_CNN_RNND,1968,0.417116466909647,0.324808269739151,0.09230821300297976,
0,260816,matched,MATCHED_RicianLOS,Proposed_CA_CNN_RNND,1969,0.45574916154146194,0.36845411732792854,0.0872950404882431,
0,260816,matched,MATCHED_RicianLOS,Proposed_CA_CNN_RNND,1970,0.3235298916697502,0.25870082154870033,0.06482906825840473,
0,260816,matched,MATCHED_RicianLOS,Proposed_CA_CNN_RNND,1971,0.3235909566283226,0.2624988220632076,0.06109213805757463,
0,260816,matched,MATCHED_RicianLOS,Proposed_CA_CNN_RNND,1972,0.4092853292822838,0.3265916034579277,0.08269373700022697,
0,260816,matched,MATCHED_RicianLOS,Proposed_CA_CNN_RNND,1973,0.40494975447654724,0.3232603669166565,0.08168939128518105,
0,260816,matched,MATCHED_RicianLOS,Proposed_CA_CNN_RNND,1974,0.4612889811396599,0.3662102743983269,0.09507871139794588,
0,260816,matched,MATCHED_RicianLOS,Proposed_CA_CNN_RNND,1975,0.40904558449983597,0.31891240179538727,0.09013317804783583,
0,260816,matched,MATCHED_RicianLOS,Proposed_CA_CNN_RNND,1976,0.4481075182557106,0.3599628433585167,0.08814467862248421,
0,260816,matched,MATCHED_RicianLOS,Proposed_CA_CNN_RNND,1977,0.34295743703842163,0.2859153635799885,0.057042074389755726,
0,260816,matched,MATCHED_RicianLOS,Proposed_CA_CNN_RNND,1978,0.5225883573293686,0.4076392203569412,0.11494914069771767,
0,260816,matched,MATCHED_RicianLOS,Proposed_CA_CNN_RNND,1979,0.4248313270509243,0.33869263529777527,0.0861386931501329,
0,260816,matched,MATCHED_RicianLOS,Proposed_CA_CNN_RNND,1980,0.2898267172276974,0.24055779352784157,0.0492689274251461,
0,260816,matched,MATCHED_RicianLOS,Proposed_CA_CNN_RNND,1981,0.3391995467245579,0.27344831451773643,0.06575123639777303,
0,260816,matched,MATCHED_RicianLOS,Proposed_CA_CNN_RNND,1982,0.3011995442211628,0.24754253216087818,0.053657013457268476,
0,260816,matched,MATCHED_RicianLOS,Proposed_CA_CNN_RNND,1983,0.27265800535678864,0.23047620058059692,0.042181810829788446,
0,260816,matched,MATCHED_RicianLOS,Proposed_CA_CNN_RNND,1984,0.37996576353907585,0.30639544129371643,0.07357032503932714,
0,260816,matched,MATCHED_RicianLOS,Proposed_CA_CNN_RNND,1985,0.3505559153854847,0.28177568316459656,0.06878024246543646,
0,260816,matched,MATCHED_RicianLOS,Proposed_CA_CNN_RNND,1986,0.34530631452798843,0.2763982526957989,0.06890805810689926,
0,260816,matched,MATCHED_RicianLOS,Proposed_CA_CNN_RNND,1987,0.5134187787771225,0.4084077402949333,0.10501104220747948,
0,260816,matched,MATCHED_RicianLOS,Proposed_CA_CNN_RNND,1988,0.41477020829916,0.3321654722094536,0.08260473236441612,
0,260816,matched,MATCHED_RicianLOS,Proposed_CA_CNN_RNND,1989,0.4088902473449707,0.3242444284260273,0.08464582823216915,
0,260816,matched,MATCHED_RicianLOS,Proposed_CA_CNN_RNND,1990,0.28989947959780693,0.23919016495347023,0.0507093109190464,
0,260816,matched,MATCHED_RicianLOS,Proposed_CA_CNN_RNND,1991,0.4912784695625305,0.39053406938910484,0.10074440389871597,
0,260816,matched,MATCHED_RicianLOS,Proposed_CA_CNN_RNND,1992,0.33848749101161957,0.2696922905743122,0.06879520323127508,
0,260816,matched,MATCHED_RicianLOS,Proposed_CA_CNN_RNND,1993,0.2331540659070015,0.1934334561228752,0.039720620261505246,
0,260816,matched,MATCHED_RicianLOS,Proposed_CA_CNN_RNND,1994,0.454458124935627,0.3629956468939781,0.09146248176693916,
0,260816,matched,MATCHED_RicianLOS,Proposed_CA_CNN_RNND,1995,0.44616786390542984,0.36437665671110153,0.08179120160639286,
0,260816,matched,MATCHED_RicianLOS,Proposed_CA_CNN_RNND,1996,0.2505769692361355,0.2140846997499466,0.036492269951850176,
0,260816,matched,MATCHED_RicianLOS,Proposed_CA_CNN_RNND,1997,0.389521948993206,0.31699614226818085,0.07252581231296062,
0,260816,matched,MATCHED_RicianLOS,Proposed_CA_CNN_RNND,1998,0.25777654349803925,0.21652895957231522,0.04124758718535304,
0,260816,matched,MATCHED_RicianLOS,Proposed_CA_CNN_RNND,1999,0.3689880967140198,0.2952791824936867,0.0737089067697525,
0,260816,matched,MATCHED_RicianLOS,Proposed_CA_CNN_RNND,2000,0.4678191840648651,0.37220505252480507,0.09561414271593094,-1.0696240871634906
0,260816,matched,MATCHED_RicianLOS,Proposed_CA_CNN_RNND,2001,0.4587488994002342,0.3621215522289276,0.09662734344601631,
0,260816,matched,MATCHED_RicianLOS,Proposed_CA_CNN_RNND,2002,0.3843188062310219,0.31276193261146545,0.07155687548220158,
0,260816,matched,MATCHED_RicianLOS,Proposed_CA_CNN_RNND,2003,0.37659028358757496,0.3069156911224127,0.06967459991574287,
0,260816,matched,MATCHED_RicianLOS,Proposed_CA_CNN_RNND,2004,0.41926927119493484,0.3373383581638336,0.0819309102371335,
0,260816,matched,MATCHED_RicianLOS,Proposed_CA_CNN_RNND,2005,0.3158433511853218,0.2572384439408779,0.05860491003841162,
0,260816,matched,MATCHED_RicianLOS,Proposed_CA_CNN_RNND,2006,0.33853261172771454,0.2765174135565758,0.062015196308493614,
0,260816,matched,MATCHED_RicianLOS,Proposed_CA_CNN_RNND,2007,0.3533317893743515,0.2892872877418995,0.06404450349509716,
0,260816,matched,MATCHED_RicianLOS,Proposed_CA_CNN_RNND,2008,0.4036540500819683,0.3159653805196285,0.08768867142498493,
0,260816,matched,MATCHED_RicianLOS,Proposed_CA_CNN_RNND,2009,0.4340440705418587,0.35421087592840195,0.07983319461345673,
0,260816,matched,MATCHED_RicianLOS,Proposed_CA_CNN_RNND,2010,0.46996987238526344,0.36984704807400703,0.10012282198294997,
0,260816,matched,MATCHED_RicianLOS,Proposed_CA_CNN_RNND,2011,0.3952801302075386,0.316305547952652,0.07897458970546722,
0,260816,matched,MATCHED_RicianLOS,Proposed_CA_CNN_RNND,2012,0.4156854823231697,0.3326775059103966,0.08300797361880541,
0,260816,matched,MATCHED_RicianLOS,Proposed_CA_CNN_RNND,2013,0.40180307254195213,0.3221805263310671,0.07962252851575613,
0,260816,matched,MATCHED_RicianLOS,Proposed_CA_CNN_RNND,2014,0.35526813566684723,0.29155541583895683,0.06371272727847099,
0,260816,matched,MATCHED_RicianLOS,Proposed_CA_CNN_RNND,2015,0.3149406649172306,0.2642437256872654,0.05069693736732006,
0,260816,matched,MATCHED_RicianLOS,Proposed_CA_CNN_RNND,2016,0.376123558729887,0.2994980663061142,0.07662549521774054,
0,260816,matched,MATCHED_RicianLOS,Proposed_CA_CNN_RNND,2017,0.25288428366184235,0.21233179420232773,0.04055248945951462,
0,260816,matched,MATCHED_RicianLOS,Proposed_CA_CNN_RNND,2018,0.32463474199175835,0.26665231958031654,0.05798242753371596,
0,260816,matched,MATCHED_RicianLOS,Proposed_CA_CNN_RNND,2019,0.3711416497826576,0.2964513525366783,0.07469029445201159,
0,260816,matched,MATCHED_RicianLOS,Proposed_CA_CNN_RNND,2020,0.20369336009025574,0.17244655638933182,0.031246805330738425,
0,260816,matched,MATCHED_RicianLOS,Proposed_CA_CNN_RNND,2021,0.2754060812294483,0.2351611740887165,0.04024490341544151,
0,260816,matched,MATCHED_RicianLOS,Proposed_CA_CNN_RNND,2022,0.2633219249546528,0.22213607653975487,0.04118584608659148,
0,260816,matched,MATCHED_RicianLOS,Proposed_CA_CNN_RNND,2023,0.2893771678209305,0.23888319358229637,0.05049397237598896,
0,260816,matched,MATCHED_RicianLOS,Proposed_CA_CNN_RNND,2024,0.26586902886629105,0.2261882834136486,0.039680745685473084,
0,260816,matched,MATCHED_RicianLOS,Proposed_CA_CNN_RNND,2025,0.25349462777376175,0.20908526331186295,0.044409364461898804,
0,260816,matched,MATCHED_RicianLOS,Proposed_CA_CNN_RNND,2026,0.3911278359591961,0.30697979778051376,0.08414803352206945,
0,260816,matched,MATCHED_RicianLOS,Proposed_CA_CNN_RNND,2027,0.4723987951874733,0.3758131042122841,0.09658568352460861,
0,260816,matched,MATCHED_RicianLOS,Proposed_CA_CNN_RNND,2028,0.3010358214378357,0.2527863122522831,0.04824950871989131,
0,260816,matched,MATCHED_RicianLOS,Proposed_CA_CNN_RNND,2029,0.31349674984812737,0.2538115605711937,0.05968519160524011,
0,260816,matched,MATCHED_RicianLOS,Proposed_CA_CNN_RNND,2030,0.4444989636540413,0.3551089018583298,0.08939005807042122,
0,260816,matched,MATCHED_RicianLOS,Proposed_CA_CNN_RNND,2031,0.38253507763147354,0.30806369706988335,0.07447138614952564,
0,260816,matched,MATCHED_RicianLOS,Proposed_CA_CNN_RNND,2032,0.48870766162872314,0.3896283283829689,0.09907933138310909,
0,260816,matched,MATCHED_RicianLOS,Proposed_CA_CNN_RNND,2033,0.4711596369743347,0.37112651765346527,0.10003311838954687,
0,260816,matched,MATCHED_RicianLOS,Proposed_CA_CNN_RNND,2034,0.39976922050118446,0.32120145484805107,0.07856776472181082,
0,260816,matched,MATCHED_RicianLOS,Proposed_CA_CNN_RNND,2035,0.4158783629536629,0.3369036093354225,0.07897475268691778,
0,260816,matched,MATCHED_RicianLOS,Proposed_CA_CNN_RNND,2036,0.27077051252126694,0.22477294877171516,0.04599756561219692,
0,260816,matched,MATCHED_RicianLOS,Proposed_CA_CNN_RNND,2037,0.3024798780679703,0.244651036337018,0.05782884219661355,
0,260816,matched,MATCHED_RicianLOS,Proposed_CA_CNN_RNND,2038,0.3421728350222111,0.27247972041368484,0.0696931155398488,
0,260816,matched,MATCHED_RicianLOS,Proposed_CA_CNN_RNND,2039,0.30714091658592224,0.258090004324913,0.04905090946704149,
0,260816,matched,MATCHED_RicianLOS,Proposed_CA_CNN_RNND,2040,0.46434467285871506,0.3694065734744072,0.09493809845298529,
0,260816,matched,MATCHED_RicianLOS,Proposed_CA_CNN_RNND,2041,0.4441985972225666,0.34750527888536453,0.09669332578778267,
0,260816,matched,MATCHED_RicianLOS,Proposed_CA_CNN_RNND,2042,0.3406536653637886,0.2799161300063133,0.06073755118995905,
0,260816,matched,MATCHED_RicianLOS,Proposed_CA_CNN_RNND,2043,0.33488437347114086,0.2725802343338728,0.062304145423695445,
0,260816,matched,MATCHED_RicianLOS,Proposed_CA_CNN_RNND,2044,0.44529320672154427,0.3493594788014889,0.09593373909592628,
0,260816,matched,MATCHED_RicianLOS,Proposed_CA_CNN_RNND,2045,0.27711381763219833,0.225078996270895,0.05203481763601303,
0,260816,matched,MATCHED_RicianLOS,Proposed_CA_CNN_RNND,2046,0.19787341728806496,0.1700568087399006,0.02781660621985793,
0,260816,matched,MATCHED_RicianLOS,Proposed_CA_CNN_RNND,2047,0.26984626799821854,0.2225378379225731,0.0473084282130003,
0,260816,matched,MATCHED_RicianLOS,Proposed_CA_CNN_RNND,2048,0.2703525871038437,0.22667601332068443,0.04367657704278827,
0,260816,matched,MATCHED_RicianLOS,Proposed_CA_CNN_RNND,2049,0.23384220898151398,0.20055393874645233,0.03328826650977135,
0,260816,matched,MATCHED_RicianLOS,Proposed_CA_CNN_RNND,2050,0.24012510105967522,0.20662133023142815,0.03350376896560192,
0,260816,matched,MATCHED_RicianLOS,Proposed_CA_CNN_RNND,2051,0.5285140499472618,0.41871728003025055,0.10979676805436611,
0,260816,matched,MATCHED_RicianLOS,Proposed_CA_CNN_RNND,2052,0.27262625843286514,0.22778432071208954,0.044841935858130455,
0,260816,matched,MATCHED_RicianLOS,Proposed_CA_CNN_RNND,2053,0.33237533271312714,0.27587565779685974,0.05649968283250928,
0,260816,matched,MATCHED_RicianLOS,Proposed_CA_CNN_RNND,2054,0.39476633071899414,0.31798938289284706,0.07677695341408253,
0,260816,matched,MATCHED_RicianLOS,Proposed_CA_CNN_RNND,2055,0.43365006893873215,0.3420422300696373,0.09160783048719168,
0,260816,matched,MATCHED_RicianLOS,Proposed_CA_CNN_RNND,2056,0.3419424816966057,0.2813747823238373,0.060567704029381275,
0,260816,matched,MATCHED_RicianLOS,Proposed_CA_CNN_RNND,2057,0.2751644253730774,0.22807596623897552,0.04708846192806959,
0,260816,matched,MATCHED_RicianLOS,Proposed_CA_CNN_RNND,2058,0.44547927379608154,0.3508651554584503,0.09461411461234093,
0,260816,matched,MATCHED_RicianLOS,Proposed_CA_CNN_RNND,2059,0.18477268889546394,0.15925675071775913,0.02551593678072095,
0,260816,matched,MATCHED_RicianLOS,Proposed_CA_CNN_RNND,2060,0.24647005647420883,0.20467456057667732,0.041795496828854084,
0,260816,matched,MATCHED_RicianLOS,Proposed_CA_CNN_RNND,2061,0.34158578515052795,0.2797872629016638,0.06179852783679962,
0,260816,matched,MATCHED_RicianLOS,Proposed_CA_CNN_RNND,2062,0.22650384530425072,0.1889142468571663,0.03758959658443928,
0,260816,matched,MATCHED_RicianLOS,Proposed_CA_CNN_RNND,2063,0.4370259791612625,0.3534064143896103,0.08361955918371677,
0,260816,matched,MATCHED_RicianLOS,Proposed_CA_CNN_RNND,2064,0.3826480284333229,0.3049864172935486,0.07766161393374205,
0,260816,matched,MATCHED_RicianLOS,Proposed_CA_CNN_RNND,2065,0.40552013367414474,0.3254818692803383,0.0800382699817419,
0,260816,matched,MATCHED_RicianLOS,Proposed_CA_CNN_RNND,2066,0.4315918982028961,0.3425753079354763,0.08901659119874239,
0,260816,matched,MATCHED_RicianLOS,Proposed_CA_CNN_RNND,2067,0.3493565060198307,0.2818105071783066,0.06754600023850799,
0,260816,matched,MATCHED_RicianLOS,Proposed_CA_CNN_RNND,2068,0.4855472147464752,0.3858554810285568,0.09969173558056355,
0,260816,matched,MATCHED_RicianLOS,Proposed_CA_CNN_RNND,2069,0.42554061859846115,0.3412959352135658,0.0842446768656373,
0,260816,matched,MATCHED_RicianLOS,Proposed_CA_CNN_RNND,2070,0.33583100885152817,0.2809775620698929,0.054853443056344986,
0,260816,matched,MATCHED_RicianLOS,Proposed_CA_CNN_RNND,2071,0.4734083041548729,0.37890392541885376,0.09450438898056746,
0,260816,matched,MATCHED_RicianLOS,Proposed_CA_CNN_RNND,2072,0.47104258090257645,0.37526334822177887,0.09577922523021698,
0,260816,matched,MATCHED_RicianLOS,Proposed_CA_CNN_RNND,2073,0.3786186911165714,0.2994555290788412,0.07916316064074636,
0,260816,matched,MATCHED_RicianLOS,Proposed_CA_CNN_RNND,2074,0.2912941090762615,0.23693494126200676,0.05435917340219021,
0,260816,matched,MATCHED_RicianLOS,Proposed_CA_CNN_RNND,2075,0.45339082181453705,0.3610519915819168,0.09233882278203964,
0,260816,matched,MATCHED_RicianLOS,Proposed_CA_CNN_RNND,2076,0.41793884336948395,0.33559296280145645,0.08234587870538235,
0,260816,matched,MATCHED_RicianLOS,Proposed_CA_CNN_RNND,2077,0.3410315774381161,0.2799353860318661,0.061096200719475746,
0,260816,matched,MATCHED_RicianLOS,Proposed_CA_CNN_RNND,2078,0.2593126483261585,0.22180313616991043,0.03750951774418354,
0,260816,matched,MATCHED_RicianLOS,Proposed_CA_CNN_RNND,2079,0.34242033213377,0.27412262186408043,0.06829770747572184,
0,260816,matched,MATCHED_RicianLOS,Proposed_CA_CNN_RNND,2080,0.32418689504265785,0.26716049388051033,0.057026393711566925,
0,260816,matched,MATCHED_RicianLOS,Proposed_CA_CNN_RNND,2081,0.36444586515426636,0.2938172034919262,0.07062866911292076,
0,260816,matched,MATCHED_RicianLOS,Proposed_CA_CNN_RNND,2082,0.41435523331165314,0.3348354287445545,0.0795198124833405,
0,260816,matched,MATCHED_RicianLOS,Proposed_CA_CNN_RNND,2083,0.4068305194377899,0.33163855224847794,0.0751919662579894,
0,260816,matched,MATCHED_RicianLOS,Proposed_CA_CNN_RNND,2084,0.2581855580210686,0.21612826362252235,0.0420572878792882,
0,260816,matched,MATCHED_RicianLOS,Proposed_CA_CNN_RNND,2085,0.357159536331892,0.2890835963189602,0.06807593535631895,
0,260816,matched,MATCHED_RicianLOS,Proposed_CA_CNN_RNND,2086,0.46431126445531845,0.3778408467769623,0.08647043071687222,
0,260816,matched,MATCHED_RicianLOS,Proposed_CA_CNN_RNND,2087,0.33587605133652687,0.2719934433698654,0.06388261169195175,
0,260816,matched,MATCHED_RicianLOS,Proposed_CA_CNN_RNND,2088,0.32562416791915894,0.2627186179161072,0.06290555093437433,
0,260816,matched,MATCHED_RicianLOS,Proposed_CA_CNN_RNND,2089,0.27242206409573555,0.22442904487252235,0.04799301875755191,
0,260816,matched,MATCHED_RicianLOS,Proposed_CA_CNN_RNND,2090,0.35633422434329987,0.2931305356323719,0.06320369429886341,
0,260816,matched,MATCHED_RicianLOS,Proposed_CA_CNN_RNND,2091,0.3551015257835388,0.29061122238636017,0.06449030712246895,
0,260816,matched,MATCHED_RicianLOS,Proposed_CA_CNN_RNND,2092,0.26979800313711166,0.2278737612068653,0.04192424286156893,
0,260816,matched,MATCHED_RicianLOS,Proposed_CA_CNN_RNND,2093,0.33971089124679565,0.2778850719332695,0.06182582303881645,
0,260816,matched,MATCHED_RicianLOS,Proposed_CA_CNN_RNND,2094,0.3244010116904974,0.264020886272192,0.060380127746611834,
0,260816,matched,MATCHED_RicianLOS,Proposed_CA_CNN_RNND,2095,0.3056703917682171,0.25471214950084686,0.0509582431986928,
0,260816,matched,MATCHED_RicianLOS,Proposed_CA_CNN_RNND,2096,0.40437067300081253,0.3365970440208912,0.06777363363653421,
0,260816,matched,MATCHED_RicianLOS,Proposed_CA_CNN_RNND,2097,0.3291023187339306,0.26616794988512993,0.06293437536805868,
0,260816,matched,MATCHED_RicianLOS,Proposed_CA_CNN_RNND,2098,0.42353642731904984,0.34052008390426636,0.08301633223891258,
0,260816,matched,MATCHED_RicianLOS,Proposed_CA_CNN_RNND,2099,0.4151689037680626,0.33183636143803596,0.08333254233002663,
0,260816,matched,MATCHED_RicianLOS,Proposed_CA_CNN_RNND,2100,0.40227505192160606,0.3253961242735386,0.07687892764806747,
0,260816,matched,MATCHED_RicianLOS,Proposed_CA_CNN_RNND,2101,0.4448527917265892,0.3585101440548897,0.08634263556450605,
0,260816,matched,MATCHED_RicianLOS,Proposed_CA_CNN_RNND,2102,0.17001675069332123,0.14284751936793327,0.027169233420863748,
0,260816,matched,MATCHED_RicianLOS,Proposed_CA_CNN_RNND,2103,0.4705399014055729,0.37387705966830254,0.09666284639388323,
0,260816,matched,MATCHED_RicianLOS,Proposed_CA_CNN_RNND,2104,0.364144891500473,0.3016509637236595,0.06249392032623291,
0,260816,matched,MATCHED_RicianLOS,Proposed_CA_CNN_RNND,2105,0.3341141305863857,0.27162107825279236,0.06249304604716599,
0,260816,matched,MATCHED_RicianLOS,Proposed_CA_CNN_RNND,2106,0.4306994341313839,0.34410396218299866,0.08659547101706266,
0,260816,matched,MATCHED_RicianLOS,Proposed_CA_CNN_RNND,2107,0.33434818498790264,0.272326797246933,0.06202138913795352,
0,260816,matched,MATCHED_RicianLOS,Proposed_CA_CNN_RNND,2108,0.2665049768984318,0.21973769180476665,0.04676728486083448,
0,260816,matched,MATCHED_RicianLOS,Proposed_CA_CNN_RNND,2109,0.3574276342988014,0.2872280590236187,0.07019957341253757,
0,260816,matched,MATCHED_RicianLOS,Proposed_CA_CNN_RNND,2110,0.25969820097088814,0.2225637324154377,0.03713446808978915,
0,260816,matched,MATCHED_RicianLOS,Proposed_CA_CNN_RNND,2111,0.39062464982271194,0.31984444707632065,0.07078020181506872,
0,260816,matched,MATCHED_RicianLOS,Proposed_CA_CNN_RNND,2112,0.28982191532850266,0.24185911193490028,0.04796280339360237,
0,260816,matched,MATCHED_RicianLOS,Proposed_CA_CNN_RNND,2113,0.5014988481998444,0.4038836732506752,0.09761516563594341,
0,260816,matched,MATCHED_RicianLOS,Proposed_CA_CNN_RNND,2114,0.34711895510554314,0.28311649709939957,0.06400245986878872,
0,260816,matched,MATCHED_RicianLOS,Proposed_CA_CNN_RNND,2115,0.37445416674017906,0.30283931642770767,0.07161484844982624,
0,260816,matched,MATCHED_RicianLOS,Proposed_CA_CNN_RNND,2116,0.3436044603586197,0.272693008184433,0.07091145240701735,
0,260816,matched,MATCHED_RicianLOS,Proposed_CA_CNN_RNND,2117,0.4021071493625641,0.3233584351837635,0.07874871138483286,
0,260816,matched,MATCHED_RicianLOS,Proposed_CA_CNN_RNND,2118,0.19321954250335693,0.16752678900957108,0.02569275302812457,
0,260816,matched,MATCHED_RicianLOS,Proposed_CA_CNN_RNND,2119,0.3355637453496456,0.2719690874218941,0.06359466072171926,
0,260816,matched,MATCHED_RicianLOS,Proposed_CA_CNN_RNND,2120,0.4649088978767395,0.3753383159637451,0.08957058750092983,
0,260816,matched,MATCHED_RicianLOS,Proposed_CA_CNN_RNND,2121,0.24377426877617836,0.20681624859571457,0.03695801959838718,
0,260816,matched,MATCHED_RicianLOS,Proposed_CA_CNN_RNND,2122,0.17225300520658493,0.14691098779439926,0.025342017877846956,
0,260816,matched,MATCHED_RicianLOS,Proposed_CA_CNN_RNND,2123,0.3815917856991291,0.3024265319108963,0.07916525937616825,
0,260816,matched,MATCHED_RicianLOS,Proposed_CA_CNN_RNND,2124,0.32940561324357986,0.26375170797109604,0.0656539173796773,
0,260816,matched,MATCHED_RicianLOS,Proposed_CA_CNN_RNND,2125,0.3875744715332985,0.31284787505865097,0.07472659461200237,
0,260816,matched,MATCHED_RicianLOS,Proposed_CA_CNN_RNND,2126,0.26485612988471985,0.2217610403895378,0.043095095083117485,
0,260816,matched,MATCHED_RicianLOS,Proposed_CA_CNN_RNND,2127,0.30613021552562714,0.24602307379245758,0.06010714080184698,
0,260816,matched,MATCHED_RicianLOS,Proposed_CA_CNN_RNND,2128,0.28102021291852,0.2357542123645544,0.04526600055396557,
0,260816,matched,MATCHED_RicianLOS,Proposed_CA_CNN_RNND,2129,0.19482655450701714,0.16876572370529175,0.026060829870402813,
0,260816,matched,MATCHED_RicianLOS,Proposed_CA_CNN_RNND,2130,0.3709530159831047,0.2996688298881054,0.07128419075161219,
0,260816,matched,MATCHED_RicianLOS,Proposed_CA_CNN_RNND,2131,0.3655441701412201,0.29600294306874275,0.06954122893512249,
0,260816,matched,MATCHED_RicianLOS,Proposed_CA_CNN_RNND,2132,0.4770757183432579,0.3849606513977051,0.09211505763232708,
0,260816,matched,MATCHED_RicianLOS,Proposed_CA_CNN_RNND,2133,0.37154772132635117,0.29599885642528534,0.07554887770675123,
0,260816,matched,MATCHED_RicianLOS,Proposed_CA_CNN_RNND,2134,0.4823261648416519,0.38509294390678406,0.09723321441560984,
0,260816,matched,MATCHED_RicianLOS,Proposed_CA_CNN_RNND,2135,0.46671289950609207,0.36931147426366806,0.09740141639485955,
0,260816,matched,MATCHED_RicianLOS,Proposed_CA_CNN_RNND,2136,0.25508157163858414,0.2143891677260399,0.04069240437820554,
0,260816,matched,MATCHED_RicianLOS,Proposed_CA_CNN_RNND,2137,0.3779436759650707,0.30949318781495094,0.06845048442482948,
0,260816,matched,MATCHED_RicianLOS,Proposed_CA_CNN_RNND,2138,0.2790310811251402,0.2328985184431076,0.04613256733864546,
0,260816,matched,MATCHED_RicianLOS,Proposed_CA_CNN_RNND,2139,0.29895688220858574,0.2416750267148018,0.05728185921907425,
0,260816,matched,MATCHED_RicianLOS,Proposed_CA_CNN_RNND,2140,0.3552687019109726,0.2878650166094303,0.06740368902683258,
0,260816,matched,MATCHED_RicianLOS,Proposed_CA_CNN_RNND,2141,0.5187013298273087,0.4087398424744606,0.1099614966660738,
0,260816,matched,MATCHED_RicianLOS,Proposed_CA_CNN_RNND,2142,0.3952089473605156,0.3106922321021557,0.08451671805232763,
0,260816,matched,MATCHED_RicianLOS,Proposed_CA_CNN_RNND,2143,0.2795139402151108,0.23152189329266548,0.047992042265832424,
0,260816,matched,MATCHED_RicianLOS,Proposed_CA_CNN_RNND,2144,0.3424544148147106,0.2744128182530403,0.06804160075262189,
0,260816,matched,MATCHED_RicianLOS,Proposed_CA_CNN_RNND,2145,0.3240591734647751,0.2693917267024517,0.05466745141893625,
0,260816,matched,MATCHED_RicianLOS,Proposed_CA_CNN_RNND,2146,0.29017694666981697,0.24124762043356895,0.04892932088114321,
0,260816,matched,MATCHED_RicianLOS,Proposed_CA_CNN_RNND,2147,0.4122990295290947,0.3334840349853039,0.07881500152871013,
0,260816,matched,MATCHED_RicianLOS,Proposed_CA_CNN_RNND,2148,0.3368776813149452,0.2771952822804451,0.05968239554204047,
0,260816,matched,MATCHED_RicianLOS,Proposed_CA_CNN_RNND,2149,0.3047979809343815,0.2576624285429716,0.04713555728085339,
0,260816,matched,MATCHED_RicianLOS,Proposed_CA_CNN_RNND,2150,0.27725931629538536,0.22965271398425102,0.04760659812018275,
0,260816,matched,MATCHED_RicianLOS,Proposed_CA_CNN_RNND,2151,0.23343514651060104,0.19800996035337448,0.03542518801987171,
0,260816,matched,MATCHED_RicianLOS,Proposed_CA_CNN_RNND,2152,0.435334887355566,0.3455652669072151,0.08976962161250412,
0,260816,matched,MATCHED_RicianLOS,Proposed_CA_CNN_RNND,2153,0.3281073495745659,0.27512276917696,0.052984582260251045,
0,260816,matched,MATCHED_RicianLOS,Proposed_CA_CNN_RNND,2154,0.4080008640885353,0.32576973736286163,0.08223114162683487,
0,260816,matched,MATCHED_RicianLOS,Proposed_CA_CNN_RNND,2155,0.3640652671456337,0.28754087164998055,0.0765243899077177,
0,260816,matched,MATCHED_RicianLOS,Proposed_CA_CNN_RNND,2156,0.2807234860956669,0.23829614371061325,0.04242734331637621,
0,260816,matched,MATCHED_RicianLOS,Proposed_CA_CNN_RNND,2157,0.437882661819458,0.348230317234993,0.08965234458446503,
0,260816,matched,MATCHED_RicianLOS,Proposed_CA_CNN_RNND,2158,0.5377671718597412,0.4161733239889145,0.12159384414553642,
0,260816,matched,MATCHED_RicianLOS,Proposed_CA_CNN_RNND,2159,0.3770880922675133,0.31237577833235264,0.06471231230534613,
0,260816,matched,MATCHED_RicianLOS,Proposed_CA_CNN_RNND,2160,0.42386990785598755,0.34439946711063385,0.07947043981403112,
0,260816,matched,MATCHED_RicianLOS,Proposed_CA_CNN_RNND,2161,0.375093474984169,0.3045806437730789,0.07051283027976751,
0,260816,matched,MATCHED_RicianLOS,Proposed_CA_CNN_RNND,2162,0.20531918853521347,0.1770559474825859,0.02826323709450662,
0,260816,matched,MATCHED_RicianLOS,Proposed_CA_CNN_RNND,2163,0.45489639043807983,0.3638417087495327,0.09105467889457941,
0,260816,matched,MATCHED_RicianLOS,Proposed_CA_CNN_RNND,2164,0.40087712183594704,0.32484760135412216,0.07602952141314745,
0,260816,matched,MATCHED_RicianLOS,Proposed_CA_CNN_RNND,2165,0.37308767437934875,0.3077195957303047,0.06536808796226978,
0,260816,matched,MATCHED_RicianLOS,Proposed_CA_CNN_RNND,2166,0.3489551655948162,0.2826105020940304,0.06634466350078583,
0,260816,matched,MATCHED_RicianLOS,Proposed_CA_CNN_RNND,2167,0.537421777844429,0.4178057461977005,0.11961602792143822,
0,260816,matched,MATCHED_RicianLOS,Proposed_CA_CNN_RNND,2168,0.28520286455750465,0.24123641848564148,0.04396644583903253,
0,260816,matched,MATCHED_RicianLOS,Proposed_CA_CNN_RNND,2169,0.3427148461341858,0.2819298505783081,0.06078499834984541,
0,260816,matched,MATCHED_RicianLOS,Proposed_CA_CNN_RNND,2170,0.40757346898317337,0.3326488509774208,0.07492460869252682,
0,260816,matched,MATCHED_RicianLOS,Proposed_CA_CNN_RNND,2171,0.33607617765665054,0.2729055844247341,0.06317059183493257,
0,260816,matched,MATCHED_RicianLOS,Proposed_CA_CNN_RNND,2172,0.5291232839226723,0.42334064841270447,0.1057826466858387,
0,260816,matched,MATCHED_RicianLOS,Proposed_CA_CNN_RNND,2173,0.375309731811285,0.30513955280184746,0.07017018180340528,
0,260816,matched,MATCHED_RicianLOS,Proposed_CA_CNN_RNND,2174,0.4691922143101692,0.36979877948760986,0.09939343109726906,
0,260816,matched,MATCHED_RicianLOS,Proposed_CA_CNN_RNND,2175,0.387005340307951,0.3189113698899746,0.0680939657613635,
0,260816,matched,MATCHED_RicianLOS,Proposed_CA_CNN_RNND,2176,0.2907874099910259,0.24105630815029144,0.04973109858110547,
0,260816,matched,MATCHED_RicianLOS,Proposed_CA_CNN_RNND,2177,0.34830744192004204,0.28308436274528503,0.06522308103740215,
0,260816,matched,MATCHED_RicianLOS,Proposed_CA_CNN_RNND,2178,0.4138774387538433,0.3285932019352913,0.08528423309326172,
0,260816,matched,MATCHED_RicianLOS,Proposed_CA_CNN_RNND,2179,0.4575991742312908,0.3661583214998245,0.09144085459411144,
0,260816,matched,MATCHED_RicianLOS,Proposed_CA_CNN_RNND,2180,0.2884985879063606,0.2360813282430172,0.052417260594666004,
0,260816,matched,MATCHED_RicianLOS,Proposed_CA_CNN_RNND,2181,0.3773277476429939,0.3145417794585228,0.06278597004711628,
0,260816,matched,MATCHED_RicianLOS,Proposed_CA_CNN_RNND,2182,0.34470800310373306,0.28682198375463486,0.05788601655513048,
0,260816,matched,MATCHED_RicianLOS,Proposed_CA_CNN_RNND,2183,0.3980718031525612,0.328496590256691,0.06957521755248308,
0,260816,matched,MATCHED_RicianLOS,Proposed_CA_CNN_RNND,2184,0.3266900107264519,0.26612515188753605,0.060564862098544836,
0,260816,matched,MATCHED_RicianLOS,Proposed_CA_CNN_RNND,2185,0.39695434272289276,0.3186034560203552,0.07835087180137634,
0,260816,matched,MATCHED_RicianLOS,Proposed_CA_CNN_RNND,2186,0.32341546565294266,0.2661079503595829,0.057307517156004906,
0,260816,matched,MATCHED_RicianLOS,Proposed_CA_CNN_RNND,2187,0.3154003657400608,0.2578586935997009,0.05754166282713413,
0,260816,matched,MATCHED_RicianLOS,Proposed_CA_CNN_RNND,2188,0.2869686894118786,0.235895574092865,0.05107311438769102,
0,260816,matched,MATCHED_RicianLOS,Proposed_CA_CNN_RNND,2189,0.4177590608596802,0.34191611409187317,0.07584294211119413,
0,260816,matched,MATCHED_RicianLOS,Proposed_CA_CNN_RNND,2190,0.4029538035392761,0.32269085943698883,0.08026293478906155,
0,260816,matched,MATCHED_RicianLOS,Proposed_CA_CNN_RNND,2191,0.2270510531961918,0.1953490525484085,0.031702004838734865,
0,260816,matched,MATCHED_RicianLOS,Proposed_CA_CNN_RNND,2192,0.38140319287776947,0.30745208263397217,0.07395111955702305,
0,260816,matched,MATCHED_RicianLOS,Proposed_CA_CNN_RNND,2193,0.3622725196182728,0.2893153019249439,0.07295721117407084,
0,260816,matched,MATCHED_RicianLOS,Proposed_CA_CNN_RNND,2194,0.3382570706307888,0.2800273075699806,0.05822976725175977,
0,260816,matched,MATCHED_RicianLOS,Proposed_CA_CNN_RNND,2195,0.3087373152375221,0.25596028566360474,0.05277702445164323,
0,260816,matched,MATCHED_RicianLOS,Proposed_CA_CNN_RNND,2196,0.26471298933029175,0.2160930223762989,0.04861996881663799,
0,260816,matched,MATCHED_RicianLOS,Proposed_CA_CNN_RNND,2197,0.3160008452832699,0.26737697795033455,0.048623865470290184,
0,260816,matched,MATCHED_RicianLOS,Proposed_CA_CNN_RNND,2198,0.3059397488832474,0.25411104783415794,0.05182870524004102,
0,260816,matched,MATCHED_RicianLOS,Proposed_CA_CNN_RNND,2199,0.2783925160765648,0.2307659164071083,0.04762660339474678,
0,260816,matched,MATCHED_RicianLOS,Proposed_CA_CNN_RNND,2200,0.31706584990024567,0.263320192694664,0.05374565767124295,-1.0677483893304136
0,260816,matched,MATCHED_RicianLOS,Proposed_CA_CNN_RNND,2201,0.286556139588356,0.23641546443104744,0.050140677485615015,
0,260816,matched,MATCHED_RicianLOS,Proposed_CA_CNN_RNND,2202,0.26934731379151344,0.229903444647789,0.039443863090127707,
0,260816,matched,MATCHED_RicianLOS,Proposed_CA_CNN_RNND,2203,0.393078476190567,0.3226187527179718,0.07045972254127264,
0,260816,matched,MATCHED_RicianLOS,Proposed_CA_CNN_RNND,2204,0.3136945255100727,0.2606665566563606,0.05302796605974436,
0,260816,matched,MATCHED_RicianLOS,Proposed_CA_CNN_RNND,2205,0.3739336133003235,0.3040705472230911,0.06986306980252266,
0,260816,matched,MATCHED_RicianLOS,Proposed_CA_CNN_RNND,2206,0.347794970497489,0.27865877747535706,0.06913618475664407,
0,260816,matched,MATCHED_RicianLOS,Proposed_CA_CNN_RNND,2207,0.3359556645154953,0.27305179461836815,0.06290387269109488,
0,260816,matched,MATCHED_RicianLOS,Proposed_CA_CNN_RNND,2208,0.40386126562952995,0.32445551455020905,0.0794057478196919,
0,260816,matched,MATCHED_RicianLOS,Proposed_CA_CNN_RNND,2209,0.3436959460377693,0.28169238194823265,0.062003567814826965,
0,260816,matched,MATCHED_RicianLOS,Proposed_CA_CNN_RNND,2210,0.47347113490104675,0.37574179843068123,0.09772933507338166,
0,260816,matched,MATCHED_RicianLOS,Proposed_CA_CNN_RNND,2211,0.3130633980035782,0.2545585073530674,0.058504882268607616,
0,260816,matched,MATCHED_RicianLOS,Proposed_CA_CNN_RNND,2212,0.27840519696474075,0.23245785757899284,0.04594734054990113,
0,260816,matched,MATCHED_RicianLOS,Proposed_CA_CNN_RNND,2213,0.2747448496520519,0.22114432975649834,0.053600518964231014,
0,260816,matched,MATCHED_RicianLOS,Proposed_CA_CNN_RNND,2214,0.3667847029864788,0.2934715487062931,0.07331315195187926,
0,260816,matched,MATCHED_RicianLOS,Proposed_CA_CNN_RNND,2215,0.3138548545539379,0.26099715754389763,0.052857699105516076,
0,260816,matched,MATCHED_RicianLOS,Proposed_CA_CNN_RNND,2216,0.2918366864323616,0.24344028159976006,0.048396396450698376,
0,260816,matched,MATCHED_RicianLOS,Proposed_CA_CNN_RNND,2217,0.4299875572323799,0.34164711087942123,0.08834044076502323,
0,260816,matched,MATCHED_RicianLOS,Proposed_CA_CNN_RNND,2218,0.39418239891529083,0.3149106614291668,0.07927173469215631,
0,260816,matched,MATCHED_RicianLOS,Proposed_CA_CNN_RNND,2219,0.3958616964519024,0.31623832508921623,0.07962336763739586,
0,260816,matched,MATCHED_RicianLOS,Proposed_CA_CNN_RNND,2220,0.31963419169187546,0.2678494043648243,0.051784795708954334,
0,260816,matched,MATCHED_RicianLOS,Proposed_CA_CNN_RNND,2221,0.3734792694449425,0.3032989725470543,0.07018029224127531,
0,260816,matched,MATCHED_RicianLOS,Proposed_CA_CNN_RNND,2222,0.44961652904748917,0.3586457520723343,0.09097077138721943,
0,260816,matched,MATCHED_RicianLOS,Proposed_CA_CNN_RNND,2223,0.4359879046678543,0.3446359485387802,0.09135196637362242,
0,260816,matched,MATCHED_RicianLOS,Proposed_CA_CNN_RNND,2224,0.4503580629825592,0.36096933484077454,0.08938872627913952,
0,260816,matched,MATCHED_RicianLOS,Proposed_CA_CNN_RNND,2225,0.33035908639431,0.2755327448248863,0.05482633598148823,
0,260816,matched,MATCHED_RicianLOS,Proposed_CA_CNN_RNND,2226,0.30632318183779716,0.2549343407154083,0.051388838328421116,
0,260816,matched,MATCHED_RicianLOS,Proposed_CA_CNN_RNND,2227,0.14029876329004765,0.12747745215892792,0.012821314856410027,
0,260816,matched,MATCHED_RicianLOS,Proposed_CA_CNN_RNND,2228,0.2939002513885498,0.2458082064986229,0.04809204861521721,
0,260816,matched,MATCHED_RicianLOS,Proposed_CA_CNN_RNND,2229,0.23355498537421227,0.19697191193699837,0.03658307599835098,
0,260816,matched,MATCHED_RicianLOS,Proposed_CA_CNN_RNND,2230,0.3840450905263424,0.3082728385925293,0.07577225286513567,
0,260816,matched,MATCHED_RicianLOS,Proposed_CA_CNN_RNND,2231,0.44346605986356735,0.35489045828580856,0.08857560250908136,
0,260816,matched,MATCHED_RicianLOS,Proposed_CA_CNN_RNND,2232,0.4331008493900299,0.3417353853583336,0.09136546216905117,
0,260816,matched,MATCHED_RicianLOS,Proposed_CA_CNN_RNND,2233,0.4780467301607132,0.3796308562159538,0.09841586789116263,
0,260816,matched,MATCHED_RicianLOS,Proposed_CA_CNN_RNND,2234,0.2877528816461563,0.2391478233039379,0.048605055548250675,
0,260816,matched,MATCHED_RicianLOS,Proposed_CA_CNN_RNND,2235,0.4974898286163807,0.3918137177824974,0.10567610408179462,
0,260816,matched,MATCHED_RicianLOS,Proposed_CA_CNN_RNND,2236,0.3355557583272457,0.2802118994295597,0.055343858897686005,
0,260816,matched,MATCHED_RicianLOS,Proposed_CA_CNN_RNND,2237,0.3176860474050045,0.26097577437758446,0.05671027209609747,
0,260816,matched,MATCHED_RicianLOS,Proposed_CA_CNN_RNND,2238,0.34213922917842865,0.2815304398536682,0.06060878932476044,
0,260816,matched,MATCHED_RicianLOS,Proposed_CA_CNN_RNND,2239,0.4617030508816242,0.36620229855179787,0.09550075605511665,
0,260816,matched,MATCHED_RicianLOS,Proposed_CA_CNN_RNND,2240,0.1933993548154831,0.1677022371441126,0.025697116507217288,
0,260816,matched,MATCHED_RicianLOS,Proposed_CA_CNN_RNND,2241,0.3850710168480873,0.31917504221200943,0.06589598767459393,
0,260816,matched,MATCHED_RicianLOS,Proposed_CA_CNN_RNND,2242,0.34940819069743156,0.2852602042257786,0.0641479860059917,
0,260816,matched,MATCHED_RicianLOS,Proposed_CA_CNN_RNND,2243,0.30383598804473877,0.2521270103752613,0.051708977203816175,
0,260816,matched,MATCHED_RicianLOS,Proposed_CA_CNN_RNND,2244,0.3295446187257767,0.2725268229842186,0.05701780132949352,
0,260816,matched,MATCHED_RicianLOS,Proposed_CA_CNN_RNND,2245,0.17413457855582237,0.15131059661507607,0.02282398520037532,
0,260816,matched,MATCHED_RicianLOS,Proposed_CA_CNN_RNND,2246,0.3605419583618641,0.29776908829808235,0.06277287006378174,
0,260816,matched,MATCHED_RicianLOS,Proposed_CA_CNN_RNND,2247,0.42513234354555607,0.34292978048324585,0.08220256539061666,
0,260816,matched,MATCHED_RicianLOS,Proposed_CA_CNN_RNND,2248,0.20870171301066875,0.18192566186189651,0.026776049053296447,
0,260816,matched,MATCHED_RicianLOS,Proposed_CA_CNN_RNND,2249,0.286285225301981,0.23162882961332798,0.05465639755129814,
0,260816,matched,MATCHED_RicianLOS,Proposed_CA_CNN_RNND,2250,0.4353484995663166,0.35646171495318413,0.07888679765164852,
0,260816,matched,MATCHED_RicianLOS,Proposed_CA_CNN_RNND,2251,0.3279367759823799,0.2667541280388832,0.061182642355561256,
0,260816,matched,MATCHED_RicianLOS,Proposed_CA_CNN_RNND,2252,0.30363042280077934,0.24501002579927444,0.0586204007267952,
0,260816,matched,MATCHED_RicianLOS,Proposed_CA_CNN_RNND,2253,0.4157422259449959,0.3394717760384083,0.07627045037224889,
0,260816,matched,MATCHED_RicianLOS,Proposed_CA_CNN_RNND,2254,0.3748231679201126,0.3068108409643173,0.06801233626902103,
0,260816,matched,MATCHED_RicianLOS,Proposed_CA_CNN_RNND,2255,0.3529561385512352,0.28913407027721405,0.06382207106798887,
0,260816,matched,MATCHED_RicianLOS,Proposed_CA_CNN_RNND,2256,0.399085633456707,0.3233112767338753,0.07577435672283173,
0,260816,matched,MATCHED_RicianLOS,Proposed_CA_CNN_RNND,2257,0.2431761883199215,0.2053728736937046,0.03780330717563629,
0,260816,matched,MATCHED_RicianLOS,Proposed_CA_CNN_RNND,2258,0.40299995616078377,0.32671094685792923,0.07628899998962879,
0,260816,matched,MATCHED_RicianLOS,Proposed_CA_CNN_RNND,2259,0.4715370908379555,0.37681955844163895,0.0947175296023488,
0,260816,matched,MATCHED_RicianLOS,Proposed_CA_CNN_RNND,2260,0.4121324345469475,0.32642966136336327,0.08570277970284224,
0,260816,matched,MATCHED_RicianLOS,Proposed_CA_CNN_RNND,2261,0.3668256402015686,0.3035977967083454,0.06322783976793289,
0,260816,matched,MATCHED_RicianLOS,Proposed_CA_CNN_RNND,2262,0.5278677493333817,0.4209397956728935,0.10692795738577843,
0,260816,matched,MATCHED_RicianLOS,Proposed_CA_CNN_RNND,2263,0.25984523445367813,0.2237497642636299,0.03609546786174178,
0,260816,matched,MATCHED_RicianLOS,Proposed_CA_CNN_RNND,2264,0.30254290997982025,0.24929793924093246,0.053244966082274914,
0,260816,matched,MATCHED_RicianLOS,Proposed_CA_CNN_RNND,2265,0.47388459742069244,0.3811469078063965,0.09273768961429596,
0,260816,matched,MATCHED_RicianLOS,Proposed_CA_CNN_RNND,2266,0.2639821320772171,0.22613823413848877,0.03784389793872833,
0,260816,matched,MATCHED_RicianLOS,Proposed_CA_CNN_RNND,2267,0.37508928775787354,0.30952489748597145,0.0655643860809505,
0,260816,matched,MATCHED_RicianLOS,Proposed_CA_CNN_RNND,2268,0.291062094271183,0.24251456186175346,0.04854753101244569,
0,260816,matched,MATCHED_RicianLOS,Proposed_CA_CNN_RNND,2269,0.35116906091570854,0.2925703898072243,0.05859866691753268,
0,260816,matched,MATCHED_RicianLOS,Proposed_CA_CNN_RNND,2270,0.24857020378112793,0.2159595899283886,0.03261061664670706,
0,260816,matched,MATCHED_RicianLOS,Proposed_CA_CNN_RNND,2271,0.34221153147518635,0.279505068436265,0.06270646722987294,
0,260816,matched,MATCHED_RicianLOS,Proposed_CA_CNN_RNND,2272,0.4657556563615799,0.37272482365369797,0.09303083457052708,
0,260816,matched,MATCHED_RicianLOS,Proposed_CA_CNN_RNND,2273,0.3550155721604824,0.2895420715212822,0.06547350157052279,
0,260816,matched,MATCHED_RicianLOS,Proposed_CA_CNN_RNND,2274,0.3375275731086731,0.28394760750234127,0.05357995815575123,
0,260816,matched,MATCHED_RicianLOS,Proposed_CA_CNN_RNND,2275,0.3500792682170868,0.28063369914889336,0.06944556953385472,
0,260816,matched,MATCHED_RicianLOS,Proposed_CA_CNN_RNND,2276,0.34270186349749565,0.28343814611434937,0.059263716917485,
0,260816,matched,MATCHED_RicianLOS,Proposed_CA_CNN_RNND,2277,0.4754655212163925,0.37835901230573654,0.09710649773478508,
0,260816,matched,MATCHED_RicianLOS,Proposed_CA_CNN_RNND,2278,0.2589540295302868,0.21704866737127304,0.04190535983070731,
0,260816,matched,MATCHED_RicianLOS,Proposed_CA_CNN_RNND,2279,0.40850645303726196,0.32719412446022034,0.08131233230233192,
0,260816,matched,MATCHED_RicianLOS,Proposed_CA_CNN_RNND,2280,0.32222291082143784,0.26120051369071007,0.06102239899337292,
0,260816,matched,MATCHED_RicianLOS,Proposed_CA_CNN_RNND,2281,0.19018403068184853,0.16492372751235962,0.025260302238166332,
0,260816,matched,MATCHED_RicianLOS,Proposed_CA_CNN_RNND,2282,0.41856664419174194,0.34072138369083405,0.0778452530503273,
0,260816,matched,MATCHED_RicianLOS,Proposed_CA_CNN_RNND,2283,0.34450872242450714,0.2821592316031456,0.06234948569908738,
0,260816,matched,MATCHED_RicianLOS,Proposed_CA_CNN_RNND,2284,0.4196644052863121,0.3313930109143257,0.08827140182256699,
0,260816,matched,MATCHED_RicianLOS,Proposed_CA_CNN_RNND,2285,0.3499588631093502,0.27915332466363907,0.0708055435679853,
0,260816,matched,MATCHED_RicianLOS,Proposed_CA_CNN_RNND,2286,0.34664489328861237,0.28664229810237885,0.06000259704887867,
0,260816,matched,MATCHED_RicianLOS,Proposed_CA_CNN_RNND,2287,0.30178743228316307,0.25237687677145004,0.0494105564430356,
0,260816,matched,MATCHED_RicianLOS,Proposed_CA_CNN_RNND,2288,0.4092167839407921,0.3279470466077328,0.08126973919570446,
0,260816,matched,MATCHED_RicianLOS,Proposed_CA_CNN_RNND,2289,0.37768397480249405,0.30611879751086235,0.07156518567353487,
0,260816,matched,MATCHED_RicianLOS,Proposed_CA_CNN_RNND,2290,0.40501856058835983,0.32471349090337753,0.0803050585091114,
0,260816,matched,MATCHED_RicianLOS,Proposed_CA_CNN_RNND,2291,0.47508230060338974,0.37821535766124725,0.09686694294214249,
0,260816,matched,MATCHED_RicianLOS,Proposed_CA_CNN_RNND,2292,0.21740398183465004,0.18290746212005615,0.034496520180255175,
0,260816,matched,MATCHED_RicianLOS,Proposed_CA_CNN_RNND,2293,0.2659583054482937,0.231320071965456,0.034638237208127975,
0,260816,matched,MATCHED_RicianLOS,Proposed_CA_CNN_RNND,2294,0.2860560230910778,0.23964732512831688,0.04640870355069637,
0,260816,matched,MATCHED_RicianLOS,Proposed_CA_CNN_RNND,2295,0.36922793835401535,0.2993912547826767,0.06983668124303222,
0,260816,matched,MATCHED_RicianLOS,Proposed_CA_CNN_RNND,2296,0.37953414022922516,0.3124915584921837,0.06704258359968662,
0,260816,matched,MATCHED_RicianLOS,Proposed_CA_CNN_RNND,2297,0.3922370411455631,0.3209774512797594,0.0712595887016505,
0,260816,matched,MATCHED_RicianLOS,Proposed_CA_CNN_RNND,2298,0.40850573405623436,0.333268903195858,0.07523682992905378,
0,260816,matched,MATCHED_RicianLOS,Proposed_CA_CNN_RNND,2299,0.41222864389419556,0.33214520663022995,0.08008343353867531,
0,260816,matched,MATCHED_RicianLOS,Proposed_CA_CNN_RNND,2300,0.28850486874580383,0.241097679361701,0.0474071828648448,
0,260816,matched,MATCHED_RicianLOS,Proposed_CA_CNN_RNND,2301,0.42788267880678177,0.34460264071822166,0.08328003995120525,
0,260816,matched,MATCHED_RicianLOS,Proposed_CA_CNN_RNND,2302,0.34242792427539825,0.282152496278286,0.06027542147785425,
0,260816,matched,MATCHED_RicianLOS,Proposed_CA_CNN_RNND,2303,0.5949488878250122,0.4548114314675331,0.1401374489068985,
0,260816,matched,MATCHED_RicianLOS,Proposed_CA_CNN_RNND,2304,0.281025730073452,0.22922735288739204,0.05179838486947119,
0,260816,matched,MATCHED_RicianLOS,Proposed_CA_CNN_RNND,2305,0.34121403843164444,0.2807486057281494,0.0604654373601079,
0,260816,matched,MATCHED_RicianLOS,Proposed_CA_CNN_RNND,2306,0.4432903677225113,0.36243588477373123,0.08085448294878006,
0,260816,matched,MATCHED_RicianLOS,Proposed_CA_CNN_RNND,2307,0.2016887366771698,0.1747714877128601,0.02691725385375321,
0,260816,matched,MATCHED_RicianLOS,Proposed_CA_CNN_RNND,2308,0.2413056455552578,0.20742519199848175,0.033880455419421196,
0,260816,matched,MATCHED_RicianLOS,Proposed_CA_CNN_RNND,2309,0.36715320497751236,0.3014243319630623,0.06572886742651463,
0,260816,matched,MATCHED_RicianLOS,Proposed_CA_CNN_RNND,2310,0.40497245639562607,0.33041582629084587,0.07455662731081247,
0,260816,matched,MATCHED_RicianLOS,Proposed_CA_CNN_RNND,2311,0.22984637320041656,0.19065061211585999,0.03919576667249203,
0,260816,matched,MATCHED_RicianLOS,Proposed_CA_CNN_RNND,2312,0.44530104845762253,0.3547862768173218,0.09051478048786521,
0,260816,matched,MATCHED_RicianLOS,Proposed_CA_CNN_RNND,2313,0.35963381081819534,0.28815655410289764,0.07147726602852345,
0,260816,matched,MATCHED_RicianLOS,Proposed_CA_CNN_RNND,2314,0.46881310641765594,0.3713744580745697,0.09743866324424744,
0,260816,matched,MATCHED_RicianLOS,Proposed_CA_CNN_RNND,2315,0.415147066116333,0.3358644023537636,0.07928266189992428,
0,260816,matched,MATCHED_RicianLOS,Proposed_CA_CNN_RNND,2316,0.29311709851026535,0.24560249969363213,0.047514595091342926,
0,260816,matched,MATCHED_RicianLOS,Proposed_CA_CNN_RNND,2317,0.43038269132375717,0.34277199395000935,0.08761069062165916,
0,260816,matched,MATCHED_RicianLOS,Proposed_CA_CNN_RNND,2318,0.34056685492396355,0.2776480205357075,0.06291883392259479,
0,260816,matched,MATCHED_RicianLOS,Proposed_CA_CNN_RNND,2319,0.29852528870105743,0.24375084042549133,0.05477444687858224,
0,260816,matched,MATCHED_RicianLOS,Proposed_CA_CNN_RNND,2320,0.3630168214440346,0.29707084968686104,0.06594596803188324,
0,260816,matched,MATCHED_RicianLOS,Proposed_CA_CNN_RNND,2321,0.3443833589553833,0.28740961849689484,0.05697373626753688,
0,260816,matched,MATCHED_RicianLOS,Proposed_CA_CNN_RNND,2322,0.5422796308994293,0.42444367706775665,0.11783595569431782,
0,260816,matched,MATCHED_RicianLOS,Proposed_CA_CNN_RNND,2323,0.16949236579239368,0.14970045909285545,0.0197919060010463,
0,260816,matched,MATCHED_RicianLOS,Proposed_CA_CNN_RNND,2324,0.29285441525280476,0.24526235461235046,0.047592052491381764,
0,260816,matched,MATCHED_RicianLOS,Proposed_CA_CNN_RNND,2325,0.3161778822541237,0.2604614123702049,0.055716467555612326,
0,260816,matched,MATCHED_RicianLOS,Proposed_CA_CNN_RNND,2326,0.44210872799158096,0.35375847294926643,0.08835026249289513,
0,260816,matched,MATCHED_RicianLOS,Proposed_CA_CNN_RNND,2327,0.5411727726459503,0.4348655864596367,0.10630718618631363,
0,260816,matched,MATCHED_RicianLOS,Proposed_CA_CNN_RNND,2328,0.2607993707060814,0.22212715074419975,0.038672217284329236,
0,260816,matched,MATCHED_RicianLOS,Proposed_CA_CNN_RNND,2329,0.4764420837163925,0.3774883598089218,0.09895370714366436,
0,260816,matched,MATCHED_RicianLOS,Proposed_CA_CNN_RNND,2330,0.2902766317129135,0.23904963582754135,0.051226998679339886,
0,260816,matched,MATCHED_RicianLOS,Proposed_CA_CNN_RNND,2331,0.27027301862835884,0.227511927485466,0.04276108928024769,
0,260816,matched,MATCHED_RicianLOS,Proposed_CA_CNN_RNND,2332,0.3249274827539921,0.2650490887463093,0.0598783977329731,
0,260816,matched,MATCHED_RicianLOS,Proposed_CA_CNN_RNND,2333,0.35104136914014816,0.2839994579553604,0.06704191491007805,
0,260816,matched,MATCHED_RicianLOS,Proposed_CA_CNN_RNND,2334,0.3049125298857689,0.25769660621881485,0.04721592413261533,
0,260816,matched,MATCHED_RicianLOS,Proposed_CA_CNN_RNND,2335,0.3080304004251957,0.25548754446208477,0.05254285072442144,
0,260816,matched,MATCHED_RicianLOS,Proposed_CA_CNN_RNND,2336,0.518076628446579,0.41309743374586105,0.10497919842600822,
0,260816,matched,MATCHED_RicianLOS,Proposed_CA_CNN_RNND,2337,0.27310456335544586,0.22925199195742607,0.04385257209651172,
0,260816,matched,MATCHED_RicianLOS,Proposed_CA_CNN_RNND,2338,0.2114710472524166,0.1830037534236908,0.02846729289740324,
0,260816,matched,MATCHED_RicianLOS,Proposed_CA_CNN_RNND,2339,0.35635142028331757,0.2883347272872925,0.06801669858396053,
0,260816,matched,MATCHED_RicianLOS,Proposed_CA_CNN_RNND,2340,0.40703877806663513,0.3243934251368046,0.0826453659683466,
0,260816,matched,MATCHED_RicianLOS,Proposed_CA_CNN_RNND,2341,0.2757044527679682,0.23329996317625046,0.04240449075587094,
0,260816,matched,MATCHED_RicianLOS,Proposed_CA_CNN_RNND,2342,0.2703488562256098,0.22945298813283443,0.04089587181806564,
0,260816,matched,MATCHED_RicianLOS,Proposed_CA_CNN_RNND,2343,0.3880888670682907,0.30654915049672127,0.08153972774744034,
0,260816,matched,MATCHED_RicianLOS,Proposed_CA_CNN_RNND,2344,0.2558057941496372,0.20800360664725304,0.04780219029635191,
0,260816,matched,MATCHED_RicianLOS,Proposed_CA_CNN_RNND,2345,0.2299453765153885,0.19610001146793365,0.03384536691009998,
0,260816,matched,MATCHED_RicianLOS,Proposed_CA_CNN_RNND,2346,0.28782492503523827,0.24025678262114525,0.04756813542917371,
0,260816,matched,MATCHED_RicianLOS,Proposed_CA_CNN_RNND,2347,0.385399729013443,0.3155989460647106,0.06980078853666782,
0,260816,matched,MATCHED_RicianLOS,Proposed_CA_CNN_RNND,2348,0.38836030662059784,0.31500768661499023,0.07335261255502701,
0,260816,matched,MATCHED_RicianLOS,Proposed_CA_CNN_RNND,2349,0.3057463616132736,0.26071227714419365,0.04503408679738641,
0,260816,matched,MATCHED_RicianLOS,Proposed_CA_CNN_RNND,2350,0.2520378567278385,0.21772396191954613,0.03431388782337308,
0,260816,matched,MATCHED_RicianLOS,Proposed_CA_CNN_RNND,2351,0.2745101563632488,0.22804003208875656,0.046470124274492264,
0,260816,matched,MATCHED_RicianLOS,Proposed_CA_CNN_RNND,2352,0.43369102105498314,0.35568076372146606,0.07801025873050094,
0,260816,matched,MATCHED_RicianLOS,Proposed_CA_CNN_RNND,2353,0.35462580248713493,0.2867540940642357,0.06787170586176217,
0,260816,matched,MATCHED_RicianLOS,Proposed_CA_CNN_RNND,2354,0.3707543686032295,0.30570995062589645,0.06504441518336535,
0,260816,matched,MATCHED_RicianLOS,Proposed_CA_CNN_RNND,2355,0.38680246844887733,0.3145596385002136,0.07224283833056688,
0,260816,matched,MATCHED_RicianLOS,Proposed_CA_CNN_RNND,2356,0.40770677104592323,0.3316846527159214,0.07602210715413094,
0,260816,matched,MATCHED_RicianLOS,Proposed_CA_CNN_RNND,2357,0.34705740958452225,0.28704333305358887,0.06001408025622368,
0,260816,matched,MATCHED_RicianLOS,Proposed_CA_CNN_RNND,2358,0.261358305811882,0.21809150651097298,0.04326679767109454,
0,260816,matched,MATCHED_RicianLOS,Proposed_CA_CNN_RNND,2359,0.2871238850057125,0.2375955805182457,0.04952830169349909,
0,260816,matched,MATCHED_RicianLOS,Proposed_CA_CNN_RNND,2360,0.280812855809927,0.2322344370186329,0.04857842484489083,
0,260816,matched,MATCHED_RicianLOS,Proposed_CA_CNN_RNND,2361,0.30206965282559395,0.2535857893526554,0.04848385788500309,
0,260816,matched,MATCHED_RicianLOS,Proposed_CA_CNN_RNND,2362,0.5661424547433853,0.4372838884592056,0.12885857187211514,
0,260816,matched,MATCHED_RicianLOS,Proposed_CA_CNN_RNND,2363,0.4052765369415283,0.3337422013282776,0.07153433281928301,
0,260816,matched,MATCHED_RicianLOS,Proposed_CA_CNN_RNND,2364,0.3616468235850334,0.2954611722379923,0.06618565134704113,
0,260816,matched,MATCHED_RicianLOS,Proposed_CA_CNN_RNND,2365,0.23952648416161537,0.2059973031282425,0.0335291838273406,
0,260816,matched,MATCHED_RicianLOS,Proposed_CA_CNN_RNND,2366,0.3299722410738468,0.262393269687891,0.06757896253839135,
0,260816,matched,MATCHED_RicianLOS,Proposed_CA_CNN_RNND,2367,0.4026275556534529,0.3274148553609848,0.07521270262077451,
0,260816,matched,MATCHED_RicianLOS,Proposed_CA_CNN_RNND,2368,0.3714572414755821,0.3044366203248501,0.06702061370015144,
0,260816,matched,MATCHED_RicianLOS,Proposed_CA_CNN_RNND,2369,0.3407972380518913,0.28292667120695114,0.057870564982295036,
0,260816,matched,MATCHED_RicianLOS,Proposed_CA_CNN_RNND,2370,0.3934997580945492,0.3210284784436226,0.07247127313166857,
0,260816,matched,MATCHED_RicianLOS,Proposed_CA_CNN_RNND,2371,0.2101115733385086,0.18321539275348186,0.026896181982010603,
0,260816,matched,MATCHED_RicianLOS,Proposed_CA_CNN_RNND,2372,0.27396780624985695,0.22959861904382706,0.044369191862642765,
0,260816,matched,MATCHED_RicianLOS,Proposed_CA_CNN_RNND,2373,0.32248983159661293,0.265549473464489,0.05694035766646266,
0,260816,matched,MATCHED_RicianLOS,Proposed_CA_CNN_RNND,2374,0.485588438808918,0.38935719430446625,0.0962312426418066,
0,260816,matched,MATCHED_RicianLOS,Proposed_CA_CNN_RNND,2375,0.2868526205420494,0.23589335568249226,0.050959269516170025,
0,260816,matched,MATCHED_RicianLOS,Proposed_CA_CNN_RNND,2376,0.4786456413567066,0.3888692855834961,0.08977634599432349,
0,260816,matched,MATCHED_RicianLOS,Proposed_CA_CNN_RNND,2377,0.4719332680106163,0.3742240406572819,0.09770924039185047,
0,260816,matched,MATCHED_RicianLOS,Proposed_CA_CNN_RNND,2378,0.38623322173953056,0.31557852774858475,0.07065470516681671,
0,260816,matched,MATCHED_RicianLOS,Proposed_CA_CNN_RNND,2379,0.2969018258154392,0.24510179460048676,0.05180002888664603,
0,260816,matched,MATCHED_RicianLOS,Proposed_CA_CNN_RNND,2380,0.285066120326519,0.2355361357331276,0.049529984360560775,
0,260816,matched,MATCHED_RicianLOS,Proposed_CA_CNN_RNND,2381,0.26579107344150543,0.22730017080903053,0.038490901701152325,
0,260816,matched,MATCHED_RicianLOS,Proposed_CA_CNN_RNND,2382,0.23865604028105736,0.20350005477666855,0.03515599342063069,
0,260816,matched,MATCHED_RicianLOS,Proposed_CA_CNN_RNND,2383,0.39995718747377396,0.3305978775024414,0.0693593118339777,
0,260816,matched,MATCHED_RicianLOS,Proposed_CA_CNN_RNND,2384,0.4154549092054367,0.33656707406044006,0.0788878221064806,
0,260816,matched,MATCHED_RicianLOS,Proposed_CA_CNN_RNND,2385,0.25067469850182533,0.21688799932599068,0.03378670383244753,
0,260816,matched,MATCHED_RicianLOS,Proposed_CA_CNN_RNND,2386,0.3202931620180607,0.26259948685765266,0.05769368470646441,
0,260816,matched,MATCHED_RicianLOS,Proposed_CA_CNN_RNND,2387,0.41852257400751114,0.33125757426023483,0.08726500160992146,
0,260816,matched,MATCHED_RicianLOS,Proposed_CA_CNN_RNND,2388,0.26589204743504524,0.22432467341423035,0.04156737495213747,
0,260816,matched,MATCHED_RicianLOS,Proposed_CA_CNN_RNND,2389,0.4041159711778164,0.3252883851528168,0.07882759347558022,
0,260816,matched,MATCHED_RicianLOS,Proposed_CA_CNN_RNND,2390,0.22366417571902275,0.19607017561793327,0.02759399637579918,
0,260816,matched,MATCHED_RicianLOS,Proposed_CA_CNN_RNND,2391,0.4147646576166153,0.32889559119939804,0.08586907386779785,
0,260816,matched,MATCHED_RicianLOS,Proposed_CA_CNN_RNND,2392,0.37635183706879616,0.3029918596148491,0.0733599893283099,
0,260816,matched,MATCHED_RicianLOS,Proposed_CA_CNN_RNND,2393,0.38709137961268425,0.3146056532859802,0.07248572632670403,
0,260816,matched,MATCHED_RicianLOS,Proposed_CA_CNN_RNND,2394,0.2296723872423172,0.19177203252911568,0.037900351686403155,
0,260816,matched,MATCHED_RicianLOS,Proposed_CA_CNN_RNND,2395,0.43922805041074753,0.35554036125540733,0.0836876924149692,
0,260816,matched,MATCHED_RicianLOS,Proposed_CA_CNN_RNND,2396,0.30718710273504257,0.2573977969586849,0.04978931276127696,
0,260816,matched,MATCHED_RicianLOS,Proposed_CA_CNN_RNND,2397,0.3363979831337929,0.276961512863636,0.05943647585809231,
0,260816,matched,MATCHED_RicianLOS,Proposed_CA_CNN_RNND,2398,0.3431329131126404,0.29002880305051804,0.05310411052778363,
0,260816,matched,MATCHED_RicianLOS,Proposed_CA_CNN_RNND,2399,0.4494013339281082,0.3616799935698509,0.08772134222090244,
0,260816,matched,MATCHED_RicianLOS,Proposed_CA_CNN_RNND,2400,0.47608282044529915,0.3828418478369713,0.09324097260832787,-1.0921678400780528
0,260816,matched,MATCHED_RicianLOS,Proposed_CA_CNN_RNND,2401,0.37642906606197357,0.3052458241581917,0.07118324004113674,
0,260816,matched,MATCHED_RicianLOS,Proposed_CA_CNN_RNND,2402,0.18008697405457497,0.1582711972296238,0.021815774496644735,
0,260816,matched,MATCHED_RicianLOS,Proposed_CA_CNN_RNND,2403,0.32656170427799225,0.26746460050344467,0.059097107499837875,
0,260816,matched,MATCHED_RicianLOS,Proposed_CA_CNN_RNND,2404,0.41496092453598976,0.33788661658763885,0.0770743079483509,
0,260816,matched,MATCHED_RicianLOS,Proposed_CA_CNN_RNND,2405,0.23376844450831413,0.2025405913591385,0.03122784709557891,
0,260816,matched,MATCHED_RicianLOS,Proposed_CA_CNN_RNND,2406,0.3354670852422714,0.2824164293706417,0.05305065168067813,
0,260816,matched,MATCHED_RicianLOS,Proposed_CA_CNN_RNND,2407,0.4014299511909485,0.3250049129128456,0.07642502756789327,
0,260816,matched,MATCHED_RicianLOS,Proposed_CA_CNN_RNND,2408,0.15996146574616432,0.14098149724304676,0.018979967571794987,
0,260816,matched,MATCHED_RicianLOS,Proposed_CA_CNN_RNND,2409,0.3032465912401676,0.2515459172427654,0.051700676791369915,
0,260816,matched,MATCHED_RicianLOS,Proposed_CA_CNN_RNND,2410,0.3778362460434437,0.30554207414388657,0.07229416072368622,
0,260816,matched,MATCHED_RicianLOS,Proposed_CA_CNN_RNND,2411,0.3083605691790581,0.2595299407839775,0.048830624436959624,
0,260816,matched,MATCHED_RicianLOS,Proposed_CA_CNN_RNND,2412,0.3972844332456589,0.3226054571568966,0.07467897702008486,
0,260816,matched,MATCHED_RicianLOS,Proposed_CA_CNN_RNND,2413,0.4327397868037224,0.35090383887290955,0.08183593535795808,
0,260816,matched,MATCHED_RicianLOS,Proposed_CA_CNN_RNND,2414,0.36444346979260445,0.2968947533518076,0.06754872109740973,
0,260816,matched,MATCHED_RicianLOS,Proposed_CA_CNN_RNND,2415,0.3314460255205631,0.271973829716444,0.05947219207882881,
0,260816,matched,MATCHED_RicianLOS,Proposed_CA_CNN_RNND,2416,0.28018913231790066,0.23492219485342503,0.04526694258674979,
0,260816,matched,MATCHED_RicianLOS,Proposed_CA_CNN_RNND,2417,0.36915548145771027,0.296891150996089,0.07226432720199227,
0,260816,matched,MATCHED_RicianLOS,Proposed_CA_CNN_RNND,2418,0.3066420704126358,0.2591838985681534,0.047458179760724306,
0,260816,matched,MATCHED_RicianLOS,Proposed_CA_CNN_RNND,2419,0.44827019423246384,0.3613014668226242,0.08696872740983963,
0,260816,matched,MATCHED_RicianLOS,Proposed_CA_CNN_RNND,2420,0.2912287786602974,0.24602099135518074,0.04520779149606824,
0,260816,matched,MATCHED_RicianLOS,Proposed_CA_CNN_RNND,2421,0.44905123859643936,0.35912052914500237,0.08993071038275957,
0,260816,matched,MATCHED_RicianLOS,Proposed_CA_CNN_RNND,2422,0.5467803031206131,0.43010929226875305,0.1166710015386343,
0,260816,matched,MATCHED_RicianLOS,Proposed_CA_CNN_RNND,2423,0.5138523578643799,0.4069747105240822,0.10687766224145889,
0,260816,matched,MATCHED_RicianLOS,Proposed_CA_CNN_RNND,2424,0.3462388180196285,0.2828942611813545,0.0633445605635643,
0,260816,matched,MATCHED_RicianLOS,Proposed_CA_CNN_RNND,2425,0.38516946136951447,0.3184032663702965,0.06676619267091155,
0,260816,matched,MATCHED_RicianLOS,Proposed_CA_CNN_RNND,2426,0.3762936182320118,0.303287111222744,0.07300650421530008,
0,260816,matched,MATCHED_RicianLOS,Proposed_CA_CNN_RNND,2427,0.3743613548576832,0.3054305538535118,0.06893080985173583,
0,260816,matched,MATCHED_RicianLOS,Proposed_CA_CNN_RNND,2428,0.3923109918832779,0.32225874811410904,0.07005224097520113,
0,260816,matched,MATCHED_RicianLOS,Proposed_CA_CNN_RNND,2429,0.3366989232599735,0.2744109109044075,0.06228801794350147,
0,260816,matched,MATCHED_RicianLOS,Proposed_CA_CNN_RNND,2430,0.3630114533007145,0.2932012975215912,0.06981014530174434,
0,260816,matched,MATCHED_RicianLOS,Proposed_CA_CNN_RNND,2431,0.47381696105003357,0.37560611590743065,0.09821084514260292,
0,260816,matched,MATCHED_RicianLOS,Proposed_CA_CNN_RNND,2432,0.2900971248745918,0.2428475245833397,0.04724959935992956,
0,260816,matched,MATCHED_RicianLOS,Proposed_CA_CNN_RNND,2433,0.35532113909721375,0.2913542315363884,0.0639669056981802,
0,260816,matched,MATCHED_RicianLOS,Proposed_CA_CNN_RNND,2434,0.332555815577507,0.27550211548805237,0.05705370707437396,
0,260816,matched,MATCHED_RicianLOS,Proposed_CA_CNN_RNND,2435,0.3857487887144089,0.3150382861495018,0.07071050070226192,
0,260816,matched,MATCHED_RicianLOS,Proposed_CA_CNN_RNND,2436,0.25369520485401154,0.21642977744340897,0.03726543625816703,
0,260816,matched,MATCHED_RicianLOS,Proposed_CA_CNN_RNND,2437,0.2889860011637211,0.2447199448943138,0.04426606139168143,
0,260816,matched,MATCHED_RicianLOS,Proposed_CA_CNN_RNND,2438,0.23999309912323952,0.2056115996092558,0.03438150277361274,
0,260816,matched,MATCHED_RicianLOS,Proposed_CA_CNN_RNND,2439,0.2124290093779564,0.18378613889217377,0.02864287351258099,
0,260816,matched,MATCHED_RicianLOS,Proposed_CA_CNN_RNND,2440,0.32469015568494797,0.27123144641518593,0.05345870507881045,
0,260816,matched,MATCHED_RicianLOS,Proposed_CA_CNN_RNND,2441,0.4386204071342945,0.3509273789823055,0.0876930202357471,
0,260816,matched,MATCHED_RicianLOS,Proposed_CA_CNN_RNND,2442,0.437273345887661,0.3459534179419279,0.09131992468610406,
0,260816,matched,MATCHED_RicianLOS,Proposed_CA_CNN_RNND,2443,0.2656734026968479,0.21954619884490967,0.04612720152363181,
0,260816,matched,MATCHED_RicianLOS,Proposed_CA_CNN_RNND,2444,0.27739453315734863,0.23567466996610165,0.04171986971050501,
0,260816,matched,MATCHED_RicianLOS,Proposed_CA_CNN_RNND,2445,0.3566155880689621,0.294939287006855,0.06167630013078451,
0,260816,matched,MATCHED_RicianLOS,Proposed_CA_CNN_RNND,2446,0.23185818642377853,0.19860446825623512,0.03325372177641839,
0,260816,matched,MATCHED_RicianLOS,Proposed_CA_CNN_RNND,2447,0.42748676985502243,0.3437584936618805,0.08372828457504511,
0,260816,matched,MATCHED_RicianLOS,Proposed_CA_CNN_RNND,2448,0.2648453935980797,0.2267942801117897,0.038051115814596415,
0,260816,matched,MATCHED_RicianLOS,Proposed_CA_CNN_RNND,2449,0.3052440546452999,0.24517913907766342,0.06006491417065263,
0,260816,matched,MATCHED_RicianLOS,Proposed_CA_CNN_RNND,2450,0.38576018810272217,0.3253452181816101,0.06041497364640236,
0,260816,matched,MATCHED_RicianLOS,Proposed_CA_CNN_RNND,2451,0.3795447014272213,0.3098604679107666,0.06968424376100302,
0,260816,matched,MATCHED_RicianLOS,Proposed_CA_CNN_RNND,2452,0.38980355113744736,0.3184073865413666,0.07139615993946791,
0,260816,matched,MATCHED_RicianLOS,Proposed_CA_CNN_RNND,2453,0.37028466910123825,0.3078402318060398,0.062444453593343496,
0,260816,matched,MATCHED_RicianLOS,Proposed_CA_CNN_RNND,2454,0.5192450433969498,0.4126296490430832,0.10661538504064083,
0,260816,matched,MATCHED_RicianLOS,Proposed_CA_CNN_RNND,2455,0.3953625485301018,0.320454653352499,0.07490790728479624,
0,260816,matched,MATCHED_RicianLOS,Proposed_CA_CNN_RNND,2456,0.25267425924539566,0.21343164891004562,0.039242615923285484,
0,260816,matched,MATCHED_RicianLOS,Proposed_CA_CNN_RNND,2457,0.40273169055581093,0.3330458328127861,0.06968585960566998,
0,260816,matched,MATCHED_RicianLOS,Proposed_CA_CNN_RNND,2458,0.43379183299839497,0.3454614281654358,0.08833040343597531,
0,260816,matched,MATCHED_RicianLOS,Proposed_CA_CNN_RNND,2459,0.3242763467133045,0.2715359292924404,0.052740414161235094,
0,260816,matched,MATCHED_RicianLOS,Proposed_CA_CNN_RNND,2460,0.4708230197429657,0.3756467439234257,0.09517627488821745,
0,260816,matched,MATCHED_RicianLOS,Proposed_CA_CNN_RNND,2461,0.47755182534456253,0.38463373109698296,0.09291808772832155,
0,260816,matched,MATCHED_RicianLOS,Proposed_CA_CNN_RNND,2462,0.3375972807407379,0.27776510268449783,0.05983217712491751,
0,260816,matched,MATCHED_RicianLOS,Proposed_CA_CNN_RNND,2463,0.3208494745194912,0.2603841684758663,0.06046531070023775,
0,260816,matched,MATCHED_RicianLOS,Proposed_CA_CNN_RNND,2464,0.3671064004302025,0.3050818517804146,0.0620245523750782,
0,260816,matched,MATCHED_RicianLOS,Proposed_CA_CNN_RNND,2465,0.37191133946180344,0.3039070591330528,0.06800428964197636,
0,260816,matched,MATCHED_RicianLOS,Proposed_CA_CNN_RNND,2466,0.37602560594677925,0.30612608045339584,0.0698995259590447,
0,260816,matched,MATCHED_RicianLOS,Proposed_CA_CNN_RNND,2467,0.39251871779561043,0.3167995437979698,0.07571917679160833,
0,260816,matched,MATCHED_RicianLOS,Proposed_CA_CNN_RNND,2468,0.3212691359221935,0.2648548949509859,0.05641422886401415,
0,260816,matched,MATCHED_RicianLOS,Proposed_CA_CNN_RNND,2469,0.33542296662926674,0.2790175974369049,0.05640536453574896,
0,260816,matched,MATCHED_RicianLOS,Proposed_CA_CNN_RNND,2470,0.4154193438589573,0.3344952929764986,0.08092404273338616,
0,260816,matched,MATCHED_RicianLOS,Proposed_CA_CNN_RNND,2471,0.1933106780052185,0.1688515804708004,0.024459101259708405,
0,260816,matched,MATCHED_RicianLOS,Proposed_CA_CNN_RNND,2472,0.44348331168293953,0.35396178998053074,0.08952152892015874,
0,260816,matched,MATCHED_RicianLOS,Proposed_CA_CNN_RNND,2473,0.48276659846305847,0.38639847189188004,0.09636814147233963,
0,260816,matched,MATCHED_RicianLOS,Proposed_CA_CNN_RNND,2474,0.37695154920220375,0.3092542476952076,0.06769731035456061,
0,260816,matched,MATCHED_RicianLOS,Proposed_CA_CNN_RNND,2475,0.2936673481017351,0.2416171357035637,0.05205021472647786,
0,260816,matched,MATCHED_RicianLOS,Proposed_CA_CNN_RNND,2476,0.2954890225082636,0.24844873324036598,0.04704028996638954,
0,260816,matched,MATCHED_RicianLOS,Proposed_CA_CNN_RNND,2477,0.33907225355505943,0.2738651130348444,0.06520713097415864,
0,260816,matched,MATCHED_RicianLOS,Proposed_CA_CNN_RNND,2478,0.38486847281455994,0.3107936419546604,0.07407483737915754,
0,260816,matched,MATCHED_RicianLOS,Proposed_CA_CNN_RNND,2479,0.2585126757621765,0.2201455719769001,0.038367101922631264,
0,260816,matched,MATCHED_RicianLOS,Proposed_CA_CNN_RNND,2480,0.3380873464047909,0.2851148843765259,0.052972461096942425,
0,260816,matched,MATCHED_RicianLOS,Proposed_CA_CNN_RNND,2481,0.25022327341139317,0.21548336744308472,0.034739911556243896,
0,260816,matched,MATCHED_RicianLOS,Proposed_CA_CNN_RNND,2482,0.36533357948064804,0.30033865943551064,0.06499492656439543,
0,260816,matched,MATCHED_RicianLOS,Proposed_CA_CNN_RNND,2483,0.36983925104141235,0.30169499665498734,0.06814426463097334,
0,260816,matched,MATCHED_RicianLOS,Proposed_CA_CNN_RNND,2484,0.35734106227755547,0.2905916329473257,0.06674943142570555,
0,260816,matched,MATCHED_RicianLOS,Proposed_CA_CNN_RNND,2485,0.25396478921175003,0.2179441973567009,0.03602059092372656,
0,260816,matched,MATCHED_RicianLOS,Proposed_CA_CNN_RNND,2486,0.3654134124517441,0.30221425741910934,0.06319915503263474,
0,260816,matched,MATCHED_RicianLOS,Proposed_CA_CNN_RNND,2487,0.34002935886383057,0.277888722717762,0.062140631256625056,
0,260816,matched,MATCHED_RicianLOS,Proposed_CA_CNN_RNND,2488,0.43960024416446686,0.35160988569259644,0.087990359403193,
0,260816,matched,MATCHED_RicianLOS,Proposed_CA_CNN_RNND,2489,0.31987887993454933,0.25833929888904095,0.06153958453796804,
0,260816,matched,MATCHED_RicianLOS,Proposed_CA_CNN_RNND,2490,0.2917705960571766,0.24382515996694565,0.04794542957097292,
0,260816,matched,MATCHED_RicianLOS,Proposed_CA_CNN_RNND,2491,0.4187938943505287,0.3445662632584572,0.07422764133661985,
0,260816,matched,MATCHED_RicianLOS,Proposed_CA_CNN_RNND,2492,0.2605694066733122,0.22369742393493652,0.036871985299512744,
0,260816,matched,MATCHED_RicianLOS,Proposed_CA_CNN_RNND,2493,0.42905517667531967,0.3460843563079834,0.0829708119854331,
0,260816,matched,MATCHED_RicianLOS,Proposed_CA_CNN_RNND,2494,0.406849455088377,0.3355492129921913,0.07130023604258895,
0,260816,matched,MATCHED_RicianLOS,Proposed_CA_CNN_RNND,2495,0.3038397468626499,0.2543159667402506,0.04952378151938319,
0,260816,matched,MATCHED_RicianLOS,Proposed_CA_CNN_RNND,2496,0.4093092530965805,0.32508932799100876,0.08421993348747492,
0,260816,matched,MATCHED_RicianLOS,Proposed_CA_CNN_RNND,2497,0.20302258245646954,0.18152594193816185,0.021496636094525456,
0,260816,matched,MATCHED_RicianLOS,Proposed_CA_CNN_RNND,2498,0.3964857757091522,0.3167276568710804,0.07975811790674925,
0,260816,matched,MATCHED_RicianLOS,Proposed_CA_CNN_RNND,2499,0.38709966465830803,0.31540966033935547,0.07169000618159771,
0,260816,matched,MATCHED_RicianLOS,Proposed_CA_CNN_RNND,2500,0.2955836020410061,0.24317853525280952,0.05240506189875305,
0,260816,matched,MATCHED_RicianLOS,Proposed_CA_CNN_RNND,2501,0.36480075865983963,0.3075051121413708,0.05729564651846886,
0,260816,matched,MATCHED_RicianLOS,Proposed_CA_CNN_RNND,2502,0.4300526864826679,0.3452594019472599,0.08479328732937574,
0,260816,matched,MATCHED_RicianLOS,Proposed_CA_CNN_RNND,2503,0.26040815375745296,0.21826350688934326,0.042144650826230645,
0,260816,matched,MATCHED_RicianLOS,Proposed_CA_CNN_RNND,2504,0.265017319470644,0.22323669865727425,0.041780621744692326,
0,260816,matched,MATCHED_RicianLOS,Proposed_CA_CNN_RNND,2505,0.3863777033984661,0.3159155808389187,0.07046212558634579,
0,260816,matched,MATCHED_RicianLOS,Proposed_CA_CNN_RNND,2506,0.3198476880788803,0.2667403444647789,0.05310733802616596,
0,260816,matched,MATCHED_RicianLOS,Proposed_CA_CNN_RNND,2507,0.25963760912418365,0.21974481642246246,0.03989279689267278,
0,260816,matched,MATCHED_RicianLOS,Proposed_CA_CNN_RNND,2508,0.23425206542015076,0.20038002729415894,0.03387204138562083,
0,260816,matched,MATCHED_RicianLOS,Proposed_CA_CNN_RNND,2509,0.40351589396595955,0.3276863843202591,0.07582952780649066,
0,260816,matched,MATCHED_RicianLOS,Proposed_CA_CNN_RNND,2510,0.35288484767079353,0.2922208420932293,0.06066400418058038,
0,260816,matched,MATCHED_RicianLOS,Proposed_CA_CNN_RNND,2511,0.35476480424404144,0.28914564475417137,0.06561916437931359,
0,260816,matched,MATCHED_RicianLOS,Proposed_CA_CNN_RNND,2512,0.3597596175968647,0.29922589659690857,0.06053371820598841,
0,260816,matched,MATCHED_RicianLOS,Proposed_CA_CNN_RNND,2513,0.21657735109329224,0.1878589689731598,0.028718385845422745,
0,260816,matched,MATCHED_RicianLOS,Proposed_CA_CNN_RNND,2514,0.4280487112700939,0.34966205805540085,0.07838666066527367,
0,260816,matched,MATCHED_RicianLOS,Proposed_CA_CNN_RNND,2515,0.33820840157568455,0.2767579574137926,0.06145043787546456,
0,260816,matched,MATCHED_RicianLOS,Proposed_CA_CNN_RNND,2516,0.3490424416959286,0.28853486478328705,0.0605075815692544,
0,260816,matched,MATCHED_RicianLOS,Proposed_CA_CNN_RNND,2517,0.3737502060830593,0.3094675987958908,0.06428260821849108,
0,260816,matched,MATCHED_RicianLOS,Proposed_CA_CNN_RNND,2518,0.39314480870962143,0.3176330327987671,0.07551177777349949,
0,260816,matched,MATCHED_RicianLOS,Proposed_CA_CNN_RNND,2519,0.29553407058119774,0.2502656690776348,0.045268405228853226,
0,260816,matched,MATCHED_RicianLOS,Proposed_CA_CNN_RNND,2520,0.45523255318403244,0.3609035760164261,0.09432898741215467,
0,260816,matched,MATCHED_RicianLOS,Proposed_CA_CNN_RNND,2521,0.26033851876854897,0.2210024669766426,0.0393360557500273,
0,260816,matched,MATCHED_RicianLOS,Proposed_CA_CNN_RNND,2522,0.32594066485762596,0.2657226361334324,0.06021802593022585,
0,260816,matched,MATCHED_RicianLOS,Proposed_CA_CNN_RNND,2523,0.27284785360097885,0.2255415916442871,0.047306273598223925,
0,260816,matched,MATCHED_RicianLOS,Proposed_CA_CNN_RNND,2524,0.296368844807148,0.2519427165389061,0.04442613571882248,
0,260816,matched,MATCHED_RicianLOS,Proposed_CA_CNN_RNND,2525,0.4166036620736122,0.3334657773375511,0.0831378810107708,
0,260816,matched,MATCHED_RicianLOS,Proposed_CA_CNN_RNND,2526,0.4003084823489189,0.32093752175569534,0.07937096059322357,
0,260816,matched,MATCHED_RicianLOS,Proposed_CA_CNN_RNND,2527,0.3119633048772812,0.25965796783566475,0.05230534030124545,
0,260816,matched,MATCHED_RicianLOS,Proposed_CA_CNN_RNND,2528,0.5125703513622284,0.4087854400277138,0.10378491505980492,
0,260816,matched,MATCHED_RicianLOS,Proposed_CA_CNN_RNND,2529,0.4699098840355873,0.3756295442581177,0.09428033325821161,
0,260816,matched,MATCHED_RicianLOS,Proposed_CA_CNN_RNND,2530,0.3325939401984215,0.27024009451270103,0.06235384847968817,
0,260816,matched,MATCHED_RicianLOS,Proposed_CA_CNN_RNND,2531,0.2717447318136692,0.2280188612639904,0.04372587101534009,
0,260816,matched,MATCHED_RicianLOS,Proposed_CA_CNN_RNND,2532,0.2994307167828083,0.24825574457645416,0.051174971740692854,
0,260816,matched,MATCHED_RicianLOS,Proposed_CA_CNN_RNND,2533,0.38683347404003143,0.3189774677157402,0.06785600911825895,
0,260816,matched,MATCHED_RicianLOS,Proposed_CA_CNN_RNND,2534,0.403295174241066,0.32916564494371414,0.07412952277809381,
0,260816,matched,MATCHED_RicianLOS,Proposed_CA_CNN_RNND,2535,0.2048274539411068,0.17894145473837852,0.025886003160849214,
0,260816,matched,MATCHED_RicianLOS,Proposed_CA_CNN_RNND,2536,0.3650091923773289,0.3019225522875786,0.0630866321735084,
0,260816,matched,MATCHED_RicianLOS,Proposed_CA_CNN_RNND,2537,0.3917912468314171,0.32276805490255356,0.06902317982167006,
0,260816,matched,MATCHED_RicianLOS,Proposed_CA_CNN_RNND,2538,0.4593367427587509,0.37112945318222046,0.08820727467536926,
0,260816,matched,MATCHED_RicianLOS,Proposed_CA_CNN_RNND,2539,0.22889112681150436,0.19791549816727638,0.030975624918937683,
0,260816,matched,MATCHED_RicianLOS,Proposed_CA_CNN_RNND,2540,0.430936835706234,0.35193686932325363,0.07899996358901262,
0,260816,matched,MATCHED_RicianLOS,Proposed_CA_CNN_RNND,2541,0.45657164603471756,0.36536595970392227,0.09120566956698895,
0,260816,matched,MATCHED_RicianLOS,Proposed_CA_CNN_RNND,2542,0.3115053251385689,0.26185203716158867,0.049653297290205956,
0,260816,matched,MATCHED_RicianLOS,Proposed_CA_CNN_RNND,2543,0.37959717214107513,0.31100115925073624,0.0685960070695728,
0,260816,matched,MATCHED_RicianLOS,Proposed_CA_CNN_RNND,2544,0.2837388329207897,0.2374989576637745,0.04623987106606364,
0,260816,matched,MATCHED_RicianLOS,Proposed_CA_CNN_RNND,2545,0.20197827741503716,0.1765417344868183,0.025436545023694634,
0,260816,matched,MATCHED_RicianLOS,Proposed_CA_CNN_RNND,2546,0.4102815091609955,0.34200066700577736,0.06828083377331495,
0,260816,matched,MATCHED_RicianLOS,Proposed_CA_CNN_RNND,2547,0.2708169184625149,0.22952593490481377,0.04129099100828171,
0,260816,matched,MATCHED_RicianLOS,Proposed_CA_CNN_RNND,2548,0.18104947730898857,0.1618761196732521,0.019173357170075178,
0,260816,matched,MATCHED_RicianLOS,Proposed_CA_CNN_RNND,2549,0.4230382703244686,0.34129440039396286,0.0817438680678606,
0,260816,matched,MATCHED_RicianLOS,Proposed_CA_CNN_RNND,2550,0.37336117401719093,0.3085915446281433,0.06476962612941861,
0,260816,matched,MATCHED_RicianLOS,Proposed_CA_CNN_RNND,2551,0.34500909224152565,0.28116009943187237,0.0638490014243871,
0,260816,matched,MATCHED_RicianLOS,Proposed_CA_CNN_RNND,2552,0.29807475581765175,0.24853508919477463,0.04953965963795781,
0,260816,matched,MATCHED_RicianLOS,Proposed_CA_CNN_RNND,2553,0.4160822294652462,0.33530735969543457,0.08077487023547292,
0,260816,matched,MATCHED_RicianLOS,Proposed_CA_CNN_RNND,2554,0.29678988456726074,0.24830252677202225,0.04848736152052879,
0,260816,matched,MATCHED_RicianLOS,Proposed_CA_CNN_RNND,2555,0.32744574546813965,0.2755851298570633,0.051860617473721504,
0,260816,matched,MATCHED_RicianLOS,Proposed_CA_CNN_RNND,2556,0.2661948725581169,0.21890546940267086,0.047289404552429914,
0,260816,matched,MATCHED_RicianLOS,Proposed_CA_CNN_RNND,2557,0.44066253304481506,0.3593231625854969,0.08133936673402786,
0,260816,matched,MATCHED_RicianLOS,Proposed_CA_CNN_RNND,2558,0.2828329987823963,0.24243295192718506,0.04040004312992096,
0,260816,matched,MATCHED_RicianLOS,Proposed_CA_CNN_RNND,2559,0.2952954098582268,0.2562326118350029,0.03906280267983675,
0,260816,matched,MATCHED_RicianLOS,Proposed_CA_CNN_RNND,2560,0.3341655693948269,0.2739475257694721,0.06021803803741932,
0,260816,matched,MATCHED_RicianLOS,Proposed_CA_CNN_RNND,2561,0.3243834711611271,0.2696465626358986,0.05473691085353494,
0,260816,matched,MATCHED_RicianLOS,Proposed_CA_CNN_RNND,2562,0.3535652793943882,0.2950347512960434,0.058530531357973814,
0,260816,matched,MATCHED_RicianLOS,Proposed_CA_CNN_RNND,2563,0.3311059884727001,0.27707941830158234,0.05402657622471452,
0,260816,matched,MATCHED_RicianLOS,Proposed_CA_CNN_RNND,2564,0.22533267736434937,0.1965951006859541,0.02873757714405656,
0,260816,matched,MATCHED_RicianLOS,Proposed_CA_CNN_RNND,2565,0.28364188969135284,0.24550573900341988,0.03813615161925554,
0,260816,matched,MATCHED_RicianLOS,Proposed_CA_CNN_RNND,2566,0.3977026119828224,0.32623718678951263,0.07146542146801949,
0,260816,matched,MATCHED_RicianLOS,Proposed_CA_CNN_RNND,2567,0.3534826524555683,0.29223860800266266,0.061244046315550804,
0,260816,matched,MATCHED_RicianLOS,Proposed_CA_CNN_RNND,2568,0.274660374969244,0.23141620680689812,0.043244168162345886,
0,260816,matched,MATCHED_RicianLOS,Proposed_CA_CNN_RNND,2569,0.3736266940832138,0.305947870016098,0.06767882779240608,
0,260816,matched,MATCHED_RicianLOS,Proposed_CA_CNN_RNND,2570,0.4323788955807686,0.34545113146305084,0.08692776365205646,
0,260816,matched,MATCHED_RicianLOS,Proposed_CA_CNN_RNND,2571,0.2943712882697582,0.2390325367450714,0.0553387482650578,
0,260816,matched,MATCHED_RicianLOS,Proposed_CA_CNN_RNND,2572,0.2898814417421818,0.2407015822827816,0.04917985759675503,
0,260816,matched,MATCHED_RicianLOS,Proposed_CA_CNN_RNND,2573,0.3076573871076107,0.26000943034887314,0.04764795582741499,
0,260816,matched,MATCHED_RicianLOS,Proposed_CA_CNN_RNND,2574,0.32282883301377296,0.26621031016111374,0.05661851912736893,
0,260816,matched,MATCHED_RicianLOS,Proposed_CA_CNN_RNND,2575,0.29980162158608437,0.2502603083848953,0.04954131692647934,
0,260816,matched,MATCHED_RicianLOS,Proposed_CA_CNN_RNND,2576,0.3737841062247753,0.30730265378952026,0.0664814542979002,
0,260816,matched,MATCHED_RicianLOS,Proposed_CA_CNN_RNND,2577,0.44533341377973557,0.3546180762350559,0.09071533940732479,
0,260816,matched,MATCHED_RicianLOS,Proposed_CA_CNN_RNND,2578,0.3182560130953789,0.2657918520271778,0.05246416013687849,
0,260816,matched,MATCHED_RicianLOS,Proposed_CA_CNN_RNND,2579,0.38039419800043106,0.3173253610730171,0.06306884344667196,
0,260816,matched,MATCHED_RicianLOS,Proposed_CA_CNN_RNND,2580,0.2741741016507149,0.22930047661066055,0.044873625971376896,
0,260816,matched,MATCHED_RicianLOS,Proposed_CA_CNN_RNND,2581,0.2882680222392082,0.24831142276525497,0.03995659714564681,
0,260816,matched,MATCHED_RicianLOS,Proposed_CA_CNN_RNND,2582,0.2591797970235348,0.21892274916172028,0.04025705251842737,
0,260816,matched,MATCHED_RicianLOS,Proposed_CA_CNN_RNND,2583,0.43566393852233887,0.3560587391257286,0.07960519567131996,
0,260816,matched,MATCHED_RicianLOS,Proposed_CA_CNN_RNND,2584,0.47970446571707726,0.3830863982439041,0.09661806444637477,
0,260816,matched,MATCHED_RicianLOS,Proposed_CA_CNN_RNND,2585,0.27461379393935204,0.22823749110102654,0.04637630516663194,
0,260816,matched,MATCHED_RicianLOS,Proposed_CA_CNN_RNND,2586,0.32622042298316956,0.26723141968250275,0.05898900656029582,
0,260816,matched,MATCHED_RicianLOS,Proposed_CA_CNN_RNND,2587,0.388628788292408,0.3223538473248482,0.06627494841814041,
0,260816,matched,MATCHED_RicianLOS,Proposed_CA_CNN_RNND,2588,0.39051496237516403,0.3136051930487156,0.07690976746380329,
0,260816,matched,MATCHED_RicianLOS,Proposed_CA_CNN_RNND,2589,0.331961952149868,0.27170059084892273,0.06026135105639696,
0,260816,matched,MATCHED_RicianLOS,Proposed_CA_CNN_RNND,2590,0.38082170486450195,0.3043748755007982,0.07644682610407472,
0,260816,matched,MATCHED_RicianLOS,Proposed_CA_CNN_RNND,2591,0.2600801885128021,0.22510052099823952,0.03497966192662716,
0,260816,matched,MATCHED_RicianLOS,Proposed_CA_CNN_RNND,2592,0.32924268022179604,0.27717829681932926,0.052064384100958705,
0,260816,matched,MATCHED_RicianLOS,Proposed_CA_CNN_RNND,2593,0.24639545381069183,0.21006054803729057,0.03633489739149809,
0,260816,matched,MATCHED_RicianLOS,Proposed_CA_CNN_RNND,2594,0.3947840929031372,0.3190128169953823,0.0757712705526501,
0,260816,matched,MATCHED_RicianLOS,Proposed_CA_CNN_RNND,2595,0.25251035019755363,0.21621328964829445,0.03629706660285592,
0,260816,matched,MATCHED_RicianLOS,Proposed_CA_CNN_RNND,2596,0.3888301011174917,0.3114516269415617,0.07737847103271633,
0,260816,matched,MATCHED_RicianLOS,Proposed_CA_CNN_RNND,2597,0.3804303668439388,0.3109530881047249,0.06947728525847197,
0,260816,matched,MATCHED_RicianLOS,Proposed_CA_CNN_RNND,2598,0.3333379216492176,0.2797909900546074,0.05354693648405373,
0,260816,matched,MATCHED_RicianLOS,Proposed_CA_CNN_RNND,2599,0.531529575586319,0.4253072589635849,0.10622231848537922,
0,260816,matched,MATCHED_RicianLOS,Proposed_CA_CNN_RNND,2600,0.281741488724947,0.23325379565358162,0.04848769004456699,-1.1121752155766365
0,260816,matched,MATCHED_RicianLOS,Proposed_CA_CNN_RNND,2601,0.5277575850486755,0.4217318445444107,0.10602573491632938,
0,260816,matched,MATCHED_RicianLOS,Proposed_CA_CNN_RNND,2602,0.3061962630599737,0.25211764872074127,0.054078606655821204,
0,260816,matched,MATCHED_RicianLOS,Proposed_CA_CNN_RNND,2603,0.39350929483771324,0.32499875500798225,0.06851055007427931,
0,260816,matched,MATCHED_RicianLOS,Proposed_CA_CNN_RNND,2604,0.269501406699419,0.22626139223575592,0.04324000817723572,
0,260816,matched,MATCHED_RicianLOS,Proposed_CA_CNN_RNND,2605,0.3956086225807667,0.32357750460505486,0.07203111867420375,
0,260816,matched,MATCHED_RicianLOS,Proposed_CA_CNN_RNND,2606,0.30541348457336426,0.25656683370471,0.04884665599092841,
0,260816,matched,MATCHED_RicianLOS,Proposed_CA_CNN_RNND,2607,0.23158612102270126,0.19809485971927643,0.033491261303424835,
0,260816,matched,MATCHED_RicianLOS,Proposed_CA_CNN_RNND,2608,0.41645023971796036,0.33876438066363335,0.07768585160374641,
0,260816,matched,MATCHED_RicianLOS,Proposed_CA_CNN_RNND,2609,0.3913825899362564,0.31697023659944534,0.07441234868019819,
0,260816,matched,MATCHED_RicianLOS,Proposed_CA_CNN_RNND,2610,0.42845212668180466,0.3457733765244484,0.08267873805016279,
0,260816,matched,MATCHED_RicianLOS,Proposed_CA_CNN_RNND,2611,0.4117824658751488,0.341863751411438,0.06991871260106564,
0,260816,matched,MATCHED_RicianLOS,Proposed_CA_CNN_RNND,2612,0.34742704778909683,0.28698331862688065,0.06044372543692589,
0,260816,matched,MATCHED_RicianLOS,Proposed_CA_CNN_RNND,2613,0.25692846439778805,0.21902238577604294,0.0379060807172209,
0,260816,matched,MATCHED_RicianLOS,Proposed_CA_CNN_RNND,2614,0.3803926557302475,0.31427469104528427,0.06611796095967293,
0,260816,matched,MATCHED_RicianLOS,Proposed_CA_CNN_RNND,2615,0.40228763222694397,0.3346140682697296,0.06767355371266603,
0,260816,matched,MATCHED_RicianLOS,Proposed_CA_CNN_RNND,2616,0.2908455654978752,0.24439896643161774,0.04644660372287035,
0,260816,matched,MATCHED_RicianLOS,Proposed_CA_CNN_RNND,2617,0.3127935528755188,0.2592888828366995,0.05350468191318214,
0,260816,matched,MATCHED_RicianLOS,Proposed_CA_CNN_RNND,2618,0.31656917929649353,0.2670908644795418,0.049478304106742144,
0,260816,matched,MATCHED_RicianLOS,Proposed_CA_CNN_RNND,2619,0.36743056401610374,0.29526014998555183,0.0721704091411084,
0,260816,matched,MATCHED_RicianLOS,Proposed_CA_CNN_RNND,2620,0.40717652067542076,0.3290976732969284,0.07807884458452463,
0,260816,matched,MATCHED_RicianLOS,Proposed_CA_CNN_RNND,2621,0.4018804170191288,0.3269440419971943,0.0749363754875958,
0,260816,matched,MATCHED_RicianLOS,Proposed_CA_CNN_RNND,2622,0.2525506354868412,0.21398737095296383,0.0385632598772645,
0,260816,matched,MATCHED_RicianLOS,Proposed_CA_CNN_RNND,2623,0.37963613867759705,0.3201003558933735,0.05953579023480415,
0,260816,matched,MATCHED_RicianLOS,Proposed_CA_CNN_RNND,2624,0.28489483520388603,0.2424464114010334,0.0424484231043607,
0,260816,matched,MATCHED_RicianLOS,Proposed_CA_CNN_RNND,2625,0.40305741131305695,0.3268938772380352,0.0761635284870863,
0,260816,matched,MATCHED_RicianLOS,Proposed_CA_CNN_RNND,2626,0.3070427030324936,0.2642015293240547,0.042841175803914666,
0,260816,matched,MATCHED_RicianLOS,Proposed_CA_CNN_RNND,2627,0.23708370700478554,0.20004963129758835,0.03703407943248749,
0,260816,matched,MATCHED_RicianLOS,Proposed_CA_CNN_RNND,2628,0.42548075318336487,0.34669435769319534,0.07878639921545982,
0,260816,matched,MATCHED_RicianLOS,Proposed_CA_CNN_RNND,2629,0.2947975043207407,0.24867860600352287,0.04611889855004847,
0,260816,matched,MATCHED_RicianLOS,Proposed_CA_CNN_RNND,2630,0.18807093426585197,0.16840707510709763,0.019663857761770487,
0,260816,matched,MATCHED_RicianLOS,Proposed_CA_CNN_RNND,2631,0.26534887962043285,0.22646754793822765,0.0388813391327858,
0,260816,matched,MATCHED_RicianLOS,Proposed_CA_CNN_RNND,2632,0.3113989420235157,0.2647279314696789,0.04667100869119167,
0,260816,matched,MATCHED_RicianLOS,Proposed_CA_CNN_RNND,2633,0.417184803634882,0.3318825364112854,0.08530226536095142,
0,260816,matched,MATCHED_RicianLOS,Proposed_CA_CNN_RNND,2634,0.468169242143631,0.37825795263051987,0.08991128299385309,
0,260816,matched,MATCHED_RicianLOS,Proposed_CA_CNN_RNND,2635,0.2837098091840744,0.23355045542120934,0.05015935353003442,
0,260816,matched,MATCHED_RicianLOS,Proposed_CA_CNN_RNND,2636,0.3256823271512985,0.27232376113533974,0.05335855530574918,
0,260816,matched,MATCHED_RicianLOS,Proposed_CA_CNN_RNND,2637,0.24556227400898933,0.21062135323882103,0.03494091983884573,
0,260816,matched,MATCHED_RicianLOS,Proposed_CA_CNN_RNND,2638,0.3544985353946686,0.29135024547576904,0.06314829178154469,
0,260816,matched,MATCHED_RicianLOS,Proposed_CA_CNN_RNND,2639,0.3323034234344959,0.2800241447985172,0.05227927560918033,
0,260816,matched,MATCHED_RicianLOS,Proposed_CA_CNN_RNND,2640,0.4404192417860031,0.35828041657805443,0.08213881962001324,
0,260816,matched,MATCHED_RicianLOS,Proposed_CA_CNN_RNND,2641,0.35755040869116783,0.29717885702848434,0.06037154560908675,
0,260816,matched,MATCHED_RicianLOS,Proposed_CA_CNN_RNND,2642,0.4492360055446625,0.35678236931562424,0.09245364926755428,
0,260816,matched,MATCHED_RicianLOS,Proposed_CA_CNN_RNND,2643,0.35058514028787613,0.2886853702366352,0.061899757478386164,
0,260816,matched,MATCHED_RicianLOS,Proposed_CA_CNN_RNND,2644,0.4244531914591789,0.3485187217593193,0.07593445666134357,
0,260816,matched,MATCHED_RicianLOS,Proposed_CA_CNN_RNND,2645,0.3655097521841526,0.30140327848494053,0.06410645798314363,
0,260816,matched,MATCHED_RicianLOS,Proposed_CA_CNN_RNND,2646,0.4623548835515976,0.38017110526561737,0.08218377269804478,
0,260816,matched,MATCHED_RicianLOS,Proposed_CA_CNN_RNND,2647,0.3418310657143593,0.28443726152181625,0.057393801398575306,
0,260816,matched,MATCHED_RicianLOS,Proposed_CA_CNN_RNND,2648,0.3323080688714981,0.2811658978462219,0.051142167299985886,
0,260816,matched,MATCHED_RicianLOS,Proposed_CA_CNN_RNND,2649,0.42835212126374245,0.3409803435206413,0.08737177308648825,
0,260816,matched,MATCHED_RicianLOS,Proposed_CA_CNN_RNND,2650,0.33647526428103447,0.2807632349431515,0.05571203771978617,
0,260816,matched,MATCHED_RicianLOS,Proposed_CA_CNN_RNND,2651,0.2981983795762062,0.2507011815905571,0.047497204039245844,
0,260816,matched,MATCHED_RicianLOS,Proposed_CA_CNN_RNND,2652,0.47807521373033524,0.3823067583143711,0.09576844424009323,
0,260816,matched,MATCHED_RicianLOS,Proposed_CA_CNN_RNND,2653,0.32082734256982803,0.26589130610227585,0.05493603413924575,
0,260816,matched,MATCHED_RicianLOS,Proposed_CA_CNN_RNND,2654,0.33697718009352684,0.28203045949339867,0.054946718038991094,
0,260816,matched,MATCHED_RicianLOS,Proposed_CA_CNN_RNND,2655,0.27060505375266075,0.23269854485988617,0.03790651122108102,
0,260816,matched,MATCHED_RicianLOS,Proposed_CA_CNN_RNND,2656,0.37463318184018135,0.30743565410375595,0.0671975293662399,
0,260816,matched,MATCHED_RicianLOS,Proposed_CA_CNN_RNND,2657,0.3419763073325157,0.27947548776865005,0.06250082515180111,
0,260816,matched,MATCHED_RicianLOS,Proposed_CA_CNN_RNND,2658,0.30148168839514256,0.2510238587856293,0.05045782960951328,
0,260816,matched,MATCHED_RicianLOS,Proposed_CA_CNN_RNND,2659,0.3110036104917526,0.2583434358239174,0.05266016814857721,
0,260816,matched,MATCHED_RicianLOS,Proposed_CA_CNN_RNND,2660,0.4375300481915474,0.3532818853855133,0.08424815908074379,
0,260816,matched,MATCHED_RicianLOS,Proposed_CA_CNN_RNND,2661,0.37570441141724586,0.30914323031902313,0.06656117038801312,
0,260816,matched,MATCHED_RicianLOS,Proposed_CA_CNN_RNND,2662,0.21161989495158195,0.18637205101549625,0.0252478439360857,
0,260816,matched,MATCHED_RicianLOS,Proposed_CA_CNN_RNND,2663,0.48354510962963104,0.38855985552072525,0.09498526901006699,
0,260816,matched,MATCHED_RicianLOS,Proposed_CA_CNN_RNND,2664,0.5000929832458496,0.3967340290546417,0.10335895419120789,
0,260816,matched,MATCHED_RicianLOS,Proposed_CA_CNN_RNND,2665,0.3552463948726654,0.2977483198046684,0.05749806668609381,
0,260816,matched,MATCHED_RicianLOS,Proposed_CA_CNN_RNND,2666,0.3758019804954529,0.3119630813598633,0.06383889075368643,
0,260816,matched,MATCHED_RicianLOS,Proposed_CA_CNN_RNND,2667,0.3874312900006771,0.3227263279259205,0.06470496207475662,
0,260816,matched,MATCHED_RicianLOS,Proposed_CA_CNN_RNND,2668,0.2471017725765705,0.2146197222173214,0.032482046633958817,
0,260816,matched,MATCHED_RicianLOS,Proposed_CA_CNN_RNND,2669,0.3698493130505085,0.3048839569091797,0.06496535544283688,
0,260816,matched,MATCHED_RicianLOS,Proposed_CA_CNN_RNND,2670,0.2908140532672405,0.23457468301057816,0.05623936885967851,
0,260816,matched,MATCHED_RicianLOS,Proposed_CA_CNN_RNND,2671,0.33698104321956635,0.2740302197635174,0.06295082438737154,
0,260816,matched,MATCHED_RicianLOS,Proposed_CA_CNN_RNND,2672,0.2388007566332817,0.20192483812570572,0.03687591711059213,
0,260816,matched,MATCHED_RicianLOS,Proposed_CA_CNN_RNND,2673,0.35781463608145714,0.2943338379263878,0.06348080467432737,
0,260816,matched,MATCHED_RicianLOS,Proposed_CA_CNN_RNND,2674,0.27275524474680424,0.23032424598932266,0.04243100620806217,
0,260816,matched,MATCHED_RicianLOS,Proposed_CA_CNN_RNND,2675,0.299580879509449,0.24774101004004478,0.051839865278452635,
0,260816,matched,MATCHED_RicianLOS,Proposed_CA_CNN_RNND,2676,0.24136635288596153,0.20498156547546387,0.036384786013513803,
0,260816,matched,MATCHED_RicianLOS,Proposed_CA_CNN_RNND,2677,0.3010549247264862,0.2459575217217207,0.05509740021079779,
0,260816,matched,MATCHED_RicianLOS,Proposed_CA_CNN_RNND,2678,0.3129163831472397,0.26532091200351715,0.04759546695277095,
0,260816,matched,MATCHED_RicianLOS,Proposed_CA_CNN_RNND,2679,0.3947691544890404,0.3228651061654091,0.07190404646098614,
0,260816,matched,MATCHED_RicianLOS,Proposed_CA_CNN_RNND,2680,0.3100309781730175,0.2584380954504013,0.05159288598224521,
0,260816,matched,MATCHED_RicianLOS,Proposed_CA_CNN_RNND,2681,0.30231355130672455,0.2493198774755001,0.05299367872066796,
0,260816,matched,MATCHED_RicianLOS,Proposed_CA_CNN_RNND,2682,0.2906407341361046,0.2506617456674576,0.03997899126261473,
0,260816,matched,MATCHED_RicianLOS,Proposed_CA_CNN_RNND,2683,0.2660602070391178,0.22300997003912926,0.043050242122262716,
0,260816,matched,MATCHED_RicianLOS,Proposed_CA_CNN_RNND,2684,0.3875059261918068,0.3187808245420456,0.0687251128256321,
0,260816,matched,MATCHED_RicianLOS,Proposed_CA_CNN_RNND,2685,0.4386605843901634,0.3609694465994835,0.07769114524126053,
0,260816,matched,MATCHED_RicianLOS,Proposed_CA_CNN_RNND,2686,0.4694913364946842,0.3759922981262207,0.0934990462847054,
0,260816,matched,MATCHED_RicianLOS,Proposed_CA_CNN_RNND,2687,0.39048445224761963,0.3118516616523266,0.07863280037418008,
0,260816,matched,MATCHED_RicianLOS,Proposed_CA_CNN_RNND,2688,0.358871940523386,0.29652832075953484,0.0623436220921576,
0,260816,matched,MATCHED_RicianLOS,Proposed_CA_CNN_RNND,2689,0.17160160653293133,0.1539261620491743,0.017675445415079594,
0,260816,matched,MATCHED_RicianLOS,Proposed_CA_CNN_RNND,2690,0.4171217009425163,0.3389238119125366,0.0781978964805603,
0,260816,matched,MATCHED_RicianLOS,Proposed_CA_CNN_RNND,2691,0.22081055119633675,0.18832679465413094,0.03248375141993165,
0,260816,matched,MATCHED_RicianLOS,Proposed_CA_CNN_RNND,2692,0.22471993789076805,0.1958350259810686,0.028884910512715578,
0,260816,matched,MATCHED_RicianLOS,Proposed_CA_CNN_RNND,2693,0.30486050248146057,0.260507058352232,0.044353442499414086,
0,260816,matched,MATCHED_RicianLOS,Proposed_CA_CNN_RNND,2694,0.4948190450668335,0.399333193898201,0.09548586374148726,
0,260816,matched,MATCHED_RicianLOS,Proposed_CA_CNN_RNND,2695,0.3077002093195915,0.2599989250302315,0.04770128149539232,
0,260816,matched,MATCHED_RicianLOS,Proposed_CA_CNN_RNND,2696,0.34240875765681267,0.28510022163391113,0.05730853509157896,
0,260816,matched,MATCHED_RicianLOS,Proposed_CA_CNN_RNND,2697,0.23314159736037254,0.197697214782238,0.035444381763227284,
0,260816,matched,MATCHED_RicianLOS,Proposed_CA_CNN_RNND,2698,0.18319149315357208,0.15963352099061012,0.023557974607683718,
0,260816,matched,MATCHED_RicianLOS,Proposed_CA_CNN_RNND,2699,0.35384470224380493,0.2902929149568081,0.06355178402736783,
0,260816,matched,MATCHED_RicianLOS,Proposed_CA_CNN_RNND,2700,0.2787553071975708,0.23895744234323502,0.039797860430553555,
0,260816,matched,MATCHED_RicianLOS,Proposed_CA_CNN_RNND,2701,0.40739788860082626,0.3366997167468071,0.07069817278534174,
0,260816,matched,MATCHED_RicianLOS,Proposed_CA_CNN_RNND,2702,0.4562349021434784,0.36574026197195053,0.09049465414136648,
0,260816,matched,MATCHED_RicianLOS,Proposed_CA_CNN_RNND,2703,0.25751056149601936,0.21717052161693573,0.04034003592096269,
0,260816,matched,MATCHED_RicianLOS,Proposed_CA_CNN_RNND,2704,0.36176444962620735,0.2968326508998871,0.0649317936040461,
0,260816,matched,MATCHED_RicianLOS,Proposed_CA_CNN_RNND,2705,0.46467120945453644,0.37020767480134964,0.09446353930979967,
0,260816,matched,MATCHED_RicianLOS,Proposed_CA_CNN_RNND,2706,0.2879348285496235,0.24087415263056755,0.04706067801453173,
0,260816,matched,MATCHED_RicianLOS,Proposed_CA_CNN_RNND,2707,0.3732944242656231,0.31092536449432373,0.06236905977129936,
0,260816,matched,MATCHED_RicianLOS,Proposed_CA_CNN_RNND,2708,0.38234900683164597,0.323679156601429,0.05866985581815243,
0,260816,matched,MATCHED_RicianLOS,Proposed_CA_CNN_RNND,2709,0.4061228260397911,0.3270462639629841,0.07907655462622643,
0,260816,matched,MATCHED_RicianLOS,Proposed_CA_CNN_RNND,2710,0.28435268253088,0.24467595294117928,0.03967673052102327,
0,260816,matched,MATCHED_RicianLOS,Proposed_CA_CNN_RNND,2711,0.26511077769100666,0.22573132626712322,0.03937945491634309,
0,260816,matched,MATCHED_RicianLOS,Proposed_CA_CNN_RNND,2712,0.3851889558136463,0.3146214708685875,0.07056749146431684,
0,260816,matched,MATCHED_RicianLOS,Proposed_CA_CNN_RNND,2713,0.25481947511434555,0.21729643642902374,0.03752303356304765,
0,260816,matched,MATCHED_RicianLOS,Proposed_CA_CNN_RNND,2714,0.21696993336081505,0.1946994736790657,0.022270456654950976,
0,260816,matched,MATCHED_RicianLOS,Proposed_CA_CNN_RNND,2715,0.30402783676981926,0.25548310577869415,0.048544736579060555,
0,260816,matched,MATCHED_RicianLOS,Proposed_CA_CNN_RNND,2716,0.2795158214867115,0.23422802984714508,0.045287796296179295,
0,260816,matched,MATCHED_RicianLOS,Proposed_CA_CNN_RNND,2717,0.2112385705113411,0.18448646366596222,0.026752102887257934,
0,260816,matched,MATCHED_RicianLOS,Proposed_CA_CNN_RNND,2718,0.3709258958697319,0.3067217543721199,0.06420414801687002,
0,260816,matched,MATCHED_RicianLOS,Proposed_CA_CNN_RNND,2719,0.20718654617667198,0.17809562012553215,0.02909092651680112,
0,260816,matched,MATCHED_RicianLOS,Proposed_CA_CNN_RNND,2720,0.30348065309226513,0.2541047986596823,0.04937585978768766,
0,260816,matched,MATCHED_RicianLOS,Proposed_CA_CNN_RNND,2721,0.21215001307427883,0.1832887828350067,0.02886123163625598,
0,260816,matched,MATCHED_RicianLOS,Proposed_CA_CNN_RNND,2722,0.34172170609235764,0.2839553505182266,0.05776635883376002,
0,260816,matched,MATCHED_RicianLOS,Proposed_CA_CNN_RNND,2723,0.3806730918586254,0.30735160037875175,0.07332149520516396,
0,260816,matched,MATCHED_RicianLOS,Proposed_CA_CNN_RNND,2724,0.3552269861102104,0.2962343618273735,0.05899262614548206,
0,260816,matched,MATCHED_RicianLOS,Proposed_CA_CNN_RNND,2725,0.38013075292110443,0.3132997043430805,0.06683103716932237,
0,260816,matched,MATCHED_RicianLOS,Proposed_CA_CNN_RNND,2726,0.582081213593483,0.4517784118652344,0.1303027905523777,
0,260816,matched,MATCHED_RicianLOS,Proposed_CA_CNN_RNND,2727,0.2855835538357496,0.2432634700089693,0.04232008336111903,
0,260816,matched,MATCHED_RicianLOS,Proposed_CA_CNN_RNND,2728,0.379907950758934,0.30945858731865883,0.07044936087913811,
0,260816,matched,MATCHED_RicianLOS,Proposed_CA_CNN_RNND,2729,0.22523240000009537,0.19585245475172997,0.029379942687228322,
0,260816,matched,MATCHED_RicianLOS,Proposed_CA_CNN_RNND,2730,0.287944208830595,0.24065838754177094,0.04728582035750151,
0,260816,matched,MATCHED_RicianLOS,Proposed_CA_CNN_RNND,2731,0.43238331377506256,0.35078704729676247,0.08159627206623554,
0,260816,matched,MATCHED_RicianLOS,Proposed_CA_CNN_RNND,2732,0.40585772320628166,0.3335978537797928,0.07225987128913403,
0,260816,matched,MATCHED_RicianLOS,Proposed_CA_CNN_RNND,2733,0.34464170783758163,0.28214224614202976,0.062499468913301826,
0,260816,matched,MATCHED_RicianLOS,Proposed_CA_CNN_RNND,2734,0.3476155214011669,0.29141367226839066,0.05620185378938913,
0,260816,matched,MATCHED_RicianLOS,Proposed_CA_CNN_RNND,2735,0.32986436039209366,0.2682323344051838,0.061632022727280855,
0,260816,matched,MATCHED_RicianLOS,Proposed_CA_CNN_RNND,2736,0.47948846966028214,0.3772302195429802,0.10225825570523739,
0,260816,matched,MATCHED_RicianLOS,Proposed_CA_CNN_RNND,2737,0.36002328246831894,0.30477575212717056,0.05524752847850323,
0,260816,matched,MATCHED_RicianLOS,Proposed_CA_CNN_RNND,2738,0.25195882841944695,0.22126279398798943,0.03069603838957846,
0,260816,matched,MATCHED_RicianLOS,Proposed_CA_CNN_RNND,2739,0.3707032985985279,0.31084413081407547,0.05985916871577501,
0,260816,matched,MATCHED_RicianLOS,Proposed_CA_CNN_RNND,2740,0.25604986399412155,0.2181759923696518,0.037873873952776194,
0,260816,matched,MATCHED_RicianLOS,Proposed_CA_CNN_RNND,2741,0.4180576726794243,0.3351799324154854,0.08287773607298732,
0,260816,matched,MATCHED_RicianLOS,Proposed_CA_CNN_RNND,2742,0.31345944851636887,0.263541292399168,0.049918160773813725,
0,260816,matched,MATCHED_RicianLOS,Proposed_CA_CNN_RNND,2743,0.32286926731467247,0.2728217989206314,0.050047468626871705,
0,260816,matched,MATCHED_RicianLOS,Proposed_CA_CNN_RNND,2744,0.20242842845618725,0.17955446615815163,0.02287396788597107,
0,260816,matched,MATCHED_RicianLOS,Proposed_CA_CNN_RNND,2745,0.27636410668492317,0.2311242874711752,0.04523981362581253,
0,260816,matched,MATCHED_RicianLOS,Proposed_CA_CNN_RNND,2746,0.34885599836707115,0.29023527354002,0.05862072203308344,
0,260816,matched,MATCHED_RicianLOS,Proposed_CA_CNN_RNND,2747,0.33209001272916794,0.2808300703763962,0.05125993862748146,
0,260816,matched,MATCHED_RicianLOS,Proposed_CA_CNN_RNND,2748,0.2634107172489166,0.22921400144696236,0.034196715569123626,
0,260816,matched,MATCHED_RicianLOS,Proposed_CA_CNN_RNND,2749,0.16258829832077026,0.14365697279572487,0.018931326223537326,
0,260816,matched,MATCHED_RicianLOS,Proposed_CA_CNN_RNND,2750,0.2467510998249054,0.21118120849132538,0.03556989599019289,
0,260816,matched,MATCHED_RicianLOS,Proposed_CA_CNN_RNND,2751,0.4654829800128937,0.37616586685180664,0.08931710571050644,
0,260816,matched,MATCHED_RicianLOS,Proposed_CA_CNN_RNND,2752,0.29258252680301666,0.24385790526866913,0.04872463224455714,
0,260816,matched,MATCHED_RicianLOS,Proposed_CA_CNN_RNND,2753,0.45461098849773407,0.3719244748353958,0.08268651459366083,
0,260816,matched,MATCHED_RicianLOS,Proposed_CA_CNN_RNND,2754,0.33396774157881737,0.27563876658678055,0.05832897778600454,
0,260816,matched,MATCHED_RicianLOS,Proposed_CA_CNN_RNND,2755,0.23978449404239655,0.20798872411251068,0.031795766204595566,
0,260816,matched,MATCHED_RicianLOS,Proposed_CA_CNN_RNND,2756,0.5393495112657547,0.42346442490816116,0.11588507704436779,
0,260816,matched,MATCHED_RicianLOS,Proposed_CA_CNN_RNND,2757,0.2718113586306572,0.2298211306333542,0.04199023568071425,
0,260816,matched,MATCHED_RicianLOS,Proposed_CA_CNN_RNND,2758,0.29112963378429413,0.24690675362944603,0.04422288667410612,
0,260816,matched,MATCHED_RicianLOS,Proposed_CA_CNN_RNND,2759,0.36526156961917877,0.29994597658514977,0.06531560234725475,
0,260816,matched,MATCHED_RicianLOS,Proposed_CA_CNN_RNND,2760,0.398405097424984,0.32929183542728424,0.06911326642148197,
0,260816,matched,MATCHED_RicianLOS,Proposed_CA_CNN_RNND,2761,0.3380955569446087,0.2821538709104061,0.05594168510288,
0,260816,matched,MATCHED_RicianLOS,Proposed_CA_CNN_RNND,2762,0.311993733048439,0.25987083464860916,0.05212289188057184,
0,260816,matched,MATCHED_RicianLOS,Proposed_CA_CNN_RNND,2763,0.18498029187321663,0.16619627177715302,0.01878402102738619,
0,260816,matched,MATCHED_RicianLOS,Proposed_CA_CNN_RNND,2764,0.4050877317786217,0.32395878806710243,0.08112894184887409,
0,260816,matched,MATCHED_RicianLOS,Proposed_CA_CNN_RNND,2765,0.2977045588195324,0.24884146079421043,0.0488630966283381,
0,260816,matched,MATCHED_RicianLOS,Proposed_CA_CNN_RNND,2766,0.5211017727851868,0.41782524436712265,0.10327653214335442,
0,260816,matched,MATCHED_RicianLOS,Proposed_CA_CNN_RNND,2767,0.2804720476269722,0.23552191630005836,0.04495013505220413,
0,260816,matched,MATCHED_RicianLOS,Proposed_CA_CNN_RNND,2768,0.4032994117587805,0.3209137227386236,0.08238569158129394,
0,260816,matched,MATCHED_RicianLOS,Proposed_CA_CNN_RNND,2769,0.3399991802871227,0.28103382512927055,0.058965347707271576,
0,260816,matched,MATCHED_RicianLOS,Proposed_CA_CNN_RNND,2770,0.34347131103277206,0.2933552972972393,0.05011601001024246,
0,260816,matched,MATCHED_RicianLOS,Proposed_CA_CNN_RNND,2771,0.47681718692183495,0.38083264976739883,0.09598453040234745,
0,260816,matched,MATCHED_RicianLOS,Proposed_CA_CNN_RNND,2772,0.37388623505830765,0.30986324697732925,0.06402299366891384,
0,260816,matched,MATCHED_RicianLOS,Proposed_CA_CNN_RNND,2773,0.4359753578901291,0.35661859065294266,0.0793567718937993,
0,260816,matched,MATCHED_RicianLOS,Proposed_CA_CNN_RNND,2774,0.2901294529438019,0.2477206364274025,0.04240882070735097,
0,260816,matched,MATCHED_RicianLOS,Proposed_CA_CNN_RNND,2775,0.2944107837975025,0.2505192942917347,0.043891494162380695,
0,260816,matched,MATCHED_RicianLOS,Proposed_CA_CNN_RNND,2776,0.2819092981517315,0.2298811711370945,0.05202813073992729,
0,260816,matched,MATCHED_RicianLOS,Proposed_CA_CNN_RNND,2777,0.34426210820674896,0.28212257847189903,0.06213953346014023,
0,260816,matched,MATCHED_RicianLOS,Proposed_CA_CNN_RNND,2778,0.46286313235759735,0.3696729689836502,0.0931901577860117,
0,260816,matched,MATCHED_RicianLOS,Proposed_CA_CNN_RNND,2779,0.29873811453580856,0.2552213817834854,0.04351672437041998,
0,260816,matched,MATCHED_RicianLOS,Proposed_CA_CNN_RNND,2780,0.3597757928073406,0.29528211429715157,0.06449368689209223,
0,260816,matched,MATCHED_RicianLOS,Proposed_CA_CNN_RNND,2781,0.3787377253174782,0.31312885880470276,0.06560887210071087,
0,260816,matched,MATCHED_RicianLOS,Proposed_CA_CNN_RNND,2782,0.39877506345510483,0.3328812047839165,0.06589385028928518,
0,260816,matched,MATCHED_RicianLOS,Proposed_CA_CNN_RNND,2783,0.3952983543276787,0.3262636959552765,0.06903466023504734,
0,260816,matched,MATCHED_RicianLOS,Proposed_CA_CNN_RNND,2784,0.41860973089933395,0.3397303819656372,0.07887933868914843,
0,260816,matched,MATCHED_RicianLOS,Proposed_CA_CNN_RNND,2785,0.3313184157013893,0.27872125059366226,0.052597160916775465,
0,260816,matched,MATCHED_RicianLOS,Proposed_CA_CNN_RNND,2786,0.31233755126595497,0.2587432749569416,0.05359427270013839,
0,260816,matched,MATCHED_RicianLOS,Proposed_CA_CNN_RNND,2787,0.4105043560266495,0.3313393294811249,0.07916503632441163,
0,260816,matched,MATCHED_RicianLOS,Proposed_CA_CNN_RNND,2788,0.3307681791484356,0.2762264795601368,0.05454169888980687,
0,260816,matched,MATCHED_RicianLOS,Proposed_CA_CNN_RNND,2789,0.39195358753204346,0.3170321397483349,0.07492145569995046,
0,260816,matched,MATCHED_RicianLOS,Proposed_CA_CNN_RNND,2790,0.3776599168777466,0.30902131274342537,0.06863860785961151,
0,260816,matched,MATCHED_RicianLOS,Proposed_CA_CNN_RNND,2791,0.2600354105234146,0.22141265124082565,0.03862275555729866,
0,260816,matched,MATCHED_RicianLOS,Proposed_CA_CNN_RNND,2792,0.39406321942806244,0.3225030153989792,0.0715602058917284,
0,260816,matched,MATCHED_RicianLOS,Proposed_CA_CNN_RNND,2793,0.2442510910332203,0.2106674686074257,0.033583622658625245,
0,260816,matched,MATCHED_RicianLOS,Proposed_CA_CNN_RNND,2794,0.28011225908994675,0.23544812202453613,0.04466413054615259,
0,260816,matched,MATCHED_RicianLOS,Proposed_CA_CNN_RNND,2795,0.25754790008068085,0.22432414814829826,0.033223747741431,
0,260816,matched,MATCHED_RicianLOS,Proposed_CA_CNN_RNND,2796,0.41039059683680534,0.33492080122232437,0.07546979794278741,
0,260816,matched,MATCHED_RicianLOS,Proposed_CA_CNN_RNND,2797,0.47770748287439346,0.3831089213490486,0.0945985522121191,
0,260816,matched,MATCHED_RicianLOS,Proposed_CA_CNN_RNND,2798,0.3447079360485077,0.2842355966567993,0.06047234032303095,
0,260816,matched,MATCHED_RicianLOS,Proposed_CA_CNN_RNND,2799,0.2921529524028301,0.25031349062919617,0.04183945944532752,
0,260816,matched,MATCHED_RicianLOS,Proposed_CA_CNN_RNND,2800,0.15396904945373535,0.13811053708195686,0.01585851120762527,-1.134826949490622
0,260816,matched,MATCHED_RicianLOS,Proposed_CA_CNN_RNND,2801,0.28487662971019745,0.24356159567832947,0.041315038688480854,
0,260816,matched,MATCHED_RicianLOS,Proposed_CA_CNN_RNND,2802,0.49004918336868286,0.39617177844047546,0.0938774012029171,
0,260816,matched,MATCHED_RicianLOS,Proposed_CA_CNN_RNND,2803,0.22780467569828033,0.19874459318816662,0.029060083557851613,
0,260816,matched,MATCHED_RicianLOS,Proposed_CA_CNN_RNND,2804,0.28971441462635994,0.247183658182621,0.0425307631958276,
0,260816,matched,MATCHED_RicianLOS,Proposed_CA_CNN_RNND,2805,0.35608139261603355,0.2894815355539322,0.06659985706210136,
0,260816,matched,MATCHED_RicianLOS,Proposed_CA_CNN_RNND,2806,0.4090517908334732,0.3347059562802315,0.07434583269059658,
0,260816,matched,MATCHED_RicianLOS,Proposed_CA_CNN_RNND,2807,0.174349557608366,0.1554696448147297,0.018879912793636322,
0,260816,matched,MATCHED_RicianLOS,Proposed_CA_CNN_RNND,2808,0.4495914354920387,0.36188796907663345,0.08770346082746983,
0,260816,matched,MATCHED_RicianLOS,Proposed_CA_CNN_RNND,2809,0.3870801813900471,0.3144686408340931,0.07261154847219586,
0,260816,matched,MATCHED_RicianLOS,Proposed_CA_CNN_RNND,2810,0.38411860167980194,0.31355468183755875,0.07056392263621092,
0,260816,matched,MATCHED_RicianLOS,Proposed_CA_CNN_RNND,2811,0.3678775876760483,0.30383553728461266,0.06404205085709691,
0,260816,matched,MATCHED_RicianLOS,Proposed_CA_CNN_RNND,2812,0.23318779096007347,0.20242520049214363,0.03076259372755885,
0,260816,matched,MATCHED_RicianLOS,Proposed_CA_CNN_RNND,2813,0.47846151143312454,0.3905999958515167,0.0878615053370595,
0,260816,matched,MATCHED_RicianLOS,Proposed_CA_CNN_RNND,2814,0.3357558436691761,0.2845274955034256,0.051228358410298824,
0,260816,matched,MATCHED_RicianLOS,Proposed_CA_CNN_RNND,2815,0.3067343682050705,0.2626164183020592,0.0441179508343339,
0,260816,matched,MATCHED_RicianLOS,Proposed_CA_CNN_RNND,2816,0.38784248381853104,0.32029296457767487,0.06754951109178364,
0,260816,matched,MATCHED_RicianLOS,Proposed_CA_CNN_RNND,2817,0.2914247401058674,0.2514759637415409,0.03994877077639103,
0,260816,matched,MATCHED_RicianLOS,Proposed_CA_CNN_RNND,2818,0.2722208946943283,0.22947993502020836,0.04274096339941025,
0,260816,matched,MATCHED_RicianLOS,Proposed_CA_CNN_RNND,2819,0.3123667947947979,0.2651246674358845,0.0472421245649457,
0,260816,matched,MATCHED_RicianLOS,Proposed_CA_CNN_RNND,2820,0.4199143797159195,0.3490358851850033,0.07087849779054523,
0,260816,matched,MATCHED_RicianLOS,Proposed_CA_CNN_RNND,2821,0.1749986819922924,0.15667349845170975,0.018325182609260082,
0,260816,matched,MATCHED_RicianLOS,Proposed_CA_CNN_RNND,2822,0.2950051426887512,0.24469373002648354,0.050311402417719364,
0,260816,matched,MATCHED_RicianLOS,Proposed_CA_CNN_RNND,2823,0.35674116015434265,0.2960134446620941,0.0607277131639421,
0,260816,matched,MATCHED_RicianLOS,Proposed_CA_CNN_RNND,2824,0.32393667101860046,0.2672831192612648,0.05665355082601309,
0,260816,matched,MATCHED_RicianLOS,Proposed_CA_CNN_RNND,2825,0.2946939952671528,0.24912764504551888,0.045566351152956486,
0,260816,matched,MATCHED_RicianLOS,Proposed_CA_CNN_RNND,2826,0.35844944044947624,0.3044888749718666,0.05396056966856122,
0,260816,matched,MATCHED_RicianLOS,Proposed_CA_CNN_RNND,2827,0.4141627177596092,0.3454725593328476,0.06869016215205193,
0,260816,matched,MATCHED_RicianLOS,Proposed_CA_CNN_RNND,2828,0.24771458469331264,0.2145931702107191,0.033121414948254824,
0,260816,matched,MATCHED_RicianLOS,Proposed_CA_CNN_RNND,2829,0.4388027861714363,0.3635569214820862,0.07524587353691459,
0,260816,matched,MATCHED_RicianLOS,Proposed_CA_CNN_RNND,2830,0.3094138465821743,0.25461843609809875,0.054795409785583615,
0,260816,matched,MATCHED_RicianLOS,Proposed_CA_CNN_RNND,2831,0.323067307472229,0.2750406078994274,0.048026689793914557,
0,260816,matched,MATCHED_RicianLOS,Proposed_CA_CNN_RNND,2832,0.34299277514219284,0.2822449952363968,0.06074777967296541,
0,260816,matched,MATCHED_RicianLOS,Proposed_CA_CNN_RNND,2833,0.44796226918697357,0.3603624925017357,0.08759977389127016,
0,260816,matched,MATCHED_RicianLOS,Proposed_CA_CNN_RNND,2834,0.24288642406463623,0.20830942317843437,0.034577003214508295,
0,260816,matched,MATCHED_RicianLOS,Proposed_CA_CNN_RNND,2835,0.4050922244787216,0.3334304913878441,0.07166173681616783,
0,260816,matched,MATCHED_RicianLOS,Proposed_CA_CNN_RNND,2836,0.4401068091392517,0.3537220135331154,0.08638480165973306,
0,260816,matched,MATCHED_RicianLOS,Proposed_CA_CNN_RNND,2837,0.22183873131871223,0.19097638502717018,0.030862345825880766,
0,260816,matched,MATCHED_RicianLOS,Proposed_CA_CNN_RNND,2838,0.35759613290429115,0.2920911870896816,0.06550494185648859,
0,260816,matched,MATCHED_RicianLOS,Proposed_CA_CNN_RNND,2839,0.2759447358548641,0.2335544228553772,0.042390311136841774,
0,260816,matched,MATCHED_RicianLOS,Proposed_CA_CNN_RNND,2840,0.3247949704527855,0.2726679593324661,0.0521270134486258,
0,260816,matched,MATCHED_RicianLOS,Proposed_CA_CNN_RNND,2841,0.25332289189100266,0.21712880954146385,0.03619408456142992,
0,260816,matched,MATCHED_RicianLOS,Proposed_CA_CNN_RNND,2842,0.2746405228972435,0.2297816276550293,0.044858901062980294,
0,260816,matched,MATCHED_RicianLOS,Proposed_CA_CNN_RNND,2843,0.42530280351638794,0.3399500995874405,0.08535271510481834,
0,260816,matched,MATCHED_RicianLOS,Proposed_CA_CNN_RNND,2844,0.22845347225666046,0.19952891394495964,0.0289245608728379,
0,260816,matched,MATCHED_RicianLOS,Proposed_CA_CNN_RNND,2845,0.39805660024285316,0.33088934794068336,0.06716725556179881,
0,260816,matched,MATCHED_RicianLOS,Proposed_CA_CNN_RNND,2846,0.3417460434138775,0.2762913219630718,0.06545472703874111,
0,260816,matched,MATCHED_RicianLOS,Proposed_CA_CNN_RNND,2847,0.48011740297079086,0.38049180805683136,0.09962558839470148,
0,260816,matched,MATCHED_RicianLOS,Proposed_CA_CNN_RNND,2848,0.2086708638817072,0.1821652203798294,0.026505648740567267,
0,260816,matched,MATCHED_RicianLOS,Proposed_CA_CNN_RNND,2849,0.4097665213048458,0.3377572372555733,0.07200928870588541,
0,260816,matched,MATCHED_RicianLOS,Proposed_CA_CNN_RNND,2850,0.3267062269151211,0.27752624824643135,0.04917997121810913,
0,260816,matched,MATCHED_RicianLOS,Proposed_CA_CNN_RNND,2851,0.31527283787727356,0.26093029975891113,0.05434253718703985,
0,260816,matched,MATCHED_RicianLOS,Proposed_CA_CNN_RNND,2852,0.3877916820347309,0.32184458523988724,0.06594708282500505,
0,260816,matched,MATCHED_RicianLOS,Proposed_CA_CNN_RNND,2853,0.29545357823371887,0.24432790651917458,0.05112567078322172,
0,260816,matched,MATCHED_RicianLOS,Proposed_CA_CNN_RNND,2854,0.43636706098914146,0.35160183161497116,0.08476523123681545,
0,260816,matched,MATCHED_RicianLOS,Proposed_CA_CNN_RNND,2855,0.3046793043613434,0.2586444839835167,0.04603481572121382,
0,260816,matched,MATCHED_RicianLOS,Proposed_CA_CNN_RNND,2856,0.46120137721300125,0.37349919974803925,0.08770217560231686,
0,260816,matched,MATCHED_RicianLOS,Proposed_CA_CNN_RNND,2857,0.32670100033283234,0.27578598633408546,0.05091502144932747,
0,260816,matched,MATCHED_RicianLOS,Proposed_CA_CNN_RNND,2858,0.29514172300696373,0.2518959529697895,0.04324576887302101,
0,260816,matched,MATCHED_RicianLOS,Proposed_CA_CNN_RNND,2859,0.36640311032533646,0.30176958814263344,0.06463352288119495,
0,260816,matched,MATCHED_RicianLOS,Proposed_CA_CNN_RNND,2860,0.2936241813004017,0.24795926362276077,0.04566491208970547,
0,260816,matched,MATCHED_RicianLOS,Proposed_CA_CNN_RNND,2861,0.40497613698244095,0.3328551612794399,0.07212098222225904,
0,260816,matched,MATCHED_RicianLOS,Proposed_CA_CNN_RNND,2862,0.3963220827281475,0.3238743543624878,0.07244773698039353,
0,260816,matched,MATCHED_RicianLOS,Proposed_CA_CNN_RNND,2863,0.2293590046465397,0.20018768310546875,0.029171323869377375,
0,260816,matched,MATCHED_RicianLOS,Proposed_CA_CNN_RNND,2864,0.36634423211216927,0.2993624061346054,0.06698183761909604,
0,260816,matched,MATCHED_RicianLOS,Proposed_CA_CNN_RNND,2865,0.3743616119027138,0.30865685641765594,0.06570475175976753,
0,260816,matched,MATCHED_RicianLOS,Proposed_CA_CNN_RNND,2866,0.5046758502721786,0.41369152069091797,0.09098432771861553,
0,260816,matched,MATCHED_RicianLOS,Proposed_CA_CNN_RNND,2867,0.2681647427380085,0.23159674555063248,0.03656798880547285,
0,260816,matched,MATCHED_RicianLOS,Proposed_CA_CNN_RNND,2868,0.37661736086010933,0.3091799020767212,0.06743745598942041,
0,260816,matched,MATCHED_RicianLOS,Proposed_CA_CNN_RNND,2869,0.48730724304914474,0.38982074707746506,0.09748650528490543,
0,260816,matched,MATCHED_RicianLOS,Proposed_CA_CNN_RNND,2870,0.29890571907162666,0.2560425251722336,0.04286318994127214,
0,260816,matched,MATCHED_RicianLOS,Proposed_CA_CNN_RNND,2871,0.4357145056128502,0.3572601042687893,0.07845440693199635,
0,260816,matched,MATCHED_RicianLOS,Proposed_CA_CNN_RNND,2872,0.45027779042720795,0.36375531554222107,0.0865224851295352,
0,260816,matched,MATCHED_RicianLOS,Proposed_CA_CNN_RNND,2873,0.3382112346589565,0.27863280288875103,0.05957843340002,
0,260816,matched,MATCHED_RicianLOS,Proposed_CA_CNN_RNND,2874,0.2684973478317261,0.22016539610922337,0.048331950209103525,
0,260816,matched,MATCHED_RicianLOS,Proposed_CA_CNN_RNND,2875,0.37371084839105606,0.3037126027047634,0.06999825267121196,
0,260816,matched,MATCHED_RicianLOS,Proposed_CA_CNN_RNND,2876,0.40065693110227585,0.33808813616633415,0.0625687949359417,
0,260816,matched,MATCHED_RicianLOS,Proposed_CA_CNN_RNND,2877,0.4710890203714371,0.380549855530262,0.09053916484117508,
0,260816,matched,MATCHED_RicianLOS,Proposed_CA_CNN_RNND,2878,0.390692513436079,0.3165317829698324,0.07416072976775467,
0,260816,matched,MATCHED_RicianLOS,Proposed_CA_CNN_RNND,2879,0.4092577323317528,0.3306947834789753,0.07856294699013233,
0,260816,matched,MATCHED_RicianLOS,Proposed_CA_CNN_RNND,2880,0.39812924340367317,0.3255050294101238,0.0726242121309042,
0,260816,matched,MATCHED_RicianLOS,Proposed_CA_CNN_RNND,2881,0.4123223125934601,0.3364621698856354,0.07586014550179243,
0,260816,matched,MATCHED_RicianLOS,Proposed_CA_CNN_RNND,2882,0.22075897455215454,0.1966322734951973,0.024126697797328234,
0,260816,matched,MATCHED_RicianLOS,Proposed_CA_CNN_RNND,2883,0.3376733660697937,0.2833661884069443,0.054307171143591404,
0,260816,matched,MATCHED_RicianLOS,Proposed_CA_CNN_RNND,2884,0.3507934957742691,0.29035403579473495,0.060439462307840586,
0,260816,matched,MATCHED_RicianLOS,Proposed_CA_CNN_RNND,2885,0.27240222692489624,0.24231251701712608,0.03008970944210887,
0,260816,matched,MATCHED_RicianLOS,Proposed_CA_CNN_RNND,2886,0.2937832474708557,0.25487687066197395,0.03890638193115592,
0,260816,matched,MATCHED_RicianLOS,Proposed_CA_CNN_RNND,2887,0.43397704511880875,0.3534451648592949,0.08053188538178802,
0,260816,matched,MATCHED_RicianLOS,Proposed_CA_CNN_RNND,2888,0.40737051889300346,0.332756944000721,0.0746135818772018,
0,260816,matched,MATCHED_RicianLOS,Proposed_CA_CNN_RNND,2889,0.4647831916809082,0.3733770176768303,0.09140616515651345,
0,260816,matched,MATCHED_RicianLOS,Proposed_CA_CNN_RNND,2890,0.343145664781332,0.285976305603981,0.05716935824602842,
0,260816,matched,MATCHED_RicianLOS,Proposed_CA_CNN_RNND,2891,0.5069986395537853,0.40542830526828766,0.10157033894211054,
0,260816,matched,MATCHED_RicianLOS,Proposed_CA_CNN_RNND,2892,0.5565645396709442,0.4355456456542015,0.1210188940167427,
0,260816,matched,MATCHED_RicianLOS,Proposed_CA_CNN_RNND,2893,0.3747946619987488,0.30755141749978065,0.06724324775859714,
0,260816,matched,MATCHED_RicianLOS,Proposed_CA_CNN_RNND,2894,0.24505870044231415,0.21194801479578018,0.03311068378388882,
0,260816,matched,MATCHED_RicianLOS,Proposed_CA_CNN_RNND,2895,0.3280770517885685,0.2744636610150337,0.0536133972927928,
0,260816,matched,MATCHED_RicianLOS,Proposed_CA_CNN_RNND,2896,0.41360393911600113,0.3330433703958988,0.08056056499481201,
0,260816,matched,MATCHED_RicianLOS,Proposed_CA_CNN_RNND,2897,0.31260135024785995,0.2600504867732525,0.05255086254328489,
0,260816,matched,MATCHED_RicianLOS,Proposed_CA_CNN_RNND,2898,0.25510673969984055,0.223151795566082,0.03195493924431503,
0,260816,matched,MATCHED_RicianLOS,Proposed_CA_CNN_RNND,2899,0.37458471208810806,0.3103155270218849,0.064269186463207,
0,260816,matched,MATCHED_RicianLOS,Proposed_CA_CNN_RNND,2900,0.37468499690294266,0.31144352443516254,0.06324146268889308,
0,260816,matched,MATCHED_RicianLOS,Proposed_CA_CNN_RNND,2901,0.4008640758693218,0.32700546085834503,0.07385861733928323,
0,260816,matched,MATCHED_RicianLOS,Proposed_CA_CNN_RNND,2902,0.2282544169574976,0.20173259638249874,0.02652182593010366,
0,260816,matched,MATCHED_RicianLOS,Proposed_CA_CNN_RNND,2903,0.41500887274742126,0.33525828272104263,0.07975058630108833,
0,260816,matched,MATCHED_RicianLOS,Proposed_CA_CNN_RNND,2904,0.42445243895053864,0.3489465620368719,0.07550587551668286,
0,260816,matched,MATCHED_RicianLOS,Proposed_CA_CNN_RNND,2905,0.4566865712404251,0.36370088160037994,0.0929856700822711,
0,260816,matched,MATCHED_RicianLOS,Proposed_CA_CNN_RNND,2906,0.4298824146389961,0.34619367867708206,0.08368873968720436,
0,260816,matched,MATCHED_RicianLOS,Proposed_CA_CNN_RNND,2907,0.39457617327570915,0.33315351605415344,0.061422654427587986,
0,260816,matched,MATCHED_RicianLOS,Proposed_CA_CNN_RNND,2908,0.33433670178055763,0.27726706117391586,0.05706963990814984,
0,260816,matched,MATCHED_RicianLOS,Proposed_CA_CNN_RNND,2909,0.3374234810471535,0.2846316322684288,0.052791854832321405,
0,260816,matched,MATCHED_RicianLOS,Proposed_CA_CNN_RNND,2910,0.41365641355514526,0.3387961834669113,0.0748602356761694,
0,260816,matched,MATCHED_RicianLOS,Proposed_CA_CNN_RNND,2911,0.30905772373080254,0.25964129716157913,0.049416438676416874,
0,260816,matched,MATCHED_RicianLOS,Proposed_CA_CNN_RNND,2912,0.36409105733036995,0.30309759825468063,0.060993464663624763,
0,260816,matched,MATCHED_RicianLOS,Proposed_CA_CNN_RNND,2913,0.2874077036976814,0.2385443802922964,0.04886331828311086,
0,260816,matched,MATCHED_RicianLOS,Proposed_CA_CNN_RNND,2914,0.4773027002811432,0.3841139152646065,0.09318879060447216,
0,260816,matched,MATCHED_RicianLOS,Proposed_CA_CNN_RNND,2915,0.3077205903828144,0.251455333083868,0.056265263352543116,
0,260816,matched,MATCHED_RicianLOS,Proposed_CA_CNN_RNND,2916,0.4464451000094414,0.3597284145653248,0.08671668078750372,
0,260816,matched,MATCHED_RicianLOS,Proposed_CA_CNN_RNND,2917,0.3248378038406372,0.27430521696805954,0.050532583612948656,
0,260816,matched,MATCHED_RicianLOS,Proposed_CA_CNN_RNND,2918,0.3244367726147175,0.2726733051240444,0.051763466908596456,
0,260816,matched,MATCHED_RicianLOS,Proposed_CA_CNN_RNND,2919,0.1765199564397335,0.16182994097471237,0.014690015348605812,
0,260816,matched,MATCHED_RicianLOS,Proposed_CA_CNN_RNND,2920,0.47710904106497765,0.3877675086259842,0.08934153662994504,
0,260816,matched,MATCHED_RicianLOS,Proposed_CA_CNN_RNND,2921,0.24238105490803719,0.20755735598504543,0.0348236970603466,
0,260816,matched,MATCHED_RicianLOS,Proposed_CA_CNN_RNND,2922,0.27880890667438507,0.23570741340517998,0.043101489543914795,
0,260816,matched,MATCHED_RicianLOS,Proposed_CA_CNN_RNND,2923,0.5046945214271545,0.3998960554599762,0.10479846689850092,
0,260816,matched,MATCHED_RicianLOS,Proposed_CA_CNN_RNND,2924,0.36386218294501305,0.30400703847408295,0.05985514400526881,
0,260816,matched,MATCHED_RicianLOS,Proposed_CA_CNN_RNND,2925,0.23894302174448967,0.2116883173584938,0.027254703687503934,
0,260816,matched,MATCHED_RicianLOS,Proposed_CA_CNN_RNND,2926,0.4259210303425789,0.3417590484023094,0.08416198566555977,
0,260816,matched,MATCHED_RicianLOS,Proposed_CA_CNN_RNND,2927,0.2970072366297245,0.24971482902765274,0.047292405273765326,
0,260816,matched,MATCHED_RicianLOS,Proposed_CA_CNN_RNND,2928,0.32464467361569405,0.2687232494354248,0.0559214293025434,
0,260816,matched,MATCHED_RicianLOS,Proposed_CA_CNN_RNND,2929,0.2824575640261173,0.2423596754670143,0.04009789298288524,
0,260816,matched,MATCHED_RicianLOS,Proposed_CA_CNN_RNND,2930,0.2888724096119404,0.2499319203197956,0.0389404883608222,
0,260816,matched,MATCHED_RicianLOS,Proposed_CA_CNN_RNND,2931,0.2870681583881378,0.24781598523259163,0.039252176182344556,
0,260816,matched,MATCHED_RicianLOS,Proposed_CA_CNN_RNND,2932,0.47833213955163956,0.37981726229190826,0.09851487365085632,
0,260816,matched,MATCHED_RicianLOS,Proposed_CA_CNN_RNND,2933,0.40744251757860184,0.335625771433115,0.07181674614548683,
0,260816,matched,MATCHED_RicianLOS,Proposed_CA_CNN_RNND,2934,0.38707783818244934,0.3180655539035797,0.06901228940114379,
0,260816,matched,MATCHED_RicianLOS,Proposed_CA_CNN_RNND,2935,0.4251449257135391,0.3459986746311188,0.07914625108242035,
0,260816,matched,MATCHED_RicianLOS,Proposed_CA_CNN_RNND,2936,0.2775954008102417,0.24010859802365303,0.03748680790886283,
0,260816,matched,MATCHED_RicianLOS,Proposed_CA_CNN_RNND,2937,0.42332349717617035,0.34364987909793854,0.07967361435294151,
0,260816,matched,MATCHED_RicianLOS,Proposed_CA_CNN_RNND,2938,0.36264851689338684,0.3014286942780018,0.0612198282033205,
0,260816,matched,MATCHED_RicianLOS,Proposed_CA_CNN_RNND,2939,0.3021417260169983,0.24904061667621136,0.05310110794380307,
0,260816,matched,MATCHED_RicianLOS,Proposed_CA_CNN_RNND,2940,0.2223469279706478,0.19506167620420456,0.027285255724564195,
0,260816,matched,MATCHED_RicianLOS,Proposed_CA_CNN_RNND,2941,0.3715142384171486,0.3062411844730377,0.06527304439805448,
0,260816,matched,MATCHED_RicianLOS,Proposed_CA_CNN_RNND,2942,0.4025968089699745,0.3324149437248707,0.07018186198547482,
0,260816,matched,MATCHED_RicianLOS,Proposed_CA_CNN_RNND,2943,0.4059652164578438,0.33984963595867157,0.06611557677388191,
0,260816,matched,MATCHED_RicianLOS,Proposed_CA_CNN_RNND,2944,0.3429676964879036,0.285825252532959,0.057142440462484956,
0,260816,matched,MATCHED_RicianLOS,Proposed_CA_CNN_RNND,2945,0.27795901522040367,0.23708418011665344,0.04087483894545585,
0,260816,matched,MATCHED_RicianLOS,Proposed_CA_CNN_RNND,2946,0.4233041778206825,0.34945737570524216,0.07384680397808552,
0,260816,matched,MATCHED_RicianLOS,Proposed_CA_CNN_RNND,2947,0.43397974967956543,0.35574302822351456,0.07823672611266375,
0,260816,matched,MATCHED_RicianLOS,Proposed_CA_CNN_RNND,2948,0.47383393347263336,0.3812580481171608,0.09257588721811771,
0,260816,matched,MATCHED_RicianLOS,Proposed_CA_CNN_RNND,2949,0.34894420951604843,0.29667311161756516,0.05227110115811229,
0,260816,matched,MATCHED_RicianLOS,Proposed_CA_CNN_RNND,2950,0.4045789837837219,0.3284691944718361,0.07610979024320841,
0,260816,matched,MATCHED_RicianLOS,Proposed_CA_CNN_RNND,2951,0.34854601696133614,0.28136400505900383,0.06718201795592904,
0,260816,matched,MATCHED_RicianLOS,Proposed_CA_CNN_RNND,2952,0.33024735003709793,0.2826971784234047,0.0475501655600965,
0,260816,matched,MATCHED_RicianLOS,Proposed_CA_CNN_RNND,2953,0.5729614198207855,0.44909337908029556,0.12386802583932877,
0,260816,matched,MATCHED_RicianLOS,Proposed_CA_CNN_RNND,2954,0.44150659441947937,0.3611031249165535,0.08040347881615162,
0,260816,matched,MATCHED_RicianLOS,Proposed_CA_CNN_RNND,2955,0.45755838230252266,0.3679586872458458,0.08959970530122519,
0,260816,matched,MATCHED_RicianLOS,Proposed_CA_CNN_RNND,2956,0.3693189471960068,0.30399657040834427,0.0653223767876625,
0,260816,matched,MATCHED_RicianLOS,Proposed_CA_CNN_RNND,2957,0.31528668850660324,0.265797670930624,0.049489010125398636,
0,260816,matched,MATCHED_RicianLOS,Proposed_CA_CNN_RNND,2958,0.16984092071652412,0.1464393176138401,0.02340160356834531,
0,260816,matched,MATCHED_RicianLOS,Proposed_CA_CNN_RNND,2959,0.3434344753623009,0.28909026086330414,0.05434420891106129,
0,260816,matched,MATCHED_RicianLOS,Proposed_CA_CNN_RNND,2960,0.3597085662186146,0.2967947944998741,0.06291377544403076,
0,260816,matched,MATCHED_RicianLOS,Proposed_CA_CNN_RNND,2961,0.4200773164629936,0.3436470031738281,0.07643032539635897,
0,260816,matched,MATCHED_RicianLOS,Proposed_CA_CNN_RNND,2962,0.35991643369197845,0.30073637142777443,0.059180064825341105,
0,260816,matched,MATCHED_RicianLOS,Proposed_CA_CNN_RNND,2963,0.26703157275915146,0.22968624532222748,0.037345332093536854,
0,260816,matched,MATCHED_RicianLOS,Proposed_CA_CNN_RNND,2964,0.22675850614905357,0.1985570378601551,0.028201469918712974,
0,260816,matched,MATCHED_RicianLOS,Proposed_CA_CNN_RNND,2965,0.3085841089487076,0.261912913993001,0.046671194955706596,
0,260816,matched,MATCHED_RicianLOS,Proposed_CA_CNN_RNND,2966,0.37102915719151497,0.30681395158171654,0.06421520747244358,
0,260816,matched,MATCHED_RicianLOS,Proposed_CA_CNN_RNND,2967,0.44256994500756264,0.3582242839038372,0.08434565761126578,
0,260816,matched,MATCHED_RicianLOS,Proposed_CA_CNN_RNND,2968,0.2787162810564041,0.24554897472262383,0.03316730842925608,
0,260816,matched,MATCHED_RicianLOS,Proposed_CA_CNN_RNND,2969,0.4293414708226919,0.3472382239997387,0.08210325031541288,
0,260816,matched,MATCHED_RicianLOS,Proposed_CA_CNN_RNND,2970,0.2803296744823456,0.24431615695357323,0.03601351473480463,
0,260816,matched,MATCHED_RicianLOS,Proposed_CA_CNN_RNND,2971,0.37607263028621674,0.3109078109264374,0.06516482122242451,
0,260816,matched,MATCHED_RicianLOS,Proposed_CA_CNN_RNND,2972,0.27473740838468075,0.2282248456031084,0.04651256324723363,
0,260816,matched,MATCHED_RicianLOS,Proposed_CA_CNN_RNND,2973,0.43432728201150894,0.3541960045695305,0.08013127744197845,
0,260816,matched,MATCHED_RicianLOS,Proposed_CA_CNN_RNND,2974,0.3063756749033928,0.25705892220139503,0.049316746182739735,
0,260816,matched,MATCHED_RicianLOS,Proposed_CA_CNN_RNND,2975,0.49920395761728287,0.40170884132385254,0.09749513026326895,
0,260816,matched,MATCHED_RicianLOS,Proposed_CA_CNN_RNND,2976,0.4265318810939789,0.35330257564783096,0.07322930172085762,
0,260816,matched,MATCHED_RicianLOS,Proposed_CA_CNN_RNND,2977,0.20060736313462257,0.1763392761349678,0.024268088396638632,
0,260816,matched,MATCHED_RicianLOS,Proposed_CA_CNN_RNND,2978,0.47960512712597847,0.3820059597492218,0.09759915433824062,
0,260816,matched,MATCHED_RicianLOS,Proposed_CA_CNN_RNND,2979,0.3828539438545704,0.31550993770360947,0.06734401569701731,
0,260816,matched,MATCHED_RicianLOS,Proposed_CA_CNN_RNND,2980,0.3275773152709007,0.27149302139878273,0.05608429340645671,
0,260816,matched,MATCHED_RicianLOS,Proposed_CA_CNN_RNND,2981,0.44268327578902245,0.3566332496702671,0.08605003671254963,
0,260816,matched,MATCHED_RicianLOS,Proposed_CA_CNN_RNND,2982,0.3604075387120247,0.3013734146952629,0.05903412657789886,
0,260816,matched,MATCHED_RicianLOS,Proposed_CA_CNN_RNND,2983,0.23826802521944046,0.20971336215734482,0.028554660733789206,
0,260816,matched,MATCHED_RicianLOS,Proposed_CA_CNN_RNND,2984,0.2120056115090847,0.18509115651249886,0.026914452901110053,
0,260816,matched,MATCHED_RicianLOS,Proposed_CA_CNN_RNND,2985,0.3271384872496128,0.27401771023869514,0.053120780270546675,
0,260816,matched,MATCHED_RicianLOS,Proposed_CA_CNN_RNND,2986,0.33087028935551643,0.281128142029047,0.049742138013243675,
0,260816,matched,MATCHED_RicianLOS,Proposed_CA_CNN_RNND,2987,0.2741028442978859,0.23361710458993912,0.04048573586624116,
0,260816,matched,MATCHED_RicianLOS,Proposed_CA_CNN_RNND,2988,0.3357429914176464,0.2814015746116638,0.054341415874660015,
0,260816,matched,MATCHED_RicianLOS,Proposed_CA_CNN_RNND,2989,0.36278364062309265,0.3032405227422714,0.059543113224208355,
0,260816,matched,MATCHED_RicianLOS,Proposed_CA_CNN_RNND,2990,0.4015755280852318,0.33040769398212433,0.07116783130913973,
0,260816,matched,MATCHED_RicianLOS,Proposed_CA_CNN_RNND,2991,0.3558325693011284,0.291369516402483,0.06446304824203253,
0,260816,matched,MATCHED_RicianLOS,Proposed_CA_CNN_RNND,2992,0.22790434584021568,0.19793870113790035,0.029965642374008894,
0,260816,matched,MATCHED_RicianLOS,Proposed_CA_CNN_RNND,2993,0.3476199507713318,0.28839296475052834,0.05922699114307761,
0,260816,matched,MATCHED_RicianLOS,Proposed_CA_CNN_RNND,2994,0.47933565080165863,0.3894946798682213,0.08984096627682447,
0,260816,matched,MATCHED_RicianLOS,Proposed_CA_CNN_RNND,2995,0.32081639766693115,0.2699032165110111,0.05091317696496844,
0,260816,matched,MATCHED_RicianLOS,Proposed_CA_CNN_RNND,2996,0.29109008982777596,0.24775100126862526,0.043339092284440994,
0,260816,matched,MATCHED_RicianLOS,Proposed_CA_CNN_RNND,2997,0.46477605029940605,0.3777770698070526,0.08699897187761962,
0,260816,matched,MATCHED_RicianLOS,Proposed_CA_CNN_RNND,2998,0.2962649017572403,0.2541145794093609,0.04215032886713743,
0,260816,matched,MATCHED_RicianLOS,Proposed_CA_CNN_RNND,2999,0.3062514178454876,0.259509501978755,0.046741918195039034,
0,260816,matched,MATCHED_RicianLOS,Proposed_CA_CNN_RNND,3000,0.34204984083771706,0.28535979241132736,0.05669004190713167,-1.1379365129911436
0,260816,matched,MATCHED_RicianLOS,Proposed_CA_CNN_RNND,3001,0.3499920815229416,0.2849540300667286,0.06503804447129369,
0,260816,matched,MATCHED_RicianLOS,Proposed_CA_CNN_RNND,3002,0.3077442944049835,0.2529795356094837,0.05476475786417723,
0,260816,matched,MATCHED_RicianLOS,Proposed_CA_CNN_RNND,3003,0.3998195007443428,0.32869938015937805,0.071120111271739,
0,260816,matched,MATCHED_RicianLOS,Proposed_CA_CNN_RNND,3004,0.46565909683704376,0.3790608048439026,0.08659829571843147,
0,260816,matched,MATCHED_RicianLOS,Proposed_CA_CNN_RNND,3005,0.3042023852467537,0.26026636734604836,0.0439360230229795,
0,260816,matched,MATCHED_RicianLOS,Proposed_CA_CNN_RNND,3006,0.3987835571169853,0.32435935363173485,0.0744241988286376,
0,260816,matched,MATCHED_RicianLOS,Proposed_CA_CNN_RNND,3007,0.3993232250213623,0.3250497877597809,0.07427343912422657,
0,260816,matched,MATCHED_RicianLOS,Proposed_CA_CNN_RNND,3008,0.41089697927236557,0.33764108270406723,0.07325590588152409,
0,260816,matched,MATCHED_RicianLOS,Proposed_CA_CNN_RNND,3009,0.41167937591671944,0.34100040048360825,0.07067897263914347,
0,260816,matched,MATCHED_RicianLOS,Proposed_CA_CNN_RNND,3010,0.41403839737176895,0.33913177996873856,0.07490661693736911,
0,260816,matched,MATCHED_RicianLOS,Proposed_CA_CNN_RNND,3011,0.34802907332777977,0.2910221591591835,0.05700691090896726,
0,260816,matched,MATCHED_RicianLOS,Proposed_CA_CNN_RNND,3012,0.40798045694828033,0.3276793956756592,0.08030105149373412,
0,260816,matched,MATCHED_RicianLOS,Proposed_CA_CNN_RNND,3013,0.40526098757982254,0.3284963145852089,0.07676466926932335,
0,260816,matched,MATCHED_RicianLOS,Proposed_CA_CNN_RNND,3014,0.474027618765831,0.3770800679922104,0.09694753540679812,
0,260816,matched,MATCHED_RicianLOS,Proposed_CA_CNN_RNND,3015,0.4075515940785408,0.3357313945889473,0.07182020042091608,
0,260816,matched,MATCHED_RicianLOS,Proposed_CA_CNN_RNND,3016,0.3658168129622936,0.30843115225434303,0.057385671185329556,
0,260816,matched,MATCHED_RicianLOS,Proposed_CA_CNN_RNND,3017,0.3466624654829502,0.2912331372499466,0.055429329397156835,
0,260816,matched,MATCHED_RicianLOS,Proposed_CA_CNN_RNND,3018,0.34596725553274155,0.2865750528872013,0.05939220334403217,
0,260816,matched,MATCHED_RicianLOS,Proposed_CA_CNN_RNND,3019,0.49082576483488083,0.399579681456089,0.09124607779085636,
0,260816,matched,MATCHED_RicianLOS,Proposed_CA_CNN_RNND,3020,0.4018622189760208,0.33029934763908386,0.0715628694742918,
0,260816,matched,MATCHED_RicianLOS,Proposed_CA_CNN_RNND,3021,0.3324284367263317,0.27813928201794624,0.05428915098309517,
0,260816,matched,MATCHED_RicianLOS,Proposed_CA_CNN_RNND,3022,0.3266407512128353,0.2647016607224941,0.06193908583372831,
0,260816,matched,MATCHED_RicianLOS,Proposed_CA_CNN_RNND,3023,0.30187954008579254,0.2498420886695385,0.05203745886683464,
0,260816,matched,MATCHED_RicianLOS,Proposed_CA_CNN_RNND,3024,0.422073096036911,0.34456098079681396,0.07751211989670992,
0,260816,matched,MATCHED_RicianLOS,Proposed_CA_CNN_RNND,3025,0.25678612664341927,0.22571556642651558,0.03107055462896824,
0,260816,matched,MATCHED_RicianLOS,Proposed_CA_CNN_RNND,3026,0.2859431989490986,0.2401512749493122,0.04579192283563316,
0,260816,matched,MATCHED_RicianLOS,Proposed_CA_CNN_RNND,3027,0.30631860718131065,0.2635448984801769,0.042773705907166004,
0,260816,matched,MATCHED_RicianLOS,Proposed_CA_CNN_RNND,3028,0.36662812158465385,0.30072831362485886,0.06589979992713779,
0,260816,matched,MATCHED_RicianLOS,Proposed_CA_CNN_RNND,3029,0.3165789321064949,0.26524563878774643,0.05133328307420015,
0,260816,matched,MATCHED_RicianLOS,Proposed_CA_CNN_RNND,3030,0.37858232110738754,0.31781425327062607,0.0607680669054389,
0,260816,matched,MATCHED_RicianLOS,Proposed_CA_CNN_RNND,3031,0.44907601550221443,0.3639614135026932,0.08511459873989224,
0,260816,matched,MATCHED_RicianLOS,Proposed_CA_CNN_RNND,3032,0.27046874165534973,0.22919756919145584,0.041271167574450374,
0,260816,matched,MATCHED_RicianLOS,Proposed_CA_CNN_RNND,3033,0.35199878364801407,0.2980528995394707,0.053945887833833694,
0,260816,matched,MATCHED_RicianLOS,Proposed_CA_CNN_RNND,3034,0.23341429978609085,0.2052265889942646,0.028187716845422983,
0,260816,matched,MATCHED_RicianLOS,Proposed_CA_CNN_RNND,3035,0.37885189428925514,0.3133557438850403,0.06549614854156971,
0,260816,matched,MATCHED_RicianLOS,Proposed_CA_CNN_RNND,3036,0.21050042286515236,0.1859891712665558,0.02451125718653202,
0,260816,matched,MATCHED_RicianLOS,Proposed_CA_CNN_RNND,3037,0.28493470326066017,0.24193720147013664,0.04299750551581383,
0,260816,matched,MATCHED_RicianLOS,Proposed_CA_CNN_RNND,3038,0.4375547841191292,0.3521954044699669,0.08535938942804933,
0,260816,matched,MATCHED_RicianLOS,Proposed_CA_CNN_RNND,3039,0.27418994158506393,0.23004847764968872,0.044141467893496156,
0,260816,matched,MATCHED_RicianLOS,Proposed_CA_CNN_RNND,3040,0.3123813271522522,0.2674916759133339,0.04488965403288603,
0,260816,matched,MATCHED_RicianLOS,Proposed_CA_CNN_RNND,3041,0.2339295707643032,0.2078072838485241,0.026122283306904137,
0,260816,matched,MATCHED_RicianLOS,Proposed_CA_CNN_RNND,3042,0.311045590788126,0.2657139003276825,0.04533169139176607,
0,260816,matched,MATCHED_RicianLOS,Proposed_CA_CNN_RNND,3043,0.4107215143740177,0.33100829273462296,0.07971321512013674,
0,260816,matched,MATCHED_RicianLOS,Proposed_CA_CNN_RNND,3044,0.4387822672724724,0.360321581363678,0.07846068544313312,
0,260816,matched,MATCHED_RicianLOS,Proposed_CA_CNN_RNND,3045,0.2662302367389202,0.2270110435783863,0.03921919874846935,
0,260816,matched,MATCHED_RicianLOS,Proposed_CA_CNN_RNND,3046,0.38722361624240875,0.3257889375090599,0.061434680595993996,
0,260816,matched,MATCHED_RicianLOS,Proposed_CA_CNN_RNND,3047,0.35578199103474617,0.29863465949893,0.05714733758941293,
0,260816,matched,MATCHED_RicianLOS,Proposed_CA_CNN_RNND,3048,0.43558192253112793,0.35615070536732674,0.07943122554570436,
0,260816,matched,MATCHED_RicianLOS,Proposed_CA_CNN_RNND,3049,0.3020506799221039,0.2540160194039345,0.0480346605181694,
0,260816,matched,MATCHED_RicianLOS,Proposed_CA_CNN_RNND,3050,0.23554841428995132,0.20748721808195114,0.02806119481101632,
0,260816,matched,MATCHED_RicianLOS,Proposed_CA_CNN_RNND,3051,0.4042179435491562,0.328794427216053,0.07542351260781288,
0,260816,matched,MATCHED_RicianLOS,Proposed_CA_CNN_RNND,3052,0.3244287967681885,0.27618610113859177,0.04824269376695156,
0,260816,matched,MATCHED_RicianLOS,Proposed_CA_CNN_RNND,3053,0.3595391511917114,0.3020123653113842,0.057526782620698214,
0,260816,matched,MATCHED_RicianLOS,Proposed_CA_CNN_RNND,3054,0.5395764410495758,0.43242841958999634,0.10714803077280521,
0,260816,matched,MATCHED_RicianLOS,Proposed_CA_CNN_RNND,3055,0.3159882090985775,0.26995308697223663,0.046035122126340866,
0,260816,matched,MATCHED_RicianLOS,Proposed_CA_CNN_RNND,3056,0.34470902755856514,0.28993403911590576,0.05477498332038522,
0,260816,matched,MATCHED_RicianLOS,Proposed_CA_CNN_RNND,3057,0.3527847044169903,0.288746926933527,0.06403776910156012,
0,260816,matched,MATCHED_RicianLOS,Proposed_CA_CNN_RNND,3058,0.23419206216931343,0.2057385817170143,0.02845347742550075,
0,260816,matched,MATCHED_RicianLOS,Proposed_CA_CNN_RNND,3059,0.27182501927018166,0.2323877066373825,0.03943731705658138,
0,260816,matched,MATCHED_RicianLOS,Proposed_CA_CNN_RNND,3060,0.3212502710521221,0.2698979899287224,0.05135229090228677,
0,260816,matched,MATCHED_RicianLOS,Proposed_CA_CNN_RNND,3061,0.46466174721717834,0.38027287274599075,0.08438887167721987,
0,260816,matched,MATCHED_RicianLOS,Proposed_CA_CNN_RNND,3062,0.30290023051202297,0.254222409799695,0.04867781884968281,
0,260816,matched,MATCHED_RicianLOS,Proposed_CA_CNN_RNND,3063,0.29484289698302746,0.24580784887075424,0.04903504846151918,
0,260816,matched,MATCHED_RicianLOS,Proposed_CA_CNN_RNND,3064,0.4770268201828003,0.38147126883268356,0.09555555880069733,
0,260816,matched,MATCHED_RicianLOS,Proposed_CA_CNN_RNND,3065,0.2994708679616451,0.2512705959379673,0.04820027016103268,
0,260816,matched,MATCHED_RicianLOS,Proposed_CA_CNN_RNND,3066,0.4137757234275341,0.33356204256415367,0.08021367574110627,
0,260816,matched,MATCHED_RicianLOS,Proposed_CA_CNN_RNND,3067,0.35366150736808777,0.2929060608148575,0.060755448415875435,
0,260816,matched,MATCHED_RicianLOS,Proposed_CA_CNN_RNND,3068,0.3402640298008919,0.2800818979740143,0.060182129964232445,
0,260816,matched,MATCHED_RicianLOS,Proposed_CA_CNN_RNND,3069,0.1689363308250904,0.15467804670333862,0.014258287963457406,
0,260816,matched,MATCHED_RicianLOS,Proposed_CA_CNN_RNND,3070,0.19161677919328213,0.1729304175823927,0.018686360912397504,
0,260816,matched,MATCHED_RicianLOS,Proposed_CA_CNN_RNND,3071,0.28897198662161827,0.24402710050344467,0.04494489263743162,
0,260816,matched,MATCHED_RicianLOS,Proposed_CA_CNN_RNND,3072,0.23659076169133186,0.20960166305303574,0.026989103527739644,
0,260816,matched,MATCHED_RicianLOS,Proposed_CA_CNN_RNND,3073,0.3733486160635948,0.30805177614092827,0.065296845510602,
0,260816,matched,MATCHED_RicianLOS,Proposed_CA_CNN_RNND,3074,0.22026440873742104,0.195087518543005,0.02517689182423055,
0,260816,matched,MATCHED_RicianLOS,Proposed_CA_CNN_RNND,3075,0.31196118891239166,0.2637339308857918,0.048227249877527356,
0,260816,matched,MATCHED_RicianLOS,Proposed_CA_CNN_RNND,3076,0.24884502962231636,0.21294359117746353,0.035901440773159266,
0,260816,matched,MATCHED_RicianLOS,Proposed_CA_CNN_RNND,3077,0.4065582826733589,0.3333996459841728,0.07315864134579897,
0,260816,matched,MATCHED_RicianLOS,Proposed_CA_CNN_RNND,3078,0.20205971226096153,0.18232327699661255,0.01973643316887319,
0,260816,matched,MATCHED_RicianLOS,Proposed_CA_CNN_RNND,3079,0.48046209663152695,0.3868691995739937,0.09359288588166237,
0,260816,matched,MATCHED_RicianLOS,Proposed_CA_CNN_RNND,3080,0.4542297050356865,0.3707434684038162,0.08348623104393482,
0,260816,matched,MATCHED_RicianLOS,Proposed_CA_CNN_RNND,3081,0.22264912724494934,0.19335909187793732,0.029290036531165242,
0,260816,matched,MATCHED_RicianLOS,Proposed_CA_CNN_RNND,3082,0.1934131160378456,0.17161955870687962,0.021793557098135352,
0,260816,matched,MATCHED_RicianLOS,Proposed_CA_CNN_RNND,3083,0.34146101400256157,0.28727708756923676,0.05418393760919571,
0,260816,matched,MATCHED_RicianLOS,Proposed_CA_CNN_RNND,3084,0.3664873093366623,0.30302008613944054,0.06346723483875394,
0,260816,matched,MATCHED_RicianLOS,Proposed_CA_CNN_RNND,3085,0.41588129475712776,0.33941882476210594,0.07646247278898954,
0,260816,matched,MATCHED_RicianLOS,Proposed_CA_CNN_RNND,3086,0.36992862075567245,0.30532950162887573,0.064599116332829,
0,260816,matched,MATCHED_RicianLOS,Proposed_CA_CNN_RNND,3087,0.40904736518859863,0.33781134337186813,0.07123602367937565,
0,260816,matched,MATCHED_RicianLOS,Proposed_CA_CNN_RNND,3088,0.2561914902180433,0.2237473800778389,0.032444110489450395,
0,260816,matched,MATCHED_RicianLOS,Proposed_CA_CNN_RNND,3089,0.35322655737400055,0.29587457329034805,0.0573519803583622,
0,260816,matched,MATCHED_RicianLOS,Proposed_CA_CNN_RNND,3090,0.38119545578956604,0.3129700869321823,0.0682253809645772,
0,260816,matched,MATCHED_RicianLOS,Proposed_CA_CNN_RNND,3091,0.4336312264204025,0.3526623174548149,0.08096889266744256,
0,260816,matched,MATCHED_RicianLOS,Proposed_CA_CNN_RNND,3092,0.4083104468882084,0.34508608281612396,0.06322435941547155,
0,260816,matched,MATCHED_RicianLOS,Proposed_CA_CNN_RNND,3093,0.37275736778974533,0.3081912025809288,0.06456617172807455,
0,260816,matched,MATCHED_RicianLOS,Proposed_CA_CNN_RNND,3094,0.2585739828646183,0.2225151751190424,0.03605880634859204,
0,260816,matched,MATCHED_RicianLOS,Proposed_CA_CNN_RNND,3095,0.3136991634964943,0.2695761024951935,0.0441230651922524,
0,260816,matched,MATCHED_RicianLOS,Proposed_CA_CNN_RNND,3096,0.4618823491036892,0.37256644666194916,0.08931590663269162,
0,260816,matched,MATCHED_RicianLOS,Proposed_CA_CNN_RNND,3097,0.30679748952388763,0.2572314962744713,0.04956599324941635,
0,260816,matched,MATCHED_RicianLOS,Proposed_CA_CNN_RNND,3098,0.3210749439895153,0.2660227231681347,0.05505222058854997,
0,260816,matched,MATCHED_RicianLOS,Proposed_CA_CNN_RNND,3099,0.3151872456073761,0.2691548466682434,0.04603239567950368,
0,260816,matched,MATCHED_RicianLOS,Proposed_CA_CNN_RNND,3100,0.28228794410824776,0.2427036054432392,0.03958433633670211,
0,260816,matched,MATCHED_RicianLOS,Proposed_CA_CNN_RNND,3101,0.30191520601511,0.260004710406065,0.04191048676148057,
0,260816,matched,MATCHED_RicianLOS,Proposed_CA_CNN_RNND,3102,0.4431404620409012,0.35573895648121834,0.08740150928497314,
0,260816,matched,MATCHED_RicianLOS,Proposed_CA_CNN_RNND,3103,0.38387078791856766,0.3141017220914364,0.06976906303316355,
0,260816,matched,MATCHED_RicianLOS,Proposed_CA_CNN_RNND,3104,0.5763280838727951,0.463457427918911,0.11287065595388412,
0,260816,matched,MATCHED_RicianLOS,Proposed_CA_CNN_RNND,3105,0.18266886472702026,0.16797465458512306,0.014694206649437547,
0,260816,matched,MATCHED_RicianLOS,Proposed_CA_CNN_RNND,3106,0.2637101821601391,0.22221656888723373,0.04149360582232475,
0,260816,matched,MATCHED_RicianLOS,Proposed_CA_CNN_RNND,3107,0.3412824384868145,0.2899108864367008,0.0513715494889766,
0,260816,matched,MATCHED_RicianLOS,Proposed_CA_CNN_RNND,3108,0.2644885592162609,0.2296864464879036,0.03480211226269603,
0,260816,matched,MATCHED_RicianLOS,Proposed_CA_CNN_RNND,3109,0.355252418667078,0.29539646953344345,0.05985594401136041,
0,260816,matched,MATCHED_RicianLOS,Proposed_CA_CNN_RNND,3110,0.3274177610874176,0.2731945365667343,0.05422321893274784,
0,260816,matched,MATCHED_RicianLOS,Proposed_CA_CNN_RNND,3111,0.3092186748981476,0.26412704214453697,0.045091632287949324,
0,260816,matched,MATCHED_RicianLOS,Proposed_CA_CNN_RNND,3112,0.33890318125486374,0.291054867208004,0.047848314978182316,
0,260816,matched,MATCHED_RicianLOS,Proposed_CA_CNN_RNND,3113,0.45870406553149223,0.374998826533556,0.08370523387566209,
0,260816,matched,MATCHED_RicianLOS,Proposed_CA_CNN_RNND,3114,0.42299238592386246,0.3480825051665306,0.07490988727658987,
0,260816,matched,MATCHED_RicianLOS,Proposed_CA_CNN_RNND,3115,0.34960536658763885,0.2943849638104439,0.055220408365130424,
0,260816,matched,MATCHED_RicianLOS,Proposed_CA_CNN_RNND,3116,0.30780884623527527,0.25714224576950073,0.05066659254953265,
0,260816,matched,MATCHED_RicianLOS,Proposed_CA_CNN_RNND,3117,0.30030262283980846,0.24773315340280533,0.0525694724638015,
0,260816,matched,MATCHED_RicianLOS,Proposed_CA_CNN_RNND,3118,0.43102459609508514,0.3501015827059746,0.08092300593852997,
0,260816,matched,MATCHED_RicianLOS,Proposed_CA_CNN_RNND,3119,0.2818639427423477,0.239763505756855,0.04210043651983142,
0,260816,matched,MATCHED_RicianLOS,Proposed_CA_CNN_RNND,3120,0.35261813551187515,0.28851083666086197,0.06410730571951717,
0,260816,matched,MATCHED_RicianLOS,Proposed_CA_CNN_RNND,3121,0.3305022194981575,0.27760087698698044,0.05290133412927389,
0,260816,matched,MATCHED_RicianLOS,Proposed_CA_CNN_RNND,3122,0.30103688314557076,0.25501443073153496,0.046022452879697084,
0,260816,matched,MATCHED_RicianLOS,Proposed_CA_CNN_RNND,3123,0.49096744507551193,0.40286120772361755,0.08810623735189438,
0,260816,matched,MATCHED_RicianLOS,Proposed_CA_CNN_RNND,3124,0.3735843226313591,0.312215443700552,0.06136887613683939,
0,260816,matched,MATCHED_RicianLOS,Proposed_CA_CNN_RNND,3125,0.21477168798446655,0.18811436742544174,0.02665732428431511,
0,260816,matched,MATCHED_RicianLOS,Proposed_CA_CNN_RNND,3126,0.41896481812000275,0.34089523181319237,0.07806959934532642,
0,260816,matched,MATCHED_RicianLOS,Proposed_CA_CNN_RNND,3127,0.45245905593037605,0.35936014726758003,0.09309889934957027,
0,260816,matched,MATCHED_RicianLOS,Proposed_CA_CNN_RNND,3128,0.41310417652130127,0.3305484987795353,0.08255568472668529,
0,260816,matched,MATCHED_RicianLOS,Proposed_CA_CNN_RNND,3129,0.4584555812180042,0.3695092499256134,0.08894632803276181,
0,260816,matched,MATCHED_RicianLOS,Proposed_CA_CNN_RNND,3130,0.3612867034971714,0.2930884286761284,0.06819828134030104,
0,260816,matched,MATCHED_RicianLOS,Proposed_CA_CNN_RNND,3131,0.3751714564859867,0.3117130883038044,0.06345835793763399,
0,260816,matched,MATCHED_RicianLOS,Proposed_CA_CNN_RNND,3132,0.34425462409853935,0.2925582155585289,0.051696413196623325,
0,260816,matched,MATCHED_RicianLOS,Proposed_CA_CNN_RNND,3133,0.3359892815351486,0.289525531232357,0.04646374750882387,
0,260816,matched,MATCHED_RicianLOS,Proposed_CA_CNN_RNND,3134,0.25873030722141266,0.2237059399485588,0.035024370066821575,
0,260816,matched,MATCHED_RicianLOS,Proposed_CA_CNN_RNND,3135,0.2807201258838177,0.23828260973095894,0.042437522672116756,
0,260816,matched,MATCHED_RicianLOS,Proposed_CA_CNN_RNND,3136,0.419513463973999,0.33910517767071724,0.08040829747915268,
0,260816,matched,MATCHED_RicianLOS,Proposed_CA_CNN_RNND,3137,0.5093688145279884,0.41435835510492325,0.09501046128571033,
0,260816,matched,MATCHED_RicianLOS,Proposed_CA_CNN_RNND,3138,0.30691978707909584,0.26492278277873993,0.041997005231678486,
0,260816,matched,MATCHED_RicianLOS,Proposed_CA_CNN_RNND,3139,0.3465457819402218,0.28540611639618874,0.06113966088742018,
0,260816,matched,MATCHED_RicianLOS,Proposed_CA_CNN_RNND,3140,0.22527078166604042,0.19794296473264694,0.027327813673764467,
0,260816,matched,MATCHED_RicianLOS,Proposed_CA_CNN_RNND,3141,0.3091036267578602,0.2607888765633106,0.048314754385501146,
0,260816,matched,MATCHED_RicianLOS,Proposed_CA_CNN_RNND,3142,0.37867383658885956,0.31273191794753075,0.06594191933982074,
0,260816,matched,MATCHED_RicianLOS,Proposed_CA_CNN_RNND,3143,0.33307062834501266,0.2816808484494686,0.05138977547176182,
0,260816,matched,MATCHED_RicianLOS,Proposed_CA_CNN_RNND,3144,0.48798030614852905,0.4011900797486305,0.08679021522402763,
0,260816,matched,MATCHED_RicianLOS,Proposed_CA_CNN_RNND,3145,0.46981510519981384,0.37923210859298706,0.09058300405740738,
0,260816,matched,MATCHED_RicianLOS,Proposed_CA_CNN_RNND,3146,0.4064032807946205,0.3322438560426235,0.07415942754596472,
0,260816,matched,MATCHED_RicianLOS,Proposed_CA_CNN_RNND,3147,0.45946304500102997,0.3676886335015297,0.09177441243082285,
0,260816,matched,MATCHED_RicianLOS,Proposed_CA_CNN_RNND,3148,0.24615252390503883,0.21268828585743904,0.03346423618495464,
0,260816,matched,MATCHED_RicianLOS,Proposed_CA_CNN_RNND,3149,0.47652368247509,0.38755131512880325,0.08897238131612539,
0,260816,matched,MATCHED_RicianLOS,Proposed_CA_CNN_RNND,3150,0.39402371644973755,0.31883929669857025,0.07518441835418344,
0,260816,matched,MATCHED_RicianLOS,Proposed_CA_CNN_RNND,3151,0.4653148725628853,0.3838070407509804,0.0815078355371952,
0,260816,matched,MATCHED_RicianLOS,Proposed_CA_CNN_RNND,3152,0.23981057293713093,0.20705623552203178,0.0327543382300064,
0,260816,matched,MATCHED_RicianLOS,Proposed_CA_CNN_RNND,3153,0.19243469834327698,0.17184753343462944,0.020587161765433848,
0,260816,matched,MATCHED_RicianLOS,Proposed_CA_CNN_RNND,3154,0.41643065586686134,0.3409740962088108,0.0754565589595586,
0,260816,matched,MATCHED_RicianLOS,Proposed_CA_CNN_RNND,3155,0.2515805885195732,0.21575874090194702,0.03582184587139636,
0,260816,matched,MATCHED_RicianLOS,Proposed_CA_CNN_RNND,3156,0.44842078536748886,0.3688563406467438,0.07956444472074509,
0,260816,matched,MATCHED_RicianLOS,Proposed_CA_CNN_RNND,3157,0.3171585015952587,0.2665081173181534,0.050650387071073055,
0,260816,matched,MATCHED_RicianLOS,Proposed_CA_CNN_RNND,3158,0.2989257983863354,0.25610214471817017,0.04282365133985877,
0,260816,matched,MATCHED_RicianLOS,Proposed_CA_CNN_RNND,3159,0.25501831248402596,0.2173575684428215,0.037660747999325395,
0,260816,matched,MATCHED_RicianLOS,Proposed_CA_CNN_RNND,3160,0.48470567911863327,0.3925589397549629,0.09214674681425095,
0,260816,matched,MATCHED_RicianLOS,Proposed_CA_CNN_RNND,3161,0.4447987973690033,0.36189035326242447,0.08290845062583685,
0,260816,matched,MATCHED_RicianLOS,Proposed_CA_CNN_RNND,3162,0.2332795485854149,0.20124470815062523,0.03203484357800335,
0,260816,matched,MATCHED_RicianLOS,Proposed_CA_CNN_RNND,3163,0.26679377257823944,0.2324664145708084,0.034327360801398754,
0,260816,matched,MATCHED_RicianLOS,Proposed_CA_CNN_RNND,3164,0.22897889278829098,0.20040717720985413,0.02857171813957393,
0,260816,matched,MATCHED_RicianLOS,Proposed_CA_CNN_RNND,3165,0.3486950099468231,0.28968655318021774,0.059008448384702206,
0,260816,matched,MATCHED_RicianLOS,Proposed_CA_CNN_RNND,3166,0.2845466732978821,0.24816705659031868,0.036379613913595676,
0,260816,matched,MATCHED_RicianLOS,Proposed_CA_CNN_RNND,3167,0.3510623052716255,0.2931482270359993,0.05791407823562622,
0,260816,matched,MATCHED_RicianLOS,Proposed_CA_CNN_RNND,3168,0.32169293239712715,0.2733401991426945,0.04835273465141654,
0,260816,matched,MATCHED_RicianLOS,Proposed_CA_CNN_RNND,3169,0.29601944610476494,0.24755901470780373,0.04846042953431606,
0,260816,matched,MATCHED_RicianLOS,Proposed_CA_CNN_RNND,3170,0.4571298286318779,0.3723711743950844,0.08475865703076124,
0,260816,matched,MATCHED_RicianLOS,Proposed_CA_CNN_RNND,3171,0.21490570157766342,0.1938163861632347,0.021089318208396435,
0,260816,matched,MATCHED_RicianLOS,Proposed_CA_CNN_RNND,3172,0.22313779219985008,0.19480492547154427,0.028332868358120322,
0,260816,matched,MATCHED_RicianLOS,Proposed_CA_CNN_RNND,3173,0.3284851089119911,0.2737106457352638,0.05477445852011442,
0,260816,matched,MATCHED_RicianLOS,Proposed_CA_CNN_RNND,3174,0.23699848726391792,0.20128272473812103,0.03571576182730496,
0,260816,matched,MATCHED_RicianLOS,Proposed_CA_CNN_RNND,3175,0.42897507175803185,0.3476382605731487,0.08133683074265718,
0,260816,matched,MATCHED_RicianLOS,Proposed_CA_CNN_RNND,3176,0.3926454484462738,0.3315878361463547,0.061057605780661106,
0,260816,matched,MATCHED_RicianLOS,Proposed_CA_CNN_RNND,3177,0.31266335025429726,0.26090608909726143,0.051757263485342264,
0,260816,matched,MATCHED_RicianLOS,Proposed_CA_CNN_RNND,3178,0.345386378467083,0.2841627076268196,0.061223667580634356,
0,260816,matched,MATCHED_RicianLOS,Proposed_CA_CNN_RNND,3179,0.22146153450012207,0.19591721519827843,0.02554431592579931,
0,260816,matched,MATCHED_RicianLOS,Proposed_CA_CNN_RNND,3180,0.33693142980337143,0.2852485924959183,0.05168283171951771,
0,260816,matched,MATCHED_RicianLOS,Proposed_CA_CNN_RNND,3181,0.3467315658926964,0.28921158984303474,0.05751998024061322,
0,260816,matched,MATCHED_RicianLOS,Proposed_CA_CNN_RNND,3182,0.3143760785460472,0.25875141099095345,0.055624664295464754,
0,260816,matched,MATCHED_RicianLOS,Proposed_CA_CNN_RNND,3183,0.3823493402451277,0.31308842450380325,0.0692609257530421,
0,260816,matched,MATCHED_RicianLOS,Proposed_CA_CNN_RNND,3184,0.30251433327794075,0.25181781500577927,0.050696518272161484,
0,260816,matched,MATCHED_RicianLOS,Proposed_CA_CNN_RNND,3185,0.3676365613937378,0.30208519846200943,0.06555136130191386,
0,260816,matched,MATCHED_RicianLOS,Proposed_CA_CNN_RNND,3186,0.48391126096248627,0.3964226469397545,0.08748859912157059,
0,260816,matched,MATCHED_RicianLOS,Proposed_CA_CNN_RNND,3187,0.16616502404212952,0.1514681577682495,0.014696867670863867,
0,260816,matched,MATCHED_RicianLOS,Proposed_CA_CNN_RNND,3188,0.39397647231817245,0.334015853703022,0.05996060371398926,
0,260816,matched,MATCHED_RicianLOS,Proposed_CA_CNN_RNND,3189,0.3799158111214638,0.30942246690392494,0.07049333397299051,
0,260816,matched,MATCHED_RicianLOS,Proposed_CA_CNN_RNND,3190,0.49628114700317383,0.4118976444005966,0.08438349515199661,
0,260816,matched,MATCHED_RicianLOS,Proposed_CA_CNN_RNND,3191,0.31442735716700554,0.2702235318720341,0.04420382739044726,
0,260816,matched,MATCHED_RicianLOS,Proposed_CA_CNN_RNND,3192,0.4233071357011795,0.34391023218631744,0.07939690537750721,
0,260816,matched,MATCHED_RicianLOS,Proposed_CA_CNN_RNND,3193,0.3611938916146755,0.29931826516985893,0.061875634361058474,
0,260816,matched,MATCHED_RicianLOS,Proposed_CA_CNN_RNND,3194,0.3542823828756809,0.29512088373303413,0.05916150473058224,
0,260816,matched,MATCHED_RicianLOS,Proposed_CA_CNN_RNND,3195,0.4036254920065403,0.33269064500927925,0.07093484350480139,
0,260816,matched,MATCHED_RicianLOS,Proposed_CA_CNN_RNND,3196,0.3606500029563904,0.29237278550863266,0.06827722769230604,
0,260816,matched,MATCHED_RicianLOS,Proposed_CA_CNN_RNND,3197,0.3160197865217924,0.2645572405308485,0.05146255122963339,
0,260816,matched,MATCHED_RicianLOS,Proposed_CA_CNN_RNND,3198,0.2837739512324333,0.24095897749066353,0.042814971646294,
0,260816,matched,MATCHED_RicianLOS,Proposed_CA_CNN_RNND,3199,0.3929886408150196,0.31795599684119225,0.07503264304250479,
0,260816,matched,MATCHED_RicianLOS,Proposed_CA_CNN_RNND,3200,0.19851718470454216,0.17519045248627663,0.023326735943555832,-1.1517632131121995
0,260816,matched,MATCHED_RicianLOS,Proposed_CA_CNN_RNND,3201,0.3459525853395462,0.285104475915432,0.0608481103554368,
0,260816,matched,MATCHED_RicianLOS,Proposed_CA_CNN_RNND,3202,0.43570687249302864,0.3550873026251793,0.08061956684105098,
0,260816,matched,MATCHED_RicianLOS,Proposed_CA_CNN_RNND,3203,0.21737997606396675,0.1858038641512394,0.031576116336509585,
0,260816,matched,MATCHED_RicianLOS,Proposed_CA_CNN_RNND,3204,0.24285194650292397,0.20793258398771286,0.03491936391219497,
0,260816,matched,MATCHED_RicianLOS,Proposed_CA_CNN_RNND,3205,0.33671005442738533,0.27794957160949707,0.05876048328354955,
0,260816,matched,MATCHED_RicianLOS,Proposed_CA_CNN_RNND,3206,0.43549012392759323,0.3490114249289036,0.08647869527339935,
0,260816,matched,MATCHED_RicianLOS,Proposed_CA_CNN_RNND,3207,0.31153250858187675,0.2645815350115299,0.046950976364314556,
0,260816,matched,MATCHED_RicianLOS,Proposed_CA_CNN_RNND,3208,0.27491243928670883,0.23421909287571907,0.04069334524683654,
0,260816,matched,MATCHED_RicianLOS,Proposed_CA_CNN_RNND,3209,0.3708546906709671,0.3001529201865196,0.07070176862180233,
0,260816,matched,MATCHED_RicianLOS,Proposed_CA_CNN_RNND,3210,0.22192799486219883,0.19480424001812935,0.027123753214254975,
0,260816,matched,MATCHED_RicianLOS,Proposed_CA_CNN_RNND,3211,0.3336930610239506,0.2855282500386238,0.048164818435907364,
0,260816,matched,MATCHED_RicianLOS,Proposed_CA_CNN_RNND,3212,0.18867860361933708,0.16835089400410652,0.02032771217636764,
0,260816,matched,MATCHED_RicianLOS,Proposed_CA_CNN_RNND,3213,0.4052749387919903,0.3280765488743782,0.07719840435311198,
0,260816,matched,MATCHED_RicianLOS,Proposed_CA_CNN_RNND,3214,0.41053324192762375,0.336162056773901,0.07437118049710989,
0,260816,matched,MATCHED_RicianLOS,Proposed_CA_CNN_RNND,3215,0.23791000619530678,0.21043413132429123,0.027475867420434952,
0,260816,matched,MATCHED_RicianLOS,Proposed_CA_CNN_RNND,3216,0.2119570355862379,0.18627338856458664,0.02568365097977221,
0,260816,matched,MATCHED_RicianLOS,Proposed_CA_CNN_RNND,3217,0.26270874217152596,0.2269069328904152,0.03580180439166725,
0,260816,matched,MATCHED_RicianLOS,Proposed_CA_CNN_RNND,3218,0.33555588498711586,0.2759099677205086,0.059645922388881445,
0,260816,matched,MATCHED_RicianLOS,Proposed_CA_CNN_RNND,3219,0.3600817993283272,0.29605732858181,0.06402447540313005,
0,260816,matched,MATCHED_RicianLOS,Proposed_CA_CNN_RNND,3220,0.3984103873372078,0.321334533393383,0.07707584253512323,
0,260816,matched,MATCHED_RicianLOS,Proposed_CA_CNN_RNND,3221,0.3896792195737362,0.31151657924056053,0.07816263916902244,
0,260816,matched,MATCHED_RicianLOS,Proposed_CA_CNN_RNND,3222,0.5512565523386002,0.4468063861131668,0.1044501792639494,
0,260816,matched,MATCHED_RicianLOS,Proposed_CA_CNN_RNND,3223,0.2886713519692421,0.24180209264159203,0.04686925164423883,
0,260816,matched,MATCHED_RicianLOS,Proposed_CA_CNN_RNND,3224,0.19563012942671776,0.17440580390393734,0.0212243280839175,
0,260816,matched,MATCHED_RicianLOS,Proposed_CA_CNN_RNND,3225,0.3083396628499031,0.2672184407711029,0.04112121742218733,
0,260816,matched,MATCHED_RicianLOS,Proposed_CA_CNN_RNND,3226,0.19687965512275696,0.17683139815926552,0.020048259058967233,
0,260816,matched,MATCHED_RicianLOS,Proposed_CA_CNN_RNND,3227,0.5287176370620728,0.423639677464962,0.10507796332240105,
0,260816,matched,MATCHED_RicianLOS,Proposed_CA_CNN_RNND,3228,0.3643466364592314,0.2938065957278013,0.07054004247765988,
0,260816,matched,MATCHED_RicianLOS,Proposed_CA_CNN_RNND,3229,0.31310340762138367,0.25977030768990517,0.053333100862801075,
0,260816,matched,MATCHED_RicianLOS,Proposed_CA_CNN_RNND,3230,0.26217204704880714,0.217889703810215,0.04428234277293086,
0,260816,matched,MATCHED_RicianLOS,Proposed_CA_CNN_RNND,3231,0.3330685980618,0.2768125459551811,0.056256056763231754,
0,260816,matched,MATCHED_RicianLOS,Proposed_CA_CNN_RNND,3232,0.4669896885752678,0.37699921429157257,0.08999046869575977,
0,260816,matched,MATCHED_RicianLOS,Proposed_CA_CNN_RNND,3233,0.31055648997426033,0.2609046809375286,0.04965181346051395,
0,260816,matched,MATCHED_RicianLOS,Proposed_CA_CNN_RNND,3234,0.4286450147628784,0.35644272714853287,0.07220229599624872,
0,260816,matched,MATCHED_RicianLOS,Proposed_CA_CNN_RNND,3235,0.28223463520407677,0.24204383790493011,0.04019079124554992,
0,260816,matched,MATCHED_RicianLOS,Proposed_CA_CNN_RNND,3236,0.23603327572345734,0.2138259932398796,0.0222072871401906,
0,260816,matched,MATCHED_RicianLOS,Proposed_CA_CNN_RNND,3237,0.39080215245485306,0.3207946140319109,0.07000753749161959,
0,260816,matched,MATCHED_RicianLOS,Proposed_CA_CNN_RNND,3238,0.37881679832935333,0.31400518491864204,0.06481161527335644,
0,260816,matched,MATCHED_RicianLOS,Proposed_CA_CNN_RNND,3239,0.35041794925928116,0.29593829065561295,0.0544796627946198,
0,260816,matched,MATCHED_RicianLOS,Proposed_CA_CNN_RNND,3240,0.32382312789559364,0.2635217197239399,0.060301401652395725,
0,260816,matched,MATCHED_RicianLOS,Proposed_CA_CNN_RNND,3241,0.28702568635344505,0.24448498710989952,0.04254069738090038,
0,260816,matched,MATCHED_RicianLOS,Proposed_CA_CNN_RNND,3242,0.2585562840104103,0.22317922860383987,0.035377060528844595,
0,260816,matched,MATCHED_RicianLOS,Proposed_CA_CNN_RNND,3243,0.32848652452230453,0.2777526341378689,0.05073389131575823,
0,260816,matched,MATCHED_RicianLOS,Proposed_CA_CNN_RNND,3244,0.4137575067579746,0.3387807346880436,0.07497677346691489,
0,260816,matched,MATCHED_RicianLOS,Proposed_CA_CNN_RNND,3245,0.3190191984176636,0.26734840869903564,0.05167079158127308,
0,260816,matched,MATCHED_RicianLOS,Proposed_CA_CNN_RNND,3246,0.4342470970004797,0.3488803990185261,0.08536669809836894,
0,260816,matched,MATCHED_RicianLOS,Proposed_CA_CNN_RNND,3247,0.43434566259384155,0.35451027378439903,0.07983539160341024,
0,260816,matched,MATCHED_RicianLOS,Proposed_CA_CNN_RNND,3248,0.3643360696732998,0.3038555681705475,0.06048050231765956,
0,260816,matched,MATCHED_RicianLOS,Proposed_CA_CNN_RNND,3249,0.5048971325159073,0.4088437110185623,0.09605340659618378,
0,260816,matched,MATCHED_RicianLOS,Proposed_CA_CNN_RNND,3250,0.2762324921786785,0.2417784035205841,0.034454086096957326,
0,260816,matched,MATCHED_RicianLOS,Proposed_CA_CNN_RNND,3251,0.41104190051555634,0.34322021156549454,0.06782168429344893,
0,260816,matched,MATCHED_RicianLOS,Proposed_CA_CNN_RNND,3252,0.4243166968226433,0.3452867530286312,0.07902994565665722,
0,260816,matched,MATCHED_RicianLOS,Proposed_CA_CNN_RNND,3253,0.3080901876091957,0.25644703209400177,0.05164315504953265,
0,260816,matched,MATCHED_RicianLOS,Proposed_CA_CNN_RNND,3254,0.34975531324744225,0.29142245650291443,0.05833286000415683,
0,260816,matched,MATCHED_RicianLOS,Proposed_CA_CNN_RNND,3255,0.3578813076019287,0.29904308542609215,0.05883822310715914,
0,260816,matched,MATCHED_RicianLOS,Proposed_CA_CNN_RNND,3256,0.3442538380622864,0.2908971235156059,0.053356717340648174,
0,260816,matched,MATCHED_RicianLOS,Proposed_CA_CNN_RNND,3257,0.30778899788856506,0.26656072959303856,0.041228261310607195,
0,260816,matched,MATCHED_RicianLOS,Proposed_CA_CNN_RNND,3258,0.38118482381105423,0.315801277756691,0.06538353813812137,
0,260816,matched,MATCHED_RicianLOS,Proposed_CA_CNN_RNND,3259,0.36583615466952324,0.30169011652469635,0.06414603861048818,
0,260816,matched,MATCHED_RicianLOS,Proposed_CA_CNN_RNND,3260,0.3741006404161453,0.30615097284317017,0.06794967176392674,
0,260816,matched,MATCHED_RicianLOS,Proposed_CA_CNN_RNND,3261,0.3756102845072746,0.3206130601465702,0.05499721923843026,
0,260816,matched,MATCHED_RicianLOS,Proposed_CA_CNN_RNND,3262,0.2997583858668804,0.2541779801249504,0.04558040713891387,
0,260816,matched,MATCHED_RicianLOS,Proposed_CA_CNN_RNND,3263,0.42728693038225174,0.35027532279491425,0.07701159827411175,
0,260816,matched,MATCHED_RicianLOS,Proposed_CA_CNN_RNND,3264,0.38944629952311516,0.3174035921692848,0.07204271340742707,
0,260816,matched,MATCHED_RicianLOS,Proposed_CA_CNN_RNND,3265,0.442655973136425,0.3643156960606575,0.07834028173238039,
0,260816,matched,MATCHED_RicianLOS,Proposed_CA_CNN_RNND,3266,0.3312084525823593,0.2840134985744953,0.047194947488605976,
0,260816,matched,MATCHED_RicianLOS,Proposed_CA_CNN_RNND,3267,0.39764801412820816,0.33022812008857727,0.06741989124566317,
0,260816,matched,MATCHED_RicianLOS,Proposed_CA_CNN_RNND,3268,0.28172721713781357,0.23540577292442322,0.046321443282067776,
0,260816,matched,MATCHED_RicianLOS,Proposed_CA_CNN_RNND,3269,0.2819993123412132,0.24313677474856377,0.038862536661326885,
0,260816,matched,MATCHED_RicianLOS,Proposed_CA_CNN_RNND,3270,0.2740582823753357,0.2354809083044529,0.03857737313956022,
0,260816,matched,MATCHED_RicianLOS,Proposed_CA_CNN_RNND,3271,0.2744915075600147,0.23728754743933678,0.03720396291464567,
0,260816,matched,MATCHED_RicianLOS,Proposed_CA_CNN_RNND,3272,0.5362838730216026,0.4229115918278694,0.1133722742088139,
0,260816,matched,MATCHED_RicianLOS,Proposed_CA_CNN_RNND,3273,0.20424623042345047,0.18320637568831444,0.02103985520079732,
0,260816,matched,MATCHED_RicianLOS,Proposed_CA_CNN_RNND,3274,0.2821814827620983,0.2416004054248333,0.04058107268065214,
0,260816,matched,MATCHED_RicianLOS,Proposed_CA_CNN_RNND,3275,0.30885419622063637,0.2643584534525871,0.044495741836726665,
0,260816,matched,MATCHED_RicianLOS,Proposed_CA_CNN_RNND,3276,0.2718990631401539,0.2327558770775795,0.039143182104453444,
0,260816,matched,MATCHED_RicianLOS,Proposed_CA_CNN_RNND,3277,0.25927405431866646,0.22173340991139412,0.03754064906388521,
0,260816,matched,MATCHED_RicianLOS,Proposed_CA_CNN_RNND,3278,0.39240405708551407,0.3289225772023201,0.06348147708922625,
0,260816,matched,MATCHED_RicianLOS,Proposed_CA_CNN_RNND,3279,0.35339826345443726,0.2873632572591305,0.06603501294739544,
0,260816,matched,MATCHED_RicianLOS,Proposed_CA_CNN_RNND,3280,0.3801152817904949,0.3140796683728695,0.06603560759685934,
0,260816,matched,MATCHED_RicianLOS,Proposed_CA_CNN_RNND,3281,0.46421943604946136,0.37653839588165283,0.08768104575574398,
0,260816,matched,MATCHED_RicianLOS,Proposed_CA_CNN_RNND,3282,0.3467542789876461,0.28625210374593735,0.060502170119434595,
0,260816,matched,MATCHED_RicianLOS,Proposed_CA_CNN_RNND,3283,0.27734601497650146,0.24172885715961456,0.03561715641990304,
0,260816,matched,MATCHED_RicianLOS,Proposed_CA_CNN_RNND,3284,0.2782319188117981,0.2392849624156952,0.03894695779308677,
0,260816,matched,MATCHED_RicianLOS,Proposed_CA_CNN_RNND,3285,0.36669205129146576,0.3106488287448883,0.056043218821287155,
0,260816,matched,MATCHED_RicianLOS,Proposed_CA_CNN_RNND,3286,0.40085041150450706,0.3253326155245304,0.0755177941173315,
0,260816,matched,MATCHED_RicianLOS,Proposed_CA_CNN_RNND,3287,0.3125278726220131,0.26411353051662445,0.048414343036711216,
0,260816,matched,MATCHED_RicianLOS,Proposed_CA_CNN_RNND,3288,0.3365296833217144,0.28990964964032173,0.04662002716213465,
0,260816,matched,MATCHED_RicianLOS,Proposed_CA_CNN_RNND,3289,0.3836280629038811,0.32050619274377823,0.06312187481671572,
0,260816,matched,MATCHED_RicianLOS,Proposed_CA_CNN_RNND,3290,0.37242285534739494,0.3031880483031273,0.06923480564728379,
0,260816,matched,MATCHED_RicianLOS,Proposed_CA_CNN_RNND,3291,0.46294867619872093,0.3682242166250944,0.09472446655854583,
0,260816,matched,MATCHED_RicianLOS,Proposed_CA_CNN_RNND,3292,0.251030633226037,0.21408016793429852,0.036950463661924005,
0,260816,matched,MATCHED_RicianLOS,Proposed_CA_CNN_RNND,3293,0.44791051000356674,0.3655420243740082,0.0823684858623892,
0,260816,matched,MATCHED_RicianLOS,Proposed_CA_CNN_RNND,3294,0.38632330298423767,0.326957143843174,0.05936616659164429,
0,260816,matched,MATCHED_RicianLOS,Proposed_CA_CNN_RNND,3295,0.1574440374970436,0.14569659531116486,0.011747440788894892,
0,260816,matched,MATCHED_RicianLOS,Proposed_CA_CNN_RNND,3296,0.32006122171878815,0.2734212689101696,0.046639950945973396,
0,260816,matched,MATCHED_RicianLOS,Proposed_CA_CNN_RNND,3297,0.38207514584064484,0.3207479938864708,0.06132715567946434,
0,260816,matched,MATCHED_RicianLOS,Proposed_CA_CNN_RNND,3298,0.32771795988082886,0.2832208201289177,0.0444971420802176,
0,260816,matched,MATCHED_RicianLOS,Proposed_CA_CNN_RNND,3299,0.34145865589380264,0.2863212563097477,0.05513740866445005,
0,260816,matched,MATCHED_RicianLOS,Proposed_CA_CNN_RNND,3300,0.31673260778188705,0.267099279910326,0.049633328802883625,
0,260816,matched,MATCHED_RicianLOS,Proposed_CA_CNN_RNND,3301,0.2647335082292557,0.22852590680122375,0.03620760282501578,
0,260816,matched,MATCHED_RicianLOS,Proposed_CA_CNN_RNND,3302,0.27731411159038544,0.23612672835588455,0.041187383234500885,
0,260816,matched,MATCHED_RicianLOS,Proposed_CA_CNN_RNND,3303,0.3911539874970913,0.32797087356448174,0.06318310718052089,
0,260816,matched,MATCHED_RicianLOS,Proposed_CA_CNN_RNND,3304,0.22736429423093796,0.2062080278992653,0.021156267961487174,
0,260816,matched,MATCHED_RicianLOS,Proposed_CA_CNN_RNND,3305,0.4602274149656296,0.3716369718313217,0.0885904561728239,
0,260816,matched,MATCHED_RicianLOS,Proposed_CA_CNN_RNND,3306,0.4202122688293457,0.3469911068677902,0.07322116382420063,
0,260816,matched,MATCHED_RicianLOS,Proposed_CA_CNN_RNND,3307,0.41266896203160286,0.33639988116919994,0.07626909366808832,
0,260816,matched,MATCHED_RicianLOS,Proposed_CA_CNN_RNND,3308,0.3205435127019882,0.2755488231778145,0.0449946909211576,
0,260816,matched,MATCHED_RicianLOS,Proposed_CA_CNN_RNND,3309,0.35262656584382057,0.29994887858629227,0.05267769214697182,
0,260816,matched,MATCHED_RicianLOS,Proposed_CA_CNN_RNND,3310,0.32811155170202255,0.275269228965044,0.052842315286397934,
0,260816,matched,MATCHED_RicianLOS,Proposed_CA_CNN_RNND,3311,0.3120120204985142,0.2665599584579468,0.045452055521309376,
0,260816,matched,MATCHED_RicianLOS,Proposed_CA_CNN_RNND,3312,0.2502618059515953,0.2206835374236107,0.029578270856291056,
0,260816,matched,MATCHED_RicianLOS,Proposed_CA_CNN_RNND,3313,0.3365882970392704,0.28040992096066475,0.0561783742159605,
0,260816,matched,MATCHED_RicianLOS,Proposed_CA_CNN_RNND,3314,0.46467436105012894,0.38252686709165573,0.08214749861508608,
0,260816,matched,MATCHED_RicianLOS,Proposed_CA_CNN_RNND,3315,0.23551201447844505,0.20664377883076668,0.028868238674476743,
0,260816,matched,MATCHED_RicianLOS,Proposed_CA_CNN_RNND,3316,0.3244832456111908,0.2798593305051327,0.04462391138076782,
0,260816,matched,MATCHED_RicianLOS,Proposed_CA_CNN_RNND,3317,0.4333333894610405,0.3560224249958992,0.07731097005307674,
0,260816,matched,MATCHED_RicianLOS,Proposed_CA_CNN_RNND,3318,0.38517972081899643,0.3201682046055794,0.0650115218013525,
0,260816,matched,MATCHED_RicianLOS,Proposed_CA_CNN_RNND,3319,0.3633949086070061,0.29628318175673485,0.0671117315068841,
0,260816,matched,MATCHED_RicianLOS,Proposed_CA_CNN_RNND,3320,0.4226658530533314,0.3505050279200077,0.07216082187369466,
0,260816,matched,MATCHED_RicianLOS,Proposed_CA_CNN_RNND,3321,0.2898690886795521,0.24581073597073555,0.044058356899768114,
0,260816,matched,MATCHED_RicianLOS,Proposed_CA_CNN_RNND,3322,0.3697434477508068,0.3120885640382767,0.057654876727610826,
0,260816,matched,MATCHED_RicianLOS,Proposed_CA_CNN_RNND,3323,0.39453819021582603,0.3283282555639744,0.06620993185788393,
0,260816,matched,MATCHED_RicianLOS,Proposed_CA_CNN_RNND,3324,0.33965926617383957,0.28030452504754066,0.05935473786666989,
0,260816,matched,MATCHED_RicianLOS,Proposed_CA_CNN_RNND,3325,0.2497473508119583,0.21887125074863434,0.030876101460307837,
0,260816,matched,MATCHED_RicianLOS,Proposed_CA_CNN_RNND,3326,0.37780577689409256,0.30826856940984726,0.06953720282763243,
0,260816,matched,MATCHED_RicianLOS,Proposed_CA_CNN_RNND,3327,0.31200674921274185,0.26419802755117416,0.04780872631818056,
0,260816,matched,MATCHED_RicianLOS,Proposed_CA_CNN_RNND,3328,0.29034464433789253,0.24875693768262863,0.041587703162804246,
0,260816,matched,MATCHED_RicianLOS,Proposed_CA_CNN_RNND,3329,0.5145358517765999,0.4173155277967453,0.0972203342244029,
0,260816,matched,MATCHED_RicianLOS,Proposed_CA_CNN_RNND,3330,0.37994659692049026,0.31920769438147545,0.060738908126950264,
0,260816,matched,MATCHED_RicianLOS,Proposed_CA_CNN_RNND,3331,0.20685047283768654,0.18250242993235588,0.024348043953068554,
0,260816,matched,MATCHED_RicianLOS,Proposed_CA_CNN_RNND,3332,0.3804742284119129,0.3148920014500618,0.06558222183957696,
0,260816,matched,MATCHED_RicianLOS,Proposed_CA_CNN_RNND,3333,0.3587650917470455,0.30800147354602814,0.050763609586283565,
0,260816,matched,MATCHED_RicianLOS,Proposed_CA_CNN_RNND,3334,0.3482786752283573,0.28634612262248993,0.06193254655227065,
0,260816,matched,MATCHED_RicianLOS,Proposed_CA_CNN_RNND,3335,0.4135216996073723,0.3341577276587486,0.07936396962031722,
0,260816,matched,MATCHED_RicianLOS,Proposed_CA_CNN_RNND,3336,0.36082927882671356,0.3008665479719639,0.059962728060781956,
0,260816,matched,MATCHED_RicianLOS,Proposed_CA_CNN_RNND,3337,0.4349936470389366,0.3534129038453102,0.08158075530081987,
0,260816,matched,MATCHED_RicianLOS,Proposed_CA_CNN_RNND,3338,0.36397119238972664,0.2965589389204979,0.06741225253790617,
0,260816,matched,MATCHED_RicianLOS,Proposed_CA_CNN_RNND,3339,0.3967389054596424,0.32879411801695824,0.0679447827860713,
0,260816,matched,MATCHED_RicianLOS,Proposed_CA_CNN_RNND,3340,0.34299737587571144,0.2845139019191265,0.058483478613197803,
0,260816,matched,MATCHED_RicianLOS,Proposed_CA_CNN_RNND,3341,0.317365400493145,0.2649544049054384,0.052410999312996864,
0,260816,matched,MATCHED_RicianLOS,Proposed_CA_CNN_RNND,3342,0.24885965511202812,0.22145234793424606,0.027407307643443346,
0,260816,matched,MATCHED_RicianLOS,Proposed_CA_CNN_RNND,3343,0.2674265503883362,0.2291332371532917,0.03829331859014928,
0,260816,matched,MATCHED_RicianLOS,Proposed_CA_CNN_RNND,3344,0.3898717388510704,0.3151197135448456,0.07475203089416027,
0,260816,matched,MATCHED_RicianLOS,Proposed_CA_CNN_RNND,3345,0.29029998555779457,0.24578050523996353,0.044519474264234304,
0,260816,matched,MATCHED_RicianLOS,Proposed_CA_CNN_RNND,3346,0.43287283927202225,0.3542136363685131,0.07865919172763824,
0,260816,matched,MATCHED_RicianLOS,Proposed_CA_CNN_RNND,3347,0.45823344960808754,0.37347210198640823,0.08476134901866317,
0,260816,matched,MATCHED_RicianLOS,Proposed_CA_CNN_RNND,3348,0.27946059964597225,0.23729218915104866,0.04216841608285904,
0,260816,matched,MATCHED_RicianLOS,Proposed_CA_CNN_RNND,3349,0.27610187977552414,0.23709619790315628,0.039005686761811376,
0,260816,matched,MATCHED_RicianLOS,Proposed_CA_CNN_RNND,3350,0.3785128705203533,0.3175114318728447,0.061001448426395655,
0,260816,matched,MATCHED_RicianLOS,Proposed_CA_CNN_RNND,3351,0.2955588474869728,0.24637999013066292,0.04917885549366474,
0,260816,matched,MATCHED_RicianLOS,Proposed_CA_CNN_RNND,3352,0.36054380238056183,0.3015274368226528,0.059016367653384805,
0,260816,matched,MATCHED_RicianLOS,Proposed_CA_CNN_RNND,3353,0.3396890200674534,0.2784334383904934,0.06125557969789952,
0,260816,matched,MATCHED_RicianLOS,Proposed_CA_CNN_RNND,3354,0.18418453261256218,0.16593387722969055,0.01825065747834742,
0,260816,matched,MATCHED_RicianLOS,Proposed_CA_CNN_RNND,3355,0.28283629193902016,0.24486221745610237,0.03797406889498234,
0,260816,matched,MATCHED_RicianLOS,Proposed_CA_CNN_RNND,3356,0.4108933415263891,0.33089202269911766,0.08000132045708597,
0,260816,matched,MATCHED_RicianLOS,Proposed_CA_CNN_RNND,3357,0.15158845111727715,0.13857945799827576,0.01300899125635624,
0,260816,matched,MATCHED_RicianLOS,Proposed_CA_CNN_RNND,3358,0.2885603867471218,0.24636688455939293,0.042193497996777296,
0,260816,matched,MATCHED_RicianLOS,Proposed_CA_CNN_RNND,3359,0.24533783830702305,0.2106702495366335,0.03466759482398629,
0,260816,matched,MATCHED_RicianLOS,Proposed_CA_CNN_RNND,3360,0.5022576451301575,0.40072786808013916,0.10152977705001831,
0,260816,matched,MATCHED_RicianLOS,Proposed_CA_CNN_RNND,3361,0.5993625819683075,0.4673381969332695,0.132024385035038,
0,260816,matched,MATCHED_RicianLOS,Proposed_CA_CNN_RNND,3362,0.3701976351439953,0.3070890083909035,0.06310863303951919,
0,260816,matched,MATCHED_RicianLOS,Proposed_CA_CNN_RNND,3363,0.248075719922781,0.21817995607852936,0.029895761283114552,
0,260816,matched,MATCHED_RicianLOS,Proposed_CA_CNN_RNND,3364,0.34952691942453384,0.2975665144622326,0.05196040077134967,
0,260816,matched,MATCHED_RicianLOS,Proposed_CA_CNN_RNND,3365,0.34732353687286377,0.2904761768877506,0.05684735951945186,
0,260816,matched,MATCHED_RicianLOS,Proposed_CA_CNN_RNND,3366,0.22466126456856728,0.19664962403476238,0.02801163651747629,
0,260816,matched,MATCHED_RicianLOS,Proposed_CA_CNN_RNND,3367,0.3783187232911587,0.3135763965547085,0.06474232906475663,
0,260816,matched,MATCHED_RicianLOS,Proposed_CA_CNN_RNND,3368,0.29386841878294945,0.25588175281882286,0.037986670271493495,
0,260816,matched,MATCHED_RicianLOS,Proposed_CA_CNN_RNND,3369,0.36027059331536293,0.2965632639825344,0.06370733911171556,
0,260816,matched,MATCHED_RicianLOS,Proposed_CA_CNN_RNND,3370,0.19124282151460648,0.17063799127936363,0.020604828372597694,
0,260816,matched,MATCHED_RicianLOS,Proposed_CA_CNN_RNND,3371,0.19022364169359207,0.17280327714979649,0.017420365242287517,
0,260816,matched,MATCHED_RicianLOS,Proposed_CA_CNN_RNND,3372,0.3099072612822056,0.26727402582764626,0.0426332438364625,
0,260816,matched,MATCHED_RicianLOS,Proposed_CA_CNN_RNND,3373,0.23372163623571396,0.20704644918441772,0.026675183791667223,
0,260816,matched,MATCHED_RicianLOS,Proposed_CA_CNN_RNND,3374,0.4162372499704361,0.3415573686361313,0.07467987574636936,
0,260816,matched,MATCHED_RicianLOS,Proposed_CA_CNN_RNND,3375,0.26653286069631577,0.23408867418766022,0.03244418324902654,
0,260816,matched,MATCHED_RicianLOS,Proposed_CA_CNN_RNND,3376,0.270554568618536,0.23413733392953873,0.036417237715795636,
0,260816,matched,MATCHED_RicianLOS,Proposed_CA_CNN_RNND,3377,0.37906184792518616,0.3149806670844555,0.0640811761841178,
0,260816,matched,MATCHED_RicianLOS,Proposed_CA_CNN_RNND,3378,0.3483763858675957,0.2935556210577488,0.0548207723768428,
0,260816,matched,MATCHED_RicianLOS,Proposed_CA_CNN_RNND,3379,0.29135027900338173,0.2574342414736748,0.03391604218631983,
0,260816,matched,MATCHED_RicianLOS,Proposed_CA_CNN_RNND,3380,0.29235170781612396,0.2530617080628872,0.03928999928757548,
0,260816,matched,MATCHED_RicianLOS,Proposed_CA_CNN_RNND,3381,0.25038574263453484,0.21837768703699112,0.03200805652886629,
0,260816,matched,MATCHED_RicianLOS,Proposed_CA_CNN_RNND,3382,0.23638401553034782,0.20597683265805244,0.030407178215682507,
0,260816,matched,MATCHED_RicianLOS,Proposed_CA_CNN_RNND,3383,0.3629867322742939,0.30081241577863693,0.06217431137338281,
0,260816,matched,MATCHED_RicianLOS,Proposed_CA_CNN_RNND,3384,0.320584312081337,0.2702149525284767,0.050369358621537685,
0,260816,matched,MATCHED_RicianLOS,Proposed_CA_CNN_RNND,3385,0.3118334002792835,0.2622836008667946,0.04954979196190834,
0,260816,matched,MATCHED_RicianLOS,Proposed_CA_CNN_RNND,3386,0.27469533309340477,0.23541919887065887,0.03927613887935877,
0,260816,matched,MATCHED_RicianLOS,Proposed_CA_CNN_RNND,3387,0.28195540234446526,0.23673776350915432,0.04521763976663351,
0,260816,matched,MATCHED_RicianLOS,Proposed_CA_CNN_RNND,3388,0.2300802543759346,0.20603149384260178,0.024048759834840894,
0,260816,matched,MATCHED_RicianLOS,Proposed_CA_CNN_RNND,3389,0.2945757918059826,0.24859583005309105,0.04597996827214956,
0,260816,matched,MATCHED_RicianLOS,Proposed_CA_CNN_RNND,3390,0.4195394106209278,0.3480876125395298,0.0714518022723496,
0,260816,matched,MATCHED_RicianLOS,Proposed_CA_CNN_RNND,3391,0.2969860974699259,0.2513933926820755,0.04559270152822137,
0,260816,matched,MATCHED_RicianLOS,Proposed_CA_CNN_RNND,3392,0.3465510793030262,0.2886183112859726,0.05793276196345687,
0,260816,matched,MATCHED_RicianLOS,Proposed_CA_CNN_RNND,3393,0.338649470359087,0.2857438661158085,0.052905610762536526,
0,260816,matched,MATCHED_RicianLOS,Proposed_CA_CNN_RNND,3394,0.23527057096362114,0.20689254254102707,0.028378023067489266,
0,260816,matched,MATCHED_RicianLOS,Proposed_CA_CNN_RNND,3395,0.3960839547216892,0.32355640828609467,0.07252754713408649,
0,260816,matched,MATCHED_RicianLOS,Proposed_CA_CNN_RNND,3396,0.419790580868721,0.3394625447690487,0.08032803423702717,
0,260816,matched,MATCHED_RicianLOS,Proposed_CA_CNN_RNND,3397,0.339783389121294,0.28670528531074524,0.05307811126112938,
0,260816,matched,MATCHED_RicianLOS,Proposed_CA_CNN_RNND,3398,0.3685339167714119,0.3017427623271942,0.06679114699363708,
0,260816,matched,MATCHED_RicianLOS,Proposed_CA_CNN_RNND,3399,0.3220776915550232,0.27665116265416145,0.04542652005329728,
0,260816,matched,MATCHED_RicianLOS,Proposed_CA_CNN_RNND,3400,0.2517250254750252,0.2196483612060547,0.03207666287198663,-1.1692158807250723
0,260816,matched,MATCHED_RicianLOS,Proposed_CA_CNN_RNND,3401,0.25895341485738754,0.22139212489128113,0.037561288685537875,
0,260816,matched,MATCHED_RicianLOS,Proposed_CA_CNN_RNND,3402,0.4416569881141186,0.35691481083631516,0.08474218659102917,
0,260816,matched,MATCHED_RicianLOS,Proposed_CA_CNN_RNND,3403,0.2989257723093033,0.2511945441365242,0.047731219325214624,
0,260816,matched,MATCHED_RicianLOS,Proposed_CA_CNN_RNND,3404,0.35111261531710625,0.2949578333646059,0.05615477729588747,
0,260816,matched,MATCHED_RicianLOS,Proposed_CA_CNN_RNND,3405,0.40373344346880913,0.3297852426767349,0.07394820591434836,
0,260816,matched,MATCHED_RicianLOS,Proposed_CA_CNN_RNND,3406,0.5519709438085556,0.4436085894703865,0.1083623468875885,
0,260816,matched,MATCHED_RicianLOS,Proposed_CA_CNN_RNND,3407,0.30068764835596085,0.2553080916404724,0.04537956044077873,
0,260816,matched,MATCHED_RicianLOS,Proposed_CA_CNN_RNND,3408,0.3031928017735481,0.2644946202635765,0.03869818430393934,
0,260816,matched,MATCHED_RicianLOS,Proposed_CA_CNN_RNND,3409,0.37299444153904915,0.305692620575428,0.06730182329192758,
0,260816,matched,MATCHED_RicianLOS,Proposed_CA_CNN_RNND,3410,0.3312564827501774,0.2778014913201332,0.05345498910173774,
0,260816,matched,MATCHED_RicianLOS,Proposed_CA_CNN_RNND,3411,0.2779409848153591,0.24375520646572113,0.03418577462434769,
0,260816,matched,MATCHED_RicianLOS,Proposed_CA_CNN_RNND,3412,0.229272048920393,0.19658940099179745,0.03268264955841005,
0,260816,matched,MATCHED_RicianLOS,Proposed_CA_CNN_RNND,3413,0.21602872014045715,0.18689907528460026,0.029129649163223803,
0,260816,matched,MATCHED_RicianLOS,Proposed_CA_CNN_RNND,3414,0.3174092769622803,0.26625171676278114,0.05115756578743458,
0,260816,matched,MATCHED_RicianLOS,Proposed_CA_CNN_RNND,3415,0.32420793548226357,0.27296391502022743,0.051244028843939304,
0,260816,matched,MATCHED_RicianLOS,Proposed_CA_CNN_RNND,3416,0.3230622485280037,0.2683360278606415,0.05472622066736221,
0,260816,matched,MATCHED_RicianLOS,Proposed_CA_CNN_RNND,3417,0.3449326455593109,0.28646234422922134,0.05847029807046056,
0,260816,matched,MATCHED_RicianLOS,Proposed_CA_CNN_RNND,3418,0.4012877084314823,0.3344690054655075,0.06681869691237807,
0,260816,matched,MATCHED_RicianLOS,Proposed_CA_CNN_RNND,3419,0.371558990329504,0.3006700426340103,0.07088894722983241,
0,260816,matched,MATCHED_RicianLOS,Proposed_CA_CNN_RNND,3420,0.31141408905386925,0.26214057952165604,0.049273510463535786,
0,260816,matched,MATCHED_RicianLOS,Proposed_CA_CNN_RNND,3421,0.2446256224066019,0.21541376039385796,0.029211859684437513,
0,260816,matched,MATCHED_RicianLOS,Proposed_CA_CNN_RNND,3422,0.39571674913167953,0.32971397787332535,0.06600276287645102,
0,260816,matched,MATCHED_RicianLOS,Proposed_CA_CNN_RNND,3423,0.3047418352216482,0.25967792235314846,0.04506391892209649,
0,260816,matched,MATCHED_RicianLOS,Proposed_CA_CNN_RNND,3424,0.18754198402166367,0.17083865404129028,0.016703325556591153,
0,260816,matched,MATCHED_RicianLOS,Proposed_CA_CNN_RNND,3425,0.36330825090408325,0.3054772652685642,0.057830986101180315,
0,260816,matched,MATCHED_RicianLOS,Proposed_CA_CNN_RNND,3426,0.3652920313179493,0.3097805306315422,0.05551149439997971,
0,260816,matched,MATCHED_RicianLOS,Proposed_CA_CNN_RNND,3427,0.3480418659746647,0.2812460884451866,0.06679577147588134,
0,260816,matched,MATCHED_RicianLOS,Proposed_CA_CNN_RNND,3428,0.3387242257595062,0.2810707651078701,0.05765346880070865,
0,260816,matched,MATCHED_RicianLOS,Proposed_CA_CNN_RNND,3429,0.4085795469582081,0.33285997807979584,0.07571955840103328,
0,260816,matched,MATCHED_RicianLOS,Proposed_CA_CNN_RNND,3430,0.3867450952529907,0.32827795669436455,0.058467141818255186,
0,260816,matched,MATCHED_RicianLOS,Proposed_CA_CNN_RNND,3431,0.2752343751490116,0.23992164805531502,0.03531272942200303,
0,260816,matched,MATCHED_RicianLOS,Proposed_CA_CNN_RNND,3432,0.24323949217796326,0.21749987080693245,0.025739615550264716,
0,260816,matched,MATCHED_RicianLOS,Proposed_CA_CNN_RNND,3433,0.3211202658712864,0.27737266570329666,0.0437475994694978,
0,260816,matched,MATCHED_RicianLOS,Proposed_CA_CNN_RNND,3434,0.2793986201286316,0.2392045110464096,0.04019411723129451,
0,260816,matched,MATCHED_RicianLOS,Proposed_CA_CNN_RNND,3435,0.39355844259262085,0.3263714723289013,0.06718696281313896,
0,260816,matched,MATCHED_RicianLOS,Proposed_CA_CNN_RNND,3436,0.29409869760274887,0.2539066672325134,0.04019203130155802,
0,260816,matched,MATCHED_RicianLOS,Proposed_CA_CNN_RNND,3437,0.3363487422466278,0.2844267562031746,0.051921984646469355,
0,260816,matched,MATCHED_RicianLOS,Proposed_CA_CNN_RNND,3438,0.3533610552549362,0.29941415041685104,0.053946906235069036,
0,260816,matched,MATCHED_RicianLOS,Proposed_CA_CNN_RNND,3439,0.371322825551033,0.3018304966390133,0.0694923265837133,
0,260816,matched,MATCHED_RicianLOS,Proposed_CA_CNN_RNND,3440,0.21427223831415176,0.19061213731765747,0.023660099133849144,
0,260816,matched,MATCHED_RicianLOS,Proposed_CA_CNN_RNND,3441,0.4084976240992546,0.33650632202625275,0.07199129741638899,
0,260816,matched,MATCHED_RicianLOS,Proposed_CA_CNN_RNND,3442,0.31884239614009857,0.2729746401309967,0.045867756474763155,
0,260816,matched,MATCHED_RicianLOS,Proposed_CA_CNN_RNND,3443,0.18751566484570503,0.17509155720472336,0.012424108455888927,
0,260816,matched,MATCHED_RicianLOS,Proposed_CA_CNN_RNND,3444,0.2625637538731098,0.22581785917282104,0.03674590215086937,
0,260816,matched,MATCHED_RicianLOS,Proposed_CA_CNN_RNND,3445,0.27663588523864746,0.23741136491298676,0.03922452824190259,
0,260816,matched,MATCHED_RicianLOS,Proposed_CA_CNN_RNND,3446,0.27571501955389977,0.23621369898319244,0.03950132289901376,
0,260816,matched,MATCHED_RicianLOS,Proposed_CA_CNN_RNND,3447,0.4402962550520897,0.35606323927640915,0.08423301950097084,
0,260816,matched,MATCHED_RicianLOS,Proposed_CA_CNN_RNND,3448,0.2859047129750252,0.24591011554002762,0.03999459859915078,
0,260816,matched,MATCHED_RicianLOS,Proposed_CA_CNN_RNND,3449,0.3705248534679413,0.3118373230099678,0.05868753278627992,
0,260816,matched,MATCHED_RicianLOS,Proposed_CA_CNN_RNND,3450,0.2917844131588936,0.24756300449371338,0.04422140773385763,
0,260816,matched,MATCHED_RicianLOS,Proposed_CA_CNN_RNND,3451,0.26335102692246437,0.22641973197460175,0.03693129098974168,
0,260816,matched,MATCHED_RicianLOS,Proposed_CA_CNN_RNND,3452,0.3767043873667717,0.31303001940250397,0.06367436051368713,
0,260816,matched,MATCHED_RicianLOS,Proposed_CA_CNN_RNND,3453,0.3514041043817997,0.2923572286963463,0.059046866837888956,
0,260816,matched,MATCHED_RicianLOS,Proposed_CA_CNN_RNND,3454,0.3789464011788368,0.3136664032936096,0.06528001045808196,
0,260816,matched,MATCHED_RicianLOS,Proposed_CA_CNN_RNND,3455,0.4127681776881218,0.3362177275121212,0.07655044924467802,
0,260816,matched,MATCHED_RicianLOS,Proposed_CA_CNN_RNND,3456,0.25282504223287106,0.21312909945845604,0.039695945801213384,
0,260816,matched,MATCHED_RicianLOS,Proposed_CA_CNN_RNND,3457,0.4123614765703678,0.3344239518046379,0.07793752709403634,
0,260816,matched,MATCHED_RicianLOS,Proposed_CA_CNN_RNND,3458,0.2022605948150158,0.17369361594319344,0.02856697194511071,
0,260816,matched,MATCHED_RicianLOS,Proposed_CA_CNN_RNND,3459,0.3740886114537716,0.31055523082613945,0.0635333878453821,
0,260816,matched,MATCHED_RicianLOS,Proposed_CA_CNN_RNND,3460,0.20817914605140686,0.18436848372220993,0.02381065918598324,
0,260816,matched,MATCHED_RicianLOS,Proposed_CA_CNN_RNND,3461,0.41035981848835945,0.33021048083901405,0.0801493467297405,
0,260816,matched,MATCHED_RicianLOS,Proposed_CA_CNN_RNND,3462,0.3984062634408474,0.33226081915199757,0.06614544568583369,
0,260816,matched,MATCHED_RicianLOS,Proposed_CA_CNN_RNND,3463,0.3868151940405369,0.3131227605044842,0.07369242375716567,
0,260816,matched,MATCHED_RicianLOS,Proposed_CA_CNN_RNND,3464,0.4063740484416485,0.33530697226524353,0.0710670801345259,
0,260816,matched,MATCHED_RicianLOS,Proposed_CA_CNN_RNND,3465,0.24077507108449936,0.21211674064397812,0.028658328927122056,
0,260816,matched,MATCHED_RicianLOS,Proposed_CA_CNN_RNND,3466,0.311047475785017,0.267464242875576,0.04358324268832803,
0,260816,matched,MATCHED_RicianLOS,Proposed_CA_CNN_RNND,3467,0.3487146534025669,0.29797738045454025,0.050737275276333094,
0,260816,matched,MATCHED_RicianLOS,Proposed_CA_CNN_RNND,3468,0.3996076211333275,0.33135461807250977,0.06825300771743059,
0,260816,matched,MATCHED_RicianLOS,Proposed_CA_CNN_RNND,3469,0.21993007510900497,0.19080692902207375,0.029123149230144918,
0,260816,matched,MATCHED_RicianLOS,Proposed_CA_CNN_RNND,3470,0.41648538783192635,0.33756326138973236,0.07892212318256497,
0,260816,matched,MATCHED_RicianLOS,Proposed_CA_CNN_RNND,3471,0.32475437596440315,0.2713676802814007,0.053386688232421875,
0,260816,matched,MATCHED_RicianLOS,Proposed_CA_CNN_RNND,3472,0.2899664621800184,0.24259866401553154,0.04736779781524092,
0,260816,matched,MATCHED_RicianLOS,Proposed_CA_CNN_RNND,3473,0.27262772619724274,0.24031057953834534,0.032317150849848986,
0,260816,matched,MATCHED_RicianLOS,Proposed_CA_CNN_RNND,3474,0.32361286878585815,0.2762502357363701,0.047362630954012275,
0,260816,matched,MATCHED_RicianLOS,Proposed_CA_CNN_RNND,3475,0.2957156300544739,0.24996540695428848,0.04575022682547569,
0,260816,matched,MATCHED_RicianLOS,Proposed_CA_CNN_RNND,3476,0.36985960602760315,0.30844081565737724,0.06141878478229046,
0,260816,matched,MATCHED_RicianLOS,Proposed_CA_CNN_RNND,3477,0.29376207664608955,0.24775268882513046,0.046009383630007505,
0,260816,matched,MATCHED_RicianLOS,Proposed_CA_CNN_RNND,3478,0.4232901409268379,0.34384993463754654,0.0794402165338397,
0,260816,matched,MATCHED_RicianLOS,Proposed_CA_CNN_RNND,3479,0.3895001597702503,0.3216658644378185,0.06783430185168982,
0,260816,matched,MATCHED_RicianLOS,Proposed_CA_CNN_RNND,3480,0.29345835745334625,0.25272563472390175,0.04073272366076708,
0,260816,matched,MATCHED_RicianLOS,Proposed_CA_CNN_RNND,3481,0.37190966308116913,0.30752968043088913,0.06437998311594129,
0,260816,matched,MATCHED_RicianLOS,Proposed_CA_CNN_RNND,3482,0.34861382469534874,0.2954052872955799,0.05320852901786566,
0,260816,matched,MATCHED_RicianLOS,Proposed_CA_CNN_RNND,3483,0.44851546362042427,0.3694794960319996,0.07903596200048923,
0,260816,matched,MATCHED_RicianLOS,Proposed_CA_CNN_RNND,3484,0.3450065515935421,0.2905328944325447,0.054473659954965115,
0,260816,matched,MATCHED_RicianLOS,Proposed_CA_CNN_RNND,3485,0.34862522780895233,0.29177675768733025,0.05684846616350114,
0,260816,matched,MATCHED_RicianLOS,Proposed_CA_CNN_RNND,3486,0.4394463151693344,0.3535108454525471,0.08593546412885189,
0,260816,matched,MATCHED_RicianLOS,Proposed_CA_CNN_RNND,3487,0.2574729844927788,0.22320032119750977,0.03427266969811171,
0,260816,matched,MATCHED_RicianLOS,Proposed_CA_CNN_RNND,3488,0.41611960530281067,0.34180348366498947,0.07431611977517605,
0,260816,matched,MATCHED_RicianLOS,Proposed_CA_CNN_RNND,3489,0.4049985520541668,0.3267512619495392,0.07824728451669216,
0,260816,matched,MATCHED_RicianLOS,Proposed_CA_CNN_RNND,3490,0.32532157376408577,0.26853255182504654,0.05678902426734567,
0,260816,matched,MATCHED_RicianLOS,Proposed_CA_CNN_RNND,3491,0.34660907462239265,0.29680074751377106,0.049808332696557045,
0,260816,matched,MATCHED_RicianLOS,Proposed_CA_CNN_RNND,3492,0.44183871895074844,0.3576471693813801,0.08419156039599329,
0,260816,matched,MATCHED_RicianLOS,Proposed_CA_CNN_RNND,3493,0.196978272870183,0.1776149868965149,0.019363286439329386,
0,260816,matched,MATCHED_RicianLOS,Proposed_CA_CNN_RNND,3494,0.22090936452150345,0.19954078271985054,0.021368580870330334,
0,260816,matched,MATCHED_RicianLOS,Proposed_CA_CNN_RNND,3495,0.3316874150186777,0.27677924558520317,0.054908178048208356,
0,260816,matched,MATCHED_RicianLOS,Proposed_CA_CNN_RNND,3496,0.24293522909283638,0.21004531532526016,0.03288991190493107,
0,260816,matched,MATCHED_RicianLOS,Proposed_CA_CNN_RNND,3497,0.3759432453662157,0.30919588170945644,0.06674735981505364,
0,260816,matched,MATCHED_RicianLOS,Proposed_CA_CNN_RNND,3498,0.307113952934742,0.2569706216454506,0.05014333548024297,
0,260816,matched,MATCHED_RicianLOS,Proposed_CA_CNN_RNND,3499,0.3309391215443611,0.2802712693810463,0.05066784890368581,
0,260816,matched,MATCHED_RicianLOS,Proposed_CA_CNN_RNND,3500,0.3677964061498642,0.31292038038372993,0.05487602623179555,
0,260816,matched,MATCHED_RicianLOS,Proposed_CA_CNN_RNND,3501,0.23362144455313683,0.20837553590536118,0.02524590538814664,
0,260816,matched,MATCHED_RicianLOS,Proposed_CA_CNN_RNND,3502,0.19983824901282787,0.18379749916493893,0.016040745424106717,
0,260816,matched,MATCHED_RicianLOS,Proposed_CA_CNN_RNND,3503,0.28836923465132713,0.2449975647032261,0.04337167157791555,
0,260816,matched,MATCHED_RicianLOS,Proposed_CA_CNN_RNND,3504,0.376246377825737,0.31515222787857056,0.06109415087848902,
0,260816,matched,MATCHED_RicianLOS,Proposed_CA_CNN_RNND,3505,0.33935802057385445,0.28961627557873726,0.04974174196831882,
0,260816,matched,MATCHED_RicianLOS,Proposed_CA_CNN_RNND,3506,0.2808632291853428,0.25111543014645576,0.02974780322983861,
0,260816,matched,MATCHED_RicianLOS,Proposed_CA_CNN_RNND,3507,0.31405364349484444,0.2699335403740406,0.04412010801024735,
0,260816,matched,MATCHED_RicianLOS,Proposed_CA_CNN_RNND,3508,0.36364661157131195,0.2997898831963539,0.06385673629119992,
0,260816,matched,MATCHED_RicianLOS,Proposed_CA_CNN_RNND,3509,0.32423006370663643,0.26879290118813515,0.05543716112151742,
0,260816,matched,MATCHED_RicianLOS,Proposed_CA_CNN_RNND,3510,0.415666077286005,0.3418395146727562,0.07382656587287784,
0,260816,matched,MATCHED_RicianLOS,Proposed_CA_CNN_RNND,3511,0.3202451914548874,0.27139144390821457,0.048853752901777625,
0,260816,matched,MATCHED_RicianLOS,Proposed_CA_CNN_RNND,3512,0.47155484929680824,0.3858819976449013,0.0856728395447135,
0,260816,matched,MATCHED_RicianLOS,Proposed_CA_CNN_RNND,3513,0.30628814548254013,0.256869412958622,0.049418730661273,
0,260816,matched,MATCHED_RicianLOS,Proposed_CA_CNN_RNND,3514,0.4434702768921852,0.35920653492212296,0.08426374476402998,
0,260816,matched,MATCHED_RicianLOS,Proposed_CA_CNN_RNND,3515,0.2798123322427273,0.23852195590734482,0.041290377266705036,
0,260816,matched,MATCHED_RicianLOS,Proposed_CA_CNN_RNND,3516,0.4400813728570938,0.35914216190576553,0.08093920350074768,
0,260816,matched,MATCHED_RicianLOS,Proposed_CA_CNN_RNND,3517,0.32009437307715416,0.2717299871146679,0.048364381305873394,
0,260816,matched,MATCHED_RicianLOS,Proposed_CA_CNN_RNND,3518,0.2773830480873585,0.23821723088622093,0.039165817433968186,
0,260816,matched,MATCHED_RicianLOS,Proposed_CA_CNN_RNND,3519,0.394495390355587,0.32142969593405724,0.07306570280343294,
0,260816,matched,MATCHED_RicianLOS,Proposed_CA_CNN_RNND,3520,0.2619144469499588,0.22387553378939629,0.0380389122874476,
0,260816,matched,MATCHED_RicianLOS,Proposed_CA_CNN_RNND,3521,0.34092992544174194,0.2850040793418884,0.055925849825143814,
0,260816,matched,MATCHED_RicianLOS,Proposed_CA_CNN_RNND,3522,0.30595771223306656,0.26693540811538696,0.03902230691164732,
0,260816,matched,MATCHED_RicianLOS,Proposed_CA_CNN_RNND,3523,0.43283286690711975,0.3517444431781769,0.08108841208741069,
0,260816,matched,MATCHED_RicianLOS,Proposed_CA_CNN_RNND,3524,0.3324323482811451,0.2662905715405941,0.0661417837254703,
0,260816,matched,MATCHED_RicianLOS,Proposed_CA_CNN_RNND,3525,0.38771337270736694,0.317155871540308,0.07055748719722033,
0,260816,matched,MATCHED_RicianLOS,Proposed_CA_CNN_RNND,3526,0.41274337470531464,0.345126710832119,0.06761666387319565,
0,260816,matched,MATCHED_RicianLOS,Proposed_CA_CNN_RNND,3527,0.5032413229346275,0.40892962366342545,0.09431169554591179,
0,260816,matched,MATCHED_RicianLOS,Proposed_CA_CNN_RNND,3528,0.2664792947471142,0.2302590273320675,0.0362202706746757,
0,260816,matched,MATCHED_RicianLOS,Proposed_CA_CNN_RNND,3529,0.2674925811588764,0.23365183174610138,0.033840744057670236,
0,260816,matched,MATCHED_RicianLOS,Proposed_CA_CNN_RNND,3530,0.3006799928843975,0.2599543184041977,0.04072567727416754,
0,260816,matched,MATCHED_RicianLOS,Proposed_CA_CNN_RNND,3531,0.3360214792191982,0.2806502878665924,0.05537119135260582,
0,260816,matched,MATCHED_RicianLOS,Proposed_CA_CNN_RNND,3532,0.29087716341018677,0.23705154284834862,0.05382561846636236,
0,260816,matched,MATCHED_RicianLOS,Proposed_CA_CNN_RNND,3533,0.2425023354589939,0.21260887011885643,0.029893463477492332,
0,260816,matched,MATCHED_RicianLOS,Proposed_CA_CNN_RNND,3534,0.340280395001173,0.27766178175807,0.06261861650273204,
0,260816,matched,MATCHED_RicianLOS,Proposed_CA_CNN_RNND,3535,0.18624235317111015,0.16911541670560837,0.017126937163993716,
0,260816,matched,MATCHED_RicianLOS,Proposed_CA_CNN_RNND,3536,0.26555991545319557,0.22946804389357567,0.03609187016263604,
0,260816,matched,MATCHED_RicianLOS,Proposed_CA_CNN_RNND,3537,0.3535474129021168,0.29113883152604103,0.062408585799857974,
0,260816,matched,MATCHED_RicianLOS,Proposed_CA_CNN_RNND,3538,0.3130338042974472,0.26696477457880974,0.04606902552768588,
0,260816,matched,MATCHED_RicianLOS,Proposed_CA_CNN_RNND,3539,0.42526377737522125,0.35264860838651657,0.07261516526341438,
0,260816,matched,MATCHED_RicianLOS,Proposed_CA_CNN_RNND,3540,0.41804559901356697,0.3400491178035736,0.07799648586660624,
0,260816,matched,MATCHED_RicianLOS,Proposed_CA_CNN_RNND,3541,0.3367493450641632,0.28801195323467255,0.048737393226474524,
0,260816,matched,MATCHED_RicianLOS,Proposed_CA_CNN_RNND,3542,0.3725348301231861,0.3059253469109535,0.06660948228091002,
0,260816,matched,MATCHED_RicianLOS,Proposed_CA_CNN_RNND,3543,0.424347884953022,0.3487957492470741,0.07555213570594788,
0,260816,matched,MATCHED_RicianLOS,Proposed_CA_CNN_RNND,3544,0.36473046243190765,0.31100303679704666,0.05372743308544159,
0,260816,matched,MATCHED_RicianLOS,Proposed_CA_CNN_RNND,3545,0.24525468051433563,0.21670806407928467,0.028546622022986412,
0,260816,matched,MATCHED_RicianLOS,Proposed_CA_CNN_RNND,3546,0.2872872296720743,0.2373882159590721,0.04989900556392968,
0,260816,matched,MATCHED_RicianLOS,Proposed_CA_CNN_RNND,3547,0.2864602319896221,0.24372481182217598,0.04273542249575257,
0,260816,matched,MATCHED_RicianLOS,Proposed_CA_CNN_RNND,3548,0.4082942232489586,0.3344494588673115,0.07384476624429226,
0,260816,matched,MATCHED_RicianLOS,Proposed_CA_CNN_RNND,3549,0.3385755494236946,0.28906264901161194,0.04951289528980851,
0,260816,matched,MATCHED_RicianLOS,Proposed_CA_CNN_RNND,3550,0.3640111945569515,0.30032258480787277,0.0636886153370142,
0,260816,matched,MATCHED_RicianLOS,Proposed_CA_CNN_RNND,3551,0.37205396220088005,0.31305917352437973,0.05899478495121002,
0,260816,matched,MATCHED_RicianLOS,Proposed_CA_CNN_RNND,3552,0.23698555678129196,0.203208290040493,0.03377726161852479,
0,260816,matched,MATCHED_RicianLOS,Proposed_CA_CNN_RNND,3553,0.3435334675014019,0.2745191156864166,0.06901434960309416,
0,260816,matched,MATCHED_RicianLOS,Proposed_CA_CNN_RNND,3554,0.34468521922826767,0.29577571153640747,0.048909511882811785,
0,260816,matched,MATCHED_RicianLOS,Proposed_CA_CNN_RNND,3555,0.4284074231982231,0.34642480313777924,0.08198262238875031,
0,260816,matched,MATCHED_RicianLOS,Proposed_CA_CNN_RNND,3556,0.28840501233935356,0.2416539527475834,0.046751047717407346,
0,260816,matched,MATCHED_RicianLOS,Proposed_CA_CNN_RNND,3557,0.4019490219652653,0.33440232649445534,0.06754669919610023,
0,260816,matched,MATCHED_RicianLOS,Proposed_CA_CNN_RNND,3558,0.40452883020043373,0.33232785761356354,0.0722009725868702,
0,260816,matched,MATCHED_RicianLOS,Proposed_CA_CNN_RNND,3559,0.33673298731446266,0.2837073430418968,0.05302564427256584,
0,260816,matched,MATCHED_RicianLOS,Proposed_CA_CNN_RNND,3560,0.3116541560739279,0.2632656004279852,0.04838855646084994,
0,260816,matched,MATCHED_RicianLOS,Proposed_CA_CNN_RNND,3561,0.40846412628889084,0.32839301973581314,0.0800710953772068,
0,260816,matched,MATCHED_RicianLOS,Proposed_CA_CNN_RNND,3562,0.24410634487867355,0.20827380567789078,0.03583253733813763,
0,260816,matched,MATCHED_RicianLOS,Proposed_CA_CNN_RNND,3563,0.21699799224734306,0.18882933631539345,0.02816865616478026,
0,260816,matched,MATCHED_RicianLOS,Proposed_CA_CNN_RNND,3564,0.41197146475315094,0.33874350413680077,0.07322795921936631,
0,260816,matched,MATCHED_RicianLOS,Proposed_CA_CNN_RNND,3565,0.32210731133818626,0.2775732986629009,0.044534009182825685,
0,260816,matched,MATCHED_RicianLOS,Proposed_CA_CNN_RNND,3566,0.2544292323291302,0.22368210554122925,0.03074712958186865,
0,260816,matched,MATCHED_RicianLOS,Proposed_CA_CNN_RNND,3567,0.342922855168581,0.2856127191334963,0.05731014139018953,
0,260816,matched,MATCHED_RicianLOS,Proposed_CA_CNN_RNND,3568,0.4276048094034195,0.36097314953804016,0.0666316645219922,
0,260816,matched,MATCHED_RicianLOS,Proposed_CA_CNN_RNND,3569,0.2688634470105171,0.22712212055921555,0.04174132738262415,
0,260816,matched,MATCHED_RicianLOS,Proposed_CA_CNN_RNND,3570,0.39648282900452614,0.32532669231295586,0.07115612830966711,
0,260816,matched,MATCHED_RicianLOS,Proposed_CA_CNN_RNND,3571,0.23966596648097038,0.2123331055045128,0.027332864701747894,
0,260816,matched,MATCHED_RicianLOS,Proposed_CA_CNN_RNND,3572,0.23808282986283302,0.20836934074759483,0.029713487718254328,
0,260816,matched,MATCHED_RicianLOS,Proposed_CA_CNN_RNND,3573,0.34702983871102333,0.28409048914909363,0.06293935235589743,
0,260816,matched,MATCHED_RicianLOS,Proposed_CA_CNN_RNND,3574,0.33837639167904854,0.28249478340148926,0.05588161339983344,
0,260816,matched,MATCHED_RicianLOS,Proposed_CA_CNN_RNND,3575,0.3306756392121315,0.2743004225194454,0.05637521203607321,
0,260816,matched,MATCHED_RicianLOS,Proposed_CA_CNN_RNND,3576,0.23434517346322536,0.2041623331606388,0.03018284123390913,
0,260816,matched,MATCHED_RicianLOS,Proposed_CA_CNN_RNND,3577,0.30476006492972374,0.257760614156723,0.04699945426546037,
0,260816,matched,MATCHED_RicianLOS,Proposed_CA_CNN_RNND,3578,0.45130739361047745,0.3697393834590912,0.08156799711287022,
0,260816,matched,MATCHED_RicianLOS,Proposed_CA_CNN_RNND,3579,0.18036237359046936,0.16429299488663673,0.016069380333647132,
0,260816,matched,MATCHED_RicianLOS,Proposed_CA_CNN_RNND,3580,0.3247769735753536,0.2738149669021368,0.05096199852414429,
0,260816,matched,MATCHED_RicianLOS,Proposed_CA_CNN_RNND,3581,0.4374307729303837,0.3582586273550987,0.07917216327041388,
0,260816,matched,MATCHED_RicianLOS,Proposed_CA_CNN_RNND,3582,0.3043806552886963,0.258604072034359,0.04577658255584538,
0,260816,matched,MATCHED_RicianLOS,Proposed_CA_CNN_RNND,3583,0.39744704216718674,0.33521847054362297,0.062228573486208916,
0,260816,matched,MATCHED_RicianLOS,Proposed_CA_CNN_RNND,3584,0.31004108488559723,0.27151885628700256,0.03852222627028823,
0,260816,matched,MATCHED_RicianLOS,Proposed_CA_CNN_RNND,3585,0.4819554276764393,0.3925710543990135,0.08938435930758715,
0,260816,matched,MATCHED_RicianLOS,Proposed_CA_CNN_RNND,3586,0.27870868518948555,0.2373756766319275,0.0413330087903887,
0,260816,matched,MATCHED_RicianLOS,Proposed_CA_CNN_RNND,3587,0.3769352622330189,0.3151400275528431,0.061795242480002344,
0,260816,matched,MATCHED_RicianLOS,Proposed_CA_CNN_RNND,3588,0.24420739337801933,0.2052585557103157,0.03894883510656655,
0,260816,matched,MATCHED_RicianLOS,Proposed_CA_CNN_RNND,3589,0.251810722053051,0.22282671369612217,0.028984010685235262,
0,260816,matched,MATCHED_RicianLOS,Proposed_CA_CNN_RNND,3590,0.25842631235718727,0.22118625231087208,0.0372400643536821,
0,260816,matched,MATCHED_RicianLOS,Proposed_CA_CNN_RNND,3591,0.17769226245582104,0.16149196028709412,0.016200302285142243,
0,260816,matched,MATCHED_RicianLOS,Proposed_CA_CNN_RNND,3592,0.35408681258559227,0.3017396368086338,0.05234717903658748,
0,260816,matched,MATCHED_RicianLOS,Proposed_CA_CNN_RNND,3593,0.33088652789592743,0.27820364385843277,0.05268288357183337,
0,260816,matched,MATCHED_RicianLOS,Proposed_CA_CNN_RNND,3594,0.33042653650045395,0.2774405851960182,0.052985950955189764,
0,260816,matched,MATCHED_RicianLOS,Proposed_CA_CNN_RNND,3595,0.3541472963988781,0.29721400886774063,0.05693329218775034,
0,260816,matched,MATCHED_RicianLOS,Proposed_CA_CNN_RNND,3596,0.4297628439962864,0.35002003610134125,0.07974281581118703,
0,260816,matched,MATCHED_RicianLOS,Proposed_CA_CNN_RNND,3597,0.24693242460489273,0.2143646478652954,0.03256777592469007,
0,260816,matched,MATCHED_RicianLOS,Proposed_CA_CNN_RNND,3598,0.3550088629126549,0.29756031185388565,0.05744855757802725,
0,260816,matched,MATCHED_RicianLOS,Proposed_CA_CNN_RNND,3599,0.30855200439691544,0.26447249203920364,0.04407951049506664,
0,260816,matched,MATCHED_RicianLOS,Proposed_CA_CNN_RNND,3600,0.2803647629916668,0.2401777058839798,0.04018705966882408,-1.1675988383367963
0,260816,matched,MATCHED_RicianLOS,Proposed_CA_CNN_RNND,3601,0.416589118540287,0.34449295327067375,0.07209615409374237,
0,260816,matched,MATCHED_RicianLOS,Proposed_CA_CNN_RNND,3602,0.3240899592638016,0.27219613641500473,0.051893819123506546,
0,260816,matched,MATCHED_RicianLOS,Proposed_CA_CNN_RNND,3603,0.2725390437990427,0.2292686589062214,0.043270383728668094,
0,260816,matched,MATCHED_RicianLOS,Proposed_CA_CNN_RNND,3604,0.29920652136206627,0.2567056640982628,0.04250085889361799,
0,260816,matched,MATCHED_RicianLOS,Proposed_CA_CNN_RNND,3605,0.3800214156508446,0.3236513137817383,0.05637009721249342,
0,260816,matched,MATCHED_RicianLOS,Proposed_CA_CNN_RNND,3606,0.4181700088083744,0.3462716341018677,0.07189838355407119,
0,260816,matched,MATCHED_RicianLOS,Proposed_CA_CNN_RNND,3607,0.2784191630780697,0.2409820631146431,0.037437095772475004,
0,260816,matched,MATCHED_RicianLOS,Proposed_CA_CNN_RNND,3608,0.18619793839752674,0.16656329855322838,0.0196346421726048,
0,260816,matched,MATCHED_RicianLOS,Proposed_CA_CNN_RNND,3609,0.3969191461801529,0.32913482561707497,0.06778432708233595,
0,260816,matched,MATCHED_RicianLOS,Proposed_CA_CNN_RNND,3610,0.5114881545305252,0.40976107120513916,0.1017270628362894,
0,260816,matched,MATCHED_RicianLOS,Proposed_CA_CNN_RNND,3611,0.2986344285309315,0.25855471193790436,0.04007971379905939,
0,260816,matched,MATCHED_RicianLOS,Proposed_CA_CNN_RNND,3612,0.27448514103889465,0.23773092776536942,0.03675420908257365,
0,260816,matched,MATCHED_RicianLOS,Proposed_CA_CNN_RNND,3613,0.31920065358281136,0.2615344990044832,0.05766615550965071,
0,260816,matched,MATCHED_RicianLOS,Proposed_CA_CNN_RNND,3614,0.28865285590291023,0.24647218361496925,0.04218067787587643,
0,260816,matched,MATCHED_RicianLOS,Proposed_CA_CNN_RNND,3615,0.31217917054891586,0.2606043815612793,0.05157479119952768,
0,260816,matched,MATCHED_RicianLOS,Proposed_CA_CNN_RNND,3616,0.18883104622364044,0.1712557002902031,0.0175753467483446,
0,260816,matched,MATCHED_RicianLOS,Proposed_CA_CNN_RNND,3617,0.24855254963040352,0.21802707761526108,0.030525472480803728,
0,260816,matched,MATCHED_RicianLOS,Proposed_CA_CNN_RNND,3618,0.4998385012149811,0.4006020724773407,0.09923642873764038,
0,260816,matched,MATCHED_RicianLOS,Proposed_CA_CNN_RNND,3619,0.3420047014951706,0.2940864711999893,0.04791822796687484,
0,260816,matched,MATCHED_RicianLOS,Proposed_CA_CNN_RNND,3620,0.4514651857316494,0.36460214853286743,0.08686302090063691,
0,260816,matched,MATCHED_RicianLOS,Proposed_CA_CNN_RNND,3621,0.43165869638323784,0.3544212393462658,0.07723745843395591,
0,260816,matched,MATCHED_RicianLOS,Proposed_CA_CNN_RNND,3622,0.18271353468298912,0.16215240955352783,0.020561126642860472,
0,260816,matched,MATCHED_RicianLOS,Proposed_CA_CNN_RNND,3623,0.42383575439453125,0.34570755809545517,0.07812819140963256,
0,260816,matched,MATCHED_RicianLOS,Proposed_CA_CNN_RNND,3624,0.37656987458467484,0.30914779752492905,0.06742207915522158,
0,260816,matched,MATCHED_RicianLOS,Proposed_CA_CNN_RNND,3625,0.32510264962911606,0.2724129743874073,0.052689673379063606,
0,260816,matched,MATCHED_RicianLOS,Proposed_CA_CNN_RNND,3626,0.30064497143030167,0.2535541504621506,0.04709082283079624,
0,260816,matched,MATCHED_RicianLOS,Proposed_CA_CNN_RNND,3627,0.4242672771215439,0.3541407957673073,0.07012647669762373,
0,260816,matched,MATCHED_RicianLOS,Proposed_CA_CNN_RNND,3628,0.44504518061876297,0.35947345197200775,0.08557172492146492,
0,260816,matched,MATCHED_RicianLOS,Proposed_CA_CNN_RNND,3629,0.4072658643126488,0.3319163881242275,0.07534947898238897,
0,260816,matched,MATCHED_RicianLOS,Proposed_CA_CNN_RNND,3630,0.3020242005586624,0.25960440188646317,0.042419802863150835,
0,260816,matched,MATCHED_RicianLOS,Proposed_CA_CNN_RNND,3631,0.3177797794342041,0.26623381674289703,0.051545959897339344,
0,260816,matched,MATCHED_RicianLOS,Proposed_CA_CNN_RNND,3632,0.164505984634161,0.1498408392071724,0.014665147755295038,
0,260816,matched,MATCHED_RicianLOS,Proposed_CA_CNN_RNND,3633,0.4013679437339306,0.3314708545804024,0.06989710638299584,
0,260816,matched,MATCHED_RicianLOS,Proposed_CA_CNN_RNND,3634,0.32637862861156464,0.27540383860468864,0.05097479373216629,
0,260816,matched,MATCHED_RicianLOS,Proposed_CA_CNN_RNND,3635,0.3283647187054157,0.27404041588306427,0.05432430747896433,
0,260816,matched,MATCHED_RicianLOS,Proposed_CA_CNN_RNND,3636,0.4668280854821205,0.38144875690340996,0.08537932019680738,
0,260816,matched,MATCHED_RicianLOS,Proposed_CA_CNN_RNND,3637,0.35320450365543365,0.2952335774898529,0.05797092290595174,
0,260816,matched,MATCHED_RicianLOS,Proposed_CA_CNN_RNND,3638,0.3119177259504795,0.26530488952994347,0.04661283362656832,
0,260816,matched,MATCHED_RicianLOS,Proposed_CA_CNN_RNND,3639,0.44429048895835876,0.3604794517159462,0.08381103398278356,
0,260816,matched,MATCHED_RicianLOS,Proposed_CA_CNN_RNND,3640,0.3173503056168556,0.26819839887320995,0.04915191174950451,
0,260816,matched,MATCHED_RicianLOS,Proposed_CA_CNN_RNND,3641,0.17342856898903847,0.15753789618611336,0.015890670707449317,
0,260816,matched,MATCHED_RicianLOS,Proposed_CA_CNN_RNND,3642,0.3952588811516762,0.33482325077056885,0.06043562386184931,
0,260816,matched,MATCHED_RicianLOS,Proposed_CA_CNN_RNND,3643,0.29904573783278465,0.24833913147449493,0.05070660635828972,
0,260816,matched,MATCHED_RicianLOS,Proposed_CA_CNN_RNND,3644,0.23242871463298798,0.2003413736820221,0.03208734514191747,
0,260816,matched,MATCHED_RicianLOS,Proposed_CA_CNN_RNND,3645,0.263545248657465,0.22630613297224045,0.03723911684937775,
0,260816,matched,MATCHED_RicianLOS,Proposed_CA_CNN_RNND,3646,0.4151080697774887,0.3451787792146206,0.06992928311228752,
0,260816,matched,MATCHED_RicianLOS,Proposed_CA_CNN_RNND,3647,0.4020448178052902,0.34008580446243286,0.06195901008322835,
0,260816,matched,MATCHED_RicianLOS,Proposed_CA_CNN_RNND,3648,0.318797305226326,0.2741802167147398,0.044617085717618465,
0,260816,matched,MATCHED_RicianLOS,Proposed_CA_CNN_RNND,3649,0.2794727794826031,0.2397037260234356,0.039769054390490055,
0,260816,matched,MATCHED_RicianLOS,Proposed_CA_CNN_RNND,3650,0.4070914648473263,0.3310820050537586,0.0760094509460032,
0,260816,matched,MATCHED_RicianLOS,Proposed_CA_CNN_RNND,3651,0.3949251174926758,0.32986558973789215,0.06505952775478363,
0,260816,matched,MATCHED_RicianLOS,Proposed_CA_CNN_RNND,3652,0.3529270403087139,0.29717138037085533,0.05575565714389086,
0,260816,matched,MATCHED_RicianLOS,Proposed_CA_CNN_RNND,3653,0.3453749306499958,0.28513067960739136,0.06024425709620118,
0,260816,matched,MATCHED_RicianLOS,Proposed_CA_CNN_RNND,3654,0.4449657164514065,0.36343804746866226,0.08152765966951847,
0,260816,matched,MATCHED_RicianLOS,Proposed_CA_CNN_RNND,3655,0.4212435111403465,0.3513057306408882,0.06993778049945831,
0,260816,matched,MATCHED_RicianLOS,Proposed_CA_CNN_RNND,3656,0.2774285674095154,0.2390328273177147,0.038395744282752275,
0,260816,matched,MATCHED_RicianLOS,Proposed_CA_CNN_RNND,3657,0.45153170078992844,0.37074948847293854,0.08078220998868346,
0,260816,matched,MATCHED_RicianLOS,Proposed_CA_CNN_RNND,3658,0.46334587782621384,0.3741472586989403,0.08919862192124128,
0,260816,matched,MATCHED_RicianLOS,Proposed_CA_CNN_RNND,3659,0.2419816479086876,0.20883191004395485,0.03314973460510373,
0,260816,matched,MATCHED_RicianLOS,Proposed_CA_CNN_RNND,3660,0.2458408586680889,0.21519869565963745,0.030642165802419186,
0,260816,matched,MATCHED_RicianLOS,Proposed_CA_CNN_RNND,3661,0.26090797409415245,0.2264760062098503,0.03443196788430214,
0,260816,matched,MATCHED_RicianLOS,Proposed_CA_CNN_RNND,3662,0.29550204426050186,0.2479296773672104,0.047572363168001175,
0,260816,matched,MATCHED_RicianLOS,Proposed_CA_CNN_RNND,3663,0.40751706808805466,0.3391481786966324,0.06836888240650296,
0,260816,matched,MATCHED_RicianLOS,Proposed_CA_CNN_RNND,3664,0.43265481665730476,0.3563542142510414,0.0763005898334086,
0,260816,matched,MATCHED_RicianLOS,Proposed_CA_CNN_RNND,3665,0.3334924913942814,0.28739528730511665,0.046097205486148596,
0,260816,matched,MATCHED_RicianLOS,Proposed_CA_CNN_RNND,3666,0.22302403673529625,0.20090245828032494,0.022121580550447106,
0,260816,matched,MATCHED_RicianLOS,Proposed_CA_CNN_RNND,3667,0.3361470066010952,0.2830338813364506,0.05311312759295106,
0,260816,matched,MATCHED_RicianLOS,Proposed_CA_CNN_RNND,3668,0.38107218220829964,0.3185872361063957,0.06248494004830718,
0,260816,matched,MATCHED_RicianLOS,Proposed_CA_CNN_RNND,3669,0.3763856440782547,0.31182628870010376,0.06455935444682837,
0,260816,matched,MATCHED_RicianLOS,Proposed_CA_CNN_RNND,3670,0.5520883202552795,0.43713632971048355,0.1149519830942154,
0,260816,matched,MATCHED_RicianLOS,Proposed_CA_CNN_RNND,3671,0.33885107561945915,0.28559378534555435,0.05325728841125965,
0,260816,matched,MATCHED_RicianLOS,Proposed_CA_CNN_RNND,3672,0.2938566729426384,0.25189703702926636,0.04195963917300105,
0,260816,matched,MATCHED_RicianLOS,Proposed_CA_CNN_RNND,3673,0.41953571885824203,0.3492417559027672,0.07029396295547485,
0,260816,matched,MATCHED_RicianLOS,Proposed_CA_CNN_RNND,3674,0.31801754608750343,0.2665540650486946,0.05146347440313548,
0,260816,matched,MATCHED_RicianLOS,Proposed_CA_CNN_RNND,3675,0.30374985188245773,0.2578784991055727,0.0458713558036834,
0,260816,matched,MATCHED_RicianLOS,Proposed_CA_CNN_RNND,3676,0.2738664522767067,0.24089480563998222,0.032971646171063185,
0,260816,matched,MATCHED_RicianLOS,Proposed_CA_CNN_RNND,3677,0.397781603038311,0.32898762822151184,0.06879397202283144,
0,260816,matched,MATCHED_RicianLOS,Proposed_CA_CNN_RNND,3678,0.34341828897595406,0.2880164347589016,0.05540185049176216,
0,260816,matched,MATCHED_RicianLOS,Proposed_CA_CNN_RNND,3679,0.34988800063729286,0.29025300964713097,0.059634990990161896,
0,260816,matched,MATCHED_RicianLOS,Proposed_CA_CNN_RNND,3680,0.3742327056825161,0.30858077853918076,0.06565192248672247,
0,260816,matched,MATCHED_RicianLOS,Proposed_CA_CNN_RNND,3681,0.2649453319609165,0.22750716283917427,0.037438172148540616,
0,260816,matched,MATCHED_RicianLOS,Proposed_CA_CNN_RNND,3682,0.27569136396050453,0.24589264765381813,0.02979871490970254,
0,260816,matched,MATCHED_RicianLOS,Proposed_CA_CNN_RNND,3683,0.35605986788868904,0.29939154535532,0.05666831787675619,
0,260816,matched,MATCHED_RicianLOS,Proposed_CA_CNN_RNND,3684,0.26188282668590546,0.22621408849954605,0.035668742610141635,
0,260816,matched,MATCHED_RicianLOS,Proposed_CA_CNN_RNND,3685,0.4125044457614422,0.3377072084695101,0.07479724125005305,
0,260816,matched,MATCHED_RicianLOS,Proposed_CA_CNN_RNND,3686,0.34615619480609894,0.2922362983226776,0.05391990067437291,
0,260816,matched,MATCHED_RicianLOS,Proposed_CA_CNN_RNND,3687,0.4636034816503525,0.37170423939824104,0.09189924784004688,
0,260816,matched,MATCHED_RicianLOS,Proposed_CA_CNN_RNND,3688,0.24880867265164852,0.21663153357803822,0.03217714233323932,
0,260816,matched,MATCHED_RicianLOS,Proposed_CA_CNN_RNND,3689,0.2128930650651455,0.19064145348966122,0.02225161576643586,
0,260816,matched,MATCHED_RicianLOS,Proposed_CA_CNN_RNND,3690,0.5792099833488464,0.4562828838825226,0.12292708829045296,
0,260816,matched,MATCHED_RicianLOS,Proposed_CA_CNN_RNND,3691,0.23771558329463005,0.20187412202358246,0.035841457545757294,
0,260816,matched,MATCHED_RicianLOS,Proposed_CA_CNN_RNND,3692,0.4496297165751457,0.3661678060889244,0.08346191607415676,
0,260816,matched,MATCHED_RicianLOS,Proposed_CA_CNN_RNND,3693,0.4405011013150215,0.3636259362101555,0.07687516789883375,
0,260816,matched,MATCHED_RicianLOS,Proposed_CA_CNN_RNND,3694,0.25610140338540077,0.22547905519604683,0.03062235563993454,
0,260816,matched,MATCHED_RicianLOS,Proposed_CA_CNN_RNND,3695,0.2533155959099531,0.2164351139217615,0.036880488973110914,
0,260816,matched,MATCHED_RicianLOS,Proposed_CA_CNN_RNND,3696,0.37680527567863464,0.31819162517786026,0.05861365236341953,
0,260816,matched,MATCHED_RicianLOS,Proposed_CA_CNN_RNND,3697,0.40799181163311005,0.3475664108991623,0.0604254025965929,
0,260816,matched,MATCHED_RicianLOS,Proposed_CA_CNN_RNND,3698,0.24016079679131508,0.21171985939145088,0.02844093763269484,
0,260816,matched,MATCHED_RicianLOS,Proposed_CA_CNN_RNND,3699,0.30286021903157234,0.2522202841937542,0.050639936700463295,
0,260816,matched,MATCHED_RicianLOS,Proposed_CA_CNN_RNND,3700,0.2199949473142624,0.1930587850511074,0.02693616272881627,
0,260816,matched,MATCHED_RicianLOS,Proposed_CA_CNN_RNND,3701,0.3856230564415455,0.326172411441803,0.05945064406841993,
0,260816,matched,MATCHED_RicianLOS,Proposed_CA_CNN_RNND,3702,0.2952232100069523,0.24388805404305458,0.05133514665067196,
0,260816,matched,MATCHED_RicianLOS,Proposed_CA_CNN_RNND,3703,0.283425971865654,0.23755370825529099,0.045872257789596915,
0,260816,matched,MATCHED_RicianLOS,Proposed_CA_CNN_RNND,3704,0.3280320093035698,0.28199872747063637,0.046033274848014116,
0,260816,matched,MATCHED_RicianLOS,Proposed_CA_CNN_RNND,3705,0.35364898294210434,0.2915639467537403,0.06208504596725106,
0,260816,matched,MATCHED_RicianLOS,Proposed_CA_CNN_RNND,3706,0.3056604154407978,0.253803638741374,0.05185678170528263,
0,260816,matched,MATCHED_RicianLOS,Proposed_CA_CNN_RNND,3707,0.3344368115067482,0.28888605162501335,0.04555075615644455,
0,260816,matched,MATCHED_RicianLOS,Proposed_CA_CNN_RNND,3708,0.36597105860710144,0.31092824041843414,0.055042814463377,
0,260816,matched,MATCHED_RicianLOS,Proposed_CA_CNN_RNND,3709,0.2753645032644272,0.23110288754105568,0.04426161362789571,
0,260816,matched,MATCHED_RicianLOS,Proposed_CA_CNN_RNND,3710,0.45873142033815384,0.375563308596611,0.08316811639815569,
0,260816,matched,MATCHED_RicianLOS,Proposed_CA_CNN_RNND,3711,0.2792968787252903,0.23420221731066704,0.045094663626514375,
0,260816,matched,MATCHED_RicianLOS,Proposed_CA_CNN_RNND,3712,0.35574212297797203,0.30206849053502083,0.053673631278797984,
0,260816,matched,MATCHED_RicianLOS,Proposed_CA_CNN_RNND,3713,0.3927886225283146,0.3202937413007021,0.07249488472007215,
0,260816,matched,MATCHED_RicianLOS,Proposed_CA_CNN_RNND,3714,0.2751147635281086,0.24173227697610855,0.033382479567080736,
0,260816,matched,MATCHED_RicianLOS,Proposed_CA_CNN_RNND,3715,0.4324084557592869,0.3522626757621765,0.08014577790163457,
0,260816,matched,MATCHED_RicianLOS,Proposed_CA_CNN_RNND,3716,0.2788632661104202,0.2414202317595482,0.03744303388521075,
0,260816,matched,MATCHED_RicianLOS,Proposed_CA_CNN_RNND,3717,0.28201932087540627,0.24290665239095688,0.03911267046350986,
0,260816,matched,MATCHED_RicianLOS,Proposed_CA_CNN_RNND,3718,0.25619979202747345,0.21805644407868385,0.038143342826515436,
0,260816,matched,MATCHED_RicianLOS,Proposed_CA_CNN_RNND,3719,0.26929621398448944,0.2314620241522789,0.0378341912291944,
0,260816,matched,MATCHED_RicianLOS,Proposed_CA_CNN_RNND,3720,0.3163846731185913,0.2609577886760235,0.05542688723653555,
0,260816,matched,MATCHED_RicianLOS,Proposed_CA_CNN_RNND,3721,0.33141444623470306,0.2815701626241207,0.0498442763928324,
0,260816,matched,MATCHED_RicianLOS,Proposed_CA_CNN_RNND,3722,0.3429082818329334,0.2859165817499161,0.0569917056709528,
0,260816,matched,MATCHED_RicianLOS,Proposed_CA_CNN_RNND,3723,0.3835058771073818,0.3145933076739311,0.06891256151720881,
0,260816,matched,MATCHED_RicianLOS,Proposed_CA_CNN_RNND,3724,0.4012757018208504,0.3342573717236519,0.06701832450926304,
0,260816,matched,MATCHED_RicianLOS,Proposed_CA_CNN_RNND,3725,0.35033075511455536,0.2930571958422661,0.05727355997078121,
0,260816,matched,MATCHED_RicianLOS,Proposed_CA_CNN_RNND,3726,0.4284217804670334,0.3565167188644409,0.07190507743507624,
0,260816,matched,MATCHED_RicianLOS,Proposed_CA_CNN_RNND,3727,0.25593598559498787,0.21937724202871323,0.03655874729156494,
0,260816,matched,MATCHED_RicianLOS,Proposed_CA_CNN_RNND,3728,0.3633517883718014,0.30657538399100304,0.0567764057777822,
0,260816,matched,MATCHED_RicianLOS,Proposed_CA_CNN_RNND,3729,0.27566636726260185,0.23386488109827042,0.04180149198509753,
0,260816,matched,MATCHED_RicianLOS,Proposed_CA_CNN_RNND,3730,0.49164437502622604,0.40043845772743225,0.09120591823011637,
0,260816,matched,MATCHED_RicianLOS,Proposed_CA_CNN_RNND,3731,0.36018049344420433,0.2983729615807533,0.0618075265083462,
0,260816,matched,MATCHED_RicianLOS,Proposed_CA_CNN_RNND,3732,0.30649129301309586,0.26272765174508095,0.043763637309893966,
0,260816,matched,MATCHED_RicianLOS,Proposed_CA_CNN_RNND,3733,0.15183145552873611,0.13856549002230167,0.013265966204926372,
0,260816,matched,MATCHED_RicianLOS,Proposed_CA_CNN_RNND,3734,0.3276193179190159,0.2734578251838684,0.05416150169912726,
0,260816,matched,MATCHED_RicianLOS,Proposed_CA_CNN_RNND,3735,0.36259713023900986,0.30001625418663025,0.06258086953312159,
0,260816,matched,MATCHED_RicianLOS,Proposed_CA_CNN_RNND,3736,0.2363073956221342,0.20817605964839458,0.028131336206570268,
0,260816,matched,MATCHED_RicianLOS,Proposed_CA_CNN_RNND,3737,0.3756677769124508,0.3133833557367325,0.062284412793815136,
0,260816,matched,MATCHED_RicianLOS,Proposed_CA_CNN_RNND,3738,0.3023724928498268,0.25565919280052185,0.04671331029385328,
0,260816,matched,MATCHED_RicianLOS,Proposed_CA_CNN_RNND,3739,0.2862190641462803,0.25167693197727203,0.03454213589429855,
0,260816,matched,MATCHED_RicianLOS,Proposed_CA_CNN_RNND,3740,0.4394381418824196,0.35906894505023956,0.08036919496953487,
0,260816,matched,MATCHED_RicianLOS,Proposed_CA_CNN_RNND,3741,0.4074926972389221,0.336758553981781,0.07073415094055235,
0,260816,matched,MATCHED_RicianLOS,Proposed_CA_CNN_RNND,3742,0.3602744787931442,0.3019859381020069,0.05828854301944375,
0,260816,matched,MATCHED_RicianLOS,Proposed_CA_CNN_RNND,3743,0.3267434388399124,0.27559476532042027,0.051148663740605116,
0,260816,matched,MATCHED_RicianLOS,Proposed_CA_CNN_RNND,3744,0.23840029165148735,0.21221309900283813,0.02618718845769763,
0,260816,matched,MATCHED_RicianLOS,Proposed_CA_CNN_RNND,3745,0.37701231241226196,0.3093053959310055,0.06770691461861134,
0,260816,matched,MATCHED_RicianLOS,Proposed_CA_CNN_RNND,3746,0.18541866727173328,0.16510019451379776,0.02031847182661295,
0,260816,matched,MATCHED_RicianLOS,Proposed_CA_CNN_RNND,3747,0.40609362348914146,0.33560119569301605,0.07049242407083511,
0,260816,matched,MATCHED_RicianLOS,Proposed_CA_CNN_RNND,3748,0.38368305563926697,0.31805772706866264,0.06562534160912037,
0,260816,matched,MATCHED_RicianLOS,Proposed_CA_CNN_RNND,3749,0.17612089961767197,0.1572436448186636,0.018877257825806737,
0,260816,matched,MATCHED_RicianLOS,Proposed_CA_CNN_RNND,3750,0.23547256365418434,0.207680381834507,0.027792181819677353,
0,260816,matched,MATCHED_RicianLOS,Proposed_CA_CNN_RNND,3751,0.38375675678253174,0.3201618529856205,0.06359490752220154,
0,260816,matched,MATCHED_RicianLOS,Proposed_CA_CNN_RNND,3752,0.322420209646225,0.271922055631876,0.0504981498233974,
0,260816,matched,MATCHED_RicianLOS,Proposed_CA_CNN_RNND,3753,0.27966009080410004,0.2381322830915451,0.04152780678123236,
0,260816,matched,MATCHED_RicianLOS,Proposed_CA_CNN_RNND,3754,0.29540659859776497,0.25244370847940445,0.042962896870449185,
0,260816,matched,MATCHED_RicianLOS,Proposed_CA_CNN_RNND,3755,0.2430250160396099,0.2134704925119877,0.0295545170083642,
0,260816,matched,MATCHED_RicianLOS,Proposed_CA_CNN_RNND,3756,0.20908702537417412,0.18518850952386856,0.023898510553408414,
0,260816,matched,MATCHED_RicianLOS,Proposed_CA_CNN_RNND,3757,0.3394252024590969,0.27833275124430656,0.06109245773404837,
0,260816,matched,MATCHED_RicianLOS,Proposed_CA_CNN_RNND,3758,0.29454265534877777,0.2536778040230274,0.04086485132575035,
0,260816,matched,MATCHED_RicianLOS,Proposed_CA_CNN_RNND,3759,0.2626911625266075,0.23368430510163307,0.029006857192143798,
0,260816,matched,MATCHED_RicianLOS,Proposed_CA_CNN_RNND,3760,0.33040278404951096,0.27885620296001434,0.05154658411629498,
0,260816,matched,MATCHED_RicianLOS,Proposed_CA_CNN_RNND,3761,0.3297094851732254,0.28007471561431885,0.04963477049022913,
0,260816,matched,MATCHED_RicianLOS,Proposed_CA_CNN_RNND,3762,0.3736380711197853,0.3122224975377321,0.06141557963564992,
0,260816,matched,MATCHED_RicianLOS,Proposed_CA_CNN_RNND,3763,0.297779344022274,0.25214579328894615,0.045633551897481084,
0,260816,matched,MATCHED_RicianLOS,Proposed_CA_CNN_RNND,3764,0.42780934274196625,0.3525567427277565,0.07525261305272579,
0,260816,matched,MATCHED_RicianLOS,Proposed_CA_CNN_RNND,3765,0.39353808760643005,0.3262539803981781,0.0672841053456068,
0,260816,matched,MATCHED_RicianLOS,Proposed_CA_CNN_RNND,3766,0.396560862660408,0.3279464468359947,0.068614412099123,
0,260816,matched,MATCHED_RicianLOS,Proposed_CA_CNN_RNND,3767,0.48856016248464584,0.3987218290567398,0.08983832783997059,
0,260816,matched,MATCHED_RicianLOS,Proposed_CA_CNN_RNND,3768,0.308634739369154,0.2639645729213953,0.044670170871540904,
0,260816,matched,MATCHED_RicianLOS,Proposed_CA_CNN_RNND,3769,0.23039862886071205,0.20575318858027458,0.024645437253639102,
0,260816,matched,MATCHED_RicianLOS,Proposed_CA_CNN_RNND,3770,0.41910596191883087,0.342626690864563,0.07647926453500986,
0,260816,matched,MATCHED_RicianLOS,Proposed_CA_CNN_RNND,3771,0.28835344687104225,0.2517857104539871,0.03656773781403899,
0,260816,matched,MATCHED_RicianLOS,Proposed_CA_CNN_RNND,3772,0.47267771512269974,0.3880332410335541,0.08464447036385536,
0,260816,matched,MATCHED_RicianLOS,Proposed_CA_CNN_RNND,3773,0.32610876858234406,0.27143131010234356,0.054677462205290794,
0,260816,matched,MATCHED_RicianLOS,Proposed_CA_CNN_RNND,3774,0.2873257715255022,0.24735340103507042,0.039972369908355176,
0,260816,matched,MATCHED_RicianLOS,Proposed_CA_CNN_RNND,3775,0.3764673285186291,0.3161279037594795,0.060339429415762424,
0,260816,matched,MATCHED_RicianLOS,Proposed_CA_CNN_RNND,3776,0.31036220863461494,0.26747868210077286,0.04288352560251951,
0,260816,matched,MATCHED_RicianLOS,Proposed_CA_CNN_RNND,3777,0.5580953881144524,0.4315657913684845,0.12652959395200014,
0,260816,matched,MATCHED_RicianLOS,Proposed_CA_CNN_RNND,3778,0.3069833032786846,0.26104477047920227,0.04593852791003883,
0,260816,matched,MATCHED_RicianLOS,Proposed_CA_CNN_RNND,3779,0.3677656427025795,0.3112298250198364,0.05653581698425114,
0,260816,matched,MATCHED_RicianLOS,Proposed_CA_CNN_RNND,3780,0.2928197495639324,0.24309845082461834,0.0497212935006246,
0,260816,matched,MATCHED_RicianLOS,Proposed_CA_CNN_RNND,3781,0.46823088824748993,0.3805249035358429,0.08770598564296961,
0,260816,matched,MATCHED_RicianLOS,Proposed_CA_CNN_RNND,3782,0.32217229902744293,0.28003666922450066,0.04213562421500683,
0,260816,matched,MATCHED_RicianLOS,Proposed_CA_CNN_RNND,3783,0.370844054967165,0.30367719009518623,0.06716687651351094,
0,260816,matched,MATCHED_RicianLOS,Proposed_CA_CNN_RNND,3784,0.28859425336122513,0.24876080825924873,0.03983344975858927,
0,260816,matched,MATCHED_RicianLOS,Proposed_CA_CNN_RNND,3785,0.2951337546110153,0.2502139285206795,0.04491982376202941,
0,260816,matched,MATCHED_RicianLOS,Proposed_CA_CNN_RNND,3786,0.40503261610865593,0.3399432897567749,0.0650893326383084,
0,260816,matched,MATCHED_RicianLOS,Proposed_CA_CNN_RNND,3787,0.3902270644903183,0.3232135735452175,0.06701349839568138,
0,260816,matched,MATCHED_RicianLOS,Proposed_CA_CNN_RNND,3788,0.33992986753582954,0.28400450199842453,0.05592536251060665,
0,260816,matched,MATCHED_RicianLOS,Proposed_CA_CNN_RNND,3789,0.3865261822938919,0.3190060779452324,0.06752010388299823,
0,260816,matched,MATCHED_RicianLOS,Proposed_CA_CNN_RNND,3790,0.3012732230126858,0.25508416444063187,0.04618905077222735,
0,260816,matched,MATCHED_RicianLOS,Proposed_CA_CNN_RNND,3791,0.41854212060570717,0.3431480824947357,0.07539403345435858,
0,260816,matched,MATCHED_RicianLOS,Proposed_CA_CNN_RNND,3792,0.5053241401910782,0.4050028696656227,0.10032127518206835,
0,260816,matched,MATCHED_RicianLOS,Proposed_CA_CNN_RNND,3793,0.32145002856850624,0.2666807621717453,0.0547692587133497,
0,260816,matched,MATCHED_RicianLOS,Proposed_CA_CNN_RNND,3794,0.23494455590844154,0.20332050323486328,0.03162404987961054,
0,260816,matched,MATCHED_RicianLOS,Proposed_CA_CNN_RNND,3795,0.26669177785515785,0.2294928953051567,0.03719888301566243,
0,260816,matched,MATCHED_RicianLOS,Proposed_CA_CNN_RNND,3796,0.27137448266148567,0.23379281908273697,0.037581663113087416,
0,260816,matched,MATCHED_RicianLOS,Proposed_CA_CNN_RNND,3797,0.343736220151186,0.28793555684387684,0.055800657835789025,
0,260816,matched,MATCHED_RicianLOS,Proposed_CA_CNN_RNND,3798,0.3262095544487238,0.27455126494169235,0.05165829474572092,
0,260816,matched,MATCHED_RicianLOS,Proposed_CA_CNN_RNND,3799,0.21957360208034515,0.19741150364279747,0.022162097739055753,
0,260816,matched,MATCHED_RicianLOS,Proposed_CA_CNN_RNND,3800,0.3293183669447899,0.2815144546329975,0.047803912311792374,-1.1815232327106084
0,260816,matched,MATCHED_RicianLOS,Proposed_CA_CNN_RNND,3801,0.41850293427705765,0.34261055290699005,0.07589238788932562,
0,260816,matched,MATCHED_RicianLOS,Proposed_CA_CNN_RNND,3802,0.34092070907354355,0.2851719669997692,0.05574874486774206,
0,260816,matched,MATCHED_RicianLOS,Proposed_CA_CNN_RNND,3803,0.23755040019750595,0.20957368053495884,0.027976720361039042,
0,260816,matched,MATCHED_RicianLOS,Proposed_CA_CNN_RNND,3804,0.369679044932127,0.30374289490282536,0.06593614537268877,
0,260816,matched,MATCHED_RicianLOS,Proposed_CA_CNN_RNND,3805,0.3361080139875412,0.2843773886561394,0.051730625331401825,
0,260816,matched,MATCHED_RicianLOS,Proposed_CA_CNN_RNND,3806,0.4430539980530739,0.3676653653383255,0.07538862712681293,
0,260816,matched,MATCHED_RicianLOS,Proposed_CA_CNN_RNND,3807,0.29925862699747086,0.2567576840519905,0.042500937823206186,
0,260816,matched,MATCHED_RicianLOS,Proposed_CA_CNN_RNND,3808,0.4244740791618824,0.34557560831308365,0.07889848598279059,
0,260816,matched,MATCHED_RicianLOS,Proposed_CA_CNN_RNND,3809,0.43713345378637314,0.352942630648613,0.08419083058834076,
0,260816,matched,MATCHED_RicianLOS,Proposed_CA_CNN_RNND,3810,0.3170025274157524,0.2685683611780405,0.04843416390940547,
0,260816,matched,MATCHED_RicianLOS,Proposed_CA_CNN_RNND,3811,0.2843342609703541,0.24399566277861595,0.040338593535125256,
0,260816,matched,MATCHED_RicianLOS,Proposed_CA_CNN_RNND,3812,0.46149567514657974,0.3850473240017891,0.07644835859537125,
0,260816,matched,MATCHED_RicianLOS,Proposed_CA_CNN_RNND,3813,0.5005862563848495,0.4062631204724312,0.09432312892749906,
0,260816,matched,MATCHED_RicianLOS,Proposed_CA_CNN_RNND,3814,0.17214864492416382,0.15399876981973648,0.018149875104427338,
0,260816,matched,MATCHED_RicianLOS,Proposed_CA_CNN_RNND,3815,0.20856892317533493,0.18379389308393002,0.02477502776309848,
0,260816,matched,MATCHED_RicianLOS,Proposed_CA_CNN_RNND,3816,0.40586594864726067,0.3378676660358906,0.06799827888607979,
0,260816,matched,MATCHED_RicianLOS,Proposed_CA_CNN_RNND,3817,0.28767460957169533,0.24585490301251411,0.04181970050558448,
0,260816,matched,MATCHED_RicianLOS,Proposed_CA_CNN_RNND,3818,0.4032192528247833,0.3364318609237671,0.06678738538175821,
0,260816,matched,MATCHED_RicianLOS,Proposed_CA_CNN_RNND,3819,0.4143763855099678,0.34552155435085297,0.06885483395308256,
0,260816,matched,MATCHED_RicianLOS,Proposed_CA_CNN_RNND,3820,0.33129772916436195,0.2831473723053932,0.04815036104992032,
0,260816,matched,MATCHED_RicianLOS,Proposed_CA_CNN_RNND,3821,0.3713774085044861,0.3105737119913101,0.06080370186828077,
0,260816,matched,MATCHED_RicianLOS,Proposed_CA_CNN_RNND,3822,0.29945436120033264,0.23985912092030048,0.05959523725323379,
0,260816,matched,MATCHED_RicianLOS,Proposed_CA_CNN_RNND,3823,0.5060026198625565,0.4096079245209694,0.09639470186084509,
0,260816,matched,MATCHED_RicianLOS,Proposed_CA_CNN_RNND,3824,0.3165998309850693,0.2709815688431263,0.0456182612106204,
0,260816,matched,MATCHED_RicianLOS,Proposed_CA_CNN_RNND,3825,0.23308111727237701,0.20391523465514183,0.02916587283834815,
0,260816,matched,MATCHED_RicianLOS,Proposed_CA_CNN_RNND,3826,0.5451698750257492,0.4367295503616333,0.10844031721353531,
0,260816,matched,MATCHED_RicianLOS,Proposed_CA_CNN_RNND,3827,0.3573598638176918,0.2997039891779423,0.0576558718457818,
0,260816,matched,MATCHED_RicianLOS,Proposed_CA_CNN_RNND,3828,0.3946252129971981,0.32723061740398407,0.06739459536038339,
0,260816,matched,MATCHED_RicianLOS,Proposed_CA_CNN_RNND,3829,0.2077607959508896,0.18842360004782677,0.01933719334192574,
0,260816,matched,MATCHED_RicianLOS,Proposed_CA_CNN_RNND,3830,0.4239710867404938,0.34717703610658646,0.07679405063390732,
0,260816,matched,MATCHED_RicianLOS,Proposed_CA_CNN_RNND,3831,0.3295448608696461,0.2808850668370724,0.04865979286842048,
0,260816,matched,MATCHED_RicianLOS,Proposed_CA_CNN_RNND,3832,0.4252441003918648,0.3482348844408989,0.07700922805815935,
0,260816,matched,MATCHED_RicianLOS,Proposed_CA_CNN_RNND,3833,0.28525838255882263,0.24572636187076569,0.03953202604316175,
0,260816,matched,MATCHED_RicianLOS,Proposed_CA_CNN_RNND,3834,0.3533027023077011,0.29361118748784065,0.059691524133086205,
0,260816,matched,MATCHED_RicianLOS,Proposed_CA_CNN_RNND,3835,0.30099812150001526,0.2552843950688839,0.04571372619830072,
0,260816,matched,MATCHED_RicianLOS,Proposed_CA_CNN_RNND,3836,0.32949551194906235,0.27525343000888824,0.05424207332544029,
0,260816,matched,MATCHED_RicianLOS,Proposed_CA_CNN_RNND,3837,0.510764054954052,0.41302677243947983,0.09773727878928185,
0,260816,matched,MATCHED_RicianLOS,Proposed_CA_CNN_RNND,3838,0.2983616702258587,0.25269074738025665,0.04567091807257384,
0,260816,matched,MATCHED_RicianLOS,Proposed_CA_CNN_RNND,3839,0.29944470524787903,0.25672850012779236,0.04271620186045766,
0,260816,matched,MATCHED_RicianLOS,Proposed_CA_CNN_RNND,3840,0.3998245522379875,0.32881032675504684,0.07101423060521483,
0,260816,matched,MATCHED_RicianLOS,Proposed_CA_CNN_RNND,3841,0.5324245989322662,0.419014036655426,0.11341055482625961,
0,260816,matched,MATCHED_RicianLOS,Proposed_CA_CNN_RNND,3842,0.20035839825868607,0.1816084049642086,0.018749993294477463,
0,260816,matched,MATCHED_RicianLOS,Proposed_CA_CNN_RNND,3843,0.2768098749220371,0.23589840531349182,0.040911474265158176,
0,260816,matched,MATCHED_RicianLOS,Proposed_CA_CNN_RNND,3844,0.29329511150717735,0.2504746988415718,0.04282040800899267,
0,260816,matched,MATCHED_RicianLOS,Proposed_CA_CNN_RNND,3845,0.3279118910431862,0.2785971537232399,0.04931473406031728,
0,260816,matched,MATCHED_RicianLOS,Proposed_CA_CNN_RNND,3846,0.3572651520371437,0.305905744433403,0.05135940853506327,
0,260816,matched,MATCHED_RicianLOS,Proposed_CA_CNN_RNND,3847,0.5708130300045013,0.45624685287475586,0.11456618458032608,
0,260816,matched,MATCHED_RicianLOS,Proposed_CA_CNN_RNND,3848,0.33953844010829926,0.2933913618326187,0.046147074550390244,
0,260816,matched,MATCHED_RicianLOS,Proposed_CA_CNN_RNND,3849,0.29690077528357506,0.2565924823284149,0.04030828841496259,
0,260816,matched,MATCHED_RicianLOS,Proposed_CA_CNN_RNND,3850,0.2705921772867441,0.22691808454692364,0.04367408808320761,
0,260816,matched,MATCHED_RicianLOS,Proposed_CA_CNN_RNND,3851,0.3922538049519062,0.32327089831233025,0.06898291129618883,
0,260816,matched,MATCHED_RicianLOS,Proposed_CA_CNN_RNND,3852,0.24305648729205132,0.20893364027142525,0.03412284795194864,
0,260816,matched,MATCHED_RicianLOS,Proposed_CA_CNN_RNND,3853,0.3527056388556957,0.2977017015218735,0.05500393081456423,
0,260816,matched,MATCHED_RicianLOS,Proposed_CA_CNN_RNND,3854,0.4126688688993454,0.3373940512537956,0.07527482602745295,
0,260816,matched,MATCHED_RicianLOS,Proposed_CA_CNN_RNND,3855,0.43468231707811356,0.3584381490945816,0.0762441735714674,
0,260816,matched,MATCHED_RicianLOS,Proposed_CA_CNN_RNND,3856,0.4162544012069702,0.34630434215068817,0.06995006743818521,
0,260816,matched,MATCHED_RicianLOS,Proposed_CA_CNN_RNND,3857,0.3843134269118309,0.3160312157124281,0.06828220933675766,
0,260816,matched,MATCHED_RicianLOS,Proposed_CA_CNN_RNND,3858,0.4091234877705574,0.3381430618464947,0.070980419870466,
0,260816,matched,MATCHED_RicianLOS,Proposed_CA_CNN_RNND,3859,0.4268988072872162,0.352106973528862,0.07479183655232191,
0,260816,matched,MATCHED_RicianLOS,Proposed_CA_CNN_RNND,3860,0.29195191338658333,0.2528899125754833,0.03906199987977743,
0,260816,matched,MATCHED_RicianLOS,Proposed_CA_CNN_RNND,3861,0.3876648023724556,0.3161902129650116,0.07147458521649241,
0,260816,matched,MATCHED_RicianLOS,Proposed_CA_CNN_RNND,3862,0.3298445791006088,0.2802400588989258,0.04960451275110245,
0,260816,matched,MATCHED_RicianLOS,Proposed_CA_CNN_RNND,3863,0.32931654900312424,0.27260950952768326,0.05670703062787652,
0,260816,matched,MATCHED_RicianLOS,Proposed_CA_CNN_RNND,3864,0.3031483553349972,0.2618984431028366,0.041249909438192844,
0,260816,matched,MATCHED_RicianLOS,Proposed_CA_CNN_RNND,3865,0.4447292536497116,0.35786207392811775,0.086867181584239,
0,260816,matched,MATCHED_RicianLOS,Proposed_CA_CNN_RNND,3866,0.3032444939017296,0.258481964468956,0.04476252431049943,
0,260816,matched,MATCHED_RicianLOS,Proposed_CA_CNN_RNND,3867,0.3274479806423187,0.27579206973314285,0.05165590671822429,
0,260816,matched,MATCHED_RicianLOS,Proposed_CA_CNN_RNND,3868,0.4256123974919319,0.3535083197057247,0.07210407219827175,
0,260816,matched,MATCHED_RicianLOS,Proposed_CA_CNN_RNND,3869,0.37612511962652206,0.30766165256500244,0.0684634717181325,
0,260816,matched,MATCHED_RicianLOS,Proposed_CA_CNN_RNND,3870,0.39878612011671066,0.3334842845797539,0.06530183367431164,
0,260816,matched,MATCHED_RicianLOS,Proposed_CA_CNN_RNND,3871,0.377298966050148,0.31930769607424736,0.057991267181932926,
0,260816,matched,MATCHED_RicianLOS,Proposed_CA_CNN_RNND,3872,0.2770342491567135,0.24144034087657928,0.03559391247108579,
0,260816,matched,MATCHED_RicianLOS,Proposed_CA_CNN_RNND,3873,0.4737754911184311,0.3846603110432625,0.08911517355591059,
0,260816,matched,MATCHED_RicianLOS,Proposed_CA_CNN_RNND,3874,0.3227240927517414,0.27552079781889915,0.04720329446718097,
0,260816,matched,MATCHED_RicianLOS,Proposed_CA_CNN_RNND,3875,0.31721091642975807,0.26003389805555344,0.057177016977220774,
0,260816,matched,MATCHED_RicianLOS,Proposed_CA_CNN_RNND,3876,0.4259149506688118,0.34759508073329926,0.07831987645477057,
0,260816,matched,MATCHED_RicianLOS,Proposed_CA_CNN_RNND,3877,0.3494102470576763,0.29520829394459724,0.05420194799080491,
0,260816,matched,MATCHED_RicianLOS,Proposed_CA_CNN_RNND,3878,0.3112265095114708,0.26741401106119156,0.04381249472498894,
0,260816,matched,MATCHED_RicianLOS,Proposed_CA_CNN_RNND,3879,0.5861192941665649,0.46060536801815033,0.1255139261484146,
0,260816,matched,MATCHED_RicianLOS,Proposed_CA_CNN_RNND,3880,0.38172101974487305,0.30922043696045876,0.07250057975761592,
0,260816,matched,MATCHED_RicianLOS,Proposed_CA_CNN_RNND,3881,0.37177206575870514,0.31001266464591026,0.061759398551657796,
0,260816,matched,MATCHED_RicianLOS,Proposed_CA_CNN_RNND,3882,0.38661905378103256,0.3181200213730335,0.06849903799593449,
0,260816,matched,MATCHED_RicianLOS,Proposed_CA_CNN_RNND,3883,0.33320387080311775,0.2790304459631443,0.05417342949658632,
0,260816,matched,MATCHED_RicianLOS,Proposed_CA_CNN_RNND,3884,0.3409588113427162,0.2913074232637882,0.04965138854458928,
0,260816,matched,MATCHED_RicianLOS,Proposed_CA_CNN_RNND,3885,0.26593372598290443,0.2304813414812088,0.035452390322461724,
0,260816,matched,MATCHED_RicianLOS,Proposed_CA_CNN_RNND,3886,0.29429103061556816,0.2546524703502655,0.03963856212794781,
0,260816,matched,MATCHED_RicianLOS,Proposed_CA_CNN_RNND,3887,0.25861913710832596,0.22343109175562859,0.03518804721534252,
0,260816,matched,MATCHED_RicianLOS,Proposed_CA_CNN_RNND,3888,0.4348064661026001,0.35869380086660385,0.07611266151070595,
0,260816,matched,MATCHED_RicianLOS,Proposed_CA_CNN_RNND,3889,0.4127691276371479,0.338783822953701,0.07398530736099929,
0,260816,matched,MATCHED_RicianLOS,Proposed_CA_CNN_RNND,3890,0.4115128442645073,0.33653077110648155,0.07498207315802574,
0,260816,matched,MATCHED_RicianLOS,Proposed_CA_CNN_RNND,3891,0.3222673125565052,0.270083911716938,0.05218339757993817,
0,260816,matched,MATCHED_RicianLOS,Proposed_CA_CNN_RNND,3892,0.4979320988059044,0.4050985053181648,0.09283358417451382,
0,260816,matched,MATCHED_RicianLOS,Proposed_CA_CNN_RNND,3893,0.32613667100667953,0.2795381583273411,0.04659851174801588,
0,260816,matched,MATCHED_RicianLOS,Proposed_CA_CNN_RNND,3894,0.3595902621746063,0.31121666356921196,0.04837360279634595,
0,260816,matched,MATCHED_RicianLOS,Proposed_CA_CNN_RNND,3895,0.4099711701273918,0.34309082850813866,0.06688034348189831,
0,260816,matched,MATCHED_RicianLOS,Proposed_CA_CNN_RNND,3896,0.3245629817247391,0.26906517893075943,0.05549781024456024,
0,260816,matched,MATCHED_RicianLOS,Proposed_CA_CNN_RNND,3897,0.31308043748140335,0.2640219423919916,0.04905849974602461,
0,260816,matched,MATCHED_RicianLOS,Proposed_CA_CNN_RNND,3898,0.46660228818655014,0.3755764216184616,0.0910258530639112,
0,260816,matched,MATCHED_RicianLOS,Proposed_CA_CNN_RNND,3899,0.38729681074619293,0.32709216326475143,0.060204651206731796,
0,260816,matched,MATCHED_RicianLOS,Proposed_CA_CNN_RNND,3900,0.3707338720560074,0.3060886636376381,0.0646452100481838,
0,260816,matched,MATCHED_RicianLOS,Proposed_CA_CNN_RNND,3901,0.2690845616161823,0.22980539128184319,0.039279170567169785,
0,260816,matched,MATCHED_RicianLOS,Proposed_CA_CNN_RNND,3902,0.3353785201907158,0.28301362320780754,0.05236489698290825,
0,260816,matched,MATCHED_RicianLOS,Proposed_CA_CNN_RNND,3903,0.37737757712602615,0.3211371898651123,0.05624039098620415,
0,260816,matched,MATCHED_RicianLOS,Proposed_CA_CNN_RNND,3904,0.33472660556435585,0.28411658108234406,0.050610027043148875,
0,260816,matched,MATCHED_RicianLOS,Proposed_CA_CNN_RNND,3905,0.38396650552749634,0.3209213949739933,0.06304510962218046,
0,260816,matched,MATCHED_RicianLOS,Proposed_CA_CNN_RNND,3906,0.2180374190211296,0.19556840136647224,0.022469019051641226,
0,260816,matched,MATCHED_RicianLOS,Proposed_CA_CNN_RNND,3907,0.3718319609761238,0.3139070197939873,0.057924943044781685,
0,260816,matched,MATCHED_RicianLOS,Proposed_CA_CNN_RNND,3908,0.2854212857782841,0.24332879297435284,0.0420924979262054,
0,260816,matched,MATCHED_RicianLOS,Proposed_CA_CNN_RNND,3909,0.37041790038347244,0.30319274961948395,0.0672251470386982,
0,260816,matched,MATCHED_RicianLOS,Proposed_CA_CNN_RNND,3910,0.4175098054111004,0.33814532682299614,0.07936448324471712,
0,260816,matched,MATCHED_RicianLOS,Proposed_CA_CNN_RNND,3911,0.402211956679821,0.33034003525972366,0.07187192235141993,
0,260816,matched,MATCHED_RicianLOS,Proposed_CA_CNN_RNND,3912,0.4402857609093189,0.36790647357702255,0.07237928826361895,
0,260816,matched,MATCHED_RicianLOS,Proposed_CA_CNN_RNND,3913,0.30947884172201157,0.2610509358346462,0.04842791147530079,
0,260816,matched,MATCHED_RicianLOS,Proposed_CA_CNN_RNND,3914,0.23042389005422592,0.20275577530264854,0.02766811358742416,
0,260816,matched,MATCHED_RicianLOS,Proposed_CA_CNN_RNND,3915,0.43550441414117813,0.35851944237947464,0.07698496989905834,
0,260816,matched,MATCHED_RicianLOS,Proposed_CA_CNN_RNND,3916,0.3895135447382927,0.3265316039323807,0.06298194453120232,
0,260816,matched,MATCHED_RicianLOS,Proposed_CA_CNN_RNND,3917,0.33500806242227554,0.2863994911313057,0.048608573619276285,
0,260816,matched,MATCHED_RicianLOS,Proposed_CA_CNN_RNND,3918,0.32519666478037834,0.2747625634074211,0.05043410183861852,
0,260816,matched,MATCHED_RicianLOS,Proposed_CA_CNN_RNND,3919,0.22251946479082108,0.19732879102230072,0.02519067912362516,
0,260816,matched,MATCHED_RicianLOS,Proposed_CA_CNN_RNND,3920,0.2671727053821087,0.23207157105207443,0.03510113526135683,
0,260816,matched,MATCHED_RicianLOS,Proposed_CA_CNN_RNND,3921,0.34372012689709663,0.2855820767581463,0.05813804641366005,
0,260816,matched,MATCHED_RicianLOS,Proposed_CA_CNN_RNND,3922,0.3650093749165535,0.3097047731280327,0.05530460039153695,
0,260816,matched,MATCHED_RicianLOS,Proposed_CA_CNN_RNND,3923,0.3958365023136139,0.32878168672323227,0.06705480488017201,
0,260816,matched,MATCHED_RicianLOS,Proposed_CA_CNN_RNND,3924,0.38227254152297974,0.31466860324144363,0.06760393921285868,
0,260816,matched,MATCHED_RicianLOS,Proposed_CA_CNN_RNND,3925,0.2576035000383854,0.2219420000910759,0.035661499947309494,
0,260816,matched,MATCHED_RicianLOS,Proposed_CA_CNN_RNND,3926,0.3318943679332733,0.27962154150009155,0.05227282992564142,
0,260816,matched,MATCHED_RicianLOS,Proposed_CA_CNN_RNND,3927,0.33641693741083145,0.27828027680516243,0.05813666479662061,
0,260816,matched,MATCHED_RicianLOS,Proposed_CA_CNN_RNND,3928,0.4661315456032753,0.38424821197986603,0.08188333455473185,
0,260816,matched,MATCHED_RicianLOS,Proposed_CA_CNN_RNND,3929,0.26046767458319664,0.22121483087539673,0.03925283893477172,
0,260816,matched,MATCHED_RicianLOS,Proposed_CA_CNN_RNND,3930,0.1690058670938015,0.15906180068850517,0.009944067627657205,
0,260816,matched,MATCHED_RicianLOS,Proposed_CA_CNN_RNND,3931,0.45058970898389816,0.3621555492281914,0.08843415416777134,
0,260816,matched,MATCHED_RicianLOS,Proposed_CA_CNN_RNND,3932,0.2630204148590565,0.22981346398591995,0.03320694947615266,
0,260816,matched,MATCHED_RicianLOS,Proposed_CA_CNN_RNND,3933,0.2783409133553505,0.2415250614285469,0.03681585006415844,
0,260816,matched,MATCHED_RicianLOS,Proposed_CA_CNN_RNND,3934,0.25542525202035904,0.2220381312072277,0.03338711755350232,
0,260816,matched,MATCHED_RicianLOS,Proposed_CA_CNN_RNND,3935,0.2996351420879364,0.25677210837602615,0.0428630355745554,
0,260816,matched,MATCHED_RicianLOS,Proposed_CA_CNN_RNND,3936,0.4808613806962967,0.3866495192050934,0.09421187080442905,
0,260816,matched,MATCHED_RicianLOS,Proposed_CA_CNN_RNND,3937,0.4384261891245842,0.36107930541038513,0.07734687812626362,
0,260816,matched,MATCHED_RicianLOS,Proposed_CA_CNN_RNND,3938,0.39350515604019165,0.3291247747838497,0.06438036728650331,
0,260816,matched,MATCHED_RicianLOS,Proposed_CA_CNN_RNND,3939,0.31564855575561523,0.27128763496875763,0.04436092381365597,
0,260816,matched,MATCHED_RicianLOS,Proposed_CA_CNN_RNND,3940,0.22769757360219955,0.1989232823252678,0.02877429430373013,
0,260816,matched,MATCHED_RicianLOS,Proposed_CA_CNN_RNND,3941,0.33257437124848366,0.2840564399957657,0.0485179303213954,
0,260816,matched,MATCHED_RicianLOS,Proposed_CA_CNN_RNND,3942,0.349219661206007,0.2921765521168709,0.05704311979934573,
0,260816,matched,MATCHED_RicianLOS,Proposed_CA_CNN_RNND,3943,0.28578535094857216,0.24518480524420738,0.04060054896399379,
0,260816,matched,MATCHED_RicianLOS,Proposed_CA_CNN_RNND,3944,0.3855235055088997,0.32559874653816223,0.05992476362735033,
0,260816,matched,MATCHED_RicianLOS,Proposed_CA_CNN_RNND,3945,0.29226525127887726,0.2519574463367462,0.040307808201760054,
0,260816,matched,MATCHED_RicianLOS,Proposed_CA_CNN_RNND,3946,0.2364664226770401,0.21153239160776138,0.024934031069278717,
0,260816,matched,MATCHED_RicianLOS,Proposed_CA_CNN_RNND,3947,0.3835347555577755,0.3142036348581314,0.0693311276845634,
0,260816,matched,MATCHED_RicianLOS,Proposed_CA_CNN_RNND,3948,0.28546740859746933,0.24219313636422157,0.0432742660632357,
0,260816,matched,MATCHED_RicianLOS,Proposed_CA_CNN_RNND,3949,0.33154358714818954,0.2724287807941437,0.05911480588838458,
0,260816,matched,MATCHED_RicianLOS,Proposed_CA_CNN_RNND,3950,0.3735799975693226,0.30827173590660095,0.06530825607478619,
0,260816,matched,MATCHED_RicianLOS,Proposed_CA_CNN_RNND,3951,0.2980094961822033,0.2524472773075104,0.0455622102599591,
0,260816,matched,MATCHED_RicianLOS,Proposed_CA_CNN_RNND,3952,0.48818015307188034,0.400324709713459,0.08785544615238905,
0,260816,matched,MATCHED_RicianLOS,Proposed_CA_CNN_RNND,3953,0.31973574683070183,0.273285947740078,0.046449795947410166,
0,260816,matched,MATCHED_RicianLOS,Proposed_CA_CNN_RNND,3954,0.3738960549235344,0.3205834627151489,0.05331258289515972,
0,260816,matched,MATCHED_RicianLOS,Proposed_CA_CNN_RNND,3955,0.4507436603307724,0.3699544370174408,0.08078922890126705,
0,260816,matched,MATCHED_RicianLOS,Proposed_CA_CNN_RNND,3956,0.2900390885770321,0.24596913903951645,0.04406994325108826,
0,260816,matched,MATCHED_RicianLOS,Proposed_CA_CNN_RNND,3957,0.30988427996635437,0.25794102251529694,0.05194325000047684,
0,260816,matched,MATCHED_RicianLOS,Proposed_CA_CNN_RNND,3958,0.4074045605957508,0.33643614128232,0.07096842187456787,
0,260816,matched,MATCHED_RicianLOS,Proposed_CA_CNN_RNND,3959,0.2622176483273506,0.2280006781220436,0.034216971369460225,
0,260816,matched,MATCHED_RicianLOS,Proposed_CA_CNN_RNND,3960,0.5735699087381363,0.46241675317287445,0.11115314811468124,
0,260816,matched,MATCHED_RicianLOS,Proposed_CA_CNN_RNND,3961,0.2759912721812725,0.23948053270578384,0.03651073668152094,
0,260816,matched,MATCHED_RicianLOS,Proposed_CA_CNN_RNND,3962,0.35932783782482147,0.30464693531394005,0.05468090809881687,
0,260816,matched,MATCHED_RicianLOS,Proposed_CA_CNN_RNND,3963,0.33140263706445694,0.27592675760388374,0.05547587596811354,
0,260816,matched,MATCHED_RicianLOS,Proposed_CA_CNN_RNND,3964,0.2067057564854622,0.18607303500175476,0.02063271589577198,
0,260816,matched,MATCHED_RicianLOS,Proposed_CA_CNN_RNND,3965,0.41257691010832787,0.3429163955152035,0.06966051645576954,
0,260816,matched,MATCHED_RicianLOS,Proposed_CA_CNN_RNND,3966,0.36880555376410484,0.30596089735627174,0.06284465920180082,
0,260816,matched,MATCHED_RicianLOS,Proposed_CA_CNN_RNND,3967,0.39756688475608826,0.3323104754090309,0.06525640469044447,
0,260816,matched,MATCHED_RicianLOS,Proposed_CA_CNN_RNND,3968,0.3024896867573261,0.2588460333645344,0.043643655022606254,
0,260816,matched,MATCHED_RicianLOS,Proposed_CA_CNN_RNND,3969,0.21506241708993912,0.1866437830030918,0.02841863571666181,
0,260816,matched,MATCHED_RicianLOS,Proposed_CA_CNN_RNND,3970,0.42306365072727203,0.35073789954185486,0.07232575863599777,
0,260816,matched,MATCHED_RicianLOS,Proposed_CA_CNN_RNND,3971,0.2580635342746973,0.22695046104490757,0.03111307299695909,
0,260816,matched,MATCHED_RicianLOS,Proposed_CA_CNN_RNND,3972,0.3990085534751415,0.3235135041177273,0.075495061930269,
0,260816,matched,MATCHED_RicianLOS,Proposed_CA_CNN_RNND,3973,0.23363051190972328,0.2096027098596096,0.02402780018746853,
0,260816,matched,MATCHED_RicianLOS,Proposed_CA_CNN_RNND,3974,0.33355171978473663,0.28386686742305756,0.049684855388477445,
0,260816,matched,MATCHED_RicianLOS,Proposed_CA_CNN_RNND,3975,0.328770961612463,0.27992378547787666,0.04884717799723148,
0,260816,matched,MATCHED_RicianLOS,Proposed_CA_CNN_RNND,3976,0.3039371222257614,0.25755083560943604,0.046386290807276964,
0,260816,matched,MATCHED_RicianLOS,Proposed_CA_CNN_RNND,3977,0.3207552619278431,0.2706904336810112,0.05006482871249318,
0,260816,matched,MATCHED_RicianLOS,Proposed_CA_CNN_RNND,3978,0.22006170637905598,0.1961030513048172,0.023958654841408134,
0,260816,matched,MATCHED_RicianLOS,Proposed_CA_CNN_RNND,3979,0.2678321674466133,0.22886506840586662,0.03896709065884352,
0,260816,matched,MATCHED_RicianLOS,Proposed_CA_CNN_RNND,3980,0.4224073588848114,0.34653129056096077,0.0758760676253587,
0,260816,matched,MATCHED_RicianLOS,Proposed_CA_CNN_RNND,3981,0.3217233493924141,0.27412149310112,0.04760185512714088,
0,260816,matched,MATCHED_RicianLOS,Proposed_CA_CNN_RNND,3982,0.18774396553635597,0.17216816917061806,0.015575799625366926,
0,260816,matched,MATCHED_RicianLOS,Proposed_CA_CNN_RNND,3983,0.4170797988772392,0.3425893373787403,0.07449046615511179,
0,260816,matched,MATCHED_RicianLOS,Proposed_CA_CNN_RNND,3984,0.2930792532861233,0.2564721070230007,0.03660714835859835,
0,260816,matched,MATCHED_RicianLOS,Proposed_CA_CNN_RNND,3985,0.3141208663582802,0.2679654248058796,0.04615544155240059,
0,260816,matched,MATCHED_RicianLOS,Proposed_CA_CNN_RNND,3986,0.3604835420846939,0.31028633192181587,0.05019720830023289,
0,260816,matched,MATCHED_RicianLOS,Proposed_CA_CNN_RNND,3987,0.2924884781241417,0.25306447967886925,0.03942399565130472,
0,260816,matched,MATCHED_RicianLOS,Proposed_CA_CNN_RNND,3988,0.2261037789285183,0.20247841253876686,0.02362536615692079,
0,260816,matched,MATCHED_RicianLOS,Proposed_CA_CNN_RNND,3989,0.4427190385758877,0.367028571665287,0.07569047366268933,
0,260816,matched,MATCHED_RicianLOS,Proposed_CA_CNN_RNND,3990,0.37860260903835297,0.31355472654104233,0.06504788715392351,
0,260816,matched,MATCHED_RicianLOS,Proposed_CA_CNN_RNND,3991,0.3181914798915386,0.2638282962143421,0.05436318228021264,
0,260816,matched,MATCHED_RicianLOS,Proposed_CA_CNN_RNND,3992,0.27214978262782097,0.23826121538877487,0.03388857300160453,
0,260816,matched,MATCHED_RicianLOS,Proposed_CA_CNN_RNND,3993,0.3201696127653122,0.27462904155254364,0.0455405751708895,
0,260816,matched,MATCHED_RicianLOS,Proposed_CA_CNN_RNND,3994,0.3655296564102173,0.3049235939979553,0.06060606217943132,
0,260816,matched,MATCHED_RicianLOS,Proposed_CA_CNN_RNND,3995,0.3457816746085882,0.2921323850750923,0.05364930001087487,
0,260816,matched,MATCHED_RicianLOS,Proposed_CA_CNN_RNND,3996,0.3001229427754879,0.25283029302954674,0.04729265393689275,
0,260816,matched,MATCHED_RicianLOS,Proposed_CA_CNN_RNND,3997,0.30662137269973755,0.25856736674904823,0.048054005950689316,
0,260816,matched,MATCHED_RicianLOS,Proposed_CA_CNN_RNND,3998,0.40562042593955994,0.3322999179363251,0.07332051265984774,
0,260816,matched,MATCHED_RicianLOS,Proposed_CA_CNN_RNND,3999,0.39630351960659027,0.3371850363910198,0.05911847949028015,
0,260816,matched,MATCHED_RicianLOS,Proposed_CA_CNN_RNND,4000,0.2798561081290245,0.2413269653916359,0.03852914134040475,-1.1792702290294002
0,260816,matched,MATCHED_RicianLOS,Proposed_CA_CNN_RNND,4001,0.3019048534333706,0.26021454110741615,0.041690313490107656,
0,260816,matched,MATCHED_RicianLOS,Proposed_CA_CNN_RNND,4002,0.36758482083678246,0.30896785110235214,0.05861697532236576,
0,260816,matched,MATCHED_RicianLOS,Proposed_CA_CNN_RNND,4003,0.5391426607966423,0.43830282986164093,0.10083982720971107,
0,260816,matched,MATCHED_RicianLOS,Proposed_CA_CNN_RNND,4004,0.3481719642877579,0.29516876861453056,0.0530032078968361,
0,260816,matched,MATCHED_RicianLOS,Proposed_CA_CNN_RNND,4005,0.3220214433968067,0.27507795579731464,0.046943482011556625,
0,260816,matched,MATCHED_RicianLOS,Proposed_CA_CNN_RNND,4006,0.2907429337501526,0.24903585389256477,0.04170707450248301,
0,260816,matched,MATCHED_RicianLOS,Proposed_CA_CNN_RNND,4007,0.287127748131752,0.24845220521092415,0.03867554711177945,
0,260816,matched,MATCHED_RicianLOS,Proposed_CA_CNN_RNND,4008,0.28703346475958824,0.2377912662923336,0.04924220312386751,
0,260816,matched,MATCHED_RicianLOS,Proposed_CA_CNN_RNND,4009,0.4446755349636078,0.36768312752246857,0.07699240185320377,
0,260816,matched,MATCHED_RicianLOS,Proposed_CA_CNN_RNND,4010,0.2218141220510006,0.19305461272597313,0.028759509907104075,
0,260816,matched,MATCHED_RicianLOS,Proposed_CA_CNN_RNND,4011,0.36989838257431984,0.30602364614605904,0.06387474248185754,
0,260816,matched,MATCHED_RicianLOS,Proposed_CA_CNN_RNND,4012,0.4420836269855499,0.3717905506491661,0.07029306143522263,
0,260816,matched,MATCHED_RicianLOS,Proposed_CA_CNN_RNND,4013,0.28692368045449257,0.24505212903022766,0.04187154886312783,
0,260816,matched,MATCHED_RicianLOS,Proposed_CA_CNN_RNND,4014,0.35384874790906906,0.2957896962761879,0.05805906467139721,
0,260816,matched,MATCHED_RicianLOS,Proposed_CA_CNN_RNND,4015,0.19726311415433884,0.17552973330020905,0.021733379224315286,
0,260816,matched,MATCHED_RicianLOS,Proposed_CA_CNN_RNND,4016,0.27105608209967613,0.23571326211094856,0.035342820920050144,
0,260816,matched,MATCHED_RicianLOS,Proposed_CA_CNN_RNND,4017,0.4448539577424526,0.3651424013078213,0.07971155690029263,
0,260816,matched,MATCHED_RicianLOS,Proposed_CA_CNN_RNND,4018,0.3251197040081024,0.2819109857082367,0.04320871760137379,
0,260816,matched,MATCHED_RicianLOS,Proposed_CA_CNN_RNND,4019,0.44244617968797684,0.36430633813142776,0.07813985086977482,
0,260816,matched,MATCHED_RicianLOS,Proposed_CA_CNN_RNND,4020,0.25219085067510605,0.22109417244791985,0.03109667799435556,
0,260816,matched,MATCHED_RicianLOS,Proposed_CA_CNN_RNND,4021,0.47637683898210526,0.39334581047296524,0.08303102664649487,
0,260816,matched,MATCHED_RicianLOS,Proposed_CA_CNN_RNND,4022,0.2576373592019081,0.22403866797685623,0.03359869169071317,
0,260816,matched,MATCHED_RicianLOS,Proposed_CA_CNN_RNND,4023,0.3249537795782089,0.2727438658475876,0.05220992676913738,
0,260816,matched,MATCHED_RicianLOS,Proposed_CA_CNN_RNND,4024,0.30948206409811974,0.27083952724933624,0.038642533821985126,
0,260816,matched,MATCHED_RicianLOS,Proposed_CA_CNN_RNND,4025,0.38530420511960983,0.323124535381794,0.06217966158874333,
0,260816,matched,MATCHED_RicianLOS,Proposed_CA_CNN_RNND,4026,0.24751900136470795,0.22091782838106155,0.026601173565723002,
0,260816,matched,MATCHED_RicianLOS,Proposed_CA_CNN_RNND,4027,0.32448462024331093,0.277496375143528,0.046988241374492645,
0,260816,matched,MATCHED_RicianLOS,Proposed_CA_CNN_RNND,4028,0.4877076596021652,0.39831071346998215,0.0893969563767314,
0,260816,matched,MATCHED_RicianLOS,Proposed_CA_CNN_RNND,4029,0.3016196899116039,0.2612169347703457,0.04040275188162923,
0,260816,matched,MATCHED_RicianLOS,Proposed_CA_CNN_RNND,4030,0.32008127868175507,0.2742314226925373,0.04584986041299999,
0,260816,matched,MATCHED_RicianLOS,Proposed_CA_CNN_RNND,4031,0.37806279957294464,0.318639911711216,0.059422886930406094,
0,260816,matched,MATCHED_RicianLOS,Proposed_CA_CNN_RNND,4032,0.37557095289230347,0.31726739183068275,0.05830355826765299,
0,260816,matched,MATCHED_RicianLOS,Proposed_CA_CNN_RNND,4033,0.3205478601157665,0.274662084877491,0.04588577290996909,
0,260816,matched,MATCHED_RicianLOS,Proposed_CA_CNN_RNND,4034,0.4626939594745636,0.38053974509239197,0.08215420506894588,
0,260816,matched,MATCHED_RicianLOS,Proposed_CA_CNN_RNND,4035,0.3998379297554493,0.32657504081726074,0.0732628870755434,
0,260816,matched,MATCHED_RicianLOS,Proposed_CA_CNN_RNND,4036,0.3204761780798435,0.26913563907146454,0.05134053714573383,
0,260816,matched,MATCHED_RicianLOS,Proposed_CA_CNN_RNND,4037,0.4361783266067505,0.36198608204722404,0.07419223431497812,
0,260816,matched,MATCHED_RicianLOS,Proposed_CA_CNN_RNND,4038,0.39353155717253685,0.32300374284386635,0.07052781758829951,
0,260816,matched,MATCHED_RicianLOS,Proposed_CA_CNN_RNND,4039,0.38155926018953323,0.32054927200078964,0.06100999971386045,
0,260816,matched,MATCHED_RicianLOS,Proposed_CA_CNN_RNND,4040,0.41295816004276276,0.34173668548464775,0.07122146338224411,
0,260816,matched,MATCHED_RicianLOS,Proposed_CA_CNN_RNND,4041,0.5120429918169975,0.4115154594182968,0.10052752587944269,
0,260816,matched,MATCHED_RicianLOS,Proposed_CA_CNN_RNND,4042,0.28253791853785515,0.2418789230287075,0.040658989106304944,
0,260816,matched,MATCHED_RicianLOS,Proposed_CA_CNN_RNND,4043,0.28002282977104187,0.23947281017899513,0.040550027042627335,
0,260816,matched,MATCHED_RicianLOS,Proposed_CA_CNN_RNND,4044,0.3792007490992546,0.31669022887945175,0.06251052068546414,
0,260816,matched,MATCHED_RicianLOS,Proposed_CA_CNN_RNND,4045,0.23607004433870316,0.2092172335833311,0.0268528115702793,
0,260816,matched,MATCHED_RicianLOS,Proposed_CA_CNN_RNND,4046,0.3931000865995884,0.321660079061985,0.07144000055268407,
0,260816,matched,MATCHED_RicianLOS,Proposed_CA_CNN_RNND,4047,0.36652112007141113,0.3096946254372597,0.05682649556547403,
0,260816,matched,MATCHED_RicianLOS,Proposed_CA_CNN_RNND,4048,0.3883765749633312,0.3319352716207504,0.05644129938445985,
0,260816,matched,MATCHED_RicianLOS,Proposed_CA_CNN_RNND,4049,0.19457104615867138,0.17539625242352486,0.019174790824763477,
0,260816,matched,MATCHED_RicianLOS,Proposed_CA_CNN_RNND,4050,0.42956963926553726,0.3554958552122116,0.07407378777861595,
0,260816,matched,MATCHED_RicianLOS,Proposed_CA_CNN_RNND,4051,0.31010420247912407,0.26432283222675323,0.04578136932104826,
0,260816,matched,MATCHED_RicianLOS,Proposed_CA_CNN_RNND,4052,0.33497360348701477,0.27497725188732147,0.059996344381943345,
0,260816,matched,MATCHED_RicianLOS,Proposed_CA_CNN_RNND,4053,0.3947533816099167,0.32976819947361946,0.06498518446460366,
0,260816,matched,MATCHED_RicianLOS,Proposed_CA_CNN_RNND,4054,0.2948389444500208,0.2480519488453865,0.04678699525538832,
0,260816,matched,MATCHED_RicianLOS,Proposed_CA_CNN_RNND,4055,0.3797624818980694,0.3169685900211334,0.06279390677809715,
0,260816,matched,MATCHED_RicianLOS,Proposed_CA_CNN_RNND,4056,0.3821241445839405,0.3120540790259838,0.07007006742060184,
0,260816,matched,MATCHED_RicianLOS,Proposed_CA_CNN_RNND,4057,0.4146488606929779,0.3384074866771698,0.07624136935919523,
0,260816,matched,MATCHED_RicianLOS,Proposed_CA_CNN_RNND,4058,0.3376467637717724,0.2772960439324379,0.06035071378573775,
0,260816,matched,MATCHED_RicianLOS,Proposed_CA_CNN_RNND,4059,0.2989678643643856,0.25488001108169556,0.04408785700798035,
0,260816,matched,MATCHED_RicianLOS,Proposed_CA_CNN_RNND,4060,0.2635515257716179,0.22642740607261658,0.03712411946617067,
0,260816,matched,MATCHED_RicianLOS,Proposed_CA_CNN_RNND,4061,0.3154112882912159,0.273513063788414,0.041898229625076056,
0,260816,matched,MATCHED_RicianLOS,Proposed_CA_CNN_RNND,4062,0.2885831892490387,0.24114857986569405,0.0474346085684374,
0,260816,matched,MATCHED_RicianLOS,Proposed_CA_CNN_RNND,4063,0.41028352454304695,0.33614595979452133,0.07413755869492888,
0,260816,matched,MATCHED_RicianLOS,Proposed_CA_CNN_RNND,4064,0.31525397300720215,0.2679574266076088,0.04729654639959335,
0,260816,matched,MATCHED_RicianLOS,Proposed_CA_CNN_RNND,4065,0.5169489458203316,0.4075518026947975,0.10939713940024376,
0,260816,matched,MATCHED_RicianLOS,Proposed_CA_CNN_RNND,4066,0.3308171406388283,0.2847513034939766,0.04606583993881941,
0,260816,matched,MATCHED_RicianLOS,Proposed_CA_CNN_RNND,4067,0.3421585336327553,0.28468911349773407,0.05746941827237606,
0,260816,matched,MATCHED_RicianLOS,Proposed_CA_CNN_RNND,4068,0.4042870029807091,0.3390327915549278,0.06525421980768442,
0,260816,matched,MATCHED_RicianLOS,Proposed_CA_CNN_RNND,4069,0.29879625141620636,0.2566780149936676,0.04211823223158717,
0,260816,matched,MATCHED_RicianLOS,Proposed_CA_CNN_RNND,4070,0.33908972702920437,0.2904418036341667,0.04864792537409812,
0,260816,matched,MATCHED_RicianLOS,Proposed_CA_CNN_RNND,4071,0.2766750417649746,0.23966798558831215,0.03700705477967858,
0,260816,matched,MATCHED_RicianLOS,Proposed_CA_CNN_RNND,4072,0.28925542905926704,0.25117959827184677,0.0380758298560977,
0,260816,matched,MATCHED_RicianLOS,Proposed_CA_CNN_RNND,4073,0.348677683621645,0.2951607331633568,0.05351694440469146,
0,260816,matched,MATCHED_RicianLOS,Proposed_CA_CNN_RNND,4074,0.37979151494801044,0.31147822737693787,0.06831328733824193,
0,260816,matched,MATCHED_RicianLOS,Proposed_CA_CNN_RNND,4075,0.37052809819579124,0.3142198175191879,0.05630828719586134,
0,260816,matched,MATCHED_RicianLOS,Proposed_CA_CNN_RNND,4076,0.31202320754528046,0.26620009168982506,0.045823111082427204,
0,260816,matched,MATCHED_RicianLOS,Proposed_CA_CNN_RNND,4077,0.36927657574415207,0.31079623475670815,0.05848033633083105,
0,260816,matched,MATCHED_RicianLOS,Proposed_CA_CNN_RNND,4078,0.27584031969308853,0.23324441350996494,0.04259589873254299,
0,260816,matched,MATCHED_RicianLOS,Proposed_CA_CNN_RNND,4079,0.38389527052640915,0.3254835456609726,0.05841172207146883,
0,260816,matched,MATCHED_RicianLOS,Proposed_CA_CNN_RNND,4080,0.2696762830018997,0.23583368211984634,0.03384260181337595,
0,260816,matched,MATCHED_RicianLOS,Proposed_CA_CNN_RNND,4081,0.321190670132637,0.2777186557650566,0.04347201716154814,
0,260816,matched,MATCHED_RicianLOS,Proposed_CA_CNN_RNND,4082,0.3605797365307808,0.30095577239990234,0.05962396413087845,
0,260816,matched,MATCHED_RicianLOS,Proposed_CA_CNN_RNND,4083,0.17358045652508736,0.15835577994585037,0.015224675182253122,
0,260816,matched,MATCHED_RicianLOS,Proposed_CA_CNN_RNND,4084,0.38365471363067627,0.32262543961405754,0.06102927424944937,
0,260816,matched,MATCHED_RicianLOS,Proposed_CA_CNN_RNND,4085,0.29837288334965706,0.25679653510451317,0.0415763424243778,
0,260816,matched,MATCHED_RicianLOS,Proposed_CA_CNN_RNND,4086,0.23820336908102036,0.215627271682024,0.022576099378056824,
0,260816,matched,MATCHED_RicianLOS,Proposed_CA_CNN_RNND,4087,0.3058914504945278,0.26717526093125343,0.038716193521395326,
0,260816,matched,MATCHED_RicianLOS,Proposed_CA_CNN_RNND,4088,0.43457113206386566,0.3521329164505005,0.0824382184073329,
0,260816,matched,MATCHED_RicianLOS,Proposed_CA_CNN_RNND,4089,0.2813653461635113,0.2466709315776825,0.03469441132619977,
0,260816,matched,MATCHED_RicianLOS,Proposed_CA_CNN_RNND,4090,0.39296771585941315,0.33052466809749603,0.062443045899271965,
0,260816,matched,MATCHED_RicianLOS,Proposed_CA_CNN_RNND,4091,0.2011314556002617,0.17778270319104195,0.023348751361481845,
0,260816,matched,MATCHED_RicianLOS,Proposed_CA_CNN_RNND,4092,0.2503479793667793,0.22036390006542206,0.029984074644744396,
0,260816,matched,MATCHED_RicianLOS,Proposed_CA_CNN_RNND,4093,0.37223052978515625,0.30756258592009544,0.06466795783489943,
0,260816,matched,MATCHED_RicianLOS,Proposed_CA_CNN_RNND,4094,0.37777088582515717,0.3194173499941826,0.05835352558642626,
0,260816,matched,MATCHED_RicianLOS,Proposed_CA_CNN_RNND,4095,0.44472353905439377,0.36649493128061295,0.07822861708700657,
0,260816,matched,MATCHED_RicianLOS,Proposed_CA_CNN_RNND,4096,0.4467521607875824,0.36593522876501083,0.08081693295389414,
0,260816,matched,MATCHED_RicianLOS,Proposed_CA_CNN_RNND,4097,0.3928004540503025,0.3286450244486332,0.06415543449111283,
0,260816,matched,MATCHED_RicianLOS,Proposed_CA_CNN_RNND,4098,0.34402114525437355,0.2949027642607689,0.049118378665298223,
0,260816,matched,MATCHED_RicianLOS,Proposed_CA_CNN_RNND,4099,0.3588269576430321,0.30389102920889854,0.05493592005223036,
0,260816,matched,MATCHED_RicianLOS,Proposed_CA_CNN_RNND,4100,0.34595030546188354,0.2843431383371353,0.0616071717813611,
0,260816,matched,MATCHED_RicianLOS,Proposed_CA_CNN_RNND,4101,0.44509194791316986,0.36370399594306946,0.08138795010745525,
0,260816,matched,MATCHED_RicianLOS,Proposed_CA_CNN_RNND,4102,0.34572191908955574,0.2880951948463917,0.057626716792583466,
0,260816,matched,MATCHED_RicianLOS,Proposed_CA_CNN_RNND,4103,0.2902269661426544,0.25156987085938454,0.038657091092318296,
0,260816,matched,MATCHED_RicianLOS,Proposed_CA_CNN_RNND,4104,0.4045674204826355,0.3295016698539257,0.07506576273590326,
0,260816,matched,MATCHED_RicianLOS,Proposed_CA_CNN_RNND,4105,0.28318137861788273,0.2420216128230095,0.04115976742468774,
0,260816,matched,MATCHED_RicianLOS,Proposed_CA_CNN_RNND,4106,0.4381171613931656,0.3605509474873543,0.07756621530279517,
0,260816,matched,MATCHED_RicianLOS,Proposed_CA_CNN_RNND,4107,0.16634047590196133,0.15309901535511017,0.013241464854218066,
0,260816,matched,MATCHED_RicianLOS,Proposed_CA_CNN_RNND,4108,0.2583528906106949,0.22528429701924324,0.033068593358621,
0,260816,matched,MATCHED_RicianLOS,Proposed_CA_CNN_RNND,4109,0.2887815199792385,0.25158222392201424,0.03719929535873234,
0,260816,matched,MATCHED_RicianLOS,Proposed_CA_CNN_RNND,4110,0.3735407926142216,0.29939786717295647,0.07414293044712394,
0,260816,matched,MATCHED_RicianLOS,Proposed_CA_CNN_RNND,4111,0.4382976032793522,0.3639259934425354,0.0743716114666313,
0,260816,matched,MATCHED_RicianLOS,Proposed_CA_CNN_RNND,4112,0.36350037157535553,0.3084551841020584,0.05504518828820437,
0,260816,matched,MATCHED_RicianLOS,Proposed_CA_CNN_RNND,4113,0.28483252972364426,0.24398912489414215,0.04084340017288923,
0,260816,matched,MATCHED_RicianLOS,Proposed_CA_CNN_RNND,4114,0.3769432343542576,0.3100687079131603,0.06687453202903271,
0,260816,matched,MATCHED_RicianLOS,Proposed_CA_CNN_RNND,4115,0.32996584475040436,0.28571024537086487,0.04425560496747494,
0,260816,matched,MATCHED_RicianLOS,Proposed_CA_CNN_RNND,4116,0.25484662875533104,0.2178594395518303,0.036987190018408,
0,260816,matched,MATCHED_RicianLOS,Proposed_CA_CNN_RNND,4117,0.32728762179613113,0.27203547209501266,0.05525214830413461,
0,260816,matched,MATCHED_RicianLOS,Proposed_CA_CNN_RNND,4118,0.40578402020037174,0.3274945989251137,0.07828942057676613,
0,260816,matched,MATCHED_RicianLOS,Proposed_CA_CNN_RNND,4119,0.3815556652843952,0.3232082203030586,0.05834744358435273,
0,260816,matched,MATCHED_RicianLOS,Proposed_CA_CNN_RNND,4120,0.2954174242913723,0.25308988988399506,0.0423275395296514,
0,260816,matched,MATCHED_RicianLOS,Proposed_CA_CNN_RNND,4121,0.31170349940657616,0.26454757153987885,0.04715592926368117,
0,260816,matched,MATCHED_RicianLOS,Proposed_CA_CNN_RNND,4122,0.30394406244158745,0.25756029412150383,0.04638377437368035,
0,260816,matched,MATCHED_RicianLOS,Proposed_CA_CNN_RNND,4123,0.3174585662782192,0.27011139690876007,0.047347161918878555,
0,260816,matched,MATCHED_RicianLOS,Proposed_CA_CNN_RNND,4124,0.5122792050242424,0.41860440373420715,0.0936747957020998,
0,260816,matched,MATCHED_RicianLOS,Proposed_CA_CNN_RNND,4125,0.2066575586795807,0.1848420575261116,0.021815501153469086,
0,260816,matched,MATCHED_RicianLOS,Proposed_CA_CNN_RNND,4126,0.3775953836739063,0.30775172263383865,0.06984365079551935,
0,260816,matched,MATCHED_RicianLOS,Proposed_CA_CNN_RNND,4127,0.3627837970852852,0.30018099397420883,0.06260280683636665,
0,260816,matched,MATCHED_RicianLOS,Proposed_CA_CNN_RNND,4128,0.32592206448316574,0.26846007630228996,0.057461988646537066,
0,260816,matched,MATCHED_RicianLOS,Proposed_CA_CNN_RNND,4129,0.27513011917471886,0.24023787677288055,0.03489223890937865,
0,260816,matched,MATCHED_RicianLOS,Proposed_CA_CNN_RNND,4130,0.25646792352199554,0.2241303026676178,0.032337618758901954,
0,260816,matched,MATCHED_RicianLOS,Proposed_CA_CNN_RNND,4131,0.2816574051976204,0.23789488337934017,0.04376251273788512,
0,260816,matched,MATCHED_RicianLOS,Proposed_CA_CNN_RNND,4132,0.17373109608888626,0.1591666154563427,0.014564485987648368,
0,260816,matched,MATCHED_RicianLOS,Proposed_CA_CNN_RNND,4133,0.41996749117970467,0.34865469485521317,0.07131278840824962,
0,260816,matched,MATCHED_RicianLOS,Proposed_CA_CNN_RNND,4134,0.28343144804239273,0.24306293576955795,0.04036851320415735,
0,260816,matched,MATCHED_RicianLOS,Proposed_CA_CNN_RNND,4135,0.3845341242849827,0.3217928223311901,0.06274131219834089,
0,260816,matched,MATCHED_RicianLOS,Proposed_CA_CNN_RNND,4136,0.27228323742747307,0.2397318296134472,0.0325514025753364,
0,260816,matched,MATCHED_RicianLOS,Proposed_CA_CNN_RNND,4137,0.32333116605877876,0.2687948066741228,0.05453635402955115,
0,260816,matched,MATCHED_RicianLOS,Proposed_CA_CNN_RNND,4138,0.4457949623465538,0.3631834536790848,0.08261149795725942,
0,260816,matched,MATCHED_RicianLOS,Proposed_CA_CNN_RNND,4139,0.20349238067865372,0.18852297216653824,0.014969406416639686,
0,260816,matched,MATCHED_RicianLOS,Proposed_CA_CNN_RNND,4140,0.22504547610878944,0.1969593297690153,0.028086151462048292,
0,260816,matched,MATCHED_RicianLOS,Proposed_CA_CNN_RNND,4141,0.38309743255376816,0.3209036961197853,0.06219373922795057,
0,260816,matched,MATCHED_RicianLOS,Proposed_CA_CNN_RNND,4142,0.32905084267258644,0.2712066099047661,0.05784423346631229,
0,260816,matched,MATCHED_RicianLOS,Proposed_CA_CNN_RNND,4143,0.3636168949306011,0.30547214299440384,0.05814475449733436,
0,260816,matched,MATCHED_RicianLOS,Proposed_CA_CNN_RNND,4144,0.23870231211185455,0.20668965950608253,0.03201265400275588,
0,260816,matched,MATCHED_RicianLOS,Proposed_CA_CNN_RNND,4145,0.3033550903201103,0.2585642412304878,0.04479085328057408,
0,260816,matched,MATCHED_RicianLOS,Proposed_CA_CNN_RNND,4146,0.3165010139346123,0.2676917016506195,0.04880932089872658,
0,260816,matched,MATCHED_RicianLOS,Proposed_CA_CNN_RNND,4147,0.2346479631960392,0.20525451377034187,0.029393452685326338,
0,260816,matched,MATCHED_RicianLOS,Proposed_CA_CNN_RNND,4148,0.5433274358510971,0.43767979741096497,0.10564764216542244,
0,260816,matched,MATCHED_RicianLOS,Proposed_CA_CNN_RNND,4149,0.2282190416008234,0.2020914163440466,0.026127622229978442,
0,260816,matched,MATCHED_RicianLOS,Proposed_CA_CNN_RNND,4150,0.3839552029967308,0.313553161919117,0.07040204852819443,
0,260816,matched,MATCHED_RicianLOS,Proposed_CA_CNN_RNND,4151,0.5617426112294197,0.45148586481809616,0.11025675013661385,
0,260816,matched,MATCHED_RicianLOS,Proposed_CA_CNN_RNND,4152,0.2519185543060303,0.21874473989009857,0.03317381558008492,
0,260816,matched,MATCHED_RicianLOS,Proposed_CA_CNN_RNND,4153,0.2878947854042053,0.24370908737182617,0.04418570140842348,
0,260816,matched,MATCHED_RicianLOS,Proposed_CA_CNN_RNND,4154,0.2846538685262203,0.2461908496916294,0.038463017670437694,
0,260816,matched,MATCHED_RicianLOS,Proposed_CA_CNN_RNND,4155,0.3053132425993681,0.2620856463909149,0.04322759516071528,
0,260816,matched,MATCHED_RicianLOS,Proposed_CA_CNN_RNND,4156,0.2678871117532253,0.2354920469224453,0.03239506506361067,
0,260816,matched,MATCHED_RicianLOS,Proposed_CA_CNN_RNND,4157,0.33199815079569817,0.27680641040205956,0.05519174551591277,
0,260816,matched,MATCHED_RicianLOS,Proposed_CA_CNN_RNND,4158,0.3089137002825737,0.26974019780755043,0.039173504803329706,
0,260816,matched,MATCHED_RicianLOS,Proposed_CA_CNN_RNND,4159,0.2993515878915787,0.25738923996686935,0.04196234978735447,
0,260816,matched,MATCHED_RicianLOS,Proposed_CA_CNN_RNND,4160,0.21954694017767906,0.19117135927081108,0.028375574154779315,
0,260816,matched,MATCHED_RicianLOS,Proposed_CA_CNN_RNND,4161,0.20991535857319832,0.18807224929332733,0.021843111724592745,
0,260816,matched,MATCHED_RicianLOS,Proposed_CA_CNN_RNND,4162,0.4234171658754349,0.3485388979315758,0.07487826608121395,
0,260816,matched,MATCHED_RicianLOS,Proposed_CA_CNN_RNND,4163,0.32983221113681793,0.27736036479473114,0.052471841452643275,
0,260816,matched,MATCHED_RicianLOS,Proposed_CA_CNN_RNND,4164,0.3137177675962448,0.2667069435119629,0.047010819893330336,
0,260816,matched,MATCHED_RicianLOS,Proposed_CA_CNN_RNND,4165,0.48051194846630096,0.38775497674942017,0.0927569828927517,
0,260816,matched,MATCHED_RicianLOS,Proposed_CA_CNN_RNND,4166,0.290064575150609,0.25420697778463364,0.03585759981069714,
0,260816,matched,MATCHED_RicianLOS,Proposed_CA_CNN_RNND,4167,0.5045905448496342,0.4067288860678673,0.09786164667457342,
0,260816,matched,MATCHED_RicianLOS,Proposed_CA_CNN_RNND,4168,0.3040984347462654,0.26505523175001144,0.03904320392757654,
0,260816,matched,MATCHED_RicianLOS,Proposed_CA_CNN_RNND,4169,0.3601549547165632,0.301655326038599,0.058499631588347256,
0,260816,matched,MATCHED_RicianLOS,Proposed_CA_CNN_RNND,4170,0.2809070162475109,0.24211126193404198,0.038795761531218886,
0,260816,matched,MATCHED_RicianLOS,Proposed_CA_CNN_RNND,4171,0.4371744394302368,0.3583211712539196,0.07885327003896236,
0,260816,matched,MATCHED_RicianLOS,Proposed_CA_CNN_RNND,4172,0.42312347143888474,0.35382822901010513,0.06929524568840861,
0,260816,matched,MATCHED_RicianLOS,Proposed_CA_CNN_RNND,4173,0.48451434075832367,0.3987116292119026,0.08580270130187273,
0,260816,matched,MATCHED_RicianLOS,Proposed_CA_CNN_RNND,4174,0.4305145889520645,0.3519698828458786,0.07854471076279879,
0,260816,matched,MATCHED_RicianLOS,Proposed_CA_CNN_RNND,4175,0.34132086485624313,0.2944028042256832,0.04691806435585022,
0,260816,matched,MATCHED_RicianLOS,Proposed_CA_CNN_RNND,4176,0.3046717010438442,0.2590445950627327,0.04562710179015994,
0,260816,matched,MATCHED_RicianLOS,Proposed_CA_CNN_RNND,4177,0.3053586892783642,0.2612575702369213,0.04410112265031785,
0,260816,matched,MATCHED_RicianLOS,Proposed_CA_CNN_RNND,4178,0.33379117399454117,0.2817010395228863,0.05209013540297747,
0,260816,matched,MATCHED_RicianLOS,Proposed_CA_CNN_RNND,4179,0.3884151130914688,0.32872172072529793,0.059693395625799894,
0,260816,matched,MATCHED_RicianLOS,Proposed_CA_CNN_RNND,4180,0.2675202153623104,0.2386055327951908,0.028914691298268735,
0,260816,matched,MATCHED_RicianLOS,Proposed_CA_CNN_RNND,4181,0.27733946591615677,0.2481713481247425,0.029168118489906192,
0,260816,matched,MATCHED_RicianLOS,Proposed_CA_CNN_RNND,4182,0.29830408096313477,0.25253330171108246,0.045770779019221663,
0,260816,matched,MATCHED_RicianLOS,Proposed_CA_CNN_RNND,4183,0.27446963638067245,0.23628930747509003,0.03818032518029213,
0,260816,matched,MATCHED_RicianLOS,Proposed_CA_CNN_RNND,4184,0.39375341683626175,0.332180954515934,0.06157246697694063,
0,260816,matched,MATCHED_RicianLOS,Proposed_CA_CNN_RNND,4185,0.4233448728919029,0.3552006781101227,0.06814420386217535,
0,260816,matched,MATCHED_RicianLOS,Proposed_CA_CNN_RNND,4186,0.25315001234412193,0.22425182163715363,0.028898184187710285,
0,260816,matched,MATCHED_RicianLOS,Proposed_CA_CNN_RNND,4187,0.35167238861322403,0.3018115237355232,0.049860871862620115,
0,260816,matched,MATCHED_RicianLOS,Proposed_CA_CNN_RNND,4188,0.37568308785557747,0.30956240743398666,0.0661206926451996,
0,260816,matched,MATCHED_RicianLOS,Proposed_CA_CNN_RNND,4189,0.416359830647707,0.3453276976943016,0.07103214040398598,
0,260816,matched,MATCHED_RicianLOS,Proposed_CA_CNN_RNND,4190,0.2664709873497486,0.2343112975358963,0.03215968492440879,
0,260816,matched,MATCHED_RicianLOS,Proposed_CA_CNN_RNND,4191,0.23866940289735794,0.21386944875121117,0.02479995461180806,
0,260816,matched,MATCHED_RicianLOS,Proposed_CA_CNN_RNND,4192,0.3328602537512779,0.28502707928419113,0.04783316841349006,
0,260816,matched,MATCHED_RicianLOS,Proposed_CA_CNN_RNND,4193,0.25003183633089066,0.22149288654327393,0.028538954677060246,
0,260816,matched,MATCHED_RicianLOS,Proposed_CA_CNN_RNND,4194,0.3120790235698223,0.2647160291671753,0.047362993471324444,
0,260816,matched,MATCHED_RicianLOS,Proposed_CA_CNN_RNND,4195,0.2276046797633171,0.200901348143816,0.0267033320851624,
0,260816,matched,MATCHED_RicianLOS,Proposed_CA_CNN_RNND,4196,0.38002508506178856,0.3175751157104969,0.062449971213936806,
0,260816,matched,MATCHED_RicianLOS,Proposed_CA_CNN_RNND,4197,0.22147085890173912,0.19755354151129723,0.023917316924780607,
0,260816,matched,MATCHED_RicianLOS,Proposed_CA_CNN_RNND,4198,0.5325835645198822,0.43339936435222626,0.0991841871291399,
0,260816,matched,MATCHED_RicianLOS,Proposed_CA_CNN_RNND,4199,0.3143163826316595,0.26378392800688744,0.050532456662040204,
0,260816,matched,MATCHED_RicianLOS,Proposed_CA_CNN_RNND,4200,0.375740148127079,0.31336110830307007,0.06237903889268637,-1.1792933442705658
0,260816,matched,MATCHED_RicianLOS,Proposed_CA_CNN_RNND,4201,0.34701962023973465,0.2898888438940048,0.05713077541440725,
0,260816,matched,MATCHED_RicianLOS,Proposed_CA_CNN_RNND,4202,0.3296220786869526,0.27511730790138245,0.05450476240366697,
0,260816,matched,MATCHED_RicianLOS,Proposed_CA_CNN_RNND,4203,0.4212009273469448,0.3483247607946396,0.07287617563270032,
0,260816,matched,MATCHED_RicianLOS,Proposed_CA_CNN_RNND,4204,0.2395746409893036,0.21052000299096107,0.029054635437205434,
0,260816,matched,MATCHED_RicianLOS,Proposed_CA_CNN_RNND,4205,0.31903475522994995,0.2659069895744324,0.053127764724195004,
0,260816,matched,MATCHED_RicianLOS,Proposed_CA_CNN_RNND,4206,0.5141749009490013,0.41037070006132126,0.10380420973524451,
0,260816,matched,MATCHED_RicianLOS,Proposed_CA_CNN_RNND,4207,0.42297230660915375,0.3446168079972267,0.0783554962836206,
0,260816,matched,MATCHED_RicianLOS,Proposed_CA_CNN_RNND,4208,0.3362603709101677,0.27539387345314026,0.0608665042091161,
0,260816,matched,MATCHED_RicianLOS,Proposed_CA_CNN_RNND,4209,0.4190758019685745,0.34506820887327194,0.07400759402662516,
0,260816,matched,MATCHED_RicianLOS,Proposed_CA_CNN_RNND,4210,0.3840620890259743,0.31882935017347336,0.06523275095969439,
0,260816,matched,MATCHED_RicianLOS,Proposed_CA_CNN_RNND,4211,0.22579807043075562,0.20281905680894852,0.02297901245765388,
0,260816,matched,MATCHED_RicianLOS,Proposed_CA_CNN_RNND,4212,0.2997547797858715,0.25160370022058487,0.04815107106696814,
0,260816,matched,MATCHED_RicianLOS,Proposed_CA_CNN_RNND,4213,0.43777235597372055,0.3637966215610504,0.07397574069909751,
0,260816,matched,MATCHED_RicianLOS,Proposed_CA_CNN_RNND,4214,0.399062916636467,0.3237326182425022,0.07533029653131962,
0,260816,matched,MATCHED_RicianLOS,Proposed_CA_CNN_RNND,4215,0.3456948325037956,0.2922210842370987,0.05347374314442277,
0,260816,matched,MATCHED_RicianLOS,Proposed_CA_CNN_RNND,4216,0.2992109842598438,0.25346701592206955,0.0457439674064517,
0,260816,matched,MATCHED_RicianLOS,Proposed_CA_CNN_RNND,4217,0.28099628910422325,0.24550516158342361,0.035491128684952855,
0,260816,matched,MATCHED_RicianLOS,Proposed_CA_CNN_RNND,4218,0.26368139684200287,0.23572009801864624,0.027961293701082468,
0,260816,matched,MATCHED_RicianLOS,Proposed_CA_CNN_RNND,4219,0.2927449494600296,0.2552028354257345,0.037542114267125726,
0,260816,matched,MATCHED_RicianLOS,Proposed_CA_CNN_RNND,4220,0.2451876476407051,0.21518264338374138,0.030005000298842788,
0,260816,matched,MATCHED_RicianLOS,Proposed_CA_CNN_RNND,4221,0.4061490520834923,0.34043869376182556,0.06571036018431187,
0,260816,matched,MATCHED_RicianLOS,Proposed_CA_CNN_RNND,4222,0.3715619444847107,0.3154946342110634,0.05606730282306671,
0,260816,matched,MATCHED_RicianLOS,Proposed_CA_CNN_RNND,4223,0.4257996864616871,0.35070720687508583,0.07509249076247215,
0,260816,matched,MATCHED_RicianLOS,Proposed_CA_CNN_RNND,4224,0.43318134918808937,0.3552337549626827,0.07794758211821318,
0,260816,matched,MATCHED_RicianLOS,Proposed_CA_CNN_RNND,4225,0.3971223831176758,0.3318897746503353,0.06523261032998562,
0,260816,matched,MATCHED_RicianLOS,Proposed_CA_CNN_RNND,4226,0.46473243087530136,0.37625426799058914,0.08847816474735737,
0,260816,matched,MATCHED_RicianLOS,Proposed_CA_CNN_RNND,4227,0.2918769270181656,0.2535744495689869,0.038302470464259386,
0,260816,matched,MATCHED_RicianLOS,Proposed_CA_CNN_RNND,4228,0.23046185076236725,0.20150909945368767,0.02895274804905057,
0,260816,matched,MATCHED_RicianLOS,Proposed_CA_CNN_RNND,4229,0.28354647383093834,0.24884863570332527,0.034697846276685596,
0,260816,matched,MATCHED_RicianLOS,Proposed_CA_CNN_RNND,4230,0.26451920345425606,0.22625359147787094,0.0382656161673367,
0,260816,matched,MATCHED_RicianLOS,Proposed_CA_CNN_RNND,4231,0.36554059386253357,0.30606256797909737,0.05947802308946848,
0,260816,matched,MATCHED_RicianLOS,Proposed_CA_CNN_RNND,4232,0.2855551429092884,0.2460763230919838,0.039478815626353025,
0,260816,matched,MATCHED_RicianLOS,Proposed_CA_CNN_RNND,4233,0.298078078776598,0.2559921219944954,0.042085953522473574,
0,260816,matched,MATCHED_RicianLOS,Proposed_CA_CNN_RNND,4234,0.1955093126744032,0.1788449753075838,0.016664336260873824,
0,260816,matched,MATCHED_RicianLOS,Proposed_CA_CNN_RNND,4235,0.403802327811718,0.33399496227502823,0.06980736181139946,
0,260816,matched,MATCHED_RicianLOS,Proposed_CA_CNN_RNND,4236,0.3633672520518303,0.3063521459698677,0.057015092577785254,
0,260816,matched,MATCHED_RicianLOS,Proposed_CA_CNN_RNND,4237,0.30273737385869026,0.2621699199080467,0.04056745406705886,
0,260816,matched,MATCHED_RicianLOS,Proposed_CA_CNN_RNND,4238,0.3955584019422531,0.3315623514354229,0.06399605423212051,
0,260816,matched,MATCHED_RicianLOS,Proposed_CA_CNN_RNND,4239,0.3813132978975773,0.3117796964943409,0.06953358743339777,
0,260816,matched,MATCHED_RicianLOS,Proposed_CA_CNN_RNND,4240,0.270453505218029,0.23215289041399956,0.03830062213819474,
0,260816,matched,MATCHED_RicianLOS,Proposed_CA_CNN_RNND,4241,0.32483965158462524,0.27790801227092743,0.04693164164200425,
0,260816,matched,MATCHED_RicianLOS,Proposed_CA_CNN_RNND,4242,0.38157662376761436,0.31621912121772766,0.06535750115290284,
0,260816,matched,MATCHED_RicianLOS,Proposed_CA_CNN_RNND,4243,0.20102307945489883,0.1841261051595211,0.016896976390853524,
0,260816,matched,MATCHED_RicianLOS,Proposed_CA_CNN_RNND,4244,0.3636089861392975,0.30663613975048065,0.05697285709902644,
0,260816,matched,MATCHED_RicianLOS,Proposed_CA_CNN_RNND,4245,0.2952434569597244,0.256488811224699,0.03875464200973511,
0,260816,matched,MATCHED_RicianLOS,Proposed_CA_CNN_RNND,4246,0.2240341752767563,0.20003246143460274,0.024001719197258353,
0,260816,matched,MATCHED_RicianLOS,Proposed_CA_CNN_RNND,4247,0.1986895613372326,0.17849470674991608,0.020194857381284237,
0,260816,matched,MATCHED_RicianLOS,Proposed_CA_CNN_RNND,4248,0.35489853471517563,0.29662173613905907,0.05827678553760052,
0,260816,matched,MATCHED_RicianLOS,Proposed_CA_CNN_RNND,4249,0.3054644428193569,0.2600351311266422,0.045429315185174346,
0,260816,matched,MATCHED_RicianLOS,Proposed_CA_CNN_RNND,4250,0.31038618460297585,0.26501723006367683,0.045368956634774804,
0,260816,matched,MATCHED_RicianLOS,Proposed_CA_CNN_RNND,4251,0.37718571349978447,0.30846959352493286,0.0687161274254322,
0,260816,matched,MATCHED_RicianLOS,Proposed_CA_CNN_RNND,4252,0.3604210577905178,0.30398935824632645,0.056431705597788095,
0,260816,matched,MATCHED_RicianLOS,Proposed_CA_CNN_RNND,4253,0.44385991990566254,0.3688691034913063,0.07499080989509821,
0,260816,matched,MATCHED_RicianLOS,Proposed_CA_CNN_RNND,4254,0.2331398818641901,0.205059215426445,0.028080663993023336,
0,260816,matched,MATCHED_RicianLOS,Proposed_CA_CNN_RNND,4255,0.33993616327643394,0.2929452955722809,0.04699086910113692,
0,260816,matched,MATCHED_RicianLOS,Proposed_CA_CNN_RNND,4256,0.3673706278204918,0.3099743127822876,0.0573963038623333,
0,260816,matched,MATCHED_RicianLOS,Proposed_CA_CNN_RNND,4257,0.23054109513759613,0.202004324644804,0.02853677317034453,
0,260816,matched,MATCHED_RicianLOS,Proposed_CA_CNN_RNND,4258,0.29916810244321823,0.257890235632658,0.04127786378376186,
0,260816,matched,MATCHED_RicianLOS,Proposed_CA_CNN_RNND,4259,0.190046276897192,0.1773541383445263,0.012692140880972147,
0,260816,matched,MATCHED_RicianLOS,Proposed_CA_CNN_RNND,4260,0.22052861005067825,0.19487935304641724,0.025649256771430373,
0,260816,matched,MATCHED_RicianLOS,Proposed_CA_CNN_RNND,4261,0.31687694415450096,0.2704462707042694,0.046430673683062196,
0,260816,matched,MATCHED_RicianLOS,Proposed_CA_CNN_RNND,4262,0.3387454152107239,0.29189516603946686,0.04685025243088603,
0,260816,matched,MATCHED_RicianLOS,Proposed_CA_CNN_RNND,4263,0.4429524391889572,0.359700970351696,0.08325146045535803,
0,260816,matched,MATCHED_RicianLOS,Proposed_CA_CNN_RNND,4264,0.2939705476164818,0.25585396960377693,0.03811657731421292,
0,260816,matched,MATCHED_RicianLOS,Proposed_CA_CNN_RNND,4265,0.28444620594382286,0.25166476517915726,0.03278143564239144,
0,260816,matched,MATCHED_RicianLOS,Proposed_CA_CNN_RNND,4266,0.34223059192299843,0.29481979459524155,0.04741080245003104,
0,260816,matched,MATCHED_RicianLOS,Proposed_CA_CNN_RNND,4267,0.24158004485070705,0.2112514078617096,0.030328640481457114,
0,260816,matched,MATCHED_RicianLOS,Proposed_CA_CNN_RNND,4268,0.3652988374233246,0.3029811605811119,0.06231766892597079,
0,260816,matched,MATCHED_RicianLOS,Proposed_CA_CNN_RNND,4269,0.5133069194853306,0.41801754385232925,0.09528936864808202,
0,260816,matched,MATCHED_RicianLOS,Proposed_CA_CNN_RNND,4270,0.36898116022348404,0.31208867207169533,0.05689248465932906,
0,260816,matched,MATCHED_RicianLOS,Proposed_CA_CNN_RNND,4271,0.39026324450969696,0.3242231011390686,0.06604014476761222,
0,260816,matched,MATCHED_RicianLOS,Proposed_CA_CNN_RNND,4272,0.4356408268213272,0.3663928098976612,0.06924802018329501,
0,260816,matched,MATCHED_RicianLOS,Proposed_CA_CNN_RNND,4273,0.3591920770704746,0.30730538070201874,0.0518866996280849,
0,260816,matched,MATCHED_RicianLOS,Proposed_CA_CNN_RNND,4274,0.35841210559010506,0.3014110401272774,0.05700107151642442,
0,260816,matched,MATCHED_RicianLOS,Proposed_CA_CNN_RNND,4275,0.35352739691734314,0.2975068986415863,0.05602050293236971,
0,260816,matched,MATCHED_RicianLOS,Proposed_CA_CNN_RNND,4276,0.3485465981066227,0.2911776937544346,0.057368905982002616,
0,260816,matched,MATCHED_RicianLOS,Proposed_CA_CNN_RNND,4277,0.21898580715060234,0.195062305778265,0.02392350137233734,
0,260816,matched,MATCHED_RicianLOS,Proposed_CA_CNN_RNND,4278,0.15952030196785927,0.1468243058770895,0.012695992249064147,
0,260816,matched,MATCHED_RicianLOS,Proposed_CA_CNN_RNND,4279,0.4284004494547844,0.35700712352991104,0.07139332499355078,
0,260816,matched,MATCHED_RicianLOS,Proposed_CA_CNN_RNND,4280,0.19091714918613434,0.17610734701156616,0.014809805434197187,
0,260816,matched,MATCHED_RicianLOS,Proposed_CA_CNN_RNND,4281,0.2772480137646198,0.2388283722102642,0.03841965086758137,
0,260816,matched,MATCHED_RicianLOS,Proposed_CA_CNN_RNND,4282,0.283541988581419,0.2454572208225727,0.03808477008715272,
0,260816,matched,MATCHED_RicianLOS,Proposed_CA_CNN_RNND,4283,0.4427938759326935,0.36154695600271225,0.0812469229567796,
0,260816,matched,MATCHED_RicianLOS,Proposed_CA_CNN_RNND,4284,0.3162926882505417,0.2694765478372574,0.046816141810268164,
0,260816,matched,MATCHED_RicianLOS,Proposed_CA_CNN_RNND,4285,0.3221610002219677,0.2738039568066597,0.04835704108700156,
0,260816,matched,MATCHED_RicianLOS,Proposed_CA_CNN_RNND,4286,0.34159671887755394,0.2885584346950054,0.053038283716887236,
0,260816,matched,MATCHED_RicianLOS,Proposed_CA_CNN_RNND,4287,0.35843847692012787,0.2976357713341713,0.060802694875746965,
0,260816,matched,MATCHED_RicianLOS,Proposed_CA_CNN_RNND,4288,0.26873452588915825,0.23316696286201477,0.035567568615078926,
0,260816,matched,MATCHED_RicianLOS,Proposed_CA_CNN_RNND,4289,0.4034772589802742,0.33367085829377174,0.06980640441179276,
0,260816,matched,MATCHED_RicianLOS,Proposed_CA_CNN_RNND,4290,0.283337727189064,0.24045106023550034,0.04288666509091854,
0,260816,matched,MATCHED_RicianLOS,Proposed_CA_CNN_RNND,4291,0.3317766971886158,0.27971106208860874,0.05206562648527324,
0,260816,matched,MATCHED_RicianLOS,Proposed_CA_CNN_RNND,4292,0.428577296435833,0.3595825508236885,0.06899474747478962,
0,260816,matched,MATCHED_RicianLOS,Proposed_CA_CNN_RNND,4293,0.47606244683265686,0.39103757590055466,0.0850248672068119,
0,260816,matched,MATCHED_RicianLOS,Proposed_CA_CNN_RNND,4294,0.27402543649077415,0.23628582805395126,0.037739613209851086,
0,260816,matched,MATCHED_RicianLOS,Proposed_CA_CNN_RNND,4295,0.39143575355410576,0.32316727191209793,0.06826848676428199,
0,260816,matched,MATCHED_RicianLOS,Proposed_CA_CNN_RNND,4296,0.32126541063189507,0.2802656926214695,0.0409997149836272,
0,260816,matched,MATCHED_RicianLOS,Proposed_CA_CNN_RNND,4297,0.2978074327111244,0.2584216818213463,0.03938574902713299,
0,260816,matched,MATCHED_RicianLOS,Proposed_CA_CNN_RNND,4298,0.3193800039589405,0.27245032787323,0.04692967748269439,
0,260816,matched,MATCHED_RicianLOS,Proposed_CA_CNN_RNND,4299,0.4085915833711624,0.3425041288137436,0.06608744896948338,
0,260816,matched,MATCHED_RicianLOS,Proposed_CA_CNN_RNND,4300,0.4114045314490795,0.3458710350096226,0.06553350295871496,
0,260816,matched,MATCHED_RicianLOS,Proposed_CA_CNN_RNND,4301,0.3875297009944916,0.3195296451449394,0.06800004933029413,
0,260816,matched,MATCHED_RicianLOS,Proposed_CA_CNN_RNND,4302,0.3483486734330654,0.30025777593255043,0.048090897500514984,
0,260816,matched,MATCHED_RicianLOS,Proposed_CA_CNN_RNND,4303,0.24984847009181976,0.2200024165213108,0.029846049495972693,
0,260816,matched,MATCHED_RicianLOS,Proposed_CA_CNN_RNND,4304,0.4067508541047573,0.34069013223052025,0.06606072536669672,
0,260816,matched,MATCHED_RicianLOS,Proposed_CA_CNN_RNND,4305,0.16831915639340878,0.15317875146865845,0.015140406147111207,
0,260816,matched,MATCHED_RicianLOS,Proposed_CA_CNN_RNND,4306,0.3961700573563576,0.3284975029528141,0.06767254834994674,
0,260816,matched,MATCHED_RicianLOS,Proposed_CA_CNN_RNND,4307,0.306534044444561,0.26946286484599113,0.03707117587327957,
0,260816,matched,MATCHED_RicianLOS,Proposed_CA_CNN_RNND,4308,0.3277907781302929,0.26955313980579376,0.058237642981112,
0,260816,matched,MATCHED_RicianLOS,Proposed_CA_CNN_RNND,4309,0.38934069126844406,0.3257705196738243,0.0635701734572649,
0,260816,matched,MATCHED_RicianLOS,Proposed_CA_CNN_RNND,4310,0.26712170615792274,0.23699213564395905,0.03012956806924194,
0,260816,matched,MATCHED_RicianLOS,Proposed_CA_CNN_RNND,4311,0.4018893353641033,0.330930482596159,0.07095885474700481,
0,260816,matched,MATCHED_RicianLOS,Proposed_CA_CNN_RNND,4312,0.21024073660373688,0.1889622062444687,0.021278530592098832,
0,260816,matched,MATCHED_RicianLOS,Proposed_CA_CNN_RNND,4313,0.36231108754873276,0.3053074926137924,0.057003590278327465,
0,260816,matched,MATCHED_RicianLOS,Proposed_CA_CNN_RNND,4314,0.3735228404402733,0.3178602233529091,0.055662614991888404,
0,260816,matched,MATCHED_RicianLOS,Proposed_CA_CNN_RNND,4315,0.3499204218387604,0.2895551696419716,0.06036525685340166,
0,260816,matched,MATCHED_RicianLOS,Proposed_CA_CNN_RNND,4316,0.32241760939359665,0.2711312770843506,0.051286325324326754,
0,260816,matched,MATCHED_RicianLOS,Proposed_CA_CNN_RNND,4317,0.36468635499477386,0.3039863258600235,0.060700018890202045,
0,260816,matched,MATCHED_RicianLOS,Proposed_CA_CNN_RNND,4318,0.46100158244371414,0.36994654685258865,0.0910550425760448,
0,260816,matched,MATCHED_RicianLOS,Proposed_CA_CNN_RNND,4319,0.21984925866127014,0.19268391653895378,0.027165344916284084,
0,260816,matched,MATCHED_RicianLOS,Proposed_CA_CNN_RNND,4320,0.17744559049606323,0.1623488087207079,0.01509678503498435,
0,260816,matched,MATCHED_RicianLOS,Proposed_CA_CNN_RNND,4321,0.32733286544680595,0.2760997824370861,0.051233080215752125,
0,260816,matched,MATCHED_RicianLOS,Proposed_CA_CNN_RNND,4322,0.5307120457291603,0.4263356029987335,0.10437645670026541,
0,260816,matched,MATCHED_RicianLOS,Proposed_CA_CNN_RNND,4323,0.3905722498893738,0.31877342611551285,0.0717988251708448,
0,260816,matched,MATCHED_RicianLOS,Proposed_CA_CNN_RNND,4324,0.3629108425229788,0.300903357565403,0.06200747983530164,
0,260816,matched,MATCHED_RicianLOS,Proposed_CA_CNN_RNND,4325,0.3304110951721668,0.2823835015296936,0.048027592711150646,
0,260816,matched,MATCHED_RicianLOS,Proposed_CA_CNN_RNND,4326,0.2581930346786976,0.2328353375196457,0.025357697159051895,
0,260816,matched,MATCHED_RicianLOS,Proposed_CA_CNN_RNND,4327,0.27321865037083626,0.23644017055630684,0.03677848121151328,
0,260816,matched,MATCHED_RicianLOS,Proposed_CA_CNN_RNND,4328,0.3001371882855892,0.26297618448734283,0.03716101055033505,
0,260816,matched,MATCHED_RicianLOS,Proposed_CA_CNN_RNND,4329,0.2442418411374092,0.21013234928250313,0.034109491389244795,
0,260816,matched,MATCHED_RicianLOS,Proposed_CA_CNN_RNND,4330,0.27830686792731285,0.24479510262608528,0.03351176576688886,
0,260816,matched,MATCHED_RicianLOS,Proposed_CA_CNN_RNND,4331,0.3631880357861519,0.30568546429276466,0.057502571027725935,
0,260816,matched,MATCHED_RicianLOS,Proposed_CA_CNN_RNND,4332,0.3162706382572651,0.27177244424819946,0.044498191215097904,
0,260816,matched,MATCHED_RicianLOS,Proposed_CA_CNN_RNND,4333,0.22859235852956772,0.1999095194041729,0.028682837379164994,
0,260816,matched,MATCHED_RicianLOS,Proposed_CA_CNN_RNND,4334,0.34375420585274696,0.28832025080919266,0.05543395457789302,
0,260816,matched,MATCHED_RicianLOS,Proposed_CA_CNN_RNND,4335,0.26735102012753487,0.23102596774697304,0.036325050285086036,
0,260816,matched,MATCHED_RicianLOS,Proposed_CA_CNN_RNND,4336,0.3249230980873108,0.27507562190294266,0.049847476999275386,
0,260816,matched,MATCHED_RicianLOS,Proposed_CA_CNN_RNND,4337,0.4646780639886856,0.3824891671538353,0.08218889497220516,
0,260816,matched,MATCHED_RicianLOS,Proposed_CA_CNN_RNND,4338,0.3081909529864788,0.26598733104765415,0.04220361972693354,
0,260816,matched,MATCHED_RicianLOS,Proposed_CA_CNN_RNND,4339,0.27447158470749855,0.23780755698680878,0.03666402315138839,
0,260816,matched,MATCHED_RicianLOS,Proposed_CA_CNN_RNND,4340,0.4229486547410488,0.3504265584051609,0.07252209400758147,
0,260816,matched,MATCHED_RicianLOS,Proposed_CA_CNN_RNND,4341,0.31559018790721893,0.2740488499403,0.04154134076088667,
0,260816,matched,MATCHED_RicianLOS,Proposed_CA_CNN_RNND,4342,0.37594521045684814,0.3119744546711445,0.0639707560185343,
0,260816,matched,MATCHED_RicianLOS,Proposed_CA_CNN_RNND,4343,0.28545817732810974,0.24535026401281357,0.04010791517794132,
0,260816,matched,MATCHED_RicianLOS,Proposed_CA_CNN_RNND,4344,0.426035612821579,0.3590380921959877,0.06699751643463969,
0,260816,matched,MATCHED_RicianLOS,Proposed_CA_CNN_RNND,4345,0.4625557251274586,0.3767251707613468,0.08583054109476507,
0,260816,matched,MATCHED_RicianLOS,Proposed_CA_CNN_RNND,4346,0.2276388667523861,0.20291447266936302,0.02472439408302307,
0,260816,matched,MATCHED_RicianLOS,Proposed_CA_CNN_RNND,4347,0.2619769051671028,0.2283652499318123,0.033611658844165504,
0,260816,matched,MATCHED_RicianLOS,Proposed_CA_CNN_RNND,4348,0.39392703026533127,0.3242015838623047,0.06972545455209911,
0,260816,matched,MATCHED_RicianLOS,Proposed_CA_CNN_RNND,4349,0.348199225962162,0.29027263820171356,0.05792657868005335,
0,260816,matched,MATCHED_RicianLOS,Proposed_CA_CNN_RNND,4350,0.21757839806377888,0.18846693076193333,0.029111462645232677,
0,260816,matched,MATCHED_RicianLOS,Proposed_CA_CNN_RNND,4351,0.24623782373964787,0.2177500482648611,0.028487779200077057,
0,260816,matched,MATCHED_RicianLOS,Proposed_CA_CNN_RNND,4352,0.3503110855817795,0.29586727172136307,0.05444380035623908,
0,260816,matched,MATCHED_RicianLOS,Proposed_CA_CNN_RNND,4353,0.3195439353585243,0.27001721784472466,0.04952671332284808,
0,260816,matched,MATCHED_RicianLOS,Proposed_CA_CNN_RNND,4354,0.2507920302450657,0.22258484177291393,0.0282071887049824,
0,260816,matched,MATCHED_RicianLOS,Proposed_CA_CNN_RNND,4355,0.3559587635099888,0.30161915346980095,0.05433961167000234,
0,260816,matched,MATCHED_RicianLOS,Proposed_CA_CNN_RNND,4356,0.34697914868593216,0.29102740809321404,0.055951745714992285,
0,260816,matched,MATCHED_RicianLOS,Proposed_CA_CNN_RNND,4357,0.3674684390425682,0.30186280980706215,0.06560562923550606,
0,260816,matched,MATCHED_RicianLOS,Proposed_CA_CNN_RNND,4358,0.34735287353396416,0.28784584626555443,0.05950702098198235,
0,260816,matched,MATCHED_RicianLOS,Proposed_CA_CNN_RNND,4359,0.4532088413834572,0.37785065174102783,0.0753581952303648,
0,260816,matched,MATCHED_RicianLOS,Proposed_CA_CNN_RNND,4360,0.31202657148241997,0.26063909381628036,0.05138747615274042,
0,260816,matched,MATCHED_RicianLOS,Proposed_CA_CNN_RNND,4361,0.3208055943250656,0.26920877024531364,0.051596828270703554,
0,260816,matched,MATCHED_RicianLOS,Proposed_CA_CNN_RNND,4362,0.31722410023212433,0.2705385908484459,0.0466855033300817,
0,260816,matched,MATCHED_RicianLOS,Proposed_CA_CNN_RNND,4363,0.45501142740249634,0.37203408032655716,0.08297734707593918,
0,260816,matched,MATCHED_RicianLOS,Proposed_CA_CNN_RNND,4364,0.32204577326774597,0.27500100433826447,0.04704476613551378,
0,260816,matched,MATCHED_RicianLOS,Proposed_CA_CNN_RNND,4365,0.31782280281186104,0.2757611945271492,0.042061612010002136,
0,260816,matched,MATCHED_RicianLOS,Proposed_CA_CNN_RNND,4366,0.40613561123609543,0.34345683455467224,0.06267878413200378,
0,260816,matched,MATCHED_RicianLOS,Proposed_CA_CNN_RNND,4367,0.34882040694355965,0.2944808453321457,0.05433956207707524,
0,260816,matched,MATCHED_RicianLOS,Proposed_CA_CNN_RNND,4368,0.2611682303249836,0.22565435990691185,0.035513865295797586,
0,260816,matched,MATCHED_RicianLOS,Proposed_CA_CNN_RNND,4369,0.38332975283265114,0.32308924198150635,0.06024051457643509,
0,260816,matched,MATCHED_RicianLOS,Proposed_CA_CNN_RNND,4370,0.24257980287075043,0.21177921816706657,0.03080058190971613,
0,260816,matched,MATCHED_RicianLOS,Proposed_CA_CNN_RNND,4371,0.42796890437602997,0.35136203467845917,0.07660687062889338,
0,260816,matched,MATCHED_RicianLOS,Proposed_CA_CNN_RNND,4372,0.33483436703681946,0.2823229394853115,0.05251143092755228,
0,260816,matched,MATCHED_RicianLOS,Proposed_CA_CNN_RNND,4373,0.299513828009367,0.255782226100564,0.043731604935601354,
0,260816,matched,MATCHED_RicianLOS,Proposed_CA_CNN_RNND,4374,0.3516298532485962,0.2945477366447449,0.05708212638273835,
0,260816,matched,MATCHED_RicianLOS,Proposed_CA_CNN_RNND,4375,0.3831981159746647,0.31440768763422966,0.06879043765366077,
0,260816,matched,MATCHED_RicianLOS,Proposed_CA_CNN_RNND,4376,0.3054935149848461,0.2649175338447094,0.04057598439976573,
0,260816,matched,MATCHED_RicianLOS,Proposed_CA_CNN_RNND,4377,0.28042666986584663,0.23902414366602898,0.0414025210775435,
0,260816,matched,MATCHED_RicianLOS,Proposed_CA_CNN_RNND,4378,0.38014183938503265,0.3181203044950962,0.06202154001221061,
0,260816,matched,MATCHED_RicianLOS,Proposed_CA_CNN_RNND,4379,0.3999449461698532,0.3302464112639427,0.06969853024929762,
0,260816,matched,MATCHED_RicianLOS,Proposed_CA_CNN_RNND,4380,0.3390580862760544,0.29243986308574677,0.04661822039633989,
0,260816,matched,MATCHED_RicianLOS,Proposed_CA_CNN_RNND,4381,0.3157820776104927,0.26780787855386734,0.04797419754322618,
0,260816,matched,MATCHED_RicianLOS,Proposed_CA_CNN_RNND,4382,0.35595034435391426,0.3035387136042118,0.05241162981837988,
0,260816,matched,MATCHED_RicianLOS,Proposed_CA_CNN_RNND,4383,0.33147694915533066,0.2790074869990349,0.052469460177235305,
0,260816,matched,MATCHED_RicianLOS,Proposed_CA_CNN_RNND,4384,0.3476317822933197,0.29669399932026863,0.0509377783164382,
0,260816,matched,MATCHED_RicianLOS,Proposed_CA_CNN_RNND,4385,0.29766184464097023,0.2618362382054329,0.035825610626488924,
0,260816,matched,MATCHED_RicianLOS,Proposed_CA_CNN_RNND,4386,0.4554138667881489,0.36600884050130844,0.08940502861514688,
0,260816,matched,MATCHED_RicianLOS,Proposed_CA_CNN_RNND,4387,0.23022745177149773,0.20470644533634186,0.025521009461954236,
0,260816,matched,MATCHED_RicianLOS,Proposed_CA_CNN_RNND,4388,0.3447655811905861,0.2918086349964142,0.05295694386586547,
0,260816,matched,MATCHED_RicianLOS,Proposed_CA_CNN_RNND,4389,0.3606390319764614,0.30137816444039345,0.059260868933051825,
0,260816,matched,MATCHED_RicianLOS,Proposed_CA_CNN_RNND,4390,0.49633824080228806,0.40535323321819305,0.0909850150346756,
0,260816,matched,MATCHED_RicianLOS,Proposed_CA_CNN_RNND,4391,0.477345734834671,0.3881883770227432,0.08915736619383097,
0,260816,matched,MATCHED_RicianLOS,Proposed_CA_CNN_RNND,4392,0.4180697537958622,0.35006625950336456,0.0680034845136106,
0,260816,matched,MATCHED_RicianLOS,Proposed_CA_CNN_RNND,4393,0.3958134576678276,0.3309478461742401,0.06486561009660363,
0,260816,matched,MATCHED_RicianLOS,Proposed_CA_CNN_RNND,4394,0.37004905194044113,0.3075423017144203,0.06250675348564982,
0,260816,matched,MATCHED_RicianLOS,Proposed_CA_CNN_RNND,4395,0.22961115092039108,0.2075745277106762,0.022036626702174544,
0,260816,matched,MATCHED_RicianLOS,Proposed_CA_CNN_RNND,4396,0.20208924636244774,0.18536769226193428,0.016721555381082,
0,260816,matched,MATCHED_RicianLOS,Proposed_CA_CNN_RNND,4397,0.3558177016675472,0.3061228133738041,0.04969488875940442,
0,260816,matched,MATCHED_RicianLOS,Proposed_CA_CNN_RNND,4398,0.23627270013093948,0.21097248792648315,0.02530020661652088,
0,260816,matched,MATCHED_RicianLOS,Proposed_CA_CNN_RNND,4399,0.2013002522289753,0.17583474703133106,0.02546550682745874,
0,260816,matched,MATCHED_RicianLOS,Proposed_CA_CNN_RNND,4400,0.3133080415427685,0.2649923153221607,0.04831572831608355,-1.1941370949543937
0,260816,matched,MATCHED_RicianLOS,Proposed_CA_CNN_RNND,4401,0.34247252717614174,0.29401732608675957,0.04845520213712007,
0,260816,matched,MATCHED_RicianLOS,Proposed_CA_CNN_RNND,4402,0.31228193268179893,0.2700609304010868,0.042220995062962174,
0,260816,matched,MATCHED_RicianLOS,Proposed_CA_CNN_RNND,4403,0.35832416266202927,0.30106164142489433,0.057262525195255876,
0,260816,matched,MATCHED_RicianLOS,Proposed_CA_CNN_RNND,4404,0.32158127799630165,0.2703683488070965,0.051212923135608435,
0,260816,matched,MATCHED_RicianLOS,Proposed_CA_CNN_RNND,4405,0.4337121583521366,0.35362890362739563,0.08008326031267643,
0,260816,matched,MATCHED_RicianLOS,Proposed_CA_CNN_RNND,4406,0.422800749540329,0.3586038798093796,0.0641968622803688,
0,260816,matched,MATCHED_RicianLOS,Proposed_CA_CNN_RNND,4407,0.3462587669491768,0.29277243465185165,0.05348633346147835,
0,260816,matched,MATCHED_RicianLOS,Proposed_CA_CNN_RNND,4408,0.27328523620963097,0.23856379836797714,0.034721441101282835,
0,260816,matched,MATCHED_RicianLOS,Proposed_CA_CNN_RNND,4409,0.30262551456689835,0.26006852462887764,0.042556981556117535,
0,260816,matched,MATCHED_RicianLOS,Proposed_CA_CNN_RNND,4410,0.42266565188765526,0.34286128729581833,0.07980435574427247,
0,260816,matched,MATCHED_RicianLOS,Proposed_CA_CNN_RNND,4411,0.3120516464114189,0.26483602076768875,0.04721562284976244,
0,260816,matched,MATCHED_RicianLOS,Proposed_CA_CNN_RNND,4412,0.3120271973311901,0.26796824485063553,0.04405895131640136,
0,260816,matched,MATCHED_RicianLOS,Proposed_CA_CNN_RNND,4413,0.28096118569374084,0.24674071371555328,0.0342204705812037,
0,260816,matched,MATCHED_RicianLOS,Proposed_CA_CNN_RNND,4414,0.3307207189500332,0.27745650336146355,0.05326422397047281,
0,260816,matched,MATCHED_RicianLOS,Proposed_CA_CNN_RNND,4415,0.3712036982178688,0.3145458921790123,0.056657811626791954,
0,260816,matched,MATCHED_RicianLOS,Proposed_CA_CNN_RNND,4416,0.3382324278354645,0.2905084639787674,0.04772396106272936,
0,260816,matched,MATCHED_RicianLOS,Proposed_CA_CNN_RNND,4417,0.27848031371831894,0.24348147958517075,0.034998831106349826,
0,260816,matched,MATCHED_RicianLOS,Proposed_CA_CNN_RNND,4418,0.21805118396878242,0.1999356523156166,0.018115537241101265,
0,260816,matched,MATCHED_RicianLOS,Proposed_CA_CNN_RNND,4419,0.46054378896951675,0.38096002489328384,0.07958375848829746,
0,260816,matched,MATCHED_RicianLOS,Proposed_CA_CNN_RNND,4420,0.3282048963010311,0.27670929580926895,0.05149560887366533,
0,260816,matched,MATCHED_RicianLOS,Proposed_CA_CNN_RNND,4421,0.4230151101946831,0.35007641837000847,0.0729386992752552,
0,260816,matched,MATCHED_RicianLOS,Proposed_CA_CNN_RNND,4422,0.3106337785720825,0.2669573687016964,0.043676409870386124,
0,260816,matched,MATCHED_RicianLOS,Proposed_CA_CNN_RNND,4423,0.329613633453846,0.282855324447155,0.04675831296481192,
0,260816,matched,MATCHED_RicianLOS,Proposed_CA_CNN_RNND,4424,0.39978332072496414,0.32785698026418686,0.07192634441889822,
0,260816,matched,MATCHED_RicianLOS,Proposed_CA_CNN_RNND,4425,0.3139444552361965,0.2620800994336605,0.051864348351955414,
0,260816,matched,MATCHED_RicianLOS,Proposed_CA_CNN_RNND,4426,0.3671963959932327,0.3149416521191597,0.05225475039333105,
0,260816,matched,MATCHED_RicianLOS,Proposed_CA_CNN_RNND,4427,0.5103599280118942,0.4091605767607689,0.10119935683906078,
0,260816,matched,MATCHED_RicianLOS,Proposed_CA_CNN_RNND,4428,0.3913290612399578,0.32673441618680954,0.06459464598447084,
0,260816,matched,MATCHED_RicianLOS,Proposed_CA_CNN_RNND,4429,0.3051036708056927,0.2612595520913601,0.04384412313811481,
0,260816,matched,MATCHED_RicianLOS,Proposed_CA_CNN_RNND,4430,0.26016187481582165,0.22618019208312035,0.033981689950451255,
0,260816,matched,MATCHED_RicianLOS,Proposed_CA_CNN_RNND,4431,0.285015057772398,0.2453937865793705,0.039621269796043634,
0,260816,matched,MATCHED_RicianLOS,Proposed_CA_CNN_RNND,4432,0.41303515061736107,0.34204036742448807,0.07099477387964725,
0,260816,matched,MATCHED_RicianLOS,Proposed_CA_CNN_RNND,4433,0.24124982953071594,0.21192539669573307,0.02932443266035989,
0,260816,matched,MATCHED_RicianLOS,Proposed_CA_CNN_RNND,4434,0.4128846041858196,0.33653490617871284,0.0763497066218406,
0,260816,matched,MATCHED_RicianLOS,Proposed_CA_CNN_RNND,4435,0.3072342462837696,0.2663985565304756,0.04083569045178592,
0,260816,matched,MATCHED_RicianLOS,Proposed_CA_CNN_RNND,4436,0.26423878967761993,0.22632411122322083,0.03791467612609267,
0,260816,matched,MATCHED_RicianLOS,Proposed_CA_CNN_RNND,4437,0.4039493128657341,0.33888501673936844,0.06506428960710764,
0,260816,matched,MATCHED_RicianLOS,Proposed_CA_CNN_RNND,4438,0.21401989459991455,0.19030188396573067,0.023718009237200022,
0,260816,matched,MATCHED_RicianLOS,Proposed_CA_CNN_RNND,4439,0.41650252416729927,0.344362236559391,0.07214029878377914,
0,260816,matched,MATCHED_RicianLOS,Proposed_CA_CNN_RNND,4440,0.48017488420009613,0.38766777515411377,0.09250709973275661,
0,260816,matched,MATCHED_RicianLOS,Proposed_CA_CNN_RNND,4441,0.221827432513237,0.199080903083086,0.02274653105996549,
0,260816,matched,MATCHED_RicianLOS,Proposed_CA_CNN_RNND,4442,0.24073870107531548,0.21766293421387672,0.02307576942257583,
0,260816,matched,MATCHED_RicianLOS,Proposed_CA_CNN_RNND,4443,0.25819281488657,0.2222618144005537,0.035931001184508204,
0,260816,matched,MATCHED_RicianLOS,Proposed_CA_CNN_RNND,4444,0.4404711648821831,0.36484941840171814,0.07562175020575523,
0,260816,matched,MATCHED_RicianLOS,Proposed_CA_CNN_RNND,4445,0.3202876038849354,0.27331995964050293,0.04696763539686799,
0,260816,matched,MATCHED_RicianLOS,Proposed_CA_CNN_RNND,4446,0.40998604893684387,0.3342815712094307,0.07570448238402605,
0,260816,matched,MATCHED_RicianLOS,Proposed_CA_CNN_RNND,4447,0.3648090288043022,0.3072317913174629,0.057577239349484444,
0,260816,matched,MATCHED_RicianLOS,Proposed_CA_CNN_RNND,4448,0.4019508734345436,0.33841393142938614,0.06353694014251232,
0,260816,matched,MATCHED_RicianLOS,Proposed_CA_CNN_RNND,4449,0.3648962825536728,0.30342093110084534,0.061475354712456465,
0,260816,matched,MATCHED_RicianLOS,Proposed_CA_CNN_RNND,4450,0.3258994370698929,0.28370894864201546,0.04219048749655485,
0,260816,matched,MATCHED_RicianLOS,Proposed_CA_CNN_RNND,4451,0.12684579752385616,0.12231272086501122,0.004533078346867114,
0,260816,matched,MATCHED_RicianLOS,Proposed_CA_CNN_RNND,4452,0.27868716791272163,0.2424299493432045,0.036257216706871986,
0,260816,matched,MATCHED_RicianLOS,Proposed_CA_CNN_RNND,4453,0.42955443635582924,0.35175587981939316,0.07779855281114578,
0,260816,matched,MATCHED_RicianLOS,Proposed_CA_CNN_RNND,4454,0.26349185034632683,0.23537687212228775,0.028114976128563285,
0,260816,matched,MATCHED_RicianLOS,Proposed_CA_CNN_RNND,4455,0.38982028514146805,0.3289090022444725,0.06091129034757614,
0,260816,matched,MATCHED_RicianLOS,Proposed_CA_CNN_RNND,4456,0.22922437824308872,0.1986192725598812,0.03060510742943734,
0,260816,matched,MATCHED_RicianLOS,Proposed_CA_CNN_RNND,4457,0.3700250945985317,0.3105620723217726,0.05946301913354546,
0,260816,matched,MATCHED_RicianLOS,Proposed_CA_CNN_RNND,4458,0.23017897456884384,0.20971912145614624,0.020459849969483912,
0,260816,matched,MATCHED_RicianLOS,Proposed_CA_CNN_RNND,4459,0.3799779526889324,0.3211608752608299,0.0588170844130218,
0,260816,matched,MATCHED_RicianLOS,Proposed_CA_CNN_RNND,4460,0.2602821849286556,0.22332893684506416,0.03695324552245438,
0,260816,matched,MATCHED_RicianLOS,Proposed_CA_CNN_RNND,4461,0.2077776901423931,0.18343524634838104,0.024342438206076622,
0,260816,matched,MATCHED_RicianLOS,Proposed_CA_CNN_RNND,4462,0.3213734067976475,0.2759457230567932,0.045427688863128424,
0,260816,matched,MATCHED_RicianLOS,Proposed_CA_CNN_RNND,4463,0.3776661641895771,0.30557216331362724,0.07209400786086917,
0,260816,matched,MATCHED_RicianLOS,Proposed_CA_CNN_RNND,4464,0.29907057620584965,0.25906042754650116,0.04001015378162265,
0,260816,matched,MATCHED_RicianLOS,Proposed_CA_CNN_RNND,4465,0.4892727956175804,0.3925993740558624,0.09667341597378254,
0,260816,matched,MATCHED_RicianLOS,Proposed_CA_CNN_RNND,4466,0.35638461261987686,0.29522645100951195,0.06115816184319556,
0,260816,matched,MATCHED_RicianLOS,Proposed_CA_CNN_RNND,4467,0.2501833029091358,0.21501042693853378,0.035172880394384265,
0,260816,matched,MATCHED_RicianLOS,Proposed_CA_CNN_RNND,4468,0.26303886249661446,0.23138299584388733,0.031655868981033564,
0,260816,matched,MATCHED_RicianLOS,Proposed_CA_CNN_RNND,4469,0.22447506710886955,0.19937390089035034,0.025101168313995004,
0,260816,matched,MATCHED_RicianLOS,Proposed_CA_CNN_RNND,4470,0.3847457468509674,0.31997860968112946,0.06476714182645082,
0,260816,matched,MATCHED_RicianLOS,Proposed_CA_CNN_RNND,4471,0.23728351294994354,0.2105107307434082,0.026772785815410316,
0,260816,matched,MATCHED_RicianLOS,Proposed_CA_CNN_RNND,4472,0.3952317237854004,0.33349476382136345,0.06173696042969823,
0,260816,matched,MATCHED_RicianLOS,Proposed_CA_CNN_RNND,4473,0.37824660539627075,0.3135445564985275,0.0647020525066182,
0,260816,matched,MATCHED_RicianLOS,Proposed_CA_CNN_RNND,4474,0.4140639156103134,0.34101323038339615,0.07305067963898182,
0,260816,matched,MATCHED_RicianLOS,Proposed_CA_CNN_RNND,4475,0.3521207720041275,0.29446177557110786,0.05765899643301964,
0,260816,matched,MATCHED_RicianLOS,Proposed_CA_CNN_RNND,4476,0.2822764478623867,0.2388895619660616,0.04338688403367996,
0,260816,matched,MATCHED_RicianLOS,Proposed_CA_CNN_RNND,4477,0.3592756986618042,0.29404615610837936,0.06522954138927162,
0,260816,matched,MATCHED_RicianLOS,Proposed_CA_CNN_RNND,4478,0.3339362144470215,0.28309112042188644,0.05084509029984474,
0,260816,matched,MATCHED_RicianLOS,Proposed_CA_CNN_RNND,4479,0.3513849899172783,0.3033292815089226,0.04805570933967829,
0,260816,matched,MATCHED_RicianLOS,Proposed_CA_CNN_RNND,4480,0.3491230383515358,0.2920808307826519,0.05704221501946449,
0,260816,matched,MATCHED_RicianLOS,Proposed_CA_CNN_RNND,4481,0.3457040525972843,0.28887689113616943,0.05682716844603419,
0,260816,matched,MATCHED_RicianLOS,Proposed_CA_CNN_RNND,4482,0.3699585273861885,0.3146377056837082,0.055320825427770615,
0,260816,matched,MATCHED_RicianLOS,Proposed_CA_CNN_RNND,4483,0.4018607400357723,0.3377801775932312,0.06408055871725082,
0,260816,matched,MATCHED_RicianLOS,Proposed_CA_CNN_RNND,4484,0.35230598971247673,0.29543977603316307,0.056866204366087914,
0,260816,matched,MATCHED_RicianLOS,Proposed_CA_CNN_RNND,4485,0.22495711594820023,0.20104850083589554,0.0239086146466434,
0,260816,matched,MATCHED_RicianLOS,Proposed_CA_CNN_RNND,4486,0.35578741505742073,0.2987326756119728,0.057054739678278565,
0,260816,matched,MATCHED_RicianLOS,Proposed_CA_CNN_RNND,4487,0.4360298588871956,0.36392758786678314,0.07210227195173502,
0,260816,matched,MATCHED_RicianLOS,Proposed_CA_CNN_RNND,4488,0.4912836104631424,0.398305244743824,0.09297837689518929,
0,260816,matched,MATCHED_RicianLOS,Proposed_CA_CNN_RNND,4489,0.4958391413092613,0.4047342389822006,0.09110490418970585,
0,260816,matched,MATCHED_RicianLOS,Proposed_CA_CNN_RNND,4490,0.17555621452629566,0.15922452323138714,0.01633169304113835,
0,260816,matched,MATCHED_RicianLOS,Proposed_CA_CNN_RNND,4491,0.30241237580776215,0.2612059935927391,0.041206379886716604,
0,260816,matched,MATCHED_RicianLOS,Proposed_CA_CNN_RNND,4492,0.37216462194919586,0.3069584295153618,0.06520618591457605,
0,260816,matched,MATCHED_RicianLOS,Proposed_CA_CNN_RNND,4493,0.45761994272470474,0.37166692689061165,0.08595302747562528,
0,260816,matched,MATCHED_RicianLOS,Proposed_CA_CNN_RNND,4494,0.27263425290584564,0.23932839557528496,0.033305852208286524,
0,260816,matched,MATCHED_RicianLOS,Proposed_CA_CNN_RNND,4495,0.3731226548552513,0.31933756172657013,0.053785087540745735,
0,260816,matched,MATCHED_RicianLOS,Proposed_CA_CNN_RNND,4496,0.24808887019753456,0.21478134021162987,0.03330753231421113,
0,260816,matched,MATCHED_RicianLOS,Proposed_CA_CNN_RNND,4497,0.3911794647574425,0.32430143654346466,0.06687803473323584,
0,260816,matched,MATCHED_RicianLOS,Proposed_CA_CNN_RNND,4498,0.3907938748598099,0.3274671658873558,0.06332670617848635,
0,260816,matched,MATCHED_RicianLOS,Proposed_CA_CNN_RNND,4499,0.4713965132832527,0.3889857977628708,0.08241071179509163,
0,260816,matched,MATCHED_RicianLOS,Proposed_CA_CNN_RNND,4500,0.3692771755158901,0.31412431970238686,0.055152863496914506,
0,260816,matched,MATCHED_RicianLOS,Proposed_CA_CNN_RNND,4501,0.5242638662457466,0.42272113263607025,0.10154274478554726,
0,260816,matched,MATCHED_RicianLOS,Proposed_CA_CNN_RNND,4502,0.3989440053701401,0.32543738186359406,0.07350661815144122,
0,260816,matched,MATCHED_RicianLOS,Proposed_CA_CNN_RNND,4503,0.3965972177684307,0.3301863893866539,0.06641082279384136,
0,260816,matched,MATCHED_RicianLOS,Proposed_CA_CNN_RNND,4504,0.3579641468822956,0.28864385187625885,0.06932029547169805,
0,260816,matched,MATCHED_RicianLOS,Proposed_CA_CNN_RNND,4505,0.3407088592648506,0.28918226063251495,0.0515266046859324,
0,260816,matched,MATCHED_RicianLOS,Proposed_CA_CNN_RNND,4506,0.43065569922327995,0.35808420926332474,0.07257148623466492,
0,260816,matched,MATCHED_RicianLOS,Proposed_CA_CNN_RNND,4507,0.3644595481455326,0.3091401532292366,0.05531939258798957,
0,260816,matched,MATCHED_RicianLOS,Proposed_CA_CNN_RNND,4508,0.2843645364046097,0.24960539489984512,0.034759134985506535,
0,260816,matched,MATCHED_RicianLOS,Proposed_CA_CNN_RNND,4509,0.27768318727612495,0.24195625633001328,0.035726933274418116,
0,260816,matched,MATCHED_RicianLOS,Proposed_CA_CNN_RNND,4510,0.39999621734023094,0.3293618708848953,0.070634356001392,
0,260816,matched,MATCHED_RicianLOS,Proposed_CA_CNN_RNND,4511,0.3220466151833534,0.2771768569946289,0.044869760517030954,
0,260816,matched,MATCHED_RicianLOS,Proposed_CA_CNN_RNND,4512,0.3051746189594269,0.26781538873910904,0.03735923068597913,
0,260816,matched,MATCHED_RicianLOS,Proposed_CA_CNN_RNND,4513,0.37352556362748146,0.3160818740725517,0.05744368629530072,
0,260816,matched,MATCHED_RicianLOS,Proposed_CA_CNN_RNND,4514,0.2702540419995785,0.23827345296740532,0.03198058344423771,
0,260816,matched,MATCHED_RicianLOS,Proposed_CA_CNN_RNND,4515,0.4028528444468975,0.3346390686929226,0.06821377482265234,
0,260816,matched,MATCHED_RicianLOS,Proposed_CA_CNN_RNND,4516,0.47552745044231415,0.3777475506067276,0.09777990682050586,
0,260816,matched,MATCHED_RicianLOS,Proposed_CA_CNN_RNND,4517,0.24606285989284515,0.21392355114221573,0.03213931433856487,
0,260816,matched,MATCHED_RicianLOS,Proposed_CA_CNN_RNND,4518,0.338436521589756,0.2839878499507904,0.054448677226901054,
0,260816,matched,MATCHED_RicianLOS,Proposed_CA_CNN_RNND,4519,0.2906203009188175,0.24273694306612015,0.047883350402116776,
0,260816,matched,MATCHED_RicianLOS,Proposed_CA_CNN_RNND,4520,0.1812911555171013,0.16178053990006447,0.019510613987222314,
0,260816,matched,MATCHED_RicianLOS,Proposed_CA_CNN_RNND,4521,0.3173588551580906,0.2696412280201912,0.04771762154996395,
0,260816,matched,MATCHED_RicianLOS,Proposed_CA_CNN_RNND,4522,0.25832878798246384,0.22861311212182045,0.029715674929320812,
0,260816,matched,MATCHED_RicianLOS,Proposed_CA_CNN_RNND,4523,0.2865149714052677,0.25281545519828796,0.03369951294735074,
0,260816,matched,MATCHED_RicianLOS,Proposed_CA_CNN_RNND,4524,0.3998277559876442,0.34069522842764854,0.05913253594189882,
0,260816,matched,MATCHED_RicianLOS,Proposed_CA_CNN_RNND,4525,0.24601417407393456,0.22435402497649193,0.02166014420799911,
0,260816,matched,MATCHED_RicianLOS,Proposed_CA_CNN_RNND,4526,0.5120172128081322,0.42234373837709427,0.08967348281294107,
0,260816,matched,MATCHED_RicianLOS,Proposed_CA_CNN_RNND,4527,0.36414263397455215,0.3116641417145729,0.0524784829467535,
0,260816,matched,MATCHED_RicianLOS,Proposed_CA_CNN_RNND,4528,0.3614887371659279,0.3034455105662346,0.05804322240874171,
0,260816,matched,MATCHED_RicianLOS,Proposed_CA_CNN_RNND,4529,0.3587862551212311,0.30485596135258675,0.05393029213882983,
0,260816,matched,MATCHED_RicianLOS,Proposed_CA_CNN_RNND,4530,0.2915664277970791,0.24858473613858223,0.04298168933019042,
0,260816,matched,MATCHED_RicianLOS,Proposed_CA_CNN_RNND,4531,0.24924755655229092,0.21625308133661747,0.032994477660395205,
0,260816,matched,MATCHED_RicianLOS,Proposed_CA_CNN_RNND,4532,0.27384502813220024,0.2347898669540882,0.03905515233054757,
0,260816,matched,MATCHED_RicianLOS,Proposed_CA_CNN_RNND,4533,0.40241576358675957,0.32805345207452774,0.07436231430619955,
0,260816,matched,MATCHED_RicianLOS,Proposed_CA_CNN_RNND,4534,0.4644511789083481,0.3746926449239254,0.0897585223428905,
0,260816,matched,MATCHED_RicianLOS,Proposed_CA_CNN_RNND,4535,0.4239283725619316,0.3463328555226326,0.0775955212302506,
0,260816,matched,MATCHED_RicianLOS,Proposed_CA_CNN_RNND,4536,0.36215774342417717,0.3010573722422123,0.06110036792233586,
0,260816,matched,MATCHED_RicianLOS,Proposed_CA_CNN_RNND,4537,0.3065968118607998,0.26229315623641014,0.04430366004817188,
0,260816,matched,MATCHED_RicianLOS,Proposed_CA_CNN_RNND,4538,0.3318721652030945,0.2769805043935776,0.0548916693078354,
0,260816,matched,MATCHED_RicianLOS,Proposed_CA_CNN_RNND,4539,0.3342009596526623,0.289349477738142,0.04485147981904447,
0,260816,matched,MATCHED_RicianLOS,Proposed_CA_CNN_RNND,4540,0.38250061869621277,0.32187487930059433,0.060625746846199036,
0,260816,matched,MATCHED_RicianLOS,Proposed_CA_CNN_RNND,4541,0.3231869451701641,0.2726022433489561,0.050584709737449884,
0,260816,matched,MATCHED_RicianLOS,Proposed_CA_CNN_RNND,4542,0.2959752641618252,0.2586113400757313,0.03736392268911004,
0,260816,matched,MATCHED_RicianLOS,Proposed_CA_CNN_RNND,4543,0.32132744416594505,0.2800550311803818,0.041272417176514864,
0,260816,matched,MATCHED_RicianLOS,Proposed_CA_CNN_RNND,4544,0.3680902495980263,0.31512221693992615,0.05296803265810013,
0,260816,matched,MATCHED_RicianLOS,Proposed_CA_CNN_RNND,4545,0.35039782151579857,0.2947673238813877,0.05563050042837858,
0,260816,matched,MATCHED_RicianLOS,Proposed_CA_CNN_RNND,4546,0.3586612194776535,0.30474966019392014,0.05391156382393092,
0,260816,matched,MATCHED_RicianLOS,Proposed_CA_CNN_RNND,4547,0.3144324868917465,0.27125751972198486,0.04317496391013265,
0,260816,matched,MATCHED_RicianLOS,Proposed_CA_CNN_RNND,4548,0.26511412486433983,0.23180344700813293,0.03331067296676338,
0,260816,matched,MATCHED_RicianLOS,Proposed_CA_CNN_RNND,4549,0.40870294719934464,0.3447539210319519,0.06394903175532818,
0,260816,matched,MATCHED_RicianLOS,Proposed_CA_CNN_RNND,4550,0.336578194051981,0.28624579682946205,0.05033240281045437,
0,260816,matched,MATCHED_RicianLOS,Proposed_CA_CNN_RNND,4551,0.3321697898209095,0.2831808924674988,0.048988899448886514,
0,260816,matched,MATCHED_RicianLOS,Proposed_CA_CNN_RNND,4552,0.4497557133436203,0.3531087636947632,0.09664694592356682,
0,260816,matched,MATCHED_RicianLOS,Proposed_CA_CNN_RNND,4553,0.32986222952604294,0.28315018117427826,0.04671204765327275,
0,260816,matched,MATCHED_RicianLOS,Proposed_CA_CNN_RNND,4554,0.23205868899822235,0.20616992935538292,0.025888763833791018,
0,260816,matched,MATCHED_RicianLOS,Proposed_CA_CNN_RNND,4555,0.37840842455625534,0.30954287201166153,0.06886555440723896,
0,260816,matched,MATCHED_RicianLOS,Proposed_CA_CNN_RNND,4556,0.21659161522984505,0.19310999661684036,0.023481618613004684,
0,260816,matched,MATCHED_RicianLOS,Proposed_CA_CNN_RNND,4557,0.3040310703217983,0.26106034964323044,0.042970726266503334,
0,260816,matched,MATCHED_RicianLOS,Proposed_CA_CNN_RNND,4558,0.1977585330605507,0.1834287904202938,0.014329743920825422,
0,260816,matched,MATCHED_RicianLOS,Proposed_CA_CNN_RNND,4559,0.35421475395560265,0.29498086124658585,0.0592338889837265,
0,260816,matched,MATCHED_RicianLOS,Proposed_CA_CNN_RNND,4560,0.32392897084355354,0.27889982238411903,0.04502915660850704,
0,260816,matched,MATCHED_RicianLOS,Proposed_CA_CNN_RNND,4561,0.3086336739361286,0.2708827182650566,0.03775095893070102,
0,260816,matched,MATCHED_RicianLOS,Proposed_CA_CNN_RNND,4562,0.22279376909136772,0.19905870780348778,0.023735062452033162,
0,260816,matched,MATCHED_RicianLOS,Proposed_CA_CNN_RNND,4563,0.42506268247962,0.3456784412264824,0.07938423566520214,
0,260816,matched,MATCHED_RicianLOS,Proposed_CA_CNN_RNND,4564,0.3742465227842331,0.31541552394628525,0.05883099604398012,
0,260816,matched,MATCHED_RicianLOS,Proposed_CA_CNN_RNND,4565,0.539158046245575,0.4377570003271103,0.10140104778110981,
0,260816,matched,MATCHED_RicianLOS,Proposed_CA_CNN_RNND,4566,0.40886280685663223,0.34054137766361237,0.06832143408246338,
0,260816,matched,MATCHED_RicianLOS,Proposed_CA_CNN_RNND,4567,0.4572950229048729,0.37100302428007126,0.08629199117422104,
0,260816,matched,MATCHED_RicianLOS,Proposed_CA_CNN_RNND,4568,0.41952133923768997,0.3394676521420479,0.08005369594320655,
0,260816,matched,MATCHED_RicianLOS,Proposed_CA_CNN_RNND,4569,0.35122913122177124,0.3010062500834465,0.05022287927567959,
0,260816,matched,MATCHED_RicianLOS,Proposed_CA_CNN_RNND,4570,0.31878354027867317,0.2668926529586315,0.051890887203626335,
0,260816,matched,MATCHED_RicianLOS,Proposed_CA_CNN_RNND,4571,0.36813081055879593,0.31118331104516983,0.056947501841932535,
0,260816,matched,MATCHED_RicianLOS,Proposed_CA_CNN_RNND,4572,0.27065276727080345,0.22929434478282928,0.04135841969400644,
0,260816,matched,MATCHED_RicianLOS,Proposed_CA_CNN_RNND,4573,0.3503980301320553,0.29619987308979034,0.05419815704226494,
0,260816,matched,MATCHED_RicianLOS,Proposed_CA_CNN_RNND,4574,0.25427844747900963,0.22071973606944084,0.033558716997504234,
0,260816,matched,MATCHED_RicianLOS,Proposed_CA_CNN_RNND,4575,0.1584116816520691,0.14973856508731842,0.008673117903526872,
0,260816,matched,MATCHED_RicianLOS,Proposed_CA_CNN_RNND,4576,0.37022633850574493,0.3094792552292347,0.06074708700180054,
0,260816,matched,MATCHED_RicianLOS,Proposed_CA_CNN_RNND,4577,0.3140774369239807,0.2661861702799797,0.047891271533444524,
0,260816,matched,MATCHED_RicianLOS,Proposed_CA_CNN_RNND,4578,0.2575811930000782,0.21908767893910408,0.038493511732667685,
0,260816,matched,MATCHED_RicianLOS,Proposed_CA_CNN_RNND,4579,0.347759623080492,0.29904264584183693,0.0487169676925987,
0,260816,matched,MATCHED_RicianLOS,Proposed_CA_CNN_RNND,4580,0.4121324270963669,0.33945992588996887,0.07267250190488994,
0,260816,matched,MATCHED_RicianLOS,Proposed_CA_CNN_RNND,4581,0.47041787952184677,0.39479079842567444,0.07562708295881748,
0,260816,matched,MATCHED_RicianLOS,Proposed_CA_CNN_RNND,4582,0.3514380007982254,0.29688937589526176,0.054548623971641064,
0,260816,matched,MATCHED_RicianLOS,Proposed_CA_CNN_RNND,4583,0.3509661853313446,0.2932586297392845,0.057707552798092365,
0,260816,matched,MATCHED_RicianLOS,Proposed_CA_CNN_RNND,4584,0.34336279705166817,0.2894675172865391,0.05389527743682265,
0,260816,matched,MATCHED_RicianLOS,Proposed_CA_CNN_RNND,4585,0.32023198530077934,0.278810016810894,0.04142196831526235,
0,260816,matched,MATCHED_RicianLOS,Proposed_CA_CNN_RNND,4586,0.43364351242780685,0.35276108235120773,0.08088242821395397,
0,260816,matched,MATCHED_RicianLOS,Proposed_CA_CNN_RNND,4587,0.29490959644317627,0.2501128800213337,0.04479671339504421,
0,260816,matched,MATCHED_RicianLOS,Proposed_CA_CNN_RNND,4588,0.31701117753982544,0.2733457535505295,0.04366541840136051,
0,260816,matched,MATCHED_RicianLOS,Proposed_CA_CNN_RNND,4589,0.23721016943454742,0.20576043985784054,0.031449735281057656,
0,260816,matched,MATCHED_RicianLOS,Proposed_CA_CNN_RNND,4590,0.388243593275547,0.3235916420817375,0.06465194979682565,
0,260816,matched,MATCHED_RicianLOS,Proposed_CA_CNN_RNND,4591,0.2124781832098961,0.19098030775785446,0.02149787498638034,
0,260816,matched,MATCHED_RicianLOS,Proposed_CA_CNN_RNND,4592,0.3515658862888813,0.30073652416467667,0.05082935560494661,
0,260816,matched,MATCHED_RicianLOS,Proposed_CA_CNN_RNND,4593,0.2507273890078068,0.2212049663066864,0.029522421886213124,
0,260816,matched,MATCHED_RicianLOS,Proposed_CA_CNN_RNND,4594,0.2863478306680918,0.24304848909378052,0.04329933878034353,
0,260816,matched,MATCHED_RicianLOS,Proposed_CA_CNN_RNND,4595,0.35491006821393967,0.294916607439518,0.05999347195029259,
0,260816,matched,MATCHED_RicianLOS,Proposed_CA_CNN_RNND,4596,0.31215423718094826,0.2726491242647171,0.03950510639697313,
0,260816,matched,MATCHED_RicianLOS,Proposed_CA_CNN_RNND,4597,0.2910897061228752,0.25471843034029007,0.03637127997353673,
0,260816,matched,MATCHED_RicianLOS,Proposed_CA_CNN_RNND,4598,0.2850475087761879,0.24952363595366478,0.0355238753836602,
0,260816,matched,MATCHED_RicianLOS,Proposed_CA_CNN_RNND,4599,0.3654002323746681,0.3093830496072769,0.05601718416437507,
0,260816,matched,MATCHED_RicianLOS,Proposed_CA_CNN_RNND,4600,0.34160878136754036,0.2875067666172981,0.05410201218910515,-1.2079850231911573
0,260816,matched,MATCHED_RicianLOS,Proposed_CA_CNN_RNND,4601,0.2723906934261322,0.2362140528857708,0.036176642403006554,
0,260816,matched,MATCHED_RicianLOS,Proposed_CA_CNN_RNND,4602,0.34479883685708046,0.29052694514393806,0.05427189311012626,
0,260816,matched,MATCHED_RicianLOS,Proposed_CA_CNN_RNND,4603,0.3469901457428932,0.29409927129745483,0.052890872582793236,
0,260816,matched,MATCHED_RicianLOS,Proposed_CA_CNN_RNND,4604,0.4012405797839165,0.33135508745908737,0.06988548301160336,
0,260816,matched,MATCHED_RicianLOS,Proposed_CA_CNN_RNND,4605,0.3821772187948227,0.3174688592553139,0.06470836512744427,
0,260816,matched,MATCHED_RicianLOS,Proposed_CA_CNN_RNND,4606,0.41721756383776665,0.3463468551635742,0.07087070681154728,
0,260816,matched,MATCHED_RicianLOS,Proposed_CA_CNN_RNND,4607,0.3298003077507019,0.27970901131629944,0.05009129270911217,
0,260816,matched,MATCHED_RicianLOS,Proposed_CA_CNN_RNND,4608,0.5026560164988041,0.3953416272997856,0.10731438593938947,
0,260816,matched,MATCHED_RicianLOS,Proposed_CA_CNN_RNND,4609,0.3782358691096306,0.31229911744594574,0.06593674886971712,
0,260816,matched,MATCHED_RicianLOS,Proposed_CA_CNN_RNND,4610,0.22133322432637215,0.19946037232875824,0.02187284827232361,
0,260816,matched,MATCHED_RicianLOS,Proposed_CA_CNN_RNND,4611,0.42369840294122696,0.34972648322582245,0.07397191971540451,
0,260816,matched,MATCHED_RicianLOS,Proposed_CA_CNN_RNND,4612,0.34203309565782547,0.29203664511442184,0.04999645217321813,
0,260816,matched,MATCHED_RicianLOS,Proposed_CA_CNN_RNND,4613,0.16427813097834587,0.15122202970087528,0.013056099764071405,
0,260816,matched,MATCHED_RicianLOS,Proposed_CA_CNN_RNND,4614,0.38858693838119507,0.33111319690942764,0.05747373774647713,
0,260816,matched,MATCHED_RicianLOS,Proposed_CA_CNN_RNND,4615,0.32245534285902977,0.2783985622227192,0.04405678459443152,
0,260816,matched,MATCHED_RicianLOS,Proposed_CA_CNN_RNND,4616,0.4381427802145481,0.360576044768095,0.07756674336269498,
0,260816,matched,MATCHED_RicianLOS,Proposed_CA_CNN_RNND,4617,0.3593700900673866,0.30482906103134155,0.05454102577641606,
0,260816,matched,MATCHED_RicianLOS,Proposed_CA_CNN_RNND,4618,0.44480517506599426,0.37150800973176956,0.07329716347157955,
0,260816,matched,MATCHED_RicianLOS,Proposed_CA_CNN_RNND,4619,0.31504369899630547,0.2682233639061451,0.04682033276185393,
0,260816,matched,MATCHED_RicianLOS,Proposed_CA_CNN_RNND,4620,0.23664615675807,0.20677967369556427,0.029866478173062205,
0,260816,matched,MATCHED_RicianLOS,Proposed_CA_CNN_RNND,4621,0.22289540618658066,0.19761124439537525,0.025284163188189268,
0,260816,matched,MATCHED_RicianLOS,Proposed_CA_CNN_RNND,4622,0.33208606764674187,0.286654781550169,0.04543128702789545,
0,260816,matched,MATCHED_RicianLOS,Proposed_CA_CNN_RNND,4623,0.3234070762991905,0.27911094948649406,0.044296131236478686,
0,260816,matched,MATCHED_RicianLOS,Proposed_CA_CNN_RNND,4624,0.36804934591054916,0.3177074119448662,0.050341932103037834,
0,260816,matched,MATCHED_RicianLOS,Proposed_CA_CNN_RNND,4625,0.5426234751939774,0.43830354511737823,0.10431991890072823,
0,260816,matched,MATCHED_RicianLOS,Proposed_CA_CNN_RNND,4626,0.29074985906481743,0.2459559105336666,0.04479394166264683,
0,260816,matched,MATCHED_RicianLOS,Proposed_CA_CNN_RNND,4627,0.36040373519062996,0.301990557461977,0.058413166902028024,
0,260816,matched,MATCHED_RicianLOS,Proposed_CA_CNN_RNND,4628,0.4138018786907196,0.34976430982351303,0.06403757072985172,
0,260816,matched,MATCHED_RicianLOS,Proposed_CA_CNN_RNND,4629,0.3332118056714535,0.28573690354824066,0.0474748988635838,
0,260816,matched,MATCHED_RicianLOS,Proposed_CA_CNN_RNND,4630,0.43195245787501335,0.3533918485045433,0.07856061030179262,
0,260816,matched,MATCHED_RicianLOS,Proposed_CA_CNN_RNND,4631,0.2152540236711502,0.19124164432287216,0.02401238400489092,
0,260816,matched,MATCHED_RicianLOS,Proposed_CA_CNN_RNND,4632,0.38468822091817856,0.32049475237727165,0.064193470927421,
0,260816,matched,MATCHED_RicianLOS,Proposed_CA_CNN_RNND,4633,0.3688698671758175,0.30638381838798523,0.062486045993864536,
0,260816,matched,MATCHED_RicianLOS,Proposed_CA_CNN_RNND,4634,0.4085043631494045,0.3357069753110409,0.07279739086516201,
0,260816,matched,MATCHED_RicianLOS,Proposed_CA_CNN_RNND,4635,0.3417874351143837,0.28446005284786224,0.057327388785779476,
0,260816,matched,MATCHED_RicianLOS,Proposed_CA_CNN_RNND,4636,0.37638846784830093,0.31833720952272415,0.058051254600286484,
0,260816,matched,MATCHED_RicianLOS,Proposed_CA_CNN_RNND,4637,0.24506336823105812,0.21325412392616272,0.03180924244225025,
0,260816,matched,MATCHED_RicianLOS,Proposed_CA_CNN_RNND,4638,0.24805405363440514,0.21467513591051102,0.033378921216353774,
0,260816,matched,MATCHED_RicianLOS,Proposed_CA_CNN_RNND,4639,0.24378909915685654,0.21544022113084793,0.028348881751298904,
0,260816,matched,MATCHED_RicianLOS,Proposed_CA_CNN_RNND,4640,0.2776895761489868,0.24246810749173164,0.0352214714512229,
0,260816,matched,MATCHED_RicianLOS,Proposed_CA_CNN_RNND,4641,0.2577996626496315,0.22540957108139992,0.03239008842501789,
0,260816,matched,MATCHED_RicianLOS,Proposed_CA_CNN_RNND,4642,0.32635246217250824,0.2782343626022339,0.04811809631064534,
0,260816,matched,MATCHED_RicianLOS,Proposed_CA_CNN_RNND,4643,0.43161405622959137,0.3537330701947212,0.07788098696619272,
0,260816,matched,MATCHED_RicianLOS,Proposed_CA_CNN_RNND,4644,0.3688899613916874,0.31300902739167213,0.05588093493133783,
0,260816,matched,MATCHED_RicianLOS,Proposed_CA_CNN_RNND,4645,0.3816194087266922,0.31902749836444855,0.06259191501885653,
0,260816,matched,MATCHED_RicianLOS,Proposed_CA_CNN_RNND,4646,0.33986956253647804,0.29001590609550476,0.049853662960231304,
0,260816,matched,MATCHED_RicianLOS,Proposed_CA_CNN_RNND,4647,0.18827084079384804,0.1698516048491001,0.018419234664179385,
0,260816,matched,MATCHED_RicianLOS,Proposed_CA_CNN_RNND,4648,0.5253269672393799,0.4279753267765045,0.09735164232552052,
0,260816,matched,MATCHED_RicianLOS,Proposed_CA_CNN_RNND,4649,0.310108695179224,0.26804910972714424,0.04205958009697497,
0,260816,matched,MATCHED_RicianLOS,Proposed_CA_CNN_RNND,4650,0.2610499933362007,0.2309802919626236,0.03006970649585128,
0,260816,matched,MATCHED_RicianLOS,Proposed_CA_CNN_RNND,4651,0.3746032156050205,0.3135483153164387,0.061054893769323826,
0,260816,matched,MATCHED_RicianLOS,Proposed_CA_CNN_RNND,4652,0.4518335461616516,0.37929028272628784,0.07254326529800892,
0,260816,matched,MATCHED_RicianLOS,Proposed_CA_CNN_RNND,4653,0.26874823309481144,0.2362450622022152,0.03250316734192893,
0,260816,matched,MATCHED_RicianLOS,Proposed_CA_CNN_RNND,4654,0.23716889321804047,0.21533405035734177,0.021834839833900332,
0,260816,matched,MATCHED_RicianLOS,Proposed_CA_CNN_RNND,4655,0.31161393597722054,0.2690494656562805,0.04256446659564972,
0,260816,matched,MATCHED_RicianLOS,Proposed_CA_CNN_RNND,4656,0.4106494411826134,0.3355649746954441,0.07508446834981441,
0,260816,matched,MATCHED_RicianLOS,Proposed_CA_CNN_RNND,4657,0.49668097496032715,0.4060869738459587,0.09059401601552963,
0,260816,matched,MATCHED_RicianLOS,Proposed_CA_CNN_RNND,4658,0.35701821744441986,0.30661141127347946,0.0504068098962307,
0,260816,matched,MATCHED_RicianLOS,Proposed_CA_CNN_RNND,4659,0.5538141950964928,0.44619452953338623,0.10761965997517109,
0,260816,matched,MATCHED_RicianLOS,Proposed_CA_CNN_RNND,4660,0.3353437576442957,0.2853274866938591,0.05001627677120268,
0,260816,matched,MATCHED_RicianLOS,Proposed_CA_CNN_RNND,4661,0.4335521012544632,0.36504723876714706,0.06850486248731613,
0,260816,matched,MATCHED_RicianLOS,Proposed_CA_CNN_RNND,4662,0.35531526058912277,0.30458835884928703,0.050726904068142176,
0,260816,matched,MATCHED_RicianLOS,Proposed_CA_CNN_RNND,4663,0.3793793320655823,0.31682126224040985,0.0625580633059144,
0,260816,matched,MATCHED_RicianLOS,Proposed_CA_CNN_RNND,4664,0.27095048502087593,0.23063594847917557,0.04031453677453101,
0,260816,matched,MATCHED_RicianLOS,Proposed_CA_CNN_RNND,4665,0.1799764484167099,0.1650918796658516,0.014884570147842169,
0,260816,matched,MATCHED_RicianLOS,Proposed_CA_CNN_RNND,4666,0.4811011254787445,0.3972952961921692,0.08380582369863987,
0,260816,matched,MATCHED_RicianLOS,Proposed_CA_CNN_RNND,4667,0.29811374098062515,0.25592997297644615,0.0421837717294693,
0,260816,matched,MATCHED_RicianLOS,Proposed_CA_CNN_RNND,4668,0.22543032467365265,0.20535620488226414,0.02007411583326757,
0,260816,matched,MATCHED_RicianLOS,Proposed_CA_CNN_RNND,4669,0.3753168396651745,0.3039540480822325,0.07136279513360932,
0,260816,matched,MATCHED_RicianLOS,Proposed_CA_CNN_RNND,4670,0.27860696986317635,0.24772388860583305,0.03088307846337557,
0,260816,matched,MATCHED_RicianLOS,Proposed_CA_CNN_RNND,4671,0.361108910292387,0.30085228756070137,0.06025662715546787,
0,260816,matched,MATCHED_RicianLOS,Proposed_CA_CNN_RNND,4672,0.23208282515406609,0.20774613693356514,0.024336690781638026,
0,260816,matched,MATCHED_RicianLOS,Proposed_CA_CNN_RNND,4673,0.34006158635020256,0.28650034964084625,0.05356124078389257,
0,260816,matched,MATCHED_RicianLOS,Proposed_CA_CNN_RNND,4674,0.34387870877981186,0.2956157885491848,0.048262923024594784,
0,260816,matched,MATCHED_RicianLOS,Proposed_CA_CNN_RNND,4675,0.28055376186966896,0.2416101172566414,0.038943644845858216,
0,260816,matched,MATCHED_RicianLOS,Proposed_CA_CNN_RNND,4676,0.5736431777477264,0.45453908294439316,0.11910410597920418,
0,260816,matched,MATCHED_RicianLOS,Proposed_CA_CNN_RNND,4677,0.415053304284811,0.35036691278219223,0.0646863968577236,
0,260816,matched,MATCHED_RicianLOS,Proposed_CA_CNN_RNND,4678,0.38580238074064255,0.3174540400505066,0.06834835186600685,
0,260816,matched,MATCHED_RicianLOS,Proposed_CA_CNN_RNND,4679,0.46867435425519943,0.3843598738312721,0.08431448694318533,
0,260816,matched,MATCHED_RicianLOS,Proposed_CA_CNN_RNND,4680,0.3225872814655304,0.2709983214735985,0.051588958129286766,
0,260816,matched,MATCHED_RicianLOS,Proposed_CA_CNN_RNND,4681,0.26109861209988594,0.2283751554787159,0.032723456621170044,
0,260816,matched,MATCHED_RicianLOS,Proposed_CA_CNN_RNND,4682,0.1724577322602272,0.16049322113394737,0.011964514735154808,
0,260816,matched,MATCHED_RicianLOS,Proposed_CA_CNN_RNND,4683,0.44250787049531937,0.3693538308143616,0.07315405085682869,
0,260816,matched,MATCHED_RicianLOS,Proposed_CA_CNN_RNND,4684,0.360814705491066,0.30750154331326485,0.05331316404044628,
0,260816,matched,MATCHED_RicianLOS,Proposed_CA_CNN_RNND,4685,0.5038616135716438,0.40809427946805954,0.09576733317226171,
0,260816,matched,MATCHED_RicianLOS,Proposed_CA_CNN_RNND,4686,0.3887873813509941,0.3238961212337017,0.06489126430824399,
0,260816,matched,MATCHED_RicianLOS,Proposed_CA_CNN_RNND,4687,0.4791165813803673,0.39166807383298874,0.08744851313531399,
0,260816,matched,MATCHED_RicianLOS,Proposed_CA_CNN_RNND,4688,0.4697009213268757,0.3814021348953247,0.08829877804964781,
0,260816,matched,MATCHED_RicianLOS,Proposed_CA_CNN_RNND,4689,0.41937266290187836,0.3490128293633461,0.0703598358668387,
0,260816,matched,MATCHED_RicianLOS,Proposed_CA_CNN_RNND,4690,0.38205572962760925,0.32253334298729897,0.05952240154147148,
0,260816,matched,MATCHED_RicianLOS,Proposed_CA_CNN_RNND,4691,0.4797294959425926,0.38396961241960526,0.09575987886637449,
0,260816,matched,MATCHED_RicianLOS,Proposed_CA_CNN_RNND,4692,0.26395417004823685,0.23079898953437805,0.033155180513858795,
0,260816,matched,MATCHED_RicianLOS,Proposed_CA_CNN_RNND,4693,0.2958357371389866,0.2579958960413933,0.03783983876928687,
0,260816,matched,MATCHED_RicianLOS,Proposed_CA_CNN_RNND,4694,0.404057078063488,0.33874814957380295,0.0653089361730963,
0,260816,matched,MATCHED_RicianLOS,Proposed_CA_CNN_RNND,4695,0.23206410184502602,0.20876676216721535,0.02329734363593161,
0,260816,matched,MATCHED_RicianLOS,Proposed_CA_CNN_RNND,4696,0.3708261102437973,0.3088556155562401,0.06197049096226692,
0,260816,matched,MATCHED_RicianLOS,Proposed_CA_CNN_RNND,4697,0.37958773970603943,0.3077065907418728,0.07188115501776338,
0,260816,matched,MATCHED_RicianLOS,Proposed_CA_CNN_RNND,4698,0.23117084801197052,0.20222687348723412,0.02894397173076868,
0,260816,matched,MATCHED_RicianLOS,Proposed_CA_CNN_RNND,4699,0.2874779738485813,0.2542862817645073,0.03319168952293694,
0,260816,matched,MATCHED_RicianLOS,Proposed_CA_CNN_RNND,4700,0.24705244973301888,0.21994994580745697,0.02710249985102564,
0,260816,matched,MATCHED_RicianLOS,Proposed_CA_CNN_RNND,4701,0.35681576281785965,0.298695407807827,0.05812035163398832,
0,260816,matched,MATCHED_RicianLOS,Proposed_CA_CNN_RNND,4702,0.3140826188027859,0.26937925815582275,0.044703359715640545,
0,260816,matched,MATCHED_RicianLOS,Proposed_CA_CNN_RNND,4703,0.37637724354863167,0.3133425861597061,0.06303465249948204,
0,260816,matched,MATCHED_RicianLOS,Proposed_CA_CNN_RNND,4704,0.22377922013401985,0.19767601788043976,0.026103199808858335,
0,260816,matched,MATCHED_RicianLOS,Proposed_CA_CNN_RNND,4705,0.277801800519228,0.24670372530817986,0.031098071951419115,
0,260816,matched,MATCHED_RicianLOS,Proposed_CA_CNN_RNND,4706,0.37085023149847984,0.30851030349731445,0.062339928932487965,
0,260816,matched,MATCHED_RicianLOS,Proposed_CA_CNN_RNND,4707,0.4387558102607727,0.37218308448791504,0.06657272391021252,
0,260816,matched,MATCHED_RicianLOS,Proposed_CA_CNN_RNND,4708,0.22594473138451576,0.19889343529939651,0.027051297831349075,
0,260816,matched,MATCHED_RicianLOS,Proposed_CA_CNN_RNND,4709,0.29000120982527733,0.253683403134346,0.036317810183390975,
0,260816,matched,MATCHED_RicianLOS,Proposed_CA_CNN_RNND,4710,0.3617422915995121,0.30728525668382645,0.05445703584700823,
0,260816,matched,MATCHED_RicianLOS,Proposed_CA_CNN_RNND,4711,0.4096885472536087,0.33769288659095764,0.07199565158225596,
0,260816,matched,MATCHED_RicianLOS,Proposed_CA_CNN_RNND,4712,0.22012142091989517,0.19891250506043434,0.02120892028324306,
0,260816,matched,MATCHED_RicianLOS,Proposed_CA_CNN_RNND,4713,0.3390815928578377,0.2886150851845741,0.05046650255098939,
0,260816,matched,MATCHED_RicianLOS,Proposed_CA_CNN_RNND,4714,0.22553236410021782,0.20220791548490524,0.023324446519836783,
0,260816,matched,MATCHED_RicianLOS,Proposed_CA_CNN_RNND,4715,0.30922017619013786,0.26703645288944244,0.04218372609466314,
0,260816,matched,MATCHED_RicianLOS,Proposed_CA_CNN_RNND,4716,0.34611906111240387,0.2957417480647564,0.050377321895211935,
0,260816,matched,MATCHED_RicianLOS,Proposed_CA_CNN_RNND,4717,0.37885449454188347,0.3149058371782303,0.06394865596666932,
0,260816,matched,MATCHED_RicianLOS,Proposed_CA_CNN_RNND,4718,0.3152309227734804,0.2714986130595207,0.04373230383498594,
0,260816,matched,MATCHED_RicianLOS,Proposed_CA_CNN_RNND,4719,0.26920872181653976,0.2356974482536316,0.03351127449423075,
0,260816,matched,MATCHED_RicianLOS,Proposed_CA_CNN_RNND,4720,0.5143134444952011,0.41031406819820404,0.10399937815964222,
0,260816,matched,MATCHED_RicianLOS,Proposed_CA_CNN_RNND,4721,0.23243998363614082,0.2060459926724434,0.02639399259351194,
0,260816,matched,MATCHED_RicianLOS,Proposed_CA_CNN_RNND,4722,0.35893363505601883,0.3058144897222519,0.05311913602054119,
0,260816,matched,MATCHED_RicianLOS,Proposed_CA_CNN_RNND,4723,0.29478148743510246,0.25216200575232506,0.04261947609484196,
0,260816,matched,MATCHED_RicianLOS,Proposed_CA_CNN_RNND,4724,0.3594830520451069,0.29901356995105743,0.060469482792541385,
0,260816,matched,MATCHED_RicianLOS,Proposed_CA_CNN_RNND,4725,0.307453453540802,0.25989146530628204,0.04756199102848768,
0,260816,matched,MATCHED_RicianLOS,Proposed_CA_CNN_RNND,4726,0.3578232452273369,0.30062561482191086,0.05719762109220028,
0,260816,matched,MATCHED_RicianLOS,Proposed_CA_CNN_RNND,4727,0.3294864296913147,0.2793416455388069,0.05014478927478194,
0,260816,matched,MATCHED_RicianLOS,Proposed_CA_CNN_RNND,4728,0.37190181389451027,0.3076564148068428,0.06424540793523192,
0,260816,matched,MATCHED_RicianLOS,Proposed_CA_CNN_RNND,4729,0.4162586033344269,0.3361052107065916,0.08015339681878686,
0,260816,matched,MATCHED_RicianLOS,Proposed_CA_CNN_RNND,4730,0.3941563740372658,0.3208325859159231,0.07332376926206052,
0,260816,matched,MATCHED_RicianLOS,Proposed_CA_CNN_RNND,4731,0.2867751568555832,0.2482585869729519,0.03851657547056675,
0,260816,matched,MATCHED_RicianLOS,Proposed_CA_CNN_RNND,4732,0.3285586014389992,0.2845921814441681,0.043966425117105246,
0,260816,matched,MATCHED_RicianLOS,Proposed_CA_CNN_RNND,4733,0.37830737978219986,0.31266720592975616,0.06564017152413726,
0,260816,matched,MATCHED_RicianLOS,Proposed_CA_CNN_RNND,4734,0.35346437245607376,0.2950495518743992,0.05841482267715037,
0,260816,matched,MATCHED_RicianLOS,Proposed_CA_CNN_RNND,4735,0.34101963602006435,0.2885041143745184,0.05251551093533635,
0,260816,matched,MATCHED_RicianLOS,Proposed_CA_CNN_RNND,4736,0.5092817097902298,0.4080020785331726,0.10127962939441204,
0,260816,matched,MATCHED_RicianLOS,Proposed_CA_CNN_RNND,4737,0.33203248493373394,0.2777234762907028,0.05430900352075696,
0,260816,matched,MATCHED_RicianLOS,Proposed_CA_CNN_RNND,4738,0.2983943894505501,0.251713652163744,0.04668073612265289,
0,260816,matched,MATCHED_RicianLOS,Proposed_CA_CNN_RNND,4739,0.34625592082738876,0.29332709312438965,0.05292883003130555,
0,260816,matched,MATCHED_RicianLOS,Proposed_CA_CNN_RNND,4740,0.3101453483104706,0.2682918757200241,0.041853475384414196,
0,260816,matched,MATCHED_RicianLOS,Proposed_CA_CNN_RNND,4741,0.25721706077456474,0.22523812390863895,0.03197893686592579,
0,260816,matched,MATCHED_RicianLOS,Proposed_CA_CNN_RNND,4742,0.388165719807148,0.324062280356884,0.06410343758761883,
0,260816,matched,MATCHED_RicianLOS,Proposed_CA_CNN_RNND,4743,0.34973880648612976,0.2941473461687565,0.05559145426377654,
0,260816,matched,MATCHED_RicianLOS,Proposed_CA_CNN_RNND,4744,0.31174444034695625,0.2721228301525116,0.03962160833179951,
0,260816,matched,MATCHED_RicianLOS,Proposed_CA_CNN_RNND,4745,0.42443108558654785,0.3582802936434746,0.06615079194307327,
0,260816,matched,MATCHED_RicianLOS,Proposed_CA_CNN_RNND,4746,0.2973251808434725,0.25878128595650196,0.038543894537724555,
0,260816,matched,MATCHED_RicianLOS,Proposed_CA_CNN_RNND,4747,0.3539390563964844,0.30023112893104553,0.05370792094618082,
0,260816,matched,MATCHED_RicianLOS,Proposed_CA_CNN_RNND,4748,0.3103580102324486,0.26845892518758774,0.0418990864418447,
0,260816,matched,MATCHED_RicianLOS,Proposed_CA_CNN_RNND,4749,0.3163345418870449,0.2635396905243397,0.0527948597446084,
0,260816,matched,MATCHED_RicianLOS,Proposed_CA_CNN_RNND,4750,0.23171455040574074,0.20899024605751038,0.022724302019923925,
0,260816,matched,MATCHED_RicianLOS,Proposed_CA_CNN_RNND,4751,0.35844171419739723,0.30460911989212036,0.05383258732035756,
0,260816,matched,MATCHED_RicianLOS,Proposed_CA_CNN_RNND,4752,0.4341878890991211,0.35393331199884415,0.0802545789629221,
0,260816,matched,MATCHED_RicianLOS,Proposed_CA_CNN_RNND,4753,0.27436571940779686,0.23773154616355896,0.03663417627103627,
0,260816,matched,MATCHED_RicianLOS,Proposed_CA_CNN_RNND,4754,0.4131762385368347,0.338958278298378,0.0742179462686181,
0,260816,matched,MATCHED_RicianLOS,Proposed_CA_CNN_RNND,4755,0.29511865973472595,0.2554542124271393,0.03966444917023182,
0,260816,matched,MATCHED_RicianLOS,Proposed_CA_CNN_RNND,4756,0.4282749406993389,0.3505827710032463,0.07769217644818127,
0,260816,matched,MATCHED_RicianLOS,Proposed_CA_CNN_RNND,4757,0.2477147839963436,0.21912463754415512,0.028590148547664285,
0,260816,matched,MATCHED_RicianLOS,Proposed_CA_CNN_RNND,4758,0.3795026056468487,0.3187476396560669,0.06075497204437852,
0,260816,matched,MATCHED_RicianLOS,Proposed_CA_CNN_RNND,4759,0.27596522867679596,0.23630396090447903,0.039661267306655645,
0,260816,matched,MATCHED_RicianLOS,Proposed_CA_CNN_RNND,4760,0.4076869897544384,0.33710500970482826,0.07058198191225529,
0,260816,matched,MATCHED_RicianLOS,Proposed_CA_CNN_RNND,4761,0.3958534821867943,0.3293130397796631,0.06654043274465948,
0,260816,matched,MATCHED_RicianLOS,Proposed_CA_CNN_RNND,4762,0.351357601583004,0.3016706183552742,0.04968699347227812,
0,260816,matched,MATCHED_RicianLOS,Proposed_CA_CNN_RNND,4763,0.29430660977959633,0.258170984685421,0.03613562462851405,
0,260816,matched,MATCHED_RicianLOS,Proposed_CA_CNN_RNND,4764,0.18975446373224258,0.17133278585970402,0.018421677057631314,
0,260816,matched,MATCHED_RicianLOS,Proposed_CA_CNN_RNND,4765,0.4779864326119423,0.3955891840159893,0.08239724673330784,
0,260816,matched,MATCHED_RicianLOS,Proposed_CA_CNN_RNND,4766,0.3071322478353977,0.26133453473448753,0.04579771007411182,
0,260816,matched,MATCHED_RicianLOS,Proposed_CA_CNN_RNND,4767,0.38861777633428574,0.3245026394724846,0.0641151424497366,
0,260816,matched,MATCHED_RicianLOS,Proposed_CA_CNN_RNND,4768,0.4869135543704033,0.3976155072450638,0.08929804526269436,
0,260816,matched,MATCHED_RicianLOS,Proposed_CA_CNN_RNND,4769,0.5422999858856201,0.4360649958252907,0.10623498260974884,
0,260816,matched,MATCHED_RicianLOS,Proposed_CA_CNN_RNND,4770,0.23046899959445,0.21023830771446228,0.020230693509802222,
0,260816,matched,MATCHED_RicianLOS,Proposed_CA_CNN_RNND,4771,0.42333799228072166,0.35230734199285507,0.0710306391119957,
0,260816,matched,MATCHED_RicianLOS,Proposed_CA_CNN_RNND,4772,0.30751238390803337,0.2615187019109726,0.04599368409253657,
0,260816,matched,MATCHED_RicianLOS,Proposed_CA_CNN_RNND,4773,0.3967710956931114,0.33690161257982254,0.059869481483474374,
0,260816,matched,MATCHED_RicianLOS,Proposed_CA_CNN_RNND,4774,0.3669620156288147,0.3117496520280838,0.0552123598754406,
0,260816,matched,MATCHED_RicianLOS,Proposed_CA_CNN_RNND,4775,0.41986724734306335,0.3470303378999233,0.07283691759221256,
0,260816,matched,MATCHED_RicianLOS,Proposed_CA_CNN_RNND,4776,0.3670926056802273,0.3114502318203449,0.05564236990176141,
0,260816,matched,MATCHED_RicianLOS,Proposed_CA_CNN_RNND,4777,0.25034619867801666,0.2221951000392437,0.028151097474619746,
0,260816,matched,MATCHED_RicianLOS,Proposed_CA_CNN_RNND,4778,0.3432088829576969,0.2892994210124016,0.053909470327198505,
0,260816,matched,MATCHED_RicianLOS,Proposed_CA_CNN_RNND,4779,0.3564594816416502,0.2982122618705034,0.05824721872340888,
0,260816,matched,MATCHED_RicianLOS,Proposed_CA_CNN_RNND,4780,0.41016004979610443,0.3328259550035,0.07733409153297544,
0,260816,matched,MATCHED_RicianLOS,Proposed_CA_CNN_RNND,4781,0.35636430233716965,0.2941761501133442,0.0621881561819464,
0,260816,matched,MATCHED_RicianLOS,Proposed_CA_CNN_RNND,4782,0.34403693675994873,0.29048823565244675,0.053548704949207604,
0,260816,matched,MATCHED_RicianLOS,Proposed_CA_CNN_RNND,4783,0.3387826830148697,0.2826387286186218,0.056143948808312416,
0,260816,matched,MATCHED_RicianLOS,Proposed_CA_CNN_RNND,4784,0.2383582592010498,0.2139676809310913,0.024390578386373818,
0,260816,matched,MATCHED_RicianLOS,Proposed_CA_CNN_RNND,4785,0.4585309810936451,0.3709636703133583,0.08756729727610946,
0,260816,matched,MATCHED_RicianLOS,Proposed_CA_CNN_RNND,4786,0.3009905219078064,0.26120005920529366,0.039790459675714374,
0,260816,matched,MATCHED_RicianLOS,Proposed_CA_CNN_RNND,4787,0.2225785255432129,0.19440508633852005,0.028173433616757393,
0,260816,matched,MATCHED_RicianLOS,Proposed_CA_CNN_RNND,4788,0.4259684979915619,0.34888622909784317,0.07708227122202516,
0,260816,matched,MATCHED_RicianLOS,Proposed_CA_CNN_RNND,4789,0.39781223237514496,0.3305931929498911,0.0672190401237458,
0,260816,matched,MATCHED_RicianLOS,Proposed_CA_CNN_RNND,4790,0.47389188408851624,0.39072858169674873,0.08316331543028355,
0,260816,matched,MATCHED_RicianLOS,Proposed_CA_CNN_RNND,4791,0.3408544659614563,0.28963177278637886,0.05122268944978714,
0,260816,matched,MATCHED_RicianLOS,Proposed_CA_CNN_RNND,4792,0.35966167598962784,0.30715959519147873,0.05250207521021366,
0,260816,matched,MATCHED_RicianLOS,Proposed_CA_CNN_RNND,4793,0.4031122401356697,0.340210385620594,0.06290186382830143,
0,260816,matched,MATCHED_RicianLOS,Proposed_CA_CNN_RNND,4794,0.30881287157535553,0.2640756815671921,0.0447371918708086,
0,260816,matched,MATCHED_RicianLOS,Proposed_CA_CNN_RNND,4795,0.3910619765520096,0.32414698228240013,0.06691499520093203,
0,260816,matched,MATCHED_RicianLOS,Proposed_CA_CNN_RNND,4796,0.3040045388042927,0.26143643632531166,0.04256809793878347,
0,260816,matched,MATCHED_RicianLOS,Proposed_CA_CNN_RNND,4797,0.2688610516488552,0.23119911924004555,0.03766192402690649,
0,260816,matched,MATCHED_RicianLOS,Proposed_CA_CNN_RNND,4798,0.4498717822134495,0.3671777658164501,0.08269401988945901,
0,260816,matched,MATCHED_RicianLOS,Proposed_CA_CNN_RNND,4799,0.3298800364136696,0.2792954556643963,0.05058458773419261,
0,260816,matched,MATCHED_RicianLOS,Proposed_CA_CNN_RNND,4800,0.4350801780819893,0.36620691418647766,0.06887327320873737,-1.2077924834591103
0,260816,matched,MATCHED_RicianLOS,Proposed_CA_CNN_RNND,4801,0.3693770244717598,0.3107718601822853,0.05860516708344221,
0,260816,matched,MATCHED_RicianLOS,Proposed_CA_CNN_RNND,4802,0.3125546723604202,0.26688744872808456,0.045667221769690514,
0,260816,matched,MATCHED_RicianLOS,Proposed_CA_CNN_RNND,4803,0.2875092327594757,0.24818625301122665,0.03932298091240227,
0,260816,matched,MATCHED_RicianLOS,Proposed_CA_CNN_RNND,4804,0.342957079410553,0.2932201363146305,0.049736944725736976,
0,260816,matched,MATCHED_RicianLOS,Proposed_CA_CNN_RNND,4805,0.3935449346899986,0.32556339353322983,0.06798153556883335,
0,260816,matched,MATCHED_RicianLOS,Proposed_CA_CNN_RNND,4806,0.2342052012681961,0.2062378115952015,0.027967385831288993,
0,260816,matched,MATCHED_RicianLOS,Proposed_CA_CNN_RNND,4807,0.27362386882305145,0.2389233596622944,0.03470051218755543,
0,260816,matched,MATCHED_RicianLOS,Proposed_CA_CNN_RNND,4808,0.20535237342119217,0.186041709035635,0.0193106671795249,
0,260816,matched,MATCHED_RicianLOS,Proposed_CA_CNN_RNND,4809,0.2787615805864334,0.24353204295039177,0.03522953682113439,
0,260816,matched,MATCHED_RicianLOS,Proposed_CA_CNN_RNND,4810,0.301977276802063,0.258120309561491,0.04385696956887841,
0,260816,matched,MATCHED_RicianLOS,Proposed_CA_CNN_RNND,4811,0.287369504570961,0.25135111808776855,0.03601838368922472,
0,260816,matched,MATCHED_RicianLOS,Proposed_CA_CNN_RNND,4812,0.25076811015605927,0.22140583023428917,0.029362272936850786,
0,260816,matched,MATCHED_RicianLOS,Proposed_CA_CNN_RNND,4813,0.2640983033925295,0.22911669686436653,0.03498160466551781,
0,260816,matched,MATCHED_RicianLOS,Proposed_CA_CNN_RNND,4814,0.3242233395576477,0.27572087943553925,0.04850245267152786,
0,260816,matched,MATCHED_RicianLOS,Proposed_CA_CNN_RNND,4815,0.45058659464120865,0.3714102581143379,0.07917634211480618,
0,260816,matched,MATCHED_RicianLOS,Proposed_CA_CNN_RNND,4816,0.39498357474803925,0.3281656615436077,0.06681791669689119,
0,260816,matched,MATCHED_RicianLOS,Proposed_CA_CNN_RNND,4817,0.3113645538687706,0.26788293942809105,0.04348161007510498,
0,260816,matched,MATCHED_RicianLOS,Proposed_CA_CNN_RNND,4818,0.26477792114019394,0.23285064101219177,0.031927278032526374,
0,260816,matched,MATCHED_RicianLOS,Proposed_CA_CNN_RNND,4819,0.25969376042485237,0.23096055537462234,0.028733205515891314,
0,260816,matched,MATCHED_RicianLOS,Proposed_CA_CNN_RNND,4820,0.4110652916133404,0.33805307373404503,0.07301219855435193,
0,260816,matched,MATCHED_RicianLOS,Proposed_CA_CNN_RNND,4821,0.2619976494461298,0.22779586166143417,0.03420179063687101,
0,260816,matched,MATCHED_RicianLOS,Proposed_CA_CNN_RNND,4822,0.31436214596033096,0.26498373225331306,0.049378410854842514,
0,260816,matched,MATCHED_RicianLOS,Proposed_CA_CNN_RNND,4823,0.4502269998192787,0.3718520775437355,0.07837492134422064,
0,260816,matched,MATCHED_RicianLOS,Proposed_CA_CNN_RNND,4824,0.37694770842790604,0.31420285254716873,0.06274484470486641,
0,260816,matched,MATCHED_RicianLOS,Proposed_CA_CNN_RNND,4825,0.3431672677397728,0.287219762802124,0.05594750680029392,
0,260816,matched,MATCHED_RicianLOS,Proposed_CA_CNN_RNND,4826,0.3224719427525997,0.2733422480523586,0.04912968911230564,
0,260816,matched,MATCHED_RicianLOS,Proposed_CA_CNN_RNND,4827,0.3702408242970705,0.3064906783401966,0.06375013617798686,
0,260816,matched,MATCHED_RicianLOS,Proposed_CA_CNN_RNND,4828,0.32639408484101295,0.2712400443851948,0.05515404464676976,
0,260816,matched,MATCHED_RicianLOS,Proposed_CA_CNN_RNND,4829,0.33381712064146996,0.2849325090646744,0.04888461949303746,
0,260816,matched,MATCHED_RicianLOS,Proposed_CA_CNN_RNND,4830,0.3070608004927635,0.25275182723999023,0.054308967432007194,
0,260816,matched,MATCHED_RicianLOS,Proposed_CA_CNN_RNND,4831,0.2860974930226803,0.24653150886297226,0.039565991261042655,
0,260816,matched,MATCHED_RicianLOS,Proposed_CA_CNN_RNND,4832,0.2408647108823061,0.208322549238801,0.032542164088226855,
0,260816,matched,MATCHED_RicianLOS,Proposed_CA_CNN_RNND,4833,0.23458160273730755,0.2009776532649994,0.033603948540985584,
0,260816,matched,MATCHED_RicianLOS,Proposed_CA_CNN_RNND,4834,0.1932918131351471,0.17785855382680893,0.015433266758918762,
0,260816,matched,MATCHED_RicianLOS,Proposed_CA_CNN_RNND,4835,0.26644589379429817,0.23248159512877464,0.0339642931940034,
0,260816,matched,MATCHED_RicianLOS,Proposed_CA_CNN_RNND,4836,0.30441879108548164,0.2668837681412697,0.03753502783365548,
0,260816,matched,MATCHED_RicianLOS,Proposed_CA_CNN_RNND,4837,0.15810345858335495,0.1482347995042801,0.009868657682090998,
0,260816,matched,MATCHED_RicianLOS,Proposed_CA_CNN_RNND,4838,0.17504367604851723,0.15889667719602585,0.016146996524184942,
0,260816,matched,MATCHED_RicianLOS,Proposed_CA_CNN_RNND,4839,0.577591598033905,0.4580106735229492,0.11958092451095581,
0,260816,matched,MATCHED_RicianLOS,Proposed_CA_CNN_RNND,4840,0.3903180807828903,0.32800862193107605,0.0623094504699111,
0,260816,matched,MATCHED_RicianLOS,Proposed_CA_CNN_RNND,4841,0.30746471881866455,0.2674272283911705,0.04003748786635697,
0,260816,matched,MATCHED_RicianLOS,Proposed_CA_CNN_RNND,4842,0.36529533937573433,0.3074101470410824,0.0578851904720068,
0,260816,matched,MATCHED_RicianLOS,Proposed_CA_CNN_RNND,4843,0.4774197190999985,0.3827098682522774,0.09470983780920506,
0,260816,matched,MATCHED_RicianLOS,Proposed_CA_CNN_RNND,4844,0.38134339451789856,0.3153398595750332,0.06600352749228477,
0,260816,matched,MATCHED_RicianLOS,Proposed_CA_CNN_RNND,4845,0.4070740379393101,0.3385392501950264,0.06853479240089655,
0,260816,matched,MATCHED_RicianLOS,Proposed_CA_CNN_RNND,4846,0.4361063092947006,0.35294636338949203,0.08315995428711176,
0,260816,matched,MATCHED_RicianLOS,Proposed_CA_CNN_RNND,4847,0.42856907472014427,0.3515244200825691,0.07704465929418802,
0,260816,matched,MATCHED_RicianLOS,Proposed_CA_CNN_RNND,4848,0.2697222214192152,0.24143176898360252,0.028290454880334437,
0,260816,matched,MATCHED_RicianLOS,Proposed_CA_CNN_RNND,4849,0.19972657039761543,0.18656226992607117,0.013164297270122916,
0,260816,matched,MATCHED_RicianLOS,Proposed_CA_CNN_RNND,4850,0.36699748039245605,0.3095130920410156,0.05748439859598875,
0,260816,matched,MATCHED_RicianLOS,Proposed_CA_CNN_RNND,4851,0.5003812462091446,0.408907026052475,0.09147422574460506,
0,260816,matched,MATCHED_RicianLOS,Proposed_CA_CNN_RNND,4852,0.33722423762083054,0.28159771487116814,0.05562652554363012,
0,260816,matched,MATCHED_RicianLOS,Proposed_CA_CNN_RNND,4853,0.2789851129055023,0.24684789776802063,0.03213721280917525,
0,260816,matched,MATCHED_RicianLOS,Proposed_CA_CNN_RNND,4854,0.3487010635435581,0.29434676468372345,0.05435430177021772,
0,260816,matched,MATCHED_RicianLOS,Proposed_CA_CNN_RNND,4855,0.3087570145726204,0.2706310674548149,0.038125939667224884,
0,260816,matched,MATCHED_RicianLOS,Proposed_CA_CNN_RNND,4856,0.25089187175035477,0.22652627527713776,0.02436559135094285,
0,260816,matched,MATCHED_RicianLOS,Proposed_CA_CNN_RNND,4857,0.3296973779797554,0.28680095821619034,0.04289642267394811,
0,260816,matched,MATCHED_RicianLOS,Proposed_CA_CNN_RNND,4858,0.32015013322234154,0.27336589246988297,0.046784235863015056,
0,260816,matched,MATCHED_RicianLOS,Proposed_CA_CNN_RNND,4859,0.3461466543376446,0.2964511811733246,0.04969547572545707,
0,260816,matched,MATCHED_RicianLOS,Proposed_CA_CNN_RNND,4860,0.31557883508503437,0.26293788477778435,0.05264095077291131,
0,260816,matched,MATCHED_RicianLOS,Proposed_CA_CNN_RNND,4861,0.2785075753927231,0.2355891652405262,0.042918414110317826,
0,260816,matched,MATCHED_RicianLOS,Proposed_CA_CNN_RNND,4862,0.40767380222678185,0.3381740041077137,0.06949980789795518,
0,260816,matched,MATCHED_RicianLOS,Proposed_CA_CNN_RNND,4863,0.4018583633005619,0.33989250287413597,0.06196585390716791,
0,260816,matched,MATCHED_RicianLOS,Proposed_CA_CNN_RNND,4864,0.37947753071784973,0.3265988677740097,0.05287867272272706,
0,260816,matched,MATCHED_RicianLOS,Proposed_CA_CNN_RNND,4865,0.29678746312856674,0.251059215515852,0.04572825273498893,
0,260816,matched,MATCHED_RicianLOS,Proposed_CA_CNN_RNND,4866,0.29492063261568546,0.24782172590494156,0.047098899027332664,
0,260816,matched,MATCHED_RicianLOS,Proposed_CA_CNN_RNND,4867,0.3924264945089817,0.3320467695593834,0.060379733331501484,
0,260816,matched,MATCHED_RicianLOS,Proposed_CA_CNN_RNND,4868,0.3363441787660122,0.2864621877670288,0.049881994258612394,
0,260816,matched,MATCHED_RicianLOS,Proposed_CA_CNN_RNND,4869,0.39551300182938576,0.3259734660387039,0.06953954556956887,
0,260816,matched,MATCHED_RicianLOS,Proposed_CA_CNN_RNND,4870,0.30508734844624996,0.25930050760507584,0.0457868377561681,
0,260816,matched,MATCHED_RicianLOS,Proposed_CA_CNN_RNND,4871,0.48291753977537155,0.39092786610126495,0.0919896736741066,
0,260816,matched,MATCHED_RicianLOS,Proposed_CA_CNN_RNND,4872,0.3984305039048195,0.33095230534672737,0.06747819390147924,
0,260816,matched,MATCHED_RicianLOS,Proposed_CA_CNN_RNND,4873,0.3595592826604843,0.30197230353951454,0.05758697632700205,
0,260816,matched,MATCHED_RicianLOS,Proposed_CA_CNN_RNND,4874,0.33567175827920437,0.2827967070043087,0.05287505453452468,
0,260816,matched,MATCHED_RicianLOS,Proposed_CA_CNN_RNND,4875,0.2949240505695343,0.2563629038631916,0.038561148568987846,
0,260816,matched,MATCHED_RicianLOS,Proposed_CA_CNN_RNND,4876,0.32908397912979126,0.27579447254538536,0.05328950844705105,
0,260816,matched,MATCHED_RicianLOS,Proposed_CA_CNN_RNND,4877,0.41499411687254906,0.344181377440691,0.0708127364050597,
0,260816,matched,MATCHED_RicianLOS,Proposed_CA_CNN_RNND,4878,0.29716505482792854,0.2559138089418411,0.041251239366829395,
0,260816,matched,MATCHED_RicianLOS,Proposed_CA_CNN_RNND,4879,0.2604687325656414,0.2262321040034294,0.034236632694955915,
0,260816,matched,MATCHED_RicianLOS,Proposed_CA_CNN_RNND,4880,0.3733765780925751,0.3166653737425804,0.05671119410544634,
0,260816,matched,MATCHED_RicianLOS,Proposed_CA_CNN_RNND,4881,0.35533536970615387,0.3047133944928646,0.050621969159692526,
0,260816,matched,MATCHED_RicianLOS,Proposed_CA_CNN_RNND,4882,0.24353213608264923,0.21708436496555805,0.02644776925444603,
0,260816,matched,MATCHED_RicianLOS,Proposed_CA_CNN_RNND,4883,0.31205059587955475,0.2716001532971859,0.04045044910162687,
0,260816,matched,MATCHED_RicianLOS,Proposed_CA_CNN_RNND,4884,0.26644082739949226,0.22754932567477226,0.03889150358736515,
0,260816,matched,MATCHED_RicianLOS,Proposed_CA_CNN_RNND,4885,0.26858663372695446,0.23416291177272797,0.03442372285644524,
0,260816,matched,MATCHED_RicianLOS,Proposed_CA_CNN_RNND,4886,0.34507140703499317,0.29879411309957504,0.04627729009371251,
0,260816,matched,MATCHED_RicianLOS,Proposed_CA_CNN_RNND,4887,0.3164214752614498,0.27451639622449875,0.04190508835017681,
0,260816,matched,MATCHED_RicianLOS,Proposed_CA_CNN_RNND,4888,0.4241779185831547,0.34871554374694824,0.0754623687826097,
0,260816,matched,MATCHED_RicianLOS,Proposed_CA_CNN_RNND,4889,0.32503364235162735,0.2820088341832161,0.043024810031056404,
0,260816,matched,MATCHED_RicianLOS,Proposed_CA_CNN_RNND,4890,0.24570836126804352,0.21493536606431007,0.030772992642596364,
0,260816,matched,MATCHED_RicianLOS,Proposed_CA_CNN_RNND,4891,0.5138394683599472,0.4173416569828987,0.09649781137704849,
0,260816,matched,MATCHED_RicianLOS,Proposed_CA_CNN_RNND,4892,0.32326415181159973,0.27118511497974396,0.052079037530347705,
0,260816,matched,MATCHED_RicianLOS,Proposed_CA_CNN_RNND,4893,0.308572743088007,0.2663203738629818,0.042252362705767155,
0,260816,matched,MATCHED_RicianLOS,Proposed_CA_CNN_RNND,4894,0.3376272842288017,0.2980383262038231,0.03958895709365606,
0,260816,matched,MATCHED_RicianLOS,Proposed_CA_CNN_RNND,4895,0.333505243062973,0.2802266515791416,0.053278590086847544,
0,260816,matched,MATCHED_RicianLOS,Proposed_CA_CNN_RNND,4896,0.32671983167529106,0.2841414846479893,0.04257834912277758,
0,260816,matched,MATCHED_RicianLOS,Proposed_CA_CNN_RNND,4897,0.3486461527645588,0.2910362333059311,0.05760991747956723,
0,260816,matched,MATCHED_RicianLOS,Proposed_CA_CNN_RNND,4898,0.3487565293908119,0.2948760874569416,0.05388044158462435,
0,260816,matched,MATCHED_RicianLOS,Proposed_CA_CNN_RNND,4899,0.28710830584168434,0.24945255741477013,0.037655743421055377,
0,260816,matched,MATCHED_RicianLOS,Proposed_CA_CNN_RNND,4900,0.46050330996513367,0.36708076298236847,0.09342254977673292,
0,260816,matched,MATCHED_RicianLOS,Proposed_CA_CNN_RNND,4901,0.3344454728066921,0.28392793983221054,0.05051752831786871,
0,260816,matched,MATCHED_RicianLOS,Proposed_CA_CNN_RNND,4902,0.35503043234348297,0.3015146851539612,0.05351574532687664,
0,260816,matched,MATCHED_RicianLOS,Proposed_CA_CNN_RNND,4903,0.41535067558288574,0.3490253835916519,0.06632530689239502,
0,260816,matched,MATCHED_RicianLOS,Proposed_CA_CNN_RNND,4904,0.31003420799970627,0.2675396241247654,0.04249458434060216,
0,260816,matched,MATCHED_RicianLOS,Proposed_CA_CNN_RNND,4905,0.29236628487706184,0.2540692090988159,0.03829708299599588,
0,260816,matched,MATCHED_RicianLOS,Proposed_CA_CNN_RNND,4906,0.2789706252515316,0.24838295578956604,0.030587663408368826,
0,260816,matched,MATCHED_RicianLOS,Proposed_CA_CNN_RNND,4907,0.3468329757452011,0.29519258439540863,0.05164039367809892,
0,260816,matched,MATCHED_RicianLOS,Proposed_CA_CNN_RNND,4908,0.3377321697771549,0.2896745093166828,0.048057652777060866,
0,260816,matched,MATCHED_RicianLOS,Proposed_CA_CNN_RNND,4909,0.36772608757019043,0.31494516134262085,0.05278092506341636,
0,260816,matched,MATCHED_RicianLOS,Proposed_CA_CNN_RNND,4910,0.40069853886961937,0.3345380946993828,0.0661604437045753,
0,260816,matched,MATCHED_RicianLOS,Proposed_CA_CNN_RNND,4911,0.41411032527685165,0.3473174050450325,0.06679291278123856,
0,260816,matched,MATCHED_RicianLOS,Proposed_CA_CNN_RNND,4912,0.2795319966971874,0.243296567350626,0.036235426436178386,
0,260816,matched,MATCHED_RicianLOS,Proposed_CA_CNN_RNND,4913,0.16519413888454437,0.1508721150457859,0.014322029892355204,
0,260816,matched,MATCHED_RicianLOS,Proposed_CA_CNN_RNND,4914,0.27772023528814316,0.23974783718585968,0.03797240532003343,
0,260816,matched,MATCHED_RicianLOS,Proposed_CA_CNN_RNND,4915,0.20198378711938858,0.1809252556413412,0.021058536367490888,
0,260816,matched,MATCHED_RicianLOS,Proposed_CA_CNN_RNND,4916,0.4831734448671341,0.3953493535518646,0.0878240903839469,
0,260816,matched,MATCHED_RicianLOS,Proposed_CA_CNN_RNND,4917,0.3367925025522709,0.28302506171166897,0.053767439210787416,
0,260816,matched,MATCHED_RicianLOS,Proposed_CA_CNN_RNND,4918,0.3628183528780937,0.3024177048355341,0.06040064385160804,
0,260816,matched,MATCHED_RicianLOS,Proposed_CA_CNN_RNND,4919,0.2660529278218746,0.22911657765507698,0.036936343647539616,
0,260816,matched,MATCHED_RicianLOS,Proposed_CA_CNN_RNND,4920,0.24415091797709465,0.21931038424372673,0.02484052861109376,
0,260816,matched,MATCHED_RicianLOS,Proposed_CA_CNN_RNND,4921,0.491971492767334,0.4019871652126312,0.08998431637883186,
0,260816,matched,MATCHED_RicianLOS,Proposed_CA_CNN_RNND,4922,0.33640746027231216,0.29000482335686684,0.04640263086184859,
0,260816,matched,MATCHED_RicianLOS,Proposed_CA_CNN_RNND,4923,0.3890097476541996,0.3343215361237526,0.05468821641989052,
0,260816,matched,MATCHED_RicianLOS,Proposed_CA_CNN_RNND,4924,0.3812329676002264,0.3241838067770004,0.05704915791284293,
0,260816,matched,MATCHED_RicianLOS,Proposed_CA_CNN_RNND,4925,0.3169222977012396,0.27587733790278435,0.04104495269712061,
0,260816,matched,MATCHED_RicianLOS,Proposed_CA_CNN_RNND,4926,0.30989766865968704,0.2716878354549408,0.0382098238915205,
0,260816,matched,MATCHED_RicianLOS,Proposed_CA_CNN_RNND,4927,0.16618164256215096,0.15281084179878235,0.013370801229029894,
0,260816,matched,MATCHED_RicianLOS,Proposed_CA_CNN_RNND,4928,0.23120848834514618,0.19961108267307281,0.031597403809428215,
0,260816,matched,MATCHED_RicianLOS,Proposed_CA_CNN_RNND,4929,0.32518095895648,0.2772097997367382,0.04797116108238697,
0,260816,matched,MATCHED_RicianLOS,Proposed_CA_CNN_RNND,4930,0.3468857351690531,0.29423140548169613,0.05265433178283274,
0,260816,matched,MATCHED_RicianLOS,Proposed_CA_CNN_RNND,4931,0.36126232147216797,0.3084436431527138,0.05281867831945419,
0,260816,matched,MATCHED_RicianLOS,Proposed_CA_CNN_RNND,4932,0.3289199359714985,0.28408873081207275,0.04483120469376445,
0,260816,matched,MATCHED_RicianLOS,Proposed_CA_CNN_RNND,4933,0.3666156157851219,0.30641670897603035,0.06019891460891813,
0,260816,matched,MATCHED_RicianLOS,Proposed_CA_CNN_RNND,4934,0.43200793489813805,0.35877014696598053,0.0732377814128995,
0,260816,matched,MATCHED_RicianLOS,Proposed_CA_CNN_RNND,4935,0.44212646782398224,0.36560649052262306,0.07651997357606888,
0,260816,matched,MATCHED_RicianLOS,Proposed_CA_CNN_RNND,4936,0.392007052898407,0.3364732563495636,0.05553378723561764,
0,260816,matched,MATCHED_RicianLOS,Proposed_CA_CNN_RNND,4937,0.41033268719911575,0.34402548521757126,0.06630719639360905,
0,260816,matched,MATCHED_RicianLOS,Proposed_CA_CNN_RNND,4938,0.3629462271928787,0.31171397119760513,0.05123224947601557,
0,260816,matched,MATCHED_RicianLOS,Proposed_CA_CNN_RNND,4939,0.4020444452762604,0.33545470982789993,0.06658973824232817,
0,260816,matched,MATCHED_RicianLOS,Proposed_CA_CNN_RNND,4940,0.29116973653435707,0.25693412497639656,0.034235615748912096,
0,260816,matched,MATCHED_RicianLOS,Proposed_CA_CNN_RNND,4941,0.37092995271086693,0.310406856238842,0.060523096937686205,
0,260816,matched,MATCHED_RicianLOS,Proposed_CA_CNN_RNND,4942,0.39258211106061935,0.33106572553515434,0.06151639483869076,
0,260816,matched,MATCHED_RicianLOS,Proposed_CA_CNN_RNND,4943,0.30047307163476944,0.25798799470067024,0.04248507646843791,
0,260816,matched,MATCHED_RicianLOS,Proposed_CA_CNN_RNND,4944,0.3032684363424778,0.25190613232553005,0.05136230471543968,
0,260816,matched,MATCHED_RicianLOS,Proposed_CA_CNN_RNND,4945,0.3121168501675129,0.2730946019291878,0.03902223636396229,
0,260816,matched,MATCHED_RicianLOS,Proposed_CA_CNN_RNND,4946,0.2977437749505043,0.2500676065683365,0.047676161862909794,
0,260816,matched,MATCHED_RicianLOS,Proposed_CA_CNN_RNND,4947,0.348032645881176,0.296502236276865,0.05153040401637554,
0,260816,matched,MATCHED_RicianLOS,Proposed_CA_CNN_RNND,4948,0.16066263616085052,0.14882342889904976,0.01183920493349433,
0,260816,matched,MATCHED_RicianLOS,Proposed_CA_CNN_RNND,4949,0.311485905200243,0.2639274001121521,0.047558501129969954,
0,260816,matched,MATCHED_RicianLOS,Proposed_CA_CNN_RNND,4950,0.46115297824144363,0.37546853721141815,0.08568443823605776,
0,260816,matched,MATCHED_RicianLOS,Proposed_CA_CNN_RNND,4951,0.4161524474620819,0.3472088761627674,0.06894357735291123,
0,260816,matched,MATCHED_RicianLOS,Proposed_CA_CNN_RNND,4952,0.21366814151406288,0.18834709748625755,0.0253210429509636,
0,260816,matched,MATCHED_RicianLOS,Proposed_CA_CNN_RNND,4953,0.2986125461757183,0.25647103413939476,0.04214150761254132,
0,260816,matched,MATCHED_RicianLOS,Proposed_CA_CNN_RNND,4954,0.3450429141521454,0.29756709188222885,0.047475823666900396,
0,260816,matched,MATCHED_RicianLOS,Proposed_CA_CNN_RNND,4955,0.1725139282643795,0.155376136302948,0.017137790913693607,
0,260816,matched,MATCHED_RicianLOS,Proposed_CA_CNN_RNND,4956,0.3918520212173462,0.33435214310884476,0.05749987857416272,
0,260816,matched,MATCHED_RicianLOS,Proposed_CA_CNN_RNND,4957,0.2180781178176403,0.1950470246374607,0.023031095042824745,
0,260816,matched,MATCHED_RicianLOS,Proposed_CA_CNN_RNND,4958,0.3121500313282013,0.2734299972653389,0.038720030803233385,
0,260816,matched,MATCHED_RicianLOS,Proposed_CA_CNN_RNND,4959,0.33324944600462914,0.2790238782763481,0.05422557285055518,
0,260816,matched,MATCHED_RicianLOS,Proposed_CA_CNN_RNND,4960,0.47782614827156067,0.3967183604836464,0.08110776916146278,
0,260816,matched,MATCHED_RicianLOS,Proposed_CA_CNN_RNND,4961,0.35132845118641853,0.30374687910079956,0.04758157441392541,
0,260816,matched,MATCHED_RicianLOS,Proposed_CA_CNN_RNND,4962,0.2873374819755554,0.2529228553175926,0.03441462945193052,
0,260816,matched,MATCHED_RicianLOS,Proposed_CA_CNN_RNND,4963,0.3615022078156471,0.3041583113372326,0.05734389182180166,
0,260816,matched,MATCHED_RicianLOS,Proposed_CA_CNN_RNND,4964,0.3268194682896137,0.2722584679722786,0.054561003926210105,
0,260816,matched,MATCHED_RicianLOS,Proposed_CA_CNN_RNND,4965,0.32835958898067474,0.2813659571111202,0.046993634663522243,
0,260816,matched,MATCHED_RicianLOS,Proposed_CA_CNN_RNND,4966,0.3582046739757061,0.2998184263706207,0.058386244578287005,
0,260816,matched,MATCHED_RicianLOS,Proposed_CA_CNN_RNND,4967,0.447399340569973,0.3697182536125183,0.07768109627068043,
0,260816,matched,MATCHED_RicianLOS,Proposed_CA_CNN_RNND,4968,0.23755300045013428,0.2129165604710579,0.024636439746245742,
0,260816,matched,MATCHED_RicianLOS,Proposed_CA_CNN_RNND,4969,0.22297105565667152,0.2056175246834755,0.017353531788103282,
0,260816,matched,MATCHED_RicianLOS,Proposed_CA_CNN_RNND,4970,0.2293196152895689,0.19937692023813725,0.02994269668124616,
0,260816,matched,MATCHED_RicianLOS,Proposed_CA_CNN_RNND,4971,0.3866593539714813,0.3324732333421707,0.054186122957617044,
0,260816,matched,MATCHED_RicianLOS,Proposed_CA_CNN_RNND,4972,0.454069085419178,0.370061457157135,0.08400762267410755,
0,260816,matched,MATCHED_RicianLOS,Proposed_CA_CNN_RNND,4973,0.2776512987911701,0.2437155768275261,0.03393571870401502,
0,260816,matched,MATCHED_RicianLOS,Proposed_CA_CNN_RNND,4974,0.2727785147726536,0.2402348890900612,0.03254362754523754,
0,260816,matched,MATCHED_RicianLOS,Proposed_CA_CNN_RNND,4975,0.44536566361784935,0.36514197289943695,0.08022369886748493,
0,260816,matched,MATCHED_RicianLOS,Proposed_CA_CNN_RNND,4976,0.27343060821294785,0.2343597561120987,0.03907084884122014,
0,260816,matched,MATCHED_RicianLOS,Proposed_CA_CNN_RNND,4977,0.3963964805006981,0.3348323777318001,0.06156410416588187,
0,260816,matched,MATCHED_RicianLOS,Proposed_CA_CNN_RNND,4978,0.47602031379938126,0.3859899714589119,0.09003034234046936,
0,260816,matched,MATCHED_RicianLOS,Proposed_CA_CNN_RNND,4979,0.3463495634496212,0.296787329018116,0.049562240252271295,
0,260816,matched,MATCHED_RicianLOS,Proposed_CA_CNN_RNND,4980,0.3007551487535238,0.2587746139615774,0.04198053851723671,
0,260816,matched,MATCHED_RicianLOS,Proposed_CA_CNN_RNND,4981,0.19801512360572815,0.17862803861498833,0.01938708685338497,
0,260816,matched,MATCHED_RicianLOS,Proposed_CA_CNN_RNND,4982,0.26337462291121483,0.2293848842382431,0.033989739371463656,
0,260816,matched,MATCHED_RicianLOS,Proposed_CA_CNN_RNND,4983,0.448743611574173,0.37244709581136703,0.07629652507603168,
0,260816,matched,MATCHED_RicianLOS,Proposed_CA_CNN_RNND,4984,0.40139396488666534,0.34015385434031487,0.061240111477673054,
0,260816,matched,MATCHED_RicianLOS,Proposed_CA_CNN_RNND,4985,0.4959191828966141,0.3998812660574913,0.09603793174028397,
0,260816,matched,MATCHED_RicianLOS,Proposed_CA_CNN_RNND,4986,0.35582205280661583,0.30875153839588165,0.047070519998669624,
0,260816,matched,MATCHED_RicianLOS,Proposed_CA_CNN_RNND,4987,0.47106482088565826,0.38711509108543396,0.08394972234964371,
0,260816,matched,MATCHED_RicianLOS,Proposed_CA_CNN_RNND,4988,0.34003686904907227,0.2949044778943062,0.04513239348307252,
0,260816,matched,MATCHED_RicianLOS,Proposed_CA_CNN_RNND,4989,0.3765318766236305,0.32281918451189995,0.05371267953887582,
0,260816,matched,MATCHED_RicianLOS,Proposed_CA_CNN_RNND,4990,0.31935462914407253,0.2695547863841057,0.049799837288446724,
0,260816,matched,MATCHED_RicianLOS,Proposed_CA_CNN_RNND,4991,0.41314512491226196,0.3470217064023018,0.06612341850996017,
0,260816,matched,MATCHED_RicianLOS,Proposed_CA_CNN_RNND,4992,0.3896404430270195,0.3216851055622101,0.06795534398406744,
0,260816,matched,MATCHED_RicianLOS,Proposed_CA_CNN_RNND,4993,0.2829331122338772,0.24672619067132473,0.036206917371600866,
0,260816,matched,MATCHED_RicianLOS,Proposed_CA_CNN_RNND,4994,0.4153212197124958,0.34638557583093643,0.06893564690835774,
0,260816,matched,MATCHED_RicianLOS,Proposed_CA_CNN_RNND,4995,0.32604673504829407,0.27670538425445557,0.0493413507938385,
0,260816,matched,MATCHED_RicianLOS,Proposed_CA_CNN_RNND,4996,0.30838316679000854,0.2608312778174877,0.04755189525894821,
0,260816,matched,MATCHED_RicianLOS,Proposed_CA_CNN_RNND,4997,0.3719128221273422,0.31835999339818954,0.05355282500386238,
0,260816,matched,MATCHED_RicianLOS,Proposed_CA_CNN_RNND,4998,0.2570902816951275,0.23093054443597794,0.026159735396504402,
0,260816,matched,MATCHED_RicianLOS,Proposed_CA_CNN_RNND,4999,0.4115681126713753,0.344066321849823,0.06750178709626198,
0,260816,matched,MATCHED_RicianLOS,Proposed_CA_CNN_RNND,5000,0.41635988652706146,0.350852407515049,0.06550748366862535,-1.2212455249762684
0,260816,matched,MATCHED_RicianLOS,Proposed_CA_CNN_RNND,5001,0.3305722065269947,0.2867807671427727,0.04379144497215748,
0,260816,matched,MATCHED_RicianLOS,Proposed_CA_CNN_RNND,5002,0.3947426676750183,0.3224390596151352,0.07230361737310886,
0,260816,matched,MATCHED_RicianLOS,Proposed_CA_CNN_RNND,5003,0.397995188832283,0.3325061500072479,0.06548904383089393,
0,260816,matched,MATCHED_RicianLOS,Proposed_CA_CNN_RNND,5004,0.4386526420712471,0.3607126884162426,0.07793994434177876,
0,260816,matched,MATCHED_RicianLOS,Proposed_CA_CNN_RNND,5005,0.24250531941652298,0.21504243090748787,0.027462883153930306,
0,260816,matched,MATCHED_RicianLOS,Proposed_CA_CNN_RNND,5006,0.2894016318023205,0.24417349323630333,0.04522813740186393,
0,260816,matched,MATCHED_RicianLOS,Proposed_CA_CNN_RNND,5007,0.3345764372497797,0.28279069997370243,0.05178574239835143,
0,260816,matched,MATCHED_RicianLOS,Proposed_CA_CNN_RNND,5008,0.24885118380188942,0.2203478254377842,0.028503355104476213,
0,260816,matched,MATCHED_RicianLOS,Proposed_CA_CNN_RNND,5009,0.31478700414299965,0.2683962658047676,0.04639073833823204,
0,260816,matched,MATCHED_RicianLOS,Proposed_CA_CNN_RNND,5010,0.2204580307006836,0.2016744203865528,0.018783612176775932,
0,260816,matched,MATCHED_RicianLOS,Proposed_CA_CNN_RNND,5011,0.33941005542874336,0.2866009920835495,0.052809061540756375,
0,260816,matched,MATCHED_RicianLOS,Proposed_CA_CNN_RNND,5012,0.3253597505390644,0.2751873657107353,0.05017238645814359,
0,260816,matched,MATCHED_RicianLOS,Proposed_CA_CNN_RNND,5013,0.35374147072434425,0.29571763798594475,0.058023821911774576,
0,260816,matched,MATCHED_RicianLOS,Proposed_CA_CNN_RNND,5014,0.23402535170316696,0.21109093353152275,0.022934415261261165,
0,260816,matched,MATCHED_RicianLOS,Proposed_CA_CNN_RNND,5015,0.21170114912092686,0.1906654816120863,0.021035670884884894,
0,260816,matched,MATCHED_RicianLOS,Proposed_CA_CNN_RNND,5016,0.37658219411969185,0.3068593889474869,0.06972280656918883,
0,260816,matched,MATCHED_RicianLOS,Proposed_CA_CNN_RNND,5017,0.3714076466858387,0.3127908632159233,0.05861677881330252,
0,260816,matched,MATCHED_RicianLOS,Proposed_CA_CNN_RNND,5018,0.3450199253857136,0.29442140460014343,0.0505985165364109,
0,260816,matched,MATCHED_RicianLOS,Proposed_CA_CNN_RNND,5019,0.2120632752776146,0.1921675205230713,0.019895753008313477,
0,260816,matched,MATCHED_RicianLOS,Proposed_CA_CNN_RNND,5020,0.26655057072639465,0.23637712001800537,0.030173450708389282,
0,260816,matched,MATCHED_RicianLOS,Proposed_CA_CNN_RNND,5021,0.3190757818520069,0.2626521661877632,0.05642361979698762,
0,260816,matched,MATCHED_RicianLOS,Proposed_CA_CNN_RNND,5022,0.27570855990052223,0.24163131415843964,0.034077245742082596,
0,260816,matched,MATCHED_RicianLOS,Proposed_CA_CNN_RNND,5023,0.25220556929707527,0.22104625217616558,0.031159309553913772,
0,260816,matched,MATCHED_RicianLOS,Proposed_CA_CNN_RNND,5024,0.31377365812659264,0.266597468405962,0.04717618925496936,
0,260816,matched,MATCHED_RicianLOS,Proposed_CA_CNN_RNND,5025,0.28041788190603256,0.24391209334135056,0.036505792988464236,
0,260816,matched,MATCHED_RicianLOS,Proposed_CA_CNN_RNND,5026,0.2860601879656315,0.24297472089529037,0.04308547358959913,
0,260816,matched,MATCHED_RicianLOS,Proposed_CA_CNN_RNND,5027,0.3466270975768566,0.29394085705280304,0.052686233539134264,
0,260816,matched,MATCHED_RicianLOS,Proposed_CA_CNN_RNND,5028,0.40243788436055183,0.3348160982131958,0.06762178707867861,
0,260816,matched,MATCHED_RicianLOS,Proposed_CA_CNN_RNND,5029,0.30551188439130783,0.26371945440769196,0.041792423580773175,
0,260816,matched,MATCHED_RicianLOS,Proposed_CA_CNN_RNND,5030,0.36391597241163254,0.310952078551054,0.05296389770228416,
0,260816,matched,MATCHED_RicianLOS,Proposed_CA_CNN_RNND,5031,0.23627230897545815,0.21100670099258423,0.025265604606829584,
0,260816,matched,MATCHED_RicianLOS,Proposed_CA_CNN_RNND,5032,0.2706405445933342,0.2329031638801098,0.03773737093433738,
0,260816,matched,MATCHED_RicianLOS,Proposed_CA_CNN_RNND,5033,0.4132596030831337,0.3448191061615944,0.06844049645587802,
0,260816,matched,MATCHED_RicianLOS,Proposed_CA_CNN_RNND,5034,0.32428427785634995,0.2775663807988167,0.046717900317162275,
0,260816,matched,MATCHED_RicianLOS,Proposed_CA_CNN_RNND,5035,0.29719432815909386,0.26317083835601807,0.03402349026873708,
0,260816,matched,MATCHED_RicianLOS,Proposed_CA_CNN_RNND,5036,0.49445466697216034,0.39666372537612915,0.09779093321412802,
0,260816,matched,MATCHED_RicianLOS,Proposed_CA_CNN_RNND,5037,0.32174059748649597,0.26954107731580734,0.05219952727202326,
0,260816,matched,MATCHED_RicianLOS,Proposed_CA_CNN_RNND,5038,0.36909207329154015,0.30655093491077423,0.06254113744944334,
0,260816,matched,MATCHED_RicianLOS,Proposed_CA_CNN_RNND,5039,0.3485950082540512,0.29899584874510765,0.049599156714975834,
0,260816,matched,MATCHED_RicianLOS,Proposed_CA_CNN_RNND,5040,0.2572539299726486,0.2284531146287918,0.028800816042348742,
0,260816,matched,MATCHED_RicianLOS,Proposed_CA_CNN_RNND,5041,0.2657349444925785,0.2323030922561884,0.03343184950063005,
0,260816,matched,MATCHED_RicianLOS,Proposed_CA_CNN_RNND,5042,0.41389869153499603,0.3481689393520355,0.06572974775917828,
0,260816,matched,MATCHED_RicianLOS,Proposed_CA_CNN_RNND,5043,0.33897931687533855,0.2935847658663988,0.04539454204495996,
0,260816,matched,MATCHED_RicianLOS,Proposed_CA_CNN_RNND,5044,0.3019525483250618,0.2608269155025482,0.04112563468515873,
0,260816,matched,MATCHED_RicianLOS,Proposed_CA_CNN_RNND,5045,0.40372034907341003,0.34141727536916733,0.06230306392535567,
0,260816,matched,MATCHED_RicianLOS,Proposed_CA_CNN_RNND,5046,0.4305002763867378,0.3572397828102112,0.07326049637049437,
0,260816,matched,MATCHED_RicianLOS,Proposed_CA_CNN_RNND,5047,0.32314522564411163,0.2808588482439518,0.04228637833148241,
0,260816,matched,MATCHED_RicianLOS,Proposed_CA_CNN_RNND,5048,0.20945417881011963,0.19032543525099754,0.019128743093460798,
0,260816,matched,MATCHED_RicianLOS,Proposed_CA_CNN_RNND,5049,0.2672979310154915,0.23457922786474228,0.03271870641037822,
0,260816,matched,MATCHED_RicianLOS,Proposed_CA_CNN_RNND,5050,0.37080494314432144,0.308981791138649,0.06182315060868859,
0,260816,matched,MATCHED_RicianLOS,Proposed_CA_CNN_RNND,5051,0.2649732418358326,0.22997726872563362,0.03499597392510623,
0,260816,matched,MATCHED_RicianLOS,Proposed_CA_CNN_RNND,5052,0.32568466663360596,0.26802821457386017,0.05765645927749574,
0,260816,matched,MATCHED_RicianLOS,Proposed_CA_CNN_RNND,5053,0.3429797701537609,0.29845383018255234,0.04452594416216016,
0,260816,matched,MATCHED_RicianLOS,Proposed_CA_CNN_RNND,5054,0.35395244136452675,0.29876499250531197,0.055187441408634186,
0,260816,matched,MATCHED_RicianLOS,Proposed_CA_CNN_RNND,5055,0.30444059148430824,0.2632572017610073,0.0411833927500993,
0,260816,matched,MATCHED_RicianLOS,Proposed_CA_CNN_RNND,5056,0.31124401837587357,0.2698766067624092,0.041367410216480494,
0,260816,matched,MATCHED_RicianLOS,Proposed_CA_CNN_RNND,5057,0.17881713807582855,0.1622393112629652,0.01657782751135528,
0,260816,matched,MATCHED_RicianLOS,Proposed_CA_CNN_RNND,5058,0.3183734677731991,0.270407497882843,0.04796596895903349,
0,260816,matched,MATCHED_RicianLOS,Proposed_CA_CNN_RNND,5059,0.37273233756422997,0.3251001685857773,0.04763217316940427,
0,260816,matched,MATCHED_RicianLOS,Proposed_CA_CNN_RNND,5060,0.1425461769104004,0.1321926787495613,0.010353496298193932,
0,260816,matched,MATCHED_RicianLOS,Proposed_CA_CNN_RNND,5061,0.33870554715394974,0.2876899391412735,0.05101560498587787,
0,260816,matched,MATCHED_RicianLOS,Proposed_CA_CNN_RNND,5062,0.2732465788722038,0.23856811597943306,0.03467845742125064,
0,260816,matched,MATCHED_RicianLOS,Proposed_CA_CNN_RNND,5063,0.23022430762648582,0.20675207674503326,0.023472224595025182,
0,260816,matched,MATCHED_RicianLOS,Proposed_CA_CNN_RNND,5064,0.48595671355724335,0.3981759361922741,0.08778078272007406,
0,260816,matched,MATCHED_RicianLOS,Proposed_CA_CNN_RNND,5065,0.2794344983994961,0.24591490626335144,0.03351958887651563,
0,260816,matched,MATCHED_RicianLOS,Proposed_CA_CNN_RNND,5066,0.3366708792746067,0.28680519945919514,0.04986568295862526,
0,260816,matched,MATCHED_RicianLOS,Proposed_CA_CNN_RNND,5067,0.31688226386904716,0.2636467218399048,0.05323554156348109,
0,260816,matched,MATCHED_RicianLOS,Proposed_CA_CNN_RNND,5068,0.4212966114282608,0.34259870648384094,0.07869790866971016,
0,260816,matched,MATCHED_RicianLOS,Proposed_CA_CNN_RNND,5069,0.3011343479156494,0.2542291134595871,0.046905241440981627,
0,260816,matched,MATCHED_RicianLOS,Proposed_CA_CNN_RNND,5070,0.24400262534618378,0.21652895212173462,0.027473677648231387,
0,260816,matched,MATCHED_RicianLOS,Proposed_CA_CNN_RNND,5071,0.2666292320936918,0.22999956272542477,0.03662966610863805,
0,260816,matched,MATCHED_RicianLOS,Proposed_CA_CNN_RNND,5072,0.44381852447986603,0.3668850138783455,0.07693350780755281,
0,260816,matched,MATCHED_RicianLOS,Proposed_CA_CNN_RNND,5073,0.29670678824186325,0.2562367133796215,0.04047007346525788,
0,260816,matched,MATCHED_RicianLOS,Proposed_CA_CNN_RNND,5074,0.3129493482410908,0.27293193340301514,0.040017410181462765,
0,260816,matched,MATCHED_RicianLOS,Proposed_CA_CNN_RNND,5075,0.3062230534851551,0.26879682019352913,0.03742622956633568,
0,260816,matched,MATCHED_RicianLOS,Proposed_CA_CNN_RNND,5076,0.2868400849401951,0.2516714707016945,0.035168610978871584,
0,260816,matched,MATCHED_RicianLOS,Proposed_CA_CNN_RNND,5077,0.3111536465585232,0.2680101841688156,0.04314346075989306,
0,260816,matched,MATCHED_RicianLOS,Proposed_CA_CNN_RNND,5078,0.35037901997566223,0.3011472262442112,0.04923178628087044,
0,260816,matched,MATCHED_RicianLOS,Proposed_CA_CNN_RNND,5079,0.446756299585104,0.3702636957168579,0.07649260573089123,
0,260816,matched,MATCHED_RicianLOS,Proposed_CA_CNN_RNND,5080,0.18607568740844727,0.17076943442225456,0.015306255547329783,
0,260816,matched,MATCHED_RicianLOS,Proposed_CA_CNN_RNND,5081,0.37494467943906784,0.3149784877896309,0.059966184198856354,
0,260816,matched,MATCHED_RicianLOS,Proposed_CA_CNN_RNND,5082,0.3001999333500862,0.25967998802661896,0.04051994765177369,
0,260816,matched,MATCHED_RicianLOS,Proposed_CA_CNN_RNND,5083,0.42168132588267326,0.3453291952610016,0.07635213434696198,
0,260816,matched,MATCHED_RicianLOS,Proposed_CA_CNN_RNND,5084,0.2951251119375229,0.25994718819856644,0.035177924670279026,
0,260816,matched,MATCHED_RicianLOS,Proposed_CA_CNN_RNND,5085,0.2470264956355095,0.2180214487016201,0.0290050464682281,
0,260816,matched,MATCHED_RicianLOS,Proposed_CA_CNN_RNND,5086,0.41812465339899063,0.34834567457437515,0.06977896438911557,
0,260816,matched,MATCHED_RicianLOS,Proposed_CA_CNN_RNND,5087,0.30220949091017246,0.261702548712492,0.04050694964826107,
0,260816,matched,MATCHED_RicianLOS,Proposed_CA_CNN_RNND,5088,0.3408825322985649,0.29657313972711563,0.04430939117446542,
0,260816,matched,MATCHED_RicianLOS,Proposed_CA_CNN_RNND,5089,0.41734593361616135,0.35539499670267105,0.061950940638780594,
0,260816,matched,MATCHED_RicianLOS,Proposed_CA_CNN_RNND,5090,0.38625945895910263,0.3301425464451313,0.05611690413206816,
0,260816,matched,MATCHED_RicianLOS,Proposed_CA_CNN_RNND,5091,0.3011762723326683,0.26171107962727547,0.03946519456803799,
0,260816,matched,MATCHED_RicianLOS,Proposed_CA_CNN_RNND,5092,0.3581140413880348,0.3045842796564102,0.053529761265963316,
0,260816,matched,MATCHED_RicianLOS,Proposed_CA_CNN_RNND,5093,0.3813597150146961,0.3240954205393791,0.0572642982006073,
0,260816,matched,MATCHED_RicianLOS,Proposed_CA_CNN_RNND,5094,0.41462843865156174,0.3425177112221718,0.0721107292920351,
0,260816,matched,MATCHED_RicianLOS,Proposed_CA_CNN_RNND,5095,0.21914105117321014,0.20462660863995552,0.014514444163069129,
0,260816,matched,MATCHED_RicianLOS,Proposed_CA_CNN_RNND,5096,0.2897274009883404,0.25312415137887,0.03660323889926076,
0,260816,matched,MATCHED_RicianLOS,Proposed_CA_CNN_RNND,5097,0.34367433190345764,0.2926349714398384,0.05103936744853854,
0,260816,matched,MATCHED_RicianLOS,Proposed_CA_CNN_RNND,5098,0.3824833743274212,0.3191051594913006,0.06337821576744318,
0,260816,matched,MATCHED_RicianLOS,Proposed_CA_CNN_RNND,5099,0.1724084224551916,0.16117510199546814,0.011233322089537978,
0,260816,matched,MATCHED_RicianLOS,Proposed_CA_CNN_RNND,5100,0.38874322175979614,0.32702363282442093,0.06171958660706878,
0,260816,matched,MATCHED_RicianLOS,Proposed_CA_CNN_RNND,5101,0.5188040807843208,0.42152710258960724,0.09727698005735874,
0,260816,matched,MATCHED_RicianLOS,Proposed_CA_CNN_RNND,5102,0.3199409134685993,0.2772236801683903,0.042717240285128355,
0,260816,matched,MATCHED_RicianLOS,Proposed_CA_CNN_RNND,5103,0.46788332238793373,0.38202305138111115,0.08586025983095169,
0,260816,matched,MATCHED_RicianLOS,Proposed_CA_CNN_RNND,5104,0.2507293149828911,0.22202318906784058,0.028706133365631104,
0,260816,matched,MATCHED_RicianLOS,Proposed_CA_CNN_RNND,5105,0.47558892145752907,0.3888404071331024,0.0867485161870718,
0,260816,matched,MATCHED_RicianLOS,Proposed_CA_CNN_RNND,5106,0.3339933939278126,0.2875070497393608,0.04648633999750018,
0,260816,matched,MATCHED_RicianLOS,Proposed_CA_CNN_RNND,5107,0.3927471712231636,0.33128196373581886,0.06146520655602217,
0,260816,matched,MATCHED_RicianLOS,Proposed_CA_CNN_RNND,5108,0.2697143517434597,0.23705730587244034,0.03265704936347902,
0,260816,matched,MATCHED_RicianLOS,Proposed_CA_CNN_RNND,5109,0.2892689183354378,0.2428036704659462,0.046465249033644795,
0,260816,matched,MATCHED_RicianLOS,Proposed_CA_CNN_RNND,5110,0.1891966313123703,0.17124175652861595,0.017954876413568854,
0,260816,matched,MATCHED_RicianLOS,Proposed_CA_CNN_RNND,5111,0.16525034233927727,0.15132780745625496,0.01392253756057471,
0,260816,matched,MATCHED_RicianLOS,Proposed_CA_CNN_RNND,5112,0.2629805989563465,0.23685815930366516,0.02612243255134672,
0,260816,matched,MATCHED_RicianLOS,Proposed_CA_CNN_RNND,5113,0.16937550716102123,0.15413899347186089,0.015236518112942576,
0,260816,matched,MATCHED_RicianLOS,Proposed_CA_CNN_RNND,5114,0.24713735282421112,0.22706617042422295,0.020071182399988174,
0,260816,matched,MATCHED_RicianLOS,Proposed_CA_CNN_RNND,5115,0.219987777993083,0.19099155999720097,0.028996220789849758,
0,260816,matched,MATCHED_RicianLOS,Proposed_CA_CNN_RNND,5116,0.4363052025437355,0.3612430840730667,0.07506212219595909,
0,260816,matched,MATCHED_RicianLOS,Proposed_CA_CNN_RNND,5117,0.3173768185079098,0.2745932787656784,0.042783536249771714,
0,260816,matched,MATCHED_RicianLOS,Proposed_CA_CNN_RNND,5118,0.27319053933024406,0.23814085870981216,0.03504967759363353,
0,260816,matched,MATCHED_RicianLOS,Proposed_CA_CNN_RNND,5119,0.37908274680376053,0.3139036111533642,0.06517913658171892,
0,260816,matched,MATCHED_RicianLOS,Proposed_CA_CNN_RNND,5120,0.3332247883081436,0.284137062728405,0.04908772278577089,
0,260816,matched,MATCHED_RicianLOS,Proposed_CA_CNN_RNND,5121,0.32030225545167923,0.27703646197915077,0.04326578928157687,
0,260816,matched,MATCHED_RicianLOS,Proposed_CA_CNN_RNND,5122,0.4775906354188919,0.3936062604188919,0.08398436661809683,
0,260816,matched,MATCHED_RicianLOS,Proposed_CA_CNN_RNND,5123,0.32002924382686615,0.27453475072979927,0.04549449315527454,
0,260816,matched,MATCHED_RicianLOS,Proposed_CA_CNN_RNND,5124,0.4429517686367035,0.36774321645498276,0.07520855590701103,
0,260816,matched,MATCHED_RicianLOS,Proposed_CA_CNN_RNND,5125,0.2783111482858658,0.2449863888323307,0.03332475991919637,
0,260816,matched,MATCHED_RicianLOS,Proposed_CA_CNN_RNND,5126,0.3569101355969906,0.2969672530889511,0.05994288716465235,
0,260816,matched,MATCHED_RicianLOS,Proposed_CA_CNN_RNND,5127,0.41886964440345764,0.34484076499938965,0.07402887684293091,
0,260816,matched,MATCHED_RicianLOS,Proposed_CA_CNN_RNND,5128,0.18225514516234398,0.17101693153381348,0.011238214327022433,
0,260816,matched,MATCHED_RicianLOS,Proposed_CA_CNN_RNND,5129,0.3916100598871708,0.3256461266428232,0.06596392416395247,
0,260816,matched,MATCHED_RicianLOS,Proposed_CA_CNN_RNND,5130,0.3555348627269268,0.30287087336182594,0.05266398633830249,
0,260816,matched,MATCHED_RicianLOS,Proposed_CA_CNN_RNND,5131,0.404946718364954,0.338005930185318,0.0669407919049263,
0,260816,matched,MATCHED_RicianLOS,Proposed_CA_CNN_RNND,5132,0.2122115194797516,0.19143920950591564,0.020772316958755255,
0,260816,matched,MATCHED_RicianLOS,Proposed_CA_CNN_RNND,5133,0.20211073756217957,0.18261614814400673,0.01949459291063249,
0,260816,matched,MATCHED_RicianLOS,Proposed_CA_CNN_RNND,5134,0.29288075119256973,0.2505543418228626,0.042326409835368395,
0,260816,matched,MATCHED_RicianLOS,Proposed_CA_CNN_RNND,5135,0.3075776733458042,0.2630142979323864,0.04456338123418391,
0,260816,matched,MATCHED_RicianLOS,Proposed_CA_CNN_RNND,5136,0.37262195348739624,0.314243882894516,0.05837806686758995,
0,260816,matched,MATCHED_RicianLOS,Proposed_CA_CNN_RNND,5137,0.4656233452260494,0.3838969096541405,0.08172644069418311,
0,260816,matched,MATCHED_RicianLOS,Proposed_CA_CNN_RNND,5138,0.27967997267842293,0.23835666850209236,0.041323307203128934,
0,260816,matched,MATCHED_RicianLOS,Proposed_CA_CNN_RNND,5139,0.36249320209026337,0.31045111641287804,0.05204208451323211,
0,260816,matched,MATCHED_RicianLOS,Proposed_CA_CNN_RNND,5140,0.2657082676887512,0.2320331633090973,0.033675102749839425,
0,260816,matched,MATCHED_RicianLOS,Proposed_CA_CNN_RNND,5141,0.3277220241725445,0.2773316539824009,0.05039036879315972,
0,260816,matched,MATCHED_RicianLOS,Proposed_CA_CNN_RNND,5142,0.3722297288477421,0.3132110461592674,0.05901867896318436,
0,260816,matched,MATCHED_RicianLOS,Proposed_CA_CNN_RNND,5143,0.19425652921199799,0.17475564777851105,0.019500880502164364,
0,260816,matched,MATCHED_RicianLOS,Proposed_CA_CNN_RNND,5144,0.31653937324881554,0.2725745439529419,0.04396483348682523,
0,260816,matched,MATCHED_RicianLOS,Proposed_CA_CNN_RNND,5145,0.40576643869280815,0.3352770768105984,0.0704893539659679,
0,260816,matched,MATCHED_RicianLOS,Proposed_CA_CNN_RNND,5146,0.41439057514071465,0.34439172595739365,0.06999884312972426,
0,260816,matched,MATCHED_RicianLOS,Proposed_CA_CNN_RNND,5147,0.2536149136722088,0.2237367033958435,0.029878207948058844,
0,260816,matched,MATCHED_RicianLOS,Proposed_CA_CNN_RNND,5148,0.3819423168897629,0.32395391538739204,0.05798840872012079,
0,260816,matched,MATCHED_RicianLOS,Proposed_CA_CNN_RNND,5149,0.33391666412353516,0.2807525582611561,0.05316411377862096,
0,260816,matched,MATCHED_RicianLOS,Proposed_CA_CNN_RNND,5150,0.2545990012586117,0.2249213643372059,0.029677631333470345,
0,260816,matched,MATCHED_RicianLOS,Proposed_CA_CNN_RNND,5151,0.17666203156113625,0.16684399917721748,0.009818037855438888,
0,260816,matched,MATCHED_RicianLOS,Proposed_CA_CNN_RNND,5152,0.3312859386205673,0.2806270830333233,0.05065885069780052,
0,260816,matched,MATCHED_RicianLOS,Proposed_CA_CNN_RNND,5153,0.3327684625983238,0.2836344577372074,0.04913401207886636,
0,260816,matched,MATCHED_RicianLOS,Proposed_CA_CNN_RNND,5154,0.34060418978333473,0.29142192006111145,0.049182268558070064,
0,260816,matched,MATCHED_RicianLOS,Proposed_CA_CNN_RNND,5155,0.41018231958150864,0.33693837746977806,0.07324394420720637,
0,260816,matched,MATCHED_RicianLOS,Proposed_CA_CNN_RNND,5156,0.3568457365036011,0.30540481209754944,0.05144091881811619,
0,260816,matched,MATCHED_RicianLOS,Proposed_CA_CNN_RNND,5157,0.2379409521818161,0.20612882263958454,0.03181213128846139,
0,260816,matched,MATCHED_RicianLOS,Proposed_CA_CNN_RNND,5158,0.3548099286854267,0.29620978236198425,0.058600148651748896,
0,260816,matched,MATCHED_RicianLOS,Proposed_CA_CNN_RNND,5159,0.30778768658638,0.261169970035553,0.046617726678960025,
0,260816,matched,MATCHED_RicianLOS,Proposed_CA_CNN_RNND,5160,0.37561754137277603,0.3192208930850029,0.05639664921909571,
0,260816,matched,MATCHED_RicianLOS,Proposed_CA_CNN_RNND,5161,0.47604045271873474,0.392114732414484,0.0839257137849927,
0,260816,matched,MATCHED_RicianLOS,Proposed_CA_CNN_RNND,5162,0.25568333826959133,0.22609486617147923,0.029588474018964916,
0,260816,matched,MATCHED_RicianLOS,Proposed_CA_CNN_RNND,5163,0.28588635101914406,0.24942851066589355,0.03645784722175449,
0,260816,matched,MATCHED_RicianLOS,Proposed_CA_CNN_RNND,5164,0.3539981096982956,0.2994138076901436,0.054584298632107675,
0,260816,matched,MATCHED_RicianLOS,Proposed_CA_CNN_RNND,5165,0.29351305961608887,0.25519186817109585,0.03832118958234787,
0,260816,matched,MATCHED_RicianLOS,Proposed_CA_CNN_RNND,5166,0.3485841751098633,0.29778049886226654,0.05080368183553219,
0,260816,matched,MATCHED_RicianLOS,Proposed_CA_CNN_RNND,5167,0.27307597920298576,0.23561547324061394,0.03746050922200084,
0,260816,matched,MATCHED_RicianLOS,Proposed_CA_CNN_RNND,5168,0.5547012314200401,0.4504050761461258,0.10429615527391434,
0,260816,matched,MATCHED_RicianLOS,Proposed_CA_CNN_RNND,5169,0.35909390076994896,0.3001008406281471,0.0589930578134954,
0,260816,matched,MATCHED_RicianLOS,Proposed_CA_CNN_RNND,5170,0.24764227494597435,0.22640817612409592,0.021234105341136456,
0,260816,matched,MATCHED_RicianLOS,Proposed_CA_CNN_RNND,5171,0.4230089858174324,0.3510933741927147,0.07191560789942741,
0,260816,matched,MATCHED_RicianLOS,Proposed_CA_CNN_RNND,5172,0.3277764208614826,0.2818702459335327,0.04590618424117565,
0,260816,matched,MATCHED_RicianLOS,Proposed_CA_CNN_RNND,5173,0.4221423603594303,0.34910139441490173,0.07304097153246403,
0,260816,matched,MATCHED_RicianLOS,Proposed_CA_CNN_RNND,5174,0.22721225768327713,0.20795096829533577,0.0192612906685099,
0,260816,matched,MATCHED_RicianLOS,Proposed_CA_CNN_RNND,5175,0.5160356238484383,0.41177523136138916,0.10426039341837168,
0,260816,matched,MATCHED_RicianLOS,Proposed_CA_CNN_RNND,5176,0.31155018880963326,0.2655128911137581,0.04603730351664126,
0,260816,matched,MATCHED_RicianLOS,Proposed_CA_CNN_RNND,5177,0.2006521262228489,0.1809621825814247,0.019689944572746754,
0,260816,matched,MATCHED_RicianLOS,Proposed_CA_CNN_RNND,5178,0.3257396072149277,0.2759741172194481,0.04976549046114087,
0,260816,matched,MATCHED_RicianLOS,Proposed_CA_CNN_RNND,5179,0.2422180138528347,0.2148362472653389,0.02738176262937486,
0,260816,matched,MATCHED_RicianLOS,Proposed_CA_CNN_RNND,5180,0.17102273553609848,0.16113573126494884,0.009887004154734313,
0,260816,matched,MATCHED_RicianLOS,Proposed_CA_CNN_RNND,5181,0.3900177776813507,0.32700617611408234,0.06301159504801035,
0,260816,matched,MATCHED_RicianLOS,Proposed_CA_CNN_RNND,5182,0.2403763122856617,0.2147076204419136,0.025668696616776288,
0,260816,matched,MATCHED_RicianLOS,Proposed_CA_CNN_RNND,5183,0.3317425176501274,0.28085247427225113,0.05089004244655371,
0,260816,matched,MATCHED_RicianLOS,Proposed_CA_CNN_RNND,5184,0.36193081736564636,0.30237116664648056,0.05955965584143996,
0,260816,matched,MATCHED_RicianLOS,Proposed_CA_CNN_RNND,5185,0.4117717258632183,0.346505306661129,0.06526642176322639,
0,260816,matched,MATCHED_RicianLOS,Proposed_CA_CNN_RNND,5186,0.25263877771794796,0.22045248001813889,0.032186301657930017,
0,260816,matched,MATCHED_RicianLOS,Proposed_CA_CNN_RNND,5187,0.3821725957095623,0.3185063600540161,0.06366622587665915,
0,260816,matched,MATCHED_RicianLOS,Proposed_CA_CNN_RNND,5188,0.35252208076417446,0.2987866848707199,0.05373539519496262,
0,260816,matched,MATCHED_RicianLOS,Proposed_CA_CNN_RNND,5189,0.3665175922214985,0.3138677664101124,0.05264982581138611,
0,260816,matched,MATCHED_RicianLOS,Proposed_CA_CNN_RNND,5190,0.4299204796552658,0.36135561019182205,0.0685648713260889,
0,260816,matched,MATCHED_RicianLOS,Proposed_CA_CNN_RNND,5191,0.3062764070928097,0.2701702192425728,0.03610618319362402,
0,260816,matched,MATCHED_RicianLOS,Proposed_CA_CNN_RNND,5192,0.32056092843413353,0.2719453349709511,0.048615594394505024,
0,260816,matched,MATCHED_RicianLOS,Proposed_CA_CNN_RNND,5193,0.34144600853323936,0.2892152816057205,0.052230720641091466,
0,260816,matched,MATCHED_RicianLOS,Proposed_CA_CNN_RNND,5194,0.433158278465271,0.3577563315629959,0.07540194503962994,
0,260816,matched,MATCHED_RicianLOS,Proposed_CA_CNN_RNND,5195,0.30292072147130966,0.2621457353234291,0.04077498707920313,
0,260816,matched,MATCHED_RicianLOS,Proposed_CA_CNN_RNND,5196,0.42082879692316055,0.35216132551431656,0.068667474668473,
0,260816,matched,MATCHED_RicianLOS,Proposed_CA_CNN_RNND,5197,0.2836957573890686,0.24920122139155865,0.03449454280780628,
0,260816,matched,MATCHED_RicianLOS,Proposed_CA_CNN_RNND,5198,0.2797495201230049,0.2460290789604187,0.03372044442221522,
0,260816,matched,MATCHED_RicianLOS,Proposed_CA_CNN_RNND,5199,0.28273627161979675,0.2539356127381325,0.02880066423676908,
0,260816,matched,MATCHED_RicianLOS,Proposed_CA_CNN_RNND,5200,0.230888944119215,0.2112097591161728,0.019679185934364796,-1.2166515982143369
0,260816,matched,MATCHED_RicianLOS,Proposed_CA_CNN_RNND,5201,0.3134845644235611,0.2761217877268791,0.037362781120464206,
0,260816,matched,MATCHED_RicianLOS,Proposed_CA_CNN_RNND,5202,0.5280365645885468,0.42694956064224243,0.10108699277043343,
0,260816,matched,MATCHED_RicianLOS,Proposed_CA_CNN_RNND,5203,0.28295809403061867,0.24924195185303688,0.03371614671777934,
0,260816,matched,MATCHED_RicianLOS,Proposed_CA_CNN_RNND,5204,0.4737861827015877,0.39035390689969063,0.08343226090073586,
0,260816,matched,MATCHED_RicianLOS,Proposed_CA_CNN_RNND,5205,0.2752994894981384,0.23737921565771103,0.03792027570307255,
0,260816,matched,MATCHED_RicianLOS,Proposed_CA_CNN_RNND,5206,0.4412197470664978,0.36454909294843674,0.07667064759880304,
0,260816,matched,MATCHED_RicianLOS,Proposed_CA_CNN_RNND,5207,0.15212775021791458,0.14051305502653122,0.011614694318268448,
0,260816,matched,MATCHED_RicianLOS,Proposed_CA_CNN_RNND,5208,0.27685166150331497,0.24228648096323013,0.03456518135499209,
0,260816,matched,MATCHED_RicianLOS,Proposed_CA_CNN_RNND,5209,0.3951399363577366,0.32969697192311287,0.06544295605272055,
0,260816,matched,MATCHED_RicianLOS,Proposed_CA_CNN_RNND,5210,0.3403058238327503,0.2867395915091038,0.0535662395413965,
0,260816,matched,MATCHED_RicianLOS,Proposed_CA_CNN_RNND,5211,0.34452664107084274,0.2969941273331642,0.047532516764476895,
0,260816,matched,MATCHED_RicianLOS,Proposed_CA_CNN_RNND,5212,0.2882890533655882,0.246796403080225,0.041492648888379335,
0,260816,matched,MATCHED_RicianLOS,Proposed_CA_CNN_RNND,5213,0.2939559929072857,0.25767982006073,0.03627617296297103,
0,260816,matched,MATCHED_RicianLOS,Proposed_CA_CNN_RNND,5214,0.351297277957201,0.2943111024796963,0.05698617594316602,
0,260816,matched,MATCHED_RicianLOS,Proposed_CA_CNN_RNND,5215,0.3228604905307293,0.2799316272139549,0.04292886517941952,
0,260816,matched,MATCHED_RicianLOS,Proposed_CA_CNN_RNND,5216,0.23888536915183067,0.21187839284539223,0.027006980031728745,
0,260816,matched,MATCHED_RicianLOS,Proposed_CA_CNN_RNND,5217,0.23076318949460983,0.21045076847076416,0.020312416600063443,
0,260816,matched,MATCHED_RicianLOS,Proposed_CA_CNN_RNND,5218,0.33426161855459213,0.2887895703315735,0.04547204729169607,
0,260816,matched,MATCHED_RicianLOS,Proposed_CA_CNN_RNND,5219,0.2587115429341793,0.2246667742729187,0.03404476260766387,
0,260816,matched,MATCHED_RicianLOS,Proposed_CA_CNN_RNND,5220,0.2763935253024101,0.24427830055356026,0.032115230918861926,
0,260816,matched,MATCHED_RicianLOS,Proposed_CA_CNN_RNND,5221,0.35441793128848076,0.30195072293281555,0.052467203233391047,
0,260816,matched,MATCHED_RicianLOS,Proposed_CA_CNN_RNND,5222,0.24164119362831116,0.21409646421670914,0.027544731507077813,
0,260816,matched,MATCHED_RicianLOS,Proposed_CA_CNN_RNND,5223,0.5433993861079216,0.4370089918375015,0.10639039240777493,
0,260816,matched,MATCHED_RicianLOS,Proposed_CA_CNN_RNND,5224,0.223356069996953,0.2015819363296032,0.021774127962999046,
0,260816,matched,MATCHED_RicianLOS,Proposed_CA_CNN_RNND,5225,0.5607495009899139,0.4575514569878578,0.10319805145263672,
0,260816,matched,MATCHED_RicianLOS,Proposed_CA_CNN_RNND,5226,0.28798675537109375,0.24918178841471672,0.03880496136844158,
0,260816,matched,MATCHED_RicianLOS,Proposed_CA_CNN_RNND,5227,0.4136236421763897,0.34741808474063873,0.06620555045083165,
0,260816,matched,MATCHED_RicianLOS,Proposed_CA_CNN_RNND,5228,0.3253329023718834,0.274211373180151,0.05112153245136142,
0,260816,matched,MATCHED_RicianLOS,Proposed_CA_CNN_RNND,5229,0.23193782567977905,0.20695784129202366,0.02497998089529574,
0,260816,matched,MATCHED_RicianLOS,Proposed_CA_CNN_RNND,5230,0.4149310290813446,0.34446726739406586,0.07046375703066587,
0,260816,matched,MATCHED_RicianLOS,Proposed_CA_CNN_RNND,5231,0.2925821468234062,0.24963924288749695,0.042942910455167294,
0,260816,matched,MATCHED_RicianLOS,Proposed_CA_CNN_RNND,5232,0.31203073263168335,0.26388606429100037,0.048144672880880535,
0,260816,matched,MATCHED_RicianLOS,Proposed_CA_CNN_RNND,5233,0.3236326165497303,0.2772676683962345,0.04636494652368128,
0,260816,matched,MATCHED_RicianLOS,Proposed_CA_CNN_RNND,5234,0.3691113442182541,0.3030768409371376,0.06603450560942292,
0,260816,matched,MATCHED_RicianLOS,Proposed_CA_CNN_RNND,5235,0.44251812994480133,0.3634035289287567,0.07911460008472204,
0,260816,matched,MATCHED_RicianLOS,Proposed_CA_CNN_RNND,5236,0.3234688602387905,0.27748604118824005,0.04598281905055046,
0,260816,matched,MATCHED_RicianLOS,Proposed_CA_CNN_RNND,5237,0.28947582095861435,0.2503774128854275,0.03909841226413846,
0,260816,matched,MATCHED_RicianLOS,Proposed_CA_CNN_RNND,5238,0.4337005019187927,0.3580297529697418,0.0756707489490509,
0,260816,matched,MATCHED_RicianLOS,Proposed_CA_CNN_RNND,5239,0.3434722237288952,0.2832977920770645,0.060174429789185524,
0,260816,matched,MATCHED_RicianLOS,Proposed_CA_CNN_RNND,5240,0.3516380451619625,0.2963322214782238,0.05530581949278712,
0,260816,matched,MATCHED_RicianLOS,Proposed_CA_CNN_RNND,5241,0.30841273441910744,0.26406341791152954,0.04434931883588433,
0,260816,matched,MATCHED_RicianLOS,Proposed_CA_CNN_RNND,5242,0.3912707604467869,0.329465564340353,0.06180519051849842,
0,260816,matched,MATCHED_RicianLOS,Proposed_CA_CNN_RNND,5243,0.332028403878212,0.27910247445106506,0.0529259336180985,
0,260816,matched,MATCHED_RicianLOS,Proposed_CA_CNN_RNND,5244,0.35351768508553505,0.29520879313349724,0.058308889623731375,
0,260816,matched,MATCHED_RicianLOS,Proposed_CA_CNN_RNND,5245,0.3403777815401554,0.2858933098614216,0.05448448215611279,
0,260816,matched,MATCHED_RicianLOS,Proposed_CA_CNN_RNND,5246,0.46280890703201294,0.38367631286382675,0.07913259975612164,
0,260816,matched,MATCHED_RicianLOS,Proposed_CA_CNN_RNND,5247,0.2144356444478035,0.1915171518921852,0.02291849278844893,
0,260816,matched,MATCHED_RicianLOS,Proposed_CA_CNN_RNND,5248,0.37973659113049507,0.3225977271795273,0.05713887186720967,
0,260816,matched,MATCHED_RicianLOS,Proposed_CA_CNN_RNND,5249,0.3183446079492569,0.2784853130578995,0.03985929989721626,
0,260816,matched,MATCHED_RicianLOS,Proposed_CA_CNN_RNND,5250,0.26450472697615623,0.23593558371067047,0.028569139540195465,
0,260816,matched,MATCHED_RicianLOS,Proposed_CA_CNN_RNND,5251,0.2408895380795002,0.21425439044833183,0.026635146234184504,
0,260816,matched,MATCHED_RicianLOS,Proposed_CA_CNN_RNND,5252,0.39670683071017265,0.3324958011507988,0.06421102583408356,
0,260816,matched,MATCHED_RicianLOS,Proposed_CA_CNN_RNND,5253,0.42704031616449356,0.3526095934212208,0.07443072739988565,
0,260816,matched,MATCHED_RicianLOS,Proposed_CA_CNN_RNND,5254,0.35521774366497993,0.2991876155138016,0.05603013187646866,
0,260816,matched,MATCHED_RicianLOS,Proposed_CA_CNN_RNND,5255,0.31858303770422935,0.27087365090847015,0.047709392150864005,
0,260816,matched,MATCHED_RicianLOS,Proposed_CA_CNN_RNND,5256,0.327385775744915,0.27892034873366356,0.048465426079928875,
0,260816,matched,MATCHED_RicianLOS,Proposed_CA_CNN_RNND,5257,0.4391079992055893,0.36459052562713623,0.07451747450977564,
0,260816,matched,MATCHED_RicianLOS,Proposed_CA_CNN_RNND,5258,0.3407037816941738,0.29170843213796616,0.04899535281583667,
0,260816,matched,MATCHED_RicianLOS,Proposed_CA_CNN_RNND,5259,0.2623453661799431,0.22112509235739708,0.04122027289122343,
0,260816,matched,MATCHED_RicianLOS,Proposed_CA_CNN_RNND,5260,0.3356405086815357,0.29467665404081345,0.04096386255696416,
0,260816,matched,MATCHED_RicianLOS,Proposed_CA_CNN_RNND,5261,0.27272361889481544,0.23405418917536736,0.03866942704189569,
0,260816,matched,MATCHED_RicianLOS,Proposed_CA_CNN_RNND,5262,0.25049198791384697,0.22379469126462936,0.0266972987446934,
0,260816,matched,MATCHED_RicianLOS,Proposed_CA_CNN_RNND,5263,0.23040414787828922,0.20706277526915073,0.023341374238952994,
0,260816,matched,MATCHED_RicianLOS,Proposed_CA_CNN_RNND,5264,0.27298397198319435,0.23431313037872314,0.03867084835655987,
0,260816,matched,MATCHED_RicianLOS,Proposed_CA_CNN_RNND,5265,0.29650381579995155,0.25480490550398827,0.04169891122728586,
0,260816,matched,MATCHED_RicianLOS,Proposed_CA_CNN_RNND,5266,0.27277366630733013,0.2387634664773941,0.03401019633747637,
0,260816,matched,MATCHED_RicianLOS,Proposed_CA_CNN_RNND,5267,0.37088658288121223,0.31385232508182526,0.057034264318645,
0,260816,matched,MATCHED_RicianLOS,Proposed_CA_CNN_RNND,5268,0.33029768988490105,0.288786917924881,0.04151077033020556,
0,260816,matched,MATCHED_RicianLOS,Proposed_CA_CNN_RNND,5269,0.3604659214615822,0.3050957955420017,0.05537012522108853,
0,260816,matched,MATCHED_RicianLOS,Proposed_CA_CNN_RNND,5270,0.3482735753059387,0.2988843768835068,0.04938919795677066,
0,260816,matched,MATCHED_RicianLOS,Proposed_CA_CNN_RNND,5271,0.3566100113093853,0.2956140600144863,0.06099594756960869,
0,260816,matched,MATCHED_RicianLOS,Proposed_CA_CNN_RNND,5272,0.22647909075021744,0.20127255842089653,0.025206529768183827,
0,260816,matched,MATCHED_RicianLOS,Proposed_CA_CNN_RNND,5273,0.32887936756014824,0.2813977673649788,0.04748160392045975,
0,260816,matched,MATCHED_RicianLOS,Proposed_CA_CNN_RNND,5274,0.3186728395521641,0.2703325189650059,0.048340321984142065,
0,260816,matched,MATCHED_RicianLOS,Proposed_CA_CNN_RNND,5275,0.4826488271355629,0.3865005858242512,0.09614824247546494,
0,260816,matched,MATCHED_RicianLOS,Proposed_CA_CNN_RNND,5276,0.3096906468272209,0.27151547744870186,0.038175168447196484,
0,260816,matched,MATCHED_RicianLOS,Proposed_CA_CNN_RNND,5277,0.3176070377230644,0.26784298196434975,0.04976406414061785,
0,260816,matched,MATCHED_RicianLOS,Proposed_CA_CNN_RNND,5278,0.5005616098642349,0.4089835360646248,0.09157807286828756,
0,260816,matched,MATCHED_RicianLOS,Proposed_CA_CNN_RNND,5279,0.24633599445223808,0.21479248628020287,0.03154350409749895,
0,260816,matched,MATCHED_RicianLOS,Proposed_CA_CNN_RNND,5280,0.21339938417077065,0.19593345001339912,0.01746593602001667,
0,260816,matched,MATCHED_RicianLOS,Proposed_CA_CNN_RNND,5281,0.29484163597226143,0.25811369717121124,0.036727938102558255,
0,260816,matched,MATCHED_RicianLOS,Proposed_CA_CNN_RNND,5282,0.3233131021261215,0.2811478190124035,0.042165284510701895,
0,260816,matched,MATCHED_RicianLOS,Proposed_CA_CNN_RNND,5283,0.3440946750342846,0.29703689366579056,0.04705778323113918,
0,260816,matched,MATCHED_RicianLOS,Proposed_CA_CNN_RNND,5284,0.226399227976799,0.20062629133462906,0.025772935478016734,
0,260816,matched,MATCHED_RicianLOS,Proposed_CA_CNN_RNND,5285,0.41244618594646454,0.340547613799572,0.07189856376498938,
0,260816,matched,MATCHED_RicianLOS,Proposed_CA_CNN_RNND,5286,0.24538620561361313,0.21880987659096718,0.026576328091323376,
0,260816,matched,MATCHED_RicianLOS,Proposed_CA_CNN_RNND,5287,0.4884527176618576,0.40424349904060364,0.08420921862125397,
0,260816,matched,MATCHED_RicianLOS,Proposed_CA_CNN_RNND,5288,0.28404073044657707,0.25184934958815575,0.03219138318672776,
0,260816,matched,MATCHED_RicianLOS,Proposed_CA_CNN_RNND,5289,0.32631343603134155,0.27710868418216705,0.04920474253594875,
0,260816,matched,MATCHED_RicianLOS,Proposed_CA_CNN_RNND,5290,0.46923043206334114,0.3810274600982666,0.08820298034697771,
0,260816,matched,MATCHED_RicianLOS,Proposed_CA_CNN_RNND,5291,0.35378260910511017,0.29450071789324284,0.05928188480902463,
0,260816,matched,MATCHED_RicianLOS,Proposed_CA_CNN_RNND,5292,0.24125047400593758,0.21775810047984123,0.023492370266467333,
0,260816,matched,MATCHED_RicianLOS,Proposed_CA_CNN_RNND,5293,0.37324757128953934,0.308272548019886,0.06497503165155649,
0,260816,matched,MATCHED_RicianLOS,Proposed_CA_CNN_RNND,5294,0.23978929594159126,0.21540605276823044,0.0243832403793931,
0,260816,matched,MATCHED_RicianLOS,Proposed_CA_CNN_RNND,5295,0.18259141966700554,0.16858413815498352,0.014007281512022018,
0,260816,matched,MATCHED_RicianLOS,Proposed_CA_CNN_RNND,5296,0.314652718603611,0.26766349747776985,0.046989218797534704,
0,260816,matched,MATCHED_RicianLOS,Proposed_CA_CNN_RNND,5297,0.3520532585680485,0.2936000358313322,0.05845322762615979,
0,260816,matched,MATCHED_RicianLOS,Proposed_CA_CNN_RNND,5298,0.36644917726516724,0.31588370352983475,0.0505654844455421,
0,260816,matched,MATCHED_RicianLOS,Proposed_CA_CNN_RNND,5299,0.3142089396715164,0.27068015933036804,0.04352877079509199,
0,260816,matched,MATCHED_RicianLOS,Proposed_CA_CNN_RNND,5300,0.38115934655070305,0.3222689777612686,0.05889037251472473,
0,260816,matched,MATCHED_RicianLOS,Proposed_CA_CNN_RNND,5301,0.31071608886122704,0.2734071798622608,0.037308907834813,
0,260816,matched,MATCHED_RicianLOS,Proposed_CA_CNN_RNND,5302,0.3384009711444378,0.2905876748263836,0.047813303652219474,
0,260816,matched,MATCHED_RicianLOS,Proposed_CA_CNN_RNND,5303,0.35341574251651764,0.2964862361550331,0.056929501704871655,
0,260816,matched,MATCHED_RicianLOS,Proposed_CA_CNN_RNND,5304,0.2987471669912338,0.261326115578413,0.037421051412820816,
0,260816,matched,MATCHED_RicianLOS,Proposed_CA_CNN_RNND,5305,0.35400368832051754,0.2992288637906313,0.054774821386672556,
0,260816,matched,MATCHED_RicianLOS,Proposed_CA_CNN_RNND,5306,0.412978146225214,0.3427962325513363,0.07018191972747445,
0,260816,matched,MATCHED_RicianLOS,Proposed_CA_CNN_RNND,5307,0.49807560443878174,0.412912018597126,0.08516358025372028,
0,260816,matched,MATCHED_RicianLOS,Proposed_CA_CNN_RNND,5308,0.3443770669400692,0.29624180495738983,0.04813527385704219,
0,260816,matched,MATCHED_RicianLOS,Proposed_CA_CNN_RNND,5309,0.354257944971323,0.3046128861606121,0.049645062419585884,
0,260816,matched,MATCHED_RicianLOS,Proposed_CA_CNN_RNND,5310,0.2807968147099018,0.24073125422000885,0.04006555816158652,
0,260816,matched,MATCHED_RicianLOS,Proposed_CA_CNN_RNND,5311,0.3375605531036854,0.2814500220119953,0.0561105408705771,
0,260816,matched,MATCHED_RicianLOS,Proposed_CA_CNN_RNND,5312,0.34884538501501083,0.29656996205449104,0.05227543134242296,
0,260816,matched,MATCHED_RicianLOS,Proposed_CA_CNN_RNND,5313,0.3114139512181282,0.26747462153434753,0.04393933434039354,
0,260816,matched,MATCHED_RicianLOS,Proposed_CA_CNN_RNND,5314,0.47588324546813965,0.38681114837527275,0.08907210640609264,
0,260816,matched,MATCHED_RicianLOS,Proposed_CA_CNN_RNND,5315,0.38314124569296837,0.31707317382097244,0.0660680781584233,
0,260816,matched,MATCHED_RicianLOS,Proposed_CA_CNN_RNND,5316,0.35711295902729034,0.301163449883461,0.055949509143829346,
0,260816,matched,MATCHED_RicianLOS,Proposed_CA_CNN_RNND,5317,0.35031329095363617,0.2901035360991955,0.06020975729916245,
0,260816,matched,MATCHED_RicianLOS,Proposed_CA_CNN_RNND,5318,0.30435867607593536,0.2662874087691307,0.03807126311585307,
0,260816,matched,MATCHED_RicianLOS,Proposed_CA_CNN_RNND,5319,0.29117340594530106,0.2563578262925148,0.034815579070709646,
0,260816,matched,MATCHED_RicianLOS,Proposed_CA_CNN_RNND,5320,0.2888760343194008,0.24947400018572807,0.03940203716047108,
0,260816,matched,MATCHED_RicianLOS,Proposed_CA_CNN_RNND,5321,0.40340471640229225,0.3384859934449196,0.06491872668266296,
0,260816,matched,MATCHED_RicianLOS,Proposed_CA_CNN_RNND,5322,0.42524750530719757,0.35454437136650085,0.07070312509313226,
0,260816,matched,MATCHED_RicianLOS,Proposed_CA_CNN_RNND,5323,0.3904767148196697,0.33198248594999313,0.058494232362136245,
0,260816,matched,MATCHED_RicianLOS,Proposed_CA_CNN_RNND,5324,0.32257142663002014,0.27788250893354416,0.044688926078379154,
0,260816,matched,MATCHED_RicianLOS,Proposed_CA_CNN_RNND,5325,0.24286170676350594,0.2107261512428522,0.03213555691763759,
0,260816,matched,MATCHED_RicianLOS,Proposed_CA_CNN_RNND,5326,0.29321708157658577,0.25296736508607864,0.04024971462786198,
0,260816,matched,MATCHED_RicianLOS,Proposed_CA_CNN_RNND,5327,0.31239285320043564,0.26871179044246674,0.043681067414581776,
0,260816,matched,MATCHED_RicianLOS,Proposed_CA_CNN_RNND,5328,0.3169817626476288,0.27087439224123955,0.04610736411996186,
0,260816,matched,MATCHED_RicianLOS,Proposed_CA_CNN_RNND,5329,0.3304792493581772,0.27818744257092476,0.052291800267994404,
0,260816,matched,MATCHED_RicianLOS,Proposed_CA_CNN_RNND,5330,0.3914607986807823,0.3267854228615761,0.06467537581920624,
0,260816,matched,MATCHED_RicianLOS,Proposed_CA_CNN_RNND,5331,0.40980544686317444,0.3333292305469513,0.07647620886564255,
0,260816,matched,MATCHED_RicianLOS,Proposed_CA_CNN_RNND,5332,0.3708793669939041,0.31723007559776306,0.05364928301423788,
0,260816,matched,MATCHED_RicianLOS,Proposed_CA_CNN_RNND,5333,0.1851329803466797,0.17121953517198563,0.01391344633884728,
0,260816,matched,MATCHED_RicianLOS,Proposed_CA_CNN_RNND,5334,0.3811967298388481,0.32457681745290756,0.056619911221787333,
0,260816,matched,MATCHED_RicianLOS,Proposed_CA_CNN_RNND,5335,0.21072233095765114,0.19012761116027832,0.020594724803231657,
0,260816,matched,MATCHED_RicianLOS,Proposed_CA_CNN_RNND,5336,0.3015076145529747,0.2652016021311283,0.03630601288750768,
0,260816,matched,MATCHED_RicianLOS,Proposed_CA_CNN_RNND,5337,0.4356475695967674,0.36233067512512207,0.07331689074635506,
0,260816,matched,MATCHED_RicianLOS,Proposed_CA_CNN_RNND,5338,0.2328512854874134,0.2064310535788536,0.026420231675729156,
0,260816,matched,MATCHED_RicianLOS,Proposed_CA_CNN_RNND,5339,0.3050316609442234,0.263156209141016,0.041875463764881715,
0,260816,matched,MATCHED_RicianLOS,Proposed_CA_CNN_RNND,5340,0.2790951393544674,0.23926850780844688,0.03982663340866566,
0,260816,matched,MATCHED_RicianLOS,Proposed_CA_CNN_RNND,5341,0.36778557300567627,0.31301862746477127,0.054766951128840446,
0,260816,matched,MATCHED_RicianLOS,Proposed_CA_CNN_RNND,5342,0.268464807420969,0.23737583309412003,0.031088972929865122,
0,260816,matched,MATCHED_RicianLOS,Proposed_CA_CNN_RNND,5343,0.2549706771969795,0.2218736931681633,0.033096985425800085,
0,260816,matched,MATCHED_RicianLOS,Proposed_CA_CNN_RNND,5344,0.5123480185866356,0.415034644305706,0.09731336869299412,
0,260816,matched,MATCHED_RicianLOS,Proposed_CA_CNN_RNND,5345,0.30637025460600853,0.26289205253124237,0.043478196021169424,
0,260816,matched,MATCHED_RicianLOS,Proposed_CA_CNN_RNND,5346,0.3680623956024647,0.3112894147634506,0.05677297990769148,
0,260816,matched,MATCHED_RicianLOS,Proposed_CA_CNN_RNND,5347,0.30434298142790794,0.2645532861351967,0.03978969738818705,
0,260816,matched,MATCHED_RicianLOS,Proposed_CA_CNN_RNND,5348,0.23333072289824486,0.20872319117188454,0.024607529398053885,
0,260816,matched,MATCHED_RicianLOS,Proposed_CA_CNN_RNND,5349,0.36982486769557,0.3093987852334976,0.060426071751862764,
0,260816,matched,MATCHED_RicianLOS,Proposed_CA_CNN_RNND,5350,0.3158359006047249,0.2666829153895378,0.04915298754349351,
0,260816,matched,MATCHED_RicianLOS,Proposed_CA_CNN_RNND,5351,0.22634239867329597,0.20294027775526047,0.02340211858972907,
0,260816,matched,MATCHED_RicianLOS,Proposed_CA_CNN_RNND,5352,0.23938925564289093,0.21679632738232613,0.02259292616508901,
0,260816,matched,MATCHED_RicianLOS,Proposed_CA_CNN_RNND,5353,0.3734390586614609,0.3097238801419735,0.06371516780927777,
0,260816,matched,MATCHED_RicianLOS,Proposed_CA_CNN_RNND,5354,0.19580289348959923,0.17423533275723457,0.02156755793839693,
0,260816,matched,MATCHED_RicianLOS,Proposed_CA_CNN_RNND,5355,0.26121804863214493,0.2255934700369835,0.035624586045742035,
0,260816,matched,MATCHED_RicianLOS,Proposed_CA_CNN_RNND,5356,0.32789817824959755,0.28419179469347,0.04370637773536146,
0,260816,matched,MATCHED_RicianLOS,Proposed_CA_CNN_RNND,5357,0.34558018296957016,0.2885233424603939,0.05705684702843428,
0,260816,matched,MATCHED_RicianLOS,Proposed_CA_CNN_RNND,5358,0.32674600183963776,0.28291765600442886,0.043828343506902456,
0,260816,matched,MATCHED_RicianLOS,Proposed_CA_CNN_RNND,5359,0.400211937725544,0.3379346430301666,0.06227729469537735,
0,260816,matched,MATCHED_RicianLOS,Proposed_CA_CNN_RNND,5360,0.2924001067876816,0.248841792345047,0.0435583118814975,
0,260816,matched,MATCHED_RicianLOS,Proposed_CA_CNN_RNND,5361,0.42088041454553604,0.3505977876484394,0.07028263155370951,
0,260816,matched,MATCHED_RicianLOS,Proposed_CA_CNN_RNND,5362,0.19076584093272686,0.17180946841835976,0.01895637158304453,
0,260816,matched,MATCHED_RicianLOS,Proposed_CA_CNN_RNND,5363,0.5002748519182205,0.4027445763349533,0.09753026720136404,
0,260816,matched,MATCHED_RicianLOS,Proposed_CA_CNN_RNND,5364,0.194064449518919,0.17491864785552025,0.019145801779814065,
0,260816,matched,MATCHED_RicianLOS,Proposed_CA_CNN_RNND,5365,0.32213205099105835,0.28096432238817215,0.041167729534208775,
0,260816,matched,MATCHED_RicianLOS,Proposed_CA_CNN_RNND,5366,0.5016805902123451,0.4053809344768524,0.09629964642226696,
0,260816,matched,MATCHED_RicianLOS,Proposed_CA_CNN_RNND,5367,0.3333962969481945,0.28931058943271637,0.044085708912461996,
0,260816,matched,MATCHED_RicianLOS,Proposed_CA_CNN_RNND,5368,0.30254109390079975,0.25549523532390594,0.04704586137086153,
0,260816,matched,MATCHED_RicianLOS,Proposed_CA_CNN_RNND,5369,0.5314201712608337,0.4397309049963951,0.09168926812708378,
0,260816,matched,MATCHED_RicianLOS,Proposed_CA_CNN_RNND,5370,0.23799441009759903,0.210592333227396,0.02740207884926349,
0,260816,matched,MATCHED_RicianLOS,Proposed_CA_CNN_RNND,5371,0.4108857437968254,0.34231480583548546,0.06857093423604965,
0,260816,matched,MATCHED_RicianLOS,Proposed_CA_CNN_RNND,5372,0.328052394092083,0.27424585074186325,0.053806541953235865,
0,260816,matched,MATCHED_RicianLOS,Proposed_CA_CNN_RNND,5373,0.43744107335805893,0.3648451156914234,0.07259596465155482,
0,260816,matched,MATCHED_RicianLOS,Proposed_CA_CNN_RNND,5374,0.38200051710009575,0.3196300268173218,0.06237048585899174,
0,260816,matched,MATCHED_RicianLOS,Proposed_CA_CNN_RNND,5375,0.3658783882856369,0.3097977712750435,0.0560806249268353,
0,260816,matched,MATCHED_RicianLOS,Proposed_CA_CNN_RNND,5376,0.44565900787711143,0.36905428394675255,0.07660472486168146,
0,260816,matched,MATCHED_RicianLOS,Proposed_CA_CNN_RNND,5377,0.21720293164253235,0.19780636578798294,0.019396565156057477,
0,260816,matched,MATCHED_RicianLOS,Proposed_CA_CNN_RNND,5378,0.505991742014885,0.4099121764302254,0.09607955906540155,
0,260816,matched,MATCHED_RicianLOS,Proposed_CA_CNN_RNND,5379,0.25179777294397354,0.22416048683226109,0.02763728564605117,
0,260816,matched,MATCHED_RicianLOS,Proposed_CA_CNN_RNND,5380,0.22176774218678474,0.19117243587970734,0.030595306772738695,
0,260816,matched,MATCHED_RicianLOS,Proposed_CA_CNN_RNND,5381,0.23812292888760567,0.21421389654278755,0.023909034789539874,
0,260816,matched,MATCHED_RicianLOS,Proposed_CA_CNN_RNND,5382,0.393960352987051,0.32468871027231216,0.06927163270302117,
0,260816,matched,MATCHED_RicianLOS,Proposed_CA_CNN_RNND,5383,0.28132306784391403,0.2506367675960064,0.030686299200169742,
0,260816,matched,MATCHED_RicianLOS,Proposed_CA_CNN_RNND,5384,0.46880092471838,0.388239823281765,0.08056108932942152,
0,260816,matched,MATCHED_RicianLOS,Proposed_CA_CNN_RNND,5385,0.3791426494717598,0.31400882452726364,0.06513383192941546,
0,260816,matched,MATCHED_RicianLOS,Proposed_CA_CNN_RNND,5386,0.3658725954592228,0.30085354298353195,0.06501904968172312,
0,260816,matched,MATCHED_RicianLOS,Proposed_CA_CNN_RNND,5387,0.4738171622157097,0.3908109590411186,0.08300619572401047,
0,260816,matched,MATCHED_RicianLOS,Proposed_CA_CNN_RNND,5388,0.2780424691736698,0.23984120786190033,0.03820126841310412,
0,260816,matched,MATCHED_RicianLOS,Proposed_CA_CNN_RNND,5389,0.24005672708153725,0.2152552343904972,0.024801492458209395,
0,260816,matched,MATCHED_RicianLOS,Proposed_CA_CNN_RNND,5390,0.31600501388311386,0.2670677714049816,0.0489372432930395,
0,260816,matched,MATCHED_RicianLOS,Proposed_CA_CNN_RNND,5391,0.30545896477997303,0.2557036839425564,0.04975527059286833,
0,260816,matched,MATCHED_RicianLOS,Proposed_CA_CNN_RNND,5392,0.38946695998311043,0.321436770260334,0.06803018599748611,
0,260816,matched,MATCHED_RicianLOS,Proposed_CA_CNN_RNND,5393,0.21563703939318657,0.19463876634836197,0.02099827164784074,
0,260816,matched,MATCHED_RicianLOS,Proposed_CA_CNN_RNND,5394,0.31912411749362946,0.27485208958387375,0.044272026512771845,
0,260816,matched,MATCHED_RicianLOS,Proposed_CA_CNN_RNND,5395,0.3576452899724245,0.29785366728901863,0.05979161767754704,
0,260816,matched,MATCHED_RicianLOS,Proposed_CA_CNN_RNND,5396,0.2671590745449066,0.23020374402403831,0.036955333314836025,
0,260816,matched,MATCHED_RicianLOS,Proposed_CA_CNN_RNND,5397,0.37900684028863907,0.3189527951180935,0.06005404610186815,
0,260816,matched,MATCHED_RicianLOS,Proposed_CA_CNN_RNND,5398,0.3764652609825134,0.313614584505558,0.06285066716372967,
0,260816,matched,MATCHED_RicianLOS,Proposed_CA_CNN_RNND,5399,0.28342750668525696,0.2465486228466034,0.036878888960927725,
0,260816,matched,MATCHED_RicianLOS,Proposed_CA_CNN_RNND,5400,0.21099410951137543,0.1879061758518219,0.023087930749170482,-1.2267943907070635
0,260816,matched,MATCHED_RicianLOS,Proposed_CA_CNN_RNND,5401,0.27909646928310394,0.2501257248222828,0.028970747953280807,
0,260816,matched,MATCHED_RicianLOS,Proposed_CA_CNN_RNND,5402,0.3539113625884056,0.3019091710448265,0.05200220178812742,
0,260816,matched,MATCHED_RicianLOS,Proposed_CA_CNN_RNND,5403,0.4014371559023857,0.34168753027915955,0.05974962376058102,
0,260816,matched,MATCHED_RicianLOS,Proposed_CA_CNN_RNND,5404,0.42955097556114197,0.3502679094672203,0.07928305864334106,
0,260816,matched,MATCHED_RicianLOS,Proposed_CA_CNN_RNND,5405,0.3855375926941633,0.3159596249461174,0.0695779665838927,
0,260816,matched,MATCHED_RicianLOS,Proposed_CA_CNN_RNND,5406,0.2896702364087105,0.24967482686042786,0.03999540815129876,
0,260816,matched,MATCHED_RicianLOS,Proposed_CA_CNN_RNND,5407,0.24397126212716103,0.22285804152488708,0.021113225957378745,
0,260816,matched,MATCHED_RicianLOS,Proposed_CA_CNN_RNND,5408,0.27136410027742386,0.2380984015762806,0.03326570731587708,
0,260816,matched,MATCHED_RicianLOS,Proposed_CA_CNN_RNND,5409,0.3294685333967209,0.288769468665123,0.04069907101802528,
0,260816,matched,MATCHED_RicianLOS,Proposed_CA_CNN_RNND,5410,0.42422813177108765,0.35015831887722015,0.07406980730593204,
0,260816,matched,MATCHED_RicianLOS,Proposed_CA_CNN_RNND,5411,0.45874347910284996,0.3708605095744133,0.08788297092542052,
0,260816,matched,MATCHED_RicianLOS,Proposed_CA_CNN_RNND,5412,0.3395525999367237,0.29006485641002655,0.0494877421297133,
0,260816,matched,MATCHED_RicianLOS,Proposed_CA_CNN_RNND,5413,0.2929654195904732,0.2593778483569622,0.03358757449313998,
0,260816,matched,MATCHED_RicianLOS,Proposed_CA_CNN_RNND,5414,0.4197046235203743,0.35147862136363983,0.06822600122541189,
0,260816,matched,MATCHED_RicianLOS,Proposed_CA_CNN_RNND,5415,0.2684754356741905,0.2372182160615921,0.031257216818630695,
0,260816,matched,MATCHED_RicianLOS,Proposed_CA_CNN_RNND,5416,0.38816655799746513,0.3196645826101303,0.06850197887979448,
0,260816,matched,MATCHED_RicianLOS,Proposed_CA_CNN_RNND,5417,0.27853357046842575,0.24100613221526146,0.037527430802583694,
0,260816,matched,MATCHED_RicianLOS,Proposed_CA_CNN_RNND,5418,0.43208375573158264,0.3597591370344162,0.07232461404055357,
0,260816,matched,MATCHED_RicianLOS,Proposed_CA_CNN_RNND,5419,0.43427492678165436,0.36094682663679123,0.07332810200750828,
0,260816,matched,MATCHED_RicianLOS,Proposed_CA_CNN_RNND,5420,0.4503968805074692,0.3772929012775421,0.07310397457331419,
0,260816,matched,MATCHED_RicianLOS,Proposed_CA_CNN_RNND,5421,0.3526764251291752,0.2994269132614136,0.053249519085511565,
0,260816,matched,MATCHED_RicianLOS,Proposed_CA_CNN_RNND,5422,0.34895153529942036,0.2946080341935158,0.0543435038998723,
0,260816,matched,MATCHED_RicianLOS,Proposed_CA_CNN_RNND,5423,0.2924704998731613,0.2567293681204319,0.035741130355745554,
0,260816,matched,MATCHED_RicianLOS,Proposed_CA_CNN_RNND,5424,0.41420670971274376,0.35239270329475403,0.06181400141213089,
0,260816,matched,MATCHED_RicianLOS,Proposed_CA_CNN_RNND,5425,0.18436057306826115,0.17221391573548317,0.012146662338636816,
0,260816,matched,MATCHED_RicianLOS,Proposed_CA_CNN_RNND,5426,0.35744623839855194,0.3103179410099983,0.04712830623611808,
0,260816,matched,MATCHED_RicianLOS,Proposed_CA_CNN_RNND,5427,0.2230701558291912,0.19533097743988037,0.027739173965528607,
0,260816,matched,MATCHED_RicianLOS,Proposed_CA_CNN_RNND,5428,0.31222017854452133,0.2715206481516361,0.040699542325455695,
0,260816,matched,MATCHED_RicianLOS,Proposed_CA_CNN_RNND,5429,0.25604571774601936,0.2257634960114956,0.030282221268862486,
0,260816,matched,MATCHED_RicianLOS,Proposed_CA_CNN_RNND,5430,0.406253594905138,0.3390394523739815,0.06721415161155164,
0,260816,matched,MATCHED_RicianLOS,Proposed_CA_CNN_RNND,5431,0.375492125749588,0.3149609602987766,0.06053117080591619,
0,260816,matched,MATCHED_RicianLOS,Proposed_CA_CNN_RNND,5432,0.22843147441744804,0.20487252436578274,0.023558953835163265,
0,260816,matched,MATCHED_RicianLOS,Proposed_CA_CNN_RNND,5433,0.4176361784338951,0.34996893256902695,0.06766724493354559,
0,260816,matched,MATCHED_RicianLOS,Proposed_CA_CNN_RNND,5434,0.38829559832811356,0.3288350999355316,0.05946049652993679,
0,260816,matched,MATCHED_RicianLOS,Proposed_CA_CNN_RNND,5435,0.3835720904171467,0.3198684621602297,0.06370362330926582,
0,260816,matched,MATCHED_RicianLOS,Proposed_CA_CNN_RNND,5436,0.3713526427745819,0.30499178916215897,0.06636086199432611,
0,260816,matched,MATCHED_RicianLOS,Proposed_CA_CNN_RNND,5437,0.3343064896762371,0.28543081879615784,0.04887566273100674,
0,260816,matched,MATCHED_RicianLOS,Proposed_CA_CNN_RNND,5438,0.3286462128162384,0.2784964367747307,0.05014978745020926,
0,260816,matched,MATCHED_RicianLOS,Proposed_CA_CNN_RNND,5439,0.36409543454647064,0.31037938594818115,0.053716054651886225,
0,260816,matched,MATCHED_RicianLOS,Proposed_CA_CNN_RNND,5440,0.49356768280267715,0.4030792564153671,0.09048841241747141,
0,260816,matched,MATCHED_RicianLOS,Proposed_CA_CNN_RNND,5441,0.43915995955467224,0.37081218510866165,0.06834777537733316,
0,260816,matched,MATCHED_RicianLOS,Proposed_CA_CNN_RNND,5442,0.31347426772117615,0.2743450328707695,0.03912923811003566,
0,260816,matched,MATCHED_RicianLOS,Proposed_CA_CNN_RNND,5443,0.32546430826187134,0.2831326946616173,0.04233161453157663,
0,260816,matched,MATCHED_RicianLOS,Proposed_CA_CNN_RNND,5444,0.4042157232761383,0.3388492912054062,0.06536643952131271,
0,260816,matched,MATCHED_RicianLOS,Proposed_CA_CNN_RNND,5445,0.38879790157079697,0.31109633296728134,0.07770156860351562,
0,260816,matched,MATCHED_RicianLOS,Proposed_CA_CNN_RNND,5446,0.3178497403860092,0.27806971594691277,0.039780030492693186,
0,260816,matched,MATCHED_RicianLOS,Proposed_CA_CNN_RNND,5447,0.2658659517765045,0.23132041096687317,0.03454554290510714,
0,260816,matched,MATCHED_RicianLOS,Proposed_CA_CNN_RNND,5448,0.40755927190184593,0.33558744192123413,0.07197184348478913,
0,260816,matched,MATCHED_RicianLOS,Proposed_CA_CNN_RNND,5449,0.40329672396183014,0.3405802771449089,0.06271643843501806,
0,260816,matched,MATCHED_RicianLOS,Proposed_CA_CNN_RNND,5450,0.2974352352321148,0.25543007627129555,0.04200516105629504,
0,260816,matched,MATCHED_RicianLOS,Proposed_CA_CNN_RNND,5451,0.4609181880950928,0.38727017492055893,0.07364801876246929,
0,260816,matched,MATCHED_RicianLOS,Proposed_CA_CNN_RNND,5452,0.3166527524590492,0.26691174507141113,0.04974101250991225,
0,260816,matched,MATCHED_RicianLOS,Proposed_CA_CNN_RNND,5453,0.5294997096061707,0.43544070422649384,0.09405899606645107,
0,260816,matched,MATCHED_RicianLOS,Proposed_CA_CNN_RNND,5454,0.21630466356873512,0.19412736222147942,0.022177307051606476,
0,260816,matched,MATCHED_RicianLOS,Proposed_CA_CNN_RNND,5455,0.3478816784918308,0.29635344445705414,0.05152823682874441,
0,260816,matched,MATCHED_RicianLOS,Proposed_CA_CNN_RNND,5456,0.46271900087594986,0.3831794559955597,0.07953955139964819,
0,260816,matched,MATCHED_RicianLOS,Proposed_CA_CNN_RNND,5457,0.24823668412864208,0.21857148222625256,0.02966520027257502,
0,260816,matched,MATCHED_RicianLOS,Proposed_CA_CNN_RNND,5458,0.3768973611295223,0.31904254853725433,0.05785480444319546,
0,260816,matched,MATCHED_RicianLOS,Proposed_CA_CNN_RNND,5459,0.3039088733494282,0.25956160202622414,0.044347263872623444,
0,260816,matched,MATCHED_RicianLOS,Proposed_CA_CNN_RNND,5460,0.27784210443496704,0.24450824409723282,0.033333864994347095,
0,260816,matched,MATCHED_RicianLOS,Proposed_CA_CNN_RNND,5461,0.2975839152932167,0.2540297582745552,0.043554157949984074,
0,260816,matched,MATCHED_RicianLOS,Proposed_CA_CNN_RNND,5462,0.4279978312551975,0.34296903014183044,0.08502880251035094,
0,260816,matched,MATCHED_RicianLOS,Proposed_CA_CNN_RNND,5463,0.46823758631944656,0.3812539428472519,0.08698365092277527,
0,260816,matched,MATCHED_RicianLOS,Proposed_CA_CNN_RNND,5464,0.40295298397541046,0.3337276056408882,0.06922537297941744,
0,260816,matched,MATCHED_RicianLOS,Proposed_CA_CNN_RNND,5465,0.42470549046993256,0.3579069674015045,0.06679852679371834,
0,260816,matched,MATCHED_RicianLOS,Proposed_CA_CNN_RNND,5466,0.32544760406017303,0.28223127126693726,0.04321632441133261,
0,260816,matched,MATCHED_RicianLOS,Proposed_CA_CNN_RNND,5467,0.3256312347948551,0.2840355411171913,0.0415956920478493,
0,260816,matched,MATCHED_RicianLOS,Proposed_CA_CNN_RNND,5468,0.25396592542529106,0.23077186569571495,0.0231940692756325,
0,260816,matched,MATCHED_RicianLOS,Proposed_CA_CNN_RNND,5469,0.3950922042131424,0.3239254802465439,0.0711667372379452,
0,260816,matched,MATCHED_RicianLOS,Proposed_CA_CNN_RNND,5470,0.17842911556363106,0.16541964933276176,0.013009465183131397,
0,260816,matched,MATCHED_RicianLOS,Proposed_CA_CNN_RNND,5471,0.28747177869081497,0.2481406219303608,0.03933115676045418,
0,260816,matched,MATCHED_RicianLOS,Proposed_CA_CNN_RNND,5472,0.2501458413898945,0.22029032558202744,0.0298555139452219,
0,260816,matched,MATCHED_RicianLOS,Proposed_CA_CNN_RNND,5473,0.35737910866737366,0.3050607293844223,0.052318382542580366,
0,260816,matched,MATCHED_RicianLOS,Proposed_CA_CNN_RNND,5474,0.32504114508628845,0.27245735190808773,0.05258380016312003,
0,260816,matched,MATCHED_RicianLOS,Proposed_CA_CNN_RNND,5475,0.4588864967226982,0.3759773075580597,0.08290919801220298,
0,260816,matched,MATCHED_RicianLOS,Proposed_CA_CNN_RNND,5476,0.4434288740158081,0.3696255013346672,0.07380336988717318,
0,260816,matched,MATCHED_RicianLOS,Proposed_CA_CNN_RNND,5477,0.4973001256585121,0.405976265668869,0.0913238525390625,
0,260816,matched,MATCHED_RicianLOS,Proposed_CA_CNN_RNND,5478,0.22624216228723526,0.19882912561297417,0.027413035044446588,
0,260816,matched,MATCHED_RicianLOS,Proposed_CA_CNN_RNND,5479,0.271397240459919,0.23571817204356194,0.03567906888201833,
0,260816,matched,MATCHED_RicianLOS,Proposed_CA_CNN_RNND,5480,0.2280467003583908,0.20316224545240402,0.024884449550881982,
0,260816,matched,MATCHED_RicianLOS,Proposed_CA_CNN_RNND,5481,0.3694363832473755,0.3062698505818844,0.06316652800887823,
0,260816,matched,MATCHED_RicianLOS,Proposed_CA_CNN_RNND,5482,0.33366505429148674,0.2866782732307911,0.04698678385466337,
0,260816,matched,MATCHED_RicianLOS,Proposed_CA_CNN_RNND,5483,0.5116227716207504,0.4165662154555321,0.0950565580278635,
0,260816,matched,MATCHED_RicianLOS,Proposed_CA_CNN_RNND,5484,0.39828742295503616,0.33085793256759644,0.06742948479950428,
0,260816,matched,MATCHED_RicianLOS,Proposed_CA_CNN_RNND,5485,0.18924852833151817,0.16919388808310032,0.02005464641842991,
0,260816,matched,MATCHED_RicianLOS,Proposed_CA_CNN_RNND,5486,0.2424655556678772,0.21620267815887928,0.026262878673151135,
0,260816,matched,MATCHED_RicianLOS,Proposed_CA_CNN_RNND,5487,0.35762326046824455,0.3042321726679802,0.05339109804481268,
0,260816,matched,MATCHED_RicianLOS,Proposed_CA_CNN_RNND,5488,0.3232317268848419,0.27809759229421616,0.045134132727980614,
0,260816,matched,MATCHED_RicianLOS,Proposed_CA_CNN_RNND,5489,0.2655176632106304,0.23490452021360397,0.030613142997026443,
0,260816,matched,MATCHED_RicianLOS,Proposed_CA_CNN_RNND,5490,0.34428997337818146,0.288445133715868,0.05584483954589814,
0,260816,matched,MATCHED_RicianLOS,Proposed_CA_CNN_RNND,5491,0.4389427900314331,0.36529942601919174,0.07364336121827364,
0,260816,matched,MATCHED_RicianLOS,Proposed_CA_CNN_RNND,5492,0.372354157269001,0.31001562252640724,0.06233852298464626,
0,260816,matched,MATCHED_RicianLOS,Proposed_CA_CNN_RNND,5493,0.4222669005393982,0.35093974508345127,0.07132716104388237,
0,260816,matched,MATCHED_RicianLOS,Proposed_CA_CNN_RNND,5494,0.39248039200901985,0.32885371148586273,0.06362667726352811,
0,260816,matched,MATCHED_RicianLOS,Proposed_CA_CNN_RNND,5495,0.19857247918844223,0.1801900565624237,0.018382420646958053,
0,260816,matched,MATCHED_RicianLOS,Proposed_CA_CNN_RNND,5496,0.24174785800278187,0.2081562653183937,0.0335915899486281,
0,260816,matched,MATCHED_RicianLOS,Proposed_CA_CNN_RNND,5497,0.37160566076636314,0.31091056391596794,0.06069509405642748,
0,260816,matched,MATCHED_RicianLOS,Proposed_CA_CNN_RNND,5498,0.26821381598711014,0.23398423194885254,0.03422958869487047,
0,260816,matched,MATCHED_RicianLOS,Proposed_CA_CNN_RNND,5499,0.37165405973792076,0.3147963285446167,0.05685772094875574,
0,260816,matched,MATCHED_RicianLOS,Proposed_CA_CNN_RNND,5500,0.2010812647640705,0.18262522481381893,0.018456037156283855,
0,260816,matched,MATCHED_RicianLOS,Proposed_CA_CNN_RNND,5501,0.3203340321779251,0.2779810093343258,0.04235302470624447,
0,260816,matched,MATCHED_RicianLOS,Proposed_CA_CNN_RNND,5502,0.2702675871551037,0.23121927306056023,0.03904830745887011,
0,260816,matched,MATCHED_RicianLOS,Proposed_CA_CNN_RNND,5503,0.37362269684672356,0.3192238472402096,0.05439885309897363,
0,260816,matched,MATCHED_RicianLOS,Proposed_CA_CNN_RNND,5504,0.38536244817078114,0.31868081353604794,0.06668163801077753,
0,260816,matched,MATCHED_RicianLOS,Proposed_CA_CNN_RNND,5505,0.3297935649752617,0.28345005214214325,0.04634352074936032,
0,260816,matched,MATCHED_RicianLOS,Proposed_CA_CNN_RNND,5506,0.2607656419277191,0.2351459078490734,0.025619730120524764,
0,260816,matched,MATCHED_RicianLOS,Proposed_CA_CNN_RNND,5507,0.4199872240424156,0.354414701461792,0.0655725160613656,
0,260816,matched,MATCHED_RicianLOS,Proposed_CA_CNN_RNND,5508,0.3160781264305115,0.2738911658525467,0.042186960112303495,
0,260816,matched,MATCHED_RicianLOS,Proposed_CA_CNN_RNND,5509,0.3082844354212284,0.2727988585829735,0.03548557194881141,
0,260816,matched,MATCHED_RicianLOS,Proposed_CA_CNN_RNND,5510,0.25879425182938576,0.22806699573993683,0.030727265402674675,
0,260816,matched,MATCHED_RicianLOS,Proposed_CA_CNN_RNND,5511,0.3116055615246296,0.2665295749902725,0.045075994450598955,
0,260816,matched,MATCHED_RicianLOS,Proposed_CA_CNN_RNND,5512,0.24245690181851387,0.2117791548371315,0.030677747388835996,
0,260816,matched,MATCHED_RicianLOS,Proposed_CA_CNN_RNND,5513,0.27556364610791206,0.2379782684147358,0.03758537070825696,
0,260816,matched,MATCHED_RicianLOS,Proposed_CA_CNN_RNND,5514,0.1649380847811699,0.15023066848516464,0.01470741257071495,
0,260816,matched,MATCHED_RicianLOS,Proposed_CA_CNN_RNND,5515,0.43150127679109573,0.35518085956573486,0.07632041815668344,
0,260816,matched,MATCHED_RicianLOS,Proposed_CA_CNN_RNND,5516,0.3821727819740772,0.31499628350138664,0.06717650545760989,
0,260816,matched,MATCHED_RicianLOS,Proposed_CA_CNN_RNND,5517,0.43000292032957077,0.3582598380744457,0.07174309529364109,
0,260816,matched,MATCHED_RicianLOS,Proposed_CA_CNN_RNND,5518,0.28341254964470863,0.24658457189798355,0.03682798135560006,
0,260816,matched,MATCHED_RicianLOS,Proposed_CA_CNN_RNND,5519,0.21148105710744858,0.18742620944976807,0.024054845329374075,
0,260816,matched,MATCHED_RicianLOS,Proposed_CA_CNN_RNND,5520,0.3007841669023037,0.2627704441547394,0.038013726472854614,
0,260816,matched,MATCHED_RicianLOS,Proposed_CA_CNN_RNND,5521,0.21053404733538628,0.1915795225650072,0.018954528961330652,
0,260816,matched,MATCHED_RicianLOS,Proposed_CA_CNN_RNND,5522,0.3739493750035763,0.3205992914736271,0.053350070491433144,
0,260816,matched,MATCHED_RicianLOS,Proposed_CA_CNN_RNND,5523,0.15872781723737717,0.14814538694918156,0.010582428600173444,
0,260816,matched,MATCHED_RicianLOS,Proposed_CA_CNN_RNND,5524,0.4619741141796112,0.3888589218258858,0.07311519235372543,
0,260816,matched,MATCHED_RicianLOS,Proposed_CA_CNN_RNND,5525,0.2251269705593586,0.19879208877682686,0.026334884576499462,
0,260816,matched,MATCHED_RicianLOS,Proposed_CA_CNN_RNND,5526,0.2509171608835459,0.22004133462905884,0.030875827535055578,
0,260816,matched,MATCHED_RicianLOS,Proposed_CA_CNN_RNND,5527,0.23406654968857765,0.20374804362654686,0.03031850722618401,
0,260816,matched,MATCHED_RicianLOS,Proposed_CA_CNN_RNND,5528,0.24258920922875404,0.21555537730455399,0.02703383145853877,
0,260816,matched,MATCHED_RicianLOS,Proposed_CA_CNN_RNND,5529,0.559410035610199,0.45507922023534775,0.10433082096278667,
0,260816,matched,MATCHED_RicianLOS,Proposed_CA_CNN_RNND,5530,0.393322991207242,0.3274111971259117,0.06591178791131824,
0,260816,matched,MATCHED_RicianLOS,Proposed_CA_CNN_RNND,5531,0.4993024915456772,0.4070989228785038,0.09220356307923794,
0,260816,matched,MATCHED_RicianLOS,Proposed_CA_CNN_RNND,5532,0.3302990160882473,0.2873110845685005,0.0429879326839,
0,260816,matched,MATCHED_RicianLOS,Proposed_CA_CNN_RNND,5533,0.2808019742369652,0.24098466336727142,0.039817312732338905,
0,260816,matched,MATCHED_RicianLOS,Proposed_CA_CNN_RNND,5534,0.3009786047041416,0.26276322081685066,0.03821538295596838,
0,260816,matched,MATCHED_RicianLOS,Proposed_CA_CNN_RNND,5535,0.21531038917601109,0.1912259217351675,0.024084472563117743,
0,260816,matched,MATCHED_RicianLOS,Proposed_CA_CNN_RNND,5536,0.345964428037405,0.29284364357590675,0.05312077980488539,
0,260816,matched,MATCHED_RicianLOS,Proposed_CA_CNN_RNND,5537,0.24703984335064888,0.2182571068406105,0.028782737674191594,
0,260816,matched,MATCHED_RicianLOS,Proposed_CA_CNN_RNND,5538,0.426822979003191,0.344572177156806,0.08225080510601401,
0,260816,matched,MATCHED_RicianLOS,Proposed_CA_CNN_RNND,5539,0.3471200428903103,0.2960554212331772,0.05106461909599602,
0,260816,matched,MATCHED_RicianLOS,Proposed_CA_CNN_RNND,5540,0.35330329462885857,0.29703678004443645,0.056266505911480635,
0,260816,matched,MATCHED_RicianLOS,Proposed_CA_CNN_RNND,5541,0.2859186679124832,0.24732179008424282,0.03859687130898237,
0,260816,matched,MATCHED_RicianLOS,Proposed_CA_CNN_RNND,5542,0.2826434150338173,0.2466508038341999,0.03599260887131095,
0,260816,matched,MATCHED_RicianLOS,Proposed_CA_CNN_RNND,5543,0.21298735588788986,0.19577957317233086,0.017207787139341235,
0,260816,matched,MATCHED_RicianLOS,Proposed_CA_CNN_RNND,5544,0.1848992481827736,0.17167291790246964,0.013226330978795886,
0,260816,matched,MATCHED_RicianLOS,Proposed_CA_CNN_RNND,5545,0.3247552141547203,0.2844556123018265,0.04029960185289383,
0,260816,matched,MATCHED_RicianLOS,Proposed_CA_CNN_RNND,5546,0.3259298764169216,0.28263378888368607,0.04329608229454607,
0,260816,matched,MATCHED_RicianLOS,Proposed_CA_CNN_RNND,5547,0.500044971704483,0.4086134657263756,0.091431500390172,
0,260816,matched,MATCHED_RicianLOS,Proposed_CA_CNN_RNND,5548,0.3458855636417866,0.2937827967107296,0.052102766931056976,
0,260816,matched,MATCHED_RicianLOS,Proposed_CA_CNN_RNND,5549,0.404892023652792,0.3426612764596939,0.062230746261775494,
0,260816,matched,MATCHED_RicianLOS,Proposed_CA_CNN_RNND,5550,0.4323972575366497,0.35904744267463684,0.07334982231259346,
0,260816,matched,MATCHED_RicianLOS,Proposed_CA_CNN_RNND,5551,0.28379821218550205,0.24474338814616203,0.039054831489920616,
0,260816,matched,MATCHED_RicianLOS,Proposed_CA_CNN_RNND,5552,0.3531081900000572,0.29642554372549057,0.056682645343244076,
0,260816,matched,MATCHED_RicianLOS,Proposed_CA_CNN_RNND,5553,0.3766005001962185,0.319580078125,0.05702041927725077,
0,260816,matched,MATCHED_RicianLOS,Proposed_CA_CNN_RNND,5554,0.5020759776234627,0.4111650511622429,0.09091092459857464,
0,260816,matched,MATCHED_RicianLOS,Proposed_CA_CNN_RNND,5555,0.4717373847961426,0.3859614357352257,0.08577595744282007,
0,260816,matched,MATCHED_RicianLOS,Proposed_CA_CNN_RNND,5556,0.3555029109120369,0.30063048005104065,0.05487244063988328,
0,260816,matched,MATCHED_RicianLOS,Proposed_CA_CNN_RNND,5557,0.38120461627840996,0.317955881357193,0.06324873492121696,
0,260816,matched,MATCHED_RicianLOS,Proposed_CA_CNN_RNND,5558,0.3814619295299053,0.3166099451482296,0.06485198135487735,
0,260816,matched,MATCHED_RicianLOS,Proposed_CA_CNN_RNND,5559,0.4716528132557869,0.38940369337797165,0.08224912360310555,
0,260816,matched,MATCHED_RicianLOS,Proposed_CA_CNN_RNND,5560,0.309207197278738,0.26848601922392845,0.040721180848777294,
0,260816,matched,MATCHED_RicianLOS,Proposed_CA_CNN_RNND,5561,0.37098394706845284,0.31299247220158577,0.057991474866867065,
0,260816,matched,MATCHED_RicianLOS,Proposed_CA_CNN_RNND,5562,0.20077596604824066,0.18080374598503113,0.01997222099453211,
0,260816,matched,MATCHED_RicianLOS,Proposed_CA_CNN_RNND,5563,0.36610234901309013,0.31061525270342827,0.05548709211871028,
0,260816,matched,MATCHED_RicianLOS,Proposed_CA_CNN_RNND,5564,0.21013694070279598,0.19152550399303436,0.01861143682617694,
0,260816,matched,MATCHED_RicianLOS,Proposed_CA_CNN_RNND,5565,0.2733088620007038,0.23684855177998543,0.03646030859090388,
0,260816,matched,MATCHED_RicianLOS,Proposed_CA_CNN_RNND,5566,0.24019303172826767,0.21581289544701576,0.02438014163635671,
0,260816,matched,MATCHED_RicianLOS,Proposed_CA_CNN_RNND,5567,0.3758920170366764,0.3213660195469856,0.05452599283307791,
0,260816,matched,MATCHED_RicianLOS,Proposed_CA_CNN_RNND,5568,0.3101080283522606,0.27484237775206566,0.03526564734056592,
0,260816,matched,MATCHED_RicianLOS,Proposed_CA_CNN_RNND,5569,0.27539443224668503,0.2433682531118393,0.03202617261558771,
0,260816,matched,MATCHED_RicianLOS,Proposed_CA_CNN_RNND,5570,0.28399865329265594,0.24936893954873085,0.03462971607223153,
0,260816,matched,MATCHED_RicianLOS,Proposed_CA_CNN_RNND,5571,0.29198332875967026,0.25764474645256996,0.034338584169745445,
0,260816,matched,MATCHED_RicianLOS,Proposed_CA_CNN_RNND,5572,0.2908689081668854,0.2523871101438999,0.0384817982558161,
0,260816,matched,MATCHED_RicianLOS,Proposed_CA_CNN_RNND,5573,0.41245101392269135,0.33855922520160675,0.07389177661389112,
0,260816,matched,MATCHED_RicianLOS,Proposed_CA_CNN_RNND,5574,0.3290243074297905,0.2866475582122803,0.04237674851901829,
0,260816,matched,MATCHED_RicianLOS,Proposed_CA_CNN_RNND,5575,0.36066389828920364,0.29690227657556534,0.06376162637025118,
0,260816,matched,MATCHED_RicianLOS,Proposed_CA_CNN_RNND,5576,0.3848494216799736,0.32405711710453033,0.06079229339957237,
0,260816,matched,MATCHED_RicianLOS,Proposed_CA_CNN_RNND,5577,0.5100661627948284,0.4073727875947952,0.10269335610792041,
0,260816,matched,MATCHED_RicianLOS,Proposed_CA_CNN_RNND,5578,0.3222610242664814,0.27453387528657913,0.04772715410217643,
0,260816,matched,MATCHED_RicianLOS,Proposed_CA_CNN_RNND,5579,0.32127120718359947,0.2781907096505165,0.043080490082502365,
0,260816,matched,MATCHED_RicianLOS,Proposed_CA_CNN_RNND,5580,0.30641379579901695,0.26301121339201927,0.04340257542207837,
0,260816,matched,MATCHED_RicianLOS,Proposed_CA_CNN_RNND,5581,0.35961808264255524,0.30530938133597374,0.054308706894516945,
0,260816,matched,MATCHED_RicianLOS,Proposed_CA_CNN_RNND,5582,0.31287979520857334,0.26742930710315704,0.045450487989000976,
0,260816,matched,MATCHED_RicianLOS,Proposed_CA_CNN_RNND,5583,0.2814558893442154,0.24927091598510742,0.03218497056514025,
0,260816,matched,MATCHED_RicianLOS,Proposed_CA_CNN_RNND,5584,0.47752874344587326,0.3933853879570961,0.08414334617555141,
0,260816,matched,MATCHED_RicianLOS,Proposed_CA_CNN_RNND,5585,0.25397153571248055,0.21881607547402382,0.03515546512790024,
0,260816,matched,MATCHED_RicianLOS,Proposed_CA_CNN_RNND,5586,0.351433128118515,0.29383134469389915,0.057601786218583584,
0,260816,matched,MATCHED_RicianLOS,Proposed_CA_CNN_RNND,5587,0.48446381092071533,0.38802333176136017,0.09644046984612942,
0,260816,matched,MATCHED_RicianLOS,Proposed_CA_CNN_RNND,5588,0.41334769129753113,0.3487263657152653,0.06462133070454001,
0,260816,matched,MATCHED_RicianLOS,Proposed_CA_CNN_RNND,5589,0.3291487507522106,0.28591056913137436,0.0432381893042475,
0,260816,matched,MATCHED_RicianLOS,Proposed_CA_CNN_RNND,5590,0.3232591785490513,0.2715458758175373,0.05171329155564308,
0,260816,matched,MATCHED_RicianLOS,Proposed_CA_CNN_RNND,5591,0.3773202709853649,0.31537722423672676,0.061943046282976866,
0,260816,matched,MATCHED_RicianLOS,Proposed_CA_CNN_RNND,5592,0.2418932318687439,0.2137063443660736,0.02818688959814608,
0,260816,matched,MATCHED_RicianLOS,Proposed_CA_CNN_RNND,5593,0.5069095119833946,0.4118545800447464,0.09505493938922882,
0,260816,matched,MATCHED_RicianLOS,Proposed_CA_CNN_RNND,5594,0.3336658477783203,0.28951461240649223,0.04415124095976353,
0,260816,matched,MATCHED_RicianLOS,Proposed_CA_CNN_RNND,5595,0.2763500455766916,0.2408833522349596,0.03546669241040945,
0,260816,matched,MATCHED_RicianLOS,Proposed_CA_CNN_RNND,5596,0.3457743301987648,0.2953862026333809,0.05038812197744846,
0,260816,matched,MATCHED_RicianLOS,Proposed_CA_CNN_RNND,5597,0.2522149458527565,0.2152449283748865,0.03697001258842647,
0,260816,matched,MATCHED_RicianLOS,Proposed_CA_CNN_RNND,5598,0.3531872406601906,0.29540520161390305,0.05778203904628754,
0,260816,matched,MATCHED_RicianLOS,Proposed_CA_CNN_RNND,5599,0.4198530837893486,0.3490418791770935,0.07081120647490025,
0,260816,matched,MATCHED_RicianLOS,Proposed_CA_CNN_RNND,5600,0.3866483308374882,0.3188508674502373,0.0677974559366703,-1.2325040408492844
0,260816,matched,MATCHED_RicianLOS,Proposed_CA_CNN_RNND,5601,0.2792227864265442,0.23779834434390068,0.041424445109441876,
0,260816,matched,MATCHED_RicianLOS,Proposed_CA_CNN_RNND,5602,0.42515555769205093,0.3496989607810974,0.07545660063624382,
0,260816,matched,MATCHED_RicianLOS,Proposed_CA_CNN_RNND,5603,0.39063240587711334,0.3297416679561138,0.0608907388523221,
0,260816,matched,MATCHED_RicianLOS,Proposed_CA_CNN_RNND,5604,0.2788175977766514,0.24394624680280685,0.03487134492024779,
0,260816,matched,MATCHED_RicianLOS,Proposed_CA_CNN_RNND,5605,0.3294222727417946,0.2827994152903557,0.04662285419180989,
0,260816,matched,MATCHED_RicianLOS,Proposed_CA_CNN_RNND,5606,0.3733084499835968,0.3066777139902115,0.06663073506206274,
0,260816,matched,MATCHED_RicianLOS,Proposed_CA_CNN_RNND,5607,0.3558836355805397,0.30549898743629456,0.050384640926495194,
0,260816,matched,MATCHED_RicianLOS,Proposed_CA_CNN_RNND,5608,0.5054488778114319,0.41319698840379715,0.09225188568234444,
0,260816,matched,MATCHED_RicianLOS,Proposed_CA_CNN_RNND,5609,0.19988452270627022,0.18292593583464622,0.01695858989842236,
0,260816,matched,MATCHED_RicianLOS,Proposed_CA_CNN_RNND,5610,0.2785304933786392,0.24339739605784416,0.03513309359550476,
0,260816,matched,MATCHED_RicianLOS,Proposed_CA_CNN_RNND,5611,0.2672398202121258,0.2346109077334404,0.03262891760095954,
0,260816,matched,MATCHED_RicianLOS,Proposed_CA_CNN_RNND,5612,0.4357156977057457,0.35758961737155914,0.0781260896474123,
0,260816,matched,MATCHED_RicianLOS,Proposed_CA_CNN_RNND,5613,0.38793981820344925,0.33392050862312317,0.05401930399239063,
0,260816,matched,MATCHED_RicianLOS,Proposed_CA_CNN_RNND,5614,0.2801680229604244,0.23782183229923248,0.04234619811177254,
0,260816,matched,MATCHED_RicianLOS,Proposed_CA_CNN_RNND,5615,0.29880622774362564,0.2594519257545471,0.03935430385172367,
0,260816,matched,MATCHED_RicianLOS,Proposed_CA_CNN_RNND,5616,0.3435250110924244,0.2963487096130848,0.0471763078821823,
0,260816,matched,MATCHED_RicianLOS,Proposed_CA_CNN_RNND,5617,0.29213739186525345,0.25215964391827583,0.03997774387244135,
0,260816,matched,MATCHED_RicianLOS,Proposed_CA_CNN_RNND,5618,0.31272978335618973,0.27035367488861084,0.0423761117272079,
0,260816,matched,MATCHED_RicianLOS,Proposed_CA_CNN_RNND,5619,0.5452897027134895,0.43686286360025406,0.10842683911323547,
0,260816,matched,MATCHED_RicianLOS,Proposed_CA_CNN_RNND,5620,0.40077729150652885,0.33086637407541275,0.06991092162206769,
0,260816,matched,MATCHED_RicianLOS,Proposed_CA_CNN_RNND,5621,0.2312707118690014,0.20754866302013397,0.023722048266790807,
0,260816,matched,MATCHED_RicianLOS,Proposed_CA_CNN_RNND,5622,0.3368969038128853,0.2903100773692131,0.04658682504668832,
0,260816,matched,MATCHED_RicianLOS,Proposed_CA_CNN_RNND,5623,0.3729991242289543,0.31438298895955086,0.05861613433808088,
0,260816,matched,MATCHED_RicianLOS,Proposed_CA_CNN_RNND,5624,0.48690102994441986,0.39551014453172684,0.09139089938253164,
0,260816,matched,MATCHED_RicianLOS,Proposed_CA_CNN_RNND,5625,0.46982231736183167,0.3865507021546364,0.08327161520719528,
0,260816,matched,MATCHED_RicianLOS,Proposed_CA_CNN_RNND,5626,0.36823488771915436,0.3086118008941412,0.05962308432208374,
0,260816,matched,MATCHED_RicianLOS,Proposed_CA_CNN_RNND,5627,0.42710984125733376,0.3539624698460102,0.07314736908301711,
0,260816,matched,MATCHED_RicianLOS,Proposed_CA_CNN_RNND,5628,0.43104299157857895,0.35840021073818207,0.0726427766494453,
0,260816,matched,MATCHED_RicianLOS,Proposed_CA_CNN_RNND,5629,0.4583476781845093,0.3847440406680107,0.07360363518819213,
0,260816,matched,MATCHED_RicianLOS,Proposed_CA_CNN_RNND,5630,0.391937218606472,0.3304062858223915,0.06153093371540308,
0,260816,matched,MATCHED_RicianLOS,Proposed_CA_CNN_RNND,5631,0.22081155329942703,0.20187315344810486,0.018938403110951185,
0,260816,matched,MATCHED_RicianLOS,Proposed_CA_CNN_RNND,5632,0.40471135824918747,0.33806535229086876,0.06664601108059287,
0,260816,matched,MATCHED_RicianLOS,Proposed_CA_CNN_RNND,5633,0.35512196086347103,0.3007577992975712,0.05436415830627084,
0,260816,matched,MATCHED_RicianLOS,Proposed_CA_CNN_RNND,5634,0.39269091933965683,0.3264940679073334,0.06619684118777514,
0,260816,matched,MATCHED_RicianLOS,Proposed_CA_CNN_RNND,5635,0.24491362273693085,0.2218450866639614,0.0230685374699533,
0,260816,matched,MATCHED_RicianLOS,Proposed_CA_CNN_RNND,5636,0.2128223292529583,0.18897058442234993,0.023851741454564035,
0,260816,matched,MATCHED_RicianLOS,Proposed_CA_CNN_RNND,5637,0.3243805542588234,0.2796248756349087,0.044755676528438926,
0,260816,matched,MATCHED_RicianLOS,Proposed_CA_CNN_RNND,5638,0.43959441035985947,0.36130041629076004,0.0782940061762929,
0,260816,matched,MATCHED_RicianLOS,Proposed_CA_CNN_RNND,5639,0.46320483088493347,0.3868715465068817,0.07633328158408403,
0,260816,matched,MATCHED_RicianLOS,Proposed_CA_CNN_RNND,5640,0.38691146671772003,0.32515010610222816,0.06176135689020157,
0,260816,matched,MATCHED_RicianLOS,Proposed_CA_CNN_RNND,5641,0.5864548683166504,0.46199508011341095,0.12445977330207825,
0,260816,matched,MATCHED_RicianLOS,Proposed_CA_CNN_RNND,5642,0.19410118460655212,0.18077897652983665,0.013322210172191262,
0,260816,matched,MATCHED_RicianLOS,Proposed_CA_CNN_RNND,5643,0.28596918657422066,0.2493436112999916,0.036625573644414544,
0,260816,matched,MATCHED_RicianLOS,Proposed_CA_CNN_RNND,5644,0.5059064775705338,0.4080946557223797,0.09781182836741209,
0,260816,matched,MATCHED_RicianLOS,Proposed_CA_CNN_RNND,5645,0.2785780169069767,0.2376546859741211,0.04092333419248462,
0,260816,matched,MATCHED_RicianLOS,Proposed_CA_CNN_RNND,5646,0.36561060696840286,0.30240392312407494,0.06320667394902557,
0,260816,matched,MATCHED_RicianLOS,Proposed_CA_CNN_RNND,5647,0.28231964260339737,0.24761750549077988,0.03470213571563363,
0,260816,matched,MATCHED_RicianLOS,Proposed_CA_CNN_RNND,5648,0.37169308960437775,0.30862778052687645,0.0630653144326061,
0,260816,matched,MATCHED_RicianLOS,Proposed_CA_CNN_RNND,5649,0.3672141209244728,0.31346723064780235,0.05374689074233174,
0,260816,matched,MATCHED_RicianLOS,Proposed_CA_CNN_RNND,5650,0.24838517606258392,0.22759602963924408,0.02078914549201727,
0,260816,matched,MATCHED_RicianLOS,Proposed_CA_CNN_RNND,5651,0.3269072435796261,0.2796081490814686,0.0472990944981575,
0,260816,matched,MATCHED_RicianLOS,Proposed_CA_CNN_RNND,5652,0.26030728965997696,0.22772152721881866,0.0325857613934204,
0,260816,matched,MATCHED_RicianLOS,Proposed_CA_CNN_RNND,5653,0.3043770268559456,0.26550792157649994,0.03886911238078028,
0,260816,matched,MATCHED_RicianLOS,Proposed_CA_CNN_RNND,5654,0.2609388120472431,0.23018664866685867,0.03075215988792479,
0,260816,matched,MATCHED_RicianLOS,Proposed_CA_CNN_RNND,5655,0.2380310222506523,0.211503766477108,0.026527258101850748,
0,260816,matched,MATCHED_RicianLOS,Proposed_CA_CNN_RNND,5656,0.44371185451745987,0.3737635388970375,0.06994832027703524,
0,260816,matched,MATCHED_RicianLOS,Proposed_CA_CNN_RNND,5657,0.3491003066301346,0.2954228147864342,0.05367749312426895,
0,260816,matched,MATCHED_RicianLOS,Proposed_CA_CNN_RNND,5658,0.4131566509604454,0.341442309319973,0.07171433768235147,
0,260816,matched,MATCHED_RicianLOS,Proposed_CA_CNN_RNND,5659,0.2019695397466421,0.18495039455592632,0.01701914391014725,
0,260816,matched,MATCHED_RicianLOS,Proposed_CA_CNN_RNND,5660,0.34368250519037247,0.2884737588465214,0.05520874913781881,
0,260816,matched,MATCHED_RicianLOS,Proposed_CA_CNN_RNND,5661,0.46529900282621384,0.38647789508104324,0.07882111612707376,
0,260816,matched,MATCHED_RicianLOS,Proposed_CA_CNN_RNND,5662,0.26349734887480736,0.22544614970684052,0.038051196839660406,
0,260816,matched,MATCHED_RicianLOS,Proposed_CA_CNN_RNND,5663,0.23937931284308434,0.20778369158506393,0.03159562509972602,
0,260816,matched,MATCHED_RicianLOS,Proposed_CA_CNN_RNND,5664,0.3663908578455448,0.31191399320960045,0.05447687301784754,
0,260816,matched,MATCHED_RicianLOS,Proposed_CA_CNN_RNND,5665,0.3321170210838318,0.29515575617551804,0.0369612630456686,
0,260816,matched,MATCHED_RicianLOS,Proposed_CA_CNN_RNND,5666,0.36901460960507393,0.31685732305049896,0.0521572835277766,
0,260816,matched,MATCHED_RicianLOS,Proposed_CA_CNN_RNND,5667,0.3388484865427017,0.2896261066198349,0.049222380854189396,
0,260816,matched,MATCHED_RicianLOS,Proposed_CA_CNN_RNND,5668,0.2930218819528818,0.25482186302542686,0.03820001916028559,
0,260816,matched,MATCHED_RicianLOS,Proposed_CA_CNN_RNND,5669,0.2970191091299057,0.2528020143508911,0.04421709640882909,
0,260816,matched,MATCHED_RicianLOS,Proposed_CA_CNN_RNND,5670,0.2693543955683708,0.23035430908203125,0.03900008136406541,
0,260816,matched,MATCHED_RicianLOS,Proposed_CA_CNN_RNND,5671,0.3692173808813095,0.31134146824479103,0.0578759228810668,
0,260816,matched,MATCHED_RicianLOS,Proposed_CA_CNN_RNND,5672,0.3520318455994129,0.2905288003385067,0.06150304537732154,
0,260816,matched,MATCHED_RicianLOS,Proposed_CA_CNN_RNND,5673,0.30423444136977196,0.257674690335989,0.046559757785871625,
0,260816,matched,MATCHED_RicianLOS,Proposed_CA_CNN_RNND,5674,0.2458377704024315,0.222442839294672,0.023394936812110245,
0,260816,matched,MATCHED_RicianLOS,Proposed_CA_CNN_RNND,5675,0.1871219426393509,0.17431210726499557,0.012809830019250512,
0,260816,matched,MATCHED_RicianLOS,Proposed_CA_CNN_RNND,5676,0.40095295011997223,0.3325880281627178,0.06836492102593184,
0,260816,matched,MATCHED_RicianLOS,Proposed_CA_CNN_RNND,5677,0.305354792624712,0.26632703840732574,0.03902775840833783,
0,260816,matched,MATCHED_RicianLOS,Proposed_CA_CNN_RNND,5678,0.5079104080796242,0.4186277315020561,0.0892826747149229,
0,260816,matched,MATCHED_RicianLOS,Proposed_CA_CNN_RNND,5679,0.4329746216535568,0.3554616253823042,0.07751298695802689,
0,260816,matched,MATCHED_RicianLOS,Proposed_CA_CNN_RNND,5680,0.27820934914052486,0.23709573596715927,0.041113613988272846,
0,260816,matched,MATCHED_RicianLOS,Proposed_CA_CNN_RNND,5681,0.2515371050685644,0.22384124621748924,0.02769586443901062,
0,260816,matched,MATCHED_RicianLOS,Proposed_CA_CNN_RNND,5682,0.40759827196598053,0.33578213304281235,0.0718161384575069,
0,260816,matched,MATCHED_RicianLOS,Proposed_CA_CNN_RNND,5683,0.3879542872309685,0.32712075114250183,0.06083353655412793,
0,260816,matched,MATCHED_RicianLOS,Proposed_CA_CNN_RNND,5684,0.303813099861145,0.26433591172099113,0.03947718511335552,
0,260816,matched,MATCHED_RicianLOS,Proposed_CA_CNN_RNND,5685,0.3165113292634487,0.27247293293476105,0.04403839306905866,
0,260816,matched,MATCHED_RicianLOS,Proposed_CA_CNN_RNND,5686,0.3424255810678005,0.2839178815484047,0.058507694164291024,
0,260816,matched,MATCHED_RicianLOS,Proposed_CA_CNN_RNND,5687,0.42063920199871063,0.3519260510802269,0.06871315836906433,
0,260816,matched,MATCHED_RicianLOS,Proposed_CA_CNN_RNND,5688,0.39747900515794754,0.33390628173947334,0.06357272621244192,
0,260816,matched,MATCHED_RicianLOS,Proposed_CA_CNN_RNND,5689,0.3187982104718685,0.2716556191444397,0.04714258760213852,
0,260816,matched,MATCHED_RicianLOS,Proposed_CA_CNN_RNND,5690,0.3587305024266243,0.3052399680018425,0.05349053395912051,
0,260816,matched,MATCHED_RicianLOS,Proposed_CA_CNN_RNND,5691,0.27481834217906,0.23462515324354172,0.04019319196231663,
0,260816,matched,MATCHED_RicianLOS,Proposed_CA_CNN_RNND,5692,0.326505109667778,0.2759413830935955,0.05056372284889221,
0,260816,matched,MATCHED_RicianLOS,Proposed_CA_CNN_RNND,5693,0.2949879430234432,0.2591496743261814,0.03583827242255211,
0,260816,matched,MATCHED_RicianLOS,Proposed_CA_CNN_RNND,5694,0.36820846796035767,0.30812081322073936,0.060087659396231174,
0,260816,matched,MATCHED_RicianLOS,Proposed_CA_CNN_RNND,5695,0.2897721342742443,0.2606310434639454,0.029141089180484414,
0,260816,matched,MATCHED_RicianLOS,Proposed_CA_CNN_RNND,5696,0.2899796813726425,0.2519190050661564,0.03806067700497806,
0,260816,matched,MATCHED_RicianLOS,Proposed_CA_CNN_RNND,5697,0.35098595917224884,0.303008284419775,0.047977679409086704,
0,260816,matched,MATCHED_RicianLOS,Proposed_CA_CNN_RNND,5698,0.2855566293001175,0.2483142502605915,0.03724237997084856,
0,260816,matched,MATCHED_RicianLOS,Proposed_CA_CNN_RNND,5699,0.3536197245121002,0.3031785413622856,0.05044117942452431,
0,260816,matched,MATCHED_RicianLOS,Proposed_CA_CNN_RNND,5700,0.3302886225283146,0.28216756880283356,0.04812105814926326,
0,260816,matched,MATCHED_RicianLOS,Proposed_CA_CNN_RNND,5701,0.4174278937280178,0.3457549437880516,0.07167294807732105,
0,260816,matched,MATCHED_RicianLOS,Proposed_CA_CNN_RNND,5702,0.42674269899725914,0.3500225245952606,0.0767201769631356,
0,260816,matched,MATCHED_RicianLOS,Proposed_CA_CNN_RNND,5703,0.2524789460003376,0.2267201766371727,0.02575877564959228,
0,260816,matched,MATCHED_RicianLOS,Proposed_CA_CNN_RNND,5704,0.3404426760971546,0.2933618128299713,0.04708086093887687,
0,260816,matched,MATCHED_RicianLOS,Proposed_CA_CNN_RNND,5705,0.4178161546587944,0.35262031853199005,0.06519583985209465,
0,260816,matched,MATCHED_RicianLOS,Proposed_CA_CNN_RNND,5706,0.355659794062376,0.29862238839268684,0.057037411257624626,
0,260816,matched,MATCHED_RicianLOS,Proposed_CA_CNN_RNND,5707,0.2814115919172764,0.24776769429445267,0.03364390111528337,
0,260816,matched,MATCHED_RicianLOS,Proposed_CA_CNN_RNND,5708,0.40330446511507034,0.33818671107292175,0.06511775311082602,
0,260816,matched,MATCHED_RicianLOS,Proposed_CA_CNN_RNND,5709,0.41441261768341064,0.34645388275384903,0.0679587391205132,
0,260816,matched,MATCHED_RicianLOS,Proposed_CA_CNN_RNND,5710,0.36385462805628777,0.30254464223980904,0.061309984186664224,
0,260816,matched,MATCHED_RicianLOS,Proposed_CA_CNN_RNND,5711,0.27405552566051483,0.23437096178531647,0.03968456236179918,
0,260816,matched,MATCHED_RicianLOS,Proposed_CA_CNN_RNND,5712,0.2684992775321007,0.23683932051062584,0.03165995352901518,
0,260816,matched,MATCHED_RicianLOS,Proposed_CA_CNN_RNND,5713,0.3496326692402363,0.29912547022104263,0.0505072008818388,
0,260816,matched,MATCHED_RicianLOS,Proposed_CA_CNN_RNND,5714,0.3348228223621845,0.28978147730231285,0.04504134564194828,
0,260816,matched,MATCHED_RicianLOS,Proposed_CA_CNN_RNND,5715,0.27208567783236504,0.23581782169640064,0.03626785892993212,
0,260816,matched,MATCHED_RicianLOS,Proposed_CA_CNN_RNND,5716,0.2891714535653591,0.2505331411957741,0.03863830678164959,
0,260816,matched,MATCHED_RicianLOS,Proposed_CA_CNN_RNND,5717,0.5488346666097641,0.45309141278266907,0.09574324637651443,
0,260816,matched,MATCHED_RicianLOS,Proposed_CA_CNN_RNND,5718,0.31139256805181503,0.2649911381304264,0.04640142945572734,
0,260816,matched,MATCHED_RicianLOS,Proposed_CA_CNN_RNND,5719,0.5319594293832779,0.4301534816622734,0.10180594585835934,
0,260816,matched,MATCHED_RicianLOS,Proposed_CA_CNN_RNND,5720,0.32137247174978256,0.27338482812047005,0.04798765236046165,
0,260816,matched,MATCHED_RicianLOS,Proposed_CA_CNN_RNND,5721,0.3245643675327301,0.2841564603149891,0.04040791071020067,
0,260816,matched,MATCHED_RicianLOS,Proposed_CA_CNN_RNND,5722,0.3379100412130356,0.28382065147161484,0.05408939253538847,
0,260816,matched,MATCHED_RicianLOS,Proposed_CA_CNN_RNND,5723,0.28726308792829514,0.2459067963063717,0.04135629488155246,
0,260816,matched,MATCHED_RicianLOS,Proposed_CA_CNN_RNND,5724,0.3527902401983738,0.302428912371397,0.05036132829263806,
0,260816,matched,MATCHED_RicianLOS,Proposed_CA_CNN_RNND,5725,0.24817256815731525,0.21247599832713604,0.035696572507731616,
0,260816,matched,MATCHED_RicianLOS,Proposed_CA_CNN_RNND,5726,0.288910448551178,0.25014128908514977,0.0387691599316895,
0,260816,matched,MATCHED_RicianLOS,Proposed_CA_CNN_RNND,5727,0.39410150796175003,0.319343201816082,0.07475831219926476,
0,260816,matched,MATCHED_RicianLOS,Proposed_CA_CNN_RNND,5728,0.3116491362452507,0.2701878044754267,0.04146132688038051,
0,260816,matched,MATCHED_RicianLOS,Proposed_CA_CNN_RNND,5729,0.3904981464147568,0.33419394865632057,0.056304195895791054,
0,260816,matched,MATCHED_RicianLOS,Proposed_CA_CNN_RNND,5730,0.23072495684027672,0.208575040102005,0.022149912547320127,
0,260816,matched,MATCHED_RicianLOS,Proposed_CA_CNN_RNND,5731,0.26234481297433376,0.23054316639900208,0.031801645061932504,
0,260816,matched,MATCHED_RicianLOS,Proposed_CA_CNN_RNND,5732,0.27193984389305115,0.23583320900797844,0.03610663581639528,
0,260816,matched,MATCHED_RicianLOS,Proposed_CA_CNN_RNND,5733,0.342073243111372,0.2901897169649601,0.05188352492405102,
0,260816,matched,MATCHED_RicianLOS,Proposed_CA_CNN_RNND,5734,0.408358633518219,0.34356680512428284,0.06479182746261358,
0,260816,matched,MATCHED_RicianLOS,Proposed_CA_CNN_RNND,5735,0.28737837448716164,0.2467932179570198,0.040585149778053164,
0,260816,matched,MATCHED_RicianLOS,Proposed_CA_CNN_RNND,5736,0.21971503645181656,0.19493751227855682,0.024777523707598448,
0,260816,matched,MATCHED_RicianLOS,Proposed_CA_CNN_RNND,5737,0.2647806219756603,0.23141636326909065,0.03336425172165036,
0,260816,matched,MATCHED_RicianLOS,Proposed_CA_CNN_RNND,5738,0.3317394480109215,0.2850658670067787,0.046673578675836325,
0,260816,matched,MATCHED_RicianLOS,Proposed_CA_CNN_RNND,5739,0.3060830235481262,0.27004262432456017,0.03604039316996932,
0,260816,matched,MATCHED_RicianLOS,Proposed_CA_CNN_RNND,5740,0.29214977845549583,0.25192807987332344,0.040221699862740934,
0,260816,matched,MATCHED_RicianLOS,Proposed_CA_CNN_RNND,5741,0.17708661034703255,0.16473204270005226,0.01235456601716578,
0,260816,matched,MATCHED_RicianLOS,Proposed_CA_CNN_RNND,5742,0.3421487845480442,0.2898203358054161,0.052328447345644236,
0,260816,matched,MATCHED_RicianLOS,Proposed_CA_CNN_RNND,5743,0.42730123549699783,0.3598315790295601,0.06746964948251843,
0,260816,matched,MATCHED_RicianLOS,Proposed_CA_CNN_RNND,5744,0.19743768870830536,0.17962661758065224,0.017811071127653122,
0,260816,matched,MATCHED_RicianLOS,Proposed_CA_CNN_RNND,5745,0.4192762076854706,0.35614506900310516,0.06313114752992988,
0,260816,matched,MATCHED_RicianLOS,Proposed_CA_CNN_RNND,5746,0.28038227930665016,0.24405479431152344,0.03632748732343316,
0,260816,matched,MATCHED_RicianLOS,Proposed_CA_CNN_RNND,5747,0.3177483528852463,0.27274907752871513,0.04499928024597466,
0,260816,matched,MATCHED_RicianLOS,Proposed_CA_CNN_RNND,5748,0.312218252569437,0.2668428532779217,0.04537539230659604,
0,260816,matched,MATCHED_RicianLOS,Proposed_CA_CNN_RNND,5749,0.2607181519269943,0.2308824546635151,0.02983569959178567,
0,260816,matched,MATCHED_RicianLOS,Proposed_CA_CNN_RNND,5750,0.34700751304626465,0.288071321323514,0.058936188695952296,
0,260816,matched,MATCHED_RicianLOS,Proposed_CA_CNN_RNND,5751,0.3315722681581974,0.28768759593367577,0.043884681741474196,
0,260816,matched,MATCHED_RicianLOS,Proposed_CA_CNN_RNND,5752,0.35967782512307167,0.3091331794857979,0.05054464936256409,
0,260816,matched,MATCHED_RicianLOS,Proposed_CA_CNN_RNND,5753,0.41926848515868187,0.3407853841781616,0.0784831028431654,
0,260816,matched,MATCHED_RicianLOS,Proposed_CA_CNN_RNND,5754,0.26493608579039574,0.23578446358442307,0.029151624534279108,
0,260816,matched,MATCHED_RicianLOS,Proposed_CA_CNN_RNND,5755,0.375039666891098,0.31760431826114655,0.05743534816429019,
0,260816,matched,MATCHED_RicianLOS,Proposed_CA_CNN_RNND,5756,0.4072273373603821,0.3450327217578888,0.06219460815191269,
0,260816,matched,MATCHED_RicianLOS,Proposed_CA_CNN_RNND,5757,0.144588191062212,0.1374647095799446,0.007123480783775449,
0,260816,matched,MATCHED_RicianLOS,Proposed_CA_CNN_RNND,5758,0.36645664647221565,0.30894211307168007,0.057514527812600136,
0,260816,matched,MATCHED_RicianLOS,Proposed_CA_CNN_RNND,5759,0.3154086247086525,0.2654465474188328,0.04996207752265036,
0,260816,matched,MATCHED_RicianLOS,Proposed_CA_CNN_RNND,5760,0.5450189486145973,0.4355534166097641,0.10946555249392986,
0,260816,matched,MATCHED_RicianLOS,Proposed_CA_CNN_RNND,5761,0.17566857859492302,0.15921042300760746,0.016458157682791352,
0,260816,matched,MATCHED_RicianLOS,Proposed_CA_CNN_RNND,5762,0.2998760901391506,0.25691221468150616,0.042963867308571935,
0,260816,matched,MATCHED_RicianLOS,Proposed_CA_CNN_RNND,5763,0.35576361045241356,0.2977907136082649,0.05797290173359215,
0,260816,matched,MATCHED_RicianLOS,Proposed_CA_CNN_RNND,5764,0.23815269768238068,0.214758712798357,0.023393988143652678,
0,260816,matched,MATCHED_RicianLOS,Proposed_CA_CNN_RNND,5765,0.3121008537709713,0.26754745095968246,0.04455339862033725,
0,260816,matched,MATCHED_RicianLOS,Proposed_CA_CNN_RNND,5766,0.3332873694598675,0.2832171767950058,0.05007019336335361,
0,260816,matched,MATCHED_RicianLOS,Proposed_CA_CNN_RNND,5767,0.30521150305867195,0.25945792719721794,0.04575357655994594,
0,260816,matched,MATCHED_RicianLOS,Proposed_CA_CNN_RNND,5768,0.30753790214657784,0.2688221801072359,0.03871571447234601,
0,260816,matched,MATCHED_RicianLOS,Proposed_CA_CNN_RNND,5769,0.33699120208621025,0.29268427193164825,0.04430692456662655,
0,260816,matched,MATCHED_RicianLOS,Proposed_CA_CNN_RNND,5770,0.3421076238155365,0.2957284227013588,0.04637919971719384,
0,260816,matched,MATCHED_RicianLOS,Proposed_CA_CNN_RNND,5771,0.415911041200161,0.34332336857914925,0.07258766191080213,
0,260816,matched,MATCHED_RicianLOS,Proposed_CA_CNN_RNND,5772,0.3545083627104759,0.3013194613158703,0.053188896854408085,
0,260816,matched,MATCHED_RicianLOS,Proposed_CA_CNN_RNND,5773,0.25942225381731987,0.2284129187464714,0.031009336235001683,
0,260816,matched,MATCHED_RicianLOS,Proposed_CA_CNN_RNND,5774,0.29270998388528824,0.2549099363386631,0.037800042890012264,
0,260816,matched,MATCHED_RicianLOS,Proposed_CA_CNN_RNND,5775,0.16549992933869362,0.1547943539917469,0.010705574008170515,
0,260816,matched,MATCHED_RicianLOS,Proposed_CA_CNN_RNND,5776,0.44481299072504044,0.37705422937870026,0.06775876507163048,
0,260816,matched,MATCHED_RicianLOS,Proposed_CA_CNN_RNND,5777,0.33467341400682926,0.28187353909015656,0.05279987334506586,
0,260816,matched,MATCHED_RicianLOS,Proposed_CA_CNN_RNND,5778,0.2664165124297142,0.23666902258992195,0.029747487045824528,
0,260816,matched,MATCHED_RicianLOS,Proposed_CA_CNN_RNND,5779,0.4584501162171364,0.37865646183490753,0.07979365019127727,
0,260816,matched,MATCHED_RicianLOS,Proposed_CA_CNN_RNND,5780,0.24891627952456474,0.21007243543863297,0.03884384362027049,
0,260816,matched,MATCHED_RicianLOS,Proposed_CA_CNN_RNND,5781,0.4151155427098274,0.3412402272224426,0.07387531036511064,
0,260816,matched,MATCHED_RicianLOS,Proposed_CA_CNN_RNND,5782,0.25138650834560394,0.21784859150648117,0.0335379121825099,
0,260816,matched,MATCHED_RicianLOS,Proposed_CA_CNN_RNND,5783,0.22234077379107475,0.19702260941267014,0.025318162865005434,
0,260816,matched,MATCHED_RicianLOS,Proposed_CA_CNN_RNND,5784,0.23194890096783638,0.20584741234779358,0.02610148466192186,
0,260816,matched,MATCHED_RicianLOS,Proposed_CA_CNN_RNND,5785,0.36300746351480484,0.3027465343475342,0.060260930098593235,
0,260816,matched,MATCHED_RicianLOS,Proposed_CA_CNN_RNND,5786,0.42721473425626755,0.3490040674805641,0.07821067015174776,
0,260816,matched,MATCHED_RicianLOS,Proposed_CA_CNN_RNND,5787,0.42562269419431686,0.34874431788921356,0.07687838096171618,
0,260816,matched,MATCHED_RicianLOS,Proposed_CA_CNN_RNND,5788,0.28684958815574646,0.2534382976591587,0.03341128397732973,
0,260816,matched,MATCHED_RicianLOS,Proposed_CA_CNN_RNND,5789,0.2647213377058506,0.23782925307750702,0.026892080437391996,
0,260816,matched,MATCHED_RicianLOS,Proposed_CA_CNN_RNND,5790,0.4725344330072403,0.3805418834090233,0.09199252864345908,
0,260816,matched,MATCHED_RicianLOS,Proposed_CA_CNN_RNND,5791,0.23964388482272625,0.21185154654085636,0.027792341716121882,
0,260816,matched,MATCHED_RicianLOS,Proposed_CA_CNN_RNND,5792,0.29948968067765236,0.26225731894373894,0.03723234951030463,
0,260816,matched,MATCHED_RicianLOS,Proposed_CA_CNN_RNND,5793,0.2874608226120472,0.2518346421420574,0.03562618000432849,
0,260816,matched,MATCHED_RicianLOS,Proposed_CA_CNN_RNND,5794,0.2726732864975929,0.24005454033613205,0.032618746161460876,
0,260816,matched,MATCHED_RicianLOS,Proposed_CA_CNN_RNND,5795,0.3067099656909704,0.2622667234390974,0.04444325214717537,
0,260816,matched,MATCHED_RicianLOS,Proposed_CA_CNN_RNND,5796,0.43276889994740486,0.3574737459421158,0.0752951567992568,
0,260816,matched,MATCHED_RicianLOS,Proposed_CA_CNN_RNND,5797,0.4488189071416855,0.3605336770415306,0.08828523475676775,
0,260816,matched,MATCHED_RicianLOS,Proposed_CA_CNN_RNND,5798,0.3797107823193073,0.31133559346199036,0.06837519048713148,
0,260816,matched,MATCHED_RicianLOS,Proposed_CA_CNN_RNND,5799,0.289804182946682,0.24756713211536407,0.042237046523950994,
0,260816,matched,MATCHED_RicianLOS,Proposed_CA_CNN_RNND,5800,0.5040299743413925,0.4080064222216606,0.09602353535592556,-1.22770630845694
0,260816,matched,MATCHED_RicianLOS,Proposed_CA_CNN_RNND,5801,0.3398537151515484,0.2969184145331383,0.04293530900031328,
0,260816,matched,MATCHED_RicianLOS,Proposed_CA_CNN_RNND,5802,0.49597829580307007,0.4062328338623047,0.08974546566605568,
0,260816,matched,MATCHED_RicianLOS,Proposed_CA_CNN_RNND,5803,0.2766560725867748,0.2408435083925724,0.0358125667553395,
0,260816,matched,MATCHED_RicianLOS,Proposed_CA_CNN_RNND,5804,0.18492015451192856,0.16778150014579296,0.017138654133304954,
0,260816,matched,MATCHED_RicianLOS,Proposed_CA_CNN_RNND,5805,0.24468410201370716,0.21578394249081612,0.02890016185119748,
0,260816,matched,MATCHED_RicianLOS,Proposed_CA_CNN_RNND,5806,0.35976991057395935,0.3081812188029289,0.051588692702353,
0,260816,matched,MATCHED_RicianLOS,Proposed_CA_CNN_RNND,5807,0.26195308938622475,0.22777113690972328,0.03418195270933211,
0,260816,matched,MATCHED_RicianLOS,Proposed_CA_CNN_RNND,5808,0.34596677497029305,0.2863081768155098,0.059658605605363846,
0,260816,matched,MATCHED_RicianLOS,Proposed_CA_CNN_RNND,5809,0.3617343008518219,0.30879924446344376,0.05293505499139428,
0,260816,matched,MATCHED_RicianLOS,Proposed_CA_CNN_RNND,5810,0.2798042967915535,0.24086544290184975,0.038938856101594865,
0,260816,matched,MATCHED_RicianLOS,Proposed_CA_CNN_RNND,5811,0.2947137728333473,0.25351155549287796,0.04120222246274352,
0,260816,matched,MATCHED_RicianLOS,Proposed_CA_CNN_RNND,5812,0.28759409487247467,0.24856340885162354,0.03903067932697013,
0,260816,matched,MATCHED_RicianLOS,Proposed_CA_CNN_RNND,5813,0.42607786878943443,0.3531874157488346,0.07289045536890626,
0,260816,matched,MATCHED_RicianLOS,Proposed_CA_CNN_RNND,5814,0.2318778596818447,0.208987258374691,0.022890593856573105,
0,260816,matched,MATCHED_RicianLOS,Proposed_CA_CNN_RNND,5815,0.286276388913393,0.24831754714250565,0.03795884386636317,
0,260816,matched,MATCHED_RicianLOS,Proposed_CA_CNN_RNND,5816,0.40620024502277374,0.3413873463869095,0.06481290236115456,
0,260816,matched,MATCHED_RicianLOS,Proposed_CA_CNN_RNND,5817,0.18713997304439545,0.16684881038963795,0.020291164400987327,
0,260816,matched,MATCHED_RicianLOS,Proposed_CA_CNN_RNND,5818,0.2449655421078205,0.2155199982225895,0.029445541236782447,
0,260816,matched,MATCHED_RicianLOS,Proposed_CA_CNN_RNND,5819,0.3572305701673031,0.3016393445432186,0.05559121910482645,
0,260816,matched,MATCHED_RicianLOS,Proposed_CA_CNN_RNND,5820,0.3446540907025337,0.3001403249800205,0.0445137582719326,
0,260816,matched,MATCHED_RicianLOS,Proposed_CA_CNN_RNND,5821,0.3805899992585182,0.323735274374485,0.0568547286093235,
0,260816,matched,MATCHED_RicianLOS,Proposed_CA_CNN_RNND,5822,0.3330811411142349,0.28335558623075485,0.049725551158189774,
0,260816,matched,MATCHED_RicianLOS,Proposed_CA_CNN_RNND,5823,0.2845485582947731,0.24685901403427124,0.037689547054469585,
0,260816,matched,MATCHED_RicianLOS,Proposed_CA_CNN_RNND,5824,0.288521621376276,0.24629950150847435,0.04222212499007583,
0,260816,matched,MATCHED_RicianLOS,Proposed_CA_CNN_RNND,5825,0.27411434054374695,0.23899200558662415,0.035122333210892975,
0,260816,matched,MATCHED_RicianLOS,Proposed_CA_CNN_RNND,5826,0.32996419817209244,0.2824982516467571,0.0474659469909966,
0,260816,matched,MATCHED_RicianLOS,Proposed_CA_CNN_RNND,5827,0.2934455908834934,0.25753290951251984,0.03591268556192517,
0,260816,matched,MATCHED_RicianLOS,Proposed_CA_CNN_RNND,5828,0.3183425962924957,0.27626119926571846,0.04208139609545469,
0,260816,matched,MATCHED_RicianLOS,Proposed_CA_CNN_RNND,5829,0.29696429148316383,0.25180819258093834,0.04515609983354807,
0,260816,matched,MATCHED_RicianLOS,Proposed_CA_CNN_RNND,5830,0.29355035722255707,0.25940583273768425,0.03414452960714698,
0,260816,matched,MATCHED_RicianLOS,Proposed_CA_CNN_RNND,5831,0.5158500298857689,0.4191407710313797,0.09670925419777632,
0,260816,matched,MATCHED_RicianLOS,Proposed_CA_CNN_RNND,5832,0.4512332044541836,0.3668815642595291,0.08435163600370288,
0,260816,matched,MATCHED_RicianLOS,Proposed_CA_CNN_RNND,5833,0.37450404837727547,0.3189113661646843,0.055592678021639585,
0,260816,matched,MATCHED_RicianLOS,Proposed_CA_CNN_RNND,5834,0.36920853704214096,0.31015346199274063,0.05905507877469063,
0,260816,matched,MATCHED_RicianLOS,Proposed_CA_CNN_RNND,5835,0.334307748824358,0.2816510833799839,0.05265665706247091,
0,260816,matched,MATCHED_RicianLOS,Proposed_CA_CNN_RNND,5836,0.42917557805776596,0.3533146381378174,0.07586094364523888,
0,260816,matched,MATCHED_RicianLOS,Proposed_CA_CNN_RNND,5837,0.4058472141623497,0.3423706293106079,0.0634765843860805,
0,260816,matched,MATCHED_RicianLOS,Proposed_CA_CNN_RNND,5838,0.43091118335723877,0.36039555072784424,0.0705156372860074,
0,260816,matched,MATCHED_RicianLOS,Proposed_CA_CNN_RNND,5839,0.3603277653455734,0.3056444376707077,0.054683322086930275,
0,260816,matched,MATCHED_RicianLOS,Proposed_CA_CNN_RNND,5840,0.28679852932691574,0.24714557453989983,0.03965295711532235,
0,260816,matched,MATCHED_RicianLOS,Proposed_CA_CNN_RNND,5841,0.3258615806698799,0.27629856392741203,0.04956301604397595,
0,260816,matched,MATCHED_RicianLOS,Proposed_CA_CNN_RNND,5842,0.2668151557445526,0.23998595029115677,0.026829203590750694,
0,260816,matched,MATCHED_RicianLOS,Proposed_CA_CNN_RNND,5843,0.3258517887443304,0.27025673910975456,0.0555950419511646,
0,260816,matched,MATCHED_RicianLOS,Proposed_CA_CNN_RNND,5844,0.4092988446354866,0.34739797562360764,0.06190087553113699,
0,260816,matched,MATCHED_RicianLOS,Proposed_CA_CNN_RNND,5845,0.4170629531145096,0.3536565750837326,0.06340637616813183,
0,260816,matched,MATCHED_RicianLOS,Proposed_CA_CNN_RNND,5846,0.318855382502079,0.2727533020079136,0.046102081425487995,
0,260816,matched,MATCHED_RicianLOS,Proposed_CA_CNN_RNND,5847,0.4349118247628212,0.36483410745859146,0.07007771171629429,
0,260816,matched,MATCHED_RicianLOS,Proposed_CA_CNN_RNND,5848,0.41930972039699554,0.33707060664892197,0.0822391277179122,
0,260816,matched,MATCHED_RicianLOS,Proposed_CA_CNN_RNND,5849,0.24280823022127151,0.21745699644088745,0.025351230520755053,
0,260816,matched,MATCHED_RicianLOS,Proposed_CA_CNN_RNND,5850,0.3382269814610481,0.28690818324685097,0.05131879588589072,
0,260816,matched,MATCHED_RicianLOS,Proposed_CA_CNN_RNND,5851,0.3295213542878628,0.28192539513111115,0.04759595775976777,
0,260816,matched,MATCHED_RicianLOS,Proposed_CA_CNN_RNND,5852,0.27726953849196434,0.2452579364180565,0.03201160207390785,
0,260816,matched,MATCHED_RicianLOS,Proposed_CA_CNN_RNND,5853,0.35106611996889114,0.2975466586649418,0.053519458742812276,
0,260816,matched,MATCHED_RicianLOS,Proposed_CA_CNN_RNND,5854,0.26810935139656067,0.23506569862365723,0.033043652307242155,
0,260816,matched,MATCHED_RicianLOS,Proposed_CA_CNN_RNND,5855,0.3760729283094406,0.31142619997262955,0.06464673113077879,
0,260816,matched,MATCHED_RicianLOS,Proposed_CA_CNN_RNND,5856,0.22283051535487175,0.19859885051846504,0.024231656978372484,
0,260816,matched,MATCHED_RicianLOS,Proposed_CA_CNN_RNND,5857,0.31707722321152687,0.2724037319421768,0.044673495925962925,
0,260816,matched,MATCHED_RicianLOS,Proposed_CA_CNN_RNND,5858,0.36710984259843826,0.31579817831516266,0.051311655435711145,
0,260816,matched,MATCHED_RicianLOS,Proposed_CA_CNN_RNND,5859,0.36352797597646713,0.3082796223461628,0.05524835828691721,
0,260816,matched,MATCHED_RicianLOS,Proposed_CA_CNN_RNND,5860,0.27031034231185913,0.242925725877285,0.02738461270928383,
0,260816,matched,MATCHED_RicianLOS,Proposed_CA_CNN_RNND,5861,0.2698572650551796,0.23355867341160774,0.03629859024658799,
0,260816,matched,MATCHED_RicianLOS,Proposed_CA_CNN_RNND,5862,0.4184846319258213,0.34545955434441566,0.07302508223801851,
0,260816,matched,MATCHED_RicianLOS,Proposed_CA_CNN_RNND,5863,0.39898478984832764,0.33355265110731125,0.06543213408440351,
0,260816,matched,MATCHED_RicianLOS,Proposed_CA_CNN_RNND,5864,0.2847110591828823,0.24995287135243416,0.034758186899125576,
0,260816,matched,MATCHED_RicianLOS,Proposed_CA_CNN_RNND,5865,0.4457569718360901,0.3730930909514427,0.07266388088464737,
0,260816,matched,MATCHED_RicianLOS,Proposed_CA_CNN_RNND,5866,0.19800233840942383,0.18144015222787857,0.01656218769494444,
0,260816,matched,MATCHED_RicianLOS,Proposed_CA_CNN_RNND,5867,0.33250895515084267,0.2835609018802643,0.048948053270578384,
0,260816,matched,MATCHED_RicianLOS,Proposed_CA_CNN_RNND,5868,0.2747110538184643,0.24195409566164017,0.03275696048513055,
0,260816,matched,MATCHED_RicianLOS,Proposed_CA_CNN_RNND,5869,0.2667285017669201,0.23551128059625626,0.031217228155583143,
0,260816,matched,MATCHED_RicianLOS,Proposed_CA_CNN_RNND,5870,0.22407006472349167,0.2053818367421627,0.018688224139623344,
0,260816,matched,MATCHED_RicianLOS,Proposed_CA_CNN_RNND,5871,0.293229628354311,0.256493017077446,0.036736620124429464,
0,260816,matched,MATCHED_RicianLOS,Proposed_CA_CNN_RNND,5872,0.28939026966691017,0.24752973392605782,0.041860534343868494,
0,260816,matched,MATCHED_RicianLOS,Proposed_CA_CNN_RNND,5873,0.3584960214793682,0.30118055641651154,0.0573154604062438,
0,260816,matched,MATCHED_RicianLOS,Proposed_CA_CNN_RNND,5874,0.3502439372241497,0.299234252423048,0.051009686663746834,
0,260816,matched,MATCHED_RicianLOS,Proposed_CA_CNN_RNND,5875,0.5814142376184464,0.4599776938557625,0.12143653258681297,
0,260816,matched,MATCHED_RicianLOS,Proposed_CA_CNN_RNND,5876,0.2768515907227993,0.24064957723021507,0.036202017683535814,
0,260816,matched,MATCHED_RicianLOS,Proposed_CA_CNN_RNND,5877,0.2510254383087158,0.2187331411987543,0.032292296178638935,
0,260816,matched,MATCHED_RicianLOS,Proposed_CA_CNN_RNND,5878,0.29380928352475166,0.2548862509429455,0.03892303128668573,
0,260816,matched,MATCHED_RicianLOS,Proposed_CA_CNN_RNND,5879,0.36200666427612305,0.3111345060169697,0.05087215919047594,
0,260816,matched,MATCHED_RicianLOS,Proposed_CA_CNN_RNND,5880,0.3471110761165619,0.2925627790391445,0.05454829055815935,
0,260816,matched,MATCHED_RicianLOS,Proposed_CA_CNN_RNND,5881,0.31341489776968956,0.27572521567344666,0.03768968675285578,
0,260816,matched,MATCHED_RicianLOS,Proposed_CA_CNN_RNND,5882,0.22760987281799316,0.20151374489068985,0.026096126646734774,
0,260816,matched,MATCHED_RicianLOS,Proposed_CA_CNN_RNND,5883,0.40652333945035934,0.336614903062582,0.06990843883249909,
0,260816,matched,MATCHED_RicianLOS,Proposed_CA_CNN_RNND,5884,0.28984154388308525,0.25638454034924507,0.033457002602517605,
0,260816,matched,MATCHED_RicianLOS,Proposed_CA_CNN_RNND,5885,0.40452972799539566,0.34032995253801346,0.06419978104531765,
0,260816,matched,MATCHED_RicianLOS,Proposed_CA_CNN_RNND,5886,0.3994353115558624,0.32575422525405884,0.07368109934031963,
0,260816,matched,MATCHED_RicianLOS,Proposed_CA_CNN_RNND,5887,0.2400200106203556,0.2099148891866207,0.030105122714303434,
0,260816,matched,MATCHED_RicianLOS,Proposed_CA_CNN_RNND,5888,0.41300109028816223,0.34267593920230865,0.07032516086474061,
0,260816,matched,MATCHED_RicianLOS,Proposed_CA_CNN_RNND,5889,0.367228876799345,0.30804742872714996,0.05918144900351763,
0,260816,matched,MATCHED_RicianLOS,Proposed_CA_CNN_RNND,5890,0.2886771447956562,0.24925983883440495,0.03941730223596096,
0,260816,matched,MATCHED_RicianLOS,Proposed_CA_CNN_RNND,5891,0.4252476468682289,0.3532538153231144,0.0719938293332234,
0,260816,matched,MATCHED_RicianLOS,Proposed_CA_CNN_RNND,5892,0.39402859285473824,0.3353165164589882,0.05871208477765322,
0,260816,matched,MATCHED_RicianLOS,Proposed_CA_CNN_RNND,5893,0.3814949430525303,0.31406285241246223,0.06743208831176162,
0,260816,matched,MATCHED_RicianLOS,Proposed_CA_CNN_RNND,5894,0.4248349294066429,0.35753823071718216,0.0672966898418963,
0,260816,matched,MATCHED_RicianLOS,Proposed_CA_CNN_RNND,5895,0.39399588480591774,0.3292142450809479,0.06478164670988917,
0,260816,matched,MATCHED_RicianLOS,Proposed_CA_CNN_RNND,5896,0.3628031052649021,0.30862241610884666,0.054180689388886094,
0,260816,matched,MATCHED_RicianLOS,Proposed_CA_CNN_RNND,5897,0.3361509293317795,0.2848242651671171,0.051326662534847856,
0,260816,matched,MATCHED_RicianLOS,Proposed_CA_CNN_RNND,5898,0.42869821935892105,0.3575437068939209,0.07115452317520976,
0,260816,matched,MATCHED_RicianLOS,Proposed_CA_CNN_RNND,5899,0.3493391089141369,0.2994530722498894,0.04988604527898133,
0,260816,matched,MATCHED_RicianLOS,Proposed_CA_CNN_RNND,5900,0.32915162667632103,0.27631543576717377,0.05283619579859078,
0,260816,matched,MATCHED_RicianLOS,Proposed_CA_CNN_RNND,5901,0.3215658701956272,0.2780154086649418,0.04355045733973384,
0,260816,matched,MATCHED_RicianLOS,Proposed_CA_CNN_RNND,5902,0.38600923866033554,0.327657014131546,0.05835222080349922,
0,260816,matched,MATCHED_RicianLOS,Proposed_CA_CNN_RNND,5903,0.3285021707415581,0.28121520578861237,0.04728696681559086,
0,260816,matched,MATCHED_RicianLOS,Proposed_CA_CNN_RNND,5904,0.3649776354432106,0.3153162971138954,0.049661340191960335,
0,260816,matched,MATCHED_RicianLOS,Proposed_CA_CNN_RNND,5905,0.3175504393875599,0.274525947868824,0.04302449035458267,
0,260816,matched,MATCHED_RicianLOS,Proposed_CA_CNN_RNND,5906,0.43814312294125557,0.36608943343162537,0.07205368299037218,
0,260816,matched,MATCHED_RicianLOS,Proposed_CA_CNN_RNND,5907,0.23513813316822052,0.20670335739850998,0.028434777166694403,
0,260816,matched,MATCHED_RicianLOS,Proposed_CA_CNN_RNND,5908,0.24662506207823753,0.22055305168032646,0.026072013890370727,
0,260816,matched,MATCHED_RicianLOS,Proposed_CA_CNN_RNND,5909,0.39169561490416527,0.3190949484705925,0.07260066806338727,
0,260816,matched,MATCHED_RicianLOS,Proposed_CA_CNN_RNND,5910,0.3597952499985695,0.30415425449609756,0.05564098875038326,
0,260816,matched,MATCHED_RicianLOS,Proposed_CA_CNN_RNND,5911,0.3217769227921963,0.28731144219636917,0.03446547989733517,
0,260816,matched,MATCHED_RicianLOS,Proposed_CA_CNN_RNND,5912,0.27774547785520554,0.2445257417857647,0.03321973397396505,
0,260816,matched,MATCHED_RicianLOS,Proposed_CA_CNN_RNND,5913,0.46396493911743164,0.3855031281709671,0.07846181094646454,
0,260816,matched,MATCHED_RicianLOS,Proposed_CA_CNN_RNND,5914,0.2719448357820511,0.24077602103352547,0.031168810790404677,
0,260816,matched,MATCHED_RicianLOS,Proposed_CA_CNN_RNND,5915,0.2792404443025589,0.24213163182139397,0.03710881108418107,
0,260816,matched,MATCHED_RicianLOS,Proposed_CA_CNN_RNND,5916,0.40486644953489304,0.3374876603484154,0.06737878732383251,
0,260816,matched,MATCHED_RicianLOS,Proposed_CA_CNN_RNND,5917,0.2388202641159296,0.21231196075677872,0.026508308947086334,
0,260816,matched,MATCHED_RicianLOS,Proposed_CA_CNN_RNND,5918,0.44425012916326523,0.3702496215701103,0.07400049967691302,
0,260816,matched,MATCHED_RicianLOS,Proposed_CA_CNN_RNND,5919,0.283228013664484,0.2500670254230499,0.033160990569740534,
0,260816,matched,MATCHED_RicianLOS,Proposed_CA_CNN_RNND,5920,0.35120674781501293,0.2910934966057539,0.06011325493454933,
0,260816,matched,MATCHED_RicianLOS,Proposed_CA_CNN_RNND,5921,0.3525809496641159,0.29794885963201523,0.05463207850698382,
0,260816,matched,MATCHED_RicianLOS,Proposed_CA_CNN_RNND,5922,0.34762754663825035,0.29956021904945374,0.048067335737869143,
0,260816,matched,MATCHED_RicianLOS,Proposed_CA_CNN_RNND,5923,0.19494325295090675,0.17979573085904121,0.015147523605264723,
0,260816,matched,MATCHED_RicianLOS,Proposed_CA_CNN_RNND,5924,0.2997262626886368,0.2623475417494774,0.03737872780766338,
0,260816,matched,MATCHED_RicianLOS,Proposed_CA_CNN_RNND,5925,0.3216246888041496,0.2770903930068016,0.04453429253771901,
0,260816,matched,MATCHED_RicianLOS,Proposed_CA_CNN_RNND,5926,0.25204915925860405,0.22709544748067856,0.024953710148110986,
0,260816,matched,MATCHED_RicianLOS,Proposed_CA_CNN_RNND,5927,0.28946319967508316,0.249417744576931,0.04004545183852315,
0,260816,matched,MATCHED_RicianLOS,Proposed_CA_CNN_RNND,5928,0.4170604571700096,0.34498535841703415,0.07207509689033031,
0,260816,matched,MATCHED_RicianLOS,Proposed_CA_CNN_RNND,5929,0.3250376135110855,0.27637073025107384,0.04866688675247133,
0,260816,matched,MATCHED_RicianLOS,Proposed_CA_CNN_RNND,5930,0.37605149671435356,0.3124532699584961,0.06359822396188974,
0,260816,matched,MATCHED_RicianLOS,Proposed_CA_CNN_RNND,5931,0.15670041367411613,0.14766474068164825,0.009035671828314662,
0,260816,matched,MATCHED_RicianLOS,Proposed_CA_CNN_RNND,5932,0.3587162494659424,0.3012505769729614,0.057465675519779325,
0,260816,matched,MATCHED_RicianLOS,Proposed_CA_CNN_RNND,5933,0.30759620666503906,0.25866735726594925,0.04892884800210595,
0,260816,matched,MATCHED_RicianLOS,Proposed_CA_CNN_RNND,5934,0.2983808219432831,0.2624286189675331,0.03595220111310482,
0,260816,matched,MATCHED_RicianLOS,Proposed_CA_CNN_RNND,5935,0.23762796819210052,0.21246959269046783,0.025158375967293978,
0,260816,matched,MATCHED_RicianLOS,Proposed_CA_CNN_RNND,5936,0.2603290490806103,0.2247236631810665,0.035605389275588095,
0,260816,matched,MATCHED_RicianLOS,Proposed_CA_CNN_RNND,5937,0.1991387214511633,0.178665641695261,0.02047307969769463,
0,260816,matched,MATCHED_RicianLOS,Proposed_CA_CNN_RNND,5938,0.4153324291110039,0.34448347985744476,0.07084894180297852,
0,260816,matched,MATCHED_RicianLOS,Proposed_CA_CNN_RNND,5939,0.28663163632154465,0.24551493674516678,0.041116709588095546,
0,260816,matched,MATCHED_RicianLOS,Proposed_CA_CNN_RNND,5940,0.4033578298985958,0.3327774256467819,0.07058039726689458,
0,260816,matched,MATCHED_RicianLOS,Proposed_CA_CNN_RNND,5941,0.2941541559994221,0.2543720565736294,0.03978209453634918,
0,260816,matched,MATCHED_RicianLOS,Proposed_CA_CNN_RNND,5942,0.2708982080221176,0.22803518921136856,0.042863018810749054,
0,260816,matched,MATCHED_RicianLOS,Proposed_CA_CNN_RNND,5943,0.4146815054118633,0.34679345414042473,0.06788805220276117,
0,260816,matched,MATCHED_RicianLOS,Proposed_CA_CNN_RNND,5944,0.3780582994222641,0.317960761487484,0.06009754119440913,
0,260816,matched,MATCHED_RicianLOS,Proposed_CA_CNN_RNND,5945,0.4361153654754162,0.36182377859950066,0.07429159339517355,
0,260816,matched,MATCHED_RicianLOS,Proposed_CA_CNN_RNND,5946,0.25405875220894814,0.2241264283657074,0.029932323202956468,
0,260816,matched,MATCHED_RicianLOS,Proposed_CA_CNN_RNND,5947,0.3591694161295891,0.3133826404809952,0.0457867756485939,
0,260816,matched,MATCHED_RicianLOS,Proposed_CA_CNN_RNND,5948,0.23403207957744598,0.2124425806105137,0.021589504089206457,
0,260816,matched,MATCHED_RicianLOS,Proposed_CA_CNN_RNND,5949,0.17718906328082085,0.1624273993074894,0.014761665486730635,
0,260816,matched,MATCHED_RicianLOS,Proposed_CA_CNN_RNND,5950,0.260490108281374,0.2248164638876915,0.03567364229820669,
0,260816,matched,MATCHED_RicianLOS,Proposed_CA_CNN_RNND,5951,0.3593760058283806,0.3061740770936012,0.053201932460069656,
0,260816,matched,MATCHED_RicianLOS,Proposed_CA_CNN_RNND,5952,0.4523039609193802,0.36327143013477325,0.08903252647724003,
0,260816,matched,MATCHED_RicianLOS,Proposed_CA_CNN_RNND,5953,0.2682265117764473,0.2370255645364523,0.031200948753394186,
0,260816,matched,MATCHED_RicianLOS,Proposed_CA_CNN_RNND,5954,0.4570097178220749,0.37869570404291153,0.07831402868032455,
0,260816,matched,MATCHED_RicianLOS,Proposed_CA_CNN_RNND,5955,0.28119026497006416,0.24420448765158653,0.03698577743489295,
0,260816,matched,MATCHED_RicianLOS,Proposed_CA_CNN_RNND,5956,0.3661622032523155,0.3109814338386059,0.05518076801672578,
0,260816,matched,MATCHED_RicianLOS,Proposed_CA_CNN_RNND,5957,0.29406728222966194,0.24944136664271355,0.044625920127145946,
0,260816,matched,MATCHED_RicianLOS,Proposed_CA_CNN_RNND,5958,0.33769628778100014,0.2826831005513668,0.055013190605677664,
0,260816,matched,MATCHED_RicianLOS,Proposed_CA_CNN_RNND,5959,0.47747520357370377,0.3946845009922981,0.08279070630669594,
0,260816,matched,MATCHED_RicianLOS,Proposed_CA_CNN_RNND,5960,0.35970745608210564,0.3005005717277527,0.059206882026046515,
0,260816,matched,MATCHED_RicianLOS,Proposed_CA_CNN_RNND,5961,0.38564368337392807,0.3187807463109493,0.06686293287202716,
0,260816,matched,MATCHED_RicianLOS,Proposed_CA_CNN_RNND,5962,0.30621378123760223,0.26641659438610077,0.03979718289338052,
0,260816,matched,MATCHED_RicianLOS,Proposed_CA_CNN_RNND,5963,0.31865317560732365,0.2730317134410143,0.045621464611031115,
0,260816,matched,MATCHED_RicianLOS,Proposed_CA_CNN_RNND,5964,0.4853667616844177,0.3941382095217705,0.0912285577505827,
0,260816,matched,MATCHED_RicianLOS,Proposed_CA_CNN_RNND,5965,0.2599288523197174,0.23235957510769367,0.027569279191084206,
0,260816,matched,MATCHED_RicianLOS,Proposed_CA_CNN_RNND,5966,0.29080624878406525,0.2551218345761299,0.0356844118796289,
0,260816,matched,MATCHED_RicianLOS,Proposed_CA_CNN_RNND,5967,0.3579728454351425,0.313085176050663,0.044887663796544075,
0,260816,matched,MATCHED_RicianLOS,Proposed_CA_CNN_RNND,5968,0.33017172664403915,0.2774731069803238,0.05269862990826368,
0,260816,matched,MATCHED_RicianLOS,Proposed_CA_CNN_RNND,5969,0.458383746445179,0.3786518983542919,0.07973184110596776,
0,260816,matched,MATCHED_RicianLOS,Proposed_CA_CNN_RNND,5970,0.37769898399710655,0.32447779178619385,0.05322118615731597,
0,260816,matched,MATCHED_RicianLOS,Proposed_CA_CNN_RNND,5971,0.28042553924024105,0.24518902599811554,0.03523651632713154,
0,260816,matched,MATCHED_RicianLOS,Proposed_CA_CNN_RNND,5972,0.19938183948397636,0.17750648967921734,0.021875352365896106,
0,260816,matched,MATCHED_RicianLOS,Proposed_CA_CNN_RNND,5973,0.4293966740369797,0.3642292991280556,0.0651673823595047,
0,260816,matched,MATCHED_RicianLOS,Proposed_CA_CNN_RNND,5974,0.5778264254331589,0.45686546713113785,0.12096096016466618,
0,260816,matched,MATCHED_RicianLOS,Proposed_CA_CNN_RNND,5975,0.3338583968579769,0.2880972549319267,0.04576113657094538,
0,260816,matched,MATCHED_RicianLOS,Proposed_CA_CNN_RNND,5976,0.41245129704475403,0.34740249067544937,0.06504881754517555,
0,260816,matched,MATCHED_RicianLOS,Proposed_CA_CNN_RNND,5977,0.43058089166879654,0.36896686255931854,0.06161402817815542,
0,260816,matched,MATCHED_RicianLOS,Proposed_CA_CNN_RNND,5978,0.2574385330080986,0.2280828393995762,0.029355691745877266,
0,260816,matched,MATCHED_RicianLOS,Proposed_CA_CNN_RNND,5979,0.41774243488907814,0.34698203578591347,0.07076039165258408,
0,260816,matched,MATCHED_RicianLOS,Proposed_CA_CNN_RNND,5980,0.35451518930494785,0.29682185500860214,0.05769334247452207,
0,260816,matched,MATCHED_RicianLOS,Proposed_CA_CNN_RNND,5981,0.2000551000237465,0.18213843181729317,0.017916668439283967,
0,260816,matched,MATCHED_RicianLOS,Proposed_CA_CNN_RNND,5982,0.4415285587310791,0.36127154529094696,0.08025702647864819,
0,260816,matched,MATCHED_RicianLOS,Proposed_CA_CNN_RNND,5983,0.180362431332469,0.1637956853955984,0.016566741338465363,
0,260816,matched,MATCHED_RicianLOS,Proposed_CA_CNN_RNND,5984,0.3727278932929039,0.3125242590904236,0.060203648870810866,
0,260816,matched,MATCHED_RicianLOS,Proposed_CA_CNN_RNND,5985,0.33405786380171776,0.27912809140980244,0.054929781472310424,
0,260816,matched,MATCHED_RicianLOS,Proposed_CA_CNN_RNND,5986,0.3723587095737457,0.31740644201636314,0.05495226476341486,
0,260816,matched,MATCHED_RicianLOS,Proposed_CA_CNN_RNND,5987,0.4749188646674156,0.385990958660841,0.08892789948731661,
0,260816,matched,MATCHED_RicianLOS,Proposed_CA_CNN_RNND,5988,0.21461230143904686,0.19223666191101074,0.022375636675860733,
0,260816,matched,MATCHED_RicianLOS,Proposed_CA_CNN_RNND,5989,0.4025042690336704,0.3354785069823265,0.06702576181851327,
0,260816,matched,MATCHED_RicianLOS,Proposed_CA_CNN_RNND,5990,0.3504566252231598,0.2999204695224762,0.050536164082586765,
0,260816,matched,MATCHED_RicianLOS,Proposed_CA_CNN_RNND,5991,0.35918039083480835,0.3085027299821377,0.050677667604759336,
0,260816,matched,MATCHED_RicianLOS,Proposed_CA_CNN_RNND,5992,0.22295745834708214,0.20087337493896484,0.022084083349909633,
0,260816,matched,MATCHED_RicianLOS,Proposed_CA_CNN_RNND,5993,0.30106085911393166,0.26060987263917923,0.04045098973438144,
0,260816,matched,MATCHED_RicianLOS,Proposed_CA_CNN_RNND,5994,0.3656730577349663,0.3111770488321781,0.05449600704014301,
0,260816,matched,MATCHED_RicianLOS,Proposed_CA_CNN_RNND,5995,0.3936636224389076,0.3381998687982559,0.0554637610912323,
0,260816,matched,MATCHED_RicianLOS,Proposed_CA_CNN_RNND,5996,0.3528435193002224,0.30188119038939476,0.05096233310177922,
0,260816,matched,MATCHED_RicianLOS,Proposed_CA_CNN_RNND,5997,0.3367402143776417,0.2891849968582392,0.0475552084390074,
0,260816,matched,MATCHED_RicianLOS,Proposed_CA_CNN_RNND,5998,0.2797790467739105,0.24539551883935928,0.03438352607190609,
0,260816,matched,MATCHED_RicianLOS,Proposed_CA_CNN_RNND,5999,0.28568579256534576,0.25610973685979843,0.02957604988478124,
0,260816,matched,MATCHED_RicianLOS,Proposed_CA_CNN_RNND,6000,0.3224649392068386,0.27412577345967293,0.04833917343057692,-1.2435615512574287
0,260816,matched,MATCHED_RicianLOS,Proposed_CA_CNN_RNND,6001,0.46325353533029556,0.3775313124060631,0.08572222106158733,
0,260816,matched,MATCHED_RicianLOS,Proposed_CA_CNN_RNND,6002,0.429683193564415,0.35531749576330185,0.07436569104902446,
0,260816,matched,MATCHED_RicianLOS,Proposed_CA_CNN_RNND,6003,0.3433688096702099,0.28599489480257034,0.05737391486763954,
0,260816,matched,MATCHED_RicianLOS,Proposed_CA_CNN_RNND,6004,0.3684540390968323,0.304002882912755,0.06445114879170433,
0,260816,matched,MATCHED_RicianLOS,Proposed_CA_CNN_RNND,6005,0.32671861723065376,0.279978483915329,0.04674013750627637,
0,260816,matched,MATCHED_RicianLOS,Proposed_CA_CNN_RNND,6006,0.24917152896523476,0.21938839927315712,0.02978312864433974,
0,260816,matched,MATCHED_RicianLOS,Proposed_CA_CNN_RNND,6007,0.23322223499417305,0.20576676726341248,0.027455468429252505,
0,260816,matched,MATCHED_RicianLOS,Proposed_CA_CNN_RNND,6008,0.42232148349285126,0.3534156493842602,0.06890583876520395,
0,260816,matched,MATCHED_RicianLOS,Proposed_CA_CNN_RNND,6009,0.2933427579700947,0.24992982298135757,0.0434129424393177,
0,260816,matched,MATCHED_RicianLOS,Proposed_CA_CNN_RNND,6010,0.4324313774704933,0.3542642183601856,0.07816716562956572,
0,260816,matched,MATCHED_RicianLOS,Proposed_CA_CNN_RNND,6011,0.5292047187685966,0.4284959211945534,0.10070880316197872,
0,260816,matched,MATCHED_RicianLOS,Proposed_CA_CNN_RNND,6012,0.2207590565085411,0.2008320540189743,0.01992700551636517,
0,260816,matched,MATCHED_RicianLOS,Proposed_CA_CNN_RNND,6013,0.2988229990005493,0.26344769448041916,0.0353753020754084,
0,260816,matched,MATCHED_RicianLOS,Proposed_CA_CNN_RNND,6014,0.28274039924144745,0.24350807815790176,0.03923232201486826,
0,260816,matched,MATCHED_RicianLOS,Proposed_CA_CNN_RNND,6015,0.36444295197725296,0.31286703795194626,0.05157591262832284,
0,260816,matched,MATCHED_RicianLOS,Proposed_CA_CNN_RNND,6016,0.2299995869398117,0.2070334181189537,0.02296616300009191,
0,260816,matched,MATCHED_RicianLOS,Proposed_CA_CNN_RNND,6017,0.1513977237045765,0.13899238035082817,0.012405344168655574,
0,260816,matched,MATCHED_RicianLOS,Proposed_CA_CNN_RNND,6018,0.3094868063926697,0.2721126079559326,0.03737419773824513,
0,260816,matched,MATCHED_RicianLOS,Proposed_CA_CNN_RNND,6019,0.31426630541682243,0.2697458118200302,0.04452049150131643,
0,260816,matched,MATCHED_RicianLOS,Proposed_CA_CNN_RNND,6020,0.26525572314858437,0.23267915472388268,0.032576574478298426,
0,260816,matched,MATCHED_RicianLOS,Proposed_CA_CNN_RNND,6021,0.3166297860443592,0.2682975437492132,0.04833225067704916,
0,260816,matched,MATCHED_RicianLOS,Proposed_CA_CNN_RNND,6022,0.3861047960817814,0.31846024841070175,0.0676445490680635,
0,260816,matched,MATCHED_RicianLOS,Proposed_CA_CNN_RNND,6023,0.38571349158883095,0.32098444923758507,0.0647290381602943,
0,260816,matched,MATCHED_RicianLOS,Proposed_CA_CNN_RNND,6024,0.3810102418065071,0.326457716524601,0.054552526911720634,
0,260816,matched,MATCHED_RicianLOS,Proposed_CA_CNN_RNND,6025,0.4564475789666176,0.38405778259038925,0.07238979265093803,
0,260816,matched,MATCHED_RicianLOS,Proposed_CA_CNN_RNND,6026,0.22115348652005196,0.20467466861009598,0.016478818259201944,
0,260816,matched,MATCHED_RicianLOS,Proposed_CA_CNN_RNND,6027,0.4097566530108452,0.34677305072546005,0.06298360414803028,
0,260816,matched,MATCHED_RicianLOS,Proposed_CA_CNN_RNND,6028,0.46074145287275314,0.3898231089115143,0.07091833837330341,
0,260816,matched,MATCHED_RicianLOS,Proposed_CA_CNN_RNND,6029,0.3153973985463381,0.26825829967856407,0.04713909892598167,
0,260816,matched,MATCHED_RicianLOS,Proposed_CA_CNN_RNND,6030,0.3835665937513113,0.3240838386118412,0.059482754848431796,
0,260816,matched,MATCHED_RicianLOS,Proposed_CA_CNN_RNND,6031,0.3543984182178974,0.2966088242828846,0.05778959835879505,
0,260816,matched,MATCHED_RicianLOS,Proposed_CA_CNN_RNND,6032,0.2159155923873186,0.1896315272897482,0.0262840639334172,
0,260816,matched,MATCHED_RicianLOS,Proposed_CA_CNN_RNND,6033,0.33480257354676723,0.2842169553041458,0.05058561218902469,
0,260816,matched,MATCHED_RicianLOS,Proposed_CA_CNN_RNND,6034,0.3320755288004875,0.28238723054528236,0.04968829668359831,
0,260816,matched,MATCHED_RicianLOS,Proposed_CA_CNN_RNND,6035,0.4100098982453346,0.3531135767698288,0.05689631495624781,
0,260816,matched,MATCHED_RicianLOS,Proposed_CA_CNN_RNND,6036,0.3856644630432129,0.31339530646800995,0.07226915284991264,
0,260816,matched,MATCHED_RicianLOS,Proposed_CA_CNN_RNND,6037,0.41968458890914917,0.35154398158192635,0.06814060430042446,
0,260816,matched,MATCHED_RicianLOS,Proposed_CA_CNN_RNND,6038,0.2950841449201107,0.25759200006723404,0.03749214392155409,
0,260816,matched,MATCHED_RicianLOS,Proposed_CA_CNN_RNND,6039,0.3553437143564224,0.30108366161584854,0.05426004808396101,
0,260816,matched,MATCHED_RicianLOS,Proposed_CA_CNN_RNND,6040,0.42785458266735077,0.3572976142168045,0.07055697217583656,
0,260816,matched,MATCHED_RicianLOS,Proposed_CA_CNN_RNND,6041,0.4048667289316654,0.3332336023449898,0.07163312518969178,
0,260816,matched,MATCHED_RicianLOS,Proposed_CA_CNN_RNND,6042,0.3532789275050163,0.2954922765493393,0.057786652352660894,
0,260816,matched,MATCHED_RicianLOS,Proposed_CA_CNN_RNND,6043,0.27660029381513596,0.24070660769939423,0.03589369123801589,
0,260816,matched,MATCHED_RicianLOS,Proposed_CA_CNN_RNND,6044,0.3644016869366169,0.311975322663784,0.05242636054754257,
0,260816,matched,MATCHED_RicianLOS,Proposed_CA_CNN_RNND,6045,0.37869834154844284,0.3138969764113426,0.06480136374011636,
0,260816,matched,MATCHED_RicianLOS,Proposed_CA_CNN_RNND,6046,0.2672691084444523,0.24100111797451973,0.026267991634085774,
0,260816,matched,MATCHED_RicianLOS,Proposed_CA_CNN_RNND,6047,0.2821423392742872,0.25026851892471313,0.03187381383031607,
0,260816,matched,MATCHED_RicianLOS,Proposed_CA_CNN_RNND,6048,0.39613305032253265,0.33208559080958366,0.06404745811596513,
0,260816,matched,MATCHED_RicianLOS,Proposed_CA_CNN_RNND,6049,0.23607316985726357,0.21252544783055782,0.023547714576125145,
0,260816,matched,MATCHED_RicianLOS,Proposed_CA_CNN_RNND,6050,0.3132374510169029,0.2721014954149723,0.041135964915156364,
0,260816,matched,MATCHED_RicianLOS,Proposed_CA_CNN_RNND,6051,0.2253113053739071,0.20641477033495903,0.01889653317630291,
0,260816,matched,MATCHED_RicianLOS,Proposed_CA_CNN_RNND,6052,0.2000589296221733,0.18103997595608234,0.019018955063074827,
0,260816,matched,MATCHED_RicianLOS,Proposed_CA_CNN_RNND,6053,0.31046393886208534,0.2749881148338318,0.035475822165608406,
0,260816,matched,MATCHED_RicianLOS,Proposed_CA_CNN_RNND,6054,0.26092296093702316,0.2334430180490017,0.027479946613311768,
0,260816,matched,MATCHED_RicianLOS,Proposed_CA_CNN_RNND,6055,0.2918987460434437,0.2524120807647705,0.03948666341602802,
0,260816,matched,MATCHED_RicianLOS,Proposed_CA_CNN_RNND,6056,0.3507893532514572,0.2973180152475834,0.053471341729164124,
0,260816,matched,MATCHED_RicianLOS,Proposed_CA_CNN_RNND,6057,0.30324237048625946,0.26754067465662956,0.035701687913388014,
0,260816,matched,MATCHED_RicianLOS,Proposed_CA_CNN_RNND,6058,0.4549238234758377,0.3840932324528694,0.07083060033619404,
0,260816,matched,MATCHED_RicianLOS,Proposed_CA_CNN_RNND,6059,0.19911546260118484,0.18370749428868294,0.015407972387038171,
0,260816,matched,MATCHED_RicianLOS,Proposed_CA_CNN_RNND,6060,0.5290769338607788,0.4232885017991066,0.10578843019902706,
0,260816,matched,MATCHED_RicianLOS,Proposed_CA_CNN_RNND,6061,0.3259475752711296,0.28347961232066154,0.042467967607080936,
0,260816,matched,MATCHED_RicianLOS,Proposed_CA_CNN_RNND,6062,0.2904658541083336,0.2504594847559929,0.04000637144781649,
0,260816,matched,MATCHED_RicianLOS,Proposed_CA_CNN_RNND,6063,0.43205761164426804,0.3597204014658928,0.07233720924705267,
0,260816,matched,MATCHED_RicianLOS,Proposed_CA_CNN_RNND,6064,0.3300989083945751,0.2813253626227379,0.048773556016385555,
0,260816,matched,MATCHED_RicianLOS,Proposed_CA_CNN_RNND,6065,0.4792664684355259,0.3899960219860077,0.0892704501748085,
0,260816,matched,MATCHED_RicianLOS,Proposed_CA_CNN_RNND,6066,0.24525932595133781,0.21750593930482864,0.027753384551033378,
0,260816,matched,MATCHED_RicianLOS,Proposed_CA_CNN_RNND,6067,0.44273097813129425,0.3682609498500824,0.0744700264185667,
0,260816,matched,MATCHED_RicianLOS,Proposed_CA_CNN_RNND,6068,0.31128912419080734,0.2729794755578041,0.03830965328961611,
0,260816,matched,MATCHED_RicianLOS,Proposed_CA_CNN_RNND,6069,0.5024503469467163,0.40965406596660614,0.09279627911746502,
0,260816,matched,MATCHED_RicianLOS,Proposed_CA_CNN_RNND,6070,0.1301189735531807,0.12240693531930447,0.007712037360761315,
0,260816,matched,MATCHED_RicianLOS,Proposed_CA_CNN_RNND,6071,0.37106458097696304,0.32561708241701126,0.04544749762862921,
0,260816,matched,MATCHED_RicianLOS,Proposed_CA_CNN_RNND,6072,0.35578374192118645,0.3041485771536827,0.05163516104221344,
0,260816,matched,MATCHED_RicianLOS,Proposed_CA_CNN_RNND,6073,0.30530249886214733,0.2585604451596737,0.0467420422937721,
0,260816,matched,MATCHED_RicianLOS,Proposed_CA_CNN_RNND,6074,0.34964216127991676,0.292160227894783,0.05748193338513374,
0,260816,matched,MATCHED_RicianLOS,Proposed_CA_CNN_RNND,6075,0.28815290704369545,0.25331616029143333,0.03483674593735486,
0,260816,matched,MATCHED_RicianLOS,Proposed_CA_CNN_RNND,6076,0.494977742433548,0.40750162303447723,0.08747611939907074,
0,260816,matched,MATCHED_RicianLOS,Proposed_CA_CNN_RNND,6077,0.44574980437755585,0.3697851449251175,0.0759646613150835,
0,260816,matched,MATCHED_RicianLOS,Proposed_CA_CNN_RNND,6078,0.3868756666779518,0.32545045763254166,0.061425203923135996,
0,260816,matched,MATCHED_RicianLOS,Proposed_CA_CNN_RNND,6079,0.33130121789872646,0.28160928934812546,0.049691925407387316,
0,260816,matched,MATCHED_RicianLOS,Proposed_CA_CNN_RNND,6080,0.36984334141016006,0.3132346346974373,0.056608705781400204,
0,260816,matched,MATCHED_RicianLOS,Proposed_CA_CNN_RNND,6081,0.27667755633592606,0.24046670272946358,0.03621085057966411,
0,260816,matched,MATCHED_RicianLOS,Proposed_CA_CNN_RNND,6082,0.43366802483797073,0.36337482184171677,0.07029319927096367,
0,260816,matched,MATCHED_RicianLOS,Proposed_CA_CNN_RNND,6083,0.2320552933961153,0.20290464721620083,0.029150642338208854,
0,260816,matched,MATCHED_RicianLOS,Proposed_CA_CNN_RNND,6084,0.37941640987992287,0.3178156614303589,0.061600757646374404,
0,260816,matched,MATCHED_RicianLOS,Proposed_CA_CNN_RNND,6085,0.3598671779036522,0.30285390466451645,0.057013270910829306,
0,260816,matched,MATCHED_RicianLOS,Proposed_CA_CNN_RNND,6086,0.4038145188242197,0.3293515108525753,0.07446299644652754,
0,260816,matched,MATCHED_RicianLOS,Proposed_CA_CNN_RNND,6087,0.2887146659195423,0.2472630776464939,0.04145158757455647,
0,260816,matched,MATCHED_RicianLOS,Proposed_CA_CNN_RNND,6088,0.22134293243288994,0.2029295526444912,0.018413383746519685,
0,260816,matched,MATCHED_RicianLOS,Proposed_CA_CNN_RNND,6089,0.36418766528367996,0.3074537795037031,0.05673388304421678,
0,260816,matched,MATCHED_RicianLOS,Proposed_CA_CNN_RNND,6090,0.3157668001949787,0.27010374888777733,0.045663045602850616,
0,260816,matched,MATCHED_RicianLOS,Proposed_CA_CNN_RNND,6091,0.3087315149605274,0.26520848646759987,0.04352303291670978,
0,260816,matched,MATCHED_RicianLOS,Proposed_CA_CNN_RNND,6092,0.4944504275918007,0.40392035245895386,0.09053007047623396,
0,260816,matched,MATCHED_RicianLOS,Proposed_CA_CNN_RNND,6093,0.43177568167448044,0.36375610530376434,0.06801958056166768,
0,260816,matched,MATCHED_RicianLOS,Proposed_CA_CNN_RNND,6094,0.30646830797195435,0.2694978639483452,0.036970438435673714,
0,260816,matched,MATCHED_RicianLOS,Proposed_CA_CNN_RNND,6095,0.4743518941104412,0.3885730132460594,0.08577888505533338,
0,260816,matched,MATCHED_RicianLOS,Proposed_CA_CNN_RNND,6096,0.46367279812693596,0.37550364434719086,0.08816915727220476,
0,260816,matched,MATCHED_RicianLOS,Proposed_CA_CNN_RNND,6097,0.22321783378720284,0.19460756704211235,0.028610269771888852,
0,260816,matched,MATCHED_RicianLOS,Proposed_CA_CNN_RNND,6098,0.1604715883731842,0.14589188992977142,0.014579699840396643,
0,260816,matched,MATCHED_RicianLOS,Proposed_CA_CNN_RNND,6099,0.24487442150712013,0.21573931351304054,0.02913510426878929,
0,260816,matched,MATCHED_RicianLOS,Proposed_CA_CNN_RNND,6100,0.41196686029434204,0.33965567126870155,0.0723111933330074,
0,260816,matched,MATCHED_RicianLOS,Proposed_CA_CNN_RNND,6101,0.3423359543085098,0.2909485213458538,0.05138742411509156,
0,260816,matched,MATCHED_RicianLOS,Proposed_CA_CNN_RNND,6102,0.47558389604091644,0.3933112137019634,0.08227267395704985,
0,260816,matched,MATCHED_RicianLOS,Proposed_CA_CNN_RNND,6103,0.23707683756947517,0.21239273995161057,0.02468409459106624,
0,260816,matched,MATCHED_RicianLOS,Proposed_CA_CNN_RNND,6104,0.3983410745859146,0.3367518410086632,0.06158923334442079,
0,260816,matched,MATCHED_RicianLOS,Proposed_CA_CNN_RNND,6105,0.3666243478655815,0.30539146438241005,0.06123289605602622,
0,260816,matched,MATCHED_RicianLOS,Proposed_CA_CNN_RNND,6106,0.3235365152359009,0.2728465534746647,0.05068996478803456,
0,260816,matched,MATCHED_RicianLOS,Proposed_CA_CNN_RNND,6107,0.2660616375505924,0.23194730654358864,0.03411433193832636,
0,260816,matched,MATCHED_RicianLOS,Proposed_CA_CNN_RNND,6108,0.38506346568465233,0.32265398278832436,0.06240947521291673,
0,260816,matched,MATCHED_RicianLOS,Proposed_CA_CNN_RNND,6109,0.3072379194200039,0.2632341533899307,0.04400376486591995,
0,260816,matched,MATCHED_RicianLOS,Proposed_CA_CNN_RNND,6110,0.37924307584762573,0.3159678317606449,0.06327525014057755,
0,260816,matched,MATCHED_RicianLOS,Proposed_CA_CNN_RNND,6111,0.32767829671502113,0.2846183776855469,0.04305992182344198,
0,260816,matched,MATCHED_RicianLOS,Proposed_CA_CNN_RNND,6112,0.33118391409516335,0.2822715491056442,0.048912363534327596,
0,260816,matched,MATCHED_RicianLOS,Proposed_CA_CNN_RNND,6113,0.4172371067106724,0.3480355255305767,0.06920157140120864,
0,260816,matched,MATCHED_RicianLOS,Proposed_CA_CNN_RNND,6114,0.2015133500099182,0.18251157738268375,0.01900177716743201,
0,260816,matched,MATCHED_RicianLOS,Proposed_CA_CNN_RNND,6115,0.3114755228161812,0.2717926539480686,0.03968286560848355,
0,260816,matched,MATCHED_RicianLOS,Proposed_CA_CNN_RNND,6116,0.42806559056043625,0.361918181180954,0.06614740658551455,
0,260816,matched,MATCHED_RicianLOS,Proposed_CA_CNN_RNND,6117,0.48890523612499237,0.40164589136838913,0.08725934848189354,
0,260816,matched,MATCHED_RicianLOS,Proposed_CA_CNN_RNND,6118,0.16479360312223434,0.15271195024251938,0.012081654276698828,
0,260816,matched,MATCHED_RicianLOS,Proposed_CA_CNN_RNND,6119,0.35759563371539116,0.2959611378610134,0.06163449864834547,
0,260816,matched,MATCHED_RicianLOS,Proposed_CA_CNN_RNND,6120,0.37654687091708183,0.3151233121752739,0.061423564329743385,
0,260816,matched,MATCHED_RicianLOS,Proposed_CA_CNN_RNND,6121,0.2904834933578968,0.24772656336426735,0.04275694047100842,
0,260816,matched,MATCHED_RicianLOS,Proposed_CA_CNN_RNND,6122,0.3450258709490299,0.29748235642910004,0.04754351743031293,
0,260816,matched,MATCHED_RicianLOS,Proposed_CA_CNN_RNND,6123,0.31357717514038086,0.2770870700478554,0.03649010322988033,
0,260816,matched,MATCHED_RicianLOS,Proposed_CA_CNN_RNND,6124,0.21156556904315948,0.1873183660209179,0.02424720348790288,
0,260816,matched,MATCHED_RicianLOS,Proposed_CA_CNN_RNND,6125,0.4703287333250046,0.377787284553051,0.09254145622253418,
0,260816,matched,MATCHED_RicianLOS,Proposed_CA_CNN_RNND,6126,0.4348521903157234,0.3598581738770008,0.07499401038512588,
0,260816,matched,MATCHED_RicianLOS,Proposed_CA_CNN_RNND,6127,0.3328438997268677,0.28444191068410873,0.04840199276804924,
0,260816,matched,MATCHED_RicianLOS,Proposed_CA_CNN_RNND,6128,0.3588166572153568,0.30226055160164833,0.056556108174845576,
0,260816,matched,MATCHED_RicianLOS,Proposed_CA_CNN_RNND,6129,0.3208875320851803,0.2753727361559868,0.04551480698864907,
0,260816,matched,MATCHED_RicianLOS,Proposed_CA_CNN_RNND,6130,0.36193468421697617,0.30910489708185196,0.0528297892306,
0,260816,matched,MATCHED_RicianLOS,Proposed_CA_CNN_RNND,6131,0.3228162154555321,0.27783050388097763,0.044985711108893156,
0,260816,matched,MATCHED_RicianLOS,Proposed_CA_CNN_RNND,6132,0.330878596752882,0.28798865526914597,0.04288993589580059,
0,260816,matched,MATCHED_RicianLOS,Proposed_CA_CNN_RNND,6133,0.19059147126972675,0.17397506348788738,0.016616410808637738,
0,260816,matched,MATCHED_RicianLOS,Proposed_CA_CNN_RNND,6134,0.5040750280022621,0.41640664637088776,0.08766839373856783,
0,260816,matched,MATCHED_RicianLOS,Proposed_CA_CNN_RNND,6135,0.30314178206026554,0.26316526159644127,0.03997652023099363,
0,260816,matched,MATCHED_RicianLOS,Proposed_CA_CNN_RNND,6136,0.3947497010231018,0.3320653662085533,0.06268433318473399,
0,260816,matched,MATCHED_RicianLOS,Proposed_CA_CNN_RNND,6137,0.3772474601864815,0.31903067603707314,0.058216785662807524,
0,260816,matched,MATCHED_RicianLOS,Proposed_CA_CNN_RNND,6138,0.5965102016925812,0.46637720614671707,0.1301329992711544,
0,260816,matched,MATCHED_RicianLOS,Proposed_CA_CNN_RNND,6139,0.3242933973670006,0.27736696600914,0.04692642891313881,
0,260816,matched,MATCHED_RicianLOS,Proposed_CA_CNN_RNND,6140,0.3915669582784176,0.3283577710390091,0.06320918642450124,
0,260816,matched,MATCHED_RicianLOS,Proposed_CA_CNN_RNND,6141,0.3498675674200058,0.3044705465435982,0.0453970180824399,
0,260816,matched,MATCHED_RicianLOS,Proposed_CA_CNN_RNND,6142,0.23546219803392887,0.20900583267211914,0.02645636524539441,
0,260816,matched,MATCHED_RicianLOS,Proposed_CA_CNN_RNND,6143,0.4106879308819771,0.34468502551317215,0.06600290723145008,
0,260816,matched,MATCHED_RicianLOS,Proposed_CA_CNN_RNND,6144,0.4320136420428753,0.3558996468782425,0.07611400343012065,
0,260816,matched,MATCHED_RicianLOS,Proposed_CA_CNN_RNND,6145,0.27366852946579456,0.23339135199785233,0.04027717909775674,
0,260816,matched,MATCHED_RicianLOS,Proposed_CA_CNN_RNND,6146,0.32874721847474575,0.27916179969906807,0.04958541796077043,
0,260816,matched,MATCHED_RicianLOS,Proposed_CA_CNN_RNND,6147,0.21241225488483906,0.1908954232931137,0.021516827284358442,
0,260816,matched,MATCHED_RicianLOS,Proposed_CA_CNN_RNND,6148,0.35305897891521454,0.29312198609113693,0.0599369911942631,
0,260816,matched,MATCHED_RicianLOS,Proposed_CA_CNN_RNND,6149,0.35544027388095856,0.3057491220533848,0.049691145308315754,
0,260816,matched,MATCHED_RicianLOS,Proposed_CA_CNN_RNND,6150,0.19211108796298504,0.17669837549328804,0.015412712469696999,
0,260816,matched,MATCHED_RicianLOS,Proposed_CA_CNN_RNND,6151,0.30327367410063744,0.25976112112402916,0.04351254878565669,
0,260816,matched,MATCHED_RicianLOS,Proposed_CA_CNN_RNND,6152,0.44907692074775696,0.36638517677783966,0.08269174490123987,
0,260816,matched,MATCHED_RicianLOS,Proposed_CA_CNN_RNND,6153,0.32836560532450676,0.2804287001490593,0.047936910297721624,
0,260816,matched,MATCHED_RicianLOS,Proposed_CA_CNN_RNND,6154,0.42039260268211365,0.35033413022756577,0.07005847059190273,
0,260816,matched,MATCHED_RicianLOS,Proposed_CA_CNN_RNND,6155,0.42908789217472076,0.3555637523531914,0.07352414634078741,
0,260816,matched,MATCHED_RicianLOS,Proposed_CA_CNN_RNND,6156,0.47238894551992416,0.392734132707119,0.07965480536222458,
0,260816,matched,MATCHED_RicianLOS,Proposed_CA_CNN_RNND,6157,0.3960184268653393,0.32560839876532555,0.07041002553887665,
0,260816,matched,MATCHED_RicianLOS,Proposed_CA_CNN_RNND,6158,0.25446196272969246,0.2296091727912426,0.024852786911651492,
0,260816,matched,MATCHED_RicianLOS,Proposed_CA_CNN_RNND,6159,0.34156209602952003,0.29195158928632736,0.04961051093414426,
0,260816,matched,MATCHED_RicianLOS,Proposed_CA_CNN_RNND,6160,0.39031127840280533,0.32590534910559654,0.0644059362821281,
0,260816,matched,MATCHED_RicianLOS,Proposed_CA_CNN_RNND,6161,0.33464060723781586,0.2825837545096874,0.05205685179680586,
0,260816,matched,MATCHED_RicianLOS,Proposed_CA_CNN_RNND,6162,0.23884261026978493,0.21227466315031052,0.02656794455833733,
0,260816,matched,MATCHED_RicianLOS,Proposed_CA_CNN_RNND,6163,0.33594757318496704,0.28713319078087807,0.048814386245794594,
0,260816,matched,MATCHED_RicianLOS,Proposed_CA_CNN_RNND,6164,0.2429090216755867,0.21193775907158852,0.030971261323429644,
0,260816,matched,MATCHED_RicianLOS,Proposed_CA_CNN_RNND,6165,0.2997673247009516,0.25877783074975014,0.04098948772298172,
0,260816,matched,MATCHED_RicianLOS,Proposed_CA_CNN_RNND,6166,0.4128895625472069,0.35377273708581924,0.05911682592704892,
0,260816,matched,MATCHED_RicianLOS,Proposed_CA_CNN_RNND,6167,0.3061128705739975,0.25963133201003075,0.04648153600282967,
0,260816,matched,MATCHED_RicianLOS,Proposed_CA_CNN_RNND,6168,0.3460005521774292,0.30014708638191223,0.045853459276258945,
0,260816,matched,MATCHED_RicianLOS,Proposed_CA_CNN_RNND,6169,0.2595409192144871,0.22898773476481438,0.03055318060796708,
0,260816,matched,MATCHED_RicianLOS,Proposed_CA_CNN_RNND,6170,0.3634856566786766,0.31336694210767746,0.05011871363967657,
0,260816,matched,MATCHED_RicianLOS,Proposed_CA_CNN_RNND,6171,0.3482862114906311,0.29584428295493126,0.052441918989643455,
0,260816,matched,MATCHED_RicianLOS,Proposed_CA_CNN_RNND,6172,0.3623218424618244,0.3063150569796562,0.05600678047630936,
0,260816,matched,MATCHED_RicianLOS,Proposed_CA_CNN_RNND,6173,0.3976657949388027,0.3250589966773987,0.07260679150931537,
0,260816,matched,MATCHED_RicianLOS,Proposed_CA_CNN_RNND,6174,0.244230754673481,0.2145780473947525,0.02965270692948252,
0,260816,matched,MATCHED_RicianLOS,Proposed_CA_CNN_RNND,6175,0.523838073015213,0.4228038266301155,0.1010342501103878,
0,260816,matched,MATCHED_RicianLOS,Proposed_CA_CNN_RNND,6176,0.44885198026895523,0.37475719302892685,0.07409479422494769,
0,260816,matched,MATCHED_RicianLOS,Proposed_CA_CNN_RNND,6177,0.4326421320438385,0.3523448817431927,0.08029724447987974,
0,260816,matched,MATCHED_RicianLOS,Proposed_CA_CNN_RNND,6178,0.22237280383706093,0.19728150218725204,0.025091303046792746,
0,260816,matched,MATCHED_RicianLOS,Proposed_CA_CNN_RNND,6179,0.3214729242026806,0.2741660475730896,0.04730687802657485,
0,260816,matched,MATCHED_RicianLOS,Proposed_CA_CNN_RNND,6180,0.22197364270687103,0.19630903750658035,0.025664606131613255,
0,260816,matched,MATCHED_RicianLOS,Proposed_CA_CNN_RNND,6181,0.40171080455183983,0.3369249291718006,0.06478587817400694,
0,260816,matched,MATCHED_RicianLOS,Proposed_CA_CNN_RNND,6182,0.47421327233314514,0.38435540348291397,0.08985786885023117,
0,260816,matched,MATCHED_RicianLOS,Proposed_CA_CNN_RNND,6183,0.22169936075806618,0.19974985718727112,0.02194950298871845,
0,260816,matched,MATCHED_RicianLOS,Proposed_CA_CNN_RNND,6184,0.3307975195348263,0.2899634465575218,0.04083407111465931,
0,260816,matched,MATCHED_RicianLOS,Proposed_CA_CNN_RNND,6185,0.2890869081020355,0.24817141890525818,0.04091548884753138,
0,260816,matched,MATCHED_RicianLOS,Proposed_CA_CNN_RNND,6186,0.35235847905278206,0.3010128177702427,0.05134566221386194,
0,260816,matched,MATCHED_RicianLOS,Proposed_CA_CNN_RNND,6187,0.5114950425922871,0.41851595416665077,0.09297909447923303,
0,260816,matched,MATCHED_RicianLOS,Proposed_CA_CNN_RNND,6188,0.5595846325159073,0.4542516991496086,0.10533293336629868,
0,260816,matched,MATCHED_RicianLOS,Proposed_CA_CNN_RNND,6189,0.3173697143793106,0.2703719511628151,0.04699775855988264,
0,260816,matched,MATCHED_RicianLOS,Proposed_CA_CNN_RNND,6190,0.33266350626945496,0.2845896705985069,0.04807383753359318,
0,260816,matched,MATCHED_RicianLOS,Proposed_CA_CNN_RNND,6191,0.5581403747200966,0.44060569256544113,0.11753466632217169,
0,260816,matched,MATCHED_RicianLOS,Proposed_CA_CNN_RNND,6192,0.365473922342062,0.30238235741853714,0.06309156323550269,
0,260816,matched,MATCHED_RicianLOS,Proposed_CA_CNN_RNND,6193,0.213651392608881,0.19377112202346325,0.019880272448062897,
0,260816,matched,MATCHED_RicianLOS,Proposed_CA_CNN_RNND,6194,0.30584591068327427,0.2581973150372505,0.04764859541319311,
0,260816,matched,MATCHED_RicianLOS,Proposed_CA_CNN_RNND,6195,0.21078310534358025,0.19016290456056595,0.020620194962248206,
0,260816,matched,MATCHED_RicianLOS,Proposed_CA_CNN_RNND,6196,0.3754810020327568,0.3101215660572052,0.06535944505594671,
0,260816,matched,MATCHED_RicianLOS,Proposed_CA_CNN_RNND,6197,0.2860141210258007,0.2509793806821108,0.035034744534641504,
0,260816,matched,MATCHED_RicianLOS,Proposed_CA_CNN_RNND,6198,0.25888728722929955,0.22790196537971497,0.030985321616753936,
0,260816,matched,MATCHED_RicianLOS,Proposed_CA_CNN_RNND,6199,0.16257145628333092,0.15129612013697624,0.01127533329417929,
0,260816,matched,MATCHED_RicianLOS,Proposed_CA_CNN_RNND,6200,0.3259958755224943,0.2732310127466917,0.05276486335787922,-1.2406873761159027
0,260816,matched,MATCHED_RicianLOS,Proposed_CA_CNN_RNND,6201,0.2631840296089649,0.22969746962189674,0.03348656231537461,
0,260816,matched,MATCHED_RicianLOS,Proposed_CA_CNN_RNND,6202,0.3851514235138893,0.3306840807199478,0.05446735490113497,
0,260816,matched,MATCHED_RicianLOS,Proposed_CA_CNN_RNND,6203,0.28435736522078514,0.249481912702322,0.03487545903772116,
0,260816,matched,MATCHED_RicianLOS,Proposed_CA_CNN_RNND,6204,0.14801175519824028,0.14043015241622925,0.0075816025491803885,
0,260816,matched,MATCHED_RicianLOS,Proposed_CA_CNN_RNND,6205,0.35217395424842834,0.29539307579398155,0.056780871003866196,
0,260816,matched,MATCHED_RicianLOS,Proposed_CA_CNN_RNND,6206,0.2650991529226303,0.2310386225581169,0.03406052524223924,
0,260816,matched,MATCHED_RicianLOS,Proposed_CA_CNN_RNND,6207,0.3514073044061661,0.3023352362215519,0.04907206119969487,
0,260816,matched,MATCHED_RicianLOS,Proposed_CA_CNN_RNND,6208,0.3381364196538925,0.2854032479226589,0.05273318290710449,
0,260816,matched,MATCHED_RicianLOS,Proposed_CA_CNN_RNND,6209,0.22941417433321476,0.20563966780900955,0.023774506349582225,
0,260816,matched,MATCHED_RicianLOS,Proposed_CA_CNN_RNND,6210,0.47855374962091446,0.39771731197834015,0.08083644509315491,
0,260816,matched,MATCHED_RicianLOS,Proposed_CA_CNN_RNND,6211,0.3781110309064388,0.3121851459145546,0.06592588929925114,
0,260816,matched,MATCHED_RicianLOS,Proposed_CA_CNN_RNND,6212,0.46610498428344727,0.37648414075374603,0.08962084446102381,
0,260816,matched,MATCHED_RicianLOS,Proposed_CA_CNN_RNND,6213,0.20747442916035652,0.18571678549051285,0.021757641807198524,
0,260816,matched,MATCHED_RicianLOS,Proposed_CA_CNN_RNND,6214,0.3686118870973587,0.3120395690202713,0.05657232052180916,
0,260816,matched,MATCHED_RicianLOS,Proposed_CA_CNN_RNND,6215,0.23036295920610428,0.20347858779132366,0.026884371414780617,
0,260816,matched,MATCHED_RicianLOS,Proposed_CA_CNN_RNND,6216,0.16681935265660286,0.1592639535665512,0.007555397460237145,
0,260816,matched,MATCHED_RicianLOS,Proposed_CA_CNN_RNND,6217,0.3252246454358101,0.28237541019916534,0.0428492350038141,
0,260816,matched,MATCHED_RicianLOS,Proposed_CA_CNN_RNND,6218,0.3397646099328995,0.28720707073807716,0.05255754035897553,
0,260816,matched,MATCHED_RicianLOS,Proposed_CA_CNN_RNND,6219,0.4662017300724983,0.38571272045373917,0.08048900309950113,
0,260816,matched,MATCHED_RicianLOS,Proposed_CA_CNN_RNND,6220,0.31615205481648445,0.2685527540743351,0.047599292593076825,
0,260816,matched,MATCHED_RicianLOS,Proposed_CA_CNN_RNND,6221,0.17043401300907135,0.1593576930463314,0.011076317634433508,
0,260816,matched,MATCHED_RicianLOS,Proposed_CA_CNN_RNND,6222,0.29516947641968727,0.2577584832906723,0.03741099900798872,
0,260816,matched,MATCHED_RicianLOS,Proposed_CA_CNN_RNND,6223,0.324219711124897,0.2842399477958679,0.039979762863367796,
0,260816,matched,MATCHED_RicianLOS,Proposed_CA_CNN_RNND,6224,0.2652011811733246,0.2326806467026472,0.03252053027972579,
0,260816,matched,MATCHED_RicianLOS,Proposed_CA_CNN_RNND,6225,0.3341948203742504,0.2879420444369316,0.04625277826562524,
0,260816,matched,MATCHED_RicianLOS,Proposed_CA_CNN_RNND,6226,0.3209770657122135,0.27893973141908646,0.04203733371105045,
0,260816,matched,MATCHED_RicianLOS,Proposed_CA_CNN_RNND,6227,0.29054222255945206,0.24963223561644554,0.04090998030733317,
0,260816,matched,MATCHED_RicianLOS,Proposed_CA_CNN_RNND,6228,0.24530286714434624,0.21587880328297615,0.02942406409420073,
0,260816,matched,MATCHED_RicianLOS,Proposed_CA_CNN_RNND,6229,0.21029720455408096,0.1921163871884346,0.018180815735831857,
0,260816,matched,MATCHED_RicianLOS,Proposed_CA_CNN_RNND,6230,0.23874225467443466,0.2100837342441082,0.028658519964665174,
0,260816,matched,MATCHED_RicianLOS,Proposed_CA_CNN_RNND,6231,0.3886040300130844,0.32723185792565346,0.06137217290233821,
0,260816,matched,MATCHED_RicianLOS,Proposed_CA_CNN_RNND,6232,0.36760782450437546,0.3130473680794239,0.054560455959290266,
0,260816,matched,MATCHED_RicianLOS,Proposed_CA_CNN_RNND,6233,0.406901054084301,0.34860431402921677,0.05829673167318106,
0,260816,matched,MATCHED_RicianLOS,Proposed_CA_CNN_RNND,6234,0.391825120896101,0.32392023131251335,0.06790488469414413,
0,260816,matched,MATCHED_RicianLOS,Proposed_CA_CNN_RNND,6235,0.15599648468196392,0.1468863319605589,0.009110151324421167,
0,260816,matched,MATCHED_RicianLOS,Proposed_CA_CNN_RNND,6236,0.35469845309853554,0.2952340692281723,0.05946439038962126,
0,260816,matched,MATCHED_RicianLOS,Proposed_CA_CNN_RNND,6237,0.3107621297240257,0.2700625993311405,0.0406995234079659,
0,260816,matched,MATCHED_RicianLOS,Proposed_CA_CNN_RNND,6238,0.3347792699933052,0.2802811786532402,0.05449809192214161,
0,260816,matched,MATCHED_RicianLOS,Proposed_CA_CNN_RNND,6239,0.29855436086654663,0.2581728659570217,0.040381500497460365,
0,260816,matched,MATCHED_RicianLOS,Proposed_CA_CNN_RNND,6240,0.4527735412120819,0.3756212145090103,0.0771523229777813,
0,260816,matched,MATCHED_RicianLOS,Proposed_CA_CNN_RNND,6241,0.25090378895401955,0.21550986170768738,0.03539393551182002,
0,260816,matched,MATCHED_RicianLOS,Proposed_CA_CNN_RNND,6242,0.2549065835773945,0.22804883494973183,0.02685774047859013,
0,260816,matched,MATCHED_RicianLOS,Proposed_CA_CNN_RNND,6243,0.26963793113827705,0.2358921878039837,0.033745745779015124,
0,260816,matched,MATCHED_RicianLOS,Proposed_CA_CNN_RNND,6244,0.3684982694685459,0.3170006237924099,0.051497639156877995,
0,260816,matched,MATCHED_RicianLOS,Proposed_CA_CNN_RNND,6245,0.2918038070201874,0.2556724436581135,0.036131361266598105,
0,260816,matched,MATCHED_RicianLOS,Proposed_CA_CNN_RNND,6246,0.38285253196954727,0.3242870345711708,0.058565495535731316,
0,260816,matched,MATCHED_RicianLOS,Proposed_CA_CNN_RNND,6247,0.32832062989473343,0.2781082019209862,0.050212429370731115,
0,260816,matched,MATCHED_RicianLOS,Proposed_CA_CNN_RNND,6248,0.3321579284965992,0.29252877831459045,0.03962914878502488,
0,260816,matched,MATCHED_RicianLOS,Proposed_CA_CNN_RNND,6249,0.3508118689060211,0.29199207574129105,0.05881979875266552,
0,260816,matched,MATCHED_RicianLOS,Proposed_CA_CNN_RNND,6250,0.16774811781942844,0.15849525295197964,0.009252867894247174,
0,260816,matched,MATCHED_RicianLOS,Proposed_CA_CNN_RNND,6251,0.31188685819506645,0.2646213322877884,0.04726552776992321,
0,260816,matched,MATCHED_RicianLOS,Proposed_CA_CNN_RNND,6252,0.4706019014120102,0.3801277279853821,0.09047417528927326,
0,260816,matched,MATCHED_RicianLOS,Proposed_CA_CNN_RNND,6253,0.29315390810370445,0.25683433935046196,0.036319575272500515,
0,260816,matched,MATCHED_RicianLOS,Proposed_CA_CNN_RNND,6254,0.19434083625674248,0.17455058172345161,0.019790259015280753,
0,260816,matched,MATCHED_RicianLOS,Proposed_CA_CNN_RNND,6255,0.17874188162386417,0.1668832004070282,0.011858680634759367,
0,260816,matched,MATCHED_RicianLOS,Proposed_CA_CNN_RNND,6256,0.31687241047620773,0.27691444754600525,0.03995796258095652,
0,260816,matched,MATCHED_RicianLOS,Proposed_CA_CNN_RNND,6257,0.33286546915769577,0.28289569169282913,0.04996978072449565,
0,260816,matched,MATCHED_RicianLOS,Proposed_CA_CNN_RNND,6258,0.2765887528657913,0.24323761090636253,0.03335114335641265,
0,260816,matched,MATCHED_RicianLOS,Proposed_CA_CNN_RNND,6259,0.32904691249132156,0.2820265479385853,0.04702036513481289,
0,260816,matched,MATCHED_RicianLOS,Proposed_CA_CNN_RNND,6260,0.31080252304673195,0.27500060200691223,0.035801930353045464,
0,260816,matched,MATCHED_RicianLOS,Proposed_CA_CNN_RNND,6261,0.383212074637413,0.33063624054193497,0.05257583595812321,
0,260816,matched,MATCHED_RicianLOS,Proposed_CA_CNN_RNND,6262,0.36095544323325157,0.3094238229095936,0.05153161007910967,
0,260816,matched,MATCHED_RicianLOS,Proposed_CA_CNN_RNND,6263,0.29041600599884987,0.25650980696082115,0.0339061978738755,
0,260816,matched,MATCHED_RicianLOS,Proposed_CA_CNN_RNND,6264,0.28743235021829605,0.2443714328110218,0.04306091135367751,
0,260816,matched,MATCHED_RicianLOS,Proposed_CA_CNN_RNND,6265,0.23122549057006836,0.20578084141016006,0.025444651022553444,
0,260816,matched,MATCHED_RicianLOS,Proposed_CA_CNN_RNND,6266,0.2859061434864998,0.24734687060117722,0.038559270557016134,
0,260816,matched,MATCHED_RicianLOS,Proposed_CA_CNN_RNND,6267,0.3002144880592823,0.26360751688480377,0.036606970708817244,
0,260816,matched,MATCHED_RicianLOS,Proposed_CA_CNN_RNND,6268,0.2829046994447708,0.24450755305588245,0.03839714592322707,
0,260816,matched,MATCHED_RicianLOS,Proposed_CA_CNN_RNND,6269,0.32052963972091675,0.2788907214999199,0.041638927068561316,
0,260816,matched,MATCHED_RicianLOS,Proposed_CA_CNN_RNND,6270,0.2745871990919113,0.24267688766121864,0.031910306541249156,
0,260816,matched,MATCHED_RicianLOS,Proposed_CA_CNN_RNND,6271,0.47642573714256287,0.39505356550216675,0.08137217722833157,
0,260816,matched,MATCHED_RicianLOS,Proposed_CA_CNN_RNND,6272,0.24617066234350204,0.21451956778764725,0.03165108826942742,
0,260816,matched,MATCHED_RicianLOS,Proposed_CA_CNN_RNND,6273,0.3648966886103153,0.31069693714380264,0.05419975460972637,
0,260816,matched,MATCHED_RicianLOS,Proposed_CA_CNN_RNND,6274,0.36615025624632835,0.3079908862709999,0.058159364270977676,
0,260816,matched,MATCHED_RicianLOS,Proposed_CA_CNN_RNND,6275,0.29559655115008354,0.24975205212831497,0.045844498090445995,
0,260816,matched,MATCHED_RicianLOS,Proposed_CA_CNN_RNND,6276,0.2439805530011654,0.21849410608410835,0.02548644447233528,
0,260816,matched,MATCHED_RicianLOS,Proposed_CA_CNN_RNND,6277,0.3678729981184006,0.30941085517406464,0.0584621480666101,
0,260816,matched,MATCHED_RicianLOS,Proposed_CA_CNN_RNND,6278,0.35167136788368225,0.3023121990263462,0.049359169555827975,
0,260816,matched,MATCHED_RicianLOS,Proposed_CA_CNN_RNND,6279,0.403949536383152,0.3346019759774208,0.06934755947440863,
0,260816,matched,MATCHED_RicianLOS,Proposed_CA_CNN_RNND,6280,0.4243752807378769,0.3532617539167404,0.07111351424828172,
0,260816,matched,MATCHED_RicianLOS,Proposed_CA_CNN_RNND,6281,0.2676479183137417,0.23558356054127216,0.032064362429082394,
0,260816,matched,MATCHED_RicianLOS,Proposed_CA_CNN_RNND,6282,0.4362889230251312,0.3645749166607857,0.07171399891376495,
0,260816,matched,MATCHED_RicianLOS,Proposed_CA_CNN_RNND,6283,0.47248898446559906,0.3871578685939312,0.08533111121505499,
0,260816,matched,MATCHED_RicianLOS,Proposed_CA_CNN_RNND,6284,0.37034059315919876,0.30224622786045074,0.06809436390176415,
0,260816,matched,MATCHED_RicianLOS,Proposed_CA_CNN_RNND,6285,0.3794340342283249,0.31310635805130005,0.06632768362760544,
0,260816,matched,MATCHED_RicianLOS,Proposed_CA_CNN_RNND,6286,0.4258498474955559,0.36108092963695526,0.06476892251521349,
0,260816,matched,MATCHED_RicianLOS,Proposed_CA_CNN_RNND,6287,0.47971853613853455,0.3947885110974312,0.08493002690374851,
0,260816,matched,MATCHED_RicianLOS,Proposed_CA_CNN_RNND,6288,0.365531574934721,0.30814485624432564,0.05738671566359699,
0,260816,matched,MATCHED_RicianLOS,Proposed_CA_CNN_RNND,6289,0.31009697541594505,0.27066193148493767,0.039435050915926695,
0,260816,matched,MATCHED_RicianLOS,Proposed_CA_CNN_RNND,6290,0.2095928806811571,0.18329670280218124,0.026296177878975868,
0,260816,matched,MATCHED_RicianLOS,Proposed_CA_CNN_RNND,6291,0.3875097744166851,0.3239879086613655,0.06352185737341642,
0,260816,matched,MATCHED_RicianLOS,Proposed_CA_CNN_RNND,6292,0.3063528947532177,0.2606086563318968,0.04574423539452255,
0,260816,matched,MATCHED_RicianLOS,Proposed_CA_CNN_RNND,6293,0.31863677501678467,0.2818114459514618,0.036825334187597036,
0,260816,matched,MATCHED_RicianLOS,Proposed_CA_CNN_RNND,6294,0.2743257787078619,0.23535173386335373,0.038974051392870024,
0,260816,matched,MATCHED_RicianLOS,Proposed_CA_CNN_RNND,6295,0.22148354537785053,0.19553110376000404,0.025952440220862627,
0,260816,matched,MATCHED_RicianLOS,Proposed_CA_CNN_RNND,6296,0.32303140312433243,0.28518056869506836,0.03785083396360278,
0,260816,matched,MATCHED_RicianLOS,Proposed_CA_CNN_RNND,6297,0.41704317554831505,0.346226055175066,0.0708171259611845,
0,260816,matched,MATCHED_RicianLOS,Proposed_CA_CNN_RNND,6298,0.36798445880413055,0.31236541271209717,0.05561904702335596,
0,260816,matched,MATCHED_RicianLOS,Proposed_CA_CNN_RNND,6299,0.27593841031193733,0.2401236556470394,0.03581476118415594,
0,260816,matched,MATCHED_RicianLOS,Proposed_CA_CNN_RNND,6300,0.48557494580745697,0.400282084941864,0.0852928701788187,
0,260816,matched,MATCHED_RicianLOS,Proposed_CA_CNN_RNND,6301,0.3739136755466461,0.3127235099673271,0.06119017116725445,
0,260816,matched,MATCHED_RicianLOS,Proposed_CA_CNN_RNND,6302,0.284311568364501,0.24286828935146332,0.04144326946698129,
0,260816,matched,MATCHED_RicianLOS,Proposed_CA_CNN_RNND,6303,0.4132944867014885,0.35003894194960594,0.06325555313378572,
0,260816,matched,MATCHED_RicianLOS,Proposed_CA_CNN_RNND,6304,0.36925045028328896,0.3119092471897602,0.05734120402485132,
0,260816,matched,MATCHED_RicianLOS,Proposed_CA_CNN_RNND,6305,0.27242764085531235,0.24395359307527542,0.028474047780036926,
0,260816,matched,MATCHED_RicianLOS,Proposed_CA_CNN_RNND,6306,0.43511972576379776,0.3646905869245529,0.07042914326302707,
0,260816,matched,MATCHED_RicianLOS,Proposed_CA_CNN_RNND,6307,0.3948872499167919,0.326755054295063,0.06813219748437405,
0,260816,matched,MATCHED_RicianLOS,Proposed_CA_CNN_RNND,6308,0.33008357509970665,0.27863725274801254,0.0514463281724602,
0,260816,matched,MATCHED_RicianLOS,Proposed_CA_CNN_RNND,6309,0.20200365781784058,0.1797659732401371,0.022237682482227683,
0,260816,matched,MATCHED_RicianLOS,Proposed_CA_CNN_RNND,6310,0.37724112533032894,0.30959845148026943,0.06764266910613514,
0,260816,matched,MATCHED_RicianLOS,Proposed_CA_CNN_RNND,6311,0.45396139472723007,0.3682922124862671,0.08566917106509209,
0,260816,matched,MATCHED_RicianLOS,Proposed_CA_CNN_RNND,6312,0.27935490012168884,0.24390479922294617,0.03545010625384748,
0,260816,matched,MATCHED_RicianLOS,Proposed_CA_CNN_RNND,6313,0.3687105178833008,0.308954194188118,0.05975632055196911,
0,260816,matched,MATCHED_RicianLOS,Proposed_CA_CNN_RNND,6314,0.28033240884542465,0.2476237788796425,0.03270862833596766,
0,260816,matched,MATCHED_RicianLOS,Proposed_CA_CNN_RNND,6315,0.34732962772250175,0.2959663048386574,0.05136331869289279,
0,260816,matched,MATCHED_RicianLOS,Proposed_CA_CNN_RNND,6316,0.3217108026146889,0.2719578966498375,0.049752906896173954,
0,260816,matched,MATCHED_RicianLOS,Proposed_CA_CNN_RNND,6317,0.35449330508708954,0.3044738620519638,0.05001944722607732,
0,260816,matched,MATCHED_RicianLOS,Proposed_CA_CNN_RNND,6318,0.2676440719515085,0.23374524898827076,0.033898819936439395,
0,260816,matched,MATCHED_RicianLOS,Proposed_CA_CNN_RNND,6319,0.3269050642848015,0.2820628471672535,0.04484221525490284,
0,260816,matched,MATCHED_RicianLOS,Proposed_CA_CNN_RNND,6320,0.32990869879722595,0.2800002060830593,0.049908496206626296,
0,260816,matched,MATCHED_RicianLOS,Proposed_CA_CNN_RNND,6321,0.48928116261959076,0.4018495976924896,0.08743156306445599,
0,260816,matched,MATCHED_RicianLOS,Proposed_CA_CNN_RNND,6322,0.23177975043654442,0.2096812054514885,0.022098549525253475,
0,260816,matched,MATCHED_RicianLOS,Proposed_CA_CNN_RNND,6323,0.3389458432793617,0.2893969528377056,0.04954889742657542,
0,260816,matched,MATCHED_RicianLOS,Proposed_CA_CNN_RNND,6324,0.3167487271130085,0.26997946947813034,0.04676926153479144,
0,260816,matched,MATCHED_RicianLOS,Proposed_CA_CNN_RNND,6325,0.27399537339806557,0.2407854050397873,0.033209963934496045,
0,260816,matched,MATCHED_RicianLOS,Proposed_CA_CNN_RNND,6326,0.3398883454501629,0.290684275329113,0.04920407198369503,
0,260816,matched,MATCHED_RicianLOS,Proposed_CA_CNN_RNND,6327,0.46620190143585205,0.3885716386139393,0.07763027306646109,
0,260816,matched,MATCHED_RicianLOS,Proposed_CA_CNN_RNND,6328,0.3794823754578829,0.31124085560441017,0.06824152416083962,
0,260816,matched,MATCHED_RicianLOS,Proposed_CA_CNN_RNND,6329,0.33177442476153374,0.28643051721155643,0.045343904581386596,
0,260816,matched,MATCHED_RicianLOS,Proposed_CA_CNN_RNND,6330,0.317361805588007,0.2742837220430374,0.04307808727025986,
0,260816,matched,MATCHED_RicianLOS,Proposed_CA_CNN_RNND,6331,0.28743034414947033,0.248429823666811,0.03900052362587303,
0,260816,matched,MATCHED_RicianLOS,Proposed_CA_CNN_RNND,6332,0.3328484110534191,0.28962522745132446,0.043223192915320396,
0,260816,matched,MATCHED_RicianLOS,Proposed_CA_CNN_RNND,6333,0.17460919171571732,0.16175546497106552,0.012853730353526771,
0,260816,matched,MATCHED_RicianLOS,Proposed_CA_CNN_RNND,6334,0.40719887614250183,0.34757573902606964,0.059623138047754765,
0,260816,matched,MATCHED_RicianLOS,Proposed_CA_CNN_RNND,6335,0.3013588637113571,0.265568595379591,0.035790271242149174,
0,260816,matched,MATCHED_RicianLOS,Proposed_CA_CNN_RNND,6336,0.39766526222229004,0.3321177288889885,0.06554752215743065,
0,260816,matched,MATCHED_RicianLOS,Proposed_CA_CNN_RNND,6337,0.27013054862618446,0.2432641126215458,0.02686643647029996,
0,260816,matched,MATCHED_RicianLOS,Proposed_CA_CNN_RNND,6338,0.34932105243206024,0.3007526621222496,0.04856840334832668,
0,260816,matched,MATCHED_RicianLOS,Proposed_CA_CNN_RNND,6339,0.3769967742264271,0.32025057822465897,0.056746198097243905,
0,260816,matched,MATCHED_RicianLOS,Proposed_CA_CNN_RNND,6340,0.38432926312088966,0.3232375979423523,0.06109165633097291,
0,260816,matched,MATCHED_RicianLOS,Proposed_CA_CNN_RNND,6341,0.30979637801647186,0.26006051898002625,0.04973586229607463,
0,260816,matched,MATCHED_RicianLOS,Proposed_CA_CNN_RNND,6342,0.36999304220080376,0.3174409419298172,0.052552100736647844,
0,260816,matched,MATCHED_RicianLOS,Proposed_CA_CNN_RNND,6343,0.35488076508045197,0.30367349833250046,0.05120726302266121,
0,260816,matched,MATCHED_RicianLOS,Proposed_CA_CNN_RNND,6344,0.3477422520518303,0.2996816597878933,0.048060585744678974,
0,260816,matched,MATCHED_RicianLOS,Proposed_CA_CNN_RNND,6345,0.31481764651834965,0.27316805347800255,0.04164958500768989,
0,260816,matched,MATCHED_RicianLOS,Proposed_CA_CNN_RNND,6346,0.35110733285546303,0.2881625294685364,0.0629448052495718,
0,260816,matched,MATCHED_RicianLOS,Proposed_CA_CNN_RNND,6347,0.2541327401995659,0.22464508563280106,0.029487653635442257,
0,260816,matched,MATCHED_RicianLOS,Proposed_CA_CNN_RNND,6348,0.34717751666903496,0.29572285152971745,0.05145465862005949,
0,260816,matched,MATCHED_RicianLOS,Proposed_CA_CNN_RNND,6349,0.345835130661726,0.28813784942030907,0.057697277748957276,
0,260816,matched,MATCHED_RicianLOS,Proposed_CA_CNN_RNND,6350,0.5002525448799133,0.40919850021600723,0.09105404932051897,
0,260816,matched,MATCHED_RicianLOS,Proposed_CA_CNN_RNND,6351,0.42436429485678673,0.3526128679513931,0.07175142224878073,
0,260816,matched,MATCHED_RicianLOS,Proposed_CA_CNN_RNND,6352,0.36472564190626144,0.30503446236252785,0.05969117349013686,
0,260816,matched,MATCHED_RicianLOS,Proposed_CA_CNN_RNND,6353,0.3635478615760803,0.310783252120018,0.052764599211513996,
0,260816,matched,MATCHED_RicianLOS,Proposed_CA_CNN_RNND,6354,0.25689611956477165,0.23266180604696274,0.02423431328497827,
0,260816,matched,MATCHED_RicianLOS,Proposed_CA_CNN_RNND,6355,0.2662474550306797,0.2343079075217247,0.03193955007009208,
0,260816,matched,MATCHED_RicianLOS,Proposed_CA_CNN_RNND,6356,0.30938252061605453,0.26835164055228233,0.041030880995094776,
0,260816,matched,MATCHED_RicianLOS,Proposed_CA_CNN_RNND,6357,0.3755781054496765,0.3229748420417309,0.052603255258873105,
0,260816,matched,MATCHED_RicianLOS,Proposed_CA_CNN_RNND,6358,0.29347551241517067,0.2550719864666462,0.03840352944098413,
0,260816,matched,MATCHED_RicianLOS,Proposed_CA_CNN_RNND,6359,0.3425171598792076,0.29294537007808685,0.049571797251701355,
0,260816,matched,MATCHED_RicianLOS,Proposed_CA_CNN_RNND,6360,0.270454041659832,0.2354523129761219,0.03500172705389559,
0,260816,matched,MATCHED_RicianLOS,Proposed_CA_CNN_RNND,6361,0.26477276906371117,0.22913496755063534,0.03563779464457184,
0,260816,matched,MATCHED_RicianLOS,Proposed_CA_CNN_RNND,6362,0.20541827753186226,0.1848592571914196,0.02055901801213622,
0,260816,matched,MATCHED_RicianLOS,Proposed_CA_CNN_RNND,6363,0.2962630167603493,0.2573567293584347,0.03890629066154361,
0,260816,matched,MATCHED_RicianLOS,Proposed_CA_CNN_RNND,6364,0.26548023149371147,0.23265700414776802,0.03282322618179023,
0,260816,matched,MATCHED_RicianLOS,Proposed_CA_CNN_RNND,6365,0.28918684646487236,0.24465127289295197,0.04453556938096881,
0,260816,matched,MATCHED_RicianLOS,Proposed_CA_CNN_RNND,6366,0.30017247423529625,0.25951075553894043,0.04066171403974295,
0,260816,matched,MATCHED_RicianLOS,Proposed_CA_CNN_RNND,6367,0.3378352038562298,0.28887833654880524,0.04895686963573098,
0,260816,matched,MATCHED_RicianLOS,Proposed_CA_CNN_RNND,6368,0.24069919064641,0.21527360752224922,0.025425586150959134,
0,260816,matched,MATCHED_RicianLOS,Proposed_CA_CNN_RNND,6369,0.28627604991197586,0.24799507856369019,0.038280977169051766,
0,260816,matched,MATCHED_RicianLOS,Proposed_CA_CNN_RNND,6370,0.2495984397828579,0.222298014909029,0.02730042999610305,
0,260816,matched,MATCHED_RicianLOS,Proposed_CA_CNN_RNND,6371,0.25987506099045277,0.22740215994417667,0.032472901744768023,
0,260816,matched,MATCHED_RicianLOS,Proposed_CA_CNN_RNND,6372,0.4386133551597595,0.37040696293115616,0.06820639781653881,
0,260816,matched,MATCHED_RicianLOS,Proposed_CA_CNN_RNND,6373,0.3242637924849987,0.26989052817225456,0.0543732640799135,
0,260816,matched,MATCHED_RicianLOS,Proposed_CA_CNN_RNND,6374,0.33369768783450127,0.28205133974552155,0.051646353444084525,
0,260816,matched,MATCHED_RicianLOS,Proposed_CA_CNN_RNND,6375,0.2442699894309044,0.21472695097327232,0.029543038457632065,
0,260816,matched,MATCHED_RicianLOS,Proposed_CA_CNN_RNND,6376,0.2929852567613125,0.2516769915819168,0.04130826564505696,
0,260816,matched,MATCHED_RicianLOS,Proposed_CA_CNN_RNND,6377,0.44143689423799515,0.3676715977489948,0.07376530952751637,
0,260816,matched,MATCHED_RicianLOS,Proposed_CA_CNN_RNND,6378,0.30637799203395844,0.2637521103024483,0.04262587986886501,
0,260816,matched,MATCHED_RicianLOS,Proposed_CA_CNN_RNND,6379,0.31563328579068184,0.2726762816309929,0.042957006487995386,
0,260816,matched,MATCHED_RicianLOS,Proposed_CA_CNN_RNND,6380,0.36884206533432007,0.3119993880391121,0.056842664955183864,
0,260816,matched,MATCHED_RicianLOS,Proposed_CA_CNN_RNND,6381,0.4017935637384653,0.3271498754620552,0.0746436775662005,
0,260816,matched,MATCHED_RicianLOS,Proposed_CA_CNN_RNND,6382,0.3370727188885212,0.29070061445236206,0.0463721085106954,
0,260816,matched,MATCHED_RicianLOS,Proposed_CA_CNN_RNND,6383,0.37901826575398445,0.3281087912619114,0.05090946797281504,
0,260816,matched,MATCHED_RicianLOS,Proposed_CA_CNN_RNND,6384,0.32731468230485916,0.28505855426192284,0.04225612245500088,
0,260816,matched,MATCHED_RicianLOS,Proposed_CA_CNN_RNND,6385,0.3640858568251133,0.30961957573890686,0.05446628271602094,
0,260816,matched,MATCHED_RicianLOS,Proposed_CA_CNN_RNND,6386,0.3456467557698488,0.2881410513073206,0.05750570283271372,
0,260816,matched,MATCHED_RicianLOS,Proposed_CA_CNN_RNND,6387,0.2389022558927536,0.21024573221802711,0.028656528098508716,
0,260816,matched,MATCHED_RicianLOS,Proposed_CA_CNN_RNND,6388,0.4545726776123047,0.3732420355081558,0.08133064582943916,
0,260816,matched,MATCHED_RicianLOS,Proposed_CA_CNN_RNND,6389,0.36563200503587723,0.3042451962828636,0.061386801302433014,
0,260816,matched,MATCHED_RicianLOS,Proposed_CA_CNN_RNND,6390,0.28415290266275406,0.2547064684331417,0.029446433123666793,
0,260816,matched,MATCHED_RicianLOS,Proposed_CA_CNN_RNND,6391,0.3503471277654171,0.29678937420248985,0.05355774937197566,
0,260816,matched,MATCHED_RicianLOS,Proposed_CA_CNN_RNND,6392,0.38215218484401703,0.3218243233859539,0.06032786099240184,
0,260816,matched,MATCHED_RicianLOS,Proposed_CA_CNN_RNND,6393,0.35759362205863,0.30462270602583885,0.05297091510146856,
0,260816,matched,MATCHED_RicianLOS,Proposed_CA_CNN_RNND,6394,0.3266235888004303,0.2761083170771599,0.05051527498289943,
0,260816,matched,MATCHED_RicianLOS,Proposed_CA_CNN_RNND,6395,0.3629818558692932,0.3032780960202217,0.059703768230974674,
0,260816,matched,MATCHED_RicianLOS,Proposed_CA_CNN_RNND,6396,0.46260785311460495,0.38715916126966476,0.07544869277626276,
0,260816,matched,MATCHED_RicianLOS,Proposed_CA_CNN_RNND,6397,0.19387014582753181,0.17062724009156227,0.02324290736578405,
0,260816,matched,MATCHED_RicianLOS,Proposed_CA_CNN_RNND,6398,0.4536493271589279,0.3761599287390709,0.07748939376324415,
0,260816,matched,MATCHED_RicianLOS,Proposed_CA_CNN_RNND,6399,0.2321663312613964,0.21176693588495255,0.020399394677951932,
0,260816,matched,MATCHED_RicianLOS,Proposed_CA_CNN_RNND,6400,0.45241107046604156,0.3763144016265869,0.07609667256474495,-1.2404532922898084
0,260816,matched,MATCHED_RicianLOS,Proposed_CA_CNN_RNND,6401,0.27261992543935776,0.23220882192254066,0.040411101188510656,
0,260816,matched,MATCHED_RicianLOS,Proposed_CA_CNN_RNND,6402,0.3055828809738159,0.2654673866927624,0.04011549218557775,
0,260816,matched,MATCHED_RicianLOS,Proposed_CA_CNN_RNND,6403,0.2363574169576168,0.2047168668359518,0.03164054243825376,
0,260816,matched,MATCHED_RicianLOS,Proposed_CA_CNN_RNND,6404,0.24020791426301003,0.21013955026865005,0.030068370047956705,
0,260816,matched,MATCHED_RicianLOS,Proposed_CA_CNN_RNND,6405,0.31194978207349777,0.2638581171631813,0.04809166910126805,
0,260816,matched,MATCHED_RicianLOS,Proposed_CA_CNN_RNND,6406,0.45391716808080673,0.37162987887859344,0.08228729059919715,
0,260816,matched,MATCHED_RicianLOS,Proposed_CA_CNN_RNND,6407,0.2628573775291443,0.23052488267421722,0.03233249578624964,
0,260816,matched,MATCHED_RicianLOS,Proposed_CA_CNN_RNND,6408,0.31599998846650124,0.2724362798035145,0.04356370121240616,
0,260816,matched,MATCHED_RicianLOS,Proposed_CA_CNN_RNND,6409,0.3371039405465126,0.2839941456913948,0.053109785774722695,
0,260816,matched,MATCHED_RicianLOS,Proposed_CA_CNN_RNND,6410,0.3717941492795944,0.3140934444963932,0.057700702687725425,
0,260816,matched,MATCHED_RicianLOS,Proposed_CA_CNN_RNND,6411,0.35358472540974617,0.2989167273044586,0.0546679962426424,
0,260816,matched,MATCHED_RicianLOS,Proposed_CA_CNN_RNND,6412,0.18889553099870682,0.17219993844628334,0.01669559394940734,
0,260816,matched,MATCHED_RicianLOS,Proposed_CA_CNN_RNND,6413,0.44867848604917526,0.3626652657985687,0.08601322397589684,
0,260816,matched,MATCHED_RicianLOS,Proposed_CA_CNN_RNND,6414,0.28958525136113167,0.24840882793068886,0.04117641528137028,
0,260816,matched,MATCHED_RicianLOS,Proposed_CA_CNN_RNND,6415,0.3253991864621639,0.2858601287007332,0.03953905403614044,
0,260816,matched,MATCHED_RicianLOS,Proposed_CA_CNN_RNND,6416,0.39962153509259224,0.3323790915310383,0.06724242819473147,
0,260816,matched,MATCHED_RicianLOS,Proposed_CA_CNN_RNND,6417,0.28169237077236176,0.24832899495959282,0.03336336906068027,
0,260816,matched,MATCHED_RicianLOS,Proposed_CA_CNN_RNND,6418,0.3283690381795168,0.2791054453700781,0.049263605498708785,
0,260816,matched,MATCHED_RicianLOS,Proposed_CA_CNN_RNND,6419,0.4696103259921074,0.38694310188293457,0.08266723155975342,
0,260816,matched,MATCHED_RicianLOS,Proposed_CA_CNN_RNND,6420,0.40646497532725334,0.3424912430346012,0.06397373508661985,
0,260816,matched,MATCHED_RicianLOS,Proposed_CA_CNN_RNND,6421,0.24189592152833939,0.21612223982810974,0.025773679139092565,
0,260816,matched,MATCHED_RicianLOS,Proposed_CA_CNN_RNND,6422,0.31275011599063873,0.2626160681247711,0.05013405159115791,
0,260816,matched,MATCHED_RicianLOS,Proposed_CA_CNN_RNND,6423,0.3969097100198269,0.3295694328844547,0.06734028132632375,
0,260816,matched,MATCHED_RicianLOS,Proposed_CA_CNN_RNND,6424,0.24358626455068588,0.2251368798315525,0.018449385883286595,
0,260816,matched,MATCHED_RicianLOS,Proposed_CA_CNN_RNND,6425,0.2735699862241745,0.23683902621269226,0.036730964202433825,
0,260816,matched,MATCHED_RicianLOS,Proposed_CA_CNN_RNND,6426,0.4009034261107445,0.33295220881700516,0.06795122707262635,
0,260816,matched,MATCHED_RicianLOS,Proposed_CA_CNN_RNND,6427,0.422078937292099,0.3484409302473068,0.07363800285384059,
0,260816,matched,MATCHED_RicianLOS,Proposed_CA_CNN_RNND,6428,0.3220837488770485,0.27727751061320305,0.04480624373536557,
0,260816,matched,MATCHED_RicianLOS,Proposed_CA_CNN_RNND,6429,0.3591545298695564,0.3010224550962448,0.05813207011669874,
0,260816,matched,MATCHED_RicianLOS,Proposed_CA_CNN_RNND,6430,0.3087464217096567,0.2596322111785412,0.04911420913413167,
0,260816,matched,MATCHED_RicianLOS,Proposed_CA_CNN_RNND,6431,0.36618024855852127,0.31452664732933044,0.05165359936654568,
0,260816,matched,MATCHED_RicianLOS,Proposed_CA_CNN_RNND,6432,0.48892372101545334,0.3937588781118393,0.0951648443005979,
0,260816,matched,MATCHED_RicianLOS,Proposed_CA_CNN_RNND,6433,0.32439611479640007,0.28232352808117867,0.042072589974850416,
0,260816,matched,MATCHED_RicianLOS,Proposed_CA_CNN_RNND,6434,0.21710941568017006,0.19178175181150436,0.025327665731310844,
0,260816,matched,MATCHED_RicianLOS,Proposed_CA_CNN_RNND,6435,0.39114293456077576,0.3295443691313267,0.06159856030717492,
0,260816,matched,MATCHED_RicianLOS,Proposed_CA_CNN_RNND,6436,0.43384433537721634,0.37101321667432785,0.06283111963421106,
0,260816,matched,MATCHED_RicianLOS,Proposed_CA_CNN_RNND,6437,0.20880495011806488,0.189858702942729,0.018946247291751206,
0,260816,matched,MATCHED_RicianLOS,Proposed_CA_CNN_RNND,6438,0.17986460402607918,0.1654578447341919,0.014406763482838869,
0,260816,matched,MATCHED_RicianLOS,Proposed_CA_CNN_RNND,6439,0.3881680965423584,0.3294806629419327,0.05868742987513542,
0,260816,matched,MATCHED_RicianLOS,Proposed_CA_CNN_RNND,6440,0.17936881631612778,0.16139655001461506,0.017972268164157867,
0,260816,matched,MATCHED_RicianLOS,Proposed_CA_CNN_RNND,6441,0.3904029466211796,0.3245425336062908,0.06586041091941297,
0,260816,matched,MATCHED_RicianLOS,Proposed_CA_CNN_RNND,6442,0.40386004745960236,0.3344525992870331,0.06940745236352086,
0,260816,matched,MATCHED_RicianLOS,Proposed_CA_CNN_RNND,6443,0.33407222107052803,0.2811644710600376,0.05290774954482913,
0,260816,matched,MATCHED_RicianLOS,Proposed_CA_CNN_RNND,6444,0.26219329982995987,0.2263328731060028,0.035860425559803843,
0,260816,matched,MATCHED_RicianLOS,Proposed_CA_CNN_RNND,6445,0.39957403019070625,0.32922299578785896,0.07035103114321828,
0,260816,matched,MATCHED_RicianLOS,Proposed_CA_CNN_RNND,6446,0.30854589864611626,0.2683381140232086,0.040207788813859224,
0,260816,matched,MATCHED_RicianLOS,Proposed_CA_CNN_RNND,6447,0.25682264007627964,0.22622858360409737,0.030594061478041112,
0,260816,matched,MATCHED_RicianLOS,Proposed_CA_CNN_RNND,6448,0.24144632369279861,0.21605507656931877,0.0253912468906492,
0,260816,matched,MATCHED_RicianLOS,Proposed_CA_CNN_RNND,6449,0.26499965973198414,0.23092792555689812,0.03407172969309613,
0,260816,matched,MATCHED_RicianLOS,Proposed_CA_CNN_RNND,6450,0.4042862579226494,0.3365144357085228,0.06777182780206203,
0,260816,matched,MATCHED_RicianLOS,Proposed_CA_CNN_RNND,6451,0.4211597554385662,0.35103388503193855,0.07012587878853083,
0,260816,matched,MATCHED_RicianLOS,Proposed_CA_CNN_RNND,6452,0.3253852128982544,0.28257960826158524,0.042805601842701435,
0,260816,matched,MATCHED_RicianLOS,Proposed_CA_CNN_RNND,6453,0.4458880200982094,0.3678581863641739,0.0780298390891403,
0,260816,matched,MATCHED_RicianLOS,Proposed_CA_CNN_RNND,6454,0.4884606599807739,0.39894093573093414,0.08951972145587206,
0,260816,matched,MATCHED_RicianLOS,Proposed_CA_CNN_RNND,6455,0.3854687884449959,0.32912926003336906,0.05633952468633652,
0,260816,matched,MATCHED_RicianLOS,Proposed_CA_CNN_RNND,6456,0.4147441163659096,0.3444877788424492,0.07025633938610554,
0,260816,matched,MATCHED_RicianLOS,Proposed_CA_CNN_RNND,6457,0.21747270971536636,0.1960761435329914,0.021396565134637058,
0,260816,matched,MATCHED_RicianLOS,Proposed_CA_CNN_RNND,6458,0.2680555284023285,0.23979322239756584,0.028262313804589212,
0,260816,matched,MATCHED_RicianLOS,Proposed_CA_CNN_RNND,6459,0.37044234201312065,0.3134612739086151,0.05698106624186039,
0,260816,matched,MATCHED_RicianLOS,Proposed_CA_CNN_RNND,6460,0.24497828260064125,0.22302036359906197,0.021957912482321262,
0,260816,matched,MATCHED_RicianLOS,Proposed_CA_CNN_RNND,6461,0.26701071485877037,0.2346900776028633,0.03232064098119736,
0,260816,matched,MATCHED_RicianLOS,Proposed_CA_CNN_RNND,6462,0.3626110255718231,0.30100148916244507,0.06160954851657152,
0,260816,matched,MATCHED_RicianLOS,Proposed_CA_CNN_RNND,6463,0.3141270726919174,0.2673424109816551,0.046784669859334826,
0,260816,matched,MATCHED_RicianLOS,Proposed_CA_CNN_RNND,6464,0.3385656028985977,0.28884434700012207,0.0497212593909353,
0,260816,matched,MATCHED_RicianLOS,Proposed_CA_CNN_RNND,6465,0.38517775014042854,0.3297106362879276,0.055467112455517054,
0,260816,matched,MATCHED_RicianLOS,Proposed_CA_CNN_RNND,6466,0.3648901470005512,0.3090229593217373,0.05586718488484621,
0,260816,matched,MATCHED_RicianLOS,Proposed_CA_CNN_RNND,6467,0.3597607873380184,0.3014065809547901,0.05835419986397028,
0,260816,matched,MATCHED_RicianLOS,Proposed_CA_CNN_RNND,6468,0.32138611003756523,0.26909203082323074,0.05229408713057637,
0,260816,matched,MATCHED_RicianLOS,Proposed_CA_CNN_RNND,6469,0.33357417210936546,0.2945564016699791,0.03901777230203152,
0,260816,matched,MATCHED_RicianLOS,Proposed_CA_CNN_RNND,6470,0.40747423470020294,0.33913248777389526,0.06834174506366253,
0,260816,matched,MATCHED_RicianLOS,Proposed_CA_CNN_RNND,6471,0.3878926634788513,0.32668500393629074,0.061207666993141174,
0,260816,matched,MATCHED_RicianLOS,Proposed_CA_CNN_RNND,6472,0.3836580291390419,0.3222241997718811,0.06143384426832199,
0,260816,matched,MATCHED_RicianLOS,Proposed_CA_CNN_RNND,6473,0.32982931286096573,0.2775021865963936,0.05232712929137051,
0,260816,matched,MATCHED_RicianLOS,Proposed_CA_CNN_RNND,6474,0.26229017600417137,0.2278895564377308,0.03440062078880146,
0,260816,matched,MATCHED_RicianLOS,Proposed_CA_CNN_RNND,6475,0.2767103388905525,0.24402258731424809,0.03268775105243549,
0,260816,matched,MATCHED_RicianLOS,Proposed_CA_CNN_RNND,6476,0.23876072838902473,0.21413814276456833,0.0246225802693516,
0,260816,matched,MATCHED_RicianLOS,Proposed_CA_CNN_RNND,6477,0.4834884740412235,0.39489487931132317,0.08859359100461006,
0,260816,matched,MATCHED_RicianLOS,Proposed_CA_CNN_RNND,6478,0.3734886273741722,0.31213631480932236,0.061352319084107876,
0,260816,matched,MATCHED_RicianLOS,Proposed_CA_CNN_RNND,6479,0.3578936792910099,0.3065154366195202,0.05137824499979615,
0,260816,matched,MATCHED_RicianLOS,Proposed_CA_CNN_RNND,6480,0.5062687769532204,0.42018913477659225,0.08607963286340237,
0,260816,matched,MATCHED_RicianLOS,Proposed_CA_CNN_RNND,6481,0.21646565571427345,0.19660666584968567,0.019858990097418427,
0,260816,matched,MATCHED_RicianLOS,Proposed_CA_CNN_RNND,6482,0.2859237864613533,0.25878437608480453,0.02713941317051649,
0,260816,matched,MATCHED_RicianLOS,Proposed_CA_CNN_RNND,6483,0.28203559666872025,0.2440822497010231,0.03795334533788264,
0,260816,matched,MATCHED_RicianLOS,Proposed_CA_CNN_RNND,6484,0.31284599751234055,0.26932285726070404,0.04352313652634621,
0,260816,matched,MATCHED_RicianLOS,Proposed_CA_CNN_RNND,6485,0.31618915870785713,0.2660329341888428,0.05015622975770384,
0,260816,matched,MATCHED_RicianLOS,Proposed_CA_CNN_RNND,6486,0.3280186057090759,0.2864268384873867,0.04159177001565695,
0,260816,matched,MATCHED_RicianLOS,Proposed_CA_CNN_RNND,6487,0.35606036335229874,0.312313474714756,0.043746885843575,
0,260816,matched,MATCHED_RicianLOS,Proposed_CA_CNN_RNND,6488,0.32989514991641045,0.28430481255054474,0.045590342953801155,
0,260816,matched,MATCHED_RicianLOS,Proposed_CA_CNN_RNND,6489,0.3181951865553856,0.2683531977236271,0.04984198627062142,
0,260816,matched,MATCHED_RicianLOS,Proposed_CA_CNN_RNND,6490,0.39610156416893005,0.3308592662215233,0.06524229911155999,
0,260816,matched,MATCHED_RicianLOS,Proposed_CA_CNN_RNND,6491,0.4212483540177345,0.34860341250896454,0.07264493824914098,
0,260816,matched,MATCHED_RicianLOS,Proposed_CA_CNN_RNND,6492,0.21896876767277718,0.19559486955404282,0.023373900912702084,
0,260816,matched,MATCHED_RicianLOS,Proposed_CA_CNN_RNND,6493,0.4013684131205082,0.3345417119562626,0.06682670768350363,
0,260816,matched,MATCHED_RicianLOS,Proposed_CA_CNN_RNND,6494,0.31749751046299934,0.27853525802493095,0.03896224498748779,
0,260816,matched,MATCHED_RicianLOS,Proposed_CA_CNN_RNND,6495,0.3087564520537853,0.2738705053925514,0.03488594572991133,
0,260816,matched,MATCHED_RicianLOS,Proposed_CA_CNN_RNND,6496,0.262409932911396,0.22540050745010376,0.03700942685827613,
0,260816,matched,MATCHED_RicianLOS,Proposed_CA_CNN_RNND,6497,0.416190218180418,0.34630031138658524,0.06988989468663931,
0,260816,matched,MATCHED_RicianLOS,Proposed_CA_CNN_RNND,6498,0.44319668412208557,0.36516784876585007,0.0780288390815258,
0,260816,matched,MATCHED_RicianLOS,Proposed_CA_CNN_RNND,6499,0.24741367995738983,0.21978284791111946,0.027630828553810716,
0,260816,matched,MATCHED_RicianLOS,Proposed_CA_CNN_RNND,6500,0.2318908143788576,0.20543952658772469,0.026451286976225674,
0,260816,matched,MATCHED_RicianLOS,Proposed_CA_CNN_RNND,6501,0.4263915568590164,0.34511981531977654,0.08127174759283662,
0,260816,matched,MATCHED_RicianLOS,Proposed_CA_CNN_RNND,6502,0.374214768409729,0.32582390308380127,0.04839086811989546,
0,260816,matched,MATCHED_RicianLOS,Proposed_CA_CNN_RNND,6503,0.41013058088719845,0.34673099406063557,0.0633995863609016,
0,260816,matched,MATCHED_RicianLOS,Proposed_CA_CNN_RNND,6504,0.3809399902820587,0.3177066259086132,0.06323335925117135,
0,260816,matched,MATCHED_RicianLOS,Proposed_CA_CNN_RNND,6505,0.37179310992360115,0.31180365011096,0.05998945888131857,
0,260816,matched,MATCHED_RicianLOS,Proposed_CA_CNN_RNND,6506,0.42010196670889854,0.3479594923555851,0.07214246864896268,
0,260816,matched,MATCHED_RicianLOS,Proposed_CA_CNN_RNND,6507,0.3801686577498913,0.31844446808099747,0.06172418361529708,
0,260816,matched,MATCHED_RicianLOS,Proposed_CA_CNN_RNND,6508,0.3874567411839962,0.324214443564415,0.06324230134487152,
0,260816,matched,MATCHED_RicianLOS,Proposed_CA_CNN_RNND,6509,0.23101039603352547,0.2039608359336853,0.027049560332670808,
0,260816,matched,MATCHED_RicianLOS,Proposed_CA_CNN_RNND,6510,0.44330865144729614,0.3717327192425728,0.07157592521980405,
0,260816,matched,MATCHED_RicianLOS,Proposed_CA_CNN_RNND,6511,0.37898531928658485,0.31776830181479454,0.06121702212840319,
0,260816,matched,MATCHED_RicianLOS,Proposed_CA_CNN_RNND,6512,0.30381326377391815,0.25924254581332207,0.044570721220225096,
0,260816,matched,MATCHED_RicianLOS,Proposed_CA_CNN_RNND,6513,0.34295957908034325,0.2937317565083504,0.0492278216406703,
0,260816,matched,MATCHED_RicianLOS,Proposed_CA_CNN_RNND,6514,0.27956415712833405,0.24144231900572777,0.03812183835543692,
0,260816,matched,MATCHED_RicianLOS,Proposed_CA_CNN_RNND,6515,0.22301457822322845,0.20289326086640358,0.020121316192671657,
0,260816,matched,MATCHED_RicianLOS,Proposed_CA_CNN_RNND,6516,0.17202219180762768,0.15873723104596138,0.0132849634392187,
0,260816,matched,MATCHED_RicianLOS,Proposed_CA_CNN_RNND,6517,0.4482695087790489,0.3726596012711525,0.07560990564525127,
0,260816,matched,MATCHED_RicianLOS,Proposed_CA_CNN_RNND,6518,0.38454071432352066,0.3235235884785652,0.0610171229345724,
0,260816,matched,MATCHED_RicianLOS,Proposed_CA_CNN_RNND,6519,0.24668317288160324,0.22078683227300644,0.025896333856508136,
0,260816,matched,MATCHED_RicianLOS,Proposed_CA_CNN_RNND,6520,0.4784872326999903,0.3874232638627291,0.09106396639253944,
0,260816,matched,MATCHED_RicianLOS,Proposed_CA_CNN_RNND,6521,0.2501061260700226,0.2218509204685688,0.028255206998437643,
0,260816,matched,MATCHED_RicianLOS,Proposed_CA_CNN_RNND,6522,0.3015475571155548,0.2644176408648491,0.03712991904467344,
0,260816,matched,MATCHED_RicianLOS,Proposed_CA_CNN_RNND,6523,0.2355605512857437,0.21161701530218124,0.023943535052239895,
0,260816,matched,MATCHED_RicianLOS,Proposed_CA_CNN_RNND,6524,0.45001349598169327,0.37105944007635117,0.0789540633559227,
0,260816,matched,MATCHED_RicianLOS,Proposed_CA_CNN_RNND,6525,0.4168040342628956,0.35037992522120476,0.06642411509528756,
0,260816,matched,MATCHED_RicianLOS,Proposed_CA_CNN_RNND,6526,0.31424296274781227,0.2730533368885517,0.04118962923530489,
0,260816,matched,MATCHED_RicianLOS,Proposed_CA_CNN_RNND,6527,0.2820523679256439,0.24901285581290722,0.03303950803820044,
0,260816,matched,MATCHED_RicianLOS,Proposed_CA_CNN_RNND,6528,0.44874154031276703,0.3670986481010914,0.08164288569241762,
0,260816,matched,MATCHED_RicianLOS,Proposed_CA_CNN_RNND,6529,0.3457915224134922,0.2917359471321106,0.05405557993799448,
0,260816,matched,MATCHED_RicianLOS,Proposed_CA_CNN_RNND,6530,0.2522245794534683,0.22091398015618324,0.03131060255691409,
0,260816,matched,MATCHED_RicianLOS,Proposed_CA_CNN_RNND,6531,0.35364776849746704,0.30075882375240326,0.052888939157128334,
0,260816,matched,MATCHED_RicianLOS,Proposed_CA_CNN_RNND,6532,0.2238968089222908,0.20167304202914238,0.022223770385608077,
0,260816,matched,MATCHED_RicianLOS,Proposed_CA_CNN_RNND,6533,0.2563225105404854,0.22747927531599998,0.028843236155807972,
0,260816,matched,MATCHED_RicianLOS,Proposed_CA_CNN_RNND,6534,0.23201610147953033,0.20382734388113022,0.028188759461045265,
0,260816,matched,MATCHED_RicianLOS,Proposed_CA_CNN_RNND,6535,0.3459194153547287,0.288160964846611,0.05775845213793218,
0,260816,matched,MATCHED_RicianLOS,Proposed_CA_CNN_RNND,6536,0.3427460379898548,0.29335842654109,0.04938760760705918,
0,260816,matched,MATCHED_RicianLOS,Proposed_CA_CNN_RNND,6537,0.41809212416410446,0.35167793929576874,0.06641418673098087,
0,260816,matched,MATCHED_RicianLOS,Proposed_CA_CNN_RNND,6538,0.2864032983779907,0.2504658028483391,0.035937496926635504,
0,260816,matched,MATCHED_RicianLOS,Proposed_CA_CNN_RNND,6539,0.41828788071870804,0.35274820029735565,0.06553967762738466,
0,260816,matched,MATCHED_RicianLOS,Proposed_CA_CNN_RNND,6540,0.38349369540810585,0.32957834750413895,0.05391535651870072,
0,260816,matched,MATCHED_RicianLOS,Proposed_CA_CNN_RNND,6541,0.19250888004899025,0.17732186615467072,0.015187010169029236,
0,260816,matched,MATCHED_RicianLOS,Proposed_CA_CNN_RNND,6542,0.18815254420042038,0.17647735960781574,0.011675183777697384,
0,260816,matched,MATCHED_RicianLOS,Proposed_CA_CNN_RNND,6543,0.26621272414922714,0.24115115404129028,0.025061571039259434,
0,260816,matched,MATCHED_RicianLOS,Proposed_CA_CNN_RNND,6544,0.3241415433585644,0.2804056704044342,0.04373586573638022,
0,260816,matched,MATCHED_RicianLOS,Proposed_CA_CNN_RNND,6545,0.27368374168872833,0.24213159829378128,0.0315521415323019,
0,260816,matched,MATCHED_RicianLOS,Proposed_CA_CNN_RNND,6546,0.448428213596344,0.3607989251613617,0.087629284709692,
0,260816,matched,MATCHED_RicianLOS,Proposed_CA_CNN_RNND,6547,0.3852068521082401,0.31970708072185516,0.0654997720848769,
0,260816,matched,MATCHED_RicianLOS,Proposed_CA_CNN_RNND,6548,0.33479519560933113,0.286966934800148,0.04782826267182827,
0,260816,matched,MATCHED_RicianLOS,Proposed_CA_CNN_RNND,6549,0.3982672467827797,0.3424374610185623,0.055829794611781836,
0,260816,matched,MATCHED_RicianLOS,Proposed_CA_CNN_RNND,6550,0.4125584810972214,0.34190458804368973,0.07065389165654778,
0,260816,matched,MATCHED_RicianLOS,Proposed_CA_CNN_RNND,6551,0.2813710719347,0.24242409691214561,0.03894697525538504,
0,260816,matched,MATCHED_RicianLOS,Proposed_CA_CNN_RNND,6552,0.344703059643507,0.29336588084697723,0.05133717879652977,
0,260816,matched,MATCHED_RicianLOS,Proposed_CA_CNN_RNND,6553,0.3375971093773842,0.2825407385826111,0.05505636386806145,
0,260816,matched,MATCHED_RicianLOS,Proposed_CA_CNN_RNND,6554,0.32983318343758583,0.2851945087313652,0.044638679595664144,
0,260816,matched,MATCHED_RicianLOS,Proposed_CA_CNN_RNND,6555,0.3822479210793972,0.31938131898641586,0.06286660279147327,
0,260816,matched,MATCHED_RicianLOS,Proposed_CA_CNN_RNND,6556,0.17390688508749008,0.15784742683172226,0.016059454530477524,
0,260816,matched,MATCHED_RicianLOS,Proposed_CA_CNN_RNND,6557,0.2867482230067253,0.2529398947954178,0.033808330073952675,
0,260816,matched,MATCHED_RicianLOS,Proposed_CA_CNN_RNND,6558,0.33464016765356064,0.2851768583059311,0.04946331470273435,
0,260816,matched,MATCHED_RicianLOS,Proposed_CA_CNN_RNND,6559,0.36393096670508385,0.3089746981859207,0.05495626851916313,
0,260816,matched,MATCHED_RicianLOS,Proposed_CA_CNN_RNND,6560,0.24367231875658035,0.21301310881972313,0.030659211333841085,
0,260816,matched,MATCHED_RicianLOS,Proposed_CA_CNN_RNND,6561,0.28401564434170723,0.25275592878460884,0.031259716022759676,
0,260816,matched,MATCHED_RicianLOS,Proposed_CA_CNN_RNND,6562,0.3398548513650894,0.28801918402314186,0.05183566312189214,
0,260816,matched,MATCHED_RicianLOS,Proposed_CA_CNN_RNND,6563,0.3280440755188465,0.2840278781950474,0.04401618568226695,
0,260816,matched,MATCHED_RicianLOS,Proposed_CA_CNN_RNND,6564,0.2783139441162348,0.23804964125156403,0.04026430251542479,
0,260816,matched,MATCHED_RicianLOS,Proposed_CA_CNN_RNND,6565,0.3147874213755131,0.2763274386525154,0.03845998691394925,
0,260816,matched,MATCHED_RicianLOS,Proposed_CA_CNN_RNND,6566,0.36239525116980076,0.3044914938509464,0.057903767708921805,
0,260816,matched,MATCHED_RicianLOS,Proposed_CA_CNN_RNND,6567,0.23689398914575577,0.2101038545370102,0.02679013041779399,
0,260816,matched,MATCHED_RicianLOS,Proposed_CA_CNN_RNND,6568,0.30730264633893967,0.27080971747636795,0.03649292606860399,
0,260816,matched,MATCHED_RicianLOS,Proposed_CA_CNN_RNND,6569,0.2559466063976288,0.2283881939947605,0.027558408677577972,
0,260816,matched,MATCHED_RicianLOS,Proposed_CA_CNN_RNND,6570,0.30651462636888027,0.2603909410536289,0.04612367652589455,
0,260816,matched,MATCHED_RicianLOS,Proposed_CA_CNN_RNND,6571,0.2226300947368145,0.19943674467504025,0.02319334843195975,
0,260816,matched,MATCHED_RicianLOS,Proposed_CA_CNN_RNND,6572,0.22160934284329414,0.20167548581957817,0.01993385422974825,
0,260816,matched,MATCHED_RicianLOS,Proposed_CA_CNN_RNND,6573,0.31593142077326775,0.2651853561401367,0.05074605962727219,
0,260816,matched,MATCHED_RicianLOS,Proposed_CA_CNN_RNND,6574,0.24375149235129356,0.2195516675710678,0.02419982710853219,
0,260816,matched,MATCHED_RicianLOS,Proposed_CA_CNN_RNND,6575,0.5497654005885124,0.45150261372327805,0.09826278779655695,
0,260816,matched,MATCHED_RicianLOS,Proposed_CA_CNN_RNND,6576,0.3628498315811157,0.3095773309469223,0.05327249225229025,
0,260816,matched,MATCHED_RicianLOS,Proposed_CA_CNN_RNND,6577,0.40108349174261093,0.33967918902635574,0.06140429899096489,
0,260816,matched,MATCHED_RicianLOS,Proposed_CA_CNN_RNND,6578,0.26161323115229607,0.2297762706875801,0.03183695988263935,
0,260816,matched,MATCHED_RicianLOS,Proposed_CA_CNN_RNND,6579,0.32087524607777596,0.2722258009016514,0.04864944255677983,
0,260816,matched,MATCHED_RicianLOS,Proposed_CA_CNN_RNND,6580,0.1844417154788971,0.16642970591783524,0.018012011190876365,
0,260816,matched,MATCHED_RicianLOS,Proposed_CA_CNN_RNND,6581,0.3620319031178951,0.3080492243170738,0.05398268112912774,
0,260816,matched,MATCHED_RicianLOS,Proposed_CA_CNN_RNND,6582,0.26121910475194454,0.22855987586081028,0.03265922231366858,
0,260816,matched,MATCHED_RicianLOS,Proposed_CA_CNN_RNND,6583,0.44532494246959686,0.3675176873803139,0.07780724670737982,
0,260816,matched,MATCHED_RicianLOS,Proposed_CA_CNN_RNND,6584,0.33203453570604324,0.2743573971092701,0.05767714441753924,
0,260816,matched,MATCHED_RicianLOS,Proposed_CA_CNN_RNND,6585,0.42815373465418816,0.35075369104743004,0.07740003941580653,
0,260816,matched,MATCHED_RicianLOS,Proposed_CA_CNN_RNND,6586,0.36651288345456123,0.30950794368982315,0.05700493021868169,
0,260816,matched,MATCHED_RicianLOS,Proposed_CA_CNN_RNND,6587,0.3193500339984894,0.281161829829216,0.03818820230662823,
0,260816,matched,MATCHED_RicianLOS,Proposed_CA_CNN_RNND,6588,0.3052866533398628,0.26201047375798225,0.043276186333969235,
0,260816,matched,MATCHED_RicianLOS,Proposed_CA_CNN_RNND,6589,0.2232290543615818,0.20279878750443459,0.020430264063179493,
0,260816,matched,MATCHED_RicianLOS,Proposed_CA_CNN_RNND,6590,0.4291113242506981,0.3581349775195122,0.07097634021192789,
0,260816,matched,MATCHED_RicianLOS,Proposed_CA_CNN_RNND,6591,0.39859340339899063,0.32950185611844063,0.06909154332242906,
0,260816,matched,MATCHED_RicianLOS,Proposed_CA_CNN_RNND,6592,0.38291340321302414,0.3246889263391495,0.058224466163665056,
0,260816,matched,MATCHED_RicianLOS,Proposed_CA_CNN_RNND,6593,0.3531163949519396,0.2988853808492422,0.05423100967891514,
0,260816,matched,MATCHED_RicianLOS,Proposed_CA_CNN_RNND,6594,0.36478865146636963,0.3130120411515236,0.0517766079865396,
0,260816,matched,MATCHED_RicianLOS,Proposed_CA_CNN_RNND,6595,0.4494048021733761,0.3691070079803467,0.08029779512435198,
0,260816,matched,MATCHED_RicianLOS,Proposed_CA_CNN_RNND,6596,0.29729461297392845,0.2594158723950386,0.03787874476984143,
0,260816,matched,MATCHED_RicianLOS,Proposed_CA_CNN_RNND,6597,0.3857352063059807,0.33104342222213745,0.05469178594648838,
0,260816,matched,MATCHED_RicianLOS,Proposed_CA_CNN_RNND,6598,0.3411138355731964,0.2933226749300957,0.04779116157442331,
0,260816,matched,MATCHED_RicianLOS,Proposed_CA_CNN_RNND,6599,0.36974700912833214,0.3132596127688885,0.056487392634153366,
0,260816,matched,MATCHED_RicianLOS,Proposed_CA_CNN_RNND,6600,0.20410744100809097,0.18578873202204704,0.018318711314350367,-1.2399851406565223
0,260816,matched,MATCHED_RicianLOS,Proposed_CA_CNN_RNND,6601,0.2665092498064041,0.22963063791394234,0.03687860909849405,
0,260816,matched,MATCHED_RicianLOS,Proposed_CA_CNN_RNND,6602,0.3833443522453308,0.3270820453763008,0.056262306636199355,
0,260816,matched,MATCHED_RicianLOS,Proposed_CA_CNN_RNND,6603,0.29950838908553123,0.25686749443411827,0.04264089395292103,
0,260816,matched,MATCHED_RicianLOS,Proposed_CA_CNN_RNND,6604,0.38843313977122307,0.33401598036289215,0.05441715847700834,
0,260816,matched,MATCHED_RicianLOS,Proposed_CA_CNN_RNND,6605,0.4000099077820778,0.33342430740594864,0.06658559571951628,
0,260816,matched,MATCHED_RicianLOS,Proposed_CA_CNN_RNND,6606,0.3856906071305275,0.32054898142814636,0.06514162418898195,
0,260816,matched,MATCHED_RicianLOS,Proposed_CA_CNN_RNND,6607,0.2519304361194372,0.22122808545827866,0.03070235368795693,
0,260816,matched,MATCHED_RicianLOS,Proposed_CA_CNN_RNND,6608,0.4255624786019325,0.35095756500959396,0.07460490986704826,
0,260816,matched,MATCHED_RicianLOS,Proposed_CA_CNN_RNND,6609,0.27005232125520706,0.24028067663311958,0.029771639732643962,
0,260816,matched,MATCHED_RicianLOS,Proposed_CA_CNN_RNND,6610,0.20555035769939423,0.18864375352859497,0.01690660254098475,
0,260816,matched,MATCHED_RicianLOS,Proposed_CA_CNN_RNND,6611,0.3343477360904217,0.28651992976665497,0.04782780818641186,
0,260816,matched,MATCHED_RicianLOS,Proposed_CA_CNN_RNND,6612,0.45570359379053116,0.38095711916685104,0.07474647276103497,
0,260816,matched,MATCHED_RicianLOS,Proposed_CA_CNN_RNND,6613,0.33348940685391426,0.2836274988949299,0.04986190516501665,
0,260816,matched,MATCHED_RicianLOS,Proposed_CA_CNN_RNND,6614,0.43611132726073265,0.36351391673088074,0.07259741146117449,
0,260816,matched,MATCHED_RicianLOS,Proposed_CA_CNN_RNND,6615,0.22619808837771416,0.2022639513015747,0.023934137541800737,
0,260816,matched,MATCHED_RicianLOS,Proposed_CA_CNN_RNND,6616,0.29519351944327354,0.2513097897171974,0.043883731588721275,
0,260816,matched,MATCHED_RicianLOS,Proposed_CA_CNN_RNND,6617,0.2629157640039921,0.23177536204457283,0.031140405568294227,
0,260816,matched,MATCHED_RicianLOS,Proposed_CA_CNN_RNND,6618,0.2649284861981869,0.23511046543717384,0.029818020993843675,
0,260816,matched,MATCHED_RicianLOS,Proposed_CA_CNN_RNND,6619,0.3015620745718479,0.26446102373301983,0.037101046880707145,
0,260816,matched,MATCHED_RicianLOS,Proposed_CA_CNN_RNND,6620,0.3777694031596184,0.3227268382906914,0.05504255648702383,
0,260816,matched,MATCHED_RicianLOS,Proposed_CA_CNN_RNND,6621,0.3191818855702877,0.2727855406701565,0.04639634257182479,
0,260816,matched,MATCHED_RicianLOS,Proposed_CA_CNN_RNND,6622,0.40688132494688034,0.33547867089509964,0.07140264799818397,
0,260816,matched,MATCHED_RicianLOS,Proposed_CA_CNN_RNND,6623,0.2614249438047409,0.2301088608801365,0.031316086766310036,
0,260816,matched,MATCHED_RicianLOS,Proposed_CA_CNN_RNND,6624,0.28216755762696266,0.24281578697264194,0.03935177274979651,
0,260816,matched,MATCHED_RicianLOS,Proposed_CA_CNN_RNND,6625,0.3149784579873085,0.2727174907922745,0.042260970221832395,
0,260816,matched,MATCHED_RicianLOS,Proposed_CA_CNN_RNND,6626,0.24740256741642952,0.21193561889231205,0.035466948873363435,
0,260816,matched,MATCHED_RicianLOS,Proposed_CA_CNN_RNND,6627,0.5158560052514076,0.4184473305940628,0.09740869048982859,
0,260816,matched,MATCHED_RicianLOS,Proposed_CA_CNN_RNND,6628,0.42053718119859695,0.35103964433074,0.06949753081426024,
0,260816,matched,MATCHED_RicianLOS,Proposed_CA_CNN_RNND,6629,0.4783385396003723,0.38599859923124313,0.09233993291854858,
0,260816,matched,MATCHED_RicianLOS,Proposed_CA_CNN_RNND,6630,0.26405834779143333,0.2339046485722065,0.030153700849041343,
0,260816,matched,MATCHED_RicianLOS,Proposed_CA_CNN_RNND,6631,0.294130627065897,0.2531079798936844,0.041022651363164186,
0,260816,matched,MATCHED_RicianLOS,Proposed_CA_CNN_RNND,6632,0.2174976971000433,0.19471269845962524,0.022784998873248696,
0,260816,matched,MATCHED_RicianLOS,Proposed_CA_CNN_RNND,6633,0.41420845687389374,0.34698595106601715,0.06722250860184431,
0,260816,matched,MATCHED_RicianLOS,Proposed_CA_CNN_RNND,6634,0.29251034557819366,0.2512996718287468,0.041210676776245236,
0,260816,matched,MATCHED_RicianLOS,Proposed_CA_CNN_RNND,6635,0.3711071815341711,0.3100901171565056,0.06101706949993968,
0,260816,matched,MATCHED_RicianLOS,Proposed_CA_CNN_RNND,6636,0.5143004879355431,0.4096512645483017,0.10464922338724136,
0,260816,matched,MATCHED_RicianLOS,Proposed_CA_CNN_RNND,6637,0.424435056746006,0.35292333364486694,0.07151172123849392,
0,260816,matched,MATCHED_RicianLOS,Proposed_CA_CNN_RNND,6638,0.23281870409846306,0.20048737712204456,0.032331332622561604,
0,260816,matched,MATCHED_RicianLOS,Proposed_CA_CNN_RNND,6639,0.6000697016716003,0.47598177194595337,0.12408792972564697,
0,260816,matched,MATCHED_RicianLOS,Proposed_CA_CNN_RNND,6640,0.25072869285941124,0.22408346086740494,0.02664523059502244,
0,260816,matched,MATCHED_RicianLOS,Proposed_CA_CNN_RNND,6641,0.35605356097221375,0.30846089497208595,0.04759266134351492,
0,260816,matched,MATCHED_RicianLOS,Proposed_CA_CNN_RNND,6642,0.32659367471933365,0.28323792293667793,0.04335574619472027,
0,260816,matched,MATCHED_RicianLOS,Proposed_CA_CNN_RNND,6643,0.41192254796624184,0.34004070982337,0.07188184931874275,
0,260816,matched,MATCHED_RicianLOS,Proposed_CA_CNN_RNND,6644,0.3098183497786522,0.2711341977119446,0.0386841488070786,
0,260816,matched,MATCHED_RicianLOS,Proposed_CA_CNN_RNND,6645,0.3514532148838043,0.3008395917713642,0.05061362683773041,
0,260816,matched,MATCHED_RicianLOS,Proposed_CA_CNN_RNND,6646,0.2723331078886986,0.24011355638504028,0.032219545799307525,
0,260816,matched,MATCHED_RicianLOS,Proposed_CA_CNN_RNND,6647,0.4386257901787758,0.35084568709135056,0.08778008376248181,
0,260816,matched,MATCHED_RicianLOS,Proposed_CA_CNN_RNND,6648,0.36134885624051094,0.3093777596950531,0.051971093751490116,
0,260816,matched,MATCHED_RicianLOS,Proposed_CA_CNN_RNND,6649,0.41961248219013214,0.3575664982199669,0.062045980244874954,
0,260816,matched,MATCHED_RicianLOS,Proposed_CA_CNN_RNND,6650,0.5213976427912712,0.42368756234645844,0.09771007485687733,
0,260816,matched,MATCHED_RicianLOS,Proposed_CA_CNN_RNND,6651,0.43393396958708763,0.3537435717880726,0.08019039919599891,
0,260816,matched,MATCHED_RicianLOS,Proposed_CA_CNN_RNND,6652,0.39005724154412746,0.31985337659716606,0.0702038764138706,
0,260816,matched,MATCHED_RicianLOS,Proposed_CA_CNN_RNND,6653,0.27179086208343506,0.23804210126399994,0.03374875779263675,
0,260816,matched,MATCHED_RicianLOS,Proposed_CA_CNN_RNND,6654,0.26611028611660004,0.23971066996455193,0.026399624068289995,
0,260816,matched,MATCHED_RicianLOS,Proposed_CA_CNN_RNND,6655,0.34996622800827026,0.2885258048772812,0.06144042778760195,
0,260816,matched,MATCHED_RicianLOS,Proposed_CA_CNN_RNND,6656,0.2668679542839527,0.2344263456761837,0.03244161047041416,
0,260816,matched,MATCHED_RicianLOS,Proposed_CA_CNN_RNND,6657,0.30412163585424423,0.2655989080667496,0.038522730115801096,
0,260816,matched,MATCHED_RicianLOS,Proposed_CA_CNN_RNND,6658,0.3980303704738617,0.3365195766091347,0.061510791070759296,
0,260816,matched,MATCHED_RicianLOS,Proposed_CA_CNN_RNND,6659,0.22857276909053326,0.2036958709359169,0.024876893730834126,
0,260816,matched,MATCHED_RicianLOS,Proposed_CA_CNN_RNND,6660,0.34968578442931175,0.2958102449774742,0.05387553432956338,
0,260816,matched,MATCHED_RicianLOS,Proposed_CA_CNN_RNND,6661,0.3768762908875942,0.3230421617627144,0.053834132151678205,
0,260816,matched,MATCHED_RicianLOS,Proposed_CA_CNN_RNND,6662,0.40069400891661644,0.3440468907356262,0.056647119112312794,
0,260816,matched,MATCHED_RicianLOS,Proposed_CA_CNN_RNND,6663,0.4845236614346504,0.39512980729341507,0.08939383830875158,
0,260816,matched,MATCHED_RicianLOS,Proposed_CA_CNN_RNND,6664,0.3061128258705139,0.2632123716175556,0.042900454718619585,
0,260816,matched,MATCHED_RicianLOS,Proposed_CA_CNN_RNND,6665,0.3992600664496422,0.3301069289445877,0.06915312650380656,
0,260816,matched,MATCHED_RicianLOS,Proposed_CA_CNN_RNND,6666,0.39678553491830826,0.338612362742424,0.058173179626464844,
0,260816,matched,MATCHED_RicianLOS,Proposed_CA_CNN_RNND,6667,0.2614131197333336,0.23312480747699738,0.028288310393691063,
0,260816,matched,MATCHED_RicianLOS,Proposed_CA_CNN_RNND,6668,0.3332389183342457,0.29488951712846756,0.0383494021371007,
0,260816,matched,MATCHED_RicianLOS,Proposed_CA_CNN_RNND,6669,0.37711239233613014,0.3177628591656685,0.05934953968971968,
0,260816,matched,MATCHED_RicianLOS,Proposed_CA_CNN_RNND,6670,0.23530632257461548,0.20855862274765968,0.026747697964310646,
0,260816,matched,MATCHED_RicianLOS,Proposed_CA_CNN_RNND,6671,0.30037322267889977,0.26463478058576584,0.03573844092898071,
0,260816,matched,MATCHED_RicianLOS,Proposed_CA_CNN_RNND,6672,0.3840327113866806,0.3243486359715462,0.05968406703323126,
0,260816,matched,MATCHED_RicianLOS,Proposed_CA_CNN_RNND,6673,0.31859010830521584,0.2784627787768841,0.04012732580304146,
0,260816,matched,MATCHED_RicianLOS,Proposed_CA_CNN_RNND,6674,0.26580940932035446,0.22366807609796524,0.04214133555069566,
0,260816,matched,MATCHED_RicianLOS,Proposed_CA_CNN_RNND,6675,0.363515917211771,0.3149350695312023,0.04858085117302835,
0,260816,matched,MATCHED_RicianLOS,Proposed_CA_CNN_RNND,6676,0.4535921737551689,0.3682515397667885,0.08534063678234816,
0,260816,matched,MATCHED_RicianLOS,Proposed_CA_CNN_RNND,6677,0.37441712245345116,0.31442447379231453,0.05999264679849148,
0,260816,matched,MATCHED_RicianLOS,Proposed_CA_CNN_RNND,6678,0.23481541872024536,0.21263960748910904,0.022175807040184736,
0,260816,matched,MATCHED_RicianLOS,Proposed_CA_CNN_RNND,6679,0.4094233177602291,0.3355938196182251,0.07382949790917337,
0,260816,matched,MATCHED_RicianLOS,Proposed_CA_CNN_RNND,6680,0.39738596603274345,0.3379303589463234,0.05945560475811362,
0,260816,matched,MATCHED_RicianLOS,Proposed_CA_CNN_RNND,6681,0.4183022901415825,0.3509443365037441,0.06735795456916094,
0,260816,matched,MATCHED_RicianLOS,Proposed_CA_CNN_RNND,6682,0.3406599462032318,0.2938883975148201,0.04677155427634716,
0,260816,matched,MATCHED_RicianLOS,Proposed_CA_CNN_RNND,6683,0.30882570520043373,0.27244196832180023,0.03638373897410929,
0,260816,matched,MATCHED_RicianLOS,Proposed_CA_CNN_RNND,6684,0.23381990380585194,0.21060096845030785,0.023218931397423148,
0,260816,matched,MATCHED_RicianLOS,Proposed_CA_CNN_RNND,6685,0.49844537675380707,0.40459365397691727,0.09385171253234148,
0,260816,matched,MATCHED_RicianLOS,Proposed_CA_CNN_RNND,6686,0.32051271200180054,0.27995266765356064,0.04056004900485277,
0,260816,matched,MATCHED_RicianLOS,Proposed_CA_CNN_RNND,6687,0.4154360890388489,0.3480852320790291,0.06735086906701326,
0,260816,matched,MATCHED_RicianLOS,Proposed_CA_CNN_RNND,6688,0.3260243274271488,0.2812963202595711,0.04472800437361002,
0,260816,matched,MATCHED_RicianLOS,Proposed_CA_CNN_RNND,6689,0.3252132348716259,0.2819688022136688,0.04324444261146709,
0,260816,matched,MATCHED_RicianLOS,Proposed_CA_CNN_RNND,6690,0.19288721680641174,0.17638836428523064,0.016498852521181107,
0,260816,matched,MATCHED_RicianLOS,Proposed_CA_CNN_RNND,6691,0.33802848868072033,0.28213705494999886,0.055891431926283985,
0,260816,matched,MATCHED_RicianLOS,Proposed_CA_CNN_RNND,6692,0.43251821771264076,0.3534889221191406,0.07902930537238717,
0,260816,matched,MATCHED_RicianLOS,Proposed_CA_CNN_RNND,6693,0.363130658864975,0.30749187991023064,0.05563879059627652,
0,260816,matched,MATCHED_RicianLOS,Proposed_CA_CNN_RNND,6694,0.44409091025590897,0.3669502064585686,0.07714069727808237,
0,260816,matched,MATCHED_RicianLOS,Proposed_CA_CNN_RNND,6695,0.36931343004107475,0.31841127574443817,0.05090215685777366,
0,260816,matched,MATCHED_RicianLOS,Proposed_CA_CNN_RNND,6696,0.2547386921942234,0.223883843049407,0.030854854732751846,
0,260816,matched,MATCHED_RicianLOS,Proposed_CA_CNN_RNND,6697,0.4753354750573635,0.3900650516152382,0.0852704094722867,
0,260816,matched,MATCHED_RicianLOS,Proposed_CA_CNN_RNND,6698,0.39024674892425537,0.3280397653579712,0.06220699194818735,
0,260816,matched,MATCHED_RicianLOS,Proposed_CA_CNN_RNND,6699,0.43379930779337883,0.354828055948019,0.07897124020382762,
0,260816,matched,MATCHED_RicianLOS,Proposed_CA_CNN_RNND,6700,0.2597062811255455,0.2327103279531002,0.026995952939614654,
0,260816,matched,MATCHED_RicianLOS,Proposed_CA_CNN_RNND,6701,0.3676122836768627,0.3112471178174019,0.056365171214565635,
0,260816,matched,MATCHED_RicianLOS,Proposed_CA_CNN_RNND,6702,0.48912525922060013,0.4044358730316162,0.08468939922749996,
0,260816,matched,MATCHED_RicianLOS,Proposed_CA_CNN_RNND,6703,0.39410484582185745,0.3326514735817909,0.061453379690647125,
0,260816,matched,MATCHED_RicianLOS,Proposed_CA_CNN_RNND,6704,0.2576502673327923,0.22495190426707268,0.03269835817627609,
0,260816,matched,MATCHED_RicianLOS,Proposed_CA_CNN_RNND,6705,0.36024317517876625,0.30272126756608486,0.0575219071470201,
0,260816,matched,MATCHED_RicianLOS,Proposed_CA_CNN_RNND,6706,0.37063077837228775,0.31100986897945404,0.05962091125547886,
0,260816,matched,MATCHED_RicianLOS,Proposed_CA_CNN_RNND,6707,0.337121170014143,0.2894422933459282,0.047678878996521235,
0,260816,matched,MATCHED_RicianLOS,Proposed_CA_CNN_RNND,6708,0.39358989894390106,0.33479980379343033,0.058790091425180435,
0,260816,matched,MATCHED_RicianLOS,Proposed_CA_CNN_RNND,6709,0.2939208671450615,0.2565760500729084,0.037344819866120815,
0,260816,matched,MATCHED_RicianLOS,Proposed_CA_CNN_RNND,6710,0.34721843153238297,0.2988341823220253,0.048384252935647964,
0,260816,matched,MATCHED_RicianLOS,Proposed_CA_CNN_RNND,6711,0.35665130242705345,0.3022380471229553,0.05441325352876447,
0,260816,matched,MATCHED_RicianLOS,Proposed_CA_CNN_RNND,6712,0.2061796374619007,0.18551431596279144,0.020665320567786694,
0,260816,matched,MATCHED_RicianLOS,Proposed_CA_CNN_RNND,6713,0.47686878591775894,0.39117563515901566,0.08569315820932388,
0,260816,matched,MATCHED_RicianLOS,Proposed_CA_CNN_RNND,6714,0.27405358478426933,0.24177592620253563,0.032277662539854646,
0,260816,matched,MATCHED_RicianLOS,Proposed_CA_CNN_RNND,6715,0.3309384062886238,0.2828998900949955,0.0480385220143944,
0,260816,matched,MATCHED_RicianLOS,Proposed_CA_CNN_RNND,6716,0.2844338044524193,0.25296446681022644,0.031469335313886404,
0,260816,matched,MATCHED_RicianLOS,Proposed_CA_CNN_RNND,6717,0.3311230130493641,0.27982576936483383,0.05129724624566734,
0,260816,matched,MATCHED_RicianLOS,Proposed_CA_CNN_RNND,6718,0.26101716607809067,0.23008432611823082,0.030932842520996928,
0,260816,matched,MATCHED_RicianLOS,Proposed_CA_CNN_RNND,6719,0.32290686294436455,0.2829260900616646,0.03998078010044992,
0,260816,matched,MATCHED_RicianLOS,Proposed_CA_CNN_RNND,6720,0.5034630298614502,0.40654343366622925,0.09691958874464035,
0,260816,matched,MATCHED_RicianLOS,Proposed_CA_CNN_RNND,6721,0.21858901157975197,0.20115022733807564,0.017438780516386032,
0,260816,matched,MATCHED_RicianLOS,Proposed_CA_CNN_RNND,6722,0.3894568532705307,0.3279744163155556,0.06148244068026543,
0,260816,matched,MATCHED_RicianLOS,Proposed_CA_CNN_RNND,6723,0.3278850130736828,0.279868520796299,0.04801649460569024,
0,260816,matched,MATCHED_RicianLOS,Proposed_CA_CNN_RNND,6724,0.3369371183216572,0.2844338230788708,0.05250329477712512,
0,260816,matched,MATCHED_RicianLOS,Proposed_CA_CNN_RNND,6725,0.27206882648169994,0.2322449404746294,0.03982388775330037,
0,260816,matched,MATCHED_RicianLOS,Proposed_CA_CNN_RNND,6726,0.4400419071316719,0.37525928765535355,0.06478262040764093,
0,260816,matched,MATCHED_RicianLOS,Proposed_CA_CNN_RNND,6727,0.29584960266947746,0.260988712310791,0.03486088919453323,
0,260816,matched,MATCHED_RicianLOS,Proposed_CA_CNN_RNND,6728,0.41173216328024864,0.34347886964678764,0.06825328757986426,
0,260816,matched,MATCHED_RicianLOS,Proposed_CA_CNN_RNND,6729,0.4297432154417038,0.3569851741194725,0.0727580483071506,
0,260816,matched,MATCHED_RicianLOS,Proposed_CA_CNN_RNND,6730,0.3934483751654625,0.329676978290081,0.06377139780670404,
0,260816,matched,MATCHED_RicianLOS,Proposed_CA_CNN_RNND,6731,0.43813562393188477,0.373014859855175,0.06512077152729034,
0,260816,matched,MATCHED_RicianLOS,Proposed_CA_CNN_RNND,6732,0.3188868500292301,0.2701179124414921,0.04876893735490739,
0,260816,matched,MATCHED_RicianLOS,Proposed_CA_CNN_RNND,6733,0.37199222296476364,0.3121609464287758,0.05983127932995558,
0,260816,matched,MATCHED_RicianLOS,Proposed_CA_CNN_RNND,6734,0.3576390892267227,0.2968375775963068,0.060801515355706215,
0,260816,matched,MATCHED_RicianLOS,Proposed_CA_CNN_RNND,6735,0.1776360273361206,0.16455888375639915,0.013077148760203272,
0,260816,matched,MATCHED_RicianLOS,Proposed_CA_CNN_RNND,6736,0.3107030875980854,0.2676768284291029,0.043026264291256666,
0,260816,matched,MATCHED_RicianLOS,Proposed_CA_CNN_RNND,6737,0.3941056691110134,0.33574726060032845,0.058358412235975266,
0,260816,matched,MATCHED_RicianLOS,Proposed_CA_CNN_RNND,6738,0.37507598102092743,0.3179488740861416,0.057127108331769705,
0,260816,matched,MATCHED_RicianLOS,Proposed_CA_CNN_RNND,6739,0.380703616887331,0.31810644268989563,0.06259717815555632,
0,260816,matched,MATCHED_RicianLOS,Proposed_CA_CNN_RNND,6740,0.4491276815533638,0.3812349885702133,0.06789269298315048,
0,260816,matched,MATCHED_RicianLOS,Proposed_CA_CNN_RNND,6741,0.3279886953532696,0.28145643696188927,0.04653225839138031,
0,260816,matched,MATCHED_RicianLOS,Proposed_CA_CNN_RNND,6742,0.366697046905756,0.30903054773807526,0.05766649544239044,
0,260816,matched,MATCHED_RicianLOS,Proposed_CA_CNN_RNND,6743,0.4359681010246277,0.36247919499874115,0.07348890695720911,
0,260816,matched,MATCHED_RicianLOS,Proposed_CA_CNN_RNND,6744,0.33131419867277145,0.2841356322169304,0.047178574837744236,
0,260816,matched,MATCHED_RicianLOS,Proposed_CA_CNN_RNND,6745,0.3445856850594282,0.29249053820967674,0.05209513835143298,
0,260816,matched,MATCHED_RicianLOS,Proposed_CA_CNN_RNND,6746,0.4361494965851307,0.367122620344162,0.06902687111869454,
0,260816,matched,MATCHED_RicianLOS,Proposed_CA_CNN_RNND,6747,0.2731142193078995,0.2382066212594509,0.03490759455598891,
0,260816,matched,MATCHED_RicianLOS,Proposed_CA_CNN_RNND,6748,0.30358219519257545,0.26854563504457474,0.0350365627091378,
0,260816,matched,MATCHED_RicianLOS,Proposed_CA_CNN_RNND,6749,0.45826855674386024,0.37912939488887787,0.0791391720995307,
0,260816,matched,MATCHED_RicianLOS,Proposed_CA_CNN_RNND,6750,0.2838715836405754,0.2459813952445984,0.037890184787102044,
0,260816,matched,MATCHED_RicianLOS,Proposed_CA_CNN_RNND,6751,0.3648234233260155,0.3141608163714409,0.05066260910825804,
0,260816,matched,MATCHED_RicianLOS,Proposed_CA_CNN_RNND,6752,0.5001069754362106,0.4113498106598854,0.08875714614987373,
0,260816,matched,MATCHED_RicianLOS,Proposed_CA_CNN_RNND,6753,0.3166465424001217,0.27555371075868607,0.04109283396974206,
0,260816,matched,MATCHED_RicianLOS,Proposed_CA_CNN_RNND,6754,0.2852817475795746,0.25223349407315254,0.03304825630038977,
0,260816,matched,MATCHED_RicianLOS,Proposed_CA_CNN_RNND,6755,0.2879319339990616,0.25213025137782097,0.03580167843028903,
0,260816,matched,MATCHED_RicianLOS,Proposed_CA_CNN_RNND,6756,0.44889478385448456,0.37439239770174026,0.07450238429009914,
0,260816,matched,MATCHED_RicianLOS,Proposed_CA_CNN_RNND,6757,0.43474704772233963,0.35743294283747673,0.07731409929692745,
0,260816,matched,MATCHED_RicianLOS,Proposed_CA_CNN_RNND,6758,0.28629323095083237,0.24332969821989536,0.04296353051904589,
0,260816,matched,MATCHED_RicianLOS,Proposed_CA_CNN_RNND,6759,0.1608026586472988,0.15269364416599274,0.00810901471413672,
0,260816,matched,MATCHED_RicianLOS,Proposed_CA_CNN_RNND,6760,0.3284602127969265,0.27961215376853943,0.0488480506464839,
0,260816,matched,MATCHED_RicianLOS,Proposed_CA_CNN_RNND,6761,0.2960461229085922,0.26049503311514854,0.035551092587411404,
0,260816,matched,MATCHED_RicianLOS,Proposed_CA_CNN_RNND,6762,0.2725377827882767,0.24139530397951603,0.031142482184804976,
0,260816,matched,MATCHED_RicianLOS,Proposed_CA_CNN_RNND,6763,0.3332836888730526,0.2846730314195156,0.04861065489239991,
0,260816,matched,MATCHED_RicianLOS,Proposed_CA_CNN_RNND,6764,0.35625534877181053,0.3007630705833435,0.05549227190203965,
0,260816,matched,MATCHED_RicianLOS,Proposed_CA_CNN_RNND,6765,0.25989682599902153,0.22648592665791512,0.03341090097092092,
0,260816,matched,MATCHED_RicianLOS,Proposed_CA_CNN_RNND,6766,0.346435584127903,0.29634787514805794,0.050087712006643414,
0,260816,matched,MATCHED_RicianLOS,Proposed_CA_CNN_RNND,6767,0.2367534376680851,0.2127455770969391,0.024007858359254897,
0,260816,matched,MATCHED_RicianLOS,Proposed_CA_CNN_RNND,6768,0.49229610711336136,0.4051579087972641,0.08713818341493607,
0,260816,matched,MATCHED_RicianLOS,Proposed_CA_CNN_RNND,6769,0.2560477890074253,0.23087013140320778,0.025177659699693322,
0,260816,matched,MATCHED_RicianLOS,Proposed_CA_CNN_RNND,6770,0.3313019797205925,0.28405668772757053,0.047245287452824414,
0,260816,matched,MATCHED_RicianLOS,Proposed_CA_CNN_RNND,6771,0.32168731838464737,0.2838454730808735,0.03784184390679002,
0,260816,matched,MATCHED_RicianLOS,Proposed_CA_CNN_RNND,6772,0.3784254193305969,0.32910603284835815,0.049319385550916195,
0,260816,matched,MATCHED_RicianLOS,Proposed_CA_CNN_RNND,6773,0.24411708861589432,0.211016695946455,0.03310039476491511,
0,260816,matched,MATCHED_RicianLOS,Proposed_CA_CNN_RNND,6774,0.4687098190188408,0.3856379762291908,0.08307183440774679,
0,260816,matched,MATCHED_RicianLOS,Proposed_CA_CNN_RNND,6775,0.2862468287348747,0.25055214762687683,0.03569468134082854,
0,260816,matched,MATCHED_RicianLOS,Proposed_CA_CNN_RNND,6776,0.2976609952747822,0.25621024146676064,0.04145075171254575,
0,260816,matched,MATCHED_RicianLOS,Proposed_CA_CNN_RNND,6777,0.32572511956095695,0.2879706621170044,0.03775445534847677,
0,260816,matched,MATCHED_RicianLOS,Proposed_CA_CNN_RNND,6778,0.2068847380578518,0.1882208175957203,0.01866391859948635,
0,260816,matched,MATCHED_RicianLOS,Proposed_CA_CNN_RNND,6779,0.16525984555482864,0.15319353342056274,0.012066311668604612,
0,260816,matched,MATCHED_RicianLOS,Proposed_CA_CNN_RNND,6780,0.2628563679754734,0.22939179837703705,0.03346456418512389,
0,260816,matched,MATCHED_RicianLOS,Proposed_CA_CNN_RNND,6781,0.4193356856703758,0.35523348301649094,0.0641022096388042,
0,260816,matched,MATCHED_RicianLOS,Proposed_CA_CNN_RNND,6782,0.3186432830989361,0.2781671732664108,0.040476111928001046,
0,260816,matched,MATCHED_RicianLOS,Proposed_CA_CNN_RNND,6783,0.39267972111701965,0.330361008644104,0.0623187180608511,
0,260816,matched,MATCHED_RicianLOS,Proposed_CA_CNN_RNND,6784,0.3796151876449585,0.3230370581150055,0.056578136049211025,
0,260816,matched,MATCHED_RicianLOS,Proposed_CA_CNN_RNND,6785,0.29007817804813385,0.2550691291689873,0.03500904678367078,
0,260816,matched,MATCHED_RicianLOS,Proposed_CA_CNN_RNND,6786,0.31282399967312813,0.2695181146264076,0.04330587666481733,
0,260816,matched,MATCHED_RicianLOS,Proposed_CA_CNN_RNND,6787,0.3310183063149452,0.2774601951241493,0.05355811771005392,
0,260816,matched,MATCHED_RicianLOS,Proposed_CA_CNN_RNND,6788,0.3978019580245018,0.3310701623558998,0.06673179287463427,
0,260816,matched,MATCHED_RicianLOS,Proposed_CA_CNN_RNND,6789,0.2635370809584856,0.22683229856193066,0.03670479077845812,
0,260816,matched,MATCHED_RicianLOS,Proposed_CA_CNN_RNND,6790,0.32146548107266426,0.2715955749154091,0.04986990650650114,
0,260816,matched,MATCHED_RicianLOS,Proposed_CA_CNN_RNND,6791,0.29645340517163277,0.2562351878732443,0.040218225214630365,
0,260816,matched,MATCHED_RicianLOS,Proposed_CA_CNN_RNND,6792,0.3967345729470253,0.33604587614536285,0.06068869307637215,
0,260816,matched,MATCHED_RicianLOS,Proposed_CA_CNN_RNND,6793,0.26125968247652054,0.2285110279917717,0.032748650963185355,
0,260816,matched,MATCHED_RicianLOS,Proposed_CA_CNN_RNND,6794,0.34808241203427315,0.2903422601521015,0.05774014588678256,
0,260816,matched,MATCHED_RicianLOS,Proposed_CA_CNN_RNND,6795,0.17445016279816628,0.1603548265993595,0.014095335733145475,
0,260816,matched,MATCHED_RicianLOS,Proposed_CA_CNN_RNND,6796,0.3150695227086544,0.2696813941001892,0.04538811510428786,
0,260816,matched,MATCHED_RicianLOS,Proposed_CA_CNN_RNND,6797,0.39472590759396553,0.32407987862825394,0.0706460252404213,
0,260816,matched,MATCHED_RicianLOS,Proposed_CA_CNN_RNND,6798,0.34401125088334084,0.2936606165021658,0.05035062652314082,
0,260816,matched,MATCHED_RicianLOS,Proposed_CA_CNN_RNND,6799,0.2571033760905266,0.23098162189126015,0.02612175978720188,
0,260816,matched,MATCHED_RicianLOS,Proposed_CA_CNN_RNND,6800,0.2669125199317932,0.22909343615174294,0.03781908273231238,-1.243692098466883
0,260816,matched,MATCHED_RicianLOS,Proposed_CA_CNN_RNND,6801,0.2371778003871441,0.20905376598238945,0.02812402934068814,
0,260816,matched,MATCHED_RicianLOS,Proposed_CA_CNN_RNND,6802,0.2975713424384594,0.2594249099493027,0.03814643528312445,
0,260816,matched,MATCHED_RicianLOS,Proposed_CA_CNN_RNND,6803,0.31045201048254967,0.2712957561016083,0.03915625298395753,
0,260816,matched,MATCHED_RicianLOS,Proposed_CA_CNN_RNND,6804,0.29988777078688145,0.2600673194974661,0.0398204562952742,
0,260816,matched,MATCHED_RicianLOS,Proposed_CA_CNN_RNND,6805,0.34796080365777016,0.29896949604153633,0.04899130808189511,
0,260816,matched,MATCHED_RicianLOS,Proposed_CA_CNN_RNND,6806,0.34531149454414845,0.29546406120061874,0.04984743450768292,
0,260816,matched,MATCHED_RicianLOS,Proposed_CA_CNN_RNND,6807,0.3082171492278576,0.26309191808104515,0.0451252325437963,
0,260816,matched,MATCHED_RicianLOS,Proposed_CA_CNN_RNND,6808,0.3064303882420063,0.2599797919392586,0.04645060305483639,
0,260816,matched,MATCHED_RicianLOS,Proposed_CA_CNN_RNND,6809,0.3415992110967636,0.28902896866202354,0.05257023870944977,
0,260816,matched,MATCHED_RicianLOS,Proposed_CA_CNN_RNND,6810,0.33926480263471603,0.2897579148411751,0.04950688488315791,
0,260816,matched,MATCHED_RicianLOS,Proposed_CA_CNN_RNND,6811,0.38706017285585403,0.32810962200164795,0.05895054806023836,
0,260816,matched,MATCHED_RicianLOS,Proposed_CA_CNN_RNND,6812,0.35876911878585815,0.303962629288435,0.054806485306471586,
0,260816,matched,MATCHED_RicianLOS,Proposed_CA_CNN_RNND,6813,0.32775961607694626,0.27776164188981056,0.04999797185882926,
0,260816,matched,MATCHED_RicianLOS,Proposed_CA_CNN_RNND,6814,0.34716687723994255,0.294964075088501,0.05220280960202217,
0,260816,matched,MATCHED_RicianLOS,Proposed_CA_CNN_RNND,6815,0.3058982640504837,0.26969103515148163,0.03620723821222782,
0,260816,matched,MATCHED_RicianLOS,Proposed_CA_CNN_RNND,6816,0.329498291015625,0.29119541868567467,0.03830287978053093,
0,260816,matched,MATCHED_RicianLOS,Proposed_CA_CNN_RNND,6817,0.2938183806836605,0.2554750069975853,0.03834337485022843,
0,260816,matched,MATCHED_RicianLOS,Proposed_CA_CNN_RNND,6818,0.3487038239836693,0.304004218429327,0.04469961021095514,
0,260816,matched,MATCHED_RicianLOS,Proposed_CA_CNN_RNND,6819,0.34384606778621674,0.2928987257182598,0.0509473392739892,
0,260816,matched,MATCHED_RicianLOS,Proposed_CA_CNN_RNND,6820,0.44897979497909546,0.37942156940698624,0.06955822790041566,
0,260816,matched,MATCHED_RicianLOS,Proposed_CA_CNN_RNND,6821,0.3516531065106392,0.3019893057644367,0.0496638014446944,
0,260816,matched,MATCHED_RicianLOS,Proposed_CA_CNN_RNND,6822,0.22690905258059502,0.20294927060604095,0.023959778831340373,
0,260816,matched,MATCHED_RicianLOS,Proposed_CA_CNN_RNND,6823,0.4012961871922016,0.33062316477298737,0.07067302241921425,
0,260816,matched,MATCHED_RicianLOS,Proposed_CA_CNN_RNND,6824,0.2388489805161953,0.21871234849095345,0.020136630162596703,
0,260816,matched,MATCHED_RicianLOS,Proposed_CA_CNN_RNND,6825,0.3008228652179241,0.25944043695926666,0.041382428258657455,
0,260816,matched,MATCHED_RicianLOS,Proposed_CA_CNN_RNND,6826,0.3475232161581516,0.2933066487312317,0.054216560907661915,
0,260816,matched,MATCHED_RicianLOS,Proposed_CA_CNN_RNND,6827,0.4597291834652424,0.37584128975868225,0.08388789976015687,
0,260816,matched,MATCHED_RicianLOS,Proposed_CA_CNN_RNND,6828,0.3594091013073921,0.3117200471460819,0.047689054044894874,
0,260816,matched,MATCHED_RicianLOS,Proposed_CA_CNN_RNND,6829,0.3084892574697733,0.26647671312093735,0.04201254574581981,
0,260816,matched,MATCHED_RicianLOS,Proposed_CA_CNN_RNND,6830,0.4289192631840706,0.36038582026958466,0.06853344291448593,
0,260816,matched,MATCHED_RicianLOS,Proposed_CA_CNN_RNND,6831,0.2614978775382042,0.23367466032505035,0.027823216281831264,
0,260816,matched,MATCHED_RicianLOS,Proposed_CA_CNN_RNND,6832,0.4113418534398079,0.3471352234482765,0.06420663092285395,
0,260816,matched,MATCHED_RicianLOS,Proposed_CA_CNN_RNND,6833,0.416540190577507,0.3464369662106037,0.07010321598500013,
0,260816,matched,MATCHED_RicianLOS,Proposed_CA_CNN_RNND,6834,0.29497648030519485,0.25335023924708366,0.04162624618038535,
0,260816,matched,MATCHED_RicianLOS,Proposed_CA_CNN_RNND,6835,0.49690910428762436,0.4126742482185364,0.08423486538231373,
0,260816,matched,MATCHED_RicianLOS,Proposed_CA_CNN_RNND,6836,0.42162251845002174,0.35395533591508865,0.06766718439757824,
0,260816,matched,MATCHED_RicianLOS,Proposed_CA_CNN_RNND,6837,0.3119783215224743,0.27383144944906235,0.03814687021076679,
0,260816,matched,MATCHED_RicianLOS,Proposed_CA_CNN_RNND,6838,0.4497866779565811,0.37458615750074387,0.0752005185931921,
0,260816,matched,MATCHED_RicianLOS,Proposed_CA_CNN_RNND,6839,0.38694843649864197,0.33232456818223,0.05462386179715395,
0,260816,matched,MATCHED_RicianLOS,Proposed_CA_CNN_RNND,6840,0.24801990017294884,0.2191587295383215,0.028861172264441848,
0,260816,matched,MATCHED_RicianLOS,Proposed_CA_CNN_RNND,6841,0.3054269291460514,0.26418281719088554,0.04124411684460938,
0,260816,matched,MATCHED_RicianLOS,Proposed_CA_CNN_RNND,6842,0.21818689070641994,0.19713772274553776,0.021049169008620083,
0,260816,matched,MATCHED_RicianLOS,Proposed_CA_CNN_RNND,6843,0.36629852652549744,0.30855822563171387,0.057740289717912674,
0,260816,matched,MATCHED_RicianLOS,Proposed_CA_CNN_RNND,6844,0.38031937181949615,0.325606994330883,0.054712374694645405,
0,260816,matched,MATCHED_RicianLOS,Proposed_CA_CNN_RNND,6845,0.36690687760710716,0.3119909390807152,0.05491593759506941,
0,260816,matched,MATCHED_RicianLOS,Proposed_CA_CNN_RNND,6846,0.4066409282386303,0.33947743475437164,0.06716349883936346,
0,260816,matched,MATCHED_RicianLOS,Proposed_CA_CNN_RNND,6847,0.2394552119076252,0.21073320880532265,0.02872199984267354,
0,260816,matched,MATCHED_RicianLOS,Proposed_CA_CNN_RNND,6848,0.4504339173436165,0.3731629401445389,0.07727098930627108,
0,260816,matched,MATCHED_RicianLOS,Proposed_CA_CNN_RNND,6849,0.4627629965543747,0.373608835041523,0.08915416663512588,
0,260816,matched,MATCHED_RicianLOS,Proposed_CA_CNN_RNND,6850,0.337940089404583,0.2923544719815254,0.045585619285702705,
0,260816,matched,MATCHED_RicianLOS,Proposed_CA_CNN_RNND,6851,0.4352896437048912,0.36604636907577515,0.06924327835440636,
0,260816,matched,MATCHED_RicianLOS,Proposed_CA_CNN_RNND,6852,0.3502572402358055,0.29427473060786724,0.05598251195624471,
0,260816,matched,MATCHED_RicianLOS,Proposed_CA_CNN_RNND,6853,0.21991418674588203,0.2029256895184517,0.016988498391583562,
0,260816,matched,MATCHED_RicianLOS,Proposed_CA_CNN_RNND,6854,0.2585046738386154,0.2311582788825035,0.027346396818757057,
0,260816,matched,MATCHED_RicianLOS,Proposed_CA_CNN_RNND,6855,0.2673546727746725,0.2318656761199236,0.035489002882968634,
0,260816,matched,MATCHED_RicianLOS,Proposed_CA_CNN_RNND,6856,0.19645625911653042,0.17505696788430214,0.02139928616816178,
0,260816,matched,MATCHED_RicianLOS,Proposed_CA_CNN_RNND,6857,0.39904773607850075,0.33399956300854683,0.06504818424582481,
0,260816,matched,MATCHED_RicianLOS,Proposed_CA_CNN_RNND,6858,0.3100323658436537,0.2711521163582802,0.03888025146443397,
0,260816,matched,MATCHED_RicianLOS,Proposed_CA_CNN_RNND,6859,0.3922194875776768,0.3303148150444031,0.061904676258563995,
0,260816,matched,MATCHED_RicianLOS,Proposed_CA_CNN_RNND,6860,0.25421398505568504,0.22164275869727135,0.032571237185038626,
0,260816,matched,MATCHED_RicianLOS,Proposed_CA_CNN_RNND,6861,0.3451250083744526,0.294990386813879,0.050134620163589716,
0,260816,matched,MATCHED_RicianLOS,Proposed_CA_CNN_RNND,6862,0.26342932879924774,0.23302610591053963,0.03040321869775653,
0,260816,matched,MATCHED_RicianLOS,Proposed_CA_CNN_RNND,6863,0.3418233171105385,0.29387398064136505,0.047949333558790386,
0,260816,matched,MATCHED_RicianLOS,Proposed_CA_CNN_RNND,6864,0.39801470190286636,0.3343929052352905,0.06362179387360811,
0,260816,matched,MATCHED_RicianLOS,Proposed_CA_CNN_RNND,6865,0.34613513946533203,0.2915838919579983,0.05455124354921281,
0,260816,matched,MATCHED_RicianLOS,Proposed_CA_CNN_RNND,6866,0.26031169295310974,0.2291921079158783,0.031119585037231445,
0,260816,matched,MATCHED_RicianLOS,Proposed_CA_CNN_RNND,6867,0.20061950385570526,0.18502721935510635,0.015592287527397275,
0,260816,matched,MATCHED_RicianLOS,Proposed_CA_CNN_RNND,6868,0.34526870027184486,0.28960444405674934,0.05566425435245037,
0,260816,matched,MATCHED_RicianLOS,Proposed_CA_CNN_RNND,6869,0.2942621689289808,0.2578330561518669,0.036429113999474794,
0,260816,matched,MATCHED_RicianLOS,Proposed_CA_CNN_RNND,6870,0.33612386137247086,0.2800729088485241,0.056050948332995176,
0,260816,matched,MATCHED_RicianLOS,Proposed_CA_CNN_RNND,6871,0.34023114293813705,0.29581934958696365,0.04441179381683469,
0,260816,matched,MATCHED_RicianLOS,Proposed_CA_CNN_RNND,6872,0.16539843380451202,0.1563033126294613,0.009095120942220092,
0,260816,matched,MATCHED_RicianLOS,Proposed_CA_CNN_RNND,6873,0.17396819032728672,0.15983592718839645,0.014132264070212841,
0,260816,matched,MATCHED_RicianLOS,Proposed_CA_CNN_RNND,6874,0.35335247963666916,0.3053973317146301,0.04795515816658735,
0,260816,matched,MATCHED_RicianLOS,Proposed_CA_CNN_RNND,6875,0.35231947153806686,0.30009330436587334,0.05222616530954838,
0,260816,matched,MATCHED_RicianLOS,Proposed_CA_CNN_RNND,6876,0.3501785658299923,0.30153363943099976,0.04864492639899254,
0,260816,matched,MATCHED_RicianLOS,Proposed_CA_CNN_RNND,6877,0.19710031524300575,0.1818166822195053,0.015283631277270615,
0,260816,matched,MATCHED_RicianLOS,Proposed_CA_CNN_RNND,6878,0.32588210701942444,0.2800823077559471,0.04579980345442891,
0,260816,matched,MATCHED_RicianLOS,Proposed_CA_CNN_RNND,6879,0.40422704815864563,0.3321697562932968,0.07205731049180031,
0,260816,matched,MATCHED_RicianLOS,Proposed_CA_CNN_RNND,6880,0.212483499199152,0.1879197061061859,0.024563790066167712,
0,260816,matched,MATCHED_RicianLOS,Proposed_CA_CNN_RNND,6881,0.43604109436273575,0.359125092625618,0.0769159970805049,
0,260816,matched,MATCHED_RicianLOS,Proposed_CA_CNN_RNND,6882,0.25021011754870415,0.2225787192583084,0.027631396194919944,
0,260816,matched,MATCHED_RicianLOS,Proposed_CA_CNN_RNND,6883,0.2785862907767296,0.24061211198568344,0.03797417692840099,
0,260816,matched,MATCHED_RicianLOS,Proposed_CA_CNN_RNND,6884,0.4213033616542816,0.35553088784217834,0.06577247567474842,
0,260816,matched,MATCHED_RicianLOS,Proposed_CA_CNN_RNND,6885,0.2062981016933918,0.1829405538737774,0.023357546888291836,
0,260816,matched,MATCHED_RicianLOS,Proposed_CA_CNN_RNND,6886,0.3543054312467575,0.2987663932144642,0.055539035238325596,
0,260816,matched,MATCHED_RicianLOS,Proposed_CA_CNN_RNND,6887,0.24709467962384224,0.22142397612333298,0.025670706760138273,
0,260816,matched,MATCHED_RicianLOS,Proposed_CA_CNN_RNND,6888,0.3646962381899357,0.31173668429255486,0.052959561347961426,
0,260816,matched,MATCHED_RicianLOS,Proposed_CA_CNN_RNND,6889,0.22484774887561798,0.20296064391732216,0.021887106588110328,
0,260816,matched,MATCHED_RicianLOS,Proposed_CA_CNN_RNND,6890,0.25910672172904015,0.23239825665950775,0.02670846797991544,
0,260816,matched,MATCHED_RicianLOS,Proposed_CA_CNN_RNND,6891,0.3218415006995201,0.2808506414294243,0.040990859270095825,
0,260816,matched,MATCHED_RicianLOS,Proposed_CA_CNN_RNND,6892,0.3773382343351841,0.3154679611325264,0.061870281118899584,
0,260816,matched,MATCHED_RicianLOS,Proposed_CA_CNN_RNND,6893,0.450268492102623,0.3770774230360985,0.07319106534123421,
0,260816,matched,MATCHED_RicianLOS,Proposed_CA_CNN_RNND,6894,0.30773911625146866,0.27331843972206116,0.0344206728041172,
0,260816,matched,MATCHED_RicianLOS,Proposed_CA_CNN_RNND,6895,0.17001626268029213,0.15945841372013092,0.010557849309407175,
0,260816,matched,MATCHED_RicianLOS,Proposed_CA_CNN_RNND,6896,0.28225731663405895,0.24662219546735287,0.03563512139953673,
0,260816,matched,MATCHED_RicianLOS,Proposed_CA_CNN_RNND,6897,0.25632602348923683,0.2219761349260807,0.03434989461675286,
0,260816,matched,MATCHED_RicianLOS,Proposed_CA_CNN_RNND,6898,0.3876640796661377,0.33047134429216385,0.0571927297860384,
0,260816,matched,MATCHED_RicianLOS,Proposed_CA_CNN_RNND,6899,0.3217136971652508,0.2762550786137581,0.04545861296355724,
0,260816,matched,MATCHED_RicianLOS,Proposed_CA_CNN_RNND,6900,0.23753158003091812,0.21227479353547096,0.02525678207166493,
0,260816,matched,MATCHED_RicianLOS,Proposed_CA_CNN_RNND,6901,0.2713798023760319,0.23212599009275436,0.03925381961744279,
0,260816,matched,MATCHED_RicianLOS,Proposed_CA_CNN_RNND,6902,0.3844815269112587,0.3274944797158241,0.05698704719543457,
0,260816,matched,MATCHED_RicianLOS,Proposed_CA_CNN_RNND,6903,0.28245599940419197,0.24526475369930267,0.03719124247436412,
0,260816,matched,MATCHED_RicianLOS,Proposed_CA_CNN_RNND,6904,0.22971537709236145,0.20729567483067513,0.02241970458999276,
0,260816,matched,MATCHED_RicianLOS,Proposed_CA_CNN_RNND,6905,0.3251597285270691,0.27327657490968704,0.05188314174301922,
0,260816,matched,MATCHED_RicianLOS,Proposed_CA_CNN_RNND,6906,0.3259425610303879,0.28029066510498524,0.04565190331777558,
0,260816,matched,MATCHED_RicianLOS,Proposed_CA_CNN_RNND,6907,0.44296980276703835,0.35836396366357803,0.08460584748536348,
0,260816,matched,MATCHED_RicianLOS,Proposed_CA_CNN_RNND,6908,0.3033183589577675,0.2701834663748741,0.033134888391941786,
0,260816,matched,MATCHED_RicianLOS,Proposed_CA_CNN_RNND,6909,0.30757208727300167,0.2556577492505312,0.051914338022470474,
0,260816,matched,MATCHED_RicianLOS,Proposed_CA_CNN_RNND,6910,0.27494227327406406,0.242546908557415,0.03239536320324987,
0,260816,matched,MATCHED_RicianLOS,Proposed_CA_CNN_RNND,6911,0.4153119847178459,0.34807009622454643,0.06724187545478344,
0,260816,matched,MATCHED_RicianLOS,Proposed_CA_CNN_RNND,6912,0.449230395257473,0.3635229542851448,0.08570745307952166,
0,260816,matched,MATCHED_RicianLOS,Proposed_CA_CNN_RNND,6913,0.32652777805924416,0.278691902756691,0.04783587215933949,
0,260816,matched,MATCHED_RicianLOS,Proposed_CA_CNN_RNND,6914,0.29856765642762184,0.2671085447072983,0.031459105433896184,
0,260816,matched,MATCHED_RicianLOS,Proposed_CA_CNN_RNND,6915,0.28239310905337334,0.2399648129940033,0.04242830234579742,
0,260816,matched,MATCHED_RicianLOS,Proposed_CA_CNN_RNND,6916,0.15042592771351337,0.1363554261624813,0.014070496195927262,
0,260816,matched,MATCHED_RicianLOS,Proposed_CA_CNN_RNND,6917,0.3618910312652588,0.3144112154841423,0.0474798115901649,
0,260816,matched,MATCHED_RicianLOS,Proposed_CA_CNN_RNND,6918,0.35390517860651016,0.30191541463136673,0.05198976304382086,
0,260816,matched,MATCHED_RicianLOS,Proposed_CA_CNN_RNND,6919,0.2829181030392647,0.2490541785955429,0.033863922115415335,
0,260816,matched,MATCHED_RicianLOS,Proposed_CA_CNN_RNND,6920,0.412938479334116,0.34674201160669327,0.06619647704064846,
0,260816,matched,MATCHED_RicianLOS,Proposed_CA_CNN_RNND,6921,0.33240827545523643,0.2809230573475361,0.05148520914372057,
0,260816,matched,MATCHED_RicianLOS,Proposed_CA_CNN_RNND,6922,0.22025659680366516,0.20044342800974846,0.019813168211840093,
0,260816,matched,MATCHED_RicianLOS,Proposed_CA_CNN_RNND,6923,0.41496430337429047,0.3491932451725006,0.06577106611803174,
0,260816,matched,MATCHED_RicianLOS,Proposed_CA_CNN_RNND,6924,0.3679712265729904,0.31252528727054596,0.05544593511149287,
0,260816,matched,MATCHED_RicianLOS,Proposed_CA_CNN_RNND,6925,0.22856677696108818,0.20719799026846886,0.02136878715828061,
0,260816,matched,MATCHED_RicianLOS,Proposed_CA_CNN_RNND,6926,0.380607508122921,0.32901081815361977,0.051596688106656075,
0,260816,matched,MATCHED_RicianLOS,Proposed_CA_CNN_RNND,6927,0.17986596748232841,0.16752586513757706,0.012340104440227151,
0,260816,matched,MATCHED_RicianLOS,Proposed_CA_CNN_RNND,6928,0.2061130292713642,0.18480623699724674,0.02130678982939571,
0,260816,matched,MATCHED_RicianLOS,Proposed_CA_CNN_RNND,6929,0.30563361942768097,0.267659492790699,0.037974124774336815,
0,260816,matched,MATCHED_RicianLOS,Proposed_CA_CNN_RNND,6930,0.2741066552698612,0.2433740682899952,0.030732594896107912,
0,260816,matched,MATCHED_RicianLOS,Proposed_CA_CNN_RNND,6931,0.4244362339377403,0.35556405037641525,0.0688721900805831,
0,260816,matched,MATCHED_RicianLOS,Proposed_CA_CNN_RNND,6932,0.33982328698039055,0.29372406005859375,0.046099222265183926,
0,260816,matched,MATCHED_RicianLOS,Proposed_CA_CNN_RNND,6933,0.36993248760700226,0.31021440774202347,0.05971808498725295,
0,260816,matched,MATCHED_RicianLOS,Proposed_CA_CNN_RNND,6934,0.304865799844265,0.26214025169610977,0.0427255448885262,
0,260816,matched,MATCHED_RicianLOS,Proposed_CA_CNN_RNND,6935,0.22815917618572712,0.20139933750033379,0.026759833563119173,
0,260816,matched,MATCHED_RicianLOS,Proposed_CA_CNN_RNND,6936,0.3753467909991741,0.3199133574962616,0.05543343420140445,
0,260816,matched,MATCHED_RicianLOS,Proposed_CA_CNN_RNND,6937,0.2269926220178604,0.20791324600577354,0.019079374382272363,
0,260816,matched,MATCHED_RicianLOS,Proposed_CA_CNN_RNND,6938,0.47250672429800034,0.384886734187603,0.08761999569833279,
0,260816,matched,MATCHED_RicianLOS,Proposed_CA_CNN_RNND,6939,0.36786892265081406,0.3097557760775089,0.05811314017046243,
0,260816,matched,MATCHED_RicianLOS,Proposed_CA_CNN_RNND,6940,0.21981745772063732,0.1985492967069149,0.021268162643536925,
0,260816,matched,MATCHED_RicianLOS,Proposed_CA_CNN_RNND,6941,0.37047485262155533,0.30330171063542366,0.06717313919216394,
0,260816,matched,MATCHED_RicianLOS,Proposed_CA_CNN_RNND,6942,0.4102010726928711,0.3376276344060898,0.07257344340905547,
0,260816,matched,MATCHED_RicianLOS,Proposed_CA_CNN_RNND,6943,0.33496831730008125,0.28634922206401825,0.04861908406019211,
0,260816,matched,MATCHED_RicianLOS,Proposed_CA_CNN_RNND,6944,0.34936410933732986,0.2969733029603958,0.05239080870524049,
0,260816,matched,MATCHED_RicianLOS,Proposed_CA_CNN_RNND,6945,0.3718583546578884,0.3158347010612488,0.05602364894002676,
0,260816,matched,MATCHED_RicianLOS,Proposed_CA_CNN_RNND,6946,0.42797112464904785,0.3625924587249756,0.06537866499274969,
0,260816,matched,MATCHED_RicianLOS,Proposed_CA_CNN_RNND,6947,0.4543410614132881,0.37012234702706337,0.08421871485188603,
0,260816,matched,MATCHED_RicianLOS,Proposed_CA_CNN_RNND,6948,0.2841676063835621,0.25306306406855583,0.031104542780667543,
0,260816,matched,MATCHED_RicianLOS,Proposed_CA_CNN_RNND,6949,0.326483603566885,0.2880481034517288,0.038435501512140036,
0,260816,matched,MATCHED_RicianLOS,Proposed_CA_CNN_RNND,6950,0.19940442964434624,0.17987628653645515,0.019528147764503956,
0,260816,matched,MATCHED_RicianLOS,Proposed_CA_CNN_RNND,6951,0.31787586212158203,0.2770608142018318,0.04081504337955266,
0,260816,matched,MATCHED_RicianLOS,Proposed_CA_CNN_RNND,6952,0.3110169693827629,0.26615144312381744,0.04486552346497774,
0,260816,matched,MATCHED_RicianLOS,Proposed_CA_CNN_RNND,6953,0.39918017014861107,0.3343363404273987,0.06484381854534149,
0,260816,matched,MATCHED_RicianLOS,Proposed_CA_CNN_RNND,6954,0.2722224071621895,0.23625773936510086,0.03596467024181038,
0,260816,matched,MATCHED_RicianLOS,Proposed_CA_CNN_RNND,6955,0.5457869172096252,0.4376903548836708,0.10809656232595444,
0,260816,matched,MATCHED_RicianLOS,Proposed_CA_CNN_RNND,6956,0.35729676112532616,0.30195848271250725,0.05533827655017376,
0,260816,matched,MATCHED_RicianLOS,Proposed_CA_CNN_RNND,6957,0.416914451867342,0.3528224155306816,0.06409202993381768,
0,260816,matched,MATCHED_RicianLOS,Proposed_CA_CNN_RNND,6958,0.38106638565659523,0.3252902626991272,0.055776129476726055,
0,260816,matched,MATCHED_RicianLOS,Proposed_CA_CNN_RNND,6959,0.3756386674940586,0.3188798166811466,0.05675885500386357,
0,260816,matched,MATCHED_RicianLOS,Proposed_CA_CNN_RNND,6960,0.2940908223390579,0.2628885246813297,0.031202294398099184,
0,260816,matched,MATCHED_RicianLOS,Proposed_CA_CNN_RNND,6961,0.527761697769165,0.42805007845163345,0.09971162118017673,
0,260816,matched,MATCHED_RicianLOS,Proposed_CA_CNN_RNND,6962,0.18662546016275883,0.17474885284900665,0.011876608798047528,
0,260816,matched,MATCHED_RicianLOS,Proposed_CA_CNN_RNND,6963,0.3422617129981518,0.28979524224996567,0.05246646888554096,
0,260816,matched,MATCHED_RicianLOS,Proposed_CA_CNN_RNND,6964,0.2561073452234268,0.22679362073540688,0.029313718201592565,
0,260816,matched,MATCHED_RicianLOS,Proposed_CA_CNN_RNND,6965,0.35762839019298553,0.30831166356801987,0.04931672336533666,
0,260816,matched,MATCHED_RicianLOS,Proposed_CA_CNN_RNND,6966,0.3145262934267521,0.26851658523082733,0.0460097121540457,
0,260816,matched,MATCHED_RicianLOS,Proposed_CA_CNN_RNND,6967,0.5496829897165298,0.444816529750824,0.10486645996570587,
0,260816,matched,MATCHED_RicianLOS,Proposed_CA_CNN_RNND,6968,0.43823718279600143,0.3675277829170227,0.07070939522236586,
0,260816,matched,MATCHED_RicianLOS,Proposed_CA_CNN_RNND,6969,0.37547487765550613,0.3256639167666435,0.04981096659321338,
0,260816,matched,MATCHED_RicianLOS,Proposed_CA_CNN_RNND,6970,0.5880157724022865,0.4704635515809059,0.11755221895873547,
0,260816,matched,MATCHED_RicianLOS,Proposed_CA_CNN_RNND,6971,0.43607934564352036,0.3593080323189497,0.07677130680531263,
0,260816,matched,MATCHED_RicianLOS,Proposed_CA_CNN_RNND,6972,0.4531668573617935,0.3821157366037369,0.07105112727731466,
0,260816,matched,MATCHED_RicianLOS,Proposed_CA_CNN_RNND,6973,0.2946459501981735,0.25370730832219124,0.040938631631433964,
0,260816,matched,MATCHED_RicianLOS,Proposed_CA_CNN_RNND,6974,0.4302077665925026,0.36519723385572433,0.06501051969826221,
0,260816,matched,MATCHED_RicianLOS,Proposed_CA_CNN_RNND,6975,0.334398090839386,0.2896362394094467,0.04476184630766511,
0,260816,matched,MATCHED_RicianLOS,Proposed_CA_CNN_RNND,6976,0.24763144925236702,0.21660098806023598,0.0310304609593004,
0,260816,matched,MATCHED_RicianLOS,Proposed_CA_CNN_RNND,6977,0.343069426715374,0.2966046929359436,0.04646473191678524,
0,260816,matched,MATCHED_RicianLOS,Proposed_CA_CNN_RNND,6978,0.30682482570409775,0.2630479149520397,0.04377691447734833,
0,260816,matched,MATCHED_RicianLOS,Proposed_CA_CNN_RNND,6979,0.21852489188313484,0.1941167451441288,0.024408146797213703,
0,260816,matched,MATCHED_RicianLOS,Proposed_CA_CNN_RNND,6980,0.2542476989328861,0.2277570702135563,0.02649062965065241,
0,260816,matched,MATCHED_RicianLOS,Proposed_CA_CNN_RNND,6981,0.3795930705964565,0.32054032757878304,0.059052744531072676,
0,260816,matched,MATCHED_RicianLOS,Proposed_CA_CNN_RNND,6982,0.29079845547676086,0.24935468286275864,0.041443780064582825,
0,260816,matched,MATCHED_RicianLOS,Proposed_CA_CNN_RNND,6983,0.30895158275961876,0.26428118720650673,0.04467040253803134,
0,260816,matched,MATCHED_RicianLOS,Proposed_CA_CNN_RNND,6984,0.349424060434103,0.29823174700140953,0.05119231971912086,
0,260816,matched,MATCHED_RicianLOS,Proposed_CA_CNN_RNND,6985,0.3629787378013134,0.3092743270099163,0.05370441311970353,
0,260816,matched,MATCHED_RicianLOS,Proposed_CA_CNN_RNND,6986,0.2897894158959389,0.25434207171201706,0.03544734884053469,
0,260816,matched,MATCHED_RicianLOS,Proposed_CA_CNN_RNND,6987,0.3649955168366432,0.30484097078442574,0.06015453860163689,
0,260816,matched,MATCHED_RicianLOS,Proposed_CA_CNN_RNND,6988,0.4787207916378975,0.39320560544729233,0.08551518246531487,
0,260816,matched,MATCHED_RicianLOS,Proposed_CA_CNN_RNND,6989,0.4224339574575424,0.3612882122397423,0.06114574335515499,
0,260816,matched,MATCHED_RicianLOS,Proposed_CA_CNN_RNND,6990,0.21854612603783607,0.2010483257472515,0.017497797962278128,
0,260816,matched,MATCHED_RicianLOS,Proposed_CA_CNN_RNND,6991,0.32474032789468765,0.28309427574276924,0.04164605075493455,
0,260816,matched,MATCHED_RicianLOS,Proposed_CA_CNN_RNND,6992,0.3599885180592537,0.30033497884869576,0.05965352593921125,
0,260816,matched,MATCHED_RicianLOS,Proposed_CA_CNN_RNND,6993,0.32366685569286346,0.282293476164341,0.04137337044812739,
0,260816,matched,MATCHED_RicianLOS,Proposed_CA_CNN_RNND,6994,0.28875056840479374,0.2559298388659954,0.03282073012087494,
0,260816,matched,MATCHED_RicianLOS,Proposed_CA_CNN_RNND,6995,0.5202820226550102,0.42245323210954666,0.09782878588885069,
0,260816,matched,MATCHED_RicianLOS,Proposed_CA_CNN_RNND,6996,0.4377387911081314,0.36702029407024384,0.07071850262582302,
0,260816,matched,MATCHED_RicianLOS,Proposed_CA_CNN_RNND,6997,0.3241209387779236,0.2823336720466614,0.041787255089730024,
0,260816,matched,MATCHED_RicianLOS,Proposed_CA_CNN_RNND,6998,0.2918892130255699,0.25083896704018116,0.041050252853892744,
0,260816,matched,MATCHED_RicianLOS,Proposed_CA_CNN_RNND,6999,0.2805175743997097,0.24597850069403648,0.03453907580114901,
0,260816,matched,MATCHED_RicianLOS,Proposed_CA_CNN_RNND,7000,0.3233311250805855,0.28034795075654984,0.04298317013308406,-1.2411959699980324
0,260816,matched,MATCHED_RicianLOS,Proposed_CA_CNN_RNND,7001,0.3268003985285759,0.2727494612336159,0.054050938691943884,
0,260816,matched,MATCHED_RicianLOS,Proposed_CA_CNN_RNND,7002,0.3113497421145439,0.2687683328986168,0.04258141038008034,
0,260816,matched,MATCHED_RicianLOS,Proposed_CA_CNN_RNND,7003,0.33221275359392166,0.283603735268116,0.04860902563086711,
0,260816,matched,MATCHED_RicianLOS,Proposed_CA_CNN_RNND,7004,0.3307555690407753,0.2870776876807213,0.04367788089439273,
0,260816,matched,MATCHED_RicianLOS,Proposed_CA_CNN_RNND,7005,0.2507844381034374,0.2234548144042492,0.02732962544541806,
0,260816,matched,MATCHED_RicianLOS,Proposed_CA_CNN_RNND,7006,0.3849586322903633,0.32663681358098984,0.058321819407865405,
0,260816,matched,MATCHED_RicianLOS,Proposed_CA_CNN_RNND,7007,0.2669258750975132,0.23610695078969002,0.030818928498774767,
0,260816,matched,MATCHED_RicianLOS,Proposed_CA_CNN_RNND,7008,0.33853136748075485,0.285751111805439,0.05278026266023517,
0,260816,matched,MATCHED_RicianLOS,Proposed_CA_CNN_RNND,7009,0.39916713163256645,0.3325819671154022,0.06658516637980938,
0,260816,matched,MATCHED_RicianLOS,Proposed_CA_CNN_RNND,7010,0.285326573997736,0.25081833079457283,0.03450824739411473,
0,260816,matched,MATCHED_RicianLOS,Proposed_CA_CNN_RNND,7011,0.32846849411726,0.2837141677737236,0.04475432669278234,
0,260816,matched,MATCHED_RicianLOS,Proposed_CA_CNN_RNND,7012,0.4123895466327667,0.3458549380302429,0.0665346086025238,
0,260816,matched,MATCHED_RicianLOS,Proposed_CA_CNN_RNND,7013,0.4147865101695061,0.3426661863923073,0.07212033215910196,
0,260816,matched,MATCHED_RicianLOS,Proposed_CA_CNN_RNND,7014,0.21540349163115025,0.1962567549198866,0.019146734208334237,
0,260816,matched,MATCHED_RicianLOS,Proposed_CA_CNN_RNND,7015,0.34666937962174416,0.2978947311639786,0.048774636816233397,
0,260816,matched,MATCHED_RicianLOS,Proposed_CA_CNN_RNND,7016,0.326907005161047,0.2857590578496456,0.04114794218912721,
0,260816,matched,MATCHED_RicianLOS,Proposed_CA_CNN_RNND,7017,0.3577354848384857,0.3022482581436634,0.05548722739331424,
0,260816,matched,MATCHED_RicianLOS,Proposed_CA_CNN_RNND,7018,0.1890064887702465,0.17801868170499802,0.010987808927893639,
0,260816,matched,MATCHED_RicianLOS,Proposed_CA_CNN_RNND,7019,0.3590548485517502,0.2993651106953621,0.05968974414281547,
0,260816,matched,MATCHED_RicianLOS,Proposed_CA_CNN_RNND,7020,0.32638497464358807,0.26985352113842964,0.05653145629912615,
0,260816,matched,MATCHED_RicianLOS,Proposed_CA_CNN_RNND,7021,0.4989907592535019,0.41032522916793823,0.08866553008556366,
0,260816,matched,MATCHED_RicianLOS,Proposed_CA_CNN_RNND,7022,0.26310062408447266,0.23376092687249184,0.029339694185182452,
0,260816,matched,MATCHED_RicianLOS,Proposed_CA_CNN_RNND,7023,0.2765498459339142,0.24833417683839798,0.02821567398495972,
0,260816,matched,MATCHED_RicianLOS,Proposed_CA_CNN_RNND,7024,0.4524340033531189,0.37188607454299927,0.08054793253540993,
0,260816,matched,MATCHED_RicianLOS,Proposed_CA_CNN_RNND,7025,0.34990018606185913,0.2962144576013088,0.05368572651059367,
0,260816,matched,MATCHED_RicianLOS,Proposed_CA_CNN_RNND,7026,0.29858257062733173,0.2559025064110756,0.042680067708715796,
0,260816,matched,MATCHED_RicianLOS,Proposed_CA_CNN_RNND,7027,0.431372307240963,0.34739404916763306,0.08397825853899121,
0,260816,matched,MATCHED_RicianLOS,Proposed_CA_CNN_RNND,7028,0.38219958916306496,0.32179078087210655,0.060408806428313255,
0,260816,matched,MATCHED_RicianLOS,Proposed_CA_CNN_RNND,7029,0.4424048401415348,0.3644542396068573,0.07795059261843562,
0,260816,matched,MATCHED_RicianLOS,Proposed_CA_CNN_RNND,7030,0.4001181274652481,0.33613448590040207,0.0639836450573057,
0,260816,matched,MATCHED_RicianLOS,Proposed_CA_CNN_RNND,7031,0.3315410390496254,0.2887031249701977,0.04283791920170188,
0,260816,matched,MATCHED_RicianLOS,Proposed_CA_CNN_RNND,7032,0.3788207061588764,0.3099347688257694,0.06888593453913927,
0,260816,matched,MATCHED_RicianLOS,Proposed_CA_CNN_RNND,7033,0.22197699919342995,0.19659242406487465,0.02538457582704723,
0,260816,matched,MATCHED_RicianLOS,Proposed_CA_CNN_RNND,7034,0.26719285175204277,0.23283328115940094,0.03435957198962569,
0,260816,matched,MATCHED_RicianLOS,Proposed_CA_CNN_RNND,7035,0.3253961279988289,0.2798169460147619,0.045579178258776665,
0,260816,matched,MATCHED_RicianLOS,Proposed_CA_CNN_RNND,7036,0.41932299733161926,0.34703681617975235,0.07228617928922176,
0,260816,matched,MATCHED_RicianLOS,Proposed_CA_CNN_RNND,7037,0.4507373459637165,0.3705473020672798,0.08019004855304956,
0,260816,matched,MATCHED_RicianLOS,Proposed_CA_CNN_RNND,7038,0.44273030012845993,0.37202709168195724,0.07070320658385754,
0,260816,matched,MATCHED_RicianLOS,Proposed_CA_CNN_RNND,7039,0.42676426470279694,0.36021872609853745,0.0665455311536789,
0,260816,matched,MATCHED_RicianLOS,Proposed_CA_CNN_RNND,7040,0.34202954545617104,0.3015371635556221,0.040492386324331164,
0,260816,matched,MATCHED_RicianLOS,Proposed_CA_CNN_RNND,7041,0.34269718639552593,0.29119495674967766,0.051502229645848274,
0,260816,matched,MATCHED_RicianLOS,Proposed_CA_CNN_RNND,7042,0.17218608036637306,0.1605098992586136,0.011676181107759476,
0,260816,matched,MATCHED_RicianLOS,Proposed_CA_CNN_RNND,7043,0.25621359050273895,0.22663183882832527,0.02958175353705883,
0,260816,matched,MATCHED_RicianLOS,Proposed_CA_CNN_RNND,7044,0.2731434963643551,0.2441186085343361,0.029024882009252906,
0,260816,matched,MATCHED_RicianLOS,Proposed_CA_CNN_RNND,7045,0.2897183559834957,0.2515103556215763,0.03820800082758069,
0,260816,matched,MATCHED_RicianLOS,Proposed_CA_CNN_RNND,7046,0.2696392200887203,0.23701658844947815,0.0326226323377341,
0,260816,matched,MATCHED_RicianLOS,Proposed_CA_CNN_RNND,7047,0.27360010519623756,0.23757950216531754,0.036020606523379683,
0,260816,matched,MATCHED_RicianLOS,Proposed_CA_CNN_RNND,7048,0.43027525022625923,0.3516170606017113,0.07865818543359637,
0,260816,matched,MATCHED_RicianLOS,Proposed_CA_CNN_RNND,7049,0.31457401998341084,0.26741608045995235,0.04715794092044234,
0,260816,matched,MATCHED_RicianLOS,Proposed_CA_CNN_RNND,7050,0.32120994478464127,0.27658146619796753,0.044628482311964035,
0,260816,matched,MATCHED_RicianLOS,Proposed_CA_CNN_RNND,7051,0.26959245651960373,0.23956958763301373,0.030022863880731165,
0,260816,matched,MATCHED_RicianLOS,Proposed_CA_CNN_RNND,7052,0.2165821511298418,0.19526912458240986,0.021313031669706106,
0,260816,matched,MATCHED_RicianLOS,Proposed_CA_CNN_RNND,7053,0.49041374772787094,0.40774599462747574,0.08266775496304035,
0,260816,matched,MATCHED_RicianLOS,Proposed_CA_CNN_RNND,7054,0.35431893914937973,0.2997366711497307,0.05458226194605231,
0,260816,matched,MATCHED_RicianLOS,Proposed_CA_CNN_RNND,7055,0.3389379344880581,0.29290545731782913,0.04603247484192252,
0,260816,matched,MATCHED_RicianLOS,Proposed_CA_CNN_RNND,7056,0.3697684407234192,0.3166354261338711,0.05313300574198365,
0,260816,matched,MATCHED_RicianLOS,Proposed_CA_CNN_RNND,7057,0.32398069091141224,0.27146514505147934,0.05251554606365971,
0,260816,matched,MATCHED_RicianLOS,Proposed_CA_CNN_RNND,7058,0.4095429256558418,0.3401489332318306,0.0693939900957048,
0,260816,matched,MATCHED_RicianLOS,Proposed_CA_CNN_RNND,7059,0.4168410152196884,0.3500748947262764,0.06676612212322652,
0,260816,matched,MATCHED_RicianLOS,Proposed_CA_CNN_RNND,7060,0.3595953434705734,0.3046538233757019,0.05494151602033526,
0,260816,matched,MATCHED_RicianLOS,Proposed_CA_CNN_RNND,7061,0.4056681767106056,0.3447340056300163,0.06093416828662157,
0,260816,matched,MATCHED_RicianLOS,Proposed_CA_CNN_RNND,7062,0.40398210287094116,0.33906419575214386,0.06491790199652314,
0,260816,matched,MATCHED_RicianLOS,Proposed_CA_CNN_RNND,7063,0.15790432691574097,0.14633988589048386,0.011564444459509104,
0,260816,matched,MATCHED_RicianLOS,Proposed_CA_CNN_RNND,7064,0.31514807790517807,0.2608942687511444,0.0542538131121546,
0,260816,matched,MATCHED_RicianLOS,Proposed_CA_CNN_RNND,7065,0.2577409856021404,0.21909154206514359,0.03864944202359766,
0,260816,matched,MATCHED_RicianLOS,Proposed_CA_CNN_RNND,7066,0.2857375368475914,0.24230337142944336,0.04343417449854314,
0,260816,matched,MATCHED_RicianLOS,Proposed_CA_CNN_RNND,7067,0.22464550659060478,0.2024894878268242,0.02215601410716772,
0,260816,matched,MATCHED_RicianLOS,Proposed_CA_CNN_RNND,7068,0.3333209902048111,0.28164177760481834,0.051679223077371716,
0,260816,matched,MATCHED_RicianLOS,Proposed_CA_CNN_RNND,7069,0.19242046400904655,0.17089790664613247,0.021522556548006833,
0,260816,matched,MATCHED_RicianLOS,Proposed_CA_CNN_RNND,7070,0.28812121972441673,0.2614757902920246,0.02664542244747281,
0,260816,matched,MATCHED_RicianLOS,Proposed_CA_CNN_RNND,7071,0.21463070809841156,0.19383835420012474,0.020792350871488452,
0,260816,matched,MATCHED_RicianLOS,Proposed_CA_CNN_RNND,7072,0.2988845854997635,0.2552833557128906,0.0436012331629172,
0,260816,matched,MATCHED_RicianLOS,Proposed_CA_CNN_RNND,7073,0.24644263833761215,0.21983571350574493,0.02660691738128662,
0,260816,matched,MATCHED_RicianLOS,Proposed_CA_CNN_RNND,7074,0.3791070356965065,0.3212694451212883,0.05783759197220206,
0,260816,matched,MATCHED_RicianLOS,Proposed_CA_CNN_RNND,7075,0.31314652413129807,0.2820543833076954,0.031092139426618814,
0,260816,matched,MATCHED_RicianLOS,Proposed_CA_CNN_RNND,7076,0.29606739804148674,0.26189928501844406,0.03416811197530478,
0,260816,matched,MATCHED_RicianLOS,Proposed_CA_CNN_RNND,7077,0.3494587615132332,0.29486073181033134,0.05459803529083729,
0,260816,matched,MATCHED_RicianLOS,Proposed_CA_CNN_RNND,7078,0.48887044191360474,0.39907193183898926,0.08979850821197033,
0,260816,matched,MATCHED_RicianLOS,Proposed_CA_CNN_RNND,7079,0.41483916342258453,0.341973926872015,0.07286525028757751,
0,260816,matched,MATCHED_RicianLOS,Proposed_CA_CNN_RNND,7080,0.37424883246421814,0.3155386224389076,0.05871020536869764,
0,260816,matched,MATCHED_RicianLOS,Proposed_CA_CNN_RNND,7081,0.27280568331480026,0.24189547076821327,0.03091021114960313,
0,260816,matched,MATCHED_RicianLOS,Proposed_CA_CNN_RNND,7082,0.2772170715034008,0.2400035671889782,0.0372135090874508,
0,260816,matched,MATCHED_RicianLOS,Proposed_CA_CNN_RNND,7083,0.2946992851793766,0.25552044808864594,0.03917884163092822,
0,260816,matched,MATCHED_RicianLOS,Proposed_CA_CNN_RNND,7084,0.3324107341468334,0.28101368248462677,0.0513970521860756,
0,260816,matched,MATCHED_RicianLOS,Proposed_CA_CNN_RNND,7085,0.35402416065335274,0.3032581955194473,0.05076596443541348,
0,260816,matched,MATCHED_RicianLOS,Proposed_CA_CNN_RNND,7086,0.3041907586157322,0.26347075402736664,0.04072000598534942,
0,260816,matched,MATCHED_RicianLOS,Proposed_CA_CNN_RNND,7087,0.3071671202778816,0.2663140967488289,0.040853025391697884,
0,260816,matched,MATCHED_RicianLOS,Proposed_CA_CNN_RNND,7088,0.37325394526124,0.3036412298679352,0.06961272028274834,
0,260816,matched,MATCHED_RicianLOS,Proposed_CA_CNN_RNND,7089,0.24377799779176712,0.22431477531790733,0.01946321502327919,
0,260816,matched,MATCHED_RicianLOS,Proposed_CA_CNN_RNND,7090,0.3308560252189636,0.28868217021226883,0.04217385221272707,
0,260816,matched,MATCHED_RicianLOS,Proposed_CA_CNN_RNND,7091,0.24689651653170586,0.22577962651848793,0.021116885356605053,
0,260816,matched,MATCHED_RicianLOS,Proposed_CA_CNN_RNND,7092,0.34046944603323936,0.30076291039586067,0.03970653237774968,
0,260816,matched,MATCHED_RicianLOS,Proposed_CA_CNN_RNND,7093,0.4111545756459236,0.34202341735363007,0.06913115223869681,
0,260816,matched,MATCHED_RicianLOS,Proposed_CA_CNN_RNND,7094,0.2995528168976307,0.26026032492518425,0.03929249383509159,
0,260816,matched,MATCHED_RicianLOS,Proposed_CA_CNN_RNND,7095,0.4862818419933319,0.40500201284885406,0.08127983845770359,
0,260816,matched,MATCHED_RicianLOS,Proposed_CA_CNN_RNND,7096,0.2717851344496012,0.24142195656895638,0.0303631754941307,
0,260816,matched,MATCHED_RicianLOS,Proposed_CA_CNN_RNND,7097,0.4080256298184395,0.336962029337883,0.07106360816396773,
0,260816,matched,MATCHED_RicianLOS,Proposed_CA_CNN_RNND,7098,0.4405108466744423,0.36016518622636795,0.08034566882997751,
0,260816,matched,MATCHED_RicianLOS,Proposed_CA_CNN_RNND,7099,0.384724497795105,0.32582494616508484,0.05889955721795559,
0,260816,matched,MATCHED_RicianLOS,Proposed_CA_CNN_RNND,7100,0.37468309700489044,0.3074557278305292,0.0672273738309741,
0,260816,matched,MATCHED_RicianLOS,Proposed_CA_CNN_RNND,7101,0.35348329320549965,0.304036021232605,0.049447265453636646,
0,260816,matched,MATCHED_RicianLOS,Proposed_CA_CNN_RNND,7102,0.502856433391571,0.41323526948690414,0.08962115552276373,
0,260816,matched,MATCHED_RicianLOS,Proposed_CA_CNN_RNND,7103,0.3086232841014862,0.2715357318520546,0.03708755155093968,
0,260816,matched,MATCHED_RicianLOS,Proposed_CA_CNN_RNND,7104,0.37304382026195526,0.31926121935248375,0.053782608825713396,
0,260816,matched,MATCHED_RicianLOS,Proposed_CA_CNN_RNND,7105,0.40207917243242264,0.33938051015138626,0.06269865483045578,
0,260816,matched,MATCHED_RicianLOS,Proposed_CA_CNN_RNND,7106,0.2070009596645832,0.1854787915945053,0.021522165392525494,
0,260816,matched,MATCHED_RicianLOS,Proposed_CA_CNN_RNND,7107,0.3142405338585377,0.26660915836691856,0.0476313658291474,
0,260816,matched,MATCHED_RicianLOS,Proposed_CA_CNN_RNND,7108,0.36489729583263397,0.3130815252661705,0.05181577173061669,
0,260816,matched,MATCHED_RicianLOS,Proposed_CA_CNN_RNND,7109,0.31506631150841713,0.2784213051199913,0.03664500638842583,
0,260816,matched,MATCHED_RicianLOS,Proposed_CA_CNN_RNND,7110,0.31434717401862144,0.2711937129497528,0.04315346176736057,
0,260816,matched,MATCHED_RicianLOS,Proposed_CA_CNN_RNND,7111,0.3704346790909767,0.31741269677877426,0.05302198696881533,
0,260816,matched,MATCHED_RicianLOS,Proposed_CA_CNN_RNND,7112,0.27487750351428986,0.24076571315526962,0.0341117880307138,
0,260816,matched,MATCHED_RicianLOS,Proposed_CA_CNN_RNND,7113,0.21819521486759186,0.2016945704817772,0.016500644385814667,
0,260816,matched,MATCHED_RicianLOS,Proposed_CA_CNN_RNND,7114,0.31495192646980286,0.27834250777959824,0.03660942567512393,
0,260816,matched,MATCHED_RicianLOS,Proposed_CA_CNN_RNND,7115,0.2802599333226681,0.24337565153837204,0.03688428085297346,
0,260816,matched,MATCHED_RicianLOS,Proposed_CA_CNN_RNND,7116,0.43687954545021057,0.36383266746997833,0.07304687984287739,
0,260816,matched,MATCHED_RicianLOS,Proposed_CA_CNN_RNND,7117,0.29483314603567123,0.25730516016483307,0.03752798866480589,
0,260816,matched,MATCHED_RicianLOS,Proposed_CA_CNN_RNND,7118,0.3897182196378708,0.3299478217959404,0.05977040622383356,
0,260816,matched,MATCHED_RicianLOS,Proposed_CA_CNN_RNND,7119,0.18468627333641052,0.17469511926174164,0.009991153492592275,
0,260816,matched,MATCHED_RicianLOS,Proposed_CA_CNN_RNND,7120,0.42560185492038727,0.35590481758117676,0.06969702895730734,
0,260816,matched,MATCHED_RicianLOS,Proposed_CA_CNN_RNND,7121,0.3616137467324734,0.30507147312164307,0.05654227710328996,
0,260816,matched,MATCHED_RicianLOS,Proposed_CA_CNN_RNND,7122,0.3788780942559242,0.3143977113068104,0.06448038294911385,
0,260816,matched,MATCHED_RicianLOS,Proposed_CA_CNN_RNND,7123,0.411157488822937,0.3506907857954502,0.06046670163050294,
0,260816,matched,MATCHED_RicianLOS,Proposed_CA_CNN_RNND,7124,0.37731846794486046,0.3175499215722084,0.059768552891910076,
0,260816,matched,MATCHED_RicianLOS,Proposed_CA_CNN_RNND,7125,0.4454580396413803,0.3718075826764107,0.07365045137703419,
0,260816,matched,MATCHED_RicianLOS,Proposed_CA_CNN_RNND,7126,0.25915390625596046,0.22790964506566525,0.031244262354448438,
0,260816,matched,MATCHED_RicianLOS,Proposed_CA_CNN_RNND,7127,0.44912440329790115,0.38229647278785706,0.0668279230594635,
0,260816,matched,MATCHED_RicianLOS,Proposed_CA_CNN_RNND,7128,0.38413916528224945,0.32057237438857555,0.06356678763404489,
0,260816,matched,MATCHED_RicianLOS,Proposed_CA_CNN_RNND,7129,0.2953140139579773,0.25790709629654884,0.03740691998973489,
0,260816,matched,MATCHED_RicianLOS,Proposed_CA_CNN_RNND,7130,0.1613721288740635,0.15190189331769943,0.009470237768255174,
0,260816,matched,MATCHED_RicianLOS,Proposed_CA_CNN_RNND,7131,0.27540042996406555,0.233497254550457,0.04190316708991304,
0,260816,matched,MATCHED_RicianLOS,Proposed_CA_CNN_RNND,7132,0.4190482348203659,0.3472256362438202,0.07182259485125542,
0,260816,matched,MATCHED_RicianLOS,Proposed_CA_CNN_RNND,7133,0.26870855689048767,0.23701715841889381,0.03169140312820673,
0,260816,matched,MATCHED_RicianLOS,Proposed_CA_CNN_RNND,7134,0.3408054783940315,0.29026859253644943,0.05053689063061029,
0,260816,matched,MATCHED_RicianLOS,Proposed_CA_CNN_RNND,7135,0.48182348161935806,0.39912914484739304,0.0826943377032876,
0,260816,matched,MATCHED_RicianLOS,Proposed_CA_CNN_RNND,7136,0.4569550082087517,0.36905109882354736,0.087903902400285,
0,260816,matched,MATCHED_RicianLOS,Proposed_CA_CNN_RNND,7137,0.534321516752243,0.433995820581913,0.10032567754387856,
0,260816,matched,MATCHED_RicianLOS,Proposed_CA_CNN_RNND,7138,0.3202199786901474,0.27252325415611267,0.047696730704046786,
0,260816,matched,MATCHED_RicianLOS,Proposed_CA_CNN_RNND,7139,0.3800935447216034,0.31348159722983837,0.06661195051856339,
0,260816,matched,MATCHED_RicianLOS,Proposed_CA_CNN_RNND,7140,0.21283675730228424,0.18829511106014252,0.02454164670780301,
0,260816,matched,MATCHED_RicianLOS,Proposed_CA_CNN_RNND,7141,0.20028574764728546,0.17975960671901703,0.020526137435808778,
0,260816,matched,MATCHED_RicianLOS,Proposed_CA_CNN_RNND,7142,0.3450351916253567,0.29339638352394104,0.051638804376125336,
0,260816,matched,MATCHED_RicianLOS,Proposed_CA_CNN_RNND,7143,0.3330427221953869,0.28767674788832664,0.04536597855621949,
0,260816,matched,MATCHED_RicianLOS,Proposed_CA_CNN_RNND,7144,0.290126521140337,0.24672356247901917,0.04340295464498922,
0,260816,matched,MATCHED_RicianLOS,Proposed_CA_CNN_RNND,7145,0.29215333983302116,0.2593800872564316,0.032773250015452504,
0,260816,matched,MATCHED_RicianLOS,Proposed_CA_CNN_RNND,7146,0.20413779094815254,0.1860785223543644,0.018059270456433296,
0,260816,matched,MATCHED_RicianLOS,Proposed_CA_CNN_RNND,7147,0.3383275792002678,0.28172681480646133,0.05660076253116131,
0,260816,matched,MATCHED_RicianLOS,Proposed_CA_CNN_RNND,7148,0.38720574602484703,0.3201908692717552,0.06701487686950713,
0,260816,matched,MATCHED_RicianLOS,Proposed_CA_CNN_RNND,7149,0.31794605404138565,0.26995049230754375,0.047995548346079886,
0,260816,matched,MATCHED_RicianLOS,Proposed_CA_CNN_RNND,7150,0.28714215010404587,0.2480206862092018,0.039121462032198906,
0,260816,matched,MATCHED_RicianLOS,Proposed_CA_CNN_RNND,7151,0.31569869816303253,0.28149131685495377,0.034207385033369064,
0,260816,matched,MATCHED_RicianLOS,Proposed_CA_CNN_RNND,7152,0.2979508340358734,0.2530890963971615,0.04486173694022,
0,260816,matched,MATCHED_RicianLOS,Proposed_CA_CNN_RNND,7153,0.2018985003232956,0.18251729384064674,0.01938120718114078,
0,260816,matched,MATCHED_RicianLOS,Proposed_CA_CNN_RNND,7154,0.31249769032001495,0.27211955562233925,0.04037812910974026,
0,260816,matched,MATCHED_RicianLOS,Proposed_CA_CNN_RNND,7155,0.2905362509191036,0.2567569315433502,0.03377932356670499,
0,260816,matched,MATCHED_RicianLOS,Proposed_CA_CNN_RNND,7156,0.3746396265923977,0.31487200781702995,0.059767608530819416,
0,260816,matched,MATCHED_RicianLOS,Proposed_CA_CNN_RNND,7157,0.42567005939781666,0.35445054806768894,0.07121950574219227,
0,260816,matched,MATCHED_RicianLOS,Proposed_CA_CNN_RNND,7158,0.3977017179131508,0.3323369324207306,0.06536477850750089,
0,260816,matched,MATCHED_RicianLOS,Proposed_CA_CNN_RNND,7159,0.3143642209470272,0.2752784974873066,0.0390857202000916,
0,260816,matched,MATCHED_RicianLOS,Proposed_CA_CNN_RNND,7160,0.35711101815104485,0.30672797933220863,0.0503830430097878,
0,260816,matched,MATCHED_RicianLOS,Proposed_CA_CNN_RNND,7161,0.38983675092458725,0.32451169192790985,0.06532506458461285,
0,260816,matched,MATCHED_RicianLOS,Proposed_CA_CNN_RNND,7162,0.3009149432182312,0.25828494876623154,0.042629987467080355,
0,260816,matched,MATCHED_RicianLOS,Proposed_CA_CNN_RNND,7163,0.2059890367090702,0.18554481863975525,0.020444217836484313,
0,260816,matched,MATCHED_RicianLOS,Proposed_CA_CNN_RNND,7164,0.2629119046032429,0.23635034263134003,0.026561566279269755,
0,260816,matched,MATCHED_RicianLOS,Proposed_CA_CNN_RNND,7165,0.34537167847156525,0.2930625509470701,0.0523091311333701,
0,260816,matched,MATCHED_RicianLOS,Proposed_CA_CNN_RNND,7166,0.27442603185772896,0.23507605493068695,0.03934997692704201,
0,260816,matched,MATCHED_RicianLOS,Proposed_CA_CNN_RNND,7167,0.27781520783901215,0.2534548491239548,0.024360354291275144,
0,260816,matched,MATCHED_RicianLOS,Proposed_CA_CNN_RNND,7168,0.19467110186815262,0.1781657114624977,0.01650539319962263,
0,260816,matched,MATCHED_RicianLOS,Proposed_CA_CNN_RNND,7169,0.27581678703427315,0.24104999005794525,0.03476679790765047,
0,260816,matched,MATCHED_RicianLOS,Proposed_CA_CNN_RNND,7170,0.25351665914058685,0.22287079319357872,0.030645865248516202,
0,260816,matched,MATCHED_RicianLOS,Proposed_CA_CNN_RNND,7171,0.138680849224329,0.13052523136138916,0.008155617062584497,
0,260816,matched,MATCHED_RicianLOS,Proposed_CA_CNN_RNND,7172,0.34797585383057594,0.3010048270225525,0.046971019357442856,
0,260816,matched,MATCHED_RicianLOS,Proposed_CA_CNN_RNND,7173,0.25093693286180496,0.2262423150241375,0.024694617837667465,
0,260816,matched,MATCHED_RicianLOS,Proposed_CA_CNN_RNND,7174,0.3665340170264244,0.3167649321258068,0.049769092351198196,
0,260816,matched,MATCHED_RicianLOS,Proposed_CA_CNN_RNND,7175,0.37434258311986923,0.32001591473817825,0.05432666838169098,
0,260816,matched,MATCHED_RicianLOS,Proposed_CA_CNN_RNND,7176,0.3090494219213724,0.26125734113156796,0.04779207718092948,
0,260816,matched,MATCHED_RicianLOS,Proposed_CA_CNN_RNND,7177,0.29866670444607735,0.24760400876402855,0.051062691025435925,
0,260816,matched,MATCHED_RicianLOS,Proposed_CA_CNN_RNND,7178,0.23317161574959755,0.20946021750569344,0.023711401503533125,
0,260816,matched,MATCHED_RicianLOS,Proposed_CA_CNN_RNND,7179,0.43078259378671646,0.3603752627968788,0.0704073365777731,
0,260816,matched,MATCHED_RicianLOS,Proposed_CA_CNN_RNND,7180,0.30914621613919735,0.26601128093898296,0.043134936364367604,
0,260816,matched,MATCHED_RicianLOS,Proposed_CA_CNN_RNND,7181,0.38272689655423164,0.32491709291934967,0.05780980223789811,
0,260816,matched,MATCHED_RicianLOS,Proposed_CA_CNN_RNND,7182,0.474444217979908,0.3895086720585823,0.0849355305545032,
0,260816,matched,MATCHED_RicianLOS,Proposed_CA_CNN_RNND,7183,0.3721804991364479,0.31998059898614883,0.05219989316537976,
0,260816,matched,MATCHED_RicianLOS,Proposed_CA_CNN_RNND,7184,0.35990798845887184,0.30839256569743156,0.051515424624085426,
0,260816,matched,MATCHED_RicianLOS,Proposed_CA_CNN_RNND,7185,0.4142957516014576,0.3462503254413605,0.06804542546160519,
0,260816,matched,MATCHED_RicianLOS,Proposed_CA_CNN_RNND,7186,0.3270068094134331,0.28784049674868584,0.03916631639003754,
0,260816,matched,MATCHED_RicianLOS,Proposed_CA_CNN_RNND,7187,0.4215586185455322,0.3555407226085663,0.06601790012791753,
0,260816,matched,MATCHED_RicianLOS,Proposed_CA_CNN_RNND,7188,0.3374939039349556,0.2939908541738987,0.043503057677298784,
0,260816,matched,MATCHED_RicianLOS,Proposed_CA_CNN_RNND,7189,0.22430419921875,0.20175417140126228,0.02255002362653613,
0,260816,matched,MATCHED_RicianLOS,Proposed_CA_CNN_RNND,7190,0.3260054290294647,0.27763500437140465,0.04837042419239879,
0,260816,matched,MATCHED_RicianLOS,Proposed_CA_CNN_RNND,7191,0.37666943296790123,0.32209671661257744,0.054572719149291515,
0,260816,matched,MATCHED_RicianLOS,Proposed_CA_CNN_RNND,7192,0.41660291887819767,0.3475978374481201,0.06900507991667837,
0,260816,matched,MATCHED_RicianLOS,Proposed_CA_CNN_RNND,7193,0.4174032174050808,0.3407474122941494,0.07665580091997981,
0,260816,matched,MATCHED_RicianLOS,Proposed_CA_CNN_RNND,7194,0.4201241657137871,0.34851954877376556,0.07160462392494082,
0,260816,matched,MATCHED_RicianLOS,Proposed_CA_CNN_RNND,7195,0.4177253767848015,0.349941149353981,0.06778422743082047,
0,260816,matched,MATCHED_RicianLOS,Proposed_CA_CNN_RNND,7196,0.23371619172394276,0.21023369207978249,0.02348249778151512,
0,260816,matched,MATCHED_RicianLOS,Proposed_CA_CNN_RNND,7197,0.3156430087983608,0.2704654037952423,0.04517760721500963,
0,260816,matched,MATCHED_RicianLOS,Proposed_CA_CNN_RNND,7198,0.3649729713797569,0.30438803881406784,0.06058494304306805,
0,260816,matched,MATCHED_RicianLOS,Proposed_CA_CNN_RNND,7199,0.20474443957209587,0.1853974647819996,0.01934698037803173,
0,260816,matched,MATCHED_RicianLOS,Proposed_CA_CNN_RNND,7200,0.2913067974150181,0.254818357527256,0.03648843662813306,-1.2477518572534025
0,260816,matched,MATCHED_RicianLOS,Proposed_CA_CNN_RNND,7201,0.2389165312051773,0.21877999603748322,0.020136536506470293,
0,260816,matched,MATCHED_RicianLOS,Proposed_CA_CNN_RNND,7202,0.4025593064725399,0.3346964530646801,0.0678628571331501,
0,260816,matched,MATCHED_RicianLOS,Proposed_CA_CNN_RNND,7203,0.31958334892988205,0.2773071564733982,0.04227619245648384,
0,260816,matched,MATCHED_RicianLOS,Proposed_CA_CNN_RNND,7204,0.2634386606514454,0.23009422048926353,0.03334444621577859,
0,260816,matched,MATCHED_RicianLOS,Proposed_CA_CNN_RNND,7205,0.33858073130249977,0.2850022688508034,0.053578469436615705,
0,260816,matched,MATCHED_RicianLOS,Proposed_CA_CNN_RNND,7206,0.32810334488749504,0.27964547649025917,0.04845787025988102,
0,260816,matched,MATCHED_RicianLOS,Proposed_CA_CNN_RNND,7207,0.37416427582502365,0.31812917441129684,0.056035101879388094,
0,260816,matched,MATCHED_RicianLOS,Proposed_CA_CNN_RNND,7208,0.3243492506444454,0.28139255940914154,0.04295669053681195,
0,260816,matched,MATCHED_RicianLOS,Proposed_CA_CNN_RNND,7209,0.16385817527770996,0.15307847782969475,0.010779700241982937,
0,260816,matched,MATCHED_RicianLOS,Proposed_CA_CNN_RNND,7210,0.23128462582826614,0.20107223838567734,0.030212391924578696,
0,260816,matched,MATCHED_RicianLOS,Proposed_CA_CNN_RNND,7211,0.417569313198328,0.34265347197651863,0.07491584215313196,
0,260816,matched,MATCHED_RicianLOS,Proposed_CA_CNN_RNND,7212,0.3187138568609953,0.2739127539098263,0.04480110574513674,
0,260816,matched,MATCHED_RicianLOS,Proposed_CA_CNN_RNND,7213,0.3161545731127262,0.27569271996617317,0.040461854077875614,
0,260816,matched,MATCHED_RicianLOS,Proposed_CA_CNN_RNND,7214,0.33846843615174294,0.2929318994283676,0.04553653672337532,
0,260816,matched,MATCHED_RicianLOS,Proposed_CA_CNN_RNND,7215,0.37740328535437584,0.3147791102528572,0.06262416578829288,
0,260816,matched,MATCHED_RicianLOS,Proposed_CA_CNN_RNND,7216,0.35207026824355125,0.30147312581539154,0.050597139983437955,
0,260816,matched,MATCHED_RicianLOS,Proposed_CA_CNN_RNND,7217,0.46040526032447815,0.38049059361219406,0.07991465926170349,
0,260816,matched,MATCHED_RicianLOS,Proposed_CA_CNN_RNND,7218,0.28500915318727493,0.24949323013424873,0.035515919560566545,
0,260816,matched,MATCHED_RicianLOS,Proposed_CA_CNN_RNND,7219,0.31743161752820015,0.2778227627277374,0.039608852006495,
0,260816,matched,MATCHED_RicianLOS,Proposed_CA_CNN_RNND,7220,0.3394650984555483,0.28151831589639187,0.05794678651727736,
0,260816,matched,MATCHED_RicianLOS,Proposed_CA_CNN_RNND,7221,0.3971045948565006,0.3288946896791458,0.06820989726111293,
0,260816,matched,MATCHED_RicianLOS,Proposed_CA_CNN_RNND,7222,0.24565693363547325,0.21680289134383202,0.028854044619947672,
0,260816,matched,MATCHED_RicianLOS,Proposed_CA_CNN_RNND,7223,0.25829846784472466,0.227695781737566,0.030602690763771534,
0,260816,matched,MATCHED_RicianLOS,Proposed_CA_CNN_RNND,7224,0.4435294568538666,0.3727513775229454,0.07077807979658246,
0,260816,matched,MATCHED_RicianLOS,Proposed_CA_CNN_RNND,7225,0.31513356417417526,0.27004287391901016,0.04509069211781025,
0,260816,matched,MATCHED_RicianLOS,Proposed_CA_CNN_RNND,7226,0.22255320101976395,0.20438506454229355,0.018168137408792973,
0,260816,matched,MATCHED_RicianLOS,Proposed_CA_CNN_RNND,7227,0.5923812836408615,0.4742735028266907,0.11810776591300964,
0,260816,matched,MATCHED_RicianLOS,Proposed_CA_CNN_RNND,7228,0.2563671823590994,0.22996502742171288,0.02640215879364405,
0,260816,matched,MATCHED_RicianLOS,Proposed_CA_CNN_RNND,7229,0.37117869034409523,0.3110593892633915,0.06011930713430047,
0,260816,matched,MATCHED_RicianLOS,Proposed_CA_CNN_RNND,7230,0.4513566568493843,0.37262197211384773,0.07873468520119786,
0,260816,matched,MATCHED_RicianLOS,Proposed_CA_CNN_RNND,7231,0.39183131232857704,0.33020490035414696,0.06162641406990588,
0,260816,matched,MATCHED_RicianLOS,Proposed_CA_CNN_RNND,7232,0.29412130638957024,0.2506767734885216,0.04344453872181475,
0,260816,matched,MATCHED_RicianLOS,Proposed_CA_CNN_RNND,7233,0.4253099486231804,0.35641905665397644,0.06889088451862335,
0,260816,matched,MATCHED_RicianLOS,Proposed_CA_CNN_RNND,7234,0.34616540372371674,0.297940444201231,0.04822495160624385,
0,260816,matched,MATCHED_RicianLOS,Proposed_CA_CNN_RNND,7235,0.3205009438097477,0.2710928861051798,0.049408072140067816,
0,260816,matched,MATCHED_RicianLOS,Proposed_CA_CNN_RNND,7236,0.386939637362957,0.3301069438457489,0.056832694448530674,
0,260816,matched,MATCHED_RicianLOS,Proposed_CA_CNN_RNND,7237,0.29011643677949905,0.2564445957541466,0.03367183788213879,
0,260816,matched,MATCHED_RicianLOS,Proposed_CA_CNN_RNND,7238,0.4679461345076561,0.38190238922834396,0.08604374900460243,
0,260816,matched,MATCHED_RicianLOS,Proposed_CA_CNN_RNND,7239,0.2514083832502365,0.2247212789952755,0.026687104837037623,
0,260816,matched,MATCHED_RicianLOS,Proposed_CA_CNN_RNND,7240,0.3138867877423763,0.26902490854263306,0.04486188851296902,
0,260816,matched,MATCHED_RicianLOS,Proposed_CA_CNN_RNND,7241,0.31016588769853115,0.26634544506669044,0.043820445192977786,
0,260816,matched,MATCHED_RicianLOS,Proposed_CA_CNN_RNND,7242,0.5167722925543785,0.4306847155094147,0.08608757518231869,
0,260816,matched,MATCHED_RicianLOS,Proposed_CA_CNN_RNND,7243,0.33528608083724976,0.288596972823143,0.04668910522013903,
0,260816,matched,MATCHED_RicianLOS,Proposed_CA_CNN_RNND,7244,0.5346446484327316,0.43590421229600906,0.09874043799936771,
0,260816,matched,MATCHED_RicianLOS,Proposed_CA_CNN_RNND,7245,0.3953264616429806,0.33121564611792564,0.06411080644465983,
0,260816,matched,MATCHED_RicianLOS,Proposed_CA_CNN_RNND,7246,0.49272189289331436,0.40396902710199356,0.08875285740941763,
0,260816,matched,MATCHED_RicianLOS,Proposed_CA_CNN_RNND,7247,0.3382601849734783,0.2859823442995548,0.0522778476588428,
0,260816,matched,MATCHED_RicianLOS,Proposed_CA_CNN_RNND,7248,0.34968168288469315,0.3011716976761818,0.048509991029277444,
0,260816,matched,MATCHED_RicianLOS,Proposed_CA_CNN_RNND,7249,0.33466610312461853,0.28792502731084824,0.04674108070321381,
0,260816,matched,MATCHED_RicianLOS,Proposed_CA_CNN_RNND,7250,0.2856418304145336,0.24693091213703156,0.038710923632606864,
0,260816,matched,MATCHED_RicianLOS,Proposed_CA_CNN_RNND,7251,0.28772271424531937,0.2571632117033005,0.030559511156752706,
0,260816,matched,MATCHED_RicianLOS,Proposed_CA_CNN_RNND,7252,0.4650988131761551,0.38088206201791763,0.08421674650162458,
0,260816,matched,MATCHED_RicianLOS,Proposed_CA_CNN_RNND,7253,0.3000239357352257,0.2657126747071743,0.0343112638220191,
0,260816,matched,MATCHED_RicianLOS,Proposed_CA_CNN_RNND,7254,0.2869485281407833,0.2532236613333225,0.033724868088029325,
0,260816,matched,MATCHED_RicianLOS,Proposed_CA_CNN_RNND,7255,0.2325005643069744,0.21253639459609985,0.019964168197475374,
0,260816,matched,MATCHED_RicianLOS,Proposed_CA_CNN_RNND,7256,0.3610612191259861,0.3074596934020519,0.05360152921639383,
0,260816,matched,MATCHED_RicianLOS,Proposed_CA_CNN_RNND,7257,0.29476490058004856,0.25067390874028206,0.044090995797887444,
0,260816,matched,MATCHED_RicianLOS,Proposed_CA_CNN_RNND,7258,0.4126163423061371,0.34093690663576126,0.07167942728847265,
0,260816,matched,MATCHED_RicianLOS,Proposed_CA_CNN_RNND,7259,0.34852516651153564,0.29630064219236374,0.05222451640293002,
0,260816,matched,MATCHED_RicianLOS,Proposed_CA_CNN_RNND,7260,0.2950463183224201,0.2544131986796856,0.040633127093315125,
0,260816,matched,MATCHED_RicianLOS,Proposed_CA_CNN_RNND,7261,0.3907686211168766,0.32712873816490173,0.063639884989243,
0,260816,matched,MATCHED_RicianLOS,Proposed_CA_CNN_RNND,7262,0.31937316060066223,0.27254069969058037,0.04683246393688023,
0,260816,matched,MATCHED_RicianLOS,Proposed_CA_CNN_RNND,7263,0.41619639843702316,0.35619498789310455,0.06000141007825732,
0,260816,matched,MATCHED_RicianLOS,Proposed_CA_CNN_RNND,7264,0.4118236005306244,0.3467808961868286,0.06504270806908607,
0,260816,matched,MATCHED_RicianLOS,Proposed_CA_CNN_RNND,7265,0.24833547323942184,0.21970752626657486,0.028627943363972008,
0,260816,matched,MATCHED_RicianLOS,Proposed_CA_CNN_RNND,7266,0.3070293366909027,0.2648651823401451,0.04216416133567691,
0,260816,matched,MATCHED_RicianLOS,Proposed_CA_CNN_RNND,7267,0.2077646553516388,0.18551263958215714,0.02225201274268329,
0,260816,matched,MATCHED_RicianLOS,Proposed_CA_CNN_RNND,7268,0.3983234465122223,0.33522775769233704,0.06309569301083684,
0,260816,matched,MATCHED_RicianLOS,Proposed_CA_CNN_RNND,7269,0.2468613162636757,0.2170566078275442,0.02980471169576049,
0,260816,matched,MATCHED_RicianLOS,Proposed_CA_CNN_RNND,7270,0.36851924657821655,0.3093753792345524,0.05914386664517224,
0,260816,matched,MATCHED_RicianLOS,Proposed_CA_CNN_RNND,7271,0.29863128811120987,0.26477833837270737,0.033852944150567055,
0,260816,matched,MATCHED_RicianLOS,Proposed_CA_CNN_RNND,7272,0.39183345809578896,0.3274034410715103,0.06443001409934368,
0,260816,matched,MATCHED_RicianLOS,Proposed_CA_CNN_RNND,7273,0.19331074319779873,0.18067741580307484,0.012633329431992024,
0,260816,matched,MATCHED_RicianLOS,Proposed_CA_CNN_RNND,7274,0.3106120936572552,0.2689211182296276,0.04169096634723246,
0,260816,matched,MATCHED_RicianLOS,Proposed_CA_CNN_RNND,7275,0.16345796920359135,0.15478246845304966,0.008675500808749348,
0,260816,matched,MATCHED_RicianLOS,Proposed_CA_CNN_RNND,7276,0.24636530876159668,0.21774600446224213,0.028619308723136783,
0,260816,matched,MATCHED_RicianLOS,Proposed_CA_CNN_RNND,7277,0.25238004326820374,0.22606845200061798,0.026311594061553478,
0,260816,matched,MATCHED_RicianLOS,Proposed_CA_CNN_RNND,7278,0.42689651995897293,0.3530513793230057,0.0738451424986124,
0,260816,matched,MATCHED_RicianLOS,Proposed_CA_CNN_RNND,7279,0.4003481790423393,0.33272793889045715,0.06762024760246277,
0,260816,matched,MATCHED_RicianLOS,Proposed_CA_CNN_RNND,7280,0.20709392800927162,0.1916176751255989,0.01547625393141061,
0,260816,matched,MATCHED_RicianLOS,Proposed_CA_CNN_RNND,7281,0.34901515766978264,0.2946182005107403,0.05439696367830038,
0,260816,matched,MATCHED_RicianLOS,Proposed_CA_CNN_RNND,7282,0.29674702882766724,0.26636314019560814,0.030383898876607418,
0,260816,matched,MATCHED_RicianLOS,Proposed_CA_CNN_RNND,7283,0.27936653047800064,0.2514318898320198,0.027934636920690536,
0,260816,matched,MATCHED_RicianLOS,Proposed_CA_CNN_RNND,7284,0.3478764072060585,0.29486240074038506,0.05301400553435087,
0,260816,matched,MATCHED_RicianLOS,Proposed_CA_CNN_RNND,7285,0.38011447340250015,0.3195515647530556,0.060562905855476856,
0,260816,matched,MATCHED_RicianLOS,Proposed_CA_CNN_RNND,7286,0.1975821889936924,0.17938627675175667,0.018195917131379247,
0,260816,matched,MATCHED_RicianLOS,Proposed_CA_CNN_RNND,7287,0.3737928904592991,0.3223123103380203,0.051480579655617476,
0,260816,matched,MATCHED_RicianLOS,Proposed_CA_CNN_RNND,7288,0.36005230993032455,0.305758286267519,0.05429403018206358,
0,260816,matched,MATCHED_RicianLOS,Proposed_CA_CNN_RNND,7289,0.24505707249045372,0.22215639241039753,0.022900677809957415,
0,260816,matched,MATCHED_RicianLOS,Proposed_CA_CNN_RNND,7290,0.33099857345223427,0.2848896160721779,0.04610895732184872,
0,260816,matched,MATCHED_RicianLOS,Proposed_CA_CNN_RNND,7291,0.3643663004040718,0.3114149086177349,0.05295139690861106,
0,260816,matched,MATCHED_RicianLOS,Proposed_CA_CNN_RNND,7292,0.48958200216293335,0.3979618027806282,0.09162018913775682,
0,260816,matched,MATCHED_RicianLOS,Proposed_CA_CNN_RNND,7293,0.42463207989931107,0.36257799714803696,0.062054079957306385,
0,260816,matched,MATCHED_RicianLOS,Proposed_CA_CNN_RNND,7294,0.3063717298209667,0.26789338886737823,0.038478340255096555,
0,260816,matched,MATCHED_RicianLOS,Proposed_CA_CNN_RNND,7295,0.2886094283312559,0.24668919295072556,0.04192023724317551,
0,260816,matched,MATCHED_RicianLOS,Proposed_CA_CNN_RNND,7296,0.46807193756103516,0.3824693262577057,0.08560260105878115,
0,260816,matched,MATCHED_RicianLOS,Proposed_CA_CNN_RNND,7297,0.41724306531250477,0.3415203895419836,0.07572268473450094,
0,260816,matched,MATCHED_RicianLOS,Proposed_CA_CNN_RNND,7298,0.44490089267492294,0.3682614266872406,0.07663947436958551,
0,260816,matched,MATCHED_RicianLOS,Proposed_CA_CNN_RNND,7299,0.2210521101951599,0.20525029674172401,0.015801813919097185,
0,260816,matched,MATCHED_RicianLOS,Proposed_CA_CNN_RNND,7300,0.186239967122674,0.17124955169856548,0.014990416588261724,
0,260816,matched,MATCHED_RicianLOS,Proposed_CA_CNN_RNND,7301,0.28936847299337387,0.2533190995454788,0.036049380083568394,
0,260816,matched,MATCHED_RicianLOS,Proposed_CA_CNN_RNND,7302,0.36007438600063324,0.3025638833642006,0.05751050915569067,
0,260816,matched,MATCHED_RicianLOS,Proposed_CA_CNN_RNND,7303,0.38223110511898994,0.3219543285667896,0.0602767807431519,
0,260816,matched,MATCHED_RicianLOS,Proposed_CA_CNN_RNND,7304,0.3839713782072067,0.31914258748292923,0.06482878839597106,
0,260816,matched,MATCHED_RicianLOS,Proposed_CA_CNN_RNND,7305,0.35407574474811554,0.3025980442762375,0.05147769674658775,
0,260816,matched,MATCHED_RicianLOS,Proposed_CA_CNN_RNND,7306,0.40553103014826775,0.34081146493554115,0.06471956521272659,
0,260816,matched,MATCHED_RicianLOS,Proposed_CA_CNN_RNND,7307,0.4099581390619278,0.3458959609270096,0.06406217254698277,
0,260816,matched,MATCHED_RicianLOS,Proposed_CA_CNN_RNND,7308,0.4728178381919861,0.3911752253770828,0.08164260536432266,
0,260816,matched,MATCHED_RicianLOS,Proposed_CA_CNN_RNND,7309,0.34174615144729614,0.2930933088064194,0.04865284590050578,
0,260816,matched,MATCHED_RicianLOS,Proposed_CA_CNN_RNND,7310,0.5018336623907089,0.41086746752262115,0.09096619952470064,
0,260816,matched,MATCHED_RicianLOS,Proposed_CA_CNN_RNND,7311,0.2877565138041973,0.2534371130168438,0.03431940032169223,
0,260816,matched,MATCHED_RicianLOS,Proposed_CA_CNN_RNND,7312,0.28455450758337975,0.25079407542943954,0.0337604284286499,
0,260816,matched,MATCHED_RicianLOS,Proposed_CA_CNN_RNND,7313,0.33116617798805237,0.28660740330815315,0.04455878119915724,
0,260816,matched,MATCHED_RicianLOS,Proposed_CA_CNN_RNND,7314,0.31194030307233334,0.2685246989130974,0.043415608757641166,
0,260816,matched,MATCHED_RicianLOS,Proposed_CA_CNN_RNND,7315,0.30513085424900055,0.2648981064558029,0.04023274569772184,
0,260816,matched,MATCHED_RicianLOS,Proposed_CA_CNN_RNND,7316,0.3658723160624504,0.30852029472589493,0.05735202552750707,
0,260816,matched,MATCHED_RicianLOS,Proposed_CA_CNN_RNND,7317,0.3137945383787155,0.27351535111665726,0.04027918493375182,
0,260816,matched,MATCHED_RicianLOS,Proposed_CA_CNN_RNND,7318,0.3198819011449814,0.273984931409359,0.045896970899775624,
0,260816,matched,MATCHED_RicianLOS,Proposed_CA_CNN_RNND,7319,0.3191906064748764,0.2739412486553192,0.04524935991503298,
0,260816,matched,MATCHED_RicianLOS,Proposed_CA_CNN_RNND,7320,0.35949889570474625,0.3100820444524288,0.049416858702898026,
0,260816,matched,MATCHED_RicianLOS,Proposed_CA_CNN_RNND,7321,0.37865233793854713,0.319487564265728,0.059164769016206264,
0,260816,matched,MATCHED_RicianLOS,Proposed_CA_CNN_RNND,7322,0.31248997524380684,0.27045685797929764,0.042033116333186626,
0,260816,matched,MATCHED_RicianLOS,Proposed_CA_CNN_RNND,7323,0.35532325506210327,0.30842485278844833,0.046898405998945236,
0,260816,matched,MATCHED_RicianLOS,Proposed_CA_CNN_RNND,7324,0.3531346693634987,0.3029255084693432,0.050209163688123226,
0,260816,matched,MATCHED_RicianLOS,Proposed_CA_CNN_RNND,7325,0.3922332003712654,0.3296385109424591,0.06259469222277403,
0,260816,matched,MATCHED_RicianLOS,Proposed_CA_CNN_RNND,7326,0.30897898972034454,0.26870638132095337,0.040272607235237956,
0,260816,matched,MATCHED_RicianLOS,Proposed_CA_CNN_RNND,7327,0.249205082654953,0.21743832156062126,0.0317667624913156,
0,260816,matched,MATCHED_RicianLOS,Proposed_CA_CNN_RNND,7328,0.39703746885061264,0.33072803914546967,0.06630942411720753,
0,260816,matched,MATCHED_RicianLOS,Proposed_CA_CNN_RNND,7329,0.35955604538321495,0.3061615154147148,0.05339453904889524,
0,260816,matched,MATCHED_RicianLOS,Proposed_CA_CNN_RNND,7330,0.3081258125603199,0.27138521894812584,0.03674059500917792,
0,260816,matched,MATCHED_RicianLOS,Proposed_CA_CNN_RNND,7331,0.2886437140405178,0.257383294403553,0.03126041870564222,
0,260816,matched,MATCHED_RicianLOS,Proposed_CA_CNN_RNND,7332,0.39814355224370956,0.3396400138735771,0.05850354768335819,
0,260816,matched,MATCHED_RicianLOS,Proposed_CA_CNN_RNND,7333,0.28897392749786377,0.25694625824689865,0.03202767297625542,
0,260816,matched,MATCHED_RicianLOS,Proposed_CA_CNN_RNND,7334,0.2751912362873554,0.24060995876789093,0.03458128130296245,
0,260816,matched,MATCHED_RicianLOS,Proposed_CA_CNN_RNND,7335,0.3182178717106581,0.2711872477084398,0.04703062743647024,
0,260816,matched,MATCHED_RicianLOS,Proposed_CA_CNN_RNND,7336,0.2763706147670746,0.24699540063738823,0.029375215293839574,
0,260816,matched,MATCHED_RicianLOS,Proposed_CA_CNN_RNND,7337,0.36461594328284264,0.3084432855248451,0.05617265682667494,
0,260816,matched,MATCHED_RicianLOS,Proposed_CA_CNN_RNND,7338,0.37009845301508904,0.32200369611382484,0.04809475503861904,
0,260816,matched,MATCHED_RicianLOS,Proposed_CA_CNN_RNND,7339,0.3884711265563965,0.32910000905394554,0.05937112239189446,
0,260816,matched,MATCHED_RicianLOS,Proposed_CA_CNN_RNND,7340,0.5145152732729912,0.42625998705625534,0.08825529366731644,
0,260816,matched,MATCHED_RicianLOS,Proposed_CA_CNN_RNND,7341,0.40317022055387497,0.3366808146238327,0.06648941314779222,
0,260816,matched,MATCHED_RicianLOS,Proposed_CA_CNN_RNND,7342,0.3136494792997837,0.26735739409923553,0.04629208636470139,
0,260816,matched,MATCHED_RicianLOS,Proposed_CA_CNN_RNND,7343,0.3549785725772381,0.30311474576592445,0.05186381842941046,
0,260816,matched,MATCHED_RicianLOS,Proposed_CA_CNN_RNND,7344,0.4961002469062805,0.40591296553611755,0.09018728137016296,
0,260816,matched,MATCHED_RicianLOS,Proposed_CA_CNN_RNND,7345,0.4152139499783516,0.3556409627199173,0.05957299005240202,
0,260816,matched,MATCHED_RicianLOS,Proposed_CA_CNN_RNND,7346,0.3427627384662628,0.29550859332084656,0.04725414514541626,
0,260816,matched,MATCHED_RicianLOS,Proposed_CA_CNN_RNND,7347,0.43764571100473404,0.36551984399557114,0.07212585676461458,
0,260816,matched,MATCHED_RicianLOS,Proposed_CA_CNN_RNND,7348,0.3022955097258091,0.2656906098127365,0.03660489525645971,
0,260816,matched,MATCHED_RicianLOS,Proposed_CA_CNN_RNND,7349,0.1670335829257965,0.15727877616882324,0.00975480885244906,
0,260816,matched,MATCHED_RicianLOS,Proposed_CA_CNN_RNND,7350,0.3392416574060917,0.2935129329562187,0.04572872258722782,
0,260816,matched,MATCHED_RicianLOS,Proposed_CA_CNN_RNND,7351,0.45989472419023514,0.3810568004846573,0.07883790787309408,
0,260816,matched,MATCHED_RicianLOS,Proposed_CA_CNN_RNND,7352,0.3361798822879791,0.2874698340892792,0.04871004889719188,
0,260816,matched,MATCHED_RicianLOS,Proposed_CA_CNN_RNND,7353,0.31842342764139175,0.27741460874676704,0.04100882378406823,
0,260816,matched,MATCHED_RicianLOS,Proposed_CA_CNN_RNND,7354,0.26586085371673107,0.22997227683663368,0.03588857682188973,
0,260816,matched,MATCHED_RicianLOS,Proposed_CA_CNN_RNND,7355,0.441831573843956,0.3676009587943554,0.07423061318695545,
0,260816,matched,MATCHED_RicianLOS,Proposed_CA_CNN_RNND,7356,0.38955311849713326,0.3280771002173424,0.06147601921111345,
0,260816,matched,MATCHED_RicianLOS,Proposed_CA_CNN_RNND,7357,0.37702350318431854,0.31416718661785126,0.06285630958154798,
0,260816,matched,MATCHED_RicianLOS,Proposed_CA_CNN_RNND,7358,0.3426685072481632,0.29139138758182526,0.05127711978275329,
0,260816,matched,MATCHED_RicianLOS,Proposed_CA_CNN_RNND,7359,0.41114261373877525,0.34237857162952423,0.06876404723152518,
0,260816,matched,MATCHED_RicianLOS,Proposed_CA_CNN_RNND,7360,0.2695484720170498,0.23450892791152,0.03503954946063459,
0,260816,matched,MATCHED_RicianLOS,Proposed_CA_CNN_RNND,7361,0.2959451898932457,0.26087598502635956,0.03506920440122485,
0,260816,matched,MATCHED_RicianLOS,Proposed_CA_CNN_RNND,7362,0.301135890185833,0.2581234574317932,0.04301242297515273,
0,260816,matched,MATCHED_RicianLOS,Proposed_CA_CNN_RNND,7363,0.2684005983173847,0.23326048627495766,0.03514011634979397,
0,260816,matched,MATCHED_RicianLOS,Proposed_CA_CNN_RNND,7364,0.2875462472438812,0.25059035047888756,0.0369559028185904,
0,260816,matched,MATCHED_RicianLOS,Proposed_CA_CNN_RNND,7365,0.413735032081604,0.35141877830028534,0.062316253781318665,
0,260816,matched,MATCHED_RicianLOS,Proposed_CA_CNN_RNND,7366,0.4412558451294899,0.37316565960645676,0.06809018738567829,
0,260816,matched,MATCHED_RicianLOS,Proposed_CA_CNN_RNND,7367,0.39180076494812965,0.3298405557870865,0.06196021055802703,
0,260816,matched,MATCHED_RicianLOS,Proposed_CA_CNN_RNND,7368,0.2487633191049099,0.2237668428570032,0.024996476888190955,
0,260816,matched,MATCHED_RicianLOS,Proposed_CA_CNN_RNND,7369,0.2683983016759157,0.23404302634298801,0.03435526747489348,
0,260816,matched,MATCHED_RicianLOS,Proposed_CA_CNN_RNND,7370,0.4979073032736778,0.4129123315215111,0.084994962438941,
0,260816,matched,MATCHED_RicianLOS,Proposed_CA_CNN_RNND,7371,0.3168284110724926,0.2767654284834862,0.04006298165768385,
0,260816,matched,MATCHED_RicianLOS,Proposed_CA_CNN_RNND,7372,0.4428926557302475,0.3621313162147999,0.08076133904978633,
0,260816,matched,MATCHED_RicianLOS,Proposed_CA_CNN_RNND,7373,0.4411400258541107,0.36980418860912323,0.07133583165705204,
0,260816,matched,MATCHED_RicianLOS,Proposed_CA_CNN_RNND,7374,0.309698473662138,0.27278000861406326,0.03691846737638116,
0,260816,matched,MATCHED_RicianLOS,Proposed_CA_CNN_RNND,7375,0.3694370202720165,0.32126588374376297,0.04817113932222128,
0,260816,matched,MATCHED_RicianLOS,Proposed_CA_CNN_RNND,7376,0.23103422671556473,0.2095378339290619,0.02149639610433951,
0,260816,matched,MATCHED_RicianLOS,Proposed_CA_CNN_RNND,7377,0.17835070751607418,0.16637696139514446,0.011973747750744224,
0,260816,matched,MATCHED_RicianLOS,Proposed_CA_CNN_RNND,7378,0.3084423579275608,0.27012068405747414,0.038321670959703624,
0,260816,matched,MATCHED_RicianLOS,Proposed_CA_CNN_RNND,7379,0.45412972569465637,0.3725099191069603,0.08161980891600251,
0,260816,matched,MATCHED_RicianLOS,Proposed_CA_CNN_RNND,7380,0.3243708796799183,0.27495916932821274,0.049411722109653056,
0,260816,matched,MATCHED_RicianLOS,Proposed_CA_CNN_RNND,7381,0.3063219301402569,0.2668249383568764,0.039497002959251404,
0,260816,matched,MATCHED_RicianLOS,Proposed_CA_CNN_RNND,7382,0.2808067202568054,0.24208609759807587,0.038720616372302175,
0,260816,matched,MATCHED_RicianLOS,Proposed_CA_CNN_RNND,7383,0.2535885088145733,0.22392556630074978,0.02966293809004128,
0,260816,matched,MATCHED_RicianLOS,Proposed_CA_CNN_RNND,7384,0.26210911199450493,0.2363964356482029,0.025712679489515722,
0,260816,matched,MATCHED_RicianLOS,Proposed_CA_CNN_RNND,7385,0.21472596004605293,0.19397662952542305,0.020749324467033148,
0,260816,matched,MATCHED_RicianLOS,Proposed_CA_CNN_RNND,7386,0.3109838478267193,0.2702914997935295,0.040692348731681705,
0,260816,matched,MATCHED_RicianLOS,Proposed_CA_CNN_RNND,7387,0.3016207553446293,0.26165980473160744,0.03996094851754606,
0,260816,matched,MATCHED_RicianLOS,Proposed_CA_CNN_RNND,7388,0.27938162535429,0.24718445912003517,0.03219716530293226,
0,260816,matched,MATCHED_RicianLOS,Proposed_CA_CNN_RNND,7389,0.23181726410984993,0.20756219327449799,0.024255067575722933,
0,260816,matched,MATCHED_RicianLOS,Proposed_CA_CNN_RNND,7390,0.3084082305431366,0.2716399170458317,0.03676830977201462,
0,260816,matched,MATCHED_RicianLOS,Proposed_CA_CNN_RNND,7391,0.30464811995625496,0.2652551494538784,0.039392976788803935,
0,260816,matched,MATCHED_RicianLOS,Proposed_CA_CNN_RNND,7392,0.3320140056312084,0.281949520111084,0.05006448528729379,
0,260816,matched,MATCHED_RicianLOS,Proposed_CA_CNN_RNND,7393,0.3157185837626457,0.2694852091372013,0.04623337625525892,
0,260816,matched,MATCHED_RicianLOS,Proposed_CA_CNN_RNND,7394,0.34509679675102234,0.2885206378996372,0.05657616094686091,
0,260816,matched,MATCHED_RicianLOS,Proposed_CA_CNN_RNND,7395,0.33301934599876404,0.2820487394928932,0.0509705999866128,
0,260816,matched,MATCHED_RicianLOS,Proposed_CA_CNN_RNND,7396,0.2595625966787338,0.2272995337843895,0.03226306103169918,
0,260816,matched,MATCHED_RicianLOS,Proposed_CA_CNN_RNND,7397,0.2932215891778469,0.2518945224583149,0.041327070677652955,
0,260816,matched,MATCHED_RicianLOS,Proposed_CA_CNN_RNND,7398,0.3320365883409977,0.28980304300785065,0.042233554646372795,
0,260816,matched,MATCHED_RicianLOS,Proposed_CA_CNN_RNND,7399,0.35651473328471184,0.29699207097291946,0.05952266824897379,
0,260816,matched,MATCHED_RicianLOS,Proposed_CA_CNN_RNND,7400,0.25045890361070633,0.22728323936462402,0.023175664711743593,-1.2518349256211159
0,260816,matched,MATCHED_RicianLOS,Proposed_CA_CNN_RNND,7401,0.3873325362801552,0.33750442415475845,0.049828117713332176,
0,260816,matched,MATCHED_RicianLOS,Proposed_CA_CNN_RNND,7402,0.3540811277925968,0.3042057044804096,0.04987542890012264,
0,260816,matched,MATCHED_RicianLOS,Proposed_CA_CNN_RNND,7403,0.2000504471361637,0.1816171556711197,0.018433293356793,
0,260816,matched,MATCHED_RicianLOS,Proposed_CA_CNN_RNND,7404,0.34612350538372993,0.2952885925769806,0.050834918627515435,
0,260816,matched,MATCHED_RicianLOS,Proposed_CA_CNN_RNND,7405,0.4210236296057701,0.350021168589592,0.07100246753543615,
0,260816,matched,MATCHED_RicianLOS,Proposed_CA_CNN_RNND,7406,0.4009997844696045,0.3427812457084656,0.058218549471348524,
0,260816,matched,MATCHED_RicianLOS,Proposed_CA_CNN_RNND,7407,0.3792992625385523,0.31637220084667206,0.06292705843225121,
0,260816,matched,MATCHED_RicianLOS,Proposed_CA_CNN_RNND,7408,0.3893272578716278,0.32932908460497856,0.059998175129294395,
0,260816,matched,MATCHED_RicianLOS,Proposed_CA_CNN_RNND,7409,0.3847564607858658,0.32543959468603134,0.059316868893802166,
0,260816,matched,MATCHED_RicianLOS,Proposed_CA_CNN_RNND,7410,0.2350732684135437,0.213698398321867,0.021374868229031563,
0,260816,matched,MATCHED_RicianLOS,Proposed_CA_CNN_RNND,7411,0.3618756793439388,0.3012828826904297,0.06059280037879944,
0,260816,matched,MATCHED_RicianLOS,Proposed_CA_CNN_RNND,7412,0.36476956494152546,0.3070322088897228,0.0577373654814437,
0,260816,matched,MATCHED_RicianLOS,Proposed_CA_CNN_RNND,7413,0.34113308787345886,0.28634533286094666,0.054787759319879115,
0,260816,matched,MATCHED_RicianLOS,Proposed_CA_CNN_RNND,7414,0.2504294514656067,0.2199624553322792,0.030466989963315427,
0,260816,matched,MATCHED_RicianLOS,Proposed_CA_CNN_RNND,7415,0.33204496651887894,0.2892857491970062,0.04275921080261469,
0,260816,matched,MATCHED_RicianLOS,Proposed_CA_CNN_RNND,7416,0.2625259719789028,0.22827482596039772,0.03425115020945668,
0,260816,matched,MATCHED_RicianLOS,Proposed_CA_CNN_RNND,7417,0.24559460394084454,0.22132771089673042,0.02426689537242055,
0,260816,matched,MATCHED_RicianLOS,Proposed_CA_CNN_RNND,7418,0.3167121894657612,0.2705178037285805,0.04619438946247101,
0,260816,matched,MATCHED_RicianLOS,Proposed_CA_CNN_RNND,7419,0.2674327567219734,0.2385537177324295,0.028879036544822156,
0,260816,matched,MATCHED_RicianLOS,Proposed_CA_CNN_RNND,7420,0.4431680664420128,0.35960471630096436,0.0835633403621614,
0,260816,matched,MATCHED_RicianLOS,Proposed_CA_CNN_RNND,7421,0.30623939633369446,0.2659343294799328,0.040305066388100386,
0,260816,matched,MATCHED_RicianLOS,Proposed_CA_CNN_RNND,7422,0.29325707256793976,0.2622630335390568,0.030994031578302383,
0,260816,matched,MATCHED_RicianLOS,Proposed_CA_CNN_RNND,7423,0.2359573021531105,0.2141367830336094,0.021820520283654332,
0,260816,matched,MATCHED_RicianLOS,Proposed_CA_CNN_RNND,7424,0.27447136491537094,0.24191993847489357,0.03255142306443304,
0,260816,matched,MATCHED_RicianLOS,Proposed_CA_CNN_RNND,7425,0.29609978944063187,0.2683475837111473,0.027752209920436144,
0,260816,matched,MATCHED_RicianLOS,Proposed_CA_CNN_RNND,7426,0.3244154192507267,0.2753154542297125,0.049099966417998075,
0,260816,matched,MATCHED_RicianLOS,Proposed_CA_CNN_RNND,7427,0.38946888595819473,0.32755436562001705,0.06191452266648412,
0,260816,matched,MATCHED_RicianLOS,Proposed_CA_CNN_RNND,7428,0.3816245421767235,0.31938476487994194,0.062239786610007286,
0,260816,matched,MATCHED_RicianLOS,Proposed_CA_CNN_RNND,7429,0.3233596310019493,0.28102992475032806,0.042329706135205925,
0,260816,matched,MATCHED_RicianLOS,Proposed_CA_CNN_RNND,7430,0.2900981456041336,0.2547852285206318,0.03531291801482439,
0,260816,matched,MATCHED_RicianLOS,Proposed_CA_CNN_RNND,7431,0.37054556608200073,0.31590883806347847,0.054636736400425434,
0,260816,matched,MATCHED_RicianLOS,Proposed_CA_CNN_RNND,7432,0.261618759483099,0.23361457884311676,0.028004178078845143,
0,260816,matched,MATCHED_RicianLOS,Proposed_CA_CNN_RNND,7433,0.3640250116586685,0.3068288266658783,0.057196181267499924,
0,260816,matched,MATCHED_RicianLOS,Proposed_CA_CNN_RNND,7434,0.2688446417450905,0.23438222706317902,0.03446240909397602,
0,260816,matched,MATCHED_RicianLOS,Proposed_CA_CNN_RNND,7435,0.1841272134333849,0.1698286384344101,0.014298575813882053,
0,260816,matched,MATCHED_RicianLOS,Proposed_CA_CNN_RNND,7436,0.3899468369781971,0.32800475880503654,0.06194207118824124,
0,260816,matched,MATCHED_RicianLOS,Proposed_CA_CNN_RNND,7437,0.4547765366733074,0.36656603962183,0.08821048960089684,
0,260816,matched,MATCHED_RicianLOS,Proposed_CA_CNN_RNND,7438,0.24196596443653107,0.22005629539489746,0.021909666364081204,
0,260816,matched,MATCHED_RicianLOS,Proposed_CA_CNN_RNND,7439,0.41923434287309647,0.35262566059827805,0.06660868180915713,
0,260816,matched,MATCHED_RicianLOS,Proposed_CA_CNN_RNND,7440,0.3349013812839985,0.2819988504052162,0.052902536233887076,
0,260816,matched,MATCHED_RicianLOS,Proposed_CA_CNN_RNND,7441,0.37342502921819687,0.31530770286917686,0.05811732728034258,
0,260816,matched,MATCHED_RicianLOS,Proposed_CA_CNN_RNND,7442,0.41898681223392487,0.35180360823869705,0.06718320352956653,
0,260816,matched,MATCHED_RicianLOS,Proposed_CA_CNN_RNND,7443,0.3518578112125397,0.3087761476635933,0.04308167099952698,
0,260816,matched,MATCHED_RicianLOS,Proposed_CA_CNN_RNND,7444,0.3382124900817871,0.2898872271180153,0.048325262032449245,
0,260816,matched,MATCHED_RicianLOS,Proposed_CA_CNN_RNND,7445,0.403686486184597,0.3394545912742615,0.0642318893224001,
0,260816,matched,MATCHED_RicianLOS,Proposed_CA_CNN_RNND,7446,0.3538177087903023,0.2987987548112869,0.05501895025372505,
0,260816,matched,MATCHED_RicianLOS,Proposed_CA_CNN_RNND,7447,0.18828056007623672,0.1695084199309349,0.018772141018416733,
0,260816,matched,MATCHED_RicianLOS,Proposed_CA_CNN_RNND,7448,0.4157738424837589,0.34737569838762283,0.06839813617989421,
0,260816,matched,MATCHED_RicianLOS,Proposed_CA_CNN_RNND,7449,0.3711044155061245,0.31496426090598106,0.056140160420909524,
0,260816,matched,MATCHED_RicianLOS,Proposed_CA_CNN_RNND,7450,0.3219413086771965,0.2836025729775429,0.0383387329056859,
0,260816,matched,MATCHED_RicianLOS,Proposed_CA_CNN_RNND,7451,0.3183046095073223,0.27738379687070847,0.04092080728150904,
0,260816,matched,MATCHED_RicianLOS,Proposed_CA_CNN_RNND,7452,0.4013257473707199,0.3305080458521843,0.07081770058721304,
0,260816,matched,MATCHED_RicianLOS,Proposed_CA_CNN_RNND,7453,0.37053290009498596,0.3162609897553921,0.05427191220223904,
0,260816,matched,MATCHED_RicianLOS,Proposed_CA_CNN_RNND,7454,0.3350185453891754,0.28662118688225746,0.04839736525900662,
0,260816,matched,MATCHED_RicianLOS,Proposed_CA_CNN_RNND,7455,0.2999144271016121,0.25908873602747917,0.040825683157891035,
0,260816,matched,MATCHED_RicianLOS,Proposed_CA_CNN_RNND,7456,0.3611852526664734,0.31135348975658417,0.04983175825327635,
0,260816,matched,MATCHED_RicianLOS,Proposed_CA_CNN_RNND,7457,0.3601972535252571,0.310104675590992,0.05009258072823286,
0,260816,matched,MATCHED_RicianLOS,Proposed_CA_CNN_RNND,7458,0.18648508191108704,0.17364421859383583,0.012840864772442728,
0,260816,matched,MATCHED_RicianLOS,Proposed_CA_CNN_RNND,7459,0.33415909111499786,0.28563886508345604,0.048520230266149156,
0,260816,matched,MATCHED_RicianLOS,Proposed_CA_CNN_RNND,7460,0.2883935198187828,0.25562048703432083,0.03277304023504257,
0,260816,matched,MATCHED_RicianLOS,Proposed_CA_CNN_RNND,7461,0.3093124032020569,0.2638959549367428,0.045416452921926975,
0,260816,matched,MATCHED_RicianLOS,Proposed_CA_CNN_RNND,7462,0.440449096262455,0.3608361631631851,0.07961293496191502,
0,260816,matched,MATCHED_RicianLOS,Proposed_CA_CNN_RNND,7463,0.4253201447427273,0.3560017980635166,0.06931835412979126,
0,260816,matched,MATCHED_RicianLOS,Proposed_CA_CNN_RNND,7464,0.2057080641388893,0.18456663191318512,0.021141432924196124,
0,260816,matched,MATCHED_RicianLOS,Proposed_CA_CNN_RNND,7465,0.28730975836515427,0.25202369689941406,0.035286063561216,
0,260816,matched,MATCHED_RicianLOS,Proposed_CA_CNN_RNND,7466,0.43721678107976913,0.3699035942554474,0.06731319054961205,
0,260816,matched,MATCHED_RicianLOS,Proposed_CA_CNN_RNND,7467,0.19775080308318138,0.18384191393852234,0.01390888961032033,
0,260816,matched,MATCHED_RicianLOS,Proposed_CA_CNN_RNND,7468,0.3369678668677807,0.2921563349664211,0.04481152631342411,
0,260816,matched,MATCHED_RicianLOS,Proposed_CA_CNN_RNND,7469,0.2538512386381626,0.2294141799211502,0.024437066284008324,
0,260816,matched,MATCHED_RicianLOS,Proposed_CA_CNN_RNND,7470,0.4019868038594723,0.3394331559538841,0.06255364953540266,
0,260816,matched,MATCHED_RicianLOS,Proposed_CA_CNN_RNND,7471,0.43723536282777786,0.36735112220048904,0.06988425180315971,
0,260816,matched,MATCHED_RicianLOS,Proposed_CA_CNN_RNND,7472,0.3953549638390541,0.337682843208313,0.057672119699418545,
0,260816,matched,MATCHED_RicianLOS,Proposed_CA_CNN_RNND,7473,0.37951521575450897,0.32330792397260666,0.05620730365626514,
0,260816,matched,MATCHED_RicianLOS,Proposed_CA_CNN_RNND,7474,0.3502991124987602,0.30300193652510643,0.04729717830196023,
0,260816,matched,MATCHED_RicianLOS,Proposed_CA_CNN_RNND,7475,0.2953893840312958,0.2631133049726486,0.032276082783937454,
0,260816,matched,MATCHED_RicianLOS,Proposed_CA_CNN_RNND,7476,0.3100166954100132,0.26042795181274414,0.04958874359726906,
0,260816,matched,MATCHED_RicianLOS,Proposed_CA_CNN_RNND,7477,0.2842361852526665,0.24698802083730698,0.0372481644153595,
0,260816,matched,MATCHED_RicianLOS,Proposed_CA_CNN_RNND,7478,0.27278219908475876,0.24367823638021946,0.0291039653820917,
0,260816,matched,MATCHED_RicianLOS,Proposed_CA_CNN_RNND,7479,0.34206508100032806,0.29440418630838394,0.04766089515760541,
0,260816,matched,MATCHED_RicianLOS,Proposed_CA_CNN_RNND,7480,0.47314874082803726,0.3828369453549385,0.09031179919838905,
0,260816,matched,MATCHED_RicianLOS,Proposed_CA_CNN_RNND,7481,0.4662446454167366,0.38930466771125793,0.07693998049944639,
0,260816,matched,MATCHED_RicianLOS,Proposed_CA_CNN_RNND,7482,0.4281768649816513,0.3585687577724457,0.06960810720920563,
0,260816,matched,MATCHED_RicianLOS,Proposed_CA_CNN_RNND,7483,0.28011978790163994,0.24857647344470024,0.031543312943540514,
0,260816,matched,MATCHED_RicianLOS,Proposed_CA_CNN_RNND,7484,0.3035852015018463,0.263453584164381,0.04013161500915885,
0,260816,matched,MATCHED_RicianLOS,Proposed_CA_CNN_RNND,7485,0.2679870128631592,0.23646650463342667,0.03152050403878093,
0,260816,matched,MATCHED_RicianLOS,Proposed_CA_CNN_RNND,7486,0.4548058286309242,0.3742942735552788,0.08051157277077436,
0,260816,matched,MATCHED_RicianLOS,Proposed_CA_CNN_RNND,7487,0.31851776689291,0.27214886620640755,0.046368890441954136,
0,260816,matched,MATCHED_RicianLOS,Proposed_CA_CNN_RNND,7488,0.29263441264629364,0.25357023626565933,0.039064169395715,
0,260816,matched,MATCHED_RicianLOS,Proposed_CA_CNN_RNND,7489,0.3456904888153076,0.3017183057963848,0.043972176499664783,
0,260816,matched,MATCHED_RicianLOS,Proposed_CA_CNN_RNND,7490,0.4080415777862072,0.33883207850158215,0.06920950824860483,
0,260816,matched,MATCHED_RicianLOS,Proposed_CA_CNN_RNND,7491,0.18394966050982475,0.16891033574938774,0.01503932534251362,
0,260816,matched,MATCHED_RicianLOS,Proposed_CA_CNN_RNND,7492,0.25358401238918304,0.22391948103904724,0.029664528323337436,
0,260816,matched,MATCHED_RicianLOS,Proposed_CA_CNN_RNND,7493,0.2640847973525524,0.23923765495419502,0.024847138207405806,
0,260816,matched,MATCHED_RicianLOS,Proposed_CA_CNN_RNND,7494,0.3713176026940346,0.3262920640408993,0.045025537721812725,
0,260816,matched,MATCHED_RicianLOS,Proposed_CA_CNN_RNND,7495,0.3073788657784462,0.2718356177210808,0.03554325085133314,
0,260816,matched,MATCHED_RicianLOS,Proposed_CA_CNN_RNND,7496,0.34000397846102715,0.29647013172507286,0.043533841613680124,
0,260816,matched,MATCHED_RicianLOS,Proposed_CA_CNN_RNND,7497,0.36208102479577065,0.3051092065870762,0.05697180936113,
0,260816,matched,MATCHED_RicianLOS,Proposed_CA_CNN_RNND,7498,0.28052469342947006,0.24520104378461838,0.035323649644851685,
0,260816,matched,MATCHED_RicianLOS,Proposed_CA_CNN_RNND,7499,0.44140807166695595,0.36540720984339714,0.07600085547892377,
0,260816,matched,MATCHED_RicianLOS,Proposed_CA_CNN_RNND,7500,0.412171121686697,0.34442318975925446,0.06774792028591037,
0,260816,matched,MATCHED_RicianLOS,Proposed_CA_CNN_RNND,7501,0.2666582316160202,0.23332083597779274,0.0333373979665339,
0,260816,matched,MATCHED_RicianLOS,Proposed_CA_CNN_RNND,7502,0.3124268501996994,0.2644316777586937,0.04799517709761858,
0,260816,matched,MATCHED_RicianLOS,Proposed_CA_CNN_RNND,7503,0.3000987283885479,0.2529769018292427,0.04712182946968824,
0,260816,matched,MATCHED_RicianLOS,Proposed_CA_CNN_RNND,7504,0.28193243220448494,0.2497614212334156,0.03217100340407342,
0,260816,matched,MATCHED_RicianLOS,Proposed_CA_CNN_RNND,7505,0.3003117945045233,0.25829455256462097,0.04201723961159587,
0,260816,matched,MATCHED_RicianLOS,Proposed_CA_CNN_RNND,7506,0.23800859227776527,0.21258603781461716,0.025422557489946485,
0,260816,matched,MATCHED_RicianLOS,Proposed_CA_CNN_RNND,7507,0.42132696509361267,0.35493331402540207,0.06639365386217833,
0,260816,matched,MATCHED_RicianLOS,Proposed_CA_CNN_RNND,7508,0.286149762570858,0.2531333453953266,0.03301641554571688,
0,260816,matched,MATCHED_RicianLOS,Proposed_CA_CNN_RNND,7509,0.31327924132347107,0.2742169164121151,0.03906233003363013,
0,260816,matched,MATCHED_RicianLOS,Proposed_CA_CNN_RNND,7510,0.28582969307899475,0.24783063679933548,0.03799905814230442,
0,260816,matched,MATCHED_RicianLOS,Proposed_CA_CNN_RNND,7511,0.34793468192219734,0.2920019067823887,0.055932771880179644,
0,260816,matched,MATCHED_RicianLOS,Proposed_CA_CNN_RNND,7512,0.3067730590701103,0.26422688737511635,0.04254616622347385,
0,260816,matched,MATCHED_RicianLOS,Proposed_CA_CNN_RNND,7513,0.17406941205263138,0.15813556127250195,0.01593385316664353,
0,260816,matched,MATCHED_RicianLOS,Proposed_CA_CNN_RNND,7514,0.3585662804543972,0.31103353947401047,0.047532732831314206,
0,260816,matched,MATCHED_RicianLOS,Proposed_CA_CNN_RNND,7515,0.39386431872844696,0.3255520313978195,0.06831228826195002,
0,260816,matched,MATCHED_RicianLOS,Proposed_CA_CNN_RNND,7516,0.49642185121774673,0.4090653657913208,0.08735648170113564,
0,260816,matched,MATCHED_RicianLOS,Proposed_CA_CNN_RNND,7517,0.29030197858810425,0.25329145416617393,0.037010527681559324,
0,260816,matched,MATCHED_RicianLOS,Proposed_CA_CNN_RNND,7518,0.3835294023156166,0.3265451416373253,0.056984253227710724,
0,260816,matched,MATCHED_RicianLOS,Proposed_CA_CNN_RNND,7519,0.2085379920899868,0.1941097229719162,0.014428272377699614,
0,260816,matched,MATCHED_RicianLOS,Proposed_CA_CNN_RNND,7520,0.3678215369582176,0.3127652257680893,0.055056309793144464,
0,260816,matched,MATCHED_RicianLOS,Proposed_CA_CNN_RNND,7521,0.1929885372519493,0.17524723336100578,0.017741304356604815,
0,260816,matched,MATCHED_RicianLOS,Proposed_CA_CNN_RNND,7522,0.38270216435194016,0.32405876368284225,0.05864339508116245,
0,260816,matched,MATCHED_RicianLOS,Proposed_CA_CNN_RNND,7523,0.4515203535556793,0.3796742856502533,0.07184607535600662,
0,260816,matched,MATCHED_RicianLOS,Proposed_CA_CNN_RNND,7524,0.3397664651274681,0.29351741820573807,0.04624903621152043,
0,260816,matched,MATCHED_RicianLOS,Proposed_CA_CNN_RNND,7525,0.2761046215891838,0.24449627846479416,0.03160833613947034,
0,260816,matched,MATCHED_RicianLOS,Proposed_CA_CNN_RNND,7526,0.3134969659149647,0.26859528943896294,0.044901673682034016,
0,260816,matched,MATCHED_RicianLOS,Proposed_CA_CNN_RNND,7527,0.24249037355184555,0.21536260843276978,0.0271277641877532,
0,260816,matched,MATCHED_RicianLOS,Proposed_CA_CNN_RNND,7528,0.43364426493644714,0.3575725331902504,0.07607171777635813,
0,260816,matched,MATCHED_RicianLOS,Proposed_CA_CNN_RNND,7529,0.25517262890934944,0.2241918221116066,0.03098080330528319,
0,260816,matched,MATCHED_RicianLOS,Proposed_CA_CNN_RNND,7530,0.4231004826724529,0.3553292229771614,0.0677712638862431,
0,260816,matched,MATCHED_RicianLOS,Proposed_CA_CNN_RNND,7531,0.4327213019132614,0.3671424463391304,0.06557885184884071,
0,260816,matched,MATCHED_RicianLOS,Proposed_CA_CNN_RNND,7532,0.35157432965934277,0.2989575695246458,0.05261677084490657,
0,260816,matched,MATCHED_RicianLOS,Proposed_CA_CNN_RNND,7533,0.3579039126634598,0.30027520656585693,0.05762870982289314,
0,260816,matched,MATCHED_RicianLOS,Proposed_CA_CNN_RNND,7534,0.32687390968203545,0.27756085246801376,0.0493130492977798,
0,260816,matched,MATCHED_RicianLOS,Proposed_CA_CNN_RNND,7535,0.2217962983995676,0.19995942153036594,0.021836872561834753,
0,260816,matched,MATCHED_RicianLOS,Proposed_CA_CNN_RNND,7536,0.3347981236875057,0.28294939547777176,0.051848732866346836,
0,260816,matched,MATCHED_RicianLOS,Proposed_CA_CNN_RNND,7537,0.3966454453766346,0.3344310075044632,0.062214439269155264,
0,260816,matched,MATCHED_RicianLOS,Proposed_CA_CNN_RNND,7538,0.42433881014585495,0.3596121408045292,0.06472667073830962,
0,260816,matched,MATCHED_RicianLOS,Proposed_CA_CNN_RNND,7539,0.38197044283151627,0.32249820977449417,0.059472230612300336,
0,260816,matched,MATCHED_RicianLOS,Proposed_CA_CNN_RNND,7540,0.29125209897756577,0.2573942616581917,0.03385784197598696,
0,260816,matched,MATCHED_RicianLOS,Proposed_CA_CNN_RNND,7541,0.4670651853084564,0.3775341212749481,0.08953105378895998,
0,260816,matched,MATCHED_RicianLOS,Proposed_CA_CNN_RNND,7542,0.45745549350976944,0.37681198865175247,0.08064350578933954,
0,260816,matched,MATCHED_RicianLOS,Proposed_CA_CNN_RNND,7543,0.35490934923291206,0.2981649059802294,0.05674443708267063,
0,260816,matched,MATCHED_RicianLOS,Proposed_CA_CNN_RNND,7544,0.18929649889469147,0.17285582423210144,0.016440673731267452,
0,260816,matched,MATCHED_RicianLOS,Proposed_CA_CNN_RNND,7545,0.20515219494700432,0.18262553587555885,0.02252665691776201,
0,260816,matched,MATCHED_RicianLOS,Proposed_CA_CNN_RNND,7546,0.2466103881597519,0.21781222335994244,0.028798166662454605,
0,260816,matched,MATCHED_RicianLOS,Proposed_CA_CNN_RNND,7547,0.3185431659221649,0.2772614937275648,0.0412816796451807,
0,260816,matched,MATCHED_RicianLOS,Proposed_CA_CNN_RNND,7548,0.3535436540842056,0.301207534968853,0.05233612656593323,
0,260816,matched,MATCHED_RicianLOS,Proposed_CA_CNN_RNND,7549,0.2717306911945343,0.24311146885156631,0.028619225369766355,
0,260816,matched,MATCHED_RicianLOS,Proposed_CA_CNN_RNND,7550,0.28521800227463245,0.25077081844210625,0.0344471768476069,
0,260816,matched,MATCHED_RicianLOS,Proposed_CA_CNN_RNND,7551,0.34145550802350044,0.28564658015966415,0.05580893578007817,
0,260816,matched,MATCHED_RicianLOS,Proposed_CA_CNN_RNND,7552,0.4083225801587105,0.34204284101724625,0.06627974030561745,
0,260816,matched,MATCHED_RicianLOS,Proposed_CA_CNN_RNND,7553,0.35734231397509575,0.3053337000310421,0.05200862395577133,
0,260816,matched,MATCHED_RicianLOS,Proposed_CA_CNN_RNND,7554,0.32648634910583496,0.27756862714886665,0.04891773249255493,
0,260816,matched,MATCHED_RicianLOS,Proposed_CA_CNN_RNND,7555,0.26224876940250397,0.22910794615745544,0.03314082510769367,
0,260816,matched,MATCHED_RicianLOS,Proposed_CA_CNN_RNND,7556,0.3755492903292179,0.3142469972372055,0.061302281683310866,
0,260816,matched,MATCHED_RicianLOS,Proposed_CA_CNN_RNND,7557,0.34980615228414536,0.29199859499931335,0.057807551114819944,
0,260816,matched,MATCHED_RicianLOS,Proposed_CA_CNN_RNND,7558,0.21729246526956558,0.1994440257549286,0.017848436487838626,
0,260816,matched,MATCHED_RicianLOS,Proposed_CA_CNN_RNND,7559,0.2560436837375164,0.22875122353434563,0.027292462647892535,
0,260816,matched,MATCHED_RicianLOS,Proposed_CA_CNN_RNND,7560,0.3670944944024086,0.31764478608965874,0.04944970179349184,
0,260816,matched,MATCHED_RicianLOS,Proposed_CA_CNN_RNND,7561,0.33433540910482407,0.29066067188978195,0.043674739077687263,
0,260816,matched,MATCHED_RicianLOS,Proposed_CA_CNN_RNND,7562,0.39493321999907494,0.32958385720849037,0.06534937070682645,
0,260816,matched,MATCHED_RicianLOS,Proposed_CA_CNN_RNND,7563,0.49122291803359985,0.3966917544603348,0.09453115612268448,
0,260816,matched,MATCHED_RicianLOS,Proposed_CA_CNN_RNND,7564,0.1637588758021593,0.15634422935545444,0.007414648542180657,
0,260816,matched,MATCHED_RicianLOS,Proposed_CA_CNN_RNND,7565,0.3063721489161253,0.2626455891877413,0.043726559903007,
0,260816,matched,MATCHED_RicianLOS,Proposed_CA_CNN_RNND,7566,0.35545701161026955,0.3017587810754776,0.05369823798537254,
0,260816,matched,MATCHED_RicianLOS,Proposed_CA_CNN_RNND,7567,0.22634314000606537,0.20419032871723175,0.02215280896052718,
0,260816,matched,MATCHED_RicianLOS,Proposed_CA_CNN_RNND,7568,0.30403248965740204,0.26433243602514267,0.03970005572773516,
0,260816,matched,MATCHED_RicianLOS,Proposed_CA_CNN_RNND,7569,0.21176518872380257,0.19315773621201515,0.018607454258017242,
0,260816,matched,MATCHED_RicianLOS,Proposed_CA_CNN_RNND,7570,0.297911636531353,0.2582331709563732,0.03967845789156854,
0,260816,matched,MATCHED_RicianLOS,Proposed_CA_CNN_RNND,7571,0.2566184587776661,0.2262035273015499,0.030414925888180733,
0,260816,matched,MATCHED_RicianLOS,Proposed_CA_CNN_RNND,7572,0.27278943359851837,0.2343135103583336,0.038475926499813795,
0,260816,matched,MATCHED_RicianLOS,Proposed_CA_CNN_RNND,7573,0.4219896122813225,0.3568105101585388,0.06517910026013851,
0,260816,matched,MATCHED_RicianLOS,Proposed_CA_CNN_RNND,7574,0.4700225815176964,0.3938976600766182,0.07612493075430393,
0,260816,matched,MATCHED_RicianLOS,Proposed_CA_CNN_RNND,7575,0.28630244359374046,0.26013822108507156,0.02616421738639474,
0,260816,matched,MATCHED_RicianLOS,Proposed_CA_CNN_RNND,7576,0.4174051620066166,0.3539229743182659,0.06348218279890716,
0,260816,matched,MATCHED_RicianLOS,Proposed_CA_CNN_RNND,7577,0.35244055464863777,0.30077703297138214,0.05166352167725563,
0,260816,matched,MATCHED_RicianLOS,Proposed_CA_CNN_RNND,7578,0.36490295454859734,0.3116677962243557,0.05323515518102795,
0,260816,matched,MATCHED_RicianLOS,Proposed_CA_CNN_RNND,7579,0.3778310716152191,0.3245720639824867,0.05325900623574853,
0,260816,matched,MATCHED_RicianLOS,Proposed_CA_CNN_RNND,7580,0.43624016642570496,0.3625190928578377,0.0737210689112544,
0,260816,matched,MATCHED_RicianLOS,Proposed_CA_CNN_RNND,7581,0.3643442802131176,0.3129677325487137,0.0513765390496701,
0,260816,matched,MATCHED_RicianLOS,Proposed_CA_CNN_RNND,7582,0.31234875693917274,0.2747339978814125,0.037614761386066675,
0,260816,matched,MATCHED_RicianLOS,Proposed_CA_CNN_RNND,7583,0.35285352542996407,0.302989449352026,0.04986407607793808,
0,260816,matched,MATCHED_RicianLOS,Proposed_CA_CNN_RNND,7584,0.24298396706581116,0.21614490821957588,0.026839056401513517,
0,260816,matched,MATCHED_RicianLOS,Proposed_CA_CNN_RNND,7585,0.32013624534010887,0.27019313909113407,0.04994310811161995,
0,260816,matched,MATCHED_RicianLOS,Proposed_CA_CNN_RNND,7586,0.3917651139199734,0.3205369971692562,0.07122811442241073,
0,260816,matched,MATCHED_RicianLOS,Proposed_CA_CNN_RNND,7587,0.27669504284858704,0.24257231503725052,0.034122727054636925,
0,260816,matched,MATCHED_RicianLOS,Proposed_CA_CNN_RNND,7588,0.3364759273827076,0.28954513370990753,0.046930788550525904,
0,260816,matched,MATCHED_RicianLOS,Proposed_CA_CNN_RNND,7589,0.20308655127882957,0.19327551126480103,0.009811038267798722,
0,260816,matched,MATCHED_RicianLOS,Proposed_CA_CNN_RNND,7590,0.18154405057430267,0.166275966912508,0.015268085990101099,
0,260816,matched,MATCHED_RicianLOS,Proposed_CA_CNN_RNND,7591,0.470206156373024,0.38986577838659286,0.08034037239849567,
0,260816,matched,MATCHED_RicianLOS,Proposed_CA_CNN_RNND,7592,0.5034390687942505,0.4130089804530144,0.09043009020388126,
0,260816,matched,MATCHED_RicianLOS,Proposed_CA_CNN_RNND,7593,0.3398328348994255,0.2851402312517166,0.05469260038807988,
0,260816,matched,MATCHED_RicianLOS,Proposed_CA_CNN_RNND,7594,0.3424914516508579,0.2959948033094406,0.04649664391763508,
0,260816,matched,MATCHED_RicianLOS,Proposed_CA_CNN_RNND,7595,0.27355441078543663,0.23924588039517403,0.03430853481404483,
0,260816,matched,MATCHED_RicianLOS,Proposed_CA_CNN_RNND,7596,0.2615981958806515,0.22860662639141083,0.03299157018773258,
0,260816,matched,MATCHED_RicianLOS,Proposed_CA_CNN_RNND,7597,0.3025766499340534,0.26356736198067665,0.03900929260998964,
0,260816,matched,MATCHED_RicianLOS,Proposed_CA_CNN_RNND,7598,0.431000430136919,0.3569376617670059,0.07406277535483241,
0,260816,matched,MATCHED_RicianLOS,Proposed_CA_CNN_RNND,7599,0.1782250590622425,0.1633959747850895,0.014829084393568337,
0,260816,matched,MATCHED_RicianLOS,Proposed_CA_CNN_RNND,7600,0.3002159222960472,0.2645529992878437,0.03566292853793129,-1.2591113205102726
0,260816,matched,MATCHED_RicianLOS,Proposed_CA_CNN_RNND,7601,0.2956703342497349,0.2528873533010483,0.04278298234567046,
0,260816,matched,MATCHED_RicianLOS,Proposed_CA_CNN_RNND,7602,0.4181409776210785,0.3490568473935127,0.06908412743359804,
0,260816,matched,MATCHED_RicianLOS,Proposed_CA_CNN_RNND,7603,0.26077577471733093,0.2288685254752636,0.031907252850942314,
0,260816,matched,MATCHED_RicianLOS,Proposed_CA_CNN_RNND,7604,0.28941021114587784,0.2584293857216835,0.030980825889855623,
0,260816,matched,MATCHED_RicianLOS,Proposed_CA_CNN_RNND,7605,0.38165923953056335,0.3304710239171982,0.05118822306394577,
0,260816,matched,MATCHED_RicianLOS,Proposed_CA_CNN_RNND,7606,0.3381855748593807,0.2937580496072769,0.04442753340117633,
0,260816,matched,MATCHED_RicianLOS,Proposed_CA_CNN_RNND,7607,0.36539407446980476,0.31029264256358147,0.05510143982246518,
0,260816,matched,MATCHED_RicianLOS,Proposed_CA_CNN_RNND,7608,0.35849281400442123,0.30823004245758057,0.05026277620345354,
0,260816,matched,MATCHED_RicianLOS,Proposed_CA_CNN_RNND,7609,0.37096119672060013,0.32377559691667557,0.04718560725450516,
0,260816,matched,MATCHED_RicianLOS,Proposed_CA_CNN_RNND,7610,0.4891212433576584,0.39384496212005615,0.09527628030627966,
0,260816,matched,MATCHED_RicianLOS,Proposed_CA_CNN_RNND,7611,0.3973419964313507,0.33671778813004494,0.06062421132810414,
0,260816,matched,MATCHED_RicianLOS,Proposed_CA_CNN_RNND,7612,0.25961496867239475,0.22944583371281624,0.030169131699949503,
0,260816,matched,MATCHED_RicianLOS,Proposed_CA_CNN_RNND,7613,0.4341014102101326,0.3534449152648449,0.08065650146454573,
0,260816,matched,MATCHED_RicianLOS,Proposed_CA_CNN_RNND,7614,0.2478407882153988,0.2139010690152645,0.03393971803598106,
0,260816,matched,MATCHED_RicianLOS,Proposed_CA_CNN_RNND,7615,0.34727058559656143,0.30317942053079605,0.04409116506576538,
0,260816,matched,MATCHED_RicianLOS,Proposed_CA_CNN_RNND,7616,0.3901272639632225,0.32681307569146156,0.06331420224159956,
0,260816,matched,MATCHED_RicianLOS,Proposed_CA_CNN_RNND,7617,0.47529222071170807,0.3983064964413643,0.07698571588844061,
0,260816,matched,MATCHED_RicianLOS,Proposed_CA_CNN_RNND,7618,0.4169827625155449,0.35256291925907135,0.06441984511911869,
0,260816,matched,MATCHED_RicianLOS,Proposed_CA_CNN_RNND,7619,0.3275255933403969,0.2823459133505821,0.04517968464642763,
0,260816,matched,MATCHED_RicianLOS,Proposed_CA_CNN_RNND,7620,0.25320329889655113,0.22131946682929993,0.03188383928500116,
0,260816,matched,MATCHED_RicianLOS,Proposed_CA_CNN_RNND,7621,0.3140063099563122,0.27415913343429565,0.039847181062214077,
0,260816,matched,MATCHED_RicianLOS,Proposed_CA_CNN_RNND,7622,0.26904556527733803,0.23508498072624207,0.033960578264668584,
0,260816,matched,MATCHED_RicianLOS,Proposed_CA_CNN_RNND,7623,0.5123000666499138,0.4128124862909317,0.09948757477104664,
0,260816,matched,MATCHED_RicianLOS,Proposed_CA_CNN_RNND,7624,0.40445829182863235,0.34056320786476135,0.06389508210122585,
0,260816,matched,MATCHED_RicianLOS,Proposed_CA_CNN_RNND,7625,0.4381254203617573,0.3645337000489235,0.07359170750714839,
0,260816,matched,MATCHED_RicianLOS,Proposed_CA_CNN_RNND,7626,0.2858845517039299,0.24708006158471107,0.038804488722234964,
0,260816,matched,MATCHED_RicianLOS,Proposed_CA_CNN_RNND,7627,0.4682699888944626,0.39316875487565994,0.07510124146938324,
0,260816,matched,MATCHED_RicianLOS,Proposed_CA_CNN_RNND,7628,0.342773612588644,0.2937217243015766,0.04905189201235771,
0,260816,matched,MATCHED_RicianLOS,Proposed_CA_CNN_RNND,7629,0.240202272310853,0.21997199021279812,0.020230287278536707,
0,260816,matched,MATCHED_RicianLOS,Proposed_CA_CNN_RNND,7630,0.15361550822854042,0.14246922358870506,0.011146285338327289,
0,260816,matched,MATCHED_RicianLOS,Proposed_CA_CNN_RNND,7631,0.48879656568169594,0.3913732282817364,0.09742331714369357,
0,260816,matched,MATCHED_RicianLOS,Proposed_CA_CNN_RNND,7632,0.3217327333986759,0.27477699145674706,0.04695575195364654,
0,260816,matched,MATCHED_RicianLOS,Proposed_CA_CNN_RNND,7633,0.35598938167095184,0.3135015442967415,0.042487837839871645,
0,260816,matched,MATCHED_RicianLOS,Proposed_CA_CNN_RNND,7634,0.26430029794573784,0.23273223638534546,0.03156806482002139,
0,260816,matched,MATCHED_RicianLOS,Proposed_CA_CNN_RNND,7635,0.3204391673207283,0.27467281743884087,0.0457663438282907,
0,260816,matched,MATCHED_RicianLOS,Proposed_CA_CNN_RNND,7636,0.3952864930033684,0.33442584052681923,0.0608606468886137,
0,260816,matched,MATCHED_RicianLOS,Proposed_CA_CNN_RNND,7637,0.35318123549222946,0.29996034875512123,0.053220885805785656,
0,260816,matched,MATCHED_RicianLOS,Proposed_CA_CNN_RNND,7638,0.3822177164256573,0.31787732243537903,0.06434039352461696,
0,260816,matched,MATCHED_RicianLOS,Proposed_CA_CNN_RNND,7639,0.22750332579016685,0.20660842023789883,0.02089489856734872,
0,260816,matched,MATCHED_RicianLOS,Proposed_CA_CNN_RNND,7640,0.35463087633252144,0.3016727492213249,0.05295812711119652,
0,260816,matched,MATCHED_RicianLOS,Proposed_CA_CNN_RNND,7641,0.25282367318868637,0.2244308590888977,0.028392809676006436,
0,260816,matched,MATCHED_RicianLOS,Proposed_CA_CNN_RNND,7642,0.37895776331424713,0.32203346490859985,0.05692429468035698,
0,260816,matched,MATCHED_RicianLOS,Proposed_CA_CNN_RNND,7643,0.24559852853417397,0.21537291631102562,0.030225611058995128,
0,260816,matched,MATCHED_RicianLOS,Proposed_CA_CNN_RNND,7644,0.3588252514600754,0.30115608125925064,0.057669160421937704,
0,260816,matched,MATCHED_RicianLOS,Proposed_CA_CNN_RNND,7645,0.299948263913393,0.2647394575178623,0.03520880080759525,
0,260816,matched,MATCHED_RicianLOS,Proposed_CA_CNN_RNND,7646,0.24998512864112854,0.2227632775902748,0.027221853379160166,
0,260816,matched,MATCHED_RicianLOS,Proposed_CA_CNN_RNND,7647,0.4466927573084831,0.3707375004887581,0.07595526427030563,
0,260816,matched,MATCHED_RicianLOS,Proposed_CA_CNN_RNND,7648,0.4258559048175812,0.3541366383433342,0.07171926647424698,
0,260816,matched,MATCHED_RicianLOS,Proposed_CA_CNN_RNND,7649,0.409052312374115,0.34463048726320267,0.06442182324826717,
0,260816,matched,MATCHED_RicianLOS,Proposed_CA_CNN_RNND,7650,0.22388536483049393,0.20523054897785187,0.018654817482456565,
0,260816,matched,MATCHED_RicianLOS,Proposed_CA_CNN_RNND,7651,0.3396892510354519,0.2963118478655815,0.04337740642949939,
0,260816,matched,MATCHED_RicianLOS,Proposed_CA_CNN_RNND,7652,0.3261089641600847,0.2821132279932499,0.04399573686532676,
0,260816,matched,MATCHED_RicianLOS,Proposed_CA_CNN_RNND,7653,0.4301287829875946,0.3526173382997513,0.07751145213842392,
0,260816,matched,MATCHED_RicianLOS,Proposed_CA_CNN_RNND,7654,0.3877055160701275,0.33556483313441277,0.052140675485134125,
0,260816,matched,MATCHED_RicianLOS,Proposed_CA_CNN_RNND,7655,0.3486875146627426,0.3075292631983757,0.041158250998705626,
0,260816,matched,MATCHED_RicianLOS,Proposed_CA_CNN_RNND,7656,0.31609712168574333,0.2688584625720978,0.04723866377025843,
0,260816,matched,MATCHED_RicianLOS,Proposed_CA_CNN_RNND,7657,0.3148195743560791,0.2771228477358818,0.037696719635277987,
0,260816,matched,MATCHED_RicianLOS,Proposed_CA_CNN_RNND,7658,0.24732884764671326,0.2218455784022808,0.025483269710093737,
0,260816,matched,MATCHED_RicianLOS,Proposed_CA_CNN_RNND,7659,0.4328942932188511,0.36150599271059036,0.07138830050826073,
0,260816,matched,MATCHED_RicianLOS,Proposed_CA_CNN_RNND,7660,0.36559151113033295,0.31174468249082565,0.053846824914216995,
0,260816,matched,MATCHED_RicianLOS,Proposed_CA_CNN_RNND,7661,0.35741472616791725,0.3044033721089363,0.053011356852948666,
0,260816,matched,MATCHED_RicianLOS,Proposed_CA_CNN_RNND,7662,0.27238584123551846,0.24241016805171967,0.029975675279274583,
0,260816,matched,MATCHED_RicianLOS,Proposed_CA_CNN_RNND,7663,0.24444712325930595,0.21708811819553375,0.02735900552943349,
0,260816,matched,MATCHED_RicianLOS,Proposed_CA_CNN_RNND,7664,0.3084216322749853,0.26349992118775845,0.04492170886078384,
0,260816,matched,MATCHED_RicianLOS,Proposed_CA_CNN_RNND,7665,0.2949499078094959,0.2552032247185707,0.039746680995449424,
0,260816,matched,MATCHED_RicianLOS,Proposed_CA_CNN_RNND,7666,0.4134904593229294,0.3420180305838585,0.0714724212884903,
0,260816,matched,MATCHED_RicianLOS,Proposed_CA_CNN_RNND,7667,0.3019362539052963,0.25361102633178234,0.04832522477954626,
0,260816,matched,MATCHED_RicianLOS,Proposed_CA_CNN_RNND,7668,0.19195953756570816,0.17489973828196526,0.017059801844879985,
0,260816,matched,MATCHED_RicianLOS,Proposed_CA_CNN_RNND,7669,0.20621122419834137,0.19405534118413925,0.012155882315710187,
0,260816,matched,MATCHED_RicianLOS,Proposed_CA_CNN_RNND,7670,0.3390387259423733,0.2877664566040039,0.05127226607874036,
0,260816,matched,MATCHED_RicianLOS,Proposed_CA_CNN_RNND,7671,0.28459663316607475,0.24916356429457664,0.03543306537903845,
0,260816,matched,MATCHED_RicianLOS,Proposed_CA_CNN_RNND,7672,0.22664641216397285,0.20196997188031673,0.024676438129972667,
0,260816,matched,MATCHED_RicianLOS,Proposed_CA_CNN_RNND,7673,0.40683189034461975,0.34005924314260483,0.0667726555839181,
0,260816,matched,MATCHED_RicianLOS,Proposed_CA_CNN_RNND,7674,0.5301224142313004,0.438122883439064,0.0919995279982686,
0,260816,matched,MATCHED_RicianLOS,Proposed_CA_CNN_RNND,7675,0.3242582120001316,0.2796311527490616,0.0446270564571023,
0,260816,matched,MATCHED_RicianLOS,Proposed_CA_CNN_RNND,7676,0.26676191948354244,0.23720701411366463,0.029554904671385884,
0,260816,matched,MATCHED_RicianLOS,Proposed_CA_CNN_RNND,7677,0.32903260365128517,0.2859850637614727,0.043047531973570585,
0,260816,matched,MATCHED_RicianLOS,Proposed_CA_CNN_RNND,7678,0.33429868519306183,0.2818235494196415,0.05247513437643647,
0,260816,matched,MATCHED_RicianLOS,Proposed_CA_CNN_RNND,7679,0.2704004868865013,0.24546313285827637,0.024937357753515244,
0,260816,matched,MATCHED_RicianLOS,Proposed_CA_CNN_RNND,7680,0.28213951736688614,0.2488435097038746,0.03329600905999541,
0,260816,matched,MATCHED_RicianLOS,Proposed_CA_CNN_RNND,7681,0.19575933925807476,0.1811752412468195,0.01458410281338729,
0,260816,matched,MATCHED_RicianLOS,Proposed_CA_CNN_RNND,7682,0.30897095799446106,0.2653949074447155,0.043576047755777836,
0,260816,matched,MATCHED_RicianLOS,Proposed_CA_CNN_RNND,7683,0.3852284587919712,0.3201618045568466,0.06506665865890682,
0,260816,matched,MATCHED_RicianLOS,Proposed_CA_CNN_RNND,7684,0.33990975841879845,0.29006277769804,0.04984698712360114,
0,260816,matched,MATCHED_RicianLOS,Proposed_CA_CNN_RNND,7685,0.3446638286113739,0.2887994311749935,0.0558643969707191,
0,260816,matched,MATCHED_RicianLOS,Proposed_CA_CNN_RNND,7686,0.3056211993098259,0.2724907584488392,0.033130445051938295,
0,260816,matched,MATCHED_RicianLOS,Proposed_CA_CNN_RNND,7687,0.3190728798508644,0.282162606716156,0.03691027732565999,
0,260816,matched,MATCHED_RicianLOS,Proposed_CA_CNN_RNND,7688,0.18828811310231686,0.1700371578335762,0.018250957247801125,
0,260816,matched,MATCHED_RicianLOS,Proposed_CA_CNN_RNND,7689,0.20507132448256016,0.1842603050172329,0.020811022259294987,
0,260816,matched,MATCHED_RicianLOS,Proposed_CA_CNN_RNND,7690,0.18919715657830238,0.17389485985040665,0.015302297426387668,
0,260816,matched,MATCHED_RicianLOS,Proposed_CA_CNN_RNND,7691,0.3093535825610161,0.2681521363556385,0.04120144573971629,
0,260816,matched,MATCHED_RicianLOS,Proposed_CA_CNN_RNND,7692,0.3249838314950466,0.28478458151221275,0.04019924975000322,
0,260816,matched,MATCHED_RicianLOS,Proposed_CA_CNN_RNND,7693,0.400106955319643,0.335622102022171,0.06448485422879457,
0,260816,matched,MATCHED_RicianLOS,Proposed_CA_CNN_RNND,7694,0.40222763270139694,0.33389317989349365,0.06833444442600012,
0,260816,matched,MATCHED_RicianLOS,Proposed_CA_CNN_RNND,7695,0.19324425794184208,0.17080984450876713,0.02243441520840861,
0,260816,matched,MATCHED_RicianLOS,Proposed_CA_CNN_RNND,7696,0.5009351596236229,0.40991364419460297,0.0910215126350522,
0,260816,matched,MATCHED_RicianLOS,Proposed_CA_CNN_RNND,7697,0.3501417264342308,0.29358765855431557,0.05655407207086682,
0,260816,matched,MATCHED_RicianLOS,Proposed_CA_CNN_RNND,7698,0.4322698786854744,0.35940560698509216,0.07286426145583391,
0,260816,matched,MATCHED_RicianLOS,Proposed_CA_CNN_RNND,7699,0.2983030527830124,0.2590077742934227,0.039295278082136065,
0,260816,matched,MATCHED_RicianLOS,Proposed_CA_CNN_RNND,7700,0.3592047169804573,0.3080749846994877,0.05112972855567932,
0,260816,matched,MATCHED_RicianLOS,Proposed_CA_CNN_RNND,7701,0.4081823378801346,0.34622740745544434,0.06195492809638381,
0,260816,matched,MATCHED_RicianLOS,Proposed_CA_CNN_RNND,7702,0.3927205204963684,0.3267507031559944,0.06596981966868043,
0,260816,matched,MATCHED_RicianLOS,Proposed_CA_CNN_RNND,7703,0.31959961727261543,0.274786151945591,0.04481347510591149,
0,260816,matched,MATCHED_RicianLOS,Proposed_CA_CNN_RNND,7704,0.36672620102763176,0.31133742071688175,0.055388782639056444,
0,260816,matched,MATCHED_RicianLOS,Proposed_CA_CNN_RNND,7705,0.28744711726903915,0.25931546092033386,0.02813165751285851,
0,260816,matched,MATCHED_RicianLOS,Proposed_CA_CNN_RNND,7706,0.3925221227109432,0.3295329324901104,0.06298918509855866,
0,260816,matched,MATCHED_RicianLOS,Proposed_CA_CNN_RNND,7707,0.2400318644940853,0.21648192405700684,0.02354994014604017,
0,260816,matched,MATCHED_RicianLOS,Proposed_CA_CNN_RNND,7708,0.26465414091944695,0.23745287954807281,0.027201262768357992,
0,260816,matched,MATCHED_RicianLOS,Proposed_CA_CNN_RNND,7709,0.2982330545783043,0.25919557362794876,0.03903748525772244,
0,260816,matched,MATCHED_RicianLOS,Proposed_CA_CNN_RNND,7710,0.2526158392429352,0.22233058884739876,0.030285244109109044,
0,260816,matched,MATCHED_RicianLOS,Proposed_CA_CNN_RNND,7711,0.31450294330716133,0.2671330254524946,0.04736991587560624,
0,260816,matched,MATCHED_RicianLOS,Proposed_CA_CNN_RNND,7712,0.22675670310854912,0.20096151903271675,0.025795181980356574,
0,260816,matched,MATCHED_RicianLOS,Proposed_CA_CNN_RNND,7713,0.3439457416534424,0.2978201359510422,0.04612560069654137,
0,260816,matched,MATCHED_RicianLOS,Proposed_CA_CNN_RNND,7714,0.3193245194852352,0.26962119713425636,0.04970332304947078,
0,260816,matched,MATCHED_RicianLOS,Proposed_CA_CNN_RNND,7715,0.43742236122488976,0.3591897785663605,0.07823257497511804,
0,260816,matched,MATCHED_RicianLOS,Proposed_CA_CNN_RNND,7716,0.3320987820625305,0.28866657242178917,0.0434322115033865,
0,260816,matched,MATCHED_RicianLOS,Proposed_CA_CNN_RNND,7717,0.4124826565384865,0.3384661264717579,0.07401653006672859,
0,260816,matched,MATCHED_RicianLOS,Proposed_CA_CNN_RNND,7718,0.3551957532763481,0.29762551188468933,0.057570239529013634,
0,260816,matched,MATCHED_RicianLOS,Proposed_CA_CNN_RNND,7719,0.4302798919379711,0.3552192226052284,0.07506066700443625,
0,260816,matched,MATCHED_RicianLOS,Proposed_CA_CNN_RNND,7720,0.33112604171037674,0.28498274832963943,0.04614329198375344,
0,260816,matched,MATCHED_RicianLOS,Proposed_CA_CNN_RNND,7721,0.27409070543944836,0.24172888323664665,0.03236181974352803,
0,260816,matched,MATCHED_RicianLOS,Proposed_CA_CNN_RNND,7722,0.33826209604740143,0.28958285227417946,0.04867925262078643,
0,260816,matched,MATCHED_RicianLOS,Proposed_CA_CNN_RNND,7723,0.2571617588400841,0.22843777388334274,0.02872399054467678,
0,260816,matched,MATCHED_RicianLOS,Proposed_CA_CNN_RNND,7724,0.4707678258419037,0.38400180637836456,0.08676602318882942,
0,260816,matched,MATCHED_RicianLOS,Proposed_CA_CNN_RNND,7725,0.39117707684636116,0.3298023082315922,0.06137477234005928,
0,260816,matched,MATCHED_RicianLOS,Proposed_CA_CNN_RNND,7726,0.22912902384996414,0.2104431465268135,0.018685877788811922,
0,260816,matched,MATCHED_RicianLOS,Proposed_CA_CNN_RNND,7727,0.4092770963907242,0.33997198194265366,0.06930510979145765,
0,260816,matched,MATCHED_RicianLOS,Proposed_CA_CNN_RNND,7728,0.2862119562923908,0.2499864175915718,0.036225539282895625,
0,260816,matched,MATCHED_RicianLOS,Proposed_CA_CNN_RNND,7729,0.3618682101368904,0.3030643742531538,0.058803851483389735,
0,260816,matched,MATCHED_RicianLOS,Proposed_CA_CNN_RNND,7730,0.2662327103316784,0.23365220054984093,0.03258050489239395,
0,260816,matched,MATCHED_RicianLOS,Proposed_CA_CNN_RNND,7731,0.3292258270084858,0.28184810280799866,0.047377720824442804,
0,260816,matched,MATCHED_RicianLOS,Proposed_CA_CNN_RNND,7732,0.4097421020269394,0.3504105657339096,0.05933153396472335,
0,260816,matched,MATCHED_RicianLOS,Proposed_CA_CNN_RNND,7733,0.5232267454266548,0.4238153398036957,0.09941139817237854,
0,260816,matched,MATCHED_RicianLOS,Proposed_CA_CNN_RNND,7734,0.3570844680070877,0.3021870627999306,0.05489739356562495,
0,260816,matched,MATCHED_RicianLOS,Proposed_CA_CNN_RNND,7735,0.33317144215106964,0.2893989756703377,0.043772467877715826,
0,260816,matched,MATCHED_RicianLOS,Proposed_CA_CNN_RNND,7736,0.3353427518159151,0.28600919246673584,0.04933355841785669,
0,260816,matched,MATCHED_RicianLOS,Proposed_CA_CNN_RNND,7737,0.33517489582300186,0.2826015055179596,0.052573385182768106,
0,260816,matched,MATCHED_RicianLOS,Proposed_CA_CNN_RNND,7738,0.2609904296696186,0.23463039100170135,0.026360039599239826,
0,260816,matched,MATCHED_RicianLOS,Proposed_CA_CNN_RNND,7739,0.28160183504223824,0.24749025888741016,0.034111578250303864,
0,260816,matched,MATCHED_RicianLOS,Proposed_CA_CNN_RNND,7740,0.22439927235245705,0.19931839033961296,0.025080882594920695,
0,260816,matched,MATCHED_RicianLOS,Proposed_CA_CNN_RNND,7741,0.29599663615226746,0.2578050345182419,0.038191601168364286,
0,260816,matched,MATCHED_RicianLOS,Proposed_CA_CNN_RNND,7742,0.3017909936606884,0.25838932022452354,0.043401664413977414,
0,260816,matched,MATCHED_RicianLOS,Proposed_CA_CNN_RNND,7743,0.27212944254279137,0.24320588633418083,0.028923555510118604,
0,260816,matched,MATCHED_RicianLOS,Proposed_CA_CNN_RNND,7744,0.2876708321273327,0.25127069279551506,0.036400131648406386,
0,260816,matched,MATCHED_RicianLOS,Proposed_CA_CNN_RNND,7745,0.3289812095463276,0.2775764223188162,0.051404796075075865,
0,260816,matched,MATCHED_RicianLOS,Proposed_CA_CNN_RNND,7746,0.4174288585782051,0.3535529524087906,0.06387590384110808,
0,260816,matched,MATCHED_RicianLOS,Proposed_CA_CNN_RNND,7747,0.21799782663583755,0.19945305585861206,0.01854477426968515,
0,260816,matched,MATCHED_RicianLOS,Proposed_CA_CNN_RNND,7748,0.3524513766169548,0.2888578698039055,0.0635935072787106,
0,260816,matched,MATCHED_RicianLOS,Proposed_CA_CNN_RNND,7749,0.32980843633413315,0.2845179345458746,0.04529049841221422,
0,260816,matched,MATCHED_RicianLOS,Proposed_CA_CNN_RNND,7750,0.4706258997321129,0.3882119208574295,0.0824139779433608,
0,260816,matched,MATCHED_RicianLOS,Proposed_CA_CNN_RNND,7751,0.4567301571369171,0.3833984360098839,0.07333171926438808,
0,260816,matched,MATCHED_RicianLOS,Proposed_CA_CNN_RNND,7752,0.28456268459558487,0.2503294739872217,0.03423321258742362,
0,260816,matched,MATCHED_RicianLOS,Proposed_CA_CNN_RNND,7753,0.330705851316452,0.2856573462486267,0.04504850599914789,
0,260816,matched,MATCHED_RicianLOS,Proposed_CA_CNN_RNND,7754,0.4111023172736168,0.34002530574798584,0.07107702374923974,
0,260816,matched,MATCHED_RicianLOS,Proposed_CA_CNN_RNND,7755,0.36679552122950554,0.3140377923846245,0.05275772977620363,
0,260816,matched,MATCHED_RicianLOS,Proposed_CA_CNN_RNND,7756,0.2532695010304451,0.22226346842944622,0.031006033183075488,
0,260816,matched,MATCHED_RicianLOS,Proposed_CA_CNN_RNND,7757,0.28325919434428215,0.2428344078361988,0.04042478930205107,
0,260816,matched,MATCHED_RicianLOS,Proposed_CA_CNN_RNND,7758,0.4436737596988678,0.36703361943364143,0.07664015144109726,
0,260816,matched,MATCHED_RicianLOS,Proposed_CA_CNN_RNND,7759,0.40948673337697983,0.351608969271183,0.057877758517861366,
0,260816,matched,MATCHED_RicianLOS,Proposed_CA_CNN_RNND,7760,0.36688123270869255,0.31519635766744614,0.05168487038463354,
0,260816,matched,MATCHED_RicianLOS,Proposed_CA_CNN_RNND,7761,0.22794053331017494,0.20987920463085175,0.018061329843476415,
0,260816,matched,MATCHED_RicianLOS,Proposed_CA_CNN_RNND,7762,0.3694949448108673,0.3099895417690277,0.05950539419427514,
0,260816,matched,MATCHED_RicianLOS,Proposed_CA_CNN_RNND,7763,0.3548096250742674,0.2949663773179054,0.05984323704615235,
0,260816,matched,MATCHED_RicianLOS,Proposed_CA_CNN_RNND,7764,0.31216563656926155,0.2634827345609665,0.048682897351682186,
0,260816,matched,MATCHED_RicianLOS,Proposed_CA_CNN_RNND,7765,0.33200065419077873,0.2759815752506256,0.05601908196695149,
0,260816,matched,MATCHED_RicianLOS,Proposed_CA_CNN_RNND,7766,0.31972166150808334,0.27392762154340744,0.045794045086950064,
0,260816,matched,MATCHED_RicianLOS,Proposed_CA_CNN_RNND,7767,0.36842064559459686,0.3060954511165619,0.06232518935576081,
0,260816,matched,MATCHED_RicianLOS,Proposed_CA_CNN_RNND,7768,0.338422279804945,0.28043242916464806,0.05798984837019816,
0,260816,matched,MATCHED_RicianLOS,Proposed_CA_CNN_RNND,7769,0.5073676854372025,0.41536157578229904,0.09200611244887114,
0,260816,matched,MATCHED_RicianLOS,Proposed_CA_CNN_RNND,7770,0.3289713077247143,0.2857225313782692,0.04324878507759422,
0,260816,matched,MATCHED_RicianLOS,Proposed_CA_CNN_RNND,7771,0.3756967019289732,0.32072650641202927,0.054970198194496334,
0,260816,matched,MATCHED_RicianLOS,Proposed_CA_CNN_RNND,7772,0.4587995931506157,0.3795233704149723,0.07927621435374022,
0,260816,matched,MATCHED_RicianLOS,Proposed_CA_CNN_RNND,7773,0.3119200989603996,0.27015772461891174,0.041762370616197586,
0,260816,matched,MATCHED_RicianLOS,Proposed_CA_CNN_RNND,7774,0.14527716673910618,0.13526259921491146,0.010014563391450793,
0,260816,matched,MATCHED_RicianLOS,Proposed_CA_CNN_RNND,7775,0.2834026552736759,0.24428626894950867,0.03911638562567532,
0,260816,matched,MATCHED_RicianLOS,Proposed_CA_CNN_RNND,7776,0.34340721368789673,0.2973035238683224,0.046103688422590494,
0,260816,matched,MATCHED_RicianLOS,Proposed_CA_CNN_RNND,7777,0.37506863847374916,0.31673071160912514,0.058337928261607885,
0,260816,matched,MATCHED_RicianLOS,Proposed_CA_CNN_RNND,7778,0.34576176293194294,0.2938131634145975,0.0519485876429826,
0,260816,matched,MATCHED_RicianLOS,Proposed_CA_CNN_RNND,7779,0.20866604894399643,0.18840548396110535,0.020260563818737864,
0,260816,matched,MATCHED_RicianLOS,Proposed_CA_CNN_RNND,7780,0.2777177020907402,0.24395578727126122,0.033761910162866116,
0,260816,matched,MATCHED_RicianLOS,Proposed_CA_CNN_RNND,7781,0.2683968637138605,0.23128144070506096,0.037115418701432645,
0,260816,matched,MATCHED_RicianLOS,Proposed_CA_CNN_RNND,7782,0.5186036825180054,0.4260677173733711,0.0925359558314085,
0,260816,matched,MATCHED_RicianLOS,Proposed_CA_CNN_RNND,7783,0.4925634227693081,0.4027378708124161,0.08982555940747261,
0,260816,matched,MATCHED_RicianLOS,Proposed_CA_CNN_RNND,7784,0.406204454600811,0.3368583470582962,0.06934610940515995,
0,260816,matched,MATCHED_RicianLOS,Proposed_CA_CNN_RNND,7785,0.2824506536126137,0.25571897998452187,0.026731673162430525,
0,260816,matched,MATCHED_RicianLOS,Proposed_CA_CNN_RNND,7786,0.378480177372694,0.32076750695705414,0.057712668320164084,
0,260816,matched,MATCHED_RicianLOS,Proposed_CA_CNN_RNND,7787,0.2778186835348606,0.24137448146939278,0.03644419880583882,
0,260816,matched,MATCHED_RicianLOS,Proposed_CA_CNN_RNND,7788,0.46510031074285507,0.3819698691368103,0.08313044486567378,
0,260816,matched,MATCHED_RicianLOS,Proposed_CA_CNN_RNND,7789,0.4394577704370022,0.3640271872282028,0.07543058088049293,
0,260816,matched,MATCHED_RicianLOS,Proposed_CA_CNN_RNND,7790,0.47279809415340424,0.3959171324968338,0.07688095793128014,
0,260816,matched,MATCHED_RicianLOS,Proposed_CA_CNN_RNND,7791,0.5032451525330544,0.41118234395980835,0.09206279926002026,
0,260816,matched,MATCHED_RicianLOS,Proposed_CA_CNN_RNND,7792,0.3413202427327633,0.2914971560239792,0.049823086243122816,
0,260816,matched,MATCHED_RicianLOS,Proposed_CA_CNN_RNND,7793,0.38845792412757874,0.3246925473213196,0.06376536714378744,
0,260816,matched,MATCHED_RicianLOS,Proposed_CA_CNN_RNND,7794,0.3485779110342264,0.2943652365356684,0.05421267752535641,
0,260816,matched,MATCHED_RicianLOS,Proposed_CA_CNN_RNND,7795,0.41921456903219223,0.34575464203953743,0.07345992606133223,
0,260816,matched,MATCHED_RicianLOS,Proposed_CA_CNN_RNND,7796,0.3875458911061287,0.33683475106954575,0.0507111435290426,
0,260816,matched,MATCHED_RicianLOS,Proposed_CA_CNN_RNND,7797,0.440046526491642,0.3623412624001503,0.07770527340471745,
0,260816,matched,MATCHED_RicianLOS,Proposed_CA_CNN_RNND,7798,0.4965771362185478,0.4092394858598709,0.08733765780925751,
0,260816,matched,MATCHED_RicianLOS,Proposed_CA_CNN_RNND,7799,0.4129438027739525,0.35044797137379646,0.062495836056768894,
0,260816,matched,MATCHED_RicianLOS,Proposed_CA_CNN_RNND,7800,0.44169436395168304,0.36880582571029663,0.07288854569196701,-1.2539414809648763
0,260816,matched,MATCHED_RicianLOS,Proposed_CA_CNN_RNND,7801,0.3784595802426338,0.31037187576293945,0.06808769889175892,
0,260816,matched,MATCHED_RicianLOS,Proposed_CA_CNN_RNND,7802,0.3309054411947727,0.28578008338809013,0.045125363394618034,
0,260816,matched,MATCHED_RicianLOS,Proposed_CA_CNN_RNND,7803,0.31824173778295517,0.2749713435769081,0.04327038617338985,
0,260816,matched,MATCHED_RicianLOS,Proposed_CA_CNN_RNND,7804,0.17138896696269512,0.15968666598200798,0.01170229958370328,
0,260816,matched,MATCHED_RicianLOS,Proposed_CA_CNN_RNND,7805,0.3346625082194805,0.2899571806192398,0.04470533272251487,
0,260816,matched,MATCHED_RicianLOS,Proposed_CA_CNN_RNND,7806,0.3586277440190315,0.3116500899195671,0.04697764525189996,
0,260816,matched,MATCHED_RicianLOS,Proposed_CA_CNN_RNND,7807,0.2915723957121372,0.25125381350517273,0.04031859152019024,
0,260816,matched,MATCHED_RicianLOS,Proposed_CA_CNN_RNND,7808,0.35309944674372673,0.3046671114861965,0.04843234526924789,
0,260816,matched,MATCHED_RicianLOS,Proposed_CA_CNN_RNND,7809,0.26067100651562214,0.22833924926817417,0.032331753289327025,
0,260816,matched,MATCHED_RicianLOS,Proposed_CA_CNN_RNND,7810,0.4248485304415226,0.3557465374469757,0.06910198670811951,
0,260816,matched,MATCHED_RicianLOS,Proposed_CA_CNN_RNND,7811,0.3176133446395397,0.27508142963051796,0.042531912215054035,
0,260816,matched,MATCHED_RicianLOS,Proposed_CA_CNN_RNND,7812,0.341103695333004,0.2937932685017586,0.047310427646152675,
0,260816,matched,MATCHED_RicianLOS,Proposed_CA_CNN_RNND,7813,0.44380467757582664,0.3671422600746155,0.07666241656988859,
0,260816,matched,MATCHED_RicianLOS,Proposed_CA_CNN_RNND,7814,0.3329961970448494,0.2853570431470871,0.047639146097935736,
0,260816,matched,MATCHED_RicianLOS,Proposed_CA_CNN_RNND,7815,0.3630978390574455,0.3077624514698982,0.05533538688905537,
0,260816,matched,MATCHED_RicianLOS,Proposed_CA_CNN_RNND,7816,0.2969362623989582,0.2585521303117275,0.03838413185440004,
0,260816,matched,MATCHED_RicianLOS,Proposed_CA_CNN_RNND,7817,0.30544983223080635,0.2687017060816288,0.036748120095580816,
0,260816,matched,MATCHED_RicianLOS,Proposed_CA_CNN_RNND,7818,0.39363362826406956,0.32149939984083176,0.07213423412758857,
0,260816,matched,MATCHED_RicianLOS,Proposed_CA_CNN_RNND,7819,0.47026569209992886,0.3871457576751709,0.083119927207008,
0,260816,matched,MATCHED_RicianLOS,Proposed_CA_CNN_RNND,7820,0.26198381558060646,0.2309517152607441,0.031032111030071974,
0,260816,matched,MATCHED_RicianLOS,Proposed_CA_CNN_RNND,7821,0.3585120253264904,0.3056337907910347,0.052878234535455704,
0,260816,matched,MATCHED_RicianLOS,Proposed_CA_CNN_RNND,7822,0.25906698405742645,0.22663507610559464,0.032431911677122116,
0,260816,matched,MATCHED_RicianLOS,Proposed_CA_CNN_RNND,7823,0.18399597331881523,0.16744021885097027,0.016555754002183676,
0,260816,matched,MATCHED_RicianLOS,Proposed_CA_CNN_RNND,7824,0.26227714121341705,0.23047593981027603,0.03180120745673776,
0,260816,matched,MATCHED_RicianLOS,Proposed_CA_CNN_RNND,7825,0.24361582100391388,0.2113117054104805,0.032304116524755955,
0,260816,matched,MATCHED_RicianLOS,Proposed_CA_CNN_RNND,7826,0.4503495469689369,0.37458910420536995,0.07576044322922826,
0,260816,matched,MATCHED_RicianLOS,Proposed_CA_CNN_RNND,7827,0.2954929694533348,0.25678651034832,0.03870646096765995,
0,260816,matched,MATCHED_RicianLOS,Proposed_CA_CNN_RNND,7828,0.27971434965729713,0.24335025623440742,0.03636409738101065,
0,260816,matched,MATCHED_RicianLOS,Proposed_CA_CNN_RNND,7829,0.248807642608881,0.22102757543325424,0.027780070900917053,
0,260816,matched,MATCHED_RicianLOS,Proposed_CA_CNN_RNND,7830,0.2484997045248747,0.21851149573922157,0.0299882129766047,
0,260816,matched,MATCHED_RicianLOS,Proposed_CA_CNN_RNND,7831,0.27035432681441307,0.23406766913831234,0.03628666597069241,
0,260816,matched,MATCHED_RicianLOS,Proposed_CA_CNN_RNND,7832,0.4040795862674713,0.33573515713214874,0.06834442261606455,
0,260816,matched,MATCHED_RicianLOS,Proposed_CA_CNN_RNND,7833,0.3897816091775894,0.33383113890886307,0.05595047306269407,
0,260816,matched,MATCHED_RicianLOS,Proposed_CA_CNN_RNND,7834,0.25392790138721466,0.23024198412895203,0.023685915395617485,
0,260816,matched,MATCHED_RicianLOS,Proposed_CA_CNN_RNND,7835,0.3461357653141022,0.2997266426682472,0.04640912637114525,
0,260816,matched,MATCHED_RicianLOS,Proposed_CA_CNN_RNND,7836,0.4617290049791336,0.37963108718395233,0.08209791779518127,
0,260816,matched,MATCHED_RicianLOS,Proposed_CA_CNN_RNND,7837,0.38299936056137085,0.3258732929825783,0.05712606990709901,
0,260816,matched,MATCHED_RicianLOS,Proposed_CA_CNN_RNND,7838,0.4316445104777813,0.36342956498265266,0.06821494596078992,
0,260816,matched,MATCHED_RicianLOS,Proposed_CA_CNN_RNND,7839,0.3439457155764103,0.29249158687889576,0.051454133295919746,
0,260816,matched,MATCHED_RicianLOS,Proposed_CA_CNN_RNND,7840,0.28773588687181473,0.25238222628831863,0.03535365761490539,
0,260816,matched,MATCHED_RicianLOS,Proposed_CA_CNN_RNND,7841,0.2702377922832966,0.245717391371727,0.024520394392311573,
0,260816,matched,MATCHED_RicianLOS,Proposed_CA_CNN_RNND,7842,0.38506027311086655,0.32534633204340935,0.05971393687650561,
0,260816,matched,MATCHED_RicianLOS,Proposed_CA_CNN_RNND,7843,0.17635545879602432,0.15920399874448776,0.01715146075002849,
0,260816,matched,MATCHED_RicianLOS,Proposed_CA_CNN_RNND,7844,0.34191127866506577,0.2943534888327122,0.047557785641402006,
0,260816,matched,MATCHED_RicianLOS,Proposed_CA_CNN_RNND,7845,0.46378472447395325,0.3831118382513523,0.08067289227619767,
0,260816,matched,MATCHED_RicianLOS,Proposed_CA_CNN_RNND,7846,0.32711654156446457,0.28538674116134644,0.04172980831936002,
0,260816,matched,MATCHED_RicianLOS,Proposed_CA_CNN_RNND,7847,0.3433629460632801,0.29681241512298584,0.04655053652822971,
0,260816,matched,MATCHED_RicianLOS,Proposed_CA_CNN_RNND,7848,0.3758017271757126,0.3217107951641083,0.05409093643538654,
0,260816,matched,MATCHED_RicianLOS,Proposed_CA_CNN_RNND,7849,0.29373544827103615,0.24851378425955772,0.04522165935486555,
0,260816,matched,MATCHED_RicianLOS,Proposed_CA_CNN_RNND,7850,0.24591149017214775,0.2209462746977806,0.024965218733996153,
0,260816,matched,MATCHED_RicianLOS,Proposed_CA_CNN_RNND,7851,0.3464890159666538,0.2950401231646538,0.05144888674840331,
0,260816,matched,MATCHED_RicianLOS,Proposed_CA_CNN_RNND,7852,0.2167070508003235,0.1964332964271307,0.020273750298656523,
0,260816,matched,MATCHED_RicianLOS,Proposed_CA_CNN_RNND,7853,0.31302351504564285,0.2757956497371197,0.037227870896458626,
0,260816,matched,MATCHED_RicianLOS,Proposed_CA_CNN_RNND,7854,0.37484683096408844,0.3152821660041809,0.05956466216593981,
0,260816,matched,MATCHED_RicianLOS,Proposed_CA_CNN_RNND,7855,0.36557476222515106,0.3113245442509651,0.05425022263079882,
0,260816,matched,MATCHED_RicianLOS,Proposed_CA_CNN_RNND,7856,0.2517316024750471,0.21913243271410465,0.032599169411696494,
0,260816,matched,MATCHED_RicianLOS,Proposed_CA_CNN_RNND,7857,0.5021606013178825,0.40806955844163895,0.094091035425663,
0,260816,matched,MATCHED_RicianLOS,Proposed_CA_CNN_RNND,7858,0.2915758118033409,0.2498534396290779,0.04172237263992429,
0,260816,matched,MATCHED_RicianLOS,Proposed_CA_CNN_RNND,7859,0.4312783032655716,0.36312731355428696,0.06815099157392979,
0,260816,matched,MATCHED_RicianLOS,Proposed_CA_CNN_RNND,7860,0.27994321286678314,0.2488318495452404,0.031111362390220165,
0,260816,matched,MATCHED_RicianLOS,Proposed_CA_CNN_RNND,7861,0.20885396003723145,0.1896841675043106,0.019169797014910728,
0,260816,matched,MATCHED_RicianLOS,Proposed_CA_CNN_RNND,7862,0.2727738842368126,0.24049412459135056,0.03227975661866367,
0,260816,matched,MATCHED_RicianLOS,Proposed_CA_CNN_RNND,7863,0.32991571724414825,0.2880489081144333,0.04186680633574724,
0,260816,matched,MATCHED_RicianLOS,Proposed_CA_CNN_RNND,7864,0.26829761639237404,0.23883146047592163,0.029466154286637902,
0,260816,matched,MATCHED_RicianLOS,Proposed_CA_CNN_RNND,7865,0.34600068628787994,0.2945936396718025,0.05140705220401287,
0,260816,matched,MATCHED_RicianLOS,Proposed_CA_CNN_RNND,7866,0.35095494985580444,0.29793472588062286,0.05302021745592356,
0,260816,matched,MATCHED_RicianLOS,Proposed_CA_CNN_RNND,7867,0.3884253613650799,0.32270357944071293,0.06572177726775408,
0,260816,matched,MATCHED_RicianLOS,Proposed_CA_CNN_RNND,7868,0.2588776759803295,0.22945011965930462,0.029427557019516826,
0,260816,matched,MATCHED_RicianLOS,Proposed_CA_CNN_RNND,7869,0.1718523669987917,0.15890862420201302,0.012943746463861316,
0,260816,matched,MATCHED_RicianLOS,Proposed_CA_CNN_RNND,7870,0.4557543620467186,0.37915125489234924,0.07660310808569193,
0,260816,matched,MATCHED_RicianLOS,Proposed_CA_CNN_RNND,7871,0.41342922300100327,0.3505459614098072,0.06288326159119606,
0,260816,matched,MATCHED_RicianLOS,Proposed_CA_CNN_RNND,7872,0.3041152283549309,0.26433125138282776,0.03978398232720792,
0,260816,matched,MATCHED_RicianLOS,Proposed_CA_CNN_RNND,7873,0.38794825226068497,0.3291814923286438,0.05876676365733147,
0,260816,matched,MATCHED_RicianLOS,Proposed_CA_CNN_RNND,7874,0.3618540018796921,0.30431338027119637,0.05754061322659254,
0,260816,matched,MATCHED_RicianLOS,Proposed_CA_CNN_RNND,7875,0.49001586250960827,0.39344163052737713,0.09657422685995698,
0,260816,matched,MATCHED_RicianLOS,Proposed_CA_CNN_RNND,7876,0.3400087505578995,0.2977062053978443,0.0423025474883616,
0,260816,matched,MATCHED_RicianLOS,Proposed_CA_CNN_RNND,7877,0.34741126000881195,0.2968875765800476,0.05052369320765138,
0,260816,matched,MATCHED_RicianLOS,Proposed_CA_CNN_RNND,7878,0.4224414639174938,0.3551209047436714,0.06732055661268532,
0,260816,matched,MATCHED_RicianLOS,Proposed_CA_CNN_RNND,7879,0.32129062339663506,0.27845321223139763,0.04283741326071322,
0,260816,matched,MATCHED_RicianLOS,Proposed_CA_CNN_RNND,7880,0.21666686236858368,0.19221878424286842,0.024448085925541818,
0,260816,matched,MATCHED_RicianLOS,Proposed_CA_CNN_RNND,7881,0.2442890852689743,0.21895963698625565,0.025329446885734797,
0,260816,matched,MATCHED_RicianLOS,Proposed_CA_CNN_RNND,7882,0.3597361631691456,0.3097669333219528,0.049969229847192764,
0,260816,matched,MATCHED_RicianLOS,Proposed_CA_CNN_RNND,7883,0.44718149304389954,0.3748933672904968,0.07228813413530588,
0,260816,matched,MATCHED_RicianLOS,Proposed_CA_CNN_RNND,7884,0.23957590758800507,0.211786936968565,0.027788969222456217,
0,260816,matched,MATCHED_RicianLOS,Proposed_CA_CNN_RNND,7885,0.36067821830511093,0.30693963915109634,0.05373857240192592,
0,260816,matched,MATCHED_RicianLOS,Proposed_CA_CNN_RNND,7886,0.2796454392373562,0.25047557055950165,0.029169870540499687,
0,260816,matched,MATCHED_RicianLOS,Proposed_CA_CNN_RNND,7887,0.23509866744279861,0.21024774760007858,0.024850915418937802,
0,260816,matched,MATCHED_RicianLOS,Proposed_CA_CNN_RNND,7888,0.3279001824557781,0.27908314391970634,0.04881704074796289,
0,260816,matched,MATCHED_RicianLOS,Proposed_CA_CNN_RNND,7889,0.37051788717508316,0.310495737940073,0.060022147838026285,
0,260816,matched,MATCHED_RicianLOS,Proposed_CA_CNN_RNND,7890,0.3076894134283066,0.2687060534954071,0.0389833627268672,
0,260816,matched,MATCHED_RicianLOS,Proposed_CA_CNN_RNND,7891,0.258146982640028,0.23300625011324883,0.025140735553577542,
0,260816,matched,MATCHED_RicianLOS,Proposed_CA_CNN_RNND,7892,0.28633299842476845,0.2508184686303139,0.03551452804822475,
0,260816,matched,MATCHED_RicianLOS,Proposed_CA_CNN_RNND,7893,0.35976850241422653,0.3096962310373783,0.050072270445525646,
0,260816,matched,MATCHED_RicianLOS,Proposed_CA_CNN_RNND,7894,0.32141316309571266,0.28100868314504623,0.04040447890292853,
0,260816,matched,MATCHED_RicianLOS,Proposed_CA_CNN_RNND,7895,0.3495662659406662,0.2968054339289665,0.05276083550415933,
0,260816,matched,MATCHED_RicianLOS,Proposed_CA_CNN_RNND,7896,0.32057521492242813,0.273342277854681,0.047232938930392265,
0,260816,matched,MATCHED_RicianLOS,Proposed_CA_CNN_RNND,7897,0.3321332596242428,0.2841018922626972,0.04803136445116252,
0,260816,matched,MATCHED_RicianLOS,Proposed_CA_CNN_RNND,7898,0.35593701899051666,0.3093307092785835,0.04660630691796541,
0,260816,matched,MATCHED_RicianLOS,Proposed_CA_CNN_RNND,7899,0.3003469742834568,0.26289190351963043,0.03745507256826386,
0,260816,matched,MATCHED_RicianLOS,Proposed_CA_CNN_RNND,7900,0.34571193903684616,0.2973828762769699,0.04832906066440046,
0,260816,matched,MATCHED_RicianLOS,Proposed_CA_CNN_RNND,7901,0.2835681401193142,0.24527784809470177,0.03829029540065676,
0,260816,matched,MATCHED_RicianLOS,Proposed_CA_CNN_RNND,7902,0.4094337448477745,0.34546659141778946,0.06396714225411415,
0,260816,matched,MATCHED_RicianLOS,Proposed_CA_CNN_RNND,7903,0.40115219354629517,0.3423161059617996,0.05883609037846327,
0,260816,matched,MATCHED_RicianLOS,Proposed_CA_CNN_RNND,7904,0.38223323598504066,0.3300640769302845,0.0521691576577723,
0,260816,matched,MATCHED_RicianLOS,Proposed_CA_CNN_RNND,7905,0.3848003000020981,0.32448679581284523,0.06031351280398667,
0,260816,matched,MATCHED_RicianLOS,Proposed_CA_CNN_RNND,7906,0.3795170597732067,0.3197716623544693,0.059745391830801964,
0,260816,matched,MATCHED_RicianLOS,Proposed_CA_CNN_RNND,7907,0.3089377358555794,0.2638637665659189,0.04507396288681775,
0,260816,matched,MATCHED_RicianLOS,Proposed_CA_CNN_RNND,7908,0.378183014690876,0.3224650099873543,0.055717998649924994,
0,260816,matched,MATCHED_RicianLOS,Proposed_CA_CNN_RNND,7909,0.27771732583642006,0.2440214604139328,0.03369587007910013,
0,260816,matched,MATCHED_RicianLOS,Proposed_CA_CNN_RNND,7910,0.3422482945024967,0.28877029195427895,0.05347800813615322,
0,260816,matched,MATCHED_RicianLOS,Proposed_CA_CNN_RNND,7911,0.4005890339612961,0.3370245024561882,0.06356454268097878,
0,260816,matched,MATCHED_RicianLOS,Proposed_CA_CNN_RNND,7912,0.2786615677177906,0.24813400954008102,0.030527561670169234,
0,260816,matched,MATCHED_RicianLOS,Proposed_CA_CNN_RNND,7913,0.3681630715727806,0.3148418366909027,0.05332122649997473,
0,260816,matched,MATCHED_RicianLOS,Proposed_CA_CNN_RNND,7914,0.207251138985157,0.1946752853691578,0.012575850705616176,
0,260816,matched,MATCHED_RicianLOS,Proposed_CA_CNN_RNND,7915,0.31188538670539856,0.273566298186779,0.03831908944994211,
0,260816,matched,MATCHED_RicianLOS,Proposed_CA_CNN_RNND,7916,0.2566538453102112,0.22510052099823952,0.0315533229149878,
0,260816,matched,MATCHED_RicianLOS,Proposed_CA_CNN_RNND,7917,0.3239401653409004,0.276964396238327,0.04697577259503305,
0,260816,matched,MATCHED_RicianLOS,Proposed_CA_CNN_RNND,7918,0.2777753211557865,0.23910009860992432,0.03867522394284606,
0,260816,matched,MATCHED_RicianLOS,Proposed_CA_CNN_RNND,7919,0.3222002573311329,0.27880194783210754,0.04339830717071891,
0,260816,matched,MATCHED_RicianLOS,Proposed_CA_CNN_RNND,7920,0.35857533290982246,0.3059117794036865,0.05266355024650693,
0,260816,matched,MATCHED_RicianLOS,Proposed_CA_CNN_RNND,7921,0.3573433756828308,0.30933840200304985,0.04800496972166002,
0,260816,matched,MATCHED_RicianLOS,Proposed_CA_CNN_RNND,7922,0.2708094157278538,0.2392445132136345,0.03156489925459027,
0,260816,matched,MATCHED_RicianLOS,Proposed_CA_CNN_RNND,7923,0.34287530556321144,0.2910711355507374,0.05180416628718376,
0,260816,matched,MATCHED_RicianLOS,Proposed_CA_CNN_RNND,7924,0.29686224088072777,0.2594263590872288,0.03743587899953127,
0,260816,matched,MATCHED_RicianLOS,Proposed_CA_CNN_RNND,7925,0.4138105884194374,0.3532538339495659,0.060556757263839245,
0,260816,matched,MATCHED_RicianLOS,Proposed_CA_CNN_RNND,7926,0.3650437258183956,0.3046315908432007,0.06041213124990463,
0,260816,matched,MATCHED_RicianLOS,Proposed_CA_CNN_RNND,7927,0.46319057792425156,0.3876907229423523,0.07549985591322184,
0,260816,matched,MATCHED_RicianLOS,Proposed_CA_CNN_RNND,7928,0.2671723887324333,0.23229519464075565,0.034877188969403505,
0,260816,matched,MATCHED_RicianLOS,Proposed_CA_CNN_RNND,7929,0.35186390206217766,0.3019033595919609,0.049960550386458635,
0,260816,matched,MATCHED_RicianLOS,Proposed_CA_CNN_RNND,7930,0.30788760259747505,0.26218054816126823,0.04570705513469875,
0,260816,matched,MATCHED_RicianLOS,Proposed_CA_CNN_RNND,7931,0.23055540770292282,0.20653525367379189,0.024020155193284154,
0,260816,matched,MATCHED_RicianLOS,Proposed_CA_CNN_RNND,7932,0.35440918058156967,0.29949602484703064,0.05491315806284547,
0,260816,matched,MATCHED_RicianLOS,Proposed_CA_CNN_RNND,7933,0.332339558750391,0.2899843752384186,0.04235518095083535,
0,260816,matched,MATCHED_RicianLOS,Proposed_CA_CNN_RNND,7934,0.4008044973015785,0.33332306891679764,0.06748143769800663,
0,260816,matched,MATCHED_RicianLOS,Proposed_CA_CNN_RNND,7935,0.3337530680000782,0.28063702769577503,0.053116042632609606,
0,260816,matched,MATCHED_RicianLOS,Proposed_CA_CNN_RNND,7936,0.43716033920645714,0.3574956189841032,0.07966472173575312,
0,260816,matched,MATCHED_RicianLOS,Proposed_CA_CNN_RNND,7937,0.3814898952841759,0.3262580372393131,0.05523186735808849,
0,260816,matched,MATCHED_RicianLOS,Proposed_CA_CNN_RNND,7938,0.3131685331463814,0.2768094465136528,0.036359084537252784,
0,260816,matched,MATCHED_RicianLOS,Proposed_CA_CNN_RNND,7939,0.36920826882123947,0.3108634278178215,0.058344838209450245,
0,260816,matched,MATCHED_RicianLOS,Proposed_CA_CNN_RNND,7940,0.3671936057507992,0.31765739247202873,0.04953621281310916,
0,260816,matched,MATCHED_RicianLOS,Proposed_CA_CNN_RNND,7941,0.26847879961133003,0.23936478421092033,0.029114016448147595,
0,260816,matched,MATCHED_RicianLOS,Proposed_CA_CNN_RNND,7942,0.5257563367486,0.42413677275180817,0.10161957517266273,
0,260816,matched,MATCHED_RicianLOS,Proposed_CA_CNN_RNND,7943,0.3241194635629654,0.28135379031300545,0.042765677091665566,
0,260816,matched,MATCHED_RicianLOS,Proposed_CA_CNN_RNND,7944,0.39551082253456116,0.32455501332879066,0.0709558199159801,
0,260816,matched,MATCHED_RicianLOS,Proposed_CA_CNN_RNND,7945,0.36587056517601013,0.3081342875957489,0.057736282935366035,
0,260816,matched,MATCHED_RicianLOS,Proposed_CA_CNN_RNND,7946,0.337282981723547,0.28435174375772476,0.05293123237788677,
0,260816,matched,MATCHED_RicianLOS,Proposed_CA_CNN_RNND,7947,0.3519175872206688,0.3085351698100567,0.04338241182267666,
0,260816,matched,MATCHED_RicianLOS,Proposed_CA_CNN_RNND,7948,0.3039945475757122,0.269448172301054,0.03454637504182756,
0,260816,matched,MATCHED_RicianLOS,Proposed_CA_CNN_RNND,7949,0.35478777065873146,0.3044404797255993,0.05034728773171082,
0,260816,matched,MATCHED_RicianLOS,Proposed_CA_CNN_RNND,7950,0.23629464581608772,0.21025516837835312,0.026039480697363615,
0,260816,matched,MATCHED_RicianLOS,Proposed_CA_CNN_RNND,7951,0.3860180415213108,0.32939331978559494,0.05662471929099411,
0,260816,matched,MATCHED_RicianLOS,Proposed_CA_CNN_RNND,7952,0.37379217334091663,0.31311431154608727,0.06067786237690598,
0,260816,matched,MATCHED_RicianLOS,Proposed_CA_CNN_RNND,7953,0.32984358072280884,0.2872484065592289,0.04259517276659608,
0,260816,matched,MATCHED_RicianLOS,Proposed_CA_CNN_RNND,7954,0.31393641978502274,0.27347372472286224,0.04046269366517663,
0,260816,matched,MATCHED_RicianLOS,Proposed_CA_CNN_RNND,7955,0.4487554542720318,0.3706918843090534,0.07806357089430094,
0,260816,matched,MATCHED_RicianLOS,Proposed_CA_CNN_RNND,7956,0.32217902690172195,0.2805463746190071,0.04163264948874712,
0,260816,matched,MATCHED_RicianLOS,Proposed_CA_CNN_RNND,7957,0.36338379979133606,0.30774931237101555,0.055634498596191406,
0,260816,matched,MATCHED_RicianLOS,Proposed_CA_CNN_RNND,7958,0.40487292408943176,0.34481842815876007,0.06005449453368783,
0,260816,matched,MATCHED_RicianLOS,Proposed_CA_CNN_RNND,7959,0.26307740807533264,0.23066199198365211,0.03241542121395469,
0,260816,matched,MATCHED_RicianLOS,Proposed_CA_CNN_RNND,7960,0.4860662668943405,0.39956122636795044,0.0865050284191966,
0,260816,matched,MATCHED_RicianLOS,Proposed_CA_CNN_RNND,7961,0.48096422478556633,0.39582759886980057,0.08513662777841091,
0,260816,matched,MATCHED_RicianLOS,Proposed_CA_CNN_RNND,7962,0.28689319267868996,0.2503380589187145,0.0365551431896165,
0,260816,matched,MATCHED_RicianLOS,Proposed_CA_CNN_RNND,7963,0.2884003706276417,0.2560025528073311,0.032397816656157374,
0,260816,matched,MATCHED_RicianLOS,Proposed_CA_CNN_RNND,7964,0.24991589784622192,0.216005127876997,0.03391076368279755,
0,260816,matched,MATCHED_RicianLOS,Proposed_CA_CNN_RNND,7965,0.39906974136829376,0.3379517272114754,0.061118023470044136,
0,260816,matched,MATCHED_RicianLOS,Proposed_CA_CNN_RNND,7966,0.20086300000548363,0.18190038949251175,0.018962610221933573,
0,260816,matched,MATCHED_RicianLOS,Proposed_CA_CNN_RNND,7967,0.4002802073955536,0.34254899248480797,0.05773121048696339,
0,260816,matched,MATCHED_RicianLOS,Proposed_CA_CNN_RNND,7968,0.2981557697057724,0.2616312988102436,0.03652447322383523,
0,260816,matched,MATCHED_RicianLOS,Proposed_CA_CNN_RNND,7969,0.36785873025655746,0.3068157434463501,0.06104298494756222,
0,260816,matched,MATCHED_RicianLOS,Proposed_CA_CNN_RNND,7970,0.2579789571464062,0.22318464517593384,0.03479430917650461,
0,260816,matched,MATCHED_RicianLOS,Proposed_CA_CNN_RNND,7971,0.3927397206425667,0.32759983465075493,0.06513987644575536,
0,260816,matched,MATCHED_RicianLOS,Proposed_CA_CNN_RNND,7972,0.27436032332479954,0.23309219628572464,0.04126812383765355,
0,260816,matched,MATCHED_RicianLOS,Proposed_CA_CNN_RNND,7973,0.32224917225539684,0.2789553590118885,0.04329380963463336,
0,260816,matched,MATCHED_RicianLOS,Proposed_CA_CNN_RNND,7974,0.2775745075196028,0.24078152142465115,0.03679298819042742,
0,260816,matched,MATCHED_RicianLOS,Proposed_CA_CNN_RNND,7975,0.2320052832365036,0.20080280303955078,0.03120247949846089,
0,260816,matched,MATCHED_RicianLOS,Proposed_CA_CNN_RNND,7976,0.3985801786184311,0.33355623856186867,0.06502394611015916,
0,260816,matched,MATCHED_RicianLOS,Proposed_CA_CNN_RNND,7977,0.2473100945353508,0.2232175748795271,0.02409251977223903,
0,260816,matched,MATCHED_RicianLOS,Proposed_CA_CNN_RNND,7978,0.3928699791431427,0.3320642560720444,0.06080571282655001,
0,260816,matched,MATCHED_RicianLOS,Proposed_CA_CNN_RNND,7979,0.28124020993709564,0.24700532853603363,0.03423488652333617,
0,260816,matched,MATCHED_RicianLOS,Proposed_CA_CNN_RNND,7980,0.29901547357439995,0.26433179154992104,0.034683681558817625,
0,260816,matched,MATCHED_RicianLOS,Proposed_CA_CNN_RNND,7981,0.2497035413980484,0.22623414546251297,0.02346939453855157,
0,260816,matched,MATCHED_RicianLOS,Proposed_CA_CNN_RNND,7982,0.23370268568396568,0.21228758618235588,0.021415104856714606,
0,260816,matched,MATCHED_RicianLOS,Proposed_CA_CNN_RNND,7983,0.2932652123272419,0.2569129914045334,0.03635221370495856,
0,260816,matched,MATCHED_RicianLOS,Proposed_CA_CNN_RNND,7984,0.28285738825798035,0.24275612086057663,0.040101267863065004,
0,260816,matched,MATCHED_RicianLOS,Proposed_CA_CNN_RNND,7985,0.3082025572657585,0.2681717649102211,0.04003079351969063,
0,260816,matched,MATCHED_RicianLOS,Proposed_CA_CNN_RNND,7986,0.29809005931019783,0.2544800341129303,0.043610024731606245,
0,260816,matched,MATCHED_RicianLOS,Proposed_CA_CNN_RNND,7987,0.3485845476388931,0.30526621267199516,0.043318340089172125,
0,260816,matched,MATCHED_RicianLOS,Proposed_CA_CNN_RNND,7988,0.5001979842782021,0.40967636555433273,0.09052162058651447,
0,260816,matched,MATCHED_RicianLOS,Proposed_CA_CNN_RNND,7989,0.40408970788121223,0.34224071353673935,0.061848991783335805,
0,260816,matched,MATCHED_RicianLOS,Proposed_CA_CNN_RNND,7990,0.30270639806985855,0.26110825315117836,0.04159814631566405,
0,260816,matched,MATCHED_RicianLOS,Proposed_CA_CNN_RNND,7991,0.4379579797387123,0.3634369596838951,0.07452101306989789,
0,260816,matched,MATCHED_RicianLOS,Proposed_CA_CNN_RNND,7992,0.2894347310066223,0.25519678369164467,0.03423794754780829,
0,260816,matched,MATCHED_RicianLOS,Proposed_CA_CNN_RNND,7993,0.28000785037875175,0.251506045460701,0.02850180584937334,
0,260816,matched,MATCHED_RicianLOS,Proposed_CA_CNN_RNND,7994,0.2987363934516907,0.26223885267972946,0.03649754635989666,
0,260816,matched,MATCHED_RicianLOS,Proposed_CA_CNN_RNND,7995,0.24231654405593872,0.21413865499198437,0.02817789069376886,
0,260816,matched,MATCHED_RicianLOS,Proposed_CA_CNN_RNND,7996,0.2396896332502365,0.21351627260446548,0.02617335831746459,
0,260816,matched,MATCHED_RicianLOS,Proposed_CA_CNN_RNND,7997,0.3257943242788315,0.2761046960949898,0.04968962678685784,
0,260816,matched,MATCHED_RicianLOS,Proposed_CA_CNN_RNND,7998,0.29024624079465866,0.25368019565939903,0.03656603931449354,
0,260816,matched,MATCHED_RicianLOS,Proposed_CA_CNN_RNND,7999,0.2924354635179043,0.25499674677848816,0.03743871417827904,
0,260816,matched,MATCHED_RicianLOS,Proposed_CA_CNN_RNND,8000,0.38214559108018875,0.32422297447919846,0.05792262661270797,-1.2675631503854075
