{
  "family": "baselines",
  "experiment": "within_cv",
  "scenario": "C_within",
  "dataset": "C",
  "fold": 3,
  "n_splits": 5,
  "model_name": "efficientnet_b4",
  "seed": 44,
  "device": "cuda",
  "pretrained": true,
  "num_classes": 4,
  "label_order": [
    "cercospora_leaf_spot",
    "healthy",
    "nutrient_deficiency",
    "powdery_mildew"
  ],
  "n_train": 1192,
  "n_val": 133,
  "n_test": 332,
  "parameters": 17555788,
  "trainable_parameters": 17555788,
  "best_epoch": 19,
  "best_val_monitor": 0.854018850251727,
  "elapsed_seconds": 92.64235323799949,
  "peak_gpu_memory_mb": 3810.44189453125,
  "test_accuracy": 0.8403614457831325,
  "test_balanced_accuracy": 0.8509741373529154,
  "test_macro_precision": 0.8205044975494497,
  "test_macro_recall": 0.8509741373529154,
  "test_macro_f1": 0.834563772083272,
  "test_macro_specificity": 0.9377734257154909,
  "test_mcc": 0.7453960654440048,
  "test_auc_ovr_macro": NaN,
  "test_loss": 0.9224200519648466
}