{
  "family": "baselines",
  "experiment": "within_cv",
  "scenario": "C_within",
  "dataset": "C",
  "fold": 4,
  "n_splits": 5,
  "model_name": "mobilenet_v3_small",
  "seed": 45,
  "device": "cuda",
  "pretrained": true,
  "num_classes": 4,
  "label_order": [
    "cercospora_leaf_spot",
    "healthy",
    "nutrient_deficiency",
    "powdery_mildew"
  ],
  "n_train": 1193,
  "n_val": 133,
  "n_test": 331,
  "parameters": 1521956,
  "trainable_parameters": 1521956,
  "best_epoch": 16,
  "best_val_monitor": 0.8184529632346947,
  "elapsed_seconds": 45.89350094100155,
  "peak_gpu_memory_mb": 337.40478515625,
  "test_accuracy": 0.7945619335347432,
  "test_balanced_accuracy": 0.7854601919819311,
  "test_macro_precision": 0.7960668541825578,
  "test_macro_recall": 0.7854601919819311,
  "test_macro_f1": 0.7865000842700078,
  "test_macro_specificity": 0.9186187239230883,
  "test_mcc": 0.692691822825898,
  "test_auc_ovr_macro": NaN,
  "test_loss": 1.0089522031220524
}