{
  "family": "proposed",
  "experiment": "within_cv",
  "scenario": "B_within",
  "dataset": "B",
  "fold": 2,
  "n_splits": 5,
  "model_name": "chilli_lite_gfnet",
  "seed": 43,
  "device": "cuda",
  "pretrained": true,
  "num_classes": 6,
  "label_order": [
    "bacterial_spot",
    "cercospora_leaf_spot",
    "curl_virus",
    "healthy",
    "nutrient_deficiency",
    "powdery_mildew"
  ],
  "n_train": 5714,
  "n_val": 635,
  "n_test": 1587,
  "parameters": 1154760,
  "trainable_parameters": 1154760,
  "best_epoch": 5,
  "best_val_monitor": 0.9770474491616864,
  "elapsed_seconds": 408.4830195340037,
  "peak_gpu_memory_mb": 428.40673828125,
  "test_accuracy": 0.9710144927536232,
  "test_balanced_accuracy": 0.9721251989031708,
  "test_macro_precision": 0.9733183415315266,
  "test_macro_recall": 0.9721251989031708,
  "test_macro_f1": 0.9725515934499773,
  "test_macro_specificity": 0.9941168845671343,
  "test_mcc": 0.9649364752341345,
  "test_auc_ovr_macro": NaN,
  "test_loss": 0.5336100542545319
}