{
  "family": "baselines",
  "experiment": "within_cv",
  "scenario": "C_within",
  "dataset": "C",
  "fold": 5,
  "n_splits": 5,
  "model_name": "mobilenet_v2",
  "seed": 46,
  "device": "cuda",
  "pretrained": true,
  "num_classes": 4,
  "label_order": [
    "cercospora_leaf_spot",
    "healthy",
    "nutrient_deficiency",
    "powdery_mildew"
  ],
  "n_train": 1193,
  "n_val": 133,
  "n_test": 331,
  "parameters": 2228996,
  "trainable_parameters": 2228996,
  "best_epoch": 23,
  "best_val_monitor": 0.8535472171378211,
  "elapsed_seconds": 61.60499210999842,
  "peak_gpu_memory_mb": 1309.478515625,
  "test_accuracy": 0.8217522658610272,
  "test_balanced_accuracy": 0.7991268496927567,
  "test_macro_precision": 0.7984575881634706,
  "test_macro_recall": 0.7991268496927567,
  "test_macro_f1": 0.7926142053192342,
  "test_macro_specificity": 0.9250370649110086,
  "test_mcc": 0.7049708171532346,
  "test_auc_ovr_macro": NaN,
  "test_loss": 0.9517186758193102
}