{
  "family": "baselines",
  "experiment": "pooled_cv",
  "scenario": "A+B+C_pooled",
  "datasets": [
    "A",
    "B",
    "C"
  ],
  "fold": 2,
  "n_splits": 5,
  "model_name": "swin_t",
  "seed": 43,
  "device": "cuda",
  "pretrained": true,
  "num_classes": 6,
  "label_order": [
    "bacterial_spot",
    "cercospora_leaf_spot",
    "curl_virus",
    "healthy",
    "nutrient_deficiency",
    "powdery_mildew"
  ],
  "n_train": 8092,
  "n_val": 900,
  "n_test": 2248,
  "parameters": 27523968,
  "trainable_parameters": 27523968,
  "best_epoch": 15,
  "best_val_monitor": 0.9552080411698819,
  "elapsed_seconds": 1058.7598069099986,
  "peak_gpu_memory_mb": 2690.88330078125,
  "test_accuracy": 0.9559608540925267,
  "test_balanced_accuracy": 0.9602689844651398,
  "test_macro_precision": 0.9601140372593173,
  "test_macro_recall": 0.9602689844651398,
  "test_macro_f1": 0.9601878496639357,
  "test_macro_specificity": 0.9908194639133647,
  "test_mcc": 0.9460244815271407,
  "test_auc_ovr_macro": NaN,
  "test_loss": 0.5922701276943717
}