{
  "family": "baselines",
  "experiment": "within_cv",
  "scenario": "B_within",
  "dataset": "B",
  "fold": 2,
  "n_splits": 5,
  "model_name": "resnet50",
  "seed": 43,
  "device": "cuda",
  "pretrained": true,
  "num_classes": 6,
  "label_order": [
    "bacterial_spot",
    "cercospora_leaf_spot",
    "curl_virus",
    "healthy",
    "nutrient_deficiency",
    "powdery_mildew"
  ],
  "n_train": 5714,
  "n_val": 635,
  "n_test": 1587,
  "parameters": 23520326,
  "trainable_parameters": 23520326,
  "best_epoch": 4,
  "best_val_monitor": 0.9847897117727782,
  "elapsed_seconds": 420.52661902100226,
  "peak_gpu_memory_mb": 2006.04345703125,
  "test_accuracy": 0.9810964083175804,
  "test_balanced_accuracy": 0.9834821122884515,
  "test_macro_precision": 0.9822368041198208,
  "test_macro_recall": 0.9834821122884515,
  "test_macro_f1": 0.9828011312005657,
  "test_macro_specificity": 0.9961622566366976,
  "test_mcc": 0.9771164764566984,
  "test_auc_ovr_macro": NaN,
  "test_loss": 0.5133258712291717
}