{
  "family": "baselines",
  "experiment": "within_cv",
  "scenario": "B_within",
  "dataset": "B",
  "fold": 1,
  "n_splits": 5,
  "model_name": "densenet121",
  "seed": 42,
  "device": "cuda",
  "pretrained": true,
  "num_classes": 6,
  "label_order": [
    "bacterial_spot",
    "cercospora_leaf_spot",
    "curl_virus",
    "healthy",
    "nutrient_deficiency",
    "powdery_mildew"
  ],
  "n_train": 5713,
  "n_val": 635,
  "n_test": 1588,
  "parameters": 6960006,
  "trainable_parameters": 6960006,
  "best_epoch": 6,
  "best_val_monitor": 0.9942760601000787,
  "elapsed_seconds": 581.5787484690009,
  "peak_gpu_memory_mb": 2226.580078125,
  "test_accuracy": 0.9767002518891688,
  "test_balanced_accuracy": 0.9781924432820613,
  "test_macro_precision": 0.9798700062793406,
  "test_macro_recall": 0.9781924432820613,
  "test_macro_f1": 0.9788021304297718,
  "test_macro_specificity": 0.995185134002166,
  "test_mcc": 0.9718880036901782,
  "test_auc_ovr_macro": NaN,
  "test_loss": 0.5170961028337479
}