{
  "family": "baselines",
  "experiment": "within_cv",
  "scenario": "C_within",
  "dataset": "C",
  "fold": 1,
  "n_splits": 5,
  "model_name": "resnet50",
  "seed": 42,
  "device": "cuda",
  "pretrained": true,
  "num_classes": 4,
  "label_order": [
    "cercospora_leaf_spot",
    "healthy",
    "nutrient_deficiency",
    "powdery_mildew"
  ],
  "n_train": 1192,
  "n_val": 133,
  "n_test": 332,
  "parameters": 23516228,
  "trainable_parameters": 23516228,
  "best_epoch": 33,
  "best_val_monitor": 0.8812344656172328,
  "elapsed_seconds": 95.72585632000118,
  "peak_gpu_memory_mb": 1917.74853515625,
  "test_accuracy": 0.8795180722891566,
  "test_balanced_accuracy": 0.857509349289454,
  "test_macro_precision": 0.8769230769230769,
  "test_macro_recall": 0.857509349289454,
  "test_macro_f1": 0.8635283256925056,
  "test_macro_specificity": 0.9474507252606235,
  "test_mcc": 0.8007941018680071,
  "test_auc_ovr_macro": NaN,
  "test_loss": 0.882774602283131
}