{
  "family": "baselines",
  "experiment": "within_cv",
  "scenario": "C_within",
  "dataset": "C",
  "fold": 5,
  "n_splits": 5,
  "model_name": "resnet50",
  "seed": 46,
  "device": "cuda",
  "pretrained": true,
  "num_classes": 4,
  "label_order": [
    "cercospora_leaf_spot",
    "healthy",
    "nutrient_deficiency",
    "powdery_mildew"
  ],
  "n_train": 1193,
  "n_val": 133,
  "n_test": 331,
  "parameters": 23516228,
  "trainable_parameters": 23516228,
  "best_epoch": 24,
  "best_val_monitor": 0.8764775413711584,
  "elapsed_seconds": 70.17821824699786,
  "peak_gpu_memory_mb": 2014.25439453125,
  "test_accuracy": 0.8459214501510574,
  "test_balanced_accuracy": 0.8096763312654905,
  "test_macro_precision": 0.8109498132185805,
  "test_macro_recall": 0.8096763312654905,
  "test_macro_f1": 0.8075364124284987,
  "test_macro_specificity": 0.9337333269094336,
  "test_mcc": 0.7421366890375531,
  "test_auc_ovr_macro": NaN,
  "test_loss": 0.9296499788761139
}