{
  "family": "baselines",
  "experiment": "within_cv",
  "scenario": "B_within",
  "dataset": "B",
  "fold": 3,
  "n_splits": 5,
  "model_name": "efficientnet_b0",
  "seed": 44,
  "device": "cuda",
  "pretrained": true,
  "num_classes": 6,
  "label_order": [
    "bacterial_spot",
    "cercospora_leaf_spot",
    "curl_virus",
    "healthy",
    "nutrient_deficiency",
    "powdery_mildew"
  ],
  "n_train": 5714,
  "n_val": 635,
  "n_test": 1587,
  "parameters": 4015234,
  "trainable_parameters": 4015234,
  "best_epoch": 4,
  "best_val_monitor": 0.9862235340304416,
  "elapsed_seconds": 478.5193872019954,
  "peak_gpu_memory_mb": 1511.0126953125,
  "test_accuracy": 0.9855072463768116,
  "test_balanced_accuracy": 0.9861196132851022,
  "test_macro_precision": 0.9883134864597594,
  "test_macro_recall": 0.9861196132851022,
  "test_macro_f1": 0.98704635911669,
  "test_macro_specificity": 0.9969801928812138,
  "test_mcc": 0.9825403818377721,
  "test_auc_ovr_macro": NaN,
  "test_loss": 0.5054537850618362
}