{
  "family": "baselines",
  "experiment": "within_cv",
  "scenario": "C_within",
  "dataset": "C",
  "fold": 1,
  "n_splits": 5,
  "model_name": "efficientnet_b4",
  "seed": 42,
  "device": "cuda",
  "pretrained": true,
  "num_classes": 4,
  "label_order": [
    "cercospora_leaf_spot",
    "healthy",
    "nutrient_deficiency",
    "powdery_mildew"
  ],
  "n_train": 1192,
  "n_val": 133,
  "n_test": 332,
  "parameters": 17555788,
  "trainable_parameters": 17555788,
  "best_epoch": 16,
  "best_val_monitor": 0.8337471932657744,
  "elapsed_seconds": 137.82281930200406,
  "peak_gpu_memory_mb": 3896.17138671875,
  "test_accuracy": 0.7710843373493976,
  "test_balanced_accuracy": 0.7609152954375468,
  "test_macro_precision": 0.7465810008182889,
  "test_macro_recall": 0.7609152954375468,
  "test_macro_f1": 0.7534820297417087,
  "test_macro_specificity": 0.9056939266236212,
  "test_mcc": 0.6277119964580935,
  "test_auc_ovr_macro": NaN,
  "test_loss": 1.0357855571941896
}