{
  "family": "baselines",
  "experiment": "within_cv",
  "scenario": "B_within",
  "dataset": "B",
  "fold": 3,
  "n_splits": 5,
  "model_name": "efficientnet_b4",
  "seed": 44,
  "device": "cuda",
  "pretrained": true,
  "num_classes": 6,
  "label_order": [
    "bacterial_spot",
    "cercospora_leaf_spot",
    "curl_virus",
    "healthy",
    "nutrient_deficiency",
    "powdery_mildew"
  ],
  "n_train": 5714,
  "n_val": 635,
  "n_test": 1587,
  "parameters": 17559374,
  "trainable_parameters": 17559374,
  "best_epoch": 10,
  "best_val_monitor": 0.98900000736342,
  "elapsed_seconds": 724.1352613259951,
  "peak_gpu_memory_mb": 3874.31591796875,
  "test_accuracy": 0.9792060491493384,
  "test_balanced_accuracy": 0.980490705511018,
  "test_macro_precision": 0.9810331928168498,
  "test_macro_recall": 0.980490705511018,
  "test_macro_f1": 0.9806898577686057,
  "test_macro_specificity": 0.995737761746119,
  "test_mcc": 0.974857918184983,
  "test_auc_ovr_macro": NaN,
  "test_loss": 0.5043762820959091
}