class_index,class_name,support,precision,recall_sensitivity,specificity,f1,auc_ovr,tp,fp,fn,tn
0,bacterial_spot,147,0.9814814814814815,0.36054421768707484,0.9993333333333333,0.527363184079602,0.9244920634920635,53,1,94,1499
1,cercospora_leaf_spot,175,0.5038759689922481,0.7428571428571429,0.9130434782608695,0.6004618937644342,0.9056133540372671,130,128,45,1344
2,curl_virus,423,0.0,0.0,1.0,0.0,0.4803863625828583,0,0,423,1224
3,healthy,458,0.7645875251509054,0.8296943231441049,0.9015979814970564,0.7958115183246073,0.953818848909766,380,117,78,1072
4,nutrient_deficiency,444,0.45465393794749404,0.8581081081081081,0.6201163757273483,0.594383775351014,0.8002066904810048,381,457,63,746
