{
  "family": "baselines",
  "experiment": "within_cv",
  "scenario": "B_within",
  "dataset": "B",
  "fold": 3,
  "n_splits": 5,
  "model_name": "shufflenet_v2_x1_0",
  "seed": 44,
  "device": "cuda",
  "pretrained": true,
  "num_classes": 6,
  "label_order": [
    "bacterial_spot",
    "cercospora_leaf_spot",
    "curl_virus",
    "healthy",
    "nutrient_deficiency",
    "powdery_mildew"
  ],
  "n_train": 5714,
  "n_val": 635,
  "n_test": 1587,
  "parameters": 1259754,
  "trainable_parameters": 1259754,
  "best_epoch": 12,
  "best_val_monitor": 0.985727148016012,
  "elapsed_seconds": 785.8341687009997,
  "peak_gpu_memory_mb": 395.47314453125,
  "test_accuracy": 0.980466288594833,
  "test_balanced_accuracy": 0.9811991315804346,
  "test_macro_precision": 0.9819529542881801,
  "test_macro_recall": 0.9811991315804346,
  "test_macro_f1": 0.9815031764097902,
  "test_macro_specificity": 0.9959931321343092,
  "test_mcc": 0.97636593972118,
  "test_auc_ovr_macro": NaN,
  "test_loss": 0.5108460140228271
}