{
  "family": "baselines",
  "experiment": "within_cv",
  "scenario": "B_within",
  "dataset": "B",
  "fold": 1,
  "n_splits": 5,
  "model_name": "shufflenet_v2_x1_0",
  "seed": 42,
  "device": "cuda",
  "pretrained": true,
  "num_classes": 6,
  "label_order": [
    "bacterial_spot",
    "cercospora_leaf_spot",
    "curl_virus",
    "healthy",
    "nutrient_deficiency",
    "powdery_mildew"
  ],
  "n_train": 5713,
  "n_val": 635,
  "n_test": 1588,
  "parameters": 1259754,
  "trainable_parameters": 1259754,
  "best_epoch": 7,
  "best_val_monitor": 0.9917013099865111,
  "elapsed_seconds": 623.8237451919995,
  "peak_gpu_memory_mb": 393.63525390625,
  "test_accuracy": 0.9861460957178841,
  "test_balanced_accuracy": 0.9859641434086283,
  "test_macro_precision": 0.9877028033997516,
  "test_macro_recall": 0.9859641434086283,
  "test_macro_f1": 0.9867731406503305,
  "test_macro_specificity": 0.9971429685096611,
  "test_mcc": 0.983219488439781,
  "test_auc_ovr_macro": NaN,
  "test_loss": 0.494614754319191
}