{
  "family": "baselines",
  "experiment": "within_cv",
  "scenario": "B_within",
  "dataset": "B",
  "fold": 1,
  "n_splits": 5,
  "model_name": "efficientnet_b4",
  "seed": 42,
  "device": "cuda",
  "pretrained": true,
  "num_classes": 6,
  "label_order": [
    "bacterial_spot",
    "cercospora_leaf_spot",
    "curl_virus",
    "healthy",
    "nutrient_deficiency",
    "powdery_mildew"
  ],
  "n_train": 5713,
  "n_val": 635,
  "n_test": 1588,
  "parameters": 17559374,
  "trainable_parameters": 17559374,
  "best_epoch": 6,
  "best_val_monitor": 0.9888573156091867,
  "elapsed_seconds": 613.7560543349973,
  "peak_gpu_memory_mb": 3894.47265625,
  "test_accuracy": 0.9836272040302267,
  "test_balanced_accuracy": 0.9830600513146264,
  "test_macro_precision": 0.9855354841450635,
  "test_macro_recall": 0.9830600513146264,
  "test_macro_f1": 0.9842270853020029,
  "test_macro_specificity": 0.9966167789188569,
  "test_mcc": 0.9801687516062411,
  "test_auc_ovr_macro": NaN,
  "test_loss": 0.4956460601091385
}