{
  "family": "baselines",
  "experiment": "within_cv",
  "scenario": "B_within",
  "dataset": "B",
  "fold": 4,
  "n_splits": 5,
  "model_name": "efficientnet_b0",
  "seed": 45,
  "device": "cuda",
  "pretrained": true,
  "num_classes": 6,
  "label_order": [
    "bacterial_spot",
    "cercospora_leaf_spot",
    "curl_virus",
    "healthy",
    "nutrient_deficiency",
    "powdery_mildew"
  ],
  "n_train": 5714,
  "n_val": 635,
  "n_test": 1587,
  "parameters": 4015234,
  "trainable_parameters": 4015234,
  "best_epoch": 11,
  "best_val_monitor": 0.9899097927501835,
  "elapsed_seconds": 757.5802397619991,
  "peak_gpu_memory_mb": 1510.8486328125,
  "test_accuracy": 0.9817265280403277,
  "test_balanced_accuracy": 0.9842818931851941,
  "test_macro_precision": 0.9835894398979897,
  "test_macro_recall": 0.9842818931851941,
  "test_macro_f1": 0.9838086258032345,
  "test_macro_specificity": 0.9962437696618883,
  "test_mcc": 0.9778208939871029,
  "test_auc_ovr_macro": NaN,
  "test_loss": 0.5038089150190354
}