{
  "family": "proposed",
  "experiment": "within_cv",
  "scenario": "C_within",
  "dataset": "C",
  "fold": 5,
  "n_splits": 5,
  "model_name": "chilli_lite_gfnet",
  "seed": 46,
  "device": "cuda",
  "pretrained": true,
  "num_classes": 4,
  "label_order": [
    "cercospora_leaf_spot",
    "healthy",
    "nutrient_deficiency",
    "powdery_mildew"
  ],
  "n_train": 1193,
  "n_val": 133,
  "n_test": 331,
  "parameters": 1025875,
  "trainable_parameters": 1025875,
  "best_epoch": 12,
  "best_val_monitor": 0.7830803101250957,
  "elapsed_seconds": 33.30843381299928,
  "peak_gpu_memory_mb": 335.486328125,
  "test_accuracy": 0.8096676737160121,
  "test_balanced_accuracy": 0.8102809186501825,
  "test_macro_precision": 0.7894120668298136,
  "test_macro_recall": 0.8102809186501825,
  "test_macro_f1": 0.7934282959326788,
  "test_macro_specificity": 0.9238257338118053,
  "test_mcc": 0.69425406097978,
  "test_auc_ovr_macro": NaN,
  "test_loss": 0.9646894308653745
}