{
  "family": "baselines",
  "experiment": "within_cv",
  "scenario": "B_within",
  "dataset": "B",
  "fold": 5,
  "n_splits": 5,
  "model_name": "efficientnet_b0",
  "seed": 46,
  "device": "cuda",
  "pretrained": true,
  "num_classes": 6,
  "label_order": [
    "bacterial_spot",
    "cercospora_leaf_spot",
    "curl_virus",
    "healthy",
    "nutrient_deficiency",
    "powdery_mildew"
  ],
  "n_train": 5714,
  "n_val": 635,
  "n_test": 1587,
  "parameters": 4015234,
  "trainable_parameters": 4015234,
  "best_epoch": 7,
  "best_val_monitor": 0.9920318267578706,
  "elapsed_seconds": 599.6149149690027,
  "peak_gpu_memory_mb": 1510.8486328125,
  "test_accuracy": 0.9855072463768116,
  "test_balanced_accuracy": 0.9864056293091675,
  "test_macro_precision": 0.9869759858911141,
  "test_macro_recall": 0.9864056293091675,
  "test_macro_f1": 0.9866523044022785,
  "test_macro_specificity": 0.9970257398457099,
  "test_mcc": 0.9824825985361143,
  "test_auc_ovr_macro": NaN,
  "test_loss": 0.5000289124250412
}