{
  "family": "baselines",
  "experiment": "within_cv",
  "scenario": "C_within",
  "dataset": "C",
  "fold": 4,
  "n_splits": 5,
  "model_name": "shufflenet_v2_x1_0",
  "seed": 45,
  "device": "cuda",
  "pretrained": true,
  "num_classes": 4,
  "label_order": [
    "cercospora_leaf_spot",
    "healthy",
    "nutrient_deficiency",
    "powdery_mildew"
  ],
  "n_train": 1193,
  "n_val": 133,
  "n_test": 331,
  "parameters": 1257704,
  "trainable_parameters": 1257704,
  "best_epoch": 20,
  "best_val_monitor": 0.7836629001883239,
  "elapsed_seconds": 53.94266911700106,
  "peak_gpu_memory_mb": 399.052734375,
  "test_accuracy": 0.7824773413897281,
  "test_balanced_accuracy": 0.7825828157349897,
  "test_macro_precision": 0.7804088147461641,
  "test_macro_recall": 0.7825828157349897,
  "test_macro_f1": 0.7764674130983353,
  "test_macro_specificity": 0.9145043531852791,
  "test_mcc": 0.6766173215211687,
  "test_auc_ovr_macro": NaN,
  "test_loss": 1.003504295240749
}