{
  "family": "proposed",
  "experiment": "within_cv",
  "scenario": "B_within",
  "dataset": "B",
  "fold": 5,
  "n_splits": 5,
  "model_name": "chilli_lite_gfnet",
  "seed": 46,
  "device": "cuda",
  "pretrained": true,
  "num_classes": 6,
  "label_order": [
    "bacterial_spot",
    "cercospora_leaf_spot",
    "curl_virus",
    "healthy",
    "nutrient_deficiency",
    "powdery_mildew"
  ],
  "n_train": 5714,
  "n_val": 635,
  "n_test": 1587,
  "parameters": 1154760,
  "trainable_parameters": 1154760,
  "best_epoch": 11,
  "best_val_monitor": 0.987718709779569,
  "elapsed_seconds": 583.9242974469962,
  "peak_gpu_memory_mb": 427.46142578125,
  "test_accuracy": 0.9741650913673598,
  "test_balanced_accuracy": 0.9768758632421993,
  "test_macro_precision": 0.9764171794768709,
  "test_macro_recall": 0.9768758632421993,
  "test_macro_f1": 0.9764930430356786,
  "test_macro_specificity": 0.9947226088691941,
  "test_mcc": 0.9688200841098092,
  "test_auc_ovr_macro": NaN,
  "test_loss": 0.5246667820215225
}