{
  "family": "proposed",
  "experiment": "within_cv",
  "scenario": "B_within",
  "dataset": "B",
  "fold": 5,
  "n_splits": 5,
  "model_name": "chilli_lite_gfnet",
  "seed": 46,
  "device": "cuda",
  "pretrained": true,
  "num_classes": 6,
  "label_order": [
    "bacterial_spot",
    "cercospora_leaf_spot",
    "curl_virus",
    "healthy",
    "nutrient_deficiency",
    "powdery_mildew"
  ],
  "n_train": 5714,
  "n_val": 635,
  "n_test": 1587,
  "parameters": 1026197,
  "trainable_parameters": 1026197,
  "best_epoch": 12,
  "best_val_monitor": 0.9927049535656454,
  "elapsed_seconds": 602.9868914260005,
  "peak_gpu_memory_mb": 335.49365234375,
  "test_accuracy": 0.9861373660995589,
  "test_balanced_accuracy": 0.9870832137037521,
  "test_macro_precision": 0.9871058778246367,
  "test_macro_recall": 0.9870832137037521,
  "test_macro_f1": 0.9870532900858578,
  "test_macro_specificity": 0.9971773307954596,
  "test_mcc": 0.9832490174008078,
  "test_auc_ovr_macro": NaN,
  "test_loss": 0.4954874688386917
}