epoch,learning_rate,train_accuracy,train_balanced_accuracy,train_macro_precision,train_macro_recall,train_macro_f1,train_macro_specificity,train_mcc,train_auc_ovr_macro,train_loss,val_accuracy,val_balanced_accuracy,val_macro_precision,val_macro_recall,val_macro_f1,val_macro_specificity,val_mcc,val_auc_ovr_macro,val_loss
1,9.999999999999999e-05,0.8313659359190556,0.8414838394891426,0.7916429101697291,0.8414838394891426,0.7968647708684852,0.961111923652495,0.7904414191201588,,0.8659649585422716,1.0,1.0,1.0,1.0,1.0,1.0,1.0,,0.6417357802391053
2,0.00019999999999999998,0.9814502529510961,0.9766291973202742,0.9657480322217922,0.9766291973202742,0.9709459736758141,0.9957225120345484,0.9757030826208438,,0.6076136356905887,1.0,1.0,1.0,1.0,1.0,1.0,1.0,,0.6095282316207886
3,0.0003,0.9881956155143339,0.9810296046688798,0.9794976803977793,0.9810296046688798,0.9801872415167189,0.997204918684275,0.984491142327239,,0.5494105439437064,1.0,1.0,1.0,1.0,1.0,1.0,1.0,1.0,0.5930775582790375
4,0.0003,0.9940978077571669,0.9916454684553854,0.9929184337213952,0.9916454684553854,0.9922756873190574,0.9984708179993463,0.9922376534697304,,0.5719813594692632,1.0,1.0,1.0,1.0,1.0,1.0,1.0,,0.5868696630001068
5,0.0002994311073647159,0.9966273187183811,0.9947925373790651,0.9943463623981703,0.9947925373790651,0.9945160207345749,0.9992066941969137,0.9955722750065942,,0.5264860932764254,1.0,1.0,1.0,1.0,1.0,1.0,1.0,,0.5822134137153625
6,0.0002977287590753251,0.9974704890387859,0.9968128332375936,0.9959966725590101,0.9968128332375936,0.9963848996622531,0.9993936100847641,0.9966765350878704,,0.5472802982518548,1.0,1.0,1.0,1.0,1.0,1.0,1.0,,0.5812060058116912
7,0.00029490591103021566,0.9966273187183811,0.9950686701841327,0.9924506193505189,0.9950686701841327,0.9937389088261298,0.9992600887204445,0.9955697824738615,,0.5208660230824822,1.0,1.0,1.0,1.0,1.0,1.0,1.0,,0.5839430183172226
8,0.00029098404680749326,0.9974704890387859,0.9945715261181292,0.9956690507503083,0.9945715261181292,0.995116120669166,0.9993961941753795,0.9966733792562432,,0.523662866730439,1.0,1.0,1.0,1.0,1.0,1.0,1.0,,0.5789039194583893
9,0.00028599301416197916,0.9974704890387859,0.9959382272054157,0.9943773744195863,0.9959382272054157,0.9951345934268134,0.9994444205176795,0.9966766472381632,,0.5080601831800059,1.0,1.0,1.0,1.0,1.0,1.0,1.0,1.0,0.5815845131874084
