{
  "family": "baselines",
  "experiment": "within_cv",
  "scenario": "C_within",
  "dataset": "C",
  "fold": 4,
  "n_splits": 5,
  "model_name": "resnet50",
  "seed": 45,
  "device": "cuda",
  "pretrained": true,
  "num_classes": 4,
  "label_order": [
    "cercospora_leaf_spot",
    "healthy",
    "nutrient_deficiency",
    "powdery_mildew"
  ],
  "n_train": 1193,
  "n_val": 133,
  "n_test": 331,
  "parameters": 23516228,
  "trainable_parameters": 23516228,
  "best_epoch": 19,
  "best_val_monitor": 0.8935897435897435,
  "elapsed_seconds": 59.3745007059988,
  "peak_gpu_memory_mb": 2014.25439453125,
  "test_accuracy": 0.8368580060422961,
  "test_balanced_accuracy": 0.8287925842273668,
  "test_macro_precision": 0.8445616883116883,
  "test_macro_recall": 0.8287925842273668,
  "test_macro_f1": 0.8350851217954376,
  "test_macro_specificity": 0.9354153338187893,
  "test_mcc": 0.7563437009184646,
  "test_auc_ovr_macro": NaN,
  "test_loss": 0.9382835626602173
}