{
  "family": "baselines",
  "experiment": "within_cv",
  "scenario": "C_within",
  "dataset": "C",
  "fold": 2,
  "n_splits": 5,
  "model_name": "shufflenet_v2_x1_0",
  "seed": 43,
  "device": "cuda",
  "pretrained": true,
  "num_classes": 4,
  "label_order": [
    "cercospora_leaf_spot",
    "healthy",
    "nutrient_deficiency",
    "powdery_mildew"
  ],
  "n_train": 1193,
  "n_val": 133,
  "n_test": 331,
  "parameters": 1257704,
  "trainable_parameters": 1257704,
  "best_epoch": 7,
  "best_val_monitor": 0.8155648250278494,
  "elapsed_seconds": 43.25749216300028,
  "peak_gpu_memory_mb": 398.427734375,
  "test_accuracy": 0.8126888217522659,
  "test_balanced_accuracy": 0.8430003916271521,
  "test_macro_precision": 0.7895908582731339,
  "test_macro_recall": 0.8430003916271521,
  "test_macro_f1": 0.8125935287870009,
  "test_macro_specificity": 0.9321080200139521,
  "test_mcc": 0.7214478340542594,
  "test_auc_ovr_macro": NaN,
  "test_loss": 0.9373502893881365
}