{
  "family": "baselines",
  "experiment": "within_cv",
  "scenario": "B_within",
  "dataset": "B",
  "fold": 3,
  "n_splits": 5,
  "model_name": "swin_t",
  "seed": 44,
  "device": "cuda",
  "pretrained": true,
  "num_classes": 6,
  "label_order": [
    "bacterial_spot",
    "cercospora_leaf_spot",
    "curl_virus",
    "healthy",
    "nutrient_deficiency",
    "powdery_mildew"
  ],
  "n_train": 5714,
  "n_val": 635,
  "n_test": 1587,
  "parameters": 27523968,
  "trainable_parameters": 27523968,
  "best_epoch": 34,
  "best_val_monitor": 0.991176205823197,
  "elapsed_seconds": 1346.9604878320024,
  "peak_gpu_memory_mb": 2800.302734375,
  "test_accuracy": 0.9810964083175804,
  "test_balanced_accuracy": 0.9820588580125088,
  "test_macro_precision": 0.9813262280671622,
  "test_macro_recall": 0.9820588580125088,
  "test_macro_f1": 0.9816336901914262,
  "test_macro_specificity": 0.9961774498166333,
  "test_mcc": 0.9771369925982981,
  "test_auc_ovr_macro": NaN,
  "test_loss": 0.5137666219472885
}