{
  "family": "baselines",
  "experiment": "within_cv",
  "scenario": "C_within",
  "dataset": "C",
  "fold": 3,
  "n_splits": 5,
  "model_name": "efficientnet_b0",
  "seed": 44,
  "device": "cuda",
  "pretrained": true,
  "num_classes": 4,
  "label_order": [
    "cercospora_leaf_spot",
    "healthy",
    "nutrient_deficiency",
    "powdery_mildew"
  ],
  "n_train": 1192,
  "n_val": 133,
  "n_test": 332,
  "parameters": 4012672,
  "trainable_parameters": 4012672,
  "best_epoch": 15,
  "best_val_monitor": 0.9073754591959351,
  "elapsed_seconds": 47.58234529400215,
  "peak_gpu_memory_mb": 1493.498046875,
  "test_accuracy": 0.8343373493975904,
  "test_balanced_accuracy": 0.8212789075114393,
  "test_macro_precision": 0.8147862155312068,
  "test_macro_recall": 0.8212789075114393,
  "test_macro_f1": 0.8138171097882174,
  "test_macro_specificity": 0.9323586650861141,
  "test_mcc": 0.7324190102116398,
  "test_auc_ovr_macro": NaN,
  "test_loss": 0.9570102095603943
}