{
  "family": "proposed",
  "experiment": "within_cv",
  "scenario": "C_within",
  "dataset": "C",
  "fold": 2,
  "n_splits": 5,
  "model_name": "chilli_lite_gfnet",
  "seed": 43,
  "device": "cuda",
  "pretrained": true,
  "num_classes": 4,
  "label_order": [
    "cercospora_leaf_spot",
    "healthy",
    "nutrient_deficiency",
    "powdery_mildew"
  ],
  "n_train": 1193,
  "n_val": 133,
  "n_test": 331,
  "parameters": 1154598,
  "trainable_parameters": 1154598,
  "best_epoch": 11,
  "best_val_monitor": 0.840198613250168,
  "elapsed_seconds": 31.584859182999935,
  "peak_gpu_memory_mb": 429.5283203125,
  "test_accuracy": 0.8126888217522659,
  "test_balanced_accuracy": 0.7903777560467702,
  "test_macro_precision": 0.8116594320428541,
  "test_macro_recall": 0.7903777560467702,
  "test_macro_f1": 0.7999335813673043,
  "test_macro_specificity": 0.9228746509678529,
  "test_mcc": 0.7050977830510045,
  "test_auc_ovr_macro": NaN,
  "test_loss": 0.9548286958174272
}