{
  "family": "baselines",
  "experiment": "within_cv",
  "scenario": "A_within",
  "dataset": "A",
  "fold": 4,
  "n_splits": 5,
  "model_name": "resnet50",
  "seed": 45,
  "device": "cuda",
  "pretrained": true,
  "num_classes": 5,
  "label_order": [
    "bacterial_spot",
    "cercospora_leaf_spot",
    "curl_virus",
    "healthy",
    "nutrient_deficiency"
  ],
  "n_train": 1186,
  "n_val": 132,
  "n_test": 329,
  "parameters": 23518277,
  "trainable_parameters": 23518277,
  "best_epoch": 4,
  "best_val_monitor": 0.9938704434641281,
  "elapsed_seconds": 60.431409210999846,
  "peak_gpu_memory_mb": 1911.71728515625,
  "test_accuracy": 0.993920972644377,
  "test_balanced_accuracy": 0.987037037037037,
  "test_macro_precision": 0.9904873294346977,
  "test_macro_recall": 0.987037037037037,
  "test_macro_f1": 0.9887174901259408,
  "test_macro_specificity": 0.9984866845145837,
  "test_mcc": 0.992006679648847,
  "test_auc_ovr_macro": NaN,
  "test_loss": 0.5782429386268962
}