{
  "family": "proposed",
  "experiment": "pairwise",
  "scenario": "C->A",
  "source_datasets": [
    "C"
  ],
  "target_dataset": "A",
  "exact_target_overlap_removed": 0,
  "model_name": "chilli_lite_gfnet",
  "seed": 42,
  "device": "cuda",
  "pretrained": true,
  "num_classes": 3,
  "label_order": [
    "cercospora_leaf_spot",
    "healthy",
    "nutrient_deficiency"
  ],
  "n_train": 1345,
  "n_val": 150,
  "n_test": 1077,
  "parameters": 1154517,
  "trainable_parameters": 1154517,
  "best_epoch": 12,
  "best_val_monitor": 0.6897561209716767,
  "elapsed_seconds": 98.15991750399917,
  "peak_gpu_memory_mb": 428.45751953125,
  "test_accuracy": 0.6007428040854225,
  "test_balanced_accuracy": 0.6239384674755853,
  "test_macro_precision": 0.6333784346539025,
  "test_macro_recall": 0.6239384674755853,
  "test_macro_f1": 0.5700856373312565,
  "test_macro_specificity": 0.8069222956823614,
  "test_mcc": 0.4302726387824765,
  "test_auc_ovr_macro": NaN,
  "test_loss": 1.006607006139615
}