{
  "family": "baselines",
  "experiment": "within_cv",
  "scenario": "C_within",
  "dataset": "C",
  "fold": 5,
  "n_splits": 5,
  "model_name": "mobilenet_v3_small",
  "seed": 46,
  "device": "cuda",
  "pretrained": true,
  "num_classes": 4,
  "label_order": [
    "cercospora_leaf_spot",
    "healthy",
    "nutrient_deficiency",
    "powdery_mildew"
  ],
  "n_train": 1193,
  "n_val": 133,
  "n_test": 331,
  "parameters": 1521956,
  "trainable_parameters": 1521956,
  "best_epoch": 20,
  "best_val_monitor": 0.7924853362792288,
  "elapsed_seconds": 52.17519421900215,
  "peak_gpu_memory_mb": 337.40478515625,
  "test_accuracy": 0.824773413897281,
  "test_balanced_accuracy": 0.8097227110739584,
  "test_macro_precision": 0.8132229042546789,
  "test_macro_recall": 0.8097227110739584,
  "test_macro_f1": 0.8032541899513362,
  "test_macro_specificity": 0.923465659221718,
  "test_mcc": 0.7090886092980792,
  "test_auc_ovr_macro": NaN,
  "test_loss": 0.930881987918507
}