{
  "family": "baselines",
  "experiment": "within_cv",
  "scenario": "B_within",
  "dataset": "B",
  "fold": 2,
  "n_splits": 5,
  "model_name": "efficientnet_b0",
  "seed": 43,
  "device": "cuda",
  "pretrained": true,
  "num_classes": 6,
  "label_order": [
    "bacterial_spot",
    "cercospora_leaf_spot",
    "curl_virus",
    "healthy",
    "nutrient_deficiency",
    "powdery_mildew"
  ],
  "n_train": 5714,
  "n_val": 635,
  "n_test": 1587,
  "parameters": 4015234,
  "trainable_parameters": 4015234,
  "best_epoch": 12,
  "best_val_monitor": 0.9844969358894557,
  "elapsed_seconds": 867.2804374320003,
  "peak_gpu_memory_mb": 1496.5556640625,
  "test_accuracy": 0.9829867674858223,
  "test_balanced_accuracy": 0.9842765414276803,
  "test_macro_precision": 0.9847892715633106,
  "test_macro_recall": 0.9842765414276803,
  "test_macro_f1": 0.9845124489488907,
  "test_macro_specificity": 0.9965015506055348,
  "test_mcc": 0.9793756675194513,
  "test_auc_ovr_macro": NaN,
  "test_loss": 0.4947741723060608
}