class_index,class_name,support,precision,recall_sensitivity,specificity,f1,auc_ovr,tp,fp,fn,tn
0,bacterial_spot,231,1.0,0.9783549783549783,1.0,0.9890590809628009,0.9997671206219474,226,0,5,1357
1,cercospora_leaf_spot,333,0.9909638554216867,0.987987987987988,0.9976095617529881,0.9894736842105263,0.9998540373042364,329,3,4,1252
2,curl_virus,328,0.961764705882353,0.9969512195121951,0.9896825396825397,0.9790419161676647,0.9997120596205962,327,13,1,1247
3,healthy,307,0.9901960784313726,0.9869706840390879,0.9976580796252927,0.9885807504078303,0.9992371594870662,303,3,4,1278
4,nutrient_deficiency,201,1.0,0.9751243781094527,1.0,0.9874055415617129,0.9973833069691198,196,0,5,1387
5,powdery_mildew,188,1.0,1.0,1.0,1.0,1.0,188,0,0,1400
