{
  "family": "baselines",
  "experiment": "within_cv",
  "scenario": "A_within",
  "dataset": "A",
  "fold": 2,
  "n_splits": 5,
  "model_name": "swin_t",
  "seed": 43,
  "device": "cuda",
  "pretrained": true,
  "num_classes": 5,
  "label_order": [
    "bacterial_spot",
    "cercospora_leaf_spot",
    "curl_virus",
    "healthy",
    "nutrient_deficiency"
  ],
  "n_train": 1185,
  "n_val": 132,
  "n_test": 330,
  "parameters": 27523199,
  "trainable_parameters": 27523199,
  "best_epoch": 1,
  "best_val_monitor": 0.9890497312633618,
  "elapsed_seconds": 46.8897781630003,
  "peak_gpu_memory_mb": 2692.6162109375,
  "test_accuracy": 0.9818181818181818,
  "test_balanced_accuracy": 0.9701748381392431,
  "test_macro_precision": 0.9805169124243459,
  "test_macro_recall": 0.9701748381392431,
  "test_macro_f1": 0.9744085103284315,
  "test_macro_specificity": 0.9953105593840534,
  "test_mcc": 0.9762337382235333,
  "test_auc_ovr_macro": NaN,
  "test_loss": 0.6216237003153021
}