{
  "family": "baselines",
  "experiment": "within_cv",
  "scenario": "B_within",
  "dataset": "B",
  "fold": 2,
  "n_splits": 5,
  "model_name": "mobilenet_v3_small",
  "seed": 43,
  "device": "cuda",
  "pretrained": true,
  "num_classes": 6,
  "label_order": [
    "bacterial_spot",
    "cercospora_leaf_spot",
    "curl_virus",
    "healthy",
    "nutrient_deficiency",
    "powdery_mildew"
  ],
  "n_train": 5714,
  "n_val": 635,
  "n_test": 1587,
  "parameters": 1524006,
  "trainable_parameters": 1524006,
  "best_epoch": 22,
  "best_val_monitor": 0.9841625550896981,
  "elapsed_seconds": 1228.7501144829985,
  "peak_gpu_memory_mb": 319.68310546875,
  "test_accuracy": 0.9848771266540642,
  "test_balanced_accuracy": 0.9863503058179172,
  "test_macro_precision": 0.9860404957333962,
  "test_macro_recall": 0.9863503058179172,
  "test_macro_f1": 0.9861766473694252,
  "test_macro_specificity": 0.9969173631816445,
  "test_mcc": 0.9816731350730787,
  "test_auc_ovr_macro": NaN,
  "test_loss": 0.49382098138332364
}