{
  "family": "baselines",
  "experiment": "within_cv",
  "scenario": "C_within",
  "dataset": "C",
  "fold": 1,
  "n_splits": 5,
  "model_name": "densenet121",
  "seed": 42,
  "device": "cuda",
  "pretrained": true,
  "num_classes": 4,
  "label_order": [
    "cercospora_leaf_spot",
    "healthy",
    "nutrient_deficiency",
    "powdery_mildew"
  ],
  "n_train": 1192,
  "n_val": 133,
  "n_test": 332,
  "parameters": 6957956,
  "trainable_parameters": 6957956,
  "best_epoch": 21,
  "best_val_monitor": 0.8642990995932173,
  "elapsed_seconds": 90.78849112400349,
  "peak_gpu_memory_mb": 2224.888671875,
  "test_accuracy": 0.8433734939759037,
  "test_balanced_accuracy": 0.8207273747195214,
  "test_macro_precision": 0.8392174659834181,
  "test_macro_recall": 0.8207273747195214,
  "test_macro_f1": 0.8251773936341141,
  "test_macro_specificity": 0.9331059204440333,
  "test_mcc": 0.7419918357319634,
  "test_auc_ovr_macro": NaN,
  "test_loss": 0.938094596971165
}