{
  "family": "baselines",
  "experiment": "within_cv",
  "scenario": "B_within",
  "dataset": "B",
  "fold": 4,
  "n_splits": 5,
  "model_name": "mobilenet_v3_small",
  "seed": 45,
  "device": "cuda",
  "pretrained": true,
  "num_classes": 6,
  "label_order": [
    "bacterial_spot",
    "cercospora_leaf_spot",
    "curl_virus",
    "healthy",
    "nutrient_deficiency",
    "powdery_mildew"
  ],
  "n_train": 5714,
  "n_val": 635,
  "n_test": 1587,
  "parameters": 1524006,
  "trainable_parameters": 1524006,
  "best_epoch": 14,
  "best_val_monitor": 0.9881755053635478,
  "elapsed_seconds": 854.384309598001,
  "peak_gpu_memory_mb": 324.27587890625,
  "test_accuracy": 0.9873976055450535,
  "test_balanced_accuracy": 0.9886604867076866,
  "test_macro_precision": 0.9889171638106292,
  "test_macro_recall": 0.9886604867076866,
  "test_macro_f1": 0.9887455592508342,
  "test_macro_specificity": 0.9974019435702814,
  "test_mcc": 0.9846779977067502,
  "test_auc_ovr_macro": NaN,
  "test_loss": 0.4919851404428482
}