{
  "family": "baselines",
  "experiment": "within_cv",
  "scenario": "C_within",
  "dataset": "C",
  "fold": 4,
  "n_splits": 5,
  "model_name": "swin_t",
  "seed": 45,
  "device": "cuda",
  "pretrained": true,
  "num_classes": 4,
  "label_order": [
    "cercospora_leaf_spot",
    "healthy",
    "nutrient_deficiency",
    "powdery_mildew"
  ],
  "n_train": 1193,
  "n_val": 133,
  "n_test": 331,
  "parameters": 27522430,
  "trainable_parameters": 27522430,
  "best_epoch": 20,
  "best_val_monitor": 0.8789149355187091,
  "elapsed_seconds": 91.23874330399849,
  "peak_gpu_memory_mb": 2698.74365234375,
  "test_accuracy": 0.8549848942598187,
  "test_balanced_accuracy": 0.8515198569546395,
  "test_macro_precision": 0.8510094417613019,
  "test_macro_recall": 0.8515198569546395,
  "test_macro_f1": 0.8506407039015734,
  "test_macro_specificity": 0.943761523472219,
  "test_mcc": 0.7843174926730021,
  "test_auc_ovr_macro": NaN,
  "test_loss": 0.9299700991673903
}