class_index,class_name,support,precision,recall_sensitivity,specificity,f1,auc_ovr,tp,fp,fn,tn
0,bacterial_spot,231,0.9867256637168141,0.9653679653679653,0.997789240972734,0.975929978118162,0.9970315854619466,223,3,8,1354
1,cercospora_leaf_spot,333,0.9848484848484849,0.975975975975976,0.9960159362549801,0.9803921568627451,0.9954859241711831,325,5,8,1250
2,curl_virus,328,0.9606060606060606,0.9664634146341463,0.9896825396825397,0.9635258358662614,0.9969379113433992,317,13,11,1247
3,healthy,307,0.9622641509433962,0.996742671009772,0.990632318501171,0.9792,0.9997508054324415,306,12,1,1269
4,nutrient_deficiency,201,0.9948979591836735,0.9701492537313433,0.9992790194664743,0.982367758186398,0.9995874986997242,195,1,6,1386
5,powdery_mildew,188,1.0,1.0,1.0,1.0,1.0,188,0,0,1400
