{
  "family": "baselines",
  "experiment": "within_cv",
  "scenario": "B_within",
  "dataset": "B",
  "fold": 4,
  "n_splits": 5,
  "model_name": "efficientnet_b4",
  "seed": 45,
  "device": "cuda",
  "pretrained": true,
  "num_classes": 6,
  "label_order": [
    "bacterial_spot",
    "cercospora_leaf_spot",
    "curl_virus",
    "healthy",
    "nutrient_deficiency",
    "powdery_mildew"
  ],
  "n_train": 5714,
  "n_val": 635,
  "n_test": 1587,
  "parameters": 17559374,
  "trainable_parameters": 17559374,
  "best_epoch": 6,
  "best_val_monitor": 0.9899923705024127,
  "elapsed_seconds": 564.1231670179986,
  "peak_gpu_memory_mb": 3804.89501953125,
  "test_accuracy": 0.982356647763075,
  "test_balanced_accuracy": 0.9841400900413874,
  "test_macro_precision": 0.9840151298388417,
  "test_macro_recall": 0.9841400900413874,
  "test_macro_f1": 0.9840193235380124,
  "test_macro_specificity": 0.9963733719269617,
  "test_mcc": 0.9785400732953575,
  "test_auc_ovr_macro": NaN,
  "test_loss": 0.49374751150608065
}