{
  "family": "proposed",
  "experiment": "within_cv",
  "scenario": "B_within",
  "dataset": "B",
  "fold": 4,
  "n_splits": 5,
  "model_name": "chilli_lite_gfnet",
  "seed": 45,
  "device": "cuda",
  "pretrained": true,
  "num_classes": 6,
  "label_order": [
    "bacterial_spot",
    "cercospora_leaf_spot",
    "curl_virus",
    "healthy",
    "nutrient_deficiency",
    "powdery_mildew"
  ],
  "n_train": 5714,
  "n_val": 635,
  "n_test": 1587,
  "parameters": 1026197,
  "trainable_parameters": 1026197,
  "best_epoch": 14,
  "best_val_monitor": 0.9859325867362144,
  "elapsed_seconds": 662.8335230319972,
  "peak_gpu_memory_mb": 335.49365234375,
  "test_accuracy": 0.9810964083175804,
  "test_balanced_accuracy": 0.9842588955527432,
  "test_macro_precision": 0.9830799507882815,
  "test_macro_recall": 0.9842588955527432,
  "test_macro_f1": 0.9834747672673615,
  "test_macro_specificity": 0.9961255910685104,
  "test_mcc": 0.9771082039623192,
  "test_auc_ovr_macro": NaN,
  "test_loss": 0.5095506393909455
}