{
  "family": "proposed",
  "experiment": "within_cv",
  "scenario": "B_within",
  "dataset": "B",
  "fold": 4,
  "n_splits": 5,
  "model_name": "chilli_lite_gfnet",
  "seed": 45,
  "device": "cuda",
  "pretrained": true,
  "num_classes": 6,
  "label_order": [
    "bacterial_spot",
    "cercospora_leaf_spot",
    "curl_virus",
    "healthy",
    "nutrient_deficiency",
    "powdery_mildew"
  ],
  "n_train": 5714,
  "n_val": 635,
  "n_test": 1587,
  "parameters": 1154760,
  "trainable_parameters": 1154760,
  "best_epoch": 30,
  "best_val_monitor": 0.9887017819044818,
  "elapsed_seconds": 1157.1361293969967,
  "peak_gpu_memory_mb": 427.46142578125,
  "test_accuracy": 0.982356647763075,
  "test_balanced_accuracy": 0.9847902019630849,
  "test_macro_precision": 0.984099763509664,
  "test_macro_recall": 0.9847902019630849,
  "test_macro_f1": 0.9843371862673201,
  "test_macro_specificity": 0.9963815689579579,
  "test_mcc": 0.9785828670396414,
  "test_auc_ovr_macro": NaN,
  "test_loss": 0.5060255253314971
}