class_index,class_name,support,precision,recall_sensitivity,specificity,f1,auc_ovr,tp,fp,fn,tn
0,bacterial_spot,254,0.996,0.9803149606299213,0.9992498124531133,0.9880952380952381,0.9939970228777668,249,1,5,1332
1,cercospora_leaf_spot,351,0.9970059880239521,0.9487179487179487,0.9991909385113269,0.9722627737226277,0.9986746143704073,333,1,18,1235
2,curl_virus,322,0.9694189602446484,0.984472049689441,0.9920948616600791,0.9768875192604006,0.9966255861340929,317,10,5,1255
3,healthy,305,0.9589905362776026,0.9967213114754099,0.9898595943837754,0.977491961414791,0.9979923787115419,304,13,1,1269
4,nutrient_deficiency,214,0.9770642201834863,0.9953271028037384,0.9963583394027676,0.9861111111111112,0.9999081076297894,213,5,1,1368
5,powdery_mildew,141,1.0,1.0,1.0,1.0,1.0,141,0,0,1446
