{
  "family": "baselines",
  "experiment": "within_cv",
  "scenario": "C_within",
  "dataset": "C",
  "fold": 3,
  "n_splits": 5,
  "model_name": "shufflenet_v2_x1_0",
  "seed": 44,
  "device": "cuda",
  "pretrained": true,
  "num_classes": 4,
  "label_order": [
    "cercospora_leaf_spot",
    "healthy",
    "nutrient_deficiency",
    "powdery_mildew"
  ],
  "n_train": 1192,
  "n_val": 133,
  "n_test": 332,
  "parameters": 1257704,
  "trainable_parameters": 1257704,
  "best_epoch": 27,
  "best_val_monitor": 0.8255282127765349,
  "elapsed_seconds": 66.74138915599906,
  "peak_gpu_memory_mb": 399.615234375,
  "test_accuracy": 0.8012048192771084,
  "test_balanced_accuracy": 0.80408206560709,
  "test_macro_precision": 0.8123313716552438,
  "test_macro_recall": 0.80408206560709,
  "test_macro_f1": 0.8063181550250516,
  "test_macro_specificity": 0.9173057838314553,
  "test_mcc": 0.6795279182033982,
  "test_auc_ovr_macro": NaN,
  "test_loss": 1.0176883014765652
}