{
  "family": "proposed",
  "experiment": "within_cv",
  "scenario": "C_within",
  "dataset": "C",
  "fold": 4,
  "n_splits": 5,
  "model_name": "chilli_lite_gfnet",
  "seed": 45,
  "device": "cuda",
  "pretrained": true,
  "num_classes": 4,
  "label_order": [
    "cercospora_leaf_spot",
    "healthy",
    "nutrient_deficiency",
    "powdery_mildew"
  ],
  "n_train": 1193,
  "n_val": 133,
  "n_test": 331,
  "parameters": 1154598,
  "trainable_parameters": 1154598,
  "best_epoch": 7,
  "best_val_monitor": 0.8076618578465868,
  "elapsed_seconds": 25.28949367001769,
  "peak_gpu_memory_mb": 427.458984375,
  "test_accuracy": 0.7401812688821753,
  "test_balanced_accuracy": 0.7335309617918314,
  "test_macro_precision": 0.7341243837815568,
  "test_macro_recall": 0.7335309617918314,
  "test_macro_f1": 0.7303204458376873,
  "test_macro_specificity": 0.9026630106161535,
  "test_mcc": 0.6166974245992733,
  "test_auc_ovr_macro": NaN,
  "test_loss": 1.0499960780143738
}