{
  "family": "proposed",
  "experiment": "within_cv",
  "scenario": "C_within",
  "dataset": "C",
  "fold": 4,
  "n_splits": 5,
  "model_name": "chilli_lite_gfnet",
  "seed": 45,
  "device": "cuda",
  "pretrained": true,
  "num_classes": 4,
  "label_order": [
    "cercospora_leaf_spot",
    "healthy",
    "nutrient_deficiency",
    "powdery_mildew"
  ],
  "n_train": 1193,
  "n_val": 133,
  "n_test": 331,
  "parameters": 1025875,
  "trainable_parameters": 1025875,
  "best_epoch": 13,
  "best_val_monitor": 0.8802648719062093,
  "elapsed_seconds": 33.30792099699829,
  "peak_gpu_memory_mb": 339.51806640625,
  "test_accuracy": 0.8036253776435045,
  "test_balanced_accuracy": 0.8012563523433089,
  "test_macro_precision": 0.8037147743902878,
  "test_macro_recall": 0.8012563523433089,
  "test_macro_f1": 0.7996472663139329,
  "test_macro_specificity": 0.9239305853895705,
  "test_mcc": 0.7084458708413373,
  "test_auc_ovr_macro": NaN,
  "test_loss": 0.9954746528105303
}