class_index,class_name,support,precision,recall_sensitivity,specificity,f1,auc_ovr,tp,fp,fn,tn
0,cercospora_leaf_spot,161,0.8220858895705522,0.8322981366459627,0.8294117647058824,0.8271604938271605,0.8975703324808185,134,29,27,141
1,healthy,66,0.7297297297297297,0.8181818181818182,0.9245283018867925,0.7714285714285715,0.9208118925100057,54,20,12,245
2,nutrient_deficiency,60,0.75,0.6,0.955719557195572,0.6666666666666666,0.8840713407134071,36,12,24,259
3,powdery_mildew,44,0.9130434782608695,0.9545454545454546,0.9860627177700348,0.9333333333333333,0.9992872980677859,42,4,2,283
