{
  "family": "baselines",
  "experiment": "within_cv",
  "scenario": "C_within",
  "dataset": "C",
  "fold": 5,
  "n_splits": 5,
  "model_name": "densenet121",
  "seed": 46,
  "device": "cuda",
  "pretrained": true,
  "num_classes": 4,
  "label_order": [
    "cercospora_leaf_spot",
    "healthy",
    "nutrient_deficiency",
    "powdery_mildew"
  ],
  "n_train": 1193,
  "n_val": 133,
  "n_test": 331,
  "parameters": 6957956,
  "trainable_parameters": 6957956,
  "best_epoch": 8,
  "best_val_monitor": 0.848592132505176,
  "elapsed_seconds": 48.73456778599939,
  "peak_gpu_memory_mb": 2202.251953125,
  "test_accuracy": 0.8157099697885196,
  "test_balanced_accuracy": 0.7965090486456362,
  "test_macro_precision": 0.7944815206141107,
  "test_macro_recall": 0.7965090486456362,
  "test_macro_f1": 0.7901994460213639,
  "test_macro_specificity": 0.9231014371075369,
  "test_mcc": 0.6961232371783211,
  "test_auc_ovr_macro": NaN,
  "test_loss": 0.9995378960262645
}