class_index,class_name,support,precision,recall_sensitivity,specificity,f1,auc_ovr,tp,fp,fn,tn
0,bacterial_spot,1280,0.7724505327245054,0.79296875,0.9485635644245656,0.7825751734772552,0.9437509407792879,1015,299,265,5514
1,cercospora_leaf_spot,1683,0.9389312977099237,0.14616755793226383,0.9970425138632163,0.25295629820051413,0.7740808102773962,246,16,1437,5394
2,curl_virus,1582,0.3157894736842105,0.0037926675094816687,0.9976410814734168,0.007495315427857589,0.48822479165333277,6,13,1576,5498
3,healthy,1481,0.29705882352941176,0.9547602970965564,0.4037776193870278,0.45313251081557443,0.8173017643777706,1414,3346,67,2266
4,nutrient_deficiency,1067,0.5948509485094851,0.4114339268978444,0.950381679389313,0.48642659279778394,0.8747062479334319,439,299,628,5727
