{
  "family": "baselines",
  "experiment": "within_cv",
  "scenario": "C_within",
  "dataset": "C",
  "fold": 4,
  "n_splits": 5,
  "model_name": "efficientnet_b4",
  "seed": 45,
  "device": "cuda",
  "pretrained": true,
  "num_classes": 4,
  "label_order": [
    "cercospora_leaf_spot",
    "healthy",
    "nutrient_deficiency",
    "powdery_mildew"
  ],
  "n_train": 1193,
  "n_val": 133,
  "n_test": 331,
  "parameters": 17555788,
  "trainable_parameters": 17555788,
  "best_epoch": 37,
  "best_val_monitor": 0.8391093390998783,
  "elapsed_seconds": 137.37508037799853,
  "peak_gpu_memory_mb": 3809.294921875,
  "test_accuracy": 0.8096676737160121,
  "test_balanced_accuracy": 0.793944099378882,
  "test_macro_precision": 0.814020884188564,
  "test_macro_recall": 0.793944099378882,
  "test_macro_f1": 0.8027643141263232,
  "test_macro_specificity": 0.9241843727300441,
  "test_mcc": 0.7139173771146359,
  "test_auc_ovr_macro": 0.9421558171238925,
  "test_loss": 0.9660030224106528
}