{
  "family": "baselines",
  "experiment": "within_cv",
  "scenario": "C_within",
  "dataset": "C",
  "fold": 1,
  "n_splits": 5,
  "model_name": "swin_t",
  "seed": 42,
  "device": "cuda",
  "pretrained": true,
  "num_classes": 4,
  "label_order": [
    "cercospora_leaf_spot",
    "healthy",
    "nutrient_deficiency",
    "powdery_mildew"
  ],
  "n_train": 1192,
  "n_val": 133,
  "n_test": 332,
  "parameters": 27522430,
  "trainable_parameters": 27522430,
  "best_epoch": 29,
  "best_val_monitor": 0.8455728462756303,
  "elapsed_seconds": 120.5922023940002,
  "peak_gpu_memory_mb": 2692.27587890625,
  "test_accuracy": 0.8493975903614458,
  "test_balanced_accuracy": 0.8317988032909499,
  "test_macro_precision": 0.8534172376601954,
  "test_macro_recall": 0.8317988032909499,
  "test_macro_f1": 0.8307933166835009,
  "test_macro_specificity": 0.9358164983164983,
  "test_mcc": 0.7542060351667679,
  "test_auc_ovr_macro": NaN,
  "test_loss": 0.955729220401157
}