{
  "family": "baselines",
  "experiment": "within_cv",
  "scenario": "B_within",
  "dataset": "B",
  "fold": 4,
  "n_splits": 5,
  "model_name": "densenet121",
  "seed": 45,
  "device": "cuda",
  "pretrained": true,
  "num_classes": 6,
  "label_order": [
    "bacterial_spot",
    "cercospora_leaf_spot",
    "curl_virus",
    "healthy",
    "nutrient_deficiency",
    "powdery_mildew"
  ],
  "n_train": 5714,
  "n_val": 635,
  "n_test": 1587,
  "parameters": 6960006,
  "trainable_parameters": 6960006,
  "best_epoch": 5,
  "best_val_monitor": 0.9850472721257127,
  "elapsed_seconds": 518.4173156860052,
  "peak_gpu_memory_mb": 2228.478515625,
  "test_accuracy": 0.9779458097038437,
  "test_balanced_accuracy": 0.9810207919126192,
  "test_macro_precision": 0.9805913514120718,
  "test_macro_recall": 0.9810207919126192,
  "test_macro_f1": 0.9806054636762997,
  "test_macro_specificity": 0.995464947069807,
  "test_mcc": 0.9732536495852069,
  "test_auc_ovr_macro": NaN,
  "test_loss": 0.517155591249466
}