regime,job_tag,holdout,channel,snr_db,method,repeats,BER_mean,BER_std,BLER_mean,BLER_std,SER_no_denoise_mean,SER_no_denoise_std,SER_after_mean,SER_after_std,SNR_before_dB_mean,SNR_before_dB_std,SNR_after_dB_mean,SNR_after_dB_std,SNR_gain_dB_mean,SNR_gain_dB_std,us_per_frame_mean,us_per_frame_std
matched,MATCHED_AWGN,,AWGN,0.0,CNN_RNND,5,0.16056722005208332,0.0006001186879308168,0.499267578125,0.005436660838261442,0.158453369140625,0.0005206331225869891,0.15849711100260416,0.0004730142572163262,0.0025090236266112433,0.007339021756389102,3.277743583168232,0.030122862394896293,3.2752345595416203,0.02849545119843682,0.806712402360669,0.020993481349018663
matched,MATCHED_AWGN,,AWGN,0.0,ML,5,0.12483927408854165,0.0011434797115271907,0.2968587239583333,0.0024518278003386753,,0.0,,0.0,,0.0,,0.0,,0.0,0.5884844730038215,0.12772503845775043
matched,MATCHED_AWGN,,AWGN,0.0,PNND,5,0.139886474609375,0.004440366461306766,0.4260579427083334,0.017756333464407265,0.158453369140625,0.0005206331225869891,,0.0,0.0025090236266112433,0.007339021756389102,,0.0,,0.0,0.6207158018393482,0.024269888470995735
matched,MATCHED_AWGN,,AWGN,0.0,Proposed_CA_CNN_RNND,5,0.15006510416666669,0.0034858086795924496,0.47607421875,0.013248113045994351,0.158453369140625,0.0005206331225869891,0.15858357747395832,0.0004570906601390783,0.0025090236266112433,0.007339021756389102,3.4552455502827124,0.009184850526084068,3.452736526656101,0.011972052333993186,0.8235359359787253,0.046292293146467586
matched,MATCHED_AWGN,,AWGN,0.0,RNND_Zhu,5,0.1377685546875,0.002034090635658244,0.38935546875,0.005353989000749544,0.158453369140625,0.0005206331225869891,0.09246724446614582,0.001035260079332893,0.0025090236266112433,0.007339021756389102,5.325294545756194,0.0727744184851918,5.322785522129584,0.07915766693433691,0.8149254218399923,0.030826436628680235
matched,MATCHED_AWGN,,AWGN,0.0,SC,5,0.12519938151041665,0.0017239295576753854,0.29902343749999993,0.002529733588223167,,0.0,,0.0,,0.0,,0.0,,0.0,1.7543641263273457,0.030902467272407894
matched,MATCHED_AWGN,,AWGN,1.0,CNN_RNND,5,0.1109375,0.0019474822229684798,0.3736490885416667,0.006353548363792372,0.13069254557291665,0.0009640877052844136,0.13075358072916665,0.0008181566717221236,1.0035628242523142,0.01332476353169603,4.1600776024365,0.01966871584697238,3.1565147781841874,0.026474285736251883,0.7688195807986631,0.03199520180196066
matched,MATCHED_AWGN,,AWGN,1.0,ML,5,0.07813517252604166,0.0019553357434240605,0.187255859375,0.005158503903561361,,0.0,,0.0,,0.0,,0.0,,0.0,0.5718721846884971,0.07064200202246523
matched,MATCHED_AWGN,,AWGN,1.0,PNND,5,0.09390462239583333,0.00392450860283943,0.3070475260416667,0.017348974012025942,0.13069254557291665,0.0009640877052844136,,0.0,1.0035628242523142,0.01332476353169603,,0.0,,0.0,0.5728447244261284,0.0436709822435275
matched,MATCHED_AWGN,,AWGN,1.0,Proposed_CA_CNN_RNND,5,0.103289794921875,0.0032054790127557633,0.351025390625,0.013490300693363978,0.13069254557291665,0.0009640877052844136,0.13069661458333331,0.0009257138429362614,1.0035628242523142,0.01332476353169603,4.231159196132511,0.023890210082456436,3.227596371880197,0.01893833375018241,0.7776049282407864,0.02265210642331994
matched,MATCHED_AWGN,,AWGN,1.0,RNND_Zhu,5,0.09064127604166666,0.0018737837149049895,0.27027994791666665,0.005371525294374488,0.13069254557291665,0.0009640877052844136,0.063787841796875,0.0010983172304871655,1.0035628242523142,0.01332476353169603,6.783106828932108,0.12378870568888126,5.779544004679794,0.11462413211077861,0.7285030941754183,0.031293861081696316
matched,MATCHED_AWGN,,AWGN,1.0,SC,5,0.07823486328125,0.001867419234242485,0.188671875,0.0042402134332579534,,0.0,,0.0,,0.0,,0.0,,0.0,1.6884184882807556,0.07294329862547352
matched,MATCHED_AWGN,,AWGN,2.0,CNN_RNND,5,0.07041219075520833,0.002920218459383445,0.250830078125,0.010317874368573387,0.10477803548177085,0.00042090785661873974,0.1048004150390625,0.0003987708058537987,1.9851279162865247,0.011709327154095523,5.128815221459307,0.02096802168533554,3.1436873051727825,0.019548375187124305,0.7789809709872013,0.01743617878035895
matched,MATCHED_AWGN,,AWGN,2.0,ML,5,0.04335734049479167,0.0011324310756773215,0.10374348958333335,0.001961077289571823,,0.0,,0.0,,0.0,,0.0,,0.0,0.5521373698987493,0.04646922275868509
matched,MATCHED_AWGN,,AWGN,2.0,PNND,5,0.05621134440104166,0.00214904574251744,0.19388020833333333,0.012661698663779995,0.10477803548177085,0.00042090785661873974,,0.0,1.9851279162865247,0.011709327154095523,,0.0,,0.0,0.5686971197368014,0.016919809256436567
matched,MATCHED_AWGN,,AWGN,2.0,Proposed_CA_CNN_RNND,5,0.06520182291666668,0.0018261965128369322,0.23377278645833335,0.008360920383929573,0.10477803548177085,0.00042090785661873974,0.10477498372395833,0.00040582833353438084,1.9851279162865247,0.011709327154095523,5.154271633562199,0.014163981433399721,3.1691437172756745,0.011766383619013445,0.7741835929664376,0.0352026862038745
matched,MATCHED_AWGN,,AWGN,2.0,RNND_Zhu,5,0.05265096028645834,0.001270108214120864,0.16559244791666666,0.003111343212401082,0.10477803548177085,0.00042090785661873974,0.04138387044270833,0.0005299314930625837,1.9851279162865247,0.011709327154095523,8.433303055525554,0.10373838749089609,6.448175139239031,0.09977948170541479,0.7568830900102814,0.04755395843069966
matched,MATCHED_AWGN,,AWGN,2.0,SC,5,0.043865966796875,0.0013443022992662337,0.10519205729166665,0.0021443337444311157,,0.0,,0.0,,0.0,,0.0,,0.0,1.6848067370271262,0.06941562733985267
matched,MATCHED_AWGN,,AWGN,3.0,CNN_RNND,5,0.0374267578125,0.0008051218590931351,0.14638671875,0.0067779015059026065,0.07907511393229168,0.0006312029866955247,0.07921549479166667,0.0006117338845578648,2.9929487692319094,0.008459881741180252,6.277113985306928,0.02860008799875994,3.2841652160750194,0.02151416431688271,0.7646957840279356,0.028670062432015937
matched,MATCHED_AWGN,,AWGN,3.0,ML,5,0.019258626302083335,0.0009272747128006013,0.047347005208333334,0.001842682265260281,,0.0,,0.0,,0.0,,0.0,,0.0,0.5448099936226452,0.06228010886621529
matched,MATCHED_AWGN,,AWGN,3.0,PNND,5,0.028267415364583336,0.0023009750221286932,0.10694986979166665,0.008738885511411271,0.07907511393229168,0.0006312029866955247,,0.0,2.9929487692319094,0.008459881741180252,,0.0,,0.0,0.5515592761184963,0.02384179651163014
matched,MATCHED_AWGN,,AWGN,3.0,Proposed_CA_CNN_RNND,5,0.03602294921875,0.0018212145851777537,0.13953450520833333,0.007704862208282988,0.07907511393229168,0.0006312029866955247,0.079150390625,0.0005545029855664892,2.9929487692319094,0.008459881741180252,6.312955610543023,0.02573335696815988,3.320006841311114,0.017734459310472194,0.7688313644393929,0.03189897704721449
matched,MATCHED_AWGN,,AWGN,3.0,RNND_Zhu,5,0.025921630859375,0.0012724484241124368,0.08816731770833333,0.0029948580084929927,0.07907511393229168,0.0006312029866955247,0.024765014648437497,0.0005633136756982798,2.9929487692319094,0.008459881741180252,10.304941938463909,0.14851323585715703,7.311993169231998,0.14233827980193084,0.7280879060544976,0.033042903147832675
matched,MATCHED_AWGN,,AWGN,3.0,SC,5,0.019303385416666666,0.0009618982699970215,0.04747721354166667,0.001723070974639549,,0.0,,0.0,,0.0,,0.0,,0.0,1.6997974133422153,0.06453596735290058
matched,MATCHED_AWGN,,AWGN,4.0,CNN_RNND,5,0.016705322265625,0.0007891874287897637,0.06987304687500001,0.005589996973202571,0.056587727864583326,0.00041901670774830904,0.056756591796875,0.00039534695026627233,3.9909628429982646,0.013834149423890165,7.579211403514874,0.0409583499849313,3.588248560516609,0.047160479222593844,0.7455422822507292,0.02135403137266686
matched,MATCHED_AWGN,,AWGN,4.0,ML,5,0.00684814453125,0.0006580531537120517,0.016666666666666666,0.00178053498371134,,0.0,,0.0,,0.0,,0.0,,0.0,0.5810262033871065,0.06543161870620508
matched,MATCHED_AWGN,,AWGN,4.0,PNND,5,0.012192789713541667,0.0012723508318618962,0.04913736979166666,0.004949629637694845,0.056587727864583326,0.00041901670774830904,,0.0,3.9909628429982646,0.013834149423890165,,0.0,,0.0,0.5477636875639291,0.02605708468660269
matched,MATCHED_AWGN,,AWGN,4.0,Proposed_CA_CNN_RNND,5,0.017421468098958334,0.0012325265285460327,0.07275390625,0.005123399582821075,0.056587727864583326,0.00041901670774830904,0.05666605631510417,0.0003864890592755707,3.9909628429982646,0.013834149423890165,7.728871054340729,0.03020421722883099,3.7379082113424635,0.022696198244660057,0.7420144186198739,0.02072960435621247
matched,MATCHED_AWGN,,AWGN,4.0,RNND_Zhu,5,0.010628255208333333,0.00080235375968998,0.03776041666666667,0.001994230266087703,0.056587727864583326,0.00041901670774830904,0.013099161783854165,0.0002041043266664882,3.9909628429982646,0.013834149423890165,12.351285265905853,0.1495004243121703,8.360322422907586,0.1506723737067928,0.708161360307713,0.02997746106028463
matched,MATCHED_AWGN,,AWGN,4.0,SC,5,0.006953938802083333,0.0006540783949134309,0.016975911458333333,0.0018166206260703218,,0.0,,0.0,,0.0,,0.0,,0.0,1.71116625817073,0.08542740659401062
matched,MATCHED_AWGN,,AWGN,5.0,CNN_RNND,5,0.0063720703125,0.0007477187235654049,0.02877604166666667,0.002573210788240066,0.037785847981770836,0.0007933918200700061,0.03789469401041667,0.0008420308046946774,5.000182204543591,0.026004799353416628,9.033234006750202,0.055314635692183235,4.033051802206614,0.059265079985659816,0.7671184391710995,0.038059870728856846
matched,MATCHED_AWGN,,AWGN,5.0,ML,5,0.0018607923719618055,0.0001635466939592603,0.004477403428819445,0.0003528589120732099,,0.0,,0.0,,0.0,,0.0,,0.0,0.5372790843062426,0.027475277244625798
matched,MATCHED_AWGN,,AWGN,5.0,PNND,5,0.004099222819010416,0.0008773827004516934,0.018435872395833334,0.003878924266153997,0.037835693359375,0.0006349657275172636,,0.0,4.999715807403946,0.024628434342354438,,0.0,,0.0,0.5798174061055761,0.00946403525674105
matched,MATCHED_AWGN,,AWGN,5.0,Proposed_CA_CNN_RNND,5,0.007320149739583334,0.0008920441153937841,0.03284505208333334,0.004128231157402146,0.037785847981770836,0.0007933918200700061,0.037882486979166664,0.0008661519144815432,5.000182204543591,0.026004799353416628,9.428650396190701,0.09283573476128414,4.428468191647109,0.06931748389120941,0.7613968894778129,0.03666107451136838
matched,MATCHED_AWGN,,AWGN,5.0,RNND_Zhu,5,0.0033799235026041666,0.00020531070982631442,0.013507486979166667,0.0005228765464681013,0.03769866943359375,0.000340285365053608,0.0064816284179687505,0.00012598623194290544,5.00279356452852,0.013337623598656085,14.424616178024738,0.2276559854966809,9.421822613496214,0.2269157358518418,0.6992301251784738,0.012188788812662731
matched,MATCHED_AWGN,,AWGN,5.0,SC,5,0.0018937755766369046,0.00021093089443623026,0.004539543030753969,0.0004323026666838943,,0.0,,0.0,,0.0,,0.0,,0.0,1.717380084972406,0.07580684673573171
matched,MATCHED_AWGN,,AWGN,6.0,CNN_RNND,5,0.0018430413140190969,0.0001955296198526731,0.009112955729166667,0.0010953162515525995,0.022963231404622395,0.00018825230182175352,0.023015068901909724,0.00016819128256890633,6.002133946600872,0.004008965202488177,10.681167023031326,0.141223778677982,4.679033076430455,0.14368461295134,0.7382211666929884,0.013042917402121372
matched,MATCHED_AWGN,,AWGN,6.0,ML,5,0.00035999999999999997,2.3717082451262848e-05,0.000872,8.438009243891595e-05,,0.0,,0.0,,0.0,,0.0,,0.0,0.5451383178588003,0.017589655263909047
matched,MATCHED_AWGN,,AWGN,6.0,PNND,5,0.001119217594742497,0.0002477869855609343,0.005428674515588578,0.0012492767170865396,0.02294705406491295,8.857805703251626e-05,,0.0,6.003467704982848,0.005455261543122073,,0.0,,0.0,0.5512738783068811,0.030777374443426278
matched,MATCHED_AWGN,,AWGN,6.0,Proposed_CA_CNN_RNND,5,0.002743094308035714,0.00033528474699344137,0.013165690104166666,0.001449595932509817,0.022914603097098217,0.00031989339759874263,0.022925516764322917,0.0003119934361789957,6.0008047458232046,0.0043902977453736825,11.51414630803869,0.03255338900967186,5.513341562215487,0.031921985234474495,0.7423532069121089,0.01840792920251675
matched,MATCHED_AWGN,,AWGN,6.0,RNND_Zhu,5,0.0008790508069490132,6.736002441192886e-05,0.0037875205592105264,0.00035238367899675124,0.022956196221035702,0.00010008979126355243,0.002582329906546295,5.9339110313933026e-05,6.002561119650356,0.005737473857629035,16.48167881234138,0.3324714403203218,10.479117692691023,0.3304845657529977,0.6961756728150312,0.011630269943397869
matched,MATCHED_AWGN,,AWGN,6.0,SC,5,0.00035999999999999997,2.6809513236909044e-05,0.000874,8.203657720797475e-05,,0.0,,0.0,,0.0,,0.0,,0.0,1.7353382497094572,0.07074764562685622
matched,MATCHED_AWGN,,AWGN,7.0,CNN_RNND,5,0.00043975000000000004,7.773351915358007e-05,0.00228,0.00036242240548840245,0.012619625,6.739952012069565e-05,0.012657499999999999,7.109907260295283e-05,7.001255818161144,0.004618327645376247,12.492982773804979,0.20872546422406732,5.491726955643837,0.21233628222104714,0.743113290052861,0.01915087559300264
matched,MATCHED_AWGN,,AWGN,7.0,ML,5,4.075e-05,1.6877314656070142e-05,0.00010800000000000002,4.7644516998286385e-05,,0.0,,0.0,,0.0,,0.0,,0.0,0.5467095298226923,0.024042675952154948
matched,MATCHED_AWGN,,AWGN,7.0,PNND,5,0.00022950000000000002,4.748025905573812e-05,0.001196,0.00026235472170326954,0.012619625,6.739952012069565e-05,,0.0,7.001255818161144,0.004618327645376247,,0.0,,0.0,0.5619080041069537,0.02587670923063096
matched,MATCHED_AWGN,,AWGN,7.0,Proposed_CA_CNN_RNND,5,0.000785734934056607,0.00011354787331121046,0.0041468708422264435,0.0006485542668293423,0.012617195538904794,8.649869537809962e-05,0.012675686272494194,0.0001291409705573548,7.000525575162671,0.004088712436097643,13.973419820218925,0.12833134135966554,6.972894245056255,0.12851317646989893,0.7431029987648001,0.016996539504323026
matched,MATCHED_AWGN,,AWGN,7.0,RNND_Zhu,5,0.00017125000000000002,7.551903733496606e-06,0.000806,6.94982014155762e-05,0.012619625,6.739952012069565e-05,0.000849625,6.591098400494412e-05,7.001255818161144,0.004618327645376247,18.268956094266702,0.4974511391252695,11.26770027610556,0.4995718409788188,0.7173721678555012,0.014713620228401074
matched,MATCHED_AWGN,,AWGN,7.0,SC,5,4.075e-05,1.6877314656070142e-05,0.00010800000000000002,4.7644516998286385e-05,,0.0,,0.0,,0.0,,0.0,,0.0,1.7845590421929955,0.08173037970116423
matched,MATCHED_Impulsive,,Impulsive,0.0,CNN_RNND,5,0.2225972493489583,0.0029865278725122765,0.63154296875,0.0077496437209624595,0.1845550537109375,0.0008046670646706301,0.184649658203125,0.0008788099942657343,-4.7786413306843425,0.06208318130504149,2.529186995297851,0.02414165570247055,7.307828325982195,0.06443467573774288,1.6018615061360229,0.08156369414678329
matched,MATCHED_Impulsive,,Impulsive,0.0,ML,5,0.19279581705729168,0.002742402464074892,0.4444010416666667,0.004957317322997752,,0.0,,0.0,,0.0,,0.0,,0.0,91.82956954797798,3.847694551904464
matched,MATCHED_Impulsive,,Impulsive,0.0,PNND,5,0.2477640787760417,0.007792126395735133,0.710009765625,0.024821203678824715,0.1845550537109375,0.0008046670646706301,,0.0,-4.7786413306843425,0.06208318130504149,,0.0,,0.0,1.4089074416763954,0.061728434669846226
matched,MATCHED_Impulsive,,Impulsive,0.0,Proposed_CA_CNN_RNND,5,0.21053263346354165,0.0018388005066343439,0.6138834635416666,0.007704432419738589,0.1845550537109375,0.0008046670646706301,0.18492838541666665,0.001026005283185053,-4.7786413306843425,0.06208318130504149,2.732812436959736,0.024356690485511832,7.511453767644079,0.06020077943009091,1.56308759831821,0.04661417083623983
matched,MATCHED_Impulsive,,Impulsive,0.0,RNND_Zhu,5,0.218719482421875,0.002254023812039834,0.5796875,0.003233468256753793,0.1845550537109375,0.0008046670646706301,0.15052693684895832,0.0012790631832259084,-4.7786413306843425,0.06208318130504149,3.415008085551966,0.0492460798435261,8.193649416236308,0.07677888022185696,1.571878758947302,0.059468103389535516
matched,MATCHED_Impulsive,,Impulsive,0.0,SC,5,0.19269205729166666,0.0024521126700001988,0.446533203125,0.004592036451714173,,0.0,,0.0,,0.0,,0.0,,0.0,2.467219043940834,0.11613862756854393
matched,MATCHED_Impulsive,,Impulsive,1.0,CNN_RNND,5,0.1729349772135417,0.002330723075219404,0.5214518229166666,0.005819851418252084,0.15847066243489583,0.000861882239382716,0.15869954427083333,0.0009017874051713219,-3.778309780284367,0.033587250735098224,3.2113139712831194,0.02578724469062675,6.9896237515674855,0.03940908685132175,1.5641937864074862,0.07650373330637907
matched,MATCHED_Impulsive,,Impulsive,1.0,ML,5,0.14485880533854167,0.0018466763450699448,0.3398600260416667,0.004701565021550698,,0.0,,0.0,,0.0,,0.0,,0.0,93.00699822650435,3.524312039802969
matched,MATCHED_Impulsive,,Impulsive,1.0,PNND,5,0.20680338541666665,0.009435593963612939,0.6282226562500001,0.03146877006219491,0.15847066243489583,0.000861882239382716,,0.0,-3.778309780284367,0.033587250735098224,,0.0,,0.0,1.4326140463557142,0.0636564565730901
matched,MATCHED_Impulsive,,Impulsive,1.0,Proposed_CA_CNN_RNND,5,0.16470947265624997,0.003619401348119635,0.5055501302083333,0.013399764706710992,0.15847066243489583,0.000861882239382716,0.1587432861328125,0.0010334405335841114,-3.778309780284367,0.033587250735098224,3.307349459025808,0.024283504535327457,7.085659239310175,0.041776444932157486,1.570549414964262,0.05679046121738808
matched,MATCHED_Impulsive,,Impulsive,1.0,RNND_Zhu,5,0.17000935872395834,0.0027087929836884864,0.4731770833333333,0.007129157074996705,0.15847066243489583,0.000861882239382716,0.12060445149739585,0.001294987936238332,-3.778309780284367,0.033587250735098224,4.305013028762792,0.05511029456898149,8.08332280904716,0.06423958389021554,1.5631551434580615,0.10366664979371357
matched,MATCHED_Impulsive,,Impulsive,1.0,SC,5,0.14579264322916669,0.002308435087136012,0.34275716145833335,0.005697312085274609,,0.0,,0.0,,0.0,,0.0,,0.0,2.4630882800617355,0.09230467075945328
matched,MATCHED_Impulsive,,Impulsive,2.0,CNN_RNND,5,0.128009033203125,0.0019433705144804609,0.41298828125,0.009269738007608178,0.13310750325520834,0.00045522764402846093,0.13316752115885416,0.0005415305805735729,-2.7583494101131776,0.03294757403550947,3.9542390908361114,0.01733122288326434,6.712588500949289,0.025553091202873378,1.549951446122577,0.03570543727656563
matched,MATCHED_Impulsive,,Impulsive,2.0,ML,5,0.10345865885416668,0.0015103649262083556,0.2465494791666667,0.0028913461513046155,,0.0,,0.0,,0.0,,0.0,,0.0,96.13561788720897,2.867601030548074
matched,MATCHED_Impulsive,,Impulsive,2.0,PNND,5,0.168121337890625,0.012202709280599524,0.536767578125,0.04003254493659136,0.13310750325520834,0.00045522764402846093,,0.0,-2.7583494101131776,0.03294757403550947,,0.0,,0.0,1.417750843302201,0.050278970465987984
matched,MATCHED_Impulsive,,Impulsive,2.0,Proposed_CA_CNN_RNND,5,0.12440592447916665,0.0034695144532657495,0.404833984375,0.013972130973388201,0.13310750325520834,0.00045522764402846093,0.13312276204427084,0.00047950001106172955,-2.7583494101131776,0.03294757403550947,3.9793684862228402,0.015706936656316346,6.737717896336018,0.02581053733912823,1.5445464991141005,0.04369420544365837
matched,MATCHED_Impulsive,,Impulsive,2.0,RNND_Zhu,5,0.12815348307291669,0.002524539379532215,0.37172851562500003,0.00904353470263735,0.13310750325520834,0.00045522764402846093,0.09426371256510417,0.0013499118369703915,-2.7583494101131776,0.03294757403550947,5.266162979991469,0.06621704302513429,8.024512390104647,0.0424881764739499,1.5862065292064167,0.07354487198353474
matched,MATCHED_Impulsive,,Impulsive,2.0,SC,5,0.10404866536458335,0.001335153246651065,0.248583984375,0.003060480156697177,,0.0,,0.0,,0.0,,0.0,,0.0,2.470227409882379,0.09385731729079022
matched,MATCHED_Impulsive,,Impulsive,3.0,CNN_RNND,5,0.08972371419270833,0.0016698969144486305,0.30615234375,0.00928287452783047,0.109149169921875,0.0008391763687022779,0.10926717122395832,0.0008224929234653764,-1.761060080919627,0.031246539184592175,4.745915385894974,0.023648874373817415,6.506975466814602,0.04848863994573329,1.5599182934996256,0.040790577372256026
matched,MATCHED_Impulsive,,Impulsive,3.0,ML,5,0.06817830403645833,0.0008093521525702517,0.16396484375,0.0018782791850181077,,0.0,,0.0,,0.0,,0.0,,0.0,98.53262613622368,3.4145202111428374
matched,MATCHED_Impulsive,,Impulsive,3.0,PNND,5,0.13052775065104166,0.012020081638719933,0.4419270833333333,0.04046186803481947,0.109149169921875,0.0008391763687022779,,0.0,-1.761060080919627,0.031246539184592175,,0.0,,0.0,1.3978446437098078,0.06106703104502556
matched,MATCHED_Impulsive,,Impulsive,3.0,Proposed_CA_CNN_RNND,5,0.08773600260416665,0.0025271040363674504,0.30301106770833336,0.012298458615135491,0.109149169921875,0.0008391763687022779,0.109149169921875,0.0008304373892429784,-1.761060080919627,0.031246539184592175,4.749447012620978,0.023878940722831064,6.510507093540605,0.05011709566826585,1.5721457183796397,0.04545463074130296
matched,MATCHED_Impulsive,,Impulsive,3.0,RNND_Zhu,5,0.089898681640625,0.00043721748873315556,0.2760579427083333,0.003471035224626643,0.109149169921875,0.0008391763687022779,0.072021484375,0.00039777048331740637,-1.761060080919627,0.031246539184592175,6.293814668966368,0.04252922188508628,8.054874749885995,0.052523648166260914,1.5357871082718098,0.03179499772614957
matched,MATCHED_Impulsive,,Impulsive,3.0,SC,5,0.06805013020833334,0.0004702854616230031,0.16464843750000002,0.0013585864589876488,,0.0,,0.0,,0.0,,0.0,,0.0,2.4739702951137588,0.1080451094748758
matched,MATCHED_Impulsive,,Impulsive,4.0,CNN_RNND,5,0.06055094401041668,0.00197135313614382,0.2189453125,0.007836115430977742,0.0874114990234375,0.0007730400319669585,0.08747049967447916,0.0007898345811527382,-0.8243177384591766,0.04151980607631494,5.565133655579343,0.034470680532850406,6.38945139403852,0.04747150134705548,1.5653429992804981,0.019577304111783746
matched,MATCHED_Impulsive,,Impulsive,4.0,ML,5,0.044051106770833334,0.00141188651624845,0.1064453125,0.003149739987038348,,0.0,,0.0,,0.0,,0.0,,0.0,101.0996093441463,3.5518648376983313
matched,MATCHED_Impulsive,,Impulsive,4.0,PNND,5,0.1026611328125,0.012605598732219989,0.3607421875,0.04076532760296543,0.0874114990234375,0.0007730400319669585,,0.0,-0.8243177384591766,0.04151980607631494,,0.0,,0.0,1.3800064778024534,0.06559089235161777
matched,MATCHED_Impulsive,,Impulsive,4.0,Proposed_CA_CNN_RNND,5,0.06048177083333332,0.002466586909717664,0.219970703125,0.011484561148797846,0.0874114990234375,0.0007730400319669585,0.0874969482421875,0.0007736689251304593,-0.8243177384591766,0.04151980607631494,5.598197965401846,0.03535009547212875,6.422515703861023,0.04870768944471811,1.5704793099757808,0.02983166330657673
matched,MATCHED_Impulsive,,Impulsive,4.0,RNND_Zhu,5,0.06359456380208332,0.0012295424121431808,0.202197265625,0.00701231113057854,0.0874114990234375,0.0007730400319669585,0.0557647705078125,0.0009076264988051041,-0.8243177384591766,0.04151980607631494,7.270886690595999,0.06997571481754726,8.095204429055176,0.03080363805162219,1.5551573407416677,0.032840350371179786
matched,MATCHED_Impulsive,,Impulsive,4.0,SC,5,0.044012451171875,0.0016677762599695376,0.10680338541666667,0.00334728974994872,,0.0,,0.0,,0.0,,0.0,,0.0,2.4827133302096627,0.12217914138039311
matched,MATCHED_Impulsive,,Impulsive,5.0,CNN_RNND,5,0.04176025390625,0.0005054322726310876,0.15716145833333334,0.003367410359846665,0.0687744140625,0.0003916191325443688,0.06880900065104166,0.00033361775835229066,0.23897835682191965,0.02014876355953283,6.410024069233853,0.0189408853767112,6.171045712411932,0.034398050995604,1.5638108076624728,0.03235438396155794
matched,MATCHED_Impulsive,,Impulsive,5.0,ML,5,0.02743937174479167,0.0008702297268734689,0.06668294270833333,0.0011731176498888285,,0.0,,0.0,,0.0,,0.0,,0.0,102.24863667076534,3.745540844884845
matched,MATCHED_Impulsive,,Impulsive,5.0,PNND,5,0.08058878580729166,0.011875964311714131,0.29007161458333336,0.03867438037433215,0.0687744140625,0.0003916191325443688,,0.0,0.23897835682191965,0.02014876355953283,,0.0,,0.0,1.373334242771307,0.057514717804327896
matched,MATCHED_Impulsive,,Impulsive,5.0,Proposed_CA_CNN_RNND,5,0.04098917643229167,0.0018104895983098144,0.15587565104166667,0.009758433767182495,0.0687744140625,0.0003916191325443688,0.06882832845052084,0.000319796133061969,0.23897835682191965,0.02014876355953283,6.514074151517875,0.01228265950032231,6.275095794695956,0.027632122622238915,1.562099348954386,0.023868420362087747
matched,MATCHED_Impulsive,,Impulsive,5.0,RNND_Zhu,5,0.043963623046875,0.0012247315798241164,0.14495442708333334,0.004999885027941115,0.0687744140625,0.0003916191325443688,0.0434600830078125,0.0008536940586238034,0.23897835682191965,0.02014876355953283,8.270845666820726,0.05960045949423624,8.031867309998805,0.06115038534726571,1.546937174149813,0.023989964553057987
matched,MATCHED_Impulsive,,Impulsive,5.0,SC,5,0.027473958333333336,0.0010455308211337509,0.06700846354166666,0.0012810599333426035,,0.0,,0.0,,0.0,,0.0,,0.0,2.5045613294120512,0.11963318261892122
matched,MATCHED_Impulsive,,Impulsive,6.0,CNN_RNND,5,0.029396565755208333,0.001443484671268528,0.11442057291666667,0.0046802464630568376,0.053975423177083336,0.00023715297906239173,0.05417683919270834,0.00022046471456067842,1.2278990554162639,0.025542822799908205,7.214050703924751,0.011389490763527304,5.986151648508487,0.024109717884909402,1.5597920272133101,0.035582016658037736
matched,MATCHED_Impulsive,,Impulsive,6.0,ML,5,0.01798095703125,0.0005860293281088932,0.04381510416666667,0.001332996882268476,,0.0,,0.0,,0.0,,0.0,,0.0,102.2692220715271,3.9273763483889788
matched,MATCHED_Impulsive,,Impulsive,6.0,PNND,5,0.06446736653645833,0.013048963360579794,0.23689778645833334,0.040159710488839984,0.053975423177083336,0.00023715297906239173,,0.0,1.2278990554162639,0.025542822799908205,,0.0,,0.0,1.363301691981178,0.06281509729940349
matched,MATCHED_Impulsive,,Impulsive,6.0,Proposed_CA_CNN_RNND,5,0.028464762369791667,0.0024336309598524198,0.11134440104166665,0.010420385332733737,0.053975423177083336,0.00023715297906239173,0.0540771484375,0.000194844373671244,1.2278990554162639,0.025542822799908205,7.412854794806305,0.02953944741574896,6.184955739390039,0.0369516930621451,1.587746908171539,0.043959330586592155
matched,MATCHED_Impulsive,,Impulsive,6.0,RNND_Zhu,5,0.03133951822916667,0.0005585819174959012,0.106201171875,0.003713738349317914,0.053975423177083336,0.00023715297906239173,0.0356109619140625,0.0002627831461501778,1.2278990554162639,0.025542822799908205,9.129531816837762,0.039626744502139134,7.9016327614214985,0.04429194228126213,1.5244286923158747,0.03515945444154132
matched,MATCHED_Impulsive,,Impulsive,6.0,SC,5,0.01807861328125,0.0006181598922323664,0.04407552083333333,0.0013514996209582522,,0.0,,0.0,,0.0,,0.0,,0.0,2.517090024412027,0.11830048295345727
matched,MATCHED_Impulsive,,Impulsive,7.0,CNN_RNND,5,0.021657307942708336,0.00025185991217325767,0.08673502604166666,0.0023930486445647874,0.04247334798177083,0.00033085349266751224,0.04246927897135417,0.0003377945003111475,2.241744711986233,0.05019232894838264,8.005068297390247,0.02739137342844573,5.763323585404015,0.04220796960916108,1.5728599142524522,0.06036407411452699
matched,MATCHED_Impulsive,,Impulsive,7.0,ML,5,0.011875406901041666,0.0007320191017643771,0.028971354166666668,0.0015916021497076782,,0.0,,0.0,,0.0,,0.0,,0.0,101.4521840014974,3.82299993245447
matched,MATCHED_Impulsive,,Impulsive,7.0,PNND,5,0.05324503580729166,0.011263621962865036,0.1974446614583333,0.037878942272565205,0.04247334798177083,0.00033085349266751224,,0.0,2.241744711986233,0.05019232894838264,,0.0,,0.0,1.354936555723422,0.03663175321657706
matched,MATCHED_Impulsive,,Impulsive,7.0,Proposed_CA_CNN_RNND,5,0.021042887369791666,0.001637075206833189,0.08597005208333333,0.007273770122705288,0.04247334798177083,0.00033085349266751224,0.04251912434895833,0.0003719341788856865,2.241744711986233,0.05019232894838264,8.272285355423612,0.05110499012004618,6.030540643437381,0.03708614936883778,1.6094455569752124,0.04091170685210262
matched,MATCHED_Impulsive,,Impulsive,7.0,RNND_Zhu,5,0.022308349609375,0.0006736178845680057,0.07835286458333333,0.0025980559816712115,0.04247334798177083,0.00033085349266751224,0.029520670572916664,0.0005239221257325881,2.241744711986233,0.05019232894838264,9.951505383418182,0.07170759768659209,7.709760671431948,0.04803688336771965,1.5645255378634224,0.07969668210353967
matched,MATCHED_Impulsive,,Impulsive,7.0,SC,5,0.011905924479166666,0.0006937707507454366,0.029166666666666667,0.0015056438234049105,,0.0,,0.0,,0.0,,0.0,,0.0,2.520712028323639,0.11312507831951854
matched,MATCHED_Rayleigh,,Rayleigh,0.0,CNN_RNND,5,0.285528564453125,0.0017297871301848783,0.7652506510416668,0.008387413971723956,0.21169637044270834,0.0006309980266991221,0.21193440755208334,0.0007447946082681729,-6.231190958613324,0.025899440620617126,1.889471722966605,0.022076682406375645,8.120662681579928,0.04017112465037601,1.1927079280364221,0.0946219263449874
matched,MATCHED_Rayleigh,,Rayleigh,0.0,ML,5,0.19875284830729167,0.0021858318151824294,0.458349609375,0.0041293539836853065,,0.0,,0.0,,0.0,,0.0,,0.0,0.9445729157656994,0.033076127329321955
matched,MATCHED_Rayleigh,,Rayleigh,0.0,PNND,5,0.30932210286458334,0.006876994768381532,0.8323404947916666,0.030207594500747333,0.21169637044270834,0.0006309980266991221,,0.0,-6.231190958613324,0.025899440620617126,,0.0,,0.0,0.951550437851741,0.032063352462464605
matched,MATCHED_Rayleigh,,Rayleigh,0.0,Proposed_CA_CNN_RNND,5,0.2209493001302083,0.0037418887267526325,0.6330078125,0.0072122793550640826,0.21169637044270834,0.0006309980266991221,0.2134521484375,0.001054811735253613,-6.231190958613324,0.025899440620617126,2.518645629109287,0.01707917800550609,8.749836587722612,0.036118307173970174,1.132745380042858,0.028192086574625578
matched,MATCHED_Rayleigh,,Rayleigh,0.0,RNND_Zhu,5,0.2872965494791667,0.002511641794373508,0.7318196614583333,0.005994192367987217,0.21169637044270834,0.0006309980266991221,0.19671732584635418,0.0009618579269355348,-6.231190958613324,0.025899440620617126,2.3200645042526915,0.021337733765737235,8.551255462866015,0.017203172753494516,1.1422426268836716,0.056345980604952196
matched,MATCHED_Rayleigh,,Rayleigh,0.0,SC,5,0.19994303385416667,0.001881991548191149,0.4624348958333333,0.0029147296104417007,,0.0,,0.0,,0.0,,0.0,,0.0,2.121205337365003,0.08572733932829305
matched,MATCHED_Rayleigh,,Rayleigh,1.0,CNN_RNND,5,0.24962565104166665,0.004238364389271142,0.7005859375,0.012064104675132293,0.1888031005859375,0.0016422699762590623,0.18887430826822915,0.0016061980531631946,-5.267883139415895,0.02242399129126436,2.3545624146248523,0.03220926991042112,7.622445554040747,0.016500406913301572,1.13986193165753,0.030702873825400753
matched,MATCHED_Rayleigh,,Rayleigh,1.0,ML,5,0.15405069986979167,0.0025477294047804235,0.3613444010416667,0.005326643920964468,,0.0,,0.0,,0.0,,0.0,,0.0,0.9975396987253287,0.06735692536203897
matched,MATCHED_Rayleigh,,Rayleigh,1.0,PNND,5,0.2784281412760417,0.008091765237105376,0.7848307291666666,0.042610796759942206,0.1888031005859375,0.0016422699762590623,,0.0,-5.267883139415895,0.02242399129126436,,0.0,,0.0,0.9151185092074835,0.030554491946972386
matched,MATCHED_Rayleigh,,Rayleigh,1.0,Proposed_CA_CNN_RNND,5,0.17928059895833331,0.002908453105165418,0.5411295572916667,0.006791128406375043,0.1888031005859375,0.0016422699762590623,0.1906575520833333,0.001540471972884229,-5.267883139415895,0.02242399129126436,2.969014555816015,0.021516241765137015,8.23689769523191,0.02568250306441402,1.121646240183812,0.03258976540746966
matched,MATCHED_Rayleigh,,Rayleigh,1.0,RNND_Zhu,5,0.248907470703125,0.0019880015416517374,0.6594563802083333,0.005399256382670936,0.1888031005859375,0.0016422699762590623,0.16878763834635419,0.0013786165562297461,-5.267883139415895,0.02242399129126436,2.9514554199662597,0.021749698789984437,8.219338559382155,0.011899965507047177,1.0989129881030144,0.03861660487687943
matched,MATCHED_Rayleigh,,Rayleigh,1.0,SC,5,0.15465494791666665,0.003014651734424761,0.36432291666666666,0.005706313822494847,,0.0,,0.0,,0.0,,0.0,,0.0,2.102277846915968,0.09641513547138414
matched,MATCHED_Rayleigh,,Rayleigh,2.0,CNN_RNND,5,0.21199951171875,0.0031467044947232573,0.6267252604166667,0.010545788618736753,0.16763814290364584,0.0008873087520787556,0.16769612630208333,0.0009162165555391182,-4.2618398922991885,0.023685164490094186,2.841860859548705,0.01931620895737922,7.103700751847893,0.014617780013946485,1.1221011542753936,0.017853576722512504
matched,MATCHED_Rayleigh,,Rayleigh,2.0,ML,5,0.11285603841145833,0.0015214202164352648,0.2666178385416667,0.003926289337327108,,0.0,,0.0,,0.0,,0.0,,0.0,0.9390796549268998,0.033992071634395556
matched,MATCHED_Rayleigh,,Rayleigh,2.0,PNND,5,0.24527384440104166,0.013217663403780224,0.7298828125000001,0.05919618394132568,0.16763814290364584,0.0008873087520787556,,0.0,-4.2618398922991885,0.023685164490094186,,0.0,,0.0,0.8939863562318351,0.023397891417053406
matched,MATCHED_Rayleigh,,Rayleigh,2.0,Proposed_CA_CNN_RNND,5,0.13905436197916665,0.0010225438154528137,0.4424641927083333,0.006834241868695232,0.16763814290364584,0.0008873087520787556,0.1684234619140625,0.0012642540842576814,-4.2618398922991885,0.023685164490094186,3.462683253110312,0.025274515380879405,7.724523145409501,0.019478947108415856,1.0978715996164587,0.019988286743654007
matched,MATCHED_Rayleigh,,Rayleigh,2.0,RNND_Zhu,5,0.2107177734375,0.0022814098125085846,0.579443359375,0.006573788254105855,0.16763814290364584,0.0008873087520787556,0.14317728678385416,0.0010673968609017839,-4.2618398922991885,0.023685164490094186,3.621470324758598,0.023185911320416808,7.883310217057786,0.017635389354566905,1.0907406419846666,0.03152067402307918
matched,MATCHED_Rayleigh,,Rayleigh,2.0,SC,5,0.1135986328125,0.0013917302003413692,0.269287109375,0.004047796261538374,,0.0,,0.0,,0.0,,0.0,,0.0,2.134050193565902,0.17664621849792733
matched,MATCHED_Rayleigh,,Rayleigh,3.0,CNN_RNND,5,0.17548014322916666,0.004412793255508652,0.5432291666666667,0.016681096664885795,0.1466796875,0.0006761344502390506,0.14680582682291665,0.0006983051997801915,-3.257194994126152,0.045899722623892865,3.3785468371120446,0.016709917676253353,6.635741831238197,0.04277218288954439,1.1258544304837415,0.03798169518165605
matched,MATCHED_Rayleigh,,Rayleigh,3.0,ML,5,0.07716267903645832,0.0014962018823017232,0.18400065104166666,0.003897338875471576,,0.0,,0.0,,0.0,,0.0,,0.0,0.956740818007044,0.04699948711909272
matched,MATCHED_Rayleigh,,Rayleigh,3.0,PNND,5,0.2142679850260417,0.015330240761971276,0.6643066406250001,0.07465781458538803,0.1466796875,0.0006761344502390506,,0.0,-3.257194994126152,0.045899722623892865,,0.0,,0.0,0.8983953136976197,0.03636944815795687
matched,MATCHED_Rayleigh,,Rayleigh,3.0,Proposed_CA_CNN_RNND,5,0.10488688151041665,0.002145455439017119,0.348974609375,0.005266940663449476,0.1466796875,0.0006761344502390506,0.1470977783203125,0.0010810229560891576,-3.257194994126152,0.045899722623892865,4.0204696483232265,0.02485556757726589,7.2776646424493805,0.04566456484717582,1.1013275695859193,0.01918045588091642
matched,MATCHED_Rayleigh,,Rayleigh,3.0,RNND_Zhu,5,0.17257893880208336,0.002971774256278155,0.4938313802083333,0.010317232478191354,0.1466796875,0.0006761344502390506,0.1192230224609375,0.0007595103874882339,-3.257194994126152,0.045899722623892865,4.356600865951039,0.03954510288565446,7.613795860077191,0.022605658718823165,1.087331332882968,0.04759466258169129
matched,MATCHED_Rayleigh,,Rayleigh,3.0,SC,5,0.07740275065104166,0.0014726466294662172,0.18531901041666668,0.004257281753482452,,0.0,,0.0,,0.0,,0.0,,0.0,2.1033976054241066,0.12155688636819419
matched,MATCHED_Rayleigh,,Rayleigh,4.0,CNN_RNND,5,0.14065958658854166,0.004785401041771798,0.4593912760416667,0.021157836889608133,0.126556396484375,0.00024241259755030607,0.12670796712239585,0.00036520997757549144,-2.2846132390006013,0.05093624022688011,3.958961713169039,0.010355651903548499,6.243574952169641,0.05886483431740122,1.131111652815283,0.03145088236688566
matched,MATCHED_Rayleigh,,Rayleigh,4.0,ML,5,0.050002034505208334,0.0010113762562611347,0.12102864583333332,0.0018381841814502173,,0.0,,0.0,,0.0,,0.0,,0.0,1.0004184578823092,0.08430259177242093
matched,MATCHED_Rayleigh,,Rayleigh,4.0,PNND,5,0.18131306966145835,0.016666235582915963,0.5969726562500001,0.0930814855580564,0.126556396484375,0.00024241259755030607,,0.0,-2.2846132390006013,0.05093624022688011,,0.0,,0.0,0.912480061288079,0.026258973155338313
matched,MATCHED_Rayleigh,,Rayleigh,4.0,Proposed_CA_CNN_RNND,5,0.07512410481770833,0.0012465599527282777,0.26360677083333334,0.0064134110122332985,0.126556396484375,0.00024241259755030607,0.12695515950520833,0.000372924027734346,-2.2846132390006013,0.05093624022688011,4.631008654506639,0.012414580928996343,6.915621893507239,0.06110795427288299,1.1039025044586501,0.0272854233686139
matched,MATCHED_Rayleigh,,Rayleigh,4.0,RNND_Zhu,5,0.13557942708333334,0.0017590383093821003,0.407763671875,0.010476196575988724,0.126556396484375,0.00024241259755030607,0.09774678548177085,0.0005853667835282843,-2.2846132390006013,0.05093624022688011,5.147032665205818,0.0304770734529646,7.43164590420642,0.07884676467988143,1.077410142139949,0.042581623062921375
matched,MATCHED_Rayleigh,,Rayleigh,4.0,SC,5,0.05038655598958334,0.0011772122523508858,0.122314453125,0.0015916021497076754,,0.0,,0.0,,0.0,,0.0,,0.0,2.0997987974169523,0.09527844235490984
matched,MATCHED_Rayleigh,,Rayleigh,5.0,CNN_RNND,5,0.111871337890625,0.005184778953664189,0.384521484375,0.019917379965039735,0.10887858072916667,0.0009566948422693724,0.10893452962239585,0.0008760384880678061,-1.3047514042358699,0.03229380471066236,4.539142259593281,0.03342637771540822,5.843893663829149,0.031141733628294595,1.125625082446883,0.033445345693776815
matched,MATCHED_Rayleigh,,Rayleigh,5.0,ML,5,0.03088785807291667,0.0013107685660250022,0.07493489583333332,0.0028281232390096798,,0.0,,0.0,,0.0,,0.0,,0.0,0.9815044090070538,0.09609746137103757
matched,MATCHED_Rayleigh,,Rayleigh,5.0,PNND,5,0.154315185546875,0.01952346991183989,0.531201171875,0.10986752499519782,0.10887858072916667,0.0009566948422693724,,0.0,-1.3047514042358699,0.03229380471066236,,0.0,,0.0,0.8997479956936634,0.00994461024111653
matched,MATCHED_Rayleigh,,Rayleigh,5.0,Proposed_CA_CNN_RNND,5,0.052553304036458325,0.001868499485570031,0.19459635416666668,0.008047675593938767,0.10887858072916667,0.0009566948422693724,0.10934956868489583,0.0009033523874631078,-1.3047514042358699,0.03229380471066236,5.256373528523712,0.029622740330233193,6.561124932759583,0.02044770353665957,1.0981833990323746,0.02502462820973627
matched,MATCHED_Rayleigh,,Rayleigh,5.0,RNND_Zhu,5,0.10589396158854165,0.002062646159057061,0.33111979166666666,0.009378764491678392,0.10887858072916667,0.0009566948422693724,0.0795745849609375,0.000868813528166914,-1.3047514042358699,0.03229380471066236,5.944204973553189,0.04636920554638118,7.248956377789059,0.019745401390614814,1.0532789550173525,0.02958771101781826
matched,MATCHED_Rayleigh,,Rayleigh,5.0,SC,5,0.03115641276041666,0.0013613599374886055,0.07571614583333333,0.00257192360353232,,0.0,,0.0,,0.0,,0.0,,0.0,2.143904866140171,0.06589895837385547
matched,MATCHED_Rayleigh,,Rayleigh,6.0,CNN_RNND,5,0.08525187174479167,0.005974606087800011,0.307275390625,0.023369967335351828,0.09218851725260417,0.0007024661409298391,0.09219970703125,0.0006722377431199048,-0.2750865756209834,0.01588877786729216,5.179563925060302,0.02573372548670936,5.454650500681285,0.012824878515588365,1.1084718911054854,0.02330843575269867
matched,MATCHED_Rayleigh,,Rayleigh,6.0,ML,5,0.01803792317708333,0.0010200309957701307,0.04402669270833333,0.0022152763002630514,,0.0,,0.0,,0.0,,0.0,,0.0,0.9458230313915313,0.051730596278000106
matched,MATCHED_Rayleigh,,Rayleigh,6.0,PNND,5,0.12826944986979166,0.02099178156570459,0.4630859375,0.12385867999050428,0.09218851725260417,0.0007024661409298391,,0.0,-0.2750865756209834,0.01588877786729216,,0.0,,0.0,0.8981573065132883,0.028622114548082916
matched,MATCHED_Rayleigh,,Rayleigh,6.0,Proposed_CA_CNN_RNND,5,0.036238606770833334,0.0019799823084168233,0.13946940104166666,0.007982813573600644,0.09218851725260417,0.0007024661409298391,0.09249471028645832,0.0007266541603225055,-0.2750865756209834,0.01588877786729216,5.941769490981688,0.02300540828016308,6.216856066602672,0.028297381801824072,1.116956724445117,0.021170339409152788
matched,MATCHED_Rayleigh,,Rayleigh,6.0,RNND_Zhu,5,0.07908935546875,0.0016180936789989924,0.25838216145833337,0.009649647693868252,0.09218851725260417,0.0007024661409298391,0.06373799641927083,0.0006554829584187509,-0.2750865756209834,0.01588877786729216,6.803969397550581,0.04259297756842038,7.079055973171566,0.04144223426990017,1.0544167158362447,0.03220637148246705
matched,MATCHED_Rayleigh,,Rayleigh,6.0,SC,5,0.0179931640625,0.0008790675356722546,0.04412434895833334,0.0017768115689636838,,0.0,,0.0,,0.0,,0.0,,0.0,2.1669569984320938,0.09054242352578432
matched,MATCHED_Rayleigh,,Rayleigh,7.0,CNN_RNND,5,0.06393025716145834,0.004100263733073563,0.24111328125,0.017051377375240474,0.07732645670572916,0.0004800931182401701,0.07731831868489583,0.0005360231107800594,0.697243034887864,0.029231383121979974,5.832454021399847,0.01827322336029368,5.135210986511983,0.019926468568340853,1.0817767095735082,0.023195446638596833
matched,MATCHED_Rayleigh,,Rayleigh,7.0,ML,5,0.009749348958333333,0.00020655488845823956,0.024007161458333332,0.0006303683831717801,,0.0,,0.0,,0.0,,0.0,,0.0,0.9508552068382414,0.04490605978409762
matched,MATCHED_Rayleigh,,Rayleigh,7.0,PNND,5,0.106024169921875,0.022627735921071014,0.401708984375,0.14068093070632998,0.07732645670572916,0.0004800931182401701,,0.0,0.697243034887864,0.029231383121979974,,0.0,,0.0,0.8910590357421219,0.013397972955121391
matched,MATCHED_Rayleigh,,Rayleigh,7.0,Proposed_CA_CNN_RNND,5,0.023663330078125,0.0010612972579671373,0.09513346354166666,0.004708462221075062,0.07732645670572916,0.0004800931182401701,0.07732747395833334,0.0005508847864532153,0.697243034887864,0.029231383121979974,6.664443471677086,0.045284922344780064,5.967200436789222,0.05454629404053705,1.1131251824281208,0.04612044979177735
matched,MATCHED_Rayleigh,,Rayleigh,7.0,RNND_Zhu,5,0.058538818359375,0.0016075906532316332,0.1968912760416667,0.00848866182720406,0.07732645670572916,0.0004800931182401701,0.05064595540364584,0.0005306023127599982,0.697243034887864,0.029231383121979974,7.651691249890531,0.03200867243099911,6.9544482150026665,0.035191945721008505,1.074521613494047,0.01971129780950386
matched,MATCHED_Rayleigh,,Rayleigh,7.0,SC,5,0.009796142578125,0.00030168014783400326,0.024218750000000004,0.0007061814176405158,,0.0,,0.0,,0.0,,0.0,,0.0,2.192112452803485,0.0621010450993249
matched,MATCHED_RicianLOS,,RicianLOS,0.0,CNN_RNND,5,0.22039591471354164,0.0019818211205310165,0.6298990885416667,0.008676710336765528,0.18106994628906253,0.0005072945006902988,0.18118286132812497,0.0005082192381509132,-2.6697593085263525,0.024073951060215468,2.5576061299017363,0.026624762732651415,5.227365438428088,0.034600431021627825,1.1479601236411932,0.05471980686433613
matched,MATCHED_RicianLOS,,RicianLOS,0.0,ML,5,0.15542195638020834,0.0031372687123028442,0.3626790364583333,0.0056577098781995985,,0.0,,0.0,,0.0,,0.0,,0.0,0.9546982577527766,0.04075251470094835
matched,MATCHED_RicianLOS,,RicianLOS,0.0,PNND,5,0.218182373046875,0.0014374142853894516,0.6092610677083333,0.003020729852416698,0.18106994628906253,0.0005072945006902988,,0.0,-2.6697593085263525,0.024073951060215468,,0.0,,0.0,0.9362170089843858,0.031446599369389386
matched,MATCHED_RicianLOS,,RicianLOS,0.0,Proposed_CA_CNN_RNND,5,0.17797241210937498,0.0010156899211381206,0.539111328125,0.004951034366755582,0.18106994628906253,0.0005072945006902988,0.1818878173828125,0.0005859432396784167,-2.6697593085263525,0.024073951060215468,3.0285034366611425,0.009099534829288223,5.6982627451874945,0.025692822219849497,1.1541975785197187,0.045238571109916345
matched,MATCHED_RicianLOS,,RicianLOS,0.0,RNND_Zhu,5,0.20975545247395835,0.0010298495754099777,0.5530110677083333,0.00473042368042686,0.18106994628906253,0.0005072945006902988,0.1401641845703125,0.0007275454345242028,-2.6697593085263525,0.024073951060215468,3.6889304137180914,0.022919629299885884,6.358689722244444,0.02712509877922352,1.1294726239915085,0.05056057582519059
matched,MATCHED_RicianLOS,,RicianLOS,0.0,SC,5,0.15630696614583334,0.003194769218539251,0.3659016927083333,0.005639771739498059,,0.0,,0.0,,0.0,,0.0,,0.0,2.112425765214236,0.07677821652556752
matched,MATCHED_RicianLOS,,RicianLOS,1.0,CNN_RNND,5,0.17587483723958333,0.0021180166612677583,0.53134765625,0.012812718748794293,0.15665181477864584,0.0007003638275924264,0.156854248046875,0.000620100783751047,-1.6583048258439654,0.017564934118720402,3.1962754268441382,0.031230686928920528,4.854580252688104,0.032194611778623226,1.1052116519749688,0.016862877190710945
matched,MATCHED_RicianLOS,,RicianLOS,1.0,ML,5,0.109124755859375,0.0019321587886175315,0.25901692708333335,0.0033600270823744634,,0.0,,0.0,,0.0,,0.0,,0.0,0.9963020659142785,0.0757314274688953
matched,MATCHED_RicianLOS,,RicianLOS,1.0,PNND,5,0.17515258789062502,0.0015632528239875932,0.5120768229166666,0.005172799008982904,0.15665181477864584,0.0007003638275924264,,0.0,-1.6583048258439654,0.017564934118720402,,0.0,,0.0,0.9146308949918117,0.04213884513585955
matched,MATCHED_RicianLOS,,RicianLOS,1.0,Proposed_CA_CNN_RNND,5,0.13385009765625,0.0018327352088168124,0.4287109375,0.0059813069091838944,0.15665181477864584,0.0007003638275924264,0.15701497395833336,0.0007196891432175776,-1.6583048258439654,0.017564934118720402,3.6124132741668182,0.017125337371529485,5.270718100010784,0.026501132396870592,1.1427768394393447,0.04842516514264493
matched,MATCHED_RicianLOS,,RicianLOS,1.0,RNND_Zhu,5,0.16631673177083334,0.0019473360950808902,0.45341796875,0.006130744385597108,0.15665181477864584,0.0007003638275924264,0.111480712890625,0.0005795773836285748,-1.6583048258439654,0.017564934118720402,4.611569199242126,0.0359194181237494,6.26987402508609,0.04227935331639581,1.0958261232948039,0.047143113283798804
matched,MATCHED_RicianLOS,,RicianLOS,1.0,SC,5,0.10991414388020833,0.0016788828940917067,0.26145833333333335,0.002416457813928434,,0.0,,0.0,,0.0,,0.0,,0.0,2.0860208849171613,0.05422663305930263
matched,MATCHED_RicianLOS,,RicianLOS,2.0,CNN_RNND,5,0.12978922526041664,0.0033550634858594275,0.4195638020833334,0.014896535434493414,0.13059387207031253,0.00038637859892042513,0.13065287272135415,0.0004850999191310659,-0.6423629735843772,0.01943615277513942,3.9654835277087797,0.010741627687579037,4.607846501293157,0.021914864778274805,1.1055534533473597,0.03455864438812649
matched,MATCHED_RicianLOS,,RicianLOS,2.0,ML,5,0.06781005859375,0.0008080597781671383,0.162158203125,0.001283642197469432,,0.0,,0.0,,0.0,,0.0,,0.0,0.9363273439551751,0.04131860806209035
matched,MATCHED_RicianLOS,,RicianLOS,2.0,PNND,5,0.129888916015625,0.0014351664217055098,0.4034993489583333,0.005340612986604259,0.13059387207031253,0.00038637859892042513,,0.0,-0.6423629735843772,0.01943615277513942,,0.0,,0.0,0.9129107903997162,0.02843230851555062
matched,MATCHED_RicianLOS,,RicianLOS,2.0,Proposed_CA_CNN_RNND,5,0.091632080078125,0.0007807504858423364,0.3128580729166667,0.0057609485750845174,0.13059387207031253,0.00038637859892042513,0.13106180826822916,0.0007307014746255104,-0.6423629735843772,0.01943615277513942,4.342258249954904,0.011705558339180726,4.984621223539281,0.012046532305799293,1.105848307740113,0.047088515609634514
matched,MATCHED_RicianLOS,,RicianLOS,2.0,RNND_Zhu,5,0.11973673502604165,0.002044887753355486,0.3433919270833333,0.0062775217846164555,0.13059387207031253,0.00038637859892042513,0.084271240234375,0.00046344481306449803,-0.6423629735843772,0.01943615277513942,5.740894222500747,0.028064755270676034,6.383257196085124,0.03793083535501985,1.0989715349296603,0.050256449519495504
matched,MATCHED_RicianLOS,,RicianLOS,2.0,SC,5,0.068731689453125,0.0011418541537361279,0.16463216145833334,0.0023635312062919253,,0.0,,0.0,,0.0,,0.0,,0.0,2.0544516113811064,0.0771348434903463
matched,MATCHED_RicianLOS,,RicianLOS,3.0,CNN_RNND,5,0.09217732747395833,0.0016679623901738306,0.31577148437499997,0.011189615884232944,0.10851338704427083,0.0010651113261951446,0.10861918131510417,0.001001100093176509,0.3416960985349104,0.029402990095405,4.731734181683788,0.02716535084818468,4.390038083148877,0.02419949581833231,1.0982098463803898,0.01645275173151238
matched,MATCHED_RicianLOS,,RicianLOS,3.0,ML,5,0.039251708984375,0.00097187826149936,0.09484049479166666,0.002121043642379931,,0.0,,0.0,,0.0,,0.0,,0.0,0.9893360489362143,0.08538930279025131
matched,MATCHED_RicianLOS,,RicianLOS,3.0,PNND,5,0.09381510416666668,0.0012829003288878213,0.30517578124999994,0.004993456691615376,0.10851338704427083,0.0010651113261951446,,0.0,0.3416960985349104,0.029402990095405,,0.0,,0.0,0.8932620100191949,0.03606713738003618
matched,MATCHED_RicianLOS,,RicianLOS,3.0,Proposed_CA_CNN_RNND,5,0.06070149739583334,0.0008801851269523873,0.21866861979166666,0.003994267966083335,0.10851338704427083,0.0010651113261951446,0.1087615966796875,0.000982344254177954,0.3416960985349104,0.029402990095405,5.122528598329104,0.029803488062456557,4.780832499794194,0.03366355351445476,1.1164331719252611,0.03328602181761634
matched,MATCHED_RicianLOS,,RicianLOS,3.0,RNND_Zhu,5,0.08480021158854167,0.0007923934198219665,0.2538736979166667,0.006682499522313699,0.10851338704427083,0.0010651113261951446,0.0624603271484375,0.0010712435490612927,0.3416960985349104,0.029402990095405,6.880125633842541,0.08403038588395711,6.538429535307628,0.0895086688380751,1.1010288896310765,0.03607519501411708
matched,MATCHED_RicianLOS,,RicianLOS,3.0,SC,5,0.03935750325520833,0.0013229564688294361,0.09500325520833333,0.0023350589819716673,,0.0,,0.0,,0.0,,0.0,,0.0,2.0405471824839574,0.0779373704928405
matched,MATCHED_RicianLOS,,RicianLOS,4.0,CNN_RNND,5,0.06162923177083333,0.0032543546828888987,0.223046875,0.014380990406522635,0.08742777506510416,0.0008240452488889849,0.08750712076822917,0.0008682893067454226,1.30821476845402,0.04311485717558189,5.583308777191365,0.06424401060800959,4.275094008737346,0.03082209500717398,1.0869682967040717,0.023132374920341144
matched,MATCHED_RicianLOS,,RicianLOS,4.0,ML,5,0.019740804036458334,0.0007764709851116388,0.04817708333333333,0.002036945151494762,,0.0,,0.0,,0.0,,0.0,,0.0,0.9860542642551687,0.09257345740799638
matched,MATCHED_RicianLOS,,RicianLOS,4.0,PNND,5,0.06268717447916666,0.002207808456183221,0.2142578125,0.008315408820753736,0.08742777506510416,0.0008240452488889849,,0.0,1.30821476845402,0.04311485717558189,,0.0,,0.0,0.8854596823463604,0.026205080621249
matched,MATCHED_RicianLOS,,RicianLOS,4.0,Proposed_CA_CNN_RNND,5,0.03680013020833333,0.0014713742246357765,0.13865559895833335,0.008631175841647385,0.08742777506510416,0.0008240452488889849,0.08742879231770832,0.0007745779093177442,1.30821476845402,0.04311485717558189,6.0302255472570465,0.035748499722572755,4.7220107788030266,0.03908235986721799,1.1023034839278503,0.03435724305294655
matched,MATCHED_RicianLOS,,RicianLOS,4.0,RNND_Zhu,5,0.05516357421875,0.0020227525125222686,0.172998046875,0.006321623802505722,0.08742777506510416,0.0008240452488889849,0.04506429036458333,0.0006107223232351516,1.30821476845402,0.04311485717558189,8.121899879218677,0.0660893071635394,6.8136851107646565,0.07679984427064411,1.071681526809698,0.0471414236993366
matched,MATCHED_RicianLOS,,RicianLOS,4.0,SC,5,0.019875081380208333,0.0006713635989745582,0.048583984375,0.001956512903673716,,0.0,,0.0,,0.0,,0.0,,0.0,2.048632582803596,0.08613604594620793
matched,MATCHED_RicianLOS,,RicianLOS,5.0,CNN_RNND,5,0.03719685872395834,0.0014372738969055231,0.14306640625,0.007134357383046457,0.06825663248697916,0.0006858010456357733,0.06828511555989583,0.0006240017687677455,2.324046374613463,0.021036240017601994,6.5250429898815385,0.05479341143683085,4.200996615268075,0.0525422572132826,1.0877030282093376,0.025763099927928124
matched,MATCHED_RicianLOS,,RicianLOS,5.0,ML,5,0.008888753255208331,0.0005647996794112186,0.021923828125,0.0011314483262655985,,0.0,,0.0,,0.0,,0.0,,0.0,0.9423051437806862,0.0335172395434884
matched,MATCHED_RicianLOS,,RicianLOS,5.0,PNND,5,0.040055338541666666,0.0009467447078632928,0.14534505208333331,0.0033196741624953,0.06825663248697916,0.0006858010456357733,,0.0,2.324046374613463,0.021036240017601994,,0.0,,0.0,0.9054514786536553,0.04150772728615054
matched,MATCHED_RicianLOS,,RicianLOS,5.0,Proposed_CA_CNN_RNND,5,0.020719401041666665,0.0009073072091255687,0.082861328125,0.005023670856229657,0.06825663248697916,0.0006858010456357733,0.06843973795572916,0.0006700116342383334,2.324046374613463,0.021036240017601994,7.067294665804677,0.03180066849806736,4.743248291191214,0.042709874112775784,1.0985156715529834,0.03554258201517185
matched,MATCHED_RicianLOS,,RicianLOS,5.0,RNND_Zhu,5,0.03316650390624999,0.0013181882519591535,0.11004231770833335,0.005817802735794761,0.06825663248697916,0.0006858010456357733,0.03138224283854167,0.0007592599941069087,2.324046374613463,0.021036240017601994,9.467619402834,0.10138422710967797,7.143573028220537,0.11634889715898457,1.0637605934486296,0.03852755498543131
matched,MATCHED_RicianLOS,,RicianLOS,5.0,SC,5,0.008927408854166667,0.0005666836610985213,0.0220703125,0.0010522936116695706,,0.0,,0.0,,0.0,,0.0,,0.0,2.044388442830799,0.0795266152605455
matched,MATCHED_RicianLOS,,RicianLOS,6.0,CNN_RNND,5,0.021103922526041666,0.0013683200867929757,0.08693033854166667,0.008739453878190351,0.051612345377604174,0.00042023430273736124,0.05166524251302083,0.00038139172922230393,3.337403211402743,0.03516519500441703,7.526175104402756,0.06963107470099787,4.188771893000014,0.07348229999815566,1.0897561708134162,0.032117849426503656
matched,MATCHED_RicianLOS,,RicianLOS,6.0,ML,5,0.0033835856119791667,0.0002502073348769467,0.008365885416666666,0.0005684976952009436,,0.0,,0.0,,0.0,,0.0,,0.0,0.944627886762343,0.04243049183181047
matched,MATCHED_RicianLOS,,RicianLOS,6.0,PNND,5,0.023760986328125,0.001261791043462576,0.09109700520833335,0.005474172658744247,0.051612345377604174,0.00042023430273736124,,0.0,3.337403211402743,0.03516519500441703,,0.0,,0.0,0.8777698894846253,0.04055341998224719
matched,MATCHED_RicianLOS,,RicianLOS,6.0,Proposed_CA_CNN_RNND,5,0.010542805989583334,0.0005084533397320251,0.045638020833333334,0.0038646603257014986,0.051612345377604174,0.00042023430273736124,0.05166015625,0.0003892470267762875,3.337403211402743,0.03516519500441703,8.223798338180377,0.039423531799524215,4.886395126777633,0.048629781160284845,1.0939000162579762,0.019958304859812127
matched,MATCHED_RicianLOS,,RicianLOS,6.0,RNND_Zhu,5,0.019108072916666666,0.0005993853995320747,0.06684570312500002,0.0022542464603537635,0.051612345377604174,0.00042023430273736124,0.021308390299479167,0.00021807556596253205,3.337403211402743,0.03516519500441703,10.838814157265194,0.10144840795297713,7.5014109458624505,0.11616866259884422,1.0547662592822842,0.033046162746720564
matched,MATCHED_RicianLOS,,RicianLOS,6.0,SC,5,0.0033929443359375006,0.0002847340737695905,0.008385416666666668,0.0005808745745298014,,0.0,,0.0,,0.0,,0.0,,0.0,2.0770383770241096,0.08612880149489523
matched,MATCHED_RicianLOS,,RicianLOS,7.0,CNN_RNND,5,0.012284342447916666,0.0015450958687678567,0.0525390625,0.007222373137568268,0.0386749267578125,0.0003637904958351872,0.03866170247395833,0.0004336676825725417,4.321891608866982,0.028752768999990606,8.553458275609113,0.14310812420878397,4.231566666742133,0.12259279258026236,1.0782146641001114,0.029845970308536474
matched,MATCHED_RicianLOS,,RicianLOS,7.0,ML,5,0.0012077303596468637,0.0001382047230270351,0.00290108146248283,0.00023408973542571004,,0.0,,0.0,,0.0,,0.0,,0.0,0.9740440125342198,0.044010299888900706
matched,MATCHED_RicianLOS,,RicianLOS,7.0,PNND,5,0.014219156901041669,0.000948895497480226,0.056884765625,0.004033454679865321,0.0386749267578125,0.0003637904958351872,,0.0,4.321891608866982,0.028752768999990606,,0.0,,0.0,0.8814160006901754,0.03514779450959511
matched,MATCHED_RicianLOS,,RicianLOS,7.0,Proposed_CA_CNN_RNND,5,0.00538330078125,0.000554398002954846,0.02420654296875,0.00272252983725344,0.038617451985677086,0.0003710009642935078,0.03864084879557292,0.0003955464808604629,4.316175601566926,0.027698317003645098,9.455347598331834,0.05255862422737398,5.139171996764908,0.05598812105754729,1.105062545055565,0.028718723177852443
matched,MATCHED_RicianLOS,,RicianLOS,7.0,RNND_Zhu,5,0.011199951171875,0.00045236298002846636,0.04119466145833333,0.002421932971766409,0.0386749267578125,0.0003637904958351872,0.014592488606770832,0.00030882036630989324,4.321891608866982,0.028752768999990606,12.117011846943454,0.09520064201836129,7.795120238076474,0.10636065950134593,1.0550971505078146,0.018885466978092735
matched,MATCHED_RicianLOS,,RicianLOS,7.0,SC,5,0.001212284241840516,0.00013452681361351943,0.0029184977213541664,0.0002282706683955168,,0.0,,0.0,,0.0,,0.0,,0.0,2.0937742005883755,0.09691901385877744
mixed,MIXED,,AWGN,0.0,CNN_RNND,5,0.16829427083333331,0.004760008535342416,0.523974609375,0.009408938823776252,0.158453369140625,0.0005206331225869891,0.15846964518229167,0.0005937501373346633,0.0025090236266112433,0.007339021756389102,3.2887124020708285,0.031559249003369816,3.2862033784442177,0.03326300396829864,0.8853282755201993,0.16429484485421475
mixed,MIXED,,AWGN,0.0,ML,5,0.12483927408854165,0.0011434797115271907,0.2968587239583333,0.0024518278003386753,,0.0,,0.0,,0.0,,0.0,,0.0,0.5884844730038215,0.12772503845775043
mixed,MIXED,,AWGN,0.0,PNND,5,0.15750325520833333,0.001456686548998275,0.48478190104166663,0.00786972282172537,0.158453369140625,0.0005206331225869891,,0.0,0.0025090236266112433,0.007339021756389102,,0.0,,0.0,0.6523211576829151,0.023828674719047305
mixed,MIXED,,AWGN,0.0,Proposed_CA_CNN_RNND,5,0.15004069010416668,0.005051468921608371,0.4726236979166667,0.012050812465490581,0.158453369140625,0.0005206331225869891,0.15851033528645836,0.0006244369295030106,0.0025090236266112433,0.007339021756389102,3.4461917059290124,0.015608471633378428,3.443682682302401,0.018606659383983287,0.8448891132199302,0.0771494405261472
mixed,MIXED,,AWGN,0.0,RNND_Zhu,5,0.14337361653645833,0.0022552217221762016,0.4095703125,0.00766258513953192,0.158453369140625,0.0005206331225869891,0.101666259765625,0.0012010453837299428,0.0025090236266112433,0.007339021756389102,4.992155714540514,0.030918177809395365,4.9896466909139034,0.03613850246376177,0.8073651713402796,0.05415253905367382
mixed,MIXED,,AWGN,0.0,SC,5,0.12519938151041665,0.0017239295576753854,0.29902343749999993,0.002529733588223167,,0.0,,0.0,,0.0,,0.0,,0.0,1.7543641263273457,0.030902467272407894
mixed,MIXED,,AWGN,1.0,CNN_RNND,5,0.11539306640625,0.004247078961906204,0.38992513020833336,0.014835949013502273,0.13069254557291665,0.0009640877052844136,0.13075459798177083,0.0010450420231338507,1.0035628242523142,0.01332476353169603,4.167392555027268,0.038591935507582435,3.1638297307749546,0.03139614449518253,0.7572413589211162,0.028397887021529036
mixed,MIXED,,AWGN,1.0,ML,5,0.07813517252604166,0.0019553357434240605,0.187255859375,0.005158503903561361,,0.0,,0.0,,0.0,,0.0,,0.0,0.5718721846884971,0.07064200202246523
mixed,MIXED,,AWGN,1.0,PNND,5,0.10889485677083333,0.003098460258934236,0.360791015625,0.00974536064820665,0.13069254557291665,0.0009640877052844136,,0.0,1.0035628242523142,0.01332476353169603,,0.0,,0.0,0.578529282317201,0.022384223943631917
mixed,MIXED,,AWGN,1.0,Proposed_CA_CNN_RNND,5,0.10368245442708335,0.004129623366449786,0.3484212239583333,0.013120599644844102,0.13069254557291665,0.0009640877052844136,0.13078715006510416,0.0008697688229163117,1.0035628242523142,0.01332476353169603,4.223003645892719,0.02840868927872576,3.2194408216404042,0.02078751176756044,0.7786668296224283,0.04012165107495556
mixed,MIXED,,AWGN,1.0,RNND_Zhu,5,0.09282836914062499,0.0030483871495125083,0.2796549479166667,0.012619916255355345,0.13069254557291665,0.0009640877052844136,0.0711181640625,0.0014618321649724987,1.0035628242523142,0.01332476353169603,6.313325838379212,0.06696607926699842,5.309763014126898,0.06043510993350937,0.7591834616960115,0.026555028797870767
mixed,MIXED,,AWGN,1.0,SC,5,0.07823486328125,0.001867419234242485,0.188671875,0.0042402134332579534,,0.0,,0.0,,0.0,,0.0,,0.0,1.6884184882807556,0.07294329862547352
mixed,MIXED,,AWGN,2.0,CNN_RNND,5,0.07308349609375,0.0032050528578582665,0.2626627604166667,0.01007531678127972,0.10477803548177085,0.00042090785661873974,0.10475362141927083,0.0003390977644856903,1.9851279162865247,0.011709327154095523,5.133244355165756,0.02410291534268399,3.1481164388792315,0.019205022055076595,0.7510632656249072,0.022878145551223753
mixed,MIXED,,AWGN,2.0,ML,5,0.04335734049479167,0.0011324310756773215,0.10374348958333335,0.001961077289571823,,0.0,,0.0,,0.0,,0.0,,0.0,0.5521373698987493,0.04646922275868509
mixed,MIXED,,AWGN,2.0,PNND,5,0.06864013671875,0.003420492784335728,0.241259765625,0.009216932846833637,0.10477803548177085,0.00042090785661873974,,0.0,1.9851279162865247,0.011709327154095523,,0.0,,0.0,0.6028882808095659,0.03153352375482688
mixed,MIXED,,AWGN,2.0,Proposed_CA_CNN_RNND,5,0.06618245442708333,0.0037866604784703123,0.234130859375,0.013867865651820839,0.10477803548177085,0.00042090785661873974,0.104864501953125,0.00040822449668249743,1.9851279162865247,0.011709327154095523,5.138003318532613,0.019562509774929307,3.152875402246088,0.012140873754219055,0.7507860990093225,0.017941392438033592
mixed,MIXED,,AWGN,2.0,RNND_Zhu,5,0.05459798177083334,0.001778671341727572,0.173486328125,0.007659343345435224,0.10477803548177085,0.00042090785661873974,0.046629842122395834,0.0007816843309012976,1.9851279162865247,0.011709327154095523,7.767116329175849,0.04700667803140495,5.781988412889324,0.04382455267255214,0.740351382925534,0.05171672613124811
mixed,MIXED,,AWGN,2.0,SC,5,0.043865966796875,0.0013443022992662337,0.10519205729166665,0.0021443337444311157,,0.0,,0.0,,0.0,,0.0,,0.0,1.6848067370271262,0.06941562733985267
mixed,MIXED,,AWGN,3.0,CNN_RNND,5,0.039227294921875,0.0024577062913004964,0.15416666666666665,0.00925922967764756,0.07907511393229168,0.0006312029866955247,0.0791229248046875,0.0005553048635320376,2.9929487692319094,0.008459881741180252,6.265526744605455,0.04136450161138536,3.2725779753735464,0.034179980946995786,0.7650866033751906,0.03613827567877928
mixed,MIXED,,AWGN,3.0,ML,5,0.019258626302083335,0.0009272747128006013,0.047347005208333334,0.001842682265260281,,0.0,,0.0,,0.0,,0.0,,0.0,0.5448099936226452,0.06228010886621529
mixed,MIXED,,AWGN,3.0,PNND,5,0.03738810221354166,0.0025016721458002325,0.14345703125,0.009159775368824959,0.07907511393229168,0.0006312029866955247,,0.0,2.9929487692319094,0.008459881741180252,,0.0,,0.0,0.5754742517183331,0.02482329405426717
mixed,MIXED,,AWGN,3.0,Proposed_CA_CNN_RNND,5,0.03677164713541667,0.0037142008659591928,0.14111328125,0.012247788945515321,0.07907511393229168,0.0006312029866955247,0.07915140787760416,0.0006210804097457684,2.9929487692319094,0.008459881741180252,6.285286686745859,0.021443129735725357,3.2923379175139496,0.01605974012230912,0.7529565910620779,0.0316194348370349
mixed,MIXED,,AWGN,3.0,RNND_Zhu,5,0.026222737630208333,0.0012294961223786776,0.09073893229166667,0.004754303928703945,0.07907511393229168,0.0006312029866955247,0.02787577311197917,0.00044438048664568243,2.9929487692319094,0.008459881741180252,9.399969662133119,0.06759332770975529,6.407020892901208,0.06136181090858537,0.7448185025774972,0.03972882771392471
mixed,MIXED,,AWGN,3.0,SC,5,0.019303385416666666,0.0009618982699970215,0.04747721354166667,0.001723070974639549,,0.0,,0.0,,0.0,,0.0,,0.0,1.6997974133422153,0.06453596735290058
mixed,MIXED,,AWGN,4.0,CNN_RNND,5,0.017720540364583336,0.0009193904049693012,0.07529296875,0.0032923298421209525,0.056587727864583326,0.00041901670774830904,0.0566650390625,0.0003619011067537732,3.9909628429982646,0.013834149423890165,7.535037298709741,0.03071134398443963,3.5440744557114767,0.03627281891158145,0.7262000489542213,0.023153922874188076
mixed,MIXED,,AWGN,4.0,ML,5,0.00684814453125,0.0006580531537120517,0.016666666666666666,0.00178053498371134,,0.0,,0.0,,0.0,,0.0,,0.0,0.5810262033871065,0.06543161870620508
mixed,MIXED,,AWGN,4.0,PNND,5,0.01698201497395833,0.002731267359023963,0.06931966145833335,0.01056837237938185,0.056587727864583326,0.00041901670774830904,,0.0,3.9909628429982646,0.013834149423890165,,0.0,,0.0,0.5598499664453509,0.032144730444437095
mixed,MIXED,,AWGN,4.0,Proposed_CA_CNN_RNND,5,0.017911783854166665,0.0018340108109188126,0.07345377604166667,0.007258959484866814,0.056587727864583326,0.00041901670774830904,0.05665995279947918,0.0004999229939752879,3.9909628429982646,0.013834149423890165,7.690508634265763,0.02382840107973693,3.6995457912674974,0.01671912854794519,0.730653223020757,0.009366355333669973
mixed,MIXED,,AWGN,4.0,RNND_Zhu,5,0.010475667317708335,0.00034709040470865156,0.03865559895833333,0.0012854466958765727,0.056587727864583326,0.00041901670774830904,0.014742024739583335,0.00033743435771746406,3.9909628429982646,0.013834149423890165,11.129148363961614,0.0738580083890566,7.138185520963347,0.06740907582414636,0.7465073717109287,0.059193029976633275
mixed,MIXED,,AWGN,4.0,SC,5,0.006953938802083333,0.0006540783949134309,0.016975911458333333,0.0018166206260703218,,0.0,,0.0,,0.0,,0.0,,0.0,1.71116625817073,0.08542740659401062
mixed,MIXED,,AWGN,5.0,CNN_RNND,5,0.006654866536458333,0.0004968630781949388,0.030598958333333332,0.002446825582417465,0.037785847981770836,0.0007933918200700061,0.037867228190104164,0.0008487356133647,5.000182204543591,0.026004799353416628,8.9225657112522,0.09365400862436199,3.92238350670861,0.08421226476359475,0.7440922180042738,0.030459157487099105
mixed,MIXED,,AWGN,5.0,ML,5,0.0018607923719618055,0.0001635466939592603,0.004477403428819445,0.0003528589120732099,,0.0,,0.0,,0.0,,0.0,,0.0,0.5372790843062426,0.027475277244625798
mixed,MIXED,,AWGN,5.0,PNND,5,0.006696065266927083,0.001823556523763724,0.0306640625,0.007396516365425531,0.037773386637369795,0.0007971674817005504,,0.0,4.999523369643291,0.025690307971847393,,0.0,,0.0,0.5682293329793235,0.04052553882139057
mixed,MIXED,,AWGN,5.0,Proposed_CA_CNN_RNND,5,0.007745361328125,0.0013914736564406695,0.03411458333333333,0.006169457156501111,0.037785847981770836,0.0007933918200700061,0.03788960774739583,0.0009154185477710443,5.000182204543591,0.026004799353416628,9.365602268425004,0.07404451249105386,4.365420063881415,0.050496186373857894,0.7459090663057092,0.03034449909844121
mixed,MIXED,,AWGN,5.0,RNND_Zhu,5,0.0031756591796875005,0.0003820067292300902,0.0133251953125,0.0014801983884208426,0.03770416259765625,0.00035500359696724864,0.007070414225260417,0.0002059116906894505,5.003283602250224,0.012769490071435862,12.811514223427043,0.1394335406977706,7.808230621176821,0.13373859637280586,0.7259589180345453,0.04176483576904481
mixed,MIXED,,AWGN,5.0,SC,5,0.0018937755766369046,0.00021093089443623026,0.004539543030753969,0.0004323026666838943,,0.0,,0.0,,0.0,,0.0,,0.0,1.717380084972406,0.07580684673573171
mixed,MIXED,,AWGN,6.0,CNN_RNND,5,0.0020712837340339783,0.0002503673454600531,0.01057981460813492,0.0011652118999865623,0.0229729485890222,0.0001936291544444809,0.023031888689313617,0.00020013936443245402,6.001113003360562,0.0026984683473478986,10.450431558670317,0.144188090941903,4.4493185553097545,0.14306438488239517,0.7351582870307813,0.028358342867938324
mixed,MIXED,,AWGN,6.0,ML,5,0.00035999999999999997,2.3717082451262848e-05,0.000872,8.438009243891595e-05,,0.0,,0.0,,0.0,,0.0,,0.0,0.5451383178588003,0.017589655263909047
mixed,MIXED,,AWGN,6.0,PNND,5,0.002199489048549107,0.0008345973842628966,0.011081564106466449,0.004157805957199381,0.023007328974736202,0.00010026477501297175,,0.0,5.996660305308103,0.004423431107797122,,0.0,,0.0,0.555945702943455,0.03515010789724415
mixed,MIXED,,AWGN,6.0,Proposed_CA_CNN_RNND,5,0.0029210917154947917,0.0008119726360231536,0.014050699869791666,0.00354171198928107,0.022992782592773438,0.00021793349119314162,0.0231207275390625,0.00026645552540085,6.000272635535845,0.004191513530041954,11.378602167759855,0.09302761382776477,5.3783295322240114,0.09305915466812857,0.7263722153538765,0.019844835076514123
mixed,MIXED,,AWGN,6.0,RNND_Zhu,5,0.0007928902762276786,9.590495014812926e-05,0.003650483630952381,0.0005107523225096812,0.022945699540395582,8.390245186633943e-05,0.0028112526545448907,7.219585087215614e-05,6.003172870977735,0.006368523617100676,14.356355313215332,0.18223868218493922,8.353182442237596,0.1765135165391259,0.7187867393576928,0.033268128305434665
mixed,MIXED,,AWGN,6.0,SC,5,0.00035999999999999997,2.6809513236909044e-05,0.000874,8.203657720797475e-05,,0.0,,0.0,,0.0,,0.0,,0.0,1.7353382497094572,0.07074764562685622
mixed,MIXED,,AWGN,7.0,CNN_RNND,5,0.0005279631569602273,0.00010569189234491536,0.0027448856534090906,0.0004999349333011298,0.012625190873579545,6.632061784329894e-05,0.012666211558948865,7.400753931720744e-05,7.001339580885575,0.004681177520196019,12.080221530180784,0.2081443664235826,5.07888194929521,0.20802953960134088,0.7344627248066072,0.028334170063815542
mixed,MIXED,,AWGN,7.0,ML,5,4.075e-05,1.6877314656070142e-05,0.00010800000000000002,4.7644516998286385e-05,,0.0,,0.0,,0.0,,0.0,,0.0,0.5467095298226923,0.024042675952154948
mixed,MIXED,,AWGN,7.0,PNND,5,0.0006357906705239662,0.00039067076915828163,0.0034378270089285706,0.001996160198652673,0.012620358769237547,6.707605467463653e-05,,0.0,7.0009737096716,0.003646686208023898,,0.0,,0.0,0.5430151414915996,0.02642657745006651
mixed,MIXED,,AWGN,7.0,Proposed_CA_CNN_RNND,5,0.0008574879988128062,0.00030844576149246573,0.004514889916513481,0.0016873170816231059,0.012658082566205191,7.278970646776391e-05,0.012765852133358225,5.888952093404895e-05,6.99776646012981,0.004286023377657126,13.703268956349877,0.18148336901889653,6.705502496220066,0.18397788826032394,0.736620791720308,0.02302559768428106
mixed,MIXED,,AWGN,7.0,RNND_Zhu,5,0.00014425,3.541715685935279e-05,0.000758,0.00020092287077383699,0.012619625,6.739952012069565e-05,0.000915,5.518965879129895e-05,7.001255818161144,0.004618327645376247,15.546814639836057,0.2327477790755539,8.545558821674916,0.23238688411981445,0.7295563400257379,0.020557181462709604
mixed,MIXED,,AWGN,7.0,SC,5,4.075e-05,1.6877314656070142e-05,0.00010800000000000002,4.7644516998286385e-05,,0.0,,0.0,,0.0,,0.0,,0.0,1.7845590421929955,0.08173037970116423
mixed,MIXED,,Impulsive,0.0,CNN_RNND,5,0.2207194010416667,0.0016376755961615913,0.6368489583333333,0.004176874372752528,0.1845550537109375,0.0008046670646706301,0.18466084798177085,0.0008843766794499617,-4.7786413306843425,0.06208318130504149,2.578515375037403,0.012657772252620356,7.357156705721747,0.06547548567557439,1.4958294608883684,0.04480022095080242
mixed,MIXED,,Impulsive,0.0,ML,5,0.19279581705729168,0.002742402464074892,0.4444010416666667,0.004957317322997752,,0.0,,0.0,,0.0,,0.0,,0.0,91.82956954797798,3.847694551904464
mixed,MIXED,,Impulsive,0.0,PNND,5,0.236090087890625,0.0034268022859695745,0.6706380208333333,0.007063314535305877,0.1845550537109375,0.0008046670646706301,,0.0,-4.7786413306843425,0.06208318130504149,,0.0,,0.0,1.328255810525055,0.02281606041722448
mixed,MIXED,,Impulsive,0.0,Proposed_CA_CNN_RNND,5,0.21023152669270834,0.001425562570369962,0.6052897135416666,0.00575255043484769,0.1845550537109375,0.0008046670646706301,0.18475036621093752,0.0009304567181449669,-4.7786413306843425,0.06208318130504149,2.7045449107669346,0.026023467529937446,7.483186241451278,0.04830261363927452,1.4973684415053867,0.02747540611565053
mixed,MIXED,,Impulsive,0.0,RNND_Zhu,5,0.21907552083333331,0.0021416972615818796,0.5787434895833334,0.005443234942937495,0.1845550537109375,0.0008046670646706301,0.1496673583984375,0.001011989967915496,-4.7786413306843425,0.06208318130504149,3.449698005075058,0.03929065033125608,8.2283393357594,0.05010294138487181,1.5124298007170487,0.0818892179002443
mixed,MIXED,,Impulsive,0.0,SC,5,0.19269205729166666,0.0024521126700001988,0.446533203125,0.004592036451714173,,0.0,,0.0,,0.0,,0.0,,0.0,2.467219043940834,0.11613862756854393
mixed,MIXED,,Impulsive,1.0,CNN_RNND,5,0.174090576171875,0.0020943721737234316,0.5341471354166666,0.006839956888158391,0.15847066243489583,0.000861882239382716,0.15861002604166669,0.0009025000092410095,-3.778309780284367,0.033587250735098224,3.230105832831536,0.010775461656231803,7.008415613115902,0.035845129683546396,1.5035708827326741,0.036929524224313996
mixed,MIXED,,Impulsive,1.0,ML,5,0.14485880533854167,0.0018466763450699448,0.3398600260416667,0.004701565021550698,,0.0,,0.0,,0.0,,0.0,,0.0,93.00699822650435,3.524312039802969
mixed,MIXED,,Impulsive,1.0,PNND,5,0.19271240234375,0.004277632474710802,0.5779947916666666,0.012049163649339846,0.15847066243489583,0.000861882239382716,,0.0,-3.778309780284367,0.033587250735098224,,0.0,,0.0,1.3480984686490654,0.08453293512410164
mixed,MIXED,,Impulsive,1.0,Proposed_CA_CNN_RNND,5,0.16461181640625,0.0022265170838183983,0.5019368489583333,0.0073132241697460776,0.15847066243489583,0.000861882239382716,0.15865478515625,0.0009802602590177592,-3.778309780284367,0.033587250735098224,3.2825675043498337,0.025492835323758328,7.0608772846342,0.01836553895587547,1.5059364083451026,0.025706108551460775
mixed,MIXED,,Impulsive,1.0,RNND_Zhu,5,0.1719970703125,0.002737619352375869,0.4779296875,0.009356317625422161,0.15847066243489583,0.000861882239382716,0.12035013834635418,0.0011527844302992132,-3.778309780284367,0.033587250735098224,4.327538902469614,0.03953163660403258,8.10584868275398,0.05547063628319454,1.4875921560057275,0.030806660548962517
mixed,MIXED,,Impulsive,1.0,SC,5,0.14579264322916669,0.002308435087136012,0.34275716145833335,0.005697312085274609,,0.0,,0.0,,0.0,,0.0,,0.0,2.4630882800617355,0.09230467075945328
mixed,MIXED,,Impulsive,2.0,CNN_RNND,5,0.13154500325520832,0.00249663094497666,0.4280436197916667,0.006969634041357616,0.13310750325520834,0.00045522764402846093,0.13310648600260416,0.0004928481261893178,-2.7583494101131776,0.03294757403550947,3.9394208912232727,0.02063346251827491,6.69777030133645,0.03845860778172891,1.5259407859957719,0.0321972679743281
mixed,MIXED,,Impulsive,2.0,ML,5,0.10345865885416668,0.0015103649262083556,0.2465494791666667,0.0028913461513046155,,0.0,,0.0,,0.0,,0.0,,0.0,96.13561788720897,2.867601030548074
mixed,MIXED,,Impulsive,2.0,PNND,5,0.15253499348958333,0.004059108129187719,0.47998046875,0.008042036492733242,0.13310750325520834,0.00045522764402846093,,0.0,-2.7583494101131776,0.03294757403550947,,0.0,,0.0,1.376937370878295,0.09049992611677804
mixed,MIXED,,Impulsive,2.0,Proposed_CA_CNN_RNND,5,0.124395751953125,0.004148785897979173,0.3983072916666667,0.012473040223761422,0.13310750325520834,0.00045522764402846093,0.1332122802734375,0.0004767893449335717,-2.7583494101131776,0.03294757403550947,3.949981653100484,0.03060404663736822,6.708331063213661,0.051694065960191035,1.5298611003800033,0.021026929447270075
mixed,MIXED,,Impulsive,2.0,RNND_Zhu,5,0.13199666341145833,0.0019414659708833913,0.3808268229166667,0.009095781097285422,0.13310750325520834,0.00045522764402846093,0.094244384765625,0.0011245898920205738,-2.7583494101131776,0.03294757403550947,5.276508017181664,0.029254551104300742,8.034857427294842,0.027556866098419605,1.5051360018484652,0.01158601388842313
mixed,MIXED,,Impulsive,2.0,SC,5,0.10404866536458335,0.001335153246651065,0.248583984375,0.003060480156697177,,0.0,,0.0,,0.0,,0.0,,0.0,2.470227409882379,0.09385731729079022
mixed,MIXED,,Impulsive,3.0,CNN_RNND,5,0.09375,0.0011774891137022348,0.32486979166666663,0.0028558540275661817,0.109149169921875,0.0008391763687022779,0.109234619140625,0.0008811324970292711,-1.761060080919627,0.031246539184592175,4.697591231026085,0.03021322665978816,6.458651311945711,0.05357105909421442,1.5538483902825342,0.035482417283044076
mixed,MIXED,,Impulsive,3.0,ML,5,0.06817830403645833,0.0008093521525702517,0.16396484375,0.0018782791850181077,,0.0,,0.0,,0.0,,0.0,,0.0,98.53262613622368,3.4145202111428374
mixed,MIXED,,Impulsive,3.0,PNND,5,0.11669514973958335,0.005259730141601037,0.3865885416666666,0.014564965806560002,0.109149169921875,0.0008391763687022779,,0.0,-1.761060080919627,0.031246539184592175,,0.0,,0.0,1.3996082562546994,0.09239141225780612
mixed,MIXED,,Impulsive,3.0,Proposed_CA_CNN_RNND,5,0.08806559244791666,0.00210843118109462,0.3013834635416667,0.009542432385055944,0.109149169921875,0.0008391763687022779,0.10927327473958333,0.001002497151265864,-1.761060080919627,0.031246539184592175,4.714764446538682,0.037492168480360945,6.475824527458309,0.06222208610290192,1.5711394363885725,0.08933312069679801
mixed,MIXED,,Impulsive,3.0,RNND_Zhu,5,0.09547119140624999,0.00160861702386966,0.29003906249999994,0.008178407274368946,0.109149169921875,0.0008391763687022779,0.07243855794270833,0.0003765724326354331,-1.761060080919627,0.031246539184592175,6.28832811712932,0.03433978049801735,8.049388198048948,0.061280166984235086,1.5202990558312497,0.050871402877020945
mixed,MIXED,,Impulsive,3.0,SC,5,0.06805013020833334,0.0004702854616230031,0.16464843750000002,0.0013585864589876488,,0.0,,0.0,,0.0,,0.0,,0.0,2.4739702951137588,0.1080451094748758
mixed,MIXED,,Impulsive,4.0,CNN_RNND,5,0.06671956380208334,0.0004500926082886498,0.24230143229166665,0.004631742242647436,0.0874114990234375,0.0007730400319669585,0.08747151692708333,0.0006873101679181236,-0.8243177384591766,0.04151980607631494,5.481098222312157,0.051412109968545235,6.305415960771334,0.06522865620649336,1.5529893554836842,0.04339678452912875
mixed,MIXED,,Impulsive,4.0,ML,5,0.044051106770833334,0.00141188651624845,0.1064453125,0.003149739987038348,,0.0,,0.0,,0.0,,0.0,,0.0,101.0996093441463,3.5518648376983313
mixed,MIXED,,Impulsive,4.0,PNND,5,0.08835245768229166,0.004932923144944089,0.3048990885416667,0.016334185694816785,0.0874114990234375,0.0007730400319669585,,0.0,-0.8243177384591766,0.04151980607631494,,0.0,,0.0,1.4034394060521058,0.0901144280206506
mixed,MIXED,,Impulsive,4.0,Proposed_CA_CNN_RNND,5,0.062148030598958334,0.002030541691813937,0.222119140625,0.011054625913510597,0.0874114990234375,0.0007730400319669585,0.08754781087239583,0.0008504453835637692,-0.8243177384591766,0.04151980607631494,5.563252447283928,0.06091796280110023,6.3875701857431055,0.08271165707473459,1.6048130381326093,0.07893134077105086
mixed,MIXED,,Impulsive,4.0,RNND_Zhu,5,0.07013142903645833,0.001378412938331203,0.22091471354166664,0.005409978503303808,0.0874114990234375,0.0007730400319669585,0.057496134440104166,0.00045339691473272436,-0.8243177384591766,0.04151980607631494,7.218470356029326,0.05431276984980897,8.042788094488502,0.040117905269443185,1.521864404215497,0.018190856329546676
mixed,MIXED,,Impulsive,4.0,SC,5,0.044012451171875,0.0016677762599695376,0.10680338541666667,0.00334728974994872,,0.0,,0.0,,0.0,,0.0,,0.0,2.4827133302096627,0.12217914138039311
mixed,MIXED,,Impulsive,5.0,CNN_RNND,5,0.04703776041666667,0.0013138320485917357,0.176806640625,0.0064973318215314916,0.0687744140625,0.0003916191325443688,0.068865966796875,0.0003360130252268001,0.23897835682191965,0.02014876355953283,6.2973997627552425,0.026560444956897418,6.058421405933322,0.025676347047274225,1.5539735822282332,0.02871385685485491
mixed,MIXED,,Impulsive,5.0,ML,5,0.02743937174479167,0.0008702297268734689,0.06668294270833333,0.0011731176498888285,,0.0,,0.0,,0.0,,0.0,,0.0,102.24863667076534,3.745540844884845
mixed,MIXED,,Impulsive,5.0,PNND,5,0.066290283203125,0.005773021007904089,0.23670247395833335,0.018324520854112653,0.0687744140625,0.0003916191325443688,,0.0,0.23897835682191965,0.02014876355953283,,0.0,,0.0,1.411562923673652,0.07400486284236914
mixed,MIXED,,Impulsive,5.0,Proposed_CA_CNN_RNND,5,0.043725585937500006,0.0025310953783760494,0.16339518229166666,0.01259796115923533,0.0687744140625,0.0003916191325443688,0.068792724609375,0.00038718122813498904,0.23897835682191965,0.02014876355953283,6.481849006963882,0.03799110427848854,6.242870650141963,0.03959306818282473,1.5522821324035854,0.03015735322982049
mixed,MIXED,,Impulsive,5.0,RNND_Zhu,5,0.05030517578125,0.001213207544054565,0.16585286458333334,0.004777233112447644,0.0687744140625,0.0003916191325443688,0.04557088216145834,0.0002037872071706055,0.23897835682191965,0.02014876355953283,8.18961697669759,0.0513309000573862,7.950638619875671,0.050693581246660874,1.5211240565804474,0.02152995543677315
mixed,MIXED,,Impulsive,5.0,SC,5,0.027473958333333336,0.0010455308211337509,0.06700846354166666,0.0012810599333426035,,0.0,,0.0,,0.0,,0.0,,0.0,2.5045613294120512,0.11963318261892122
mixed,MIXED,,Impulsive,6.0,CNN_RNND,5,0.0333740234375,0.001687863949393708,0.13014322916666665,0.0055117896520264385,0.053975423177083336,0.00023715297906239173,0.05409952799479166,0.0002465814856931327,1.2278990554162639,0.025542822799908205,7.086492267005065,0.06441474328404082,5.8585932115888015,0.04651197152264874,1.5502491028958805,0.03519095906436086
mixed,MIXED,,Impulsive,6.0,ML,5,0.01798095703125,0.0005860293281088932,0.04381510416666667,0.001332996882268476,,0.0,,0.0,,0.0,,0.0,,0.0,102.2692220715271,3.9273763483889788
mixed,MIXED,,Impulsive,6.0,PNND,5,0.049479166666666664,0.006009100648444357,0.18411458333333333,0.020302249897977704,0.053975423177083336,0.00023715297906239173,,0.0,1.2278990554162639,0.025542822799908205,,0.0,,0.0,1.4000608909251846,0.05899742240599419
mixed,MIXED,,Impulsive,6.0,Proposed_CA_CNN_RNND,5,0.030629475911458332,0.002869635158847392,0.11954752604166666,0.01205045524113602,0.053975423177083336,0.00023715297906239173,0.054087320963541664,0.00029425691048422746,1.2278990554162639,0.025542822799908205,7.37773775348794,0.046606838007973266,6.149838698071676,0.03757458646909043,1.5966284308888135,0.1089575815609793
mixed,MIXED,,Impulsive,6.0,RNND_Zhu,5,0.03680419921874999,0.0019479922562142722,0.12677408854166666,0.008287486481116123,0.053975423177083336,0.00023715297906239173,0.03749898274739583,0.00041866155250964266,1.2278990554162639,0.025542822799908205,9.04940261701462,0.03585996343396143,7.821503561598357,0.0487750898092226,1.5374559382053121,0.020998489410472578
mixed,MIXED,,Impulsive,6.0,SC,5,0.01807861328125,0.0006181598922323664,0.04407552083333333,0.0013514996209582522,,0.0,,0.0,,0.0,,0.0,,0.0,2.517090024412027,0.11830048295345727
mixed,MIXED,,Impulsive,7.0,CNN_RNND,5,0.024957275390625002,0.0016006559426850612,0.10096028645833335,0.007987831225332316,0.04247334798177083,0.00033085349266751224,0.04251302083333333,0.0003623154756551301,2.241744711986233,0.05019232894838264,7.869036301726945,0.0478763905164861,5.627291589740713,0.0919629496988058,1.5278794762707548,0.03142650372036558
mixed,MIXED,,Impulsive,7.0,ML,5,0.011875406901041666,0.0007320191017643771,0.028971354166666668,0.0015916021497076782,,0.0,,0.0,,0.0,,0.0,,0.0,101.4521840014974,3.82299993245447
mixed,MIXED,,Impulsive,7.0,PNND,5,0.03746744791666666,0.0053183655054097004,0.14182942708333332,0.02027563025658732,0.04247334798177083,0.00033085349266751224,,0.0,2.241744711986233,0.05019232894838264,,0.0,,0.0,1.3837605782403748,0.07155665755868999
mixed,MIXED,,Impulsive,7.0,Proposed_CA_CNN_RNND,5,0.022432454427083335,0.002600641646413026,0.092236328125,0.012691347203916887,0.04247334798177083,0.00033085349266751224,0.04255879720052084,0.00031754742127647416,2.241744711986233,0.05019232894838264,8.248722191364562,0.05251425419079232,6.00697747937833,0.0783885402020425,1.5700881704105996,0.07735573703594506
mixed,MIXED,,Impulsive,7.0,RNND_Zhu,5,0.027386474609375,0.0012106887329420696,0.097216796875,0.005345942631766462,0.04247334798177083,0.00033085349266751224,0.03110860188802083,0.0004479724531401704,2.241744711986233,0.05019232894838264,9.8597668270877,0.07870590191900022,7.618022115101466,0.04771557392688545,1.5262100229544253,0.03323411128975427
mixed,MIXED,,Impulsive,7.0,SC,5,0.011905924479166666,0.0006937707507454366,0.029166666666666667,0.0015056438234049105,,0.0,,0.0,,0.0,,0.0,,0.0,2.520712028323639,0.11312507831951854
mixed,MIXED,,Rayleigh,0.0,CNN_RNND,5,0.28345133463541666,0.001635921209100984,0.754443359375,0.004821597067766548,0.21169637044270834,0.0006309980266991221,0.2118316650390625,0.0005642703954762988,-6.231190958613324,0.025899440620617126,1.7846682756378858,0.03332022708431291,8.01585923425121,0.02239399996106335,1.1282980646380263,0.03448374157602155
mixed,MIXED,,Rayleigh,0.0,ML,5,0.19875284830729167,0.0021858318151824294,0.458349609375,0.0041293539836853065,,0.0,,0.0,,0.0,,0.0,,0.0,0.9445729157656994,0.033076127329321955
mixed,MIXED,,Rayleigh,0.0,PNND,5,0.30077921549479164,0.0018270859269559196,0.7880859375,0.005273412382591935,0.21169637044270834,0.0006309980266991221,,0.0,-6.231190958613324,0.025899440620617126,,0.0,,0.0,0.894861390558314,0.03392323902447725
mixed,MIXED,,Rayleigh,0.0,Proposed_CA_CNN_RNND,5,0.2255025227864583,0.0020681323362207356,0.652685546875,0.009114474341331218,0.21169637044270834,0.0006309980266991221,0.2125457763671875,0.00046832856023976556,-6.231190958613324,0.025899440620617126,2.528686862629347,0.007883018108644694,8.759877821242672,0.02492064549923479,1.1227658527938424,0.04182413965250897
mixed,MIXED,,Rayleigh,0.0,RNND_Zhu,5,0.2897623697916667,0.0019285376319336167,0.7203287760416666,0.006092274805163975,0.21169637044270834,0.0006309980266991221,0.19825744628906247,0.0007534196103288855,-6.231190958613324,0.025899440620617126,2.2690714400807814,0.02359230037197571,8.500262398694105,0.043909265881283355,1.0889895217284598,0.05154311624400112
mixed,MIXED,,Rayleigh,0.0,SC,5,0.19994303385416667,0.001881991548191149,0.4624348958333333,0.0029147296104417007,,0.0,,0.0,,0.0,,0.0,,0.0,2.121205337365003,0.08572733932829305
mixed,MIXED,,Rayleigh,1.0,CNN_RNND,5,0.24617106119791665,0.0032290248044959903,0.6859212239583333,0.0055202541407379175,0.1888031005859375,0.0016422699762590623,0.188995361328125,0.0015177659415323696,-5.267883139415895,0.02242399129126436,2.261468759967156,0.03397055653834705,7.529351899383052,0.04428879069404095,1.1222355472758259,0.042887790453445346
mixed,MIXED,,Rayleigh,1.0,ML,5,0.15405069986979167,0.0025477294047804235,0.3613444010416667,0.005326643920964468,,0.0,,0.0,,0.0,,0.0,,0.0,0.9975396987253287,0.06735692536203897
mixed,MIXED,,Rayleigh,1.0,PNND,5,0.26493326822916663,0.005523002493774357,0.723486328125,0.01208891969654266,0.1888031005859375,0.0016422699762590623,,0.0,-5.267883139415895,0.02242399129126436,,0.0,,0.0,0.8983187039272403,0.022044654013196937
mixed,MIXED,,Rayleigh,1.0,Proposed_CA_CNN_RNND,5,0.1834716796875,0.0021840984335243494,0.5594075520833333,0.006169618175170615,0.1888031005859375,0.0016422699762590623,0.18965962727864585,0.001266850183615877,-5.267883139415895,0.02242399129126436,2.976733727292872,0.02500831459364925,8.244616866708766,0.032049190641610985,1.1433100913412393,0.046548709511236346
mixed,MIXED,,Rayleigh,1.0,RNND_Zhu,5,0.2509989420572917,0.003966563884671725,0.6456868489583334,0.008501680955912852,0.1888031005859375,0.0016422699762590623,0.16957295735677083,0.00178493992857966,-5.267883139415895,0.02242399129126436,2.927430269472229,0.05108640926914917,8.195313408888124,0.049175037407355446,1.0780342279304023,0.01568909962050472
mixed,MIXED,,Rayleigh,1.0,SC,5,0.15465494791666665,0.003014651734424761,0.36432291666666666,0.005706313822494847,,0.0,,0.0,,0.0,,0.0,,0.0,2.102277846915968,0.09641513547138414
mixed,MIXED,,Rayleigh,2.0,CNN_RNND,5,0.20796101888020835,0.0010551415553150046,0.6113118489583333,0.005101831641634458,0.16763814290364584,0.0008873087520787556,0.16775004069010419,0.0009036100913682893,-4.2618398922991885,0.023685164490094186,2.764271953487037,0.02706596537185987,7.026111845786227,0.024052136310822734,1.090291635819085,0.018796796865352794
mixed,MIXED,,Rayleigh,2.0,ML,5,0.11285603841145833,0.0015214202164352648,0.2666178385416667,0.003926289337327108,,0.0,,0.0,,0.0,,0.0,,0.0,0.9390796549268998,0.033992071634395556
mixed,MIXED,,Rayleigh,2.0,PNND,5,0.227484130859375,0.0026815037202722143,0.6488444010416667,0.008662501740436325,0.16763814290364584,0.0008873087520787556,,0.0,-4.2618398922991885,0.023685164490094186,,0.0,,0.0,0.9093777028586677,0.02924145796982383
mixed,MIXED,,Rayleigh,2.0,Proposed_CA_CNN_RNND,5,0.143292236328125,0.002409325802657135,0.4618489583333334,0.004172432407029497,0.16763814290364584,0.0008873087520787556,0.16835530598958331,0.001469498761372424,-4.2618398922991885,0.023685164490094186,3.4683650414665075,0.025484841379065388,7.730204933765696,0.017670304649520067,1.1589703433401155,0.09029210926517005
mixed,MIXED,,Rayleigh,2.0,RNND_Zhu,5,0.210614013671875,0.002137567011208496,0.5625000000000001,0.00712715952012085,0.16763814290364584,0.0008873087520787556,0.1434661865234375,0.001199288619191271,-4.2618398922991885,0.023685164490094186,3.6209006358653193,0.044561319289583,7.882740528164509,0.02710707162070987,1.1030242982693985,0.057277008974529225
mixed,MIXED,,Rayleigh,2.0,SC,5,0.1135986328125,0.0013917302003413692,0.269287109375,0.004047796261538374,,0.0,,0.0,,0.0,,0.0,,0.0,2.134050193565902,0.17664621849792733
mixed,MIXED,,Rayleigh,3.0,CNN_RNND,5,0.17068684895833333,0.001683382484730349,0.5228190104166666,0.004584314067990098,0.1466796875,0.0006761344502390506,0.14678141276041667,0.0006844057830775624,-3.257194994126152,0.045899722623892865,3.320832807660584,0.022446098361577255,6.578027801786736,0.04480578227079658,1.1178229347782085,0.011937177060578176
mixed,MIXED,,Rayleigh,3.0,ML,5,0.07716267903645832,0.0014962018823017232,0.18400065104166666,0.003897338875471576,,0.0,,0.0,,0.0,,0.0,,0.0,0.956740818007044,0.04699948711909272
mixed,MIXED,,Rayleigh,3.0,PNND,5,0.19157511393229168,0.004988463017527465,0.5673014322916667,0.012063638048177009,0.1466796875,0.0006761344502390506,,0.0,-3.257194994126152,0.045899722623892865,,0.0,,0.0,0.911529737853319,0.05450005238935759
mixed,MIXED,,Rayleigh,3.0,Proposed_CA_CNN_RNND,5,0.10834147135416668,0.0021466512672060002,0.3656412760416667,0.005857961978781862,0.1466796875,0.0006761344502390506,0.14714457194010416,0.0008547903479259858,-3.257194994126152,0.045899722623892865,4.022530970520625,0.01942312495939118,7.279725964646778,0.04382120990205717,1.1114831219553403,0.01855130465873298
mixed,MIXED,,Rayleigh,3.0,RNND_Zhu,5,0.17417805989583335,0.0023911235998570323,0.480810546875,0.006735754844796274,0.1466796875,0.0006761344502390506,0.1190826416015625,0.0008474590352386212,-3.257194994126152,0.045899722623892865,4.390793408953837,0.03374134034327556,7.6479884030799905,0.05282558503806751,1.0821722317662836,0.016712425638296204
mixed,MIXED,,Rayleigh,3.0,SC,5,0.07740275065104166,0.0014726466294662172,0.18531901041666668,0.004257281753482452,,0.0,,0.0,,0.0,,0.0,,0.0,2.1033976054241066,0.12155688636819419
mixed,MIXED,,Rayleigh,4.0,CNN_RNND,5,0.13560587565104165,0.00043251781599655753,0.4375651041666667,0.005320734859661587,0.126556396484375,0.00024241259755030607,0.12668050130208333,0.0002191406255288747,-2.2846132390006013,0.05093624022688011,3.9247328375673716,0.02073597056892849,6.209346076567973,0.0688204838335031,1.0909466482189603,0.016690528841042655
mixed,MIXED,,Rayleigh,4.0,ML,5,0.050002034505208334,0.0010113762562611347,0.12102864583333332,0.0018381841814502173,,0.0,,0.0,,0.0,,0.0,,0.0,1.0004184578823092,0.08430259177242093
mixed,MIXED,,Rayleigh,4.0,PNND,5,0.15408121744791667,0.004880451055222277,0.480615234375,0.012244733443852601,0.126556396484375,0.00024241259755030607,,0.0,-2.2846132390006013,0.05093624022688011,,0.0,,0.0,0.943123617010618,0.052770606020126516
mixed,MIXED,,Rayleigh,4.0,Proposed_CA_CNN_RNND,5,0.07887166341145833,0.002497946571402288,0.27960611979166666,0.012404997400723192,0.126556396484375,0.00024241259755030607,0.1267862955729167,0.0004704367128608341,-2.2846132390006013,0.05093624022688011,4.630731152416537,0.017447960657740395,6.915344391417138,0.06703806275254692,1.1292396967140423,0.03208605645827269
mixed,MIXED,,Rayleigh,4.0,RNND_Zhu,5,0.1361429850260417,0.0021772366588390262,0.3931966145833333,0.007741520895405101,0.126556396484375,0.00024241259755030607,0.09742228190104167,0.0004858246571410631,-2.2846132390006013,0.05093624022688011,5.221837998363624,0.029628895666507993,7.506451237364226,0.0427334153823642,1.0798447722966862,0.022592118541154227
mixed,MIXED,,Rayleigh,4.0,SC,5,0.05038655598958334,0.0011772122523508858,0.122314453125,0.0015916021497076754,,0.0,,0.0,,0.0,,0.0,,0.0,2.0997987974169523,0.09527844235490984
mixed,MIXED,,Rayleigh,5.0,CNN_RNND,5,0.10555419921875,0.0014427532700886211,0.35670572916666665,0.008144406674227963,0.10887858072916667,0.0009566948422693724,0.10899759928385415,0.000962241117728269,-1.3047514042358699,0.03229380471066236,4.535239741587985,0.030906325030126143,5.839991145823854,0.03609654753250846,1.0949979999471302,0.01719829380828107
mixed,MIXED,,Rayleigh,5.0,ML,5,0.03088785807291667,0.0013107685660250022,0.07493489583333332,0.0028281232390096798,,0.0,,0.0,,0.0,,0.0,,0.0,0.9815044090070538,0.09609746137103757
mixed,MIXED,,Rayleigh,5.0,PNND,5,0.123626708984375,0.005266741241269637,0.4018717447916667,0.015121879276706772,0.10887858072916667,0.0009566948422693724,,0.0,-1.3047514042358699,0.03229380471066236,,0.0,,0.0,0.9351257953464179,0.05242477704647274
mixed,MIXED,,Rayleigh,5.0,Proposed_CA_CNN_RNND,5,0.055462646484375,0.0018112581829444608,0.2059895833333333,0.010586686211479077,0.10887858072916667,0.0009566948422693724,0.1091644287109375,0.000838119846972631,-1.3047514042358699,0.03229380471066236,5.2545754592872225,0.023858985810220164,6.559326863523093,0.024722479014484405,1.1106225296468135,0.014930074061183556
mixed,MIXED,,Rayleigh,5.0,RNND_Zhu,5,0.10569051106770835,0.0023592958745818145,0.3170084635416667,0.010346750224454462,0.10887858072916667,0.0009566948422693724,0.0791046142578125,0.0010403217136556548,-1.3047514042358699,0.03229380471066236,6.06685640212927,0.04132110872487403,7.371607806365139,0.03890848667431522,1.0695696119000786,0.03612723644053235
mixed,MIXED,,Rayleigh,5.0,SC,5,0.03115641276041666,0.0013613599374886055,0.07571614583333333,0.00257192360353232,,0.0,,0.0,,0.0,,0.0,,0.0,2.143904866140171,0.06589895837385547
mixed,MIXED,,Rayleigh,6.0,CNN_RNND,5,0.07978312174479167,0.0014472183629377251,0.281640625,0.008639995335098868,0.09218851725260417,0.0007024661409298391,0.09226379394531249,0.0006825302570748513,-0.2750865756209834,0.01588877786729216,5.212661188111893,0.025572643553578807,5.4877477637328775,0.01098573013545274,1.09243346552527,0.01919685094784756
mixed,MIXED,,Rayleigh,6.0,ML,5,0.01803792317708333,0.0010200309957701307,0.04402669270833333,0.0022152763002630514,,0.0,,0.0,,0.0,,0.0,,0.0,0.9458230313915313,0.051730596278000106
mixed,MIXED,,Rayleigh,6.0,PNND,5,0.09447224934895834,0.0050013046085874684,0.31956380208333335,0.016106436460494058,0.09218851725260417,0.0007024661409298391,,0.0,-0.2750865756209834,0.01588877786729216,,0.0,,0.0,0.9009405308309699,0.033829045882235155
mixed,MIXED,,Rayleigh,6.0,Proposed_CA_CNN_RNND,5,0.037994384765625,0.0020537546592255046,0.146923828125,0.01029863240731466,0.09218851725260417,0.0007024661409298391,0.0924652099609375,0.000763385218625285,-0.2750865756209834,0.01588877786729216,5.938112060886195,0.029237289678756686,6.213198636507178,0.015814589231135316,1.1317111803540076,0.05494303020357047
mixed,MIXED,,Rayleigh,6.0,RNND_Zhu,5,0.07772623697916667,0.0016782417531820363,0.24143880208333335,0.0073480064375790475,0.09218851725260417,0.0007024661409298391,0.0632354736328125,0.0006108557420114017,-0.2750865756209834,0.01588877786729216,6.985437880952188,0.030024525010373324,7.260524456573171,0.03533408206763808,1.0726528463086045,0.01946493829406847
mixed,MIXED,,Rayleigh,6.0,SC,5,0.0179931640625,0.0008790675356722546,0.04412434895833334,0.0017768115689636838,,0.0,,0.0,,0.0,,0.0,,0.0,2.1669569984320938,0.09054242352578432
mixed,MIXED,,Rayleigh,7.0,CNN_RNND,5,0.058274332682291666,0.0019372400054678204,0.2147786458333333,0.009179095887222795,0.07732645670572916,0.0004800931182401701,0.0772552490234375,0.0005029102844314259,0.697243034887864,0.029231383121979974,5.912342823723866,0.010604508889780088,5.215099788836001,0.03485779096910731,1.0963967137437673,0.02401467734454853
mixed,MIXED,,Rayleigh,7.0,ML,5,0.009749348958333333,0.00020655488845823956,0.024007161458333332,0.0006303683831717801,,0.0,,0.0,,0.0,,0.0,,0.0,0.9508552068382414,0.04490605978409762
mixed,MIXED,,Rayleigh,7.0,PNND,5,0.07098592122395833,0.004424788076384123,0.25004882812500007,0.015902138335778665,0.07732645670572916,0.0004800931182401701,,0.0,0.697243034887864,0.029231383121979974,,0.0,,0.0,0.9284226242319468,0.04661563037429898
mixed,MIXED,,Rayleigh,7.0,Proposed_CA_CNN_RNND,5,0.024698893229166668,0.0020958860044389357,0.09829101562499999,0.008683767784023199,0.07732645670572916,0.0004800931182401701,0.07753194173177083,0.0007005078711604503,0.697243034887864,0.029231383121979974,6.657955064906554,0.04559747971672322,5.960712030018689,0.03862636210461855,1.1024239900810548,0.023216925502413912
mixed,MIXED,,Rayleigh,7.0,RNND_Zhu,5,0.057118733723958336,0.0017599940008906506,0.18206380208333334,0.007930166212309355,0.07732645670572916,0.0004800931182401701,0.05019632975260417,0.00041851322464947786,0.697243034887864,0.029231383121979974,7.8929910648698804,0.03520287106058385,7.195748029982016,0.04022728611287679,1.068610140464443,0.024975807677088215
mixed,MIXED,,Rayleigh,7.0,SC,5,0.009796142578125,0.00030168014783400326,0.024218750000000004,0.0007061814176405158,,0.0,,0.0,,0.0,,0.0,,0.0,2.192112452803485,0.0621010450993249
mixed,MIXED,,RicianLOS,0.0,CNN_RNND,5,0.22418009440104164,0.0019313793796422742,0.6424641927083334,0.006007987233853428,0.18106994628906253,0.0005072945006902988,0.18113606770833332,0.0005514480298831622,-2.6697593085263525,0.024073951060215468,2.5409706724943106,0.020070808571769433,5.2107299810206635,0.025876901301322974,1.1008864892877077,0.013800351646487536
mixed,MIXED,,RicianLOS,0.0,ML,5,0.15542195638020834,0.0031372687123028442,0.3626790364583333,0.0056577098781995985,,0.0,,0.0,,0.0,,0.0,,0.0,0.9546982577527766,0.04075251470094835
mixed,MIXED,,RicianLOS,0.0,PNND,5,0.22510782877604166,0.0031219298460695927,0.6386067708333334,0.00664941542501181,0.18106994628906253,0.0005072945006902988,,0.0,-2.6697593085263525,0.024073951060215468,,0.0,,0.0,0.9272820648220659,0.045140423931872356
mixed,MIXED,,RicianLOS,0.0,Proposed_CA_CNN_RNND,5,0.18015340169270833,0.002734162307217625,0.5465006510416667,0.009741962162754027,0.18106994628906253,0.0005072945006902988,0.18135579427083334,0.0007140269143549053,-2.6697593085263525,0.024073951060215468,3.0260456617426037,0.010207234246600829,5.695804970268955,0.02624493511526793,1.1502297184051713,0.06189416043396258
mixed,MIXED,,RicianLOS,0.0,RNND_Zhu,5,0.2100179036458333,0.0015612855801270778,0.5593098958333333,0.006143370312617229,0.18106994628906253,0.0005072945006902988,0.14224853515625,0.0009860229544661025,-2.6697593085263525,0.024073951060215468,3.6492281749812383,0.023266201892990425,6.31898748350759,0.03148396922374628,1.089199999645037,0.022777760538691596
mixed,MIXED,,RicianLOS,0.0,SC,5,0.15630696614583334,0.003194769218539251,0.3659016927083333,0.005639771739498059,,0.0,,0.0,,0.0,,0.0,,0.0,2.112425765214236,0.07677821652556752
mixed,MIXED,,RicianLOS,1.0,CNN_RNND,5,0.178485107421875,0.0024909128665159303,0.5430501302083333,0.007105056140214663,0.15665181477864584,0.0007003638275924264,0.15683085123697915,0.0006552737489166721,-1.6583048258439654,0.017564934118720402,3.1778307427872092,0.01812865094030494,4.836135568631174,0.016138447430820456,1.1072896957860696,0.0402128570683152
mixed,MIXED,,RicianLOS,1.0,ML,5,0.109124755859375,0.0019321587886175315,0.25901692708333335,0.0033600270823744634,,0.0,,0.0,,0.0,,0.0,,0.0,0.9963020659142785,0.0757314274688953
mixed,MIXED,,RicianLOS,1.0,PNND,5,0.18112996419270833,0.003113153640363274,0.540234375,0.008636008505792644,0.15665181477864584,0.0007003638275924264,,0.0,-1.6583048258439654,0.017564934118720402,,0.0,,0.0,0.9158314450511776,0.07324328998126109
mixed,MIXED,,RicianLOS,1.0,Proposed_CA_CNN_RNND,5,0.13621622721354168,0.002491891014881759,0.4383626302083333,0.0048033629592945356,0.15665181477864584,0.0007003638275924264,0.15709737141927083,0.0008801263417385645,-1.6583048258439654,0.017564934118720402,3.6117456381580455,0.020484093617600188,5.27005046400201,0.029061143699329932,1.1045922046074945,0.008756530643279678
mixed,MIXED,,RicianLOS,1.0,RNND_Zhu,5,0.16512858072916667,0.0010790408401704123,0.457373046875,0.004023755502324741,0.15665181477864584,0.0007003638275924264,0.11401875813802084,0.0006554277020214728,-1.6583048258439654,0.017564934118720402,4.549935612676689,0.018082338414800336,6.2082404385206535,0.022186303072031066,1.0792193696336956,0.025988602668668256
mixed,MIXED,,RicianLOS,1.0,SC,5,0.10991414388020833,0.0016788828940917067,0.26145833333333335,0.002416457813928434,,0.0,,0.0,,0.0,,0.0,,0.0,2.0860208849171613,0.05422663305930263
mixed,MIXED,,RicianLOS,2.0,CNN_RNND,5,0.13208007812499997,0.0021441720755548763,0.4289225260416667,0.007833368193095673,0.13059387207031253,0.00038637859892042513,0.13065185546875002,0.0005111555157691467,-0.6423629735843772,0.01943615277513942,3.9522869339995745,0.014920524912394522,4.5946499075839515,0.017014707050836048,1.0984903989689578,0.025955953149014305
mixed,MIXED,,RicianLOS,2.0,ML,5,0.06781005859375,0.0008080597781671383,0.162158203125,0.001283642197469432,,0.0,,0.0,,0.0,,0.0,,0.0,0.9363273439551751,0.04131860806209035
mixed,MIXED,,RicianLOS,2.0,PNND,5,0.13566691080729168,0.003622409242339631,0.4311686197916666,0.013185276504939319,0.13059387207031253,0.00038637859892042513,,0.0,-0.6423629735843772,0.01943615277513942,,0.0,,0.0,0.9114114732255985,0.02591297751769388
mixed,MIXED,,RicianLOS,2.0,Proposed_CA_CNN_RNND,5,0.09516805013020833,0.0025376996841588104,0.324853515625,0.009957592637355888,0.13059387207031253,0.00038637859892042513,0.13082173665364583,0.0004417383563141821,-0.6423629735843772,0.01943615277513942,4.342480919678411,0.010368203141194054,4.984843893262787,0.01945588269090301,1.1372284177468828,0.0781616374447166
mixed,MIXED,,RicianLOS,2.0,RNND_Zhu,5,0.11922810872395835,0.0019385215739104505,0.34842122395833336,0.00823702794833537,0.13059387207031253,0.00038637859892042513,0.0862335205078125,0.0009948124571320333,-0.6423629735843772,0.01943615277513942,5.643702226731006,0.04008143623370443,6.286065200315383,0.03361535104652064,1.0715021327693346,0.01847714760394394
mixed,MIXED,,RicianLOS,2.0,SC,5,0.068731689453125,0.0011418541537361279,0.16463216145833334,0.0023635312062919253,,0.0,,0.0,,0.0,,0.0,,0.0,2.0544516113811064,0.0771348434903463
mixed,MIXED,,RicianLOS,3.0,CNN_RNND,5,0.09467366536458334,0.0021670154770653096,0.3256510416666667,0.009239539145242495,0.10851338704427083,0.0010651113261951446,0.10862630208333332,0.0009157915087460129,0.3416960985349104,0.029402990095405,4.730901340410763,0.03364850221597009,4.389205241875852,0.03470637149400106,1.0891387205447245,0.03051779731557309
mixed,MIXED,,RicianLOS,3.0,ML,5,0.039251708984375,0.00097187826149936,0.09484049479166666,0.002121043642379931,,0.0,,0.0,,0.0,,0.0,,0.0,0.9893360489362143,0.08538930279025131
mixed,MIXED,,RicianLOS,3.0,PNND,5,0.09937337239583334,0.003804139850479458,0.3290690104166667,0.011054925455468639,0.10851338704427083,0.0010651113261951446,,0.0,0.3416960985349104,0.029402990095405,,0.0,,0.0,0.9209271487028066,0.046281168106788007
mixed,MIXED,,RicianLOS,3.0,Proposed_CA_CNN_RNND,5,0.063616943359375,0.0027217961671831743,0.230224609375,0.010932242931483302,0.10851338704427083,0.0010651113261951446,0.10860087076822918,0.0010607596332886443,0.3416960985349104,0.029402990095405,5.121217572453004,0.03705405274892382,4.779521473918093,0.04019407914299751,1.1018319355571293,0.024550255572810667
mixed,MIXED,,RicianLOS,3.0,RNND_Zhu,5,0.08261718750000001,0.0007522031030012602,0.2511881510416667,0.007002387441977176,0.10851338704427083,0.0010651113261951446,0.06434936523437501,0.0010407257300690449,0.3416960985349104,0.029402990095405,6.746761593204134,0.06000724903921523,6.405065494669225,0.044563826310359024,1.0795990419865122,0.03660566127560671
mixed,MIXED,,RicianLOS,3.0,SC,5,0.03935750325520833,0.0013229564688294361,0.09500325520833333,0.0023350589819716673,,0.0,,0.0,,0.0,,0.0,,0.0,2.0405471824839574,0.0779373704928405
mixed,MIXED,,RicianLOS,4.0,CNN_RNND,5,0.06238403320312501,0.002369571979526363,0.22978515625,0.009186704582446158,0.08742777506510416,0.0008240452488889849,0.08753153483072916,0.000842284234825034,1.30821476845402,0.04311485717558189,5.600671742155829,0.047191624550394266,4.292456973701809,0.025727965170035328,1.0832155112439068,0.01501436107035463
mixed,MIXED,,RicianLOS,4.0,ML,5,0.019740804036458334,0.0007764709851116388,0.04817708333333333,0.002036945151494762,,0.0,,0.0,,0.0,,0.0,,0.0,0.9860542642551687,0.09257345740799638
mixed,MIXED,,RicianLOS,4.0,PNND,5,0.0673828125,0.004396602942906557,0.238134765625,0.017661511472777527,0.08742777506510416,0.0008240452488889849,,0.0,1.30821476845402,0.04311485717558189,,0.0,,0.0,0.9073347314370039,0.05811995371886765
mixed,MIXED,,RicianLOS,4.0,Proposed_CA_CNN_RNND,5,0.03888753255208334,0.002495239978082247,0.14837239583333334,0.011303854479792637,0.08742777506510416,0.0008240452488889849,0.08748168945312501,0.0008791484616754091,1.30821476845402,0.04311485717558189,6.02779303528545,0.0304135921626617,4.719578266831431,0.0387415581404499,1.1064798021228248,0.044096571135229606
mixed,MIXED,,RicianLOS,4.0,RNND_Zhu,5,0.053232828776041664,0.0023506790626588604,0.17080078124999998,0.008265881943630113,0.08742777506510416,0.0008240452488889849,0.04634806315104167,0.00083140255104658,1.30821476845402,0.04311485717558189,7.952043355800077,0.07180176314215786,6.643828587346057,0.0558800938207319,1.0803291521218246,0.026394545000614472
mixed,MIXED,,RicianLOS,4.0,SC,5,0.019875081380208333,0.0006713635989745582,0.048583984375,0.001956512903673716,,0.0,,0.0,,0.0,,0.0,,0.0,2.048632582803596,0.08613604594620793
mixed,MIXED,,RicianLOS,5.0,CNN_RNND,5,0.03857421875,0.0024646710192381643,0.15123697916666667,0.009956960777704115,0.06825663248697916,0.0006858010456357733,0.06830647786458333,0.0006864533332059862,2.324046374613463,0.021036240017601994,6.572264973844992,0.022821188995645253,4.248218599231528,0.03019172833172028,1.0799085638761123,0.007948192591025766
mixed,MIXED,,RicianLOS,5.0,ML,5,0.008888753255208331,0.0005647996794112186,0.021923828125,0.0011314483262655985,,0.0,,0.0,,0.0,,0.0,,0.0,0.9423051437806862,0.0335172395434884
mixed,MIXED,,RicianLOS,5.0,PNND,5,0.04248250325520833,0.0032948103627508545,0.15924479166666666,0.012827570665891337,0.06825663248697916,0.0006858010456357733,,0.0,2.324046374613463,0.021036240017601994,,0.0,,0.0,0.9068353714762148,0.032168995710354184
mixed,MIXED,,RicianLOS,5.0,Proposed_CA_CNN_RNND,5,0.02247721354166667,0.0022966108126958474,0.08977864583333332,0.01006854407717344,0.06825663248697916,0.0006858010456357733,0.06824137369791666,0.000675634950201273,2.324046374613463,0.021036240017601994,7.055482125183876,0.030415581453686277,4.731435750570414,0.04750441919573608,1.0931499010287857,0.02072667200576111
mixed,MIXED,,RicianLOS,5.0,RNND_Zhu,5,0.03176472981770833,0.0012941636195252355,0.10774739583333333,0.0051224300071146525,0.06825663248697916,0.0006858010456357733,0.0321136474609375,0.000730674920818162,2.324046374613463,0.021036240017601994,9.248931864429053,0.07793349987497693,6.924885489815591,0.08034423834949733,1.0623034825130164,0.028525613126966828
mixed,MIXED,,RicianLOS,5.0,SC,5,0.008927408854166667,0.0005666836610985213,0.0220703125,0.0010522936116695706,,0.0,,0.0,,0.0,,0.0,,0.0,2.044388442830799,0.0795266152605455
mixed,MIXED,,RicianLOS,6.0,CNN_RNND,5,0.021718343098958336,0.0010310446056211804,0.09080403645833333,0.004790177597650518,0.051612345377604174,0.00042023430273736124,0.051674397786458326,0.00034221139627954014,3.337403211402743,0.03516519500441703,7.617908410697794,0.03920799384483523,4.280505199295051,0.0720689114629175,1.079174253012146,0.01946569946917715
mixed,MIXED,,RicianLOS,6.0,ML,5,0.0033835856119791667,0.0002502073348769467,0.008365885416666666,0.0005684976952009436,,0.0,,0.0,,0.0,,0.0,,0.0,0.944627886762343,0.04243049183181047
mixed,MIXED,,RicianLOS,6.0,PNND,5,0.025323486328125,0.0034656573528655866,0.10123697916666667,0.013849586934503179,0.051612345377604174,0.00042023430273736124,,0.0,3.337403211402743,0.03516519500441703,,0.0,,0.0,0.9072162754364399,0.04564075903382062
mixed,MIXED,,RicianLOS,6.0,Proposed_CA_CNN_RNND,5,0.011684163411458334,0.0012865852867321816,0.04988606770833333,0.005505056811617111,0.051612345377604174,0.00042023430273736124,0.051756795247395834,0.0003932803028111953,3.337403211402743,0.03516519500441703,8.19645858270015,0.05711638384540645,4.859055371297405,0.06609933904566874,1.1227453948473947,0.06046145569879
mixed,MIXED,,RicianLOS,6.0,RNND_Zhu,5,0.017708333333333333,0.0005412223625958022,0.06437174479166666,0.0034846507268891038,0.051612345377604174,0.00042023430273736124,0.02159423828125,0.0003653551628400988,3.337403211402743,0.03516519500441703,10.556121203748196,0.06884567935801021,7.218717992345455,0.0483170977563197,1.0493287277313357,0.033857449087807544
mixed,MIXED,,RicianLOS,6.0,SC,5,0.0033929443359375006,0.0002847340737695905,0.008385416666666668,0.0005808745745298014,,0.0,,0.0,,0.0,,0.0,,0.0,2.0770383770241096,0.08612880149489523
mixed,MIXED,,RicianLOS,7.0,CNN_RNND,5,0.012782796223958334,0.001320090550484113,0.055891927083333334,0.005119326130840702,0.0386749267578125,0.0003637904958351872,0.03873697916666667,0.0003897385340361313,4.321891608866982,0.028752768999990606,8.69702528453045,0.0743040685976829,4.375133675663468,0.08118167563044319,1.0710111988980011,0.01574746046522983
mixed,MIXED,,RicianLOS,7.0,ML,5,0.0012077303596468637,0.0001382047230270351,0.00290108146248283,0.00023408973542571004,,0.0,,0.0,,0.0,,0.0,,0.0,0.9740440125342198,0.044010299888900706
mixed,MIXED,,RicianLOS,7.0,PNND,5,0.015663655598958333,0.0022081224637749254,0.06487630208333332,0.00994960830445716,0.0386749267578125,0.0003637904958351872,,0.0,4.321891608866982,0.028752768999990606,,0.0,,0.0,0.8887641437619701,0.04870857271652024
mixed,MIXED,,RicianLOS,7.0,Proposed_CA_CNN_RNND,5,0.00610198974609375,0.0009180451140418736,0.02755940755208333,0.004238797735962077,0.03868357340494792,0.00035655574452375877,0.03876546223958333,0.00040192099668244117,4.315056419751199,0.025266847129229626,9.38981724870868,0.06630516096370058,5.074760828957478,0.06578049024367302,1.0955002579748907,0.04007497794268433
mixed,MIXED,,RicianLOS,7.0,RNND_Zhu,5,0.009906005859375,0.000599851357185256,0.03772786458333333,0.0018925054497068532,0.0386749267578125,0.0003637904958351872,0.0147064208984375,0.00037391125618232605,4.321891608866982,0.028752768999990606,11.757913278081263,0.10367174659051842,7.436021669214282,0.09927545219232425,1.062735172278432,0.03377494162019133
mixed,MIXED,,RicianLOS,7.0,SC,5,0.001212284241840516,0.00013452681361351943,0.0029184977213541664,0.0002282706683955168,,0.0,,0.0,,0.0,,0.0,,0.0,2.0937742005883755,0.09691901385877744
unseen,UNSEEN_Impulsive,Impulsive,Impulsive,0.0,CNN_RNND,5,0.22329915364583336,0.001989273816144563,0.6457682291666667,0.00863865381911155,0.1845550537109375,0.0008046670646706301,0.18474527994791667,0.0008934727152298928,-4.7786413306843425,0.06208318130504149,2.5934246496930866,0.04158751573856858,7.37206598037743,0.0925090129657757,1.5966674633697646,0.0774526885266498
unseen,UNSEEN_Impulsive,Impulsive,Impulsive,0.0,ML,5,0.19279581705729168,0.002742402464074892,0.4444010416666667,0.004957317322997752,,0.0,,0.0,,0.0,,0.0,,0.0,91.82956954797798,3.847694551904464
unseen,UNSEEN_Impulsive,Impulsive,Impulsive,0.0,PNND,5,0.23818359375,0.0036349710935595966,0.6742838541666667,0.010523345194179452,0.1845550537109375,0.0008046670646706301,,0.0,-4.7786413306843425,0.06208318130504149,,0.0,,0.0,1.4064020528318604,0.05710108319969297
unseen,UNSEEN_Impulsive,Impulsive,Impulsive,0.0,Proposed_CA_CNN_RNND,5,0.22586873372395835,0.0029197045950280433,0.6298828125,0.011933097156126848,0.1845550537109375,0.0008046670646706301,0.18468831380208334,0.0009240173587811027,-4.7786413306843425,0.06208318130504149,2.443344854815396,0.06672909863483471,7.221986185499739,0.08719171891200357,1.5756475590933405,0.05296260395838752
unseen,UNSEEN_Impulsive,Impulsive,Impulsive,0.0,RNND_Zhu,5,0.22049153645833336,0.002885246528333004,0.5828776041666667,0.008935272638760075,0.1845550537109375,0.0008046670646706301,0.150457763671875,0.001591201435528606,-4.7786413306843425,0.06208318130504149,3.408791742877787,0.05315188378956081,8.18743307356213,0.039793815565433925,1.5626109548823781,0.0943298681104412
unseen,UNSEEN_Impulsive,Impulsive,Impulsive,0.0,SC,5,0.19269205729166666,0.0024521126700001988,0.446533203125,0.004592036451714173,,0.0,,0.0,,0.0,,0.0,,0.0,2.467219043940834,0.11613862756854393
unseen,UNSEEN_Impulsive,Impulsive,Impulsive,1.0,CNN_RNND,5,0.17621053059895833,0.003624328416332486,0.5427734375000001,0.014866273088477098,0.15847066243489583,0.000861882239382716,0.15877888997395834,0.0008164315658327083,-3.778309780284367,0.033587250735098224,3.2280448690600365,0.03493234773693656,7.006354649344404,0.05957426706333547,1.6083203282353984,0.08596584057412222
unseen,UNSEEN_Impulsive,Impulsive,Impulsive,1.0,ML,5,0.14485880533854167,0.0018466763450699448,0.3398600260416667,0.004701565021550698,,0.0,,0.0,,0.0,,0.0,,0.0,93.00699822650435,3.524312039802969
unseen,UNSEEN_Impulsive,Impulsive,Impulsive,1.0,PNND,5,0.19668782552083333,0.005196560030295366,0.5842936197916666,0.014110187629625532,0.15847066243489583,0.000861882239382716,,0.0,-3.778309780284367,0.033587250735098224,,0.0,,0.0,1.40304189433967,0.059338186656201254
unseen,UNSEEN_Impulsive,Impulsive,Impulsive,1.0,Proposed_CA_CNN_RNND,5,0.18032430013020834,0.0032193481600397227,0.5302734375,0.013336301910222755,0.15847066243489583,0.000861882239382716,0.15872701009114581,0.0008437066361386614,-3.778309780284367,0.033587250735098224,3.017721375789457,0.06294201068807331,6.796031156073823,0.06478337419289118,1.5790107094441432,0.057540526483140224
unseen,UNSEEN_Impulsive,Impulsive,Impulsive,1.0,RNND_Zhu,5,0.17482096354166665,0.0036870643044923804,0.4853841145833333,0.011762832803372633,0.15847066243489583,0.000861882239382716,0.12062886555989583,0.0018067928341735369,-3.778309780284367,0.033587250735098224,4.278083755393264,0.06571418639358469,8.056393535677632,0.07015031595338855,1.5748407236060302,0.10993242695036884
unseen,UNSEEN_Impulsive,Impulsive,Impulsive,1.0,SC,5,0.14579264322916669,0.002308435087136012,0.34275716145833335,0.005697312085274609,,0.0,,0.0,,0.0,,0.0,,0.0,2.4630882800617355,0.09230467075945328
unseen,UNSEEN_Impulsive,Impulsive,Impulsive,2.0,CNN_RNND,5,0.13481852213541665,0.0015334285886174053,0.4382161458333333,0.010411006661344304,0.13310750325520834,0.00045522764402846093,0.13317565917968752,0.00045111167528111783,-2.7583494101131776,0.03294757403550947,3.9197432331655846,0.03187142918261175,6.678092643278762,0.024706307335796932,1.6009764976843144,0.07323033089024371
unseen,UNSEEN_Impulsive,Impulsive,Impulsive,2.0,ML,5,0.10345865885416668,0.0015103649262083556,0.2465494791666667,0.0028913461513046155,,0.0,,0.0,,0.0,,0.0,,0.0,96.13561788720897,2.867601030548074
unseen,UNSEEN_Impulsive,Impulsive,Impulsive,2.0,PNND,5,0.15739949544270831,0.0049048772937945115,0.4880696614583334,0.012184712669961805,0.13310750325520834,0.00045522764402846093,,0.0,-2.7583494101131776,0.03294757403550947,,0.0,,0.0,1.4005624374628192,0.07376707637300893
unseen,UNSEEN_Impulsive,Impulsive,Impulsive,2.0,Proposed_CA_CNN_RNND,5,0.139495849609375,0.0013743831859755614,0.4299479166666667,0.006216510482339741,0.13310750325520834,0.00045522764402846093,0.13320821126302085,0.00047466580544283,-2.7583494101131776,0.03294757403550947,3.6848412753742297,0.051438437469805594,6.443190685487407,0.040027218880767594,1.5663544104427276,0.06099601193437008
unseen,UNSEEN_Impulsive,Impulsive,Impulsive,2.0,RNND_Zhu,5,0.13557739257812498,0.001489891376077525,0.39217122395833337,0.007616335394602299,0.13310750325520834,0.00045522764402846093,0.09484354654947917,0.0007816644734736197,-2.7583494101131776,0.03294757403550947,5.204574333550394,0.04868845756136794,7.962923743663571,0.046914595030484924,1.5704057318544073,0.09170072114977919
unseen,UNSEEN_Impulsive,Impulsive,Impulsive,2.0,SC,5,0.10404866536458335,0.001335153246651065,0.248583984375,0.003060480156697177,,0.0,,0.0,,0.0,,0.0,,0.0,2.470227409882379,0.09385731729079022
unseen,UNSEEN_Impulsive,Impulsive,Impulsive,3.0,CNN_RNND,5,0.09640909830729168,0.0026534074333700915,0.33445638020833335,0.012344253679990045,0.109149169921875,0.0008391763687022779,0.1092529296875,0.000704406112763022,-1.761060080919627,0.031246539184592175,4.661483716891018,0.0337143554190477,6.422543797810645,0.049220573680584925,1.6021607431563702,0.0688240790158219
unseen,UNSEEN_Impulsive,Impulsive,Impulsive,3.0,ML,5,0.06817830403645833,0.0008093521525702517,0.16396484375,0.0018782791850181077,,0.0,,0.0,,0.0,,0.0,,0.0,98.53262613622368,3.4145202111428374
unseen,UNSEEN_Impulsive,Impulsive,Impulsive,3.0,PNND,5,0.121759033203125,0.005128525185130389,0.3961100260416667,0.01634016502648779,0.109149169921875,0.0008391763687022779,,0.0,-1.761060080919627,0.031246539184592175,,0.0,,0.0,1.4361610662187254,0.06326273681567292
unseen,UNSEEN_Impulsive,Impulsive,Impulsive,3.0,Proposed_CA_CNN_RNND,5,0.101153564453125,0.002182278323531042,0.32939453125,0.00964563189104627,0.109149169921875,0.0008391763687022779,0.10917154947916666,0.0007910733404676034,-1.761060080919627,0.031246539184592175,4.451098415724639,0.07075482481105616,6.212158496644265,0.08176182407744696,1.5586429678175286,0.08376747047898647
unseen,UNSEEN_Impulsive,Impulsive,Impulsive,3.0,RNND_Zhu,5,0.09982706705729168,0.0016894602790734933,0.30198567708333335,0.006294589460602298,0.109149169921875,0.0008391763687022779,0.073492431640625,0.0002846126629901282,-1.761060080919627,0.031246539184592175,6.193458147866542,0.047060880350788425,7.954518228786169,0.0652191265524831,1.5883683905334087,0.060721514211666286
unseen,UNSEEN_Impulsive,Impulsive,Impulsive,3.0,SC,5,0.06805013020833334,0.0004702854616230031,0.16464843750000002,0.0013585864589876488,,0.0,,0.0,,0.0,,0.0,,0.0,2.4739702951137588,0.1080451094748758
unseen,UNSEEN_Impulsive,Impulsive,Impulsive,4.0,CNN_RNND,5,0.06916300455729167,0.0032635026800775725,0.2517252604166667,0.013620236683097786,0.0874114990234375,0.0007730400319669585,0.08751118977864583,0.0007127086924009616,-0.8243177384591766,0.04151980607631494,5.427501063688022,0.044029163020916785,6.251818802147199,0.06029320562744709,1.584286832212456,0.061283595733849235
unseen,UNSEEN_Impulsive,Impulsive,Impulsive,4.0,ML,5,0.044051106770833334,0.00141188651624845,0.1064453125,0.003149739987038348,,0.0,,0.0,,0.0,,0.0,,0.0,101.0996093441463,3.5518648376983313
unseen,UNSEEN_Impulsive,Impulsive,Impulsive,4.0,PNND,5,0.09513142903645834,0.004919683272864964,0.32185872395833337,0.013560126023121106,0.0874114990234375,0.0007730400319669585,,0.0,-0.8243177384591766,0.04151980607631494,,0.0,,0.0,1.4185953621866552,0.06722736124843362
unseen,UNSEEN_Impulsive,Impulsive,Impulsive,4.0,Proposed_CA_CNN_RNND,5,0.07264200846354166,0.0027561538999109226,0.24895833333333334,0.011901337267253422,0.0874114990234375,0.0007730400319669585,0.08739522298177083,0.0007761560708830192,-0.8243177384591766,0.04151980607631494,5.290205890539276,0.06660967650446224,6.1145236289984535,0.06752849659927139,1.5748132625503786,0.0668147574276119
unseen,UNSEEN_Impulsive,Impulsive,Impulsive,4.0,RNND_Zhu,5,0.074456787109375,0.0013358699702198378,0.2351399739583333,0.006193616641640858,0.0874114990234375,0.0007730400319669585,0.058319091796875,0.0007895266355482879,-0.8243177384591766,0.04151980607631494,7.109112028976315,0.09178160350735791,7.933429767435493,0.0703340773716715,1.5658835612460582,0.07761100098087716
unseen,UNSEEN_Impulsive,Impulsive,Impulsive,4.0,SC,5,0.044012451171875,0.0016677762599695376,0.10680338541666667,0.00334728974994872,,0.0,,0.0,,0.0,,0.0,,0.0,2.4827133302096627,0.12217914138039311
unseen,UNSEEN_Impulsive,Impulsive,Impulsive,5.0,CNN_RNND,5,0.04862467447916667,0.0025023276864034223,0.18370768229166667,0.010108948457665893,0.0687744140625,0.0003916191325443688,0.0688690185546875,0.0004690461194762152,0.23897835682191965,0.02014876355953283,6.230587827067976,0.045302284266315856,5.991609470246056,0.05526769001886324,1.587627135298438,0.03623177138760847
unseen,UNSEEN_Impulsive,Impulsive,Impulsive,5.0,ML,5,0.02743937174479167,0.0008702297268734689,0.06668294270833333,0.0011731176498888285,,0.0,,0.0,,0.0,,0.0,,0.0,102.24863667076534,3.745540844884845
unseen,UNSEEN_Impulsive,Impulsive,Impulsive,5.0,PNND,5,0.07156982421875,0.004081716408723059,0.2517903645833333,0.012631508671786295,0.0687744140625,0.0003916191325443688,,0.0,0.23897835682191965,0.02014876355953283,,0.0,,0.0,1.4053506011653858,0.05336150127225039
unseen,UNSEEN_Impulsive,Impulsive,Impulsive,5.0,Proposed_CA_CNN_RNND,5,0.05092976888020834,0.002497604782358549,0.18338216145833333,0.009608139055090531,0.0687744140625,0.0003916191325443688,0.06884562174479167,0.000391883280514672,0.23897835682191965,0.02014876355953283,6.22294307936374,0.06900996115830735,5.98396472254182,0.08157248190642266,1.5709939437632177,0.060217298369022614
unseen,UNSEEN_Impulsive,Impulsive,Impulsive,5.0,RNND_Zhu,5,0.054498291015625,0.0012901594651421263,0.17908528645833333,0.005952894097870573,0.0687744140625,0.0003916191325443688,0.04637451171875,0.00036963172036939986,0.23897835682191965,0.02014876355953283,8.06601879606068,0.07281287526030648,7.827040439238762,0.059156519159727916,1.5373786141026358,0.03856899733495345
unseen,UNSEEN_Impulsive,Impulsive,Impulsive,5.0,SC,5,0.027473958333333336,0.0010455308211337509,0.06700846354166666,0.0012810599333426035,,0.0,,0.0,,0.0,,0.0,,0.0,2.5045613294120512,0.11963318261892122
unseen,UNSEEN_Impulsive,Impulsive,Impulsive,6.0,CNN_RNND,5,0.03510945638020833,0.003048692647424831,0.13751627604166666,0.011334863755732408,0.053975423177083336,0.00023715297906239173,0.054112752278645836,0.0002267526563024773,1.2278990554162639,0.025542822799908205,7.008978124142049,0.08030523962552329,5.781079068725785,0.0561066400789289,1.5754055330792958,0.03732364581188435
unseen,UNSEEN_Impulsive,Impulsive,Impulsive,6.0,ML,5,0.01798095703125,0.0005860293281088932,0.04381510416666667,0.001332996882268476,,0.0,,0.0,,0.0,,0.0,,0.0,102.2692220715271,3.9273763483889788
unseen,UNSEEN_Impulsive,Impulsive,Impulsive,6.0,PNND,5,0.05495808919270832,0.004417129387023653,0.20123697916666666,0.01338653718090378,0.053975423177083336,0.00023715297906239173,,0.0,1.2278990554162639,0.025542822799908205,,0.0,,0.0,1.3890855768750041,0.05081720517028774
unseen,UNSEEN_Impulsive,Impulsive,Impulsive,6.0,Proposed_CA_CNN_RNND,5,0.036118570963541666,0.002081700022522851,0.13644205729166667,0.008937310679934439,0.053975423177083336,0.00023715297906239173,0.054200236002604166,0.00032343594140677205,1.2278990554162639,0.025542822799908205,7.138381662625285,0.11637458801932293,5.910482607209021,0.1054486439514906,1.5915344079076021,0.07913488673756361
unseen,UNSEEN_Impulsive,Impulsive,Impulsive,6.0,RNND_Zhu,5,0.040069580078125,0.0007968406586737521,0.138720703125,0.002434343081477111,0.053975423177083336,0.00023715297906239173,0.038039143880208334,0.00037628722464013234,1.2278990554162639,0.025542822799908205,8.910416408623018,0.06668685350773518,7.682517353206757,0.06406998805266084,1.5500949397543689,0.05025557112615479
unseen,UNSEEN_Impulsive,Impulsive,Impulsive,6.0,SC,5,0.01807861328125,0.0006181598922323664,0.04407552083333333,0.0013514996209582522,,0.0,,0.0,,0.0,,0.0,,0.0,2.517090024412027,0.11830048295345727
unseen,UNSEEN_Impulsive,Impulsive,Impulsive,7.0,CNN_RNND,5,0.02625935872395833,0.001658567902933654,0.10559895833333333,0.008683043229424418,0.04247334798177083,0.00033085349266751224,0.042525227864583334,0.00039743539809878074,2.241744711986233,0.05019232894838264,7.78278092795218,0.0741376128682542,5.541036215965947,0.12343462405488397,1.6166781089547537,0.0708246589292148
unseen,UNSEEN_Impulsive,Impulsive,Impulsive,7.0,ML,5,0.011875406901041666,0.0007320191017643771,0.028971354166666668,0.0015916021497076782,,0.0,,0.0,,0.0,,0.0,,0.0,101.4521840014974,3.82299993245447
unseen,UNSEEN_Impulsive,Impulsive,Impulsive,7.0,PNND,5,0.041912841796875,0.0037082617856385057,0.157275390625,0.01148493597458331,0.04247334798177083,0.00033085349266751224,,0.0,2.241744711986233,0.05019232894838264,,0.0,,0.0,1.3689997729215975,0.06409427884515649
unseen,UNSEEN_Impulsive,Impulsive,Impulsive,7.0,Proposed_CA_CNN_RNND,5,0.02624308268229167,0.001566294856667635,0.1017578125,0.007872583560133359,0.04247334798177083,0.00033085349266751224,0.04253641764322917,0.00027081664046171486,2.241744711986233,0.05019232894838264,8.03734569593371,0.12454737907504865,5.795600983947479,0.14666284772499982,1.5921147792141708,0.07756405064229194
unseen,UNSEEN_Impulsive,Impulsive,Impulsive,7.0,RNND_Zhu,5,0.03041178385416667,0.0006128303209110948,0.10782877604166666,0.0026098824399128557,0.04247334798177083,0.00033085349266751224,0.03182474772135417,0.0006252587630464404,2.241744711986233,0.05019232894838264,9.722537331647164,0.06203559981982143,7.48079261966093,0.06633633079957321,1.5643364084401885,0.10003274676262987
unseen,UNSEEN_Impulsive,Impulsive,Impulsive,7.0,SC,5,0.011905924479166666,0.0006937707507454366,0.029166666666666667,0.0015056438234049105,,0.0,,0.0,,0.0,,0.0,,0.0,2.520712028323639,0.11312507831951854
