{
  "family": "baselines",
  "experiment": "within_cv",
  "scenario": "C_within",
  "dataset": "C",
  "fold": 1,
  "n_splits": 5,
  "model_name": "mobilenet_v2",
  "seed": 42,
  "device": "cuda",
  "pretrained": true,
  "num_classes": 4,
  "label_order": [
    "cercospora_leaf_spot",
    "healthy",
    "nutrient_deficiency",
    "powdery_mildew"
  ],
  "n_train": 1192,
  "n_val": 133,
  "n_test": 332,
  "parameters": 2228996,
  "trainable_parameters": 2228996,
  "best_epoch": 10,
  "best_val_monitor": 0.8149729698642743,
  "elapsed_seconds": 62.747976083999674,
  "peak_gpu_memory_mb": 1290.974609375,
  "test_accuracy": 0.8102409638554217,
  "test_balanced_accuracy": 0.8263332086761407,
  "test_macro_precision": 0.7919362132169536,
  "test_macro_recall": 0.8263332086761407,
  "test_macro_f1": 0.8026144384209905,
  "test_macro_specificity": 0.9277221412397176,
  "test_mcc": 0.7045440332718926,
  "test_auc_ovr_macro": NaN,
  "test_loss": 0.9930153434926813
}