{
  "family": "baselines",
  "experiment": "within_cv",
  "scenario": "B_within",
  "dataset": "B",
  "fold": 1,
  "n_splits": 5,
  "model_name": "swin_t",
  "seed": 42,
  "device": "cuda",
  "pretrained": true,
  "num_classes": 6,
  "label_order": [
    "bacterial_spot",
    "cercospora_leaf_spot",
    "curl_virus",
    "healthy",
    "nutrient_deficiency",
    "powdery_mildew"
  ],
  "n_train": 5713,
  "n_val": 635,
  "n_test": 1588,
  "parameters": 27523968,
  "trainable_parameters": 27523968,
  "best_epoch": 14,
  "best_val_monitor": 0.9899143461811111,
  "elapsed_seconds": 905.8231335289966,
  "peak_gpu_memory_mb": 2806.61474609375,
  "test_accuracy": 0.9798488664987406,
  "test_balanced_accuracy": 0.9806720570421629,
  "test_macro_precision": 0.9810389304506951,
  "test_macro_recall": 0.9806720570421629,
  "test_macro_f1": 0.9808414091051558,
  "test_macro_specificity": 0.9958827494311288,
  "test_mcc": 0.9755751276455469,
  "test_auc_ovr_macro": NaN,
  "test_loss": 0.49950151443481444
}