{
  "family": "baselines",
  "experiment": "within_cv",
  "scenario": "C_within",
  "dataset": "C",
  "fold": 4,
  "n_splits": 5,
  "model_name": "mobilenet_v2",
  "seed": 45,
  "device": "cuda",
  "pretrained": true,
  "num_classes": 4,
  "label_order": [
    "cercospora_leaf_spot",
    "healthy",
    "nutrient_deficiency",
    "powdery_mildew"
  ],
  "n_train": 1193,
  "n_val": 133,
  "n_test": 331,
  "parameters": 2228996,
  "trainable_parameters": 2228996,
  "best_epoch": 17,
  "best_val_monitor": 0.8865099783427084,
  "elapsed_seconds": 49.202844136998465,
  "peak_gpu_memory_mb": 1309.478515625,
  "test_accuracy": 0.8217522658610272,
  "test_balanced_accuracy": 0.8259152079804255,
  "test_macro_precision": 0.8159303160919541,
  "test_macro_recall": 0.8259152079804255,
  "test_macro_f1": 0.8204154101433521,
  "test_macro_specificity": 0.9318555948759106,
  "test_mcc": 0.735916645725678,
  "test_auc_ovr_macro": NaN,
  "test_loss": 0.9628542729399421
}