class_index,class_name,support,precision,recall_sensitivity,specificity,f1,auc_ovr,tp,fp,fn,tn
0,bacterial_spot,278,0.978021978021978,0.960431654676259,0.9954163483575248,0.969147005444646,0.9942305895543305,267,6,11,1303
1,cercospora_leaf_spot,360,0.9806094182825484,0.9833333333333333,0.9942950285248574,0.9819694868238558,0.9974327628361859,354,7,6,1220
2,curl_virus,283,0.9609929078014184,0.9575971731448764,0.9915644171779141,0.95929203539823,0.9962076459494027,271,11,12,1293
3,healthy,282,0.9929328621908127,0.9964539007092199,0.9984674329501916,0.9946902654867257,0.9995434906660146,281,2,1,1303
4,nutrient_deficiency,219,0.9730941704035875,0.9908675799086758,0.9956140350877193,0.9819004524886877,0.9998798365777457,217,6,2,1362
5,powdery_mildew,165,1.0,1.0,1.0,1.0,1.0,165,0,0,1422
