{
  "family": "baselines",
  "experiment": "pairwise",
  "scenario": "C->A",
  "source_datasets": [
    "C"
  ],
  "target_dataset": "A",
  "exact_target_overlap_removed": 0,
  "model_name": "efficientnet_b4",
  "seed": 42,
  "device": "cuda",
  "pretrained": true,
  "num_classes": 3,
  "label_order": [
    "cercospora_leaf_spot",
    "healthy",
    "nutrient_deficiency"
  ],
  "n_train": 1345,
  "n_val": 150,
  "n_test": 1077,
  "parameters": 17553995,
  "trainable_parameters": 17553995,
  "best_epoch": 26,
  "best_val_monitor": 0.8543863803330844,
  "elapsed_seconds": 131.82900218000213,
  "peak_gpu_memory_mb": 3848.43798828125,
  "test_accuracy": 0.8031569173630455,
  "test_balanced_accuracy": 0.8011093876159379,
  "test_macro_precision": 0.7752961699588511,
  "test_macro_recall": 0.8011093876159379,
  "test_macro_f1": 0.7841418765336298,
  "test_macro_specificity": 0.9010894839027551,
  "test_mcc": 0.6916742448757002,
  "test_auc_ovr_macro": NaN,
  "test_loss": 0.6219640580170295
}