{
  "family": "baselines",
  "experiment": "within_cv",
  "scenario": "B_within",
  "dataset": "B",
  "fold": 5,
  "n_splits": 5,
  "model_name": "densenet121",
  "seed": 46,
  "device": "cuda",
  "pretrained": true,
  "num_classes": 6,
  "label_order": [
    "bacterial_spot",
    "cercospora_leaf_spot",
    "curl_virus",
    "healthy",
    "nutrient_deficiency",
    "powdery_mildew"
  ],
  "n_train": 5714,
  "n_val": 635,
  "n_test": 1587,
  "parameters": 6960006,
  "trainable_parameters": 6960006,
  "best_epoch": 11,
  "best_val_monitor": 0.9912574333245309,
  "elapsed_seconds": 751.6714884129979,
  "peak_gpu_memory_mb": 2228.478515625,
  "test_accuracy": 0.982356647763075,
  "test_balanced_accuracy": 0.9837456256337506,
  "test_macro_precision": 0.9834366398889826,
  "test_macro_recall": 0.9837456256337506,
  "test_macro_f1": 0.9835544653495267,
  "test_macro_specificity": 0.9964080825011331,
  "test_mcc": 0.9786743220246904,
  "test_auc_ovr_macro": NaN,
  "test_loss": 0.5037240624427796
}