class_index,class_name,support,precision,recall_sensitivity,specificity,f1,auc_ovr,tp,fp,fn,tn
0,bacterial_spot,147,0.2281639928698752,0.8707482993197279,0.7113333333333334,0.3615819209039548,0.9050997732426305,128,433,19,1067
1,cercospora_leaf_spot,175,0.24,0.03428571428571429,0.9870923913043478,0.06,0.5537965838509317,6,19,169,1453
2,curl_virus,423,0.29653679653679654,0.32387706855791965,0.7344771241830066,0.3096045197740113,0.6378575070690216,137,325,286,899
3,healthy,458,0.9343065693430657,0.5589519650655022,0.9848612279226241,0.6994535519125683,0.8832244996896588,256,18,202,1171
4,nutrient_deficiency,444,0.8276923076923077,0.6058558558558559,0.9534497090606816,0.6996098829648895,0.9226024653082009,269,56,175,1147
