{
  "family": "proposed",
  "experiment": "within_cv",
  "scenario": "B_within",
  "dataset": "B",
  "fold": 1,
  "n_splits": 5,
  "model_name": "chilli_lite_gfnet",
  "seed": 42,
  "device": "cuda",
  "pretrained": true,
  "num_classes": 6,
  "label_order": [
    "bacterial_spot",
    "cercospora_leaf_spot",
    "curl_virus",
    "healthy",
    "nutrient_deficiency",
    "powdery_mildew"
  ],
  "n_train": 5713,
  "n_val": 635,
  "n_test": 1588,
  "parameters": 1154760,
  "trainable_parameters": 1154760,
  "best_epoch": 32,
  "best_val_monitor": 0.9909420184985742,
  "elapsed_seconds": 1246.1900651650212,
  "peak_gpu_memory_mb": 428.40673828125,
  "test_accuracy": 0.9817380352644837,
  "test_balanced_accuracy": 0.9807516946773985,
  "test_macro_precision": 0.98426851369184,
  "test_macro_recall": 0.9807516946773985,
  "test_macro_f1": 0.9823506946510553,
  "test_macro_specificity": 0.9962226671227579,
  "test_mcc": 0.9779108907356224,
  "test_auc_ovr_macro": NaN,
  "test_loss": 0.5020078074932098
}