{
  "family": "proposed",
  "experiment": "within_cv",
  "scenario": "B_within",
  "dataset": "B",
  "fold": 1,
  "n_splits": 5,
  "model_name": "chilli_lite_gfnet",
  "seed": 42,
  "device": "cuda",
  "pretrained": true,
  "num_classes": 6,
  "label_order": [
    "bacterial_spot",
    "cercospora_leaf_spot",
    "curl_virus",
    "healthy",
    "nutrient_deficiency",
    "powdery_mildew"
  ],
  "n_train": 5713,
  "n_val": 635,
  "n_test": 1588,
  "parameters": 1026197,
  "trainable_parameters": 1026197,
  "best_epoch": 12,
  "best_val_monitor": 0.9937319332679205,
  "elapsed_seconds": 619.4796578820024,
  "peak_gpu_memory_mb": 344.02490234375,
  "test_accuracy": 0.9804785894206549,
  "test_balanced_accuracy": 0.9805999364766613,
  "test_macro_precision": 0.9818939860513044,
  "test_macro_recall": 0.9805999364766613,
  "test_macro_f1": 0.9811292556920534,
  "test_macro_specificity": 0.9960115261579926,
  "test_mcc": 0.9763896766461773,
  "test_auc_ovr_macro": NaN,
  "test_loss": 0.5037055057287216
}