class_index,class_name,support,precision,recall_sensitivity,specificity,f1,auc_ovr,tp,fp,fn,tn
0,bacterial_spot,231,0.9955156950672646,0.961038961038961,0.9992630803242447,0.9779735682819384,0.9974813935757193,222,1,9,1356
1,cercospora_leaf_spot,333,0.993920972644377,0.9819819819819819,0.998406374501992,0.9879154078549849,0.9990919206058648,327,2,6,1253
2,curl_virus,328,0.9642857142857143,0.9878048780487805,0.9904761904761905,0.9759036144578314,0.9979989353464963,324,12,4,1248
3,healthy,307,0.9621451104100947,0.993485342019544,0.990632318501171,0.9775641025641025,0.9990273783460092,305,12,2,1269
4,nutrient_deficiency,201,0.9897435897435898,0.9601990049751243,0.9985580389329488,0.9747474747474747,0.9933676964851302,193,2,8,1385
5,powdery_mildew,188,1.0,1.0,1.0,1.0,1.0,188,0,0,1400
