{
  "family": "baselines",
  "experiment": "within_cv",
  "scenario": "C_within",
  "dataset": "C",
  "fold": 4,
  "n_splits": 5,
  "model_name": "densenet121",
  "seed": 45,
  "device": "cuda",
  "pretrained": true,
  "num_classes": 4,
  "label_order": [
    "cercospora_leaf_spot",
    "healthy",
    "nutrient_deficiency",
    "powdery_mildew"
  ],
  "n_train": 1193,
  "n_val": 133,
  "n_test": 331,
  "parameters": 6957956,
  "trainable_parameters": 6957956,
  "best_epoch": 33,
  "best_val_monitor": 0.911919587262053,
  "elapsed_seconds": 120.81803543699789,
  "peak_gpu_memory_mb": 2229.712890625,
  "test_accuracy": 0.8277945619335347,
  "test_balanced_accuracy": 0.8308770939205723,
  "test_macro_precision": 0.827251552795031,
  "test_macro_recall": 0.8308770939205723,
  "test_macro_f1": 0.8260884883309836,
  "test_macro_specificity": 0.9336476074052005,
  "test_mcc": 0.7452410573581586,
  "test_auc_ovr_macro": NaN,
  "test_loss": 0.9386995136737823
}