{
  "family": "baselines",
  "experiment": "within_cv",
  "scenario": "B_within",
  "dataset": "B",
  "fold": 1,
  "n_splits": 5,
  "model_name": "mobilenet_v2",
  "seed": 42,
  "device": "cuda",
  "pretrained": true,
  "num_classes": 6,
  "label_order": [
    "bacterial_spot",
    "cercospora_leaf_spot",
    "curl_virus",
    "healthy",
    "nutrient_deficiency",
    "powdery_mildew"
  ],
  "n_train": 5713,
  "n_val": 635,
  "n_test": 1588,
  "parameters": 2231558,
  "trainable_parameters": 2231558,
  "best_epoch": 16,
  "best_val_monitor": 0.9912582823507564,
  "elapsed_seconds": 1004.4371274139994,
  "peak_gpu_memory_mb": 1291.9140625,
  "test_accuracy": 0.9842569269521411,
  "test_balanced_accuracy": 0.9836835202549533,
  "test_macro_precision": 0.9852980410195707,
  "test_macro_recall": 0.9836835202549533,
  "test_macro_f1": 0.9844579248022621,
  "test_macro_specificity": 0.9967743919308476,
  "test_mcc": 0.9809212961316127,
  "test_auc_ovr_macro": NaN,
  "test_loss": 0.49594022274017335
}