{
  "family": "baselines",
  "experiment": "within_cv",
  "scenario": "B_within",
  "dataset": "B",
  "fold": 1,
  "n_splits": 5,
  "model_name": "resnet50",
  "seed": 42,
  "device": "cuda",
  "pretrained": true,
  "num_classes": 6,
  "label_order": [
    "bacterial_spot",
    "cercospora_leaf_spot",
    "curl_virus",
    "healthy",
    "nutrient_deficiency",
    "powdery_mildew"
  ],
  "n_train": 5713,
  "n_val": 635,
  "n_test": 1588,
  "parameters": 23520326,
  "trainable_parameters": 23520326,
  "best_epoch": 9,
  "best_val_monitor": 0.9898206186699107,
  "elapsed_seconds": 584.1475512360048,
  "peak_gpu_memory_mb": 1916.63427734375,
  "test_accuracy": 0.9792191435768262,
  "test_balanced_accuracy": 0.9802410501057618,
  "test_macro_precision": 0.9812594102132376,
  "test_macro_recall": 0.9802410501057618,
  "test_macro_f1": 0.980640498965825,
  "test_macro_specificity": 0.9957258192487286,
  "test_mcc": 0.9748677049070128,
  "test_auc_ovr_macro": NaN,
  "test_loss": 0.5082763248682022
}