{
  "family": "baselines",
  "experiment": "within_cv",
  "scenario": "C_within",
  "dataset": "C",
  "fold": 2,
  "n_splits": 5,
  "model_name": "swin_t",
  "seed": 43,
  "device": "cuda",
  "pretrained": true,
  "num_classes": 4,
  "label_order": [
    "cercospora_leaf_spot",
    "healthy",
    "nutrient_deficiency",
    "powdery_mildew"
  ],
  "n_train": 1193,
  "n_val": 133,
  "n_test": 331,
  "parameters": 27522430,
  "trainable_parameters": 27522430,
  "best_epoch": 14,
  "best_val_monitor": 0.8614719685724139,
  "elapsed_seconds": 72.46493647600437,
  "peak_gpu_memory_mb": 2695.99267578125,
  "test_accuracy": 0.8217522658610272,
  "test_balanced_accuracy": 0.8198385886414056,
  "test_macro_precision": 0.8368042526579111,
  "test_macro_recall": 0.8198385886414056,
  "test_macro_f1": 0.8175379422470349,
  "test_macro_specificity": 0.9355168775200167,
  "test_mcc": 0.7359946766699121,
  "test_auc_ovr_macro": NaN,
  "test_loss": 0.9600015174258839
}