{
  "family": "baselines",
  "experiment": "within_cv",
  "scenario": "C_within",
  "dataset": "C",
  "fold": 5,
  "n_splits": 5,
  "model_name": "efficientnet_b4",
  "seed": 46,
  "device": "cuda",
  "pretrained": true,
  "num_classes": 4,
  "label_order": [
    "cercospora_leaf_spot",
    "healthy",
    "nutrient_deficiency",
    "powdery_mildew"
  ],
  "n_train": 1193,
  "n_val": 133,
  "n_test": 331,
  "parameters": 17555788,
  "trainable_parameters": 17555788,
  "best_epoch": 27,
  "best_val_monitor": 0.8564849537493915,
  "elapsed_seconds": 120.31337502000679,
  "peak_gpu_memory_mb": 3878.56103515625,
  "test_accuracy": 0.8096676737160121,
  "test_balanced_accuracy": 0.8148327393784739,
  "test_macro_precision": 0.759953784953785,
  "test_macro_recall": 0.8148327393784739,
  "test_macro_f1": 0.7839623376151562,
  "test_macro_specificity": 0.9266257043250999,
  "test_mcc": 0.6958534590626774,
  "test_auc_ovr_macro": NaN,
  "test_loss": 1.0202806226231835
}