{
  "family": "proposed",
  "experiment": "within_cv",
  "scenario": "A_within",
  "dataset": "A",
  "fold": 4,
  "n_splits": 5,
  "model_name": "chilli_lite_gfnet",
  "seed": 45,
  "device": "cuda",
  "pretrained": true,
  "num_classes": 5,
  "label_order": [
    "bacterial_spot",
    "cercospora_leaf_spot",
    "curl_virus",
    "healthy",
    "nutrient_deficiency"
  ],
  "n_train": 1186,
  "n_val": 132,
  "n_test": 329,
  "parameters": 1154679,
  "trainable_parameters": 1154679,
  "best_epoch": 4,
  "best_val_monitor": 1.0,
  "elapsed_seconds": 52.478327614982845,
  "peak_gpu_memory_mb": 427.46142578125,
  "test_accuracy": 0.9817629179331308,
  "test_balanced_accuracy": 0.967966903073286,
  "test_macro_precision": 0.9786774541531823,
  "test_macro_recall": 0.967966903073286,
  "test_macro_f1": 0.9729488953858165,
  "test_macro_specificity": 0.9951768936181503,
  "test_mcc": 0.9760996520744548,
  "test_auc_ovr_macro": 0.9996220039926488,
  "test_loss": 0.5913208723068237
}