class_index,class_name,support,precision,recall_sensitivity,specificity,f1,auc_ovr,tp,fp,fn,tn
0,bacterial_spot,27,0.96,0.8888888888888888,0.9966887417218543,0.9230769230769231,0.9986509688496443,24,1,3,301
1,cercospora_leaf_spot,36,0.9722222222222222,0.9722222222222222,0.9965870307167235,0.9722222222222222,0.9998103905953736,35,1,1,292
2,curl_virus,73,1.0,1.0,1.0,1.0,1.0,73,0,0,256
3,healthy,94,1.0,0.9787234042553191,1.0,0.989247311827957,1.0,92,0,2,235
4,nutrient_deficiency,99,0.9611650485436893,1.0,0.9826086956521739,0.9801980198019802,0.9996486605182258,99,4,0,226
