{
  "family": "baselines",
  "experiment": "within_cv",
  "scenario": "C_within",
  "dataset": "C",
  "fold": 3,
  "n_splits": 5,
  "model_name": "mobilenet_v3_small",
  "seed": 44,
  "device": "cuda",
  "pretrained": true,
  "num_classes": 4,
  "label_order": [
    "cercospora_leaf_spot",
    "healthy",
    "nutrient_deficiency",
    "powdery_mildew"
  ],
  "n_train": 1192,
  "n_val": 133,
  "n_test": 332,
  "parameters": 1521956,
  "trainable_parameters": 1521956,
  "best_epoch": 14,
  "best_val_monitor": 0.8107897664071191,
  "elapsed_seconds": 42.43697985200197,
  "peak_gpu_memory_mb": 336.70947265625,
  "test_accuracy": 0.7891566265060241,
  "test_balanced_accuracy": 0.7919242098312622,
  "test_macro_precision": 0.8051096106803157,
  "test_macro_recall": 0.7919242098312622,
  "test_macro_f1": 0.7826370525251283,
  "test_macro_specificity": 0.9150857858813187,
  "test_mcc": 0.667684466293834,
  "test_auc_ovr_macro": NaN,
  "test_loss": 1.0410068468614058
}