{
  "family": "baselines",
  "experiment": "within_cv",
  "scenario": "C_within",
  "dataset": "C",
  "fold": 1,
  "n_splits": 5,
  "model_name": "shufflenet_v2_x1_0",
  "seed": 42,
  "device": "cuda",
  "pretrained": true,
  "num_classes": 4,
  "label_order": [
    "cercospora_leaf_spot",
    "healthy",
    "nutrient_deficiency",
    "powdery_mildew"
  ],
  "n_train": 1192,
  "n_val": 133,
  "n_test": 332,
  "parameters": 1257704,
  "trainable_parameters": 1257704,
  "best_epoch": 33,
  "best_val_monitor": 0.809020979020979,
  "elapsed_seconds": 92.42244655700051,
  "peak_gpu_memory_mb": 397.953125,
  "test_accuracy": 0.7951807228915663,
  "test_balanced_accuracy": 0.775018698578908,
  "test_macro_precision": 0.7765067938170033,
  "test_macro_recall": 0.775018698578908,
  "test_macro_f1": 0.7728068848916845,
  "test_macro_specificity": 0.9127413512242374,
  "test_mcc": 0.6631415008207256,
  "test_auc_ovr_macro": NaN,
  "test_loss": 1.01347055895762
}