{
  "family": "baselines",
  "experiment": "within_cv",
  "scenario": "B_within",
  "dataset": "B",
  "fold": 5,
  "n_splits": 5,
  "model_name": "resnet50",
  "seed": 46,
  "device": "cuda",
  "pretrained": true,
  "num_classes": 6,
  "label_order": [
    "bacterial_spot",
    "cercospora_leaf_spot",
    "curl_virus",
    "healthy",
    "nutrient_deficiency",
    "powdery_mildew"
  ],
  "n_train": 5714,
  "n_val": 635,
  "n_test": 1587,
  "parameters": 23520326,
  "trainable_parameters": 23520326,
  "best_epoch": 14,
  "best_val_monitor": 0.9936734489701706,
  "elapsed_seconds": 720.5886617569995,
  "peak_gpu_memory_mb": 1822.67236328125,
  "test_accuracy": 0.9848771266540642,
  "test_balanced_accuracy": 0.985646057660064,
  "test_macro_precision": 0.9852321354274056,
  "test_macro_recall": 0.985646057660064,
  "test_macro_f1": 0.985431017886147,
  "test_macro_specificity": 0.9969330540559476,
  "test_mcc": 0.9817093780133523,
  "test_auc_ovr_macro": NaN,
  "test_loss": 0.4911545890569687
}