{
  "family": "baselines",
  "experiment": "pooled_cv",
  "scenario": "A+B+C_pooled",
  "datasets": [
    "A",
    "B",
    "C"
  ],
  "fold": 1,
  "n_splits": 5,
  "model_name": "resnet50",
  "seed": 42,
  "device": "cuda",
  "pretrained": true,
  "num_classes": 6,
  "label_order": [
    "bacterial_spot",
    "cercospora_leaf_spot",
    "curl_virus",
    "healthy",
    "nutrient_deficiency",
    "powdery_mildew"
  ],
  "n_train": 8092,
  "n_val": 900,
  "n_test": 2248,
  "parameters": 23520326,
  "trainable_parameters": 23520326,
  "best_epoch": 22,
  "best_val_monitor": 0.9703343724496155,
  "elapsed_seconds": 1396.863523232998,
  "peak_gpu_memory_mb": 1811.08544921875,
  "test_accuracy": 0.9532918149466192,
  "test_balanced_accuracy": 0.9590006865393065,
  "test_macro_precision": 0.9570810524276089,
  "test_macro_recall": 0.9590006865393065,
  "test_macro_f1": 0.9578679666953175,
  "test_macro_specificity": 0.9903505203214286,
  "test_mcc": 0.9430402722224721,
  "test_auc_ovr_macro": NaN,
  "test_loss": 0.5972117510899692
}