{
  "family": "baselines",
  "experiment": "within_cv",
  "scenario": "B_within",
  "dataset": "B",
  "fold": 3,
  "n_splits": 5,
  "model_name": "resnet50",
  "seed": 44,
  "device": "cuda",
  "pretrained": true,
  "num_classes": 6,
  "label_order": [
    "bacterial_spot",
    "cercospora_leaf_spot",
    "curl_virus",
    "healthy",
    "nutrient_deficiency",
    "powdery_mildew"
  ],
  "n_train": 5714,
  "n_val": 635,
  "n_test": 1587,
  "parameters": 23520326,
  "trainable_parameters": 23520326,
  "best_epoch": 15,
  "best_val_monitor": 0.9858471267972009,
  "elapsed_seconds": 754.0743013370011,
  "peak_gpu_memory_mb": 2005.72998046875,
  "test_accuracy": 0.980466288594833,
  "test_balanced_accuracy": 0.9824187576184378,
  "test_macro_precision": 0.9805863476232459,
  "test_macro_recall": 0.9824187576184378,
  "test_macro_f1": 0.9814556675312368,
  "test_macro_specificity": 0.9960514241079098,
  "test_mcc": 0.9763717996897582,
  "test_auc_ovr_macro": NaN,
  "test_loss": 0.5047888851165772
}