{
  "family": "baselines",
  "experiment": "within_cv",
  "scenario": "C_within",
  "dataset": "C",
  "fold": 5,
  "n_splits": 5,
  "model_name": "swin_t",
  "seed": 46,
  "device": "cuda",
  "pretrained": true,
  "num_classes": 4,
  "label_order": [
    "cercospora_leaf_spot",
    "healthy",
    "nutrient_deficiency",
    "powdery_mildew"
  ],
  "n_train": 1193,
  "n_val": 133,
  "n_test": 331,
  "parameters": 27522430,
  "trainable_parameters": 27522430,
  "best_epoch": 16,
  "best_val_monitor": 0.8670619393359709,
  "elapsed_seconds": 79.16217947599944,
  "peak_gpu_memory_mb": 2699.05419921875,
  "test_accuracy": 0.8398791540785498,
  "test_balanced_accuracy": 0.8046126827694429,
  "test_macro_precision": 0.8315584415584416,
  "test_macro_recall": 0.8046126827694429,
  "test_macro_f1": 0.810839118255998,
  "test_macro_specificity": 0.9271088687538703,
  "test_mcc": 0.7295816245468112,
  "test_auc_ovr_macro": NaN,
  "test_loss": 0.9558137533339587
}