class_index,class_name,support,precision,recall_sensitivity,specificity,f1,auc_ovr,tp,fp,fn,tn
0,bacterial_spot,278,0.9816176470588235,0.960431654676259,0.9961802902979373,0.9709090909090909,0.9994462794928305,267,5,11,1304
1,cercospora_leaf_spot,360,0.9833795013850416,0.9861111111111112,0.9951100244498777,0.984743411927878,0.9995698632617949,355,6,5,1221
2,curl_virus,283,0.9645390070921985,0.9611307420494699,0.9923312883435583,0.9628318584070796,0.9933190075657394,272,10,11,1294
3,healthy,282,0.986013986013986,1.0,0.9969348659003832,0.9929577464788732,1.0,282,4,0,1301
4,nutrient_deficiency,219,0.9909502262443439,1.0,0.9985380116959064,0.9954545454545455,0.9999966621271597,219,2,0,1366
5,powdery_mildew,165,1.0,1.0,1.0,1.0,1.0,165,0,0,1422
