{
  "family": "baselines",
  "experiment": "within_cv",
  "scenario": "C_within",
  "dataset": "C",
  "fold": 3,
  "n_splits": 5,
  "model_name": "mobilenet_v2",
  "seed": 44,
  "device": "cuda",
  "pretrained": true,
  "num_classes": 4,
  "label_order": [
    "cercospora_leaf_spot",
    "healthy",
    "nutrient_deficiency",
    "powdery_mildew"
  ],
  "n_train": 1192,
  "n_val": 133,
  "n_test": 332,
  "parameters": 2228996,
  "trainable_parameters": 2228996,
  "best_epoch": 5,
  "best_val_monitor": 0.80591046277666,
  "elapsed_seconds": 25.99275040899738,
  "peak_gpu_memory_mb": 1299.701171875,
  "test_accuracy": 0.7379518072289156,
  "test_balanced_accuracy": 0.7664790870307607,
  "test_macro_precision": 0.7224179355719744,
  "test_macro_recall": 0.7664790870307607,
  "test_macro_f1": 0.7402332005684131,
  "test_macro_specificity": 0.9025660831327514,
  "test_mcc": 0.5971682270265231,
  "test_auc_ovr_macro": NaN,
  "test_loss": 1.0375597314401106
}