{
  "family": "baselines",
  "experiment": "within_cv",
  "scenario": "C_within",
  "dataset": "C",
  "fold": 1,
  "n_splits": 5,
  "model_name": "mobilenet_v3_small",
  "seed": 42,
  "device": "cuda",
  "pretrained": true,
  "num_classes": 4,
  "label_order": [
    "cercospora_leaf_spot",
    "healthy",
    "nutrient_deficiency",
    "powdery_mildew"
  ],
  "n_train": 1192,
  "n_val": 133,
  "n_test": 332,
  "parameters": 1521956,
  "trainable_parameters": 1521956,
  "best_epoch": 27,
  "best_val_monitor": 0.8094907407407407,
  "elapsed_seconds": 111.07009977299822,
  "peak_gpu_memory_mb": 331.53564453125,
  "test_accuracy": 0.8132530120481928,
  "test_balanced_accuracy": 0.7955525430067315,
  "test_macro_precision": 0.7923885519272966,
  "test_macro_recall": 0.7955525430067315,
  "test_macro_f1": 0.7937146814186827,
  "test_macro_specificity": 0.9208612100032081,
  "test_mcc": 0.6923203457462233,
  "test_auc_ovr_macro": NaN,
  "test_loss": 0.9345888522538272
}