{
  "family": "baselines",
  "experiment": "within_cv",
  "scenario": "C_within",
  "dataset": "C",
  "fold": 1,
  "n_splits": 5,
  "model_name": "efficientnet_b0",
  "seed": 42,
  "device": "cuda",
  "pretrained": true,
  "num_classes": 4,
  "label_order": [
    "cercospora_leaf_spot",
    "healthy",
    "nutrient_deficiency",
    "powdery_mildew"
  ],
  "n_train": 1192,
  "n_val": 133,
  "n_test": 332,
  "parameters": 4012672,
  "trainable_parameters": 4012672,
  "best_epoch": 19,
  "best_val_monitor": 0.8593689004554327,
  "elapsed_seconds": 105.8513418079965,
  "peak_gpu_memory_mb": 1509.9912109375,
  "test_accuracy": 0.8674698795180723,
  "test_balanced_accuracy": 0.8554291323859388,
  "test_macro_precision": 0.8564311030966297,
  "test_macro_recall": 0.8554291323859388,
  "test_macro_f1": 0.8529436318707007,
  "test_macro_specificity": 0.9464423373419673,
  "test_mcc": 0.7843668328340585,
  "test_auc_ovr_macro": NaN,
  "test_loss": 0.9020248556678946
}