{
  "family": "baselines",
  "experiment": "within_cv",
  "scenario": "C_within",
  "dataset": "C",
  "fold": 3,
  "n_splits": 5,
  "model_name": "swin_t",
  "seed": 44,
  "device": "cuda",
  "pretrained": true,
  "num_classes": 4,
  "label_order": [
    "cercospora_leaf_spot",
    "healthy",
    "nutrient_deficiency",
    "powdery_mildew"
  ],
  "n_train": 1192,
  "n_val": 133,
  "n_test": 332,
  "parameters": 27522430,
  "trainable_parameters": 27522430,
  "best_epoch": 28,
  "best_val_monitor": 0.8597202797202798,
  "elapsed_seconds": 117.68755305599916,
  "peak_gpu_memory_mb": 2696.26708984375,
  "test_accuracy": 0.8644578313253012,
  "test_balanced_accuracy": 0.8669061547270842,
  "test_macro_precision": 0.8763196480938417,
  "test_macro_recall": 0.8669061547270842,
  "test_macro_f1": 0.8714101288599205,
  "test_macro_specificity": 0.9427157353589565,
  "test_mcc": 0.7801868585195677,
  "test_auc_ovr_macro": NaN,
  "test_loss": 0.9521962851285934
}