{
  "family": "baselines",
  "experiment": "within_cv",
  "scenario": "B_within",
  "dataset": "B",
  "fold": 5,
  "n_splits": 5,
  "model_name": "mobilenet_v3_small",
  "seed": 46,
  "device": "cuda",
  "pretrained": true,
  "num_classes": 6,
  "label_order": [
    "bacterial_spot",
    "cercospora_leaf_spot",
    "curl_virus",
    "healthy",
    "nutrient_deficiency",
    "powdery_mildew"
  ],
  "n_train": 5714,
  "n_val": 635,
  "n_test": 1587,
  "parameters": 1524006,
  "trainable_parameters": 1524006,
  "best_epoch": 12,
  "best_val_monitor": 0.9901545942512268,
  "elapsed_seconds": 780.6860751270033,
  "peak_gpu_memory_mb": 331.96044921875,
  "test_accuracy": 0.9873976055450535,
  "test_balanced_accuracy": 0.9875654036970672,
  "test_macro_precision": 0.9892239934922862,
  "test_macro_recall": 0.9875654036970672,
  "test_macro_f1": 0.9883367119376084,
  "test_macro_specificity": 0.9973939854611554,
  "test_mcc": 0.984774741523579,
  "test_auc_ovr_macro": NaN,
  "test_loss": 0.4973916280269623
}