class_index,class_name,support,precision,recall_sensitivity,specificity,f1,auc_ovr,tp,fp,fn,tn
0,cercospora_leaf_spot,899,0.6419642857142858,0.7997775305895439,0.3271812080536913,0.7122337790985637,0.5554484475666475,719,401,180,195
1,healthy,329,0.3115727002967359,0.3191489361702128,0.8010291595197255,0.3153153153153153,0.5254357244521837,105,232,224,934
2,nutrient_deficiency,267,0.631578947368421,0.0898876404494382,0.988599348534202,0.15737704918032788,0.6583494979809441,24,14,243,1214
