{
  "family": "baselines",
  "experiment": "within_cv",
  "scenario": "C_within",
  "dataset": "C",
  "fold": 2,
  "n_splits": 5,
  "model_name": "mobilenet_v3_small",
  "seed": 43,
  "device": "cuda",
  "pretrained": true,
  "num_classes": 4,
  "label_order": [
    "cercospora_leaf_spot",
    "healthy",
    "nutrient_deficiency",
    "powdery_mildew"
  ],
  "n_train": 1193,
  "n_val": 133,
  "n_test": 331,
  "parameters": 1521956,
  "trainable_parameters": 1521956,
  "best_epoch": 18,
  "best_val_monitor": 0.8498376623376623,
  "elapsed_seconds": 90.39339306499824,
  "peak_gpu_memory_mb": 329.96435546875,
  "test_accuracy": 0.8429003021148036,
  "test_balanced_accuracy": 0.8434442083737859,
  "test_macro_precision": 0.8403122158740136,
  "test_macro_recall": 0.8434442083737859,
  "test_macro_f1": 0.8413959829453841,
  "test_macro_specificity": 0.9351279692019029,
  "test_mcc": 0.7538527195987159,
  "test_auc_ovr_macro": 0.9539179885011936,
  "test_loss": 0.8935827761888504
}