{
  "family": "proposed",
  "experiment": "within_cv",
  "scenario": "A_within",
  "dataset": "A",
  "fold": 2,
  "n_splits": 5,
  "model_name": "chilli_lite_gfnet",
  "seed": 43,
  "device": "cuda",
  "pretrained": true,
  "num_classes": 5,
  "label_order": [
    "bacterial_spot",
    "cercospora_leaf_spot",
    "curl_virus",
    "healthy",
    "nutrient_deficiency"
  ],
  "n_train": 1185,
  "n_val": 132,
  "n_test": 330,
  "parameters": 1154679,
  "trainable_parameters": 1154679,
  "best_epoch": 5,
  "best_val_monitor": 0.9946052868189174,
  "elapsed_seconds": 54.684527186997,
  "peak_gpu_memory_mb": 422.943359375,
  "test_accuracy": 0.9939393939393939,
  "test_balanced_accuracy": 0.9865934065934067,
  "test_macro_precision": 0.9921580547112463,
  "test_macro_recall": 0.9865934065934067,
  "test_macro_f1": 0.9892946269416857,
  "test_macro_specificity": 0.998478152041765,
  "test_mcc": 0.9920406283594964,
  "test_auc_ovr_macro": NaN,
  "test_loss": 0.5645845559510317
}