{
  "family": "baselines",
  "experiment": "within_cv",
  "scenario": "B_within",
  "dataset": "B",
  "fold": 2,
  "n_splits": 5,
  "model_name": "mobilenet_v2",
  "seed": 43,
  "device": "cuda",
  "pretrained": true,
  "num_classes": 6,
  "label_order": [
    "bacterial_spot",
    "cercospora_leaf_spot",
    "curl_virus",
    "healthy",
    "nutrient_deficiency",
    "powdery_mildew"
  ],
  "n_train": 5714,
  "n_val": 635,
  "n_test": 1587,
  "parameters": 2231558,
  "trainable_parameters": 2231558,
  "best_epoch": 10,
  "best_val_monitor": 0.9846119081917276,
  "elapsed_seconds": 747.6962312140022,
  "peak_gpu_memory_mb": 1291.64453125,
  "test_accuracy": 0.9829867674858223,
  "test_balanced_accuracy": 0.9844613289151501,
  "test_macro_precision": 0.9851871746485954,
  "test_macro_recall": 0.9844613289151501,
  "test_macro_f1": 0.9847847891694422,
  "test_macro_specificity": 0.9964761215533543,
  "test_mcc": 0.9793843220521363,
  "test_auc_ovr_macro": NaN,
  "test_loss": 0.5034128040075302
}