{
  "family": "baselines",
  "experiment": "within_cv",
  "scenario": "A_within",
  "dataset": "A",
  "fold": 2,
  "n_splits": 5,
  "model_name": "mobilenet_v2",
  "seed": 43,
  "device": "cuda",
  "pretrained": true,
  "num_classes": 5,
  "label_order": [
    "bacterial_spot",
    "cercospora_leaf_spot",
    "curl_virus",
    "healthy",
    "nutrient_deficiency"
  ],
  "n_train": 1185,
  "n_val": 132,
  "n_test": 330,
  "parameters": 2230277,
  "trainable_parameters": 2230277,
  "best_epoch": 3,
  "best_val_monitor": 0.9751504049170645,
  "elapsed_seconds": 54.41121875799945,
  "peak_gpu_memory_mb": 1291.5498046875,
  "test_accuracy": 0.9939393939393939,
  "test_balanced_accuracy": 0.9846153846153847,
  "test_macro_precision": 0.9891891891891891,
  "test_macro_recall": 0.9846153846153847,
  "test_macro_f1": 0.9864444444444445,
  "test_macro_specificity": 0.9986440677966101,
  "test_mcc": 0.9920809640289512,
  "test_auc_ovr_macro": NaN,
  "test_loss": 0.5830423425544392
}