{
  "family": "proposed",
  "experiment": "within_cv",
  "scenario": "C_within",
  "dataset": "C",
  "fold": 3,
  "n_splits": 5,
  "model_name": "chilli_lite_gfnet",
  "seed": 44,
  "device": "cuda",
  "pretrained": true,
  "num_classes": 4,
  "label_order": [
    "cercospora_leaf_spot",
    "healthy",
    "nutrient_deficiency",
    "powdery_mildew"
  ],
  "n_train": 1192,
  "n_val": 133,
  "n_test": 332,
  "parameters": 1025875,
  "trainable_parameters": 1025875,
  "best_epoch": 21,
  "best_val_monitor": 0.8514359501201607,
  "elapsed_seconds": 47.432752373002586,
  "peak_gpu_memory_mb": 339.51806640625,
  "test_accuracy": 0.8253012048192772,
  "test_balanced_accuracy": 0.8108330625067706,
  "test_macro_precision": 0.8088134382888268,
  "test_macro_recall": 0.8108330625067706,
  "test_macro_f1": 0.8052116620878779,
  "test_macro_specificity": 0.9253938853210438,
  "test_mcc": 0.7155806707385507,
  "test_auc_ovr_macro": NaN,
  "test_loss": 0.9702670140699907
}