{
  "family": "proposed",
  "experiment": "within_cv",
  "scenario": "C_within",
  "dataset": "C",
  "fold": 3,
  "n_splits": 5,
  "model_name": "chilli_lite_gfnet",
  "seed": 44,
  "device": "cuda",
  "pretrained": true,
  "num_classes": 4,
  "label_order": [
    "cercospora_leaf_spot",
    "healthy",
    "nutrient_deficiency",
    "powdery_mildew"
  ],
  "n_train": 1192,
  "n_val": 133,
  "n_test": 332,
  "parameters": 1154598,
  "trainable_parameters": 1154598,
  "best_epoch": 16,
  "best_val_monitor": 0.7440543202927103,
  "elapsed_seconds": 39.268768801994156,
  "peak_gpu_memory_mb": 431.9775390625,
  "test_accuracy": 0.7289156626506024,
  "test_balanced_accuracy": 0.7113876766176084,
  "test_macro_precision": 0.7513367522188087,
  "test_macro_recall": 0.7113876766176084,
  "test_macro_f1": 0.7294268829701901,
  "test_macro_specificity": 0.886157731827246,
  "test_mcc": 0.557382702587457,
  "test_auc_ovr_macro": NaN,
  "test_loss": 1.120946385643699
}