{
  "family": "baselines",
  "experiment": "within_cv",
  "scenario": "C_within",
  "dataset": "C",
  "fold": 4,
  "n_splits": 5,
  "model_name": "efficientnet_b0",
  "seed": 45,
  "device": "cuda",
  "pretrained": true,
  "num_classes": 4,
  "label_order": [
    "cercospora_leaf_spot",
    "healthy",
    "nutrient_deficiency",
    "powdery_mildew"
  ],
  "n_train": 1193,
  "n_val": 133,
  "n_test": 331,
  "parameters": 4012672,
  "trainable_parameters": 4012672,
  "best_epoch": 21,
  "best_val_monitor": 0.8736782898658175,
  "elapsed_seconds": 59.60741843700089,
  "peak_gpu_memory_mb": 1493.841796875,
  "test_accuracy": 0.8459214501510574,
  "test_balanced_accuracy": 0.8312158855637116,
  "test_macro_precision": 0.8521975347900742,
  "test_macro_recall": 0.8312158855637116,
  "test_macro_f1": 0.8393117967180639,
  "test_macro_specificity": 0.9376026635642922,
  "test_mcc": 0.7690309367490338,
  "test_auc_ovr_macro": NaN,
  "test_loss": 0.9642737385901538
}