{
  "family": "baselines",
  "experiment": "within_cv",
  "scenario": "B_within",
  "dataset": "B",
  "fold": 2,
  "n_splits": 5,
  "model_name": "densenet121",
  "seed": 43,
  "device": "cuda",
  "pretrained": true,
  "num_classes": 6,
  "label_order": [
    "bacterial_spot",
    "cercospora_leaf_spot",
    "curl_virus",
    "healthy",
    "nutrient_deficiency",
    "powdery_mildew"
  ],
  "n_train": 5714,
  "n_val": 635,
  "n_test": 1587,
  "parameters": 6960006,
  "trainable_parameters": 6960006,
  "best_epoch": 6,
  "best_val_monitor": 0.9828749882103156,
  "elapsed_seconds": 595.3640865050038,
  "peak_gpu_memory_mb": 2196.4892578125,
  "test_accuracy": 0.9773156899810964,
  "test_balanced_accuracy": 0.9798713625652969,
  "test_macro_precision": 0.9792484528004389,
  "test_macro_recall": 0.9798713625652969,
  "test_macro_f1": 0.9791946685655017,
  "test_macro_specificity": 0.9953842338962171,
  "test_mcc": 0.9726664998959035,
  "test_auc_ovr_macro": NaN,
  "test_loss": 0.5274752551317214
}