class_index,class_name,support,precision,recall_sensitivity,specificity,f1,auc_ovr,tp,fp,fn,tn
0,bacterial_spot,278,0.9358108108108109,0.9964028776978417,0.985485103132162,0.9651567944250871,0.9942594434765404,277,19,1,1290
1,cercospora_leaf_spot,360,0.9831460674157303,0.9722222222222222,0.9951100244498777,0.9776536312849162,0.9958525762926741,350,6,10,1221
2,curl_virus,283,0.9886363636363636,0.9222614840989399,0.9976993865030674,0.9542961608775137,0.9906566368228229,261,3,22,1301
3,healthy,282,0.9859154929577465,0.9929078014184397,0.9969348659003832,0.9893992932862191,0.9996331621423331,280,4,2,1301
4,nutrient_deficiency,219,0.9819819819819819,0.9954337899543378,0.9970760233918129,0.9886621315192744,0.9999599455259153,218,4,1,1364
5,powdery_mildew,165,1.0,1.0,1.0,1.0,1.0,165,0,0,1422
