{
  "family": "baselines",
  "experiment": "within_cv",
  "scenario": "C_within",
  "dataset": "C",
  "fold": 2,
  "n_splits": 5,
  "model_name": "mobilenet_v2",
  "seed": 43,
  "device": "cuda",
  "pretrained": true,
  "num_classes": 4,
  "label_order": [
    "cercospora_leaf_spot",
    "healthy",
    "nutrient_deficiency",
    "powdery_mildew"
  ],
  "n_train": 1193,
  "n_val": 133,
  "n_test": 331,
  "parameters": 2228996,
  "trainable_parameters": 2228996,
  "best_epoch": 18,
  "best_val_monitor": 0.8756923757910731,
  "elapsed_seconds": 73.40337513299892,
  "peak_gpu_memory_mb": 1291.251953125,
  "test_accuracy": 0.8398791540785498,
  "test_balanced_accuracy": 0.8487738787034562,
  "test_macro_precision": 0.8260337601108392,
  "test_macro_recall": 0.8487738787034562,
  "test_macro_f1": 0.8365101929041865,
  "test_macro_specificity": 0.9407159993190519,
  "test_mcc": 0.7548003483852853,
  "test_auc_ovr_macro": NaN,
  "test_loss": 0.9093350009484724
}