{
  "family": "baselines",
  "experiment": "pooled_cv",
  "scenario": "A+B+C_pooled",
  "datasets": [
    "A",
    "B",
    "C"
  ],
  "fold": 1,
  "n_splits": 5,
  "model_name": "mobilenet_v2",
  "seed": 42,
  "device": "cuda",
  "pretrained": true,
  "num_classes": 6,
  "label_order": [
    "bacterial_spot",
    "cercospora_leaf_spot",
    "curl_virus",
    "healthy",
    "nutrient_deficiency",
    "powdery_mildew"
  ],
  "n_train": 8092,
  "n_val": 900,
  "n_test": 2248,
  "parameters": 2231558,
  "trainable_parameters": 2231558,
  "best_epoch": 26,
  "best_val_monitor": 0.9730996168625469,
  "elapsed_seconds": 1566.7688768970002,
  "peak_gpu_memory_mb": 1301.0908203125,
  "test_accuracy": 0.9564056939501779,
  "test_balanced_accuracy": 0.9595140295036039,
  "test_macro_precision": 0.9627921108750472,
  "test_macro_recall": 0.9595140295036039,
  "test_macro_f1": 0.9608604701549895,
  "test_macro_specificity": 0.9908208932201562,
  "test_mcc": 0.9467644525792432,
  "test_auc_ovr_macro": NaN,
  "test_loss": 0.6009202826191002
}