{
  "family": "baselines",
  "experiment": "within_cv",
  "scenario": "B_within",
  "dataset": "B",
  "fold": 5,
  "n_splits": 5,
  "model_name": "shufflenet_v2_x1_0",
  "seed": 46,
  "device": "cuda",
  "pretrained": true,
  "num_classes": 6,
  "label_order": [
    "bacterial_spot",
    "cercospora_leaf_spot",
    "curl_virus",
    "healthy",
    "nutrient_deficiency",
    "powdery_mildew"
  ],
  "n_train": 5714,
  "n_val": 635,
  "n_test": 1587,
  "parameters": 1259754,
  "trainable_parameters": 1259754,
  "best_epoch": 12,
  "best_val_monitor": 0.9913551161521208,
  "elapsed_seconds": 781.9395914440029,
  "peak_gpu_memory_mb": 395.47314453125,
  "test_accuracy": 0.980466288594833,
  "test_balanced_accuracy": 0.9824415612999101,
  "test_macro_precision": 0.9824176686851626,
  "test_macro_recall": 0.9824415612999101,
  "test_macro_f1": 0.9823207953755014,
  "test_macro_specificity": 0.9960026620785003,
  "test_mcc": 0.9764209111558593,
  "test_auc_ovr_macro": NaN,
  "test_loss": 0.5012571883201599
}