class_index,class_name,support,precision,recall_sensitivity,specificity,f1,auc_ovr,tp,fp,fn,tn
0,bacterial_spot,277,0.9448275862068966,0.9891696750902527,0.9918822932521563,0.9664902998236331,0.9978680030111711,274,16,3,1955
1,cercospora_leaf_spot,548,0.9466666666666667,0.906934306569343,0.9835294117647059,0.9263746505125815,0.9932347574066123,497,28,51,1672
2,curl_virus,391,0.9481481481481482,0.9820971867007673,0.9886914378029079,0.964824120603015,0.9954337427883987,384,21,7,1836
3,healthy,462,0.9314775160599572,0.9415584415584416,0.9820828667413214,0.9364908503767492,0.9956522107977875,435,32,27,1754
4,nutrient_deficiency,367,0.9352112676056338,0.9046321525885559,0.987772461456672,0.9196675900277008,0.990748587263717,332,23,35,1858
5,powdery_mildew,203,0.9757281553398058,0.9901477832512315,0.9975550122249389,0.9828850855745721,0.9998891926722633,201,5,2,2040
