{
  "family": "baselines",
  "experiment": "within_cv",
  "scenario": "B_within",
  "dataset": "B",
  "fold": 4,
  "n_splits": 5,
  "model_name": "swin_t",
  "seed": 45,
  "device": "cuda",
  "pretrained": true,
  "num_classes": 6,
  "label_order": [
    "bacterial_spot",
    "cercospora_leaf_spot",
    "curl_virus",
    "healthy",
    "nutrient_deficiency",
    "powdery_mildew"
  ],
  "n_train": 5714,
  "n_val": 635,
  "n_test": 1587,
  "parameters": 27523968,
  "trainable_parameters": 27523968,
  "best_epoch": 5,
  "best_val_monitor": 0.9854911734509129,
  "elapsed_seconds": 531.579708129997,
  "peak_gpu_memory_mb": 2691.673828125,
  "test_accuracy": 0.9741650913673598,
  "test_balanced_accuracy": 0.976892106585332,
  "test_macro_precision": 0.9763914511604863,
  "test_macro_recall": 0.976892106585332,
  "test_macro_f1": 0.9764885466726437,
  "test_macro_specificity": 0.9947210904348059,
  "test_mcc": 0.9686475148757756,
  "test_auc_ovr_macro": NaN,
  "test_loss": 0.5239779114723205
}