{
  "family": "baselines",
  "experiment": "multisource",
  "scenario": "A+B->C",
  "source_datasets": [
    "A",
    "B"
  ],
  "target_dataset": "C",
  "exact_target_overlap_removed": 0,
  "model_name": "resnet50",
  "seed": 42,
  "device": "cuda",
  "pretrained": true,
  "num_classes": 4,
  "label_order": [
    "cercospora_leaf_spot",
    "healthy",
    "nutrient_deficiency",
    "powdery_mildew"
  ],
  "n_train": 5535,
  "n_val": 616,
  "n_test": 1657,
  "parameters": 23516228,
  "trainable_parameters": 23516228,
  "best_epoch": 1,
  "best_val_monitor": 0.9923651437856166,
  "elapsed_seconds": 248.48534360899976,
  "peak_gpu_memory_mb": 1816.1943359375,
  "test_accuracy": 0.5908267954133977,
  "test_balanced_accuracy": 0.4507425841587031,
  "test_macro_precision": 0.6225441138913471,
  "test_macro_recall": 0.4507425841587031,
  "test_macro_f1": 0.47583435972062993,
  "test_macro_specificity": 0.8197986726630435,
  "test_mcc": 0.30651133671477054,
  "test_auc_ovr_macro": NaN,
  "test_loss": 1.1384638204024389
}