class_index,class_name,support,precision,recall_sensitivity,specificity,f1,auc_ovr,tp,fp,fn,tn
0,bacterial_spot,27,1.0,0.8518518518518519,1.0,0.92,0.9661515820456218,23,0,4,302
1,cercospora_leaf_spot,29,0.8787878787878788,1.0,0.9866666666666667,0.9354838709677419,0.9973563218390805,29,4,0,296
2,curl_virus,97,1.0,0.9896907216494846,1.0,0.9948186528497409,1.0,96,0,1,232
3,healthy,99,1.0,1.0,1.0,1.0,1.0,99,0,0,230
4,nutrient_deficiency,77,0.9871794871794872,1.0,0.996031746031746,0.9935483870967742,1.0,77,1,0,251
