{
  "family": "proposed",
  "experiment": "within_cv",
  "scenario": "A_within",
  "dataset": "A",
  "fold": 5,
  "n_splits": 5,
  "model_name": "chilli_lite_gfnet",
  "seed": 46,
  "device": "cuda",
  "pretrained": true,
  "num_classes": 5,
  "label_order": [
    "bacterial_spot",
    "cercospora_leaf_spot",
    "curl_virus",
    "healthy",
    "nutrient_deficiency"
  ],
  "n_train": 1186,
  "n_val": 132,
  "n_test": 329,
  "parameters": 1026036,
  "trainable_parameters": 1026036,
  "best_epoch": 7,
  "best_val_monitor": 1.0,
  "elapsed_seconds": 65.22578040699955,
  "peak_gpu_memory_mb": 339.52392578125,
  "test_accuracy": 0.9969604863221885,
  "test_balanced_accuracy": 0.9925925925925926,
  "test_macro_precision": 0.9974358974358974,
  "test_macro_recall": 0.9925925925925926,
  "test_macro_f1": 0.9949360925136943,
  "test_macro_specificity": 0.9992063492063492,
  "test_mcc": 0.9959747167625711,
  "test_auc_ovr_macro": 0.9999754721609027,
  "test_loss": 0.5626223845915361
}