{
  "family": "baselines",
  "experiment": "within_cv",
  "scenario": "C_within",
  "dataset": "C",
  "fold": 3,
  "n_splits": 5,
  "model_name": "resnet50",
  "seed": 44,
  "device": "cuda",
  "pretrained": true,
  "num_classes": 4,
  "label_order": [
    "cercospora_leaf_spot",
    "healthy",
    "nutrient_deficiency",
    "powdery_mildew"
  ],
  "n_train": 1192,
  "n_val": 133,
  "n_test": 332,
  "parameters": 23516228,
  "trainable_parameters": 23516228,
  "best_epoch": 13,
  "best_val_monitor": 0.846828885400314,
  "elapsed_seconds": 46.168187520001084,
  "peak_gpu_memory_mb": 2011.25439453125,
  "test_accuracy": 0.8433734939759037,
  "test_balanced_accuracy": 0.8256876415391202,
  "test_macro_precision": 0.8315810945473271,
  "test_macro_recall": 0.8256876415391202,
  "test_macro_f1": 0.820536483327181,
  "test_macro_specificity": 0.9337597793177387,
  "test_mcc": 0.7462162624685597,
  "test_auc_ovr_macro": NaN,
  "test_loss": 0.9165461862629111
}