{
  "family": "baselines",
  "experiment": "within_cv",
  "scenario": "B_within",
  "dataset": "B",
  "fold": 3,
  "n_splits": 5,
  "model_name": "densenet121",
  "seed": 44,
  "device": "cuda",
  "pretrained": true,
  "num_classes": 6,
  "label_order": [
    "bacterial_spot",
    "cercospora_leaf_spot",
    "curl_virus",
    "healthy",
    "nutrient_deficiency",
    "powdery_mildew"
  ],
  "n_train": 5714,
  "n_val": 635,
  "n_test": 1587,
  "parameters": 6960006,
  "trainable_parameters": 6960006,
  "best_epoch": 24,
  "best_val_monitor": 0.9900312706688704,
  "elapsed_seconds": 1260.4438518519964,
  "peak_gpu_memory_mb": 2228.478515625,
  "test_accuracy": 0.9817265280403277,
  "test_balanced_accuracy": 0.9824018753340794,
  "test_macro_precision": 0.9834810357639698,
  "test_macro_recall": 0.9824018753340794,
  "test_macro_f1": 0.9828389003548703,
  "test_macro_specificity": 0.9962573868522964,
  "test_mcc": 0.9779161456491624,
  "test_auc_ovr_macro": NaN,
  "test_loss": 0.5063113951683045
}