{
  "family": "proposed",
  "experiment": "within_cv",
  "scenario": "A_within",
  "dataset": "A",
  "fold": 1,
  "n_splits": 5,
  "model_name": "chilli_lite_gfnet",
  "seed": 42,
  "device": "cuda",
  "pretrained": true,
  "num_classes": 5,
  "label_order": [
    "bacterial_spot",
    "cercospora_leaf_spot",
    "curl_virus",
    "healthy",
    "nutrient_deficiency"
  ],
  "n_train": 1185,
  "n_val": 132,
  "n_test": 330,
  "parameters": 1154679,
  "trainable_parameters": 1154679,
  "best_epoch": 5,
  "best_val_monitor": 1.0,
  "elapsed_seconds": 57.58879106998211,
  "peak_gpu_memory_mb": 422.943359375,
  "test_accuracy": 0.9848484848484849,
  "test_balanced_accuracy": 0.9732356532356533,
  "test_macro_precision": 0.9758615657948964,
  "test_macro_recall": 0.9732356532356533,
  "test_macro_f1": 0.974496684540212,
  "test_macro_specificity": 0.9963446624795147,
  "test_mcc": 0.9802456419216766,
  "test_auc_ovr_macro": 0.9965872510110824,
  "test_loss": 0.6002169495279138
}