class_index,class_name,support,precision,recall_sensitivity,specificity,f1,auc_ovr,tp,fp,fn,tn
0,bacterial_spot,28,1.0,0.8928571428571429,1.0,0.9433962264150944,0.9557710501419111,25,0,3,302
1,cercospora_leaf_spot,39,0.9512195121951219,1.0,0.993127147766323,0.975,0.9988104678826327,39,2,0,289
2,curl_virus,81,1.0,1.0,1.0,1.0,1.0,81,0,0,249
3,healthy,90,1.0,1.0,1.0,1.0,1.0,90,0,0,240
4,nutrient_deficiency,92,0.989247311827957,1.0,0.9957983193277311,0.9945945945945946,0.9972369382535622,92,1,0,237
