{
  "family": "baselines",
  "experiment": "within_cv",
  "scenario": "B_within",
  "dataset": "B",
  "fold": 5,
  "n_splits": 5,
  "model_name": "efficientnet_b4",
  "seed": 46,
  "device": "cuda",
  "pretrained": true,
  "num_classes": 6,
  "label_order": [
    "bacterial_spot",
    "cercospora_leaf_spot",
    "curl_virus",
    "healthy",
    "nutrient_deficiency",
    "powdery_mildew"
  ],
  "n_train": 5714,
  "n_val": 635,
  "n_test": 1587,
  "parameters": 17559374,
  "trainable_parameters": 17559374,
  "best_epoch": 10,
  "best_val_monitor": 0.9928472210173366,
  "elapsed_seconds": 712.976652338999,
  "peak_gpu_memory_mb": 3869.74072265625,
  "test_accuracy": 0.9855072463768116,
  "test_balanced_accuracy": 0.9871496217828915,
  "test_macro_precision": 0.9859733034988611,
  "test_macro_recall": 0.9871496217828915,
  "test_macro_f1": 0.9864820554229164,
  "test_macro_specificity": 0.9970721576663832,
  "test_mcc": 0.9825093454756638,
  "test_auc_ovr_macro": NaN,
  "test_loss": 0.49559564888477325
}